sample_id,variable,class_label,probability,known_label,predicted_label,split,method
PC-14,Erlotinib,,,0.5404548048973083,0.35536113381385803,train,DirectPred
SK-MEL-1,Erlotinib,,,,0.02671918459236622,train,DirectPred
KLE,Erlotinib,,,0.08713329583406448,0.0768091231584549,train,DirectPred
NALM-1,Erlotinib,,,,0.04001494497060776,train,DirectPred
GP2d,Erlotinib,,,,0.050721362233161926,train,DirectPred
DMS 53,Erlotinib,,,,0.06921850144863129,train,DirectPred
SET-2,Erlotinib,,,,0.0670989453792572,train,DirectPred
Hs 606.T,Erlotinib,,,,0.041082996875047684,train,DirectPred
BV-173,Erlotinib,,,,0.04178842529654503,train,DirectPred
AZ-521,Erlotinib,,,0.14559698104858398,0.0312773697078228,train,DirectPred
D283 Med,Erlotinib,,,,0.0410270020365715,train,DirectPred
AU565,Erlotinib,,,0.04662146046757698,0.030282676219940186,train,DirectPred
MES-SA,Erlotinib,,,0.002105230698361993,0.026260249316692352,train,DirectPred
RPMI-7951,Erlotinib,,,0.010962510481476784,0.06198502704501152,train,DirectPred
JHOS-4,Erlotinib,,,0.12377795577049255,0.04357326030731201,train,DirectPred
MFE-280,Erlotinib,,,0.12208159267902374,0.14192427694797516,train,DirectPred
RPMI-8226,Erlotinib,,,,0.030565785244107246,train,DirectPred
ECC10,Erlotinib,,,,0.04493079334497452,train,DirectPred
TT2609-C02,Erlotinib,,,0.07642944157123566,0.020341722294688225,train,DirectPred
Hs 695T,Erlotinib,,,0.0027959689032286406,0.03598617762327194,train,DirectPred
K029AX,Erlotinib,,,0.0,0.03280480578541756,train,DirectPred
OCI-AML-2,Erlotinib,,,0.02965749055147171,0.03501260280609131,train,DirectPred
NCI-H1930,Erlotinib,,,,0.0419159010052681,train,DirectPred
NCI-H1793,Erlotinib,,,0.14222055673599243,0.042088814079761505,train,DirectPred
TE-9,Erlotinib,,,0.08090578019618988,0.13107436895370483,train,DirectPred
NCI-H1373,Erlotinib,,,0.04716647043824196,0.04124019294977188,train,DirectPred
JHH-1,Erlotinib,,,,0.027379874140024185,train,DirectPred
A-375,Erlotinib,,,0.034597910940647125,0.10872815549373627,train,DirectPred
A2780,Erlotinib,,,0.01826312765479088,0.052230846136808395,train,DirectPred
HPAF-II,Erlotinib,,,0.06233073025941849,0.13263124227523804,train,DirectPred
Kasumi-1,Erlotinib,,,,0.09040665626525879,train,DirectPred
COV318,Erlotinib,,,0.0,0.013238204643130302,train,DirectPred
KNS-60,Erlotinib,,,0.008071512915194035,0.024713952094316483,train,DirectPred
SW1271,Erlotinib,,,0.01700293831527233,0.07152389734983444,train,DirectPred
VCaP,Erlotinib,,,,0.06994903087615967,train,DirectPred
42-MG-BA,Erlotinib,,,0.09109991043806076,0.074680857360363,train,DirectPred
HMC-1-8,Erlotinib,,,0.01942284032702446,0.09291636198759079,train,DirectPred
Mono-Mac-6,Erlotinib,,,,0.03637826070189476,train,DirectPred
M-07e,Erlotinib,,,,0.041229236871004105,train,DirectPred
SCC-15,Erlotinib,,,,0.09366200864315033,train,DirectPred
JHH-7,Erlotinib,,,0.06400319188833237,0.0648370236158371,train,DirectPred
KMM-1,Erlotinib,,,0.00687357597053051,0.02522987872362137,train,DirectPred
BDCM,Erlotinib,,,0.013226781040430069,0.030557189136743546,train,DirectPred
OE33,Erlotinib,,,0.09942173957824707,0.08526032418012619,train,DirectPred
EB2,Erlotinib,,,0.05123785883188248,0.03900008276104927,train,DirectPred
HEC-50B,Erlotinib,,,,0.009294120594859123,train,DirectPred
KOPN-8,Erlotinib,,,,0.03996729478240013,train,DirectPred
NCI-H1963,Erlotinib,,,,0.03901173174381256,train,DirectPred
SNU-C1,Erlotinib,,,,0.09498496353626251,train,DirectPred
YD-10B,Erlotinib,,,,0.07817447185516357,train,DirectPred
L-540,Erlotinib,,,,0.042700883001089096,train,DirectPred
HCC1500,Erlotinib,,,,0.03387217968702316,train,DirectPred
A-172,Erlotinib,,,0.020002657547593117,0.051552899181842804,train,DirectPred
T84,Erlotinib,,,0.06376633793115616,0.05843282490968704,train,DirectPred
OCI-Ly19,Erlotinib,,,,0.05436171963810921,train,DirectPred
SNU-213,Erlotinib,,,,0.14405979216098785,train,DirectPred
NUGC-4,Erlotinib,,,0.35449543595314026,0.10313419997692108,train,DirectPred
ABC-1,Erlotinib,,,,0.05818922072649002,train,DirectPred
NCI-H1781,Erlotinib,,,,0.07304424047470093,train,DirectPred
SCC-4,Erlotinib,,,,0.10154524445533752,train,DirectPred
SNU-478,Erlotinib,,,,0.04879777878522873,train,DirectPred
TE 441.T,Erlotinib,,,,0.035101309418678284,train,DirectPred
DMS 114,Erlotinib,,,0.0,0.028878459706902504,train,DirectPred
BICR 6,Erlotinib,,,,0.02904030680656433,train,DirectPred
EFE-184,Erlotinib,,,0.10355244576931,0.13835130631923676,train,DirectPred
CL-40,Erlotinib,,,,0.04167795926332474,train,DirectPred
JL-1,Erlotinib,,,,0.009312150999903679,train,DirectPred
MCF-7,Erlotinib,,,0.052088651806116104,0.036814071238040924,train,DirectPred
MHH-CALL-4,Erlotinib,,,,0.060333237051963806,train,DirectPred
HCC1897,Erlotinib,,,,0.03521092236042023,train,DirectPred
KE-39,Erlotinib,,,0.1750926673412323,0.05313916876912117,train,DirectPred
NCI-H1651,Erlotinib,,,0.04277709126472473,0.05168725177645683,train,DirectPred
BJ1-hTERT,Erlotinib,,,,0.03424876555800438,train,DirectPred
HEC-265,Erlotinib,,,0.0,0.04760249704122543,train,DirectPred
HSC-4,Erlotinib,,,,0.03515509516000748,train,DirectPred
NCI-H2052,Erlotinib,,,0.08320655673742294,0.13581039011478424,train,DirectPred
BFTC-909,Erlotinib,,,0.02699008584022522,0.029331177473068237,train,DirectPred
HCC1195,Erlotinib,,,,0.025693198665976524,train,DirectPred
CAMA-1,Erlotinib,,,0.01575651951134205,0.04390861466526985,train,DirectPred
COLO 849,Erlotinib,,,,0.015100224874913692,train,DirectPred
HEC-1-A,Erlotinib,,,0.002704528858885169,0.047527462244033813,train,DirectPred
AGS,Erlotinib,,,,0.033096157014369965,train,DirectPred
NCI-H1836,Erlotinib,,,,0.11311614513397217,train,DirectPred
SW837,Erlotinib,,,,0.027433812618255615,train,DirectPred
KATO III,Erlotinib,,,,0.038899876177310944,train,DirectPred
LMSU,Erlotinib,,,,0.03622906655073166,train,DirectPred
IGR-39,Erlotinib,,,0.007250509224832058,0.002976197749376297,train,DirectPred
JHH-6,Erlotinib,,,0.013065235689282417,0.0608409158885479,train,DirectPred
RERF-LC-MS,Erlotinib,,,0.0,0.041923269629478455,train,DirectPred
HT,Erlotinib,,,0.0,0.03393852710723877,train,DirectPred
PF-382,Erlotinib,,,,0.048158369958400726,train,DirectPred
SNU-1272,Erlotinib,,,,0.06610283255577087,train,DirectPred
SNU-1079,Erlotinib,,,,0.11634211242198944,train,DirectPred
CAL-54,Erlotinib,,,,0.042311474680900574,train,DirectPred
Hs 863.T,Erlotinib,,,,0.04063032567501068,train,DirectPred
Karpas-422,Erlotinib,,,0.0,0.0403672531247139,train,DirectPred
Capan-1,Erlotinib,,,,0.06628680229187012,train,DirectPred
SW780,Erlotinib,,,0.12238645553588867,0.05002666264772415,train,DirectPred
HT-55,Erlotinib,,,,0.04787319153547287,train,DirectPred
DBTRG-05MG,Erlotinib,,,0.029529370367527008,0.03088151104748249,train,DirectPred
J82,Erlotinib,,,0.04316093027591705,0.06738460063934326,train,DirectPred
KYSE-270,Erlotinib,,,,0.07723331451416016,train,DirectPred
T3M-4,Erlotinib,,,,0.08103020489215851,train,DirectPred
SNU-398,Erlotinib,,,0.0,0.014576412737369537,train,DirectPred
NCI-H596,Erlotinib,,,,0.016518816351890564,train,DirectPred
Hs 940.T,Erlotinib,,,,0.03841216489672661,train,DirectPred
RERF-LC-Sq1,Erlotinib,,,,0.11139196902513504,train,DirectPred
Toledo,Erlotinib,,,0.0,0.025201039388775826,train,DirectPred
KMS-11,Erlotinib,,,0.0,0.02759900502860546,train,DirectPred
IM95,Erlotinib,,,,0.021354004740715027,train,DirectPred
FTC-133,Erlotinib,,,,0.049756549298763275,train,DirectPred
NALM-6,Erlotinib,,,,0.04165838658809662,train,DirectPred
SW900,Erlotinib,,,0.032573848962783813,0.08552815020084381,train,DirectPred
LN-18,Erlotinib,,,0.06571833789348602,0.0326400063931942,train,DirectPred
HCC1171,Erlotinib,,,,0.029742427170276642,train,DirectPred
COR-L24,Erlotinib,,,,0.04095491021871567,train,DirectPred
SNU-1105,Erlotinib,,,,0.00484339939430356,train,DirectPred
HCC202,Erlotinib,,,,0.03802654147148132,train,DirectPred
GOS-3,Erlotinib,,,,0.058564431965351105,train,DirectPred
NUGC-3,Erlotinib,,,0.23616647720336914,0.11620008200407028,train,DirectPred
SNB-19,Erlotinib,,,,0.017292344942688942,train,DirectPred
TCC-PAN2,Erlotinib,,,,0.03874712809920311,train,DirectPred
JHOM-1,Erlotinib,,,,0.035929229110479355,train,DirectPred
LXF 289,Erlotinib,,,,0.05004105716943741,train,DirectPred
Hs 688(A).T,Erlotinib,,,,0.050871144980192184,train,DirectPred
NCI-H1876,Erlotinib,,,,0.03803263232111931,train,DirectPred
FaDu,Erlotinib,,,0.20236626267433167,0.10785087198019028,train,DirectPred
NCI-H1435,Erlotinib,,,,0.043911729007959366,train,DirectPred
GCT,Erlotinib,,,0.029750056564807892,0.07780668884515762,train,DirectPred
GMS-10,Erlotinib,,,0.019054094329476357,0.04847194254398346,train,DirectPred
HMEL,Erlotinib,,,,0.039315804839134216,train,DirectPred
JHUEM-1,Erlotinib,,,,0.049272045493125916,train,DirectPred
PE/CA-PJ49,Erlotinib,,,,0.05639008432626724,train,DirectPred
SNU-668,Erlotinib,,,,0.035413384437561035,train,DirectPred
YD-15,Erlotinib,,,,0.04297411069273949,train,DirectPred
BCP-1,Erlotinib,,,,0.06704503297805786,train,DirectPred
MDA-MB-435,Erlotinib,,,0.0032447248231619596,0.027720406651496887,train,DirectPred
UACC-257,Erlotinib,,,0.004973747301846743,0.0491725392639637,train,DirectPred
Hs 840.T,Erlotinib,,,0.01480245403945446,0.034499697387218475,train,DirectPred
MDST8,Erlotinib,,,,0.02723238244652748,train,DirectPred
YMB-1,Erlotinib,,,,0.05928660184144974,train,DirectPred
ZR-75-1,Erlotinib,,,0.11372878402471542,0.06019603833556175,train,DirectPred
Hs 698.T,Erlotinib,,,,0.037220299243927,train,DirectPred
A2058,Erlotinib,,,0.020316431298851967,0.022780856117606163,train,DirectPred
RS4;11,Erlotinib,,,,0.004220452159643173,train,DirectPred
TT,Erlotinib,,,,0.04807104915380478,train,DirectPred
OVSAHO,Erlotinib,,,0.02859368361532688,0.015722591429948807,train,DirectPred
U-138MG,Erlotinib,,,,0.03647284209728241,train,DirectPred
SNU-8,Erlotinib,,,,0.08084103465080261,train,DirectPred
Ishikawa (Heraklio) 02 ER-,Erlotinib,,,0.218491330742836,0.05056515336036682,train,DirectPred
CMK-11-5,Erlotinib,,,,0.1143798977136612,train,DirectPred
WM1799,Erlotinib,,,0.04316750541329384,0.03278684988617897,train,DirectPred
HLF,Erlotinib,,,0.019748220220208168,0.043378643691539764,train,DirectPred
IST-Mes1,Erlotinib,,,0.030112499371170998,0.032341599464416504,train,DirectPred
KMS-34,Erlotinib,,,0.006456402130424976,0.0019736061803996563,train,DirectPred
HuH-28,Erlotinib,,,,0.06435954570770264,train,DirectPred
HCC1419,Erlotinib,,,,0.07351125776767731,train,DirectPred
NCI-N87,Erlotinib,,,0.09161164611577988,0.03737621754407883,train,DirectPred
Hs 281.T,Erlotinib,,,,0.041718751192092896,train,DirectPred
HCC1954,Erlotinib,,,0.10922294855117798,0.046062663197517395,train,DirectPred
JM-1,Erlotinib,,,0.036375001072883606,0.023605801165103912,train,DirectPred
CAL-78,Erlotinib,,,0.03013685718178749,0.04053093492984772,train,DirectPred
Namalwa,Erlotinib,,,,0.03719950094819069,train,DirectPred
NCI-H2030,Erlotinib,,,0.15355055034160614,0.17521697282791138,train,DirectPred
MEC-1,Erlotinib,,,0.008480126969516277,0.0442989319562912,train,DirectPred
NCI-H1648,Erlotinib,,,0.0904114693403244,0.1058000773191452,train,DirectPred
G-402,Erlotinib,,,0.003593845758587122,0.04204670339822769,train,DirectPred
HuT 102,Erlotinib,,,,0.032698262482881546,train,DirectPred
KYSE-510,Erlotinib,,,0.0072697969153523445,0.037537358701229095,train,DirectPred
LOX-IMVI,Erlotinib,,,0.02155059017241001,0.10461463034152985,train,DirectPred
SW1116,Erlotinib,,,,0.012681256048381329,train,DirectPred
ALL-SIL,Erlotinib,,,0.079600028693676,0.04227256402373314,train,DirectPred
NCI-H1184,Erlotinib,,,0.0,0.015080921351909637,train,DirectPred
SNU-1040,Erlotinib,,,,0.05295838788151741,train,DirectPred
SK-MEL-30,Erlotinib,,,0.005350062623620033,0.07095922529697418,train,DirectPred
COLO 800,Erlotinib,,,,0.06402838230133057,train,DirectPred
SNU-C2A,Erlotinib,,,0.09475236386060715,0.08610384166240692,train,DirectPred
OVCAR-8,Erlotinib,,,,0.019596319645643234,train,DirectPred
NCI-H292,Erlotinib,,,,0.011602737940847874,train,DirectPred
JHUEM-3,Erlotinib,,,,0.041181549429893494,train,DirectPred
HCC78,Erlotinib,,,0.007752100471407175,0.11994896829128265,train,DirectPred
HN,Erlotinib,,,,0.04080640524625778,train,DirectPred
PrEC LH,Erlotinib,,,,0.03214992210268974,train,DirectPred
NCI-H2170,Erlotinib,,,0.19809652864933014,0.04200579598546028,train,DirectPred
SNU-81,Erlotinib,,,,0.055823490023612976,train,DirectPred
HuP-T4,Erlotinib,,,0.1675354391336441,0.039165206253528595,train,DirectPred
Rh41,Erlotinib,,,,0.030772294849157333,train,DirectPred
D341 Med,Erlotinib,,,,0.04667135700583458,train,DirectPred
SNU-685,Erlotinib,,,,0.04610931873321533,train,DirectPred
HGC-27,Erlotinib,,,0.019985539838671684,0.0460597425699234,train,DirectPred
LOU-NH91,Erlotinib,,,0.14603012800216675,0.049225352704524994,train,DirectPred
COLO 679,Erlotinib,,,0.0172851774841547,0.030856765806674957,train,DirectPred
WM793,Erlotinib,,,0.02805124968290329,0.039876583963632584,train,DirectPred
IA-LM,Erlotinib,,,0.028218360617756844,0.04586317390203476,train,DirectPred
Hs 229.T,Erlotinib,,,0.0,0.057153839617967606,train,DirectPred
SK-LMS-1,Erlotinib,,,0.09860297292470932,0.05408865585923195,train,DirectPred
CAS-1,Erlotinib,,,0.00462641566991806,0.022623121738433838,train,DirectPred
SiMa,Erlotinib,,,0.0,0.02154606580734253,train,DirectPred
T-47D,Erlotinib,,,0.06612788885831833,0.0948491320014,train,DirectPred
DMS 273,Erlotinib,,,,0.014680800959467888,train,DirectPred
1321N1,Erlotinib,,,0.05883492901921272,0.08809560537338257,train,DirectPred
Kasumi-2,Erlotinib,,,0.05147402733564377,0.04052005335688591,train,DirectPred
DU4475,Erlotinib,,,,0.03516567870974541,train,DirectPred
Hs 600.T,Erlotinib,,,,0.03431570902466774,train,DirectPred
CADO-ES1,Erlotinib,,,,0.03403310850262642,train,DirectPred
NCI-H1339,Erlotinib,,,0.0038380459882318974,0.026248592883348465,train,DirectPred
CL-34,Erlotinib,,,,0.17471830546855927,train,DirectPred
P31/FUJ,Erlotinib,,,0.010075471363961697,-0.00589665025472641,train,DirectPred
SH-10-TC,Erlotinib,,,0.030011549592018127,0.019258350133895874,train,DirectPred
NCI-H1299,Erlotinib,,,0.06268586218357086,0.03710343316197395,train,DirectPred
SCLC-21H,Erlotinib,,,,0.040872812271118164,train,DirectPred
Hs 611.T,Erlotinib,,,,0.041427116841077805,train,DirectPred
SUIT-2,Erlotinib,,,0.12975502014160156,0.04999983683228493,train,DirectPred
HCC95,Erlotinib,,,,-0.0010815102141350508,train,DirectPred
Panc 04.03,Erlotinib,,,0.11146882176399231,0.08393935859203339,train,DirectPred
KMBC-2,Erlotinib,,,0.016026489436626434,0.07753162831068039,train,DirectPred
COR-L23,Erlotinib,,,0.00965084321796894,0.0565035343170166,train,DirectPred
NCI-H2106,Erlotinib,,,,0.09778670966625214,train,DirectPred
SKM-1,Erlotinib,,,,0.04822218418121338,train,DirectPred
NCI-H1581,Erlotinib,,,0.0,0.033947113901376724,train,DirectPred
COR-L88,Erlotinib,,,,0.040371716022491455,train,DirectPred
OCI-Ly3,Erlotinib,,,,0.03423994779586792,train,DirectPred
HCT 116,Erlotinib,,,0.02919105254113674,0.030223261564970016,train,DirectPred
WM983B,Erlotinib,,,0.012461467646062374,0.002600903157144785,train,DirectPred
WSU-DLCL2,Erlotinib,,,,0.12609094381332397,train,DirectPred
SNU-878,Erlotinib,,,,0.04118972271680832,train,DirectPred
SLR25,Erlotinib,,,,0.04063642770051956,train,DirectPred
IMR-32,Erlotinib,,,0.0,0.03109237737953663,train,DirectPred
MHH-NB-11,Erlotinib,,,,0.06960020959377289,train,DirectPred
BEN,Erlotinib,,,,0.07871760427951813,train,DirectPred
SNU-1,Erlotinib,,,0.08571857213973999,0.030290856957435608,train,DirectPred
SNU-283,Erlotinib,,,,0.03171682730317116,train,DirectPred
SU-DHL-5,Erlotinib,,,,0.03357384726405144,train,DirectPred
NCI-H322,Erlotinib,,,0.30578410625457764,0.07727545499801636,train,DirectPred
HPAC,Erlotinib,,,0.06448940932750702,0.08030936121940613,train,DirectPred
KP-2,Erlotinib,,,0.03964619338512421,0.04174993187189102,train,DirectPred
NCI-H2023,Erlotinib,,,0.019692206755280495,0.035126857459545135,train,DirectPred
Hs 571.T,Erlotinib,,,,0.0332639142870903,train,DirectPred
ECC12,Erlotinib,,,,0.060224369168281555,train,DirectPred
H4,Erlotinib,,,0.030391791835427284,0.05216263607144356,train,DirectPred
SH-SY5Y,Erlotinib,,,,0.02823639288544655,train,DirectPred
SHP-77,Erlotinib,,,0.0,0.002580496948212385,train,DirectPred
SNU-423,Erlotinib,,,0.03534448519349098,0.04000936821103096,train,DirectPred
CHP-212,Erlotinib,,,0.016802458092570305,0.030433837324380875,train,DirectPred
NCI-H3255,Erlotinib,,,0.5614478588104248,0.04084526002407074,train,DirectPred
Hs 675.T,Erlotinib,,,,0.03534382954239845,train,DirectPred
HEL,Erlotinib,,,,0.05403245985507965,train,DirectPred
KMS-20,Erlotinib,,,,0.030414745211601257,train,DirectPred
Hs 936.T,Erlotinib,,,0.014631255529820919,0.026843328028917313,train,DirectPred
NCI-H2122,Erlotinib,,,0.0913124531507492,0.051899999380111694,train,DirectPred
Kelly,Erlotinib,,,0.0,0.12627381086349487,train,DirectPred
HTK-,Erlotinib,,,,0.03449193388223648,train,DirectPred
COLO 783,Erlotinib,,,,0.01973516121506691,train,DirectPred
NCI-H2172,Erlotinib,,,,0.04841921851038933,train,DirectPred
MDA-MB-175-VII,Erlotinib,,,0.15721262991428375,0.08065979182720184,train,DirectPred
TE-14,Erlotinib,,,,0.14798229932785034,train,DirectPred
NB1,Erlotinib,,,,0.05279887840151787,train,DirectPred
A101D,Erlotinib,,,,0.027601134032011032,train,DirectPred
Hs 746.T,Erlotinib,,,0.028298527002334595,0.0152440769597888,train,DirectPred
OVMANA,Erlotinib,,,0.022195594385266304,0.10389527678489685,train,DirectPred
BxPC-3,Erlotinib,,,0.11221767216920853,0.08643640577793121,train,DirectPred
FU-OV-1,Erlotinib,,,0.11616449058055878,0.08324212580919266,train,DirectPred
Hep 3B2.1-7,Erlotinib,,,0.0,0.02389354631304741,train,DirectPred
SNU-407,Erlotinib,,,,0.04417765885591507,train,DirectPred
OC 316,Erlotinib,,,0.034157849848270416,0.019238781183958054,train,DirectPred
HCC1937,Erlotinib,,,,0.06022515147924423,train,DirectPred
P3HR-1,Erlotinib,,,0.0,0.042533375322818756,train,DirectPred
Ri-1,Erlotinib,,,,0.03975607082247734,train,DirectPred
HCC1599,Erlotinib,,,,0.02314337156713009,train,DirectPred
Panc 02.03,Erlotinib,,,0.12672166526317596,0.060228247195482254,train,DirectPred
SR,Erlotinib,,,,0.047104835510253906,train,DirectPred
EFM-192A,Erlotinib,,,,0.01346852071583271,train,DirectPred
M059K,Erlotinib,,,,0.04015066474676132,train,DirectPred
SNU-1197,Erlotinib,,,,0.03625203296542168,train,DirectPred
8-MG-BA,Erlotinib,,,0.07423067092895508,0.07855063676834106,train,DirectPred
YD-38,Erlotinib,,,,0.03417772054672241,train,DirectPred
KYSE-450,Erlotinib,,,0.2088213562965393,0.06820830702781677,train,DirectPred
MOG-G-UVW,Erlotinib,,,,0.032513245940208435,train,DirectPred
BC-3C,Erlotinib,,,,0.032770782709121704,train,DirectPred
HCC2218,Erlotinib,,,,0.03542149439454079,train,DirectPred
GSS,Erlotinib,,,,0.102992482483387,train,DirectPred
A-673,Erlotinib,,,0.013293544761836529,0.0466243177652359,train,DirectPred
NCI-H647,Erlotinib,,,0.006460372358560562,0.03262041136622429,train,DirectPred
CW-2,Erlotinib,,,,0.047109950333833694,train,DirectPred
Hs 172.T,Erlotinib,,,,0.025617092847824097,train,DirectPred
MDA-MB-361,Erlotinib,,,,0.08120420575141907,train,DirectPred
REC-1,Erlotinib,,,,0.017805181443691254,train,DirectPred
KLM-1,Erlotinib,,,,0.14266297221183777,train,DirectPred
DV-90,Erlotinib,,,0.14565078914165497,0.041302382946014404,train,DirectPred
KE-97,Erlotinib,,,0.0897432342171669,0.03260382264852524,train,DirectPred
SK-N-FI,Erlotinib,,,0.0,0.018400093540549278,train,DirectPred
K-562,Erlotinib,,,,0.04349270835518837,train,DirectPred
SLR20,Erlotinib,,,,0.07089253515005112,train,DirectPred
Panc 08.13,Erlotinib,,,,0.10745497047901154,train,DirectPred
OAW28,Erlotinib,,,,0.049847282469272614,train,DirectPred
NCI-H660,Erlotinib,,,,0.11267106235027313,train,DirectPred
EHEB,Erlotinib,,,,0.03415466099977493,train,DirectPred
MOR/CPR,Erlotinib,,,0.050237566232681274,0.05009693279862404,train,DirectPred
SCaBER,Erlotinib,,,0.2585083246231079,0.1745658665895462,train,DirectPred
NCI-H1048,Erlotinib,,,0.03162302449345589,0.03869636356830597,train,DirectPred
TE-5,Erlotinib,,,0.026737511157989502,0.017881926149129868,train,DirectPred
AsPC-1,Erlotinib,,,0.05606233328580856,0.07463269680738449,train,DirectPred
HDQ-P1,Erlotinib,,,0.20471830666065216,0.029052311554551125,train,DirectPred
Ku812,Erlotinib,,,0.03246072307229042,0.04828336834907532,train,DirectPred
NCI-H510A,Erlotinib,,,,0.1121591329574585,train,DirectPred
HEC-151,Erlotinib,,,0.24379590153694153,0.05074448883533478,train,DirectPred
NCI-H2081,Erlotinib,,,,0.06736765801906586,train,DirectPred
NCI-H82,Erlotinib,,,,0.06967297941446304,train,DirectPred
SNU-308,Erlotinib,,,,0.03651716932654381,train,DirectPred
BICR 22,Erlotinib,,,,0.040332261472940445,train,DirectPred
NCI-H460,Erlotinib,,,0.015685027465224266,0.047094788402318954,train,DirectPred
SNU-840,Erlotinib,,,,0.09446114301681519,train,DirectPred
SK-MES-1,Erlotinib,,,0.27235737442970276,0.058652088046073914,train,DirectPred
SCC-9,Erlotinib,,,0.2093525528907776,0.032732460647821426,train,DirectPred
SW1088,Erlotinib,,,0.05018170550465584,0.028651870787143707,train,DirectPred
MHH-CALL-2,Erlotinib,,,,0.035592008382081985,train,DirectPred
RL,Erlotinib,,,,0.019009064882993698,train,DirectPred
8505C,Erlotinib,,,0.030876273289322853,0.06554026901721954,train,DirectPred
DMS 153,Erlotinib,,,,0.06591680645942688,train,DirectPred
NCI-H747,Erlotinib,,,0.08544382452964783,0.06620914489030838,train,DirectPred
SNU-1196,Erlotinib,,,,0.035598866641521454,train,DirectPred
VMRC-RCZ,Erlotinib,,,0.038071174174547195,0.03877662867307663,train,DirectPred
SNU-449,Erlotinib,,,0.058517977595329285,0.08199722319841385,train,DirectPred
SU-DHL-8,Erlotinib,,,0.006080465391278267,0.03320954740047455,train,DirectPred
MOLM-16,Erlotinib,,,,0.034223102033138275,train,DirectPred
OUMS-27,Erlotinib,,,,0.03485434874892235,train,DirectPred
T.T,Erlotinib,,,,0.16833549737930298,train,DirectPred
COV644,Erlotinib,,,,0.047362785786390305,train,DirectPred
COLO 775,Erlotinib,,,,0.039303287863731384,train,DirectPred
HT-1080,Erlotinib,,,0.015392986126244068,0.036079291254282,train,DirectPred
LC-1F,Erlotinib,,,,0.04267866164445877,train,DirectPred
Hs 822.T,Erlotinib,,,,0.04067041724920273,train,DirectPred
PaTu 8988s,Erlotinib,,,,0.053820692002773285,train,DirectPred
Hs 766T,Erlotinib,,,0.09911269694566727,0.032776251435279846,train,DirectPred
Hs 934.T,Erlotinib,,,,0.13633012771606445,train,DirectPred
RCH-ACV,Erlotinib,,,,0.03903803601861,train,DirectPred
769-P,Erlotinib,,,0.25329986214637756,0.06702969968318939,train,DirectPred
Hs 939.T,Erlotinib,,,0.018996980041265488,0.02928249165415764,train,DirectPred
KYSE-140,Erlotinib,,,0.2900695502758026,0.06616996228694916,train,DirectPred
Ci-1,Erlotinib,,,0.0,0.04165750741958618,train,DirectPred
TM-31,Erlotinib,,,,0.025164727121591568,train,DirectPred
SW1353,Erlotinib,,,0.004265821073204279,0.10846304893493652,train,DirectPred
GDM-1,Erlotinib,,,,0.04247032850980759,train,DirectPred
LP-1,Erlotinib,,,0.0,0.041169360280036926,train,DirectPred
MSTO-211H,Erlotinib,,,0.04682326689362526,0.03345193341374397,train,DirectPred
KP-4,Erlotinib,,,0.02275892160832882,0.020821619778871536,train,DirectPred
UM-RC-2,Erlotinib,,,,0.0406164824962616,train,DirectPred
DMS 454,Erlotinib,,,,0.030782226473093033,train,DirectPred
SK-MEL-5,Erlotinib,,,0.05582759901881218,0.0206343624740839,train,DirectPred
Rh30,Erlotinib,,,0.007888833060860634,0.0387909859418869,train,DirectPred
Hep-G2,Erlotinib,,,0.02846195176243782,0.022507455199956894,train,DirectPred
COR-L47,Erlotinib,,,,0.021831734105944633,train,DirectPred
Daudi,Erlotinib,,,,0.03407448157668114,train,DirectPred
Hs 343.T,Erlotinib,,,,0.06288150697946548,train,DirectPred
LN-229,Erlotinib,,,0.08689193427562714,0.04238743707537651,train,DirectPred
LS411N,Erlotinib,,,0.011920134536921978,-0.0010837838053703308,train,DirectPred
SK-UT-1,Erlotinib,,,,0.04470870643854141,train,DirectPred
SK-N-DZ,Erlotinib,,,0.0023759305477142334,0.04954328015446663,train,DirectPred
NCI-H508,Erlotinib,,,,0.06325216591358185,train,DirectPred
SW579,Erlotinib,,,0.01684611104428768,0.08536872267723083,train,DirectPred
NCI-H1650,Erlotinib,,,0.2207937389612198,0.033052708953619,train,DirectPred
PCM6,Erlotinib,,,,0.0021801814436912537,train,DirectPred
NCI-H1623,Erlotinib,,,,-0.0046662320382893085,train,DirectPred
HLC-1,Erlotinib,,,,0.03455893695354462,train,DirectPred
HCC2279,Erlotinib,,,,0.04174488037824631,train,DirectPred
P12-Ichikawa,Erlotinib,,,0.04233955964446068,0.04162697494029999,train,DirectPred
OAW42,Erlotinib,,,,0.0308013167232275,train,DirectPred
RERF-LC-A1,Erlotinib,,,0.039469145238399506,0.07295093685388565,train,DirectPred
KU-19-19,Erlotinib,,,,0.03774286061525345,train,DirectPred
RERF-LC-Ad1,Erlotinib,,,,0.04196694865822792,train,DirectPred
OPM-2,Erlotinib,,,0.0670311376452446,0.034259822219610214,train,DirectPred
Jurkat E6.1,Erlotinib,,,0.08020259439945221,0.029886724427342415,train,DirectPred
HCC1569,Erlotinib,,,0.006881309673190117,0.03825756162405014,train,DirectPred
EN,Erlotinib,,,0.00819708313792944,0.04298296570777893,train,DirectPred
F5,Erlotinib,,,,0.04049331694841385,train,DirectPred
HuH-1,Erlotinib,,,0.04100503399968147,0.08227325975894928,train,DirectPred
Hs 821.T,Erlotinib,,,,0.030707359313964844,train,DirectPred
SW1990,Erlotinib,,,0.05235902965068817,0.10369881987571716,train,DirectPred
YH-13,Erlotinib,,,,0.000161794014275074,train,DirectPred
AN3-CA,Erlotinib,,,0.03363645449280739,0.0612044483423233,train,DirectPred
SUP-T1,Erlotinib,,,0.0,0.022922249510884285,train,DirectPred
HLE,Erlotinib,,,0.02747679315507412,0.09138612449169159,train,DirectPred
TCCSUP,Erlotinib,,,0.0053850989788770676,0.04113210737705231,train,DirectPred
ACC-MESO-1,Erlotinib,,,,0.03215150162577629,train,DirectPred
BT-474,Erlotinib,,,0.05379260703921318,0.035517334938049316,train,DirectPred
FTC-238,Erlotinib,,,,0.02193743735551834,train,DirectPred
SLR21,Erlotinib,,,,0.010006265714764595,train,DirectPred
T98G,Erlotinib,,,0.023452864959836006,0.042309924960136414,train,DirectPred
RERF-GC-1B,Erlotinib,,,0.08589732646942139,0.0326942503452301,train,DirectPred
HuTu 80,Erlotinib,,,,0.02287742868065834,train,DirectPred
NCI-H526,Erlotinib,,,,0.03522966429591179,train,DirectPred
OVCAR-3,Erlotinib,,,0.1443013697862625,0.08227275311946869,train,DirectPred
KCI-MOH1,Erlotinib,,,0.16372962296009064,0.07064932584762573,train,DirectPred
NCI-H2110,Erlotinib,,,,0.0409526564180851,train,DirectPred
COLO 792,Erlotinib,,,,0.041048988699913025,train,DirectPred
A3/Kawakami,Erlotinib,,,,0.039399124681949615,train,DirectPred
COLO 680N,Erlotinib,,,,0.03370831534266472,train,DirectPred
RCM-1 [Human rectum adenocarcinoma],Erlotinib,,,,0.0833560973405838,train,DirectPred
TUHR4TKB,Erlotinib,,,,0.040163133293390274,train,DirectPred
KMRC-20,Erlotinib,,,,0.00837227888405323,train,DirectPred
CAL-27,Erlotinib,,,0.33115506172180176,0.08267335593700409,train,DirectPred
HEC-59,Erlotinib,,,0.02312557026743889,0.04656607657670975,train,DirectPred
Hs 729.T,Erlotinib,,,0.012469694949686527,0.07055088132619858,train,DirectPred
Hs 737.T,Erlotinib,,,,0.041491296142339706,train,DirectPred
PL45,Erlotinib,,,0.06297192722558975,0.06918825209140778,train,DirectPred
SEM,Erlotinib,,,,0.029040349647402763,train,DirectPred
DK-MG,Erlotinib,,,0.02732880227267742,0.027273595333099365,train,DirectPred
SK-MEL-28,Erlotinib,,,,0.09214270114898682,train,DirectPred
A-704,Erlotinib,,,,0.040721818804740906,train,DirectPred
JHOC-5,Erlotinib,,,,0.03489053249359131,train,DirectPred
NCI-H209,Erlotinib,,,,0.033608365803956985,train,DirectPred
KM-H2,Erlotinib,,,,0.03249596804380417,train,DirectPred
NCI-H146,Erlotinib,,,,0.1058804988861084,train,DirectPred
HSC-2,Erlotinib,,,0.07182122021913528,0.11988232284784317,train,DirectPred
EFO-21,Erlotinib,,,0.04438505694270134,0.08281415700912476,train,DirectPred
HEK TE,Erlotinib,,,,0.04069821536540985,train,DirectPred
LS123,Erlotinib,,,0.06874532997608185,0.09681445360183716,train,DirectPred
UM-RC-6,Erlotinib,,,,0.03171126917004585,train,DirectPred
NCI-H1703,Erlotinib,,,0.056992560625076294,0.045446738600730896,train,DirectPred
CCK-81,Erlotinib,,,0.20738886296749115,0.028796855360269547,train,DirectPred
SW948,Erlotinib,,,,0.02851436287164688,train,DirectPred
SUP-T11,Erlotinib,,,,0.09061417728662491,train,DirectPred
EJM,Erlotinib,,,,0.012803032994270325,train,DirectPred
697,Erlotinib,,,0.10943935066461563,0.03926344960927963,train,DirectPred
CMK-86,Erlotinib,,,0.07315269857645035,0.048216305673122406,train,DirectPred
NCI-H1568,Erlotinib,,,0.19252437353134155,0.14029642939567566,train,DirectPred
COLO 684,Erlotinib,,,,0.043534137308597565,train,DirectPred
ONCO-DG-1,Erlotinib,,,0.1428801268339157,0.09447627514600754,train,DirectPred
SNU-387,Erlotinib,,,0.013762500137090683,0.05014590173959732,train,DirectPred
HCC4006,Erlotinib,,,0.4926633834838867,0.03732315078377724,train,DirectPred
IGR-1,Erlotinib,,,,0.040143199265003204,train,DirectPred
NCI-H1693,Erlotinib,,,0.19644658267498016,0.09151972085237503,train,DirectPred
COLO 678,Erlotinib,,,0.15705744922161102,0.05991467833518982,train,DirectPred
SK-HEP-1,Erlotinib,,,0.022565459832549095,0.04585089534521103,train,DirectPred
SK-MEL-24,Erlotinib,,,0.017442068085074425,0.005415428429841995,train,DirectPred
CJM [Human melanoma],Erlotinib,,,,0.10299278050661087,train,DirectPred
CAL-29,Erlotinib,,,,0.03546697646379471,train,DirectPred
HH [Human lymphoma],Erlotinib,,,0.0,0.03250223770737648,train,DirectPred
CFPAC-1,Erlotinib,,,,0.035531431436538696,train,DirectPred
SNG-M,Erlotinib,,,0.07452930510044098,0.05064571276307106,train,DirectPred
NCI-H838,Erlotinib,,,,0.12280827015638351,train,DirectPred
NCI-H2227,Erlotinib,,,,0.04090537875890732,train,DirectPred
PLC/PRF/5,Erlotinib,,,0.08866620808839798,0.0759652704000473,train,DirectPred
F-36P,Erlotinib,,,0.016780167818069458,0.05356685817241669,train,DirectPred
NCI-H1437,Erlotinib,,,,0.06936504691839218,train,DirectPred
MDA-MB-415,Erlotinib,,,0.01592852920293808,0.06408262252807617,train,DirectPred
TC-71,Erlotinib,,,0.0,0.04032428562641144,train,DirectPred
SNU-899,Erlotinib,,,,0.07455690205097198,train,DirectPred
SU.86.86,Erlotinib,,,0.05526959151029587,0.06975855678319931,train,DirectPred
Capan-2,Erlotinib,,,0.05558851733803749,0.04552881792187691,train,DirectPred
KM12,Erlotinib,,,,0.035691998898983,train,DirectPred
EFO-27,Erlotinib,,,0.16153484582901,0.04424736648797989,train,DirectPred
HEC-251,Erlotinib,,,0.06929846853017807,0.051372744143009186,train,DirectPred
MOLT-16,Erlotinib,,,0.04553644731640816,0.03927873075008392,train,DirectPred
SW480,Erlotinib,,,0.020401477813720703,0.04376661777496338,train,DirectPred
MIA PaCa-2,Erlotinib,,,0.015134925954043865,0.04517624154686928,train,DirectPred
SUP-M2,Erlotinib,,,0.0,0.09532348811626434,train,DirectPred
U-87MG ATCC,Erlotinib,,,0.0,0.012087776325643063,train,DirectPred
RT112/84,Erlotinib,,,,0.04200989007949829,train,DirectPred
HCC38,Erlotinib,,,,0.08392933756113052,train,DirectPred
NOMO-1,Erlotinib,,,,0.03378964215517044,train,DirectPred
NCI-H2342,Erlotinib,,,,0.035926591604948044,train,DirectPred
OVKATE,Erlotinib,,,,0.05513559654355049,train,DirectPred
U266B1,Erlotinib,,,,0.04884467273950577,train,DirectPred
NH-6,Erlotinib,,,,0.02284134551882744,train,DirectPred
RCC10RGB,Erlotinib,,,,0.03265058249235153,train,DirectPred
SNU-119,Erlotinib,,,,0.1137227937579155,train,DirectPred
ZR-75-30,Erlotinib,,,0.0,0.045278169214725494,train,DirectPred
COR-L279,Erlotinib,,,,0.03523741289973259,train,DirectPred
Malme-3M,Erlotinib,,,0.0325942300260067,-0.017963267862796783,train,DirectPred
Hs 616.T,Erlotinib,,,,0.026044797152280807,train,DirectPred
NCI-H1341,Erlotinib,,,0.10301274061203003,0.02750501036643982,train,DirectPred
HuNS1,Erlotinib,,,,0.0246330164372921,train,DirectPred
NCI-H2171,Erlotinib,,,,0.021074090152978897,train,DirectPred
HCT 15,Erlotinib,,,0.051358070224523544,0.050338439643383026,train,DirectPred
NCI-H650,Erlotinib,,,0.005011194851249456,0.010651013813912868,train,DirectPred
SJSA-1,Erlotinib,,,0.0369315966963768,0.04922742024064064,train,DirectPred
SW1417,Erlotinib,,,0.011907773092389107,0.03300882875919342,train,DirectPred
Becker,Erlotinib,,,,0.046285178512334824,train,DirectPred
CAL-12T,Erlotinib,,,0.2825886905193329,0.16665329039096832,train,DirectPred
CL-11,Erlotinib,,,,0.05769750848412514,train,DirectPred
KYM-1,Erlotinib,,,0.0,0.0346854031085968,train,DirectPred
SW1783,Erlotinib,,,,0.035837411880493164,train,DirectPred
HuP-T3,Erlotinib,,,0.044885557144880295,0.004968748427927494,train,DirectPred
KP-3,Erlotinib,,,0.035343848168849945,0.07650218158960342,train,DirectPred
Calu-6,Erlotinib,,,0.02324351668357849,0.047722555696964264,train,DirectPred
SNU-738,Erlotinib,,,,0.048768945038318634,train,DirectPred
NCI-H520,Erlotinib,,,0.0,0.031946755945682526,train,DirectPred
Hs 839.T,Erlotinib,,,,0.04262835904955864,train,DirectPred
CAL-51,Erlotinib,,,,0.08220501244068146,train,DirectPred
HCC2157,Erlotinib,,,,0.059735797345638275,train,DirectPred
L-1236,Erlotinib,,,,0.05167556554079056,train,DirectPred
NCI-H2347,Erlotinib,,,,0.02548728510737419,train,DirectPred
NCI-H2452,Erlotinib,,,0.07825463265180588,0.03424786776304245,train,DirectPred
Daoy,Erlotinib,,,0.033018723130226135,0.011711101047694683,train,DirectPred
SNU-1214,Erlotinib,,,,0.05187227949500084,train,DirectPred
SW403,Erlotinib,,,0.12285277247428894,0.06088113784790039,train,DirectPred
OVISE,Erlotinib,,,,0.12003795802593231,train,DirectPred
JMSU-1,Erlotinib,,,0.11092350631952286,0.03370388224720955,train,DirectPred
SK-N-BE(2),Erlotinib,,,0.008403939194977283,0.03819502145051956,train,DirectPred
Lu-99A,Erlotinib,,,0.09351128339767456,0.058214444667100906,train,DirectPred
Hs 274.T,Erlotinib,,,,0.020417749881744385,train,DirectPred
SK-CO-1,Erlotinib,,,0.13508951663970947,0.02939879521727562,train,DirectPred
SU-DHL-1,Erlotinib,,,,0.03099030628800392,train,DirectPred
TUHR14TKB,Erlotinib,,,,0.03427630662918091,train,DirectPred
HLF-a,Erlotinib,,,,0.04091593623161316,train,DirectPred
MG-63,Erlotinib,,,0.006114600691944361,0.02427753433585167,train,DirectPred
DAN-G,Erlotinib,,,,0.07049304991960526,train,DirectPred
MOLM-13,Erlotinib,,,,0.03548527881503105,train,DirectPred
NCI-H2196,Erlotinib,,,,0.025987807661294937,train,DirectPred
NB4,Erlotinib,,,,0.029139593243598938,train,DirectPred
CPC-N,Erlotinib,,,,0.02141740918159485,train,DirectPred
786-O,Erlotinib,,,0.017399881035089493,0.015647944062948227,train,DirectPred
Mono-Mac-1,Erlotinib,,,0.12792180478572845,0.10848285257816315,train,DirectPred
JHH-2,Erlotinib,,,0.07645614445209503,0.05189395695924759,train,DirectPred
8305C,Erlotinib,,,0.029852136969566345,0.0413082018494606,train,DirectPred
CGTH-W-1,Erlotinib,,,,0.09316471219062805,train,DirectPred
NCI-H2291,Erlotinib,,,,0.025965189561247826,train,DirectPred
NCI-H1944,Erlotinib,,,0.10510390996932983,0.04144906997680664,train,DirectPred
NCI-H2087,Erlotinib,,,0.07736940681934357,0.1179160550236702,train,DirectPred
NCI-H716,Erlotinib,,,,0.04236268997192383,train,DirectPred
YAPC,Erlotinib,,,,0.041822921484708786,train,DirectPred
NCI-H1618,Erlotinib,,,,0.040665797889232635,train,DirectPred
BT-20,Erlotinib,,,0.13583120703697205,0.08833813667297363,train,DirectPred
Huh-7,Erlotinib,,,,0.03769001364707947,train,DirectPred
DND-41,Erlotinib,,,,0.0279653649777174,train,DirectPred
SK-N-AS,Erlotinib,,,0.01277044229209423,0.044739048928022385,train,DirectPred
SW48,Erlotinib,,,0.3432353436946869,0.05864816531538963,train,DirectPred
HCC1187,Erlotinib,,,0.046661943197250366,0.07294321805238724,train,DirectPred
NCI-H1355,Erlotinib,,,0.170404314994812,0.05362464487552643,train,DirectPred
MeWo,Erlotinib,,,0.0,0.03366470709443092,train,DirectPred
OE19,Erlotinib,,,,0.10705195367336273,train,DirectPred
NCI-H854,Erlotinib,,,,0.03479267656803131,train,DirectPred
SK-OV-3,Erlotinib,,,0.07924753427505493,0.035641442984342575,train,DirectPred
Panc 02.13,Erlotinib,,,,0.04190213978290558,train,DirectPred
NCI-H196,Erlotinib,,,,0.05484636873006821,train,DirectPred
TGBC11TKB,Erlotinib,,,,0.038632214069366455,train,DirectPred
SNU-761,Erlotinib,,,,0.04071688652038574,train,DirectPred
HCC1395,Erlotinib,,,0.042956769466400146,0.040960464626550674,train,DirectPred
HuG1-N,Erlotinib,,,,0.052715323865413666,train,DirectPred
HT-29,Erlotinib,,,0.0008752056746743619,0.04098612442612648,train,DirectPred
JHUEM-2,Erlotinib,,,0.025869473814964294,0.041940782219171524,train,DirectPred
SF172,Erlotinib,,,,0.034944526851177216,train,DirectPred
GSU,Erlotinib,,,,0.07005492597818375,train,DirectPred
TE-4,Erlotinib,,,,0.04595080763101578,train,DirectPred
NCI-H1563,Erlotinib,,,0.02166382037103176,0.07409161329269409,train,DirectPred
JHOM-2B,Erlotinib,,,,0.06902732700109482,train,DirectPred
Hep-G2/C3A,Erlotinib,,,0.020205803215503693,0.02235233038663864,train,DirectPred
SK-MEL-31,Erlotinib,,,0.022938359528779984,0.030716698616743088,train,DirectPred
Hs 604.T,Erlotinib,,,,0.03467753902077675,train,DirectPred
Caov-4,Erlotinib,,,,0.034009650349617004,train,DirectPred
GA-10,Erlotinib,,,,0.0378357470035553,train,DirectPred
HSC-3,Erlotinib,,,,0.16582101583480835,train,DirectPred
Caov-3,Erlotinib,,,,0.03337536007165909,train,DirectPred
MOLP-2,Erlotinib,,,,0.04474843293428421,train,DirectPred
OV-90,Erlotinib,,,0.0,-0.005140484776347876,train,DirectPred
NCI-H2066,Erlotinib,,,,0.06457866728305817,train,DirectPred
SNU-46,Erlotinib,,,,0.03640524297952652,train,DirectPred
U2OS,Erlotinib,,,0.04493655636906624,0.029969723895192146,train,DirectPred
NMC-G1,Erlotinib,,,,-0.0023627677001059055,train,DirectPred
OS-RC-2,Erlotinib,,,,0.03675351291894913,train,DirectPred
OUMS-23,Erlotinib,,,,0.13750465214252472,train,DirectPred
NCI-H841,Erlotinib,,,,0.03517073392868042,train,DirectPred
143B,Erlotinib,,,,0.10446015745401382,train,DirectPred
22Rv1,Erlotinib,,,0.005032097455114126,0.026720330119132996,train,DirectPred
NCI-H23,Erlotinib,,,0.012236746959388256,0.04629795253276825,train,DirectPred
G-401,Erlotinib,,,0.023841170594096184,0.03471435606479645,train,DirectPred
MDA-MB-134-VI,Erlotinib,,,,0.03988676518201828,train,DirectPred
ME-1 [Human leukemia],Erlotinib,,,,0.0404835008084774,train,DirectPred
Detroit 562,Erlotinib,,,0.1154157817363739,0.031176835298538208,train,DirectPred
SU-DHL-10,Erlotinib,,,0.0,0.03545176237821579,train,DirectPred
SNU-410,Erlotinib,,,,0.03212588280439377,train,DirectPred
JHH-4,Erlotinib,,,0.05468062683939934,0.033261027187108994,train,DirectPred
KALS-1,Erlotinib,,,0.03612568601965904,0.06580420583486557,train,DirectPred
SCC-25,Erlotinib,,,,0.13929742574691772,train,DirectPred
KG-1,Erlotinib,,,0.03685476630926132,0.06957174092531204,train,DirectPred
Sq-1,Erlotinib,,,0.06801863759756088,0.11494825035333633,train,DirectPred
DEL,Erlotinib,,,0.037769198417663574,0.040649887174367905,train,DirectPred
Hs 618.T,Erlotinib,,,,0.041063472628593445,train,DirectPred
LCLC-97TM1,Erlotinib,,,,0.040084466338157654,train,DirectPred
NALM-19,Erlotinib,,,,0.038889121264219284,train,DirectPred
SK-ES-1,Erlotinib,,,0.06832186132669449,0.029026053845882416,train,DirectPred
NCI-H226,Erlotinib,,,0.0059545026160776615,0.03750378638505936,train,DirectPred
PSN1,Erlotinib,,,0.035159897059202194,0.04712698981165886,train,DirectPred
COV504,Erlotinib,,,0.0711984634399414,0.074700266122818,train,DirectPred
COV434,Erlotinib,,,,0.05077571049332619,train,DirectPred
IPC-298,Erlotinib,,,0.05289856344461441,0.06119697540998459,train,DirectPred
Raji,Erlotinib,,,0.0,0.029594186693429947,train,DirectPred
MJ,Erlotinib,,,0.0,0.02954217791557312,train,DirectPred
TE-10,Erlotinib,,,,0.0436650849878788,train,DirectPred
COR-L51,Erlotinib,,,,0.040103279054164886,train,DirectPred
GR-M,Erlotinib,,,,0.02658357098698616,train,DirectPred
HARA [Human squamous cell lung carcinoma],Erlotinib,,,0.11393557488918304,0.049315158277750015,train,DirectPred
JIMT-1,Erlotinib,,,,0.0733681172132492,train,DirectPred
KMRC-3,Erlotinib,,,,0.03965318202972412,train,DirectPred
Hs 294T,Erlotinib,,,0.03162425011396408,0.027333158999681473,train,DirectPred
NCI-H441,Erlotinib,,,0.03614166006445885,0.03671301528811455,train,DirectPred
RCC4,Erlotinib,,,,0.03517471253871918,train,DirectPred
SK-MEL-3,Erlotinib,,,,0.03144108131527901,train,DirectPred
BT-483,Erlotinib,,,,0.024847999215126038,train,DirectPred
Fu97,Erlotinib,,,0.05444095656275749,0.04919211566448212,train,DirectPred
SNU-175,Erlotinib,,,,0.0469948947429657,train,DirectPred
SH-4,Erlotinib,,,,0.03219250962138176,train,DirectPred
TE-15,Erlotinib,,,0.2378416657447815,0.14654439687728882,train,DirectPred
SNU-61,Erlotinib,,,,0.037978656589984894,train,DirectPred
Loucy,Erlotinib,,,,0.05398640036582947,train,DirectPred
VM-CUB-1,Erlotinib,,,,0.031352344900369644,train,DirectPred
YKG-1,Erlotinib,,,0.03782465681433678,0.026051949709653854,train,DirectPred
SLR23,Erlotinib,,,,0.020206671208143234,train,DirectPred
G-361,Erlotinib,,,0.07832533121109009,0.03162660077214241,train,DirectPred
KMS-12-BM,Erlotinib,,,0.0,0.035421222448349,train,DirectPred
GCIY,Erlotinib,,,0.16549909114837646,0.11902900040149689,train,DirectPred
NCI-H1734,Erlotinib,,,,0.026223555207252502,train,DirectPred
BHY,Erlotinib,,,,0.07022516429424286,train,DirectPred
Panc 03.27,Erlotinib,,,0.06275393068790436,0.04501967877149582,train,DirectPred
A-204,Erlotinib,,,0.013244900852441788,0.041857920587062836,train,DirectPred
ES-2,Erlotinib,,,0.02078234776854515,0.044859617948532104,train,DirectPred
NCI-H524,Erlotinib,,,,0.029531529173254967,train,DirectPred
SNU-349,Erlotinib,,,,0.04149429500102997,train,DirectPred
EWS-502,Erlotinib,,,,0.025679580867290497,train,DirectPred
NCI-H929,Erlotinib,,,,0.03623836487531662,train,DirectPred
Calu-1,Erlotinib,,,0.008805246092379093,0.07996363937854767,train,DirectPred
SUP-B15,Erlotinib,,,,0.048974692821502686,train,DirectPred
Reh,Erlotinib,,,0.007274820003658533,0.07808936387300491,train,DirectPred
MHH-ES-1,Erlotinib,,,0.08771762996912003,0.0742708295583725,train,DirectPred
SW1710,Erlotinib,,,,0.02927887998521328,train,DirectPred
HCC33,Erlotinib,,,,0.03484836965799332,train,DirectPred
KMRC-2,Erlotinib,,,0.0557129792869091,0.03735145553946495,train,DirectPred
ML-1 [Human thyroid carcinoma],Erlotinib,,,,0.039655037224292755,train,DirectPred
KYSE-70,Erlotinib,,,0.17171168327331543,0.07886049896478653,train,DirectPred
UACC-812,Erlotinib,,,0.05086470767855644,0.058016713708639145,train,DirectPred
Hs 819.T,Erlotinib,,,,0.023835372179746628,train,DirectPred
L-428,Erlotinib,,,0.012746384367346764,0.029233716428279877,train,DirectPred
BL-70,Erlotinib,,,0.007193997036665678,0.10649412870407104,train,DirectPred
Kasumi-6,Erlotinib,,,,0.035809773951768875,train,DirectPred
NCI-H1155,Erlotinib,,,0.0644206777215004,0.05133732035756111,train,DirectPred
SF126,Erlotinib,,,0.0028855474665760994,0.05225980654358864,train,DirectPred
TOV-112D,Erlotinib,,,0.08457241207361221,0.02114688605070114,train,DirectPred
KNS-62,Erlotinib,,,0.0,0.10100534558296204,train,DirectPred
NCI-H1869,Erlotinib,,,0.152424156665802,0.03855668008327484,train,DirectPred
EoL-1,Erlotinib,,,,0.08632990717887878,train,DirectPred
HCC44,Erlotinib,,,0.0068970308639109135,0.06184026598930359,train,DirectPred
OCI-M1,Erlotinib,,,,0.12733042240142822,train,DirectPred
VMRC-LCD,Erlotinib,,,9.304741628883215e-16,0.04175347834825516,train,DirectPred
OC 314,Erlotinib,,,0.04141521826386452,0.02031875029206276,train,DirectPred
HuT 78,Erlotinib,,,0.0,0.04114125669002533,train,DirectPred
SNU-C4,Erlotinib,,,,0.055070411413908005,train,DirectPred
COR-L95,Erlotinib,,,,0.03132672607898712,train,DirectPred
EC-GI-10,Erlotinib,,,,0.08490300178527832,train,DirectPred
Mel JuSo,Erlotinib,,,,0.028470546007156372,train,DirectPred
RL95-2,Erlotinib,,,0.21716706454753876,0.061355337500572205,train,DirectPred
EBC-1,Erlotinib,,,0.04547259956598282,0.02738475613296032,train,DirectPred
HD-MY-Z,Erlotinib,,,0.0841427892446518,0.045459598302841187,train,DirectPred
COLO 829,Erlotinib,,,,0.023019080981612206,train,DirectPred
CCF-STTG1,Erlotinib,,,,0.03141769766807556,train,DirectPred
S-117,Erlotinib,,,,0.038607604801654816,train,DirectPred
HCC1428,Erlotinib,,,,0.036408595740795135,train,DirectPred
DLD-1,Erlotinib,,,,0.03176596760749817,train,DirectPred
MKN1,Erlotinib,,,,0.01703988015651703,train,DirectPred
TO 175.T,Erlotinib,,,,0.04076085239648819,train,DirectPred
SNU-886,Erlotinib,,,,0.1463392674922943,train,DirectPred
U-937,Erlotinib,,,0.051928505301475525,0.03491741418838501,train,DirectPred
NCI-H2444,Erlotinib,,,0.05686502158641815,0.019062835723161697,train,DirectPred
Hs 751.T,Erlotinib,,,,0.034526653587818146,train,DirectPred
TYK-nu,Erlotinib,,,7.59855299883351e-15,0.03536567464470863,train,DirectPred
COLO 320,Erlotinib,,,0.06566300988197327,0.02784143015742302,train,DirectPred
MPP 89,Erlotinib,,,0.01904938742518425,0.01206851564347744,train,DirectPred
NCI-H1573,Erlotinib,,,0.15496483445167542,0.17330750823020935,train,DirectPred
KP-N-SI9s,Erlotinib,,,0.07291987538337708,0.05573149770498276,train,DirectPred
BICR 31,Erlotinib,,,,0.06210189312696457,train,DirectPred
SBC-5,Erlotinib,,,0.003955003339797258,0.018457472324371338,train,DirectPred
Hs 944.T,Erlotinib,,,0.02216356247663498,0.04088318347930908,train,DirectPred
RKN,Erlotinib,,,0.021037394180893898,0.06811117380857468,train,DirectPred
ST486,Erlotinib,,,,0.05427797883749008,train,DirectPred
MC116,Erlotinib,,,0.0,0.03092772699892521,train,DirectPred
MOLT-13,Erlotinib,,,,0.042009733617305756,train,DirectPred
SNU-182,Erlotinib,,,0.12646253407001495,0.03509323671460152,train,DirectPred
JVM-2,Erlotinib,,,,0.039804257452487946,train,DirectPred
PE/CA-PJ15,Erlotinib,,,,0.030939791351556778,train,DirectPred
NCI-H810,Erlotinib,,,0.0,0.05887823551893234,train,DirectPred
CAL-148,Erlotinib,,,,0.10375329852104187,train,DirectPred
HuCC-T1,Erlotinib,,,0.07585393637418747,0.07310979813337326,train,DirectPred
SW1573,Erlotinib,,,0.07071369141340256,0.02821330353617668,train,DirectPred
NUGC-2,Erlotinib,,,,0.05162205547094345,train,DirectPred
VMRC-LCP,Erlotinib,,,,0.07574709504842758,train,DirectPred
59M,Erlotinib,,,,0.040799278765916824,train,DirectPred
SNU-201,Erlotinib,,,,0.06817777454853058,train,DirectPred
RERF-LC-Ad2,Erlotinib,,,,0.13948559761047363,train,DirectPred
MDA-MB-436,Erlotinib,,,0.06565015763044357,0.06593914330005646,train,DirectPred
MKN74,Erlotinib,,,0.03447232395410538,0.047174230217933655,train,DirectPred
EFM-19,Erlotinib,,,0.004981904290616512,0.11459876596927643,train,DirectPred
MOLT-4,Erlotinib,,,,-0.012000808492302895,train,DirectPred
HL-60,Erlotinib,,,,0.046472057700157166,train,DirectPred
Panc 10.05,Erlotinib,,,0.05654756352305412,0.02715861238539219,train,DirectPred
NCI-H2286,Erlotinib,,,0.09505584090948105,0.028198037296533585,train,DirectPred
SALE,Erlotinib,,,,0.03455425053834915,train,DirectPred
QGP-1,Erlotinib,,,0.06047167629003525,0.03384912759065628,train,DirectPred
AML-193,Erlotinib,,,,0.03233424574136734,train,DirectPred
Hs 852.T,Erlotinib,,,0.06064947322010994,0.06098155304789543,train,DirectPred
JHH-5,Erlotinib,,,0.2246560901403427,0.0549202561378479,train,DirectPred
MUTZ-5,Erlotinib,,,,0.029459036886692047,train,DirectPred
BICR 56,Erlotinib,,,,0.05229000002145767,train,DirectPred
NCI-H2126,Erlotinib,,,,0.04559900611639023,train,DirectPred
DB,Erlotinib,,,,0.0356883704662323,train,DirectPred
A-498,Erlotinib,,,,0.027852794155478477,train,DirectPred
NCI-H1385,Erlotinib,,,,0.06025657057762146,train,DirectPred
KS-1 [Human glioblastoma],Erlotinib,,,,0.004802259150892496,train,DirectPred
LS513,Erlotinib,,,,0.024184077978134155,train,DirectPred
RT-112,Erlotinib,,,0.056365255266427994,0.04237128421664238,train,DirectPred
NCI-H2009,Erlotinib,,,0.08123744279146194,0.04050963744521141,train,DirectPred
Hs 742.T,Erlotinib,,,,0.04681282117962837,train,DirectPred
JURL-MK1,Erlotinib,,,,0.039721447974443436,train,DirectPred
CHL-1,Erlotinib,,,0.13103163242340088,0.0427870899438858,train,DirectPred
NCI-H661,Erlotinib,,,0.0029913890175521374,0.05193124711513519,train,DirectPred
HCC-56,Erlotinib,,,0.057098597288131714,0.028176480904221535,train,DirectPred
HMCB,Erlotinib,,,0.11731451749801636,0.03234219551086426,train,DirectPred
SF295,Erlotinib,,,0.054866135120391846,0.014761256985366344,train,DirectPred
KYSE-180,Erlotinib,,,0.20234858989715576,0.18516871333122253,train,DirectPred
Li-7,Erlotinib,,,,0.02354666404426098,train,DirectPred
KE-37,Erlotinib,,,,0.03416496515274048,train,DirectPred
BICR 18,Erlotinib,,,,0.042090971022844315,train,DirectPred
LNCaP clone FGC,Erlotinib,,,,0.048249997198581696,train,DirectPred
SK-N-MC,Erlotinib,,,,0.04095332697033882,train,DirectPred
PANC-1,Erlotinib,,,,0.09444093704223633,train,DirectPred
MOLP-8,Erlotinib,,,0.008758941665291786,0.04242813214659691,train,DirectPred
MFE-319,Erlotinib,,,0.2620878517627716,0.06423275917768478,train,DirectPred
SUP-HD1,Erlotinib,,,,0.03543395176529884,train,DirectPred
KCL-22,Erlotinib,,,0.045496631413698196,0.03479356691241264,train,DirectPred
Hs 739.T,Erlotinib,,,0.0,0.03415733948349953,train,DirectPred
OVK18,Erlotinib,,,,0.05397827923297882,train,DirectPred
AM-38,Erlotinib,,,,0.11160112917423248,train,DirectPred
MDA-MB-453,Erlotinib,,,0.02901134081184864,0.04089823737740517,train,DirectPred
KMS-26,Erlotinib,,,0.011861918494105339,0.06840914487838745,train,DirectPred
SNU-216,Erlotinib,,,,0.12454068660736084,train,DirectPred
C2BBe1,Erlotinib,,,0.15984268486499786,0.032864365726709366,train,DirectPred
LAMA-84,Erlotinib,,,,0.040869612246751785,train,DirectPred
HK-2 [Human kidney],Erlotinib,,,,0.03483807295560837,train,DirectPred
LUDLU-1,Erlotinib,,,0.21479026973247528,0.03544040396809578,train,DirectPred
OV7,Erlotinib,,,,0.03747645020484924,train,DirectPred
PK-1,Erlotinib,,,0.09488140046596527,0.09051159024238586,train,DirectPred
RT-4,Erlotinib,,,0.16739684343338013,0.03943067789077759,train,DirectPred
HEC-1-B,Erlotinib,,,0.06732435524463654,0.02294682338833809,train,DirectPred
LC-1/sq-SF,Erlotinib,,,0.11546967923641205,0.011231712065637112,train,DirectPred
SW620,Erlotinib,,,0.003228754736483097,0.06520964205265045,train,DirectPred
CAL-33,Erlotinib,,,,0.03632224723696709,train,DirectPred
SNU-719,Erlotinib,,,,0.03634588420391083,train,DirectPred
PC-3,Erlotinib,,,0.05190436169505119,0.042502034455537796,train,DirectPred
LoVo,Erlotinib,,,,0.018539991229772568,train,DirectPred
TOV-21G,Erlotinib,,,0.06806977093219757,0.048371538519859314,train,DirectPred
U-251MG,Erlotinib,,,,0.13548049330711365,train,DirectPred
MDA-PCa-2b,Erlotinib,,,,0.03719349950551987,train,DirectPred
L3.3,Erlotinib,,,0.12835821509361267,0.11883861571550369,train,DirectPred
RMUG-S,Erlotinib,,,,0.07404115796089172,train,DirectPred
SNU-1076,Erlotinib,,,,0.023911643773317337,train,DirectPred
IGR-37,Erlotinib,,,0.03262731060385704,0.029838789254426956,train,DirectPred
NCI-H2228,Erlotinib,,,0.11122030019760132,0.08880983293056488,train,DirectPred
RPMI-8402,Erlotinib,,,0.018608050420880318,0.03151100128889084,train,DirectPred
NCI-H889,Erlotinib,,,,0.030842389911413193,train,DirectPred
NCI-H727,Erlotinib,,,0.014224999584257603,0.06351743638515472,train,DirectPred
OELE,Erlotinib,,,,0.04026728868484497,train,DirectPred
COR-L311,Erlotinib,,,,0.03293148800730705,train,DirectPred
TALL-1 [Human adult T-ALL],Erlotinib,,,,0.04685719311237335,train,DirectPred
KMS-28BM,Erlotinib,,,,0.01759401708841324,train,DirectPred
NCI-H2085,Erlotinib,,,0.05294705927371979,0.04095610976219177,train,DirectPred
EPLC-272H,Erlotinib,,,,0.04252401739358902,train,DirectPred
SK-BR-3,Erlotinib,,,0.05985407158732414,0.032292455434799194,train,DirectPred
TE-11,Erlotinib,,,0.25699689984321594,0.2845115065574646,train,DirectPred
NCI-H2141,Erlotinib,,,,0.03509356081485748,train,DirectPred
A-253,Erlotinib,,,0.11193941533565521,0.15159551799297333,train,DirectPred
KMS-21-BM,Erlotinib,,,,0.09079450368881226,train,DirectPred
TC-32,Erlotinib,,,,0.034988079220056534,train,DirectPred
JHUEM-7,Erlotinib,,,,0.03835475444793701,train,DirectPred
MEC-2,Erlotinib,,,,0.09225227683782578,train,DirectPred
Hs 578T,Erlotinib,,,0.013234484009444714,0.013666341081261635,train,DirectPred
NCI-H1975,Erlotinib,,,0.04640130698680878,0.0165477953851223,train,DirectPred
MOTN-1,Erlotinib,,,,0.06021304801106453,train,DirectPred
Pfeiffer,Erlotinib,,,0.1284427046775818,0.0736793577671051,train,DirectPred
COLO 205,Erlotinib,,,0.05243299528956413,0.04821278527379036,train,DirectPred
COLO 704,Erlotinib,,,,0.05180392414331436,train,DirectPred
WM115,Erlotinib,,,0.009304008446633816,0.036624833941459656,train,DirectPred
EB1,Erlotinib,,,0.005754662677645683,0.046679697930812836,train,DirectPred
SNU-520,Erlotinib,,,,0.007523736916482449,train,DirectPred
639V,Erlotinib,,,,0.11030717194080353,train,DirectPred
MCAS,Erlotinib,,,0.028530478477478027,0.045175425708293915,train,DirectPred
CHP-126,Erlotinib,,,,0.02788134478032589,train,DirectPred
SU-DHL-6,Erlotinib,,,0.0,0.078631192445755,train,DirectPred
MEG-01,Erlotinib,,,0.011870242655277252,0.030538735911250114,train,DirectPred
CAL-85-1,Erlotinib,,,0.2859991192817688,0.1058216243982315,train,DirectPred
OVCAR-4,Erlotinib,,,0.08904686570167542,0.03876448795199394,train,DirectPred
MDA-MB-157,Erlotinib,,,0.06068647652864456,0.0448499396443367,train,DirectPred
Ki-JK,Erlotinib,,,,0.017630599439144135,train,DirectPred
NCI-H446,Erlotinib,,,,0.09540416300296783,train,DirectPred
HT-144,Erlotinib,,,0.05721958726644516,0.03195025026798248,train,DirectPred
U-178MG,Erlotinib,,,,0.04060858115553856,train,DirectPred
HCC15,Erlotinib,,,0.02772621624171734,0.04141269624233246,train,DirectPred
COR-L105,Erlotinib,,,0.18441914021968842,0.07450071722269058,train,DirectPred
MDA-MB-468,Erlotinib,,,0.21849147975444794,0.06828412413597107,train,DirectPred
HT-1376,Erlotinib,,,0.1141933798789978,0.047102004289627075,train,DirectPred
PE/CA-PJ34 (clone C12),Erlotinib,,,,0.035208187997341156,train,DirectPred
SNU-489,Erlotinib,,,,0.03438286483287811,train,DirectPred
SNU-16,Erlotinib,,,0.047067105770111084,0.028613895177841187,train,DirectPred
SU-DHL-4,Erlotinib,,,0.05815713480114937,0.023417163640260696,train,DirectPred
L-363,Erlotinib,,,0.030041877180337906,0.014932509511709213,train,DirectPred
GI-1,Erlotinib,,,0.021889647468924522,0.029240693897008896,train,DirectPred
MFE-296,Erlotinib,,,0.10578947514295578,0.04246798902750015,train,DirectPred
SK-MM-2,Erlotinib,,,0.17415617406368256,0.03722256422042847,train,DirectPred
SNU-466,Erlotinib,,,,0.020504333078861237,train,DirectPred
KNS-81-FD,Erlotinib,,,0.006513525266200304,0.03210677579045296,train,DirectPred
HCC366,Erlotinib,,,,0.12162569165229797,train,DirectPred
DMS 79,Erlotinib,,,,0.02431623637676239,train,DirectPred
DoHH2,Erlotinib,,,0.0,0.04067058861255646,train,DirectPred
NCC-StC-K140,Erlotinib,,,,0.028361668810248375,train,DirectPred
HT-1197,Erlotinib,,,0.05817360058426857,0.06347388029098511,train,DirectPred
NCI-H1436,Erlotinib,,,,0.03483036905527115,train,DirectPred
DM-3,Erlotinib,,,,0.041094113141298294,train,DirectPred
KG-1-C,Erlotinib,,,,0.00018880123388953507,train,DirectPred
NCI-H2405,Erlotinib,,,,0.03193353861570358,train,DirectPred
WM88,Erlotinib,,,0.004658939782530069,0.06779859960079193,train,DirectPred
Panc 05.04,Erlotinib,,,,0.028224851936101913,train,DirectPred
Mino,Erlotinib,,,0.12321418523788452,0.04335613548755646,train,DirectPred
HRT-18,Erlotinib,,,,0.04180339723825455,train,DirectPred
LS180,Erlotinib,,,,0.03605503588914871,train,DirectPred
JVM-3,Erlotinib,,,0.11290206015110016,0.04051033779978752,train,DirectPred
PaTu 8902,Erlotinib,,,0.014206549152731895,0.09407534450292587,train,DirectPred
KYSE-520,Erlotinib,,,0.18550874292850494,0.15819233655929565,train,DirectPred
OCI-AML-3,Erlotinib,,,,0.03313910588622093,train,DirectPred
MOG-G-CCM,Erlotinib,,,0.0,0.018534012138843536,train,DirectPred
JHOS-2,Erlotinib,,,0.009666142985224724,0.02416030503809452,train,DirectPred
SLR26,Erlotinib,,,,0.009552143514156342,train,DirectPred
KO52,Erlotinib,,,0.06541673094034195,0.06077289953827858,train,DirectPred
DU145,Erlotinib,,,0.13559819757938385,0.12706418335437775,train,DirectPred
HOS,Erlotinib,,,0.0,0.1214749664068222,train,DirectPred
MDA-MB-231,Erlotinib,,,,0.06413527578115463,train,DirectPred
BHT-101,Erlotinib,,,,-0.002416041446849704,train,DirectPred
Hs 706.T,Erlotinib,,,,0.0007568204891867936,train,DirectPred
NCO2,Erlotinib,,,0.10569243878126144,0.04722142219543457,train,DirectPred
IGROV-1,Erlotinib,,,0.1451892852783203,0.06110347807407379,train,DirectPred
JK-1,Erlotinib,,,,0.041191183030605316,train,DirectPred
COLO 741,Erlotinib,,,0.1051330491900444,0.18083792924880981,train,DirectPred
KYSE-150,Erlotinib,,,0.08199793100357056,0.026746205985546112,train,DirectPred
MM1.S,Erlotinib,,,,0.04891550540924072,train,DirectPred
NCI-H1395,Erlotinib,,,,0.05238483101129532,train,DirectPred
RD-ES,Erlotinib,,,,0.11445629596710205,train,DirectPred
SNU-620,Erlotinib,,,,0.038639143109321594,train,DirectPred
SNU-1077,Erlotinib,,,,0.041138093918561935,train,DirectPred
NCI-H1755,Erlotinib,,,,0.03098144382238388,train,DirectPred
SW1463,Erlotinib,,,,0.06974603235721588,train,DirectPred
SNU-503,Erlotinib,,,,0.03776112571358681,train,DirectPred
AMO1,Erlotinib,,,0.04056181013584137,0.0674428641796112,train,DirectPred
C32 [Human melanoma],Erlotinib,,,0.03969797492027283,-0.015879953280091286,train,DirectPred
HEL 92.1.7,Erlotinib,,,0.017781322821974754,0.028228510171175003,train,DirectPred
BL-41,Erlotinib,,,0.009598737582564354,0.0341898575425148,train,DirectPred
Mel Ho,Erlotinib,,,0.021324850618839264,0.013822401873767376,train,DirectPred
UACC-893,Erlotinib,,,,0.07293576002120972,train,DirectPred
CAL-120,Erlotinib,,,,0.11277550458908081,train,DirectPred
HCC70,Erlotinib,,,0.08828119933605194,0.03433857858181,train,DirectPred
HEY A8,Erlotinib,,,0.015455840155482292,0.1282210648059845,train,DirectPred
Karpas-620,Erlotinib,,,0.021312205120921135,0.028390733525156975,train,DirectPred
Lu-65,Erlotinib,,,,0.005580199882388115,train,DirectPred
NCI-H1092,Erlotinib,,,0.0,0.03290107101202011,train,DirectPred
ONS-76,Erlotinib,,,0.02147161215543747,0.033701092004776,train,DirectPred
PK-59,Erlotinib,,,0.03967913240194321,0.027677377685904503,train,DirectPred
EM-2,Erlotinib,,,0.06069961562752724,0.037375785410404205,train,DirectPred
CAL-62,Erlotinib,,,,0.03176046535372734,train,DirectPred
SK-N-SH,Erlotinib,,,0.033035822212696075,0.031710170209407806,train,DirectPred
HCC1143,Erlotinib,,,,0.10053542256355286,train,DirectPred
NCI-H522,Erlotinib,,,0.040344320237636566,0.054398126900196075,train,DirectPred
23132/87,Erlotinib,,,,0.04837124049663544,train,DirectPred
KHM-1B,Erlotinib,,,0.04921862483024597,0.05739597976207733,train,DirectPred
UT-7,Erlotinib,,,,0.025065399706363678,train,DirectPred
PL-21,Erlotinib,,,,0.03963650390505791,train,DirectPred
B-CPAP,Erlotinib,,,0.026610318571329117,0.09829336404800415,train,DirectPred
KP-N-RT-BM-1,Erlotinib,,,,0.030433425679802895,train,DirectPred
A4/Fukuda,Erlotinib,,,,0.022560404613614082,train,DirectPred
Hs 683,Erlotinib,,,0.011889842338860035,0.04116765037178993,train,DirectPred
A-549,Erlotinib,,,0.08121180534362793,0.06992972642183304,train,DirectPred
SK-MEL-2,Erlotinib,,,0.0,0.01570199429988861,train,DirectPred
Granta-519,Erlotinib,,,0.032702624797821045,0.012719881720840931,train,DirectPred
RKO,Erlotinib,,,0.004631584510207176,0.016897166147828102,train,DirectPred
KMS-18,Erlotinib,,,,-0.005488900933414698,train,DirectPred
NCI-H1792,Erlotinib,,,0.03543425351381302,0.02574785426259041,train,DirectPred
OCI-AML-5,Erlotinib,,,0.04101958125829697,0.0433429479598999,train,DirectPred
TE 159.T,Erlotinib,,,,0.028722934424877167,train,DirectPred
NCI-H1666,Erlotinib,,,0.37953415513038635,0.08174838125705719,train,DirectPred
Hs 870.T,Erlotinib,,,,0.19958670437335968,train,DirectPred
NCI-H1838,Erlotinib,,,,0.03488464653491974,train,DirectPred
KNS-42,Erlotinib,,,0.0,0.0577186718583107,train,DirectPred
CML-T1,Erlotinib,,,,0.03652672469615936,train,DirectPred
RERF-LC-KJ,Erlotinib,,,,0.049275949597358704,train,DirectPred
OVTOKO,Erlotinib,,,0.10582002997398376,0.05887880176305771,train,DirectPred
KYSE-410,Erlotinib,,,0.0661153569817543,0.03233591467142105,train,DirectPred
SIG-M5,Erlotinib,,,0.12618041038513184,0.04000763222575188,train,DirectPred
UM-UC-3,Erlotinib,,,0.0,0.03616415336728096,train,DirectPred
HPB-ALL,Erlotinib,,,,0.030063588172197342,train,DirectPred
HDLM-2,Erlotinib,,,,0.04118659347295761,train,DirectPred
SNU-601,Erlotinib,,,,0.03953737020492554,train,DirectPred
BT-549,Erlotinib,,,0.019565638154745102,0.052498385310173035,train,DirectPred
ACHN,Erlotinib,,,0.1818314790725708,0.03730710595846176,train,DirectPred
Karpas-299,Erlotinib,,,0.026572350412607193,0.030902350321412086,train,DirectPred
KYSE-30,Erlotinib,,,0.10740166902542114,0.03868979215621948,train,DirectPred
PaTu 8988t,Erlotinib,,,,0.06022224575281143,train,DirectPred
NCI-H1105,Erlotinib,,,,0.040603071451187134,train,DirectPred
SNU-324,Erlotinib,,,,0.007487284019589424,train,DirectPred
COV362,Erlotinib,,,,0.033167365938425064,train,DirectPred
SK-LU-1,Erlotinib,,,0.04014251381158829,0.022591471672058105,train,DirectPred
TE-8,Erlotinib,,,,0.04335242137312889,train,DirectPred
TE-6,Erlotinib,,,,0.10587172955274582,train,DirectPred
TE 125.T,Erlotinib,,,,0.04832352325320244,train,DirectPred
WM266-4,Erlotinib,,,0.013118494302034378,0.02624734491109848,train,DirectPred
LCLC-103H,Erlotinib,,,0.018521644175052643,0.06413184851408005,train,DirectPred
Calu-3,Erlotinib,,,0.13969959318637848,0.0744696855545044,train,DirectPred
NCI-H1694,Erlotinib,,,0.0,0.07859116047620773,train,DirectPred
NCI-H2073,Erlotinib,,,,0.04135371744632721,train,DirectPred
Peer,Erlotinib,,,,0.047267552465200424,train,DirectPred
U-118MG,Erlotinib,,,0.007053320296108723,0.01173476129770279,train,DirectPred
NCI-H1915,Erlotinib,,,0.04668029397726059,0.04080810397863388,train,DirectPred
OCUM-1,Erlotinib,,,0.0,0.024446021765470505,train,DirectPred
CA46,Erlotinib,,,,0.02009674161672592,train,DirectPred
SNU-C5,Erlotinib,,,,0.03661128878593445,train,DirectPred
COLO 668,Erlotinib,,,,0.040574394166469574,train,DirectPred
TUHR10TKB,Erlotinib,,,,0.035042982548475266,train,DirectPred
Caki-1,Erlotinib,,,,0.04099896922707558,train,DirectPred
NU-DHL-1,Erlotinib,,,,0.031413059681653976,train,DirectPred
5637,Erlotinib,,,0.2021394670009613,0.09182904660701752,train,DirectPred
TIG-3 TD,Erlotinib,,,,0.035152725875377655,train,DirectPred
LS1034,Erlotinib,,,,0.08586741983890533,train,DirectPred
KMRC-1,Erlotinib,,,0.1492006480693817,0.03793049976229668,train,DirectPred
TEN,Erlotinib,,,0.0,0.039020586758852005,train,DirectPred
KPL-1,Erlotinib,,,,0.09818880259990692,train,DirectPred
NCI-H358,Erlotinib,,,0.1887504607439041,0.08686836063861847,train,DirectPred
RD,Erlotinib,,,0.002177261747419834,0.007709538098424673,train,DirectPred
PE/CA-PJ41 (clone D2),Erlotinib,,,,0.053651731461286545,train,DirectPred
PK-45H,Erlotinib,,,0.040951505303382874,0.039899881929159164,train,DirectPred
OE21,Erlotinib,,,0.3437134325504303,0.16751478612422943,train,DirectPred
NCI-H2029,Erlotinib,,,,0.06293005496263504,train,DirectPred
Kuramochi,Erlotinib,,,0.09344540536403656,0.03448786959052086,train,DirectPred
HEC-108,Erlotinib,,,,0.0035154628567397594,train,DirectPred
HuH-6 Clone 5,Erlotinib,,,,0.042066361755132675,train,DirectPred
RVH-421,Erlotinib,,,0.0070321024395525455,0.04224983975291252,train,DirectPred
KYO-1,Erlotinib,,,,0.08568453043699265,train,DirectPred
Evsa-T,Erlotinib,,,0.08499553799629211,0.016441140323877335,test,DirectPred
PC-14,Erlotinib,,,0.45215949416160583,0.3387799561023712,test,DirectPred
SK-MEL-1,Erlotinib,,,0.0,0.04475310444831848,test,DirectPred
KLE,Erlotinib,,,0.07138554751873016,0.07713127136230469,test,DirectPred
DMS 53,Erlotinib,,,0.08403197675943375,0.06067590042948723,test,DirectPred
SJNB-7,Erlotinib,,,0.06243514642119408,0.10553282499313354,test,DirectPred
BV-173,Erlotinib,,,0.027744125574827194,0.039651691913604736,test,DirectPred
AU565,Erlotinib,,,0.08221040666103363,0.027150575071573257,test,DirectPred
MES-SA,Erlotinib,,,0.11685976386070251,0.032762087881565094,test,DirectPred
ES1,Erlotinib,,,0.08219873905181885,0.03373945504426956,test,DirectPred
MFE-280,Erlotinib,,,0.0,0.13189344108104706,test,DirectPred
RPMI-8226,Erlotinib,,,0.02576533704996109,0.0656546950340271,test,DirectPred
NCI-H1793,Erlotinib,,,0.11268028616905212,0.042182035744190216,test,DirectPred
TE-9,Erlotinib,,,0.1237233430147171,0.1258402168750763,test,DirectPred
A-375,Erlotinib,,,0.06326363235712051,0.07701728492975235,test,DirectPred
A2780,Erlotinib,,,0.04801738262176514,0.04768242686986923,test,DirectPred
HPAF-II,Erlotinib,,,0.09372549504041672,0.139618381857872,test,DirectPred
Kasumi-1,Erlotinib,,,,0.03335604816675186,test,DirectPred
M059J,Erlotinib,,,0.10154681652784348,0.06044740974903107,test,DirectPred
Jiyoye,Erlotinib,,,0.23150134086608887,0.06258757412433624,test,DirectPred
Mono-Mac-6,Erlotinib,,,0.010475161485373974,0.037900254130363464,test,DirectPred
OE33,Erlotinib,,,0.07879529893398285,0.03991303592920303,test,DirectPred
HCC2998,Erlotinib,,,0.07577911019325256,0.04313509166240692,test,DirectPred
EB2,Erlotinib,,,0.0429537370800972,0.025277812033891678,test,DirectPred
NCI-H1963,Erlotinib,,,0.00967933889478445,0.037699297070503235,test,DirectPred
SNU-C1,Erlotinib,,,0.019169718027114868,0.040479157119989395,test,DirectPred
A-172,Erlotinib,,,0.039547596126794815,0.028112037107348442,test,DirectPred
T84,Erlotinib,,,0.1259821504354477,0.0709405392408371,test,DirectPred
ABC-1,Erlotinib,,,,0.04982467740774155,test,DirectPred
HO-1-N-1,Erlotinib,,,0.10734950751066208,0.05440767481923103,test,DirectPred
SCC-4,Erlotinib,,,0.0,0.09292805194854736,test,DirectPred
SBC-1,Erlotinib,,,,0.029316429048776627,test,DirectPred
SW982,Erlotinib,,,0.07955674827098846,0.04274330288171768,test,DirectPred
DMS 114,Erlotinib,,,0.06039055809378624,0.10239509493112564,test,DirectPred
NCI-H1651,Erlotinib,,,0.035106759518384933,0.057514287531375885,test,DirectPred
HSC-4,Erlotinib,,,0.1843920350074768,0.12187452614307404,test,DirectPred
NCI-H2052,Erlotinib,,,0.09733337163925171,0.13067857921123505,test,DirectPred
BFTC-909,Erlotinib,,,0.1099378913640976,0.0816444605588913,test,DirectPred
U-698-M,Erlotinib,,,0.0,0.02350790984928608,test,DirectPred
LC4-1,Erlotinib,,,0.04724707081913948,0.04304024577140808,test,DirectPred
CAMA-1,Erlotinib,,,0.024632813408970833,0.06152336671948433,test,DirectPred
AGS,Erlotinib,,,0.011950889602303505,0.07629835605621338,test,DirectPred
SW837,Erlotinib,,,0.06828158348798752,0.035177718847990036,test,DirectPred
RERF-LC-MS,Erlotinib,,,,0.01810130476951599,test,DirectPred
HT,Erlotinib,,,,0.033524543046951294,test,DirectPred
PF-382,Erlotinib,,,0.0,0.03783455863595009,test,DirectPred
CAL-54,Erlotinib,,,0.2791457176208496,0.01967761106789112,test,DirectPred
Karpas-422,Erlotinib,,,0.015187690034508705,0.029468439519405365,test,DirectPred
TC-YIK,Erlotinib,,,0.10401031374931335,0.03314264863729477,test,DirectPred
Capan-1,Erlotinib,,,0.11261990666389465,0.10011648386716843,test,DirectPred
SW780,Erlotinib,,,0.03220953792333603,0.11558721214532852,test,DirectPred
HT-55,Erlotinib,,,0.13779161870479584,0.06778669357299805,test,DirectPred
J82,Erlotinib,,,0.0940096452832222,0.08351008594036102,test,DirectPred
SW872,Erlotinib,,,0.040219344198703766,0.02961805649101734,test,DirectPred
A-388,Erlotinib,,,,0.024585817009210587,test,DirectPred
EW-1,Erlotinib,,,0.07209478318691254,0.04076772928237915,test,DirectPred
NCI-H596,Erlotinib,,,0.0035515206400305033,0.0622369684278965,test,DirectPred
EW-11,Erlotinib,,,0.01660323515534401,0.048427239060401917,test,DirectPred
EW-24,Erlotinib,,,0.003977042622864246,0.061531830579042435,test,DirectPred
D-392MG,Erlotinib,,,0.05782357603311539,0.010376101359724998,test,DirectPred
NALM-6,Erlotinib,,,0.04458443075418472,0.03293507918715477,test,DirectPred
Onda 10,Erlotinib,,,,0.059262752532958984,test,DirectPred
SW900,Erlotinib,,,0.034436099231243134,0.09434919059276581,test,DirectPred
RXF 393L,Erlotinib,,,,0.1736447662115097,test,DirectPred
D-502MG,Erlotinib,,,,0.032306451350450516,test,DirectPred
NUGC-3,Erlotinib,,,0.23977325856685638,0.11094969511032104,test,DirectPred
LXF 289,Erlotinib,,,0.10419809073209763,0.11378501355648041,test,DirectPred
FaDu,Erlotinib,,,0.0919298529624939,0.16668552160263062,test,DirectPred
GCT,Erlotinib,,,0.02226492203772068,0.18329641222953796,test,DirectPred
GMS-10,Erlotinib,,,,0.08125711977481842,test,DirectPred
H-EMC-SS,Erlotinib,,,0.016833484172821045,0.04708635434508324,test,DirectPred
LB2518-MEL,Erlotinib,,,,0.030972106382250786,test,DirectPred
UACC-257,Erlotinib,,,0.0959194228053093,0.02863396517932415,test,DirectPred
RS4;11,Erlotinib,,,0.07373012602329254,-0.018848435953259468,test,DirectPred
A2058,Erlotinib,,,0.07913603633642197,0.02530582807958126,test,DirectPred
SJNB-14,Erlotinib,,,0.06771685183048248,0.05141486972570419,test,DirectPred
TT,Erlotinib,,,0.054679371416568756,0.044267237186431885,test,DirectPred
Onda 11,Erlotinib,,,,0.021090181544423103,test,DirectPred
BALL-1,Erlotinib,,,0.03223979473114014,0.02360735833644867,test,DirectPred
DSH1,Erlotinib,,,0.06761287897825241,0.03487280756235123,test,DirectPred
IST-Mes1,Erlotinib,,,0.034140635281801224,0.021720122545957565,test,DirectPred
HCC1419,Erlotinib,,,0.042196717113256454,0.03258570656180382,test,DirectPred
NCI-N87,Erlotinib,,,0.0,0.06734387576580048,test,DirectPred
HCC1954,Erlotinib,,,0.058555129915475845,0.03989005088806152,test,DirectPred
KP-N-YS,Erlotinib,,,,0.0355798713862896,test,DirectPred
Lu-134-A,Erlotinib,,,,0.10261042416095734,test,DirectPred
MKN7,Erlotinib,,,0.12891434133052826,0.08642002940177917,test,DirectPred
NCI-H2030,Erlotinib,,,,0.11857499182224274,test,DirectPred
KYSE-510,Erlotinib,,,,0.06485751271247864,test,DirectPred
LOX-IMVI,Erlotinib,,,0.12028055638074875,0.09879836440086365,test,DirectPred
SKG-IIIa,Erlotinib,,,0.06559675931930542,0.03483492136001587,test,DirectPred
SW1116,Erlotinib,,,0.10432963073253632,0.04726220667362213,test,DirectPred
CMK,Erlotinib,,,,0.09073837101459503,test,DirectPred
SK-MEL-30,Erlotinib,,,,0.055291201919317245,test,DirectPred
COLO 800,Erlotinib,,,,0.025842994451522827,test,DirectPred
OVCAR-8,Erlotinib,,,0.061797384172677994,0.01687723770737648,test,DirectPred
NCI-H292,Erlotinib,,,,0.07321153581142426,test,DirectPred
HN,Erlotinib,,,,0.07243053615093231,test,DirectPred
SiHa,Erlotinib,,,0.10029903799295425,0.019952677190303802,test,DirectPred
NCI-H2170,Erlotinib,,,0.1718304455280304,0.05361839011311531,test,DirectPred
SNU-5,Erlotinib,,,0.018421107903122902,0.052025459706783295,test,DirectPred
HuP-T4,Erlotinib,,,0.18272824585437775,0.08029185235500336,test,DirectPred
T24,Erlotinib,,,,0.09214247763156891,test,DirectPred
HGC-27,Erlotinib,,,0.10083470493555069,0.040131065994501114,test,DirectPred
COLO 679,Erlotinib,,,0.02929946780204773,0.03489866852760315,test,DirectPred
ML-2,Erlotinib,,,0.0,0.03774679824709892,test,DirectPred
IA-LM,Erlotinib,,,0.0,0.07956477999687195,test,DirectPred
SNU-475,Erlotinib,,,,0.0678873285651207,test,DirectPred
SK-LMS-1,Erlotinib,,,0.0,0.06488164514303207,test,DirectPred
KINGS-1,Erlotinib,,,0.02772403322160244,0.04442465305328369,test,DirectPred
CAS-1,Erlotinib,,,0.022647414356470108,0.01906730607151985,test,DirectPred
SiMa,Erlotinib,,,0.0,0.029745817184448242,test,DirectPred
T-47D,Erlotinib,,,0.138447567820549,0.09012953191995621,test,DirectPred
DMS 273,Erlotinib,,,0.10211563110351562,0.013315107673406601,test,DirectPred
P31/FUJ,Erlotinib,,,0.0874294564127922,-0.011085370555520058,test,DirectPred
DU4475,Erlotinib,,,0.007942589931190014,0.03249000757932663,test,DirectPred
MN-60,Erlotinib,,,0.009549953043460846,0.03340340405702591,test,DirectPred
NCI-H1299,Erlotinib,,,0.0033601324539631605,0.026751162484288216,test,DirectPred
PFSK-1,Erlotinib,,,0.03986416757106781,0.05992893874645233,test,DirectPred
D-566MG,Erlotinib,,,,0.025720596313476562,test,DirectPred
COR-L23,Erlotinib,,,0.12703728675842285,0.10387501120567322,test,DirectPred
SKM-1,Erlotinib,,,,0.06133219599723816,test,DirectPred
NCI-H1581,Erlotinib,,,0.008676593191921711,0.07226696610450745,test,DirectPred
MMAc-SF,Erlotinib,,,,0.028232183307409286,test,DirectPred
COR-L88,Erlotinib,,,0.02574830688536167,0.08434733748435974,test,DirectPred
ACN,Erlotinib,,,,0.017539121210575104,test,DirectPred
HCT 116,Erlotinib,,,0.01290152221918106,0.03003278188407421,test,DirectPred
CTV-1,Erlotinib,,,0.028552794829010963,0.03681528568267822,test,DirectPred
SNU-1,Erlotinib,,,0.14582321047782898,0.029667582362890244,test,DirectPred
MHH-NB-11,Erlotinib,,,,0.034079741686582565,test,DirectPred
BEN,Erlotinib,,,,0.05019135773181915,test,DirectPred
GR-ST,Erlotinib,,,0.05094308406114578,0.026474300771951675,test,DirectPred
H4,Erlotinib,,,0.06207311898469925,0.0702391192317009,test,DirectPred
SHP-77,Erlotinib,,,0.0519881509244442,0.04178620129823685,test,DirectPred
CHP-212,Erlotinib,,,0.04677761718630791,0.03078737109899521,test,DirectPred
HEL,Erlotinib,,,,0.03573550656437874,test,DirectPred
HTC-C3,Erlotinib,,,0.07868031412363052,0.15553103387355804,test,DirectPred
NCI-H2122,Erlotinib,,,0.1851067692041397,0.09240108728408813,test,DirectPred
Lu-165,Erlotinib,,,0.021372659131884575,0.02528388798236847,test,DirectPred
HCE-4,Erlotinib,,,,0.07932202517986298,test,DirectPred
SW626,Erlotinib,,,0.046228788793087006,0.028774630278348923,test,DirectPred
SW962,Erlotinib,,,,0.0850890502333641,test,DirectPred
A101D,Erlotinib,,,0.104497991502285,0.01067561749368906,test,DirectPred
LC-2/ad,Erlotinib,,,,0.07079779356718063,test,DirectPred
SAS,Erlotinib,,,0.13596029579639435,0.06851199269294739,test,DirectPred
BxPC-3,Erlotinib,,,0.05637460574507713,0.09309248626232147,test,DirectPred
HCC1937,Erlotinib,,,0.15212175250053406,0.07183031737804413,test,DirectPred
VA-ES-BJ,Erlotinib,,,0.033694617450237274,0.019612956792116165,test,DirectPred
Karpas-45,Erlotinib,,,0.07555875182151794,0.03987547755241394,test,DirectPred
IST-MEL1,Erlotinib,,,0.003378000110387802,0.032860249280929565,test,DirectPred
HCC1599,Erlotinib,,,,0.09421707689762115,test,DirectPred
8-MG-BA,Erlotinib,,,0.07098349928855896,0.07530628144741058,test,DirectPred
EKVX,Erlotinib,,,,0.05539470911026001,test,DirectPred
ATN-1,Erlotinib,,,0.010383378714323044,0.021055098623037338,test,DirectPred
KYSE-450,Erlotinib,,,0.24971424043178558,0.06914977729320526,test,DirectPred
HCC2218,Erlotinib,,,,0.037305012345314026,test,DirectPred
A-673,Erlotinib,,,0.05517899990081787,0.04198002070188522,test,DirectPred
BB65-RCC,Erlotinib,,,,0.03402435779571533,test,DirectPred
IST-SL1,Erlotinib,,,,0.0421457514166832,test,DirectPred
CW-2,Erlotinib,,,0.05749534070491791,0.04155358672142029,test,DirectPred
MDA-MB-361,Erlotinib,,,0.10488313436508179,0.07866722345352173,test,DirectPred
Ca9-22,Erlotinib,,,0.2045409381389618,0.12214134633541107,test,DirectPred
SK-N-FI,Erlotinib,,,0.05259318649768829,0.014238515868782997,test,DirectPred
NCI-H378,Erlotinib,,,,0.03635280206799507,test,DirectPred
K-562,Erlotinib,,,0.010187202133238316,0.015358297154307365,test,DirectPred
Panc 08.13,Erlotinib,,,0.10837885737419128,0.13778026401996613,test,DirectPred
SCH,Erlotinib,,,,0.1093747615814209,test,DirectPred
OAW28,Erlotinib,,,0.053503479808568954,0.04028680920600891,test,DirectPred
NCI-H1048,Erlotinib,,,0.06826617568731308,0.05234338343143463,test,DirectPred
TE-5,Erlotinib,,,0.057409729808568954,0.12147379666566849,test,DirectPred
AsPC-1,Erlotinib,,,0.04372124746441841,0.06750298291444778,test,DirectPred
NCI-H2081,Erlotinib,,,,0.022717894986271858,test,DirectPred
NCI-H510A,Erlotinib,,,,0.12502969801425934,test,DirectPred
NCI-H82,Erlotinib,,,0.037550006061792374,0.060894425958395004,test,DirectPred
NCI-H460,Erlotinib,,,,0.04466637969017029,test,DirectPred
SK-MES-1,Erlotinib,,,0.14084932208061218,0.08602972328662872,test,DirectPred
SCC-9,Erlotinib,,,0.10254313051700592,0.09591035544872284,test,DirectPred
SW1088,Erlotinib,,,0.11002412438392639,0.025872616097331047,test,DirectPred
MHH-CALL-2,Erlotinib,,,0.07514236867427826,0.051400162279605865,test,DirectPred
MKN45,Erlotinib,,,0.0,0.06556498259305954,test,DirectPred
OMC-1 [Human cervical carcinoma],Erlotinib,,,,0.10353384912014008,test,DirectPred
RL,Erlotinib,,,,0.018780633807182312,test,DirectPred
8505C,Erlotinib,,,0.09208527207374573,0.07703663408756256,test,DirectPred
NCI-H747,Erlotinib,,,0.21022790670394897,0.06747771054506302,test,DirectPred
VMRC-RCZ,Erlotinib,,,0.07882645726203918,0.046127162873744965,test,DirectPred
SNU-449,Erlotinib,,,0.1119994968175888,0.07633320987224579,test,DirectPred
HuO9,Erlotinib,,,0.01670854538679123,0.08297641575336456,test,DirectPred
HT-1080,Erlotinib,,,0.10349445790052414,0.034365974366664886,test,DirectPred
NCI-H345,Erlotinib,,,,0.08805645257234573,test,DirectPred
769-P,Erlotinib,,,0.09986668080091476,0.07334329932928085,test,DirectPred
SW13,Erlotinib,,,0.14095763862133026,0.02717839553952217,test,DirectPred
HOP-92,Erlotinib,,,0.13806475698947906,0.037238966673612595,test,DirectPred
LP-1,Erlotinib,,,,0.06238590553402901,test,DirectPred
MSTO-211H,Erlotinib,,,0.15538586676120758,0.03319000452756882,test,DirectPred
KP-4,Erlotinib,,,0.05530988797545433,0.0216852817684412,test,DirectPred
EW-22,Erlotinib,,,0.033467378467321396,0.00804940052330494,test,DirectPred
SK-MEL-5,Erlotinib,,,,0.04300602898001671,test,DirectPred
OCUB-M,Erlotinib,,,0.08278577029705048,0.05430348590016365,test,DirectPred
Daudi,Erlotinib,,,0.04123428091406822,0.03792089223861694,test,DirectPred
SK-UT-1,Erlotinib,,,0.004961461294442415,0.04221522808074951,test,DirectPred
SK-N-DZ,Erlotinib,,,0.1908777505159378,0.06283891201019287,test,DirectPred
TK-10,Erlotinib,,,0.1410517692565918,0.02941729500889778,test,DirectPred
NCI-H1650,Erlotinib,,,0.2415136694908142,0.05021778866648674,test,DirectPred
NCI-H1623,Erlotinib,,,0.15927983820438385,0.050763778388500214,test,DirectPred
WSU-NHL,Erlotinib,,,0.0,0.039710573852062225,test,DirectPred
EW-13,Erlotinib,,,0.06481175124645233,0.041161470115184784,test,DirectPred
KMOE-2,Erlotinib,,,0.020199738442897797,0.09422552585601807,test,DirectPred
NOS-1 [Human osteosarcoma],Erlotinib,,,0.06144902855157852,0.10742120444774628,test,DirectPred
P12-Ichikawa,Erlotinib,,,0.05652341991662979,0.0462830513715744,test,DirectPred
OAW42,Erlotinib,,,0.11542242765426636,0.029195815324783325,test,DirectPred
KU-19-19,Erlotinib,,,0.048150692135095596,0.04607329145073891,test,DirectPred
OPM-2,Erlotinib,,,0.07492975145578384,0.05955909192562103,test,DirectPred
HCC1569,Erlotinib,,,,0.03696344047784805,test,DirectPred
SW1990,Erlotinib,,,0.050260279327631,0.07452397048473358,test,DirectPred
DJM-1,Erlotinib,,,,0.07546120882034302,test,DirectPred
YH-13,Erlotinib,,,0.10833051800727844,0.022706560790538788,test,DirectPred
AN3-CA,Erlotinib,,,0.007331796456128359,0.03314261883497238,test,DirectPred
SUP-T1,Erlotinib,,,0.0627601221203804,0.025036044418811798,test,DirectPred
HLE,Erlotinib,,,0.08428549021482468,0.10161246359348297,test,DirectPred
TCCSUP,Erlotinib,,,0.12909185886383057,0.03198850527405739,test,DirectPred
BT-474,Erlotinib,,,0.09029574692249298,0.037991564720869064,test,DirectPred
T98G,Erlotinib,,,0.01928713358938694,0.011601453647017479,test,DirectPred
HuTu 80,Erlotinib,,,,0.033818066120147705,test,DirectPred
NCI-H526,Erlotinib,,,0.022402280941605568,0.057013384997844696,test,DirectPred
OVCAR-3,Erlotinib,,,0.1319362074136734,0.0738077312707901,test,DirectPred
GT3TKB,Erlotinib,,,,0.07880111038684845,test,DirectPred
A3/Kawakami,Erlotinib,,,0.08846236020326614,0.04502683877944946,test,DirectPred
COLO 680N,Erlotinib,,,0.05663193389773369,0.11547264456748962,test,DirectPred
MZ-MEL-7,Erlotinib,,,,0.06124049797654152,test,DirectPred
RCM-1 [Human rectum adenocarcinoma],Erlotinib,,,0.0764819085597992,0.06439317762851715,test,DirectPred
CAL-27,Erlotinib,,,0.164004847407341,0.09571237862110138,test,DirectPred
DK-MG,Erlotinib,,,0.08783505111932755,0.02694002166390419,test,DirectPred
SK-MEL-28,Erlotinib,,,,0.013304336927831173,test,DirectPred
C-33 A,Erlotinib,,,0.09344276785850525,0.040583834052085876,test,DirectPred
NCI-H209,Erlotinib,,,0.023677058517932892,0.03435228019952774,test,DirectPred
HSC-2,Erlotinib,,,0.1270434558391571,0.15451598167419434,test,DirectPred
EFO-21,Erlotinib,,,0.09693414717912674,0.08710786700248718,test,DirectPred
HOP-62,Erlotinib,,,0.043344464153051376,0.11119188368320465,test,DirectPred
LS123,Erlotinib,,,0.06422748416662216,0.09722243249416351,test,DirectPred
MZ-PC-1,Erlotinib,,,,0.051083505153656006,test,DirectPred
GaMG,Erlotinib,,,0.0,0.00855841301381588,test,DirectPred
NCI-H1703,Erlotinib,,,0.049256592988967896,0.04840278625488281,test,DirectPred
EW-18,Erlotinib,,,0.029071522876620293,0.02515098825097084,test,DirectPred
KGN,Erlotinib,,,0.059976451098918915,0.04939469322562218,test,DirectPred
UACC-62,Erlotinib,,,0.004919032100588083,0.047574322670698166,test,DirectPred
SW948,Erlotinib,,,0.02463996224105358,0.03730645403265953,test,DirectPred
697,Erlotinib,,,0.07232151180505753,0.04006480425596237,test,DirectPred
HuO-3N1,Erlotinib,,,0.05787477269768715,0.07571189850568771,test,DirectPred
LN-405,Erlotinib,,,0.03727833181619644,0.10100491344928741,test,DirectPred
LB771-HNC,Erlotinib,,,0.09326677024364471,0.045301176607608795,test,DirectPred
COLO 684,Erlotinib,,,0.027062062174081802,0.06391499936580658,test,DirectPred
GP5d,Erlotinib,,,0.12122190743684769,0.0441642627120018,test,DirectPred
IGR-1,Erlotinib,,,0.028560450300574303,0.012873247265815735,test,DirectPred
ME-180,Erlotinib,,,0.16112592816352844,0.09984289109706879,test,DirectPred
NCI-H1693,Erlotinib,,,0.19793498516082764,0.0931447297334671,test,DirectPred
COLO 678,Erlotinib,,,0.1312405914068222,0.027655944228172302,test,DirectPred
SK-HEP-1,Erlotinib,,,0.1322633922100067,0.037326879799366,test,DirectPred
SK-MEL-24,Erlotinib,,,0.012962289154529572,0.00043215882033109665,test,DirectPred
HH [Human lymphoma],Erlotinib,,,0.0,0.03320927917957306,test,DirectPred
SNG-M,Erlotinib,,,0.07317743450403214,0.042968012392520905,test,DirectPred
CFPAC-1,Erlotinib,,,0.1968095451593399,0.04430108144879341,test,DirectPred
SF539,Erlotinib,,,0.10709715634584427,0.03328514099121094,test,DirectPred
NCI-H838,Erlotinib,,,,0.11700069159269333,test,DirectPred
NCI-H1417,Erlotinib,,,0.07454710453748703,0.030099157243967056,test,DirectPred
NCI-H2227,Erlotinib,,,,0.05503110587596893,test,DirectPred
NCI-H1437,Erlotinib,,,,0.07795313000679016,test,DirectPred
ESS-1,Erlotinib,,,0.0,0.04049573093652725,test,DirectPred
MDA-MB-415,Erlotinib,,,0.07613129913806915,0.03211604803800583,test,DirectPred
EGI-1,Erlotinib,,,0.05771930143237114,0.12715435028076172,test,DirectPred
Capan-2,Erlotinib,,,0.08827880024909973,0.04954858124256134,test,DirectPred
KM12,Erlotinib,,,0.11399415880441666,0.027384024113416672,test,DirectPred
EFO-27,Erlotinib,,,,0.03807345777750015,test,DirectPred
MOLT-16,Erlotinib,,,0.028037410229444504,0.03206039220094681,test,DirectPred
MIA PaCa-2,Erlotinib,,,0.020126881077885628,0.033898238092660904,test,DirectPred
DOK,Erlotinib,,,0.352487713098526,0.11159949749708176,test,DirectPred
U-87MG ATCC,Erlotinib,,,0.10346858203411102,0.005606379359960556,test,DirectPred
HCC38,Erlotinib,,,0.03727341815829277,0.13637740910053253,test,DirectPred
NOMO-1,Erlotinib,,,0.005204362329095602,0.07521115243434906,test,DirectPred
D-542MG,Erlotinib,,,,0.05895399674773216,test,DirectPred
NCI-H2342,Erlotinib,,,0.0755230188369751,0.05014105886220932,test,DirectPred
SK-NEP-1,Erlotinib,,,,0.06422806531190872,test,DirectPred
U266B1,Erlotinib,,,0.0,0.051412321627140045,test,DirectPred
RCC10RGB,Erlotinib,,,0.2218848317861557,0.04492104798555374,test,DirectPred
ZR-75-30,Erlotinib,,,0.05904379114508629,0.05784299224615097,test,DirectPred
SW954,Erlotinib,,,,0.041463159024715424,test,DirectPred
COR-L279,Erlotinib,,,0.04211466386914253,0.04033307358622551,test,DirectPred
NCI-H2171,Erlotinib,,,,0.022983239963650703,test,DirectPred
HCT 15,Erlotinib,,,0.061263903975486755,0.03657015413045883,test,DirectPred
NCI-H650,Erlotinib,,,0.0,0.042870841920375824,test,DirectPred
SW1417,Erlotinib,,,0.06162284314632416,0.031191572546958923,test,DirectPred
Becker,Erlotinib,,,0.055969566106796265,0.0486433282494545,test,DirectPred
CAL-12T,Erlotinib,,,,0.16952967643737793,test,DirectPred
HMV-II,Erlotinib,,,0.006245903670787811,0.04644114524126053,test,DirectPred
SW1783,Erlotinib,,,0.030495529994368553,0.022981422021985054,test,DirectPred
HuP-T3,Erlotinib,,,0.08198078721761703,0.02311984822154045,test,DirectPred
EW-12,Erlotinib,,,,0.031135834753513336,test,DirectPred
Calu-6,Erlotinib,,,0.07222560048103333,0.09481872618198395,test,DirectPred
NCI-H128,Erlotinib,,,,0.07967686653137207,test,DirectPred
NCI-H520,Erlotinib,,,0.05442768335342407,0.036002546548843384,test,DirectPred
CAL-51,Erlotinib,,,0.11326133459806442,0.041000839322805405,test,DirectPred
D-336MG,Erlotinib,,,,0.028487129136919975,test,DirectPred
NCI-H720,Erlotinib,,,0.029632553458213806,0.025075387209653854,test,DirectPred
HCC2157,Erlotinib,,,0.014490225352346897,0.05736599490046501,test,DirectPred
NCI-H2347,Erlotinib,,,0.017300009727478027,0.03404044359922409,test,DirectPred
NCI-H2452,Erlotinib,,,0.0656169205904007,0.03507488593459129,test,DirectPred
Daoy,Erlotinib,,,0.06870429962873459,0.010216491296887398,test,DirectPred
KY821,Erlotinib,,,0.0033592425752431154,0.03255337104201317,test,DirectPred
HEC-1,Erlotinib,,,0.08707618713378906,0.03378499671816826,test,DirectPred
Lu-99A,Erlotinib,,,0.08173374831676483,0.0705469474196434,test,DirectPred
SK-CO-1,Erlotinib,,,0.09241043031215668,0.013731710612773895,test,DirectPred
SU-DHL-1,Erlotinib,,,,0.03750399127602577,test,DirectPred
647V,Erlotinib,,,0.11705467849969864,0.08901035785675049,test,DirectPred
MG-63,Erlotinib,,,0.04218766838312149,0.10472369939088821,test,DirectPred
NCI-H2196,Erlotinib,,,,0.023344825953245163,test,DirectPred
LA-N-6,Erlotinib,,,,0.04211799055337906,test,DirectPred
786-O,Erlotinib,,,0.16353602707386017,0.0294207651168108,test,DirectPred
8305C,Erlotinib,,,0.058371976017951965,0.12024001032114029,test,DirectPred
CGTH-W-1,Erlotinib,,,0.029421018436551094,0.08635861426591873,test,DirectPred
NCI-H2291,Erlotinib,,,,0.04222729057073593,test,DirectPred
NCI-H2087,Erlotinib,,,0.052555594593286514,0.13751238584518433,test,DirectPred
LB2241-RCC,Erlotinib,,,,0.04227275028824806,test,DirectPred
NCI-H716,Erlotinib,,,0.17845481634140015,0.01523123774677515,test,DirectPred
YAPC,Erlotinib,,,0.03283406421542168,0.04736883565783501,test,DirectPred
BT-20,Erlotinib,,,0.08170372992753983,0.041283152997493744,test,DirectPred
Huh-7,Erlotinib,,,0.05610639229416847,0.0221853144466877,test,DirectPred
SK-N-AS,Erlotinib,,,0.034471545368433,0.04441771283745766,test,DirectPred
SW48,Erlotinib,,,0.26832813024520874,0.008794658817350864,test,DirectPred
HCC1187,Erlotinib,,,0.026996878907084465,0.07604395598173141,test,DirectPred
NCI-H1355,Erlotinib,,,0.06546512246131897,0.02842089906334877,test,DirectPred
MeWo,Erlotinib,,,0.0031589483842253685,0.02619718387722969,test,DirectPred
OE19,Erlotinib,,,0.014224073849618435,0.08944950997829437,test,DirectPred
SK-OV-3,Erlotinib,,,0.13908632099628448,0.0562775656580925,test,DirectPred
TGBC11TKB,Erlotinib,,,0.06950289756059647,0.02820385806262493,test,DirectPred
HCC1395,Erlotinib,,,0.08629857748746872,-0.0026497996877878904,test,DirectPred
HT-29,Erlotinib,,,0.049706488847732544,0.023327235132455826,test,DirectPred
KOSC-2,Erlotinib,,,,0.21333082020282745,test,DirectPred
TGBC24TKB,Erlotinib,,,0.12839221954345703,0.03355589881539345,test,DirectPred
NCI-H1563,Erlotinib,,,0.142215296626091,0.08123007416725159,test,DirectPred
Hep-G2/C3A,Erlotinib,,,0.0412973091006279,0.04272770881652832,test,DirectPred
TE-12,Erlotinib,,,,0.07570064067840576,test,DirectPred
Caov-4,Erlotinib,,,0.11997713148593903,0.029186027124524117,test,DirectPred
HSC-3,Erlotinib,,,0.13450530171394348,0.1722453236579895,test,DirectPred
Caov-3,Erlotinib,,,,0.045057348906993866,test,DirectPred
NMC-G1,Erlotinib,,,,0.049742039293050766,test,DirectPred
Ca Ski,Erlotinib,,,0.17150817811489105,0.03827786445617676,test,DirectPred
OS-RC-2,Erlotinib,,,0.07740211486816406,0.015021898783743382,test,DirectPred
22Rv1,Erlotinib,,,0.06973609328269958,0.03606754541397095,test,DirectPred
NCI-H748,Erlotinib,,,,0.06422601640224457,test,DirectPred
P30/OHK,Erlotinib,,,0.1530376672744751,0.05684597045183182,test,DirectPred
NCI-H23,Erlotinib,,,0.05381118506193161,0.025841251015663147,test,DirectPred
Detroit 562,Erlotinib,,,0.11305572837591171,0.12358061224222183,test,DirectPred
KALS-1,Erlotinib,,,0.06329750269651413,0.0775778666138649,test,DirectPred
SCC-25,Erlotinib,,,,0.11027045547962189,test,DirectPred
KG-1,Erlotinib,,,0.027053499594330788,0.06360293179750443,test,DirectPred
DEL,Erlotinib,,,0.170371413230896,0.0314338244497776,test,DirectPred
LCLC-97TM1,Erlotinib,,,0.0013339044526219368,0.06311152130365372,test,DirectPred
NCI-H322M,Erlotinib,,,0.3159943222999573,0.06445912271738052,test,DirectPred
NCI-H226,Erlotinib,,,0.07821711152791977,0.07736372947692871,test,DirectPred
CCRF-CEM,Erlotinib,,,0.02231111004948616,0.04954174533486366,test,DirectPred
PSN1,Erlotinib,,,0.09509527683258057,0.19276562333106995,test,DirectPred
COLO 824,Erlotinib,,,0.14078915119171143,0.037222813814878464,test,DirectPred
Raji,Erlotinib,,,0.07333393394947052,0.03771917149424553,test,DirectPred
TE-10,Erlotinib,,,,0.14524617791175842,test,DirectPred
NCI-H69,Erlotinib,,,0.037759799510240555,0.03551747649908066,test,DirectPred
SW684,Erlotinib,,,0.05497532710433006,0.10183431208133698,test,DirectPred
NCI-H441,Erlotinib,,,0.148940309882164,0.017865460366010666,test,DirectPred
D-247MG,Erlotinib,,,,0.017070040106773376,test,DirectPred
ES3,Erlotinib,,,,0.017693160101771355,test,DirectPred
NCI-H1770,Erlotinib,,,,0.036411818116903305,test,DirectPred
SK-MEL-3,Erlotinib,,,,0.03007654845714569,test,DirectPred
SH-4,Erlotinib,,,0.022822653874754906,-0.0032990919426083565,test,DirectPred
TE-15,Erlotinib,,,,0.172287255525589,test,DirectPred
VM-CUB-1,Erlotinib,,,0.039153724908828735,0.061011455953121185,test,DirectPred
Loucy,Erlotinib,,,0.1267227679491043,0.03116789646446705,test,DirectPred
YKG-1,Erlotinib,,,,0.025350090116262436,test,DirectPred
HT-3,Erlotinib,,,0.08728126436471939,0.11876772344112396,test,DirectPred
CP67-MEL,Erlotinib,,,,0.013609263114631176,test,DirectPred
G-361,Erlotinib,,,0.1051270067691803,0.03177449852228165,test,DirectPred
NCI-H1734,Erlotinib,,,,0.05980540066957474,test,DirectPred
GCIY,Erlotinib,,,0.104588583111763,0.11869287490844727,test,DirectPred
Panc 03.27,Erlotinib,,,0.10814817994832993,0.04639933630824089,test,DirectPred
BHY,Erlotinib,,,,0.12291063368320465,test,DirectPred
NCI-H630,Erlotinib,,,,0.07822995632886887,test,DirectPred
ES4,Erlotinib,,,0.14813371002674103,0.038463421165943146,test,DirectPred
HCC1806,Erlotinib,,,0.17313559353351593,0.072036512196064,test,DirectPred
NCI-H524,Erlotinib,,,0.0,0.04800675809383392,test,DirectPred
UO-31,Erlotinib,,,,0.029755761846899986,test,DirectPred
NCI-H1304,Erlotinib,,,,0.04857157915830612,test,DirectPred
Reh,Erlotinib,,,0.001760192564688623,0.032623544335365295,test,DirectPred
MHH-ES-1,Erlotinib,,,0.04788264259696007,0.03886815160512924,test,DirectPred
Lu-139,Erlotinib,,,,0.07645663619041443,test,DirectPred
SW1710,Erlotinib,,,0.07189112901687622,0.028001543134450912,test,DirectPred
KYSE-70,Erlotinib,,,0.09285585582256317,0.056755732744932175,test,DirectPred
L-428,Erlotinib,,,0.14828163385391235,0.0075685931369662285,test,DirectPred
BL-70,Erlotinib,,,,0.023068740963935852,test,DirectPred
NCI-H1155,Erlotinib,,,0.20391517877578735,0.05172587186098099,test,DirectPred
SF126,Erlotinib,,,,0.053739987313747406,test,DirectPred
KNS-62,Erlotinib,,,0.048180412501096725,0.0949544757604599,test,DirectPred
OC 314,Erlotinib,,,0.06632290780544281,0.02029387466609478,test,DirectPred
Mel JuSo,Erlotinib,,,0.0,0.02880830690264702,test,DirectPred
D-423MG,Erlotinib,,,,0.03340224176645279,test,DirectPred
RL95-2,Erlotinib,,,0.09564106166362762,0.05141051113605499,test,DirectPred
Ramos.2G6.4C10,Erlotinib,,,0.037024494260549545,-0.0017164619639515877,test,DirectPred
HD-MY-Z,Erlotinib,,,0.01965077966451645,0.003195475786924362,test,DirectPred
MS-1 [Human lung carcinoma],Erlotinib,,,0.0,0.04705597832798958,test,DirectPred
COLO 829,Erlotinib,,,0.12192262709140778,0.017505601048469543,test,DirectPred
CCF-STTG1,Erlotinib,,,,0.024687277153134346,test,DirectPred
NCI-H28,Erlotinib,,,0.1465621441602707,0.026756025850772858,test,DirectPred
MKN1,Erlotinib,,,0.12270672619342804,0.018036214634776115,test,DirectPred
TYK-nu,Erlotinib,,,0.14256860315799713,0.01000177301466465,test,DirectPred
MPP 89,Erlotinib,,,0.12048513442277908,0.16610081493854523,test,DirectPred
HAL-01,Erlotinib,,,0.011537827551364899,0.04265734925866127,test,DirectPred
NCI-H1573,Erlotinib,,,0.19257976114749908,0.05432029440999031,test,DirectPred
ST486,Erlotinib,,,0.05474543571472168,0.02021961286664009,test,DirectPred
KP-N-YN,Erlotinib,,,0.062270645052194595,0.04173002392053604,test,DirectPred
MOLT-13,Erlotinib,,,0.002216119086369872,0.04455391690135002,test,DirectPred
NCI-H810,Erlotinib,,,0.036988239735364914,0.07940543442964554,test,DirectPred
SK-MG-1,Erlotinib,,,0.07043386250734329,0.02939140424132347,test,DirectPred
CAL-148,Erlotinib,,,0.07957347482442856,0.05893532931804657,test,DirectPred
HuCC-T1,Erlotinib,,,0.15750440955162048,0.06989340484142303,test,DirectPred
SW1573,Erlotinib,,,0.025043154135346413,0.033223435282707214,test,DirectPred
MKN28,Erlotinib,,,0.05923917144536972,0.047110363841056824,test,DirectPred
EW-16,Erlotinib,,,0.11820603162050247,0.033816561102867126,test,DirectPred
MFH-ino,Erlotinib,,,0.07135582715272903,0.10089154541492462,test,DirectPred
GAK,Erlotinib,,,0.055071789771318436,0.04684612900018692,test,DirectPred
EFM-19,Erlotinib,,,0.0027004650328308344,0.13532018661499023,test,DirectPred
MOLT-4,Erlotinib,,,0.0657527893781662,-0.005771240685135126,test,DirectPred
CaR-1,Erlotinib,,,0.06710944324731827,0.09021489322185516,test,DirectPred
HL-60,Erlotinib,,,0.007114278618246317,0.051855169236660004,test,DirectPred
Panc 10.05,Erlotinib,,,0.06216586008667946,0.029030293226242065,test,DirectPred
MFM-223,Erlotinib,,,0.06430798023939133,0.08723016083240509,test,DirectPred
NCI-H2126,Erlotinib,,,,0.0265004001557827,test,DirectPred
DB,Erlotinib,,,0.061203885823488235,0.029835209250450134,test,DirectPred
A-498,Erlotinib,,,0.03605199605226517,0.010380926541984081,test,DirectPred
KS-1 [Human glioblastoma],Erlotinib,,,0.005680494010448456,0.02793201431632042,test,DirectPred
LS513,Erlotinib,,,,0.024493085220456123,test,DirectPred
RT-112,Erlotinib,,,0.0817115306854248,0.046201836317777634,test,DirectPred
NCI-H2009,Erlotinib,,,0.0468892902135849,-0.006856394931674004,test,DirectPred
BB30-HNC,Erlotinib,,,,0.06400857865810394,test,DirectPred
Rh1,Erlotinib,,,0.16460278630256653,0.047597452998161316,test,DirectPred
CHL-1,Erlotinib,,,0.06549322605133057,0.03797627240419388,test,DirectPred
NCI-H661,Erlotinib,,,0.018379157409071922,0.04265221953392029,test,DirectPred
WRO,Erlotinib,,,0.018343336880207062,0.040345169603824615,test,DirectPred
SF295,Erlotinib,,,,0.015088804066181183,test,DirectPred
KYSE-180,Erlotinib,,,0.11975494772195816,0.14800702035427094,test,DirectPred
KE-37,Erlotinib,,,0.1146736592054367,0.0333583801984787,test,DirectPred
LB647-SCLC,Erlotinib,,,,0.027060385793447495,test,DirectPred
LNCaP clone FGC,Erlotinib,,,0.020882129669189453,0.04130983352661133,test,DirectPred
SNB-75,Erlotinib,,,,0.03984712436795235,test,DirectPred
A-427,Erlotinib,,,,0.05783912539482117,test,DirectPred
TUR,Erlotinib,,,0.020698226988315582,0.06555885076522827,test,DirectPred
H9,Erlotinib,,,0.037321895360946655,0.06791137158870697,test,DirectPred
AM-38,Erlotinib,,,0.00968497060239315,0.09257058799266815,test,DirectPred
MDA-MB-453,Erlotinib,,,0.06835882365703583,0.03590434044599533,test,DirectPred
SW756,Erlotinib,,,0.11999725550413132,0.03313053026795387,test,DirectPred
C2BBe1,Erlotinib,,,0.1278989166021347,0.03174026682972908,test,DirectPred
LAMA-84,Erlotinib,,,0.02719874680042267,0.12372653186321259,test,DirectPred
COLO 320HSR,Erlotinib,,,0.001803976483643055,0.0347101166844368,test,DirectPred
RT-4,Erlotinib,,,0.10942468792200089,0.03959488496184349,test,DirectPred
SW620,Erlotinib,,,0.0216219462454319,0.032064586877822876,test,DirectPred
CAL-33,Erlotinib,,,0.1472005546092987,0.05235424265265465,test,DirectPred
LB996-RCC,Erlotinib,,,0.24448375403881073,0.026568789035081863,test,DirectPred
LoVo,Erlotinib,,,0.15001340210437775,0.019144995138049126,test,DirectPred
PC-3,Erlotinib,,,0.03143486753106117,0.009058380499482155,test,DirectPred
U-251MG,Erlotinib,,,0.11249099671840668,0.04209178686141968,test,DirectPred
LB1047-RCC,Erlotinib,,,,0.07357540726661682,test,DirectPred
NCI-H2228,Erlotinib,,,0.009271517395973206,0.10967376828193665,test,DirectPred
RPMI-8402,Erlotinib,,,0.12291455268859863,0.0666637197136879,test,DirectPred
NCI-H727,Erlotinib,,,0.01850019581615925,0.1045631468296051,test,DirectPred
NKM-1,Erlotinib,,,0.050603028386831284,0.06900371611118317,test,DirectPred
TALL-1 [Human adult T-ALL],Erlotinib,,,,0.03937921300530434,test,DirectPred
A-431,Erlotinib,,,,0.07768435031175613,test,DirectPred
EPLC-272H,Erlotinib,,,0.08631063997745514,0.08890531957149506,test,DirectPred
TE-11,Erlotinib,,,,0.15005962550640106,test,DirectPred
NCI-H2141,Erlotinib,,,0.07694056630134583,0.08753176778554916,test,DirectPred
A-253,Erlotinib,,,0.056731969118118286,0.14892643690109253,test,DirectPred
LB831-BLC,Erlotinib,,,0.00919275265187025,0.039418090134859085,test,DirectPred
Hs 578T,Erlotinib,,,0.0,0.06118912249803543,test,DirectPred
NCI-H1975,Erlotinib,,,0.13408710062503815,0.027338262647390366,test,DirectPred
COLO 205,Erlotinib,,,0.03441523015499115,0.0563347265124321,test,DirectPred
WM115,Erlotinib,,,0.01671660505235195,0.03335919976234436,test,DirectPred
639V,Erlotinib,,,0.11340188980102539,0.12793567776679993,test,DirectPred
MEG-01,Erlotinib,,,0.044805511832237244,0.04396058991551399,test,DirectPred
NCI-H64,Erlotinib,,,0.050909120589494705,0.039881765842437744,test,DirectPred
CAL-85-1,Erlotinib,,,0.010184268467128277,0.10996755957603455,test,DirectPred
IM-9,Erlotinib,,,0.007212891709059477,0.03745793178677559,test,DirectPred
NCI-H1993,Erlotinib,,,0.023961970582604408,0.027442902326583862,test,DirectPred
NCI-H446,Erlotinib,,,0.07927269488573074,0.07483929395675659,test,DirectPred
HT-144,Erlotinib,,,0.009597049094736576,0.057155922055244446,test,DirectPred
SK-PN-DW,Erlotinib,,,0.03464638814330101,-9.26782377064228e-05,test,DirectPred
MDA-MB-468,Erlotinib,,,0.10874033719301224,0.08818740397691727,test,DirectPred
HT-1376,Erlotinib,,,0.16332949697971344,0.037558797746896744,test,DirectPred
SNU-16,Erlotinib,,,0.03348880261182785,0.026524027809500694,test,DirectPred
L-363,Erlotinib,,,0.05003935098648071,0.01630919985473156,test,DirectPred
CTB-1,Erlotinib,,,,0.030558627098798752,test,DirectPred
MFE-296,Erlotinib,,,0.09145545959472656,0.03757910430431366,test,DirectPred
SK-MM-2,Erlotinib,,,0.0,0.02567227929830551,test,DirectPred
KNS-81-FD,Erlotinib,,,,0.05031772702932358,test,DirectPred
DMS 79,Erlotinib,,,,0.012064525857567787,test,DirectPred
DoHH2,Erlotinib,,,,0.0270191952586174,test,DirectPred
HT-1197,Erlotinib,,,0.15052659809589386,0.06382078677415848,test,DirectPred
NCI-H1436,Erlotinib,,,,0.037649527192115784,test,DirectPred
NCI-H2405,Erlotinib,,,0.1328354775905609,0.030566051602363586,test,DirectPred
ChaGo-K-1,Erlotinib,,,,0.042541395872831345,test,DirectPred
JVM-3,Erlotinib,,,0.0436716228723526,0.03135507553815842,test,DirectPred
TGBC1TKB,Erlotinib,,,0.051035866141319275,0.07513377815485,test,DirectPred
KYSE-520,Erlotinib,,,0.29440051317214966,0.10277355462312698,test,DirectPred
RMG-I,Erlotinib,,,0.22536586225032806,0.0375979021191597,test,DirectPred
ES5,Erlotinib,,,,0.05564276501536369,test,DirectPred
SNU-C2B,Erlotinib,,,0.052343230694532394,0.04578471556305885,test,DirectPred
CAL-72,Erlotinib,,,0.025858262553811073,0.04561145231127739,test,DirectPred
PA-1,Erlotinib,,,0.12664523720741272,0.0420343242585659,test,DirectPred
KO52,Erlotinib,,,,0.05797184258699417,test,DirectPred
DU145,Erlotinib,,,0.05042564496397972,0.07942184805870056,test,DirectPred
HOS,Erlotinib,,,0.06404539942741394,0.09421024471521378,test,DirectPred
BHT-101,Erlotinib,,,0.07657819241285324,0.03350274637341499,test,DirectPred
NCI-H187,Erlotinib,,,,0.032140012830495834,test,DirectPred
TE-1,Erlotinib,,,0.24495911598205566,0.07797189801931381,test,DirectPred
IGROV-1,Erlotinib,,,0.2687426507472992,0.0865999311208725,test,DirectPred
COLO 741,Erlotinib,,,,0.03580191358923912,test,DirectPred
SJNB-10,Erlotinib,,,0.024565180763602257,0.05017095059156418,test,DirectPred
NCI-H1395,Erlotinib,,,,0.039195507764816284,test,DirectPred
NCI-H1755,Erlotinib,,,0.11048678308725357,0.031253017485141754,test,DirectPred
SW1463,Erlotinib,,,0.14899715781211853,0.0359029583632946,test,DirectPred
UMC-11,Erlotinib,,,0.20898011326789856,0.028611239045858383,test,DirectPred
C32 [Human melanoma],Erlotinib,,,0.06562075018882751,-0.016492461785674095,test,DirectPred
BL-41,Erlotinib,,,0.011838492006063461,0.0011146226897835732,test,DirectPred
Mel Ho,Erlotinib,,,,0.013548669405281544,test,DirectPred
BC-3,Erlotinib,,,,0.008481970056891441,test,DirectPred
CAL-120,Erlotinib,,,0.08271375298500061,0.04253987595438957,test,DirectPred
HCC70,Erlotinib,,,0.08587515354156494,0.02986011654138565,test,DirectPred
Lu-65,Erlotinib,,,0.042142268270254135,0.04646944999694824,test,DirectPred
NCI-H1092,Erlotinib,,,0.046796757727861404,0.05227556824684143,test,DirectPred
ONS-76,Erlotinib,,,0.02610629051923752,0.034971870481967926,test,DirectPred
EM-2,Erlotinib,,,0.04536241665482521,0.07694880664348602,test,DirectPred
CAL-62,Erlotinib,,,0.07042910903692245,0.1380670964717865,test,DirectPred
HCC1143,Erlotinib,,,0.1082848533987999,0.06570662558078766,test,DirectPred
NCI-H522,Erlotinib,,,0.03295173868536949,0.06339503824710846,test,DirectPred
B-CPAP,Erlotinib,,,0.12290270626544952,0.12041997164487839,test,DirectPred
ALL-PO,Erlotinib,,,0.029406465590000153,0.10248076915740967,test,DirectPred
A4/Fukuda,Erlotinib,,,0.024766676127910614,0.032408665865659714,test,DirectPred
NH-12,Erlotinib,,,0.09296922385692596,0.030418258160352707,test,DirectPred
LK-2,Erlotinib,,,0.044205572456121445,0.09224694967269897,test,DirectPred
ES7,Erlotinib,,,0.04592268913984299,0.024313990026712418,test,DirectPred
A-549,Erlotinib,,,0.09358473867177963,0.07755911350250244,test,DirectPred
SK-MEL-2,Erlotinib,,,0.0,0.0033309313002973795,test,DirectPred
BE-13,Erlotinib,,,0.14778153598308563,0.03694624826312065,test,DirectPred
RKO,Erlotinib,,,0.0,0.014001050963997841,test,DirectPred
MRK-nu-1,Erlotinib,,,0.014379004947841167,0.02624537982046604,test,DirectPred
NCI-H1792,Erlotinib,,,0.07001805305480957,0.040877677500247955,test,DirectPred
NCI-H1666,Erlotinib,,,0.23988838493824005,0.06776751577854156,test,DirectPred
NCI-H1838,Erlotinib,,,0.008247661404311657,0.09790193289518356,test,DirectPred
DG-75,Erlotinib,,,0.005751616321504116,0.031547825783491135,test,DirectPred
ARH-77,Erlotinib,,,0.0,0.04060671105980873,test,DirectPred
KNS-42,Erlotinib,,,,0.05623036250472069,test,DirectPred
THP-1,Erlotinib,,,,0.04990936070680618,test,DirectPred
KYSE-410,Erlotinib,,,0.13976818323135376,0.05071864649653435,test,DirectPred
MZ-MEL-2,Erlotinib,,,,0.034366391599178314,test,DirectPred
SIG-M5,Erlotinib,,,,0.05242611840367317,test,DirectPred
SaOS-2,Erlotinib,,,0.0,0.009909911081194878,test,DirectPred
HDLM-2,Erlotinib,,,0.1491764336824417,0.032729752361774445,test,DirectPred
SJNB-6,Erlotinib,,,,0.029975101351737976,test,DirectPred
BT-549,Erlotinib,,,0.0024211981799453497,0.07801151275634766,test,DirectPred
ACHN,Erlotinib,,,0.24275849759578705,0.020099489018321037,test,DirectPred
Karpas-299,Erlotinib,,,0.03932269662618637,0.03195927292108536,test,DirectPred
ES8,Erlotinib,,,0.08162985742092133,0.055058419704437256,test,DirectPred
SK-LU-1,Erlotinib,,,0.014437472447752953,0.05800485238432884,test,DirectPred
TE-8,Erlotinib,,,0.1304607391357422,0.05554499104619026,test,DirectPred
TE-6,Erlotinib,,,0.24535955488681793,0.0828261747956276,test,DirectPred
LCLC-103H,Erlotinib,,,0.0,0.10388654470443726,test,DirectPred
Calu-3,Erlotinib,,,0.03836726024746895,0.060097768902778625,test,DirectPred
NCI-H1694,Erlotinib,,,0.1398337483406067,0.01836119219660759,test,DirectPred
SF268,Erlotinib,,,0.0926661416888237,0.06963423639535904,test,DirectPred
MLMA,Erlotinib,,,0.04994520917534828,0.057874977588653564,test,DirectPred
IST-SL2,Erlotinib,,,0.11947661638259888,0.04621526598930359,test,DirectPred
U-118MG,Erlotinib,,,0.11946503072977066,0.03747231513261795,test,DirectPred
CA46,Erlotinib,,,0.06020939350128174,0.020411748439073563,test,DirectPred
D-263MG,Erlotinib,,,0.043079253286123276,0.10963478684425354,test,DirectPred
COLO 668,Erlotinib,,,0.07907785475254059,0.05821583792567253,test,DirectPred
Caki-1,Erlotinib,,,,0.01964600756764412,test,DirectPred
5637,Erlotinib,,,0.16928857564926147,0.050570033490657806,test,DirectPred
BFTC-905,Erlotinib,,,0.003112225327640772,0.14546418190002441,test,DirectPred
LS1034,Erlotinib,,,0.08312447369098663,0.07806225121021271,test,DirectPred
SN12C,Erlotinib,,,0.09116033464670181,0.12223103642463684,test,DirectPred
Lu-135,Erlotinib,,,0.0,0.07198309898376465,test,DirectPred
OVCAR-5,Erlotinib,,,0.058288972824811935,0.10964532196521759,test,DirectPred
BB49-HNC,Erlotinib,,,0.06490319967269897,0.04790116101503372,test,DirectPred
NCI-H358,Erlotinib,,,0.10449909418821335,0.07838024944067001,test,DirectPred
RD,Erlotinib,,,0.01366574876010418,0.01353161409497261,test,DirectPred
K5,Erlotinib,,,0.05337323620915413,0.024340860545635223,test,DirectPred
TGW,Erlotinib,,,0.01655658893287182,0.05862624570727348,test,DirectPred
NCI-H2029,Erlotinib,,,,0.023815413936972618,test,DirectPred
Kuramochi,Erlotinib,,,0.03746925666928291,0.02945259027183056,test,DirectPred
RVH-421,Erlotinib,,,,0.0284408088773489,test,DirectPred
ETK-1,Erlotinib,,,0.09622740745544434,0.033367861062288284,test,DirectPred
