,E0,E1,E2,E3,E4,E5,E6,E7,E8,E9,E10,E11,E12,E13,E14,E15,E16,E17,E18,E19,E20,E21,E22,E23,E24,E25,E26,E27,E28
NCI-H1355,0.016267449,0.03723303,-0.60114884,-0.059812747,-0.5760749,-0.05617936,0.27149272,-0.52870274,0.1903912,0.44009256,0.11587736,0.093510166,0.26481122,-0.06608468,-0.55922246,0.6911415,-0.50247926,-0.53652394,-0.14269505,-0.4364961,0.31691697,0.10142589,0.6432511,-0.38173592,-0.5975044,-0.14281031,-0.053434465,0.43276584,0.34309232
COLO 741,0.11975292,-0.03790697,-0.4466368,-0.18174472,-0.48560953,-0.12685259,0.17963478,-0.49133217,0.32133842,0.5697579,0.26426202,0.24833359,0.47639212,-0.22542214,-0.4201365,0.507775,-0.38433555,-0.55648845,-0.1349378,-0.5473136,0.3473265,0.043475892,0.57308877,-0.20608865,-0.46504796,-0.27863204,-0.02866819,0.40991104,0.54878557
KOPN-8,0.016267449,0.03723303,-0.60114884,-0.059812747,-0.5760749,-0.05617936,0.27149272,-0.52870274,0.1903912,0.44009256,0.11587736,0.093510166,0.26481122,-0.06608468,-0.55922246,0.6911415,-0.50247926,-0.53652394,-0.14269505,-0.4364961,0.31691697,0.10142589,0.6432511,-0.38173592,-0.5975044,-0.14281031,-0.053434465,0.43276584,0.34309232
SNU-1197,0.11975292,-0.03790697,-0.4466368,-0.18174472,-0.48560953,-0.12685259,0.17963478,-0.49133217,0.32133842,0.5697579,0.26426202,0.24833359,0.47639212,-0.22542214,-0.4201365,0.507775,-0.38433555,-0.55648845,-0.1349378,-0.5473136,0.3473265,0.043475892,0.57308877,-0.20608865,-0.46504796,-0.27863204,-0.02866819,0.40991104,0.54878557
Pfeiffer,-0.068560325,-0.26538897,-0.6509062,0.116642565,-0.5080951,-0.07737591,0.30219436,-0.7012652,0.0015621185,0.8751842,0.61907965,0.48111975,0.07080728,-0.16608766,-0.6214614,0.042518616,-0.38251704,-0.64645684,0.2601764,-0.16723442,0.76314497,0.21623313,0.5890769,-0.13807313,-0.38990587,-0.2186453,-0.12459265,0.61603993,0.9756608
JHH-4,0.006739691,0.044151057,-0.6153745,-0.04858665,-0.58440393,-0.04967258,0.27994993,-0.5321434,0.17833507,0.42815447,0.1022158,0.079255804,0.2453313,-0.051414713,-0.5720279,0.7080238,-0.51335657,-0.53468585,-0.14340925,-0.4262933,0.31411722,0.10676126,0.64971083,-0.39790753,-0.6096994,-0.13030541,-0.05571466,0.43487006,0.32415447
DMS 114,0.006739691,0.044151057,-0.6153745,-0.04858665,-0.58440393,-0.04967258,0.27994993,-0.5321434,0.17833507,0.42815447,0.1022158,0.079255804,0.2453313,-0.051414713,-0.5720279,0.7080238,-0.51335657,-0.53468585,-0.14340925,-0.4262933,0.31411722,0.10676126,0.64971083,-0.39790753,-0.6096994,-0.13030541,-0.05571466,0.43487006,0.32415447
JHOS-2,0.22015765,-0.26682287,-0.6941723,-0.07907824,-0.25621653,-0.11886291,0.23507273,-0.23196241,0.39833948,0.75977117,0.4009881,0.5674882,0.71694165,-0.4368356,-0.1464454,0.16793022,-0.16456363,-0.7388631,0.13893664,-0.69827116,0.14807922,-0.008201074,0.24283814,-0.38813215,-0.15037507,-0.6073172,0.15439767,0.32113194,0.78855634
8305C,0.11975292,-0.03790697,-0.4466368,-0.18174472,-0.48560953,-0.12685259,0.17963478,-0.49133217,0.32133842,0.5697579,0.26426202,0.24833359,0.47639212,-0.22542214,-0.4201365,0.507775,-0.38433555,-0.55648845,-0.1349378,-0.5473136,0.3473265,0.043475892,0.57308877,-0.20608865,-0.46504796,-0.27863204,-0.02866819,0.40991104,0.54878557
PaTu 8988t,0.07389566,-0.020256238,-0.511802,-0.12442674,-0.51959145,-0.098934494,0.21842386,-0.5139891,0.25981143,0.5355561,0.2253502,0.2018297,0.38175118,-0.16472197,-0.47954538,0.5547095,-0.42737478,-0.5530671,-0.120795615,-0.49054262,0.354091,0.072046414,0.5993818,-0.26727054,-0.5101609,-0.22648607,-0.04182752,0.42710692,0.49205405
CAL-120,0.11975292,-0.03790697,-0.4466368,-0.18174472,-0.48560953,-0.12685259,0.17963478,-0.49133217,0.32133842,0.5697579,0.26426202,0.24833359,0.47639212,-0.22542214,-0.4201365,0.507775,-0.38433555,-0.55648845,-0.1349378,-0.5473136,0.3473265,0.043475892,0.57308877,-0.20608865,-0.46504796,-0.27863204,-0.02866819,0.40991104,0.54878557
NCI-H2227,0.11975292,-0.03790697,-0.4466368,-0.18174472,-0.48560953,-0.12685259,0.17963478,-0.49133217,0.32133842,0.5697579,0.26426202,0.24833359,0.47639212,-0.22542214,-0.4201365,0.507775,-0.38433555,-0.55648845,-0.1349378,-0.5473136,0.3473265,0.043475892,0.57308877,-0.20608865,-0.46504796,-0.27863204,-0.02866819,0.40991104,0.54878557
UT-7,0.006739691,0.044151057,-0.6153745,-0.04858665,-0.58440393,-0.04967258,0.27994993,-0.5321434,0.17833507,0.42815447,0.1022158,0.079255804,0.2453313,-0.051414713,-0.5720279,0.7080238,-0.51335657,-0.53468585,-0.14340925,-0.4262933,0.31411722,0.10676126,0.64971083,-0.39790753,-0.6096994,-0.13030541,-0.05571466,0.43487006,0.32415447
Hs 604.T,-0.13821062,-0.2580526,-0.74577117,0.20779034,-0.55210936,-0.039203033,0.3587249,-0.74326587,-0.09624496,0.8521812,0.59338474,0.43799567,-0.07403782,-0.08622274,-0.7089267,0.07109088,-0.43629587,-0.64801276,0.3035354,-0.07146859,0.79860914,0.26322588,0.6230408,-0.21027426,-0.44152167,-0.14945024,-0.14729872,0.65095484,0.93232834
IST-Mes1,-0.13821062,-0.2580526,-0.74577117,0.20779034,-0.55210936,-0.039203033,0.3587249,-0.74326587,-0.09624496,0.8521812,0.59338474,0.43799567,-0.07403782,-0.08622274,-0.7089267,0.07109088,-0.43629587,-0.64801276,0.3035354,-0.07146859,0.79860914,0.26322588,0.6230408,-0.21027426,-0.44152167,-0.14945024,-0.14729872,0.65095484,0.93232834
SW1271,0.10910171,-0.050773602,-0.4581905,-0.16486761,-0.48688135,-0.124054134,0.18656689,-0.5032062,0.3032515,0.58703315,0.2843309,0.26150024,0.45345178,-0.22206612,-0.43152368,0.4814596,-0.3842327,-0.56157714,-0.1125897,-0.5258159,0.37084565,0.053247232,0.5739931,-0.20224161,-0.46079785,-0.27523914,-0.034093782,0.4215699,0.5729301
UACC-893,-0.10846666,-0.61177814,-1.3526742,0.55797577,-0.26115942,0.053474978,0.5659979,-0.38605043,-0.15829968,1.1020386,0.7450355,0.8654339,0.041904062,-0.27197343,-0.42634088,-0.4079523,-0.1840558,-0.9514732,0.8315705,-0.14154279,0.5152501,0.26724198,0.14174724,-0.6754492,-0.030102432,-0.5548408,0.11654521,0.56464005,1.2141643
Fu97,0.11975292,-0.03790697,-0.4466368,-0.18174472,-0.48560953,-0.12685259,0.17963478,-0.49133217,0.32133842,0.5697579,0.26426202,0.24833359,0.47639212,-0.22542214,-0.4201365,0.507775,-0.38433555,-0.55648845,-0.1349378,-0.5473136,0.3473265,0.043475892,0.57308877,-0.20608865,-0.46504796,-0.27863204,-0.02866819,0.40991104,0.54878557
Panc 04.03,0.07151653,-0.0130879115,-0.54465514,-0.11045624,-0.51851344,-0.088902734,0.23190731,-0.49415722,0.25702792,0.5135186,0.19462368,0.18721828,0.38007745,-0.1548688,-0.47589138,0.5826528,-0.4325267,-0.557845,-0.1211314,-0.49850103,0.31818914,0.07078488,0.5886433,-0.3110159,-0.51461124,-0.2282031,-0.029809367,0.41620737,0.45553797
DBTRG-05MG,0.06881668,-0.09943784,-0.501889,-0.10103491,-0.4916916,-0.1134698,0.21278553,-0.54811627,0.23484316,0.65237164,0.3602355,0.31129918,0.3666868,-0.20937295,-0.47459224,0.3819293,-0.38384366,-0.5808237,-0.02806463,-0.44450718,0.4597999,0.09020444,0.5774133,-0.18769135,-0.444723,-0.26240644,-0.054614488,0.46566617,0.66424966
EBC-1,0.006739691,0.044151057,-0.6153745,-0.04858665,-0.58440393,-0.04967258,0.27994993,-0.5321434,0.17833507,0.42815447,0.1022158,0.079255804,0.2453313,-0.051414713,-0.5720279,0.7080238,-0.51335657,-0.53468585,-0.14340925,-0.4262933,0.31411722,0.10676126,0.64971083,-0.39790753,-0.6096994,-0.13030541,-0.05571466,0.43487006,0.32415447
SUP-T11,0.006739691,0.044151057,-0.6153745,-0.04858665,-0.58440393,-0.04967258,0.27994993,-0.5321434,0.17833507,0.42815447,0.1022158,0.079255804,0.2453313,-0.051414713,-0.5720279,0.7080238,-0.51335657,-0.53468585,-0.14340925,-0.4262933,0.31411722,0.10676126,0.64971083,-0.39790753,-0.6096994,-0.13030541,-0.05571466,0.43487006,0.32415447
ZR-75-1,-0.3767993,-0.8416697,-1.2713034,0.7917974,-0.40358165,0.043763444,0.6029814,-0.9072701,-0.57906634,1.5500169,1.3395169,1.1108941,-0.5708833,-0.16600157,-0.8328762,-1.0285065,-0.24876142,-0.9477105,1.2056729,0.46313977,1.3783418,0.5181267,0.3888199,-0.20617598,-0.051092923,-0.3145145,-0.17181571,0.9407453,1.8912985
CL-40,-0.027541883,0.005092595,-0.65305775,0.0052390248,-0.5894158,-0.040154234,0.30254954,-0.5694436,0.12064785,0.48025748,0.16277099,0.118308574,0.17162934,-0.03912288,-0.6090128,0.6284887,-0.5144265,-0.550248,-0.07412501,-0.3582546,0.38677043,0.13777602,0.65334314,-0.38803062,-0.59806335,-0.11817558,-0.072848625,0.47133163,0.39668787
HMCB,0.006739691,0.044151057,-0.6153745,-0.04858665,-0.58440393,-0.04967258,0.27994993,-0.5321434,0.17833507,0.42815447,0.1022158,0.079255804,0.2453313,-0.051414713,-0.5720279,0.7080238,-0.51335657,-0.53468585,-0.14340925,-0.4262933,0.31411722,0.10676126,0.64971083,-0.39790753,-0.6096994,-0.13030541,-0.05571466,0.43487006,0.32415447
KP-N-YN,0.10969387,-0.71202654,-1.1313175,0.32898226,-0.0758661,-0.059243128,0.4144917,-0.22385433,0.12752588,1.2530608,0.8992563,1.0986544,0.50065994,-0.56207407,-0.116452605,-0.628364,0.033014446,-0.9966979,0.80206347,-0.4292997,0.41199,0.12913296,-0.03419441,-0.4780118,0.20950162,-0.8362626,0.2155691,0.46085212,1.4550295
Detroit 562,-0.40213242,-0.15796144,-1.1205003,0.5379857,-0.74710196,0.12114908,0.5817843,-0.87424505,-0.45068473,0.6575605,0.37199888,0.17246279,-0.61880815,0.26217842,-1.0506295,0.33793527,-0.6831099,-0.62883997,0.38660625,0.25599653,0.8394733,0.42793357,0.77390677,-0.5608037,-0.69986284,0.14989716,-0.22324306,0.75059694,0.6091082
SK-MEL-28,0.041867867,-0.13199195,-0.53112125,-0.058333807,-0.4949094,-0.10638937,0.23032457,-0.57815903,0.18908116,0.6960801,0.41101214,0.34461233,0.30864504,-0.20088181,-0.5034031,0.31534818,-0.38358343,-0.59369874,0.028478697,-0.39011547,0.5193061,0.1149271,0.57970136,-0.17795789,-0.4339697,-0.25382194,-0.06834188,0.4951645,0.7253382
Namalwa,0.11975292,-0.03790697,-0.4466368,-0.18174472,-0.48560953,-0.12685259,0.17963478,-0.49133217,0.32133842,0.5697579,0.26426202,0.24833359,0.47639212,-0.22542214,-0.4201365,0.507775,-0.38433555,-0.55648845,-0.1349378,-0.5473136,0.3473265,0.043475892,0.57308877,-0.20608865,-0.46504796,-0.27863204,-0.02866819,0.40991104,0.54878557
SNU-1196,0.006739691,0.044151057,-0.6153745,-0.04858665,-0.58440393,-0.04967258,0.27994993,-0.5321434,0.17833507,0.42815447,0.1022158,0.079255804,0.2453313,-0.051414713,-0.5720279,0.7080238,-0.51335657,-0.53468585,-0.14340925,-0.4262933,0.31411722,0.10676126,0.64971083,-0.39790753,-0.6096994,-0.13030541,-0.05571466,0.43487006,0.32415447
HCC1438,0.22015765,-0.26682287,-0.6941723,-0.07907824,-0.25621653,-0.11886291,0.23507273,-0.23196241,0.39833948,0.75977117,0.4009881,0.5674882,0.71694165,-0.4368356,-0.1464454,0.16793022,-0.16456363,-0.7388631,0.13893664,-0.69827116,0.14807922,-0.008201074,0.24283814,-0.38813215,-0.15037507,-0.6073172,0.15439767,0.32113194,0.78855634
NCI-H727,0.23571315,-0.30228838,-0.7325225,-0.063172325,-0.22067711,-0.11762508,0.24366161,-0.19177878,0.4102691,0.78920954,0.42217082,0.6169342,0.7542095,-0.46958944,-0.10404298,0.11527875,-0.1305148,-0.767118,0.18136746,-0.7216587,0.117210224,-0.016207285,0.19167307,-0.41633576,-0.101623416,-0.6582397,0.18275969,0.30737758,0.8257036
Hs 688(A).T,-0.13821062,-0.2580526,-0.74577117,0.20779034,-0.55210936,-0.039203033,0.3587249,-0.74326587,-0.09624496,0.8521812,0.59338474,0.43799567,-0.07403782,-0.08622274,-0.7089267,0.07109088,-0.43629587,-0.64801276,0.3035354,-0.07146859,0.79860914,0.26322588,0.6230408,-0.21027426,-0.44152167,-0.14945024,-0.14729872,0.65095484,0.93232834
COV362,0.11975292,-0.03790697,-0.4466368,-0.18174472,-0.48560953,-0.12685259,0.17963478,-0.49133217,0.32133842,0.5697579,0.26426202,0.24833359,0.47639212,-0.22542214,-0.4201365,0.507775,-0.38433555,-0.55648845,-0.1349378,-0.5473136,0.3473265,0.043475892,0.57308877,-0.20608865,-0.46504796,-0.27863204,-0.02866819,0.40991104,0.54878557
KNS-42,0.11975292,-0.03790697,-0.4466368,-0.18174472,-0.48560953,-0.12685259,0.17963478,-0.49133217,0.32133842,0.5697579,0.26426202,0.24833359,0.47639212,-0.22542214,-0.4201365,0.507775,-0.38433555,-0.55648845,-0.1349378,-0.5473136,0.3473265,0.043475892,0.57308877,-0.20608865,-0.46504796,-0.27863204,-0.02866819,0.40991104,0.54878557
Ki-JK,-0.13821062,-0.2580526,-0.74577117,0.20779034,-0.55210936,-0.039203033,0.3587249,-0.74326587,-0.09624496,0.8521812,0.59338474,0.43799567,-0.07403782,-0.08622274,-0.7089267,0.07109088,-0.43629587,-0.64801276,0.3035354,-0.07146859,0.79860914,0.26322588,0.6230408,-0.21027426,-0.44152167,-0.14945024,-0.14729872,0.65095484,0.93232834
Hs 683,0.006739691,0.044151057,-0.6153745,-0.04858665,-0.58440393,-0.04967258,0.27994993,-0.5321434,0.17833507,0.42815447,0.1022158,0.079255804,0.2453313,-0.051414713,-0.5720279,0.7080238,-0.51335657,-0.53468585,-0.14340925,-0.4262933,0.31411722,0.10676126,0.64971083,-0.39790753,-0.6096994,-0.13030541,-0.05571466,0.43487006,0.32415447
MEC-2,0.006739691,0.044151057,-0.6153745,-0.04858665,-0.58440393,-0.04967258,0.27994993,-0.5321434,0.17833507,0.42815447,0.1022158,0.079255804,0.2453313,-0.051414713,-0.5720279,0.7080238,-0.51335657,-0.53468585,-0.14340925,-0.4262933,0.31411722,0.10676126,0.64971083,-0.39790753,-0.6096994,-0.13030541,-0.05571466,0.43487006,0.32415447
LN-308,0.006739691,0.044151057,-0.6153745,-0.04858665,-0.58440393,-0.04967258,0.27994993,-0.5321434,0.17833507,0.42815447,0.1022158,0.079255804,0.2453313,-0.051414713,-0.5720279,0.7080238,-0.51335657,-0.53468585,-0.14340925,-0.4262933,0.31411722,0.10676126,0.64971083,-0.39790753,-0.6096994,-0.13030541,-0.05571466,0.43487006,0.32415447
SK-MEL-2,-0.026043467,-0.2140287,-0.6047868,0.04927349,-0.5030184,-0.08854662,0.2745232,-0.6538671,0.073760346,0.8062259,0.5389699,0.42856193,0.16237912,-0.17948404,-0.5760068,0.14756292,-0.38292763,-0.626144,0.17096859,-0.25304767,0.66926265,0.17722848,0.58546716,-0.15342948,-0.40687126,-0.23218894,-0.10293508,0.5695007,0.87928206
NUGC-4,0.45543244,-0.8032333,-1.2742136,0.16149646,0.28131193,-0.10014098,0.36497846,0.37580943,0.5787733,1.2050226,0.7213735,1.3153517,1.2806127,-0.9322331,0.49488515,-0.6284159,0.35042003,-1.166215,0.78069675,-1.0520047,-0.31880978,-0.12929386,-0.53102636,-0.8147081,0.58698666,-1.3775133,0.5833694,0.11309913,1.3504027
HCC78,0.006739691,0.044151057,-0.6153745,-0.04858665,-0.58440393,-0.04967258,0.27994993,-0.5321434,0.17833507,0.42815447,0.1022158,0.079255804,0.2453313,-0.051414713,-0.5720279,0.7080238,-0.51335657,-0.53468585,-0.14340925,-0.4262933,0.31411722,0.10676126,0.64971083,-0.39790753,-0.6096994,-0.13030541,-0.05571466,0.43487006,0.32415447
Hep 3B2.1-7,0.006739691,0.044151057,-0.6153745,-0.04858665,-0.58440393,-0.04967258,0.27994993,-0.5321434,0.17833507,0.42815447,0.1022158,0.079255804,0.2453313,-0.051414713,-0.5720279,0.7080238,-0.51335657,-0.53468585,-0.14340925,-0.4262933,0.31411722,0.10676126,0.64971083,-0.39790753,-0.6096994,-0.13030541,-0.05571466,0.43487006,0.32415447
Hs 737.T,-0.13821062,-0.2580526,-0.74577117,0.20779034,-0.55210936,-0.039203033,0.3587249,-0.74326587,-0.09624496,0.8521812,0.59338474,0.43799567,-0.07403782,-0.08622274,-0.7089267,0.07109088,-0.43629587,-0.64801276,0.3035354,-0.07146859,0.79860914,0.26322588,0.6230408,-0.21027426,-0.44152167,-0.14945024,-0.14729872,0.65095484,0.93232834
OPM-2,0.11975292,-0.03790697,-0.4466368,-0.18174472,-0.48560953,-0.12685259,0.17963478,-0.49133217,0.32133842,0.5697579,0.26426202,0.24833359,0.47639212,-0.22542214,-0.4201365,0.507775,-0.38433555,-0.55648845,-0.1349378,-0.5473136,0.3473265,0.043475892,0.57308877,-0.20608865,-0.46504796,-0.27863204,-0.02866819,0.40991104,0.54878557
A-172,-0.13821062,-0.2580526,-0.74577117,0.20779034,-0.55210936,-0.039203033,0.3587249,-0.74326587,-0.09624496,0.8521812,0.59338474,0.43799567,-0.07403782,-0.08622274,-0.7089267,0.07109088,-0.43629587,-0.64801276,0.3035354,-0.07146859,0.79860914,0.26322588,0.6230408,-0.21027426,-0.44152167,-0.14945024,-0.14729872,0.65095484,0.93232834
AGS,0.5948102,-1.831072,-2.3405576,0.8347534,1.0405496,-0.019362979,0.68683434,1.0347973,0.4960906,2.1842427,1.5719738,2.657156,1.6638039,-1.5902213,1.2120969,-2.292207,1.1030688,-1.88642,2.1433225,-1.1567469,-0.54986024,-0.11904739,-1.6417912,-1.3629917,1.7430595,-2.4353657,1.1049737,0.03269136,2.630875
SCC-15,-0.003526099,-0.027314244,-0.83175147,0.07528618,-0.5217391,-0.0039343536,0.3621887,-0.42298934,0.14002831,0.44777134,0.08383304,0.14935583,0.24218243,-0.064350545,-0.5156407,0.6442978,-0.4718886,-0.6151613,-0.009446368,-0.43727392,0.19538645,0.11481047,0.5240485,-0.59362483,-0.52867013,-0.21643734,0.022277446,0.40344524,0.32408535
HuNS1,-0.21758232,-0.75513667,-1.1278062,0.58427906,-0.33361155,-0.007825136,0.5060065,-0.73699856,-0.33418435,1.428962,1.1881057,1.0573754,-0.22866133,-0.27813286,-0.6336572,-0.8456246,-0.18584882,-0.9213752,1.0013906,0.17926008,1.1120665,0.3887053,0.31718674,-0.21317945,-0.016703933,-0.4335847,-0.083828546,0.79784346,1.7268242
NCI-H520,0.006739691,0.044151057,-0.6153745,-0.04858665,-0.58440393,-0.04967258,0.27994993,-0.5321434,0.17833507,0.42815447,0.1022158,0.079255804,0.2453313,-0.051414713,-0.5720279,0.7080238,-0.51335657,-0.53468585,-0.14340925,-0.4262933,0.31411722,0.10676126,0.64971083,-0.39790753,-0.6096994,-0.13030541,-0.05571466,0.43487006,0.32415447
SU-DHL-6,0.006739691,0.044151057,-0.6153745,-0.04858665,-0.58440393,-0.04967258,0.27994993,-0.5321434,0.17833507,0.42815447,0.1022158,0.079255804,0.2453313,-0.051414713,-0.5720279,0.7080238,-0.51335657,-0.53468585,-0.14340925,-0.4262933,0.31411722,0.10676126,0.64971083,-0.39790753,-0.6096994,-0.13030541,-0.05571466,0.43487006,0.32415447
F5,0.006739691,0.044151057,-0.6153745,-0.04858665,-0.58440393,-0.04967258,0.27994993,-0.5321434,0.17833507,0.42815447,0.1022158,0.079255804,0.2453313,-0.051414713,-0.5720279,0.7080238,-0.51335657,-0.53468585,-0.14340925,-0.4262933,0.31411722,0.10676126,0.64971083,-0.39790753,-0.6096994,-0.13030541,-0.05571466,0.43487006,0.32415447
ES-2,0.11975292,-0.03790697,-0.4466368,-0.18174472,-0.48560953,-0.12685259,0.17963478,-0.49133217,0.32133842,0.5697579,0.26426202,0.24833359,0.47639212,-0.22542214,-0.4201365,0.507775,-0.38433555,-0.55648845,-0.1349378,-0.5473136,0.3473265,0.043475892,0.57308877,-0.20608865,-0.46504796,-0.27863204,-0.02866819,0.40991104,0.54878557
IGR-37,0.11975292,-0.03790697,-0.4466368,-0.18174472,-0.48560953,-0.12685259,0.17963478,-0.49133217,0.32133842,0.5697579,0.26426202,0.24833359,0.47639212,-0.22542214,-0.4201365,0.507775,-0.38433555,-0.55648845,-0.1349378,-0.5473136,0.3473265,0.043475892,0.57308877,-0.20608865,-0.46504796,-0.27863204,-0.02866819,0.40991104,0.54878557
KALS-1,0.05349914,-0.75587386,-1.1678095,0.40005872,-0.097497255,-0.04683765,0.44277498,-0.29661983,0.03851819,1.3199854,0.98276955,1.137697,0.37796122,-0.5320293,-0.18794723,-0.7268513,0.018406838,-1.0077361,0.8867141,-0.3194278,0.5345333,0.1779105,-0.0073422194,-0.44770986,0.207578,-0.79799825,0.17789,0.52091336,1.5503362
KMS-26,0.056875832,-0.30712184,-1.3426574,0.33830526,-0.2547527,0.07060145,0.52720463,-0.06374806,0.14076772,0.62056065,0.15949014,0.49522382,0.41901457,-0.2432843,-0.22462378,0.29236126,-0.24391164,-0.8733382,0.39790007,-0.56765175,-0.13282278,0.08786458,0.08658597,-1.024159,-0.16981494,-0.5935105,0.2772566,0.2893741,0.50494254
OE19,0.056875832,-0.30712184,-1.3426574,0.33830526,-0.2547527,0.07060145,0.52720463,-0.06374806,0.14076772,0.62056065,0.15949014,0.49522382,0.41901457,-0.2432843,-0.22462378,0.29236126,-0.24391164,-0.8733382,0.39790007,-0.56765175,-0.13282278,0.08786458,0.08658597,-1.024159,-0.16981494,-0.5935105,0.2772566,0.2893741,0.50494254
TIG-3 TD,0.006739691,0.044151057,-0.6153745,-0.04858665,-0.58440393,-0.04967258,0.27994993,-0.5321434,0.17833507,0.42815447,0.1022158,0.079255804,0.2453313,-0.051414713,-0.5720279,0.7080238,-0.51335657,-0.53468585,-0.14340925,-0.4262933,0.31411722,0.10676126,0.64971083,-0.39790753,-0.6096994,-0.13030541,-0.05571466,0.43487006,0.32415447
Capan-2,0.07389566,-0.020256238,-0.511802,-0.12442674,-0.51959145,-0.098934494,0.21842386,-0.5139891,0.25981143,0.5355561,0.2253502,0.2018297,0.38175118,-0.16472197,-0.47954538,0.5547095,-0.42737478,-0.5530671,-0.120795615,-0.49054262,0.354091,0.072046414,0.5993818,-0.26727054,-0.5101609,-0.22648607,-0.04182752,0.42710692,0.49205405
HRT-18,-0.27777824,-0.51812375,-0.8778516,0.44815382,-0.53307676,-0.022406824,0.43835926,-0.93450296,-0.35371256,1.2145159,1.0132856,0.7397475,-0.37980154,-0.100166455,-0.84513545,-0.47438592,-0.38049668,-0.74641263,0.69915223,0.2550373,1.2251235,0.40816817,0.60683984,-0.0625072,-0.30642226,-0.15199943,-0.23116569,0.84505117,1.4499235
FU-OV-1,0.22015765,-0.26682287,-0.6941723,-0.07907824,-0.25621653,-0.11886291,0.23507273,-0.23196241,0.39833948,0.75977117,0.4009881,0.5674882,0.71694165,-0.4368356,-0.1464454,0.16793022,-0.16456363,-0.7388631,0.13893664,-0.69827116,0.14807922,-0.008201074,0.24283814,-0.38813215,-0.15037507,-0.6073172,0.15439767,0.32113194,0.78855634
SW1710,0.006739691,0.044151057,-0.6153745,-0.04858665,-0.58440393,-0.04967258,0.27994993,-0.5321434,0.17833507,0.42815447,0.1022158,0.079255804,0.2453313,-0.051414713,-0.5720279,0.7080238,-0.51335657,-0.53468585,-0.14340925,-0.4262933,0.31411722,0.10676126,0.64971083,-0.39790753,-0.6096994,-0.13030541,-0.05571466,0.43487006,0.32415447
DEL,0.006739691,0.044151057,-0.6153745,-0.04858665,-0.58440393,-0.04967258,0.27994993,-0.5321434,0.17833507,0.42815447,0.1022158,0.079255804,0.2453313,-0.051414713,-0.5720279,0.7080238,-0.51335657,-0.53468585,-0.14340925,-0.4262933,0.31411722,0.10676126,0.64971083,-0.39790753,-0.6096994,-0.13030541,-0.05571466,0.43487006,0.32415447
T3M-4,0.23571315,-0.30228838,-0.7325225,-0.063172325,-0.22067711,-0.11762508,0.24366161,-0.19177878,0.4102691,0.78920954,0.42217082,0.6169342,0.7542095,-0.46958944,-0.10404298,0.11527875,-0.1305148,-0.767118,0.18136746,-0.7216587,0.117210224,-0.016207285,0.19167307,-0.41633576,-0.101623416,-0.6582397,0.18275969,0.30737758,0.8257036
SK-LMS-1,0.22015765,-0.26682287,-0.6941723,-0.07907824,-0.25621653,-0.11886291,0.23507273,-0.23196241,0.39833948,0.75977117,0.4009881,0.5674882,0.71694165,-0.4368356,-0.1464454,0.16793022,-0.16456363,-0.7388631,0.13893664,-0.69827116,0.14807922,-0.008201074,0.24283814,-0.38813215,-0.15037507,-0.6073172,0.15439767,0.32113194,0.78855634
SF126,-0.3767993,-0.8416697,-1.2713034,0.7917974,-0.40358165,0.043763444,0.6029814,-0.9072701,-0.57906634,1.5500169,1.3395169,1.1108941,-0.5708833,-0.16600157,-0.8328762,-1.0285065,-0.24876142,-0.9477105,1.2056729,0.46313977,1.3783418,0.5181267,0.3888199,-0.20617598,-0.051092923,-0.3145145,-0.17181571,0.9407453,1.8912985
SNU-475,0.22015765,-0.26682287,-0.6941723,-0.07907824,-0.25621653,-0.11886291,0.23507273,-0.23196241,0.39833948,0.75977117,0.4009881,0.5674882,0.71694165,-0.4368356,-0.1464454,0.16793022,-0.16456363,-0.7388631,0.13893664,-0.69827116,0.14807922,-0.008201074,0.24283814,-0.38813215,-0.15037507,-0.6073172,0.15439767,0.32113194,0.78855634
FTC-133,0.3788599,-0.7461856,-1.384851,0.24966592,0.21305811,-0.04855842,0.43160474,0.34608537,0.4823457,1.1084821,0.6116457,1.1992233,1.123729,-0.81380594,0.39068192,-0.4912325,0.2620248,-1.1499286,0.7724831,-0.9696035,-0.33918628,-0.086456835,-0.47667563,-0.9414022,0.48724854,-1.2751852,0.5635668,0.1306288,1.1978297
NCI-H1755,0.06881668,-0.09943784,-0.501889,-0.10103491,-0.4916916,-0.1134698,0.21278553,-0.54811627,0.23484316,0.65237164,0.3602355,0.31129918,0.3666868,-0.20937295,-0.47459224,0.3819293,-0.38384366,-0.5808237,-0.02806463,-0.44450718,0.4597999,0.09020444,0.5774133,-0.18769135,-0.444723,-0.26240644,-0.054614488,0.46566617,0.66424966
PANC-1,0.016267449,0.03723303,-0.60114884,-0.059812747,-0.5760749,-0.05617936,0.27149272,-0.52870274,0.1903912,0.44009256,0.11587736,0.093510166,0.26481122,-0.06608468,-0.55922246,0.6911415,-0.50247926,-0.53652394,-0.14269505,-0.4364961,0.31691697,0.10142589,0.6432511,-0.38173592,-0.5975044,-0.14281031,-0.053434465,0.43276584,0.34309232
MFE-319,0.11975292,-0.03790697,-0.4466368,-0.18174472,-0.48560953,-0.12685259,0.17963478,-0.49133217,0.32133842,0.5697579,0.26426202,0.24833359,0.47639212,-0.22542214,-0.4201365,0.507775,-0.38433555,-0.55648845,-0.1349378,-0.5473136,0.3473265,0.043475892,0.57308877,-0.20608865,-0.46504796,-0.27863204,-0.02866819,0.40991104,0.54878557
KP-1N,0.07389566,-0.020256238,-0.511802,-0.12442674,-0.51959145,-0.098934494,0.21842386,-0.5139891,0.25981143,0.5355561,0.2253502,0.2018297,0.38175118,-0.16472197,-0.47954538,0.5547095,-0.42737478,-0.5530671,-0.120795615,-0.49054262,0.354091,0.072046414,0.5993818,-0.26727054,-0.5101609,-0.22648607,-0.04182752,0.42710692,0.49205405
CHP-126,0.006739691,0.044151057,-0.6153745,-0.04858665,-0.58440393,-0.04967258,0.27994993,-0.5321434,0.17833507,0.42815447,0.1022158,0.079255804,0.2453313,-0.051414713,-0.5720279,0.7080238,-0.51335657,-0.53468585,-0.14340925,-0.4262933,0.31411722,0.10676126,0.64971083,-0.39790753,-0.6096994,-0.13030541,-0.05571466,0.43487006,0.32415447
BT-474,-0.0626765,-0.09550208,-0.67889166,0.07312617,-0.5709172,-0.04355701,0.3182959,-0.63127303,0.04797429,0.6236815,0.328735,0.24389118,0.092672944,-0.06487322,-0.6383091,0.41412273,-0.47947115,-0.5871992,0.06493306,-0.2588533,0.53957856,0.18075451,0.6384937,-0.31344795,-0.53356194,-0.13686776,-0.09886584,0.53606135,0.6042516
MCF-7,-0.55457294,-0.68609583,-1.4797708,0.96834004,-0.58106285,0.15487178,0.74023604,-1.0024091,-0.795887,1.312263,1.0791161,0.8149808,-0.9392605,0.11839387,-1.0925158,-0.6815974,-0.4692711,-0.88839793,1.1493442,0.65795255,1.3544133,0.6163103,0.54862696,-0.4607464,-0.30900675,-0.05060956,-0.23694363,0.9879631,1.5237057
SK-BR-3,0.006739691,0.044151057,-0.6153745,-0.04858665,-0.58440393,-0.04967258,0.27994993,-0.5321434,0.17833507,0.42815447,0.1022158,0.079255804,0.2453313,-0.051414713,-0.5720279,0.7080238,-0.51335657,-0.53468585,-0.14340925,-0.4262933,0.31411722,0.10676126,0.64971083,-0.39790753,-0.6096994,-0.13030541,-0.05571466,0.43487006,0.32415447
RERF-LC-Sq1,-0.23370457,-1.2019328,-1.7790097,1.0161456,-0.032970846,0.08936235,0.7394695,-0.44394338,-0.48263997,1.8082213,1.4891961,1.5944206,-0.2133762,-0.47303635,-0.394076,-1.5195591,0.089325845,-1.260442,1.6685094,0.21951425,0.976208,0.4416179,-0.17300755,-0.62471306,0.44600803,-0.84439826,0.15244272,0.77795327,2.193723
HCC2814,0.006739691,0.044151057,-0.6153745,-0.04858665,-0.58440393,-0.04967258,0.27994993,-0.5321434,0.17833507,0.42815447,0.1022158,0.079255804,0.2453313,-0.051414713,-0.5720279,0.7080238,-0.51335657,-0.53468585,-0.14340925,-0.4262933,0.31411722,0.10676126,0.64971083,-0.39790753,-0.6096994,-0.13030541,-0.05571466,0.43487006,0.32415447
WM266-4,0.14692675,-0.2050144,-0.62065804,-0.0753622,-0.35824785,-0.11437036,0.2309055,-0.3768657,0.31410465,0.727134,0.39912343,0.46780783,0.5487915,-0.33661994,-0.29611582,0.23927173,-0.25857568,-0.67501026,0.08467342,-0.5726478,0.30014506,0.04163055,0.38710684,-0.29912925,-0.2733701,-0.45667636,0.06048806,0.39222652,0.7540116
NCI-H1930,0.11975292,-0.03790697,-0.4466368,-0.18174472,-0.48560953,-0.12685259,0.17963478,-0.49133217,0.32133842,0.5697579,0.26426202,0.24833359,0.47639212,-0.22542214,-0.4201365,0.507775,-0.38433555,-0.55648845,-0.1349378,-0.5473136,0.3473265,0.043475892,0.57308877,-0.20608865,-0.46504796,-0.27863204,-0.02866819,0.40991104,0.54878557
HCC4006,-0.13821062,-0.2580526,-0.74577117,0.20779034,-0.55210936,-0.039203033,0.3587249,-0.74326587,-0.09624496,0.8521812,0.59338474,0.43799567,-0.07403782,-0.08622274,-0.7089267,0.07109088,-0.43629587,-0.64801276,0.3035354,-0.07146859,0.79860914,0.26322588,0.6230408,-0.21027426,-0.44152167,-0.14945024,-0.14729872,0.65095484,0.93232834
KYSE-520,0.006739691,0.044151057,-0.6153745,-0.04858665,-0.58440393,-0.04967258,0.27994993,-0.5321434,0.17833507,0.42815447,0.1022158,0.079255804,0.2453313,-0.051414713,-0.5720279,0.7080238,-0.51335657,-0.53468585,-0.14340925,-0.4262933,0.31411722,0.10676126,0.64971083,-0.39790753,-0.6096994,-0.13030541,-0.05571466,0.43487006,0.32415447
Evsa-T,0.075714454,-0.24693762,-1.0328228,0.17059103,-0.3228804,-0.0025158077,0.40647134,-0.2242789,0.19159092,0.65021247,0.24967466,0.45460823,0.43125415,-0.25451013,-0.29032713,0.2964654,-0.27485266,-0.7761308,0.25342312,-0.5412075,0.07459268,0.08043965,0.24452186,-0.7126228,-0.2448624,-0.49964172,0.16717133,0.3465408,0.5892046
HSC-2,0.11975292,-0.03790697,-0.4466368,-0.18174472,-0.48560953,-0.12685259,0.17963478,-0.49133217,0.32133842,0.5697579,0.26426202,0.24833359,0.47639212,-0.22542214,-0.4201365,0.507775,-0.38433555,-0.55648845,-0.1349378,-0.5473136,0.3473265,0.043475892,0.57308877,-0.20608865,-0.46504796,-0.27863204,-0.02866819,0.40991104,0.54878557
NCI-H441,0.016267449,0.03723303,-0.60114884,-0.059812747,-0.5760749,-0.05617936,0.27149272,-0.52870274,0.1903912,0.44009256,0.11587736,0.093510166,0.26481122,-0.06608468,-0.55922246,0.6911415,-0.50247926,-0.53652394,-0.14269505,-0.4364961,0.31691697,0.10142589,0.6432511,-0.38173592,-0.5975044,-0.14281031,-0.053434465,0.43276584,0.34309232
NCI-H1793,0.11975292,-0.03790697,-0.4466368,-0.18174472,-0.48560953,-0.12685259,0.17963478,-0.49133217,0.32133842,0.5697579,0.26426202,0.24833359,0.47639212,-0.22542214,-0.4201365,0.507775,-0.38433555,-0.55648845,-0.1349378,-0.5473136,0.3473265,0.043475892,0.57308877,-0.20608865,-0.46504796,-0.27863204,-0.02866819,0.40991104,0.54878557
SUP-HD1,-0.3767993,-0.8416697,-1.2713034,0.7917974,-0.40358165,0.043763444,0.6029814,-0.9072701,-0.57906634,1.5500169,1.3395169,1.1108941,-0.5708833,-0.16600157,-0.8328762,-1.0285065,-0.24876142,-0.9477105,1.2056729,0.46313977,1.3783418,0.5181267,0.3888199,-0.20617598,-0.051092923,-0.3145145,-0.17181571,0.9407453,1.8912985
TE 125.T,0.006739691,0.044151057,-0.6153745,-0.04858665,-0.58440393,-0.04967258,0.27994993,-0.5321434,0.17833507,0.42815447,0.1022158,0.079255804,0.2453313,-0.051414713,-0.5720279,0.7080238,-0.51335657,-0.53468585,-0.14340925,-0.4262933,0.31411722,0.10676126,0.64971083,-0.39790753,-0.6096994,-0.13030541,-0.05571466,0.43487006,0.32415447
KG-1-C,0.06881668,-0.09943784,-0.501889,-0.10103491,-0.4916916,-0.1134698,0.21278553,-0.54811627,0.23484316,0.65237164,0.3602355,0.31129918,0.3666868,-0.20937295,-0.47459224,0.3819293,-0.38384366,-0.5808237,-0.02806463,-0.44450718,0.4597999,0.09020444,0.5774133,-0.18769135,-0.444723,-0.26240644,-0.054614488,0.46566617,0.66424966
MHH-CALL-2,0.10969387,-0.71202654,-1.1313175,0.32898226,-0.0758661,-0.059243128,0.4144917,-0.22385433,0.12752588,1.2530608,0.8992563,1.0986544,0.50065994,-0.56207407,-0.116452605,-0.628364,0.033014446,-0.9966979,0.80206347,-0.4292997,0.41199,0.12913296,-0.03419441,-0.4780118,0.20950162,-0.8362626,0.2155691,0.46085212,1.4550295
HCC1171,0.016267449,0.03723303,-0.60114884,-0.059812747,-0.5760749,-0.05617936,0.27149272,-0.52870274,0.1903912,0.44009256,0.11587736,0.093510166,0.26481122,-0.06608468,-0.55922246,0.6911415,-0.50247926,-0.53652394,-0.14269505,-0.4364961,0.31691697,0.10142589,0.6432511,-0.38173592,-0.5975044,-0.14281031,-0.053434465,0.43276584,0.34309232
Ci-1,0.11975292,-0.03790697,-0.4466368,-0.18174472,-0.48560953,-0.12685259,0.17963478,-0.49133217,0.32133842,0.5697579,0.26426202,0.24833359,0.47639212,-0.22542214,-0.4201365,0.507775,-0.38433555,-0.55648845,-0.1349378,-0.5473136,0.3473265,0.043475892,0.57308877,-0.20608865,-0.46504796,-0.27863204,-0.02866819,0.40991104,0.54878557
SNU-216,0.27595976,-0.3940479,-0.8317456,-0.022019103,-0.12872633,-0.11442247,0.26588356,-0.08781204,0.4411345,0.86537516,0.47697663,0.7448653,0.8506323,-0.5543332,0.0056643784,-0.020945907,-0.042420596,-0.84022176,0.2911483,-0.7821691,0.037343204,-0.036921676,0.059294164,-0.48930675,0.024511248,-0.78999114,0.2561405,0.27179104,0.9218142
SNU-869,0.00015186518,-1.3586481,-1.7736046,0.8869642,0.23032415,0.020011202,0.663163,-0.12945202,-0.19579393,1.9489226,1.5842674,1.8850349,0.3004169,-0.7915724,0.010728985,-1.7623823,0.35824344,-1.3873054,1.7434773,-0.13229361,0.68685365,0.28900504,-0.4973668,-0.6525317,0.774163,-1.2370908,0.35350296,0.6117801,2.3897047
Huh-7,0.27595976,-0.3940479,-0.8317456,-0.022019103,-0.12872633,-0.11442247,0.26588356,-0.08781204,0.4411345,0.86537516,0.47697663,0.7448653,0.8506323,-0.5543332,0.0056643784,-0.020945907,-0.042420596,-0.84022176,0.2911483,-0.7821691,0.037343204,-0.036921676,0.059294164,-0.48930675,0.024511248,-0.78999114,0.2561405,0.27179104,0.9218142
SK-UT-1,0.18910354,-0.98887396,-1.4245989,0.48178557,0.16503102,-0.043522283,0.49137795,0.02161187,0.16284949,1.4998667,1.0965447,1.4723296,0.69755685,-0.77845836,0.14551342,-1.0579691,0.26721516,-1.203948,1.1512163,-0.53455085,0.26054972,0.09932251,-0.38339674,-0.6618672,0.5554137,-1.1773813,0.3964422,0.39641577,1.7725132
BICR 22,0.006739691,0.044151057,-0.6153745,-0.04858665,-0.58440393,-0.04967258,0.27994993,-0.5321434,0.17833507,0.42815447,0.1022158,0.079255804,0.2453313,-0.051414713,-0.5720279,0.7080238,-0.51335657,-0.53468585,-0.14340925,-0.4262933,0.31411722,0.10676126,0.64971083,-0.39790753,-0.6096994,-0.13030541,-0.05571466,0.43487006,0.32415447
Kasumi-2,0.016267449,0.03723303,-0.60114884,-0.059812747,-0.5760749,-0.05617936,0.27149272,-0.52870274,0.1903912,0.44009256,0.11587736,0.093510166,0.26481122,-0.06608468,-0.55922246,0.6911415,-0.50247926,-0.53652394,-0.14269505,-0.4364961,0.31691697,0.10142589,0.6432511,-0.38173592,-0.5975044,-0.14281031,-0.053434465,0.43276584,0.34309232
HCC827 GR5,0.006739691,0.044151057,-0.6153745,-0.04858665,-0.58440393,-0.04967258,0.27994993,-0.5321434,0.17833507,0.42815447,0.1022158,0.079255804,0.2453313,-0.051414713,-0.5720279,0.7080238,-0.51335657,-0.53468585,-0.14340925,-0.4262933,0.31411722,0.10676126,0.64971083,-0.39790753,-0.6096994,-0.13030541,-0.05571466,0.43487006,0.32415447
SJSA-1,-0.13821062,-0.2580526,-0.74577117,0.20779034,-0.55210936,-0.039203033,0.3587249,-0.74326587,-0.09624496,0.8521812,0.59338474,0.43799567,-0.07403782,-0.08622274,-0.7089267,0.07109088,-0.43629587,-0.64801276,0.3035354,-0.07146859,0.79860914,0.26322588,0.6230408,-0.21027426,-0.44152167,-0.14945024,-0.14729872,0.65095484,0.93232834
YD-38,0.006739691,0.044151057,-0.6153745,-0.04858665,-0.58440393,-0.04967258,0.27994993,-0.5321434,0.17833507,0.42815447,0.1022158,0.079255804,0.2453313,-0.051414713,-0.5720279,0.7080238,-0.51335657,-0.53468585,-0.14340925,-0.4262933,0.31411722,0.10676126,0.64971083,-0.39790753,-0.6096994,-0.13030541,-0.05571466,0.43487006,0.32415447
Mono-Mac-1,0.006739691,0.044151057,-0.6153745,-0.04858665,-0.58440393,-0.04967258,0.27994993,-0.5321434,0.17833507,0.42815447,0.1022158,0.079255804,0.2453313,-0.051414713,-0.5720279,0.7080238,-0.51335657,-0.53468585,-0.14340925,-0.4262933,0.31411722,0.10676126,0.64971083,-0.39790753,-0.6096994,-0.13030541,-0.05571466,0.43487006,0.32415447
NCI-H2172,-0.13821062,-0.2580526,-0.74577117,0.20779034,-0.55210936,-0.039203033,0.3587249,-0.74326587,-0.09624496,0.8521812,0.59338474,0.43799567,-0.07403782,-0.08622274,-0.7089267,0.07109088,-0.43629587,-0.64801276,0.3035354,-0.07146859,0.79860914,0.26322588,0.6230408,-0.21027426,-0.44152167,-0.14945024,-0.14729872,0.65095484,0.93232834
NCI-H2030,0.17991106,-0.17506342,-0.5949493,-0.12023144,-0.34816724,-0.12206552,0.21285078,-0.33592913,0.36747408,0.68360555,0.34618235,0.4395571,0.6205189,-0.35209185,-0.25615275,0.3041548,-0.25265777,-0.6657594,0.02915582,-0.63776076,0.2279462,0.012513306,0.375217,-0.31516117,-0.27650967,-0.47556585,0.08101689,0.35671848,0.69244576
COR-L279,-0.026043467,-0.2140287,-0.6047868,0.04927349,-0.5030184,-0.08854662,0.2745232,-0.6538671,0.073760346,0.8062259,0.5389699,0.42856193,0.16237912,-0.17948404,-0.5760068,0.14756292,-0.38292763,-0.626144,0.17096859,-0.25304767,0.66926265,0.17722848,0.58546716,-0.15342948,-0.40687126,-0.23218894,-0.10293508,0.5695007,0.87928206
COV644,-0.13821062,-0.2580526,-0.74577117,0.20779034,-0.55210936,-0.039203033,0.3587249,-0.74326587,-0.09624496,0.8521812,0.59338474,0.43799567,-0.07403782,-0.08622274,-0.7089267,0.07109088,-0.43629587,-0.64801276,0.3035354,-0.07146859,0.79860914,0.26322588,0.6230408,-0.21027426,-0.44152167,-0.14945024,-0.14729872,0.65095484,0.93232834
LN-382,0.006739691,0.044151057,-0.6153745,-0.04858665,-0.58440393,-0.04967258,0.27994993,-0.5321434,0.17833507,0.42815447,0.1022158,0.079255804,0.2453313,-0.051414713,-0.5720279,0.7080238,-0.51335657,-0.53468585,-0.14340925,-0.4262933,0.31411722,0.10676126,0.64971083,-0.39790753,-0.6096994,-0.13030541,-0.05571466,0.43487006,0.32415447
KP-3,0.016267449,0.03723303,-0.60114884,-0.059812747,-0.5760749,-0.05617936,0.27149272,-0.52870274,0.1903912,0.44009256,0.11587736,0.093510166,0.26481122,-0.06608468,-0.55922246,0.6911415,-0.50247926,-0.53652394,-0.14269505,-0.4364961,0.31691697,0.10142589,0.6432511,-0.38173592,-0.5975044,-0.14281031,-0.053434465,0.43276584,0.34309232
RKN,0.23571315,-0.30228838,-0.7325225,-0.063172325,-0.22067711,-0.11762508,0.24366161,-0.19177878,0.4102691,0.78920954,0.42217082,0.6169342,0.7542095,-0.46958944,-0.10404298,0.11527875,-0.1305148,-0.767118,0.18136746,-0.7216587,0.117210224,-0.016207285,0.19167307,-0.41633576,-0.101623416,-0.6582397,0.18275969,0.30737758,0.8257036
SNU-1041,-0.13821062,-0.2580526,-0.74577117,0.20779034,-0.55210936,-0.039203033,0.3587249,-0.74326587,-0.09624496,0.8521812,0.59338474,0.43799567,-0.07403782,-0.08622274,-0.7089267,0.07109088,-0.43629587,-0.64801276,0.3035354,-0.07146859,0.79860914,0.26322588,0.6230408,-0.21027426,-0.44152167,-0.14945024,-0.14729872,0.65095484,0.93232834
PK-1,0.016267449,0.03723303,-0.60114884,-0.059812747,-0.5760749,-0.05617936,0.27149272,-0.52870274,0.1903912,0.44009256,0.11587736,0.093510166,0.26481122,-0.06608468,-0.55922246,0.6911415,-0.50247926,-0.53652394,-0.14269505,-0.4364961,0.31691697,0.10142589,0.6432511,-0.38173592,-0.5975044,-0.14281031,-0.053434465,0.43276584,0.34309232
YMB-1,0.006739691,0.044151057,-0.6153745,-0.04858665,-0.58440393,-0.04967258,0.27994993,-0.5321434,0.17833507,0.42815447,0.1022158,0.079255804,0.2453313,-0.051414713,-0.5720279,0.7080238,-0.51335657,-0.53468585,-0.14340925,-0.4262933,0.31411722,0.10676126,0.64971083,-0.39790753,-0.6096994,-0.13030541,-0.05571466,0.43487006,0.32415447
ACCS,0.006739691,0.044151057,-0.6153745,-0.04858665,-0.58440393,-0.04967258,0.27994993,-0.5321434,0.17833507,0.42815447,0.1022158,0.079255804,0.2453313,-0.051414713,-0.5720279,0.7080238,-0.51335657,-0.53468585,-0.14340925,-0.4262933,0.31411722,0.10676126,0.64971083,-0.39790753,-0.6096994,-0.13030541,-0.05571466,0.43487006,0.32415447
AN3-CA,0.094476014,-0.06844142,-0.47405547,-0.1416928,-0.48862773,-0.12021143,0.1960857,-0.51951104,0.2784155,0.6107546,0.3118885,0.27958,0.4219513,-0.2174578,-0.44715995,0.44532457,-0.38409147,-0.5685647,-0.081902415,-0.49629632,0.40314096,0.06666475,0.57523483,-0.19695906,-0.45496178,-0.27058014,-0.041543934,0.4375793,0.60608417
IPC-298,0.11975292,-0.03790697,-0.4466368,-0.18174472,-0.48560953,-0.12685259,0.17963478,-0.49133217,0.32133842,0.5697579,0.26426202,0.24833359,0.47639212,-0.22542214,-0.4201365,0.507775,-0.38433555,-0.55648845,-0.1349378,-0.5473136,0.3473265,0.043475892,0.57308877,-0.20608865,-0.46504796,-0.27863204,-0.02866819,0.40991104,0.54878557
LoVo,0.25936043,-0.35620254,-0.790822,-0.03899236,-0.16665056,-0.115743354,0.25671834,-0.13069212,0.42840436,0.83396137,0.4543725,0.6921013,0.8108636,-0.5193814,-0.039583385,0.035238653,-0.07875422,-0.8100708,0.24587023,-0.75721216,0.07028359,-0.028378222,0.113892585,-0.45921057,-0.027511805,-0.7356515,0.22587529,0.2864684,0.88217425
Kuramochi,0.27595976,-0.3940479,-0.8317456,-0.022019103,-0.12872633,-0.11442247,0.26588356,-0.08781204,0.4411345,0.86537516,0.47697663,0.7448653,0.8506323,-0.5543332,0.0056643784,-0.020945907,-0.042420596,-0.84022176,0.2911483,-0.7821691,0.037343204,-0.036921676,0.059294164,-0.48930675,0.024511248,-0.78999114,0.2561405,0.27179104,0.9218142
LUDLU-1,0.27595976,-0.3940479,-0.8317456,-0.022019103,-0.12872633,-0.11442247,0.26588356,-0.08781204,0.4411345,0.86537516,0.47697663,0.7448653,0.8506323,-0.5543332,0.0056643784,-0.020945907,-0.042420596,-0.84022176,0.2911483,-0.7821691,0.037343204,-0.036921676,0.059294164,-0.48930675,0.024511248,-0.78999114,0.2561405,0.27179104,0.9218142
NCI-H1184,0.006739691,0.044151057,-0.6153745,-0.04858665,-0.58440393,-0.04967258,0.27994993,-0.5321434,0.17833507,0.42815447,0.1022158,0.079255804,0.2453313,-0.051414713,-0.5720279,0.7080238,-0.51335657,-0.53468585,-0.14340925,-0.4262933,0.31411722,0.10676126,0.64971083,-0.39790753,-0.6096994,-0.13030541,-0.05571466,0.43487006,0.32415447
SW579,0.006739691,0.044151057,-0.6153745,-0.04858665,-0.58440393,-0.04967258,0.27994993,-0.5321434,0.17833507,0.42815447,0.1022158,0.079255804,0.2453313,-0.051414713,-0.5720279,0.7080238,-0.51335657,-0.53468585,-0.14340925,-0.4262933,0.31411722,0.10676126,0.64971083,-0.39790753,-0.6096994,-0.13030541,-0.05571466,0.43487006,0.32415447
Hs 940.T,-0.13821062,-0.2580526,-0.74577117,0.20779034,-0.55210936,-0.039203033,0.3587249,-0.74326587,-0.09624496,0.8521812,0.59338474,0.43799567,-0.07403782,-0.08622274,-0.7089267,0.07109088,-0.43629587,-0.64801276,0.3035354,-0.07146859,0.79860914,0.26322588,0.6230408,-0.21027426,-0.44152167,-0.14945024,-0.14729872,0.65095484,0.93232834
SK-N-BE(2),0.006739691,0.044151057,-0.6153745,-0.04858665,-0.58440393,-0.04967258,0.27994993,-0.5321434,0.17833507,0.42815447,0.1022158,0.079255804,0.2453313,-0.051414713,-0.5720279,0.7080238,-0.51335657,-0.53468585,-0.14340925,-0.4262933,0.31411722,0.10676126,0.64971083,-0.39790753,-0.6096994,-0.13030541,-0.05571466,0.43487006,0.32415447
COLO 699,0.006739691,0.044151057,-0.6153745,-0.04858665,-0.58440393,-0.04967258,0.27994993,-0.5321434,0.17833507,0.42815447,0.1022158,0.079255804,0.2453313,-0.051414713,-0.5720279,0.7080238,-0.51335657,-0.53468585,-0.14340925,-0.4262933,0.31411722,0.10676126,0.64971083,-0.39790753,-0.6096994,-0.13030541,-0.05571466,0.43487006,0.32415447
DB,0.22015765,-0.26682287,-0.6941723,-0.07907824,-0.25621653,-0.11886291,0.23507273,-0.23196241,0.39833948,0.75977117,0.4009881,0.5674882,0.71694165,-0.4368356,-0.1464454,0.16793022,-0.16456363,-0.7388631,0.13893664,-0.69827116,0.14807922,-0.008201074,0.24283814,-0.38813215,-0.15037507,-0.6073172,0.15439767,0.32113194,0.78855634
Rh41,0.11975292,-0.03790697,-0.4466368,-0.18174472,-0.48560953,-0.12685259,0.17963478,-0.49133217,0.32133842,0.5697579,0.26426202,0.24833359,0.47639212,-0.22542214,-0.4201365,0.507775,-0.38433555,-0.55648845,-0.1349378,-0.5473136,0.3473265,0.043475892,0.57308877,-0.20608865,-0.46504796,-0.27863204,-0.02866819,0.40991104,0.54878557
NOMO-1,0.07389566,-0.020256238,-0.511802,-0.12442674,-0.51959145,-0.098934494,0.21842386,-0.5139891,0.25981143,0.5355561,0.2253502,0.2018297,0.38175118,-0.16472197,-0.47954538,0.5547095,-0.42737478,-0.5530671,-0.120795615,-0.49054262,0.354091,0.072046414,0.5993818,-0.26727054,-0.5101609,-0.22648607,-0.04182752,0.42710692,0.49205405
SK-OV-3,-0.23370457,-1.2019328,-1.7790097,1.0161456,-0.032970846,0.08936235,0.7394695,-0.44394338,-0.48263997,1.8082213,1.4891961,1.5944206,-0.2133762,-0.47303635,-0.394076,-1.5195591,0.089325845,-1.260442,1.6685094,0.21951425,0.976208,0.4416179,-0.17300755,-0.62471306,0.44600803,-0.84439826,0.15244272,0.77795327,2.193723
LS180,0.38749835,-1.693186,-2.1701946,0.872996,0.7747308,-0.003004834,0.6878294,0.64020073,0.24772519,2.12922,1.6012115,2.4219139,1.1903558,-1.3255576,0.8060079,-2.152509,0.86030555,-1.7300522,2.0410244,-0.79564077,-0.11699334,0.02630488,-1.2674497,-1.1264696,1.4324387,-2.0403347,0.8530935,0.2361926,2.58258
NB1,-0.13821062,-0.2580526,-0.74577117,0.20779034,-0.55210936,-0.039203033,0.3587249,-0.74326587,-0.09624496,0.8521812,0.59338474,0.43799567,-0.07403782,-0.08622274,-0.7089267,0.07109088,-0.43629587,-0.64801276,0.3035354,-0.07146859,0.79860914,0.26322588,0.6230408,-0.21027426,-0.44152167,-0.14945024,-0.14729872,0.65095484,0.93232834
HOS,0.22015765,-0.26682287,-0.6941723,-0.07907824,-0.25621653,-0.11886291,0.23507273,-0.23196241,0.39833948,0.75977117,0.4009881,0.5674882,0.71694165,-0.4368356,-0.1464454,0.16793022,-0.16456363,-0.7388631,0.13893664,-0.69827116,0.14807922,-0.008201074,0.24283814,-0.38813215,-0.15037507,-0.6073172,0.15439767,0.32113194,0.78855634
VMRC-RCZ,-0.13821062,-0.2580526,-0.74577117,0.20779034,-0.55210936,-0.039203033,0.3587249,-0.74326587,-0.09624496,0.8521812,0.59338474,0.43799567,-0.07403782,-0.08622274,-0.7089267,0.07109088,-0.43629587,-0.64801276,0.3035354,-0.07146859,0.79860914,0.26322588,0.6230408,-0.21027426,-0.44152167,-0.14945024,-0.14729872,0.65095484,0.93232834
8505C,0.11975292,-0.03790697,-0.4466368,-0.18174472,-0.48560953,-0.12685259,0.17963478,-0.49133217,0.32133842,0.5697579,0.26426202,0.24833359,0.47639212,-0.22542214,-0.4201365,0.507775,-0.38433555,-0.55648845,-0.1349378,-0.5473136,0.3473265,0.043475892,0.57308877,-0.20608865,-0.46504796,-0.27863204,-0.02866819,0.40991104,0.54878557
Hs 571.T,0.043756783,-0.12971014,-0.5290723,-0.06132684,-0.49468386,-0.10688566,0.22909522,-0.57605326,0.19228874,0.69301647,0.40745306,0.34227732,0.31271333,-0.20147698,-0.50138366,0.320015,-0.38360167,-0.5927963,0.02451542,-0.39392793,0.51513517,0.11319421,0.57954097,-0.17864014,-0.43472344,-0.25442365,-0.06737969,0.4930969,0.72105634
GP2d,0.9102862,-1.8402689,-2.3955996,0.62659645,1.3205087,-0.06394612,0.61612356,1.5508069,0.9276037,2.0658212,1.3407705,2.7611866,2.3703506,-1.8899786,1.7347612,-2.1679814,1.3460314,-1.992409,2.0214033,-1.7358731,-1.2214402,-0.36340097,-2.0271287,-1.6394019,2.0125184,-2.8665237,1.4126947,-0.28908807,2.436613
JHOC-5,-0.13821062,-0.2580526,-0.74577117,0.20779034,-0.55210936,-0.039203033,0.3587249,-0.74326587,-0.09624496,0.8521812,0.59338474,0.43799567,-0.07403782,-0.08622274,-0.7089267,0.07109088,-0.43629587,-0.64801276,0.3035354,-0.07146859,0.79860914,0.26322588,0.6230408,-0.21027426,-0.44152167,-0.14945024,-0.14729872,0.65095484,0.93232834
CHP-212,-0.21758232,-0.75513667,-1.1278062,0.58427906,-0.33361155,-0.007825136,0.5060065,-0.73699856,-0.33418435,1.428962,1.1881057,1.0573754,-0.22866133,-0.27813286,-0.6336572,-0.8456246,-0.18584882,-0.9213752,1.0013906,0.17926008,1.1120665,0.3887053,0.31718674,-0.21317945,-0.016703933,-0.4335847,-0.083828546,0.79784346,1.7268242
BCP-1,-0.003526099,-0.027314244,-0.83175147,0.07528618,-0.5217391,-0.0039343536,0.3621887,-0.42298934,0.14002831,0.44777134,0.08383304,0.14935583,0.24218243,-0.064350545,-0.5156407,0.6442978,-0.4718886,-0.6151613,-0.009446368,-0.43727392,0.19538645,0.11481047,0.5240485,-0.59362483,-0.52867013,-0.21643734,0.022277446,0.40344524,0.32408535
HuP-T3,-0.05867868,0.066009656,-0.77837104,0.064809516,-0.6183158,0.007586211,0.361777,-0.51909816,0.08733125,0.35673928,0.0072242916,0.009149954,0.117376685,0.039972067,-0.6371479,0.79732406,-0.5707602,-0.5488555,-0.10453792,-0.3633794,0.25729787,0.14414182,0.6509744,-0.5668711,-0.6628359,-0.07680789,-0.045232493,0.43837106,0.20073262
JH-EsoAd1,0.006739691,0.044151057,-0.6153745,-0.04858665,-0.58440393,-0.04967258,0.27994993,-0.5321434,0.17833507,0.42815447,0.1022158,0.079255804,0.2453313,-0.051414713,-0.5720279,0.7080238,-0.51335657,-0.53468585,-0.14340925,-0.4262933,0.31411722,0.10676126,0.64971083,-0.39790753,-0.6096994,-0.13030541,-0.05571466,0.43487006,0.32415447
JHUEM-7,-0.41006085,-1.031754,-1.3814838,0.9222317,-0.32921526,0.047074318,0.6464882,-0.93300724,-0.6728085,1.7855823,1.5918152,1.3511348,-0.640157,-0.24012655,-0.8184858,-1.3952115,-0.15619062,-1.0423424,1.4662659,0.5742562,1.5399108,0.5703758,0.29301134,-0.16201845,0.104774654,-0.40963674,-0.16526106,1.0111921,2.2220008
NCI-H1876,0.006739691,0.044151057,-0.6153745,-0.04858665,-0.58440393,-0.04967258,0.27994993,-0.5321434,0.17833507,0.42815447,0.1022158,0.079255804,0.2453313,-0.051414713,-0.5720279,0.7080238,-0.51335657,-0.53468585,-0.14340925,-0.4262933,0.31411722,0.10676126,0.64971083,-0.39790753,-0.6096994,-0.13030541,-0.05571466,0.43487006,0.32415447
OVTOKO,-0.13821062,-0.2580526,-0.74577117,0.20779034,-0.55210936,-0.039203033,0.3587249,-0.74326587,-0.09624496,0.8521812,0.59338474,0.43799567,-0.07403782,-0.08622274,-0.7089267,0.07109088,-0.43629587,-0.64801276,0.3035354,-0.07146859,0.79860914,0.26322588,0.6230408,-0.21027426,-0.44152167,-0.14945024,-0.14729872,0.65095484,0.93232834
RCM-1 [Human rectum adenocarcinoma],0.11975292,-0.03790697,-0.4466368,-0.18174472,-0.48560953,-0.12685259,0.17963478,-0.49133217,0.32133842,0.5697579,0.26426202,0.24833359,0.47639212,-0.22542214,-0.4201365,0.507775,-0.38433555,-0.55648845,-0.1349378,-0.5473136,0.3473265,0.043475892,0.57308877,-0.20608865,-0.46504796,-0.27863204,-0.02866819,0.40991104,0.54878557
DMS 153,-0.23964816,-0.2327038,-0.8870269,0.33745614,-0.62193376,0.01957722,0.44285056,-0.79872036,-0.23540854,0.7968827,0.5308056,0.3544746,-0.2841597,0.03937632,-0.83839405,0.14487007,-0.5233476,-0.64519364,0.35020605,0.060819447,0.8312887,0.3289555,0.67700213,-0.3310343,-0.5294241,-0.041139767,-0.17831984,0.6951796,0.8369623
CAL-148,-0.40452215,-0.37243664,-1.0784194,0.5862185,-0.6648149,0.07580806,0.5574324,-0.95936227,-0.50208426,0.9759475,0.7394953,0.4743239,-0.6359048,0.12895814,-1.0231084,-0.13210237,-0.5571349,-0.7033537,0.6293601,0.36447406,1.1184647,0.46922645,0.7092259,-0.33474216,-0.5152299,0.041923672,-0.25400546,0.84880114,1.0799642
HCC202,-0.10846666,-0.61177814,-1.3526742,0.55797577,-0.26115942,0.053474978,0.5659979,-0.38605043,-0.15829968,1.1020386,0.7450355,0.8654339,0.041904062,-0.27197343,-0.42634088,-0.4079523,-0.1840558,-0.9514732,0.8315705,-0.14154279,0.5152501,0.26724198,0.14174724,-0.6754492,-0.030102432,-0.5548408,0.11654521,0.56464005,1.2141643
NCI-H2029,0.006739691,0.044151057,-0.6153745,-0.04858665,-0.58440393,-0.04967258,0.27994993,-0.5321434,0.17833507,0.42815447,0.1022158,0.079255804,0.2453313,-0.051414713,-0.5720279,0.7080238,-0.51335657,-0.53468585,-0.14340925,-0.4262933,0.31411722,0.10676126,0.64971083,-0.39790753,-0.6096994,-0.13030541,-0.05571466,0.43487006,0.32415447
NCI-H23,0.11975292,-0.03790697,-0.4466368,-0.18174472,-0.48560953,-0.12685259,0.17963478,-0.49133217,0.32133842,0.5697579,0.26426202,0.24833359,0.47639212,-0.22542214,-0.4201365,0.507775,-0.38433555,-0.55648845,-0.1349378,-0.5473136,0.3473265,0.043475892,0.57308877,-0.20608865,-0.46504796,-0.27863204,-0.02866819,0.40991104,0.54878557
OVMANA,-0.55457294,-0.68609583,-1.4797708,0.96834004,-0.58106285,0.15487178,0.74023604,-1.0024091,-0.795887,1.312263,1.0791161,0.8149808,-0.9392605,0.11839387,-1.0925158,-0.6815974,-0.4692711,-0.88839793,1.1493442,0.65795255,1.3544133,0.6163103,0.54862696,-0.4607464,-0.30900675,-0.05060956,-0.23694363,0.9879631,1.5237057
SK-LU-1,0.11975292,-0.03790697,-0.4466368,-0.18174472,-0.48560953,-0.12685259,0.17963478,-0.49133217,0.32133842,0.5697579,0.26426202,0.24833359,0.47639212,-0.22542214,-0.4201365,0.507775,-0.38433555,-0.55648845,-0.1349378,-0.5473136,0.3473265,0.043475892,0.57308877,-0.20608865,-0.46504796,-0.27863204,-0.02866819,0.40991104,0.54878557
Hs 274.T,0.07389566,-0.020256238,-0.511802,-0.12442674,-0.51959145,-0.098934494,0.21842386,-0.5139891,0.25981143,0.5355561,0.2253502,0.2018297,0.38175118,-0.16472197,-0.47954538,0.5547095,-0.42737478,-0.5530671,-0.120795615,-0.49054262,0.354091,0.072046414,0.5993818,-0.26727054,-0.5101609,-0.22648607,-0.04182752,0.42710692,0.49205405
LN-229,0.006739691,0.044151057,-0.6153745,-0.04858665,-0.58440393,-0.04967258,0.27994993,-0.5321434,0.17833507,0.42815447,0.1022158,0.079255804,0.2453313,-0.051414713,-0.5720279,0.7080238,-0.51335657,-0.53468585,-0.14340925,-0.4262933,0.31411722,0.10676126,0.64971083,-0.39790753,-0.6096994,-0.13030541,-0.05571466,0.43487006,0.32415447
Ishikawa (Heraklio) 02 ER-,0.23063993,-0.2907218,-0.72001517,-0.068359815,-0.2322678,-0.11802878,0.24086046,-0.20488411,0.40637842,0.7796086,0.4152624,0.600808,0.7420551,-0.45890722,-0.11787194,0.13245028,-0.14161934,-0.75790304,0.16752923,-0.7140312,0.12727772,-0.01359617,0.20835984,-0.40713754,-0.117523074,-0.6416321,0.1735098,0.3118634,0.8135885
CA46,0.006739691,0.044151057,-0.6153745,-0.04858665,-0.58440393,-0.04967258,0.27994993,-0.5321434,0.17833507,0.42815447,0.1022158,0.079255804,0.2453313,-0.051414713,-0.5720279,0.7080238,-0.51335657,-0.53468585,-0.14340925,-0.4262933,0.31411722,0.10676126,0.64971083,-0.39790753,-0.6096994,-0.13030541,-0.05571466,0.43487006,0.32415447
MES-SA,0.006739691,0.044151057,-0.6153745,-0.04858665,-0.58440393,-0.04967258,0.27994993,-0.5321434,0.17833507,0.42815447,0.1022158,0.079255804,0.2453313,-0.051414713,-0.5720279,0.7080238,-0.51335657,-0.53468585,-0.14340925,-0.4262933,0.31411722,0.10676126,0.64971083,-0.39790753,-0.6096994,-0.13030541,-0.05571466,0.43487006,0.32415447
NCI-H716,-0.034244932,0.057527203,-0.7183027,0.02290687,-0.60536087,-0.013643749,0.33150953,-0.5235154,0.12121904,0.38354382,0.042688817,0.035679117,0.16523963,0.005723208,-0.61254257,0.76364005,-0.54910547,-0.54389566,-0.11851299,-0.38696635,0.27805322,0.13018948,0.6499676,-0.50448227,-0.6426097,-0.09719089,-0.04882314,0.43692756,0.24691266
RL95-2,0.11975292,-0.03790697,-0.4466368,-0.18174472,-0.48560953,-0.12685259,0.17963478,-0.49133217,0.32133842,0.5697579,0.26426202,0.24833359,0.47639212,-0.22542214,-0.4201365,0.507775,-0.38433555,-0.55648845,-0.1349378,-0.5473136,0.3473265,0.043475892,0.57308877,-0.20608865,-0.46504796,-0.27863204,-0.02866819,0.40991104,0.54878557
TF-1,-0.026043467,-0.2140287,-0.6047868,0.04927349,-0.5030184,-0.08854662,0.2745232,-0.6538671,0.073760346,0.8062259,0.5389699,0.42856193,0.16237912,-0.17948404,-0.5760068,0.14756292,-0.38292763,-0.626144,0.17096859,-0.25304767,0.66926265,0.17722848,0.58546716,-0.15342948,-0.40687126,-0.23218894,-0.10293508,0.5695007,0.87928206
Hs 343.T,-0.13821062,-0.2580526,-0.74577117,0.20779034,-0.55210936,-0.039203033,0.3587249,-0.74326587,-0.09624496,0.8521812,0.59338474,0.43799567,-0.07403782,-0.08622274,-0.7089267,0.07109088,-0.43629587,-0.64801276,0.3035354,-0.07146859,0.79860914,0.26322588,0.6230408,-0.21027426,-0.44152167,-0.14945024,-0.14729872,0.65095484,0.93232834
HCC827,0.006739691,0.044151057,-0.6153745,-0.04858665,-0.58440393,-0.04967258,0.27994993,-0.5321434,0.17833507,0.42815447,0.1022158,0.079255804,0.2453313,-0.051414713,-0.5720279,0.7080238,-0.51335657,-0.53468585,-0.14340925,-0.4262933,0.31411722,0.10676126,0.64971083,-0.39790753,-0.6096994,-0.13030541,-0.05571466,0.43487006,0.32415447
SW1088,0.006739691,0.044151057,-0.6153745,-0.04858665,-0.58440393,-0.04967258,0.27994993,-0.5321434,0.17833507,0.42815447,0.1022158,0.079255804,0.2453313,-0.051414713,-0.5720279,0.7080238,-0.51335657,-0.53468585,-0.14340925,-0.4262933,0.31411722,0.10676126,0.64971083,-0.39790753,-0.6096994,-0.13030541,-0.05571466,0.43487006,0.32415447
TCCSUP,-0.55457294,-0.68609583,-1.4797708,0.96834004,-0.58106285,0.15487178,0.74023604,-1.0024091,-0.795887,1.312263,1.0791161,0.8149808,-0.9392605,0.11839387,-1.0925158,-0.6815974,-0.4692711,-0.88839793,1.1493442,0.65795255,1.3544133,0.6163103,0.54862696,-0.4607464,-0.30900675,-0.05060956,-0.23694363,0.9879631,1.5237057
HCC1500,-0.13821062,-0.2580526,-0.74577117,0.20779034,-0.55210936,-0.039203033,0.3587249,-0.74326587,-0.09624496,0.8521812,0.59338474,0.43799567,-0.07403782,-0.08622274,-0.7089267,0.07109088,-0.43629587,-0.64801276,0.3035354,-0.07146859,0.79860914,0.26322588,0.6230408,-0.21027426,-0.44152167,-0.14945024,-0.14729872,0.65095484,0.93232834
CAL-62,0.2372931,-0.30589053,-0.73641765,-0.061556794,-0.21706745,-0.11749936,0.24453397,-0.18769741,0.41148078,0.79219955,0.4243223,0.6219563,0.7579948,-0.4729162,-0.09973627,0.10993105,-0.12705651,-0.7699878,0.18567705,-0.72403413,0.11407493,-0.01702046,0.18647632,-0.41920036,-0.09667179,-0.66341186,0.18564036,0.3059806,0.8294766
NH-6,-0.13821062,-0.2580526,-0.74577117,0.20779034,-0.55210936,-0.039203033,0.3587249,-0.74326587,-0.09624496,0.8521812,0.59338474,0.43799567,-0.07403782,-0.08622274,-0.7089267,0.07109088,-0.43629587,-0.64801276,0.3035354,-0.07146859,0.79860914,0.26322588,0.6230408,-0.21027426,-0.44152167,-0.14945024,-0.14729872,0.65095484,0.93232834
SK-MEL-30,0.11975292,-0.03790697,-0.4466368,-0.18174472,-0.48560953,-0.12685259,0.17963478,-0.49133217,0.32133842,0.5697579,0.26426202,0.24833359,0.47639212,-0.22542214,-0.4201365,0.507775,-0.38433555,-0.55648845,-0.1349378,-0.5473136,0.3473265,0.043475892,0.57308877,-0.20608865,-0.46504796,-0.27863204,-0.02866819,0.40991104,0.54878557
AMO1,0.07389566,-0.020256238,-0.511802,-0.12442674,-0.51959145,-0.098934494,0.21842386,-0.5139891,0.25981143,0.5355561,0.2253502,0.2018297,0.38175118,-0.16472197,-0.47954538,0.5547095,-0.42737478,-0.5530671,-0.120795615,-0.49054262,0.354091,0.072046414,0.5993818,-0.26727054,-0.5101609,-0.22648607,-0.04182752,0.42710692,0.49205405
CAL-12T,0.11975292,-0.03790697,-0.4466368,-0.18174472,-0.48560953,-0.12685259,0.17963478,-0.49133217,0.32133842,0.5697579,0.26426202,0.24833359,0.47639212,-0.22542214,-0.4201365,0.507775,-0.38433555,-0.55648845,-0.1349378,-0.5473136,0.3473265,0.043475892,0.57308877,-0.20608865,-0.46504796,-0.27863204,-0.02866819,0.40991104,0.54878557
MPP 89,0.18946439,-0.78115857,-1.2132328,0.32628277,0.036396623,-0.063959815,0.41965324,-0.06525153,0.21880138,1.2904302,0.90296626,1.2095196,0.6839513,-0.67216516,0.04744047,-0.70910484,0.13655898,-1.0674393,0.86366844,-0.5658751,0.24646014,0.07505958,-0.19300377,-0.5757137,0.3453076,-1.0018842,0.3185445,0.38351753,1.4950666
NCI-H1568,0.11975292,-0.03790697,-0.4466368,-0.18174472,-0.48560953,-0.12685259,0.17963478,-0.49133217,0.32133842,0.5697579,0.26426202,0.24833359,0.47639212,-0.22542214,-0.4201365,0.507775,-0.38433555,-0.55648845,-0.1349378,-0.5473136,0.3473265,0.043475892,0.57308877,-0.20608865,-0.46504796,-0.27863204,-0.02866819,0.40991104,0.54878557
KLM-1,0.07389566,-0.020256238,-0.511802,-0.12442674,-0.51959145,-0.098934494,0.21842386,-0.5139891,0.25981143,0.5355561,0.2253502,0.2018297,0.38175118,-0.16472197,-0.47954538,0.5547095,-0.42737478,-0.5530671,-0.120795615,-0.49054262,0.354091,0.072046414,0.5993818,-0.26727054,-0.5101609,-0.22648607,-0.04182752,0.42710692,0.49205405
NALM-1,-0.13821062,-0.2580526,-0.74577117,0.20779034,-0.55210936,-0.039203033,0.3587249,-0.74326587,-0.09624496,0.8521812,0.59338474,0.43799567,-0.07403782,-0.08622274,-0.7089267,0.07109088,-0.43629587,-0.64801276,0.3035354,-0.07146859,0.79860914,0.26322588,0.6230408,-0.21027426,-0.44152167,-0.14945024,-0.14729872,0.65095484,0.93232834
NCI-H1339,0.11975292,-0.03790697,-0.4466368,-0.18174472,-0.48560953,-0.12685259,0.17963478,-0.49133217,0.32133842,0.5697579,0.26426202,0.24833359,0.47639212,-0.22542214,-0.4201365,0.507775,-0.38433555,-0.55648845,-0.1349378,-0.5473136,0.3473265,0.043475892,0.57308877,-0.20608865,-0.46504796,-0.27863204,-0.02866819,0.40991104,0.54878557
EHEB,-0.13821062,-0.2580526,-0.74577117,0.20779034,-0.55210936,-0.039203033,0.3587249,-0.74326587,-0.09624496,0.8521812,0.59338474,0.43799567,-0.07403782,-0.08622274,-0.7089267,0.07109088,-0.43629587,-0.64801276,0.3035354,-0.07146859,0.79860914,0.26322588,0.6230408,-0.21027426,-0.44152167,-0.14945024,-0.14729872,0.65095484,0.93232834
EB1,0.006739691,0.044151057,-0.6153745,-0.04858665,-0.58440393,-0.04967258,0.27994993,-0.5321434,0.17833507,0.42815447,0.1022158,0.079255804,0.2453313,-0.051414713,-0.5720279,0.7080238,-0.51335657,-0.53468585,-0.14340925,-0.4262933,0.31411722,0.10676126,0.64971083,-0.39790753,-0.6096994,-0.13030541,-0.05571466,0.43487006,0.32415447
CAL-33,0.11975292,-0.03790697,-0.4466368,-0.18174472,-0.48560953,-0.12685259,0.17963478,-0.49133217,0.32133842,0.5697579,0.26426202,0.24833359,0.47639212,-0.22542214,-0.4201365,0.507775,-0.38433555,-0.55648845,-0.1349378,-0.5473136,0.3473265,0.043475892,0.57308877,-0.20608865,-0.46504796,-0.27863204,-0.02866819,0.40991104,0.54878557
KMM-1,0.42627895,-0.7367653,-1.2023392,0.13168621,0.21470541,-0.10246086,0.3488815,0.30049884,0.5564153,1.1498502,0.6816737,1.222682,1.2107668,-0.8708471,0.41541624,-0.5297386,0.28660712,-1.1132607,0.7011746,-1.0081726,-0.26095638,-0.11428894,-0.43513477,-0.76185,0.49561828,-1.2820764,0.53021437,0.138877,1.2807829
NCI-H1373,0.11975292,-0.03790697,-0.4466368,-0.18174472,-0.48560953,-0.12685259,0.17963478,-0.49133217,0.32133842,0.5697579,0.26426202,0.24833359,0.47639212,-0.22542214,-0.4201365,0.507775,-0.38433555,-0.55648845,-0.1349378,-0.5473136,0.3473265,0.043475892,0.57308877,-0.20608865,-0.46504796,-0.27863204,-0.02866819,0.40991104,0.54878557
SK-HEP-1,0.06501861,-0.1040259,-0.50600886,-0.09501677,-0.4921451,-0.11247191,0.2152574,-0.5523504,0.22839363,0.6585318,0.36739177,0.3159942,0.3585066,-0.20817624,-0.47865275,0.3725456,-0.383807,-0.58263826,-0.020095624,-0.43684143,0.4681865,0.093688756,0.5777358,-0.18631956,-0.44320747,-0.26119655,-0.056549177,0.46982357,0.67285925
UM-UC-1,0.006739691,0.044151057,-0.6153745,-0.04858665,-0.58440393,-0.04967258,0.27994993,-0.5321434,0.17833507,0.42815447,0.1022158,0.079255804,0.2453313,-0.051414713,-0.5720279,0.7080238,-0.51335657,-0.53468585,-0.14340925,-0.4262933,0.31411722,0.10676126,0.64971083,-0.39790753,-0.6096994,-0.13030541,-0.05571466,0.43487006,0.32415447
MHH-ES-1,0.11975292,-0.03790697,-0.4466368,-0.18174472,-0.48560953,-0.12685259,0.17963478,-0.49133217,0.32133842,0.5697579,0.26426202,0.24833359,0.47639212,-0.22542214,-0.4201365,0.507775,-0.38433555,-0.55648845,-0.1349378,-0.5473136,0.3473265,0.043475892,0.57308877,-0.20608865,-0.46504796,-0.27863204,-0.02866819,0.40991104,0.54878557
F-36P,0.006739691,0.044151057,-0.6153745,-0.04858665,-0.58440393,-0.04967258,0.27994993,-0.5321434,0.17833507,0.42815447,0.1022158,0.079255804,0.2453313,-0.051414713,-0.5720279,0.7080238,-0.51335657,-0.53468585,-0.14340925,-0.4262933,0.31411722,0.10676126,0.64971083,-0.39790753,-0.6096994,-0.13030541,-0.05571466,0.43487006,0.32415447
HEC-1-A,0.29376286,-0.43463776,-0.875637,-0.0038149506,-0.088051885,-0.113005795,0.27571344,-0.041822284,0.45478782,0.8990671,0.50122,0.8014557,0.8932849,-0.59181964,0.054193497,-0.08120495,-0.0034520626,-0.8725592,0.33970994,-0.80893594,0.0020139813,-0.0460847,0.0007362962,-0.5215855,0.08030701,-0.8482714,0.28860053,0.25604934,0.96432877
KYSE-410,0.11975292,-0.03790697,-0.4466368,-0.18174472,-0.48560953,-0.12685259,0.17963478,-0.49133217,0.32133842,0.5697579,0.26426202,0.24833359,0.47639212,-0.22542214,-0.4201365,0.507775,-0.38433555,-0.55648845,-0.1349378,-0.5473136,0.3473265,0.043475892,0.57308877,-0.20608865,-0.46504796,-0.27863204,-0.02866819,0.40991104,0.54878557
DAN-G,0.07389566,-0.020256238,-0.511802,-0.12442674,-0.51959145,-0.098934494,0.21842386,-0.5139891,0.25981143,0.5355561,0.2253502,0.2018297,0.38175118,-0.16472197,-0.47954538,0.5547095,-0.42737478,-0.5530671,-0.120795615,-0.49054262,0.354091,0.072046414,0.5993818,-0.26727054,-0.5101609,-0.22648607,-0.04182752,0.42710692,0.49205405
BV-173,0.10969387,-0.71202654,-1.1313175,0.32898226,-0.0758661,-0.059243128,0.4144917,-0.22385433,0.12752588,1.2530608,0.8992563,1.0986544,0.50065994,-0.56207407,-0.116452605,-0.628364,0.033014446,-0.9966979,0.80206347,-0.4292997,0.41199,0.12913296,-0.03419441,-0.4780118,0.20950162,-0.8362626,0.2155691,0.46085212,1.4550295
NCI-H2286,-0.13508925,-0.37689424,-0.75476587,0.24533385,-0.49670848,-0.056840383,0.3562328,-0.7623228,-0.11972448,1.0144625,0.7734108,0.60277396,-0.07032058,-0.1611104,-0.6777963,-0.17412525,-0.36224735,-0.69872266,0.44284877,-0.028360546,0.91204584,0.28086147,0.566119,-0.12700596,-0.33181757,-0.2238339,-0.14675191,0.6907412,1.1680274
PE/CA-PJ49,0.3653433,-0.5978362,-1.0521097,0.06937793,0.07548672,-0.1073098,0.3152362,0.14308733,0.5096834,1.0345311,0.5986946,1.028987,1.0647773,-0.74254024,0.24931306,-0.32348675,0.15322748,-1.0025775,0.53496015,-0.9165565,-0.14003316,-0.082926184,-0.23470563,-0.6513678,0.30464327,-1.0825973,0.41911164,0.19275704,1.135266
MDA-PCa-2b,0.2454978,-1.0303375,-1.4749675,0.47433862,0.2397958,-0.04758399,0.4924713,0.13061744,0.2293555,1.5188193,1.0922718,1.5413275,0.8266216,-0.852484,0.25785887,-1.1026099,0.33574602,-1.2490853,1.184516,-0.6321974,0.14305224,0.060239498,-0.4888606,-0.72785366,0.6439167,-1.2881906,0.46645004,0.34129667,1.7909287
GSU,0.016267449,0.03723303,-0.60114884,-0.059812747,-0.5760749,-0.05617936,0.27149272,-0.52870274,0.1903912,0.44009256,0.11587736,0.093510166,0.26481122,-0.06608468,-0.55922246,0.6911415,-0.50247926,-0.53652394,-0.14269505,-0.4364961,0.31691697,0.10142589,0.6432511,-0.38173592,-0.5975044,-0.14281031,-0.053434465,0.43276584,0.34309232
HCC70,-0.2389524,-0.28026235,-0.87605363,0.34652033,-0.6029629,0.008879423,0.4364717,-0.8168051,-0.24505603,0.8676959,0.6125263,0.42198694,-0.28539458,0.008511841,-0.8307706,0.0404225,-0.4945439,-0.66164446,0.40312716,0.083125174,0.89236224,0.3372611,0.66210145,-0.27977338,-0.4876866,-0.06623356,-0.18472363,0.716283,0.94185024
Hs 739.T,-0.13821062,-0.2580526,-0.74577117,0.20779034,-0.55210936,-0.039203033,0.3587249,-0.74326587,-0.09624496,0.8521812,0.59338474,0.43799567,-0.07403782,-0.08622274,-0.7089267,0.07109088,-0.43629587,-0.64801276,0.3035354,-0.07146859,0.79860914,0.26322588,0.6230408,-0.21027426,-0.44152167,-0.14945024,-0.14729872,0.65095484,0.93232834
NCI-H1437,0.006739691,0.044151057,-0.6153745,-0.04858665,-0.58440393,-0.04967258,0.27994993,-0.5321434,0.17833507,0.42815447,0.1022158,0.079255804,0.2453313,-0.051414713,-0.5720279,0.7080238,-0.51335657,-0.53468585,-0.14340925,-0.4262933,0.31411722,0.10676126,0.64971083,-0.39790753,-0.6096994,-0.13030541,-0.05571466,0.43487006,0.32415447
PE/CA-PJ15,0.006739691,0.044151057,-0.6153745,-0.04858665,-0.58440393,-0.04967258,0.27994993,-0.5321434,0.17833507,0.42815447,0.1022158,0.079255804,0.2453313,-0.051414713,-0.5720279,0.7080238,-0.51335657,-0.53468585,-0.14340925,-0.4262933,0.31411722,0.10676126,0.64971083,-0.39790753,-0.6096994,-0.13030541,-0.05571466,0.43487006,0.32415447
TC-71,0.006739691,0.044151057,-0.6153745,-0.04858665,-0.58440393,-0.04967258,0.27994993,-0.5321434,0.17833507,0.42815447,0.1022158,0.079255804,0.2453313,-0.051414713,-0.5720279,0.7080238,-0.51335657,-0.53468585,-0.14340925,-0.4262933,0.31411722,0.10676126,0.64971083,-0.39790753,-0.6096994,-0.13030541,-0.05571466,0.43487006,0.32415447
HCC2935,-0.11786393,-0.32494763,-0.7043874,0.19476542,-0.5139822,-0.06442207,0.33428252,-0.7562293,-0.08216074,0.95515,0.71197695,0.5420671,-0.035381705,-0.1505529,-0.6741717,-0.07929343,-0.38204095,-0.67001206,0.363624,-0.067723244,0.87201333,0.2614639,0.59326285,-0.120265506,-0.3702324,-0.20293975,-0.1497073,0.67000794,1.087424
RT-112,0.22015765,-0.26682287,-0.6941723,-0.07907824,-0.25621653,-0.11886291,0.23507273,-0.23196241,0.39833948,0.75977117,0.4009881,0.5674882,0.71694165,-0.4368356,-0.1464454,0.16793022,-0.16456363,-0.7388631,0.13893664,-0.69827116,0.14807922,-0.008201074,0.24283814,-0.38813215,-0.15037507,-0.6073172,0.15439767,0.32113194,0.78855634
NCI-H838,-0.11550174,-0.32209408,-0.7018251,0.19102246,-0.5137001,-0.065042704,0.33274513,-0.7535959,-0.07814947,0.95131874,0.7075261,0.5391471,-0.03029409,-0.15129718,-0.6716463,-0.07345724,-0.38206375,-0.6688835,0.3586677,-0.07249096,0.8667973,0.25929683,0.5930623,-0.121118695,-0.371175,-0.20369223,-0.14850403,0.6674223,1.0820693
PLC/PRF/5,0.22015765,-0.26682287,-0.6941723,-0.07907824,-0.25621653,-0.11886291,0.23507273,-0.23196241,0.39833948,0.75977117,0.4009881,0.5674882,0.71694165,-0.4368356,-0.1464454,0.16793022,-0.16456363,-0.7388631,0.13893664,-0.69827116,0.14807922,-0.008201074,0.24283814,-0.38813215,-0.15037507,-0.6073172,0.15439767,0.32113194,0.78855634
SUP-T1,0.006739691,0.044151057,-0.6153745,-0.04858665,-0.58440393,-0.04967258,0.27994993,-0.5321434,0.17833507,0.42815447,0.1022158,0.079255804,0.2453313,-0.051414713,-0.5720279,0.7080238,-0.51335657,-0.53468585,-0.14340925,-0.4262933,0.31411722,0.10676126,0.64971083,-0.39790753,-0.6096994,-0.13030541,-0.05571466,0.43487006,0.32415447
MDA-MB-361,-0.40213242,-0.15796144,-1.1205003,0.5379857,-0.74710196,0.12114908,0.5817843,-0.87424505,-0.45068473,0.6575605,0.37199888,0.17246279,-0.61880815,0.26217842,-1.0506295,0.33793527,-0.6831099,-0.62883997,0.38660625,0.25599653,0.8394733,0.42793357,0.77390677,-0.5608037,-0.69986284,0.14989716,-0.22324306,0.75059694,0.6091082
SLR23,0.006739691,0.044151057,-0.6153745,-0.04858665,-0.58440393,-0.04967258,0.27994993,-0.5321434,0.17833507,0.42815447,0.1022158,0.079255804,0.2453313,-0.051414713,-0.5720279,0.7080238,-0.51335657,-0.53468585,-0.14340925,-0.4262933,0.31411722,0.10676126,0.64971083,-0.39790753,-0.6096994,-0.13030541,-0.05571466,0.43487006,0.32415447
WM88,0.055050768,-0.11606704,-0.5168213,-0.079222456,-0.4933353,-0.109853,0.22174478,-0.5634626,0.21146715,0.67469865,0.38617307,0.3283161,0.33703807,-0.20503554,-0.4893093,0.34791854,-0.38371074,-0.5874005,0.0008186698,-0.41672295,0.4901967,0.10283319,0.5785821,-0.18271933,-0.43923005,-0.25802132,-0.061626673,0.48073444,0.6954547
KP-N-RT-BM-1,0.12714148,-0.27033743,-1.0140624,0.13115388,-0.27303147,-0.020472243,0.38347515,-0.16394067,0.25784647,0.6724659,0.2643172,0.50526816,0.54282755,-0.31949502,-0.2082716,0.25899512,-0.2228688,-0.79515535,0.25326696,-0.61844826,0.016565919,0.045957547,0.18649921,-0.7065313,-0.18464863,-0.5749133,0.20456702,0.3113409,0.6219812
IGROV-1,0.5997371,-1.132238,-1.6299789,0.30905175,0.6110023,-0.088657975,0.4446555,0.7485832,0.6894415,1.4781151,0.91788024,1.77405,1.6263376,-1.2360827,0.88824207,-1.1168509,0.6662828,-1.4283292,1.1743171,-1.2689654,-0.6051738,-0.20356551,-1.0056722,-1.0763464,1.0392438,-1.8499093,0.846477,-0.0144967735,1.6950084
EFO-21,-0.13821062,-0.2580526,-0.74577117,0.20779034,-0.55210936,-0.039203033,0.3587249,-0.74326587,-0.09624496,0.8521812,0.59338474,0.43799567,-0.07403782,-0.08622274,-0.7089267,0.07109088,-0.43629587,-0.64801276,0.3035354,-0.07146859,0.79860914,0.26322588,0.6230408,-0.21027426,-0.44152167,-0.14945024,-0.14729872,0.65095484,0.93232834
COR-L23,0.08707678,-0.07737967,-0.48208165,-0.12996852,-0.48951122,-0.11826739,0.20090133,-0.5277598,0.26585078,0.6227555,0.32583004,0.2887267,0.40601498,-0.21512641,-0.45507044,0.42704365,-0.38402,-0.5720998,-0.06637752,-0.4813622,0.41947937,0.073452756,0.575863,-0.19428658,-0.4520093,-0.26822314,-0.045313016,0.44567856,0.62285703
FTC-238,0.07847154,-0.09149884,-0.7211602,-0.014746308,-0.44584,-0.057652652,0.29370993,-0.3867332,0.24229486,0.5524252,0.20119128,0.2770633,0.41088086,-0.19229533,-0.4013022,0.4941825,-0.3751447,-0.63583535,0.0046331733,-0.52637494,0.21266848,0.06902872,0.46064597,-0.46494704,-0.41817245,-0.32992163,0.04663805,0.38335225,0.48826557
NCI-H460,-0.3827133,-0.35653993,-1.1465786,0.59496975,-0.64049566,0.091937706,0.5777131,-0.8770991,-0.4706959,0.9194721,0.65627575,0.4508837,-0.5798942,0.12463838,-0.97284186,-0.061754048,-0.5484442,-0.72034854,0.61523235,0.2993889,0.98976207,0.44584525,0.65734684,-0.4447717,-0.50378066,0.004106015,-0.20485322,0.7997017,0.98732066
SK-MEL-5,0.0911715,-0.07243326,-0.47763997,-0.13645671,-0.48902228,-0.11934322,0.19823638,-0.52319497,0.27280408,0.61611426,0.3181148,0.2836649,0.4148341,-0.2164166,-0.45069277,0.43716028,-0.38405955,-0.57014346,-0.07496897,-0.4896267,0.41043773,0.069696285,0.5755154,-0.19576553,-0.4536432,-0.2695275,-0.043227214,0.44119644,0.613575
SUIT-2,0.11975292,-0.03790697,-0.4466368,-0.18174472,-0.48560953,-0.12685259,0.17963478,-0.49133217,0.32133842,0.5697579,0.26426202,0.24833359,0.47639212,-0.22542214,-0.4201365,0.507775,-0.38433555,-0.55648845,-0.1349378,-0.5473136,0.3473265,0.043475892,0.57308877,-0.20608865,-0.46504796,-0.27863204,-0.02866819,0.40991104,0.54878557
TC-32,0.006739691,0.044151057,-0.6153745,-0.04858665,-0.58440393,-0.04967258,0.27994993,-0.5321434,0.17833507,0.42815447,0.1022158,0.079255804,0.2453313,-0.051414713,-0.5720279,0.7080238,-0.51335657,-0.53468585,-0.14340925,-0.4262933,0.31411722,0.10676126,0.64971083,-0.39790753,-0.6096994,-0.13030541,-0.05571466,0.43487006,0.32415447
HT-29,0.043841496,-0.1296078,-0.5289804,-0.061461084,-0.49467373,-0.10690792,0.22904007,-0.5759588,0.1924326,0.6928791,0.40729344,0.3421726,0.3128958,-0.20150368,-0.5012931,0.32022434,-0.3836025,-0.59275585,0.024337664,-0.39409894,0.5149481,0.11311649,0.57953376,-0.17867073,-0.43475723,-0.25445065,-0.06733654,0.49300417,0.7208643
NCI-H1573,0.11975292,-0.03790697,-0.4466368,-0.18174472,-0.48560953,-0.12685259,0.17963478,-0.49133217,0.32133842,0.5697579,0.26426202,0.24833359,0.47639212,-0.22542214,-0.4201365,0.507775,-0.38433555,-0.55648845,-0.1349378,-0.5473136,0.3473265,0.043475892,0.57308877,-0.20608865,-0.46504796,-0.27863204,-0.02866819,0.40991104,0.54878557
SNU-899,-0.13821062,-0.2580526,-0.74577117,0.20779034,-0.55210936,-0.039203033,0.3587249,-0.74326587,-0.09624496,0.8521812,0.59338474,0.43799567,-0.07403782,-0.08622274,-0.7089267,0.07109088,-0.43629587,-0.64801276,0.3035354,-0.07146859,0.79860914,0.26322588,0.6230408,-0.21027426,-0.44152167,-0.14945024,-0.14729872,0.65095484,0.93232834
A-253,-0.2389524,-0.28026235,-0.87605363,0.34652033,-0.6029629,0.008879423,0.4364717,-0.8168051,-0.24505603,0.8676959,0.6125263,0.42198694,-0.28539458,0.008511841,-0.8307706,0.0404225,-0.4945439,-0.66164446,0.40312716,0.083125174,0.89236224,0.3372611,0.66210145,-0.27977338,-0.4876866,-0.06623356,-0.18472363,0.716283,0.94185024
Hs 852.T,-0.21758232,-0.75513667,-1.1278062,0.58427906,-0.33361155,-0.007825136,0.5060065,-0.73699856,-0.33418435,1.428962,1.1881057,1.0573754,-0.22866133,-0.27813286,-0.6336572,-0.8456246,-0.18584882,-0.9213752,1.0013906,0.17926008,1.1120665,0.3887053,0.31718674,-0.21317945,-0.016703933,-0.4335847,-0.083828546,0.79784346,1.7268242
ZR-75-30,0.15157524,-0.2788199,-0.953994,0.08925122,-0.2600765,-0.04170222,0.35320765,-0.16835791,0.2917343,0.6992705,0.29978177,0.5317973,0.5906905,-0.3537439,-0.18366624,0.2253111,-0.20121405,-0.79019547,0.23929185,-0.6420352,0.03732133,0.032005183,0.1854924,-0.6441424,-0.1644224,-0.5952964,0.20097636,0.3098974,0.6681613
SNU-324,-0.13821062,-0.2580526,-0.74577117,0.20779034,-0.55210936,-0.039203033,0.3587249,-0.74326587,-0.09624496,0.8521812,0.59338474,0.43799567,-0.07403782,-0.08622274,-0.7089267,0.07109088,-0.43629587,-0.64801276,0.3035354,-0.07146859,0.79860914,0.26322588,0.6230408,-0.21027426,-0.44152167,-0.14945024,-0.14729872,0.65095484,0.93232834
NCI-H2347,0.15107644,-0.85133183,-1.2790984,0.40489927,0.046588182,-0.051538087,0.45284596,-0.098026484,0.14726023,1.376673,0.99744576,1.2870991,0.60292375,-0.6722878,0.0177055,-0.8439037,0.15193173,-1.1014342,0.9771435,-0.48488224,0.33275172,0.11302437,-0.21160978,-0.57175606,0.3847341,-1.0098203,0.30795577,0.42697293,1.6138494
HuTu 80,0.09759042,-1.1444939,-1.569742,0.6604798,0.18208438,-0.015055016,0.56648254,-0.061432064,-0.004583031,1.6937065,1.3109179,1.6425052,0.5035854,-0.7727619,0.06908667,-1.3597317,0.29650894,-1.2773151,1.4055886,-0.3431937,0.46551234,0.18847993,-0.41703415,-0.6475764,0.63758564,-1.1864161,0.3668051,0.49930543,2.0401103
KE-37,-0.21758232,-0.75513667,-1.1278062,0.58427906,-0.33361155,-0.007825136,0.5060065,-0.73699856,-0.33418435,1.428962,1.1881057,1.0573754,-0.22866133,-0.27813286,-0.6336572,-0.8456246,-0.18584882,-0.9213752,1.0013906,0.17926008,1.1120665,0.3887053,0.31718674,-0.21317945,-0.016703933,-0.4335847,-0.083828546,0.79784346,1.7268242
OVCAR-4,0.11975292,-0.03790697,-0.4466368,-0.18174472,-0.48560953,-0.12685259,0.17963478,-0.49133217,0.32133842,0.5697579,0.26426202,0.24833359,0.47639212,-0.22542214,-0.4201365,0.507775,-0.38433555,-0.55648845,-0.1349378,-0.5473136,0.3473265,0.043475892,0.57308877,-0.20608865,-0.46504796,-0.27863204,-0.02866819,0.40991104,0.54878557
SNU-119,-0.027959801,-0.01883188,-0.89181983,0.11718884,-0.5346941,0.017295599,0.39245617,-0.418572,0.10614054,0.42096686,0.048368573,0.12282677,0.19431958,-0.030101776,-0.5402459,0.6779816,-0.49354327,-0.6201212,0.0045287907,-0.41368702,0.17463104,0.1287628,0.52505517,-0.6560137,-0.54889625,-0.19605444,0.025868153,0.40488872,0.2779054
ME-1 [Human leukemia],-0.21758232,-0.75513667,-1.1278062,0.58427906,-0.33361155,-0.007825136,0.5060065,-0.73699856,-0.33418435,1.428962,1.1881057,1.0573754,-0.22866133,-0.27813286,-0.6336572,-0.8456246,-0.18584882,-0.9213752,1.0013906,0.17926008,1.1120665,0.3887053,0.31718674,-0.21317945,-0.016703933,-0.4335847,-0.083828546,0.79784346,1.7268242
HEK TE,0.006739691,0.044151057,-0.6153745,-0.04858665,-0.58440393,-0.04967258,0.27994993,-0.5321434,0.17833507,0.42815447,0.1022158,0.079255804,0.2453313,-0.051414713,-0.5720279,0.7080238,-0.51335657,-0.53468585,-0.14340925,-0.4262933,0.31411722,0.10676126,0.64971083,-0.39790753,-0.6096994,-0.13030541,-0.05571466,0.43487006,0.32415447
Raji,0.006739691,0.044151057,-0.6153745,-0.04858665,-0.58440393,-0.04967258,0.27994993,-0.5321434,0.17833507,0.42815447,0.1022158,0.079255804,0.2453313,-0.051414713,-0.5720279,0.7080238,-0.51335657,-0.53468585,-0.14340925,-0.4262933,0.31411722,0.10676126,0.64971083,-0.39790753,-0.6096994,-0.13030541,-0.05571466,0.43487006,0.32415447
KYSE-510,-0.22729713,-0.6815185,-1.6676257,0.8053036,-0.27217293,0.14447989,0.71719766,-0.37731087,-0.34957004,1.1186415,0.73343456,0.8876817,-0.19240323,-0.17117767,-0.51770186,-0.46823233,-0.22198066,-1.025787,1.0340335,0.014662385,0.51162195,0.35299918,0.08957416,-0.916457,-0.026665658,-0.52529436,0.13794093,0.6070719,1.2011707
Panc 02.13,0.11975292,-0.03790697,-0.4466368,-0.18174472,-0.48560953,-0.12685259,0.17963478,-0.49133217,0.32133842,0.5697579,0.26426202,0.24833359,0.47639212,-0.22542214,-0.4201365,0.507775,-0.38433555,-0.55648845,-0.1349378,-0.5473136,0.3473265,0.043475892,0.57308877,-0.20608865,-0.46504796,-0.27863204,-0.02866819,0.40991104,0.54878557
JVM-3,0.06881668,-0.09943784,-0.501889,-0.10103491,-0.4916916,-0.1134698,0.21278553,-0.54811627,0.23484316,0.65237164,0.3602355,0.31129918,0.3666868,-0.20937295,-0.47459224,0.3819293,-0.38384366,-0.5808237,-0.02806463,-0.44450718,0.4597999,0.09020444,0.5774133,-0.18769135,-0.444723,-0.26240644,-0.054614488,0.46566617,0.66424966
K029AX,0.06881668,-0.09943784,-0.501889,-0.10103491,-0.4916916,-0.1134698,0.21278553,-0.54811627,0.23484316,0.65237164,0.3602355,0.31129918,0.3666868,-0.20937295,-0.47459224,0.3819293,-0.38384366,-0.5808237,-0.02806463,-0.44450718,0.4597999,0.09020444,0.5774133,-0.18769135,-0.444723,-0.26240644,-0.054614488,0.46566617,0.66424966
Hs 600.T,-0.13821062,-0.2580526,-0.74577117,0.20779034,-0.55210936,-0.039203033,0.3587249,-0.74326587,-0.09624496,0.8521812,0.59338474,0.43799567,-0.07403782,-0.08622274,-0.7089267,0.07109088,-0.43629587,-0.64801276,0.3035354,-0.07146859,0.79860914,0.26322588,0.6230408,-0.21027426,-0.44152167,-0.14945024,-0.14729872,0.65095484,0.93232834
COR-L47,-0.11786393,-0.32494763,-0.7043874,0.19476542,-0.5139822,-0.06442207,0.33428252,-0.7562293,-0.08216074,0.95515,0.71197695,0.5420671,-0.035381705,-0.1505529,-0.6741717,-0.07929343,-0.38204095,-0.67001206,0.363624,-0.067723244,0.87201333,0.2614639,0.59326285,-0.120265506,-0.3702324,-0.20293975,-0.1497073,0.67000794,1.087424
OUMS-23,0.11975292,-0.03790697,-0.4466368,-0.18174472,-0.48560953,-0.12685259,0.17963478,-0.49133217,0.32133842,0.5697579,0.26426202,0.24833359,0.47639212,-0.22542214,-0.4201365,0.507775,-0.38433555,-0.55648845,-0.1349378,-0.5473136,0.3473265,0.043475892,0.57308877,-0.20608865,-0.46504796,-0.27863204,-0.02866819,0.40991104,0.54878557
RCC4,0.006739691,0.044151057,-0.6153745,-0.04858665,-0.58440393,-0.04967258,0.27994993,-0.5321434,0.17833507,0.42815447,0.1022158,0.079255804,0.2453313,-0.051414713,-0.5720279,0.7080238,-0.51335657,-0.53468585,-0.14340925,-0.4262933,0.31411722,0.10676126,0.64971083,-0.39790753,-0.6096994,-0.13030541,-0.05571466,0.43487006,0.32415447
RCC10RGB,0.3653433,-0.5978362,-1.0521097,0.06937793,0.07548672,-0.1073098,0.3152362,0.14308733,0.5096834,1.0345311,0.5986946,1.028987,1.0647773,-0.74254024,0.24931306,-0.32348675,0.15322748,-1.0025775,0.53496015,-0.9165565,-0.14003316,-0.082926184,-0.23470563,-0.6513678,0.30464327,-1.0825973,0.41911164,0.19275704,1.135266
GLC-82,0.006739691,0.044151057,-0.6153745,-0.04858665,-0.58440393,-0.04967258,0.27994993,-0.5321434,0.17833507,0.42815447,0.1022158,0.079255804,0.2453313,-0.051414713,-0.5720279,0.7080238,-0.51335657,-0.53468585,-0.14340925,-0.4262933,0.31411722,0.10676126,0.64971083,-0.39790753,-0.6096994,-0.13030541,-0.05571466,0.43487006,0.32415447
KP-1NL,0.07389566,-0.020256238,-0.511802,-0.12442674,-0.51959145,-0.098934494,0.21842386,-0.5139891,0.25981143,0.5355561,0.2253502,0.2018297,0.38175118,-0.16472197,-0.47954538,0.5547095,-0.42737478,-0.5530671,-0.120795615,-0.49054262,0.354091,0.072046414,0.5993818,-0.26727054,-0.5101609,-0.22648607,-0.04182752,0.42710692,0.49205405
ONCO-DG-1,0.11975292,-0.03790697,-0.4466368,-0.18174472,-0.48560953,-0.12685259,0.17963478,-0.49133217,0.32133842,0.5697579,0.26426202,0.24833359,0.47639212,-0.22542214,-0.4201365,0.507775,-0.38433555,-0.55648845,-0.1349378,-0.5473136,0.3473265,0.043475892,0.57308877,-0.20608865,-0.46504796,-0.27863204,-0.02866819,0.40991104,0.54878557
SF295,-0.2389524,-0.28026235,-0.87605363,0.34652033,-0.6029629,0.008879423,0.4364717,-0.8168051,-0.24505603,0.8676959,0.6125263,0.42198694,-0.28539458,0.008511841,-0.8307706,0.0404225,-0.4945439,-0.66164446,0.40312716,0.083125174,0.89236224,0.3372611,0.66210145,-0.27977338,-0.4876866,-0.06623356,-0.18472363,0.716283,0.94185024
TT2609-C02,-0.026043467,-0.2140287,-0.6047868,0.04927349,-0.5030184,-0.08854662,0.2745232,-0.6538671,0.073760346,0.8062259,0.5389699,0.42856193,0.16237912,-0.17948404,-0.5760068,0.14756292,-0.38292763,-0.626144,0.17096859,-0.25304767,0.66926265,0.17722848,0.58546716,-0.15342948,-0.40687126,-0.23218894,-0.10293508,0.5695007,0.87928206
Capan-1,0.016267449,0.03723303,-0.60114884,-0.059812747,-0.5760749,-0.05617936,0.27149272,-0.52870274,0.1903912,0.44009256,0.11587736,0.093510166,0.26481122,-0.06608468,-0.55922246,0.6911415,-0.50247926,-0.53652394,-0.14269505,-0.4364961,0.31691697,0.10142589,0.6432511,-0.38173592,-0.5975044,-0.14281031,-0.053434465,0.43276584,0.34309232
G-402,0.10969387,-0.71202654,-1.1313175,0.32898226,-0.0758661,-0.059243128,0.4144917,-0.22385433,0.12752588,1.2530608,0.8992563,1.0986544,0.50065994,-0.56207407,-0.116452605,-0.628364,0.033014446,-0.9966979,0.80206347,-0.4292997,0.41199,0.12913296,-0.03419441,-0.4780118,0.20950162,-0.8362626,0.2155691,0.46085212,1.4550295
ONS-76,-0.20516169,-0.7054827,-1.0790657,0.53869927,-0.3536388,-0.014489062,0.48597226,-0.7377397,-0.30384207,1.3739045,1.132457,0.99816346,-0.20431438,-0.26425886,-0.63683724,-0.75676876,-0.20780931,-0.8926505,0.92738867,0.14907658,1.0824182,0.37331018,0.34796435,-0.20324193,-0.056758404,-0.40818512,-0.09055413,0.78215766,1.6524261
DV-90,0.109431595,-0.050375115,-0.45783266,-0.16539031,-0.48684195,-0.1241408,0.1863522,-0.5028385,0.30381167,0.5864981,0.28370935,0.26109245,0.45416227,-0.22217005,-0.431171,0.4822746,-0.3842359,-0.56141955,-0.11328183,-0.5264817,0.37011725,0.052944608,0.5739651,-0.20236076,-0.46092945,-0.27534422,-0.03392575,0.42120883,0.5721823
LK-2,0.11975292,-0.03790697,-0.4466368,-0.18174472,-0.48560953,-0.12685259,0.17963478,-0.49133217,0.32133842,0.5697579,0.26426202,0.24833359,0.47639212,-0.22542214,-0.4201365,0.507775,-0.38433555,-0.55648845,-0.1349378,-0.5473136,0.3473265,0.043475892,0.57308877,-0.20608865,-0.46504796,-0.27863204,-0.02866819,0.40991104,0.54878557
MKN7,0.006739691,0.044151057,-0.6153745,-0.04858665,-0.58440393,-0.04967258,0.27994993,-0.5321434,0.17833507,0.42815447,0.1022158,0.079255804,0.2453313,-0.051414713,-0.5720279,0.7080238,-0.51335657,-0.53468585,-0.14340925,-0.4262933,0.31411722,0.10676126,0.64971083,-0.39790753,-0.6096994,-0.13030541,-0.05571466,0.43487006,0.32415447
KYSE-140,0.11975292,-0.03790697,-0.4466368,-0.18174472,-0.48560953,-0.12685259,0.17963478,-0.49133217,0.32133842,0.5697579,0.26426202,0.24833359,0.47639212,-0.22542214,-0.4201365,0.507775,-0.38433555,-0.55648845,-0.1349378,-0.5473136,0.3473265,0.043475892,0.57308877,-0.20608865,-0.46504796,-0.27863204,-0.02866819,0.40991104,0.54878557
HCC1195,-0.0506301,-0.2437293,-0.63145673,0.08823165,-0.50595415,-0.08208683,0.29052484,-0.68127644,0.0320096,0.8461031,0.58529574,0.45895505,0.10942501,-0.1717372,-0.6022923,0.08681795,-0.3826902,-0.6378905,0.22255564,-0.20342365,0.7235528,0.19978407,0.5875546,-0.14454922,-0.3970605,-0.22435693,-0.11545921,0.5964134,0.9350159
KP-4,0.12085635,-0.19397834,-0.8405451,0.036871865,-0.34369832,-0.051411614,0.32252845,-0.2688841,0.27292502,0.6350429,0.2586375,0.41812044,0.51374763,-0.28367004,-0.28056827,0.3446536,-0.278431,-0.7189298,0.13022512,-0.59172755,0.11998814,0.047384217,0.31141165,-0.55499977,-0.2783621,-0.47604972,0.12987569,0.34337974,0.59098846
SU-DHL-10,-0.026846148,-0.042466015,-0.6420845,0.014303282,-0.570445,-0.05085203,0.29617068,-0.58752847,0.111000314,0.5510708,0.24449183,0.18582097,0.17039439,-0.06998736,-0.60138935,0.52404106,-0.48562285,-0.56669885,-0.021203808,-0.33594882,0.44784406,0.14608166,0.63844246,-0.33676964,-0.55632585,-0.14326936,-0.07925242,0.4924351,0.50157595
SBC-5,0.11975292,-0.03790697,-0.4466368,-0.18174472,-0.48560953,-0.12685259,0.17963478,-0.49133217,0.32133842,0.5697579,0.26426202,0.24833359,0.47639212,-0.22542214,-0.4201365,0.507775,-0.38433555,-0.55648845,-0.1349378,-0.5473136,0.3473265,0.043475892,0.57308877,-0.20608865,-0.46504796,-0.27863204,-0.02866819,0.40991104,0.54878557
HT-55,0.28622082,-0.90171117,-1.349945,0.35043976,0.19534701,-0.066079065,0.4385715,0.14257419,0.3197145,1.372735,0.94162,1.390445,0.90881824,-0.82453835,0.26366472,-0.8686486,0.2852845,-1.1773832,0.989169,-0.7261149,0.048036814,0.013709387,-0.41934466,-0.70949674,0.5472063,-1.2338655,0.45727172,0.2919295,1.5926076
LNCaP clone FGC,0.49397957,-0.8911181,-1.3692467,0.20091191,0.36937988,-0.0970736,0.38626206,0.47538596,0.6083354,1.2779719,0.773865,1.4378806,1.3729639,-1.0133984,0.5999599,-0.7588882,0.43479434,-1.2362318,0.88584197,-1.1099598,-0.3953043,-0.14913355,-0.6578152,-0.8845978,0.707795,-1.5037013,0.6536515,0.079015285,1.4424548
NCI-H1666,0.06881668,-0.09943784,-0.501889,-0.10103491,-0.4916916,-0.1134698,0.21278553,-0.54811627,0.23484316,0.65237164,0.3602355,0.31129918,0.3666868,-0.20937295,-0.47459224,0.3819293,-0.38384366,-0.5808237,-0.02806463,-0.44450718,0.4597999,0.09020444,0.5774133,-0.18769135,-0.444723,-0.26240644,-0.054614488,0.46566617,0.66424966
NCI-H69,-0.40213242,-0.15796144,-1.1205003,0.5379857,-0.74710196,0.12114908,0.5817843,-0.87424505,-0.45068473,0.6575605,0.37199888,0.17246279,-0.61880815,0.26217842,-1.0506295,0.33793527,-0.6831099,-0.62883997,0.38660625,0.25599653,0.8394733,0.42793357,0.77390677,-0.5608037,-0.69986284,0.14989716,-0.22324306,0.75059694,0.6091082
HEC-265,-0.011327483,-1.0636122,-1.4716469,0.6742641,0.037189066,-0.007288955,0.5640947,-0.27229887,-0.13281673,1.6562958,1.3184254,1.5082315,0.25425866,-0.62938017,-0.14827383,-1.2721698,0.16364619,-1.1896117,1.3401668,-0.15472075,0.69239163,0.26387107,-0.21260917,-0.5197991,0.46584278,-0.97172445,0.23129281,0.6057123,2.0034747
SEM,0.11975292,-0.03790697,-0.4466368,-0.18174472,-0.48560953,-0.12685259,0.17963478,-0.49133217,0.32133842,0.5697579,0.26426202,0.24833359,0.47639212,-0.22542214,-0.4201365,0.507775,-0.38433555,-0.55648845,-0.1349378,-0.5473136,0.3473265,0.043475892,0.57308877,-0.20608865,-0.46504796,-0.27863204,-0.02866819,0.40991104,0.54878557
SK-N-FI,0.006739691,0.044151057,-0.6153745,-0.04858665,-0.58440393,-0.04967258,0.27994993,-0.5321434,0.17833507,0.42815447,0.1022158,0.079255804,0.2453313,-0.051414713,-0.5720279,0.7080238,-0.51335657,-0.53468585,-0.14340925,-0.4262933,0.31411722,0.10676126,0.64971083,-0.39790753,-0.6096994,-0.13030541,-0.05571466,0.43487006,0.32415447
VMRC-LCP,0.006739691,0.044151057,-0.6153745,-0.04858665,-0.58440393,-0.04967258,0.27994993,-0.5321434,0.17833507,0.42815447,0.1022158,0.079255804,0.2453313,-0.051414713,-0.5720279,0.7080238,-0.51335657,-0.53468585,-0.14340925,-0.4262933,0.31411722,0.10676126,0.64971083,-0.39790753,-0.6096994,-0.13030541,-0.05571466,0.43487006,0.32415447
LS1034,0.11975292,-0.03790697,-0.4466368,-0.18174472,-0.48560953,-0.12685259,0.17963478,-0.49133217,0.32133842,0.5697579,0.26426202,0.24833359,0.47639212,-0.22542214,-0.4201365,0.507775,-0.38433555,-0.55648845,-0.1349378,-0.5473136,0.3473265,0.043475892,0.57308877,-0.20608865,-0.46504796,-0.27863204,-0.02866819,0.40991104,0.54878557
PF-382,0.9462176,-1.9221898,-2.4841838,0.66333723,1.4026005,-0.061086893,0.63596284,1.6436263,0.9551597,2.1338203,1.3896999,2.875401,2.456435,-1.9656363,1.8327057,-2.2896001,1.4246801,-2.0576744,2.1194134,-1.7898955,-1.2927439,-0.38189438,-2.1453137,-1.704549,2.1251292,-2.9841485,1.4782076,-0.32085901,2.5224185
CCK-81,0.2847558,-1.0286875,-1.4789728,0.4463468,0.27289933,-0.05340618,0.48270825,0.19365346,0.2837993,1.5012672,1.0609002,1.5507361,0.9143507,-0.8883515,0.32157212,-1.0824602,0.36421898,-1.2604367,1.165478,-0.7046766,0.059301287,0.029509388,-0.53424513,-0.76108706,0.6746179,-1.3394767,0.50369036,0.3010857,1.7630253
A3/Kawakami,-0.13821062,-0.2580526,-0.74577117,0.20779034,-0.55210936,-0.039203033,0.3587249,-0.74326587,-0.09624496,0.8521812,0.59338474,0.43799567,-0.07403782,-0.08622274,-0.7089267,0.07109088,-0.43629587,-0.64801276,0.3035354,-0.07146859,0.79860914,0.26322588,0.6230408,-0.21027426,-0.44152167,-0.14945024,-0.14729872,0.65095484,0.93232834
NCI-H661,0.11975292,-0.03790697,-0.4466368,-0.18174472,-0.48560953,-0.12685259,0.17963478,-0.49133217,0.32133842,0.5697579,0.26426202,0.24833359,0.47639212,-0.22542214,-0.4201365,0.507775,-0.38433555,-0.55648845,-0.1349378,-0.5473136,0.3473265,0.043475892,0.57308877,-0.20608865,-0.46504796,-0.27863204,-0.02866819,0.40991104,0.54878557
TE-6,0.006739691,0.044151057,-0.6153745,-0.04858665,-0.58440393,-0.04967258,0.27994993,-0.5321434,0.17833507,0.42815447,0.1022158,0.079255804,0.2453313,-0.051414713,-0.5720279,0.7080238,-0.51335657,-0.53468585,-0.14340925,-0.4262933,0.31411722,0.10676126,0.64971083,-0.39790753,-0.6096994,-0.13030541,-0.05571466,0.43487006,0.32415447
HCC1897,0.006739691,0.044151057,-0.6153745,-0.04858665,-0.58440393,-0.04967258,0.27994993,-0.5321434,0.17833507,0.42815447,0.1022158,0.079255804,0.2453313,-0.051414713,-0.5720279,0.7080238,-0.51335657,-0.53468585,-0.14340925,-0.4262933,0.31411722,0.10676126,0.64971083,-0.39790753,-0.6096994,-0.13030541,-0.05571466,0.43487006,0.32415447
VCaP,-0.027959801,-0.01883188,-0.89181983,0.11718884,-0.5346941,0.017295599,0.39245617,-0.418572,0.10614054,0.42096686,0.048368573,0.12282677,0.19431958,-0.030101776,-0.5402459,0.6779816,-0.49354327,-0.6201212,0.0045287907,-0.41368702,0.17463104,0.1287628,0.52505517,-0.6560137,-0.54889625,-0.19605444,0.025868153,0.40488872,0.2779054
A2780,-0.27510902,-0.5148993,-0.87495625,0.4439244,-0.53275806,-0.023108125,0.43662205,-0.9315273,-0.34917992,1.2101867,1.0082563,0.73644793,-0.3740526,-0.10100749,-0.84228176,-0.4677912,-0.38052246,-0.74513733,0.6935518,0.24964994,1.2192296,0.40571943,0.6066132,-0.06347127,-0.30748737,-0.1528497,-0.22980602,0.84212947,1.4438728
RERF-LC-KJ,0.006739691,0.044151057,-0.6153745,-0.04858665,-0.58440393,-0.04967258,0.27994993,-0.5321434,0.17833507,0.42815447,0.1022158,0.079255804,0.2453313,-0.051414713,-0.5720279,0.7080238,-0.51335657,-0.53468585,-0.14340925,-0.4262933,0.31411722,0.10676126,0.64971083,-0.39790753,-0.6096994,-0.13030541,-0.05571466,0.43487006,0.32415447
1321N1,0.006739691,0.044151057,-0.6153745,-0.04858665,-0.58440393,-0.04967258,0.27994993,-0.5321434,0.17833507,0.42815447,0.1022158,0.079255804,0.2453313,-0.051414713,-0.5720279,0.7080238,-0.51335657,-0.53468585,-0.14340925,-0.4262933,0.31411722,0.10676126,0.64971083,-0.39790753,-0.6096994,-0.13030541,-0.05571466,0.43487006,0.32415447
BHT-101,0.06881668,-0.09943784,-0.501889,-0.10103491,-0.4916916,-0.1134698,0.21278553,-0.54811627,0.23484316,0.65237164,0.3602355,0.31129918,0.3666868,-0.20937295,-0.47459224,0.3819293,-0.38384366,-0.5808237,-0.02806463,-0.44450718,0.4597999,0.09020444,0.5774133,-0.18769135,-0.444723,-0.26240644,-0.054614488,0.46566617,0.66424966
JK-1,-0.13821062,-0.2580526,-0.74577117,0.20779034,-0.55210936,-0.039203033,0.3587249,-0.74326587,-0.09624496,0.8521812,0.59338474,0.43799567,-0.07403782,-0.08622274,-0.7089267,0.07109088,-0.43629587,-0.64801276,0.3035354,-0.07146859,0.79860914,0.26322588,0.6230408,-0.21027426,-0.44152167,-0.14945024,-0.14729872,0.65095484,0.93232834
NCI-H146,-0.13821062,-0.2580526,-0.74577117,0.20779034,-0.55210936,-0.039203033,0.3587249,-0.74326587,-0.09624496,0.8521812,0.59338474,0.43799567,-0.07403782,-0.08622274,-0.7089267,0.07109088,-0.43629587,-0.64801276,0.3035354,-0.07146859,0.79860914,0.26322588,0.6230408,-0.21027426,-0.44152167,-0.14945024,-0.14729872,0.65095484,0.93232834
IMR-32,-0.13821062,-0.2580526,-0.74577117,0.20779034,-0.55210936,-0.039203033,0.3587249,-0.74326587,-0.09624496,0.8521812,0.59338474,0.43799567,-0.07403782,-0.08622274,-0.7089267,0.07109088,-0.43629587,-0.64801276,0.3035354,-0.07146859,0.79860914,0.26322588,0.6230408,-0.21027426,-0.44152167,-0.14945024,-0.14729872,0.65095484,0.93232834
OELE,0.006739691,0.044151057,-0.6153745,-0.04858665,-0.58440393,-0.04967258,0.27994993,-0.5321434,0.17833507,0.42815447,0.1022158,0.079255804,0.2453313,-0.051414713,-0.5720279,0.7080238,-0.51335657,-0.53468585,-0.14340925,-0.4262933,0.31411722,0.10676126,0.64971083,-0.39790753,-0.6096994,-0.13030541,-0.05571466,0.43487006,0.32415447
P31/FUJ,-0.00010035187,-1.3504391,-1.7652128,0.8810003,0.22500885,0.019241929,0.66039085,-0.13331747,-0.19394922,1.9407535,1.5768197,1.8745706,0.2992829,-0.7871225,0.006415367,-1.748713,0.3528796,-1.3818262,1.7322272,-0.13304129,0.6868646,0.28825343,-0.489524,-0.64889663,0.7656399,-1.2297976,0.35016745,0.61154264,2.3789144
SNU-81,-0.08837137,-1.1460114,-1.544359,0.78836703,0.02136594,0.011906102,0.6105571,-0.36267996,-0.26079696,1.770503,1.4536612,1.5899653,0.087582976,-0.5996276,-0.2357093,-1.4446065,0.1576648,-1.2194023,1.4870558,-0.0007953644,0.86182964,0.33331868,-0.196266,-0.4875307,0.48577756,-0.93814266,0.18802837,0.6894014,2.163881
Panc 03.27,0.07389566,-0.020256238,-0.511802,-0.12442674,-0.51959145,-0.098934494,0.21842386,-0.5139891,0.25981143,0.5355561,0.2253502,0.2018297,0.38175118,-0.16472197,-0.47954538,0.5547095,-0.42737478,-0.5530671,-0.120795615,-0.49054262,0.354091,0.072046414,0.5993818,-0.26727054,-0.5101609,-0.22648607,-0.04182752,0.42710692,0.49205405
RD,0.17970012,-0.64536816,-1.0736077,0.23144159,-0.056389242,-0.07587868,0.3751064,-0.13827103,0.24162278,1.157562,0.7840178,1.0347834,0.6526805,-0.5933255,-0.033102334,-0.48546785,0.043626845,-0.97503126,0.6799569,-0.5679523,0.2585562,0.066977434,-0.056590736,-0.5107518,0.19970798,-0.8737359,0.25797567,0.3853031,1.3202375
LN-319,0.006739691,0.044151057,-0.6153745,-0.04858665,-0.58440393,-0.04967258,0.27994993,-0.5321434,0.17833507,0.42815447,0.1022158,0.079255804,0.2453313,-0.051414713,-0.5720279,0.7080238,-0.51335657,-0.53468585,-0.14340925,-0.4262933,0.31411722,0.10676126,0.64971083,-0.39790753,-0.6096994,-0.13030541,-0.05571466,0.43487006,0.32415447
COR-L105,0.006739691,0.044151057,-0.6153745,-0.04858665,-0.58440393,-0.04967258,0.27994993,-0.5321434,0.17833507,0.42815447,0.1022158,0.079255804,0.2453313,-0.051414713,-0.5720279,0.7080238,-0.51335657,-0.53468585,-0.14340925,-0.4262933,0.31411722,0.10676126,0.64971083,-0.39790753,-0.6096994,-0.13030541,-0.05571466,0.43487006,0.32415447
HCC1806,-0.13821062,-0.2580526,-0.74577117,0.20779034,-0.55210936,-0.039203033,0.3587249,-0.74326587,-0.09624496,0.8521812,0.59338474,0.43799567,-0.07403782,-0.08622274,-0.7089267,0.07109088,-0.43629587,-0.64801276,0.3035354,-0.07146859,0.79860914,0.26322588,0.6230408,-0.21027426,-0.44152167,-0.14945024,-0.14729872,0.65095484,0.93232834
M059J,0.006739691,0.044151057,-0.6153745,-0.04858665,-0.58440393,-0.04967258,0.27994993,-0.5321434,0.17833507,0.42815447,0.1022158,0.079255804,0.2453313,-0.051414713,-0.5720279,0.7080238,-0.51335657,-0.53468585,-0.14340925,-0.4262933,0.31411722,0.10676126,0.64971083,-0.39790753,-0.6096994,-0.13030541,-0.05571466,0.43487006,0.32415447
J82,-0.23964816,-0.2327038,-0.8870269,0.33745614,-0.62193376,0.01957722,0.44285056,-0.79872036,-0.23540854,0.7968827,0.5308056,0.3544746,-0.2841597,0.03937632,-0.83839405,0.14487007,-0.5233476,-0.64519364,0.35020605,0.060819447,0.8312887,0.3289555,0.67700213,-0.3310343,-0.5294241,-0.041139767,-0.17831984,0.6951796,0.8369623
KYSE-180,0.3653433,-0.5978362,-1.0521097,0.06937793,0.07548672,-0.1073098,0.3152362,0.14308733,0.5096834,1.0345311,0.5986946,1.028987,1.0647773,-0.74254024,0.24931306,-0.32348675,0.15322748,-1.0025775,0.53496015,-0.9165565,-0.14003316,-0.082926184,-0.23470563,-0.6513678,0.30464327,-1.0825973,0.41911164,0.19275704,1.135266
SNU-1,0.11975292,-0.03790697,-0.4466368,-0.18174472,-0.48560953,-0.12685259,0.17963478,-0.49133217,0.32133842,0.5697579,0.26426202,0.24833359,0.47639212,-0.22542214,-0.4201365,0.507775,-0.38433555,-0.55648845,-0.1349378,-0.5473136,0.3473265,0.043475892,0.57308877,-0.20608865,-0.46504796,-0.27863204,-0.02866819,0.40991104,0.54878557
SU-DHL-5,-0.3767993,-0.8416697,-1.2713034,0.7917974,-0.40358165,0.043763444,0.6029814,-0.9072701,-0.57906634,1.5500169,1.3395169,1.1108941,-0.5708833,-0.16600157,-0.8328762,-1.0285065,-0.24876142,-0.9477105,1.2056729,0.46313977,1.3783418,0.5181267,0.3888199,-0.20617598,-0.051092923,-0.3145145,-0.17181571,0.9407453,1.8912985
NCI-H889,0.006739691,0.044151057,-0.6153745,-0.04858665,-0.58440393,-0.04967258,0.27994993,-0.5321434,0.17833507,0.42815447,0.1022158,0.079255804,0.2453313,-0.051414713,-0.5720279,0.7080238,-0.51335657,-0.53468585,-0.14340925,-0.4262933,0.31411722,0.10676126,0.64971083,-0.39790753,-0.6096994,-0.13030541,-0.05571466,0.43487006,0.32415447
SW1990,0.07389566,-0.020256238,-0.511802,-0.12442674,-0.51959145,-0.098934494,0.21842386,-0.5139891,0.25981143,0.5355561,0.2253502,0.2018297,0.38175118,-0.16472197,-0.47954538,0.5547095,-0.42737478,-0.5530671,-0.120795615,-0.49054262,0.354091,0.072046414,0.5993818,-0.26727054,-0.5101609,-0.22648607,-0.04182752,0.42710692,0.49205405
NCI-H3255,0.006739691,0.044151057,-0.6153745,-0.04858665,-0.58440393,-0.04967258,0.27994993,-0.5321434,0.17833507,0.42815447,0.1022158,0.079255804,0.2453313,-0.051414713,-0.5720279,0.7080238,-0.51335657,-0.53468585,-0.14340925,-0.4262933,0.31411722,0.10676126,0.64971083,-0.39790753,-0.6096994,-0.13030541,-0.05571466,0.43487006,0.32415447
JHOM-1,0.35845223,-0.58212507,-1.0351207,0.062331617,0.05974281,-0.10785815,0.31143135,0.12528598,0.5043985,1.02149,0.5893107,1.0070826,1.0482676,-0.7280303,0.23052883,-0.3001622,0.13814387,-0.9900606,0.51616335,-0.90619576,-0.12635824,-0.07937944,-0.21203953,-0.6388736,0.2830463,-1.0600387,0.4065473,0.19885021,1.1188097
DMS 273,-0.2389524,-0.28026235,-0.87605363,0.34652033,-0.6029629,0.008879423,0.4364717,-0.8168051,-0.24505603,0.8676959,0.6125263,0.42198694,-0.28539458,0.008511841,-0.8307706,0.0404225,-0.4945439,-0.66164446,0.40312716,0.083125174,0.89236224,0.3372611,0.66210145,-0.27977338,-0.4876866,-0.06623356,-0.18472363,0.716283,0.94185024
MDA-MB-468,0.05349914,-0.75587386,-1.1678095,0.40005872,-0.097497255,-0.04683765,0.44277498,-0.29661983,0.03851819,1.3199854,0.98276955,1.137697,0.37796122,-0.5320293,-0.18794723,-0.7268513,0.018406838,-1.0077361,0.8867141,-0.3194278,0.5345333,0.1779105,-0.0073422194,-0.44770986,0.207578,-0.79799825,0.17789,0.52091336,1.5503362
OE33,0.006739691,0.044151057,-0.6153745,-0.04858665,-0.58440393,-0.04967258,0.27994993,-0.5321434,0.17833507,0.42815447,0.1022158,0.079255804,0.2453313,-0.051414713,-0.5720279,0.7080238,-0.51335657,-0.53468585,-0.14340925,-0.4262933,0.31411722,0.10676126,0.64971083,-0.39790753,-0.6096994,-0.13030541,-0.05571466,0.43487006,0.32415447
T84,-0.027541883,0.005092595,-0.65305775,0.0052390248,-0.5894158,-0.040154234,0.30254954,-0.5694436,0.12064785,0.48025748,0.16277099,0.118308574,0.17162934,-0.03912288,-0.6090128,0.6284887,-0.5144265,-0.550248,-0.07412501,-0.3582546,0.38677043,0.13777602,0.65334314,-0.38803062,-0.59806335,-0.11817558,-0.072848625,0.47133163,0.39668787
MOR/CPR,0.2897747,-0.425545,-0.8658047,-0.007892966,-0.09716359,-0.11332315,0.2735114,-0.05212471,0.45172927,0.89151955,0.4957891,0.78877854,0.88373005,-0.58342206,0.043322206,-0.06770599,-0.01218164,-0.8653151,0.32883137,-0.8029398,0.009928286,-0.044032034,0.013854146,-0.5143546,0.06780791,-0.83521575,0.28132898,0.25957572,0.9548049
HEY A8,0.11975292,-0.03790697,-0.4466368,-0.18174472,-0.48560953,-0.12685259,0.17963478,-0.49133217,0.32133842,0.5697579,0.26426202,0.24833359,0.47639212,-0.22542214,-0.4201365,0.507775,-0.38433555,-0.55648845,-0.1349378,-0.5473136,0.3473265,0.043475892,0.57308877,-0.20608865,-0.46504796,-0.27863204,-0.02866819,0.40991104,0.54878557
Hs 944.T,-0.2712569,-0.510246,-0.8707777,0.43782058,-0.5322981,-0.024120212,0.434115,-0.9272329,-0.3426386,1.203939,1.0009983,0.73168606,-0.365756,-0.10222123,-0.8381635,-0.45827395,-0.38055965,-0.743297,0.68546927,0.24187505,1.2107236,0.40218553,0.60628617,-0.064862594,-0.30902445,-0.15407678,-0.2278438,0.8379129,1.4351406
BT-20,-0.40213242,-0.15796144,-1.1205003,0.5379857,-0.74710196,0.12114908,0.5817843,-0.87424505,-0.45068473,0.6575605,0.37199888,0.17246279,-0.61880815,0.26217842,-1.0506295,0.33793527,-0.6831099,-0.62883997,0.38660625,0.25599653,0.8394733,0.42793357,0.77390677,-0.5608037,-0.69986284,0.14989716,-0.22324306,0.75059694,0.6091082
AsPC-1,0.016267449,0.03723303,-0.60114884,-0.059812747,-0.5760749,-0.05617936,0.27149272,-0.52870274,0.1903912,0.44009256,0.11587736,0.093510166,0.26481122,-0.06608468,-0.55922246,0.6911415,-0.50247926,-0.53652394,-0.14269505,-0.4364961,0.31691697,0.10142589,0.6432511,-0.38173592,-0.5975044,-0.14281031,-0.053434465,0.43276584,0.34309232
HEC-1-B,0.093798935,-0.019061984,-0.48538816,-0.15116438,-0.5082981,-0.10912786,0.2026726,-0.50070465,0.28849706,0.53723806,0.2270474,0.20950413,0.42332798,-0.18546057,-0.45501906,0.55376303,-0.4139658,-0.55148137,-0.1368833,-0.51952076,0.33969983,0.058009658,0.59068537,-0.2501407,-0.4982678,-0.24456818,-0.034879528,0.41564298,0.49719805
OV-90,0.11975292,-0.03790697,-0.4466368,-0.18174472,-0.48560953,-0.12685259,0.17963478,-0.49133217,0.32133842,0.5697579,0.26426202,0.24833359,0.47639212,-0.22542214,-0.4201365,0.507775,-0.38433555,-0.55648845,-0.1349378,-0.5473136,0.3473265,0.043475892,0.57308877,-0.20608865,-0.46504796,-0.27863204,-0.02866819,0.40991104,0.54878557
YH-13,-0.55457294,-0.68609583,-1.4797708,0.96834004,-0.58106285,0.15487178,0.74023604,-1.0024091,-0.795887,1.312263,1.0791161,0.8149808,-0.9392605,0.11839387,-1.0925158,-0.6815974,-0.4692711,-0.88839793,1.1493442,0.65795255,1.3544133,0.6163103,0.54862696,-0.4607464,-0.30900675,-0.05060956,-0.23694363,0.9879631,1.5237057
Karpas-620,0.016267449,0.03723303,-0.60114884,-0.059812747,-0.5760749,-0.05617936,0.27149272,-0.52870274,0.1903912,0.44009256,0.11587736,0.093510166,0.26481122,-0.06608468,-0.55922246,0.6911415,-0.50247926,-0.53652394,-0.14269505,-0.4364961,0.31691697,0.10142589,0.6432511,-0.38173592,-0.5975044,-0.14281031,-0.053434465,0.43276584,0.34309232
VMRC-RCW,-0.13821062,-0.2580526,-0.74577117,0.20779034,-0.55210936,-0.039203033,0.3587249,-0.74326587,-0.09624496,0.8521812,0.59338474,0.43799567,-0.07403782,-0.08622274,-0.7089267,0.07109088,-0.43629587,-0.64801276,0.3035354,-0.07146859,0.79860914,0.26322588,0.6230408,-0.21027426,-0.44152167,-0.14945024,-0.14729872,0.65095484,0.93232834
SNU-16,0.006739691,0.044151057,-0.6153745,-0.04858665,-0.58440393,-0.04967258,0.27994993,-0.5321434,0.17833507,0.42815447,0.1022158,0.079255804,0.2453313,-0.051414713,-0.5720279,0.7080238,-0.51335657,-0.53468585,-0.14340925,-0.4262933,0.31411722,0.10676126,0.64971083,-0.39790753,-0.6096994,-0.13030541,-0.05571466,0.43487006,0.32415447
Kasumi-6,0.006739691,0.044151057,-0.6153745,-0.04858665,-0.58440393,-0.04967258,0.27994993,-0.5321434,0.17833507,0.42815447,0.1022158,0.079255804,0.2453313,-0.051414713,-0.5720279,0.7080238,-0.51335657,-0.53468585,-0.14340925,-0.4262933,0.31411722,0.10676126,0.64971083,-0.39790753,-0.6096994,-0.13030541,-0.05571466,0.43487006,0.32415447
COLO 829,0.11975292,-0.03790697,-0.4466368,-0.18174472,-0.48560953,-0.12685259,0.17963478,-0.49133217,0.32133842,0.5697579,0.26426202,0.24833359,0.47639212,-0.22542214,-0.4201365,0.507775,-0.38433555,-0.55648845,-0.1349378,-0.5473136,0.3473265,0.043475892,0.57308877,-0.20608865,-0.46504796,-0.27863204,-0.02866819,0.40991104,0.54878557
Calu-1,0.11975292,-0.03790697,-0.4466368,-0.18174472,-0.48560953,-0.12685259,0.17963478,-0.49133217,0.32133842,0.5697579,0.26426202,0.24833359,0.47639212,-0.22542214,-0.4201365,0.507775,-0.38433555,-0.55648845,-0.1349378,-0.5473136,0.3473265,0.043475892,0.57308877,-0.20608865,-0.46504796,-0.27863204,-0.02866819,0.40991104,0.54878557
CADO-ES1,-0.13821062,-0.2580526,-0.74577117,0.20779034,-0.55210936,-0.039203033,0.3587249,-0.74326587,-0.09624496,0.8521812,0.59338474,0.43799567,-0.07403782,-0.08622274,-0.7089267,0.07109088,-0.43629587,-0.64801276,0.3035354,-0.07146859,0.79860914,0.26322588,0.6230408,-0.21027426,-0.44152167,-0.14945024,-0.14729872,0.65095484,0.93232834
Panc 08.13,0.07389566,-0.020256238,-0.511802,-0.12442674,-0.51959145,-0.098934494,0.21842386,-0.5139891,0.25981143,0.5355561,0.2253502,0.2018297,0.38175118,-0.16472197,-0.47954538,0.5547095,-0.42737478,-0.5530671,-0.120795615,-0.49054262,0.354091,0.072046414,0.5993818,-0.26727054,-0.5101609,-0.22648607,-0.04182752,0.42710692,0.49205405
SR,0.006739691,0.044151057,-0.6153745,-0.04858665,-0.58440393,-0.04967258,0.27994993,-0.5321434,0.17833507,0.42815447,0.1022158,0.079255804,0.2453313,-0.051414713,-0.5720279,0.7080238,-0.51335657,-0.53468585,-0.14340925,-0.4262933,0.31411722,0.10676126,0.64971083,-0.39790753,-0.6096994,-0.13030541,-0.05571466,0.43487006,0.32415447
UACC-62,-0.2608261,-0.49764562,-0.8594631,0.42129275,-0.5310526,-0.026860759,0.42732632,-0.9156046,-0.32492596,1.1870213,0.9813446,0.7187919,-0.34329042,-0.105507806,-0.82701194,-0.4325031,-0.38066038,-0.73831356,0.66358364,0.22082222,1.1876911,0.3926164,0.60540056,-0.068630025,-0.31318665,-0.1573995,-0.22253048,0.8264953,1.4114957
COLO 668,0.016267449,0.03723303,-0.60114884,-0.059812747,-0.5760749,-0.05617936,0.27149272,-0.52870274,0.1903912,0.44009256,0.11587736,0.093510166,0.26481122,-0.06608468,-0.55922246,0.6911415,-0.50247926,-0.53652394,-0.14269505,-0.4364961,0.31691697,0.10142589,0.6432511,-0.38173592,-0.5975044,-0.14281031,-0.053434465,0.43276584,0.34309232
COV434,-0.13821062,-0.2580526,-0.74577117,0.20779034,-0.55210936,-0.039203033,0.3587249,-0.74326587,-0.09624496,0.8521812,0.59338474,0.43799567,-0.07403782,-0.08622274,-0.7089267,0.07109088,-0.43629587,-0.64801276,0.3035354,-0.07146859,0.79860914,0.26322588,0.6230408,-0.21027426,-0.44152167,-0.14945024,-0.14729872,0.65095484,0.93232834
Hs 821.T,-0.13821062,-0.2580526,-0.74577117,0.20779034,-0.55210936,-0.039203033,0.3587249,-0.74326587,-0.09624496,0.8521812,0.59338474,0.43799567,-0.07403782,-0.08622274,-0.7089267,0.07109088,-0.43629587,-0.64801276,0.3035354,-0.07146859,0.79860914,0.26322588,0.6230408,-0.21027426,-0.44152167,-0.14945024,-0.14729872,0.65095484,0.93232834
D283 Med,0.006739691,0.044151057,-0.6153745,-0.04858665,-0.58440393,-0.04967258,0.27994993,-0.5321434,0.17833507,0.42815447,0.1022158,0.079255804,0.2453313,-0.051414713,-0.5720279,0.7080238,-0.51335657,-0.53468585,-0.14340925,-0.4262933,0.31411722,0.10676126,0.64971083,-0.39790753,-0.6096994,-0.13030541,-0.05571466,0.43487006,0.32415447
COLO 679,0.06881668,-0.09943784,-0.501889,-0.10103491,-0.4916916,-0.1134698,0.21278553,-0.54811627,0.23484316,0.65237164,0.3602355,0.31129918,0.3666868,-0.20937295,-0.47459224,0.3819293,-0.38384366,-0.5808237,-0.02806463,-0.44450718,0.4597999,0.09020444,0.5774133,-0.18769135,-0.444723,-0.26240644,-0.054614488,0.46566617,0.66424966
SaOS-2,0.12714148,-0.27033743,-1.0140624,0.13115388,-0.27303147,-0.020472243,0.38347515,-0.16394067,0.25784647,0.6724659,0.2643172,0.50526816,0.54282755,-0.31949502,-0.2082716,0.25899512,-0.2228688,-0.79515535,0.25326696,-0.61844826,0.016565919,0.045957547,0.18649921,-0.7065313,-0.18464863,-0.5749133,0.20456702,0.3113409,0.6219812
PK-59,0.07389566,-0.020256238,-0.511802,-0.12442674,-0.51959145,-0.098934494,0.21842386,-0.5139891,0.25981143,0.5355561,0.2253502,0.2018297,0.38175118,-0.16472197,-0.47954538,0.5547095,-0.42737478,-0.5530671,-0.120795615,-0.49054262,0.354091,0.072046414,0.5993818,-0.26727054,-0.5101609,-0.22648607,-0.04182752,0.42710692,0.49205405
SK-MEL-24,0.06881668,-0.09943784,-0.501889,-0.10103491,-0.4916916,-0.1134698,0.21278553,-0.54811627,0.23484316,0.65237164,0.3602355,0.31129918,0.3666868,-0.20937295,-0.47459224,0.3819293,-0.38384366,-0.5808237,-0.02806463,-0.44450718,0.4597999,0.09020444,0.5774133,-0.18769135,-0.444723,-0.26240644,-0.054614488,0.46566617,0.66424966
CMK-86,-0.13821062,-0.2580526,-0.74577117,0.20779034,-0.55210936,-0.039203033,0.3587249,-0.74326587,-0.09624496,0.8521812,0.59338474,0.43799567,-0.07403782,-0.08622274,-0.7089267,0.07109088,-0.43629587,-0.64801276,0.3035354,-0.07146859,0.79860914,0.26322588,0.6230408,-0.21027426,-0.44152167,-0.14945024,-0.14729872,0.65095484,0.93232834
NCI-H1341,-0.55457294,-0.68609583,-1.4797708,0.96834004,-0.58106285,0.15487178,0.74023604,-1.0024091,-0.795887,1.312263,1.0791161,0.8149808,-0.9392605,0.11839387,-1.0925158,-0.6815974,-0.4692711,-0.88839793,1.1493442,0.65795255,1.3544133,0.6163103,0.54862696,-0.4607464,-0.30900675,-0.05060956,-0.23694363,0.9879631,1.5237057
Hs 255.T,0.006739691,0.044151057,-0.6153745,-0.04858665,-0.58440393,-0.04967258,0.27994993,-0.5321434,0.17833507,0.42815447,0.1022158,0.079255804,0.2453313,-0.051414713,-0.5720279,0.7080238,-0.51335657,-0.53468585,-0.14340925,-0.4262933,0.31411722,0.10676126,0.64971083,-0.39790753,-0.6096994,-0.13030541,-0.05571466,0.43487006,0.32415447
HCC38,-0.40213242,-0.15796144,-1.1205003,0.5379857,-0.74710196,0.12114908,0.5817843,-0.87424505,-0.45068473,0.6575605,0.37199888,0.17246279,-0.61880815,0.26217842,-1.0506295,0.33793527,-0.6831099,-0.62883997,0.38660625,0.25599653,0.8394733,0.42793357,0.77390677,-0.5608037,-0.69986284,0.14989716,-0.22324306,0.75059694,0.6091082
SNU-1105,0.006739691,0.044151057,-0.6153745,-0.04858665,-0.58440393,-0.04967258,0.27994993,-0.5321434,0.17833507,0.42815447,0.1022158,0.079255804,0.2453313,-0.051414713,-0.5720279,0.7080238,-0.51335657,-0.53468585,-0.14340925,-0.4262933,0.31411722,0.10676126,0.64971083,-0.39790753,-0.6096994,-0.13030541,-0.05571466,0.43487006,0.32415447
UACC-812,0.15157524,-0.2788199,-0.953994,0.08925122,-0.2600765,-0.04170222,0.35320765,-0.16835791,0.2917343,0.6992705,0.29978177,0.5317973,0.5906905,-0.3537439,-0.18366624,0.2253111,-0.20121405,-0.79019547,0.23929185,-0.6420352,0.03732133,0.032005183,0.1854924,-0.6441424,-0.1644224,-0.5952964,0.20097636,0.3098974,0.6681613
HuH-1,0.006739691,0.044151057,-0.6153745,-0.04858665,-0.58440393,-0.04967258,0.27994993,-0.5321434,0.17833507,0.42815447,0.1022158,0.079255804,0.2453313,-0.051414713,-0.5720279,0.7080238,-0.51335657,-0.53468585,-0.14340925,-0.4262933,0.31411722,0.10676126,0.64971083,-0.39790753,-0.6096994,-0.13030541,-0.05571466,0.43487006,0.32415447
769-P,-0.13821062,-0.2580526,-0.74577117,0.20779034,-0.55210936,-0.039203033,0.3587249,-0.74326587,-0.09624496,0.8521812,0.59338474,0.43799567,-0.07403782,-0.08622274,-0.7089267,0.07109088,-0.43629587,-0.64801276,0.3035354,-0.07146859,0.79860914,0.26322588,0.6230408,-0.21027426,-0.44152167,-0.14945024,-0.14729872,0.65095484,0.93232834
DOV13,0.006739691,0.044151057,-0.6153745,-0.04858665,-0.58440393,-0.04967258,0.27994993,-0.5321434,0.17833507,0.42815447,0.1022158,0.079255804,0.2453313,-0.051414713,-0.5720279,0.7080238,-0.51335657,-0.53468585,-0.14340925,-0.4262933,0.31411722,0.10676126,0.64971083,-0.39790753,-0.6096994,-0.13030541,-0.05571466,0.43487006,0.32415447
Hs 618.T,-0.13821062,-0.2580526,-0.74577117,0.20779034,-0.55210936,-0.039203033,0.3587249,-0.74326587,-0.09624496,0.8521812,0.59338474,0.43799567,-0.07403782,-0.08622274,-0.7089267,0.07109088,-0.43629587,-0.64801276,0.3035354,-0.07146859,0.79860914,0.26322588,0.6230408,-0.21027426,-0.44152167,-0.14945024,-0.14729872,0.65095484,0.93232834
REC-1,0.006739691,0.044151057,-0.6153745,-0.04858665,-0.58440393,-0.04967258,0.27994993,-0.5321434,0.17833507,0.42815447,0.1022158,0.079255804,0.2453313,-0.051414713,-0.5720279,0.7080238,-0.51335657,-0.53468585,-0.14340925,-0.4262933,0.31411722,0.10676126,0.64971083,-0.39790753,-0.6096994,-0.13030541,-0.05571466,0.43487006,0.32415447
NCI-H1155,-0.026846148,-0.042466015,-0.6420845,0.014303282,-0.570445,-0.05085203,0.29617068,-0.58752847,0.111000314,0.5510708,0.24449183,0.18582097,0.17039439,-0.06998736,-0.60138935,0.52404106,-0.48562285,-0.56669885,-0.021203808,-0.33594882,0.44784406,0.14608166,0.63844246,-0.33676964,-0.55632585,-0.14326936,-0.07925242,0.4924351,0.50157595
Hs 706.T,-0.13821062,-0.2580526,-0.74577117,0.20779034,-0.55210936,-0.039203033,0.3587249,-0.74326587,-0.09624496,0.8521812,0.59338474,0.43799567,-0.07403782,-0.08622274,-0.7089267,0.07109088,-0.43629587,-0.64801276,0.3035354,-0.07146859,0.79860914,0.26322588,0.6230408,-0.21027426,-0.44152167,-0.14945024,-0.14729872,0.65095484,0.93232834
DU145,0.5374268,-0.99017483,-1.4763606,0.24533784,0.46864307,-0.09361631,0.4102512,0.58762074,0.6416553,1.3601947,0.83302927,1.5759856,1.4770547,-1.1048814,0.7183917,-0.9059462,0.52989423,-1.3151491,1.0043532,-1.1752825,-0.4815227,-0.17149524,-0.80072165,-0.9633718,0.84396064,-1.6459302,0.73286796,0.04059872,1.5462087
LN-428,0.006739691,0.044151057,-0.6153745,-0.04858665,-0.58440393,-0.04967258,0.27994993,-0.5321434,0.17833507,0.42815447,0.1022158,0.079255804,0.2453313,-0.051414713,-0.5720279,0.7080238,-0.51335657,-0.53468585,-0.14340925,-0.4262933,0.31411722,0.10676126,0.64971083,-0.39790753,-0.6096994,-0.13030541,-0.05571466,0.43487006,0.32415447
L-540,0.12714148,-0.27033743,-1.0140624,0.13115388,-0.27303147,-0.020472243,0.38347515,-0.16394067,0.25784647,0.6724659,0.2643172,0.50526816,0.54282755,-0.31949502,-0.2082716,0.25899512,-0.2228688,-0.79515535,0.25326696,-0.61844826,0.016565919,0.045957547,0.18649921,-0.7065313,-0.18464863,-0.5749133,0.20456702,0.3113409,0.6219812
KYSE-270,0.11975292,-0.03790697,-0.4466368,-0.18174472,-0.48560953,-0.12685259,0.17963478,-0.49133217,0.32133842,0.5697579,0.26426202,0.24833359,0.47639212,-0.22542214,-0.4201365,0.507775,-0.38433555,-0.55648845,-0.1349378,-0.5473136,0.3473265,0.043475892,0.57308877,-0.20608865,-0.46504796,-0.27863204,-0.02866819,0.40991104,0.54878557
MKN74,0.21022344,-0.24417356,-0.6696807,-0.08923624,-0.27891305,-0.11965342,0.2295876,-0.25762492,0.39072084,0.7409709,0.3874602,0.5359105,0.6931412,-0.41591796,-0.17352489,0.20155504,-0.18630823,-0.72081864,0.11183901,-0.6833352,0.16779308,-0.0030880645,0.2755137,-0.37012044,-0.18150935,-0.57479656,0.1362848,0.3299159,0.76483303
RPMI-8402,-0.2389524,-0.28026235,-0.87605363,0.34652033,-0.6029629,0.008879423,0.4364717,-0.8168051,-0.24505603,0.8676959,0.6125263,0.42198694,-0.28539458,0.008511841,-0.8307706,0.0404225,-0.4945439,-0.66164446,0.40312716,0.083125174,0.89236224,0.3372611,0.66210145,-0.27977338,-0.4876866,-0.06623356,-0.18472363,0.716283,0.94185024
NCI-H684,0.07151653,-0.0130879115,-0.54465514,-0.11045624,-0.51851344,-0.088902734,0.23190731,-0.49415722,0.25702792,0.5135186,0.19462368,0.18721828,0.38007745,-0.1548688,-0.47589138,0.5826528,-0.4325267,-0.557845,-0.1211314,-0.49850103,0.31818914,0.07078488,0.5886433,-0.3110159,-0.51461124,-0.2282031,-0.029809367,0.41620737,0.45553797
NCI-H524,0.006739691,0.044151057,-0.6153745,-0.04858665,-0.58440393,-0.04967258,0.27994993,-0.5321434,0.17833507,0.42815447,0.1022158,0.079255804,0.2453313,-0.051414713,-0.5720279,0.7080238,-0.51335657,-0.53468585,-0.14340925,-0.4262933,0.31411722,0.10676126,0.64971083,-0.39790753,-0.6096994,-0.13030541,-0.05571466,0.43487006,0.32415447
NALM-19,-0.13821062,-0.2580526,-0.74577117,0.20779034,-0.55210936,-0.039203033,0.3587249,-0.74326587,-0.09624496,0.8521812,0.59338474,0.43799567,-0.07403782,-0.08622274,-0.7089267,0.07109088,-0.43629587,-0.64801276,0.3035354,-0.07146859,0.79860914,0.26322588,0.6230408,-0.21027426,-0.44152167,-0.14945024,-0.14729872,0.65095484,0.93232834
MOLM-16,0.006739691,0.044151057,-0.6153745,-0.04858665,-0.58440393,-0.04967258,0.27994993,-0.5321434,0.17833507,0.42815447,0.1022158,0.079255804,0.2453313,-0.051414713,-0.5720279,0.7080238,-0.51335657,-0.53468585,-0.14340925,-0.4262933,0.31411722,0.10676126,0.64971083,-0.39790753,-0.6096994,-0.13030541,-0.05571466,0.43487006,0.32415447
SUP-M2,-0.13821062,-0.2580526,-0.74577117,0.20779034,-0.55210936,-0.039203033,0.3587249,-0.74326587,-0.09624496,0.8521812,0.59338474,0.43799567,-0.07403782,-0.08622274,-0.7089267,0.07109088,-0.43629587,-0.64801276,0.3035354,-0.07146859,0.79860914,0.26322588,0.6230408,-0.21027426,-0.44152167,-0.14945024,-0.14729872,0.65095484,0.93232834
SCC-9,0.10969387,-0.71202654,-1.1313175,0.32898226,-0.0758661,-0.059243128,0.4144917,-0.22385433,0.12752588,1.2530608,0.8992563,1.0986544,0.50065994,-0.56207407,-0.116452605,-0.628364,0.033014446,-0.9966979,0.80206347,-0.4292997,0.41199,0.12913296,-0.03419441,-0.4780118,0.20950162,-0.8362626,0.2155691,0.46085212,1.4550295
MOLP-8,-0.46473262,-1.3414215,-1.6887553,1.1909573,-0.1845035,0.085348204,0.76609504,-0.89138883,-0.83068943,2.1197262,1.9215486,1.7270851,-0.74100316,-0.34796476,-0.7612126,-1.9392729,-0.0021011531,-1.2287037,1.9180536,0.7205628,1.6762563,0.6486594,0.07384041,-0.24368489,0.37336737,-0.5986252,-0.101337805,1.0857317,2.6710658
Caki-1,0.10969387,-0.71202654,-1.1313175,0.32898226,-0.0758661,-0.059243128,0.4144917,-0.22385433,0.12752588,1.2530608,0.8992563,1.0986544,0.50065994,-0.56207407,-0.116452605,-0.628364,0.033014446,-0.9966979,0.80206347,-0.4292997,0.41199,0.12913296,-0.03419441,-0.4780118,0.20950162,-0.8362626,0.2155691,0.46085212,1.4550295
LC-1/sq-SF,0.11975292,-0.03790697,-0.4466368,-0.18174472,-0.48560953,-0.12685259,0.17963478,-0.49133217,0.32133842,0.5697579,0.26426202,0.24833359,0.47639212,-0.22542214,-0.4201365,0.507775,-0.38433555,-0.55648845,-0.1349378,-0.5473136,0.3473265,0.043475892,0.57308877,-0.20608865,-0.46504796,-0.27863204,-0.02866819,0.40991104,0.54878557
JHUEM-1,-0.6531652,-1.3511738,-1.6713963,1.326684,-0.34225762,0.11347376,0.8135885,-1.1931809,-1.0925008,2.20582,2.0738335,1.6842451,-1.161963,-0.17674714,-1.0661561,-2.039066,-0.13761209,-1.1754247,2.0119693,1.0687231,2.078366,0.7963711,0.28999507,-0.084932305,0.22786337,-0.3540126,-0.27939543,1.2788489,2.807444
JHOS-4,0.006739691,0.044151057,-0.6153745,-0.04858665,-0.58440393,-0.04967258,0.27994993,-0.5321434,0.17833507,0.42815447,0.1022158,0.079255804,0.2453313,-0.051414713,-0.5720279,0.7080238,-0.51335657,-0.53468585,-0.14340925,-0.4262933,0.31411722,0.10676126,0.64971083,-0.39790753,-0.6096994,-0.13030541,-0.05571466,0.43487006,0.32415447
SNU-410,0.2372931,-0.30589053,-0.73641765,-0.061556794,-0.21706745,-0.11749936,0.24453397,-0.18769741,0.41148078,0.79219955,0.4243223,0.6219563,0.7579948,-0.4729162,-0.09973627,0.10993105,-0.12705651,-0.7699878,0.18567705,-0.72403413,0.11407493,-0.01702046,0.18647632,-0.41920036,-0.09667179,-0.66341186,0.18564036,0.3059806,0.8294766
SNU-1076,-0.55457294,-0.68609583,-1.4797708,0.96834004,-0.58106285,0.15487178,0.74023604,-1.0024091,-0.795887,1.312263,1.0791161,0.8149808,-0.9392605,0.11839387,-1.0925158,-0.6815974,-0.4692711,-0.88839793,1.1493442,0.65795255,1.3544133,0.6163103,0.54862696,-0.4607464,-0.30900675,-0.05060956,-0.23694363,0.9879631,1.5237057
LS411N,0.052688576,-0.11892055,-0.51938367,-0.07547951,-0.49361736,-0.109232366,0.22328214,-0.566096,0.2074559,0.6785299,0.39062387,0.33123615,0.33195043,-0.20429125,-0.49183473,0.34208238,-0.3836879,-0.58852905,0.00577496,-0.4119553,0.4954127,0.10500024,0.5787826,-0.18186615,-0.43828747,-0.25726885,-0.06282994,0.4833201,0.7008094
NCI-H510A,0.36207324,-0.5903807,-1.0440478,0.0660342,0.068015695,-0.107570015,0.31343067,0.13463998,0.5071755,1.0283427,0.5942416,1.0185926,1.0569428,-0.7356548,0.2403993,-0.3124184,0.1460698,-0.9966378,0.52604043,-0.9116399,-0.13354394,-0.08124313,-0.22394979,-0.64543885,0.29439473,-1.0718925,0.41314942,0.19564846,1.1274569
KMS-27,-0.01125551,-1.1878057,-1.5980648,0.7670435,0.11434996,0.004889205,0.60691166,-0.21989599,-0.16587469,1.7814019,1.4339476,1.6654505,0.26303726,-0.69320214,-0.089163125,-1.4806292,0.24198213,-1.2713215,1.5119694,-0.13652134,0.7002027,0.2781541,-0.3267892,-0.5715591,0.59170294,-1.0770407,0.27814546,0.61313015,2.1691723
NCI-H841,0.11975292,-0.03790697,-0.4466368,-0.18174472,-0.48560953,-0.12685259,0.17963478,-0.49133217,0.32133842,0.5697579,0.26426202,0.24833359,0.47639212,-0.22542214,-0.4201365,0.507775,-0.38433555,-0.55648845,-0.1349378,-0.5473136,0.3473265,0.043475892,0.57308877,-0.20608865,-0.46504796,-0.27863204,-0.02866819,0.40991104,0.54878557
Hs 281.T,-0.13821062,-0.2580526,-0.74577117,0.20779034,-0.55210936,-0.039203033,0.3587249,-0.74326587,-0.09624496,0.8521812,0.59338474,0.43799567,-0.07403782,-0.08622274,-0.7089267,0.07109088,-0.43629587,-0.64801276,0.3035354,-0.07146859,0.79860914,0.26322588,0.6230408,-0.21027426,-0.44152167,-0.14945024,-0.14729872,0.65095484,0.93232834
SH-4,0.06881668,-0.09943784,-0.501889,-0.10103491,-0.4916916,-0.1134698,0.21278553,-0.54811627,0.23484316,0.65237164,0.3602355,0.31129918,0.3666868,-0.20937295,-0.47459224,0.3819293,-0.38384366,-0.5808237,-0.02806463,-0.44450718,0.4597999,0.09020444,0.5774133,-0.18769135,-0.444723,-0.26240644,-0.054614488,0.46566617,0.66424966
NCI-H82,0.5608495,-1.043577,-1.5341063,0.26928815,0.5221565,-0.09175245,0.42318392,0.6481272,0.6596184,1.4045215,0.8649251,1.6504388,1.5331707,-1.1542006,0.78223914,-0.9852261,0.58116317,-1.3576939,1.0682433,-1.2104982,-0.5280037,-0.1835506,-0.8777634,-1.0058393,0.9173684,-1.7226068,0.775574,0.019888103,1.602143
SNU-886,0.006739691,0.044151057,-0.6153745,-0.04858665,-0.58440393,-0.04967258,0.27994993,-0.5321434,0.17833507,0.42815447,0.1022158,0.079255804,0.2453313,-0.051414713,-0.5720279,0.7080238,-0.51335657,-0.53468585,-0.14340925,-0.4262933,0.31411722,0.10676126,0.64971083,-0.39790753,-0.6096994,-0.13030541,-0.05571466,0.43487006,0.32415447
253J-BV,-0.55457294,-0.68609583,-1.4797708,0.96834004,-0.58106285,0.15487178,0.74023604,-1.0024091,-0.795887,1.312263,1.0791161,0.8149808,-0.9392605,0.11839387,-1.0925158,-0.6815974,-0.4692711,-0.88839793,1.1493442,0.65795255,1.3544133,0.6163103,0.54862696,-0.4607464,-0.30900675,-0.05060956,-0.23694363,0.9879631,1.5237057
SNU-407,0.28709877,-0.41944405,-0.85920745,-0.010629177,-0.103277236,-0.11353609,0.2720339,-0.059037298,0.44967708,0.8864554,0.49214518,0.7802726,0.8773191,-0.57778764,0.036027968,-0.058648646,-0.018038869,-0.86045456,0.32153222,-0.7989165,0.015238494,-0.04265477,0.022655845,-0.5095029,0.05942142,-0.8264558,0.27645,0.2619418,0.9484146
Loucy,0.006739691,0.044151057,-0.6153745,-0.04858665,-0.58440393,-0.04967258,0.27994993,-0.5321434,0.17833507,0.42815447,0.1022158,0.079255804,0.2453313,-0.051414713,-0.5720279,0.7080238,-0.51335657,-0.53468585,-0.14340925,-0.4262933,0.31411722,0.10676126,0.64971083,-0.39790753,-0.6096994,-0.13030541,-0.05571466,0.43487006,0.32415447
CAL-85-1,0.006739691,0.044151057,-0.6153745,-0.04858665,-0.58440393,-0.04967258,0.27994993,-0.5321434,0.17833507,0.42815447,0.1022158,0.079255804,0.2453313,-0.051414713,-0.5720279,0.7080238,-0.51335657,-0.53468585,-0.14340925,-0.4262933,0.31411722,0.10676126,0.64971083,-0.39790753,-0.6096994,-0.13030541,-0.05571466,0.43487006,0.32415447
EM-2,0.006739691,0.044151057,-0.6153745,-0.04858665,-0.58440393,-0.04967258,0.27994993,-0.5321434,0.17833507,0.42815447,0.1022158,0.079255804,0.2453313,-0.051414713,-0.5720279,0.7080238,-0.51335657,-0.53468585,-0.14340925,-0.4262933,0.31411722,0.10676126,0.64971083,-0.39790753,-0.6096994,-0.13030541,-0.05571466,0.43487006,0.32415447
DMS 79,0.26602557,-0.3713986,-0.8072541,-0.03217709,-0.15142286,-0.115212984,0.26039845,-0.11347449,0.4335159,0.84657496,0.46344873,0.71328765,0.82683194,-0.5334156,-0.021415055,0.012678862,-0.064165175,-0.8221773,0.26405075,-0.76723313,0.057057023,-0.031808678,0.09196967,-0.47129512,-0.00662297,-0.7574705,0.23802766,0.28057498,0.89809096
NCI-H1105,0.006739691,0.044151057,-0.6153745,-0.04858665,-0.58440393,-0.04967258,0.27994993,-0.5321434,0.17833507,0.42815447,0.1022158,0.079255804,0.2453313,-0.051414713,-0.5720279,0.7080238,-0.51335657,-0.53468585,-0.14340925,-0.4262933,0.31411722,0.10676126,0.64971083,-0.39790753,-0.6096994,-0.13030541,-0.05571466,0.43487006,0.32415447
OVCAR-3,0.11975292,-0.03790697,-0.4466368,-0.18174472,-0.48560953,-0.12685259,0.17963478,-0.49133217,0.32133842,0.5697579,0.26426202,0.24833359,0.47639212,-0.22542214,-0.4201365,0.507775,-0.38433555,-0.55648845,-0.1349378,-0.5473136,0.3473265,0.043475892,0.57308877,-0.20608865,-0.46504796,-0.27863204,-0.02866819,0.40991104,0.54878557
NCI-H446,0.22015765,-0.26682287,-0.6941723,-0.07907824,-0.25621653,-0.11886291,0.23507273,-0.23196241,0.39833948,0.75977117,0.4009881,0.5674882,0.71694165,-0.4368356,-0.1464454,0.16793022,-0.16456363,-0.7388631,0.13893664,-0.69827116,0.14807922,-0.008201074,0.24283814,-0.38813215,-0.15037507,-0.6073172,0.15439767,0.32113194,0.78855634
SNU-C5,0.043841496,-0.1296078,-0.5289804,-0.061461084,-0.49467373,-0.10690792,0.22904007,-0.5759588,0.1924326,0.6928791,0.40729344,0.3421726,0.3128958,-0.20150368,-0.5012931,0.32022434,-0.3836025,-0.59275585,0.024337664,-0.39409894,0.5149481,0.11311649,0.57953376,-0.17867073,-0.43475723,-0.25445065,-0.06733654,0.49300417,0.7208643
Hs 888.T,-0.13821062,-0.2580526,-0.74577117,0.20779034,-0.55210936,-0.039203033,0.3587249,-0.74326587,-0.09624496,0.8521812,0.59338474,0.43799567,-0.07403782,-0.08622274,-0.7089267,0.07109088,-0.43629587,-0.64801276,0.3035354,-0.07146859,0.79860914,0.26322588,0.6230408,-0.21027426,-0.44152167,-0.14945024,-0.14729872,0.65095484,0.93232834
Hs 895.T,-0.13821062,-0.2580526,-0.74577117,0.20779034,-0.55210936,-0.039203033,0.3587249,-0.74326587,-0.09624496,0.8521812,0.59338474,0.43799567,-0.07403782,-0.08622274,-0.7089267,0.07109088,-0.43629587,-0.64801276,0.3035354,-0.07146859,0.79860914,0.26322588,0.6230408,-0.21027426,-0.44152167,-0.14945024,-0.14729872,0.65095484,0.93232834
TGBC11TKB,0.29367763,-0.4344434,-0.8754268,-0.0039021224,-0.088246614,-0.113012575,0.2756664,-0.042042494,0.45472246,0.89890575,0.50110394,0.8011847,0.8930807,-0.5916401,0.053961158,-0.080916464,-0.003638655,-0.8724044,0.33947742,-0.8088078,0.0021831393,-0.04604082,0.0010166764,-0.52143097,0.08003986,-0.84799236,0.28844512,0.25612468,0.9641253
U-138MG,-0.2389524,-0.28026235,-0.87605363,0.34652033,-0.6029629,0.008879423,0.4364717,-0.8168051,-0.24505603,0.8676959,0.6125263,0.42198694,-0.28539458,0.008511841,-0.8307706,0.0404225,-0.4945439,-0.66164446,0.40312716,0.083125174,0.89236224,0.3372611,0.66210145,-0.27977338,-0.4876866,-0.06623356,-0.18472363,0.716283,0.94185024
KNS-60,0.006739691,0.044151057,-0.6153745,-0.04858665,-0.58440393,-0.04967258,0.27994993,-0.5321434,0.17833507,0.42815447,0.1022158,0.079255804,0.2453313,-0.051414713,-0.5720279,0.7080238,-0.51335657,-0.53468585,-0.14340925,-0.4262933,0.31411722,0.10676126,0.64971083,-0.39790753,-0.6096994,-0.13030541,-0.05571466,0.43487006,0.32415447
KLE,0.006739691,0.044151057,-0.6153745,-0.04858665,-0.58440393,-0.04967258,0.27994993,-0.5321434,0.17833507,0.42815447,0.1022158,0.079255804,0.2453313,-0.051414713,-0.5720279,0.7080238,-0.51335657,-0.53468585,-0.14340925,-0.4262933,0.31411722,0.10676126,0.64971083,-0.39790753,-0.6096994,-0.13030541,-0.05571466,0.43487006,0.32415447
DND-41,-0.11144508,-0.46251,-0.8453316,0.29321128,-0.42300457,-0.051846966,0.380224,-0.68789464,-0.110057145,1.0911576,0.8351169,0.71806645,-0.0114736855,-0.22717349,-0.5982834,-0.3073861,-0.2905069,-0.7625259,0.55121493,-0.059228897,0.8671589,0.2723531,0.45921862,-0.18307444,-0.22559664,-0.32809982,-0.09169744,0.67174745,1.266808
HCC1143,0.11975292,-0.03790697,-0.4466368,-0.18174472,-0.48560953,-0.12685259,0.17963478,-0.49133217,0.32133842,0.5697579,0.26426202,0.24833359,0.47639212,-0.22542214,-0.4201365,0.507775,-0.38433555,-0.55648845,-0.1349378,-0.5473136,0.3473265,0.043475892,0.57308877,-0.20608865,-0.46504796,-0.27863204,-0.02866819,0.40991104,0.54878557
Hs 751.T,-0.13821062,-0.2580526,-0.74577117,0.20779034,-0.55210936,-0.039203033,0.3587249,-0.74326587,-0.09624496,0.8521812,0.59338474,0.43799567,-0.07403782,-0.08622274,-0.7089267,0.07109088,-0.43629587,-0.64801276,0.3035354,-0.07146859,0.79860914,0.26322588,0.6230408,-0.21027426,-0.44152167,-0.14945024,-0.14729872,0.65095484,0.93232834
MOLT-13,0.3704779,-0.6095428,-1.0647686,0.074628204,0.08721769,-0.10690121,0.31807125,0.15635127,0.5136211,1.0442482,0.60568666,1.0453084,1.0770787,-0.75335175,0.26330936,-0.3408661,0.16446641,-1.011904,0.5489658,-0.9242763,-0.15022248,-0.08556889,-0.25159436,-0.6606773,0.32073534,-1.099406,0.42847347,0.18821697,1.1475276
HDQ-P1,0.006739691,0.044151057,-0.6153745,-0.04858665,-0.58440393,-0.04967258,0.27994993,-0.5321434,0.17833507,0.42815447,0.1022158,0.079255804,0.2453313,-0.051414713,-0.5720279,0.7080238,-0.51335657,-0.53468585,-0.14340925,-0.4262933,0.31411722,0.10676126,0.64971083,-0.39790753,-0.6096994,-0.13030541,-0.05571466,0.43487006,0.32415447
BICR 16,0.006739691,0.044151057,-0.6153745,-0.04858665,-0.58440393,-0.04967258,0.27994993,-0.5321434,0.17833507,0.42815447,0.1022158,0.079255804,0.2453313,-0.051414713,-0.5720279,0.7080238,-0.51335657,-0.53468585,-0.14340925,-0.4262933,0.31411722,0.10676126,0.64971083,-0.39790753,-0.6096994,-0.13030541,-0.05571466,0.43487006,0.32415447
IGR-39,0.11975292,-0.03790697,-0.4466368,-0.18174472,-0.48560953,-0.12685259,0.17963478,-0.49133217,0.32133842,0.5697579,0.26426202,0.24833359,0.47639212,-0.22542214,-0.4201365,0.507775,-0.38433555,-0.55648845,-0.1349378,-0.5473136,0.3473265,0.043475892,0.57308877,-0.20608865,-0.46504796,-0.27863204,-0.02866819,0.40991104,0.54878557
NCI-H2228,0.006739691,0.044151057,-0.6153745,-0.04858665,-0.58440393,-0.04967258,0.27994993,-0.5321434,0.17833507,0.42815447,0.1022158,0.079255804,0.2453313,-0.051414713,-0.5720279,0.7080238,-0.51335657,-0.53468585,-0.14340925,-0.4262933,0.31411722,0.10676126,0.64971083,-0.39790753,-0.6096994,-0.13030541,-0.05571466,0.43487006,0.32415447
TO 175.T,-0.13821062,-0.2580526,-0.74577117,0.20779034,-0.55210936,-0.039203033,0.3587249,-0.74326587,-0.09624496,0.8521812,0.59338474,0.43799567,-0.07403782,-0.08622274,-0.7089267,0.07109088,-0.43629587,-0.64801276,0.3035354,-0.07146859,0.79860914,0.26322588,0.6230408,-0.21027426,-0.44152167,-0.14945024,-0.14729872,0.65095484,0.93232834
UACC-257,0.06881668,-0.09943784,-0.501889,-0.10103491,-0.4916916,-0.1134698,0.21278553,-0.54811627,0.23484316,0.65237164,0.3602355,0.31129918,0.3666868,-0.20937295,-0.47459224,0.3819293,-0.38384366,-0.5808237,-0.02806463,-0.44450718,0.4597999,0.09020444,0.5774133,-0.18769135,-0.444723,-0.26240644,-0.054614488,0.46566617,0.66424966
NMC-G1,0.06881668,-0.09943784,-0.501889,-0.10103491,-0.4916916,-0.1134698,0.21278553,-0.54811627,0.23484316,0.65237164,0.3602355,0.31129918,0.3666868,-0.20937295,-0.47459224,0.3819293,-0.38384366,-0.5808237,-0.02806463,-0.44450718,0.4597999,0.09020444,0.5774133,-0.18769135,-0.444723,-0.26240644,-0.054614488,0.46566617,0.66424966
MeWo,0.32753986,-0.511647,-0.95891,0.030722901,-0.010882169,-0.110318,0.29436326,0.045431852,0.4806916,0.96298915,0.5472158,0.90882194,0.9742078,-0.66294086,0.14626545,-0.1955316,0.07048103,-0.93391156,0.43184355,-0.85971934,-0.06501445,-0.06346926,-0.11036277,-0.5828265,0.18616557,-0.9588438,0.35018542,0.22618331,1.0449897
A4/Fukuda,0.006739691,0.044151057,-0.6153745,-0.04858665,-0.58440393,-0.04967258,0.27994993,-0.5321434,0.17833507,0.42815447,0.1022158,0.079255804,0.2453313,-0.051414713,-0.5720279,0.7080238,-0.51335657,-0.53468585,-0.14340925,-0.4262933,0.31411722,0.10676126,0.64971083,-0.39790753,-0.6096994,-0.13030541,-0.05571466,0.43487006,0.32415447
CCF-STTG1,-0.2608261,-0.49764562,-0.8594631,0.42129275,-0.5310526,-0.026860759,0.42732632,-0.9156046,-0.32492596,1.1870213,0.9813446,0.7187919,-0.34329042,-0.105507806,-0.82701194,-0.4325031,-0.38066038,-0.73831356,0.66358364,0.22082222,1.1876911,0.3926164,0.60540056,-0.068630025,-0.31318665,-0.1573995,-0.22253048,0.8264953,1.4114957
ECC12,0.006739691,0.044151057,-0.6153745,-0.04858665,-0.58440393,-0.04967258,0.27994993,-0.5321434,0.17833507,0.42815447,0.1022158,0.079255804,0.2453313,-0.051414713,-0.5720279,0.7080238,-0.51335657,-0.53468585,-0.14340925,-0.4262933,0.31411722,0.10676126,0.64971083,-0.39790753,-0.6096994,-0.13030541,-0.05571466,0.43487006,0.32415447
KS-1 [Human glioblastoma],0.10969387,-0.71202654,-1.1313175,0.32898226,-0.0758661,-0.059243128,0.4144917,-0.22385433,0.12752588,1.2530608,0.8992563,1.0986544,0.50065994,-0.56207407,-0.116452605,-0.628364,0.033014446,-0.9966979,0.80206347,-0.4292997,0.41199,0.12913296,-0.03419441,-0.4780118,0.20950162,-0.8362626,0.2155691,0.46085212,1.4550295
DFCI024,0.006739691,0.044151057,-0.6153745,-0.04858665,-0.58440393,-0.04967258,0.27994993,-0.5321434,0.17833507,0.42815447,0.1022158,0.079255804,0.2453313,-0.051414713,-0.5720279,0.7080238,-0.51335657,-0.53468585,-0.14340925,-0.4262933,0.31411722,0.10676126,0.64971083,-0.39790753,-0.6096994,-0.13030541,-0.05571466,0.43487006,0.32415447
Hs 840.T,-0.13821062,-0.2580526,-0.74577117,0.20779034,-0.55210936,-0.039203033,0.3587249,-0.74326587,-0.09624496,0.8521812,0.59338474,0.43799567,-0.07403782,-0.08622274,-0.7089267,0.07109088,-0.43629587,-0.64801276,0.3035354,-0.07146859,0.79860914,0.26322588,0.6230408,-0.21027426,-0.44152167,-0.14945024,-0.14729872,0.65095484,0.93232834
GCT,0.019513078,-0.15899648,-0.55537015,-0.022912055,-0.49757868,-0.10051597,0.2448737,-0.60308033,0.1511203,0.7323375,0.45313275,0.37224653,0.2604978,-0.19383818,-0.5273025,0.2601173,-0.38336757,-0.60437894,0.07538296,-0.34499604,0.56866825,0.13543521,0.5815993,-0.16988373,-0.42504954,-0.24670088,-0.07972913,0.5196342,0.77601284
U-937,-0.2389524,-0.28026235,-0.87605363,0.34652033,-0.6029629,0.008879423,0.4364717,-0.8168051,-0.24505603,0.8676959,0.6125263,0.42198694,-0.28539458,0.008511841,-0.8307706,0.0404225,-0.4945439,-0.66164446,0.40312716,0.083125174,0.89236224,0.3372611,0.66210145,-0.27977338,-0.4876866,-0.06623356,-0.18472363,0.716283,0.94185024
KCI-MOH1,0.07389566,-0.020256238,-0.511802,-0.12442674,-0.51959145,-0.098934494,0.21842386,-0.5139891,0.25981143,0.5355561,0.2253502,0.2018297,0.38175118,-0.16472197,-0.47954538,0.5547095,-0.42737478,-0.5530671,-0.120795615,-0.49054262,0.354091,0.072046414,0.5993818,-0.26727054,-0.5101609,-0.22648607,-0.04182752,0.42710692,0.49205405
MKN1,-0.40213242,-0.15796144,-1.1205003,0.5379857,-0.74710196,0.12114908,0.5817843,-0.87424505,-0.45068473,0.6575605,0.37199888,0.17246279,-0.61880815,0.26217842,-1.0506295,0.33793527,-0.6831099,-0.62883997,0.38660625,0.25599653,0.8394733,0.42793357,0.77390677,-0.5608037,-0.69986284,0.14989716,-0.22324306,0.75059694,0.6091082
Caov-3,0.006739691,0.044151057,-0.6153745,-0.04858665,-0.58440393,-0.04967258,0.27994993,-0.5321434,0.17833507,0.42815447,0.1022158,0.079255804,0.2453313,-0.051414713,-0.5720279,0.7080238,-0.51335657,-0.53468585,-0.14340925,-0.4262933,0.31411722,0.10676126,0.64971083,-0.39790753,-0.6096994,-0.13030541,-0.05571466,0.43487006,0.32415447
SET-2,0.006739691,0.044151057,-0.6153745,-0.04858665,-0.58440393,-0.04967258,0.27994993,-0.5321434,0.17833507,0.42815447,0.1022158,0.079255804,0.2453313,-0.051414713,-0.5720279,0.7080238,-0.51335657,-0.53468585,-0.14340925,-0.4262933,0.31411722,0.10676126,0.64971083,-0.39790753,-0.6096994,-0.13030541,-0.05571466,0.43487006,0.32415447
Hs 172.T,-0.13821062,-0.2580526,-0.74577117,0.20779034,-0.55210936,-0.039203033,0.3587249,-0.74326587,-0.09624496,0.8521812,0.59338474,0.43799567,-0.07403782,-0.08622274,-0.7089267,0.07109088,-0.43629587,-0.64801276,0.3035354,-0.07146859,0.79860914,0.26322588,0.6230408,-0.21027426,-0.44152167,-0.14945024,-0.14729872,0.65095484,0.93232834
EFM-192A,-0.10846666,-0.61177814,-1.3526742,0.55797577,-0.26115942,0.053474978,0.5659979,-0.38605043,-0.15829968,1.1020386,0.7450355,0.8654339,0.041904062,-0.27197343,-0.42634088,-0.4079523,-0.1840558,-0.9514732,0.8315705,-0.14154279,0.5152501,0.26724198,0.14174724,-0.6754492,-0.030102432,-0.5548408,0.11654521,0.56464005,1.2141643
COR-L88,0.006739691,0.044151057,-0.6153745,-0.04858665,-0.58440393,-0.04967258,0.27994993,-0.5321434,0.17833507,0.42815447,0.1022158,0.079255804,0.2453313,-0.051414713,-0.5720279,0.7080238,-0.51335657,-0.53468585,-0.14340925,-0.4262933,0.31411722,0.10676126,0.64971083,-0.39790753,-0.6096994,-0.13030541,-0.05571466,0.43487006,0.32415447
HPAC,0.07389566,-0.020256238,-0.511802,-0.12442674,-0.51959145,-0.098934494,0.21842386,-0.5139891,0.25981143,0.5355561,0.2253502,0.2018297,0.38175118,-0.16472197,-0.47954538,0.5547095,-0.42737478,-0.5530671,-0.120795615,-0.49054262,0.354091,0.072046414,0.5993818,-0.26727054,-0.5101609,-0.22648607,-0.04182752,0.42710692,0.49205405
SW620,0.07151653,-0.0130879115,-0.54465514,-0.11045624,-0.51851344,-0.088902734,0.23190731,-0.49415722,0.25702792,0.5135186,0.19462368,0.18721828,0.38007745,-0.1548688,-0.47589138,0.5826528,-0.4325267,-0.557845,-0.1211314,-0.49850103,0.31818914,0.07078488,0.5886433,-0.3110159,-0.51461124,-0.2282031,-0.029809367,0.41620737,0.45553797
SKM-1,0.2372931,-0.30589053,-0.73641765,-0.061556794,-0.21706745,-0.11749936,0.24453397,-0.18769741,0.41148078,0.79219955,0.4243223,0.6219563,0.7579948,-0.4729162,-0.09973627,0.10993105,-0.12705651,-0.7699878,0.18567705,-0.72403413,0.11407493,-0.01702046,0.18647632,-0.41920036,-0.09667179,-0.66341186,0.18564036,0.3059806,0.8294766
Hs 695T,0.079637386,-0.086366445,-0.4901514,-0.1181806,-0.49039954,-0.11631279,0.2057431,-0.5360533,0.25321788,0.6348215,0.33984724,0.297923,0.38999218,-0.21278238,-0.46302387,0.4086635,-0.38394815,-0.57565403,-0.050768375,-0.466347,0.43590647,0.0802776,0.57649463,-0.19159961,-0.44904077,-0.26585335,-0.049102552,0.45382175,0.6397209
LXF 289,0.11975292,-0.03790697,-0.4466368,-0.18174472,-0.48560953,-0.12685259,0.17963478,-0.49133217,0.32133842,0.5697579,0.26426202,0.24833359,0.47639212,-0.22542214,-0.4201365,0.507775,-0.38433555,-0.55648845,-0.1349378,-0.5473136,0.3473265,0.043475892,0.57308877,-0.20608865,-0.46504796,-0.27863204,-0.02866819,0.40991104,0.54878557
KM-H2,-0.13821062,-0.2580526,-0.74577117,0.20779034,-0.55210936,-0.039203033,0.3587249,-0.74326587,-0.09624496,0.8521812,0.59338474,0.43799567,-0.07403782,-0.08622274,-0.7089267,0.07109088,-0.43629587,-0.64801276,0.3035354,-0.07146859,0.79860914,0.26322588,0.6230408,-0.21027426,-0.44152167,-0.14945024,-0.14729872,0.65095484,0.93232834
SLR21,0.006739691,0.044151057,-0.6153745,-0.04858665,-0.58440393,-0.04967258,0.27994993,-0.5321434,0.17833507,0.42815447,0.1022158,0.079255804,0.2453313,-0.051414713,-0.5720279,0.7080238,-0.51335657,-0.53468585,-0.14340925,-0.4262933,0.31411722,0.10676126,0.64971083,-0.39790753,-0.6096994,-0.13030541,-0.05571466,0.43487006,0.32415447
U-BLC1,0.006739691,0.044151057,-0.6153745,-0.04858665,-0.58440393,-0.04967258,0.27994993,-0.5321434,0.17833507,0.42815447,0.1022158,0.079255804,0.2453313,-0.051414713,-0.5720279,0.7080238,-0.51335657,-0.53468585,-0.14340925,-0.4262933,0.31411722,0.10676126,0.64971083,-0.39790753,-0.6096994,-0.13030541,-0.05571466,0.43487006,0.32415447
SNU-308,0.006739691,0.044151057,-0.6153745,-0.04858665,-0.58440393,-0.04967258,0.27994993,-0.5321434,0.17833507,0.42815447,0.1022158,0.079255804,0.2453313,-0.051414713,-0.5720279,0.7080238,-0.51335657,-0.53468585,-0.14340925,-0.4262933,0.31411722,0.10676126,0.64971083,-0.39790753,-0.6096994,-0.13030541,-0.05571466,0.43487006,0.32415447
YAPC,0.016267449,0.03723303,-0.60114884,-0.059812747,-0.5760749,-0.05617936,0.27149272,-0.52870274,0.1903912,0.44009256,0.11587736,0.093510166,0.26481122,-0.06608468,-0.55922246,0.6911415,-0.50247926,-0.53652394,-0.14269505,-0.4364961,0.31691697,0.10142589,0.6432511,-0.38173592,-0.5975044,-0.14281031,-0.053434465,0.43276584,0.34309232
Calu-6,0.016267449,0.03723303,-0.60114884,-0.059812747,-0.5760749,-0.05617936,0.27149272,-0.52870274,0.1903912,0.44009256,0.11587736,0.093510166,0.26481122,-0.06608468,-0.55922246,0.6911415,-0.50247926,-0.53652394,-0.14269505,-0.4364961,0.31691697,0.10142589,0.6432511,-0.38173592,-0.5975044,-0.14281031,-0.053434465,0.43276584,0.34309232
DU4475,0.0911715,-0.07243326,-0.47763997,-0.13645671,-0.48902228,-0.11934322,0.19823638,-0.52319497,0.27280408,0.61611426,0.3181148,0.2836649,0.4148341,-0.2164166,-0.45069277,0.43716028,-0.38405955,-0.57014346,-0.07496897,-0.4896267,0.41043773,0.069696285,0.5755154,-0.19576553,-0.4536432,-0.2695275,-0.043227214,0.44119644,0.613575
JURL-MK1,0.006739691,0.044151057,-0.6153745,-0.04858665,-0.58440393,-0.04967258,0.27994993,-0.5321434,0.17833507,0.42815447,0.1022158,0.079255804,0.2453313,-0.051414713,-0.5720279,0.7080238,-0.51335657,-0.53468585,-0.14340925,-0.4262933,0.31411722,0.10676126,0.64971083,-0.39790753,-0.6096994,-0.13030541,-0.05571466,0.43487006,0.32415447
TYK-nu,0.27101952,-0.38278446,-0.819566,-0.027070656,-0.14001328,-0.11481559,0.26315582,-0.10057393,0.43734577,0.8560259,0.47024924,0.7291618,0.8387964,-0.5439309,-0.0078021586,-0.00422436,-0.05323413,-0.8312483,0.27767274,-0.77474153,0.047146857,-0.034378987,0.07554364,-0.4803496,0.009028256,-0.7738187,0.24713302,0.2761593,0.91001666
SW837,0.11975292,-0.03790697,-0.4466368,-0.18174472,-0.48560953,-0.12685259,0.17963478,-0.49133217,0.32133842,0.5697579,0.26426202,0.24833359,0.47639212,-0.22542214,-0.4201365,0.507775,-0.38433555,-0.55648845,-0.1349378,-0.5473136,0.3473265,0.043475892,0.57308877,-0.20608865,-0.46504796,-0.27863204,-0.02866819,0.40991104,0.54878557
CHL-1,-0.027959801,-0.01883188,-0.89181983,0.11718884,-0.5346941,0.017295599,0.39245617,-0.418572,0.10614054,0.42096686,0.048368573,0.12282677,0.19431958,-0.030101776,-0.5402459,0.6779816,-0.49354327,-0.6201212,0.0045287907,-0.41368702,0.17463104,0.1287628,0.52505517,-0.6560137,-0.54889625,-0.19605444,0.025868153,0.40488872,0.2779054
Hs 729.T,0.22015765,-0.26682287,-0.6941723,-0.07907824,-0.25621653,-0.11886291,0.23507273,-0.23196241,0.39833948,0.75977117,0.4009881,0.5674882,0.71694165,-0.4368356,-0.1464454,0.16793022,-0.16456363,-0.7388631,0.13893664,-0.69827116,0.14807922,-0.008201074,0.24283814,-0.38813215,-0.15037507,-0.6073172,0.15439767,0.32113194,0.78855634
JHUEM-3,0.006739691,0.044151057,-0.6153745,-0.04858665,-0.58440393,-0.04967258,0.27994993,-0.5321434,0.17833507,0.42815447,0.1022158,0.079255804,0.2453313,-0.051414713,-0.5720279,0.7080238,-0.51335657,-0.53468585,-0.14340925,-0.4262933,0.31411722,0.10676126,0.64971083,-0.39790753,-0.6096994,-0.13030541,-0.05571466,0.43487006,0.32415447
SU.86.86,0.016267449,0.03723303,-0.60114884,-0.059812747,-0.5760749,-0.05617936,0.27149272,-0.52870274,0.1903912,0.44009256,0.11587736,0.093510166,0.26481122,-0.06608468,-0.55922246,0.6911415,-0.50247926,-0.53652394,-0.14269505,-0.4364961,0.31691697,0.10142589,0.6432511,-0.38173592,-0.5975044,-0.14281031,-0.053434465,0.43276584,0.34309232
ALL-SIL,0.3653433,-0.5978362,-1.0521097,0.06937793,0.07548672,-0.1073098,0.3152362,0.14308733,0.5096834,1.0345311,0.5986946,1.028987,1.0647773,-0.74254024,0.24931306,-0.32348675,0.15322748,-1.0025775,0.53496015,-0.9165565,-0.14003316,-0.082926184,-0.23470563,-0.6513678,0.30464327,-1.0825973,0.41911164,0.19275704,1.135266
HLC-1,0.07389566,-0.020256238,-0.511802,-0.12442674,-0.51959145,-0.098934494,0.21842386,-0.5139891,0.25981143,0.5355561,0.2253502,0.2018297,0.38175118,-0.16472197,-0.47954538,0.5547095,-0.42737478,-0.5530671,-0.120795615,-0.49054262,0.354091,0.072046414,0.5993818,-0.26727054,-0.5101609,-0.22648607,-0.04182752,0.42710692,0.49205405
BDCM,-0.13821062,-0.2580526,-0.74577117,0.20779034,-0.55210936,-0.039203033,0.3587249,-0.74326587,-0.09624496,0.8521812,0.59338474,0.43799567,-0.07403782,-0.08622274,-0.7089267,0.07109088,-0.43629587,-0.64801276,0.3035354,-0.07146859,0.79860914,0.26322588,0.6230408,-0.21027426,-0.44152167,-0.14945024,-0.14729872,0.65095484,0.93232834
OS-RC-2,-0.1250358,-1.2486576,-1.6435261,0.8900808,0.05321479,0.027266294,0.654546,-0.3789857,-0.33863688,1.8887675,1.5770507,1.7091522,0.012665153,-0.6180321,-0.24718784,-1.6331568,0.19480178,-1.2753019,1.6447248,0.081819475,0.9465314,0.37369195,-0.24676335,-0.4985798,0.5595187,-0.97590363,0.19133437,0.7330545,2.324873
TOV-21G,0.34228262,-2.109628,-2.5875134,1.215085,0.9939476,0.04438469,0.8420478,0.7421224,0.07434547,2.5671208,2.023125,2.9357834,1.1180773,-1.4970518,0.92953473,-2.871633,1.088806,-1.9896395,2.636509,-0.6509728,0.006052017,0.109560356,-1.5960091,-1.2607533,1.8169852,-2.3324752,0.96635807,0.30751136,3.167952
HCC1395,0.006739691,0.044151057,-0.6153745,-0.04858665,-0.58440393,-0.04967258,0.27994993,-0.5321434,0.17833507,0.42815447,0.1022158,0.079255804,0.2453313,-0.051414713,-0.5720279,0.7080238,-0.51335657,-0.53468585,-0.14340925,-0.4262933,0.31411722,0.10676126,0.64971083,-0.39790753,-0.6096994,-0.13030541,-0.05571466,0.43487006,0.32415447
NCI-H526,0.006739691,0.044151057,-0.6153745,-0.04858665,-0.58440393,-0.04967258,0.27994993,-0.5321434,0.17833507,0.42815447,0.1022158,0.079255804,0.2453313,-0.051414713,-0.5720279,0.7080238,-0.51335657,-0.53468585,-0.14340925,-0.4262933,0.31411722,0.10676126,0.64971083,-0.39790753,-0.6096994,-0.13030541,-0.05571466,0.43487006,0.32415447
HuCC-T1,0.016267449,0.03723303,-0.60114884,-0.059812747,-0.5760749,-0.05617936,0.27149272,-0.52870274,0.1903912,0.44009256,0.11587736,0.093510166,0.26481122,-0.06608468,-0.55922246,0.6911415,-0.50247926,-0.53652394,-0.14269505,-0.4364961,0.31691697,0.10142589,0.6432511,-0.38173592,-0.5975044,-0.14281031,-0.053434465,0.43276584,0.34309232
SNU-1077,0.006739691,0.044151057,-0.6153745,-0.04858665,-0.58440393,-0.04967258,0.27994993,-0.5321434,0.17833507,0.42815447,0.1022158,0.079255804,0.2453313,-0.051414713,-0.5720279,0.7080238,-0.51335657,-0.53468585,-0.14340925,-0.4262933,0.31411722,0.10676126,0.64971083,-0.39790753,-0.6096994,-0.13030541,-0.05571466,0.43487006,0.32415447
Hs 870.T,0.006739691,0.044151057,-0.6153745,-0.04858665,-0.58440393,-0.04967258,0.27994993,-0.5321434,0.17833507,0.42815447,0.1022158,0.079255804,0.2453313,-0.051414713,-0.5720279,0.7080238,-0.51335657,-0.53468585,-0.14340925,-0.4262933,0.31411722,0.10676126,0.64971083,-0.39790753,-0.6096994,-0.13030541,-0.05571466,0.43487006,0.32415447
HD-MY-Z,0.26506087,-0.3691992,-0.80487573,-0.033163503,-0.15362683,-0.11528975,0.25986582,-0.1159665,0.43277606,0.84474933,0.46213508,0.71022123,0.82452077,-0.53138435,-0.024044633,0.015944064,-0.06627673,-0.82042503,0.2614194,-0.7657828,0.058971375,-0.031312164,0.09514269,-0.46954602,-0.009646326,-0.7543125,0.23626879,0.28142798,0.89578724
SNB-19,0.006739691,0.044151057,-0.6153745,-0.04858665,-0.58440393,-0.04967258,0.27994993,-0.5321434,0.17833507,0.42815447,0.1022158,0.079255804,0.2453313,-0.051414713,-0.5720279,0.7080238,-0.51335657,-0.53468585,-0.14340925,-0.4262933,0.31411722,0.10676126,0.64971083,-0.39790753,-0.6096994,-0.13030541,-0.05571466,0.43487006,0.32415447
BEN,0.10822892,-0.83900285,-1.2603453,0.42488924,0.001686275,-0.046570256,0.45862842,-0.17277485,0.09161079,1.381593,1.0185363,1.2589455,0.5061927,-0.6258873,-0.058544993,-0.8421754,0.11194906,-1.0797513,0.97837245,-0.40786156,0.42325425,0.14493288,-0.14909494,-0.5296022,0.33691335,-0.9418739,0.26198784,0.4700082,1.625447
SNU-1272,-0.13821062,-0.2580526,-0.74577117,0.20779034,-0.55210936,-0.039203033,0.3587249,-0.74326587,-0.09624496,0.8521812,0.59338474,0.43799567,-0.07403782,-0.08622274,-0.7089267,0.07109088,-0.43629587,-0.64801276,0.3035354,-0.07146859,0.79860914,0.26322588,0.6230408,-0.21027426,-0.44152167,-0.14945024,-0.14729872,0.65095484,0.93232834
RPMI-8226,-0.034244932,0.057527203,-0.7183027,0.02290687,-0.60536087,-0.013643749,0.33150953,-0.5235154,0.12121904,0.38354382,0.042688817,0.035679117,0.16523963,0.005723208,-0.61254257,0.76364005,-0.54910547,-0.54389566,-0.11851299,-0.38696635,0.27805322,0.13018948,0.6499676,-0.50448227,-0.6426097,-0.09719089,-0.04882314,0.43692756,0.24691266
KMS-28BM,0.26929465,-0.37885186,-0.8153136,-0.028834373,-0.14395404,-0.11495285,0.26220345,-0.10502967,0.43602297,0.8527616,0.4679004,0.723679,0.834664,-0.54029906,-0.012503952,0.0016138554,-0.057009608,-0.8281152,0.27296782,-0.7721482,0.050569743,-0.033491228,0.08121705,-0.47722226,0.0036224723,-0.76817214,0.24398813,0.27768445,0.9058976
Hs 611.T,-0.13821062,-0.2580526,-0.74577117,0.20779034,-0.55210936,-0.039203033,0.3587249,-0.74326587,-0.09624496,0.8521812,0.59338474,0.43799567,-0.07403782,-0.08622274,-0.7089267,0.07109088,-0.43629587,-0.64801276,0.3035354,-0.07146859,0.79860914,0.26322588,0.6230408,-0.21027426,-0.44152167,-0.14945024,-0.14729872,0.65095484,0.93232834
NCI-H1734,0.17991106,-0.17506342,-0.5949493,-0.12023144,-0.34816724,-0.12206552,0.21285078,-0.33592913,0.36747408,0.68360555,0.34618235,0.4395571,0.6205189,-0.35209185,-0.25615275,0.3041548,-0.25265777,-0.6657594,0.02915582,-0.63776076,0.2279462,0.012513306,0.375217,-0.31516117,-0.27650967,-0.47556585,0.08101689,0.35671848,0.69244576
RERF-LC-A1,-0.10468102,-0.3090227,-0.6900875,0.17387676,-0.5124081,-0.0678857,0.32570273,-0.74153286,-0.059774727,0.93376863,0.68713784,0.5257709,-0.0069886744,-0.15470661,-0.6600779,-0.046723068,-0.38216823,-0.6637138,0.33596396,-0.09433076,0.84290385,0.24937001,0.5921436,-0.12502694,-0.37549275,-0.20713913,-0.1429921,0.6555779,1.0575404
SNU-478,-0.003526099,-0.027314244,-0.83175147,0.07528618,-0.5217391,-0.0039343536,0.3621887,-0.42298934,0.14002831,0.44777134,0.08383304,0.14935583,0.24218243,-0.064350545,-0.5156407,0.6442978,-0.4718886,-0.6151613,-0.009446368,-0.43727392,0.19538645,0.11481047,0.5240485,-0.59362483,-0.52867013,-0.21643734,0.022277446,0.40344524,0.32408535
T3M-10,0.016267449,0.03723303,-0.60114884,-0.059812747,-0.5760749,-0.05617936,0.27149272,-0.52870274,0.1903912,0.44009256,0.11587736,0.093510166,0.26481122,-0.06608468,-0.55922246,0.6911415,-0.50247926,-0.53652394,-0.14269505,-0.4364961,0.31691697,0.10142589,0.6432511,-0.38173592,-0.5975044,-0.14281031,-0.053434465,0.43276584,0.34309232
ECC10,0.11975292,-0.03790697,-0.4466368,-0.18174472,-0.48560953,-0.12685259,0.17963478,-0.49133217,0.32133842,0.5697579,0.26426202,0.24833359,0.47639212,-0.22542214,-0.4201365,0.507775,-0.38433555,-0.55648845,-0.1349378,-0.5473136,0.3473265,0.043475892,0.57308877,-0.20608865,-0.46504796,-0.27863204,-0.02866819,0.40991104,0.54878557
Hs 834.T,-0.13821062,-0.2580526,-0.74577117,0.20779034,-0.55210936,-0.039203033,0.3587249,-0.74326587,-0.09624496,0.8521812,0.59338474,0.43799567,-0.07403782,-0.08622274,-0.7089267,0.07109088,-0.43629587,-0.64801276,0.3035354,-0.07146859,0.79860914,0.26322588,0.6230408,-0.21027426,-0.44152167,-0.14945024,-0.14729872,0.65095484,0.93232834
TE-4,0.075714454,-0.24693762,-1.0328228,0.17059103,-0.3228804,-0.0025158077,0.40647134,-0.2242789,0.19159092,0.65021247,0.24967466,0.45460823,0.43125415,-0.25451013,-0.29032713,0.2964654,-0.27485266,-0.7761308,0.25342312,-0.5412075,0.07459268,0.08043965,0.24452186,-0.7126228,-0.2448624,-0.49964172,0.16717133,0.3465408,0.5892046
HCC15,0.18001719,-1.0281818,-1.4632918,0.5173595,0.18153399,-0.03835447,0.50706303,0.023410022,0.13985597,1.5431504,1.140031,1.5194224,0.6799527,-0.7901394,0.14925683,-1.1279802,0.28516087,-1.226924,1.2094804,-0.5120296,0.2824304,0.110929355,-0.40865284,-0.67037886,0.58773756,-1.1984899,0.40248606,0.40807074,1.8309207
BICR 56,0.27595976,-0.3940479,-0.8317456,-0.022019103,-0.12872633,-0.11442247,0.26588356,-0.08781204,0.4411345,0.86537516,0.47697663,0.7448653,0.8506323,-0.5543332,0.0056643784,-0.020945907,-0.042420596,-0.84022176,0.2911483,-0.7821691,0.037343204,-0.036921676,0.059294164,-0.48930675,0.024511248,-0.78999114,0.2561405,0.27179104,0.9218142
RPMI-7951,0.11975292,-0.03790697,-0.4466368,-0.18174472,-0.48560953,-0.12685259,0.17963478,-0.49133217,0.32133842,0.5697579,0.26426202,0.24833359,0.47639212,-0.22542214,-0.4201365,0.507775,-0.38433555,-0.55648845,-0.1349378,-0.5473136,0.3473265,0.043475892,0.57308877,-0.20608865,-0.46504796,-0.27863204,-0.02866819,0.40991104,0.54878557
COLO 704,-0.45909116,-0.7371493,-1.0745275,0.73544896,-0.5547265,0.025230616,0.5563628,-1.136632,-0.6616015,1.5085883,1.3549132,0.9638801,-0.7703092,-0.043037668,-1.0389763,-0.9223469,-0.3787458,-0.83303654,1.0795785,0.6209874,1.6254845,0.5745033,0.6222336,0.0029799193,-0.2340735,-0.09424263,-0.32352427,1.0435175,1.8609301
OAW42,-0.55457294,-0.68609583,-1.4797708,0.96834004,-0.58106285,0.15487178,0.74023604,-1.0024091,-0.795887,1.312263,1.0791161,0.8149808,-0.9392605,0.11839387,-1.0925158,-0.6815974,-0.4692711,-0.88839793,1.1493442,0.65795255,1.3544133,0.6163103,0.54862696,-0.4607464,-0.30900675,-0.05060956,-0.23694363,0.9879631,1.5237057
CH-157MN,0.006739691,0.044151057,-0.6153745,-0.04858665,-0.58440393,-0.04967258,0.27994993,-0.5321434,0.17833507,0.42815447,0.1022158,0.079255804,0.2453313,-0.051414713,-0.5720279,0.7080238,-0.51335657,-0.53468585,-0.14340925,-0.4262933,0.31411722,0.10676126,0.64971083,-0.39790753,-0.6096994,-0.13030541,-0.05571466,0.43487006,0.32415447
TE-8,0.27595976,-0.3940479,-0.8317456,-0.022019103,-0.12872633,-0.11442247,0.26588356,-0.08781204,0.4411345,0.86537516,0.47697663,0.7448653,0.8506323,-0.5543332,0.0056643784,-0.020945907,-0.042420596,-0.84022176,0.2911483,-0.7821691,0.037343204,-0.036921676,0.059294164,-0.48930675,0.024511248,-0.78999114,0.2561405,0.27179104,0.9218142
OCI-Ly3,-0.13821062,-0.2580526,-0.74577117,0.20779034,-0.55210936,-0.039203033,0.3587249,-0.74326587,-0.09624496,0.8521812,0.59338474,0.43799567,-0.07403782,-0.08622274,-0.7089267,0.07109088,-0.43629587,-0.64801276,0.3035354,-0.07146859,0.79860914,0.26322588,0.6230408,-0.21027426,-0.44152167,-0.14945024,-0.14729872,0.65095484,0.93232834
TE 441.T,-0.13821062,-0.2580526,-0.74577117,0.20779034,-0.55210936,-0.039203033,0.3587249,-0.74326587,-0.09624496,0.8521812,0.59338474,0.43799567,-0.07403782,-0.08622274,-0.7089267,0.07109088,-0.43629587,-0.64801276,0.3035354,-0.07146859,0.79860914,0.26322588,0.6230408,-0.21027426,-0.44152167,-0.14945024,-0.14729872,0.65095484,0.93232834
OCI-Ly19,-0.21758232,-0.75513667,-1.1278062,0.58427906,-0.33361155,-0.007825136,0.5060065,-0.73699856,-0.33418435,1.428962,1.1881057,1.0573754,-0.22866133,-0.27813286,-0.6336572,-0.8456246,-0.18584882,-0.9213752,1.0013906,0.17926008,1.1120665,0.3887053,0.31718674,-0.21317945,-0.016703933,-0.4335847,-0.083828546,0.79784346,1.7268242
TOV-112D,0.28854597,-0.6020564,-1.0452847,0.12487799,0.0113450885,-0.09582289,0.33467725,0.020192742,0.40291432,1.0698669,0.66098803,1.011838,0.89322853,-0.6728851,0.12514728,-0.3645705,0.09815359,-0.9810246,0.573576,-0.7746245,0.023865879,-0.022696692,-0.1468355,-0.586769,0.24559057,-0.9831114,0.34663522,0.2714784,1.1911757
Hs 939.T,0.06881668,-0.09943784,-0.501889,-0.10103491,-0.4916916,-0.1134698,0.21278553,-0.54811627,0.23484316,0.65237164,0.3602355,0.31129918,0.3666868,-0.20937295,-0.47459224,0.3819293,-0.38384366,-0.5808237,-0.02806463,-0.44450718,0.4597999,0.09020444,0.5774133,-0.18769135,-0.444723,-0.26240644,-0.054614488,0.46566617,0.66424966
NCI-H854,0.11975292,-0.03790697,-0.4466368,-0.18174472,-0.48560953,-0.12685259,0.17963478,-0.49133217,0.32133842,0.5697579,0.26426202,0.24833359,0.47639212,-0.22542214,-0.4201365,0.507775,-0.38433555,-0.55648845,-0.1349378,-0.5473136,0.3473265,0.043475892,0.57308877,-0.20608865,-0.46504796,-0.27863204,-0.02866819,0.40991104,0.54878557
TE 159.T,-0.13821062,-0.2580526,-0.74577117,0.20779034,-0.55210936,-0.039203033,0.3587249,-0.74326587,-0.09624496,0.8521812,0.59338474,0.43799567,-0.07403782,-0.08622274,-0.7089267,0.07109088,-0.43629587,-0.64801276,0.3035354,-0.07146859,0.79860914,0.26322588,0.6230408,-0.21027426,-0.44152167,-0.14945024,-0.14729872,0.65095484,0.93232834
BT-483,0.044083335,-0.6638711,-1.0947094,0.34728822,-0.15868774,-0.048887372,0.42157906,-0.3361882,0.04935789,1.2225604,0.8903142,1.015868,0.3527521,-0.47385794,-0.24118492,-0.56739265,-0.04603815,-0.9497824,0.7680727,-0.3217839,0.5267793,0.17337692,0.077518135,-0.4276682,0.10920203,-0.713357,0.14335558,0.5180067,1.4182949
KMRC-20,0.006739691,0.044151057,-0.6153745,-0.04858665,-0.58440393,-0.04967258,0.27994993,-0.5321434,0.17833507,0.42815447,0.1022158,0.079255804,0.2453313,-0.051414713,-0.5720279,0.7080238,-0.51335657,-0.53468585,-0.14340925,-0.4262933,0.31411722,0.10676126,0.64971083,-0.39790753,-0.6096994,-0.13030541,-0.05571466,0.43487006,0.32415447
SNU-5,0.056875832,-0.30712184,-1.3426574,0.33830526,-0.2547527,0.07060145,0.52720463,-0.06374806,0.14076772,0.62056065,0.15949014,0.49522382,0.41901457,-0.2432843,-0.22462378,0.29236126,-0.24391164,-0.8733382,0.39790007,-0.56765175,-0.13282278,0.08786458,0.08658597,-1.024159,-0.16981494,-0.5935105,0.2772566,0.2893741,0.50494254
CFPAC-1,0.016267449,0.03723303,-0.60114884,-0.059812747,-0.5760749,-0.05617936,0.27149272,-0.52870274,0.1903912,0.44009256,0.11587736,0.093510166,0.26481122,-0.06608468,-0.55922246,0.6911415,-0.50247926,-0.53652394,-0.14269505,-0.4364961,0.31691697,0.10142589,0.6432511,-0.38173592,-0.5975044,-0.14281031,-0.053434465,0.43276584,0.34309232
HT115,0.4805324,-0.8604595,-1.3360944,0.18716183,0.33865738,-0.09814366,0.3788373,0.44064873,0.59802264,1.2525234,0.75555336,1.3951365,1.3407472,-0.9850839,0.5633046,-0.713373,0.40536037,-1.2118064,0.849162,-1.0897422,-0.36861917,-0.14221247,-0.613585,-0.8602168,0.6656511,-1.4596807,0.6291336,0.09090543,1.4103425
NCI-H1694,0.006739691,0.044151057,-0.6153745,-0.04858665,-0.58440393,-0.04967258,0.27994993,-0.5321434,0.17833507,0.42815447,0.1022158,0.079255804,0.2453313,-0.051414713,-0.5720279,0.7080238,-0.51335657,-0.53468585,-0.14340925,-0.4262933,0.31411722,0.10676126,0.64971083,-0.39790753,-0.6096994,-0.13030541,-0.05571466,0.43487006,0.32415447
HMC-1-8,0.016267449,0.03723303,-0.60114884,-0.059812747,-0.5760749,-0.05617936,0.27149272,-0.52870274,0.1903912,0.44009256,0.11587736,0.093510166,0.26481122,-0.06608468,-0.55922246,0.6911415,-0.50247926,-0.53652394,-0.14269505,-0.4364961,0.31691697,0.10142589,0.6432511,-0.38173592,-0.5975044,-0.14281031,-0.053434465,0.43276584,0.34309232
NCI-H810,0.006739691,0.044151057,-0.6153745,-0.04858665,-0.58440393,-0.04967258,0.27994993,-0.5321434,0.17833507,0.42815447,0.1022158,0.079255804,0.2453313,-0.051414713,-0.5720279,0.7080238,-0.51335657,-0.53468585,-0.14340925,-0.4262933,0.31411722,0.10676126,0.64971083,-0.39790753,-0.6096994,-0.13030541,-0.05571466,0.43487006,0.32415447
Peer,0.006739691,0.044151057,-0.6153745,-0.04858665,-0.58440393,-0.04967258,0.27994993,-0.5321434,0.17833507,0.42815447,0.1022158,0.079255804,0.2453313,-0.051414713,-0.5720279,0.7080238,-0.51335657,-0.53468585,-0.14340925,-0.4262933,0.31411722,0.10676126,0.64971083,-0.39790753,-0.6096994,-0.13030541,-0.05571466,0.43487006,0.32415447
HCC1187,-0.13821062,-0.2580526,-0.74577117,0.20779034,-0.55210936,-0.039203033,0.3587249,-0.74326587,-0.09624496,0.8521812,0.59338474,0.43799567,-0.07403782,-0.08622274,-0.7089267,0.07109088,-0.43629587,-0.64801276,0.3035354,-0.07146859,0.79860914,0.26322588,0.6230408,-0.21027426,-0.44152167,-0.14945024,-0.14729872,0.65095484,0.93232834
Hs 934.T,-0.13821062,-0.2580526,-0.74577117,0.20779034,-0.55210936,-0.039203033,0.3587249,-0.74326587,-0.09624496,0.8521812,0.59338474,0.43799567,-0.07403782,-0.08622274,-0.7089267,0.07109088,-0.43629587,-0.64801276,0.3035354,-0.07146859,0.79860914,0.26322588,0.6230408,-0.21027426,-0.44152167,-0.14945024,-0.14729872,0.65095484,0.93232834
NCI-H2009,0.016267449,0.03723303,-0.60114884,-0.059812747,-0.5760749,-0.05617936,0.27149272,-0.52870274,0.1903912,0.44009256,0.11587736,0.093510166,0.26481122,-0.06608468,-0.55922246,0.6911415,-0.50247926,-0.53652394,-0.14269505,-0.4364961,0.31691697,0.10142589,0.6432511,-0.38173592,-0.5975044,-0.14281031,-0.053434465,0.43276584,0.34309232
OC 314,0.006739691,0.044151057,-0.6153745,-0.04858665,-0.58440393,-0.04967258,0.27994993,-0.5321434,0.17833507,0.42815447,0.1022158,0.079255804,0.2453313,-0.051414713,-0.5720279,0.7080238,-0.51335657,-0.53468585,-0.14340925,-0.4262933,0.31411722,0.10676126,0.64971083,-0.39790753,-0.6096994,-0.13030541,-0.05571466,0.43487006,0.32415447
RT112/84,0.22015765,-0.26682287,-0.6941723,-0.07907824,-0.25621653,-0.11886291,0.23507273,-0.23196241,0.39833948,0.75977117,0.4009881,0.5674882,0.71694165,-0.4368356,-0.1464454,0.16793022,-0.16456363,-0.7388631,0.13893664,-0.69827116,0.14807922,-0.008201074,0.24283814,-0.38813215,-0.15037507,-0.6073172,0.15439767,0.32113194,0.78855634
CAL-29,-0.40213242,-0.15796144,-1.1205003,0.5379857,-0.74710196,0.12114908,0.5817843,-0.87424505,-0.45068473,0.6575605,0.37199888,0.17246279,-0.61880815,0.26217842,-1.0506295,0.33793527,-0.6831099,-0.62883997,0.38660625,0.25599653,0.8394733,0.42793357,0.77390677,-0.5608037,-0.69986284,0.14989716,-0.22324306,0.75059694,0.6091082
GSS,0.11975292,-0.03790697,-0.4466368,-0.18174472,-0.48560953,-0.12685259,0.17963478,-0.49133217,0.32133842,0.5697579,0.26426202,0.24833359,0.47639212,-0.22542214,-0.4201365,0.507775,-0.38433555,-0.55648845,-0.1349378,-0.5473136,0.3473265,0.043475892,0.57308877,-0.20608865,-0.46504796,-0.27863204,-0.02866819,0.40991104,0.54878557
KYSE-30,0.11975292,-0.03790697,-0.4466368,-0.18174472,-0.48560953,-0.12685259,0.17963478,-0.49133217,0.32133842,0.5697579,0.26426202,0.24833359,0.47639212,-0.22542214,-0.4201365,0.507775,-0.38433555,-0.55648845,-0.1349378,-0.5473136,0.3473265,0.043475892,0.57308877,-0.20608865,-0.46504796,-0.27863204,-0.02866819,0.40991104,0.54878557
NCI-H196,-0.2389524,-0.28026235,-0.87605363,0.34652033,-0.6029629,0.008879423,0.4364717,-0.8168051,-0.24505603,0.8676959,0.6125263,0.42198694,-0.28539458,0.008511841,-0.8307706,0.0404225,-0.4945439,-0.66164446,0.40312716,0.083125174,0.89236224,0.3372611,0.66210145,-0.27977338,-0.4876866,-0.06623356,-0.18472363,0.716283,0.94185024
PCM6,-0.2389524,-0.28026235,-0.87605363,0.34652033,-0.6029629,0.008879423,0.4364717,-0.8168051,-0.24505603,0.8676959,0.6125263,0.42198694,-0.28539458,0.008511841,-0.8307706,0.0404225,-0.4945439,-0.66164446,0.40312716,0.083125174,0.89236224,0.3372611,0.66210145,-0.27977338,-0.4876866,-0.06623356,-0.18472363,0.716283,0.94185024
Hs 698.T,0.3653433,-0.5978362,-1.0521097,0.06937793,0.07548672,-0.1073098,0.3152362,0.14308733,0.5096834,1.0345311,0.5986946,1.028987,1.0647773,-0.74254024,0.24931306,-0.32348675,0.15322748,-1.0025775,0.53496015,-0.9165565,-0.14003316,-0.082926184,-0.23470563,-0.6513678,0.30464327,-1.0825973,0.41911164,0.19275704,1.135266
PE/CA-PJ34 (clone C12),0.006739691,0.044151057,-0.6153745,-0.04858665,-0.58440393,-0.04967258,0.27994993,-0.5321434,0.17833507,0.42815447,0.1022158,0.079255804,0.2453313,-0.051414713,-0.5720279,0.7080238,-0.51335657,-0.53468585,-0.14340925,-0.4262933,0.31411722,0.10676126,0.64971083,-0.39790753,-0.6096994,-0.13030541,-0.05571466,0.43487006,0.32415447
SNU-46,0.11975292,-0.03790697,-0.4466368,-0.18174472,-0.48560953,-0.12685259,0.17963478,-0.49133217,0.32133842,0.5697579,0.26426202,0.24833359,0.47639212,-0.22542214,-0.4201365,0.507775,-0.38433555,-0.55648845,-0.1349378,-0.5473136,0.3473265,0.043475892,0.57308877,-0.20608865,-0.46504796,-0.27863204,-0.02866819,0.40991104,0.54878557
MFE-280,-0.40213242,-0.15796144,-1.1205003,0.5379857,-0.74710196,0.12114908,0.5817843,-0.87424505,-0.45068473,0.6575605,0.37199888,0.17246279,-0.61880815,0.26217842,-1.0506295,0.33793527,-0.6831099,-0.62883997,0.38660625,0.25599653,0.8394733,0.42793357,0.77390677,-0.5608037,-0.69986284,0.14989716,-0.22324306,0.75059694,0.6091082
RERF-LC-Ad1,0.11975292,-0.03790697,-0.4466368,-0.18174472,-0.48560953,-0.12685259,0.17963478,-0.49133217,0.32133842,0.5697579,0.26426202,0.24833359,0.47639212,-0.22542214,-0.4201365,0.507775,-0.38433555,-0.55648845,-0.1349378,-0.5473136,0.3473265,0.043475892,0.57308877,-0.20608865,-0.46504796,-0.27863204,-0.02866819,0.40991104,0.54878557
M059K,0.05349914,-0.75587386,-1.1678095,0.40005872,-0.097497255,-0.04683765,0.44277498,-0.29661983,0.03851819,1.3199854,0.98276955,1.137697,0.37796122,-0.5320293,-0.18794723,-0.7268513,0.018406838,-1.0077361,0.8867141,-0.3194278,0.5345333,0.1779105,-0.0073422194,-0.44770986,0.207578,-0.79799825,0.17789,0.52091336,1.5503362
HT-1376,0.006739691,0.044151057,-0.6153745,-0.04858665,-0.58440393,-0.04967258,0.27994993,-0.5321434,0.17833507,0.42815447,0.1022158,0.079255804,0.2453313,-0.051414713,-0.5720279,0.7080238,-0.51335657,-0.53468585,-0.14340925,-0.4262933,0.31411722,0.10676126,0.64971083,-0.39790753,-0.6096994,-0.13030541,-0.05571466,0.43487006,0.32415447
SK-N-AS,-0.21758232,-0.75513667,-1.1278062,0.58427906,-0.33361155,-0.007825136,0.5060065,-0.73699856,-0.33418435,1.428962,1.1881057,1.0573754,-0.22866133,-0.27813286,-0.6336572,-0.8456246,-0.18584882,-0.9213752,1.0013906,0.17926008,1.1120665,0.3887053,0.31718674,-0.21317945,-0.016703933,-0.4335847,-0.083828546,0.79784346,1.7268242
BICR 18,0.12211451,-0.6623726,-1.0825769,0.2834024,-0.09589332,-0.06590706,0.3944574,-0.22459543,0.15786824,1.1980032,0.8436076,1.0394423,0.525007,-0.54820013,-0.11963257,-0.53950804,0.01105395,-0.9679732,0.72806144,-0.4594833,0.38234162,0.11373778,-0.0034168363,-0.46807426,0.16944718,-0.810863,0.20884354,0.4451663,1.3806313
NCI-H2171,0.006739691,0.044151057,-0.6153745,-0.04858665,-0.58440393,-0.04967258,0.27994993,-0.5321434,0.17833507,0.42815447,0.1022158,0.079255804,0.2453313,-0.051414713,-0.5720279,0.7080238,-0.51335657,-0.53468585,-0.14340925,-0.4262933,0.31411722,0.10676126,0.64971083,-0.39790753,-0.6096994,-0.13030541,-0.05571466,0.43487006,0.32415447
JMSU-1,0.11975292,-0.03790697,-0.4466368,-0.18174472,-0.48560953,-0.12685259,0.17963478,-0.49133217,0.32133842,0.5697579,0.26426202,0.24833359,0.47639212,-0.22542214,-0.4201365,0.507775,-0.38433555,-0.55648845,-0.1349378,-0.5473136,0.3473265,0.043475892,0.57308877,-0.20608865,-0.46504796,-0.27863204,-0.02866819,0.40991104,0.54878557
HEC-151,0.2734534,-1.9330302,-2.3978007,1.1300015,0.82448256,0.036976993,0.79725933,0.5560379,0.026811838,2.4170423,1.9110897,2.6920977,0.9518113,-1.3420256,0.73257047,-2.6056392,0.92574894,-1.8516793,2.4215453,-0.5503924,0.14137806,0.14271455,-1.3515444,-1.1277704,1.581345,-2.0904891,0.8334528,0.36718434,2.9773316
P12-Ichikawa,0.31550404,-0.9636791,-1.4172578,0.376798,0.25927275,-0.064219534,0.45308605,0.21620077,0.34345236,1.4233205,0.9770333,1.4774567,0.9786422,-0.88373554,0.34120917,-0.9597139,0.3463584,-1.2274187,1.0624095,-0.7708499,-0.010381579,-0.0019160062,-0.51125693,-0.7605937,0.6341233,-1.3256639,0.50885665,0.26574767,1.6561369
CL-11,0.11975292,-0.03790697,-0.4466368,-0.18174472,-0.48560953,-0.12685259,0.17963478,-0.49133217,0.32133842,0.5697579,0.26426202,0.24833359,0.47639212,-0.22542214,-0.4201365,0.507775,-0.38433555,-0.55648845,-0.1349378,-0.5473136,0.3473265,0.043475892,0.57308877,-0.20608865,-0.46504796,-0.27863204,-0.02866819,0.40991104,0.54878557
NCI-H2405,0.006739691,0.044151057,-0.6153745,-0.04858665,-0.58440393,-0.04967258,0.27994993,-0.5321434,0.17833507,0.42815447,0.1022158,0.079255804,0.2453313,-0.051414713,-0.5720279,0.7080238,-0.51335657,-0.53468585,-0.14340925,-0.4262933,0.31411722,0.10676126,0.64971083,-0.39790753,-0.6096994,-0.13030541,-0.05571466,0.43487006,0.32415447
SNU-349,-0.13821062,-0.2580526,-0.74577117,0.20779034,-0.55210936,-0.039203033,0.3587249,-0.74326587,-0.09624496,0.8521812,0.59338474,0.43799567,-0.07403782,-0.08622274,-0.7089267,0.07109088,-0.43629587,-0.64801276,0.3035354,-0.07146859,0.79860914,0.26322588,0.6230408,-0.21027426,-0.44152167,-0.14945024,-0.14729872,0.65095484,0.93232834
U-178MG,0.006739691,0.044151057,-0.6153745,-0.04858665,-0.58440393,-0.04967258,0.27994993,-0.5321434,0.17833507,0.42815447,0.1022158,0.079255804,0.2453313,-0.051414713,-0.5720279,0.7080238,-0.51335657,-0.53468585,-0.14340925,-0.4262933,0.31411722,0.10676126,0.64971083,-0.39790753,-0.6096994,-0.13030541,-0.05571466,0.43487006,0.32415447
KMS-34,0.006739691,0.044151057,-0.6153745,-0.04858665,-0.58440393,-0.04967258,0.27994993,-0.5321434,0.17833507,0.42815447,0.1022158,0.079255804,0.2453313,-0.051414713,-0.5720279,0.7080238,-0.51335657,-0.53468585,-0.14340925,-0.4262933,0.31411722,0.10676126,0.64971083,-0.39790753,-0.6096994,-0.13030541,-0.05571466,0.43487006,0.32415447
L-428,-0.13821062,-0.2580526,-0.74577117,0.20779034,-0.55210936,-0.039203033,0.3587249,-0.74326587,-0.09624496,0.8521812,0.59338474,0.43799567,-0.07403782,-0.08622274,-0.7089267,0.07109088,-0.43629587,-0.64801276,0.3035354,-0.07146859,0.79860914,0.26322588,0.6230408,-0.21027426,-0.44152167,-0.14945024,-0.14729872,0.65095484,0.93232834
PE/CA-PJ41 (clone D2),0.006739691,0.044151057,-0.6153745,-0.04858665,-0.58440393,-0.04967258,0.27994993,-0.5321434,0.17833507,0.42815447,0.1022158,0.079255804,0.2453313,-0.051414713,-0.5720279,0.7080238,-0.51335657,-0.53468585,-0.14340925,-0.4262933,0.31411722,0.10676126,0.64971083,-0.39790753,-0.6096994,-0.13030541,-0.05571466,0.43487006,0.32415447
SK-N-SH,-0.33096927,-0.5823784,-0.9355496,0.5324365,-0.53942806,-0.008431621,0.4729775,-0.99380076,-0.44403672,1.3007867,1.1135075,0.8055004,-0.49436322,-0.08340682,-0.90200174,-0.6058025,-0.37998304,-0.7718251,0.8107563,0.36239463,1.3425758,0.45696527,0.61135584,-0.043295503,-0.28519762,-0.13505556,-0.25826055,0.9032744,1.5704988
A-673,0.06881668,-0.09943784,-0.501889,-0.10103491,-0.4916916,-0.1134698,0.21278553,-0.54811627,0.23484316,0.65237164,0.3602355,0.31129918,0.3666868,-0.20937295,-0.47459224,0.3819293,-0.38384366,-0.5808237,-0.02806463,-0.44450718,0.4597999,0.09020444,0.5774133,-0.18769135,-0.444723,-0.26240644,-0.054614488,0.46566617,0.66424966
CW-2,0.5500084,-1.8609731,-2.3645046,0.88764024,1.020165,-0.009968847,0.7076396,0.9746556,0.4264783,2.2325041,1.6338499,2.681883,1.5656303,-1.5636721,1.1526954,-2.3622384,1.0882356,-1.8918946,2.203815,-1.0698967,-0.4524856,-0.08074285,-1.6157378,-1.3367283,1.7364041,-2.4005752,1.0730289,0.08027077,2.7001114
ACC-MESO-1,-0.07889459,-0.3330469,-0.7182739,0.1742574,-0.4750774,-0.069245845,0.32794952,-0.6895574,-0.030716866,0.947538,0.68989754,0.5637313,0.05237803,-0.19115517,-0.6063018,-0.075637996,-0.3476398,-0.6876844,0.35819817,-0.13823232,0.7895026,0.23208396,0.5392668,-0.15730782,-0.32989395,-0.2620982,-0.109072864,0.63068,1.0727205
AM-38,0.06881668,-0.09943784,-0.501889,-0.10103491,-0.4916916,-0.1134698,0.21278553,-0.54811627,0.23484316,0.65237164,0.3602355,0.31129918,0.3666868,-0.20937295,-0.47459224,0.3819293,-0.38384366,-0.5808237,-0.02806463,-0.44450718,0.4597999,0.09020444,0.5774133,-0.18769135,-0.444723,-0.26240644,-0.054614488,0.46566617,0.66424966
NCI-H747,0.11975292,-0.03790697,-0.4466368,-0.18174472,-0.48560953,-0.12685259,0.17963478,-0.49133217,0.32133842,0.5697579,0.26426202,0.24833359,0.47639212,-0.22542214,-0.4201365,0.507775,-0.38433555,-0.55648845,-0.1349378,-0.5473136,0.3473265,0.043475892,0.57308877,-0.20608865,-0.46504796,-0.27863204,-0.02866819,0.40991104,0.54878557
SNU-620,-0.13821062,-0.2580526,-0.74577117,0.20779034,-0.55210936,-0.039203033,0.3587249,-0.74326587,-0.09624496,0.8521812,0.59338474,0.43799567,-0.07403782,-0.08622274,-0.7089267,0.07109088,-0.43629587,-0.64801276,0.3035354,-0.07146859,0.79860914,0.26322588,0.6230408,-0.21027426,-0.44152167,-0.14945024,-0.14729872,0.65095484,0.93232834
T-47D,-0.40213242,-0.15796144,-1.1205003,0.5379857,-0.74710196,0.12114908,0.5817843,-0.87424505,-0.45068473,0.6575605,0.37199888,0.17246279,-0.61880815,0.26217842,-1.0506295,0.33793527,-0.6831099,-0.62883997,0.38660625,0.25599653,0.8394733,0.42793357,0.77390677,-0.5608037,-0.69986284,0.14989716,-0.22324306,0.75059694,0.6091082
Jurkat E6.1,0.006739691,0.044151057,-0.6153745,-0.04858665,-0.58440393,-0.04967258,0.27994993,-0.5321434,0.17833507,0.42815447,0.1022158,0.079255804,0.2453313,-0.051414713,-0.5720279,0.7080238,-0.51335657,-0.53468585,-0.14340925,-0.4262933,0.31411722,0.10676126,0.64971083,-0.39790753,-0.6096994,-0.13030541,-0.05571466,0.43487006,0.32415447
SNU-878,0.006739691,0.044151057,-0.6153745,-0.04858665,-0.58440393,-0.04967258,0.27994993,-0.5321434,0.17833507,0.42815447,0.1022158,0.079255804,0.2453313,-0.051414713,-0.5720279,0.7080238,-0.51335657,-0.53468585,-0.14340925,-0.4262933,0.31411722,0.10676126,0.64971083,-0.39790753,-0.6096994,-0.13030541,-0.05571466,0.43487006,0.32415447
C32 [Human melanoma],0.06881668,-0.09943784,-0.501889,-0.10103491,-0.4916916,-0.1134698,0.21278553,-0.54811627,0.23484316,0.65237164,0.3602355,0.31129918,0.3666868,-0.20937295,-0.47459224,0.3819293,-0.38384366,-0.5808237,-0.02806463,-0.44450718,0.4597999,0.09020444,0.5774133,-0.18769135,-0.444723,-0.26240644,-0.054614488,0.46566617,0.66424966
SNU-C2B,0.006739691,0.044151057,-0.6153745,-0.04858665,-0.58440393,-0.04967258,0.27994993,-0.5321434,0.17833507,0.42815447,0.1022158,0.079255804,0.2453313,-0.051414713,-0.5720279,0.7080238,-0.51335657,-0.53468585,-0.14340925,-0.4262933,0.31411722,0.10676126,0.64971083,-0.39790753,-0.6096994,-0.13030541,-0.05571466,0.43487006,0.32415447
CAL-78,0.006739691,0.044151057,-0.6153745,-0.04858665,-0.58440393,-0.04967258,0.27994993,-0.5321434,0.17833507,0.42815447,0.1022158,0.079255804,0.2453313,-0.051414713,-0.5720279,0.7080238,-0.51335657,-0.53468585,-0.14340925,-0.4262933,0.31411722,0.10676126,0.64971083,-0.39790753,-0.6096994,-0.13030541,-0.05571466,0.43487006,0.32415447
8-MG-BA,0.06591977,-0.70622,-1.1190689,0.35447893,-0.117524505,-0.053501584,0.4227407,-0.29736096,0.0688605,1.2649276,0.9271209,1.078485,0.4023082,-0.5181553,-0.19112724,-0.6379954,-0.003553629,-0.9790114,0.8127121,-0.34961134,0.504885,0.16251533,0.023435414,-0.4377724,0.1675235,-0.7725987,0.17116444,0.50522757,1.4759382
SK-MEL-3,0.11975292,-0.03790697,-0.4466368,-0.18174472,-0.48560953,-0.12685259,0.17963478,-0.49133217,0.32133842,0.5697579,0.26426202,0.24833359,0.47639212,-0.22542214,-0.4201365,0.507775,-0.38433555,-0.55648845,-0.1349378,-0.5473136,0.3473265,0.043475892,0.57308877,-0.20608865,-0.46504796,-0.27863204,-0.02866819,0.40991104,0.54878557
A101D,0.06881668,-0.09943784,-0.501889,-0.10103491,-0.4916916,-0.1134698,0.21278553,-0.54811627,0.23484316,0.65237164,0.3602355,0.31129918,0.3666868,-0.20937295,-0.47459224,0.3819293,-0.38384366,-0.5808237,-0.02806463,-0.44450718,0.4597999,0.09020444,0.5774133,-0.18769135,-0.444723,-0.26240644,-0.054614488,0.46566617,0.66424966
Hs 766T,0.07389566,-0.020256238,-0.511802,-0.12442674,-0.51959145,-0.098934494,0.21842386,-0.5139891,0.25981143,0.5355561,0.2253502,0.2018297,0.38175118,-0.16472197,-0.47954538,0.5547095,-0.42737478,-0.5530671,-0.120795615,-0.49054262,0.354091,0.072046414,0.5993818,-0.26727054,-0.5101609,-0.22648607,-0.04182752,0.42710692,0.49205405
CJM [Human melanoma],0.006739691,0.044151057,-0.6153745,-0.04858665,-0.58440393,-0.04967258,0.27994993,-0.5321434,0.17833507,0.42815447,0.1022158,0.079255804,0.2453313,-0.051414713,-0.5720279,0.7080238,-0.51335657,-0.53468585,-0.14340925,-0.4262933,0.31411722,0.10676126,0.64971083,-0.39790753,-0.6096994,-0.13030541,-0.05571466,0.43487006,0.32415447
SALE,0.006739691,0.044151057,-0.6153745,-0.04858665,-0.58440393,-0.04967258,0.27994993,-0.5321434,0.17833507,0.42815447,0.1022158,0.079255804,0.2453313,-0.051414713,-0.5720279,0.7080238,-0.51335657,-0.53468585,-0.14340925,-0.4262933,0.31411722,0.10676126,0.64971083,-0.39790753,-0.6096994,-0.13030541,-0.05571466,0.43487006,0.32415447
647V,0.006739691,0.044151057,-0.6153745,-0.04858665,-0.58440393,-0.04967258,0.27994993,-0.5321434,0.17833507,0.42815447,0.1022158,0.079255804,0.2453313,-0.051414713,-0.5720279,0.7080238,-0.51335657,-0.53468585,-0.14340925,-0.4262933,0.31411722,0.10676126,0.64971083,-0.39790753,-0.6096994,-0.13030541,-0.05571466,0.43487006,0.32415447
NCI-H1581,0.11975292,-0.03790697,-0.4466368,-0.18174472,-0.48560953,-0.12685259,0.17963478,-0.49133217,0.32133842,0.5697579,0.26426202,0.24833359,0.47639212,-0.22542214,-0.4201365,0.507775,-0.38433555,-0.55648845,-0.1349378,-0.5473136,0.3473265,0.043475892,0.57308877,-0.20608865,-0.46504796,-0.27863204,-0.02866819,0.40991104,0.54878557
PL45,0.07389566,-0.020256238,-0.511802,-0.12442674,-0.51959145,-0.098934494,0.21842386,-0.5139891,0.25981143,0.5355561,0.2253502,0.2018297,0.38175118,-0.16472197,-0.47954538,0.5547095,-0.42737478,-0.5530671,-0.120795615,-0.49054262,0.354091,0.072046414,0.5993818,-0.26727054,-0.5101609,-0.22648607,-0.04182752,0.42710692,0.49205405
MOLT-4,-0.27377704,-0.798984,-1.1642982,0.6553556,-0.3552427,0.004580334,0.5342898,-0.809764,-0.42319208,1.4958866,1.2716188,1.096418,-0.35136005,-0.248088,-0.7051519,-0.94411176,-0.20045643,-0.9324134,1.0860412,0.289132,1.2346098,0.43748286,0.34403896,-0.18287754,-0.018627584,-0.39532033,-0.12150766,0.8579047,1.822131
Hs 606.T,0.006739691,0.044151057,-0.6153745,-0.04858665,-0.58440393,-0.04967258,0.27994993,-0.5321434,0.17833507,0.42815447,0.1022158,0.079255804,0.2453313,-0.051414713,-0.5720279,0.7080238,-0.51335657,-0.53468585,-0.14340925,-0.4262933,0.31411722,0.10676126,0.64971083,-0.39790753,-0.6096994,-0.13030541,-0.05571466,0.43487006,0.32415447
Kelly,0.006739691,0.044151057,-0.6153745,-0.04858665,-0.58440393,-0.04967258,0.27994993,-0.5321434,0.17833507,0.42815447,0.1022158,0.079255804,0.2453313,-0.051414713,-0.5720279,0.7080238,-0.51335657,-0.53468585,-0.14340925,-0.4262933,0.31411722,0.10676126,0.64971083,-0.39790753,-0.6096994,-0.13030541,-0.05571466,0.43487006,0.32415447
SW1353,0.006739691,0.044151057,-0.6153745,-0.04858665,-0.58440393,-0.04967258,0.27994993,-0.5321434,0.17833507,0.42815447,0.1022158,0.079255804,0.2453313,-0.051414713,-0.5720279,0.7080238,-0.51335657,-0.53468585,-0.14340925,-0.4262933,0.31411722,0.10676126,0.64971083,-0.39790753,-0.6096994,-0.13030541,-0.05571466,0.43487006,0.32415447
Kasumi-1,0.006739691,0.044151057,-0.6153745,-0.04858665,-0.58440393,-0.04967258,0.27994993,-0.5321434,0.17833507,0.42815447,0.1022158,0.079255804,0.2453313,-0.051414713,-0.5720279,0.7080238,-0.51335657,-0.53468585,-0.14340925,-0.4262933,0.31411722,0.10676126,0.64971083,-0.39790753,-0.6096994,-0.13030541,-0.05571466,0.43487006,0.32415447
LN-215,0.006739691,0.044151057,-0.6153745,-0.04858665,-0.58440393,-0.04967258,0.27994993,-0.5321434,0.17833507,0.42815447,0.1022158,0.079255804,0.2453313,-0.051414713,-0.5720279,0.7080238,-0.51335657,-0.53468585,-0.14340925,-0.4262933,0.31411722,0.10676126,0.64971083,-0.39790753,-0.6096994,-0.13030541,-0.05571466,0.43487006,0.32415447
SNU-520,0.11450368,-0.8070242,-1.2287052,0.39670983,-0.012711048,-0.050613396,0.4461296,-0.17605174,0.10877995,1.346832,0.98400754,1.2203062,0.51801413,-0.6153393,-0.063426256,-0.785713,0.0965094,-1.0607054,0.9314488,-0.42412752,0.4078341,0.13635945,-0.127213,-0.5217121,0.30969495,-0.92320156,0.25599316,0.46166807,1.5786613
DMS 53,0.11975292,-0.03790697,-0.4466368,-0.18174472,-0.48560953,-0.12685259,0.17963478,-0.49133217,0.32133842,0.5697579,0.26426202,0.24833359,0.47639212,-0.22542214,-0.4201365,0.507775,-0.38433555,-0.55648845,-0.1349378,-0.5473136,0.3473265,0.043475892,0.57308877,-0.20608865,-0.46504796,-0.27863204,-0.02866819,0.40991104,0.54878557
JHH-2,0.11975292,-0.03790697,-0.4466368,-0.18174472,-0.48560953,-0.12685259,0.17963478,-0.49133217,0.32133842,0.5697579,0.26426202,0.24833359,0.47639212,-0.22542214,-0.4201365,0.507775,-0.38433555,-0.55648845,-0.1349378,-0.5473136,0.3473265,0.043475892,0.57308877,-0.20608865,-0.46504796,-0.27863204,-0.02866819,0.40991104,0.54878557
A-498,0.08707678,-0.07737967,-0.48208165,-0.12996852,-0.48951122,-0.11826739,0.20090133,-0.5277598,0.26585078,0.6227555,0.32583004,0.2887267,0.40601498,-0.21512641,-0.45507044,0.42704365,-0.38402,-0.5720998,-0.06637752,-0.4813622,0.41947937,0.073452756,0.575863,-0.19428658,-0.4520093,-0.26822314,-0.045313016,0.44567856,0.62285703
RT-4,-0.13821062,-0.2580526,-0.74577117,0.20779034,-0.55210936,-0.039203033,0.3587249,-0.74326587,-0.09624496,0.8521812,0.59338474,0.43799567,-0.07403782,-0.08622274,-0.7089267,0.07109088,-0.43629587,-0.64801276,0.3035354,-0.07146859,0.79860914,0.26322588,0.6230408,-0.21027426,-0.44152167,-0.14945024,-0.14729872,0.65095484,0.93232834
ST486,0.006739691,0.044151057,-0.6153745,-0.04858665,-0.58440393,-0.04967258,0.27994993,-0.5321434,0.17833507,0.42815447,0.1022158,0.079255804,0.2453313,-0.051414713,-0.5720279,0.7080238,-0.51335657,-0.53468585,-0.14340925,-0.4262933,0.31411722,0.10676126,0.64971083,-0.39790753,-0.6096994,-0.13030541,-0.05571466,0.43487006,0.32415447
SW480,0.07151653,-0.0130879115,-0.54465514,-0.11045624,-0.51851344,-0.088902734,0.23190731,-0.49415722,0.25702792,0.5135186,0.19462368,0.18721828,0.38007745,-0.1548688,-0.47589138,0.5826528,-0.4325267,-0.557845,-0.1211314,-0.49850103,0.31818914,0.07078488,0.5886433,-0.3110159,-0.51461124,-0.2282031,-0.029809367,0.41620737,0.45553797
RCH-ACV,0.47694656,-0.852284,-1.3272538,0.1834952,0.33046484,-0.098429,0.37685737,0.43138558,0.59527266,1.2457373,0.7506703,1.3837382,1.3321562,-0.97753346,0.55353,-0.7012357,0.39751145,-1.2052932,0.83938086,-1.084351,-0.36150327,-0.14036688,-0.6017904,-0.8537153,0.65441287,-1.447942,0.62259555,0.0940761,1.4017793
IGR-1,0.06881668,-0.09943784,-0.501889,-0.10103491,-0.4916916,-0.1134698,0.21278553,-0.54811627,0.23484316,0.65237164,0.3602355,0.31129918,0.3666868,-0.20937295,-0.47459224,0.3819293,-0.38384366,-0.5808237,-0.02806463,-0.44450718,0.4597999,0.09020444,0.5774133,-0.18769135,-0.444723,-0.26240644,-0.054614488,0.46566617,0.66424966
OVISE,-0.40202293,-0.73818886,-1.2218058,0.7576525,-0.47859114,0.052509412,0.5958172,-0.95254683,-0.58822936,1.4327849,1.2243949,0.965415,-0.62841237,-0.083490714,-0.90735984,-0.8410378,-0.3312534,-0.8867072,1.0858465,0.47771144,1.3659425,0.52244526,0.48439786,-0.21296531,-0.1697022,-0.2091259,-0.21013324,0.9413297,1.7278365
SNU-738,0.11975292,-0.03790697,-0.4466368,-0.18174472,-0.48560953,-0.12685259,0.17963478,-0.49133217,0.32133842,0.5697579,0.26426202,0.24833359,0.47639212,-0.22542214,-0.4201365,0.507775,-0.38433555,-0.55648845,-0.1349378,-0.5473136,0.3473265,0.043475892,0.57308877,-0.20608865,-0.46504796,-0.27863204,-0.02866819,0.40991104,0.54878557
HuT 102,-0.13821062,-0.2580526,-0.74577117,0.20779034,-0.55210936,-0.039203033,0.3587249,-0.74326587,-0.09624496,0.8521812,0.59338474,0.43799567,-0.07403782,-0.08622274,-0.7089267,0.07109088,-0.43629587,-0.64801276,0.3035354,-0.07146859,0.79860914,0.26322588,0.6230408,-0.21027426,-0.44152167,-0.14945024,-0.14729872,0.65095484,0.93232834
SiMa,-0.13821062,-0.2580526,-0.74577117,0.20779034,-0.55210936,-0.039203033,0.3587249,-0.74326587,-0.09624496,0.8521812,0.59338474,0.43799567,-0.07403782,-0.08622274,-0.7089267,0.07109088,-0.43629587,-0.64801276,0.3035354,-0.07146859,0.79860914,0.26322588,0.6230408,-0.21027426,-0.44152167,-0.14945024,-0.14729872,0.65095484,0.93232834
MC116,-0.16480532,-0.3816527,-0.75530624,0.26914528,-0.5195872,-0.05208888,0.3648333,-0.8085599,-0.1618723,1.0312846,0.8004234,0.6000944,-0.13648304,-0.13576241,-0.72435653,-0.19526923,-0.38158762,-0.6924388,0.46211526,0.027020156,0.97566557,0.3045276,0.59724826,-0.103311084,-0.35150152,-0.18798669,-0.17361867,0.7213903,1.1938324
NCO2,0.006739691,0.044151057,-0.6153745,-0.04858665,-0.58440393,-0.04967258,0.27994993,-0.5321434,0.17833507,0.42815447,0.1022158,0.079255804,0.2453313,-0.051414713,-0.5720279,0.7080238,-0.51335657,-0.53468585,-0.14340925,-0.4262933,0.31411722,0.10676126,0.64971083,-0.39790753,-0.6096994,-0.13030541,-0.05571466,0.43487006,0.32415447
786-O,-0.2389524,-0.28026235,-0.87605363,0.34652033,-0.6029629,0.008879423,0.4364717,-0.8168051,-0.24505603,0.8676959,0.6125263,0.42198694,-0.28539458,0.008511841,-0.8307706,0.0404225,-0.4945439,-0.66164446,0.40312716,0.083125174,0.89236224,0.3372611,0.66210145,-0.27977338,-0.4876866,-0.06623356,-0.18472363,0.716283,0.94185024
NALM-6,-0.3086145,-0.55537385,-0.91130066,0.49701473,-0.5367588,-0.014305025,0.45842838,-0.96887946,-0.40607584,1.2645295,1.0713869,0.7778662,-0.44621596,-0.09045045,-0.8781023,-0.5505716,-0.3801989,-0.7611449,0.7638521,0.31727517,1.2932137,0.43645713,0.6094579,-0.051369682,-0.29411775,-0.14217661,-0.2468733,0.87880474,1.5198243
OVCAR-8,0.55101717,-1.0211599,-1.5098659,0.25923434,0.49969274,-0.092534855,0.41775507,0.6227279,0.65207785,1.3859141,0.8515359,1.619185,1.5096145,-1.1334975,0.75543743,-0.9519461,0.5596416,-1.3398346,1.0414236,-1.1957154,-0.508492,-0.17849003,-0.845423,-0.98801243,0.8865534,-1.6904197,0.757647,0.028581977,1.5786631
SCC-4,0.22015765,-0.26682287,-0.6941723,-0.07907824,-0.25621653,-0.11886291,0.23507273,-0.23196241,0.39833948,0.75977117,0.4009881,0.5674882,0.71694165,-0.4368356,-0.1464454,0.16793022,-0.16456363,-0.7388631,0.13893664,-0.69827116,0.14807922,-0.008201074,0.24283814,-0.38813215,-0.15037507,-0.6073172,0.15439767,0.32113194,0.78855634
SF8657,0.006739691,0.044151057,-0.6153745,-0.04858665,-0.58440393,-0.04967258,0.27994993,-0.5321434,0.17833507,0.42815447,0.1022158,0.079255804,0.2453313,-0.051414713,-0.5720279,0.7080238,-0.51335657,-0.53468585,-0.14340925,-0.4262933,0.31411722,0.10676126,0.64971083,-0.39790753,-0.6096994,-0.13030541,-0.05571466,0.43487006,0.32415447
SNU-761,-0.13821062,-0.2580526,-0.74577117,0.20779034,-0.55210936,-0.039203033,0.3587249,-0.74326587,-0.09624496,0.8521812,0.59338474,0.43799567,-0.07403782,-0.08622274,-0.7089267,0.07109088,-0.43629587,-0.64801276,0.3035354,-0.07146859,0.79860914,0.26322588,0.6230408,-0.21027426,-0.44152167,-0.14945024,-0.14729872,0.65095484,0.93232834
SU-DHL-8,0.11975292,-0.03790697,-0.4466368,-0.18174472,-0.48560953,-0.12685259,0.17963478,-0.49133217,0.32133842,0.5697579,0.26426202,0.24833359,0.47639212,-0.22542214,-0.4201365,0.507775,-0.38433555,-0.55648845,-0.1349378,-0.5473136,0.3473265,0.043475892,0.57308877,-0.20608865,-0.46504796,-0.27863204,-0.02866819,0.40991104,0.54878557
CMK-11-5,0.28854597,-0.6020564,-1.0452847,0.12487799,0.0113450885,-0.09582289,0.33467725,0.020192742,0.40291432,1.0698669,0.66098803,1.011838,0.89322853,-0.6728851,0.12514728,-0.3645705,0.09815359,-0.9810246,0.573576,-0.7746245,0.023865879,-0.022696692,-0.1468355,-0.586769,0.24559057,-0.9831114,0.34663522,0.2714784,1.1911757
AU565,0.006739691,0.044151057,-0.6153745,-0.04858665,-0.58440393,-0.04967258,0.27994993,-0.5321434,0.17833507,0.42815447,0.1022158,0.079255804,0.2453313,-0.051414713,-0.5720279,0.7080238,-0.51335657,-0.53468585,-0.14340925,-0.4262933,0.31411722,0.10676126,0.64971083,-0.39790753,-0.6096994,-0.13030541,-0.05571466,0.43487006,0.32415447
SNU-1033,0.11975292,-0.03790697,-0.4466368,-0.18174472,-0.48560953,-0.12685259,0.17963478,-0.49133217,0.32133842,0.5697579,0.26426202,0.24833359,0.47639212,-0.22542214,-0.4201365,0.507775,-0.38433555,-0.55648845,-0.1349378,-0.5473136,0.3473265,0.043475892,0.57308877,-0.20608865,-0.46504796,-0.27863204,-0.02866819,0.40991104,0.54878557
U-118MG,0.006739691,0.044151057,-0.6153745,-0.04858665,-0.58440393,-0.04967258,0.27994993,-0.5321434,0.17833507,0.42815447,0.1022158,0.079255804,0.2453313,-0.051414713,-0.5720279,0.7080238,-0.51335657,-0.53468585,-0.14340925,-0.4262933,0.31411722,0.10676126,0.64971083,-0.39790753,-0.6096994,-0.13030541,-0.05571466,0.43487006,0.32415447
KG-1,-0.027959801,-0.01883188,-0.89181983,0.11718884,-0.5346941,0.017295599,0.39245617,-0.418572,0.10614054,0.42096686,0.048368573,0.12282677,0.19431958,-0.030101776,-0.5402459,0.6779816,-0.49354327,-0.6201212,0.0045287907,-0.41368702,0.17463104,0.1287628,0.52505517,-0.6560137,-0.54889625,-0.19605444,0.025868153,0.40488872,0.2779054
NCI-H2110,0.006739691,0.044151057,-0.6153745,-0.04858665,-0.58440393,-0.04967258,0.27994993,-0.5321434,0.17833507,0.42815447,0.1022158,0.079255804,0.2453313,-0.051414713,-0.5720279,0.7080238,-0.51335657,-0.53468585,-0.14340925,-0.4262933,0.31411722,0.10676126,0.64971083,-0.39790753,-0.6096994,-0.13030541,-0.05571466,0.43487006,0.32415447
JM-1,-0.13821062,-0.2580526,-0.74577117,0.20779034,-0.55210936,-0.039203033,0.3587249,-0.74326587,-0.09624496,0.8521812,0.59338474,0.43799567,-0.07403782,-0.08622274,-0.7089267,0.07109088,-0.43629587,-0.64801276,0.3035354,-0.07146859,0.79860914,0.26322588,0.6230408,-0.21027426,-0.44152167,-0.14945024,-0.14729872,0.65095484,0.93232834
KMS-12-BM,-0.13821062,-0.2580526,-0.74577117,0.20779034,-0.55210936,-0.039203033,0.3587249,-0.74326587,-0.09624496,0.8521812,0.59338474,0.43799567,-0.07403782,-0.08622274,-0.7089267,0.07109088,-0.43629587,-0.64801276,0.3035354,-0.07146859,0.79860914,0.26322588,0.6230408,-0.21027426,-0.44152167,-0.14945024,-0.14729872,0.65095484,0.93232834
TE 617.T,-0.11550174,-0.32209408,-0.7018251,0.19102246,-0.5137001,-0.065042704,0.33274513,-0.7535959,-0.07814947,0.95131874,0.7075261,0.5391471,-0.03029409,-0.15129718,-0.6716463,-0.07345724,-0.38206375,-0.6688835,0.3586677,-0.07249096,0.8667973,0.25929683,0.5930623,-0.121118695,-0.371175,-0.20369223,-0.14850403,0.6674223,1.0820693
RD-ES,0.006739691,0.044151057,-0.6153745,-0.04858665,-0.58440393,-0.04967258,0.27994993,-0.5321434,0.17833507,0.42815447,0.1022158,0.079255804,0.2453313,-0.051414713,-0.5720279,0.7080238,-0.51335657,-0.53468585,-0.14340925,-0.4262933,0.31411722,0.10676126,0.64971083,-0.39790753,-0.6096994,-0.13030541,-0.05571466,0.43487006,0.32415447
Hs 675.T,-0.068560325,-0.26538897,-0.6509062,0.116642565,-0.5080951,-0.07737591,0.30219436,-0.7012652,0.0015621185,0.8751842,0.61907965,0.48111975,0.07080728,-0.16608766,-0.6214614,0.042518616,-0.38251704,-0.64645684,0.2601764,-0.16723442,0.76314497,0.21623313,0.5890769,-0.13807313,-0.38990587,-0.2186453,-0.12459265,0.61603993,0.9756608
JHH-5,0.006739691,0.044151057,-0.6153745,-0.04858665,-0.58440393,-0.04967258,0.27994993,-0.5321434,0.17833507,0.42815447,0.1022158,0.079255804,0.2453313,-0.051414713,-0.5720279,0.7080238,-0.51335657,-0.53468585,-0.14340925,-0.4262933,0.31411722,0.10676126,0.64971083,-0.39790753,-0.6096994,-0.13030541,-0.05571466,0.43487006,0.32415447
LN-443,0.006739691,0.044151057,-0.6153745,-0.04858665,-0.58440393,-0.04967258,0.27994993,-0.5321434,0.17833507,0.42815447,0.1022158,0.079255804,0.2453313,-0.051414713,-0.5720279,0.7080238,-0.51335657,-0.53468585,-0.14340925,-0.4262933,0.31411722,0.10676126,0.64971083,-0.39790753,-0.6096994,-0.13030541,-0.05571466,0.43487006,0.32415447
MFE-296,-0.15523753,-0.66932344,-1.527076,0.6864784,-0.24309537,0.097330645,0.6434209,-0.3568746,-0.24231416,1.1311803,0.7558269,0.9099165,-0.0462009,-0.2458195,-0.44263965,-0.47390532,-0.17944764,-1.0055298,0.95708954,-0.08113545,0.49593717,0.30335274,0.08369982,-0.80669814,0.0040701926,-0.5740816,0.14462492,0.5768476,1.2352718
WM793,-0.2608261,-0.49764562,-0.8594631,0.42129275,-0.5310526,-0.026860759,0.42732632,-0.9156046,-0.32492596,1.1870213,0.9813446,0.7187919,-0.34329042,-0.105507806,-0.82701194,-0.4325031,-0.38066038,-0.73831356,0.66358364,0.22082222,1.1876911,0.3926164,0.60540056,-0.068630025,-0.31318665,-0.1573995,-0.22253048,0.8264953,1.4114957
697,-0.21758232,-0.75513667,-1.1278062,0.58427906,-0.33361155,-0.007825136,0.5060065,-0.73699856,-0.33418435,1.428962,1.1881057,1.0573754,-0.22866133,-0.27813286,-0.6336572,-0.8456246,-0.18584882,-0.9213752,1.0013906,0.17926008,1.1120665,0.3887053,0.31718674,-0.21317945,-0.016703933,-0.4335847,-0.083828546,0.79784346,1.7268242
MOG-G-UVW,-0.3767993,-0.8416697,-1.2713034,0.7917974,-0.40358165,0.043763444,0.6029814,-0.9072701,-0.57906634,1.5500169,1.3395169,1.1108941,-0.5708833,-0.16600157,-0.8328762,-1.0285065,-0.24876142,-0.9477105,1.2056729,0.46313977,1.3783418,0.5181267,0.3888199,-0.20617598,-0.051092923,-0.3145145,-0.17181571,0.9407453,1.8912985
YD-8,0.17991106,-0.17506342,-0.5949493,-0.12023144,-0.34816724,-0.12206552,0.21285078,-0.33592913,0.36747408,0.68360555,0.34618235,0.4395571,0.6205189,-0.35209185,-0.25615275,0.3041548,-0.25265777,-0.6657594,0.02915582,-0.63776076,0.2279462,0.012513306,0.375217,-0.31516117,-0.27650967,-0.47556585,0.08101689,0.35671848,0.69244576
A-549,0.08707678,-0.07737967,-0.48208165,-0.12996852,-0.48951122,-0.11826739,0.20090133,-0.5277598,0.26585078,0.6227555,0.32583004,0.2887267,0.40601498,-0.21512641,-0.45507044,0.42704365,-0.38402,-0.5720998,-0.06637752,-0.4813622,0.41947937,0.073452756,0.575863,-0.19428658,-0.4520093,-0.26822314,-0.045313016,0.44567856,0.62285703
Panc 02.03,0.016267449,0.03723303,-0.60114884,-0.059812747,-0.5760749,-0.05617936,0.27149272,-0.52870274,0.1903912,0.44009256,0.11587736,0.093510166,0.26481122,-0.06608468,-0.55922246,0.6911415,-0.50247926,-0.53652394,-0.14269505,-0.4364961,0.31691697,0.10142589,0.6432511,-0.38173592,-0.5975044,-0.14281031,-0.053434465,0.43276584,0.34309232
TE-11,0.3653433,-0.5978362,-1.0521097,0.06937793,0.07548672,-0.1073098,0.3152362,0.14308733,0.5096834,1.0345311,0.5986946,1.028987,1.0647773,-0.74254024,0.24931306,-0.32348675,0.15322748,-1.0025775,0.53496015,-0.9165565,-0.14003316,-0.082926184,-0.23470563,-0.6513678,0.30464327,-1.0825973,0.41911164,0.19275704,1.135266
HCC95,-0.13821062,-0.2580526,-0.74577117,0.20779034,-0.55210936,-0.039203033,0.3587249,-0.74326587,-0.09624496,0.8521812,0.59338474,0.43799567,-0.07403782,-0.08622274,-0.7089267,0.07109088,-0.43629587,-0.64801276,0.3035354,-0.07146859,0.79860914,0.26322588,0.6230408,-0.21027426,-0.44152167,-0.14945024,-0.14729872,0.65095484,0.93232834
HT-1197,-0.47735265,-1.3057644,-1.6506351,1.1729075,-0.21760997,0.083668336,0.7567526,-0.92688775,-0.83852994,2.0889068,1.8979568,1.6782564,-0.7717159,-0.31785783,-0.7988833,-1.8850002,-0.034063935,-1.2012528,1.874105,0.73852074,1.7008586,0.65436,0.12167457,-0.21793786,0.32684225,-0.5514797,-0.12694092,1.0964751,2.631741
NU-DUL-1,0.016267449,0.03723303,-0.60114884,-0.059812747,-0.5760749,-0.05617936,0.27149272,-0.52870274,0.1903912,0.44009256,0.11587736,0.093510166,0.26481122,-0.06608468,-0.55922246,0.6911415,-0.50247926,-0.53652394,-0.14269505,-0.4364961,0.31691697,0.10142589,0.6432511,-0.38173592,-0.5975044,-0.14281031,-0.053434465,0.43276584,0.34309232
Lu-99A,-0.3827133,-0.35653993,-1.1465786,0.59496975,-0.64049566,0.091937706,0.5777131,-0.8770991,-0.4706959,0.9194721,0.65627575,0.4508837,-0.5798942,0.12463838,-0.97284186,-0.061754048,-0.5484442,-0.72034854,0.61523235,0.2993889,0.98976207,0.44584525,0.65734684,-0.4447717,-0.50378066,0.004106015,-0.20485322,0.7997017,0.98732066
SNU-245,0.006739691,0.044151057,-0.6153745,-0.04858665,-0.58440393,-0.04967258,0.27994993,-0.5321434,0.17833507,0.42815447,0.1022158,0.079255804,0.2453313,-0.051414713,-0.5720279,0.7080238,-0.51335657,-0.53468585,-0.14340925,-0.4262933,0.31411722,0.10676126,0.64971083,-0.39790753,-0.6096994,-0.13030541,-0.05571466,0.43487006,0.32415447
OC 315,0.006739691,0.044151057,-0.6153745,-0.04858665,-0.58440393,-0.04967258,0.27994993,-0.5321434,0.17833507,0.42815447,0.1022158,0.079255804,0.2453313,-0.051414713,-0.5720279,0.7080238,-0.51335657,-0.53468585,-0.14340925,-0.4262933,0.31411722,0.10676126,0.64971083,-0.39790753,-0.6096994,-0.13030541,-0.05571466,0.43487006,0.32415447
HN,0.006739691,0.044151057,-0.6153745,-0.04858665,-0.58440393,-0.04967258,0.27994993,-0.5321434,0.17833507,0.42815447,0.1022158,0.079255804,0.2453313,-0.051414713,-0.5720279,0.7080238,-0.51335657,-0.53468585,-0.14340925,-0.4262933,0.31411722,0.10676126,0.64971083,-0.39790753,-0.6096994,-0.13030541,-0.05571466,0.43487006,0.32415447
TCC-PAN2,0.016267449,0.03723303,-0.60114884,-0.059812747,-0.5760749,-0.05617936,0.27149272,-0.52870274,0.1903912,0.44009256,0.11587736,0.093510166,0.26481122,-0.06608468,-0.55922246,0.6911415,-0.50247926,-0.53652394,-0.14269505,-0.4364961,0.31691697,0.10142589,0.6432511,-0.38173592,-0.5975044,-0.14281031,-0.053434465,0.43276584,0.34309232
NCI-H1944,0.07389566,-0.020256238,-0.511802,-0.12442674,-0.51959145,-0.098934494,0.21842386,-0.5139891,0.25981143,0.5355561,0.2253502,0.2018297,0.38175118,-0.16472197,-0.47954538,0.5547095,-0.42737478,-0.5530671,-0.120795615,-0.49054262,0.354091,0.072046414,0.5993818,-0.26727054,-0.5101609,-0.22648607,-0.04182752,0.42710692,0.49205405
MEC-1,0.006739691,0.044151057,-0.6153745,-0.04858665,-0.58440393,-0.04967258,0.27994993,-0.5321434,0.17833507,0.42815447,0.1022158,0.079255804,0.2453313,-0.051414713,-0.5720279,0.7080238,-0.51335657,-0.53468585,-0.14340925,-0.4262933,0.31411722,0.10676126,0.64971083,-0.39790753,-0.6096994,-0.13030541,-0.05571466,0.43487006,0.32415447
Toledo,0.016267449,0.03723303,-0.60114884,-0.059812747,-0.5760749,-0.05617936,0.27149272,-0.52870274,0.1903912,0.44009256,0.11587736,0.093510166,0.26481122,-0.06608468,-0.55922246,0.6911415,-0.50247926,-0.53652394,-0.14269505,-0.4364961,0.31691697,0.10142589,0.6432511,-0.38173592,-0.5975044,-0.14281031,-0.053434465,0.43276584,0.34309232
SNU-1214,0.11975292,-0.03790697,-0.4466368,-0.18174472,-0.48560953,-0.12685259,0.17963478,-0.49133217,0.32133842,0.5697579,0.26426202,0.24833359,0.47639212,-0.22542214,-0.4201365,0.507775,-0.38433555,-0.55648845,-0.1349378,-0.5473136,0.3473265,0.043475892,0.57308877,-0.20608865,-0.46504796,-0.27863204,-0.02866819,0.40991104,0.54878557
LN-235,0.006739691,0.044151057,-0.6153745,-0.04858665,-0.58440393,-0.04967258,0.27994993,-0.5321434,0.17833507,0.42815447,0.1022158,0.079255804,0.2453313,-0.051414713,-0.5720279,0.7080238,-0.51335657,-0.53468585,-0.14340925,-0.4262933,0.31411722,0.10676126,0.64971083,-0.39790753,-0.6096994,-0.13030541,-0.05571466,0.43487006,0.32415447
NCI-H508,0.11975292,-0.03790697,-0.4466368,-0.18174472,-0.48560953,-0.12685259,0.17963478,-0.49133217,0.32133842,0.5697579,0.26426202,0.24833359,0.47639212,-0.22542214,-0.4201365,0.507775,-0.38433555,-0.55648845,-0.1349378,-0.5473136,0.3473265,0.043475892,0.57308877,-0.20608865,-0.46504796,-0.27863204,-0.02866819,0.40991104,0.54878557
RERF-GC-1B,0.10185963,-0.02491479,-0.4733529,-0.1606619,-0.5012516,-0.11463274,0.1955176,-0.4977938,0.29869682,0.54733795,0.23860538,0.22156364,0.43980846,-0.19787169,-0.44418535,0.5394802,-0.40476334,-0.55303645,-0.13627908,-0.5281525,0.3420685,0.053495813,0.5852203,-0.23645917,-0.4879505,-0.2551476,-0.032950435,0.41386276,0.5132199
PC-3,0.006739691,0.044151057,-0.6153745,-0.04858665,-0.58440393,-0.04967258,0.27994993,-0.5321434,0.17833507,0.42815447,0.1022158,0.079255804,0.2453313,-0.051414713,-0.5720279,0.7080238,-0.51335657,-0.53468585,-0.14340925,-0.4262933,0.31411722,0.10676126,0.64971083,-0.39790753,-0.6096994,-0.13030541,-0.05571466,0.43487006,0.32415447
CL-34,0.11975292,-0.03790697,-0.4466368,-0.18174472,-0.48560953,-0.12685259,0.17963478,-0.49133217,0.32133842,0.5697579,0.26426202,0.24833359,0.47639212,-0.22542214,-0.4201365,0.507775,-0.38433555,-0.55648845,-0.1349378,-0.5473136,0.3473265,0.043475892,0.57308877,-0.20608865,-0.46504796,-0.27863204,-0.02866819,0.40991104,0.54878557
SNU-8,0.016267449,0.03723303,-0.60114884,-0.059812747,-0.5760749,-0.05617936,0.27149272,-0.52870274,0.1903912,0.44009256,0.11587736,0.093510166,0.26481122,-0.06608468,-0.55922246,0.6911415,-0.50247926,-0.53652394,-0.14269505,-0.4364961,0.31691697,0.10142589,0.6432511,-0.38173592,-0.5975044,-0.14281031,-0.053434465,0.43276584,0.34309232
MOLT-16,-0.40213242,-0.15796144,-1.1205003,0.5379857,-0.74710196,0.12114908,0.5817843,-0.87424505,-0.45068473,0.6575605,0.37199888,0.17246279,-0.61880815,0.26217842,-1.0506295,0.33793527,-0.6831099,-0.62883997,0.38660625,0.25599653,0.8394733,0.42793357,0.77390677,-0.5608037,-0.69986284,0.14989716,-0.22324306,0.75059694,0.6091082
OV56,-0.2527145,-0.48784682,-0.85066414,0.40843973,-0.5300841,-0.028991967,0.42204708,-0.90656173,-0.31115162,1.1738648,0.9660608,0.7087646,-0.32581982,-0.10806364,-0.8183399,-0.41246217,-0.3807387,-0.7344382,0.6465641,0.20445031,1.1697798,0.38517487,0.6047119,-0.0715598,-0.31642336,-0.15998343,-0.21839854,0.8176162,1.3931081
SNU-423,0.006739691,0.044151057,-0.6153745,-0.04858665,-0.58440393,-0.04967258,0.27994993,-0.5321434,0.17833507,0.42815447,0.1022158,0.079255804,0.2453313,-0.051414713,-0.5720279,0.7080238,-0.51335657,-0.53468585,-0.14340925,-0.4262933,0.31411722,0.10676126,0.64971083,-0.39790753,-0.6096994,-0.13030541,-0.05571466,0.43487006,0.32415447
M-07e,-0.21758232,-0.75513667,-1.1278062,0.58427906,-0.33361155,-0.007825136,0.5060065,-0.73699856,-0.33418435,1.428962,1.1881057,1.0573754,-0.22866133,-0.27813286,-0.6336572,-0.8456246,-0.18584882,-0.9213752,1.0013906,0.17926008,1.1120665,0.3887053,0.31718674,-0.21317945,-0.016703933,-0.4335847,-0.083828546,0.79784346,1.7268242
MSTO-211H,-0.13821062,-0.2580526,-0.74577117,0.20779034,-0.55210936,-0.039203033,0.3587249,-0.74326587,-0.09624496,0.8521812,0.59338474,0.43799567,-0.07403782,-0.08622274,-0.7089267,0.07109088,-0.43629587,-0.64801276,0.3035354,-0.07146859,0.79860914,0.26322588,0.6230408,-0.21027426,-0.44152167,-0.14945024,-0.14729872,0.65095484,0.93232834
T.T,0.11975292,-0.03790697,-0.4466368,-0.18174472,-0.48560953,-0.12685259,0.17963478,-0.49133217,0.32133842,0.5697579,0.26426202,0.24833359,0.47639212,-0.22542214,-0.4201365,0.507775,-0.38433555,-0.55648845,-0.1349378,-0.5473136,0.3473265,0.043475892,0.57308877,-0.20608865,-0.46504796,-0.27863204,-0.02866819,0.40991104,0.54878557
WM1799,0.06747338,-0.51869595,-0.92842674,0.21325517,-0.23258731,-0.07212949,0.3577006,-0.37378734,0.12106249,1.0753528,0.7514265,0.8415816,0.3927726,-0.42334282,-0.27764958,-0.32249963,-0.1205861,-0.85616136,0.5525919,-0.38014993,0.48954895,0.13965577,0.19385394,-0.36105448,-0.021146357,-0.61580896,0.10202313,0.4923286,1.2246575
OCI-Ly10,-0.2389524,-0.28026235,-0.87605363,0.34652033,-0.6029629,0.008879423,0.4364717,-0.8168051,-0.24505603,0.8676959,0.6125263,0.42198694,-0.28539458,0.008511841,-0.8307706,0.0404225,-0.4945439,-0.66164446,0.40312716,0.083125174,0.89236224,0.3372611,0.66210145,-0.27977338,-0.4876866,-0.06623356,-0.18472363,0.716283,0.94185024
Sq-1,0.45543244,-0.8032333,-1.2742136,0.16149646,0.28131193,-0.10014098,0.36497846,0.37580943,0.5787733,1.2050226,0.7213735,1.3153517,1.2806127,-0.9322331,0.49488515,-0.6284159,0.35042003,-1.166215,0.78069675,-1.0520047,-0.31880978,-0.12929386,-0.53102636,-0.8147081,0.58698666,-1.3775133,0.5833694,0.11309913,1.3504027
5637,0.2775397,-0.39765003,-0.8356407,-0.020403579,-0.1251167,-0.11429675,0.2667559,-0.0837307,0.44234616,0.86836517,0.4791281,0.74988735,0.85441744,-0.5576599,0.009971082,-0.026293576,-0.038962334,-0.8430915,0.2954579,-0.7845445,0.03420791,-0.037734848,0.054097474,-0.49217135,0.029462844,-0.7951632,0.25902116,0.27039406,0.9255872
HCC-56,0.016267449,0.03723303,-0.60114884,-0.059812747,-0.5760749,-0.05617936,0.27149272,-0.52870274,0.1903912,0.44009256,0.11587736,0.093510166,0.26481122,-0.06608468,-0.55922246,0.6911415,-0.50247926,-0.53652394,-0.14269505,-0.4364961,0.31691697,0.10142589,0.6432511,-0.38173592,-0.5975044,-0.14281031,-0.053434465,0.43276584,0.34309232
QGP-1,0.11975292,-0.03790697,-0.4466368,-0.18174472,-0.48560953,-0.12685259,0.17963478,-0.49133217,0.32133842,0.5697579,0.26426202,0.24833359,0.47639212,-0.22542214,-0.4201365,0.507775,-0.38433555,-0.55648845,-0.1349378,-0.5473136,0.3473265,0.043475892,0.57308877,-0.20608865,-0.46504796,-0.27863204,-0.02866819,0.40991104,0.54878557
SU-DHL-4,0.006739691,0.044151057,-0.6153745,-0.04858665,-0.58440393,-0.04967258,0.27994993,-0.5321434,0.17833507,0.42815447,0.1022158,0.079255804,0.2453313,-0.051414713,-0.5720279,0.7080238,-0.51335657,-0.53468585,-0.14340925,-0.4262933,0.31411722,0.10676126,0.64971083,-0.39790753,-0.6096994,-0.13030541,-0.05571466,0.43487006,0.32415447
C2BBe1,0.30096656,-0.55240256,-0.9965443,0.07929823,-0.008682132,-0.10248681,0.31464303,0.019451618,0.43325657,1.0148093,0.6053395,0.9526261,0.91757536,-0.6590111,0.121967256,-0.27571476,0.076193154,-0.9523,0.4995741,-0.80480796,-0.005782336,-0.038091812,-0.11605793,-0.57683146,0.20553619,-0.9577118,0.33990964,0.25579268,1.1167778
NCI-H2141,0.006739691,0.044151057,-0.6153745,-0.04858665,-0.58440393,-0.04967258,0.27994993,-0.5321434,0.17833507,0.42815447,0.1022158,0.079255804,0.2453313,-0.051414713,-0.5720279,0.7080238,-0.51335657,-0.53468585,-0.14340925,-0.4262933,0.31411722,0.10676126,0.64971083,-0.39790753,-0.6096994,-0.13030541,-0.05571466,0.43487006,0.32415447
NCI-H1395,0.06881668,-0.09943784,-0.501889,-0.10103491,-0.4916916,-0.1134698,0.21278553,-0.54811627,0.23484316,0.65237164,0.3602355,0.31129918,0.3666868,-0.20937295,-0.47459224,0.3819293,-0.38384366,-0.5808237,-0.02806463,-0.44450718,0.4597999,0.09020444,0.5774133,-0.18769135,-0.444723,-0.26240644,-0.054614488,0.46566617,0.66424966
SLR26,0.006739691,0.044151057,-0.6153745,-0.04858665,-0.58440393,-0.04967258,0.27994993,-0.5321434,0.17833507,0.42815447,0.1022158,0.079255804,0.2453313,-0.051414713,-0.5720279,0.7080238,-0.51335657,-0.53468585,-0.14340925,-0.4262933,0.31411722,0.10676126,0.64971083,-0.39790753,-0.6096994,-0.13030541,-0.05571466,0.43487006,0.32415447
TE-1,0.006739691,0.044151057,-0.6153745,-0.04858665,-0.58440393,-0.04967258,0.27994993,-0.5321434,0.17833507,0.42815447,0.1022158,0.079255804,0.2453313,-0.051414713,-0.5720279,0.7080238,-0.51335657,-0.53468585,-0.14340925,-0.4262933,0.31411722,0.10676126,0.64971083,-0.39790753,-0.6096994,-0.13030541,-0.05571466,0.43487006,0.32415447
HSC-3,0.006739691,0.044151057,-0.6153745,-0.04858665,-0.58440393,-0.04967258,0.27994993,-0.5321434,0.17833507,0.42815447,0.1022158,0.079255804,0.2453313,-0.051414713,-0.5720279,0.7080238,-0.51335657,-0.53468585,-0.14340925,-0.4262933,0.31411722,0.10676126,0.64971083,-0.39790753,-0.6096994,-0.13030541,-0.05571466,0.43487006,0.32415447
Hs 746.T,0.11975292,-0.03790697,-0.4466368,-0.18174472,-0.48560953,-0.12685259,0.17963478,-0.49133217,0.32133842,0.5697579,0.26426202,0.24833359,0.47639212,-0.22542214,-0.4201365,0.507775,-0.38433555,-0.55648845,-0.1349378,-0.5473136,0.3473265,0.043475892,0.57308877,-0.20608865,-0.46504796,-0.27863204,-0.02866819,0.40991104,0.54878557
MUTZ-3,0.07389566,-0.020256238,-0.511802,-0.12442674,-0.51959145,-0.098934494,0.21842386,-0.5139891,0.25981143,0.5355561,0.2253502,0.2018297,0.38175118,-0.16472197,-0.47954538,0.5547095,-0.42737478,-0.5530671,-0.120795615,-0.49054262,0.354091,0.072046414,0.5993818,-0.26727054,-0.5101609,-0.22648607,-0.04182752,0.42710692,0.49205405
LS123,0.11975292,-0.03790697,-0.4466368,-0.18174472,-0.48560953,-0.12685259,0.17963478,-0.49133217,0.32133842,0.5697579,0.26426202,0.24833359,0.47639212,-0.22542214,-0.4201365,0.507775,-0.38433555,-0.55648845,-0.1349378,-0.5473136,0.3473265,0.043475892,0.57308877,-0.20608865,-0.46504796,-0.27863204,-0.02866819,0.40991104,0.54878557
DM-3,-0.068560325,-0.26538897,-0.6509062,0.116642565,-0.5080951,-0.07737591,0.30219436,-0.7012652,0.0015621185,0.8751842,0.61907965,0.48111975,0.07080728,-0.16608766,-0.6214614,0.042518616,-0.38251704,-0.64645684,0.2601764,-0.16723442,0.76314497,0.21623313,0.5890769,-0.13807313,-0.38990587,-0.2186453,-0.12459265,0.61603993,0.9756608
NCI-H1792,0.016267449,0.03723303,-0.60114884,-0.059812747,-0.5760749,-0.05617936,0.27149272,-0.52870274,0.1903912,0.44009256,0.11587736,0.093510166,0.26481122,-0.06608468,-0.55922246,0.6911415,-0.50247926,-0.53652394,-0.14269505,-0.4364961,0.31691697,0.10142589,0.6432511,-0.38173592,-0.5975044,-0.14281031,-0.053434465,0.43276584,0.34309232
SF767,0.006739691,0.044151057,-0.6153745,-0.04858665,-0.58440393,-0.04967258,0.27994993,-0.5321434,0.17833507,0.42815447,0.1022158,0.079255804,0.2453313,-0.051414713,-0.5720279,0.7080238,-0.51335657,-0.53468585,-0.14340925,-0.4262933,0.31411722,0.10676126,0.64971083,-0.39790753,-0.6096994,-0.13030541,-0.05571466,0.43487006,0.32415447
U2OS,0.09759042,-1.1444939,-1.569742,0.6604798,0.18208438,-0.015055016,0.56648254,-0.061432064,-0.004583031,1.6937065,1.3109179,1.6425052,0.5035854,-0.7727619,0.06908667,-1.3597317,0.29650894,-1.2773151,1.4055886,-0.3431937,0.46551234,0.18847993,-0.41703415,-0.6475764,0.63758564,-1.1864161,0.3668051,0.49930543,2.0401103
HDLM-2,-0.068560325,-0.26538897,-0.6509062,0.116642565,-0.5080951,-0.07737591,0.30219436,-0.7012652,0.0015621185,0.8751842,0.61907965,0.48111975,0.07080728,-0.16608766,-0.6214614,0.042518616,-0.38251704,-0.64645684,0.2601764,-0.16723442,0.76314497,0.21623313,0.5890769,-0.13807313,-0.38990587,-0.2186453,-0.12459265,0.61603993,0.9756608
T1-73,-0.13821062,-0.2580526,-0.74577117,0.20779034,-0.55210936,-0.039203033,0.3587249,-0.74326587,-0.09624496,0.8521812,0.59338474,0.43799567,-0.07403782,-0.08622274,-0.7089267,0.07109088,-0.43629587,-0.64801276,0.3035354,-0.07146859,0.79860914,0.26322588,0.6230408,-0.21027426,-0.44152167,-0.14945024,-0.14729872,0.65095484,0.93232834
COLO 680N,0.006739691,0.044151057,-0.6153745,-0.04858665,-0.58440393,-0.04967258,0.27994993,-0.5321434,0.17833507,0.42815447,0.1022158,0.079255804,0.2453313,-0.051414713,-0.5720279,0.7080238,-0.51335657,-0.53468585,-0.14340925,-0.4262933,0.31411722,0.10676126,0.64971083,-0.39790753,-0.6096994,-0.13030541,-0.05571466,0.43487006,0.32415447
KNS-81-FD,0.006739691,0.044151057,-0.6153745,-0.04858665,-0.58440393,-0.04967258,0.27994993,-0.5321434,0.17833507,0.42815447,0.1022158,0.079255804,0.2453313,-0.051414713,-0.5720279,0.7080238,-0.51335657,-0.53468585,-0.14340925,-0.4262933,0.31411722,0.10676126,0.64971083,-0.39790753,-0.6096994,-0.13030541,-0.05571466,0.43487006,0.32415447
NCI-H2291,0.016267449,0.03723303,-0.60114884,-0.059812747,-0.5760749,-0.05617936,0.27149272,-0.52870274,0.1903912,0.44009256,0.11587736,0.093510166,0.26481122,-0.06608468,-0.55922246,0.6911415,-0.50247926,-0.53652394,-0.14269505,-0.4364961,0.31691697,0.10142589,0.6432511,-0.38173592,-0.5975044,-0.14281031,-0.053434465,0.43276584,0.34309232
U-251MG,0.006739691,0.044151057,-0.6153745,-0.04858665,-0.58440393,-0.04967258,0.27994993,-0.5321434,0.17833507,0.42815447,0.1022158,0.079255804,0.2453313,-0.051414713,-0.5720279,0.7080238,-0.51335657,-0.53468585,-0.14340925,-0.4262933,0.31411722,0.10676126,0.64971083,-0.39790753,-0.6096994,-0.13030541,-0.05571466,0.43487006,0.32415447
VM-CUB-1,0.11975292,-0.03790697,-0.4466368,-0.18174472,-0.48560953,-0.12685259,0.17963478,-0.49133217,0.32133842,0.5697579,0.26426202,0.24833359,0.47639212,-0.22542214,-0.4201365,0.507775,-0.38433555,-0.55648845,-0.1349378,-0.5473136,0.3473265,0.043475892,0.57308877,-0.20608865,-0.46504796,-0.27863204,-0.02866819,0.40991104,0.54878557
HCT 15,0.11975292,-0.03790697,-0.4466368,-0.18174472,-0.48560953,-0.12685259,0.17963478,-0.49133217,0.32133842,0.5697579,0.26426202,0.24833359,0.47639212,-0.22542214,-0.4201365,0.507775,-0.38433555,-0.55648845,-0.1349378,-0.5473136,0.3473265,0.043475892,0.57308877,-0.20608865,-0.46504796,-0.27863204,-0.02866819,0.40991104,0.54878557
LMSU,-0.003526099,-0.027314244,-0.83175147,0.07528618,-0.5217391,-0.0039343536,0.3621887,-0.42298934,0.14002831,0.44777134,0.08383304,0.14935583,0.24218243,-0.064350545,-0.5156407,0.6442978,-0.4718886,-0.6151613,-0.009446368,-0.43727392,0.19538645,0.11481047,0.5240485,-0.59362483,-0.52867013,-0.21643734,0.022277446,0.40344524,0.32408535
Li-7,-0.13821062,-0.2580526,-0.74577117,0.20779034,-0.55210936,-0.039203033,0.3587249,-0.74326587,-0.09624496,0.8521812,0.59338474,0.43799567,-0.07403782,-0.08622274,-0.7089267,0.07109088,-0.43629587,-0.64801276,0.3035354,-0.07146859,0.79860914,0.26322588,0.6230408,-0.21027426,-0.44152167,-0.14945024,-0.14729872,0.65095484,0.93232834
COLO 792,0.10969387,-0.71202654,-1.1313175,0.32898226,-0.0758661,-0.059243128,0.4144917,-0.22385433,0.12752588,1.2530608,0.8992563,1.0986544,0.50065994,-0.56207407,-0.116452605,-0.628364,0.033014446,-0.9966979,0.80206347,-0.4292997,0.41199,0.12913296,-0.03419441,-0.4780118,0.20950162,-0.8362626,0.2155691,0.46085212,1.4550295
CPC-N,0.006739691,0.044151057,-0.6153745,-0.04858665,-0.58440393,-0.04967258,0.27994993,-0.5321434,0.17833507,0.42815447,0.1022158,0.079255804,0.2453313,-0.051414713,-0.5720279,0.7080238,-0.51335657,-0.53468585,-0.14340925,-0.4262933,0.31411722,0.10676126,0.64971083,-0.39790753,-0.6096994,-0.13030541,-0.05571466,0.43487006,0.32415447
Karpas-422,0.006739691,0.044151057,-0.6153745,-0.04858665,-0.58440393,-0.04967258,0.27994993,-0.5321434,0.17833507,0.42815447,0.1022158,0.079255804,0.2453313,-0.051414713,-0.5720279,0.7080238,-0.51335657,-0.53468585,-0.14340925,-0.4262933,0.31411722,0.10676126,0.64971083,-0.39790753,-0.6096994,-0.13030541,-0.05571466,0.43487006,0.32415447
KNS-62,0.27595976,-0.3940479,-0.8317456,-0.022019103,-0.12872633,-0.11442247,0.26588356,-0.08781204,0.4411345,0.86537516,0.47697663,0.7448653,0.8506323,-0.5543332,0.0056643784,-0.020945907,-0.042420596,-0.84022176,0.2911483,-0.7821691,0.037343204,-0.036921676,0.059294164,-0.48930675,0.024511248,-0.78999114,0.2561405,0.27179104,0.9218142
YKG-1,-0.34133753,-1.2084314,-1.892303,1.1478293,-0.09956843,0.13689645,0.81341136,-0.53528416,-0.636736,1.8106949,1.4989536,1.5565071,-0.44124278,-0.36379167,-0.5347043,-1.5269029,0.015994042,-1.2615566,1.7493043,0.3844688,1.083636,0.5191999,-0.11128062,-0.6817179,0.37824607,-0.7386228,0.10245339,0.8493747,2.1867886
SNU-182,0.006739691,0.044151057,-0.6153745,-0.04858665,-0.58440393,-0.04967258,0.27994993,-0.5321434,0.17833507,0.42815447,0.1022158,0.079255804,0.2453313,-0.051414713,-0.5720279,0.7080238,-0.51335657,-0.53468585,-0.14340925,-0.4262933,0.31411722,0.10676126,0.64971083,-0.39790753,-0.6096994,-0.13030541,-0.05571466,0.43487006,0.32415447
U-87MG ATCC,-0.13745642,-1.2983116,-1.6922667,0.9356606,0.07324207,0.033930227,0.67458034,-0.37824458,-0.36897922,1.9438252,1.6326995,1.7683643,-0.011681795,-0.63190615,-0.2440078,-1.7220128,0.21676227,-1.3040266,1.7187269,0.11200297,0.9761797,0.3890871,-0.27754098,-0.5085173,0.59957314,-1.0013032,0.19805995,0.7487403,2.399271
WSU-DLCL2,0.22015765,-0.26682287,-0.6941723,-0.07907824,-0.25621653,-0.11886291,0.23507273,-0.23196241,0.39833948,0.75977117,0.4009881,0.5674882,0.71694165,-0.4368356,-0.1464454,0.16793022,-0.16456363,-0.7388631,0.13893664,-0.69827116,0.14807922,-0.008201074,0.24283814,-0.38813215,-0.15037507,-0.6073172,0.15439767,0.32113194,0.78855634
MHH-NB-11,-0.13821062,-0.2580526,-0.74577117,0.20779034,-0.55210936,-0.039203033,0.3587249,-0.74326587,-0.09624496,0.8521812,0.59338474,0.43799567,-0.07403782,-0.08622274,-0.7089267,0.07109088,-0.43629587,-0.64801276,0.3035354,-0.07146859,0.79860914,0.26322588,0.6230408,-0.21027426,-0.44152167,-0.14945024,-0.14729872,0.65095484,0.93232834
KMS-21-BM,-0.01125551,-1.1878057,-1.5980648,0.7670435,0.11434996,0.004889205,0.60691166,-0.21989599,-0.16587469,1.7814019,1.4339476,1.6654505,0.26303726,-0.69320214,-0.089163125,-1.4806292,0.24198213,-1.2713215,1.5119694,-0.13652134,0.7002027,0.2781541,-0.3267892,-0.5715591,0.59170294,-1.0770407,0.27814546,0.61313015,2.1691723
SH-10-TC,-0.026846148,-0.042466015,-0.6420845,0.014303282,-0.570445,-0.05085203,0.29617068,-0.58752847,0.111000314,0.5510708,0.24449183,0.18582097,0.17039439,-0.06998736,-0.60138935,0.52404106,-0.48562285,-0.56669885,-0.021203808,-0.33594882,0.44784406,0.14608166,0.63844246,-0.33676964,-0.55632585,-0.14326936,-0.07925242,0.4924351,0.50157595
COLO 849,0.06881668,-0.09943784,-0.501889,-0.10103491,-0.4916916,-0.1134698,0.21278553,-0.54811627,0.23484316,0.65237164,0.3602355,0.31129918,0.3666868,-0.20937295,-0.47459224,0.3819293,-0.38384366,-0.5808237,-0.02806463,-0.44450718,0.4597999,0.09020444,0.5774133,-0.18769135,-0.444723,-0.26240644,-0.054614488,0.46566617,0.66424966
ACHN,-0.13821062,-0.2580526,-0.74577117,0.20779034,-0.55210936,-0.039203033,0.3587249,-0.74326587,-0.09624496,0.8521812,0.59338474,0.43799567,-0.07403782,-0.08622274,-0.7089267,0.07109088,-0.43629587,-0.64801276,0.3035354,-0.07146859,0.79860914,0.26322588,0.6230408,-0.21027426,-0.44152167,-0.14945024,-0.14729872,0.65095484,0.93232834
A-704,-0.13821062,-0.2580526,-0.74577117,0.20779034,-0.55210936,-0.039203033,0.3587249,-0.74326587,-0.09624496,0.8521812,0.59338474,0.43799567,-0.07403782,-0.08622274,-0.7089267,0.07109088,-0.43629587,-0.64801276,0.3035354,-0.07146859,0.79860914,0.26322588,0.6230408,-0.21027426,-0.44152167,-0.14945024,-0.14729872,0.65095484,0.93232834
GMS-10,-0.2389524,-0.28026235,-0.87605363,0.34652033,-0.6029629,0.008879423,0.4364717,-0.8168051,-0.24505603,0.8676959,0.6125263,0.42198694,-0.28539458,0.008511841,-0.8307706,0.0404225,-0.4945439,-0.66164446,0.40312716,0.083125174,0.89236224,0.3372611,0.66210145,-0.27977338,-0.4876866,-0.06623356,-0.18472363,0.716283,0.94185024
HCC2157,0.006739691,0.044151057,-0.6153745,-0.04858665,-0.58440393,-0.04967258,0.27994993,-0.5321434,0.17833507,0.42815447,0.1022158,0.079255804,0.2453313,-0.051414713,-0.5720279,0.7080238,-0.51335657,-0.53468585,-0.14340925,-0.4262933,0.31411722,0.10676126,0.64971083,-0.39790753,-0.6096994,-0.13030541,-0.05571466,0.43487006,0.32415447
DoHH2,-0.13821062,-0.2580526,-0.74577117,0.20779034,-0.55210936,-0.039203033,0.3587249,-0.74326587,-0.09624496,0.8521812,0.59338474,0.43799567,-0.07403782,-0.08622274,-0.7089267,0.07109088,-0.43629587,-0.64801276,0.3035354,-0.07146859,0.79860914,0.26322588,0.6230408,-0.21027426,-0.44152167,-0.14945024,-0.14729872,0.65095484,0.93232834
SNU-283,-0.068560325,-0.26538897,-0.6509062,0.116642565,-0.5080951,-0.07737591,0.30219436,-0.7012652,0.0015621185,0.8751842,0.61907965,0.48111975,0.07080728,-0.16608766,-0.6214614,0.042518616,-0.38251704,-0.64645684,0.2601764,-0.16723442,0.76314497,0.21623313,0.5890769,-0.13807313,-0.38990587,-0.2186453,-0.12459265,0.61603993,0.9756608
EW-8,0.006739691,0.044151057,-0.6153745,-0.04858665,-0.58440393,-0.04967258,0.27994993,-0.5321434,0.17833507,0.42815447,0.1022158,0.079255804,0.2453313,-0.051414713,-0.5720279,0.7080238,-0.51335657,-0.53468585,-0.14340925,-0.4262933,0.31411722,0.10676126,0.64971083,-0.39790753,-0.6096994,-0.13030541,-0.05571466,0.43487006,0.32415447
HCC44,0.23571315,-0.30228838,-0.7325225,-0.063172325,-0.22067711,-0.11762508,0.24366161,-0.19177878,0.4102691,0.78920954,0.42217082,0.6169342,0.7542095,-0.46958944,-0.10404298,0.11527875,-0.1305148,-0.767118,0.18136746,-0.7216587,0.117210224,-0.016207285,0.19167307,-0.41633576,-0.101623416,-0.6582397,0.18275969,0.30737758,0.8257036
TM-31,0.22015765,-0.26682287,-0.6941723,-0.07907824,-0.25621653,-0.11886291,0.23507273,-0.23196241,0.39833948,0.75977117,0.4009881,0.5674882,0.71694165,-0.4368356,-0.1464454,0.16793022,-0.16456363,-0.7388631,0.13893664,-0.69827116,0.14807922,-0.008201074,0.24283814,-0.38813215,-0.15037507,-0.6073172,0.15439767,0.32113194,0.78855634
KATO III,0.5112346,-0.93045837,-1.4117868,0.2185556,0.4088021,-0.09570054,0.39578933,0.5199598,0.6215683,1.3106265,0.797362,1.4927288,1.4143034,-1.0497308,0.646995,-0.81729203,0.47256312,-1.2675736,0.93290854,-1.1359026,-0.4295458,-0.15801446,-0.7145703,-0.91588277,0.761873,-1.5601873,0.6851122,0.063758224,1.4836606
NCI-H929,-0.21758232,-0.75513667,-1.1278062,0.58427906,-0.33361155,-0.007825136,0.5060065,-0.73699856,-0.33418435,1.428962,1.1881057,1.0573754,-0.22866133,-0.27813286,-0.6336572,-0.8456246,-0.18584882,-0.9213752,1.0013906,0.17926008,1.1120665,0.3887053,0.31718674,-0.21317945,-0.016703933,-0.4335847,-0.083828546,0.79784346,1.7268242
CML-T1,-0.21454275,-0.6905757,-1.0625346,0.5339513,-0.3710481,-0.014599487,0.48302788,-0.7592446,-0.3127668,1.3626813,1.125714,0.9765476,-0.22633979,-0.24783312,-0.6593303,-0.7358965,-0.22425792,-0.87987375,0.9107672,0.1641376,1.10145,0.37888676,0.37286633,-0.18893108,-0.079594016,-0.38296625,-0.10521698,0.7908435,1.6386733
SK-N-DZ,-0.13821062,-0.2580526,-0.74577117,0.20779034,-0.55210936,-0.039203033,0.3587249,-0.74326587,-0.09624496,0.8521812,0.59338474,0.43799567,-0.07403782,-0.08622274,-0.7089267,0.07109088,-0.43629587,-0.64801276,0.3035354,-0.07146859,0.79860914,0.26322588,0.6230408,-0.21027426,-0.44152167,-0.14945024,-0.14729872,0.65095484,0.93232834
UOK101,0.006739691,0.044151057,-0.6153745,-0.04858665,-0.58440393,-0.04967258,0.27994993,-0.5321434,0.17833507,0.42815447,0.1022158,0.079255804,0.2453313,-0.051414713,-0.5720279,0.7080238,-0.51335657,-0.53468585,-0.14340925,-0.4262933,0.31411722,0.10676126,0.64971083,-0.39790753,-0.6096994,-0.13030541,-0.05571466,0.43487006,0.32415447
KO52,0.27101952,-0.38278446,-0.819566,-0.027070656,-0.14001328,-0.11481559,0.26315582,-0.10057393,0.43734577,0.8560259,0.47024924,0.7291618,0.8387964,-0.5439309,-0.0078021586,-0.00422436,-0.05323413,-0.8312483,0.27767274,-0.77474153,0.047146857,-0.034378987,0.07554364,-0.4803496,0.009028256,-0.7738187,0.24713302,0.2761593,0.91001666
NCI-H1975,0.11975292,-0.03790697,-0.4466368,-0.18174472,-0.48560953,-0.12685259,0.17963478,-0.49133217,0.32133842,0.5697579,0.26426202,0.24833359,0.47639212,-0.22542214,-0.4201365,0.507775,-0.38433555,-0.55648845,-0.1349378,-0.5473136,0.3473265,0.043475892,0.57308877,-0.20608865,-0.46504796,-0.27863204,-0.02866819,0.40991104,0.54878557
NCI-H322,0.006739691,0.044151057,-0.6153745,-0.04858665,-0.58440393,-0.04967258,0.27994993,-0.5321434,0.17833507,0.42815447,0.1022158,0.079255804,0.2453313,-0.051414713,-0.5720279,0.7080238,-0.51335657,-0.53468585,-0.14340925,-0.4262933,0.31411722,0.10676126,0.64971083,-0.39790753,-0.6096994,-0.13030541,-0.05571466,0.43487006,0.32415447
Hs 229.T,-0.13821062,-0.2580526,-0.74577117,0.20779034,-0.55210936,-0.039203033,0.3587249,-0.74326587,-0.09624496,0.8521812,0.59338474,0.43799567,-0.07403782,-0.08622274,-0.7089267,0.07109088,-0.43629587,-0.64801276,0.3035354,-0.07146859,0.79860914,0.26322588,0.6230408,-0.21027426,-0.44152167,-0.14945024,-0.14729872,0.65095484,0.93232834
MUTZ-5,-0.13821062,-0.2580526,-0.74577117,0.20779034,-0.55210936,-0.039203033,0.3587249,-0.74326587,-0.09624496,0.8521812,0.59338474,0.43799567,-0.07403782,-0.08622274,-0.7089267,0.07109088,-0.43629587,-0.64801276,0.3035354,-0.07146859,0.79860914,0.26322588,0.6230408,-0.21027426,-0.44152167,-0.14945024,-0.14729872,0.65095484,0.93232834
SK-CO-1,0.11975292,-0.03790697,-0.4466368,-0.18174472,-0.48560953,-0.12685259,0.17963478,-0.49133217,0.32133842,0.5697579,0.26426202,0.24833359,0.47639212,-0.22542214,-0.4201365,0.507775,-0.38433555,-0.55648845,-0.1349378,-0.5473136,0.3473265,0.043475892,0.57308877,-0.20608865,-0.46504796,-0.27863204,-0.02866819,0.40991104,0.54878557
P3HR-1,-0.16480532,-0.3816527,-0.75530624,0.26914528,-0.5195872,-0.05208888,0.3648333,-0.8085599,-0.1618723,1.0312846,0.8004234,0.6000944,-0.13648304,-0.13576241,-0.72435653,-0.19526923,-0.38158762,-0.6924388,0.46211526,0.027020156,0.97566557,0.3045276,0.59724826,-0.103311084,-0.35150152,-0.18798669,-0.17361867,0.7213903,1.1938324
SW1116,0.11975292,-0.03790697,-0.4466368,-0.18174472,-0.48560953,-0.12685259,0.17963478,-0.49133217,0.32133842,0.5697579,0.26426202,0.24833359,0.47639212,-0.22542214,-0.4201365,0.507775,-0.38433555,-0.55648845,-0.1349378,-0.5473136,0.3473265,0.043475892,0.57308877,-0.20608865,-0.46504796,-0.27863204,-0.02866819,0.40991104,0.54878557
NCI-H1915,0.006739691,0.044151057,-0.6153745,-0.04858665,-0.58440393,-0.04967258,0.27994993,-0.5321434,0.17833507,0.42815447,0.1022158,0.079255804,0.2453313,-0.051414713,-0.5720279,0.7080238,-0.51335657,-0.53468585,-0.14340925,-0.4262933,0.31411722,0.10676126,0.64971083,-0.39790753,-0.6096994,-0.13030541,-0.05571466,0.43487006,0.32415447
MDA-MB-157,0.006739691,0.044151057,-0.6153745,-0.04858665,-0.58440393,-0.04967258,0.27994993,-0.5321434,0.17833507,0.42815447,0.1022158,0.079255804,0.2453313,-0.051414713,-0.5720279,0.7080238,-0.51335657,-0.53468585,-0.14340925,-0.4262933,0.31411722,0.10676126,0.64971083,-0.39790753,-0.6096994,-0.13030541,-0.05571466,0.43487006,0.32415447
SW1783,0.05349914,-0.75587386,-1.1678095,0.40005872,-0.097497255,-0.04683765,0.44277498,-0.29661983,0.03851819,1.3199854,0.98276955,1.137697,0.37796122,-0.5320293,-0.18794723,-0.7268513,0.018406838,-1.0077361,0.8867141,-0.3194278,0.5345333,0.1779105,-0.0073422194,-0.44770986,0.207578,-0.79799825,0.17789,0.52091336,1.5503362
HCC1599,0.006739691,0.044151057,-0.6153745,-0.04858665,-0.58440393,-0.04967258,0.27994993,-0.5321434,0.17833507,0.42815447,0.1022158,0.079255804,0.2453313,-0.051414713,-0.5720279,0.7080238,-0.51335657,-0.53468585,-0.14340925,-0.4262933,0.31411722,0.10676126,0.64971083,-0.39790753,-0.6096994,-0.13030541,-0.05571466,0.43487006,0.32415447
HTK-,0.17991106,-0.17506342,-0.5949493,-0.12023144,-0.34816724,-0.12206552,0.21285078,-0.33592913,0.36747408,0.68360555,0.34618235,0.4395571,0.6205189,-0.35209185,-0.25615275,0.3041548,-0.25265777,-0.6657594,0.02915582,-0.63776076,0.2279462,0.012513306,0.375217,-0.31516117,-0.27650967,-0.47556585,0.08101689,0.35671848,0.69244576
COLO 783,0.15010667,-0.10711144,-0.52147025,-0.15070722,-0.41626084,-0.1244372,0.19639444,-0.41292107,0.34461692,0.62720156,0.30559623,0.34481847,0.5491136,-0.28933537,-0.33739588,0.4050352,-0.31789544,-0.61162287,-0.05214174,-0.59295017,0.28709126,0.027853224,0.4732494,-0.26112294,-0.36991796,-0.37799814,0.02667517,0.3830719,0.6212716
EFM-19,-0.1020593,-0.09136394,-1.2412903,0.34713385,-0.50036156,0.10859254,0.5437261,-0.31941804,-0.025229812,0.41245878,-0.010725856,0.15869513,0.06287685,0.029885262,-0.5499668,0.64337444,-0.4953623,-0.7168182,0.19709471,-0.34639454,0.050664246,0.17862333,0.40432888,-0.9671932,-0.50277615,-0.23573682,0.1020434,0.39375868,0.221612
KE-39,0.28854597,-0.6020564,-1.0452847,0.12487799,0.0113450885,-0.09582289,0.33467725,0.020192742,0.40291432,1.0698669,0.66098803,1.011838,0.89322853,-0.6728851,0.12514728,-0.3645705,0.09815359,-0.9810246,0.573576,-0.7746245,0.023865879,-0.022696692,-0.1468355,-0.586769,0.24559057,-0.9831114,0.34663522,0.2714784,1.1911757
143B,0.07389566,-0.020256238,-0.511802,-0.12442674,-0.51959145,-0.098934494,0.21842386,-0.5139891,0.25981143,0.5355561,0.2253502,0.2018297,0.38175118,-0.16472197,-0.47954538,0.5547095,-0.42737478,-0.5530671,-0.120795615,-0.49054262,0.354091,0.072046414,0.5993818,-0.26727054,-0.5101609,-0.22648607,-0.04182752,0.42710692,0.49205405
MM1.S,0.07389566,-0.020256238,-0.511802,-0.12442674,-0.51959145,-0.098934494,0.21842386,-0.5139891,0.25981143,0.5355561,0.2253502,0.2018297,0.38175118,-0.16472197,-0.47954538,0.5547095,-0.42737478,-0.5530671,-0.120795615,-0.49054262,0.354091,0.072046414,0.5993818,-0.26727054,-0.5101609,-0.22648607,-0.04182752,0.42710692,0.49205405
OAW28,0.006739691,0.044151057,-0.6153745,-0.04858665,-0.58440393,-0.04967258,0.27994993,-0.5321434,0.17833507,0.42815447,0.1022158,0.079255804,0.2453313,-0.051414713,-0.5720279,0.7080238,-0.51335657,-0.53468585,-0.14340925,-0.4262933,0.31411722,0.10676126,0.64971083,-0.39790753,-0.6096994,-0.13030541,-0.05571466,0.43487006,0.32415447
HCC33,0.006739691,0.044151057,-0.6153745,-0.04858665,-0.58440393,-0.04967258,0.27994993,-0.5321434,0.17833507,0.42815447,0.1022158,0.079255804,0.2453313,-0.051414713,-0.5720279,0.7080238,-0.51335657,-0.53468585,-0.14340925,-0.4262933,0.31411722,0.10676126,0.64971083,-0.39790753,-0.6096994,-0.13030541,-0.05571466,0.43487006,0.32415447
BICR 31,0.006739691,0.044151057,-0.6153745,-0.04858665,-0.58440393,-0.04967258,0.27994993,-0.5321434,0.17833507,0.42815447,0.1022158,0.079255804,0.2453313,-0.051414713,-0.5720279,0.7080238,-0.51335657,-0.53468585,-0.14340925,-0.4262933,0.31411722,0.10676126,0.64971083,-0.39790753,-0.6096994,-0.13030541,-0.05571466,0.43487006,0.32415447
PC-14,0.006739691,0.044151057,-0.6153745,-0.04858665,-0.58440393,-0.04967258,0.27994993,-0.5321434,0.17833507,0.42815447,0.1022158,0.079255804,0.2453313,-0.051414713,-0.5720279,0.7080238,-0.51335657,-0.53468585,-0.14340925,-0.4262933,0.31411722,0.10676126,0.64971083,-0.39790753,-0.6096994,-0.13030541,-0.05571466,0.43487006,0.32415447
CAL-27,0.11975292,-0.03790697,-0.4466368,-0.18174472,-0.48560953,-0.12685259,0.17963478,-0.49133217,0.32133842,0.5697579,0.26426202,0.24833359,0.47639212,-0.22542214,-0.4201365,0.507775,-0.38433555,-0.55648845,-0.1349378,-0.5473136,0.3473265,0.043475892,0.57308877,-0.20608865,-0.46504796,-0.27863204,-0.02866819,0.40991104,0.54878557
SNU-489,-0.2389524,-0.28026235,-0.87605363,0.34652033,-0.6029629,0.008879423,0.4364717,-0.8168051,-0.24505603,0.8676959,0.6125263,0.42198694,-0.28539458,0.008511841,-0.8307706,0.0404225,-0.4945439,-0.66164446,0.40312716,0.083125174,0.89236224,0.3372611,0.66210145,-0.27977338,-0.4876866,-0.06623356,-0.18472363,0.716283,0.94185024
NCI-H2196,0.006739691,0.044151057,-0.6153745,-0.04858665,-0.58440393,-0.04967258,0.27994993,-0.5321434,0.17833507,0.42815447,0.1022158,0.079255804,0.2453313,-0.051414713,-0.5720279,0.7080238,-0.51335657,-0.53468585,-0.14340925,-0.4262933,0.31411722,0.10676126,0.64971083,-0.39790753,-0.6096994,-0.13030541,-0.05571466,0.43487006,0.32415447
MV4-11,-0.13821062,-0.2580526,-0.74577117,0.20779034,-0.55210936,-0.039203033,0.3587249,-0.74326587,-0.09624496,0.8521812,0.59338474,0.43799567,-0.07403782,-0.08622274,-0.7089267,0.07109088,-0.43629587,-0.64801276,0.3035354,-0.07146859,0.79860914,0.26322588,0.6230408,-0.21027426,-0.44152167,-0.14945024,-0.14729872,0.65095484,0.93232834
HPAF-II,0.016267449,0.03723303,-0.60114884,-0.059812747,-0.5760749,-0.05617936,0.27149272,-0.52870274,0.1903912,0.44009256,0.11587736,0.093510166,0.26481122,-0.06608468,-0.55922246,0.6911415,-0.50247926,-0.53652394,-0.14269505,-0.4364961,0.31691697,0.10142589,0.6432511,-0.38173592,-0.5975044,-0.14281031,-0.053434465,0.43276584,0.34309232
Hep-G2/C3A,-0.21758232,-0.75513667,-1.1278062,0.58427906,-0.33361155,-0.007825136,0.5060065,-0.73699856,-0.33418435,1.428962,1.1881057,1.0573754,-0.22866133,-0.27813286,-0.6336572,-0.8456246,-0.18584882,-0.9213752,1.0013906,0.17926008,1.1120665,0.3887053,0.31718674,-0.21317945,-0.016703933,-0.4335847,-0.083828546,0.79784346,1.7268242
253J,-0.55457294,-0.68609583,-1.4797708,0.96834004,-0.58106285,0.15487178,0.74023604,-1.0024091,-0.795887,1.312263,1.0791161,0.8149808,-0.9392605,0.11839387,-1.0925158,-0.6815974,-0.4692711,-0.88839793,1.1493442,0.65795255,1.3544133,0.6163103,0.54862696,-0.4607464,-0.30900675,-0.05060956,-0.23694363,0.9879631,1.5237057
SNU-201,-0.2389524,-0.28026235,-0.87605363,0.34652033,-0.6029629,0.008879423,0.4364717,-0.8168051,-0.24505603,0.8676959,0.6125263,0.42198694,-0.28539458,0.008511841,-0.8307706,0.0404225,-0.4945439,-0.66164446,0.40312716,0.083125174,0.89236224,0.3372611,0.66210145,-0.27977338,-0.4876866,-0.06623356,-0.18472363,0.716283,0.94185024
23132/87,0.5112346,-0.93045837,-1.4117868,0.2185556,0.4088021,-0.09570054,0.39578933,0.5199598,0.6215683,1.3106265,0.797362,1.4927288,1.4143034,-1.0497308,0.646995,-0.81729203,0.47256312,-1.2675736,0.93290854,-1.1359026,-0.4295458,-0.15801446,-0.7145703,-0.91588277,0.761873,-1.5601873,0.6851122,0.063758224,1.4836606
RMUG-S,0.006739691,0.044151057,-0.6153745,-0.04858665,-0.58440393,-0.04967258,0.27994993,-0.5321434,0.17833507,0.42815447,0.1022158,0.079255804,0.2453313,-0.051414713,-0.5720279,0.7080238,-0.51335657,-0.53468585,-0.14340925,-0.4262933,0.31411722,0.10676126,0.64971083,-0.39790753,-0.6096994,-0.13030541,-0.05571466,0.43487006,0.32415447
KMRC-3,-0.13821062,-0.2580526,-0.74577117,0.20779034,-0.55210936,-0.039203033,0.3587249,-0.74326587,-0.09624496,0.8521812,0.59338474,0.43799567,-0.07403782,-0.08622274,-0.7089267,0.07109088,-0.43629587,-0.64801276,0.3035354,-0.07146859,0.79860914,0.26322588,0.6230408,-0.21027426,-0.44152167,-0.14945024,-0.14729872,0.65095484,0.93232834
DLD-1,-0.3827133,-0.35653993,-1.1465786,0.59496975,-0.64049566,0.091937706,0.5777131,-0.8770991,-0.4706959,0.9194721,0.65627575,0.4508837,-0.5798942,0.12463838,-0.97284186,-0.061754048,-0.5484442,-0.72034854,0.61523235,0.2993889,0.98976207,0.44584525,0.65734684,-0.4447717,-0.50378066,0.004106015,-0.20485322,0.7997017,0.98732066
SNU-61,0.11975292,-0.03790697,-0.4466368,-0.18174472,-0.48560953,-0.12685259,0.17963478,-0.49133217,0.32133842,0.5697579,0.26426202,0.24833359,0.47639212,-0.22542214,-0.4201365,0.507775,-0.38433555,-0.55648845,-0.1349378,-0.5473136,0.3473265,0.043475892,0.57308877,-0.20608865,-0.46504796,-0.27863204,-0.02866819,0.40991104,0.54878557
NCI-H1650,0.11975292,-0.03790697,-0.4466368,-0.18174472,-0.48560953,-0.12685259,0.17963478,-0.49133217,0.32133842,0.5697579,0.26426202,0.24833359,0.47639212,-0.22542214,-0.4201365,0.507775,-0.38433555,-0.55648845,-0.1349378,-0.5473136,0.3473265,0.043475892,0.57308877,-0.20608865,-0.46504796,-0.27863204,-0.02866819,0.40991104,0.54878557
NCI-H1651,0.11975292,-0.03790697,-0.4466368,-0.18174472,-0.48560953,-0.12685259,0.17963478,-0.49133217,0.32133842,0.5697579,0.26426202,0.24833359,0.47639212,-0.22542214,-0.4201365,0.507775,-0.38433555,-0.55648845,-0.1349378,-0.5473136,0.3473265,0.043475892,0.57308877,-0.20608865,-0.46504796,-0.27863204,-0.02866819,0.40991104,0.54878557
AML-193,0.17970012,-0.64536816,-1.0736077,0.23144159,-0.056389242,-0.07587868,0.3751064,-0.13827103,0.24162278,1.157562,0.7840178,1.0347834,0.6526805,-0.5933255,-0.033102334,-0.48546785,0.043626845,-0.97503126,0.6799569,-0.5679523,0.2585562,0.066977434,-0.056590736,-0.5107518,0.19970798,-0.8737359,0.25797567,0.3853031,1.3202375
OCUM-1,0.4859218,-1.1842487,-1.6664362,0.4255046,0.54434824,-0.06714354,0.48924872,0.5857146,0.5189916,1.5765867,1.0527823,1.8065509,1.3752737,-1.1563413,0.7259602,-1.2545519,0.6135032,-1.4264832,1.2948548,-1.0518653,-0.3593376,-0.10902123,-0.91748226,-0.99965656,0.9980751,-1.7412349,0.75630164,0.10493004,1.8389328
Caki-2,0.12714148,-0.27033743,-1.0140624,0.13115388,-0.27303147,-0.020472243,0.38347515,-0.16394067,0.25784647,0.6724659,0.2643172,0.50526816,0.54282755,-0.31949502,-0.2082716,0.25899512,-0.2228688,-0.79515535,0.25326696,-0.61844826,0.016565919,0.045957547,0.18649921,-0.7065313,-0.18464863,-0.5749133,0.20456702,0.3113409,0.6219812
HCC1419,0.006739691,0.044151057,-0.6153745,-0.04858665,-0.58440393,-0.04967258,0.27994993,-0.5321434,0.17833507,0.42815447,0.1022158,0.079255804,0.2453313,-0.051414713,-0.5720279,0.7080238,-0.51335657,-0.53468585,-0.14340925,-0.4262933,0.31411722,0.10676126,0.64971083,-0.39790753,-0.6096994,-0.13030541,-0.05571466,0.43487006,0.32415447
IA-LM,0.11975292,-0.03790697,-0.4466368,-0.18174472,-0.48560953,-0.12685259,0.17963478,-0.49133217,0.32133842,0.5697579,0.26426202,0.24833359,0.47639212,-0.22542214,-0.4201365,0.507775,-0.38433555,-0.55648845,-0.1349378,-0.5473136,0.3473265,0.043475892,0.57308877,-0.20608865,-0.46504796,-0.27863204,-0.02866819,0.40991104,0.54878557
HMEL,0.006739691,0.044151057,-0.6153745,-0.04858665,-0.58440393,-0.04967258,0.27994993,-0.5321434,0.17833507,0.42815447,0.1022158,0.079255804,0.2453313,-0.051414713,-0.5720279,0.7080238,-0.51335657,-0.53468585,-0.14340925,-0.4262933,0.31411722,0.10676126,0.64971083,-0.39790753,-0.6096994,-0.13030541,-0.05571466,0.43487006,0.32415447
RMG-I,-0.13821062,-0.2580526,-0.74577117,0.20779034,-0.55210936,-0.039203033,0.3587249,-0.74326587,-0.09624496,0.8521812,0.59338474,0.43799567,-0.07403782,-0.08622274,-0.7089267,0.07109088,-0.43629587,-0.64801276,0.3035354,-0.07146859,0.79860914,0.26322588,0.6230408,-0.21027426,-0.44152167,-0.14945024,-0.14729872,0.65095484,0.93232834
EFE-184,0.006739691,0.044151057,-0.6153745,-0.04858665,-0.58440393,-0.04967258,0.27994993,-0.5321434,0.17833507,0.42815447,0.1022158,0.079255804,0.2453313,-0.051414713,-0.5720279,0.7080238,-0.51335657,-0.53468585,-0.14340925,-0.4262933,0.31411722,0.10676126,0.64971083,-0.39790753,-0.6096994,-0.13030541,-0.05571466,0.43487006,0.32415447
NCI-H2023,0.11975292,-0.03790697,-0.4466368,-0.18174472,-0.48560953,-0.12685259,0.17963478,-0.49133217,0.32133842,0.5697579,0.26426202,0.24833359,0.47639212,-0.22542214,-0.4201365,0.507775,-0.38433555,-0.55648845,-0.1349378,-0.5473136,0.3473265,0.043475892,0.57308877,-0.20608865,-0.46504796,-0.27863204,-0.02866819,0.40991104,0.54878557
Mono-Mac-6,0.006739691,0.044151057,-0.6153745,-0.04858665,-0.58440393,-0.04967258,0.27994993,-0.5321434,0.17833507,0.42815447,0.1022158,0.079255804,0.2453313,-0.051414713,-0.5720279,0.7080238,-0.51335657,-0.53468585,-0.14340925,-0.4262933,0.31411722,0.10676126,0.64971083,-0.39790753,-0.6096994,-0.13030541,-0.05571466,0.43487006,0.32415447
NCI-H226,-0.068560325,-0.26538897,-0.6509062,0.116642565,-0.5080951,-0.07737591,0.30219436,-0.7012652,0.0015621185,0.8751842,0.61907965,0.48111975,0.07080728,-0.16608766,-0.6214614,0.042518616,-0.38251704,-0.64645684,0.2601764,-0.16723442,0.76314497,0.21623313,0.5890769,-0.13807313,-0.38990587,-0.2186453,-0.12459265,0.61603993,0.9756608
SNU-1040,0.64039797,-1.2249421,-1.7302233,0.35062858,0.7038995,-0.0854224,0.4671062,0.8536202,0.72062457,1.5550648,0.97325015,1.9032979,1.7237529,-1.3216987,0.9990787,-1.2544777,0.7552837,-1.5021853,1.285228,-1.3300986,-0.6858629,-0.22449312,-1.1394137,-1.1500684,1.1666768,-1.9830168,0.9206131,-0.05044961,1.7921083
Granta-519,-0.13821062,-0.2580526,-0.74577117,0.20779034,-0.55210936,-0.039203033,0.3587249,-0.74326587,-0.09624496,0.8521812,0.59338474,0.43799567,-0.07403782,-0.08622274,-0.7089267,0.07109088,-0.43629587,-0.64801276,0.3035354,-0.07146859,0.79860914,0.26322588,0.6230408,-0.21027426,-0.44152167,-0.14945024,-0.14729872,0.65095484,0.93232834
TE-10,0.006739691,0.044151057,-0.6153745,-0.04858665,-0.58440393,-0.04967258,0.27994993,-0.5321434,0.17833507,0.42815447,0.1022158,0.079255804,0.2453313,-0.051414713,-0.5720279,0.7080238,-0.51335657,-0.53468585,-0.14340925,-0.4262933,0.31411722,0.10676126,0.64971083,-0.39790753,-0.6096994,-0.13030541,-0.05571466,0.43487006,0.32415447
MOG-G-CCM,0.006739691,0.044151057,-0.6153745,-0.04858665,-0.58440393,-0.04967258,0.27994993,-0.5321434,0.17833507,0.42815447,0.1022158,0.079255804,0.2453313,-0.051414713,-0.5720279,0.7080238,-0.51335657,-0.53468585,-0.14340925,-0.4262933,0.31411722,0.10676126,0.64971083,-0.39790753,-0.6096994,-0.13030541,-0.05571466,0.43487006,0.32415447
SW1417,0.11975292,-0.03790697,-0.4466368,-0.18174472,-0.48560953,-0.12685259,0.17963478,-0.49133217,0.32133842,0.5697579,0.26426202,0.24833359,0.47639212,-0.22542214,-0.4201365,0.507775,-0.38433555,-0.55648845,-0.1349378,-0.5473136,0.3473265,0.043475892,0.57308877,-0.20608865,-0.46504796,-0.27863204,-0.02866819,0.40991104,0.54878557
HSC-4,-0.12479543,-0.5942804,-0.977518,0.40080282,-0.35280824,-0.036989942,0.42879766,-0.65409136,-0.1636017,1.2293308,0.9678915,0.8809451,-0.032203108,-0.28233248,-0.5576251,-0.5345076,-0.21748555,-0.8449675,0.7392297,-0.015213668,0.90405416,0.29795247,0.3541129,-0.22639114,-0.103129506,-0.42182276,-0.0549355,0.6933365,1.4514048
Hs 839.T,-0.027959801,-0.01883188,-0.89181983,0.11718884,-0.5346941,0.017295599,0.39245617,-0.418572,0.10614054,0.42096686,0.048368573,0.12282677,0.19431958,-0.030101776,-0.5402459,0.6779816,-0.49354327,-0.6201212,0.0045287907,-0.41368702,0.17463104,0.1287628,0.52505517,-0.6560137,-0.54889625,-0.19605444,0.025868153,0.40488872,0.2779054
RS-5,-0.13821062,-0.2580526,-0.74577117,0.20779034,-0.55210936,-0.039203033,0.3587249,-0.74326587,-0.09624496,0.8521812,0.59338474,0.43799567,-0.07403782,-0.08622274,-0.7089267,0.07109088,-0.43629587,-0.64801276,0.3035354,-0.07146859,0.79860914,0.26322588,0.6230408,-0.21027426,-0.44152167,-0.14945024,-0.14729872,0.65095484,0.93232834
ML-1 [Human thyroid carcinoma],0.10969387,-0.71202654,-1.1313175,0.32898226,-0.0758661,-0.059243128,0.4144917,-0.22385433,0.12752588,1.2530608,0.8992563,1.0986544,0.50065994,-0.56207407,-0.116452605,-0.628364,0.033014446,-0.9966979,0.80206347,-0.4292997,0.41199,0.12913296,-0.03419441,-0.4780118,0.20950162,-0.8362626,0.2155691,0.46085212,1.4550295
SNU-719,0.1627369,-2.161937,-2.6147566,1.3765633,0.87033796,0.07540552,0.90213764,0.47267383,-0.18660289,2.6924975,2.2082598,2.949412,0.7199556,-1.3559918,0.6594061,-3.0389347,0.98680043,-1.9671669,2.7855132,-0.31288284,0.39195627,0.2552722,-1.4295672,-1.1273943,1.721917,-2.1358438,0.8129022,0.4941156,3.355307
SW403,-0.027541883,0.005092595,-0.65305775,0.0052390248,-0.5894158,-0.040154234,0.30254954,-0.5694436,0.12064785,0.48025748,0.16277099,0.118308574,0.17162934,-0.03912288,-0.6090128,0.6284887,-0.5144265,-0.550248,-0.07412501,-0.3582546,0.38677043,0.13777602,0.65334314,-0.38803062,-0.59806335,-0.11817558,-0.072848625,0.47133163,0.39668787
HK-2 [Human kidney],0.006739691,0.044151057,-0.6153745,-0.04858665,-0.58440393,-0.04967258,0.27994993,-0.5321434,0.17833507,0.42815447,0.1022158,0.079255804,0.2453313,-0.051414713,-0.5720279,0.7080238,-0.51335657,-0.53468585,-0.14340925,-0.4262933,0.31411722,0.10676126,0.64971083,-0.39790753,-0.6096994,-0.13030541,-0.05571466,0.43487006,0.32415447
A2058,0.019513078,-0.15899648,-0.55537015,-0.022912055,-0.49757868,-0.10051597,0.2448737,-0.60308033,0.1511203,0.7323375,0.45313275,0.37224653,0.2604978,-0.19383818,-0.5273025,0.2601173,-0.38336757,-0.60437894,0.07538296,-0.34499604,0.56866825,0.13543521,0.5815993,-0.16988373,-0.42504954,-0.24670088,-0.07972913,0.5196342,0.77601284
KMRC-2,-0.13821062,-0.2580526,-0.74577117,0.20779034,-0.55210936,-0.039203033,0.3587249,-0.74326587,-0.09624496,0.8521812,0.59338474,0.43799567,-0.07403782,-0.08622274,-0.7089267,0.07109088,-0.43629587,-0.64801276,0.3035354,-0.07146859,0.79860914,0.26322588,0.6230408,-0.21027426,-0.44152167,-0.14945024,-0.14729872,0.65095484,0.93232834
NCI-H1092,0.043756783,-0.12971014,-0.5290723,-0.06132684,-0.49468386,-0.10688566,0.22909522,-0.57605326,0.19228874,0.69301647,0.40745306,0.34227732,0.31271333,-0.20147698,-0.50138366,0.320015,-0.38360167,-0.5927963,0.02451542,-0.39392793,0.51513517,0.11319421,0.57954097,-0.17864014,-0.43472344,-0.25442365,-0.06737969,0.4930969,0.72105634
SNU-1066,0.11975292,-0.03790697,-0.4466368,-0.18174472,-0.48560953,-0.12685259,0.17963478,-0.49133217,0.32133842,0.5697579,0.26426202,0.24833359,0.47639212,-0.22542214,-0.4201365,0.507775,-0.38433555,-0.55648845,-0.1349378,-0.5473136,0.3473265,0.043475892,0.57308877,-0.20608865,-0.46504796,-0.27863204,-0.02866819,0.40991104,0.54878557
T98G,-0.11786393,-0.32494763,-0.7043874,0.19476542,-0.5139822,-0.06442207,0.33428252,-0.7562293,-0.08216074,0.95515,0.71197695,0.5420671,-0.035381705,-0.1505529,-0.6741717,-0.07929343,-0.38204095,-0.67001206,0.363624,-0.067723244,0.87201333,0.2614639,0.59326285,-0.120265506,-0.3702324,-0.20293975,-0.1497073,0.67000794,1.087424
SNU-466,-0.3767993,-0.8416697,-1.2713034,0.7917974,-0.40358165,0.043763444,0.6029814,-0.9072701,-0.57906634,1.5500169,1.3395169,1.1108941,-0.5708833,-0.16600157,-0.8328762,-1.0285065,-0.24876142,-0.9477105,1.2056729,0.46313977,1.3783418,0.5181267,0.3888199,-0.20617598,-0.051092923,-0.3145145,-0.17181571,0.9407453,1.8912985
Daudi,0.11975292,-0.03790697,-0.4466368,-0.18174472,-0.48560953,-0.12685259,0.17963478,-0.49133217,0.32133842,0.5697579,0.26426202,0.24833359,0.47639212,-0.22542214,-0.4201365,0.507775,-0.38433555,-0.55648845,-0.1349378,-0.5473136,0.3473265,0.043475892,0.57308877,-0.20608865,-0.46504796,-0.27863204,-0.02866819,0.40991104,0.54878557
EJM,0.006739691,0.044151057,-0.6153745,-0.04858665,-0.58440393,-0.04967258,0.27994993,-0.5321434,0.17833507,0.42815447,0.1022158,0.079255804,0.2453313,-0.051414713,-0.5720279,0.7080238,-0.51335657,-0.53468585,-0.14340925,-0.4262933,0.31411722,0.10676126,0.64971083,-0.39790753,-0.6096994,-0.13030541,-0.05571466,0.43487006,0.32415447
BL-70,0.11975292,-0.03790697,-0.4466368,-0.18174472,-0.48560953,-0.12685259,0.17963478,-0.49133217,0.32133842,0.5697579,0.26426202,0.24833359,0.47639212,-0.22542214,-0.4201365,0.507775,-0.38433555,-0.55648845,-0.1349378,-0.5473136,0.3473265,0.043475892,0.57308877,-0.20608865,-0.46504796,-0.27863204,-0.02866819,0.40991104,0.54878557
HCC1833,0.22015765,-0.26682287,-0.6941723,-0.07907824,-0.25621653,-0.11886291,0.23507273,-0.23196241,0.39833948,0.75977117,0.4009881,0.5674882,0.71694165,-0.4368356,-0.1464454,0.16793022,-0.16456363,-0.7388631,0.13893664,-0.69827116,0.14807922,-0.008201074,0.24283814,-0.38813215,-0.15037507,-0.6073172,0.15439767,0.32113194,0.78855634
Panc 10.05,0.17991106,-0.17506342,-0.5949493,-0.12023144,-0.34816724,-0.12206552,0.21285078,-0.33592913,0.36747408,0.68360555,0.34618235,0.4395571,0.6205189,-0.35209185,-0.25615275,0.3041548,-0.25265777,-0.6657594,0.02915582,-0.63776076,0.2279462,0.012513306,0.375217,-0.31516117,-0.27650967,-0.47556585,0.08101689,0.35671848,0.69244576
OC 316,0.0323074,-0.14354098,-0.54149175,-0.043184996,-0.49605098,-0.1038775,0.23654678,-0.5888171,0.17284645,0.7115863,0.42902586,0.35643065,0.28805393,-0.19786946,-0.51362413,0.2917276,-0.3834911,-0.59826636,0.048538238,-0.37081927,0.54041684,0.1236978,0.58051306,-0.17450482,-0.43015483,-0.25077647,-0.07321186,0.5056295,0.74701023
HEC-251,0.15840921,-0.41364413,-0.83466977,0.07275155,-0.21875027,-0.09555067,0.30017194,-0.27039123,0.2742003,0.9326983,0.5845518,0.73524356,0.5889611,-0.45445853,-0.17815118,-0.10588431,-0.118439674,-0.8158721,0.36843166,-0.5629806,0.2890593,0.056785893,0.18172508,-0.39589638,-0.052571684,-0.6488416,0.15015228,0.3930791,1.0249248
OV7,0.07389566,-0.020256238,-0.511802,-0.12442674,-0.51959145,-0.098934494,0.21842386,-0.5139891,0.25981143,0.5355561,0.2253502,0.2018297,0.38175118,-0.16472197,-0.47954538,0.5547095,-0.42737478,-0.5530671,-0.120795615,-0.49054262,0.354091,0.072046414,0.5993818,-0.26727054,-0.5101609,-0.22648607,-0.04182752,0.42710692,0.49205405
JJN-3,-0.13821062,-0.2580526,-0.74577117,0.20779034,-0.55210936,-0.039203033,0.3587249,-0.74326587,-0.09624496,0.8521812,0.59338474,0.43799567,-0.07403782,-0.08622274,-0.7089267,0.07109088,-0.43629587,-0.64801276,0.3035354,-0.07146859,0.79860914,0.26322588,0.6230408,-0.21027426,-0.44152167,-0.14945024,-0.14729872,0.65095484,0.93232834
KMRC-1,-0.13821062,-0.2580526,-0.74577117,0.20779034,-0.55210936,-0.039203033,0.3587249,-0.74326587,-0.09624496,0.8521812,0.59338474,0.43799567,-0.07403782,-0.08622274,-0.7089267,0.07109088,-0.43629587,-0.64801276,0.3035354,-0.07146859,0.79860914,0.26322588,0.6230408,-0.21027426,-0.44152167,-0.14945024,-0.14729872,0.65095484,0.93232834
MDA-MB-134-VI,-0.13821062,-0.2580526,-0.74577117,0.20779034,-0.55210936,-0.039203033,0.3587249,-0.74326587,-0.09624496,0.8521812,0.59338474,0.43799567,-0.07403782,-0.08622274,-0.7089267,0.07109088,-0.43629587,-0.64801276,0.3035354,-0.07146859,0.79860914,0.26322588,0.6230408,-0.21027426,-0.44152167,-0.14945024,-0.14729872,0.65095484,0.93232834
OCI-AML-5,0.10969387,-0.71202654,-1.1313175,0.32898226,-0.0758661,-0.059243128,0.4144917,-0.22385433,0.12752588,1.2530608,0.8992563,1.0986544,0.50065994,-0.56207407,-0.116452605,-0.628364,0.033014446,-0.9966979,0.80206347,-0.4292997,0.41199,0.12913296,-0.03419441,-0.4780118,0.20950162,-0.8362626,0.2155691,0.46085212,1.4550295
SNU-601,0.06339303,-0.28222227,-1.0194821,0.18460542,-0.32059222,-0.009459086,0.4034749,-0.26074037,0.16689135,0.7092478,0.32219517,0.50133675,0.40127036,-0.26572895,-0.30666685,0.21189097,-0.26322886,-0.78342384,0.29745865,-0.5001065,0.15059888,0.09677689,0.25046703,-0.65947455,-0.2248763,-0.5001252,0.14863564,0.3763786,0.6777793
COR-L24,0.11975292,-0.03790697,-0.4466368,-0.18174472,-0.48560953,-0.12685259,0.17963478,-0.49133217,0.32133842,0.5697579,0.26426202,0.24833359,0.47639212,-0.22542214,-0.4201365,0.507775,-0.38433555,-0.55648845,-0.1349378,-0.5473136,0.3473265,0.043475892,0.57308877,-0.20608865,-0.46504796,-0.27863204,-0.02866819,0.40991104,0.54878557
Mel JuSo,0.001165092,-1.1381518,-1.5493243,0.7214637,0.09432274,-0.0017747283,0.58687747,-0.22063708,-0.13553238,1.7263441,1.378299,1.6062386,0.28738427,-0.6793283,-0.09234309,-1.3917735,0.2200217,-1.242597,1.4379677,-0.16670486,0.6705544,0.26275894,-0.29601175,-0.5616216,0.5516485,-1.0516411,0.27141997,0.59744436,2.0947742
SUP-B15,-0.068560325,-0.26538897,-0.6509062,0.116642565,-0.5080951,-0.07737591,0.30219436,-0.7012652,0.0015621185,0.8751842,0.61907965,0.48111975,0.07080728,-0.16608766,-0.6214614,0.042518616,-0.38251704,-0.64645684,0.2601764,-0.16723442,0.76314497,0.21623313,0.5890769,-0.13807313,-0.38990587,-0.2186453,-0.12459265,0.61603993,0.9756608
SCaBER,0.006739691,0.044151057,-0.6153745,-0.04858665,-0.58440393,-0.04967258,0.27994993,-0.5321434,0.17833507,0.42815447,0.1022158,0.079255804,0.2453313,-0.051414713,-0.5720279,0.7080238,-0.51335657,-0.53468585,-0.14340925,-0.4262933,0.31411722,0.10676126,0.64971083,-0.39790753,-0.6096994,-0.13030541,-0.05571466,0.43487006,0.32415447
UM-RC-2,0.006739691,0.044151057,-0.6153745,-0.04858665,-0.58440393,-0.04967258,0.27994993,-0.5321434,0.17833507,0.42815447,0.1022158,0.079255804,0.2453313,-0.051414713,-0.5720279,0.7080238,-0.51335657,-0.53468585,-0.14340925,-0.4262933,0.31411722,0.10676126,0.64971083,-0.39790753,-0.6096994,-0.13030541,-0.05571466,0.43487006,0.32415447
COR-L95,0.006739691,0.044151057,-0.6153745,-0.04858665,-0.58440393,-0.04967258,0.27994993,-0.5321434,0.17833507,0.42815447,0.1022158,0.079255804,0.2453313,-0.051414713,-0.5720279,0.7080238,-0.51335657,-0.53468585,-0.14340925,-0.4262933,0.31411722,0.10676126,0.64971083,-0.39790753,-0.6096994,-0.13030541,-0.05571466,0.43487006,0.32415447
GR-M,0.006739691,0.044151057,-0.6153745,-0.04858665,-0.58440393,-0.04967258,0.27994993,-0.5321434,0.17833507,0.42815447,0.1022158,0.079255804,0.2453313,-0.051414713,-0.5720279,0.7080238,-0.51335657,-0.53468585,-0.14340925,-0.4262933,0.31411722,0.10676126,0.64971083,-0.39790753,-0.6096994,-0.13030541,-0.05571466,0.43487006,0.32415447
OCI-AML-3,-0.21758232,-0.75513667,-1.1278062,0.58427906,-0.33361155,-0.007825136,0.5060065,-0.73699856,-0.33418435,1.428962,1.1881057,1.0573754,-0.22866133,-0.27813286,-0.6336572,-0.8456246,-0.18584882,-0.9213752,1.0013906,0.17926008,1.1120665,0.3887053,0.31718674,-0.21317945,-0.016703933,-0.4335847,-0.083828546,0.79784346,1.7268242
SIG-M5,0.06881668,-0.09943784,-0.501889,-0.10103491,-0.4916916,-0.1134698,0.21278553,-0.54811627,0.23484316,0.65237164,0.3602355,0.31129918,0.3666868,-0.20937295,-0.47459224,0.3819293,-0.38384366,-0.5808237,-0.02806463,-0.44450718,0.4597999,0.09020444,0.5774133,-0.18769135,-0.444723,-0.26240644,-0.054614488,0.46566617,0.66424966
G-361,0.06881668,-0.09943784,-0.501889,-0.10103491,-0.4916916,-0.1134698,0.21278553,-0.54811627,0.23484316,0.65237164,0.3602355,0.31129918,0.3666868,-0.20937295,-0.47459224,0.3819293,-0.38384366,-0.5808237,-0.02806463,-0.44450718,0.4597999,0.09020444,0.5774133,-0.18769135,-0.444723,-0.26240644,-0.054614488,0.46566617,0.66424966
MOTN-1,0.27595976,-0.3940479,-0.8317456,-0.022019103,-0.12872633,-0.11442247,0.26588356,-0.08781204,0.4411345,0.86537516,0.47697663,0.7448653,0.8506323,-0.5543332,0.0056643784,-0.020945907,-0.042420596,-0.84022176,0.2911483,-0.7821691,0.037343204,-0.036921676,0.059294164,-0.48930675,0.024511248,-0.78999114,0.2561405,0.27179104,0.9218142
NCI-H1563,0.12714148,-0.27033743,-1.0140624,0.13115388,-0.27303147,-0.020472243,0.38347515,-0.16394067,0.25784647,0.6724659,0.2643172,0.50526816,0.54282755,-0.31949502,-0.2082716,0.25899512,-0.2228688,-0.79515535,0.25326696,-0.61844826,0.016565919,0.045957547,0.18649921,-0.7065313,-0.18464863,-0.5749133,0.20456702,0.3113409,0.6219812
HCC1588,0.11975292,-0.03790697,-0.4466368,-0.18174472,-0.48560953,-0.12685259,0.17963478,-0.49133217,0.32133842,0.5697579,0.26426202,0.24833359,0.47639212,-0.22542214,-0.4201365,0.507775,-0.38433555,-0.55648845,-0.1349378,-0.5473136,0.3473265,0.043475892,0.57308877,-0.20608865,-0.46504796,-0.27863204,-0.02866819,0.40991104,0.54878557
NCI-H2342,0.11975292,-0.03790697,-0.4466368,-0.18174472,-0.48560953,-0.12685259,0.17963478,-0.49133217,0.32133842,0.5697579,0.26426202,0.24833359,0.47639212,-0.22542214,-0.4201365,0.507775,-0.38433555,-0.55648845,-0.1349378,-0.5473136,0.3473265,0.043475892,0.57308877,-0.20608865,-0.46504796,-0.27863204,-0.02866819,0.40991104,0.54878557
OCI-AML-2,-0.13821062,-0.2580526,-0.74577117,0.20779034,-0.55210936,-0.039203033,0.3587249,-0.74326587,-0.09624496,0.8521812,0.59338474,0.43799567,-0.07403782,-0.08622274,-0.7089267,0.07109088,-0.43629587,-0.64801276,0.3035354,-0.07146859,0.79860914,0.26322588,0.6230408,-0.21027426,-0.44152167,-0.14945024,-0.14729872,0.65095484,0.93232834
OUMS-27,-0.13821062,-0.2580526,-0.74577117,0.20779034,-0.55210936,-0.039203033,0.3587249,-0.74326587,-0.09624496,0.8521812,0.59338474,0.43799567,-0.07403782,-0.08622274,-0.7089267,0.07109088,-0.43629587,-0.64801276,0.3035354,-0.07146859,0.79860914,0.26322588,0.6230408,-0.21027426,-0.44152167,-0.14945024,-0.14729872,0.65095484,0.93232834
HARA [Human squamous cell lung carcinoma],-0.003526099,-0.027314244,-0.83175147,0.07528618,-0.5217391,-0.0039343536,0.3621887,-0.42298934,0.14002831,0.44777134,0.08383304,0.14935583,0.24218243,-0.064350545,-0.5156407,0.6442978,-0.4718886,-0.6151613,-0.009446368,-0.43727392,0.19538645,0.11481047,0.5240485,-0.59362483,-0.52867013,-0.21643734,0.022277446,0.40344524,0.32408535
A-1207,0.006739691,0.044151057,-0.6153745,-0.04858665,-0.58440393,-0.04967258,0.27994993,-0.5321434,0.17833507,0.42815447,0.1022158,0.079255804,0.2453313,-0.051414713,-0.5720279,0.7080238,-0.51335657,-0.53468585,-0.14340925,-0.4262933,0.31411722,0.10676126,0.64971083,-0.39790753,-0.6096994,-0.13030541,-0.05571466,0.43487006,0.32415447
KCL-22,-0.026099615,-0.3523777,-1.7353204,0.5855013,-0.23151743,0.1790408,0.6986166,0.057167232,0.0019283593,0.5600147,0.03561735,0.485331,0.27321696,-0.15395042,-0.24231726,0.32987598,-0.26753563,-0.9675623,0.5717982,-0.50817317,-0.31189856,0.13740484,-0.034454525,-1.4033467,-0.15012899,-0.61776584,0.36494753,0.26265788,0.3672021
PSN1,0.23571315,-0.30228838,-0.7325225,-0.063172325,-0.22067711,-0.11762508,0.24366161,-0.19177878,0.4102691,0.78920954,0.42217082,0.6169342,0.7542095,-0.46958944,-0.10404298,0.11527875,-0.1305148,-0.767118,0.18136746,-0.7216587,0.117210224,-0.016207285,0.19167307,-0.41633576,-0.101623416,-0.6582397,0.18275969,0.30737758,0.8257036
SCC-25,0.006739691,0.044151057,-0.6153745,-0.04858665,-0.58440393,-0.04967258,0.27994993,-0.5321434,0.17833507,0.42815447,0.1022158,0.079255804,0.2453313,-0.051414713,-0.5720279,0.7080238,-0.51335657,-0.53468585,-0.14340925,-0.4262933,0.31411722,0.10676126,0.64971083,-0.39790753,-0.6096994,-0.13030541,-0.05571466,0.43487006,0.32415447
PaTu 8988s,0.07389566,-0.020256238,-0.511802,-0.12442674,-0.51959145,-0.098934494,0.21842386,-0.5139891,0.25981143,0.5355561,0.2253502,0.2018297,0.38175118,-0.16472197,-0.47954538,0.5547095,-0.42737478,-0.5530671,-0.120795615,-0.49054262,0.354091,0.072046414,0.5993818,-0.26727054,-0.5101609,-0.22648607,-0.04182752,0.42710692,0.49205405
CL-14,0.11975292,-0.03790697,-0.4466368,-0.18174472,-0.48560953,-0.12685259,0.17963478,-0.49133217,0.32133842,0.5697579,0.26426202,0.24833359,0.47639212,-0.22542214,-0.4201365,0.507775,-0.38433555,-0.55648845,-0.1349378,-0.5473136,0.3473265,0.043475892,0.57308877,-0.20608865,-0.46504796,-0.27863204,-0.02866819,0.40991104,0.54878557
HCT 8,-0.3827133,-0.35653993,-1.1465786,0.59496975,-0.64049566,0.091937706,0.5777131,-0.8770991,-0.4706959,0.9194721,0.65627575,0.4508837,-0.5798942,0.12463838,-0.97284186,-0.061754048,-0.5484442,-0.72034854,0.61523235,0.2993889,0.98976207,0.44584525,0.65734684,-0.4447717,-0.50378066,0.004106015,-0.20485322,0.7997017,0.98732066
KPL-1,-0.55457294,-0.68609583,-1.4797708,0.96834004,-0.58106285,0.15487178,0.74023604,-1.0024091,-0.795887,1.312263,1.0791161,0.8149808,-0.9392605,0.11839387,-1.0925158,-0.6815974,-0.4692711,-0.88839793,1.1493442,0.65795255,1.3544133,0.6163103,0.54862696,-0.4607464,-0.30900675,-0.05060956,-0.23694363,0.9879631,1.5237057
KMBC-2,0.041867867,-0.13199195,-0.53112125,-0.058333807,-0.4949094,-0.10638937,0.23032457,-0.57815903,0.18908116,0.6960801,0.41101214,0.34461233,0.30864504,-0.20088181,-0.5034031,0.31534818,-0.38358343,-0.59369874,0.028478697,-0.39011547,0.5193061,0.1149271,0.57970136,-0.17795789,-0.4339697,-0.25382194,-0.06834188,0.4951645,0.7253382
Ku812,0.006739691,0.044151057,-0.6153745,-0.04858665,-0.58440393,-0.04967258,0.27994993,-0.5321434,0.17833507,0.42815447,0.1022158,0.079255804,0.2453313,-0.051414713,-0.5720279,0.7080238,-0.51335657,-0.53468585,-0.14340925,-0.4262933,0.31411722,0.10676126,0.64971083,-0.39790753,-0.6096994,-0.13030541,-0.05571466,0.43487006,0.32415447
ESS-1,-0.34133753,-1.2084314,-1.892303,1.1478293,-0.09956843,0.13689645,0.81341136,-0.53528416,-0.636736,1.8106949,1.4989536,1.5565071,-0.44124278,-0.36379167,-0.5347043,-1.5269029,0.015994042,-1.2615566,1.7493043,0.3844688,1.083636,0.5191999,-0.11128062,-0.6817179,0.37824607,-0.7386228,0.10245339,0.8493747,2.1867886
HEL 92.1.7,0.11975292,-0.03790697,-0.4466368,-0.18174472,-0.48560953,-0.12685259,0.17963478,-0.49133217,0.32133842,0.5697579,0.26426202,0.24833359,0.47639212,-0.22542214,-0.4201365,0.507775,-0.38433555,-0.55648845,-0.1349378,-0.5473136,0.3473265,0.043475892,0.57308877,-0.20608865,-0.46504796,-0.27863204,-0.02866819,0.40991104,0.54878557
BFTC-905,-0.026043467,-0.2140287,-0.6047868,0.04927349,-0.5030184,-0.08854662,0.2745232,-0.6538671,0.073760346,0.8062259,0.5389699,0.42856193,0.16237912,-0.17948404,-0.5760068,0.14756292,-0.38292763,-0.626144,0.17096859,-0.25304767,0.66926265,0.17722848,0.58546716,-0.15342948,-0.40687126,-0.23218894,-0.10293508,0.5695007,0.87928206
RL,-0.2389524,-0.28026235,-0.87605363,0.34652033,-0.6029629,0.008879423,0.4364717,-0.8168051,-0.24505603,0.8676959,0.6125263,0.42198694,-0.28539458,0.008511841,-0.8307706,0.0404225,-0.4945439,-0.66164446,0.40312716,0.083125174,0.89236224,0.3372611,0.66210145,-0.27977338,-0.4876866,-0.06623356,-0.18472363,0.716283,0.94185024
TE-15,0.006739691,0.044151057,-0.6153745,-0.04858665,-0.58440393,-0.04967258,0.27994993,-0.5321434,0.17833507,0.42815447,0.1022158,0.079255804,0.2453313,-0.051414713,-0.5720279,0.7080238,-0.51335657,-0.53468585,-0.14340925,-0.4262933,0.31411722,0.10676126,0.64971083,-0.39790753,-0.6096994,-0.13030541,-0.05571466,0.43487006,0.32415447
HEC-59,-0.25070336,-1.4824853,-1.8633255,1.1505114,0.08912778,0.06833342,0.7646229,-0.48454943,-0.573932,2.175232,1.8901632,1.9683169,-0.2523035,-0.62054205,-0.34257787,-2.0813322,0.24771526,-1.3892897,2.021882,0.34756565,1.2292807,0.4984485,-0.31144553,-0.48733377,0.6927465,-1.0053631,0.15821807,0.87555873,2.719204
SW1463,0.11975292,-0.03790697,-0.4466368,-0.18174472,-0.48560953,-0.12685259,0.17963478,-0.49133217,0.32133842,0.5697579,0.26426202,0.24833359,0.47639212,-0.22542214,-0.4201365,0.507775,-0.38433555,-0.55648845,-0.1349378,-0.5473136,0.3473265,0.043475892,0.57308877,-0.20608865,-0.46504796,-0.27863204,-0.02866819,0.40991104,0.54878557
CAL-54,-0.11550174,-0.32209408,-0.7018251,0.19102246,-0.5137001,-0.065042704,0.33274513,-0.7535959,-0.07814947,0.95131874,0.7075261,0.5391471,-0.03029409,-0.15129718,-0.6716463,-0.07345724,-0.38206375,-0.6688835,0.3586677,-0.07249096,0.8667973,0.25929683,0.5930623,-0.121118695,-0.371175,-0.20369223,-0.14850403,0.6674223,1.0820693
LOX-IMVI,0.079637386,-0.086366445,-0.4901514,-0.1181806,-0.49039954,-0.11631279,0.2057431,-0.5360533,0.25321788,0.6348215,0.33984724,0.297923,0.38999218,-0.21278238,-0.46302387,0.4086635,-0.38394815,-0.57565403,-0.050768375,-0.466347,0.43590647,0.0802776,0.57649463,-0.19159961,-0.44904077,-0.26585335,-0.049102552,0.45382175,0.6397209
NCI-H1781,0.06881218,-0.21727726,-1.0738744,0.18471465,-0.33374202,0.014108002,0.42532885,-0.20031744,0.18747342,0.5949736,0.18117762,0.40640736,0.42115006,-0.22578518,-0.2961896,0.37346345,-0.2966767,-0.77271485,0.23061416,-0.5530049,0.015125722,0.07830876,0.24404013,-0.78134364,-0.27208412,-0.48484337,0.17969228,0.32879427,0.5032837
HCC2108,-0.05867868,0.066009656,-0.77837104,0.064809516,-0.6183158,0.007586211,0.361777,-0.51909816,0.08733125,0.35673928,0.0072242916,0.009149954,0.117376685,0.039972067,-0.6371479,0.79732406,-0.5707602,-0.5488555,-0.10453792,-0.3633794,0.25729787,0.14414182,0.6509744,-0.5668711,-0.6628359,-0.07680789,-0.045232493,0.43837106,0.20073262
SW1573,0.25992236,-0.80802006,-1.2507756,0.29833564,0.11432254,-0.0714823,0.41241682,0.06043738,0.30855185,1.2889776,0.874416,1.2641537,0.84347177,-0.75184745,0.17595524,-0.7230063,0.20645854,-1.1074276,0.8707627,-0.69155455,0.09806132,0.023350213,-0.3018546,-0.6477733,0.43061674,-1.1191959,0.3966154,0.3131482,1.4847877
NCI-H1869,0.006739691,0.044151057,-0.6153745,-0.04858665,-0.58440393,-0.04967258,0.27994993,-0.5321434,0.17833507,0.42815447,0.1022158,0.079255804,0.2453313,-0.051414713,-0.5720279,0.7080238,-0.51335657,-0.53468585,-0.14340925,-0.4262933,0.31411722,0.10676126,0.64971083,-0.39790753,-0.6096994,-0.13030541,-0.05571466,0.43487006,0.32415447
Mino,0.3704779,-0.6095428,-1.0647686,0.074628204,0.08721769,-0.10690121,0.31807125,0.15635127,0.5136211,1.0442482,0.60568666,1.0453084,1.0770787,-0.75335175,0.26330936,-0.3408661,0.16446641,-1.011904,0.5489658,-0.9242763,-0.15022248,-0.08556889,-0.25159436,-0.6606773,0.32073534,-1.099406,0.42847347,0.18821697,1.1475276
MJ,-0.13821062,-0.2580526,-0.74577117,0.20779034,-0.55210936,-0.039203033,0.3587249,-0.74326587,-0.09624496,0.8521812,0.59338474,0.43799567,-0.07403782,-0.08622274,-0.7089267,0.07109088,-0.43629587,-0.64801276,0.3035354,-0.07146859,0.79860914,0.26322588,0.6230408,-0.21027426,-0.44152167,-0.14945024,-0.14729872,0.65095484,0.93232834
HT-1080,-0.21758232,-0.75513667,-1.1278062,0.58427906,-0.33361155,-0.007825136,0.5060065,-0.73699856,-0.33418435,1.428962,1.1881057,1.0573754,-0.22866133,-0.27813286,-0.6336572,-0.8456246,-0.18584882,-0.9213752,1.0013906,0.17926008,1.1120665,0.3887053,0.31718674,-0.21317945,-0.016703933,-0.4335847,-0.083828546,0.79784346,1.7268242
HuH-6 Clone 5,0.28854597,-0.6020564,-1.0452847,0.12487799,0.0113450885,-0.09582289,0.33467725,0.020192742,0.40291432,1.0698669,0.66098803,1.011838,0.89322853,-0.6728851,0.12514728,-0.3645705,0.09815359,-0.9810246,0.573576,-0.7746245,0.023865879,-0.022696692,-0.1468355,-0.586769,0.24559057,-0.9831114,0.34663522,0.2714784,1.1911757
639V,0.61463743,-1.486586,-1.9928014,0.5637529,0.8439318,-0.056030072,0.5633791,0.9219543,0.6153351,1.8291194,1.2363193,2.2269294,1.6842661,-1.4319221,1.0810387,-1.7051198,0.90083754,-1.6661186,1.6582316,-1.2440779,-0.6141969,-0.17424479,-1.3490056,-1.2367245,1.4104646,-2.1701171,0.9943291,-0.008346498,2.158155
42-MG-BA,-0.2389524,-0.28026235,-0.87605363,0.34652033,-0.6029629,0.008879423,0.4364717,-0.8168051,-0.24505603,0.8676959,0.6125263,0.42198694,-0.28539458,0.008511841,-0.8307706,0.0404225,-0.4945439,-0.66164446,0.40312716,0.083125174,0.89236224,0.3372611,0.66210145,-0.27977338,-0.4876866,-0.06623356,-0.18472363,0.716283,0.94185024
PaTu 8902,0.11975292,-0.03790697,-0.4466368,-0.18174472,-0.48560953,-0.12685259,0.17963478,-0.49133217,0.32133842,0.5697579,0.26426202,0.24833359,0.47639212,-0.22542214,-0.4201365,0.507775,-0.38433555,-0.55648845,-0.1349378,-0.5473136,0.3473265,0.043475892,0.57308877,-0.20608865,-0.46504796,-0.27863204,-0.02866819,0.40991104,0.54878557
OE21,0.3653433,-0.5978362,-1.0521097,0.06937793,0.07548672,-0.1073098,0.3152362,0.14308733,0.5096834,1.0345311,0.5986946,1.028987,1.0647773,-0.74254024,0.24931306,-0.32348675,0.15322748,-1.0025775,0.53496015,-0.9165565,-0.14003316,-0.082926184,-0.23470563,-0.6513678,0.30464327,-1.0825973,0.41911164,0.19275704,1.135266
GB-1,0.006739691,0.044151057,-0.6153745,-0.04858665,-0.58440393,-0.04967258,0.27994993,-0.5321434,0.17833507,0.42815447,0.1022158,0.079255804,0.2453313,-0.051414713,-0.5720279,0.7080238,-0.51335657,-0.53468585,-0.14340925,-0.4262933,0.31411722,0.10676126,0.64971083,-0.39790753,-0.6096994,-0.13030541,-0.05571466,0.43487006,0.32415447
HCC366,0.11975292,-0.03790697,-0.4466368,-0.18174472,-0.48560953,-0.12685259,0.17963478,-0.49133217,0.32133842,0.5697579,0.26426202,0.24833359,0.47639212,-0.22542214,-0.4201365,0.507775,-0.38433555,-0.55648845,-0.1349378,-0.5473136,0.3473265,0.043475892,0.57308877,-0.20608865,-0.46504796,-0.27863204,-0.02866819,0.40991104,0.54878557
SNU-503,0.10223538,-0.0979294,-0.65810394,-0.058076903,-0.43489167,-0.07919333,0.2625865,-0.3936311,0.27583718,0.5777461,0.23576792,0.30089507,0.45702028,-0.22494258,-0.37898946,0.46331042,-0.3553098,-0.62911063,-0.012064725,-0.54880863,0.23552233,0.05540587,0.46272415,-0.40015852,-0.40067166,-0.3474496,0.04129125,0.38272503,0.53271073
TE-9,0.006739691,0.044151057,-0.6153745,-0.04858665,-0.58440393,-0.04967258,0.27994993,-0.5321434,0.17833507,0.42815447,0.1022158,0.079255804,0.2453313,-0.051414713,-0.5720279,0.7080238,-0.51335657,-0.53468585,-0.14340925,-0.4262933,0.31411722,0.10676126,0.64971083,-0.39790753,-0.6096994,-0.13030541,-0.05571466,0.43487006,0.32415447
K-562,0.27595976,-0.3940479,-0.8317456,-0.022019103,-0.12872633,-0.11442247,0.26588356,-0.08781204,0.4411345,0.86537516,0.47697663,0.7448653,0.8506323,-0.5543332,0.0056643784,-0.020945907,-0.042420596,-0.84022176,0.2911483,-0.7821691,0.037343204,-0.036921676,0.059294164,-0.48930675,0.024511248,-0.78999114,0.2561405,0.27179104,0.9218142
59M,0.006739691,0.044151057,-0.6153745,-0.04858665,-0.58440393,-0.04967258,0.27994993,-0.5321434,0.17833507,0.42815447,0.1022158,0.079255804,0.2453313,-0.051414713,-0.5720279,0.7080238,-0.51335657,-0.53468585,-0.14340925,-0.4262933,0.31411722,0.10676126,0.64971083,-0.39790753,-0.6096994,-0.13030541,-0.05571466,0.43487006,0.32415447
GOS-3,0.2454978,-1.0303375,-1.4749675,0.47433862,0.2397958,-0.04758399,0.4924713,0.13061744,0.2293555,1.5188193,1.0922718,1.5413275,0.8266216,-0.852484,0.25785887,-1.1026099,0.33574602,-1.2490853,1.184516,-0.6321974,0.14305224,0.060239498,-0.4888606,-0.72785366,0.6439167,-1.2881906,0.46645004,0.34129667,1.7909287
JHH-1,0.35540915,-0.575187,-1.0276184,0.059219986,0.052790344,-0.10810031,0.30975112,0.117424965,0.50206476,1.0157311,0.5851668,0.9974095,1.040977,-0.7216228,0.22223377,-0.28986216,0.13148305,-0.9845332,0.5078628,-0.90162057,-0.120319426,-0.07781321,-0.2020303,-0.6333562,0.2735092,-1.0500768,0.40099892,0.20154093,1.1115427
Karpas-299,0.006739691,0.044151057,-0.6153745,-0.04858665,-0.58440393,-0.04967258,0.27994993,-0.5321434,0.17833507,0.42815447,0.1022158,0.079255804,0.2453313,-0.051414713,-0.5720279,0.7080238,-0.51335657,-0.53468585,-0.14340925,-0.4262933,0.31411722,0.10676126,0.64971083,-0.39790753,-0.6096994,-0.13030541,-0.05571466,0.43487006,0.32415447
NCI-H2122,-0.034244932,0.057527203,-0.7183027,0.02290687,-0.60536087,-0.013643749,0.33150953,-0.5235154,0.12121904,0.38354382,0.042688817,0.035679117,0.16523963,0.005723208,-0.61254257,0.76364005,-0.54910547,-0.54389566,-0.11851299,-0.38696635,0.27805322,0.13018948,0.6499676,-0.50448227,-0.6426097,-0.09719089,-0.04882314,0.43692756,0.24691266
NCI-H2126,-0.11550174,-0.32209408,-0.7018251,0.19102246,-0.5137001,-0.065042704,0.33274513,-0.7535959,-0.07814947,0.95131874,0.7075261,0.5391471,-0.03029409,-0.15129718,-0.6716463,-0.07345724,-0.38206375,-0.6688835,0.3586677,-0.07249096,0.8667973,0.25929683,0.5930623,-0.121118695,-0.371175,-0.20369223,-0.14850403,0.6674223,1.0820693
NCI-N87,-0.027959801,-0.01883188,-0.89181983,0.11718884,-0.5346941,0.017295599,0.39245617,-0.418572,0.10614054,0.42096686,0.048368573,0.12282677,0.19431958,-0.030101776,-0.5402459,0.6779816,-0.49354327,-0.6201212,0.0045287907,-0.41368702,0.17463104,0.1287628,0.52505517,-0.6560137,-0.54889625,-0.19605444,0.025868153,0.40488872,0.2779054
PrEC LH,0.006739691,0.044151057,-0.6153745,-0.04858665,-0.58440393,-0.04967258,0.27994993,-0.5321434,0.17833507,0.42815447,0.1022158,0.079255804,0.2453313,-0.051414713,-0.5720279,0.7080238,-0.51335657,-0.53468585,-0.14340925,-0.4262933,0.31411722,0.10676126,0.64971083,-0.39790753,-0.6096994,-0.13030541,-0.05571466,0.43487006,0.32415447
EPLC-272H,-0.10468102,-0.3090227,-0.6900875,0.17387676,-0.5124081,-0.0678857,0.32570273,-0.74153286,-0.059774727,0.93376863,0.68713784,0.5257709,-0.0069886744,-0.15470661,-0.6600779,-0.046723068,-0.38216823,-0.6637138,0.33596396,-0.09433076,0.84290385,0.24937001,0.5921436,-0.12502694,-0.37549275,-0.20713913,-0.1429921,0.6555779,1.0575404
SK-MEL-31,0.006739691,0.044151057,-0.6153745,-0.04858665,-0.58440393,-0.04967258,0.27994993,-0.5321434,0.17833507,0.42815447,0.1022158,0.079255804,0.2453313,-0.051414713,-0.5720279,0.7080238,-0.51335657,-0.53468585,-0.14340925,-0.4262933,0.31411722,0.10676126,0.64971083,-0.39790753,-0.6096994,-0.13030541,-0.05571466,0.43487006,0.32415447
SW948,-0.23016322,-0.40863296,-0.8886136,0.38428208,-0.53802395,-0.010424681,0.43329418,-0.8272368,-0.26303828,1.039994,0.8015545,0.6013178,-0.26904604,-0.07724619,-0.7876859,-0.22119445,-0.41042653,-0.7186578,0.55173445,0.11914766,1.0012912,0.35198012,0.5931177,-0.19699062,-0.3644761,-0.15441036,-0.1780428,0.7530682,1.1914514
HCC2279,0.11975292,-0.03790697,-0.4466368,-0.18174472,-0.48560953,-0.12685259,0.17963478,-0.49133217,0.32133842,0.5697579,0.26426202,0.24833359,0.47639212,-0.22542214,-0.4201365,0.507775,-0.38433555,-0.55648845,-0.1349378,-0.5473136,0.3473265,0.043475892,0.57308877,-0.20608865,-0.46504796,-0.27863204,-0.02866819,0.40991104,0.54878557
JeKo-1,-0.13821062,-0.2580526,-0.74577117,0.20779034,-0.55210936,-0.039203033,0.3587249,-0.74326587,-0.09624496,0.8521812,0.59338474,0.43799567,-0.07403782,-0.08622274,-0.7089267,0.07109088,-0.43629587,-0.64801276,0.3035354,-0.07146859,0.79860914,0.26322588,0.6230408,-0.21027426,-0.44152167,-0.14945024,-0.14729872,0.65095484,0.93232834
LS513,0.11975292,-0.03790697,-0.4466368,-0.18174472,-0.48560953,-0.12685259,0.17963478,-0.49133217,0.32133842,0.5697579,0.26426202,0.24833359,0.47639212,-0.22542214,-0.4201365,0.507775,-0.38433555,-0.55648845,-0.1349378,-0.5473136,0.3473265,0.043475892,0.57308877,-0.20608865,-0.46504796,-0.27863204,-0.02866819,0.40991104,0.54878557
VMRC-LCD,0.006739691,0.044151057,-0.6153745,-0.04858665,-0.58440393,-0.04967258,0.27994993,-0.5321434,0.17833507,0.42815447,0.1022158,0.079255804,0.2453313,-0.051414713,-0.5720279,0.7080238,-0.51335657,-0.53468585,-0.14340925,-0.4262933,0.31411722,0.10676126,0.64971083,-0.39790753,-0.6096994,-0.13030541,-0.05571466,0.43487006,0.32415447
LC-1F,0.11975292,-0.03790697,-0.4466368,-0.18174472,-0.48560953,-0.12685259,0.17963478,-0.49133217,0.32133842,0.5697579,0.26426202,0.24833359,0.47639212,-0.22542214,-0.4201365,0.507775,-0.38433555,-0.55648845,-0.1349378,-0.5473136,0.3473265,0.043475892,0.57308877,-0.20608865,-0.46504796,-0.27863204,-0.02866819,0.40991104,0.54878557
SW780,0.15157524,-0.2788199,-0.953994,0.08925122,-0.2600765,-0.04170222,0.35320765,-0.16835791,0.2917343,0.6992705,0.29978177,0.5317973,0.5906905,-0.3537439,-0.18366624,0.2253111,-0.20121405,-0.79019547,0.23929185,-0.6420352,0.03732133,0.032005183,0.1854924,-0.6441424,-0.1644224,-0.5952964,0.20097636,0.3098974,0.6681613
LCLC-103H,0.22015765,-0.26682287,-0.6941723,-0.07907824,-0.25621653,-0.11886291,0.23507273,-0.23196241,0.39833948,0.75977117,0.4009881,0.5674882,0.71694165,-0.4368356,-0.1464454,0.16793022,-0.16456363,-0.7388631,0.13893664,-0.69827116,0.14807922,-0.008201074,0.24283814,-0.38813215,-0.15037507,-0.6073172,0.15439767,0.32113194,0.78855634
NCI-H1299,-0.21758232,-0.75513667,-1.1278062,0.58427906,-0.33361155,-0.007825136,0.5060065,-0.73699856,-0.33418435,1.428962,1.1881057,1.0573754,-0.22866133,-0.27813286,-0.6336572,-0.8456246,-0.18584882,-0.9213752,1.0013906,0.17926008,1.1120665,0.3887053,0.31718674,-0.21317945,-0.016703933,-0.4335847,-0.083828546,0.79784346,1.7268242
NCI-H2073,0.006739691,0.044151057,-0.6153745,-0.04858665,-0.58440393,-0.04967258,0.27994993,-0.5321434,0.17833507,0.42815447,0.1022158,0.079255804,0.2453313,-0.051414713,-0.5720279,0.7080238,-0.51335657,-0.53468585,-0.14340925,-0.4262933,0.31411722,0.10676126,0.64971083,-0.39790753,-0.6096994,-0.13030541,-0.05571466,0.43487006,0.32415447
RKO,0.09348315,-1.1883116,-1.613746,0.69603074,0.20571548,-0.0101625025,0.58255696,-0.04965228,-0.02193132,1.7395189,1.3548169,1.6967643,0.4974355,-0.7914145,0.08315241,-1.4351094,0.32104042,-1.3048346,1.4679674,-0.32916847,0.47707343,0.19673412,-0.45238173,-0.6622674,0.6785835,-1.2180276,0.37934986,0.5061451,2.1012769
GaMG,0.11975292,-0.03790697,-0.4466368,-0.18174472,-0.48560953,-0.12685259,0.17963478,-0.49133217,0.32133842,0.5697579,0.26426202,0.24833359,0.47639212,-0.22542214,-0.4201365,0.507775,-0.38433555,-0.55648845,-0.1349378,-0.5473136,0.3473265,0.043475892,0.57308877,-0.20608865,-0.46504796,-0.27863204,-0.02866819,0.40991104,0.54878557
MOLM-6,0.006739691,0.044151057,-0.6153745,-0.04858665,-0.58440393,-0.04967258,0.27994993,-0.5321434,0.17833507,0.42815447,0.1022158,0.079255804,0.2453313,-0.051414713,-0.5720279,0.7080238,-0.51335657,-0.53468585,-0.14340925,-0.4262933,0.31411722,0.10676126,0.64971083,-0.39790753,-0.6096994,-0.13030541,-0.05571466,0.43487006,0.32415447
OCI-M1,0.11975292,-0.03790697,-0.4466368,-0.18174472,-0.48560953,-0.12685259,0.17963478,-0.49133217,0.32133842,0.5697579,0.26426202,0.24833359,0.47639212,-0.22542214,-0.4201365,0.507775,-0.38433555,-0.55648845,-0.1349378,-0.5473136,0.3473265,0.043475892,0.57308877,-0.20608865,-0.46504796,-0.27863204,-0.02866819,0.40991104,0.54878557
Hep-G2,-0.21758232,-0.75513667,-1.1278062,0.58427906,-0.33361155,-0.007825136,0.5060065,-0.73699856,-0.33418435,1.428962,1.1881057,1.0573754,-0.22866133,-0.27813286,-0.6336572,-0.8456246,-0.18584882,-0.9213752,1.0013906,0.17926008,1.1120665,0.3887053,0.31718674,-0.21317945,-0.016703933,-0.4335847,-0.083828546,0.79784346,1.7268242
WM115,0.05487009,-0.116285294,-0.5170173,-0.078936175,-0.49335688,-0.109805524,0.22186235,-0.5636641,0.21116035,0.6749917,0.3865135,0.32853943,0.33664894,-0.2049786,-0.4895025,0.34747213,-0.38370898,-0.5874868,0.0011977553,-0.4163583,0.49059564,0.10299894,0.5785974,-0.18265408,-0.43915796,-0.25796378,-0.06171871,0.4809322,0.6958643
KU-19-19,-0.21758232,-0.75513667,-1.1278062,0.58427906,-0.33361155,-0.007825136,0.5060065,-0.73699856,-0.33418435,1.428962,1.1881057,1.0573754,-0.22866133,-0.27813286,-0.6336572,-0.8456246,-0.18584882,-0.9213752,1.0013906,0.17926008,1.1120665,0.3887053,0.31718674,-0.21317945,-0.016703933,-0.4335847,-0.083828546,0.79784346,1.7268242
LCLC-97TM1,0.016267449,0.03723303,-0.60114884,-0.059812747,-0.5760749,-0.05617936,0.27149272,-0.52870274,0.1903912,0.44009256,0.11587736,0.093510166,0.26481122,-0.06608468,-0.55922246,0.6911415,-0.50247926,-0.53652394,-0.14269505,-0.4364961,0.31691697,0.10142589,0.6432511,-0.38173592,-0.5975044,-0.14281031,-0.053434465,0.43276584,0.34309232
SNU-626,-0.2389524,-0.28026235,-0.87605363,0.34652033,-0.6029629,0.008879423,0.4364717,-0.8168051,-0.24505603,0.8676959,0.6125263,0.42198694,-0.28539458,0.008511841,-0.8307706,0.0404225,-0.4945439,-0.66164446,0.40312716,0.083125174,0.89236224,0.3372611,0.66210145,-0.27977338,-0.4876866,-0.06623356,-0.18472363,0.716283,0.94185024
HEC-50B,0.25936043,-0.35620254,-0.790822,-0.03899236,-0.16665056,-0.115743354,0.25671834,-0.13069212,0.42840436,0.83396137,0.4543725,0.6921013,0.8108636,-0.5193814,-0.039583385,0.035238653,-0.07875422,-0.8100708,0.24587023,-0.75721216,0.07028359,-0.028378222,0.113892585,-0.45921057,-0.027511805,-0.7356515,0.22587529,0.2864684,0.88217425
Lu-65,-0.05867868,0.066009656,-0.77837104,0.064809516,-0.6183158,0.007586211,0.361777,-0.51909816,0.08733125,0.35673928,0.0072242916,0.009149954,0.117376685,0.039972067,-0.6371479,0.79732406,-0.5707602,-0.5488555,-0.10453792,-0.3633794,0.25729787,0.14414182,0.6509744,-0.5668711,-0.6628359,-0.07680789,-0.045232493,0.43837106,0.20073262
MOLM-13,-0.13821062,-0.2580526,-0.74577117,0.20779034,-0.55210936,-0.039203033,0.3587249,-0.74326587,-0.09624496,0.8521812,0.59338474,0.43799567,-0.07403782,-0.08622274,-0.7089267,0.07109088,-0.43629587,-0.64801276,0.3035354,-0.07146859,0.79860914,0.26322588,0.6230408,-0.21027426,-0.44152167,-0.14945024,-0.14729872,0.65095484,0.93232834
MIA PaCa-2,0.016267449,0.03723303,-0.60114884,-0.059812747,-0.5760749,-0.05617936,0.27149272,-0.52870274,0.1903912,0.44009256,0.11587736,0.093510166,0.26481122,-0.06608468,-0.55922246,0.6911415,-0.50247926,-0.53652394,-0.14269505,-0.4364961,0.31691697,0.10142589,0.6432511,-0.38173592,-0.5975044,-0.14281031,-0.053434465,0.43276584,0.34309232
L-363,0.06965122,-0.68914664,-1.3157213,0.4325274,-0.08483085,-0.0009255707,0.49716228,-0.15766132,0.07104114,1.1630315,0.7720387,1.0324428,0.43133777,-0.4920642,-0.13528341,-0.51825136,-0.005420804,-1.0229847,0.83266294,-0.41845685,0.28225783,0.14559615,-0.07165688,-0.6910918,0.17846811,-0.82104534,0.2580268,0.43238482,1.3004161
KP-N-SI9s,0.07389566,-0.020256238,-0.511802,-0.12442674,-0.51959145,-0.098934494,0.21842386,-0.5139891,0.25981143,0.5355561,0.2253502,0.2018297,0.38175118,-0.16472197,-0.47954538,0.5547095,-0.42737478,-0.5530671,-0.120795615,-0.49054262,0.354091,0.072046414,0.5993818,-0.26727054,-0.5101609,-0.22648607,-0.04182752,0.42710692,0.49205405
NCI-H660,-0.13821062,-0.2580526,-0.74577117,0.20779034,-0.55210936,-0.039203033,0.3587249,-0.74326587,-0.09624496,0.8521812,0.59338474,0.43799567,-0.07403782,-0.08622274,-0.7089267,0.07109088,-0.43629587,-0.64801276,0.3035354,-0.07146859,0.79860914,0.26322588,0.6230408,-0.21027426,-0.44152167,-0.14945024,-0.14729872,0.65095484,0.93232834
HPB-ALL,0.87615347,-1.7624484,-2.3114495,0.5916947,1.2425262,-0.06666222,0.59727734,1.4626337,0.9014271,2.0012257,1.2942901,2.6526895,2.2885754,-1.8181083,1.6417196,-2.0524507,1.2713195,-1.9304104,1.9282992,-1.6845548,-1.1537058,-0.3458333,-1.9148592,-1.577516,1.9055451,-2.7547865,1.3504611,-0.2589075,2.3551025
HuT 78,-0.026043467,-0.2140287,-0.6047868,0.04927349,-0.5030184,-0.08854662,0.2745232,-0.6538671,0.073760346,0.8062259,0.5389699,0.42856193,0.16237912,-0.17948404,-0.5760068,0.14756292,-0.38292763,-0.626144,0.17096859,-0.25304767,0.66926265,0.17722848,0.58546716,-0.15342948,-0.40687126,-0.23218894,-0.10293508,0.5695007,0.87928206
HLF-a,-0.13821062,-0.2580526,-0.74577117,0.20779034,-0.55210936,-0.039203033,0.3587249,-0.74326587,-0.09624496,0.8521812,0.59338474,0.43799567,-0.07403782,-0.08622274,-0.7089267,0.07109088,-0.43629587,-0.64801276,0.3035354,-0.07146859,0.79860914,0.26322588,0.6230408,-0.21027426,-0.44152167,-0.14945024,-0.14729872,0.65095484,0.93232834
KM12,0.052688576,-0.11892055,-0.51938367,-0.07547951,-0.49361736,-0.109232366,0.22328214,-0.566096,0.2074559,0.6785299,0.39062387,0.33123615,0.33195043,-0.20429125,-0.49183473,0.34208238,-0.3836879,-0.58852905,0.00577496,-0.4119553,0.4954127,0.10500024,0.5787826,-0.18186615,-0.43828747,-0.25726885,-0.06282994,0.4833201,0.7008094
SHP-77,0.07389566,-0.020256238,-0.511802,-0.12442674,-0.51959145,-0.098934494,0.21842386,-0.5139891,0.25981143,0.5355561,0.2253502,0.2018297,0.38175118,-0.16472197,-0.47954538,0.5547095,-0.42737478,-0.5530671,-0.120795615,-0.49054262,0.354091,0.072046414,0.5993818,-0.26727054,-0.5101609,-0.22648607,-0.04182752,0.42710692,0.49205405
LN-464,0.006739691,0.044151057,-0.6153745,-0.04858665,-0.58440393,-0.04967258,0.27994993,-0.5321434,0.17833507,0.42815447,0.1022158,0.079255804,0.2453313,-0.051414713,-0.5720279,0.7080238,-0.51335657,-0.53468585,-0.14340925,-0.4262933,0.31411722,0.10676126,0.64971083,-0.39790753,-0.6096994,-0.13030541,-0.05571466,0.43487006,0.32415447
SNU-C4,0.5256923,-1.7993387,-2.2982502,0.8581457,0.9607644,-0.012511812,0.6920768,0.90923285,0.4094841,2.180244,1.5949719,2.5967479,1.5069441,-1.5092913,1.0834696,-2.269534,1.031106,-1.8436518,2.128916,-1.0342522,-0.40462902,-0.068942964,-1.5300657,-1.2900618,1.6539208,-2.3157248,1.02636,0.10139769,2.6337752
TE-5,-0.23964816,-0.2327038,-0.8870269,0.33745614,-0.62193376,0.01957722,0.44285056,-0.79872036,-0.23540854,0.7968827,0.5308056,0.3544746,-0.2841597,0.03937632,-0.83839405,0.14487007,-0.5233476,-0.64519364,0.35020605,0.060819447,0.8312887,0.3289555,0.67700213,-0.3310343,-0.5294241,-0.041139767,-0.17831984,0.6951796,0.8369623
COLO 205,0.0911715,-0.07243326,-0.47763997,-0.13645671,-0.48902228,-0.11934322,0.19823638,-0.52319497,0.27280408,0.61611426,0.3181148,0.2836649,0.4148341,-0.2164166,-0.45069277,0.43716028,-0.38405955,-0.57014346,-0.07496897,-0.4896267,0.41043773,0.069696285,0.5755154,-0.19576553,-0.4536432,-0.2695275,-0.043227214,0.44119644,0.613575
SW900,0.016267449,0.03723303,-0.60114884,-0.059812747,-0.5760749,-0.05617936,0.27149272,-0.52870274,0.1903912,0.44009256,0.11587736,0.093510166,0.26481122,-0.06608468,-0.55922246,0.6911415,-0.50247926,-0.53652394,-0.14269505,-0.4364961,0.31691697,0.10142589,0.6432511,-0.38173592,-0.5975044,-0.14281031,-0.053434465,0.43276584,0.34309232
Malme-3M,0.06881668,-0.09943784,-0.501889,-0.10103491,-0.4916916,-0.1134698,0.21278553,-0.54811627,0.23484316,0.65237164,0.3602355,0.31129918,0.3666868,-0.20937295,-0.47459224,0.3819293,-0.38384366,-0.5808237,-0.02806463,-0.44450718,0.4597999,0.09020444,0.5774133,-0.18769135,-0.444723,-0.26240644,-0.054614488,0.46566617,0.66424966
Hs 822.T,-0.13821062,-0.2580526,-0.74577117,0.20779034,-0.55210936,-0.039203033,0.3587249,-0.74326587,-0.09624496,0.8521812,0.59338474,0.43799567,-0.07403782,-0.08622274,-0.7089267,0.07109088,-0.43629587,-0.64801276,0.3035354,-0.07146859,0.79860914,0.26322588,0.6230408,-0.21027426,-0.44152167,-0.14945024,-0.14729872,0.65095484,0.93232834
OVSAHO,0.006739691,0.044151057,-0.6153745,-0.04858665,-0.58440393,-0.04967258,0.27994993,-0.5321434,0.17833507,0.42815447,0.1022158,0.079255804,0.2453313,-0.051414713,-0.5720279,0.7080238,-0.51335657,-0.53468585,-0.14340925,-0.4262933,0.31411722,0.10676126,0.64971083,-0.39790753,-0.6096994,-0.13030541,-0.05571466,0.43487006,0.32415447
WM983B,0.11975292,-0.03790697,-0.4466368,-0.18174472,-0.48560953,-0.12685259,0.17963478,-0.49133217,0.32133842,0.5697579,0.26426202,0.24833359,0.47639212,-0.22542214,-0.4201365,0.507775,-0.38433555,-0.55648845,-0.1349378,-0.5473136,0.3473265,0.043475892,0.57308877,-0.20608865,-0.46504796,-0.27863204,-0.02866819,0.40991104,0.54878557
NCI-H1048,-0.28639716,-0.76332694,-1.1261781,0.63730574,-0.3883492,0.0029004961,0.5249474,-0.84526306,-0.43103266,1.4650671,1.2480271,1.0475893,-0.38207301,-0.21798103,-0.74282277,-0.88983935,-0.23241924,-0.9049624,1.0420926,0.30709016,1.2592123,0.44318348,0.39187318,-0.15713045,-0.065152705,-0.34817478,-0.14711085,0.8686483,1.7828065
NCI-H1693,0.11975292,-0.03790697,-0.4466368,-0.18174472,-0.48560953,-0.12685259,0.17963478,-0.49133217,0.32133842,0.5697579,0.26426202,0.24833359,0.47639212,-0.22542214,-0.4201365,0.507775,-0.38433555,-0.55648845,-0.1349378,-0.5473136,0.3473265,0.043475892,0.57308877,-0.20608865,-0.46504796,-0.27863204,-0.02866819,0.40991104,0.54878557
MOLP-2,0.006739691,0.044151057,-0.6153745,-0.04858665,-0.58440393,-0.04967258,0.27994993,-0.5321434,0.17833507,0.42815447,0.1022158,0.079255804,0.2453313,-0.051414713,-0.5720279,0.7080238,-0.51335657,-0.53468585,-0.14340925,-0.4262933,0.31411722,0.10676126,0.64971083,-0.39790753,-0.6096994,-0.13030541,-0.05571466,0.43487006,0.32415447
NCI-H1963,0.006739691,0.044151057,-0.6153745,-0.04858665,-0.58440393,-0.04967258,0.27994993,-0.5321434,0.17833507,0.42815447,0.1022158,0.079255804,0.2453313,-0.051414713,-0.5720279,0.7080238,-0.51335657,-0.53468585,-0.14340925,-0.4262933,0.31411722,0.10676126,0.64971083,-0.39790753,-0.6096994,-0.13030541,-0.05571466,0.43487006,0.32415447
COLO 320,0.11975292,-0.03790697,-0.4466368,-0.18174472,-0.48560953,-0.12685259,0.17963478,-0.49133217,0.32133842,0.5697579,0.26426202,0.24833359,0.47639212,-0.22542214,-0.4201365,0.507775,-0.38433555,-0.55648845,-0.1349378,-0.5473136,0.3473265,0.043475892,0.57308877,-0.20608865,-0.46504796,-0.27863204,-0.02866819,0.40991104,0.54878557
FaDu,0.006739691,0.044151057,-0.6153745,-0.04858665,-0.58440393,-0.04967258,0.27994993,-0.5321434,0.17833507,0.42815447,0.1022158,0.079255804,0.2453313,-0.051414713,-0.5720279,0.7080238,-0.51335657,-0.53468585,-0.14340925,-0.4262933,0.31411722,0.10676126,0.64971083,-0.39790753,-0.6096994,-0.13030541,-0.05571466,0.43487006,0.32415447
NUGC-2,0.006739691,0.044151057,-0.6153745,-0.04858665,-0.58440393,-0.04967258,0.27994993,-0.5321434,0.17833507,0.42815447,0.1022158,0.079255804,0.2453313,-0.051414713,-0.5720279,0.7080238,-0.51335657,-0.53468585,-0.14340925,-0.4262933,0.31411722,0.10676126,0.64971083,-0.39790753,-0.6096994,-0.13030541,-0.05571466,0.43487006,0.32415447
Hs 294T,0.06881668,-0.09943784,-0.501889,-0.10103491,-0.4916916,-0.1134698,0.21278553,-0.54811627,0.23484316,0.65237164,0.3602355,0.31129918,0.3666868,-0.20937295,-0.47459224,0.3819293,-0.38384366,-0.5808237,-0.02806463,-0.44450718,0.4597999,0.09020444,0.5774133,-0.18769135,-0.444723,-0.26240644,-0.054614488,0.46566617,0.66424966
NCI-H2170,0.006739691,0.044151057,-0.6153745,-0.04858665,-0.58440393,-0.04967258,0.27994993,-0.5321434,0.17833507,0.42815447,0.1022158,0.079255804,0.2453313,-0.051414713,-0.5720279,0.7080238,-0.51335657,-0.53468585,-0.14340925,-0.4262933,0.31411722,0.10676126,0.64971083,-0.39790753,-0.6096994,-0.13030541,-0.05571466,0.43487006,0.32415447
HCC364,0.006739691,0.044151057,-0.6153745,-0.04858665,-0.58440393,-0.04967258,0.27994993,-0.5321434,0.17833507,0.42815447,0.1022158,0.079255804,0.2453313,-0.051414713,-0.5720279,0.7080238,-0.51335657,-0.53468585,-0.14340925,-0.4262933,0.31411722,0.10676126,0.64971083,-0.39790753,-0.6096994,-0.13030541,-0.05571466,0.43487006,0.32415447
MDA-MB-435,0.11975292,-0.03790697,-0.4466368,-0.18174472,-0.48560953,-0.12685259,0.17963478,-0.49133217,0.32133842,0.5697579,0.26426202,0.24833359,0.47639212,-0.22542214,-0.4201365,0.507775,-0.38433555,-0.55648845,-0.1349378,-0.5473136,0.3473265,0.043475892,0.57308877,-0.20608865,-0.46504796,-0.27863204,-0.02866819,0.40991104,0.54878557
COLO 677,0.006739691,0.044151057,-0.6153745,-0.04858665,-0.58440393,-0.04967258,0.27994993,-0.5321434,0.17833507,0.42815447,0.1022158,0.079255804,0.2453313,-0.051414713,-0.5720279,0.7080238,-0.51335657,-0.53468585,-0.14340925,-0.4262933,0.31411722,0.10676126,0.64971083,-0.39790753,-0.6096994,-0.13030541,-0.05571466,0.43487006,0.32415447
EB2,0.11975292,-0.03790697,-0.4466368,-0.18174472,-0.48560953,-0.12685259,0.17963478,-0.49133217,0.32133842,0.5697579,0.26426202,0.24833359,0.47639212,-0.22542214,-0.4201365,0.507775,-0.38433555,-0.55648845,-0.1349378,-0.5473136,0.3473265,0.043475892,0.57308877,-0.20608865,-0.46504796,-0.27863204,-0.02866819,0.40991104,0.54878557
HH [Human lymphoma],0.28854597,-0.6020564,-1.0452847,0.12487799,0.0113450885,-0.09582289,0.33467725,0.020192742,0.40291432,1.0698669,0.66098803,1.011838,0.89322853,-0.6728851,0.12514728,-0.3645705,0.09815359,-0.9810246,0.573576,-0.7746245,0.023865879,-0.022696692,-0.1468355,-0.586769,0.24559057,-0.9831114,0.34663522,0.2714784,1.1911757
AZ-521,0.09759042,-1.1444939,-1.569742,0.6604798,0.18208438,-0.015055016,0.56648254,-0.061432064,-0.004583031,1.6937065,1.3109179,1.6425052,0.5035854,-0.7727619,0.06908667,-1.3597317,0.29650894,-1.2773151,1.4055886,-0.3431937,0.46551234,0.18847993,-0.41703415,-0.6475764,0.63758564,-1.1864161,0.3668051,0.49930543,2.0401103
UM-RC-6,0.006739691,0.044151057,-0.6153745,-0.04858665,-0.58440393,-0.04967258,0.27994993,-0.5321434,0.17833507,0.42815447,0.1022158,0.079255804,0.2453313,-0.051414713,-0.5720279,0.7080238,-0.51335657,-0.53468585,-0.14340925,-0.4262933,0.31411722,0.10676126,0.64971083,-0.39790753,-0.6096994,-0.13030541,-0.05571466,0.43487006,0.32415447
TUHR14TKB,-0.13821062,-0.2580526,-0.74577117,0.20779034,-0.55210936,-0.039203033,0.3587249,-0.74326587,-0.09624496,0.8521812,0.59338474,0.43799567,-0.07403782,-0.08622274,-0.7089267,0.07109088,-0.43629587,-0.64801276,0.3035354,-0.07146859,0.79860914,0.26322588,0.6230408,-0.21027426,-0.44152167,-0.14945024,-0.14729872,0.65095484,0.93232834
HCC2218,-0.13821062,-0.2580526,-0.74577117,0.20779034,-0.55210936,-0.039203033,0.3587249,-0.74326587,-0.09624496,0.8521812,0.59338474,0.43799567,-0.07403782,-0.08622274,-0.7089267,0.07109088,-0.43629587,-0.64801276,0.3035354,-0.07146859,0.79860914,0.26322588,0.6230408,-0.21027426,-0.44152167,-0.14945024,-0.14729872,0.65095484,0.93232834
SNU-449,-0.2389524,-0.28026235,-0.87605363,0.34652033,-0.6029629,0.008879423,0.4364717,-0.8168051,-0.24505603,0.8676959,0.6125263,0.42198694,-0.28539458,0.008511841,-0.8307706,0.0404225,-0.4945439,-0.66164446,0.40312716,0.083125174,0.89236224,0.3372611,0.66210145,-0.27977338,-0.4876866,-0.06623356,-0.18472363,0.716283,0.94185024
Daoy,0.11975292,-0.03790697,-0.4466368,-0.18174472,-0.48560953,-0.12685259,0.17963478,-0.49133217,0.32133842,0.5697579,0.26426202,0.24833359,0.47639212,-0.22542214,-0.4201365,0.507775,-0.38433555,-0.55648845,-0.1349378,-0.5473136,0.3473265,0.043475892,0.57308877,-0.20608865,-0.46504796,-0.27863204,-0.02866819,0.40991104,0.54878557
TALL-1 [Human adult T-ALL],-0.026043467,-0.2140287,-0.6047868,0.04927349,-0.5030184,-0.08854662,0.2745232,-0.6538671,0.073760346,0.8062259,0.5389699,0.42856193,0.16237912,-0.17948404,-0.5760068,0.14756292,-0.38292763,-0.626144,0.17096859,-0.25304767,0.66926265,0.17722848,0.58546716,-0.15342948,-0.40687126,-0.23218894,-0.10293508,0.5695007,0.87928206
A-375,0.11975292,-0.03790697,-0.4466368,-0.18174472,-0.48560953,-0.12685259,0.17963478,-0.49133217,0.32133842,0.5697579,0.26426202,0.24833359,0.47639212,-0.22542214,-0.4201365,0.507775,-0.38433555,-0.55648845,-0.1349378,-0.5473136,0.3473265,0.043475892,0.57308877,-0.20608865,-0.46504796,-0.27863204,-0.02866819,0.40991104,0.54878557
HT,0.11975292,-0.03790697,-0.4466368,-0.18174472,-0.48560953,-0.12685259,0.17963478,-0.49133217,0.32133842,0.5697579,0.26426202,0.24833359,0.47639212,-0.22542214,-0.4201365,0.507775,-0.38433555,-0.55648845,-0.1349378,-0.5473136,0.3473265,0.043475892,0.57308877,-0.20608865,-0.46504796,-0.27863204,-0.02866819,0.40991104,0.54878557
THP-1,-0.026043467,-0.2140287,-0.6047868,0.04927349,-0.5030184,-0.08854662,0.2745232,-0.6538671,0.073760346,0.8062259,0.5389699,0.42856193,0.16237912,-0.17948404,-0.5760068,0.14756292,-0.38292763,-0.626144,0.17096859,-0.25304767,0.66926265,0.17722848,0.58546716,-0.15342948,-0.40687126,-0.23218894,-0.10293508,0.5695007,0.87928206
SNU-398,0.09759042,-1.1444939,-1.569742,0.6604798,0.18208438,-0.015055016,0.56648254,-0.061432064,-0.004583031,1.6937065,1.3109179,1.6425052,0.5035854,-0.7727619,0.06908667,-1.3597317,0.29650894,-1.2773151,1.4055886,-0.3431937,0.46551234,0.18847993,-0.41703415,-0.6475764,0.63758564,-1.1864161,0.3668051,0.49930543,2.0401103
BJ1-hTERT,0.006739691,0.044151057,-0.6153745,-0.04858665,-0.58440393,-0.04967258,0.27994993,-0.5321434,0.17833507,0.42815447,0.1022158,0.079255804,0.2453313,-0.051414713,-0.5720279,0.7080238,-0.51335657,-0.53468585,-0.14340925,-0.4262933,0.31411722,0.10676126,0.64971083,-0.39790753,-0.6096994,-0.13030541,-0.05571466,0.43487006,0.32415447
COLO 800,0.06881668,-0.09943784,-0.501889,-0.10103491,-0.4916916,-0.1134698,0.21278553,-0.54811627,0.23484316,0.65237164,0.3602355,0.31129918,0.3666868,-0.20937295,-0.47459224,0.3819293,-0.38384366,-0.5808237,-0.02806463,-0.44450718,0.4597999,0.09020444,0.5774133,-0.18769135,-0.444723,-0.26240644,-0.054614488,0.46566617,0.66424966
EFO-27,0.11975292,-0.03790697,-0.4466368,-0.18174472,-0.48560953,-0.12685259,0.17963478,-0.49133217,0.32133842,0.5697579,0.26426202,0.24833359,0.47639212,-0.22542214,-0.4201365,0.507775,-0.38433555,-0.55648845,-0.1349378,-0.5473136,0.3473265,0.043475892,0.57308877,-0.20608865,-0.46504796,-0.27863204,-0.02866819,0.40991104,0.54878557
KYO-1,0.28854597,-0.6020564,-1.0452847,0.12487799,0.0113450885,-0.09582289,0.33467725,0.020192742,0.40291432,1.0698669,0.66098803,1.011838,0.89322853,-0.6728851,0.12514728,-0.3645705,0.09815359,-0.9810246,0.573576,-0.7746245,0.023865879,-0.022696692,-0.1468355,-0.586769,0.24559057,-0.9831114,0.34663522,0.2714784,1.1911757
Hs 936.T,0.11975292,-0.03790697,-0.4466368,-0.18174472,-0.48560953,-0.12685259,0.17963478,-0.49133217,0.32133842,0.5697579,0.26426202,0.24833359,0.47639212,-0.22542214,-0.4201365,0.507775,-0.38433555,-0.55648845,-0.1349378,-0.5473136,0.3473265,0.043475892,0.57308877,-0.20608865,-0.46504796,-0.27863204,-0.02866819,0.40991104,0.54878557
SNU-1079,-0.13821062,-0.2580526,-0.74577117,0.20779034,-0.55210936,-0.039203033,0.3587249,-0.74326587,-0.09624496,0.8521812,0.59338474,0.43799567,-0.07403782,-0.08622274,-0.7089267,0.07109088,-0.43629587,-0.64801276,0.3035354,-0.07146859,0.79860914,0.26322588,0.6230408,-0.21027426,-0.44152167,-0.14945024,-0.14729872,0.65095484,0.93232834
SNU-C2A,0.009194747,0.04236846,-0.61170894,-0.051479325,-0.58225775,-0.051349208,0.27777073,-0.53125685,0.18144162,0.4312306,0.10573603,0.08292878,0.25035077,-0.05519478,-0.5687283,0.70367366,-0.5105538,-0.53515947,-0.14322522,-0.4289223,0.31483865,0.10538648,0.6480463,-0.39374053,-0.6065571,-0.1335276,-0.055127114,0.43432787,0.32903427
NCI-H596,-0.40213242,-0.15796144,-1.1205003,0.5379857,-0.74710196,0.12114908,0.5817843,-0.87424505,-0.45068473,0.6575605,0.37199888,0.17246279,-0.61880815,0.26217842,-1.0506295,0.33793527,-0.6831099,-0.62883997,0.38660625,0.25599653,0.8394733,0.42793357,0.77390677,-0.5608037,-0.69986284,0.14989716,-0.22324306,0.75059694,0.6091082
YD-10B,0.11975292,-0.03790697,-0.4466368,-0.18174472,-0.48560953,-0.12685259,0.17963478,-0.49133217,0.32133842,0.5697579,0.26426202,0.24833359,0.47639212,-0.22542214,-0.4201365,0.507775,-0.38433555,-0.55648845,-0.1349378,-0.5473136,0.3473265,0.043475892,0.57308877,-0.20608865,-0.46504796,-0.27863204,-0.02866819,0.40991104,0.54878557
IM95,-0.22729713,-0.6815185,-1.6676257,0.8053036,-0.27217293,0.14447989,0.71719766,-0.37731087,-0.34957004,1.1186415,0.73343456,0.8876817,-0.19240323,-0.17117767,-0.51770186,-0.46823233,-0.22198066,-1.025787,1.0340335,0.014662385,0.51162195,0.35299918,0.08957416,-0.916457,-0.026665658,-0.52529436,0.13794093,0.6070719,1.2011707
HCC1937,0.006739691,0.044151057,-0.6153745,-0.04858665,-0.58440393,-0.04967258,0.27994993,-0.5321434,0.17833507,0.42815447,0.1022158,0.079255804,0.2453313,-0.051414713,-0.5720279,0.7080238,-0.51335657,-0.53468585,-0.14340925,-0.4262933,0.31411722,0.10676126,0.64971083,-0.39790753,-0.6096994,-0.13030541,-0.05571466,0.43487006,0.32415447
JHH-6,0.10969387,-0.71202654,-1.1313175,0.32898226,-0.0758661,-0.059243128,0.4144917,-0.22385433,0.12752588,1.2530608,0.8992563,1.0986544,0.50065994,-0.56207407,-0.116452605,-0.628364,0.033014446,-0.9966979,0.80206347,-0.4292997,0.41199,0.12913296,-0.03419441,-0.4780118,0.20950162,-0.8362626,0.2155691,0.46085212,1.4550295
L-1236,-0.13821062,-0.2580526,-0.74577117,0.20779034,-0.55210936,-0.039203033,0.3587249,-0.74326587,-0.09624496,0.8521812,0.59338474,0.43799567,-0.07403782,-0.08622274,-0.7089267,0.07109088,-0.43629587,-0.64801276,0.3035354,-0.07146859,0.79860914,0.26322588,0.6230408,-0.21027426,-0.44152167,-0.14945024,-0.14729872,0.65095484,0.93232834
SW48,0.62944955,-1.3034334,-1.8085284,0.4167594,0.74310863,-0.07614058,0.4967416,0.86889184,0.68460846,1.6385827,1.0546166,1.999442,1.7047011,-1.3517531,1.0183752,-1.3910928,0.79652786,-1.550344,1.3985009,-1.2983674,-0.65750206,-0.20691374,-1.1984425,-1.173282,1.2371558,-2.034824,0.93962145,-0.034528553,1.9040279
NCI-H1838,0.22015765,-0.26682287,-0.6941723,-0.07907824,-0.25621653,-0.11886291,0.23507273,-0.23196241,0.39833948,0.75977117,0.4009881,0.5674882,0.71694165,-0.4368356,-0.1464454,0.16793022,-0.16456363,-0.7388631,0.13893664,-0.69827116,0.14807922,-0.008201074,0.24283814,-0.38813215,-0.15037507,-0.6073172,0.15439767,0.32113194,0.78855634
KYM-1,-0.13821062,-0.2580526,-0.74577117,0.20779034,-0.55210936,-0.039203033,0.3587249,-0.74326587,-0.09624496,0.8521812,0.59338474,0.43799567,-0.07403782,-0.08622274,-0.7089267,0.07109088,-0.43629587,-0.64801276,0.3035354,-0.07146859,0.79860914,0.26322588,0.6230408,-0.21027426,-0.44152167,-0.14945024,-0.14729872,0.65095484,0.93232834
NCI-H1836,0.11975292,-0.03790697,-0.4466368,-0.18174472,-0.48560953,-0.12685259,0.17963478,-0.49133217,0.32133842,0.5697579,0.26426202,0.24833359,0.47639212,-0.22542214,-0.4201365,0.507775,-0.38433555,-0.55648845,-0.1349378,-0.5473136,0.3473265,0.043475892,0.57308877,-0.20608865,-0.46504796,-0.27863204,-0.02866819,0.40991104,0.54878557
SU-DHL-1,0.006739691,0.044151057,-0.6153745,-0.04858665,-0.58440393,-0.04967258,0.27994993,-0.5321434,0.17833507,0.42815447,0.1022158,0.079255804,0.2453313,-0.051414713,-0.5720279,0.7080238,-0.51335657,-0.53468585,-0.14340925,-0.4262933,0.31411722,0.10676126,0.64971083,-0.39790753,-0.6096994,-0.13030541,-0.05571466,0.43487006,0.32415447
NCI-H209,0.42780954,-0.740255,-1.2061126,0.13325131,0.21820235,-0.10233907,0.34972662,0.30445278,0.5575891,1.1527469,0.683758,1.2275473,1.2144338,-0.87407,0.4195885,-0.5349193,0.28995737,-1.116041,0.7053497,-1.010474,-0.26399377,-0.11507672,-0.44016922,-0.76462513,0.50041527,-1.287087,0.5330051,0.13752362,1.284438
RERF-LC-MS,0.006739691,0.044151057,-0.6153745,-0.04858665,-0.58440393,-0.04967258,0.27994993,-0.5321434,0.17833507,0.42815447,0.1022158,0.079255804,0.2453313,-0.051414713,-0.5720279,0.7080238,-0.51335657,-0.53468585,-0.14340925,-0.4262933,0.31411722,0.10676126,0.64971083,-0.39790753,-0.6096994,-0.13030541,-0.05571466,0.43487006,0.32415447
COLO 678,0.07389566,-0.020256238,-0.511802,-0.12442674,-0.51959145,-0.098934494,0.21842386,-0.5139891,0.25981143,0.5355561,0.2253502,0.2018297,0.38175118,-0.16472197,-0.47954538,0.5547095,-0.42737478,-0.5530671,-0.120795615,-0.49054262,0.354091,0.072046414,0.5993818,-0.26727054,-0.5101609,-0.22648607,-0.04182752,0.42710692,0.49205405
NCC-StC-K140,-0.003526099,-0.027314244,-0.83175147,0.07528618,-0.5217391,-0.0039343536,0.3621887,-0.42298934,0.14002831,0.44777134,0.08383304,0.14935583,0.24218243,-0.064350545,-0.5156407,0.6442978,-0.4718886,-0.6151613,-0.009446368,-0.43727392,0.19538645,0.11481047,0.5240485,-0.59362483,-0.52867013,-0.21643734,0.022277446,0.40344524,0.32408535
SH-SY5Y,-0.11550174,-0.32209408,-0.7018251,0.19102246,-0.5137001,-0.065042704,0.33274513,-0.7535959,-0.07814947,0.95131874,0.7075261,0.5391471,-0.03029409,-0.15129718,-0.6716463,-0.07345724,-0.38206375,-0.6688835,0.3586677,-0.07249096,0.8667973,0.25929683,0.5930623,-0.121118695,-0.371175,-0.20369223,-0.14850403,0.6674223,1.0820693
Hs 819.T,-0.13821062,-0.2580526,-0.74577117,0.20779034,-0.55210936,-0.039203033,0.3587249,-0.74326587,-0.09624496,0.8521812,0.59338474,0.43799567,-0.07403782,-0.08622274,-0.7089267,0.07109088,-0.43629587,-0.64801276,0.3035354,-0.07146859,0.79860914,0.26322588,0.6230408,-0.21027426,-0.44152167,-0.14945024,-0.14729872,0.65095484,0.93232834
SK-MES-1,0.006739691,0.044151057,-0.6153745,-0.04858665,-0.58440393,-0.04967258,0.27994993,-0.5321434,0.17833507,0.42815447,0.1022158,0.079255804,0.2453313,-0.051414713,-0.5720279,0.7080238,-0.51335657,-0.53468585,-0.14340925,-0.4262933,0.31411722,0.10676126,0.64971083,-0.39790753,-0.6096994,-0.13030541,-0.05571466,0.43487006,0.32415447
KYSE-150,0.006739691,0.044151057,-0.6153745,-0.04858665,-0.58440393,-0.04967258,0.27994993,-0.5321434,0.17833507,0.42815447,0.1022158,0.079255804,0.2453313,-0.051414713,-0.5720279,0.7080238,-0.51335657,-0.53468585,-0.14340925,-0.4262933,0.31411722,0.10676126,0.64971083,-0.39790753,-0.6096994,-0.13030541,-0.05571466,0.43487006,0.32415447
JIMT-1,-0.40213242,-0.15796144,-1.1205003,0.5379857,-0.74710196,0.12114908,0.5817843,-0.87424505,-0.45068473,0.6575605,0.37199888,0.17246279,-0.61880815,0.26217842,-1.0506295,0.33793527,-0.6831099,-0.62883997,0.38660625,0.25599653,0.8394733,0.42793357,0.77390677,-0.5608037,-0.69986284,0.14989716,-0.22324306,0.75059694,0.6091082
NB4,0.016267449,0.03723303,-0.60114884,-0.059812747,-0.5760749,-0.05617936,0.27149272,-0.52870274,0.1903912,0.44009256,0.11587736,0.093510166,0.26481122,-0.06608468,-0.55922246,0.6911415,-0.50247926,-0.53652394,-0.14269505,-0.4364961,0.31691697,0.10142589,0.6432511,-0.38173592,-0.5975044,-0.14281031,-0.053434465,0.43276584,0.34309232
NCI-H358,0.25992236,-0.80802006,-1.2507756,0.29833564,0.11432254,-0.0714823,0.41241682,0.06043738,0.30855185,1.2889776,0.874416,1.2641537,0.84347177,-0.75184745,0.17595524,-0.7230063,0.20645854,-1.1074276,0.8707627,-0.69155455,0.09806132,0.023350213,-0.3018546,-0.6477733,0.43061674,-1.1191959,0.3966154,0.3131482,1.4847877
SNU-175,0.11975292,-0.03790697,-0.4466368,-0.18174472,-0.48560953,-0.12685259,0.17963478,-0.49133217,0.32133842,0.5697579,0.26426202,0.24833359,0.47639212,-0.22542214,-0.4201365,0.507775,-0.38433555,-0.55648845,-0.1349378,-0.5473136,0.3473265,0.043475892,0.57308877,-0.20608865,-0.46504796,-0.27863204,-0.02866819,0.40991104,0.54878557
COR-L51,0.006739691,0.044151057,-0.6153745,-0.04858665,-0.58440393,-0.04967258,0.27994993,-0.5321434,0.17833507,0.42815447,0.1022158,0.079255804,0.2453313,-0.051414713,-0.5720279,0.7080238,-0.51335657,-0.53468585,-0.14340925,-0.4262933,0.31411722,0.10676126,0.64971083,-0.39790753,-0.6096994,-0.13030541,-0.05571466,0.43487006,0.32415447
Becker,0.006739691,0.044151057,-0.6153745,-0.04858665,-0.58440393,-0.04967258,0.27994993,-0.5321434,0.17833507,0.42815447,0.1022158,0.079255804,0.2453313,-0.051414713,-0.5720279,0.7080238,-0.51335657,-0.53468585,-0.14340925,-0.4262933,0.31411722,0.10676126,0.64971083,-0.39790753,-0.6096994,-0.13030541,-0.05571466,0.43487006,0.32415447
EWS-502,0.006739691,0.044151057,-0.6153745,-0.04858665,-0.58440393,-0.04967258,0.27994993,-0.5321434,0.17833507,0.42815447,0.1022158,0.079255804,0.2453313,-0.051414713,-0.5720279,0.7080238,-0.51335657,-0.53468585,-0.14340925,-0.4262933,0.31411722,0.10676126,0.64971083,-0.39790753,-0.6096994,-0.13030541,-0.05571466,0.43487006,0.32415447
OVK18,0.02762463,-0.14919774,-0.5465713,-0.035765022,-0.4966101,-0.10264716,0.23959447,-0.59403753,0.1648946,0.7191813,0.43784907,0.36221933,0.2779683,-0.196394,-0.5186305,0.2801581,-0.3834459,-0.60050356,0.058363497,-0.36136785,0.55075693,0.12799373,0.5809106,-0.17281349,-0.42828628,-0.2492848,-0.07559721,0.51075524,0.7576253
UM-UC-3,0.12085635,-0.19397834,-0.8405451,0.036871865,-0.34369832,-0.051411614,0.32252845,-0.2688841,0.27292502,0.6350429,0.2586375,0.41812044,0.51374763,-0.28367004,-0.28056827,0.3446536,-0.278431,-0.7189298,0.13022512,-0.59172755,0.11998814,0.047384217,0.31141165,-0.55499977,-0.2783621,-0.47604972,0.12987569,0.34337974,0.59098846
Hs 742.T,-0.13821062,-0.2580526,-0.74577117,0.20779034,-0.55210936,-0.039203033,0.3587249,-0.74326587,-0.09624496,0.8521812,0.59338474,0.43799567,-0.07403782,-0.08622274,-0.7089267,0.07109088,-0.43629587,-0.64801276,0.3035354,-0.07146859,0.79860914,0.26322588,0.6230408,-0.21027426,-0.44152167,-0.14945024,-0.14729872,0.65095484,0.93232834
COV504,0.006739691,0.044151057,-0.6153745,-0.04858665,-0.58440393,-0.04967258,0.27994993,-0.5321434,0.17833507,0.42815447,0.1022158,0.079255804,0.2453313,-0.051414713,-0.5720279,0.7080238,-0.51335657,-0.53468585,-0.14340925,-0.4262933,0.31411722,0.10676126,0.64971083,-0.39790753,-0.6096994,-0.13030541,-0.05571466,0.43487006,0.32415447
COLO 775,-0.034244932,0.057527203,-0.7183027,0.02290687,-0.60536087,-0.013643749,0.33150953,-0.5235154,0.12121904,0.38354382,0.042688817,0.035679117,0.16523963,0.005723208,-0.61254257,0.76364005,-0.54910547,-0.54389566,-0.11851299,-0.38696635,0.27805322,0.13018948,0.6499676,-0.50448227,-0.6426097,-0.09719089,-0.04882314,0.43692756,0.24691266
SLR25,0.006739691,0.044151057,-0.6153745,-0.04858665,-0.58440393,-0.04967258,0.27994993,-0.5321434,0.17833507,0.42815447,0.1022158,0.079255804,0.2453313,-0.051414713,-0.5720279,0.7080238,-0.51335657,-0.53468585,-0.14340925,-0.4262933,0.31411722,0.10676126,0.64971083,-0.39790753,-0.6096994,-0.13030541,-0.05571466,0.43487006,0.32415447
L3.3,0.09642265,-0.18549597,-0.90061355,0.07877457,-0.3566532,-0.030181654,0.35279596,-0.2644667,0.23903725,0.60823846,0.22317302,0.39159143,0.46588477,-0.2494213,-0.3051735,0.37833744,-0.30008563,-0.72388977,0.14420033,-0.5681407,0.0992327,0.061336547,0.31241828,-0.61738867,-0.29858816,-0.4556669,0.13346642,0.3448232,0.54480857
LAMA-84,0.006739691,0.044151057,-0.6153745,-0.04858665,-0.58440393,-0.04967258,0.27994993,-0.5321434,0.17833507,0.42815447,0.1022158,0.079255804,0.2453313,-0.051414713,-0.5720279,0.7080238,-0.51335657,-0.53468585,-0.14340925,-0.4262933,0.31411722,0.10676126,0.64971083,-0.39790753,-0.6096994,-0.13030541,-0.05571466,0.43487006,0.32415447
SK-ES-1,0.11975292,-0.03790697,-0.4466368,-0.18174472,-0.48560953,-0.12685259,0.17963478,-0.49133217,0.32133842,0.5697579,0.26426202,0.24833359,0.47639212,-0.22542214,-0.4201365,0.507775,-0.38433555,-0.55648845,-0.1349378,-0.5473136,0.3473265,0.043475892,0.57308877,-0.20608865,-0.46504796,-0.27863204,-0.02866819,0.40991104,0.54878557
EC-GI-10,0.006739691,0.044151057,-0.6153745,-0.04858665,-0.58440393,-0.04967258,0.27994993,-0.5321434,0.17833507,0.42815447,0.1022158,0.079255804,0.2453313,-0.051414713,-0.5720279,0.7080238,-0.51335657,-0.53468585,-0.14340925,-0.4262933,0.31411722,0.10676126,0.64971083,-0.39790753,-0.6096994,-0.13030541,-0.05571466,0.43487006,0.32415447
MDA-MB-436,-0.13821062,-0.2580526,-0.74577117,0.20779034,-0.55210936,-0.039203033,0.3587249,-0.74326587,-0.09624496,0.8521812,0.59338474,0.43799567,-0.07403782,-0.08622274,-0.7089267,0.07109088,-0.43629587,-0.64801276,0.3035354,-0.07146859,0.79860914,0.26322588,0.6230408,-0.21027426,-0.44152167,-0.14945024,-0.14729872,0.65095484,0.93232834
HL-60,-0.21758232,-0.75513667,-1.1278062,0.58427906,-0.33361155,-0.007825136,0.5060065,-0.73699856,-0.33418435,1.428962,1.1881057,1.0573754,-0.22866133,-0.27813286,-0.6336572,-0.8456246,-0.18584882,-0.9213752,1.0013906,0.17926008,1.1120665,0.3887053,0.31718674,-0.21317945,-0.016703933,-0.4335847,-0.083828546,0.79784346,1.7268242
HCC1428,-0.13821062,-0.2580526,-0.74577117,0.20779034,-0.55210936,-0.039203033,0.3587249,-0.74326587,-0.09624496,0.8521812,0.59338474,0.43799567,-0.07403782,-0.08622274,-0.7089267,0.07109088,-0.43629587,-0.64801276,0.3035354,-0.07146859,0.79860914,0.26322588,0.6230408,-0.21027426,-0.44152167,-0.14945024,-0.14729872,0.65095484,0.93232834
BC-3C,-0.55457294,-0.68609583,-1.4797708,0.96834004,-0.58106285,0.15487178,0.74023604,-1.0024091,-0.795887,1.312263,1.0791161,0.8149808,-0.9392605,0.11839387,-1.0925158,-0.6815974,-0.4692711,-0.88839793,1.1493442,0.65795255,1.3544133,0.6163103,0.54862696,-0.4607464,-0.30900675,-0.05060956,-0.23694363,0.9879631,1.5237057
U266B1,0.18215862,-0.18018769,-0.6004904,-0.11793326,-0.3430323,-0.12188667,0.21409175,-0.33012313,0.36919776,0.687859,0.34924296,0.44670135,0.6259036,-0.35682434,-0.25002617,0.2965474,-0.24773821,-0.6698418,0.035286486,-0.64114,0.22348607,0.011356521,0.36782435,-0.31923622,-0.26946574,-0.48292345,0.085114814,0.35473117,0.69781303
ABC-1,0.22015765,-0.26682287,-0.6941723,-0.07907824,-0.25621653,-0.11886291,0.23507273,-0.23196241,0.39833948,0.75977117,0.4009881,0.5674882,0.71694165,-0.4368356,-0.1464454,0.16793022,-0.16456363,-0.7388631,0.13893664,-0.69827116,0.14807922,-0.008201074,0.24283814,-0.38813215,-0.15037507,-0.6073172,0.15439767,0.32113194,0.78855634
NCI-H522,0.11975292,-0.03790697,-0.4466368,-0.18174472,-0.48560953,-0.12685259,0.17963478,-0.49133217,0.32133842,0.5697579,0.26426202,0.24833359,0.47639212,-0.22542214,-0.4201365,0.507775,-0.38433555,-0.55648845,-0.1349378,-0.5473136,0.3473265,0.043475892,0.57308877,-0.20608865,-0.46504796,-0.27863204,-0.02866819,0.40991104,0.54878557
Ri-1,0.006739691,0.044151057,-0.6153745,-0.04858665,-0.58440393,-0.04967258,0.27994993,-0.5321434,0.17833507,0.42815447,0.1022158,0.079255804,0.2453313,-0.051414713,-0.5720279,0.7080238,-0.51335657,-0.53468585,-0.14340925,-0.4262933,0.31411722,0.10676126,0.64971083,-0.39790753,-0.6096994,-0.13030541,-0.05571466,0.43487006,0.32415447
SK-N-MC,-0.13821062,-0.2580526,-0.74577117,0.20779034,-0.55210936,-0.039203033,0.3587249,-0.74326587,-0.09624496,0.8521812,0.59338474,0.43799567,-0.07403782,-0.08622274,-0.7089267,0.07109088,-0.43629587,-0.64801276,0.3035354,-0.07146859,0.79860914,0.26322588,0.6230408,-0.21027426,-0.44152167,-0.14945024,-0.14729872,0.65095484,0.93232834
CAMA-1,0.075714454,-0.24693762,-1.0328228,0.17059103,-0.3228804,-0.0025158077,0.40647134,-0.2242789,0.19159092,0.65021247,0.24967466,0.45460823,0.43125415,-0.25451013,-0.29032713,0.2964654,-0.27485266,-0.7761308,0.25342312,-0.5412075,0.07459268,0.08043965,0.24452186,-0.7126228,-0.2448624,-0.49964172,0.16717133,0.3465408,0.5892046
JHUEM-2,-0.18993914,-0.5192052,-0.89167154,0.38909033,-0.4560451,-0.03496544,0.4181608,-0.7914514,-0.23316985,1.180053,0.94753426,0.76684076,-0.18317786,-0.1828696,-0.7003108,-0.43731403,-0.3137802,-0.7749505,0.66315913,0.09357077,1.0380383,0.33996114,0.50090796,-0.13885334,-0.23289423,-0.270795,-0.14604306,0.75536776,1.3938601
SK-RC-31,0.006739691,0.044151057,-0.6153745,-0.04858665,-0.58440393,-0.04967258,0.27994993,-0.5321434,0.17833507,0.42815447,0.1022158,0.079255804,0.2453313,-0.051414713,-0.5720279,0.7080238,-0.51335657,-0.53468585,-0.14340925,-0.4262933,0.31411722,0.10676126,0.64971083,-0.39790753,-0.6096994,-0.13030541,-0.05571466,0.43487006,0.32415447
LN-18,0.006739691,0.044151057,-0.6153745,-0.04858665,-0.58440393,-0.04967258,0.27994993,-0.5321434,0.17833507,0.42815447,0.1022158,0.079255804,0.2453313,-0.051414713,-0.5720279,0.7080238,-0.51335657,-0.53468585,-0.14340925,-0.4262933,0.31411722,0.10676126,0.64971083,-0.39790753,-0.6096994,-0.13030541,-0.05571466,0.43487006,0.32415447
BL-41,0.006739691,0.044151057,-0.6153745,-0.04858665,-0.58440393,-0.04967258,0.27994993,-0.5321434,0.17833507,0.42815447,0.1022158,0.079255804,0.2453313,-0.051414713,-0.5720279,0.7080238,-0.51335657,-0.53468585,-0.14340925,-0.4262933,0.31411722,0.10676126,0.64971083,-0.39790753,-0.6096994,-0.13030541,-0.05571466,0.43487006,0.32415447
NCI-H1618,0.006739691,0.044151057,-0.6153745,-0.04858665,-0.58440393,-0.04967258,0.27994993,-0.5321434,0.17833507,0.42815447,0.1022158,0.079255804,0.2453313,-0.051414713,-0.5720279,0.7080238,-0.51335657,-0.53468585,-0.14340925,-0.4262933,0.31411722,0.10676126,0.64971083,-0.39790753,-0.6096994,-0.13030541,-0.05571466,0.43487006,0.32415447
CAL-51,-0.78744376,-1.282749,-2.0193994,1.5581934,-0.4194718,0.23829322,0.98764956,-1.1516428,-1.2743232,2.0209193,1.8330343,1.5060542,-1.4224072,0.026575536,-1.2008792,-1.8005478,-0.2692212,-1.1984814,2.0670779,1.183964,1.9227992,0.8682682,0.29559913,-0.46701497,0.09934181,-0.23439161,-0.25103545,1.2726977,2.4963303
HLE,0.006739691,0.044151057,-0.6153745,-0.04858665,-0.58440393,-0.04967258,0.27994993,-0.5321434,0.17833507,0.42815447,0.1022158,0.079255804,0.2453313,-0.051414713,-0.5720279,0.7080238,-0.51335657,-0.53468585,-0.14340925,-0.4262933,0.31411722,0.10676126,0.64971083,-0.39790753,-0.6096994,-0.13030541,-0.05571466,0.43487006,0.32415447
NUGC-3,0.2775397,-0.39765003,-0.8356407,-0.020403579,-0.1251167,-0.11429675,0.2667559,-0.0837307,0.44234616,0.86836517,0.4791281,0.74988735,0.85441744,-0.5576599,0.009971082,-0.026293576,-0.038962334,-0.8430915,0.2954579,-0.7845445,0.03420791,-0.037734848,0.054097474,-0.49217135,0.029462844,-0.7951632,0.25902116,0.27039406,0.9255872
S-117,0.47146586,-0.83978844,-1.3137419,0.17789105,0.31794322,-0.09886512,0.37383124,0.41722763,0.59106946,1.2353654,0.743207,1.3663168,1.3190255,-0.9659932,0.5385903,-0.68268496,0.38551494,-1.195338,0.8244312,-1.0761108,-0.35062715,-0.13754605,-0.58376336,-0.84377825,0.6372361,-1.4300004,0.6126028,0.09892219,1.3886912
EoL-1,-0.13821062,-0.2580526,-0.74577117,0.20779034,-0.55210936,-0.039203033,0.3587249,-0.74326587,-0.09624496,0.8521812,0.59338474,0.43799567,-0.07403782,-0.08622274,-0.7089267,0.07109088,-0.43629587,-0.64801276,0.3035354,-0.07146859,0.79860914,0.26322588,0.6230408,-0.21027426,-0.44152167,-0.14945024,-0.14729872,0.65095484,0.93232834
MDA-MB-231,0.24295038,-0.31878874,-0.750365,-0.05577208,-0.20414236,-0.11704918,0.2476576,-0.17308328,0.41581938,0.8029058,0.4320261,0.63993895,0.7715484,-0.4848282,-0.08431521,0.09078258,-0.114673525,-0.78026366,0.20110846,-0.73253983,0.102848396,-0.019932184,0.16786844,-0.42945755,-0.07894164,-0.6819315,0.19595516,0.30097836,0.84298635
NCI-H2452,-0.13821062,-0.2580526,-0.74577117,0.20779034,-0.55210936,-0.039203033,0.3587249,-0.74326587,-0.09624496,0.8521812,0.59338474,0.43799567,-0.07403782,-0.08622274,-0.7089267,0.07109088,-0.43629587,-0.64801276,0.3035354,-0.07146859,0.79860914,0.26322588,0.6230408,-0.21027426,-0.44152167,-0.14945024,-0.14729872,0.65095484,0.93232834
KE-97,-0.13821062,-0.2580526,-0.74577117,0.20779034,-0.55210936,-0.039203033,0.3587249,-0.74326587,-0.09624496,0.8521812,0.59338474,0.43799567,-0.07403782,-0.08622274,-0.7089267,0.07109088,-0.43629587,-0.64801276,0.3035354,-0.07146859,0.79860914,0.26322588,0.6230408,-0.21027426,-0.44152167,-0.14945024,-0.14729872,0.65095484,0.93232834
GI-1,0.006739691,0.044151057,-0.6153745,-0.04858665,-0.58440393,-0.04967258,0.27994993,-0.5321434,0.17833507,0.42815447,0.1022158,0.079255804,0.2453313,-0.051414713,-0.5720279,0.7080238,-0.51335657,-0.53468585,-0.14340925,-0.4262933,0.31411722,0.10676126,0.64971083,-0.39790753,-0.6096994,-0.13030541,-0.05571466,0.43487006,0.32415447
RERF-LC-Ad2,0.23571315,-0.30228838,-0.7325225,-0.063172325,-0.22067711,-0.11762508,0.24366161,-0.19177878,0.4102691,0.78920954,0.42217082,0.6169342,0.7542095,-0.46958944,-0.10404298,0.11527875,-0.1305148,-0.767118,0.18136746,-0.7216587,0.117210224,-0.016207285,0.19167307,-0.41633576,-0.101623416,-0.6582397,0.18275969,0.30737758,0.8257036
KMS-11,-0.13821062,-0.2580526,-0.74577117,0.20779034,-0.55210936,-0.039203033,0.3587249,-0.74326587,-0.09624496,0.8521812,0.59338474,0.43799567,-0.07403782,-0.08622274,-0.7089267,0.07109088,-0.43629587,-0.64801276,0.3035354,-0.07146859,0.79860914,0.26322588,0.6230408,-0.21027426,-0.44152167,-0.14945024,-0.14729872,0.65095484,0.93232834
IOMM-Lee,0.006739691,0.044151057,-0.6153745,-0.04858665,-0.58440393,-0.04967258,0.27994993,-0.5321434,0.17833507,0.42815447,0.1022158,0.079255804,0.2453313,-0.051414713,-0.5720279,0.7080238,-0.51335657,-0.53468585,-0.14340925,-0.4262933,0.31411722,0.10676126,0.64971083,-0.39790753,-0.6096994,-0.13030541,-0.05571466,0.43487006,0.32415447
Hs 578T,0.22015765,-0.26682287,-0.6941723,-0.07907824,-0.25621653,-0.11886291,0.23507273,-0.23196241,0.39833948,0.75977117,0.4009881,0.5674882,0.71694165,-0.4368356,-0.1464454,0.16793022,-0.16456363,-0.7388631,0.13893664,-0.69827116,0.14807922,-0.008201074,0.24283814,-0.38813215,-0.15037507,-0.6073172,0.15439767,0.32113194,0.78855634
SK-MM-2,0.006739691,0.044151057,-0.6153745,-0.04858665,-0.58440393,-0.04967258,0.27994993,-0.5321434,0.17833507,0.42815447,0.1022158,0.079255804,0.2453313,-0.051414713,-0.5720279,0.7080238,-0.51335657,-0.53468585,-0.14340925,-0.4262933,0.31411722,0.10676126,0.64971083,-0.39790753,-0.6096994,-0.13030541,-0.05571466,0.43487006,0.32415447
HCC1954,-0.23964816,-0.2327038,-0.8870269,0.33745614,-0.62193376,0.01957722,0.44285056,-0.79872036,-0.23540854,0.7968827,0.5308056,0.3544746,-0.2841597,0.03937632,-0.83839405,0.14487007,-0.5233476,-0.64519364,0.35020605,0.060819447,0.8312887,0.3289555,0.67700213,-0.3310343,-0.5294241,-0.041139767,-0.17831984,0.6951796,0.8369623
NCI-H1703,0.11975292,-0.03790697,-0.4466368,-0.18174472,-0.48560953,-0.12685259,0.17963478,-0.49133217,0.32133842,0.5697579,0.26426202,0.24833359,0.47639212,-0.22542214,-0.4201365,0.507775,-0.38433555,-0.55648845,-0.1349378,-0.5473136,0.3473265,0.043475892,0.57308877,-0.20608865,-0.46504796,-0.27863204,-0.02866819,0.40991104,0.54878557
TE-14,0.006739691,0.044151057,-0.6153745,-0.04858665,-0.58440393,-0.04967258,0.27994993,-0.5321434,0.17833507,0.42815447,0.1022158,0.079255804,0.2453313,-0.051414713,-0.5720279,0.7080238,-0.51335657,-0.53468585,-0.14340925,-0.4262933,0.31411722,0.10676126,0.64971083,-0.39790753,-0.6096994,-0.13030541,-0.05571466,0.43487006,0.32415447
COLO 201,0.0911715,-0.07243326,-0.47763997,-0.13645671,-0.48902228,-0.11934322,0.19823638,-0.52319497,0.27280408,0.61611426,0.3181148,0.2836649,0.4148341,-0.2164166,-0.45069277,0.43716028,-0.38405955,-0.57014346,-0.07496897,-0.4896267,0.41043773,0.069696285,0.5755154,-0.19576553,-0.4536432,-0.2695275,-0.043227214,0.44119644,0.613575
PL-21,0.016267449,0.03723303,-0.60114884,-0.059812747,-0.5760749,-0.05617936,0.27149272,-0.52870274,0.1903912,0.44009256,0.11587736,0.093510166,0.26481122,-0.06608468,-0.55922246,0.6911415,-0.50247926,-0.53652394,-0.14269505,-0.4364961,0.31691697,0.10142589,0.6432511,-0.38173592,-0.5975044,-0.14281031,-0.053434465,0.43276584,0.34309232
MDA-MB-415,0.019513078,-0.15899648,-0.55537015,-0.022912055,-0.49757868,-0.10051597,0.2448737,-0.60308033,0.1511203,0.7323375,0.45313275,0.37224653,0.2604978,-0.19383818,-0.5273025,0.2601173,-0.38336757,-0.60437894,0.07538296,-0.34499604,0.56866825,0.13543521,0.5815993,-0.16988373,-0.42504954,-0.24670088,-0.07972913,0.5196342,0.77601284
A-204,0.10969387,-0.71202654,-1.1313175,0.32898226,-0.0758661,-0.059243128,0.4144917,-0.22385433,0.12752588,1.2530608,0.8992563,1.0986544,0.50065994,-0.56207407,-0.116452605,-0.628364,0.033014446,-0.9966979,0.80206347,-0.4292997,0.41199,0.12913296,-0.03419441,-0.4780118,0.20950162,-0.8362626,0.2155691,0.46085212,1.4550295
Hs 863.T,-0.13821062,-0.2580526,-0.74577117,0.20779034,-0.55210936,-0.039203033,0.3587249,-0.74326587,-0.09624496,0.8521812,0.59338474,0.43799567,-0.07403782,-0.08622274,-0.7089267,0.07109088,-0.43629587,-0.64801276,0.3035354,-0.07146859,0.79860914,0.26322588,0.6230408,-0.21027426,-0.44152167,-0.14945024,-0.14729872,0.65095484,0.93232834
SNU-C1,0.006739691,0.044151057,-0.6153745,-0.04858665,-0.58440393,-0.04967258,0.27994993,-0.5321434,0.17833507,0.42815447,0.1022158,0.079255804,0.2453313,-0.051414713,-0.5720279,0.7080238,-0.51335657,-0.53468585,-0.14340925,-0.4262933,0.31411722,0.10676126,0.64971083,-0.39790753,-0.6096994,-0.13030541,-0.05571466,0.43487006,0.32415447
Caov-4,0.006739691,0.044151057,-0.6153745,-0.04858665,-0.58440393,-0.04967258,0.27994993,-0.5321434,0.17833507,0.42815447,0.1022158,0.079255804,0.2453313,-0.051414713,-0.5720279,0.7080238,-0.51335657,-0.53468585,-0.14340925,-0.4262933,0.31411722,0.10676126,0.64971083,-0.39790753,-0.6096994,-0.13030541,-0.05571466,0.43487006,0.32415447
HEC-6,0.34021196,-1.3284347,-1.7920936,0.6325934,0.5071891,-0.031984277,0.57310236,0.40987492,0.28005877,1.7808416,1.2977042,1.9463818,1.0592383,-1.0940897,0.5550624,-1.5611126,0.5948465,-1.4751606,1.556538,-0.76247257,-0.0396339,0.020976802,-0.87586844,-0.9337783,1.023974,-1.6678511,0.6700881,0.26250488,2.126752
KHM-1B,-0.05525037,-0.41866267,-0.8088397,0.2221348,-0.40137342,-0.064252436,0.35194072,-0.6151292,-0.02104947,1.0242331,0.7516037,0.6790238,0.11122501,-0.2572183,-0.5267888,-0.20889884,-0.2758993,-0.7514877,0.4665644,-0.16910079,0.7446155,0.22357558,0.4323664,-0.21337634,-0.22367299,-0.36636418,-0.054018345,0.6116862,1.1715012
BICR 6,0.006739691,0.044151057,-0.6153745,-0.04858665,-0.58440393,-0.04967258,0.27994993,-0.5321434,0.17833507,0.42815447,0.1022158,0.079255804,0.2453313,-0.051414713,-0.5720279,0.7080238,-0.51335657,-0.53468585,-0.14340925,-0.4262933,0.31411722,0.10676126,0.64971083,-0.39790753,-0.6096994,-0.13030541,-0.05571466,0.43487006,0.32415447
BxPC-3,0.006739691,0.044151057,-0.6153745,-0.04858665,-0.58440393,-0.04967258,0.27994993,-0.5321434,0.17833507,0.42815447,0.1022158,0.079255804,0.2453313,-0.051414713,-0.5720279,0.7080238,-0.51335657,-0.53468585,-0.14340925,-0.4262933,0.31411722,0.10676126,0.64971083,-0.39790753,-0.6096994,-0.13030541,-0.05571466,0.43487006,0.32415447
MEG-01,0.006739691,0.044151057,-0.6153745,-0.04858665,-0.58440393,-0.04967258,0.27994993,-0.5321434,0.17833507,0.42815447,0.1022158,0.079255804,0.2453313,-0.051414713,-0.5720279,0.7080238,-0.51335657,-0.53468585,-0.14340925,-0.4262933,0.31411722,0.10676126,0.64971083,-0.39790753,-0.6096994,-0.13030541,-0.05571466,0.43487006,0.32415447
NU-DHL-1,0.016267449,0.03723303,-0.60114884,-0.059812747,-0.5760749,-0.05617936,0.27149272,-0.52870274,0.1903912,0.44009256,0.11587736,0.093510166,0.26481122,-0.06608468,-0.55922246,0.6911415,-0.50247926,-0.53652394,-0.14269505,-0.4364961,0.31691697,0.10142589,0.6432511,-0.38173592,-0.5975044,-0.14281031,-0.053434465,0.43276584,0.34309232
EN,-0.068038814,-0.63933516,-1.0315943,0.39579317,-0.275499,-0.040751442,0.43104476,-0.54298556,-0.097555995,1.251755,0.96668524,0.95459473,0.0979217,-0.35854065,-0.44297847,-0.5850168,-0.14641866,-0.8925817,0.77734363,-0.11299685,0.7860149,0.25900218,0.24491683,-0.2941856,-0.010689884,-0.53616107,0.016774612,0.6380638,1.474376
SCLC-21H,0.11975292,-0.03790697,-0.4466368,-0.18174472,-0.48560953,-0.12685259,0.17963478,-0.49133217,0.32133842,0.5697579,0.26426202,0.24833359,0.47639212,-0.22542214,-0.4201365,0.507775,-0.38433555,-0.55648845,-0.1349378,-0.5473136,0.3473265,0.043475892,0.57308877,-0.20608865,-0.46504796,-0.27863204,-0.02866819,0.40991104,0.54878557
NCI-H647,0.016267449,0.03723303,-0.60114884,-0.059812747,-0.5760749,-0.05617936,0.27149272,-0.52870274,0.1903912,0.44009256,0.11587736,0.093510166,0.26481122,-0.06608468,-0.55922246,0.6911415,-0.50247926,-0.53652394,-0.14269505,-0.4364961,0.31691697,0.10142589,0.6432511,-0.38173592,-0.5975044,-0.14281031,-0.053434465,0.43276584,0.34309232
NCI-H650,0.11975292,-0.03790697,-0.4466368,-0.18174472,-0.48560953,-0.12685259,0.17963478,-0.49133217,0.32133842,0.5697579,0.26426202,0.24833359,0.47639212,-0.22542214,-0.4201365,0.507775,-0.38433555,-0.55648845,-0.1349378,-0.5473136,0.3473265,0.043475892,0.57308877,-0.20608865,-0.46504796,-0.27863204,-0.02866819,0.40991104,0.54878557
CAS-1,-0.2389524,-0.28026235,-0.87605363,0.34652033,-0.6029629,0.008879423,0.4364717,-0.8168051,-0.24505603,0.8676959,0.6125263,0.42198694,-0.28539458,0.008511841,-0.8307706,0.0404225,-0.4945439,-0.66164446,0.40312716,0.083125174,0.89236224,0.3372611,0.66210145,-0.27977338,-0.4876866,-0.06623356,-0.18472363,0.716283,0.94185024
HCC1359,0.4730458,-0.8433905,-1.3176371,0.17950657,0.32155287,-0.0987394,0.3747036,0.421309,0.5922811,1.2383553,0.74535847,1.3713388,1.3228108,-0.96932,0.542897,-0.6880327,0.3889732,-1.1982079,0.8287407,-1.0784862,-0.35376242,-0.1383592,-0.58896005,-0.84664285,0.6421877,-1.4351724,0.6154834,0.09752518,1.3924642
NCI-H1436,0.27595976,-0.3940479,-0.8317456,-0.022019103,-0.12872633,-0.11442247,0.26588356,-0.08781204,0.4411345,0.86537516,0.47697663,0.7448653,0.8506323,-0.5543332,0.0056643784,-0.020945907,-0.042420596,-0.84022176,0.2911483,-0.7821691,0.037343204,-0.036921676,0.059294164,-0.48930675,0.024511248,-0.78999114,0.2561405,0.27179104,0.9218142
SK-MEL-1,0.06747338,-0.51869595,-0.92842674,0.21325517,-0.23258731,-0.07212949,0.3577006,-0.37378734,0.12106249,1.0753528,0.7514265,0.8415816,0.3927726,-0.42334282,-0.27764958,-0.32249963,-0.1205861,-0.85616136,0.5525919,-0.38014993,0.48954895,0.13965577,0.19385394,-0.36105448,-0.021146357,-0.61580896,0.10202313,0.4923286,1.2246575
GCIY,0.30652165,-0.55622256,-1.142728,0.14023739,0.025060952,-0.066600814,0.36846453,0.12341344,0.4349006,0.9612799,0.5143012,0.94217175,0.9447614,-0.6523713,0.17123085,-0.22039825,0.086812824,-0.992375,0.53242254,-0.85387254,-0.1589255,-0.049955156,-0.19666731,-0.75368327,0.23066247,-1.0067792,0.4061519,0.20527981,1.0186313
BFTC-909,-0.40213242,-0.15796144,-1.1205003,0.5379857,-0.74710196,0.12114908,0.5817843,-0.87424505,-0.45068473,0.6575605,0.37199888,0.17246279,-0.61880815,0.26217842,-1.0506295,0.33793527,-0.6831099,-0.62883997,0.38660625,0.25599653,0.8394733,0.42793357,0.77390677,-0.5608037,-0.69986284,0.14989716,-0.22324306,0.75059694,0.6091082
HGC-27,-0.23964816,-0.2327038,-0.8870269,0.33745614,-0.62193376,0.01957722,0.44285056,-0.79872036,-0.23540854,0.7968827,0.5308056,0.3544746,-0.2841597,0.03937632,-0.83839405,0.14487007,-0.5233476,-0.64519364,0.35020605,0.060819447,0.8312887,0.3289555,0.67700213,-0.3310343,-0.5294241,-0.041139767,-0.17831984,0.6951796,0.8369623
SNG-M,-0.044649966,-1.3885492,-1.7975515,0.93985116,0.20993942,0.02940534,0.6839682,-0.18959391,-0.26540625,1.997184,1.6461434,1.9097617,0.20224318,-0.76502305,-0.048672736,-1.8324137,0.34341016,-1.3927798,1.8039697,-0.045443475,0.7842283,0.32730964,-0.47131324,-0.62626827,0.7675073,-1.2023002,0.32155812,0.6593596,2.4589407
SF172,0.006739691,0.044151057,-0.6153745,-0.04858665,-0.58440393,-0.04967258,0.27994993,-0.5321434,0.17833507,0.42815447,0.1022158,0.079255804,0.2453313,-0.051414713,-0.5720279,0.7080238,-0.51335657,-0.53468585,-0.14340925,-0.4262933,0.31411722,0.10676126,0.64971083,-0.39790753,-0.6096994,-0.13030541,-0.05571466,0.43487006,0.32415447
JL-1,-0.13821062,-0.2580526,-0.74577117,0.20779034,-0.55210936,-0.039203033,0.3587249,-0.74326587,-0.09624496,0.8521812,0.59338474,0.43799567,-0.07403782,-0.08622274,-0.7089267,0.07109088,-0.43629587,-0.64801276,0.3035354,-0.07146859,0.79860914,0.26322588,0.6230408,-0.21027426,-0.44152167,-0.14945024,-0.14729872,0.65095484,0.93232834
LOU-NH91,0.10822892,-0.83900285,-1.2603453,0.42488924,0.001686275,-0.046570256,0.45862842,-0.17277485,0.09161079,1.381593,1.0185363,1.2589455,0.5061927,-0.6258873,-0.058544993,-0.8421754,0.11194906,-1.0797513,0.97837245,-0.40786156,0.42325425,0.14493288,-0.14909494,-0.5296022,0.33691335,-0.9418739,0.26198784,0.4700082,1.625447
TEN,-0.49034622,-0.36303848,-1.2598718,0.72665334,-0.70709324,0.13947181,0.65165496,-0.9684399,-0.6247919,0.9219457,0.66603345,0.41297036,-0.8077607,0.23388296,-1.1134702,-0.06909782,-0.621776,-0.7214633,0.6960273,0.46434343,1.0971901,0.52342725,0.71907365,-0.5017765,-0.5715426,0.10988146,-0.25484255,0.8711231,0.9803864
G-401,-0.13821062,-0.2580526,-0.74577117,0.20779034,-0.55210936,-0.039203033,0.3587249,-0.74326587,-0.09624496,0.8521812,0.59338474,0.43799567,-0.07403782,-0.08622274,-0.7089267,0.07109088,-0.43629587,-0.64801276,0.3035354,-0.07146859,0.79860914,0.26322588,0.6230408,-0.21027426,-0.44152167,-0.14945024,-0.14729872,0.65095484,0.93232834
B-CPAP,0.11975292,-0.03790697,-0.4466368,-0.18174472,-0.48560953,-0.12685259,0.17963478,-0.49133217,0.32133842,0.5697579,0.26426202,0.24833359,0.47639212,-0.22542214,-0.4201365,0.507775,-0.38433555,-0.55648845,-0.1349378,-0.5473136,0.3473265,0.043475892,0.57308877,-0.20608865,-0.46504796,-0.27863204,-0.02866819,0.40991104,0.54878557
JHOM-2B,0.11975292,-0.03790697,-0.4466368,-0.18174472,-0.48560953,-0.12685259,0.17963478,-0.49133217,0.32133842,0.5697579,0.26426202,0.24833359,0.47639212,-0.22542214,-0.4201365,0.507775,-0.38433555,-0.55648845,-0.1349378,-0.5473136,0.3473265,0.043475892,0.57308877,-0.20608865,-0.46504796,-0.27863204,-0.02866819,0.40991104,0.54878557
KMS-18,0.006739691,0.044151057,-0.6153745,-0.04858665,-0.58440393,-0.04967258,0.27994993,-0.5321434,0.17833507,0.42815447,0.1022158,0.079255804,0.2453313,-0.051414713,-0.5720279,0.7080238,-0.51335657,-0.53468585,-0.14340925,-0.4262933,0.31411722,0.10676126,0.64971083,-0.39790753,-0.6096994,-0.13030541,-0.05571466,0.43487006,0.32415447
LN-340,0.006739691,0.044151057,-0.6153745,-0.04858665,-0.58440393,-0.04967258,0.27994993,-0.5321434,0.17833507,0.42815447,0.1022158,0.079255804,0.2453313,-0.051414713,-0.5720279,0.7080238,-0.51335657,-0.53468585,-0.14340925,-0.4262933,0.31411722,0.10676126,0.64971083,-0.39790753,-0.6096994,-0.13030541,-0.05571466,0.43487006,0.32415447
MHH-CALL-3,-0.13821062,-0.2580526,-0.74577117,0.20779034,-0.55210936,-0.039203033,0.3587249,-0.74326587,-0.09624496,0.8521812,0.59338474,0.43799567,-0.07403782,-0.08622274,-0.7089267,0.07109088,-0.43629587,-0.64801276,0.3035354,-0.07146859,0.79860914,0.26322588,0.6230408,-0.21027426,-0.44152167,-0.14945024,-0.14729872,0.65095484,0.93232834
SNU-213,0.016267449,0.03723303,-0.60114884,-0.059812747,-0.5760749,-0.05617936,0.27149272,-0.52870274,0.1903912,0.44009256,0.11587736,0.093510166,0.26481122,-0.06608468,-0.55922246,0.6911415,-0.50247926,-0.53652394,-0.14269505,-0.4364961,0.31691697,0.10142589,0.6432511,-0.38173592,-0.5975044,-0.14281031,-0.053434465,0.43276584,0.34309232
SNU-387,0.3704779,-0.6095428,-1.0647686,0.074628204,0.08721769,-0.10690121,0.31807125,0.15635127,0.5136211,1.0442482,0.60568666,1.0453084,1.0770787,-0.75335175,0.26330936,-0.3408661,0.16446641,-1.011904,0.5489658,-0.9242763,-0.15022248,-0.08556889,-0.25159436,-0.6606773,0.32073534,-1.099406,0.42847347,0.18821697,1.1475276
MDST8,0.11975292,-0.03790697,-0.4466368,-0.18174472,-0.48560953,-0.12685259,0.17963478,-0.49133217,0.32133842,0.5697579,0.26426202,0.24833359,0.47639212,-0.22542214,-0.4201365,0.507775,-0.38433555,-0.55648845,-0.1349378,-0.5473136,0.3473265,0.043475892,0.57308877,-0.20608865,-0.46504796,-0.27863204,-0.02866819,0.40991104,0.54878557
KMS-20,0.016267449,0.03723303,-0.60114884,-0.059812747,-0.5760749,-0.05617936,0.27149272,-0.52870274,0.1903912,0.44009256,0.11587736,0.093510166,0.26481122,-0.06608468,-0.55922246,0.6911415,-0.50247926,-0.53652394,-0.14269505,-0.4364961,0.31691697,0.10142589,0.6432511,-0.38173592,-0.5975044,-0.14281031,-0.053434465,0.43276584,0.34309232
MHH-CALL-4,0.07389566,-0.020256238,-0.511802,-0.12442674,-0.51959145,-0.098934494,0.21842386,-0.5139891,0.25981143,0.5355561,0.2253502,0.2018297,0.38175118,-0.16472197,-0.47954538,0.5547095,-0.42737478,-0.5530671,-0.120795615,-0.49054262,0.354091,0.072046414,0.5993818,-0.26727054,-0.5101609,-0.22648607,-0.04182752,0.42710692,0.49205405
NCI-H1648,0.006739691,0.044151057,-0.6153745,-0.04858665,-0.58440393,-0.04967258,0.27994993,-0.5321434,0.17833507,0.42815447,0.1022158,0.079255804,0.2453313,-0.051414713,-0.5720279,0.7080238,-0.51335657,-0.53468585,-0.14340925,-0.4262933,0.31411722,0.10676126,0.64971083,-0.39790753,-0.6096994,-0.13030541,-0.05571466,0.43487006,0.32415447
Calu-3,0.11975292,-0.03790697,-0.4466368,-0.18174472,-0.48560953,-0.12685259,0.17963478,-0.49133217,0.32133842,0.5697579,0.26426202,0.24833359,0.47639212,-0.22542214,-0.4201365,0.507775,-0.38433555,-0.55648845,-0.1349378,-0.5473136,0.3473265,0.043475892,0.57308877,-0.20608865,-0.46504796,-0.27863204,-0.02866819,0.40991104,0.54878557
H4,-0.13821062,-0.2580526,-0.74577117,0.20779034,-0.55210936,-0.039203033,0.3587249,-0.74326587,-0.09624496,0.8521812,0.59338474,0.43799567,-0.07403782,-0.08622274,-0.7089267,0.07109088,-0.43629587,-0.64801276,0.3035354,-0.07146859,0.79860914,0.26322588,0.6230408,-0.21027426,-0.44152167,-0.14945024,-0.14729872,0.65095484,0.93232834
Rh18,0.006739691,0.044151057,-0.6153745,-0.04858665,-0.58440393,-0.04967258,0.27994993,-0.5321434,0.17833507,0.42815447,0.1022158,0.079255804,0.2453313,-0.051414713,-0.5720279,0.7080238,-0.51335657,-0.53468585,-0.14340925,-0.4262933,0.31411722,0.10676126,0.64971083,-0.39790753,-0.6096994,-0.13030541,-0.05571466,0.43487006,0.32415447
NCI-H292,0.006739691,0.044151057,-0.6153745,-0.04858665,-0.58440393,-0.04967258,0.27994993,-0.5321434,0.17833507,0.42815447,0.1022158,0.079255804,0.2453313,-0.051414713,-0.5720279,0.7080238,-0.51335657,-0.53468585,-0.14340925,-0.4262933,0.31411722,0.10676126,0.64971083,-0.39790753,-0.6096994,-0.13030541,-0.05571466,0.43487006,0.32415447
22Rv1,0.15400961,-0.11600986,-0.53109246,-0.14671636,-0.40734386,-0.12412662,0.19854942,-0.40283886,0.3476101,0.63458776,0.31091106,0.35722464,0.5584642,-0.29755342,-0.32675695,0.39182475,-0.30935246,-0.6187121,-0.04149569,-0.5988182,0.2793461,0.025844438,0.4604119,-0.26819932,-0.35768598,-0.3907748,0.03379131,0.37962085,0.630592
NCI-H2087,0.11975292,-0.03790697,-0.4466368,-0.18174472,-0.48560953,-0.12685259,0.17963478,-0.49133217,0.32133842,0.5697579,0.26426202,0.24833359,0.47639212,-0.22542214,-0.4201365,0.507775,-0.38433555,-0.55648845,-0.1349378,-0.5473136,0.3473265,0.043475892,0.57308877,-0.20608865,-0.46504796,-0.27863204,-0.02866819,0.40991104,0.54878557
SK-RC-20,0.006739691,0.044151057,-0.6153745,-0.04858665,-0.58440393,-0.04967258,0.27994993,-0.5321434,0.17833507,0.42815447,0.1022158,0.079255804,0.2453313,-0.051414713,-0.5720279,0.7080238,-0.51335657,-0.53468585,-0.14340925,-0.4262933,0.31411722,0.10676126,0.64971083,-0.39790753,-0.6096994,-0.13030541,-0.05571466,0.43487006,0.32415447
U-343MGa,0.006739691,0.044151057,-0.6153745,-0.04858665,-0.58440393,-0.04967258,0.27994993,-0.5321434,0.17833507,0.42815447,0.1022158,0.079255804,0.2453313,-0.051414713,-0.5720279,0.7080238,-0.51335657,-0.53468585,-0.14340925,-0.4262933,0.31411722,0.10676126,0.64971083,-0.39790753,-0.6096994,-0.13030541,-0.05571466,0.43487006,0.32415447
HCC1569,-0.2389524,-0.28026235,-0.87605363,0.34652033,-0.6029629,0.008879423,0.4364717,-0.8168051,-0.24505603,0.8676959,0.6125263,0.42198694,-0.28539458,0.008511841,-0.8307706,0.0404225,-0.4945439,-0.66164446,0.40312716,0.083125174,0.89236224,0.3372611,0.66210145,-0.27977338,-0.4876866,-0.06623356,-0.18472363,0.716283,0.94185024
NCI-H2106,0.35845223,-0.58212507,-1.0351207,0.062331617,0.05974281,-0.10785815,0.31143135,0.12528598,0.5043985,1.02149,0.5893107,1.0070826,1.0482676,-0.7280303,0.23052883,-0.3001622,0.13814387,-0.9900606,0.51616335,-0.90619576,-0.12635824,-0.07937944,-0.21203953,-0.6388736,0.2830463,-1.0600387,0.4065473,0.19885021,1.1188097
HEL,0.11975292,-0.03790697,-0.4466368,-0.18174472,-0.48560953,-0.12685259,0.17963478,-0.49133217,0.32133842,0.5697579,0.26426202,0.24833359,0.47639212,-0.22542214,-0.4201365,0.507775,-0.38433555,-0.55648845,-0.1349378,-0.5473136,0.3473265,0.043475892,0.57308877,-0.20608865,-0.46504796,-0.27863204,-0.02866819,0.40991104,0.54878557
NCI-H2085,0.006739691,0.044151057,-0.6153745,-0.04858665,-0.58440393,-0.04967258,0.27994993,-0.5321434,0.17833507,0.42815447,0.1022158,0.079255804,0.2453313,-0.051414713,-0.5720279,0.7080238,-0.51335657,-0.53468585,-0.14340925,-0.4262933,0.31411722,0.10676126,0.64971083,-0.39790753,-0.6096994,-0.13030541,-0.05571466,0.43487006,0.32415447
IST-Mes2,0.006739691,0.044151057,-0.6153745,-0.04858665,-0.58440393,-0.04967258,0.27994993,-0.5321434,0.17833507,0.42815447,0.1022158,0.079255804,0.2453313,-0.051414713,-0.5720279,0.7080238,-0.51335657,-0.53468585,-0.14340925,-0.4262933,0.31411722,0.10676126,0.64971083,-0.39790753,-0.6096994,-0.13030541,-0.05571466,0.43487006,0.32415447
MDA-MB-175-VII,0.006739691,0.044151057,-0.6153745,-0.04858665,-0.58440393,-0.04967258,0.27994993,-0.5321434,0.17833507,0.42815447,0.1022158,0.079255804,0.2453313,-0.051414713,-0.5720279,0.7080238,-0.51335657,-0.53468585,-0.14340925,-0.4262933,0.31411722,0.10676126,0.64971083,-0.39790753,-0.6096994,-0.13030541,-0.05571466,0.43487006,0.32415447
MDA-MB-453,-0.46016797,-1.2781718,-2.2072544,1.3951571,-0.110581905,0.22790132,0.96461105,-0.5265447,-0.8280064,1.8272977,1.4873526,1.578755,-0.67555,-0.26299593,-0.6260654,-1.587183,-0.021930814,-1.3358705,1.9517672,0.540674,1.0800079,0.6049571,-0.16345364,-0.92272556,0.3816828,-0.7090763,0.12384903,0.89180654,2.173795
TUHR10TKB,-0.13821062,-0.2580526,-0.74577117,0.20779034,-0.55210936,-0.039203033,0.3587249,-0.74326587,-0.09624496,0.8521812,0.59338474,0.43799567,-0.07403782,-0.08622274,-0.7089267,0.07109088,-0.43629587,-0.64801276,0.3035354,-0.07146859,0.79860914,0.26322588,0.6230408,-0.21027426,-0.44152167,-0.14945024,-0.14729872,0.65095484,0.93232834
NCI-H2066,0.006739691,0.044151057,-0.6153745,-0.04858665,-0.58440393,-0.04967258,0.27994993,-0.5321434,0.17833507,0.42815447,0.1022158,0.079255804,0.2453313,-0.051414713,-0.5720279,0.7080238,-0.51335657,-0.53468585,-0.14340925,-0.4262933,0.31411722,0.10676126,0.64971083,-0.39790753,-0.6096994,-0.13030541,-0.05571466,0.43487006,0.32415447
D341 Med,-0.13821062,-0.2580526,-0.74577117,0.20779034,-0.55210936,-0.039203033,0.3587249,-0.74326587,-0.09624496,0.8521812,0.59338474,0.43799567,-0.07403782,-0.08622274,-0.7089267,0.07109088,-0.43629587,-0.64801276,0.3035354,-0.07146859,0.79860914,0.26322588,0.6230408,-0.21027426,-0.44152167,-0.14945024,-0.14729872,0.65095484,0.93232834
KP-2,0.016267449,0.03723303,-0.60114884,-0.059812747,-0.5760749,-0.05617936,0.27149272,-0.52870274,0.1903912,0.44009256,0.11587736,0.093510166,0.26481122,-0.06608468,-0.55922246,0.6911415,-0.50247926,-0.53652394,-0.14269505,-0.4364961,0.31691697,0.10142589,0.6432511,-0.38173592,-0.5975044,-0.14281031,-0.053434465,0.43276584,0.34309232
COR-L311,0.006739691,0.044151057,-0.6153745,-0.04858665,-0.58440393,-0.04967258,0.27994993,-0.5321434,0.17833507,0.42815447,0.1022158,0.079255804,0.2453313,-0.051414713,-0.5720279,0.7080238,-0.51335657,-0.53468585,-0.14340925,-0.4262933,0.31411722,0.10676126,0.64971083,-0.39790753,-0.6096994,-0.13030541,-0.05571466,0.43487006,0.32415447
BHY,-0.13821062,-0.2580526,-0.74577117,0.20779034,-0.55210936,-0.039203033,0.3587249,-0.74326587,-0.09624496,0.8521812,0.59338474,0.43799567,-0.07403782,-0.08622274,-0.7089267,0.07109088,-0.43629587,-0.64801276,0.3035354,-0.07146859,0.79860914,0.26322588,0.6230408,-0.21027426,-0.44152167,-0.14945024,-0.14729872,0.65095484,0.93232834
MCAS,0.11975292,-0.03790697,-0.4466368,-0.18174472,-0.48560953,-0.12685259,0.17963478,-0.49133217,0.32133842,0.5697579,0.26426202,0.24833359,0.47639212,-0.22542214,-0.4201365,0.507775,-0.38433555,-0.55648845,-0.1349378,-0.5473136,0.3473265,0.043475892,0.57308877,-0.20608865,-0.46504796,-0.27863204,-0.02866819,0.40991104,0.54878557
SLR20,0.006739691,0.044151057,-0.6153745,-0.04858665,-0.58440393,-0.04967258,0.27994993,-0.5321434,0.17833507,0.42815447,0.1022158,0.079255804,0.2453313,-0.051414713,-0.5720279,0.7080238,-0.51335657,-0.53468585,-0.14340925,-0.4262933,0.31411722,0.10676126,0.64971083,-0.39790753,-0.6096994,-0.13030541,-0.05571466,0.43487006,0.32415447
HCT 116,0.5948102,-1.831072,-2.3405576,0.8347534,1.0405496,-0.019362979,0.68683434,1.0347973,0.4960906,2.1842427,1.5719738,2.657156,1.6638039,-1.5902213,1.2120969,-2.292207,1.1030688,-1.88642,2.1433225,-1.1567469,-0.54986024,-0.11904739,-1.6417912,-1.3629917,1.7430595,-2.4353657,1.1049737,0.03269136,2.630875
MKN45,0.006739691,0.044151057,-0.6153745,-0.04858665,-0.58440393,-0.04967258,0.27994993,-0.5321434,0.17833507,0.42815447,0.1022158,0.079255804,0.2453313,-0.051414713,-0.5720279,0.7080238,-0.51335657,-0.53468585,-0.14340925,-0.4262933,0.31411722,0.10676126,0.64971083,-0.39790753,-0.6096994,-0.13030541,-0.05571466,0.43487006,0.32415447
NCI-H2444,-0.026846148,-0.042466015,-0.6420845,0.014303282,-0.570445,-0.05085203,0.29617068,-0.58752847,0.111000314,0.5510708,0.24449183,0.18582097,0.17039439,-0.06998736,-0.60138935,0.52404106,-0.48562285,-0.56669885,-0.021203808,-0.33594882,0.44784406,0.14608166,0.63844246,-0.33676964,-0.55632585,-0.14326936,-0.07925242,0.4924351,0.50157595
NCI-H211,0.006739691,0.044151057,-0.6153745,-0.04858665,-0.58440393,-0.04967258,0.27994993,-0.5321434,0.17833507,0.42815447,0.1022158,0.079255804,0.2453313,-0.051414713,-0.5720279,0.7080238,-0.51335657,-0.53468585,-0.14340925,-0.4262933,0.31411722,0.10676126,0.64971083,-0.39790753,-0.6096994,-0.13030541,-0.05571466,0.43487006,0.32415447
Rh30,0.006739691,0.044151057,-0.6153745,-0.04858665,-0.58440393,-0.04967258,0.27994993,-0.5321434,0.17833507,0.42815447,0.1022158,0.079255804,0.2453313,-0.051414713,-0.5720279,0.7080238,-0.51335657,-0.53468585,-0.14340925,-0.4262933,0.31411722,0.10676126,0.64971083,-0.39790753,-0.6096994,-0.13030541,-0.05571466,0.43487006,0.32415447
CGTH-W-1,0.006739691,0.044151057,-0.6153745,-0.04858665,-0.58440393,-0.04967258,0.27994993,-0.5321434,0.17833507,0.42815447,0.1022158,0.079255804,0.2453313,-0.051414713,-0.5720279,0.7080238,-0.51335657,-0.53468585,-0.14340925,-0.4262933,0.31411722,0.10676126,0.64971083,-0.39790753,-0.6096994,-0.13030541,-0.05571466,0.43487006,0.32415447
GDM-1,-0.13821062,-0.2580526,-0.74577117,0.20779034,-0.55210936,-0.039203033,0.3587249,-0.74326587,-0.09624496,0.8521812,0.59338474,0.43799567,-0.07403782,-0.08622274,-0.7089267,0.07109088,-0.43629587,-0.64801276,0.3035354,-0.07146859,0.79860914,0.26322588,0.6230408,-0.21027426,-0.44152167,-0.14945024,-0.14729872,0.65095484,0.93232834
CMK,0.28854597,-0.6020564,-1.0452847,0.12487799,0.0113450885,-0.09582289,0.33467725,0.020192742,0.40291432,1.0698669,0.66098803,1.011838,0.89322853,-0.6728851,0.12514728,-0.3645705,0.09815359,-0.9810246,0.573576,-0.7746245,0.023865879,-0.022696692,-0.1468355,-0.586769,0.24559057,-0.9831114,0.34663522,0.2714784,1.1911757
JHH-7,0.006739691,0.044151057,-0.6153745,-0.04858665,-0.58440393,-0.04967258,0.27994993,-0.5321434,0.17833507,0.42815447,0.1022158,0.079255804,0.2453313,-0.051414713,-0.5720279,0.7080238,-0.51335657,-0.53468585,-0.14340925,-0.4262933,0.31411722,0.10676126,0.64971083,-0.39790753,-0.6096994,-0.13030541,-0.05571466,0.43487006,0.32415447
NCI-H2081,-0.049523406,-0.8370923,-1.4591583,0.6287608,-0.09469172,0.033371538,0.57994294,-0.2821718,-0.13274935,1.3563952,0.99383515,1.1835951,0.17597395,-0.45557305,-0.25806224,-0.8151415,-0.0014710128,-1.0850995,1.090362,-0.18015051,0.5355505,0.25481555,-0.07023293,-0.6618866,0.23124814,-0.78919923,0.20306885,0.55985403,1.5687633
Mel Ho,-0.2608261,-0.49764562,-0.8594631,0.42129275,-0.5310526,-0.026860759,0.42732632,-0.9156046,-0.32492596,1.1870213,0.9813446,0.7187919,-0.34329042,-0.105507806,-0.82701194,-0.4325031,-0.38066038,-0.73831356,0.66358364,0.22082222,1.1876911,0.3926164,0.60540056,-0.068630025,-0.31318665,-0.1573995,-0.22253048,0.8264953,1.4114957
TT,-0.068560325,-0.26538897,-0.6509062,0.116642565,-0.5080951,-0.07737591,0.30219436,-0.7012652,0.0015621185,0.8751842,0.61907965,0.48111975,0.07080728,-0.16608766,-0.6214614,0.042518616,-0.38251704,-0.64645684,0.2601764,-0.16723442,0.76314497,0.21623313,0.5890769,-0.13807313,-0.38990587,-0.2186453,-0.12459265,0.61603993,0.9756608
PK-45H,0.07389566,-0.020256238,-0.511802,-0.12442674,-0.51959145,-0.098934494,0.21842386,-0.5139891,0.25981143,0.5355561,0.2253502,0.2018297,0.38175118,-0.16472197,-0.47954538,0.5547095,-0.42737478,-0.5530671,-0.120795615,-0.49054262,0.354091,0.072046414,0.5993818,-0.26727054,-0.5101609,-0.22648607,-0.04182752,0.42710692,0.49205405
SNU-668,0.11975292,-0.03790697,-0.4466368,-0.18174472,-0.48560953,-0.12685259,0.17963478,-0.49133217,0.32133842,0.5697579,0.26426202,0.24833359,0.47639212,-0.22542214,-0.4201365,0.507775,-0.38433555,-0.55648845,-0.1349378,-0.5473136,0.3473265,0.043475892,0.57308877,-0.20608865,-0.46504796,-0.27863204,-0.02866819,0.40991104,0.54878557
COLO 818,0.11975292,-0.03790697,-0.4466368,-0.18174472,-0.48560953,-0.12685259,0.17963478,-0.49133217,0.32133842,0.5697579,0.26426202,0.24833359,0.47639212,-0.22542214,-0.4201365,0.507775,-0.38433555,-0.55648845,-0.1349378,-0.5473136,0.3473265,0.043475892,0.57308877,-0.20608865,-0.46504796,-0.27863204,-0.02866819,0.40991104,0.54878557
GA-10,0.006739691,0.044151057,-0.6153745,-0.04858665,-0.58440393,-0.04967258,0.27994993,-0.5321434,0.17833507,0.42815447,0.1022158,0.079255804,0.2453313,-0.051414713,-0.5720279,0.7080238,-0.51335657,-0.53468585,-0.14340925,-0.4262933,0.31411722,0.10676126,0.64971083,-0.39790753,-0.6096994,-0.13030541,-0.05571466,0.43487006,0.32415447
HLF,0.006739691,0.044151057,-0.6153745,-0.04858665,-0.58440393,-0.04967258,0.27994993,-0.5321434,0.17833507,0.42815447,0.1022158,0.079255804,0.2453313,-0.051414713,-0.5720279,0.7080238,-0.51335657,-0.53468585,-0.14340925,-0.4262933,0.31411722,0.10676126,0.64971083,-0.39790753,-0.6096994,-0.13030541,-0.05571466,0.43487006,0.32415447
NCI-H1623,0.006739691,0.044151057,-0.6153745,-0.04858665,-0.58440393,-0.04967258,0.27994993,-0.5321434,0.17833507,0.42815447,0.1022158,0.079255804,0.2453313,-0.051414713,-0.5720279,0.7080238,-0.51335657,-0.53468585,-0.14340925,-0.4262933,0.31411722,0.10676126,0.64971083,-0.39790753,-0.6096994,-0.13030541,-0.05571466,0.43487006,0.32415447
SNU-685,0.11975292,-0.03790697,-0.4466368,-0.18174472,-0.48560953,-0.12685259,0.17963478,-0.49133217,0.32133842,0.5697579,0.26426202,0.24833359,0.47639212,-0.22542214,-0.4201365,0.507775,-0.38433555,-0.55648845,-0.1349378,-0.5473136,0.3473265,0.043475892,0.57308877,-0.20608865,-0.46504796,-0.27863204,-0.02866819,0.40991104,0.54878557
NCI-H2052,-0.13821062,-0.2580526,-0.74577117,0.20779034,-0.55210936,-0.039203033,0.3587249,-0.74326587,-0.09624496,0.8521812,0.59338474,0.43799567,-0.07403782,-0.08622274,-0.7089267,0.07109088,-0.43629587,-0.64801276,0.3035354,-0.07146859,0.79860914,0.26322588,0.6230408,-0.21027426,-0.44152167,-0.14945024,-0.14729872,0.65095484,0.93232834
NCI-H1385,0.07389566,-0.020256238,-0.511802,-0.12442674,-0.51959145,-0.098934494,0.21842386,-0.5139891,0.25981143,0.5355561,0.2253502,0.2018297,0.38175118,-0.16472197,-0.47954538,0.5547095,-0.42737478,-0.5530671,-0.120795615,-0.49054262,0.354091,0.072046414,0.5993818,-0.26727054,-0.5101609,-0.22648607,-0.04182752,0.42710692,0.49205405
Panc 05.04,0.07389566,-0.020256238,-0.511802,-0.12442674,-0.51959145,-0.098934494,0.21842386,-0.5139891,0.25981143,0.5355561,0.2253502,0.2018297,0.38175118,-0.16472197,-0.47954538,0.5547095,-0.42737478,-0.5530671,-0.120795615,-0.49054262,0.354091,0.072046414,0.5993818,-0.26727054,-0.5101609,-0.22648607,-0.04182752,0.42710692,0.49205405
TUHR4TKB,-0.13821062,-0.2580526,-0.74577117,0.20779034,-0.55210936,-0.039203033,0.3587249,-0.74326587,-0.09624496,0.8521812,0.59338474,0.43799567,-0.07403782,-0.08622274,-0.7089267,0.07109088,-0.43629587,-0.64801276,0.3035354,-0.07146859,0.79860914,0.26322588,0.6230408,-0.21027426,-0.44152167,-0.14945024,-0.14729872,0.65095484,0.93232834
LP-1,0.006739691,0.044151057,-0.6153745,-0.04858665,-0.58440393,-0.04967258,0.27994993,-0.5321434,0.17833507,0.42815447,0.1022158,0.079255804,0.2453313,-0.051414713,-0.5720279,0.7080238,-0.51335657,-0.53468585,-0.14340925,-0.4262933,0.31411722,0.10676126,0.64971083,-0.39790753,-0.6096994,-0.13030541,-0.05571466,0.43487006,0.32415447
DK-MG,-0.78744376,-1.282749,-2.0193994,1.5581934,-0.4194718,0.23829322,0.98764956,-1.1516428,-1.2743232,2.0209193,1.8330343,1.5060542,-1.4224072,0.026575536,-1.2008792,-1.8005478,-0.2692212,-1.1984814,2.0670779,1.183964,1.9227992,0.8682682,0.29559913,-0.46701497,0.09934181,-0.23439161,-0.25103545,1.2726977,2.4963303
HuG1-N,0.10223538,-0.0979294,-0.65810394,-0.058076903,-0.43489167,-0.07919333,0.2625865,-0.3936311,0.27583718,0.5777461,0.23576792,0.30089507,0.45702028,-0.22494258,-0.37898946,0.46331042,-0.3553098,-0.62911063,-0.012064725,-0.54880863,0.23552233,0.05540587,0.46272415,-0.40015852,-0.40067166,-0.3474496,0.04129125,0.38272503,0.53271073
ChaGo-K-1,0.006739691,0.044151057,-0.6153745,-0.04858665,-0.58440393,-0.04967258,0.27994993,-0.5321434,0.17833507,0.42815447,0.1022158,0.079255804,0.2453313,-0.051414713,-0.5720279,0.7080238,-0.51335657,-0.53468585,-0.14340925,-0.4262933,0.31411722,0.10676126,0.64971083,-0.39790753,-0.6096994,-0.13030541,-0.05571466,0.43487006,0.32415447
KYSE-450,0.47146586,-0.83978844,-1.3137419,0.17789105,0.31794322,-0.09886512,0.37383124,0.41722763,0.59106946,1.2353654,0.743207,1.3663168,1.3190255,-0.9659932,0.5385903,-0.68268496,0.38551494,-1.195338,0.8244312,-1.0761108,-0.35062715,-0.13754605,-0.58376336,-0.84377825,0.6372361,-1.4300004,0.6126028,0.09892219,1.3886912
SLR24,0.006739691,0.044151057,-0.6153745,-0.04858665,-0.58440393,-0.04967258,0.27994993,-0.5321434,0.17833507,0.42815447,0.1022158,0.079255804,0.2453313,-0.051414713,-0.5720279,0.7080238,-0.51335657,-0.53468585,-0.14340925,-0.4262933,0.31411722,0.10676126,0.64971083,-0.39790753,-0.6096994,-0.13030541,-0.05571466,0.43487006,0.32415447
COV318,-0.027959801,-0.01883188,-0.89181983,0.11718884,-0.5346941,0.017295599,0.39245617,-0.418572,0.10614054,0.42096686,0.048368573,0.12282677,0.19431958,-0.030101776,-0.5402459,0.6779816,-0.49354327,-0.6201212,0.0045287907,-0.41368702,0.17463104,0.1287628,0.52505517,-0.6560137,-0.54889625,-0.19605444,0.025868153,0.40488872,0.2779054
RS4;11,-0.13821062,-0.2580526,-0.74577117,0.20779034,-0.55210936,-0.039203033,0.3587249,-0.74326587,-0.09624496,0.8521812,0.59338474,0.43799567,-0.07403782,-0.08622274,-0.7089267,0.07109088,-0.43629587,-0.64801276,0.3035354,-0.07146859,0.79860914,0.26322588,0.6230408,-0.21027426,-0.44152167,-0.14945024,-0.14729872,0.65095484,0.93232834
SNU-840,-0.55457294,-0.68609583,-1.4797708,0.96834004,-0.58106285,0.15487178,0.74023604,-1.0024091,-0.795887,1.312263,1.0791161,0.8149808,-0.9392605,0.11839387,-1.0925158,-0.6815974,-0.4692711,-0.88839793,1.1493442,0.65795255,1.3544133,0.6163103,0.54862696,-0.4607464,-0.30900675,-0.05060956,-0.23694363,0.9879631,1.5237057
DMS 454,0.006739691,0.044151057,-0.6153745,-0.04858665,-0.58440393,-0.04967258,0.27994993,-0.5321434,0.17833507,0.42815447,0.1022158,0.079255804,0.2453313,-0.051414713,-0.5720279,0.7080238,-0.51335657,-0.53468585,-0.14340925,-0.4262933,0.31411722,0.10676126,0.64971083,-0.39790753,-0.6096994,-0.13030541,-0.05571466,0.43487006,0.32415447
MG-63,-0.13821062,-0.2580526,-0.74577117,0.20779034,-0.55210936,-0.039203033,0.3587249,-0.74326587,-0.09624496,0.8521812,0.59338474,0.43799567,-0.07403782,-0.08622274,-0.7089267,0.07109088,-0.43629587,-0.64801276,0.3035354,-0.07146859,0.79860914,0.26322588,0.6230408,-0.21027426,-0.44152167,-0.14945024,-0.14729872,0.65095484,0.93232834
Hs 616.T,-0.13821062,-0.2580526,-0.74577117,0.20779034,-0.55210936,-0.039203033,0.3587249,-0.74326587,-0.09624496,0.8521812,0.59338474,0.43799567,-0.07403782,-0.08622274,-0.7089267,0.07109088,-0.43629587,-0.64801276,0.3035354,-0.07146859,0.79860914,0.26322588,0.6230408,-0.21027426,-0.44152167,-0.14945024,-0.14729872,0.65095484,0.93232834
OVKATE,0.006739691,0.044151057,-0.6153745,-0.04858665,-0.58440393,-0.04967258,0.27994993,-0.5321434,0.17833507,0.42815447,0.1022158,0.079255804,0.2453313,-0.051414713,-0.5720279,0.7080238,-0.51335657,-0.53468585,-0.14340925,-0.4262933,0.31411722,0.10676126,0.64971083,-0.39790753,-0.6096994,-0.13030541,-0.05571466,0.43487006,0.32415447
Reh,-0.4552931,-0.7325613,-1.0704076,0.7294308,-0.55427295,0.02423273,0.55389094,-1.1323979,-0.65515196,1.5024283,1.3477571,0.95918506,-0.76212907,-0.04423438,-1.0349158,-0.91296333,-0.37878245,-0.83122194,1.0716095,0.61332166,1.6170979,0.571019,0.62191117,0.0016081184,-0.23558903,-0.0954525,-0.3215896,1.03936,1.8523206
HuH-28,-0.40213242,-0.15796144,-1.1205003,0.5379857,-0.74710196,0.12114908,0.5817843,-0.87424505,-0.45068473,0.6575605,0.37199888,0.17246279,-0.61880815,0.26217842,-1.0506295,0.33793527,-0.6831099,-0.62883997,0.38660625,0.25599653,0.8394733,0.42793357,0.77390677,-0.5608037,-0.69986284,0.14989716,-0.22324306,0.75059694,0.6091082
NCI-H1435,0.11975292,-0.03790697,-0.4466368,-0.18174472,-0.48560953,-0.12685259,0.17963478,-0.49133217,0.32133842,0.5697579,0.26426202,0.24833359,0.47639212,-0.22542214,-0.4201365,0.507775,-0.38433555,-0.55648845,-0.1349378,-0.5473136,0.3473265,0.043475892,0.57308877,-0.20608865,-0.46504796,-0.27863204,-0.02866819,0.40991104,0.54878557
HT-144,0.06881668,-0.09943784,-0.501889,-0.10103491,-0.4916916,-0.1134698,0.21278553,-0.54811627,0.23484316,0.65237164,0.3602355,0.31129918,0.3666868,-0.20937295,-0.47459224,0.3819293,-0.38384366,-0.5808237,-0.02806463,-0.44450718,0.4597999,0.09020444,0.5774133,-0.18769135,-0.444723,-0.26240644,-0.054614488,0.46566617,0.66424966
RVH-421,0.06881668,-0.09943784,-0.501889,-0.10103491,-0.4916916,-0.1134698,0.21278553,-0.54811627,0.23484316,0.65237164,0.3602355,0.31129918,0.3666868,-0.20937295,-0.47459224,0.3819293,-0.38384366,-0.5808237,-0.02806463,-0.44450718,0.4597999,0.09020444,0.5774133,-0.18769135,-0.444723,-0.26240644,-0.054614488,0.46566617,0.66424966
HuP-T4,-0.05867868,0.066009656,-0.77837104,0.064809516,-0.6183158,0.007586211,0.361777,-0.51909816,0.08733125,0.35673928,0.0072242916,0.009149954,0.117376685,0.039972067,-0.6371479,0.79732406,-0.5707602,-0.5488555,-0.10453792,-0.3633794,0.25729787,0.14414182,0.6509744,-0.5668711,-0.6628359,-0.07680789,-0.045232493,0.43837106,0.20073262
HEC-108,0.64039797,-1.2249421,-1.7302233,0.35062858,0.7038995,-0.0854224,0.4671062,0.8536202,0.72062457,1.5550648,0.97325015,1.9032979,1.7237529,-1.3216987,0.9990787,-1.2544777,0.7552837,-1.5021853,1.285228,-1.3300986,-0.6858629,-0.22449312,-1.1394137,-1.1500684,1.1666768,-1.9830168,0.9206131,-0.05044961,1.7921083
BT-549,-0.13821062,-0.2580526,-0.74577117,0.20779034,-0.55210936,-0.039203033,0.3587249,-0.74326587,-0.09624496,0.8521812,0.59338474,0.43799567,-0.07403782,-0.08622274,-0.7089267,0.07109088,-0.43629587,-0.64801276,0.3035354,-0.07146859,0.79860914,0.26322588,0.6230408,-0.21027426,-0.44152167,-0.14945024,-0.14729872,0.65095484,0.93232834
KYSE-70,-0.40213242,-0.15796144,-1.1205003,0.5379857,-0.74710196,0.12114908,0.5817843,-0.87424505,-0.45068473,0.6575605,0.37199888,0.17246279,-0.61880815,0.26217842,-1.0506295,0.33793527,-0.6831099,-0.62883997,0.38660625,0.25599653,0.8394733,0.42793357,0.77390677,-0.5608037,-0.69986284,0.14989716,-0.22324306,0.75059694,0.6091082
COLO 684,-0.4798797,-0.76226187,-1.0970776,0.76838887,-0.5572087,0.030692518,0.5698926,-1.1598072,-0.69690263,1.5423055,1.3940828,0.9895782,-0.815083,-0.036487535,-1.0612013,-0.9737082,-0.37854505,-0.84296846,1.1231965,0.6629456,1.6713881,0.5935746,0.62399864,0.010488376,-0.22577831,-0.0876205,-0.3341137,1.0662727,1.9080544
YD-15,0.11975292,-0.03790697,-0.4466368,-0.18174472,-0.48560953,-0.12685259,0.17963478,-0.49133217,0.32133842,0.5697579,0.26426202,0.24833359,0.47639212,-0.22542214,-0.4201365,0.507775,-0.38433555,-0.55648845,-0.1349378,-0.5473136,0.3473265,0.043475892,0.57308877,-0.20608865,-0.46504796,-0.27863204,-0.02866819,0.40991104,0.54878557
BGC-823,0.006739691,0.044151057,-0.6153745,-0.04858665,-0.58440393,-0.04967258,0.27994993,-0.5321434,0.17833507,0.42815447,0.1022158,0.079255804,0.2453313,-0.051414713,-0.5720279,0.7080238,-0.51335657,-0.53468585,-0.14340925,-0.4262933,0.31411722,0.10676126,0.64971083,-0.39790753,-0.6096994,-0.13030541,-0.05571466,0.43487006,0.32415447
JVM-2,-0.13821062,-0.2580526,-0.74577117,0.20779034,-0.55210936,-0.039203033,0.3587249,-0.74326587,-0.09624496,0.8521812,0.59338474,0.43799567,-0.07403782,-0.08622274,-0.7089267,0.07109088,-0.43629587,-0.64801276,0.3035354,-0.07146859,0.79860914,0.26322588,0.6230408,-0.21027426,-0.44152167,-0.14945024,-0.14729872,0.65095484,0.93232834
