,E0,E1,E2,E3,E4,E5,E6,E7,E8,E9,E10,E11,E12,E13,E14,E15,E16,E17,E18,E19,E20,E21,E22,E23,E24,E25,E26,E27,E28,E29,E30,E31,E32,E33,E34,E35,E36,E37,E38,E39,E40,E41,E42,E43,E44,E45,E46,E47,E48,E49,E50,E51,E52,E53,E54,E55,E56,E57,E58,E59,E60,E61,E62,E63,E64,E65,E66
SNU-840,0.9919314,1.2943944,0.50890476,-0.53209764,1.3310815,1.0768851,-0.7997639,-0.43953407,0.8545269,-1.1128894,-0.29811162,-2.002337,-0.3814634,-2.581965,0.52507716,-0.63979006,1.8162875,-0.5253061,0.1717581,-1.4566339,-2.1442974,1.0275937,0.3605657,1.6037511,1.5337144,2.7945623,0.82170504,-1.3371394,-0.33084175,2.8088586,-0.48220164,-0.9361959,-0.36229897,-0.46622348,2.8822234,0.21979022,0.7836171,1.1998713,0.5186131,-0.40713468,1.5162936,0.39725772,0.74809307,0.615382,0.34598392,0.09894909,1.3261831,0.29427767,0.43976673,1.1387467,-0.6572912,0.50478697,1.9115589,-2.9452596,0.7734605,-1.2914083,-0.37298718,0.39850312,1.4065249,-0.9404322,-1.4610302,0.7764987,-0.8112958,0.026729353,-0.97672904,-0.39805865,-2.2168877
697,1.0536155,0.6933294,0.32909918,0.023504484,-1.1168488,0.069701724,-0.2520435,-1.8105032,-0.114056095,0.8149254,-0.6521266,0.94023526,-0.04345841,1.188135,-0.043675825,-0.5592398,-0.76510024,0.5777595,-1.2689548,-0.24702987,0.28536534,0.16111913,0.24432336,-1.4270216,0.15465064,-0.090064764,-0.33685562,-0.97919977,-0.42729563,-0.43683818,0.15207118,1.076143,-0.79342794,-0.91028243,1.0290134,0.30306023,0.040140133,0.43223625,0.4672513,0.44746804,0.5034603,0.7023784,0.4641726,-0.9155406,-0.047533095,-0.52792096,0.8192081,-0.061002277,-0.52750146,-0.01573211,-0.16779317,0.18159327,-0.7772941,-1.1736803,1.2318566,-0.44054404,1.1218928,0.6818092,-0.63643277,-0.37105513,-0.19560847,-0.9833802,0.0463588,0.54985124,0.25230345,-0.71258956,0.68156505
Calu-1,0.14963049,0.4422247,-0.80655336,-0.3468958,1.2902033,0.20315973,-0.3449498,0.2215972,0.25653246,-0.33297077,0.31418216,-0.6459498,0.9450241,-0.45211166,0.75035864,-0.9142361,0.09580753,0.19260636,0.4164774,0.07947907,-0.19133297,0.12509613,-0.36263672,0.9271952,-0.25016564,0.07881561,1.4662764,0.39972293,0.10682969,0.5709924,-0.6973793,-0.5733793,-0.7122585,0.26102486,0.3517865,-0.7172106,0.17291619,0.22952206,-0.017546728,0.38293624,-0.3558323,-0.5656478,-0.8912099,0.09241469,0.08535381,1.3547517,0.5295651,-0.37590787,0.6716859,0.12091869,-1.2994486,0.29456782,1.2586963,-0.09175035,-0.17979003,0.34754825,-0.102737874,0.0417746,0.4179193,0.67726105,0.048065916,0.36600995,-0.5801078,-0.48571697,-0.39097086,0.59799236,-0.42589992
NCI-H460,-0.06291227,0.44552734,0.4876402,-1.9311565,0.82432336,-0.6298774,-0.8237506,-0.6061572,0.6863762,-0.28369212,0.6171867,0.89508605,0.08604433,-0.12597679,0.18321638,-0.5464957,-0.9883297,0.751778,-0.6384167,-0.13125154,1.787997,-0.41114795,-1.2198973,1.0233158,-1.631721,-1.4408712,-0.2048577,-0.4003857,0.35473773,-0.29466113,0.63291895,1.0159328,1.4176278,1.7938925,-1.38331,-1.6520256,0.28483117,-1.3504739,-1.0761224,2.0338418,0.050651904,-0.5896408,-0.17619398,0.5623073,0.6428208,-1.4176532,-1.1235607,0.71324587,0.80692786,-0.71557796,-0.8963589,-0.68444246,0.6205257,1.8506016,0.7154013,0.7295582,-0.57005465,-0.098998085,1.660608,0.4754707,0.25202122,0.010604739,-1.184253,-1.7560366,-0.99287987,0.60642356,0.30500588
HCC4006,-0.32108134,0.22224812,-0.15079314,0.19736597,-1.0993259,0.17597531,-1.5067549,-0.29456326,-0.30292913,0.69219047,-1.7021867,0.75036645,-1.6370785,2.1342037,0.8606324,1.669344,-1.2508982,-0.09523475,-0.6992278,-0.27967426,-0.8417551,-0.5566212,0.87111574,-1.3425297,0.059240036,1.0242381,0.14847615,-0.9004032,0.26541397,-0.5012727,1.6088498,1.1664841,0.40953246,-0.32564563,-1.1014471,-0.15912692,0.74160534,-1.705166,-0.26152694,0.636338,1.0278913,0.36105195,1.8642749,-0.12520155,0.6250604,-0.6879837,-1.3476204,-0.08736083,0.059354313,0.024889886,0.34481838,-0.13334994,-1.5435013,1.6931165,1.3798833,-1.4714571,1.3460548,0.679904,-0.6071879,0.19481842,-1.2032129,0.10988806,-0.7646862,-1.4104531,0.2848444,-0.29756916,-0.90859634
KO52,1.4468671,-0.6937712,1.5206611,2.1941085,-3.2823572,0.81180024,-1.7005228,-1.6880413,0.3558234,-0.34266528,-1.4605032,-0.5344136,-2.0009563,1.6831446,-0.8845353,1.5484654,0.41463435,0.4142576,0.4719053,0.6040568,-0.49583513,1.1149223,0.3937655,-2.784493,-0.6060608,0.78656006,-1.24686,-1.999427,1.7940236,-0.28494218,2.6086261,1.5545492,0.68240684,0.74327576,1.6105586,0.7617163,0.6480622,1.4453282,0.5438146,-1.0328951,1.9186304,1.771857,0.73457193,-0.41233337,1.0527117,-0.46578163,0.3333483,-1.4820068,1.3807182,-0.50199306,1.2279339,0.7014249,-2.065849,-1.085194,-0.062002536,-2.6620324,-0.9716208,1.632461,0.06613049,-0.85360587,-2.3573906,-0.20639801,-1.2151604,-0.38810134,1.5445851,-2.087221,1.5686251
EFM-192A,0.87531793,0.6268526,-0.1509634,-0.90675336,3.5660193,-0.024965394,0.675073,-1.2270249,-2.3629134,2.7781198,1.6800482,5.3114924,2.8467464,1.6574557,-0.07662248,-5.6601863,-1.1821843,3.1286876,-1.1246094,4.1416473,4.800515,-2.5702593,-3.010295,3.052948,-1.4277487,-4.707296,-0.3381143,1.0849535,-2.505064,-2.8663988,-3.0902305,1.987545,-0.32386035,2.1223347,-0.18191302,-2.5427988,-0.8027288,-0.66893226,2.3093991,1.737797,-1.9236735,-0.060610488,-1.5313456,-1.4665383,0.6587904,0.69852614,0.4172822,-0.70358604,0.5311237,-3.3150713,-1.8730788,-1.8524232,3.2010548,2.3400104,-0.7229585,3.474257,2.0959084,-1.8182032,0.8746357,1.6497277,1.4910469,0.46944377,-4.8226743,-0.007574454,-1.4728141,1.284588,2.2131732
HCC95,-0.09258381,-0.17068934,2.5328963,2.529865,-1.3975152,-0.34493652,0.23314962,3.6503685,1.8134576,-1.3953549,-0.616825,-1.1067013,-0.3438397,0.49525884,0.14820361,1.2601526,0.1624012,-0.6627963,-0.30517074,-1.1760101,-0.76433754,-0.045208037,-0.021636844,-0.08140604,0.31207925,2.584746,0.9237387,1.5735143,-1.957658,-1.5665957,-2.6400104,-3.2789671,-2.3908753,-2.0608854,-0.089455396,1.296714,-0.6949899,-0.4819402,0.08364798,-0.70013523,-2.0172572,-1.210881,-0.85570806,1.0915912,-1.9685035,2.7985358,-2.4522994,3.246746,0.13251767,-0.23312968,0.4743178,0.94403684,-0.6565273,0.2603256,0.058600012,-0.7324762,-0.96011764,-2.90798,-2.8707566,1.1924145,1.1314518,1.2439986,0.8738362,0.86437124,1.7788274,2.043854,-1.3516066
MHH-CALL-4,3.7885895,2.2207441,-2.77442,0.33219892,1.7731173,-1.3342694,-2.4720576,-5.462309,1.4889225,1.4015434,2.0365493,-6.2327623,0.88373494,-2.9178617,3.2291265,1.3039598,-1.7297151,-0.40889937,5.169176,-4.247067,-0.73873496,-0.16750294,0.3995874,-2.544655,3.2422493,-0.39690095,3.3990233,2.036899,-0.46867746,4.5472765,-1.0413718,-2.8976939,-3.9223676,-0.9256378,1.0571936,2.5388918,2.4758456,1.7187023,3.5807405,1.2083263,-1.9970467,-0.82950115,-3.0590062,-3.069261,0.8841842,-0.15859902,3.8692772,-6.0045185,4.0278125,-0.19012661,-2.4006531,7.061276,5.199007,-2.0548525,0.06882608,-0.934947,0.13700575,2.1096728,0.66723096,3.7999175,2.5698376,-0.49630588,-1.2968789,3.285176,-3.9035344,2.9608836,-0.37181833
NOMO-1,0.14646643,0.0851822,0.2521481,0.46463865,-1.4307611,-0.17482163,-0.29693034,-1.5330815,0.29690304,-0.009367679,-1.0429604,-0.11881119,-0.39365512,1.1900995,-0.4332378,-0.21510169,-0.70823264,0.078189045,-0.9389843,-0.079332344,-0.26204062,-0.3704989,0.39145532,-1.6814702,-0.6223638,0.36114508,0.06805262,-0.48379907,0.3649438,-0.6504967,0.96659756,0.5661971,0.08130342,-0.3464327,0.062211245,-0.16053808,0.77219665,0.18002564,-0.18421723,-0.17520139,-0.40969336,0.39622623,0.14480527,0.39940342,-0.11043411,-0.22273695,-0.31844133,0.15647177,-0.008710954,-0.8022719,0.7881858,0.12636209,-0.92102593,-0.1005621,1.0788236,-0.8253558,0.043511257,0.38079363,-0.96883106,-0.2542277,-0.58446354,-0.51188743,-0.088789925,0.31975704,0.23688287,-0.16371623,0.97109103
NCI-H1963,-0.93321943,0.5223016,0.22849835,-0.1959468,-1.4360391,-0.21924202,-1.6646442,-0.49665162,-0.14045048,0.32656428,-1.0427648,0.18568267,-1.1416453,0.7992096,0.33026314,1.4601729,-1.4235159,-0.17987338,-0.7204749,0.084757835,-0.16154681,-0.29024053,0.2580941,-1.6730403,-0.37343562,0.9128868,-0.37318876,-0.62190354,0.29821265,-0.8564498,2.0476286,0.84955,0.45672753,-0.22162592,-1.2559052,-0.14273335,0.37995732,-1.0487344,-0.8498092,0.6233575,0.8149531,0.3111514,1.2170411,-0.44565862,1.1314962,-0.8411029,-1.4473677,-0.69777167,-0.6992904,1.4228809,0.79312044,0.12244819,-1.2517929,1.0808905,1.0211538,-0.84019077,0.7732059,0.5423752,-0.13966486,0.20863314,-1.1288923,-0.46094874,-0.10439261,-0.9983366,-0.034402102,0.1919966,0.24835674
HEC-265,0.79654276,1.0344962,0.511628,0.36689657,-0.23252279,0.040204212,0.36744457,-2.1259935,0.033007063,0.7520984,-0.8536216,1.2968658,-0.7121757,0.48665002,-0.544335,-0.6506169,-0.23307747,1.2122843,-0.68625236,-0.5630057,0.81499505,0.44348434,0.031235933,-1.8801847,-0.30884013,-1.0984253,-0.52478147,-1.4185162,0.10724462,-0.4070819,1.1299129,1.8687477,0.28515103,-0.16109762,0.73227066,0.9043746,0.7458342,1.3431711,0.09059785,0.22068968,0.19462141,0.5981406,-0.025427649,-0.43966627,0.13024342,-0.5298035,0.40382928,-0.41320953,0.2423135,-0.99743795,0.22447997,0.35804367,-0.71415037,-0.6870627,0.90803045,-1.114249,1.0429866,0.63871735,-0.46866804,-1.3534108,-0.33775288,-1.2881444,0.8035687,0.9359505,-0.45194858,-0.6716928,1.4254334
HGC-27,-0.13232732,-1.6260815,-0.2310093,-0.551372,-0.88615143,-0.96948475,-3.4806652,0.6081579,0.51206225,-1.5130141,2.227007,-0.16160633,2.1444929,-0.86703,1.0853146,1.084523,0.87579644,-0.87641245,1.6071717,0.27235717,0.583889,0.84685063,-2.1027153,-1.5954437,1.0596528,-2.396557,-1.5346482,2.8215754,2.0964143,0.3801713,-0.19952822,1.980495,0.6686344,2.9437802,-2.2493463,-0.38608268,-2.814489,0.22499129,0.84626,0.416715,-2.2799423,-2.78891,-1.7948534,-1.2559559,-0.6552999,0.33984947,-1.3826509,-1.3551656,2.237084,-2.185906,-1.8821429,1.8537767,1.3713957,4.7351103,-0.6980102,2.1530206,-2.762536,1.7692049,1.8884758,1.5645097,3.579375,1.1505458,-1.4269185,-1.2958223,1.3947741,-1.2988694,0.9544872
KMS-21-BM,-1.1659176,2.9961247,-1.1746783,-0.007790521,1.5055562,0.10957594,0.98617685,2.9910684,-0.5996845,0.7158403,-1.613839,2.5268748,-1.4160578,-4.1022816,1.8293262,1.6653029,-0.18701772,-0.6001256,0.39871567,0.81995344,0.08541337,-0.7923682,-4.8352103,-1.1280371,3.8531954,-0.8005285,-2.875973,1.452431,-1.0612094,0.40141448,-0.22289008,2.008658,3.566247,0.94972444,-2.479535,1.6653221,-0.8032264,-4.722811,1.0997132,-0.5416876,2.0434563,-1.8511764,1.5865356,-1.2545078,-0.23588462,-3.5937593,-1.3942349,0.8809273,3.1144629,-2.5220616,4.3009048,-0.93550676,1.0686252,5.258132,-0.61809534,1.6794506,-3.0921195,-0.3483342,-0.7424555,-4.3343954,-3.7956939,-1.7724661,-0.5154109,-4.0134907,-2.2906342,-1.0707928,0.9350631
PL-21,1.1537614,0.48261473,0.69542545,0.109628834,-0.46525973,0.06784035,0.018032841,-2.4047847,-0.0890137,0.24955046,-0.61387306,0.51517487,0.190612,0.91088146,-0.31447175,-0.87675107,-0.2840492,0.3227107,-1.159393,-0.12534648,0.27170908,-0.49316293,0.46813253,-1.1004009,-0.2555492,-0.07814349,-0.32824904,-0.6229701,0.10737091,-0.6907067,0.22831905,0.6980807,-0.3120879,-0.17861672,0.7416139,0.073379844,0.64079225,-0.19113398,-0.10879912,0.8211532,0.11252345,0.46636182,0.34430265,-0.53988147,-0.120244205,-0.01990953,0.42033634,0.08776707,0.16822755,-0.5204593,-0.03630795,-0.13138162,-0.540139,-1.1855158,1.2015079,-0.24792719,0.28079104,0.5445439,-0.7841064,-0.66759866,-0.87267053,-0.7064605,-0.1915912,0.7120159,-0.32805473,-0.55365926,0.830642
Lu-65,2.6359334,-4.386508,-2.5024736,-1.0192688,3.5693185,-2.3796797,3.969169,3.43658,-0.3186015,-0.19226748,4.821104,-1.3525019,1.5045366,-0.7180376,0.29965517,-0.039496962,2.3147132,-1.1290975,4.0145574,1.2750399,1.7235522,0.33171925,-0.09928028,2.5837479,-2.0739093,-2.994729,-1.6240873,5.226275,1.6485164,1.9591575,-4.5140805,-4.814304,0.16638353,3.4731607,-1.4973725,1.4016386,-1.9777639,2.5394013,2.492711,-0.53600997,-3.3507123,-1.8087269,-2.5517895,2.754985,-1.5639746,-0.20454842,0.19023028,0.6370084,1.7870641,-3.3176265,-1.072071,-0.90718675,-0.5411568,1.3681334,-3.1125822,5.203736,-1.0545299,-3.9771838,0.18411265,2.9027073,5.2245855,5.5112333,-1.0855129,2.9776554,1.7807466,-0.7834923,-0.17638399
HLC-1,-0.43995273,1.0518396,0.9557922,0.5930283,0.575325,-0.10715532,0.51003253,0.6728274,-0.032956704,1.4371511,-0.1891819,1.1776297,-0.23535854,-0.28906152,0.7341478,-0.66685617,0.26199374,1.5500566,-0.968466,0.51709193,1.2153144,0.6279369,-0.11252278,2.504859,0.26381382,0.28047076,-1.1467235,-1.9390763,-2.344846,-0.57656896,-1.7134622,-0.3941924,-1.5543729,-0.77254707,-0.12114313,0.6496121,-0.3025882,-1.335972,0.3793956,1.7902385,-0.22215143,1.1123428,0.61016357,-0.2345816,0.28860164,-0.68663794,-0.49405885,1.3425971,-0.24392761,-1.779021,-0.40391415,-0.3428201,0.5289429,0.46306238,-0.23071906,0.90076816,0.46882296,-2.8851893,-1.0745302,0.23306602,-0.9530763,-0.28930813,-1.0004635,1.3269432,-0.78877366,0.4187266,-1.1191001
PE/CA-PJ49,-0.2210361,-0.065090716,-1.5574317,-0.023259921,0.8042885,0.4317641,0.1444142,1.4468309,-0.034373634,0.2153126,-0.7766487,0.5940788,0.33417565,0.071688734,1.1151867,0.016700787,-0.14378259,-0.42049134,0.67276776,0.052148327,-0.61406106,-1.285768,-0.4782639,0.75443953,-0.13872233,-0.50906175,1.7688446,1.3932836,-0.031836413,-0.06704799,-1.3240145,-0.10496923,0.7494474,0.026249997,-0.7986383,-0.95996845,0.33827007,-1.6071662,0.15225536,-0.55728555,-0.21317476,-0.883735,0.41427445,0.59224916,-0.2111058,0.53612494,-0.44657597,0.79698884,0.94078803,-0.74035764,-0.016277306,-1.1616617,0.07817188,2.742554,-0.7187602,0.3761484,-0.65954196,0.30524066,-0.75158376,-0.28623652,-0.71774495,0.021645755,-0.40263188,-2.723927,-0.77889955,0.6570366,-1.3231283
DMS 454,0.22642191,-0.0007148534,0.47268233,0.36737064,-2.2731435,-0.03341362,-0.80751646,-0.94865674,0.37774253,-0.10042195,-1.1680394,-0.20107797,-0.6302973,1.0938953,-0.34501258,0.3408746,-0.90736735,-0.18899587,-0.846931,-0.35332522,-0.52511746,0.02145201,0.35358495,-2.210907,-0.7792937,0.7528313,0.006240584,0.09977317,0.5150209,-0.6446462,1.4406513,0.5164723,-0.05543892,-0.6693066,0.06698874,-0.23492068,0.46462643,-0.17913584,-0.14915413,-0.0627584,-0.14659317,0.48770016,0.35709983,0.15124485,0.41301578,0.23994543,-0.4069941,-0.043714553,0.18154353,0.96209407,1.0705453,0.3713275,-1.2380658,0.07517038,1.1522671,-1.0838075,-0.14483015,0.6007573,-0.95147943,-0.08399115,-0.52033323,-0.5110657,0.66178715,-0.40462682,0.86275315,0.33616817,0.70974916
PLC/PRF/5,-0.11840857,0.9379425,-0.019481827,0.84269726,0.4573287,0.63979274,0.38397175,0.668455,-0.428103,0.6582697,-1.3633301,0.7013606,0.14546563,0.4444327,0.79502815,0.008365899,0.1826869,-0.044653278,-1.7086853,-0.9336167,0.07905025,-1.8393978,0.087639995,0.0068333894,-0.7592396,-0.5925821,1.9047244,0.57415295,-1.6553134,-1.3795837,-0.6990461,0.2986558,-0.081075534,-1.882556,-0.6855634,-0.29213333,-0.05125868,-1.1330953,-1.2032769,-0.18320245,0.9536571,0.15097281,0.45420927,-0.13345368,-0.46149653,1.5676026,0.61190045,0.12533817,-1.6515877,1.1976968,0.38661003,-0.81261504,-0.20297685,-0.33509883,0.26606947,-1.8275782,2.240807,1.3618542,-0.116698556,-2.0266852,0.1440681,-0.9176469,0.5185694,-0.9634927,-1.2446113,0.18296582,0.3969181
KYSE-150,-0.15232487,0.12201903,1.8387501,-1.5905714,-0.122573294,0.64947027,-0.7429136,0.7441356,-1.3735578,-1.225009,0.245307,2.9299114,-1.8025429,2.3470063,0.019694217,1.3620163,-1.0600593,0.18076093,-1.5201248,-0.14091995,0.40612727,-1.9179085,-0.3143383,0.5938574,1.4512969,0.8349705,0.3605476,0.2192701,-0.23559865,0.2293581,0.64128494,1.3711656,2.1727166,0.80871356,0.78979605,-0.9369764,-0.345443,1.4903456,1.0205109,-0.9475662,1.745948,-1.3569695,1.5030762,-0.069384545,-1.8404914,0.23640703,-1.9291072,2.308889,-2.225519,2.4024801,-0.55439055,-0.46026555,-0.48566985,-0.14989261,1.2083132,-1.4452809,2.539024,0.64065564,2.2026968,0.72107047,1.1759962,1.1902194,-0.50143594,-0.5113289,0.45198414,-1.5400212,-0.16615933
MDA-PCa-2b,0.38146284,0.073602065,0.54571784,0.33995542,-1.5951402,-0.026605919,-0.15517405,-1.4901075,0.24340995,-0.105576545,-1.0264544,0.19551857,-0.6675753,1.3600792,-0.7449332,-0.15378627,-1.1997602,0.41454503,-0.9483546,-0.33605272,-0.059543237,-0.50290114,0.17655274,-2.0289965,-0.93152374,0.27527767,-0.2901541,-0.39496022,0.9054378,-1.0531492,1.121741,1.0593572,0.37398666,-0.0048632175,0.30127904,-0.08730618,0.6701716,0.2711195,-0.29430002,-0.020834595,-0.20196554,0.5839801,0.35071048,0.13113883,0.16874328,-0.54232657,-0.47953987,0.37236333,-0.19765893,0.05020996,1.0159187,0.056553725,-1.087448,-0.3194425,1.1788785,-0.8926923,0.42864883,0.40126774,-0.80046296,-0.46256799,-0.56736404,-0.46613365,0.27138832,0.006010565,0.19916734,-0.29506364,1.2435886
KP-4,1.9572024,-1.6495011,-0.18007538,0.01279141,1.4919755,-0.6854628,1.1603974,-0.040295154,-0.74678594,-0.29910803,1.6297531,0.35658818,2.4723475,-0.06447553,0.7274555,-1.6988462,0.76327085,0.064480424,0.507977,1.0947024,1.2976097,-1.2224869,-1.31961,0.5220061,-0.23072597,-2.2381027,0.1111283,3.2371056,-0.09120822,-0.292387,-3.204108,-0.2838804,0.17052314,1.1708882,-1.5095989,-0.967325,-0.9628748,-0.1730311,1.3984607,0.053635333,-2.280196,-2.0447032,-1.3529972,0.52715784,-1.3930644,0.49205253,-0.375954,0.8344925,1.1229849,-3.4021497,-0.6603608,-0.7411126,0.8029926,2.4351916,-0.4692998,2.8869126,-0.4707315,-0.99085224,-0.47997096,0.6514669,2.087263,1.3559725,-1.7438807,1.0628139,-0.20786303,-0.8569114,0.9846734
Hs 746.T,-1.0392318,-3.6977718,-5.7421412,4.4616175,2.1294146,-1.8525844,-2.0822823,1.7675154,3.706491,2.0296116,0.38534802,-3.1502814,3.037575,1.8466129,-0.6422731,-1.7413452,1.9664938,-4.1161633,2.6832557,0.053450942,0.91140157,-0.9775213,0.123599246,0.4441617,-5.3295975,-2.495171,1.1776357,4.8635144,0.94062227,-2.6296666,-6.102034,-7.499021,-3.946035,1.9913394,-2.0592594,2.4998093,-1.97664,0.3588915,1.5403117,3.3235667,-2.1820638,1.4686522,-4.619395,0.11067751,1.3563578,0.54675996,1.1884031,-5.1396704,0.8799102,-2.3008862,0.5901576,-0.8667016,1.9204239,-0.9495732,-3.3295355,0.96553653,-2.4783187,-1.2870373,-1.5945171,1.7276992,5.6474657,4.2465925,-3.5031571,1.3421195,2.380138,2.0252047,2.8131347
Fu97,-0.41635174,2.1330726,0.97882223,-0.90125555,1.9463743,0.73836,0.0802513,-0.27445322,-0.93750423,0.19548814,0.35815075,0.13655855,0.28080928,-1.2904694,-0.6127305,-1.675039,0.57403105,0.97902775,-0.3928352,1.1084609,0.5577968,0.36799502,-0.19512211,2.9451475,0.60240734,1.6307393,0.9372497,-2.6229734,-1.360359,-0.12146768,-0.58047426,-0.7202392,-1.4971939,-0.45088512,2.896782,-0.02404204,-0.45086244,1.4142221,0.5611876,0.9084605,1.5172211,1.789179,0.55849445,-0.72075063,0.65613025,0.10646014,0.92618316,-0.28190735,-1.2712939,1.2551374,-0.64263815,-0.07959209,1.8873496,-4.0327888,-0.323816,0.37135512,1.8814613,-1.2124214,0.68931687,0.3164081,-1.9573505,-0.69334966,-1.3241,1.3069391,-0.960368,0.87540936,-0.3940231
HDLM-2,0.66162086,0.4358318,0.56797874,0.2744886,-0.55611706,0.11409933,-0.2441332,-2.3356845,-0.13869476,0.70030236,-0.8772845,0.6378012,-0.08452345,1.2986435,-0.35787788,-0.59698087,-0.57421166,0.6490382,-1.143585,-0.3251199,0.15309003,0.28790522,0.56407946,-1.5976236,-0.51471436,0.013026679,-0.28189784,-0.62766045,0.6864019,-0.5031999,0.4523901,0.7700043,-0.38183117,-0.1300568,0.7037344,0.15547866,0.61478,0.587541,-0.12524983,0.50113565,0.23004708,0.3406496,0.47358128,0.17897834,-0.32642242,-0.31595123,0.78349626,-0.015471189,-0.5685877,-0.9715659,0.02812588,-0.075525664,-0.82394373,-1.1786393,1.1471975,-0.56466675,1.5290682,0.6786286,-0.8843099,-0.71947587,-0.87404996,-0.60056454,-0.023794636,0.86395043,-0.07808794,-0.73052067,0.8589848
SNU-466,-0.2995096,1.5906311,0.21999103,-0.9963813,0.1669806,-0.90392876,-0.43484807,0.36340517,0.9654418,0.20783037,-0.6215966,0.28503704,0.20414032,-0.7504812,-0.14217012,0.5955375,-1.2997476,-0.122139245,-1.7374742,-0.13898483,0.6228642,-1.061959,-0.50991195,0.31314123,-1.0058546,1.0069189,0.7767008,-0.6136302,-0.95286614,-1.2600455,-0.08601368,-0.79459894,-0.3356688,-0.6773843,-0.7500943,0.15636879,-0.65864545,-1.2385918,-1.8366845,1.9156312,1.4666443,0.62836623,0.5131344,-0.42953452,0.7212575,-0.6539245,-0.5359253,0.9314868,-0.9036798,1.0090295,0.9603507,-1.5589074,-0.18271048,-1.4061744,0.614658,0.39718696,0.10372594,0.007658124,-0.28833747,-0.5105853,-0.60761774,-0.5291064,0.8208155,-1.2493039,-0.8981486,1.5006353,0.5972807
TT2609-C02,1.7101451,-1.5182315,-0.9083445,2.196411,1.3769916,-2.0379376,-0.09433062,1.6570709,0.6257531,-0.1537897,1.4144253,0.93571264,-0.033488892,0.7000376,2.8862317,0.31624877,0.9555377,-0.680411,0.11573759,0.23003756,1.5987943,-0.5896579,0.097506754,-0.57548195,-1.667698,-1.8233575,0.41084936,3.9421892,1.3241868,0.018505946,-2.0780082,-2.453392,1.3149878,2.3197455,-3.3126643,-0.07018201,-1.2988486,-1.141683,-0.3452576,0.3021974,-0.2731742,-1.4760299,-0.31128645,0.44729283,-0.11620852,0.84226626,-2.0928197,0.20015994,1.0132762,-3.384111,-0.39945176,-1.537408,0.023536107,4.6590247,-1.2443625,0.51911074,-0.38223338,-2.1938126,0.61287826,0.68674827,2.7559593,3.6791387,-1.7382536,1.3316603,1.5581666,-1.4620469,0.78571266
LXF 289,0.8103186,2.3408341,0.55396295,-2.4904604,0.11133817,1.0976737,0.23809078,-2.2561793,-3.0352294,1.5963994,-1.8298143,0.8585142,0.9568942,0.0012620986,1.3835167,-3.1968195,0.13523434,0.72978485,-0.54992545,0.10938418,-0.6739894,0.025157448,-1.8334035,-0.88632405,3.714024,0.3983468,-1.7468607,0.13235313,-2.956046,0.22315376,0.29738045,2.818978,-0.40012863,-1.4755375,1.401218,0.026575424,0.7599745,-0.80124485,3.0633228,-1.2485118,-1.4400896,-1.015434,0.18148412,-0.6977874,-1.043058,-0.8914685,-0.32465884,-1.0451016,1.441927,0.3180652,0.74453175,2.6023264,1.5811845,0.13438022,3.4816108,1.8229088,3.4688845,-0.42070714,-0.53971016,-0.29116124,-0.7427901,-2.8253438,-2.2916818,1.5939372,-0.9611188,0.6262359,0.15787748
NUGC-3,-0.75188214,2.4802704,1.4940729,0.53250086,1.0841084,0.45481253,-0.9701719,-0.3320264,-0.008861139,-0.98008335,0.44723767,-0.11151402,-0.5636335,-2.2041323,-0.22044814,0.7935861,0.677544,0.4955172,0.3852729,0.923082,0.39650753,0.7926964,-0.42084962,0.8691646,1.3093814,1.8959123,-0.1750944,-2.7328176,-0.14480615,0.3879565,0.7562759,0.108432874,-0.05182405,0.6434328,1.4400779,0.94617003,-0.9369921,1.0548943,-0.0698544,0.29252297,2.168907,1.38506,1.0747745,-2.0108752,0.7854035,0.06625958,0.43384475,-0.437034,-0.17008078,0.90557516,-0.30386752,0.17415601,1.1910037,-2.2746549,-1.3261672,-0.8934996,-0.92727876,-0.11852254,1.227421,-0.54479885,-2.7596853,-0.7345063,-0.4487496,0.6620203,-1.271984,-0.8439334,0.29219916
NCI-H1581,2.0429983,0.70122874,0.5579433,0.5594324,-1.4121777,-0.5323021,-1.0637596,-1.2087873,0.9656207,0.24905203,-0.1433956,-0.30334422,-0.49240196,0.6480633,0.7639623,-0.39907876,-0.51196945,0.74924964,-0.61627936,-0.62651086,0.1244756,-0.021486565,0.095722504,-2.0663416,-0.35631236,-0.44661555,0.35370305,-0.42218232,-0.5356024,-0.39773384,0.9457312,0.15084925,-0.7666207,-0.9661241,0.45860183,-0.278626,0.3498814,-0.3574904,-0.20733455,-0.03799375,-0.41290826,-0.16647297,-0.31573167,-0.8378097,0.824282,0.7005615,-0.40798143,-0.6393927,1.6690817,-1.7242975,0.38566494,1.7203782,-0.12380427,1.1853898,1.126575,-0.7748297,0.74547267,-0.025875933,-0.53073514,-0.06425301,0.11667949,-1.4414136,-0.2425242,-0.09156264,0.660074,1.1270404,1.14461
SiMa,1.540203,-1.5551298,1.6164103,0.7591752,-3.7373803,-0.11227123,-2.2256944,0.9497321,1.8467556,-0.22459435,-1.5316533,1.3878723,-2.527738,4.424515,-0.091675006,0.66323936,-1.3669479,0.9858749,-0.8144824,-0.69764364,-1.017304,1.6340637,0.14408776,-1.2696394,-0.7081479,0.41998592,-0.7242768,-0.11337129,0.39783594,-0.7114828,1.1062663,1.5422629,-0.61297333,0.14273322,1.820538,-0.64786434,0.67529297,-0.09401764,1.5881368,-0.14094365,-0.52221364,0.57621765,-0.16354111,0.6074812,-0.23422398,1.2576046,-2.4861479,1.8125553,1.3061033,-1.3680228,0.6007551,0.9786358,-2.046898,1.9921448,1.5443907,-1.7303016,0.8668615,-0.66406304,-0.61734056,1.7917757,0.8793973,1.555176,-1.25221,-1.2768129,4.238426,0.9254656,-0.75414187
Sq-1,-1.2830118,-0.13177256,-0.7300754,2.0911348,0.38021138,1.2586833,-0.70376945,0.11653301,-1.0371323,-0.4625371,-0.43453914,-0.5327721,0.36064613,-0.028735746,1.4623934,-0.056041837,0.89568526,-0.8286933,0.4157623,0.21841754,-0.84562445,-0.47458684,0.7028094,0.47368002,0.6378419,0.007929355,0.5131193,0.16500197,0.21743283,0.48443478,-0.47656366,0.8308197,0.72054356,0.03249537,-1.5531554,-0.5692737,0.18683286,-1.8914796,0.15235457,-0.88142574,-0.33902925,-0.6678344,0.4683358,0.39978608,-0.4160458,0.32843745,-0.43200448,-0.87135917,1.192754,-0.8055001,-0.81614375,0.40195906,1.080368,3.0463223,-0.8111167,-0.96317506,-0.9889624,0.8759742,-0.3178273,-0.98101133,-1.6568693,0.15791604,-1.7906203,-0.9748108,-1.3259541,-1.9203141,-1.3038927
KMRC-2,-0.5356417,1.0395511,0.7712425,-0.08667646,-0.11903259,-0.12733532,-0.062002227,-0.28688583,-0.5992443,0.23420995,-0.6672195,0.45049724,-0.6428265,0.4298008,0.8056724,0.36573386,-0.69254565,0.69847757,-0.8384223,0.057078186,0.1363818,-0.13943988,0.06277952,0.061679535,1.3446834,1.6323907,-0.1646817,-0.6542791,-0.5837653,0.049432255,0.10033707,-0.17011566,-0.2963008,-0.22187023,-0.42808786,-0.012370881,0.31097484,-0.04075172,0.41542083,0.38152742,0.29172564,0.09388407,0.83551395,0.17592129,-0.44326913,-0.22220287,-0.4729415,0.72481084,-1.0719188,0.7040915,-0.117539406,-0.12525035,8.66577e-05,-0.47450584,0.9958016,-0.56021506,0.7239329,-0.97125053,-0.5805544,0.7739193,-0.66640717,0.277012,-0.45437062,1.1965897,-0.7953359,-0.5767571,-0.59615713
NCI-H1618,1.6994573,0.68050027,0.46532702,0.0013897046,-0.5502554,0.278952,-0.64144623,-2.2073855,-0.24518603,0.35526976,-0.47841924,1.0946504,0.28493392,0.5994583,-0.30222675,-1.0443261,0.308927,0.45031717,-1.4155512,-0.17549749,0.121824846,-0.2030467,0.23919311,-0.663575,0.7185676,-0.2472375,-0.693685,-0.87254,-0.45679936,-0.7278228,-0.32584018,0.6476984,-0.8484972,-0.37790048,1.5391911,0.24493799,-0.056201562,0.31089073,0.67294186,0.18193224,0.4628822,0.8154637,0.35744792,-0.78729105,-0.26770505,0.28759265,0.9830676,0.11879158,-0.22544488,-0.73597336,-0.22270262,-0.1195465,-0.48836824,-1.6977059,1.1416384,0.07056081,0.9975519,0.62656003,-0.49611074,-0.7911984,-0.18328087,-0.7313941,-0.568083,1.1385773,0.12844363,-0.74479085,0.9688324
Mono-Mac-1,0.5795229,0.7571939,-1.5799785,0.71958095,1.15133,-0.5290032,-1.3945566,0.9325966,0.853031,0.47213268,-0.09611288,0.39844403,0.39957422,-0.2863242,2.4637656,0.38039246,-0.42176375,-0.5216876,-0.6745756,-0.64240104,0.15407889,-1.1898493,0.11391552,-1.2323344,-1.0361422,-0.64769626,2.6492858,1.6667356,0.51887393,0.04061111,-0.4847357,-1.162464,0.19501126,-0.12925975,-1.5922304,-1.186273,-0.7825164,-1.8092568,-1.128528,0.8216223,1.4948838,0.065689474,-0.07702573,-1.2072785,1.562542,1.5174333,-0.032607585,-1.1068559,1.1594896,-0.44655222,-0.5148787,-0.7092979,0.1803242,1.9927633,-0.61999553,-0.76266503,-0.18505147,1.2732427,0.90788513,-0.66580284,0.90476406,0.94803476,0.39258263,-2.0031793,-0.073446356,0.61335844,0.22563858
NCI-H841,0.65511894,0.09318008,0.6960867,0.3706923,-1.4493709,-0.24265277,-0.18044758,-1.3521001,0.4325063,0.22951874,-1.0019987,0.11419127,-0.6280439,1.0771128,-0.33042938,0.25752866,-1.1367912,0.5495011,-0.8303345,-0.31830776,0.006477222,-0.13110203,0.448977,-2.2488937,-1.112206,0.4364952,-0.43461597,-0.16852105,0.7441584,-0.63682836,1.4710776,0.30060345,0.06838338,-0.55219346,-0.17555904,-0.5181046,0.7531155,-0.6709316,-0.561847,-0.14890768,-0.14323837,0.9487601,0.30445468,0.16605866,0.07298288,0.49721566,-0.44247288,-0.07772235,-0.35427764,-0.04763046,0.8337822,0.123510644,-1.2849076,-0.22101215,0.79921097,-1.0292534,0.71746755,0.45570016,-0.87444323,-0.182833,-0.44899458,-0.4319659,0.8566024,0.8166167,0.4244236,-0.017480623,0.98645353
DBTRG-05MG,1.121295,0.07526266,-1.3820202,0.21562348,4.4402018,0.09269636,3.3503065,0.6122651,-0.9097076,0.28483278,2.566929,-0.5869473,0.7844107,-1.5391088,-0.15905678,-1.7871479,1.5754033,-0.07451841,2.1080046,0.8176489,0.45906293,0.044233724,0.6757085,3.835041,0.09869014,-0.35257363,0.67449623,1.7242439,-0.5526809,1.5847617,-3.5451686,-3.7241075,-1.0260534,0.7809525,2.065999,1.1016486,-0.5659838,1.5357393,1.7529349,-1.1678603,-0.41335243,-0.09724862,-1.2797893,0.8062348,-0.1210278,-0.23349217,1.4280518,-0.0107649565,-0.025906995,-0.5177039,-0.9449344,-1.0436513,1.4894159,-2.4800649,-2.1616416,2.7918305,-0.49597543,-2.204227,-0.88639134,0.23658982,0.14394917,1.2366359,-0.77079725,2.6846967,-1.1145906,-0.22300728,-0.42524666
HCC202,2.2710772,-3.2269244,-5.1110888,-3.0677366,6.0863013,1.4842778,2.743234,-1.184901,-4.314565,3.1899304,5.5207367,4.4759493,-0.3091828,1.3776333,2.8315148,-1.9709344,3.7630029,-1.8779964,-0.08901857,0.37519753,-1.5633638,-0.60586315,4.440899,8.6838875,5.193456,-3.2906146,-4.516713,0.5324761,-3.317329,6.4646206,-6.333576,-0.5660937,0.9276243,-0.6891829,-2.0492203,-1.4010943,-2.541289,-5.6578507,3.3702471,-0.78237915,-0.6605828,-1.5987859,3.8988104,0.32140207,-1.2959007,-4.5784154,-0.5218959,2.853648,-2.3958063,-6.1500244,-4.985752,-2.7314277,1.1816187,5.110707,0.12031742,4.9968276,3.19832,-2.9302232,1.3836181,-0.010314822,3.3927395,4.3964386,-4.2674847,4.6310077,-0.57346904,-5.129963,-6.886358
NCI-H1568,-4.600564,-3.0785224,2.645041,3.4876494,-3.5303397,2.4988527,-1.7949072,-0.18063727,0.26395333,-1.3535867,-0.26474196,-3.6856139,0.6245962,0.6401629,-1.3703796,3.743764,2.704029,-0.22298037,2.9350374,-0.89950454,-2.2408862,2.4852185,1.136068,1.4778229,1.534092,-0.52943933,-0.6157185,-4.4527354,1.1162639,0.9632771,2.1672046,3.7135541,-1.7601775,-0.40894762,-1.009922,0.72162855,0.44677335,2.2678561,-1.4198827,-0.71581143,-1.8965112,0.40228373,-0.21402976,0.26414225,-1.2344404,0.77867377,3.2656333,-2.8546028,-1.0557655,0.68297553,-3.628267,3.3019886,-0.1880548,0.4001662,-3.3754222,-4.4429226,-1.563591,3.1854413,0.06782008,0.85424495,-1.1217862,-1.3569187,0.36914673,-0.13034494,-0.93352395,-3.262976,-2.355026
RERF-LC-A1,-1.1981535,-0.5572493,1.5890083,-1.6540754,-0.560482,1.3429832,0.21270137,-1.9926772,-2.2521644,0.37971202,-0.60838014,0.95426136,0.56148237,-0.2492261,0.31375137,-1.3805434,1.4972672,1.3033662,-1.1442384,-1.5717618,0.023825854,0.14319101,-1.2612274,1.369616,3.186873,-1.2071558,-2.8649483,-1.2930514,-1.1220591,1.8429631,-0.03716226,4.2230973,0.73316956,0.42875433,-0.5065065,-0.44316602,1.6526659,0.14072496,1.0692017,-0.46441606,-1.4887992,-1.7771788,0.23768525,1.1707848,-2.6146333,-2.3566384,1.3180099,0.38712937,-1.2707573,0.54534674,-1.6502589,1.3320862,0.8291087,1.435163,2.3319964,0.069775105,1.0710008,0.9637809,1.1489146,-0.28866205,0.9451959,-0.74724394,-0.99858856,2.5127442,-2.340901,-3.6852298,-0.95687693
Hs 766T,-0.90561336,2.2438679,1.4535795,-1.5677137,2.0522172,-0.27206007,0.1903547,1.7349514,0.6262758,-1.5414094,2.1273153,-1.2461346,0.46363533,-4.0679502,-1.6282798,-0.9801645,0.45117795,0.08798407,0.82605517,1.9997965,0.69492024,1.2598971,-0.87177277,2.9783823,0.7818595,2.9487166,-0.51267904,-1.8557899,-1.8230202,0.081564546,-0.17663099,-2.2526033,-1.112192,0.73814064,4.0469184,1.4353597,-1.5575055,3.11876,0.13894205,-0.039620187,1.6851594,1.5286378,-0.5246919,-0.9936172,0.8999791,0.139719,0.11168569,0.3671825,-0.0223715,2.501246,1.0376325,-0.06741829,2.3976898,-5.103574,-1.561899,1.8118483,-0.7106055,-2.7060244,0.72556525,-0.10299134,-1.8833888,-0.521805,0.17165835,0.16619605,0.18654299,2.6023586,0.08797179
MFE-280,-1.8464955,1.579159,1.013374,-0.114755675,0.74671876,0.6653569,-3.5131357,-0.5944313,0.936465,-0.43180013,1.0274434,0.14631787,-0.08648003,-0.38715857,-1.0860593,0.75327134,-0.6050179,0.775897,2.203606,1.0488017,0.39285713,1.819615,-0.14422506,2.3630028,0.8369636,0.6846367,0.6139582,-3.694118,-0.210042,-0.1043957,0.8326951,0.91958,-2.147787,0.8442791,2.2122931,0.30126223,-1.0010636,0.29487425,0.8930429,1.5932453,0.46452433,1.6572485,-0.51224804,-2.7188041,2.0078993,0.43233904,0.97534215,-1.6382571,1.5100335,-0.045198947,-2.8524547,2.22035,2.5399928,-1.5089712,-2.194933,-0.4652134,-1.2672225,0.5211725,1.1776354,1.932774,-1.6516827,-1.5441642,-1.9253378,-0.7588661,1.1632848,1.5943135,-1.2064596
Peer,0.108097665,1.7989821,0.16424355,-0.10875301,0.42932335,-0.15105848,-1.3834217,-1.1445714,-0.7692985,0.6359055,-0.45842668,1.7216799,-0.96333885,0.5459946,0.646183,0.8170482,-1.121228,0.3020549,-1.1859864,0.5600731,0.8635635,0.15163603,0.022962157,-0.6431902,0.9154713,0.19411819,-0.84705925,-1.3579731,-0.10684081,-0.5649729,0.940038,1.5882136,0.59805024,0.6536063,-0.62063265,0.4843113,-0.19063374,-1.2631332,0.028563358,1.1861663,1.8227496,0.48113877,1.5478103,-1.3415623,0.67895454,-1.5362477,-0.7044252,-0.38007906,-0.057792313,0.1531696,-0.7540854,-0.38300678,-0.55028564,0.44829002,0.65184575,-0.19736204,0.83475703,0.41357595,0.26933905,-0.80567485,-1.5943424,-0.5930519,-0.9822157,-0.3401345,-0.37411076,-1.1368716,0.70264566
BDCM,0.53581214,0.04256612,0.56371063,0.4144667,-1.5092251,-0.06948288,-0.10012448,-1.0668343,0.4996102,0.00848683,-1.0892693,-0.17542653,-0.95257574,1.2693031,-0.33508676,0.24816412,-1.1132114,0.31425884,-0.86282533,-0.33645535,-0.7492715,-0.119560994,0.351034,-2.0896466,-0.70019144,0.5703943,-0.45200887,-0.4674149,0.7398832,-0.76554096,1.2879888,0.70669377,-0.030682359,-0.7753441,-0.13446671,-0.30578512,0.8760758,0.11110909,-0.5274698,-0.32469425,-0.22506946,0.29102737,0.19817293,0.38893732,0.124718815,0.09529536,-0.33964273,0.11611767,-0.29617912,1.3157265,0.98703486,0.33665377,-1.1258298,0.11228528,1.3185387,-1.119902,0.102187194,0.52576596,-0.87191695,-0.081273735,-0.5926003,-0.47344148,0.41919252,-0.5796115,0.7216804,0.19947469,0.7611367
SK-N-AS,-0.33099607,0.057383116,0.70699036,-0.009110864,-1.1226188,0.39569023,-1.8418627,-0.5713666,-0.6596828,-0.26501992,-0.99920434,0.68546426,-1.0016966,1.3068479,0.9045297,0.73405063,0.14531288,0.12340055,-0.84840405,-0.47837135,-0.23095876,0.74125564,0.44711995,-0.6499836,1.0634083,0.94474465,-0.48968518,-0.59440374,0.18977593,0.5692987,0.83055276,1.7547544,0.49807692,0.54165,-0.21351379,-0.5073248,0.48662603,-0.8004196,0.46219105,0.26316857,0.12879317,-0.13583648,1.401393,0.071498044,-0.37937886,-0.41014335,-1.3759198,0.37888417,-0.18082793,-0.35193545,-0.64790255,0.59467417,-0.54197466,1.5797722,1.7380916,-0.80651104,0.07349919,0.28612632,0.1831551,0.77322274,-0.2598124,0.77195984,-1.0064638,0.46125442,0.44464916,-1.3815764,-1.3749448
KMRC-20,-2.9670227,1.3058057,-1.13744,-3.1831806,-1.9593468,-0.91387093,3.9207063,1.9721613,-1.8278773,5.226726,-2.8543558,3.6720116,0.78077656,2.586173,-0.7615349,-3.0183172,-3.0761878,1.728245,-2.746439,0.8507618,1.9293852,0.95060784,-3.9192781,1.5015303,1.5072064,1.9016147,-6.387383,-1.9156437,-3.9016614,-3.3812625,-1.376541,-0.24302661,-2.286938,-2.1082206,-2.6605787,1.5524445,2.263237,-2.9514284,1.1745515,0.40719628,-3.0812302,0.5229411,-0.874064,2.7675748,-0.886915,-5.1938767,-1.1303678,2.6170444,-3.1742275,-0.4285807,4.072075,-3.2059896,-2.710361,-0.27684474,1.9828635,5.7470922,1.6541017,-6.456874,-4.0832005,0.9378299,0.004594162,-1.7105293,1.9497386,3.9692104,-0.06227769,2.4932134,0.81945103
HEK TE,1.1557435,1.3775407,0.517623,-0.23142235,-0.01928328,0.22955802,-0.88487977,-1.6156517,-0.26717246,0.8065534,-0.3064135,1.0167441,0.23721471,0.3953466,0.26388884,-0.5430624,-0.027332483,0.45426768,-1.3901752,-0.2596987,0.08115816,-0.13236369,0.11537847,-0.23542632,0.8078642,-0.28131494,-0.09075005,-0.76424044,-1.2466351,-0.48570886,-0.35530144,1.1605588,-0.8308062,-0.8408858,0.90585566,0.20294246,-0.23444988,-0.327436,0.21764702,1.1194041,0.762335,0.5012432,0.7594578,-1.1164589,-0.041952696,-0.27573696,0.7080464,0.06345829,-0.5189959,-0.3267851,-0.5982075,0.22363341,-0.08960995,-0.95216495,1.0534807,-0.2032894,1.4705784,0.79537946,-0.19462813,-0.75758666,-0.51792455,-1.012606,-0.64736295,0.18292384,-0.47166672,-0.47587505,0.3733124
NCI-H1437,-0.33457315,0.05003041,-2.582698,-1.6650462,0.5603314,-0.23920578,-1.355776,0.0065250993,-0.7677188,1.3490281,0.8734385,0.5181183,1.445814,0.057231903,1.8852893,-0.08639806,-0.6129252,-1.0536513,1.2347016,0.23155579,0.09362222,-1.1460983,-0.9640496,-0.6035993,0.619367,-1.9961368,0.4967609,0.8595016,0.07584543,-0.13358133,0.051028654,1.2056568,-0.17807847,0.2564817,-2.1935844,-1.2666409,-1.0586368,-2.3346345,-0.13217947,0.96722865,-0.46222988,-0.7333059,-0.6172543,-1.9558645,1.494385,-1.1258852,0.93927664,-2.620996,2.525745,-1.0930969,-0.98314446,0.69147545,1.5071688,3.716858,-0.62180704,1.6694702,-0.11409935,1.941253,0.9747817,0.6737913,1.151772,-1.2967435,-1.2844338,-2.2831862,-0.5434295,0.6172164,0.051605873
Hs 751.T,0.7183487,0.13154423,1.0721077,0.47286516,-1.2994453,-0.068131275,-0.08448815,-1.5197107,0.30790803,0.023331493,-1.0787034,0.12427771,-0.16883779,1.0867707,-0.39295214,-0.09209267,-1.1094637,0.22094151,-0.92336124,-0.27057937,-0.19895262,-0.2686153,0.42355472,-1.9570078,-0.6436181,0.4129231,-0.41314787,-0.20684358,0.4778492,-0.8830385,1.0210396,0.44662774,0.043487344,-0.4144229,-0.09575307,0.12526694,0.8200526,0.22813445,-0.8531816,0.0043448396,-0.23568258,0.27572468,0.2514943,0.1388803,0.043223716,-0.1920297,-0.030638114,0.11013176,0.009144502,-0.08136332,0.78231156,0.21904723,-0.99926823,-0.40128106,1.1146303,-0.9391756,-0.26451218,0.50265867,-1.0664371,-0.30810803,-0.5591597,-0.44478402,0.11471118,-0.239394,0.019236512,-0.14320894,0.9271031
MDA-MB-134-VI,0.5391144,0.22257496,0.2925545,0.36365423,-1.2273355,-0.25114456,-0.7308835,-1.2474931,0.16088924,0.17758906,-1.1742463,-0.028199986,-0.8894011,1.043824,0.19372775,0.46826777,-0.6173857,0.2782236,-0.7441189,-0.4198816,0.16046984,-0.3146954,0.5651843,-2.1409926,-0.7834387,0.43663427,0.17254974,-0.03857565,0.47740114,-0.36750814,1.4774629,0.69618946,0.09637256,-0.6896665,-0.36682862,-0.03952234,1.010788,0.025216818,-0.26246765,0.10344112,0.20235102,0.698775,0.4426477,0.07477167,0.47661984,0.3528266,-0.026007429,-0.26112604,-0.24952628,0.110765636,0.53654534,0.34180862,-1.2242367,0.10871332,1.0742178,-1.1485234,0.25985283,0.563892,-0.52557296,0.011767205,-0.40496853,-0.55335337,0.80525434,0.41938472,0.19323103,-0.08165312,0.58626324
MHH-NB-11,-0.11604324,0.10289764,-1.1377542,0.06898206,1.5390973,-0.1254147,1.2295296,-0.63580245,-0.7950388,0.22070214,0.8263111,0.18363203,0.57272637,-0.48823553,1.1781046,-0.4052616,0.12657222,-0.4128123,-0.6057461,-0.33928666,0.6282792,-1.4837568,0.073823296,0.46292424,-0.6504379,-1.0045844,0.53854865,0.87616324,-0.4607975,0.006036088,-1.0230918,-0.3867652,0.8413168,-0.087303355,-2.6562834,-0.62661844,-0.2282239,-1.2072203,-1.1858636,0.5429329,-0.06796392,-0.849195,0.045402735,0.4327301,-0.5836863,-0.62706643,0.07964468,-0.25441033,-0.74989396,-0.23568913,-0.38585627,-0.92593414,0.2641309,1.3619249,-0.22765926,0.20549648,0.41457313,0.59241307,0.4159607,-0.7827262,0.49731725,-0.14819129,-0.4018005,0.1722228,-2.0179274,-1.1933388,0.48985407
Caov-3,1.5709543,0.059765,1.3897439,0.62885547,-1.3118744,-0.30102134,-0.4698121,-1.9457147,0.16882779,0.4078219,0.71631926,-0.22739467,1.2895983,0.14953102,0.083876036,-2.514753,0.029690247,1.4814862,-1.121897,1.2107955,0.7358518,0.30067375,-0.09427287,-1.118546,-0.26682746,-0.18734565,-1.0467249,-0.5101019,-1.1642349,-1.0750998,0.06593969,1.0888151,-1.6790982,-1.0453813,0.71968806,-1.3027099,-0.027518794,-0.0076818913,0.010087699,-0.12071136,-2.50554,-0.1796446,-1.1754721,-0.9019712,0.5912387,1.1010249,-0.63011855,-0.15122622,2.0670314,-1.6287324,-0.15580288,1.9071288,0.4175365,1.3715202,0.6159421,1.3347399,0.6405775,-1.337087,-0.9992695,0.9909362,0.080681786,-1.9903152,-1.1413848,1.2760277,1.0134208,1.0175986,1.2557011
NCI-H1373,-0.7420758,-0.88711023,0.083910406,3.0636072,-1.0524652,0.17948683,-0.26567578,0.59835285,-0.5025036,1.3979753,-0.8875029,1.5606594,0.70048404,2.6349764,0.2758249,-0.51062894,0.014508244,-0.085814685,-0.75766385,0.058287203,1.1959981,-1.8759518,-0.39893606,-0.27893674,-0.6048935,-2.585035,-0.39930025,0.922664,-2.5900633,-3.174184,-2.3836854,1.4677144,-1.0088296,-1.259794,-2.7621834,0.026579548,-0.71876466,-2.5670333,0.0031694062,0.2372931,-2.4245238,-0.2790457,-0.46123022,-0.8449334,-1.1045097,0.46797475,-0.55388695,-0.53292,0.17655104,-2.781315,0.7554158,0.6153101,-0.0048619807,4.1038194,-1.025731,-0.8609786,0.8233231,0.056750894,-1.6077566,-0.33559388,0.70054245,-1.3275356,-2.7732537,-0.5393423,-0.0702187,-0.44561857,0.794037
H4,0.94528604,-2.2995224,0.6744134,1.5310619,1.7418234,-0.23752806,1.1990428,-0.5599633,0.38191304,-2.1667907,2.535297,-1.129031,-0.43319708,0.056725472,1.4381884,2.0880287,2.0171647,-1.0494165,1.3053036,-1.6421833,-1.0365976,0.39265376,1.9749583,2.0174978,1.33099,-0.46088588,0.5085941,1.3205156,1.7318527,3.4461489,-1.6878892,-0.7045509,2.0142145,1.9570987,-2.3748846,0.6295108,-0.19604354,1.0953194,1.0190084,-1.5522835,-1.3673662,-2.7865841,0.7764572,2.9694629,-3.017557,-0.14526938,-0.052020647,2.8415847,-0.32103735,-1.4593985,-2.513554,-0.29877678,-0.092511,1.9742347,-1.1485977,-0.30204535,-2.577521,-0.09381917,0.7036298,0.009854123,0.9489051,3.1892529,0.26022,2.3343713,-1.1786947,-4.6785755,-2.4719532
NCI-H1666,-1.5625929,1.2851042,-0.48350474,-0.81212705,2.0338566,0.89757764,-0.29977828,1.7387718,0.79282594,-0.79495835,0.022867173,0.040936723,-0.6377427,-1.3270111,-1.038163,0.5084273,-0.48902822,-0.3523521,0.7544162,0.27257544,-1.411741,-0.19419616,0.7658889,2.7877693,0.15155567,1.3628247,2.0040653,-1.2277491,0.2021983,0.72346884,-0.07462773,-1.3106922,0.43927824,-0.16532168,2.1402283,-0.030560844,0.034995683,-0.124916136,-0.5004676,0.013241276,1.9810032,0.8441888,0.92663753,0.22575973,0.6995902,0.038089857,0.4664849,0.9616339,0.10119005,1.4537125,-0.35975268,-1.1369386,1.080605,-1.7866759,-1.2224189,-0.5162006,-0.41192204,0.7226223,0.2990972,-1.1208096,-2.4259088,-0.09420823,1.0863932,-2.874282,-0.74947554,1.6320609,-2.4930146
UACC-812,1.0735554,0.44009867,-1.8156352,-0.4996571,1.4194372,0.32332474,-0.41972178,0.59534204,0.23672403,1.4442636,-0.59342736,-0.59072155,0.2829647,0.8334246,2.473619,-1.5743437,-1.4558854,0.16368358,2.289369,0.13462111,-1.256007,-0.6542531,-0.84783554,0.25500733,0.27081257,0.4112804,1.3348567,1.1763668,-0.3809037,0.60022706,-0.84263194,-0.91815865,-0.8629977,-0.38134345,0.32747367,-2.3681583,1.5426183,-2.0529387,1.7861274,0.886727,-0.98496467,-0.96365213,-0.5205795,-0.25757775,1.217226,0.4820433,-0.5611841,-1.3630729,4.5051103,-2.5192127,-0.03009215,1.2202874,2.1876798,3.705368,-0.05338438,1.1808596,-0.37361652,-0.97610825,-0.847197,1.2564471,-1.2921118,-1.460841,-3.38033,-2.40947,0.46456575,1.9951311,-1.4616032
Jurkat E6.1,0.5173642,0.41179723,0.69379765,0.46179283,-0.6029235,-0.059780255,-0.49226516,-1.125792,0.5180639,-0.19129515,-0.61025864,0.09341299,-0.106632695,0.50259554,-0.0016949959,-0.13796023,-0.54082805,0.22494549,-1.046962,-0.7112703,0.1607278,-0.6649019,0.3327997,-1.1283952,-0.8646481,0.08364658,0.74837744,-0.10498208,-0.17076576,-0.6819441,0.4500902,0.39197028,0.115472406,-0.73759,-0.3004176,-0.38476574,0.5226492,-0.20621173,-1.0160899,0.107620105,-0.2059019,0.11707705,0.16933784,0.07260518,-0.1832221,0.49846804,-0.28954053,0.39959747,0.100092605,-0.0874826,0.24504346,0.41293466,-0.22979715,0.23760583,0.95589477,-1.1903644,0.35485148,0.72578126,-0.28680718,-0.516464,-0.3985448,-0.7866027,0.16177431,-0.5434062,-0.5129696,0.12869717,0.6686945
SNU-449,0.17332426,-0.09429256,0.26373348,-1.116347,1.0492792,-0.6247223,-1.7165878,0.8627703,0.83309543,0.22625887,0.9311284,1.2465938,-0.3271786,0.89620084,0.51995814,-0.08246164,-0.700231,0.8253345,-0.48337427,0.3272765,1.3261677,0.2605133,-0.2107452,1.7418652,-1.6305338,-0.9238973,0.6576476,-0.31626856,-0.12206155,-0.090218395,0.41331738,-0.29422253,0.37357882,1.5735322,0.112612106,-1.4050192,-0.23066175,0.0042818524,-0.30764768,1.3189052,0.7829724,0.047654867,-0.24949622,0.25863022,1.2435519,0.69145095,-0.9019283,0.14481875,0.35611853,-0.45315588,-1.6160723,-0.82268417,1.3337619,0.974298,-0.2254526,-0.12535344,0.5766426,-0.8508528,2.0551019,1.339907,1.3094556,1.4337487,-0.930898,-1.3142035,0.9236876,1.0670147,-0.65475523
SK-MEL-24,0.37005377,0.009008781,1.1779795,-0.5075029,-1.0464925,-0.9376848,0.3812723,-0.2584399,0.66444993,0.09530659,-0.6575209,0.27128464,0.270273,0.55953586,-0.3846816,-1.2863368,-1.3499177,0.36391962,-1.7541975,-0.4751542,0.8739717,-0.32654086,-0.4233744,-1.3112214,-1.4249337,0.109036714,-0.7851105,0.80979633,-0.4039247,-1.6650566,0.16177614,-0.027845725,-0.2378676,-0.81078625,-1.0422266,-0.48391,0.667148,-0.82632965,-0.9863541,0.11133848,-1.4820031,-0.6316659,-0.78768575,1.007889,-0.18375896,-0.117223345,-1.0794199,0.9758906,-0.069913365,-0.34128183,1.5332421,0.20284823,-0.3398859,0.81368685,1.7502215,0.5494411,0.2668402,-1.0778145,-0.89583004,0.1007179,1.0750698,-0.6998436,0.67363036,0.38501704,0.36695194,1.1907034,1.2970513
HEC-1-B,-2.1964417,-4.814859,-8.23834,-0.5037683,2.2486196,1.1409332,0.77053845,6.539921,-0.35344857,2.0497863,0.33324996,-2.7263012,4.1005745,1.0198559,-1.0397358,0.34426364,1.9881966,-4.1229687,6.887511,2.231456,-2.959829,-0.19705158,-0.76012635,0.6023092,-1.7241397,-3.8021028,1.7195216,6.3072557,3.5248382,-0.39838707,-4.0048294,-3.343695,-2.2082577,1.4196686,0.08005686,-1.0867654,-1.5334558,0.91505915,1.1709275,-0.42606705,-1.7022378,-0.44565538,-3.5179577,0.05432748,1.629455,2.069274,2.9849422,-6.028175,2.1423795,-0.61838454,-0.8889358,-1.7067674,0.9340985,1.2932088,-5.9728575,3.852198,-0.6887294,3.2080579,-0.056708265,1.5441984,4.356483,2.3963037,3.3236206,-4.427493,3.6654193,3.7548423,-1.2489598
SNU-81,0.17043543,1.2203487,0.118777804,0.7321962,-0.4945978,-0.5240029,0.0665355,-1.4459572,-0.4958822,1.1324443,-0.98055196,1.5887482,-2.1212206,0.9396485,0.800897,0.8067356,-0.11551827,2.308597,0.072543964,-1.363204,1.5241668,1.0412701,0.23171058,-2.4108398,0.16491315,-1.622899,0.360694,-2.0399256,0.22873671,0.6435593,2.3518791,2.6736367,0.3994068,-0.2008533,-0.5859695,1.2600232,1.9667348,0.68606174,0.05810803,-0.21037878,1.1342659,1.082949,0.29292977,-0.88632035,0.16629416,0.3507893,0.627847,-1.5413597,-1.0598029,-0.38317773,-0.5744423,1.205053,-0.61741805,0.07174965,0.2615301,-2.0193639,1.9028722,0.725793,1.0001802,-0.5885242,-0.30055442,-1.8560072,2.0541127,2.0269997,0.031201974,-0.70795655,0.9389849
SNU-407,1.3674145,0.81179804,1.1090499,0.2685614,-0.832066,0.11258553,-0.049326926,-2.4116518,0.019130576,0.41330385,-0.5699843,1.1772037,-0.32455295,0.665324,-0.93396115,-1.2264475,-0.752355,1.2627596,-0.70837766,-0.07031276,1.011366,0.2894644,-0.15028954,-1.5215728,0.34682167,-1.0098956,-1.101946,-0.8176056,0.3115598,-0.65797824,0.79046774,1.9010732,0.67218435,0.14865652,1.4979063,0.18857473,0.6715399,0.7069396,0.5045478,-0.072475746,-0.08563357,0.15487322,-0.16603293,-0.53894746,-0.47362995,-0.27993032,0.21995679,0.1346347,-0.27481908,0.38055423,0.4605287,0.343165,-0.33568522,-0.9858938,0.94362205,-0.4759337,1.2221633,0.2478145,-0.6458137,-1.3043456,-0.9664831,-1.2771012,-0.09577819,0.9142668,-0.36608922,-0.6594929,1.8861945
MHH-CALL-2,0.23067604,0.1082869,0.37115756,0.3916809,-1.913785,-0.0006235689,-0.5266443,-1.3507587,0.20917809,0.15757488,-1.105579,-0.09135012,-0.675128,0.7921843,-0.26200345,0.016291382,-1.2259722,0.36781338,-0.8645518,-0.17499496,-0.13244133,0.47902727,0.44722414,-2.0433273,-0.50526536,0.44855112,-0.123861626,-0.83365154,0.7560332,-0.7767018,1.3345935,0.20592356,0.08659305,-0.75892746,0.042381242,0.19148971,0.94524974,0.13581249,-0.56134,-0.3116847,-0.30548882,0.20692222,0.37530875,0.15350036,0.1534907,-0.43284804,-0.068247765,-0.16620532,-0.28469104,-0.33113292,0.70015556,0.1977559,-1.1088876,-0.09045152,1.2573066,-1.1056114,0.24231869,0.44922414,-0.7365937,-0.076520436,-0.67820686,-0.5651664,0.5237847,0.17040794,0.3091685,-0.09044799,0.74005723
NCI-H1755,-0.59274036,-0.66204536,1.5922364,0.32414776,0.6409352,-0.90828025,2.084542,3.2207582,0.63777816,-0.5840759,3.301168,-1.911339,-1.2768538,-2.401733,-0.092274785,2.179318,1.6609572,-1.1170624,2.021449,-0.35918438,0.1733748,1.0568273,0.48024023,3.261638,2.473493,0.46495658,-1.2273563,0.20856905,-1.4061022,2.118883,-1.0488242,-2.5045302,-0.1841349,0.3671328,0.6031532,2.4669735,-0.97509503,2.7908578,0.26077574,-1.907839,-0.6908349,-1.2134467,-0.5613747,1.2761781,-1.7840939,-0.6248547,-0.38690758,2.0850885,-0.41158575,0.87624276,0.12152964,1.1528383,0.32457513,-0.8424725,-2.0169487,0.088443145,0.492033,-3.7461522,1.1540935,0.9520583,1.6834495,1.8290261,1.8308219,2.8510685,0.4795141,-0.54462016,-1.7708374
DoHH2,1.6503689,0.42779592,0.43322563,0.17955677,-0.89860797,0.15900366,0.050174356,-2.4117413,-0.115631916,0.3785633,-0.7208795,0.42939144,0.09570519,0.68147147,-0.48277873,-0.9859792,-0.083230466,0.31282324,-1.2075658,0.07449037,0.17063713,-0.08375716,0.3525399,-1.3395563,-0.015130043,0.01580592,-0.4933658,-0.6739398,0.3132679,-0.36428666,0.29116005,0.66832966,-0.20093504,-0.2895139,1.0446702,0.45261443,0.5786942,0.7918682,-0.010512263,0.35538432,0.03223465,0.660879,0.37926057,-0.27128792,-0.48706093,-0.53856933,0.6529746,0.14670599,-0.5140937,0.36830238,0.18629386,-0.10638465,-0.6487527,-1.2596966,1.2375621,-0.15717238,0.53937566,0.44094193,-0.9898865,-0.7651907,-0.77975285,-0.5642531,-0.65911573,0.960814,-0.15853849,-0.6656514,1.0625228
EB1,1.3203211,0.9466558,0.20391038,0.09601088,0.33085263,0.41113296,0.44352436,-3.0288935,-0.60012364,0.68688047,-0.78317994,0.8300574,0.60649526,0.4803008,-0.2687033,-1.4776604,-0.33756247,0.0032857656,-1.469091,0.19948332,0.4481997,-0.29859945,0.47388983,-0.40619588,-0.1308048,-0.3767725,-0.39930972,-1.2177553,-0.06270419,-0.13487588,-0.37773415,0.9291009,-0.40149847,-0.36876348,1.0725284,0.4623155,0.44875163,-0.17021233,0.37047377,0.05057764,0.50946426,0.54116875,0.5746292,-0.24215584,-0.47937,-0.38875124,1.6265458,0.07073667,-1.0789654,0.028327852,-0.45366213,-0.7209663,-0.26535794,-1.9433827,1.1551149,-0.048485436,1.3526913,0.8497935,-0.7598136,-1.5006123,-1.2609991,-0.68234617,-0.48466885,1.2560935,-1.2295693,-1.4949387,0.88433576
JL-1,-2.4654014,-0.89693207,3.0771205,-0.13293384,-0.71866816,0.09380866,0.643374,0.9872301,-0.07062231,-2.4059894,-0.9592229,0.7278541,0.36130893,0.36163622,-2.5794585,-0.32508853,0.4119322,-0.66285604,-1.8028835,0.71724665,0.88742983,0.20893383,-1.4288366,0.6248275,-0.27419776,1.6588302,-1.6526469,0.7860533,0.9421958,-1.0148548,-0.29757804,-0.0619494,1.314483,1.3762714,-0.6171542,0.19241744,-0.80043375,1.870223,-0.056974947,-1.2023919,-0.42243853,-1.2053092,-0.0034335926,2.3073225,-2.391155,-0.22332466,-1.8501662,3.2920146,-3.3761017,2.345951,1.1434498,-1.959283,-0.8475492,-2.098054,0.6220619,-0.043268435,-1.2750766,-1.1748841,0.55026114,0.0054022684,1.1084163,1.4131306,0.43400425,1.8367484,-0.06323889,-1.9343134,1.1574659
HPAF-II,-2.96103,-0.57003975,-0.4198305,1.4865172,-0.1902692,0.34232014,-2.568305,-0.565163,1.1259183,0.2016443,0.40205106,-2.2762384,3.1646714,-1.7274725,-0.5936319,-0.73541754,1.9537506,-0.1688002,0.4771852,1.0512635,0.677233,0.820384,-0.44880664,-0.0160672,-2.4785922,-0.5925221,0.024479933,-0.91872334,0.973398,-0.90863675,-0.6826969,-0.4642018,-2.4791627,0.8803926,-1.5986856,-0.37790018,-1.6678878,-0.35785967,-1.6207117,2.1470313,-0.8380876,1.7749496,-2.064306,-1.194944,1.8492566,0.9282397,1.4623123,-4.2298784,0.39865324,-0.18004447,-2.1705492,0.6982613,2.3281972,-0.6435037,-2.1469288,0.6925945,-2.4242778,1.4828624,0.6024343,0.48454577,0.9595553,-0.44925562,-0.4314615,0.42813987,-0.2395936,0.2606051,1.0788432
KNS-62,-2.6413336,-1.7477487,2.4801342,4.04213,-1.2315524,1.2968868,-2.4134011,1.6312252,1.6099404,-2.0635996,0.32552508,-1.9864907,1.0962424,0.21965232,-1.7358601,0.33085418,2.5928652,-0.9015105,2.1316092,1.8453413,-1.2313739,2.8751326,-0.023637552,2.3298104,0.5159327,0.8977949,-1.4619378,-1.9556068,0.37681106,-0.5108941,-1.3250165,0.23243986,-1.4009116,1.6752461,1.1228212,1.61771,-1.7352822,1.1581577,0.758186,-0.7044322,-1.4546976,0.4916486,-1.0366766,-0.25810987,-0.58839446,0.91560006,-0.6142609,-1.164219,1.2736058,-1.2164936,-1.0658358,1.9346579,1.8472841,0.39111787,-3.1960294,-1.4958104,-3.2132022,-0.9722028,-0.950809,-0.09281212,-1.5572791,0.62667686,-3.5412216,-0.2092346,1.4489295,-1.5986627,-0.7331738
HuG1-N,-0.99088,0.42683142,1.5428091,0.41729006,0.06375533,-0.5674534,1.9880016,1.9422915,0.028217107,-1.6975628,2.7546065,-2.5847383,-0.6770797,-3.7733853,-0.06872655,2.5675871,1.9057513,-1.0293995,1.594273,-0.4100795,-0.56490463,1.0236541,0.8230401,1.3613101,3.0775084,1.8505067,-0.8647135,-1.0424955,-1.2944366,2.1152408,0.12335536,-1.3441856,-0.33492723,-0.5942826,-0.53262013,1.8010699,-1.1036478,0.5767808,-1.1194918,-2.5000606,-0.47790378,-1.6145387,-0.01822912,-0.20935279,-1.4302311,-0.19582403,-0.4333828,1.1385939,-0.27446795,0.84901714,0.06427686,1.9832163,0.3242947,-0.07538856,-1.4171115,0.009482041,-1.3216383,-1.890106,0.28772056,0.16080831,-0.19151634,-0.1283901,2.419228,1.7453473,-0.6799404,-0.57911205,-1.8302763
RERF-LC-MS,-0.29717883,1.4779058,-0.2875797,0.14828746,3.8757215,0.33136183,2.498364,1.5898113,-0.5305786,0.3220666,1.0079081,0.28131843,0.48186,-1.8000112,-1.1191953,-2.1386807,0.22460493,-0.3634895,0.33739394,2.4047902,1.1637198,-0.69643587,0.031244442,3.8468108,-0.9130055,0.27200487,-0.015186405,0.18390156,-2.028659,-1.1155181,-2.6902516,-3.2245774,-0.7728831,0.5086701,1.8577932,0.9070225,-0.31367576,0.71101844,0.32766825,0.19434106,0.6387736,0.2780357,-0.61214864,0.40985256,0.20326182,-0.9472816,0.32649723,0.07404757,-0.43830228,0.57841855,0.28345054,-1.8583895,1.5053259,-3.116875,-2.2920735,2.3697824,1.1141069,-3.3805883,-0.7359938,-0.28980714,-1.5723412,0.3002522,-0.70175636,1.1237857,-1.3657849,1.6338758,0.60982
NCI-H2106,0.78854364,0.2928588,1.1791499,0.008529199,-0.68731004,0.5164919,0.0055993423,-1.3702712,0.2258501,-0.60572493,-0.81462437,-0.31985945,1.5181947,-0.34008116,-0.24898945,-0.9201485,-0.27606872,0.036900453,-0.54200923,-0.41729897,-0.2543974,-1.5915551,-2.1988492,-0.3901711,1.2720515,-0.22998554,-0.30740127,1.3782834,-1.3381593,-1.1255637,-2.3450692,1.4830495,0.0872799,-0.65332633,-0.61119306,-0.3132748,-0.11133182,-1.9596905,0.4161584,-0.07305639,-2.308853,-2.1273484,-0.29321977,0.4617646,-2.280982,-0.6585138,-0.039007805,1.8895309,1.2276301,-1.649121,1.0545788,0.7398269,1.3026679,1.9928156,1.2166731,1.0286807,-1.3724298,0.63104194,-2.3819377,-0.8881201,-0.595029,-2.3752224,-1.9604356,-1.4799682,-2.376678,-0.24112129,0.39415008
CAL-12T,0.47809142,-0.7874947,-0.85359585,-0.38141072,-1.7465044,-0.6779287,-2.2831717,0.29623553,2.3961325,-0.22115794,-0.29878235,-2.1008236,0.9358195,-1.0692443,1.7346209,1.282376,0.19153063,0.16313773,0.14765033,-2.3336964,-0.36835146,0.8719389,-0.23948625,-2.8454661,-2.424175,-0.2680536,4.1825995,-0.14815475,1.9812124,0.8041762,1.4229844,-0.25980383,-1.5287589,-0.3850384,-0.9399527,-2.5542355,-0.07494025,0.2705575,-2.8710265,1.5249346,0.5805162,1.3349375,-1.4794406,-1.2709366,3.0128024,3.5803468,1.8134023,-2.2205915,0.992201,0.83526075,-1.7820492,1.0021148,-0.5922727,0.032014698,-1.1037835,-1.6075592,-1.2516643,3.550868,2.5562766,0.8669973,2.488988,-0.31063107,3.1468806,-2.2377923,0.93077004,2.0092282,0.35244337
HuT 78,1.2035393,2.0745468,1.4682441,1.2174625,-1.1611012,0.20343423,0.8254343,-1.436304,0.09974656,-0.26074612,-2.201484,-0.17275965,-0.0025908947,0.004967481,-0.056875713,-2.309028,-1.2436098,1.3725759,-0.017881844,2.004523,-0.066434875,0.22391085,-0.9491421,-2.5634716,0.866688,1.3751153,-1.3275405,-0.82174826,-1.5486276,-1.5626197,0.11572142,-0.213708,-0.9214655,-1.8509247,1.4079705,0.56304693,1.108402,0.29205257,1.8903748,-1.3709975,-2.4705522,0.074810304,-0.6193025,0.6213616,-0.33796102,0.8280164,-1.1151828,0.34586027,2.1462758,-1.1711198,2.442392,1.6823374,0.23599601,-0.1834608,1.3126498,1.0858351,0.00503996,-2.367488,-3.959342,0.0809666,-1.9909573,-2.4777093,-0.7476662,0.02332592,-0.10124132,2.2127318,1.4315293
NCI-H226,-1.879738,-1.6035451,2.1702676,-0.48053923,-1.4525592,0.8087319,-0.42411667,-0.50186825,-0.3621759,-2.9733655,-1.0142492,-0.57564473,0.23423517,0.6155948,-1.2845517,-0.13857123,2.143749,-1.378846,-1.5599086,-0.11863406,-1.5058138,0.46785146,-0.17318463,0.370507,0.18935777,3.0386405,-2.7373784,0.7363094,2.2110558,0.87597626,0.3068622,0.5014801,2.4544747,1.4199145,-0.4165148,-0.2660875,0.013508075,1.0204401,-0.12904397,-1.364419,-0.53424615,-1.906898,0.7030518,3.1336741,-2.4063513,-0.9179785,-0.9449203,2.8412178,-2.5458095,2.1012318,0.24188557,-1.383434,-0.5846225,-1.707298,2.2582312,-0.870982,-2.043936,0.21251556,0.9433471,-0.16400243,0.82315344,2.8952043,-0.49859184,2.0113351,0.48714942,-4.241071,-0.46564883
U-937,0.36623284,-0.054497425,0.6884453,0.3529147,-1.5432683,-0.16568673,-0.10646874,-1.3795669,0.3593019,0.076215506,-1.0467062,-0.037357595,-0.6300038,1.170223,-0.5966016,-0.167076,-0.7714983,-0.18085316,-0.9098138,-0.20260057,-0.19548278,0.17794444,0.2773571,-1.9225475,-1.0768404,0.43505338,-0.31625456,-0.4712351,0.32706514,-0.7735804,1.2130108,0.43498567,0.0390899,-0.4824607,-0.022334747,-0.27664444,0.91751003,0.5236097,-0.41979232,0.28366718,-0.31925994,0.28717598,0.17191909,0.3898757,0.17375283,0.0016471315,-0.26805657,0.097862236,-0.07491721,-0.011104882,0.9854376,0.26446736,-1.027764,-0.338188,1.1317445,-0.8726214,-0.25476938,0.3383497,-0.8782403,-0.3613667,-0.6154584,-0.6476139,0.22634782,0.0996575,0.2942145,-0.06439176,1.1006664
NCI-H520,0.59814364,0.54217803,0.42079517,0.7300242,-1.9931179,0.062075853,-2.1260104,-1.0539992,0.9409663,-0.8175783,-1.6447904,0.27369836,0.4422238,-0.12640236,-0.10938522,0.12887602,0.861265,-1.4900937,-1.5641148,0.08458899,-1.8336712,0.009662241,-0.8690996,-1.8991592,1.3848927,1.6772404,-1.7489067,0.3706245,-0.06902985,-0.95598227,-0.84349704,0.74889904,-0.60986006,-0.5361812,0.74024993,0.9562098,-1.93403,-2.421861,0.6122747,0.3233152,0.46674168,0.17382903,1.0207555,-1.3023641,-0.13183938,-0.94927907,-0.8455913,0.9922897,1.2644076,-0.6016952,1.7004222,-0.057767034,-0.8280413,0.04113695,1.693122,1.3262284,-1.7702878,1.3509797,-2.0622797,-1.9419825,-1.1510876,-0.16289404,-1.4615756,-1.2082976,0.20817345,-1.4637306,0.3244452
MCAS,-1.015681,-0.3452785,-2.0858784,1.936029,2.6696947,0.4324407,0.38706982,0.57704335,-1.0916629,0.96629393,0.4735012,1.6058425,0.6420551,1.2913389,0.692508,-1.1094245,0.3818605,-0.3294653,1.5249666,1.354715,0.8033853,-1.28338,-0.53354794,0.91757166,-0.7848027,-2.6732845,0.019395754,1.1757343,-0.27541006,-1.2577275,-1.9681597,-0.34399492,0.4377826,1.4114888,-1.6594574,-0.42854586,-0.36293358,-0.98468196,1.2362947,0.31624755,-0.38086382,-0.6414907,-0.7760401,-0.45911992,0.07348926,-0.3072931,0.59288496,-2.302914,0.76607597,-1.9251311,-0.37497562,-0.47783804,1.1762493,2.3084445,-2.2048128,-0.013587207,0.1896851,0.31300417,0.38152152,-0.5603776,0.02643153,0.08296573,-2.9250925,-0.7065572,-0.4262451,-0.99998,0.8052541
COV644,1.1416497,0.6463423,0.2593512,0.3245859,-0.737995,-0.103950456,-0.12283049,-2.174774,-0.19635357,0.50755286,-0.9754273,0.53583896,-0.5853123,0.9322717,0.11673852,-0.0084479,-1.0711403,0.8730105,-0.90370154,-0.32634473,0.110316224,0.37943682,0.590021,-1.6908177,-0.49168062,0.009081805,-0.1019944,-1.2056613,0.28118056,-0.14183944,0.9221326,0.79144615,-0.3199296,-0.5276958,0.27915835,0.37973154,0.79895663,-0.29766127,-0.052204993,0.54379636,0.49849993,0.8791884,0.62126374,-0.5136292,-0.05745101,-0.3047697,0.5491097,-0.46480098,-0.26464006,-0.220403,-0.13283363,-0.17139933,-1.0425841,-0.73293257,1.0600642,-0.9227557,1.691463,0.6532159,-0.4697201,-0.34462747,-0.74095786,-0.7767884,0.29643428,0.83385533,-0.14780438,-0.74751717,0.6704505
SNU-620,1.5121017,0.19878763,0.5507092,0.20487002,-1.2258431,0.17088631,-0.04682523,-2.1920362,-0.040000096,0.3281311,-0.8162854,0.6849108,0.22510439,0.5877625,-0.5577513,-0.8412333,-0.45715928,0.25164032,-1.1856257,-0.18057358,-0.08445068,-0.26070833,0.2799908,-1.3930107,0.19195932,0.0008860938,-0.65898013,-0.82929933,0.39868537,-0.6234237,0.27596307,0.8752715,-0.3853859,-0.9621383,1.2092661,0.32278055,0.36737883,0.45103693,0.12086851,0.11021378,0.013790508,0.38327312,0.2745431,-0.13388231,-0.35893008,0.029197007,0.7959081,0.12809232,0.09538281,-0.11477555,0.30163565,0.1212426,-0.71144384,-1.2082454,1.3421546,-0.16547579,0.6201834,0.6175926,-0.77952945,-0.52823603,-0.59365386,-0.6440359,-0.23573151,0.74258953,-0.023434397,-0.50575286,1.0163149
LS513,-0.8030853,0.18518625,1.6573544,-0.4630353,-0.59660375,-1.2391601,0.087963134,0.29970026,-0.10911232,-0.85775787,0.092047065,0.88993233,-0.461334,-0.3106154,-0.3291234,0.04440588,-1.0860872,0.5821714,-0.8650564,-0.07912152,1.7837702,-0.30424637,-1.3665793,-0.26576725,0.13008451,0.12724455,-1.4319977,0.111738846,-0.042451218,-0.7293887,0.39981088,1.3574069,1.4207512,1.0072778,-2.138453,-0.39104185,0.111085735,-0.73082286,-0.7048118,0.2796608,-0.6590049,-1.4242724,-0.24494903,0.529332,-0.9738962,-1.3490076,-2.283766,1.3037288,-0.096310675,-0.086027846,0.9738953,0.23840675,0.5503842,2.379984,0.8599398,0.45818847,-0.98132485,-1.3057477,0.40447754,0.2353393,0.56674916,-0.4125197,-0.5765643,0.4778619,-0.7770328,-0.58126533,1.0116136
FTC-238,-0.27427208,-1.4922278,-3.4172225,-3.6848109,3.9177387,0.12502246,4.6124725,4.1269994,-0.5641015,0.9636839,2.5221136,-0.5336455,1.2792524,-1.9907838,-1.8387969,-0.8561684,1.6092284,-0.9359405,4.5616474,1.5855017,-0.9643298,0.70734394,-1.2471579,5.0683923,0.60534316,-1.1856968,-0.7543657,2.4633636,-1.7844412,1.6447933,-3.2794623,-3.1835485,-0.14481616,1.129876,3.1615665,1.1892765,-0.42521575,1.3857541,3.1601005,-1.726393,-1.1971022,-1.0026028,-1.9904388,1.3499368,-0.665292,-1.2253702,1.337228,0.89263916,0.87250966,-1.470703,0.87442064,-1.9899336,0.82884634,-2.096928,-2.6292868,5.602882,1.599257,-2.9557388,0.6102355,0.87468094,0.7766642,1.2293115,0.310081,-2.0167518,0.31246823,2.7381756,-1.5144365
JHH-1,-1.4703295,-0.61833084,-3.3382962,-1.1370587,2.4870613,-0.47908777,3.0780516,6.457541,-1.5330718,1.9909114,1.693163,-0.57861644,0.7896885,-1.6925019,0.29501393,0.38487703,0.19862486,-1.7475579,3.1670196,1.9848951,-0.4034364,-0.8060554,-0.7270506,1.6473079,1.1884232,-0.8792064,0.17818442,3.9560287,-2.1039636,-1.2800736,-2.3417256,-3.6232097,-1.181087,-0.42615503,0.30111423,0.85015047,-1.3883741,-0.43487,0.40635023,-1.0157697,-1.0852332,-0.99581885,-1.8504508,-0.9843068,0.23502731,0.9789531,-0.67869276,-1.2036521,0.76589346,-1.375547,2.0326908,-0.5945214,0.2781992,1.4436197,-2.601428,4.408742,0.6325696,-2.8156986,-0.8870652,1.0351503,1.9315386,0.49594012,0.63767976,-2.1838253,1.7251343,3.90961,-0.51699984
KNS-81-FD,-0.94176483,0.5005003,1.6001394,0.5363301,-0.41754973,0.32151318,0.7383713,-0.11546172,-0.66038996,-0.69423056,-0.6082966,0.38518807,-0.21949221,0.3320921,-0.37248552,-0.36191198,-0.9597524,0.34849623,-0.7361674,0.43822628,0.47470644,-0.36583632,-0.6600417,-0.31664863,1.2350147,1.6903647,-1.7304435,0.12110013,-0.11117547,-0.3116917,-0.39919245,-0.38160393,0.14563313,0.12111218,-0.9390068,0.24407797,0.7994878,0.43433577,0.9711391,-0.44915622,-1.2117153,-1.0334246,-0.08344521,1.2511271,-1.5032282,-0.9064554,-1.3027742,1.7216171,-1.0316361,0.6820701,0.98964083,0.0072750673,0.3971156,-0.25886112,1.0296192,0.03979172,-0.84911007,-1.8127964,-1.1388081,0.9603091,-0.28381944,0.44611582,-0.61341846,2.5167456,-0.92687184,-1.0501801,0.1927487
MJ,0.060860425,-0.13196485,0.2711752,0.18997018,-1.9783871,-0.10788973,-1.0487511,-1.0107827,0.4909907,-0.15083143,-1.0971677,-0.47266936,-0.3745525,1.1310368,-0.41444677,0.23263238,-0.7914573,-0.029321421,-0.9581186,-0.52766395,-0.32903022,-0.4780091,0.38276818,-2.0180628,-0.52922714,0.7129894,-0.09933981,-0.38362467,0.42833614,-0.8237146,1.1635622,0.39430368,-0.12882431,-0.77528524,-0.32597384,-0.21369794,0.5836838,-0.3103086,-0.549248,-0.20845544,-0.31967843,0.36479396,0.34359324,0.05479206,0.27503738,-0.12202145,-0.73008966,0.23274188,-0.08523306,0.27807838,0.98149717,0.472149,-1.1291299,0.14319693,1.3550451,-0.98442036,-0.38604355,0.6546757,-0.8013191,-0.0843789,-0.3126543,-0.5632117,0.31154424,-0.28377712,0.66466546,0.40137234,0.53829616
EFE-184,-4.4791336,-0.24911185,3.5654435,3.4037938,-1.3417084,1.0750061,-2.6017916,1.8719349,0.9613112,-1.6367399,0.0020908415,-2.8833349,1.4021516,-1.3538741,-1.9734272,0.14950907,3.2208843,1.2975984,2.2222042,1.988361,1.0740124,3.58502,-1.200691,2.5172005,-0.5630057,-0.69744563,-1.3286285,-3.3896136,-0.3441569,-1.7257533,1.0241387,0.8865258,-2.6250818,1.1129863,0.48371577,1.1859554,-0.5456182,3.3865566,-0.22447173,-0.35073972,-2.9912047,1.7413813,-1.7840534,1.3992842,0.26138997,3.451645,-0.0951445,-2.1183228,-1.6570168,0.51349807,-2.9210052,3.1369593,1.2059389,-2.2722893,-2.9062803,-2.0058985,-1.5182312,-1.4981824,0.42428908,2.150356,-0.39688936,-0.28690398,-0.09432045,1.1550181,1.3334446,0.6543671,-0.64426297
SH-4,0.63997847,0.2132064,0.35176826,0.46877947,-1.9955814,-0.07231661,-0.4084316,-1.0672144,0.5987735,-0.088392824,-1.1629357,-0.27158853,-0.85256475,0.96912426,-0.28915453,-0.092331156,-0.8483722,0.1433071,-0.8074206,-0.16001084,-0.29838333,0.03508865,0.21105812,-1.785714,-0.7029778,0.68689007,-0.10081686,-0.5471908,0.5266129,-0.8718847,1.0965954,0.109033525,0.0769652,-0.31736708,0.5331766,-0.034372874,0.8206319,0.37467235,-0.19413018,-0.24711277,-0.100423396,0.7291024,0.23366572,0.27790552,0.23084065,0.00023265183,-0.54823256,0.23416793,0.3926602,1.0615016,1.0652798,0.04643382,-1.1113821,-0.20798852,1.1987705,-0.8328883,0.65048075,0.03305033,-0.79972124,-0.088900276,-0.7426889,-0.461824,0.21230131,-0.35760906,0.6723337,0.1395951,0.84837073
Hs 939.T,0.4270411,0.21074216,1.4429381,-0.19237769,0.44172406,-0.57524186,0.21391648,-1.3609107,-0.30176008,-0.09464662,0.06774122,1.002688,0.48258045,0.48003957,0.22220312,-1.193412,0.018221468,0.861269,-1.3291278,-0.9756275,1.230739,-0.396011,-0.45868644,0.67477584,0.72040236,-0.44443956,-0.6876853,-0.22113502,-0.7882965,0.17415564,-1.3997531,1.118973,0.059999112,0.23654851,-0.7560672,-0.12260848,0.32913578,-0.09382577,0.8738042,0.8745904,-1.09592,-0.9782074,-0.39838353,0.5708943,-1.9950849,-0.7163071,0.2612401,1.7100208,-0.8494101,-0.6299013,-0.9769274,-0.16122358,0.82410794,0.26661003,1.2411194,0.2508465,0.32261097,-0.43491852,-0.22046003,0.25375456,0.8754636,-0.26686978,-0.5855395,2.3496392,-1.6981044,-1.1977192,0.0853892
Karpas-620,0.30011427,0.14908849,0.7019672,0.493699,-1.3544751,-0.11566386,-0.24179614,-0.7615416,0.56668544,0.14634745,-0.85443634,-0.32956097,-0.48250648,0.32007197,-0.032710485,0.2972883,-1.3091266,0.07062927,-0.79124707,-0.44077474,-0.2928408,-0.584286,0.24693319,-1.6915648,-0.56966424,0.5853045,0.3250825,-0.14256307,0.03604658,-0.694891,0.96895397,0.06495911,-0.24803486,-0.8064641,-0.12282904,-0.0882446,0.50942045,0.0056020766,-0.7175058,-0.19567022,-0.26461017,0.22892067,0.25233904,0.17440274,0.3350482,0.58197904,-0.3056668,0.039990686,-0.16024709,0.46248078,0.8737131,0.73586595,-0.6526693,0.14167148,0.9772216,-1.1835711,0.36338243,0.3749803,-0.7618945,-0.17715028,-0.5001224,-0.72786677,0.13289878,-0.65090275,0.046289284,0.40804705,0.59373176
KYSE-510,0.8532587,0.18028755,0.47166348,0.5468545,-1.1743171,0.0751509,0.11190203,-1.7519305,0.22049971,-0.116922736,-1.0846198,0.24555384,-0.6006687,1.4051464,-0.674029,-0.3253456,-0.7911556,0.5366228,-0.79628533,-0.1048382,0.17085262,0.07170445,0.47023907,-1.980971,-0.9942403,0.20271191,-0.123391755,-0.47346357,0.6134383,-0.8369693,1.2588812,0.9067008,0.21513313,-0.1577794,0.2931874,0.16224775,1.0798217,-0.16766115,-0.10621697,-0.1090561,-0.21228313,-0.0073307157,0.12780127,0.6642092,-0.0789472,-0.12214484,-0.5118144,-0.024686307,-0.13963173,0.45729083,0.82802707,0.19253577,-0.9346873,-0.33442816,1.2440877,-1.0617429,-0.055835128,0.48157313,-0.845386,-0.36893812,-0.7223503,-0.679582,0.045647755,0.21894561,0.09956151,-0.09124475,0.9426765
Capan-2,-0.6057305,-0.251817,-2.3932018,-0.13047825,2.2237432,-0.10171164,0.30026162,0.5051015,-0.877164,0.62198365,1.2681596,-0.2566503,1.4013315,-0.5281123,1.1641686,-0.41979325,0.32815602,-0.8421793,0.9579653,0.5949597,0.21273245,-0.8731575,-0.08103953,0.424513,-0.2555422,-1.4227105,1.0702496,1.7061222,-0.06913589,0.13401042,-1.373918,-1.0488904,-0.14259581,0.23400694,-1.8270018,-0.3315298,-0.81230074,-1.0888939,-0.18088402,0.22850645,-0.48805147,-0.5424042,-0.5840909,-0.5702952,0.4151519,-0.17527011,1.0433043,-1.6102171,0.58627075,-0.5588757,-0.76046354,-0.3736757,0.73569506,1.2591335,-1.2766167,1.4795365,0.49597958,0.636159,0.2922366,0.083803624,1.0159132,-0.0048158765,0.07472214,-0.26279533,-0.86146355,-0.031222738,0.15848826
MOG-G-CCM,-3.2863948,-0.71218777,1.5057254,-0.36551055,-5.8971553,0.5623521,-3.1814744,5.9128036,-0.72031397,-0.48946288,-3.093781,0.8382233,-2.5384285,0.7102677,0.6723703,1.8347323,0.062144317,-1.980463,-1.5628346,2.305974,-2.606152,-0.7227466,-2.9671726,-2.8487432,2.8855236,2.6774178,-3.603077,1.2804968,-1.1067424,-2.7106836,2.8579938,2.67023,1.6309336,-1.4997909,-0.78587925,-0.4258218,-2.3331287,-2.6466699,-1.6267778,-3.6343894,0.8845049,-1.8879431,2.1815064,-0.8196811,0.47363722,-1.6473763,-6.4432554,0.82855344,1.5826128,1.2448174,6.7884884,0.9807888,-1.0562148,6.005934,2.337612,-1.1526153,-0.84566,-1.0758104,-0.5804504,-0.77808654,-0.38608503,1.1224397,-2.530667,-4.972499,4.229331,-0.075137705,0.019037321
SNU-398,0.8615953,1.2681134,-0.7866449,1.3704764,-0.378799,-0.24045628,-1.911309,-0.12696144,1.9096069,0.95971644,-1.266276,0.6608214,-0.6159867,2.367665,0.7029812,0.92920846,-3.108499,-0.08094864,0.24263053,-0.087406285,0.98054284,-1.7337352,0.19552267,-2.1254823,-2.2543478,-1.7684288,1.6756743,0.86491543,-1.2459642,-2.8298151,-0.29307836,-0.6358165,-0.4230585,-0.67774713,-1.0799663,0.32245576,0.10979843,-3.1348176,-0.15826567,1.4690078,-0.09658812,0.17312384,-1.0350673,-1.6982368,1.325795,0.39999673,-1.0835592,-1.5024194,2.5775135,-1.8653034,1.6085671,1.3158205,-0.4235946,2.2466054,-0.2272993,-1.049417,0.2914792,1.095921,-1.4405937,-0.4484906,0.020965414,-1.8746015,-0.9974653,-3.9129612,0.42591384,3.5223103,1.9057466
KYSE-140,1.7636508,-0.41672927,-0.8835102,-0.32353204,-1.7454183,-0.49293378,-2.4949121,-1.3315743,2.5515249,0.3318121,-0.5630976,-1.5549052,-0.5745477,0.030416634,0.5931166,2.051948,-0.6987264,1.1989937,-5.3318683e-05,-1.5658488,-0.18309106,0.93351924,0.60721433,-2.809917,-3.6289513,-0.58021206,3.3134856,-1.7782462,2.5781386,0.43170166,3.0360126,-0.35400504,-0.30718783,-0.2517779,0.6312768,-2.0513482,0.5744273,1.4464777,-2.7701595,1.8438654,2.391563,2.4953842,-0.19100443,-1.0663602,3.8100877,1.7255775,1.5683258,-1.4324491,0.2993256,0.47523093,-0.9260116,-0.10887046,-1.7353266,-1.0209917,-1.3471787,-2.2540057,-2.240594,3.051876,2.4954462,-0.09881729,-0.27354896,-0.52780086,2.567157,-2.8283632,1.3207448,1.8026254,0.7673738
NCI-H1355,-0.5617472,-1.3940233,-6.4322352,-0.95216686,3.4253361,0.89552826,-0.1893461,-0.20420738,-1.8129159,1.8938366,-0.14875557,2.6061676,1.7973379,1.6196524,2.2612553,-1.0263987,0.85871565,-1.559292,0.6959038,0.5763292,-0.4320896,-2.3443174,0.16268565,0.3120556,-0.3063339,-3.957039,0.49275333,2.628922,0.79064435,0.12611806,-2.036895,0.68908393,1.3890648,1.1036904,-2.4000008,-1.6568258,-1.2596407,-4.1320744,0.6585907,0.72555095,1.1866367,0.124231204,0.30179137,-1.1472986,1.0362397,-1.6818106,1.6138507,-2.8241656,1.1772556,-2.3726864,-1.4492512,-2.960719,0.35261494,4.145069,-1.7109177,1.642303,1.0149354,3.7760367,1.7783884,-1.7004044,1.6776183,0.52800053,-1.714453,-2.8771362,-0.36019954,-1.2010673,-0.27884027
SK-LMS-1,1.7066835,-0.48201373,1.599824,1.5358167,-0.82966596,-0.24450314,-0.8063166,0.38234016,1.563922,-0.5174497,-0.6606103,-1.3761872,0.8373239,0.75143296,1.4022374,-0.4392854,0.020293288,1.3693191,0.23829396,-1.5695887,0.2532974,0.20192665,-0.25736207,-0.891044,-1.3973422,-0.35961804,3.7228467,1.9546255,-0.37867767,-0.2791833,-1.4886853,-1.9283435,-2.5431619,-0.69549847,0.4335391,-0.7603929,0.58944505,1.366159,-0.28349543,0.5823306,-1.8991567,0.22942849,-1.646761,0.56655073,-0.34671825,4.6865187,0.73657554,-0.113511115,0.2785646,-0.5251319,-1.1010804,1.9594849,0.5619858,-0.43400535,-0.043526195,-1.5473077,0.39024714,0.09633866,-0.29808742,2.2847388,1.9367945,0.017922968,0.48525906,0.22152779,1.5825462,2.2295215,-0.51728916
NCI-H2405,0.7599462,-0.013404923,0.82643104,0.33229426,-1.568747,-0.09619536,-0.19265717,-1.1752508,0.40417343,-0.07124671,-0.9652369,-0.007899888,-0.3062339,0.78054714,-0.4476896,-0.28093094,-0.6273262,0.21145532,-0.98393196,-0.19691609,0.019078538,-0.29471815,0.25612748,-1.8136836,-0.49072334,0.6018706,-0.20034319,0.20718622,0.38692367,-0.7850174,1.0815567,0.31664786,0.045742445,-0.4483204,-0.16199353,-0.1310158,0.7836498,-0.3381407,-0.5476693,-0.06826596,-0.48769876,0.06553155,0.1324788,0.24561243,-0.13918425,-0.04263382,-0.6552249,0.28481337,0.12685463,0.365591,1.0083519,0.14962548,-0.9111847,-0.073942155,1.0747733,-0.80045134,0.07771231,0.25688982,-0.9567919,-0.15166013,-0.48689145,-0.48290795,-0.13677126,-0.033569902,0.34552935,0.05809517,0.80704504
CML-T1,0.5949293,0.6898815,1.0915118,0.66598445,-1.1882432,-0.14306681,-0.16152169,-1.2962458,0.49268627,0.12253119,-1.105554,0.42710882,-1.0050344,0.99307793,-0.48293886,-0.022584733,-1.309129,1.0875266,-0.47496954,-0.6900962,0.07419985,-0.019821145,0.18668953,-2.1978657,-0.38980588,-0.3439084,0.039596766,-0.8371688,0.78270245,-0.17604882,1.5834527,0.7957409,0.5657116,-0.2127997,0.34204507,0.26423627,1.3626163,-0.19828656,-0.30808222,-0.72296834,-0.31452602,-0.052186757,0.0021751355,-0.12362674,0.09905611,0.44103783,-0.47605866,-0.002015315,0.3427103,1.1735933,1.0684528,0.60173935,-0.92781705,0.28892517,1.1414278,-1.3529195,0.25652534,0.5321034,-0.9380057,-0.8513621,-0.5881655,-1.2667973,0.80965704,-0.2957665,0.04262713,0.020173356,1.1562328
JM-1,-1.3626847,1.5528555,0.5490563,-0.55318874,0.0543748,-0.39585322,-0.5435697,1.4078653,-0.08521058,0.74942195,-0.43163636,1.0106388,-1.3291632,0.4856814,0.30865878,1.182898,-2.4918487,0.53242755,-0.9646776,0.520992,1.2352133,-1.0749123,-0.5873844,1.0942038,0.12944509,0.8784972,-0.046514634,-1.1377575,-1.1938354,-1.5585914,0.43685597,0.10603229,0.7260622,0.08830781,-1.2551109,-0.16333318,0.043111056,-2.055453,-0.6556564,1.588865,1.1660714,0.31985873,1.2700711,-0.29019117,0.49340042,-1.3656157,-2.1780498,0.72207254,-0.17632896,0.60544825,0.8451505,-0.5754293,-0.35391694,1.5713769,0.20811532,-0.3315137,0.7985905,-1.3258369,-0.4868499,0.4538346,-1.2256036,-0.4279667,-0.79465747,-2.639462,-0.6568125,1.4891025,-0.17287675
KP-N-SI9s,-0.54937613,0.5887551,1.2485913,-0.3516793,-0.13756499,-0.39232537,0.009289085,0.36231455,-0.045981944,-0.76589537,0.34639782,0.22955067,-0.95720553,-0.5562888,0.85517573,1.1478308,-1.0189943,0.57304233,-0.582028,-0.38710633,0.6941756,-0.5990091,-0.019143172,0.82157147,0.8304495,0.9706539,-0.019056216,-0.5234477,-0.35061044,0.46359664,0.22160931,0.5667387,1.4826757,0.73959565,-1.8137151,-0.62856454,0.4625025,-1.2354414,-0.8338317,0.5549231,0.040176164,-1.0364525,1.1037381,0.535293,-0.43220848,-1.0180229,-1.9660028,1.8448364,0.1337482,-0.0011211403,-0.11664535,0.09600586,0.60256684,2.3789587,0.5644949,-0.5255221,-0.6970747,-0.9799762,0.32097757,0.5845422,-0.63603646,0.07395084,-0.3024019,-0.41157383,-1.4242281,-0.5160699,-0.9941212
BL-41,0.77628195,-0.023488576,0.79847246,0.34873354,-1.9132202,-0.13962892,-0.9855375,-1.4043391,0.41644067,0.14060661,-0.9426776,0.03589777,-0.6308497,1.134978,-0.5073725,-0.0029189521,-0.8821298,0.20710894,-0.9319002,-0.28599548,-0.15167047,-0.16704209,0.42042655,-1.7924212,-0.9671675,0.6731243,0.0822967,-0.18897614,0.6591208,-0.5117204,1.1651012,0.15711069,-0.07480478,-0.4328268,0.1708171,-0.31634083,0.68122447,0.06874488,-0.51018375,-0.28593728,-0.28914398,0.1449758,0.22774668,0.1165491,0.23335359,-0.06976892,0.020817071,0.09729935,0.23455122,1.1879375,0.92686534,0.34541702,-1.1451281,-0.24927154,0.9280293,-0.7888674,0.043622963,0.39552912,-0.9141365,-0.17629975,-0.6814717,-0.55711985,0.25141713,0.29700908,0.46084565,0.018805414,0.9142313
MOLT-4,1.1922196,0.49398077,0.8437344,-1.4182688,-1.7999798,-1.9767823,1.2631577,2.908407,1.3600681,1.3849132,-1.4370427,-0.3012073,0.44051984,0.4913184,-0.41900015,-1.6652427,-1.6973788,1.5928193,-1.5143307,1.8649987,1.4116654,-0.10573281,-1.6185665,-0.7117856,-3.133266,1.7336472,0.25751203,0.9624624,-1.455637,-3.2768188,0.07665237,-2.9160058,-1.7309692,-1.5721688,1.3057213,-0.53512836,0.23464379,0.6802642,-0.8554683,0.8580896,-1.1750125,1.6950698,-1.4465569,1.19702,2.0939448,2.0768683,-2.4958262,1.712591,-0.34196213,0.9738015,3.5101533,-0.8328134,-1.4822071,-1.511289,0.8305479,2.3904243,0.5795586,-4.3563695,-1.9068397,1.6643021,0.7977856,-0.089586385,2.1121845,-0.67998385,2.9811552,5.3868446,2.070946
SNU-1077,1.3019692,0.363212,0.29356655,0.19830354,-0.71715605,0.054604497,-0.6734138,-2.3630261,-0.047566827,0.5103691,-0.8219082,0.58030343,0.114769265,1.0205789,-0.37907386,-0.68730414,-0.23195532,0.7463875,-1.1979682,0.044560835,0.3207881,-0.2311018,0.48747736,-1.574195,-0.94412696,0.1095414,-0.2801079,-1.0793399,0.37066656,-0.7000813,0.4586812,0.50690794,-0.37563536,-0.6213062,0.6623423,0.32007414,0.56835014,-0.43595356,-0.09946566,0.5832163,0.20894562,0.663131,0.37830472,-0.14544724,0.019794911,-0.45145097,0.582412,0.027520921,-0.2810182,-0.43777412,0.09836842,-0.31885087,-0.7931644,-1.1417196,1.1600333,-0.35011357,0.885769,0.6083919,-0.800426,-0.658865,-0.74154556,-0.58468944,-0.2682237,0.7506914,-0.2092066,-0.58332205,0.91405547
SNU-685,-2.4686663,0.76941013,-0.6962004,-0.99688905,-1.6736584,-0.20245174,-2.0647764,-0.094581254,-1.1134531,0.9364732,-1.4255772,0.576332,-1.7615768,0.46954632,0.9113553,2.6717057,-0.84006,-0.35092762,-0.67041445,0.2034222,-0.31973562,-0.086467326,0.16169909,-1.5853126,0.47443157,1.0332246,-1.1941578,-1.4337442,0.17245436,-0.9454194,2.8099022,2.185402,1.2996969,0.13426612,-2.5102057,0.026820786,0.39050728,-2.4308066,-1.0486718,1.1654911,1.8809096,0.29133397,2.4282036,-1.1180724,1.4670827,-2.7000167,-2.0273807,-1.1242311,-0.31668067,1.1010727,0.32747096,-0.04891646,-1.4522305,2.2951415,1.3598919,-0.7072851,0.54573166,1.0362252,0.35075986,-0.14071183,-1.7625701,-0.5372626,-0.21892388,-2.2850025,0.006868273,-0.5278866,-0.5102772
MOLT-16,-0.91434515,0.2952202,0.20794752,-0.27307487,-1.7466023,0.43954298,-2.0493464,0.5372826,-1.2310299,0.8089987,-1.7879667,2.1373954,-1.2223787,2.5214028,0.23309174,1.0007849,0.099259585,-0.21604198,-1.7171905,0.34600994,-0.41524553,0.34664935,-0.20683758,-0.45746693,1.269007,0.48832658,-1.7280174,-0.4467792,-0.27258706,-1.0070366,1.0296066,2.2232907,0.47395065,-0.011987889,0.117172375,0.19983773,-0.5165609,-1.3310359,1.1259041,-0.05398578,1.627358,0.15218508,1.989295,-0.6168198,-0.42501143,-0.6063448,-1.2774323,0.48626554,-1.3235304,0.9890368,0.7114448,-0.7891681,-1.4009607,0.72984344,1.5557313,-0.67459685,1.1228232,0.45571202,-0.019210547,-0.4603184,0.006668031,0.9768972,-1.2541214,0.10259822,0.9178793,-1.6009797,-0.55403894
Hs 729.T,1.027578,-0.48062724,-1.6881938,1.7237859,-1.6047455,0.3298572,-1.3945767,-1.7065656,0.24601626,0.6065663,-1.7211851,0.1498027,-0.44876927,1.7350624,1.6492764,0.9863238,-0.16856599,-1.0520289,-1.3230083,-1.7421263,-0.8438261,-2.0051355,1.3411909,-3.4561784,-1.9267325,-1.5003427,1.5386546,0.8399997,0.2817375,-0.9242976,1.1451628,1.196602,0.878778,-1.386056,-2.1792154,-1.0629783,0.37190092,-2.9858208,-1.9463685,-0.4622534,1.3489469,0.29332083,0.6439135,-1.2389545,1.3415773,0.4981264,-0.09683885,-1.6900527,1.2840469,-1.006124,0.73178875,0.22625692,-1.133811,3.0652666,0.5132788,-2.5719342,0.4923268,3.5040774,0.7040826,-2.558042,-0.15019876,-1.0079466,0.18003123,-2.4142334,0.11433503,-0.53335726,0.90219426
MDA-MB-436,-1.849252,1.2713195,0.60801417,-1.2538438,-0.9560115,-0.35070607,-2.3645077,-1.6059964,-2.1922457,-0.31327322,0.04783339,0.61779207,0.9404468,-0.23650955,-1.0367591,-0.9202447,0.83961856,-1.4790062,-1.5963832,2.443439,-0.4689963,1.4745653,-0.39924303,-0.49719238,3.1100373,3.3039684,-4.7363276,-1.1568705,-0.35576093,-1.9904351,-0.519335,0.2520178,-1.1431776,-0.41159827,0.6696947,1.330544,-2.103794,0.15316784,1.8043357,-0.41992015,0.5229376,0.19325112,1.1638656,-1.8811033,-0.7755435,-3.9097753,-0.87664044,-0.109922156,-1.8095301,3.6653252,0.46215612,-0.28469056,-0.4140822,-3.2829592,2.042485,2.4115841,-0.018142372,-1.057077,-0.6826556,0.6011903,-0.40012336,0.37427548,-1.5764081,4.6090975,0.14768794,-2.6842167,0.83128226
Hep-G2,0.11871608,0.70998615,1.1123247,-0.06936657,-1.0785741,-0.3766181,-1.0812752,1.067603,1.4823694,-0.619184,-1.3790348,-1.6186606,-0.89456826,-0.006953761,-0.5410042,0.15074728,-0.79172546,0.5310158,0.302533,0.9085135,-0.52944434,0.56166136,-0.46808434,-0.032405168,-1.742046,2.718796,1.5911943,-0.8451793,0.16988605,-1.1674299,0.914536,-1.6884975,-0.71037567,0.1772928,2.2249076,-0.3979455,0.809151,1.5991147,-0.26066536,0.9040063,1.2710294,1.8644283,0.4010457,0.6126232,1.3595853,1.203356,-1.0501539,0.4344852,0.35471135,1.3084189,1.8864323,-0.30372968,-0.35329878,-2.6367385,0.062876,-0.053973913,-0.659855,-1.6292822,-0.49329692,1.1591916,-1.759464,0.40384853,-0.2292247,-1.7291436,1.240453,2.55525,0.18359387
EM-2,0.27727887,0.075080484,1.5526438,1.3177127,0.23097022,2.1861632,0.91931635,4.6918697,0.6823107,0.08572457,-2.3072624,-0.43269312,-1.8083801,0.41501623,0.51975536,0.018234938,0.4143371,-0.29421374,0.8768339,0.11873908,-2.9598935,-0.35195145,0.17706348,2.4782894,1.7369456,2.8635411,1.2624829,0.42407042,-2.5883281,-0.29109246,-1.8955952,-1.9473374,-0.4175837,-1.8324854,3.4336395,0.6347154,0.9874889,-0.55878323,1.3371947,-1.9421271,0.3448518,-1.0485696,0.7350864,1.2778162,-1.1779087,1.6183197,-2.2101958,3.2365298,1.3973112,0.6159374,2.1088636,-0.06632032,0.6106688,1.0757968,-0.17446852,-1.4531242,1.1773782,-3.165362,-2.2236996,-0.7278251,-2.2047696,1.0273339,-2.086395,-3.020834,1.4125509,1.8536607,-3.4204416
JHH-6,-0.070054434,0.8000725,-1.1286293,0.85727227,1.9997634,-1.222963,1.0685555,2.3550985,-0.37227595,0.024533466,2.4222834,-0.07005974,-0.032194063,-2.930955,1.7761817,0.11373602,1.0418818,-0.8935368,0.47875613,1.2614132,0.7477577,-0.10666073,0.033293817,0.45565006,0.7025012,0.037389528,-0.25625426,1.353688,-0.20831019,0.714563,-0.60901445,-1.93058,0.58951217,0.5022961,-1.2379377,0.38681972,-1.7239847,0.115918994,-0.5395262,-0.5519588,1.0159229,-0.43784213,-0.2836668,-1.0631032,1.6423236,0.7596129,-1.1579545,-1.0055574,1.0037183,-0.830855,0.108843006,-0.21963298,1.2854533,1.687387,-1.8347538,1.354288,-0.5333596,-2.1496158,1.2934643,-0.13617833,0.20927227,1.33589,0.30268234,1.3367147,0.11613626,-0.066973105,0.6897081
OC 316,-0.047741167,1.6331393,0.1931703,1.8239673,3.3664665,-0.3320156,1.7309927,0.9846564,-0.33922142,0.49048162,1.545365,1.7232493,0.2791154,0.35903424,-0.82972145,-0.8644239,-0.9169608,0.86296433,1.6530486,1.5278871,2.8636913,-0.77848816,-0.8485385,1.3275517,-0.12959853,-2.3681471,-0.052458927,0.15560435,-1.8768698,-1.8644941,-2.6873562,-1.3931438,-1.0678724,0.6820574,-0.11788575,1.9004349,-0.9772049,-0.21962279,1.3959174,0.5548625,-0.8430069,0.124934085,-1.7028666,-1.0993798,-0.909088,-0.019684866,-0.016453952,-0.8025602,-0.051437184,-1.7603519,-0.18488765,0.117067926,1.5167687,-0.81423247,-2.4925487,0.9231288,0.2098512,-1.5792046,-0.6657291,0.50756764,0.18633579,-0.79643756,-1.035551,1.3040743,-1.2959698,0.9018861,1.9689741
SK-N-DZ,-1.0950584,-0.617634,-0.38657814,-1.1661897,2.0254257,2.4612641,2.4088428,2.9716709,-0.7099565,-0.60793376,-0.5694197,1.0793502,-0.394389,-0.49060515,-2.2148066,-0.7814885,1.2926186,-0.9290218,-0.1296209,0.4830151,-1.5190126,-0.31001407,0.010476945,5.2064285,0.23710656,0.48176682,0.046648286,-0.19273664,-1.3336045,0.46888813,-2.1983693,-0.87822396,1.6744937,-0.082835466,3.432841,0.6321341,0.03487177,1.1057467,0.5224001,-1.402904,1.5692393,-0.1442568,1.1324828,2.2395215,-2.0798619,-2.0111778,0.5244995,2.884924,-1.6350403,1.8407707,1.7165043,-3.157859,0.22380282,-2.7998986,-1.196465,0.3147183,0.77175385,-0.5349721,-0.2604346,-2.4218524,-1.8688303,1.0238625,-0.8279393,-2.6641352,-0.62728155,0.21763867,-1.9862052
SNU-478,1.2483485,0.057076357,-1.1743178,0.22183417,2.7959757,-0.32564035,1.6759424,-0.77577955,-1.1077477,0.27388012,1.3633565,0.53232163,1.1575978,-1.3047897,1.2376035,-1.39235,1.1757013,-0.11044613,-0.3234937,-0.05908513,1.2156112,-1.098035,-0.45452952,0.5649316,-0.12367019,-1.7418029,-0.36949247,1.9995112,-0.32770836,1.0132405,-2.5803442,-0.8060462,0.44111717,0.5388811,-2.1972382,-0.21582833,-0.53624356,-0.9372514,-0.007599652,0.2015172,-0.78217316,-1.206742,-0.7867678,0.40534407,-1.1931462,-0.9613485,1.1507981,-0.06954295,-0.5652172,-1.7078009,-0.6365079,-0.76157904,0.87313396,0.88564324,-0.11625876,1.595326,0.55741316,-0.15840635,0.33898637,-0.97883093,1.3881533,0.56377465,-0.8534973,1.971629,-2.0457008,-1.880015,1.1434397
L-1236,1.0688823,0.79047954,0.4989602,1.620868,-2.0127347,-0.10266206,-0.8282248,-2.4441462,0.53631246,-0.36141577,-1.0572517,0.4020651,0.23687415,-0.33659375,-0.6503638,-0.6964145,-0.3924999,-1.4792298,-1.8304206,0.6481863,-1.9166566,0.17049623,0.2947214,-3.6126802,1.8504586,2.6769373,-3.2844918,2.0731635,-0.25774345,-1.2009989,-1.1514244,-0.7684871,-0.9060405,-1.7888887,0.37172115,2.0389278,-1.5283937,-2.7498026,0.809994,-0.75782406,-0.65396154,-0.04121688,0.3271305,-1.511094,-0.93752414,-2.1779585,-0.7125988,0.6897441,1.6418434,-2.842579,2.5624845,0.42345622,-0.7401958,-0.27258962,2.1069994,1.4447334,-1.6172924,0.06972845,-4.127574,-2.2128658,-1.4899691,-0.7773556,-1.1881557,1.1824939,0.21522132,-1.4252954,1.8652416
LN-18,0.04990744,-0.06287064,2.696874,1.324281,-0.74491274,-0.5704377,-0.0104629025,0.62267345,0.80775464,-1.1201006,0.10459939,-2.1552372,0.658852,-0.65779597,0.37133127,0.077809915,0.110278726,0.64167714,0.37682682,-1.1597818,0.702243,0.20196137,-0.15067458,-0.08572051,-0.46914572,0.685046,1.1017805,0.96713334,-0.70610577,-0.4873026,-1.1267401,-1.4112562,-1.7348816,-0.3077419,-0.8811125,0.18076581,0.080613434,1.380284,-0.9537705,0.31385052,-2.7446578,-0.76377136,-1.5523347,0.9436527,-1.0688136,2.2088153,-0.4561354,0.22964476,0.3075041,0.20803797,-0.85868096,1.8524928,0.7309954,-0.18036515,-0.12283733,-0.7034894,-0.32054478,-1.3009652,-0.6460631,2.122241,1.379471,0.2893244,0.5338159,1.4564561,-0.12220602,1.3041134,0.49062735
NCI-H2009,1.098966,0.36663675,0.3428145,0.14822407,-0.9139659,0.10792498,-0.17245585,-2.4230957,-0.120576024,0.62009156,-0.8599769,0.42284647,0.116492726,0.99972135,-0.5039483,-0.8718256,-0.2960125,0.69606066,-1.2561488,-0.022163432,0.124169275,-0.14785337,0.35838625,-1.2421956,-0.58294624,-0.03167466,-0.43470407,-0.61097246,0.28564924,-0.5076002,0.39557892,0.5996832,-0.29295102,-0.12591326,0.6150987,0.3900803,0.45559198,0.80034685,-0.106924094,0.19884554,0.15782392,0.7905047,0.5239776,-0.25123394,-0.20562305,0.16842335,0.6407118,0.080945544,-0.43817514,-0.103041306,0.18758816,-0.35962972,-0.8028262,-1.153068,1.2033769,-0.14751565,0.2620021,0.632513,-0.6551951,-0.62435865,-0.6283147,-0.66911376,-0.26394218,0.88696396,-0.15102978,-0.8172491,1.095105
Hep-G2/C3A,0.21603736,0.566502,1.2582793,-0.3423604,-0.8687943,-0.34686995,-1.0387408,0.8319774,1.3482454,-0.55250466,-0.94669557,-1.2576311,-0.40673178,-0.20003606,-0.66312444,0.17150232,-0.46700716,0.6452087,-0.07176158,1.0349438,-0.28586975,0.24353857,-0.78495806,0.16004394,-2.396443,2.3633165,1.2248133,-0.5779858,0.64267206,-1.3851862,0.685138,-1.5583767,-0.42573038,0.21570086,2.3280222,-0.2804122,0.5320852,1.6787657,-0.6495062,0.8020232,1.1334422,1.5969241,0.4062193,0.5709511,1.3888535,0.9687394,-0.8032237,0.5209389,0.11301798,1.2978017,1.5650846,-0.79077464,-0.48452246,-2.5938807,0.09777941,-0.44349822,-0.3816466,-1.371142,-0.5139916,0.85970706,-1.5109918,0.4926943,0.20155078,-1.5229456,1.1468716,2.0902858,0.53923607
JMSU-1,0.3981018,0.06385814,0.42694324,0.47079572,-1.69877,-0.12910897,-0.6617016,-1.235552,0.41683006,0.15264012,-1.2134988,-0.37602362,-0.5462397,1.2270519,-0.2512456,0.29603398,-0.36485642,0.21925914,-0.81252825,-0.4098675,-0.21114083,-0.18173221,0.5290015,-2.2259462,-0.99836683,0.56703186,0.100256376,-0.17707866,0.8240785,-0.7084943,1.4102356,0.8065493,-0.00018600747,-0.7256783,0.05430174,0.012232056,0.94052005,-0.7095196,-0.6131946,-0.4525102,0.018016301,0.6407198,0.3482931,-0.08151766,0.4829333,1.0285954,-0.11147323,-0.10962,0.016146282,1.0527724,0.8182877,0.44141486,-1.2294976,-0.09696463,1.2808256,-1.1425799,0.54380494,0.63639414,-0.9011516,-0.054020658,-0.5650667,-0.6241548,0.6482818,0.16218169,0.55436707,0.1002201,0.7395944
NCI-H2291,-0.9514222,-2.0844007,-0.7896275,0.10757604,1.4010701,-0.85097116,1.4724919,0.2724524,-0.13251123,-0.6967223,2.00858,-0.02651199,1.0319337,0.013512997,-0.17883055,1.0309658,0.6797469,-0.64402044,0.33421138,-0.32594815,1.4675283,-1.2644184,0.3973859,1.2895161,-1.6201177,-2.6362846,-0.025421858,1.44711,0.6055441,0.08982145,-2.1589875,-0.80577415,1.2568145,1.4565344,-3.3128545,0.2260428,-1.037482,-0.12777758,-0.84697443,0.8264314,-1.554044,-1.6718175,-0.33815235,2.4098845,-2.075234,-0.7736175,-0.17879426,1.391172,-2.069962,-1.4681952,-1.1134088,-1.5513269,-0.67424846,1.2944806,-1.0050898,1.0996956,-0.53102535,0.014802247,0.38648275,0.4563915,3.0516973,1.820466,0.6750476,0.78770244,-1.0180827,-1.4396316,0.07485053
MOG-G-UVW,-1.8362545,0.5358607,2.8469834,0.18570511,-0.97437656,-0.49080977,0.69408166,0.3430727,-0.5629975,-0.29892102,-1.2105918,0.5397797,-1.6964364,0.66928756,-0.5979181,0.30302596,-1.4343976,0.22379488,-0.4744774,0.044701874,0.08240481,0.2641402,-0.7173116,-0.7018552,1.5590136,3.046567,-2.5272927,-0.050682336,0.3662897,-0.0029540583,0.46908668,-0.90563875,0.97496784,0.08631217,-1.0419909,0.95737594,1.1380049,0.8133869,0.8303926,-0.49769226,-0.587786,-1.0010469,0.27482742,1.6570051,-1.7281728,-1.5722133,-1.9926319,1.7652125,-1.8502591,2.3539648,1.7642434,-0.39653045,0.09461756,-1.4029031,1.4631705,-0.547662,-0.70856017,-2.8192036,-1.1110345,1.305874,0.02904103,1.1294125,0.20391144,2.9776258,-0.51635015,-1.132098,-0.17471229
IMR-32,0.44047123,0.15510722,0.1773053,0.6215589,-1.084538,0.29100013,-1.0752264,-0.39632666,-0.16722286,0.6118593,-1.8550118,1.6147804,-1.39266,2.7374983,0.8976715,0.4859145,-1.3954893,0.017344974,-1.0587547,-0.25647044,-0.71478045,-0.29534596,0.7053952,-0.86346084,-0.33334073,0.8828268,0.022958754,0.048987083,0.06353529,-0.453978,0.6660735,1.0382237,0.5811776,0.033684492,0.364735,-0.37404805,1.1613061,-1.5313926,0.7246395,0.4198719,0.4452508,-0.048506945,1.5158385,0.38913533,-0.13250466,-0.63632035,-1.9962804,0.6903248,0.45422837,0.34091413,0.59142137,-0.4929674,-1.0994661,1.9142791,1.5995991,-1.0306563,1.1564741,0.005137693,-1.0957612,-0.02419858,-1.244387,0.33516335,-1.8198344,-1.4141028,0.79860145,-0.3120659,-0.84152615
RCC10RGB,-1.0458677,-2.03794,-2.1898508,-1.5619814,1.0437288,-0.7877567,2.543467,4.5302367,-1.7752706,0.61017853,3.233169,0.9761212,-0.26527068,-2.6309485,1.1979476,2.3174686,0.23633558,-0.9937241,1.9451612,0.9490621,0.1774461,-0.2847256,-0.9736564,1.4715707,4.1906915,-2.7773101,-3.1739116,2.2660065,-0.9394247,0.7776107,-0.24806976,0.43615437,2.7426696,0.74147713,-3.8011885,1.0892055,-2.7543845,-1.4039582,-0.5294463,-1.9420302,-1.148647,-3.3868928,0.12051135,-0.37608886,-0.9534099,-4.06491,-1.5162758,0.6718241,1.9077978,-2.436109,1.4301189,-1.5792086,-0.48642397,6.0841236,-2.1889443,3.3286111,-1.512736,-1.6794747,0.2775248,-0.41464555,1.645852,0.84091777,-0.12336558,-1.8061128,0.40193084,-1.0883682,-1.250747
HCC78,-0.3507531,1.9517215,-1.0693539,-0.54568994,3.2026248,0.5656442,0.1513731,-1.7879349,-1.329622,0.43884432,1.3811082,-0.679595,1.3635112,-1.9437654,-0.04999274,-2.1571953,0.89529043,0.043081656,-0.057079077,0.8414418,0.61359936,-0.25211543,0.25630897,1.4810845,0.42717102,0.23891439,0.6799684,-1.5577149,-1.352265,0.3561446,-0.82038134,-0.5693227,-1.7404168,-0.988615,0.991315,-0.48943055,-0.781554,-0.49291193,-0.3940662,0.3356555,1.0494096,1.0737224,-0.6087495,-1.9451709,1.2780349,0.3526675,2.0990288,-2.4650075,0.20399976,1.1171179,-1.5417106,0.6450518,2.8155563,-2.4267282,-1.0309588,1.0222344,0.9071488,0.59076,1.1257856,-0.724711,-1.1339498,-2.0008047,-1.1981082,1.4940642,-2.266357,0.6418467,0.57326066
A-375,-2.8424518,-0.712203,-2.3793478,3.0706336,0.68178236,0.82315594,-0.82735753,1.0590459,-0.42916396,1.0696856,-1.086154,-2.400817,1.6833112,-0.6549504,1.7592974,-0.77598786,2.4031906,-2.0305288,0.46960708,0.012654318,-1.1698685,-0.6104045,0.7741883,-0.23882304,-1.3737968,0.02130586,0.8473716,1.2289468,0.16563001,-0.5287555,-1.3950713,-1.2725835,-1.3164402,-0.8555688,-3.1349463,-0.27119714,-0.2876951,-2.6856453,-0.97798073,0.09845588,-0.2262123,0.5404588,-0.5629208,0.09347066,1.2042551,0.9717896,0.7648752,-4.0386186,0.23015101,-0.53239226,-0.31933317,0.090914786,1.008259,1.5908073,-1.5476159,-0.73857534,-1.0135434,0.9837476,-0.997204,-1.3352122,-0.06977165,0.29796913,-0.8317258,0.22650023,-0.74521554,-0.995042,-0.09617919
MOTN-1,0.7390302,0.9989292,0.05773142,0.32643414,-0.24609305,0.128434,-0.78719425,-0.6268055,-1.6067262,1.0333564,-1.3150661,1.3032132,-0.9682907,1.0080576,1.1009634,0.107833,-0.16753437,0.38108718,-1.3554847,1.1698833,-0.13163339,0.538349,0.4935521,-0.39968175,2.0332763,2.1240017,-1.5694982,-0.43653363,0.399826,0.13498738,0.37424016,-0.012263812,-0.14777976,0.7560419,0.69876546,0.53235173,0.4904197,0.0915959,1.8558005,0.99700963,1.6807604,1.1942714,2.1036718,-0.017606162,0.0544606,-0.99104875,-0.4434257,0.3233624,-1.0830075,0.20269193,0.04674062,-1.0534985,-1.5788765,-1.409483,1.1151752,-0.035741583,1.3815848,-1.3331748,-0.6977769,0.67387986,-1.3715491,1.4926018,-1.5777802,2.5222015,0.70600694,-2.0922823,-0.39972007
EHEB,0.64571285,0.15455812,0.5054387,0.31307688,-1.530897,0.014765337,-0.35441428,-1.3299794,0.2961916,0.12937452,-0.90770966,0.21784127,-0.34085527,0.9545271,-0.30896184,-0.14100575,-0.710801,0.24300492,-0.9825379,-0.24343504,-0.3976112,-0.049658604,0.36150542,-1.5243305,-0.12572855,0.37268424,-0.4175675,-0.2883134,0.14398885,-0.59744585,0.8861873,0.79253167,-0.2226876,-0.54867995,0.36207095,0.009931438,0.6373933,0.08194999,-0.5074724,0.25918236,-0.115750514,0.35298628,0.23820229,-0.07090603,0.17641501,0.41629785,-0.34082878,0.1875768,-0.05362983,0.8384108,0.6227865,0.49104846,-1.0095057,-0.3036782,1.1291302,-0.9077062,-0.0056559145,0.5203602,-0.6743235,-0.29874346,-0.43323058,-0.57093096,0.24564356,-0.41341949,0.31093532,-0.043991137,0.77396125
JHH-2,-4.225525,-3.8721604,1.7806805,0.9276589,1.2928354,-0.644294,4.800262,6.874063,-0.8424715,-3.5766194,3.3311305,-0.37921813,1.165682,-1.8319819,-6.815893,3.2494018,2.844376,-3.1676173,0.30931196,2.3224072,3.5302837,-1.8491498,0.50492424,5.7786,-2.3466375,-2.3648307,-2.2069366,2.1895318,-0.35665214,-2.341946,-2.0169253,-2.1961184,3.6756582,2.7376716,-1.7412157,2.3542461,-3.2118855,5.023898,-2.8720412,-2.077092,-0.40076202,-1.609455,-0.571453,4.128726,-4.1763277,-1.474707,-3.0420973,4.2192335,-8.178806,5.583008,2.2284389,-5.760209,-2.9520414,-3.6364477,-5.0228734,0.96163774,-0.47387117,-2.6777654,1.0625842,-0.5512035,4.301923,4.0463424,4.127698,2.2176561,0.51134837,-1.4778881,1.1598125
SNU-1105,-1.3685107,-1.8943436,2.627313,0.32699984,-6.9218764,-0.22623631,-3.5862603,4.4857464,1.7369168,-1.6675303,-1.521965,-0.3890297,-1.9297106,0.72774684,-0.99697286,1.5598265,0.09038563,-0.8487036,-0.9374106,-0.22747375,-1.7833389,0.86021185,-2.0550647,-3.8121593,1.5254562,1.0936693,-1.7119347,1.1549234,-0.7016883,-2.4784372,3.3246186,2.3830242,-0.40678507,-1.7336801,-0.074016616,-0.6956808,-1.8308375,0.01258174,-1.825567,-3.3167849,-1.2285937,-0.6525899,-0.19353151,-0.7204776,0.874483,1.7623562,-4.321435,0.7643441,1.3220139,2.2665443,4.1320863,2.9671545,-1.4995706,3.3527346,1.6330295,-2.2726076,-2.1255186,-0.30561358,0.31173527,1.0329878,2.267789,0.11080241,0.48043156,-3.3586712,5.4824514,1.9249123,0.730337
VM-CUB-1,-0.4866342,0.2477651,0.6976007,0.089604296,-0.9626204,0.025543235,-0.6532437,-0.117929526,0.6187264,0.058550462,-1.1063309,-0.17177126,-0.9182962,0.78616047,0.3005456,0.7707231,-1.0385504,0.38187373,-0.6925701,-1.501135,-0.26918778,-0.5317055,0.2507779,-0.8287806,-0.5933043,0.1498938,0.84228826,-0.36770445,-0.2802143,-0.2563353,1.1930963,0.7441773,0.012185493,-0.9987055,-1.2273871,-0.41965503,1.0992539,-0.8329226,-1.2858617,0.14416818,-0.07684185,-0.08252955,0.32035726,0.51481146,-0.05046015,0.6461767,-0.37703744,0.34036455,-0.5382969,0.8028218,0.16508389,0.59577215,-0.47595128,0.80803317,1.1759425,-1.9834261,0.68618906,0.84761834,-0.011684842,-0.024304282,0.04362652,-0.752149,0.79156053,-1.0070003,-0.379939,0.43980384,-0.49004832
WM88,-0.78496855,1.7685742,1.3819119,-1.7529887,1.2835162,-0.74503237,0.40867737,0.13455087,0.2120595,-0.93331707,2.129474,0.08674759,-0.56525487,-3.0552683,-0.70461035,-0.0166125,-0.58198774,1.1563958,0.13625053,1.157214,1.5557783,0.5478952,-1.2573483,1.7270203,0.54779613,1.3139136,-1.0181538,-2.2528734,-0.78117895,0.35132602,1.0182958,0.12824751,1.0033076,1.0578264,0.5879023,-0.13697258,-0.2927586,-0.27892536,-0.9251573,0.9694872,1.2086395,0.36905408,0.5448762,-0.6377681,0.9552756,-1.8602741,-1.0067067,0.79720616,0.6331603,0.48327714,0.4072562,-0.04993819,1.4179419,-0.48097858,-0.74272823,1.2710673,-1.1172913,-1.9092858,1.6597052,0.27802944,-1.9818815,-1.0467796,-0.2618554,-0.23028553,-1.10791,1.2120769,0.32076526
CHL-1,0.911084,1.8616803,-1.6640551,1.1212729,4.0188985,0.3237294,1.5473716,0.37297255,0.03083384,0.24871069,0.37823647,1.466422,0.23318487,-2.2506983,2.059187,-0.49474078,0.5343131,0.7788017,0.67704356,0.00058563054,0.35169035,-1.1173958,-1.0432193,0.88707083,0.750053,-1.181216,0.8569687,1.7823538,-0.58510715,1.3717309,-2.6283631,-1.4284483,1.008022,0.76853466,-1.3234608,1.0089121,-0.19868188,-2.118028,1.059517,0.77552855,0.5718772,-0.064196676,0.44276175,0.15088396,-0.21594946,-0.8684607,0.7794919,1.0381582,0.78725946,-3.3893063,0.7000575,-1.5744165,1.1917858,0.9861534,-0.95770836,0.949748,-1.2069107,-0.8198479,-0.5580834,-1.9640517,-1.3257315,1.4397812,0.029800631,0.116926074,-2.378438,-0.4938709,-0.32217208
SNU-C5,-0.80138564,-0.33110216,-1.9284395,-1.5230951,3.8208103,0.03017446,3.6141572,1.4478406,-0.45738804,-0.71443915,3.0603485,-0.41381133,0.28444535,-2.714443,-0.5412668,-0.09297626,1.1761246,-0.81335795,2.921937,1.243696,0.12053782,1.2231207,0.29639688,3.4495885,0.8761574,-0.45543683,-0.41455165,0.46721593,0.20104343,3.0248203,-1.1887212,-1.6905208,0.4224043,1.196081,1.007195,0.9355396,-0.6116873,0.5115624,0.52501816,-0.65229267,0.32585424,-0.3022322,-0.8487774,-0.18721047,0.30951843,-1.907966,1.2809325,-0.1589857,0.6930299,-0.16662335,-0.71173775,-0.8540166,1.317475,-1.1906613,-2.5440316,2.9725163,-1.3183496,-1.4793471,1.2993114,-0.13580139,-0.6815453,0.7925913,-0.67623377,0.704615,-1.020402,-0.11485736,-1.0432221
BICR 6,0.4117231,0.8210931,1.0503768,-0.3080476,-1.8052135,-0.25935438,-1.0516926,-0.14656816,0.8495096,-0.088155314,-0.5942041,-0.64805,-0.5969142,0.23740739,0.013167575,0.57351285,-0.5076544,0.4365776,-0.43996075,-0.24036625,-0.37049723,0.11671502,-0.40601864,-1.1225504,-0.38740116,1.1440157,0.88706875,-0.6988686,-0.13177757,-0.6836894,1.383805,-0.25292835,-0.6500833,-0.7130569,0.78994536,-0.07853988,0.073874325,0.6376348,-1.1069661,0.2806861,0.7134669,0.7534821,0.4340069,-0.39158875,0.83882684,0.75825,-0.031099632,0.04710025,0.035507753,0.59692436,0.8016177,0.5609715,-0.66006213,-1.3063966,0.6638661,-1.1347921,0.27465904,0.046633624,0.006718138,0.39477673,-0.26994762,-0.48358145,0.55266047,-0.52025837,0.63262737,1.1035117,0.6142772
ALL-SIL,1.6258656,0.7950302,0.577546,-0.062955536,-1.0066391,0.2238098,-0.82252806,-2.1059396,-0.040014997,0.63590634,-0.5299929,0.96151394,0.21022171,1.0408705,-0.28728834,-0.9131641,-0.5727301,0.2969464,-1.3905897,-0.2426248,0.13620299,0.059210517,0.16868919,-1.046261,0.21849534,-0.22142443,-0.6628427,-1.2898946,-0.55962855,-0.825647,-0.13305566,1.3892574,-0.8141622,-0.9396747,1.3844198,0.5932528,-0.03531009,0.19650932,0.78693175,0.62232345,0.39527324,0.6418857,0.27655458,-1.0579543,-0.28033936,-0.37074775,0.71511394,0.053510286,-0.14995447,-1.1756895,-0.13023631,0.00028479844,-0.528322,-1.3514076,1.1888981,-0.23084106,1.1901948,0.7420968,-0.4031775,-0.78077215,-0.23673153,-0.92645526,-0.5841273,0.6714529,0.15383652,-0.70103174,0.89392525
SW1710,-0.12671189,-0.17944363,0.3919113,0.33463156,-2.272717,-0.14433789,-1.1520882,-0.7434927,0.60668355,-0.20572169,-1.0183163,-0.081982,-0.72135556,0.9441842,-0.4272728,0.3733493,-1.2327406,0.10295226,-0.85568595,-0.22642255,-0.38678402,-0.11658926,0.29813665,-2.1192164,-0.713033,0.768812,0.08986437,-0.7860793,0.59677315,-1.1424459,1.4923346,0.29836,-0.07329286,-0.5482626,-0.07589678,0.027317345,0.51204145,-0.15415049,-0.4860778,-0.45341793,-0.24517153,0.36373585,0.39164338,-0.18954608,0.43877375,0.122577205,-0.9605159,0.22636342,0.10175847,0.45125085,1.1566702,0.6129629,-1.2978368,0.12830853,1.2707293,-1.052063,-0.68095505,0.30137467,-0.8906733,0.14232838,-0.247641,-0.38479933,0.15666288,-0.42135936,1.0366148,0.2611063,0.69302166
CAMA-1,-0.54385984,0.046318434,-2.1712852,-2.4485683,0.9777601,1.0636808,3.7608316,2.8642507,-3.5316746,2.278115,-0.82800096,0.46821684,0.08690746,-0.54566646,1.240738,-0.45670307,-1.1027102,-1.3310095,0.79058707,-0.46689725,-1.7720474,-3.1019163,-1.7439452,0.64983416,3.4372482,-1.4476823,-0.23732796,3.34454,-3.1495862,-0.4225589,-1.3416698,1.3134866,1.4820904,-3.3704603,-1.5489844,-1.0585202,0.67850643,-2.9829636,0.1966541,-2.6378243,-1.1421931,-2.8403568,-0.07380906,0.34088793,-1.7503005,-1.9274778,0.16625181,0.057875957,0.71457154,0.9811729,3.5384707,-0.14421405,-0.10706332,3.9492216,0.6897504,2.4059472,2.884201,0.7904316,-1.1027335,-1.3492143,0.5326905,-2.6132877,-0.718292,-2.908774,-1.6505228,1.7208602,-0.68734735
Kasumi-1,0.63350284,0.06427427,0.7504182,-0.36403793,0.85941017,-0.32802147,-0.57608944,-0.739341,-0.36954445,-0.6477506,1.3502203,-0.2044679,1.560871,-1.3624052,1.2175832,-0.7276361,1.2211901,0.3558979,-0.40207952,-0.7497513,0.69134605,-0.06757418,-0.6016571,-0.032330878,1.0688374,-1.0994393,0.31064397,0.9808003,0.12161007,0.9994525,-0.7010631,0.88611704,-0.10280765,0.71043915,-0.819377,-1.0145632,-0.66645294,0.7422054,-0.40947944,0.1931006,-0.5715891,-1.1869388,-0.7507704,-0.42222694,-0.52925885,1.240112,0.8044581,-0.44825244,0.043573946,-0.21730094,-1.9902221,0.7839342,1.6447291,0.62759477,0.31097028,0.52728,0.037889734,0.99579847,1.5204885,0.17138846,1.4906572,0.35386398,-0.5473481,1.1074756,-1.132418,-1.2024546,0.4510578
HCC44,-0.6789969,0.7452866,-0.73272395,0.84876305,2.8930295,-0.068519756,2.4317584,3.1118982,-0.7051624,0.86268175,-0.7115575,1.0241499,-0.014770333,-1.7022012,0.38169414,-2.023313,0.7120827,0.020666817,0.48558956,1.9523317,1.116707,-0.84189665,-1.4137666,2.1566467,-1.063746,-1.2593417,-1.1726338,1.8110597,0.089127615,-0.7467412,-1.5738608,-1.8728663,1.3721737,2.100004,0.037619006,0.79977936,0.743568,-0.18187344,1.0649288,-0.16632615,0.6436173,0.010242671,-0.4507059,2.0577729,0.13925104,-0.62110204,-0.2955578,-0.18312155,0.6856954,-1.4515823,2.0826764,-2.6616147,0.8195281,-0.03639371,-1.3324574,1.7064104,-0.26041046,-2.8741794,-0.50385725,-1.579548,-1.2605218,1.4502991,-0.97260594,0.10155612,-0.40484798,0.8071725,0.98257494
SF126,1.6583842,-0.30817905,1.6958973,0.49562824,-0.25708523,0.12628017,-0.33875626,-2.3717406,0.4521667,-0.9242893,1.3091457,-0.5034692,0.08537896,0.009883583,-0.010235606,-1.6594794,1.5160866,1.6275108,-1.2092912,-0.50837576,1.0610147,0.92608726,0.16075823,-0.44462723,-1.0705861,-0.48022947,0.16013224,-0.804336,0.95326453,0.8631138,0.72172093,0.61111003,-0.530403,0.26560426,0.76604676,-1.3750618,0.50937235,1.8357296,-0.37057593,-0.08110218,-0.51001734,0.9935647,-0.70205957,0.3112869,0.08932506,1.789712,0.17887324,0.33651304,0.29070166,0.1555832,-1.7454444,1.0292016,0.32220522,-1.3664031,0.6597031,-0.8855102,0.6643079,-0.08401929,1.4618717,0.20137697,1.1203614,0.12648416,0.4372084,2.3981628,0.8685398,-1.1614504,0.9185289
COLO 800,-0.030976154,-0.25044432,1.3939571,-1.1047015,0.3604798,-0.30422765,0.47341055,0.6786405,0.5800321,-1.9614726,0.8037401,-1.5461956,0.0015873611,-1.9666865,-0.06232377,0.027310228,0.37003028,0.041797265,0.7645521,-0.036093473,-0.6973115,0.16330554,-0.29225722,1.892583,0.7813209,1.4394959,0.12269586,0.21346283,0.41859543,1.7401857,0.22510263,-0.09407113,1.1912434,0.6502589,0.5362519,-0.73470354,0.66934,0.44274873,-0.49253866,-0.48102623,-0.7317189,-1.4932067,0.27106073,1.722964,-0.5315946,-0.22164,-1.0823697,2.0832095,1.5237403,0.11856812,-0.22323406,0.21225667,0.2746054,0.6460307,0.22975963,0.44812903,-0.9516989,-1.136923,0.23966135,0.41234243,-0.96626824,0.5834623,-0.16922231,-0.77465343,-0.79598475,0.13190463,-1.6948155
FU-OV-1,0.14695165,1.6320711,-2.687112,-1.2376171,1.8085136,0.55061364,-0.66400564,-1.0440694,-0.11144604,1.3499362,-0.5955676,-0.11872291,1.4268328,-0.14187989,1.3732322,-1.1634563,-0.7937021,-0.2194719,0.1281007,-0.28452155,-0.6483871,-1.2392101,-0.30236885,-0.07518816,-1.0413576,0.32303342,1.6406021,0.116778985,-1.1278322,-0.6351123,-1.5004175,-1.1171691,-2.071224,-1.8544391,-0.41677898,-1.3897866,0.15307185,-3.5004876,-0.4534194,2.6071258,0.03890848,0.7458713,-0.52823323,-1.8496475,2.0814745,-0.07811515,1.2596993,-1.9580499,2.035872,-0.29995453,-0.5698788,0.44608974,1.5066444,0.20524223,0.0050788745,1.7312715,0.2872509,1.7589868,-0.6728031,0.0036731437,-0.5066784,-2.0781329,-0.62977564,-1.9038062,-1.7001283,3.030201,-0.44662344
NCI-H1838,0.81156355,1.04903,0.6378267,-0.19861996,-1.8757439,-0.44357082,-1.62071,-0.4008236,1.1955417,0.4726246,-0.614516,-0.8128814,-0.8949637,-0.022923604,0.7361606,0.8042196,-0.7719552,0.96928084,-0.12192052,-0.64417976,0.057491355,0.54611963,-0.22104232,-1.6130698,-0.73709023,0.95595205,1.2683313,-1.3625555,-0.120675616,-0.8302267,1.6773584,-0.17159107,-1.2143309,-1.1396146,0.3371999,-0.2866881,0.50378364,-0.022500545,-0.61743426,0.844951,0.7282969,1.3088644,0.28798756,-0.7850449,1.5000759,1.2054446,0.26034123,-0.759991,-0.12692678,0.27970755,0.4086076,1.4569656,-0.67211735,-0.8066654,0.49785733,-1.396146,0.07119973,0.22342834,0.14872296,0.7346807,-0.35017014,-1.0471828,1.283796,-0.5949661,0.70965874,1.728349,0.5077411
Hs 839.T,0.545779,0.6866259,0.2683853,0.21228984,-0.46524733,-0.022122636,-0.29593274,-2.1583517,-0.035742167,0.65777826,-0.83067197,0.5863579,-0.3361794,0.8775722,-0.095084615,-0.35733336,-0.2894007,0.5429979,-1.0296447,-0.3006679,0.2774473,0.10624357,0.5530695,-1.5155581,-0.23817506,-0.20966004,0.015553229,-1.068462,0.19518045,-0.0536184,0.7454932,0.7813918,-0.3588432,-0.45635417,0.4233017,0.27379182,0.70019346,0.25041935,-0.22000328,0.63803786,0.4749362,0.7476725,0.30129346,-0.44147217,0.2477802,-0.9264648,0.96166146,-0.23421334,-0.34232014,0.7666486,-0.051521927,-0.26313272,-0.91774994,-1.1519003,0.94712526,-0.8452948,0.59809685,0.76495826,-0.36416167,-0.50856405,-0.63573474,-0.64317894,0.6767095,0.9411336,-0.24100831,-0.49927995,0.80715996
TALL-1 [Human adult T-ALL],-1.6440147,-0.14665782,-0.9325405,-2.4686358,-0.72553504,-1.3973588,-2.4715822,5.8414793,1.5494771,-0.44553456,2.4008887,-3.380215,1.353656,-2.3233984,-1.1928296,0.34538826,-1.6597276,-0.8188453,3.4128675,3.2937756,-0.87677425,2.4796596,-1.9620844,1.5304078,0.14174008,3.3205495,0.7756367,-0.043285776,-0.037886895,-0.69132906,1.2073146,-3.371304,-3.1186726,0.45049945,4.629306,-1.2077246,-2.291688,2.898048,-0.5829819,0.27161777,-0.1345144,1.14515,-3.1130712,-3.4334283,3.9016554,3.604359,-1.6302512,-3.2518315,4.1437874,2.0077524,-0.028417598,2.3815172,3.2144,-1.295492,-3.0036194,3.0266929,-0.9134887,-3.1260846,1.5306754,4.872459,0.71383923,-0.35957304,-0.23771311,-2.404537,4.782351,6.589681,-0.28629416
JVM-2,1.0589672,0.48804313,0.6174731,0.25455418,-0.99713254,0.075751856,0.006517887,-2.3824384,-0.009195053,0.43806708,-0.81738657,0.62109447,0.053998347,0.68674153,-0.43933794,-0.7096583,-1.2834759,0.7296938,-1.2146739,-0.05258543,0.16637067,-0.32943258,0.4438343,-1.3759822,-0.9433711,-0.024567977,-0.49810916,-0.82697475,0.6116189,-0.35125083,0.3036664,0.50161517,-0.10529808,-0.16891623,0.591709,0.08585419,0.6025729,-0.09149271,0.09043996,-0.037606537,0.18111639,0.74739444,0.35364252,0.12789705,-0.16979577,-0.07941812,0.6153293,0.15047914,-0.5942363,-0.64201343,0.25968015,-0.28849792,-0.8107464,-1.2999555,1.1509966,-0.35593873,0.58220047,0.6076339,-0.72435886,-0.633669,-0.5522081,-0.6636784,-0.17452736,1.0143743,-0.2035997,-0.7696028,1.0053161
TIG-3 TD,0.17812052,0.22090214,0.23496766,0.3131349,-1.3410207,-0.056089554,-0.45426863,-1.5409709,0.3172795,0.1500616,-1.037071,-0.17641798,-0.48307103,0.9217074,-0.2745228,-0.046203226,-0.9973543,0.3958627,-0.9825386,-0.20911318,-0.35837686,-0.09365977,0.5047519,-1.9807285,-0.88314074,0.44263196,0.09040882,-0.022461742,0.45784774,-0.5316289,1.0039974,0.6018912,-0.103416294,-0.34071544,-0.016478324,0.45941868,0.82804376,-0.29100332,-0.48093873,0.019610407,-0.11780961,0.3681363,0.2194066,-0.16011384,-0.03673038,-0.092968464,0.036845118,0.027492408,-0.10548491,-0.07799852,0.75582355,0.1082565,-1.0222296,-0.36569685,1.0989205,-0.84868574,0.43390387,0.58463305,-0.8865333,-0.3960968,-0.6043046,-0.79649997,0.08027622,-0.34235254,-0.000939399,-0.066543765,0.9585261
NCI-H854,0.5736469,0.06337625,0.43440437,0.28357786,-1.6738088,-0.18121496,-0.34964797,-1.5127308,0.4103542,-0.17700315,-1.0558814,0.03918282,-0.59818804,1.1065961,-0.6933799,-0.21881431,-0.40021527,0.14821036,-0.975052,-0.09236567,-0.11464975,0.01631768,0.24530564,-2.1676536,-0.8443581,0.4623092,-0.44856438,0.12246579,0.96697533,-0.7020328,1.1482475,0.50283486,0.22373073,-0.22154218,0.14009884,0.54214656,0.86100554,0.5489799,-0.3242246,0.13748603,-0.28635442,0.13892956,0.22013976,0.15825514,0.022709962,-0.5068894,-0.4669959,0.13564001,0.078264795,0.809827,1.0566353,0.040042736,-1.1305528,-0.32677382,1.1367666,-0.8237447,-0.09931634,0.37529966,-0.8532053,-0.3191599,-0.37316132,-0.70326406,0.4455183,0.09095226,0.36023903,-0.13878699,1.2433014
NCI-H2023,0.7375995,0.18313655,0.55585605,0.42581356,-1.4532722,-0.20361653,-0.6000071,-1.3016988,0.48035038,0.2529008,-0.8502504,0.051962256,-0.8050064,0.887079,-0.16736121,0.25110683,-1.6959479,0.56583333,-0.7619635,-0.6514543,0.06154828,0.2547986,0.48789796,-1.8388275,-0.6793341,0.29621074,0.030300796,-0.33749002,0.82057774,-0.6609176,1.2292488,0.65785444,-0.018764539,-0.4597749,-0.09535164,0.1690328,0.9079978,-0.18335769,-0.3099214,0.17842212,0.089930534,0.39215943,0.21097535,-0.1302674,0.29383975,0.033591777,-0.15986605,-0.112369,-0.02406911,0.77113044,0.62138164,0.55166495,-1.0634962,-0.20936087,0.832761,-1.3093566,0.49165815,0.5658986,-0.5660441,-0.3984965,-0.59335387,-0.7968103,0.69167835,-0.0084425695,0.3669028,0.07617889,0.83732533
MOLM-13,0.78645045,0.56503034,0.31229722,1.0321989,-1.2473313,-0.0093817245,-0.12077564,-1.3773557,0.60877705,0.286176,-1.0617255,-0.28067333,-0.77330136,0.8852473,0.13928078,0.4609745,-0.32534134,0.4515986,-0.54199004,-0.60061437,-0.5213358,-0.4214429,0.79460555,-2.0929918,-0.4622553,0.5601386,0.47241142,-0.41005266,0.19998361,-0.68130744,1.0870467,0.37221146,-0.32058698,-0.9823492,0.085194856,0.18611446,0.86947787,0.048867792,-0.26133502,-0.006791576,0.020955406,0.50242645,0.4127536,-0.004283216,0.38347292,-0.1389685,0.09569419,-0.26505873,0.4904499,-0.45737895,0.70851797,0.5093986,-0.9846414,-0.16742483,0.97683847,-1.5363125,0.28007567,0.6289711,-1.2791194,-0.35050613,-0.93117607,-0.8139817,0.5574833,-0.48083907,-0.092152126,0.13751048,0.36194062
ECC12,1.0622001,0.37121502,-0.45801163,1.6332289,-1.1337808,0.6357987,-1.4158769,-1.1517941,0.78939044,-0.48687598,-1.4541143,-0.45465946,-0.17722481,0.006690208,0.4218231,1.2942685,1.1095855,-2.4999096,-1.7787358,-2.218149,-1.7267425,-1.9521631,0.59415925,-2.5553367,0.37145054,0.26937717,-0.34564033,1.0796614,-0.8308781,-0.17632811,-0.5869221,0.5174952,0.50161433,-1.4160429,-0.25319257,1.3695511,-1.1923808,-2.367811,-1.1887298,-0.6476635,2.0536485,-0.6324825,1.0536053,-1.2621762,-0.7975648,-1.4529396,0.44551814,-0.17143822,0.6006905,0.0733915,1.4237614,-0.24996206,-0.4030239,-0.39192182,1.5702868,-2.134141,-0.19643372,3.5862398,-0.19902726,-4.1836863,0.12837875,-0.29413012,-0.6022245,-1.4522979,-1.2425003,-2.5498838,0.9608379
HARA [Human squamous cell lung carcinoma],-0.60189545,-0.16115709,-2.1338756,-0.3074156,1.0261152,-1.3711705,-0.3900635,2.000015,0.84123886,1.1217804,0.8600492,-0.43311682,0.063064545,0.3852659,2.0347395,0.35594168,-1.7089753,-1.3869185,-1.0130732,-0.78984815,0.936465,-1.8828707,0.304196,-0.42879403,-2.820354,-0.37687588,1.3453481,2.1824977,0.4384385,-1.1110061,-0.57372415,-2.6812956,0.13479832,-0.38777632,-3.8122265,-0.94531715,-0.3772009,-2.8277571,-2.8862126,1.6741817,0.5215523,-0.6384628,-0.6498298,-0.23112643,1.6158602,-0.10199861,-1.6744391,-1.2166946,0.42242694,0.20555888,0.21329887,-1.1648368,-0.29904768,2.8405676,0.050669007,0.13241874,0.22260411,-0.23984721,0.47297624,0.5364951,2.5257516,0.97210854,0.44790322,-1.9059968,0.63458806,1.5702145,0.6640117
D341 Med,0.7344017,0.8133389,0.03444406,-0.20133623,-0.49014091,0.06740368,-0.9691819,-2.0672574,-0.4516501,0.8076761,-0.7647735,0.670674,-0.3538147,0.5920223,0.20578821,0.23418656,-1.0152906,0.36820748,-1.0709356,-0.07531834,0.028743828,-0.1457592,0.5531637,-1.0308168,0.054850504,0.11458331,-0.67909735,-1.6361725,0.025239013,-0.4543806,0.82661235,1.0365974,-0.2776842,-0.41147384,0.29438284,0.24382228,0.36571878,-1.0776081,-0.14127213,0.8425303,0.8946679,0.60136724,1.1235602,-0.76075804,0.38146922,-0.9787104,0.16151357,-0.44927213,-0.47923085,-0.35554525,-0.39192334,-0.22184433,-0.80149066,-0.60097337,1.0996292,-0.3965495,0.90117943,0.8498732,-0.45993087,-0.61621433,-1.0602089,-0.65636146,0.05366879,0.9288597,-0.4494074,-0.83025956,0.2419115
MeWo,-2.1041603,0.7411808,2.3319368,1.1083088,-1.2006048,0.09174523,-0.791744,0.32269922,0.9279579,-1.081246,-0.009181742,-0.9912305,-0.27509594,-0.07906866,-0.15021244,0.9698021,0.30371022,0.81333816,0.40893763,-0.7574348,0.89679354,0.6818177,-0.49542803,0.07838732,0.2910374,0.65020996,0.12734671,-1.7184963,-0.63022983,-0.3455898,0.9983088,-0.06947767,-1.2527593,-0.5047419,-0.9049866,0.53833544,0.26936135,1.0446367,-1.0045882,0.6963415,-1.1791828,0.31915227,-0.690849,0.4558547,-0.35854483,1.3110948,0.07159729,0.12312291,-1.389305,0.89067155,-0.8411606,1.6564134,0.46771568,-1.0979352,-0.34297106,-1.913514,-0.87992865,-0.6856652,0.19988705,1.3674419,0.35311496,-0.61317784,1.2865946,1.9101996,-0.31484276,0.26171258,-0.5530522
NCI-H2227,1.1013887,0.4898085,0.30766138,0.12695524,-0.588754,0.0046057533,0.04058045,-2.4089751,-0.055950254,0.2970882,-0.5525976,0.5105167,0.13697858,0.6626417,-0.4962242,-0.96009415,-0.06993863,0.8621975,-1.165998,0.15768516,0.46783423,-0.022648003,0.29599378,-1.225651,-0.49075106,-0.024169559,-0.43306363,-0.5024182,0.16242892,-0.5332083,0.28558248,0.36830428,-0.2684425,0.13941585,0.88218576,0.16343401,0.45922884,0.340979,0.11187589,0.707968,0.08939872,0.6980954,0.2332457,-0.1786545,-0.21405125,-0.26232487,0.25598475,0.1612882,0.086878866,-0.6083513,0.21281478,-0.20211175,-0.59398913,-1.171666,1.1847439,-0.41735816,0.28486484,0.35909438,-0.63814604,-0.7517684,-0.72591245,-0.7220367,-0.2969274,0.8275216,-0.13661094,-0.64258724,1.2034662
KYO-1,-1.2663014,0.0008915916,-0.9601365,0.15177,1.2737716,0.6111293,0.54655194,-1.7144688,0.91815925,-1.0347188,-0.2579893,-1.6097373,1.7090235,-0.23799616,-0.50648725,0.7592533,-0.2008113,-1.0292044,0.20144539,-2.3370416,-0.6808603,-1.8058226,0.40463027,-0.22289379,-1.321685,-0.4493841,2.406401,2.3568883,0.71290797,0.5230768,-2.201811,-1.1380894,-0.16416585,-0.81640804,-2.2806911,0.28127426,0.22418143,-1.0514107,-1.4254767,1.2512015,-0.9171234,-1.5260077,-0.7646312,1.8208572,-2.2549417,0.12494638,1.5674926,0.48405427,-1.660291,0.6562908,-1.0490171,-0.5616144,-0.042796865,-1.3738557,0.5077453,-0.5683705,-0.89641094,3.4230652,-1.1123589,-0.91308165,1.1469579,-0.29004765,1.6205227,-0.745614,-3.0188856,-0.5497427,-0.04763244
IGR-39,-0.5107498,-0.36244202,3.346124,-0.9374796,-1.1838454,-0.4208176,-0.100956574,1.482127,1.9056425,-3.0136118,0.19036248,-2.0275445,0.2544203,-1.3599629,-3.2948952,-0.5772073,0.4353894,0.45519376,0.58808863,1.7624435,0.24281321,1.1504819,-1.169635,2.3177013,-0.9760449,3.8346,-0.4232666,-0.31040025,0.6518305,-1.2103311,-0.82642806,-3.6070898,-0.56540555,1.549887,4.512992,0.52980936,-0.053829104,5.1496,0.9223843,0.22460312,-0.7269698,1.0940715,-0.87260383,2.335386,-0.61652064,0.79923946,-1.6028857,3.7558372,-1.4701464,2.229475,2.5315132,-1.0952858,0.077803254,-6.2980714,0.08935779,1.0255508,-2.1669452,-4.2789793,-0.3990463,2.5252342,-0.9657767,2.4548266,-0.08130756,1.5924398,0.7796204,2.1836886,0.0460107
OUMS-27,0.7653655,0.16478261,0.34908462,0.35995695,-1.4647392,0.019500403,-0.1421769,-1.5841594,0.28603104,-0.055985287,-1.0689718,0.16866,-0.48926172,1.197603,-0.428798,-0.0055982852,-1.0010083,0.32741064,-0.91790324,-0.25321063,-0.44025132,-0.025711864,0.49511394,-1.9369377,-0.6124592,0.43094927,-0.6351854,0.041838855,0.42533374,-0.65862113,1.1387848,0.22241738,0.005653579,-0.50941914,-0.030342184,0.078037046,1.0106748,0.04528633,-0.22952592,0.123885475,-0.05278948,0.6013677,0.22459066,-0.044090897,0.11842567,0.30925265,-0.17655915,0.028192662,-0.17652962,-1.2359151,0.80153733,0.3835262,-1.0843714,-0.3776593,1.1620411,-0.9437005,0.5144272,0.5612334,-0.9000734,-0.37732217,-0.7272649,-0.46683985,0.28031123,-0.19827941,0.45093548,-0.09850177,0.8771804
MDA-MB-468,-1.4402648,1.1420448,-0.42166463,-0.476423,-0.9553297,-0.23265187,-0.7623583,-0.97371864,-1.1659939,0.67965597,-1.6006393,-0.63269174,-0.97937745,-0.19529185,1.6465048,1.4045625,-0.32364362,-0.31046906,-0.7883872,-0.38316622,-0.82482886,0.328031,0.4313071,-2.2880743,0.9800822,1.8024464,-0.4046678,-0.94561297,0.038966626,0.41702703,2.1375268,0.9115262,-0.33108065,-1.0633177,-1.6864477,0.13676322,0.39672717,-0.4704174,-1.0393038,0.18105793,1.4706552,0.9718205,1.625985,-0.4962031,1.3457278,-0.36437035,-0.3139208,-1.3603047,-1.5212839,1.4556863,0.0011868477,0.4326893,-1.3299464,-0.39748132,1.7384965,-1.139734,0.9719628,0.9783463,0.30986303,0.42207992,-0.37834254,0.11679388,1.9617807,1.357966,-0.20346904,-1.1375893,-1.0402008
HCC1500,0.8353377,0.36672333,0.51325494,0.86701465,-1.4769565,-0.13019915,-0.96808535,-1.3739359,1.2713792,-0.55186373,-1.2134509,-0.45992383,-0.40305084,0.20383179,-0.89742404,0.65287834,-1.1353947,-0.45088118,-1.0564672,0.31167272,-0.8784518,-0.75188726,0.034820292,-2.2741365,-0.82051975,1.3961855,-0.23647496,-0.17101356,1.025358,-0.85450447,0.5094362,0.06706256,0.022070743,-0.13035378,0.504157,0.7296068,-0.18087015,-0.7535303,-0.6979312,0.25324857,0.49936864,0.9119183,0.5494187,-0.029076837,0.0567187,-0.8521577,-0.07403651,0.79246515,0.63234895,0.06678751,1.9595569,-0.52469313,-1.4000068,-1.2489499,0.6888395,-0.49202046,-0.855762,1.0179896,-1.5851088,-1.282756,-1.3616868,-0.28802308,0.53762716,-1.116968,0.007393975,-0.34963652,1.3530675
HSC-2,-1.0814799,-0.47746414,0.69830096,1.660666,0.73622173,0.9760141,-0.18316658,0.332556,0.2613727,-0.48140576,-0.66961104,-1.4755322,0.6683781,0.51064223,0.13684201,-0.6556784,0.42548057,-0.045725472,1.023761,-0.25664532,-0.54677874,0.23594826,0.5289145,0.9603967,-1.5087268,0.18414564,2.2505279,0.5554185,0.44165868,0.32887074,-0.32457843,-0.92446184,-0.8240567,-0.207798,0.08014937,-0.531796,1.0424212,0.4472726,-0.24040008,-0.404255,-0.45463988,0.20374763,-0.947106,1.1127638,-0.15908998,2.528391,0.8522905,-1.3597482,-0.23049232,0.81749964,-1.3326069,0.37431276,1.1442792,-0.6978827,-1.1806103,-1.9516252,0.19994524,0.54911345,-0.05408521,0.50070477,-0.64705974,0.09756398,-0.6927767,-0.5197953,-0.807596,0.4505075,-0.687548
K029AX,-2.0796335,0.54936266,3.290569,-0.7265437,-0.7496823,-0.76219624,-0.12261398,1.6886195,-1.0615231,-0.93840677,-0.022096515,2.3258843,-1.3536158,0.26720724,0.0013236329,0.8376266,-0.6133582,0.12566197,-0.97052777,1.0901656,1.0640473,1.775746,-2.280718,0.6727364,3.0767639,2.7203403,-3.9476285,-1.1326611,-0.8465857,-0.20517443,0.17410423,0.41256335,0.87350047,1.0724142,-0.7687423,0.75547135,-0.7585595,0.40224928,1.6362658,0.45759076,0.16117218,-1.3112983,0.45772493,0.05163092,-1.7124989,-2.1007187,-2.7689977,2.8130946,-1.7084513,0.45162588,1.7623496,-0.26009747,0.0089056045,0.7358769,0.67130715,1.1159836,-1.0365212,-3.2326798,0.34375077,1.3343544,0.1615362,0.8154642,-0.89259833,2.8430529,0.6222583,-2.2966008,0.5203693
Hep 3B2.1-7,-1.0603745,-2.9768152,-1.5035573,-2.9850235,1.9846985,-1.2701919,1.1185229,1.3895124,-1.0595372,-0.36512938,4.725136,-1.6940309,3.1558447,-0.70827395,-0.68483335,-1.1368359,1.2022889,-0.5038727,2.2327352,1.8218124,1.3161377,1.2455286,-0.11986982,2.6261446,0.033287883,-1.952805,-1.2130749,1.0627599,0.92717004,0.49940658,-0.37270162,-0.49248162,-1.5608346,1.7918389,-0.85961235,-1.9749756,-1.723588,2.5982592,-0.60273224,0.7185174,-2.6788497,-1.2050347,-2.613441,-0.16654283,0.61872435,0.87916553,0.8783624,-2.5492454,0.45752686,-0.050119817,-3.55744,0.4370253,1.430003,-0.01835494,-1.8150069,4.0449524,0.48498684,-0.7511446,2.1676252,3.5824316,4.122355,1.1095078,0.25063437,1.937151,1.1832545,1.051135,0.18959472
A-253,-3.811749,-3.6112115,-0.9290782,3.0765958,-1.2953408,1.9885682,-1.1568427,0.62268287,-0.026490234,-0.80515826,-2.0265625,-4.0135937,3.9704697,-0.92902297,-0.5955061,0.018496275,4.8235884,-2.407659,-0.36741328,-0.18740875,-2.3156247,0.58857423,1.1873626,1.490823,-2.015173,-0.37229538,-0.035078086,2.4739184,1.8789948,0.092967026,-1.5913565,0.36753002,-1.0873806,0.35679787,-2.8903427,0.03311354,-0.6704877,-0.32247603,-1.9345155,0.20513725,-2.3192346,0.42749137,-0.5352291,3.6254995,-1.1319449,1.7454684,1.2588629,-2.0463915,-2.9669807,0.43578395,-2.2325332,-1.181853,-0.3364241,-0.59541005,-1.1494927,-1.1373847,-2.024712,2.7596905,-1.0543067,-1.3045462,1.0116055,2.4161718,0.7285116,0.1130764,-0.4706871,-3.0962052,-2.120897
A-204,1.2412013,0.6495123,0.6527288,0.19500406,-0.60651135,0.11013436,-0.090047896,-2.2443876,-0.1715081,0.7215011,-0.84071594,0.6100364,-0.25144753,0.7380387,-0.070383176,-0.3494012,-0.93332815,0.76881236,-1.0882764,-0.2571648,0.17658015,-0.07420973,0.6319243,-1.4012845,-0.67051435,-0.08796261,0.29464096,-1.363409,0.054516986,-0.44400588,0.57470304,0.82658255,-0.30906937,-0.38699967,0.6531274,0.21838078,0.75064814,0.15602723,0.015712336,0.6376512,0.43281356,0.8716979,0.5917724,-0.35202202,0.23679005,-0.52843225,0.6451881,-0.26350412,-0.5511039,-0.182879,-0.22419408,-0.10179412,-0.8339453,-1.0669731,1.0667628,-0.73756874,1.5307211,0.7375306,-0.6466013,-0.83010256,-0.5126195,-0.6527831,0.4213514,0.74450207,-0.19635966,-0.63375497,0.64317334
KLM-1,-0.38185143,0.33347195,0.8782617,-0.89836484,-0.16403988,0.37237182,-0.75946903,-0.93912506,0.7417904,-0.9924562,0.21504073,-2.2793274,0.83891183,-2.345306,-0.042471025,-0.20680162,0.796439,0.35789675,0.0864188,-0.59453005,-0.31537703,0.15056014,-0.36265442,0.12438788,-0.44720122,0.8935211,1.3599607,-0.58322275,0.6168336,1.0636604,1.1584073,0.16255239,-0.54657984,-0.20857018,0.79429007,-1.2352521,0.32766455,1.4432096,-1.5135858,0.3900464,0.25087708,0.24268082,-0.9266752,-0.14268763,1.1024778,1.335249,1.1296369,-0.7073596,0.095540464,1.8421742,-1.2281586,0.821429,0.9857942,-1.5574228,-0.09856383,-0.42071116,-0.7068494,1.3420748,1.3960152,0.41901135,-0.6649195,-0.6692038,1.2083039,-0.47544047,-1.1471611,0.6083767,-0.09503265
NCI-H2110,1.3643726,0.4562402,0.56345916,0.2888354,-0.38497764,0.09873684,-0.14266111,-2.5490909,0.04948495,0.3387254,-0.67729014,0.50842744,0.24934652,0.5445676,-0.6504492,-1.2870917,-0.51798105,0.7418176,-1.1686174,0.06707483,0.30412608,-0.121568695,0.17382863,-1.1131701,-0.82153594,-0.36202034,-0.7017462,-0.856915,-0.023853496,-0.6880034,0.09523551,1.1066419,0.09444679,-0.6801759,1.0366206,0.28547746,0.81882226,0.2183093,-0.03028515,0.3294105,-0.18374449,0.5888133,0.10490992,0.064460404,-0.6195556,-0.14124304,0.6456643,0.29154778,-0.41487643,-0.5730735,0.20514727,-0.11228317,-0.3819307,-1.2198427,1.1121181,-0.21655197,0.36604008,0.42007557,-0.9857657,-0.9827101,-0.51767105,-0.9354577,-0.28083557,0.7998321,-0.57560575,-0.58784676,1.3164865
TE 159.T,0.42443848,-0.03360948,0.59602517,0.43031433,-2.3150663,-0.05512037,-0.19880444,-0.8197338,0.5773578,-0.048231766,-1.0485975,-0.24703266,-0.30003393,1.0906932,-0.38291195,0.35085997,-1.2917299,0.10911753,-0.81316674,-0.34065977,-0.8376019,0.21895838,0.34199828,-2.1903286,-0.71601444,0.6748384,0.25923726,-0.015939146,0.5336279,-0.5877437,1.5035542,0.5712199,-0.045974426,-0.77828175,-0.112533,-0.18936267,0.76719236,-0.017203957,-0.22467926,-0.32945734,-0.26333666,0.5666702,0.22702396,0.18861446,0.435554,-0.0278759,-0.583639,-0.06342481,0.26172566,0.45039675,1.1359385,0.73154426,-1.215428,0.2034077,1.2916541,-1.2923162,0.38892388,0.5286869,-0.95086837,0.003719211,-0.3947317,-0.44152063,0.5548223,-0.604796,1.0197833,0.3099041,0.68807817
SW948,0.6748821,1.2634372,0.2368074,-0.31892833,3.6265266,0.07307729,2.6704123,0.2815805,-0.9059756,-0.37723458,2.9567842,-0.24081197,-0.25255266,-1.6440481,-0.70096016,-1.5098089,1.3335176,0.55576396,0.99036896,0.74447966,0.95710844,0.19516091,1.0702305,4.239654,1.1981004,0.23837858,-0.5060252,-1.632594,-2.5268514,0.9158566,-2.01055,-1.6758988,-1.1261295,0.023258269,2.3881478,0.9231307,-0.79813516,0.9797118,0.9069961,-0.59549826,0.33610114,0.33536714,-0.33584708,-0.6680948,-0.3380277,-0.6395973,0.7310313,0.7490958,-0.70397073,-0.23296982,-1.4341848,0.25266337,1.6661506,-3.0683148,-1.6475453,1.5136607,1.7900891,-2.9105237,0.9075785,0.45249224,-0.7476071,-0.21430087,-0.62431705,2.624526,-1.2317479,0.47777593,-0.68632275
ZR-75-30,-2.2689111,0.005130291,1.4449064,-1.1606557,-1.6609538,0.73949397,-1.7301835,0.33530754,-1.3309588,-1.1904651,-1.1935368,1.1764618,-0.55952585,0.31426382,-0.8300069,0.55279076,0.9825047,-0.6585437,-1.5638164,0.33413693,-0.30142197,0.54801875,-0.63443494,-0.08540074,1.2138877,1.4771851,-2.5360715,-0.052695774,0.714867,-0.31982386,0.77012104,2.1167905,1.4821278,1.0659754,-0.32368544,-0.2724594,-0.8434187,0.17286898,0.43596452,-0.5372524,0.77816427,-0.5422623,1.2858648,0.8268224,-0.68689674,-1.2866973,-1.3910365,1.4799315,-2.3240173,1.1582928,0.6375333,-0.69526684,-0.95453775,-0.17260101,1.8974603,-0.19070046,-0.5996016,0.619363,1.1303587,0.050083306,0.104520425,1.5563773,-0.59559906,0.6721003,0.5651198,-2.7092009,-0.16650936
22Rv1,-0.85456115,0.22321656,1.5394155,-0.2297352,-0.37782925,-0.77108073,-0.23969823,0.28364304,0.36201698,-0.62890595,0.42108256,0.9511801,-0.40267172,-0.16260256,-0.3775878,-0.1790664,-1.2371417,0.3751421,-1.0486845,-0.24281093,1.64338,-0.27197033,-0.9893027,-0.3103859,-0.0050925803,0.06598728,-1.6866877,0.04896346,-0.14952642,-0.796244,0.32304603,0.9377605,1.0761168,0.69317687,-2.0037677,-0.14783195,0.101300575,-0.7801211,-0.7782364,0.30686375,-0.81573457,-1.2632451,-0.27876437,0.5181216,-0.8795155,-1.1661882,-1.9343097,1.2650315,-0.18057479,-0.23735437,0.60592324,0.17028125,0.51737976,2.0814793,0.8924612,0.19192298,-0.8423444,-1.0219802,0.16066761,0.39048052,0.56179875,-0.51864254,-0.35051703,0.55391973,-0.63958406,-0.4174507,0.9375605
KMBC-2,2.1414242,0.83058673,0.59211975,0.56349885,0.5539625,-0.5137774,-0.74961084,-2.1959815,2.2289479,-0.9965872,0.42864215,-0.21983877,2.089444,-1.1023382,-0.8485761,-0.7299195,-0.094719246,-0.0967394,-1.1974862,-0.7900658,0.56569827,-1.1400495,-0.9503577,-1.521718,-1.641788,-0.0781223,1.6020418,1.7517772,0.21570982,-0.9231763,-2.2802372,-1.1875687,-0.66469145,-0.4907428,0.11328439,0.11370689,-1.4450247,-1.0937017,-0.7773802,1.3850718,-0.2861287,-0.536963,-1.5955464,-0.88245505,-0.7253286,0.72864467,0.8824144,1.0843183,1.0224549,-1.0827541,0.29907912,-0.0001321435,1.0430467,-1.3953958,0.13242796,0.59409404,-1.9444507,1.8470283,-0.8019484,-1.736993,0.5166461,-0.98141587,-0.028065879,-0.7546194,-1.2313466,0.3484279,2.5587587
KATO III,0.29157382,0.13746901,0.13237885,0.428658,-1.4954094,0.17344958,-0.70828044,-1.6765666,0.27765736,0.03549962,-1.1959585,0.07832682,-0.6015297,1.2468845,-0.5396557,-0.2972991,-1.3698674,0.030310228,-0.8561989,-0.31992024,-0.25936913,0.107157424,0.5090034,-1.9474915,-0.30158973,0.3805126,-0.05179926,-0.8061938,0.6927315,-0.51357895,1.28372,0.51480895,-0.043347955,-0.5048013,0.18018308,-0.33549416,1.0323522,-0.052492186,-0.5070227,-0.06163226,-0.3266424,0.042506352,0.27837,0.27721545,0.0047637,0.06301894,-0.4505775,0.0036443127,0.40897378,0.53686506,0.8009125,0.24641968,-1.0585618,-0.1986227,1.461394,-1.2337089,0.34280562,0.600527,-0.9595513,-0.35690188,-0.8246788,-0.7771629,0.13384593,-0.14939612,0.3675789,-0.087021425,0.90429133
NCI-H1573,-4.3802004,0.29150322,-1.1834258,4.3231754,-0.6946369,1.3360094,-2.6171494,1.390915,0.65537155,1.7048486,-1.2461473,-0.14574257,1.0463543,1.2442662,-0.81906426,1.7759261,0.63517433,-0.32139164,1.296841,1.6229204,0.86068106,0.42940348,0.33933315,-0.3974284,-1.9130094,-1.8264109,0.07222489,-3.0765986,-0.41720155,-3.0821588,-0.32375777,0.788589,-1.5571675,0.18963024,-2.2003243,1.2343528,-1.821708,-2.3930855,-1.3351047,1.657086,1.0579568,2.8953216,-0.7712449,-2.7794685,2.380741,0.5507434,1.1884861,-4.9164114,0.4670961,-1.4490379,-0.8367804,0.6190398,0.24570897,1.6139177,-4.47345,-2.0509193,-2.3641248,1.7756001,-1.2341539,-1.1427834,-1.8720118,-2.184235,-1.0137651,-2.2386522,-0.28473163,-0.06895773,1.2195323
NCI-H810,-3.158969,-3.575362,-0.940447,-3.5501456,-3.732349,0.26600522,-1.5012817,-0.97049975,0.84795153,0.47920412,-3.1268222,-4.247393,2.6067934,-1.4794761,0.009719774,-0.39596552,2.1938922,-0.57391995,-0.93673515,-1.7704455,-2.2959929,1.1754843,-1.5189285,1.384644,-1.5317489,1.0115392,-2.1878164,-0.9465617,1.4638284,1.1605453,1.312608,3.1274226,-0.12377771,0.40246254,-2.3072877,-2.9505453,1.988479,-2.4221678,-2.3003006,1.9850085,-2.8431056,-0.3634495,0.1900715,4.3740835,0.5864559,-3.4828043,0.26523823,-0.049279474,-0.12394342,0.3981769,-0.023590978,-0.15695769,-0.057794735,2.7621634,3.1699076,1.5835379,-2.7650528,1.4041916,-0.57093036,0.8475896,-0.0727229,0.101984344,-0.32339302,-2.333466,-1.3633189,-0.3333693,-3.026201
SCaBER,-4.6726837,-2.683278,-2.6883452,1.1586678,-2.2234743,1.030466,-1.5244883,7.428146,-0.34835824,-1.5813661,-1.5829351,-3.5533233,1.357409,-4.465463,1.5032179,2.6172817,4.482005,-5.9381604,1.0361946,1.5072385,-5.65793,-0.20508087,0.3579665,-1.4496889,2.559303,1.7076513,1.103448,2.963769,2.1735873,1.5630816,2.234085,-0.36610752,2.403496,-1.7746074,-0.8986729,-1.8252125,-2.796549,-1.1866163,-2.9450371,-4.6235337,1.728139,-1.8079841,0.06453085,-0.34468138,1.5863205,3.8756578,-1.814404,-2.1165848,1.1906146,4.003085,2.1165228,-1.5167359,-0.79141223,3.8276906,-2.9801674,-0.43039894,-3.4590492,3.6211617,0.38396195,-2.7698393,-0.06891991,2.376923,4.0710297,-6.6923714,2.3537338,0.31478062,-2.5517998
MC116,-0.6632729,0.18028377,1.218267,-0.2625146,-0.92620885,0.09822277,0.15934668,-1.0017006,-0.17521514,-0.117679246,-0.96849084,0.25626045,-0.057864767,0.5868474,-0.6023393,-0.24027804,-0.77797383,0.3125778,-0.84812415,-0.6443798,0.29396206,-0.43501106,-0.5784703,-0.4714754,-0.21748284,0.08135974,-0.6065812,-0.28059423,0.008982666,-0.39453843,0.7327791,1.3876225,0.4261387,-0.057949603,-0.82737386,-0.23460165,0.95309895,-0.7558921,-0.56976616,0.12213536,-0.8492353,-0.8554357,0.041703492,0.7274789,-0.9165149,-0.96911615,-0.46803534,0.3947952,-0.39062557,0.45647156,0.348534,0.3923899,0.11998159,0.83125955,1.3120382,-0.5916778,0.097777635,0.5276761,-0.29734355,-0.09743835,-0.33045474,-1.1173079,-0.24529177,-0.29912847,-1.0403448,-0.2727956,0.42267326
Panc 10.05,-0.84167916,-0.96139824,1.3795654,-0.2448679,-1.8391055,0.3129529,-0.64708805,0.32572365,-0.44806427,-0.66352826,-1.7154591,1.5150639,-0.14801502,1.6828768,-1.7964253,0.2786371,0.5698246,-0.8868371,-2.1476865,-0.022985548,-0.08533003,-0.6079198,-0.6868347,-1.0119691,-0.4679523,0.4419122,-1.8255851,1.1900976,0.5403281,-1.6654047,0.7513279,1.1253663,0.29951173,0.18159351,0.105763756,-0.041022807,-1.1915544,0.4196564,-0.4954647,-1.1671114,1.2269593,-0.10048105,0.79529595,1.0126656,-0.86204517,0.4752169,-0.46141344,1.4317911,-2.8647044,1.6215144,1.5395737,-1.7695001,-1.4248056,-1.5301591,1.2058655,-1.447224,0.7602458,1.0790321,0.35997602,-1.208523,0.8770737,0.818766,0.36983922,0.024443194,1.1685303,-2.0123005,1.6975355
Hs 172.T,0.3911613,-0.2647149,1.2210288,0.37783644,-2.8389301,0.021549486,-0.9669319,-0.36589515,0.63313854,-0.16789158,-1.1781013,-0.21219747,-0.7698457,1.0997121,-0.49541408,0.49104682,-0.62597084,-0.09969202,-0.85585254,-0.16878566,-0.56289464,0.24020767,0.13657357,-2.3242397,-0.43569607,0.70496273,-0.07323745,-0.67653656,0.78786385,-1.0890058,1.6505973,0.6855976,-0.1108042,-0.8373809,-0.17279172,-0.2053062,0.28102398,-0.068913534,-0.97024053,-0.71582675,-0.40932864,0.2954315,0.21701987,-0.17886373,0.5468179,0.31674442,-1.3618331,-0.0073934942,0.10629722,0.28500804,1.3154972,0.87519026,-1.3831977,0.47528222,1.4512167,-1.2133024,-0.36330622,0.45513588,-1.0725582,0.18085039,-0.03271035,-0.51449037,0.6040977,-0.9358351,1.1174867,0.48151594,0.73319525
Kasumi-6,0.7716439,-0.05051016,0.6998175,0.24777302,-1.8175294,-0.12177026,-0.5137049,-1.7017033,0.23391709,-0.032936186,-0.9360743,0.06959462,-0.119908646,0.58273196,-0.6470357,-0.3254392,-0.45044714,0.17752308,-0.9802443,0.10722458,-0.21935901,-0.50856775,0.28837195,-1.9397113,-1.1015139,0.43355054,-0.3785568,-0.3618307,0.67201555,-0.71636975,1.085572,0.6073538,0.14789067,-0.30261317,0.26303887,-0.17985958,0.9483308,0.2906578,-0.10499556,0.05779615,-0.26245216,0.46592623,0.43800515,-0.016522497,-0.2041957,0.5198647,-0.30805203,0.17290033,-0.02379869,0.43439466,0.9987475,0.08755426,-1.0917441,-0.4281388,1.3064566,-0.746201,0.48504308,0.37368238,-0.8352504,-0.21395408,-0.63595694,-0.5006948,0.04406514,0.25435057,0.29446542,-0.14103329,1.1658187
NCI-H292,2.3407414,1.6544235,-0.77706146,0.6202816,0.28407666,-0.7195149,-0.51947224,-2.0139663,0.96101016,1.7689838,-0.8913764,1.990356,-0.43946442,2.1075287,0.007467687,0.14552394,-2.3778946,0.4561754,-1.7220216,0.4951154,0.974665,-0.9701257,1.272257,-0.9375591,-1.8035638,-1.0204781,0.7580322,-1.2961259,-1.0530807,-2.4663553,-0.27347803,-0.40230596,-1.1023151,-1.0726323,1.3826895,1.1749593,-0.26872462,-1.3975195,0.10156677,1.7789904,1.8034103,1.6935275,1.0966173,-1.6401829,1.0653085,-0.016724944,1.012783,-0.093813024,0.45411968,-1.2683039,0.48164088,-1.2570889,-1.7111269,-1.4354188,-0.025134817,0.18017308,1.3354986,0.4513023,-1.7198814,-1.4088775,-1.1086179,-1.1322647,-0.14273587,-0.9475707,0.2754131,1.216023,1.525904
Daudi,0.024496898,0.12601632,0.33101982,0.36872864,-1.1859626,0.0072395685,-0.233605,-1.3369389,0.32774308,0.007819504,-1.0295328,-0.18514216,-0.36481643,1.4002138,-0.3696132,0.12528622,-0.7285766,0.07823466,-0.90958065,-0.48495656,-0.2912057,0.14823204,0.47602385,-1.8676543,-0.8045212,0.45379135,0.016497225,-0.025073737,0.43751812,-0.4223383,1.0018127,0.66139144,0.24708112,-0.32110983,-0.26769936,0.40973404,0.6260669,-0.16931425,-0.6332887,-0.16362613,-0.26461673,0.4565429,0.3881663,0.5623077,-0.15507337,0.3655723,-0.036230527,0.19961531,-0.29930034,1.346025,0.6612461,0.17484272,-0.94179046,-0.32485574,1.1548158,-1.2093141,-0.110961616,0.59874547,-0.6802976,-0.32578585,-0.41385213,-0.6743819,0.5302405,0.138293,0.0965821,-0.18800442,0.64483243
CMK-11-5,-1.065305,1.6885043,-1.1747639,2.7197876,2.9548876,0.6400697,0.249028,0.19635154,-1.17935,0.32620528,0.5008919,1.1494076,-0.435092,-0.30253267,1.2027179,-0.2369464,0.3918517,-0.59863,-0.11687634,1.258971,0.58480716,-1.1441611,1.3619792,1.1517878,-0.27548176,0.12261968,0.5149371,-0.45908308,-1.2323784,-0.30244723,-1.3203546,-1.3882155,0.30459625,-0.22689684,-1.4615624,0.7455482,-0.71872604,-2.6216187,0.35758123,-0.26872963,1.644007,0.8436652,0.5611775,-1.3945912,1.1581523,-0.2784673,-0.31782448,-1.6950932,0.3075535,-0.9410569,-0.2200466,-0.43435514,1.8569872,0.9287315,-1.7109601,-0.6799879,0.34303737,-0.67153347,0.0791449,-1.2569768,-1.9653416,-0.14161995,-1.9547819,0.85840946,-1.5154979,-0.9963592,0.3064514
DMS 79,0.9380571,-1.0669601,0.89329654,-0.23119275,-2.076571,-0.15766536,-1.0174749,-2.5688324,0.83607054,-0.98267156,0.87581307,-0.43303823,1.0949775,0.39832854,-1.7939,-1.0414851,0.24681759,0.010672748,-1.7996575,0.70332384,0.46797556,-0.750651,0.29128677,-1.9226617,-1.7969352,-1.1431372,-0.1810126,-0.18786457,-0.049727544,-1.9589564,0.37868717,1.7331696,-0.4613478,-0.7121948,-0.1306905,-0.98899364,-1.5091069,-0.55066675,-2.1515605,0.094368726,-1.2476614,-0.54149866,-0.7878402,-1.3255574,0.2883609,0.29554832,-0.20490777,0.09454802,0.65368545,-0.48389316,0.25465068,0.53034306,-0.12888949,0.7614844,1.110512,0.47763804,-0.40847987,1.7472465,0.110495806,-0.6270351,1.3574475,-1.8862107,-0.35691515,-0.83088136,0.3867061,0.10988664,2.2525973
HCC38,-2.433053,1.4572774,-1.9751596,5.236603,2.4670691,-0.096298635,0.5192986,2.8714664,0.7578407,1.0936668,-0.48709983,1.3126864,-0.75240755,1.2183547,-0.08531553,2.3149533,-1.8949945,-1.3956178,0.6875129,1.490267,0.86157334,-2.395745,1.4108754,0.06001668,-1.65151,-1.1236472,1.6141949,0.3631715,-1.125236,-3.0892506,-2.4980614,-2.8402708,-0.46465272,-0.4833575,-3.0032525,2.6921926,-1.8266932,-2.728909,-0.95190215,1.1387706,1.4274029,1.2149551,0.0110160345,-1.2378818,0.6513815,0.8344917,-0.15127526,-1.6776233,-0.48949876,-1.5517675,0.79864436,-1.8901706,-0.7120447,0.50203884,-4.490565,-1.8301545,-0.77275467,0.51018864,-2.5567396,-1.718739,-1.3305731,0.30069324,1.4112058,-1.7616931,-1.0337415,0.6452007,0.76853293
SCC-9,0.21168646,0.15812927,0.4458719,0.42401874,-1.6428343,-0.05363448,-1.0479798,-1.0358821,0.31051818,0.11560811,-1.2071272,0.1977889,-1.1243134,1.0028316,-0.07646917,0.5710638,-0.24590719,0.28519613,-0.7526707,-0.6387555,-0.51602507,0.03021118,0.57642937,-2.2139633,-1.065033,0.5624473,0.17139557,-0.73351806,0.52309996,-0.6716449,1.6334267,0.51445574,-0.09239108,-0.66015065,-0.46680346,-0.019632943,0.918965,0.4659713,-0.73725957,-0.15125746,0.067852065,0.18044335,0.5234819,0.030470714,0.41069692,0.10458991,-0.35626718,-0.18848075,-0.5240403,0.33310896,0.6491551,0.3666821,-1.3551054,-0.0027173236,1.2250775,-1.5206614,0.34535575,0.61482316,-0.5546367,0.123043776,-0.3420687,-0.6611612,0.83961326,0.04263597,0.7723444,0.12778307,0.3962332
8-MG-BA,-0.29242977,0.34343076,-0.6354667,0.22329281,0.11041546,-0.16187602,-0.6700984,1.2650082,0.10703387,0.6066081,0.03587196,-0.02407736,0.57825387,0.09813813,1.6592598,0.61183375,-0.026494354,0.051506653,0.15354009,-0.7762976,0.21357222,-0.7748606,-0.34668046,-0.5012655,0.36224955,-1.0226825,1.334261,0.8523194,-0.92124,-0.3930491,-0.5060641,-0.034087207,-0.44752604,-0.63071126,-1.4533621,-0.4292112,-0.5371926,-1.0159383,-0.7270775,0.33017948,-0.67191154,-0.7662146,-0.6210386,-0.73449075,0.06762744,1.6912239,-0.0062613785,-0.7068374,0.28287867,-0.20527457,-0.6885063,0.8193092,0.5228374,2.1954222,-0.1812278,-0.5713679,0.58753335,0.6413193,0.16705397,0.488709,1.3970416,-0.32745278,0.1836265,-1.1538877,-0.10837393,0.7072397,-0.5274022
TE-15,0.04263127,0.38468087,-0.47363883,-2.130054,-0.5252035,-0.5815619,-2.5683544,0.8387849,1.5494794,-0.39433867,0.14864182,-0.66191,0.75722396,-1.488339,1.8853949,1.2900634,-0.77508706,0.04764431,-0.2986346,-1.4433346,-0.37207967,0.5326737,-0.6671387,-1.6871865,-0.9835478,-0.18999305,3.0444827,0.26545554,1.3214587,0.89712065,1.678467,0.5545837,-0.32299906,-0.1097961,-0.88201064,-2.4561405,-0.47669786,-0.69821787,-2.5360544,1.6277596,0.9337629,-0.04074143,-0.6738181,-1.5005466,2.411546,2.252047,0.50753105,-1.1736335,0.88857865,1.2187885,-1.6207498,0.40213665,0.68372536,0.8672331,-0.10114465,-0.38186195,-1.0116014,3.0998242,2.6742907,0.85534024,1.3631153,-0.24763145,2.5524483,-3.2289174,0.11283241,2.2619023,-0.36356208
BC-3C,0.22786918,0.19899723,0.098397076,0.4138603,-1.5154135,0.028984938,-0.2165384,-1.26259,0.3433644,-0.21703291,-1.0890517,-0.06911136,-0.48939806,0.9712479,-0.5957005,0.07301704,-1.1969429,0.5285795,-0.8352918,-0.34776393,-0.1673018,-0.26497436,0.37834775,-2.0352128,-0.49203286,0.3697367,-0.38756645,-0.40699527,0.3480572,-0.9446379,1.3693053,0.77631444,0.07702715,-0.5628901,-0.08824204,-0.24324375,0.8305292,0.42580727,-0.6073457,-0.39402425,-0.22715247,0.08964077,0.29361713,0.31492916,0.22334465,-0.04593201,-0.22025205,0.10606783,0.19879961,-0.3124236,0.97620785,0.32410872,-1.1115346,-0.16217867,1.3023499,-0.8383466,0.10473613,0.45355943,-0.87970465,-0.23255475,-0.28231144,-0.8148578,0.5150429,0.046186645,0.6283449,0.01685904,0.92203736
Panc 08.13,0.6327093,2.101205,0.12388374,-0.25139314,1.4367123,-0.0014170785,0.013249222,-0.95965433,-0.51498467,0.6974461,0.32065395,0.8509714,-0.697722,-0.95997363,2.2478766,-0.6822353,-0.4420976,0.7857692,-0.3231943,-0.19729999,0.5347207,-0.27799964,-0.6927808,0.84084076,1.4750854,0.23240793,-0.22902623,-1.007279,-1.5624242,0.4449523,-0.2263805,0.4748898,0.070829056,0.14787035,-0.533376,-0.6182091,0.34320197,-1.5661962,0.4201889,0.52877206,0.5277752,-0.26480225,0.5394345,-1.0747874,0.47156158,-1.0457969,-0.2845924,-0.19906245,1.4895716,-1.1276389,-0.25130904,0.6847164,1.3960034,1.8103459,0.47789085,0.29299092,0.51519006,-0.8595601,0.03457564,-0.13146155,-1.8221003,-1.1327646,-1.9812715,-0.09204983,-1.933211,-0.12361914,-0.23379393
UACC-893,-2.5335405,-0.9503066,-1.3684549,-1.7313372,3.5269377,2.3802695,1.5652891,0.29968786,-3.302989,-0.37719208,4.545448,-0.14195707,0.27966973,-0.25323728,-1.8842041,-1.702234,2.9578304,-1.2891048,0.3554243,2.301076,-1.5718112,1.1430886,3.987451,6.6340437,1.4867713,0.6484712,-0.90897775,-3.7621896,-3.0633433,0.6630349,-0.0855013,0.000487715,-1.1062176,-1.7625039,3.1091821,-1.7464012,-1.614492,0.14171231,-0.7351201,-1.6499919,1.3432537,0.58005965,1.7811196,-1.3796278,0.9475447,-1.0259261,0.72451305,-1.5050113,-1.4688805,3.3045561,-3.2356925,0.115414456,1.8415198,-1.7034693,-2.3173552,0.96542394,3.0391796,-0.4714253,2.3201551,0.007966459,-0.86321676,-0.43942252,-1.9732008,1.0381316,-0.24379984,-0.540227,-3.2711408
JHH-5,-2.499855,-2.1497312,-1.8553942,2.9473805,1.9657414,2.5416234,3.0011551,5.0598187,-1.1528485,-2.8622518,0.8827828,-3.1575563,-0.47737777,-1.2720871,-0.3997896,0.23175856,3.1979082,-3.5532765,5.1107674,2.3276713,-4.893091,1.536361,2.3427117,4.006744,3.0126693,2.6419601,0.66601205,1.4803987,1.4477205,2.7932298,-1.9795192,-2.0894449,0.6592998,-0.87412566,3.3764606,1.1936413,0.35462686,1.3360281,2.3525562,-5.093275,0.041998148,-1.6770658,0.8819436,1.4223604,-0.9751143,1.4950148,-0.41161835,-0.7571768,2.7747602,-0.6665429,0.747701,0.035176262,1.6661677,1.6193202,-4.873088,-0.3150264,-2.1213899,-1.2677715,-1.8750807,-0.77476966,-3.717255,1.5567341,-1.9938443,-2.4950619,1.0867183,-0.66440916,-4.643113
NCI-H2452,0.7139448,1.2303262,1.1948763,0.44830242,1.6930013,-0.28570724,2.4590006,1.0617195,-0.070001364,-0.7390117,0.75972116,-0.78021175,-1.1636528,-1.521703,0.9182075,0.06579262,0.68748665,0.14480267,-0.02940698,-0.54682183,-0.2665322,-0.60124487,0.3650334,1.8427904,0.64176905,1.8539737,1.0171587,0.6359394,-1.0380551,1.4799547,-1.3793237,-2.5109255,0.5588306,0.117560714,-0.094075084,0.41660407,1.1915523,0.1687724,0.3975765,-0.4406455,0.42632645,-0.40980113,0.6398241,1.737685,-0.7775562,0.46115965,-0.96372694,2.53948,-0.14959893,0.15756355,0.37482142,-0.44925347,0.5752932,-0.27103806,0.11267201,-0.19860049,0.6864164,-2.782896,-0.23210114,0.111735374,-0.82008916,1.2850376,0.22425857,1.6179212,-1.3101927,0.043186456,-1.5423096
DAN-G,-2.2231154,-0.27303067,-0.43394795,5.300033,1.5244225,0.20257387,0.9279563,4.591656,-0.02553045,-0.17808639,1.0936263,-1.0247825,-0.653346,-0.7504489,-1.0868253,2.35691,1.3029032,-3.1578844,0.07043497,1.8549666,0.22925542,-1.4967142,2.1667564,1.6934074,-0.10517962,-0.2624869,0.083246596,1.3174036,-1.9110208,-2.5840466,-3.1699095,-3.5240319,-0.04980296,-0.6742393,-1.7413446,3.324275,-2.5506654,-0.64116615,-1.6640232,-1.4387693,0.5175089,-0.27010506,0.591121,0.29508162,-1.3498912,0.9840965,-1.8022473,0.14151175,-1.5317826,-0.7732925,1.355628,-2.1555064,-0.707354,-0.2827244,-4.1250887,-1.457698,-0.10307307,-1.5910941,-2.3032815,-1.6000873,0.40677527,2.2880564,1.8032045,0.011947975,0.3219782,-1.0500441,-0.07273762
COV362,-0.5997534,-0.13385496,0.23759636,0.873695,-1.868712,-0.31249467,-0.34713832,-0.7503376,0.8603094,0.70355713,-1.1915379,-0.5188522,-0.42975906,1.037319,-0.08851437,0.3215575,-0.4432838,0.27008507,-1.0035852,-0.96696156,-0.33761057,0.23020658,0.87180305,-1.486129,-1.0245086,0.73321164,-0.39161766,-0.90951633,-0.11176053,-0.90288687,0.95367384,-0.28078908,-1.1009598,-1.3340883,-1.2940054,0.11277122,0.731802,-0.9040958,-1.254691,0.7295146,-0.6764845,0.5746138,0.11726375,0.49740005,0.66091317,0.31716216,-0.021710575,-0.34222034,-0.42478445,-0.76390314,0.4704733,0.5671804,-1.0700223,0.51748025,0.9334411,-1.3205525,-0.033973753,-0.24090755,-1.3171699,0.29315278,-0.30405772,-0.78792024,0.84361535,0.29926527,0.4937617,0.3285017,-0.12342074
NCI-H1703,-0.87985206,0.13424411,1.1299117,2.61396,-1.3819469,-0.32253295,-1.8172381,-0.05005296,0.8520271,-1.1843007,-0.8195116,0.18486336,-0.43719548,0.007813071,0.12980834,0.96160245,0.79232144,-0.3798442,-1.0728617,0.8758575,0.12879385,0.6988199,0.7289742,-1.1856517,0.2308428,2.2590535,-1.4949769,-0.5120565,0.4938562,-0.96451557,-0.3729352,-0.63388073,-0.156248,0.84695566,-1.7954332,0.78563744,-1.3433695,-1.3802919,0.052404385,0.30693924,-0.1709208,0.768645,0.7898464,-0.34100088,0.7467206,-0.16207069,-1.9808011,0.979177,0.18531954,-1.3474405,0.6822913,0.07165107,-0.46667865,1.309912,-0.10138735,0.14027083,-2.5160956,-1.173221,-1.4294305,0.12749851,-1.482198,1.1802527,-1.0818478,1.8615327,0.6195506,-1.9163079,-0.06576224
Rh30,-0.3647802,-2.0061717,-2.858627,-1.9020536,1.6059282,0.4931313,2.132797,2.9593062,-0.9662894,0.019314574,1.0895338,-2.4124641,1.2469776,-1.0937519,0.0723667,-1.0361934,0.77590084,-1.4217423,3.2072377,1.053304,-2.3919728,0.16502382,0.43280602,3.5993288,0.49945438,0.84676325,0.90023416,2.4562957,0.9648775,1.5927081,-1.2336037,-2.0741067,-0.12209399,0.22112407,1.0313845,-1.0935388,0.558369,0.5378092,1.122263,-2.277904,-1.4640386,-1.2310473,-1.352241,1.7641218,0.40768725,0.6323291,-0.20306821,-0.32568765,0.71625644,-0.897613,-0.42626485,-1.0249116,0.51861703,0.6622147,-1.739895,3.057573,-1.3545978,-1.5534501,-0.4387177,1.5496413,-0.094501935,1.8215486,-0.29665804,-2.6402361,0.6107698,1.4963617,-2.8068945
KALS-1,-0.15142336,1.5839006,-0.2317347,-2.2467723,2.6456914,-0.7237424,-0.63135266,-2.416551,-0.12946327,0.41511697,2.2311914,2.1335886,1.565422,-2.1253304,-0.29469138,-0.7193092,0.38626054,1.4454136,-0.83480513,0.032946825,2.6174538,0.2691616,-1.1771888,1.2518439,-0.076271296,-2.5895967,-1.2848151,-2.0116465,-0.3342402,0.18808007,-0.5766976,1.7797564,0.045400295,1.9661703,-0.8186557,-0.10414741,-1.5364271,-0.090887144,-0.7924112,2.8569686,0.75252664,0.6506961,-0.32782492,-1.7381306,0.69585335,-2.073046,1.5664485,-0.4726533,-0.53830606,-0.82106036,-2.272679,-0.6171427,1.033813,-1.1140438,-0.10005148,1.9807816,-0.6784891,1.1341057,2.669914,-0.31748,0.77227527,-0.65187615,0.086518005,1.5387175,-2.4623592,-0.83018315,1.3655996
HCC1897,0.55312794,0.03920923,-0.07411006,0.3265878,-1.4986097,-0.01966727,-0.5743126,-1.5415941,0.25331298,0.26796716,-1.0359337,0.002598159,-0.47024342,1.1643615,-0.3734859,0.044265464,-0.7611007,0.3960681,-0.9634202,-0.24846058,-0.28855693,-0.727713,0.5170023,-1.9790432,-1.2708026,0.44207555,0.1393739,-0.85645807,0.37491816,-0.46549544,1.1497811,0.58846116,0.0042855814,-0.37506366,-0.059020348,-0.1518825,0.96137387,0.496277,-0.5285368,0.16603312,-0.10174938,0.44507796,0.28476304,0.10744487,0.26970398,-0.17307499,-0.26953802,0.014365425,-0.36786142,1.6914849,0.84591377,-0.003241554,-1.1337197,-0.285085,1.0631816,-0.98614013,0.33237693,0.62261784,-0.8221743,-0.34445313,-0.8498961,-0.6135523,0.6105052,0.083299994,0.091736645,-0.05919008,0.77594626
KCL-22,-0.3564338,0.16464897,0.62258446,0.16528848,-1.7920996,-0.041541286,-0.7431643,-0.7933333,0.18165556,-0.16021599,-1.3873649,0.053456895,-0.87804276,0.5427593,-0.46658343,0.49748218,-0.9687047,0.18133149,-0.45091388,-0.7778012,-0.53710485,-0.27182698,0.101128444,-2.1370885,-0.44009998,0.14417389,-0.01903662,-0.73151946,0.65517485,-0.58089536,1.8214103,1.1531575,0.3085922,-0.45530772,-0.8968737,0.18083918,1.360434,-0.16207977,-0.6240399,-0.4284411,-0.4348229,-0.14204171,0.13658156,0.39778292,0.21375453,-0.11914173,-0.5267062,-0.23945233,-0.4910823,0.32258794,0.93049246,0.73089415,-0.97931063,0.6131712,1.22652,-1.5652297,0.0424575,0.71720356,-0.3175081,-0.15032145,-0.2809366,-0.9631708,0.7335743,-0.18885414,0.22052333,-0.023740144,0.55243176
NCI-H446,0.4217236,-0.09146484,-2.9874537,-2.6300924,0.77367735,-0.27745038,-1.2842633,-1.0509915,0.40133393,0.46520954,-0.40544206,-1.5098907,1.9576839,-2.2761073,2.753878,-0.9270357,0.21930863,-0.053523898,0.1601637,-1.2867278,-1.1801307,-0.19694196,-0.84687966,-1.0448769,-0.36838767,-0.44815898,1.428165,1.5722208,1.5040787,2.0327957,0.9157355,0.49065402,0.33780593,-0.130322,-0.94141203,-3.3991182,0.35517377,-2.0392928,-1.0844562,0.61095333,0.45804664,-0.7315477,-0.5756489,-0.47062653,2.1197577,0.31784883,1.0100156,-2.1151512,2.3290462,0.25391224,-1.1992323,0.31899583,1.6879689,2.4426718,1.0379226,1.3225231,-0.011269301,2.4667685,1.9369438,-0.023265176,0.91219974,-0.3982395,0.1870252,-2.358509,-0.9118261,1.1355008,-0.6432061
Karpas-422,1.4455522,0.5724821,0.3273858,0.2949724,-0.53917813,0.111676194,-0.4106168,-2.2789662,-0.077266045,0.6353819,-0.74047375,0.69477725,0.16147485,0.71089864,-0.28587627,-0.7108569,0.20004809,0.45900783,-1.2061678,-0.3279519,0.062170718,-0.40846455,0.43740427,-1.3067381,-0.63241875,-0.010940099,-0.39285034,-0.5015385,-0.18719739,-0.49756813,0.28101113,0.27346098,-0.47232327,-0.81898916,0.70271933,-0.09144311,0.4544341,-0.038765535,-0.20516878,0.9243415,0.30992046,0.53495514,0.30826324,-0.16583392,0.1533881,0.39386266,0.5874511,0.029191881,-0.08950338,-0.41706768,-0.05521999,-0.16405265,-0.7095408,-1.2734804,1.0805982,-0.35438898,0.8651083,0.68572795,-0.83055174,-0.711561,-0.8470357,-0.72250074,-0.24074325,0.6813646,-0.14291051,-0.52553463,0.87526053
BFTC-909,-0.5041189,-0.46465835,-2.913239,-1.2691765,2.9541197,-1.1411244,0.6856546,2.1157246,-0.5903288,0.42732254,2.4683652,1.2540598,0.18763605,-0.42051804,1.0488605,0.26091412,-0.7849046,-0.27128214,1.8161554,1.6583754,0.92849904,-0.5998239,-0.4431317,1.6159698,-0.2826333,-1.6869514,-0.32137543,2.1449244,0.6278666,0.5757327,-0.7577854,-1.4984156,1.1709098,2.1156502,-1.8470292,-0.7760863,-1.105832,-1.5489892,0.33595398,0.8508672,0.40583187,-0.50599515,0.119549245,-0.96358603,1.2242948,-1.9927815,-0.7556473,-0.85012466,2.0603316,-2.4438665,-0.64559335,-1.4380136,0.61157703,3.3504288,-2.1605282,2.7039201,-1.7068603,-1.0873133,1.3373927,0.9460599,0.7633739,0.8996359,-0.8370346,-1.9722028,0.31040594,0.5926096,-0.3623674
NCI-H650,0.09760753,-0.4126954,1.9410417,0.55351746,-0.23002294,-1.3578633,1.1068329,1.6917716,-0.027142229,-0.29833972,1.7580315,1.9282331,-1.202597,-0.052516595,1.2907947,1.5915686,-0.38247773,0.47869986,-0.78099304,-1.0765343,2.0857608,0.28549913,-0.35179234,0.38255966,1.8574734,-1.2889895,-1.447181,0.15581009,-1.1704274,0.5585149,-0.8353721,1.0514638,0.7550648,0.020297587,-3.2487252,0.35211504,-0.56838024,-0.7359261,-0.1861231,0.07413139,-1.5210012,-1.9132007,-0.17373402,-0.048489705,-1.8722389,-0.1471634,-1.4933376,2.6973355,-0.6939953,-1.7867968,-0.77900934,0.93398756,-0.52063215,4.2992344,-0.39242822,0.061582256,-0.18367308,-2.124653,0.8271517,1.2436358,2.4778552,0.40991536,1.4016752,2.6934543,0.049193583,-1.4826297,-0.63835627
RL95-2,0.54248583,1.2918335,-0.39965838,0.44584233,-0.75929916,-0.51089084,-0.13841334,-1.4519964,0.10808356,1.479491,-0.7140878,1.0994139,-1.9151,0.16042873,1.0195706,1.225521,-0.8893294,1.5460072,-0.45677,-1.4481332,0.870489,0.65969276,0.8283509,-2.0458672,0.15057078,-0.76681304,0.7294343,-2.1186492,0.26320258,0.3516551,1.8745708,0.8036764,-0.24711308,-0.6763571,-0.7303153,1.0373518,1.3430295,0.092484385,-0.6016012,1.1175528,1.6337895,2.363029,0.77948844,-1.3449198,1.024314,0.3143986,1.1105181,-1.3617315,-0.7625315,1.5275817,-0.7130665,0.37095785,-1.4159073,-0.52161807,0.23912525,-1.9777118,1.9992664,0.8341005,0.87586015,0.09018347,-0.042328507,-0.8567102,2.2097251,1.429938,-0.09542521,-0.40273276,0.34154037
YKG-1,0.9658215,0.38912785,-0.5183843,-0.37397915,3.3326778,-0.4035237,3.0497537,0.19133358,-0.80366653,0.42808652,2.4280448,1.2878581,-0.6470392,-1.2094057,0.26284745,-0.531696,0.7016858,0.7366111,0.9197306,0.31240037,1.2710907,-0.10707589,0.25916618,3.286728,1.1795858,-1.2042803,-0.76593447,-0.3610897,-1.2458823,1.4391392,-1.9258052,-0.91668534,0.61916906,0.9900855,-0.28290495,0.8893436,-0.29137164,0.5176011,0.9453196,-0.15276286,0.22549328,-0.2449093,0.52989835,0.56633043,-0.66316533,-1.6281223,0.34369043,1.4690316,-0.49536186,-1.9085685,-0.8406102,-0.6980039,1.0098919,0.053397447,-1.1984181,1.5734819,0.1744245,-2.2680273,0.6685421,-0.07593152,-0.484723,0.27480164,-0.84628904,2.4085183,-1.550509,-1.241543,-0.7492532
KU-19-19,0.62806344,0.13508146,0.19958477,0.22748129,-0.70803857,0.15193488,-0.24217743,-2.1502519,-0.11358483,0.3611909,-0.916996,0.54102325,-0.07984365,1.3220663,-0.29064798,-0.5729851,-0.04556486,0.2561692,-1.2404062,-0.38499403,-0.21518138,-0.28323978,0.47034603,-0.84840333,-0.36247957,-0.018385526,0.22490601,-0.8115568,-0.23787269,-0.10238664,0.15655193,1.2402996,-0.3375007,-0.20901299,0.57803464,0.14841996,0.6525146,0.49538347,0.16314791,0.13040951,0.09361129,0.83220494,0.41093376,-0.11526723,-0.37345243,-0.046674877,0.37672403,0.25843844,-0.602807,-0.6465948,-0.06601565,-0.2952875,-0.7290016,-1.0682095,1.3176997,-0.5110906,1.2996817,0.9376444,-0.71028596,-0.7366669,-0.45707032,-0.327609,-0.07582323,0.78518176,-0.33600846,-0.78730476,0.52718776
SW403,0.17034885,1.6182995,-0.30833143,-1.2136649,3.6031656,1.1424786,1.816966,-1.250505,-0.2825636,-0.58668053,1.1755732,-0.43199635,-0.25258824,-2.7239394,-0.662886,-1.2857888,1.323724,0.6119712,0.7708345,0.28693488,-0.6031004,0.64375913,0.44565278,3.8783553,1.1486998,1.2502996,-0.03626086,-2.194576,-1.2624376,2.3074722,-0.9771509,-0.88622767,-0.28907287,0.09723528,2.9203742,0.3880391,0.31556937,-0.040340513,0.8471586,-0.020500008,1.2962326,0.8117785,0.8043337,0.5631264,0.21511196,-1.7988198,1.9541909,1.1350698,-0.120037645,-0.056893438,-1.0245275,-0.34171695,2.4384577,-3.351284,-0.7887425,0.9328323,-0.21955629,-0.71845543,0.4311719,-1.0381559,-2.8767192,-0.5291236,-0.7089216,1.2599334,-2.6217496,-0.14044297,-1.8030359
KS-1 [Human glioblastoma],-1.5479927,0.84714353,1.0947112,-0.06479551,-0.78608817,0.2879679,-0.20094883,1.1663526,0.33738956,0.93190324,-1.6801121,-0.4672658,-0.6963886,0.94572234,-0.4777676,0.6752241,-2.2298532,0.5681101,0.010022989,-0.2750463,0.031214744,-0.7854885,-0.7052622,0.6699125,-0.6701563,0.9257209,0.74335,-1.23331,-1.1647904,-1.7331281,0.42513362,-0.072288655,-0.5118093,-0.7989677,-0.5839066,-0.06626933,1.2148085,-0.8272354,-0.92041445,1.3663449,-0.4998555,-0.08499253,0.1132756,1.0899187,-0.39308462,-0.41428617,-1.0400026,0.74592686,-0.6139038,1.4087156,1.0724573,0.017775137,-0.09405637,-0.060899235,0.48589143,-0.7999504,0.33672112,-0.47058278,-1.6805677,0.824536,-1.058404,-1.3190185,0.16757335,-2.2053013,-0.9601384,2.391896,-0.63865256
KMRC-1,-1.5874689,1.673921,1.1724653,-1.1072137,-0.5279824,-0.2815019,-0.8118293,0.51233506,-0.8668307,0.39027196,-0.619747,1.2051208,-0.8618453,0.19012575,0.9379385,1.4044211,-1.0534414,0.65948516,-0.67981476,0.5617777,0.46324793,0.71233743,-0.8272283,0.66309255,2.2189012,2.1063485,-0.9633335,-1.7299119,-0.8572418,0.20683269,0.8653704,0.15249595,0.1103743,0.25948107,-0.542642,0.05608383,0.10406193,-0.28081453,0.726128,0.9250137,1.2904289,0.29301754,1.5823634,-0.53403616,0.10119458,-0.9911158,-1.6515396,1.0418118,-1.4228632,1.1924864,0.38540184,-0.12238212,-0.0526983,0.17497914,0.88114756,-0.14124086,0.3504419,-1.7583063,0.19228071,1.7853612,-0.97410744,0.56273043,-0.50074583,0.89683306,-0.06236103,-0.25176436,-1.0250758
NU-DHL-1,-0.74055237,-0.11942594,-2.8504555,-2.4998865,2.5658126,0.81906354,1.7499363,1.3176974,-1.2127362,0.9095316,1.1528236,1.8133868,0.26267505,-0.7153027,0.18528125,-0.56880414,-0.30754358,-0.92720556,1.7288156,1.2882473,-0.7176129,-0.106778815,-0.9492754,3.4615593,2.075194,-0.91072613,-1.7748197,-0.1028727,-0.9731415,0.8421884,-1.6093526,0.27797502,1.5107976,0.8958681,0.21579531,-0.48461604,-0.70598865,-1.932909,1.4220877,0.35086095,0.2916582,-0.772544,0.6188638,-0.7216843,0.17103142,-4.0094852,0.6243906,0.5364713,2.2125015,-1.9702388,0.19425249,-1.1116669,0.878078,2.0028918,-1.420535,3.3002641,-0.88661754,-0.6660012,-0.022531837,-0.83876634,-1.6163875,-0.48444942,-2.100893,-2.3025382,-0.9901615,0.16010226,-1.3843554
CAS-1,0.9490255,-2.3707614,-3.46913,0.021553388,3.337956,-0.5582628,2.9991138,3.1505315,-0.10770625,0.074771,2.3215828,-1.4107617,1.4654715,-0.299199,-0.09815504,-0.5832463,0.6069125,-1.5683775,3.7757435,1.137558,-0.37383288,-0.25665593,-0.011758491,2.8911798,-0.5057763,-0.90935886,0.8819707,4.1593866,1.2102458,1.2902858,-3.5910413,-3.2274575,-0.4097747,1.8415856,-0.44249535,0.78150356,-0.3768759,0.80242795,1.6173948,-0.353546,-2.2943313,-1.7429562,-1.7626482,1.5361865,-0.6593943,0.5713924,0.25556797,-0.093046255,1.0773649,-1.2664623,-0.4003967,-1.3891114,0.37028345,0.48900074,-2.902025,3.4067588,-0.88397133,-2.2708073,-0.6130787,1.8092784,1.927647,3.0897572,-1.0182457,-0.47369376,0.7126679,0.81900316,-1.2107115
SW620,-0.23767139,0.5064888,0.38815495,1.0188901,1.730226,-0.5281784,-1.03727,0.2643437,1.6988822,-0.94053185,1.3677014,0.09131836,0.0721602,-1.5679653,-0.30651593,0.28655994,0.6929107,0.022526179,0.9645072,1.1496317,0.80015475,1.3036433,-0.6723161,1.7932361,-0.13090861,-0.2197626,-1.5415034,-0.7784198,0.827134,0.7752299,-1.322057,-0.9411196,0.19056548,2.660377,0.22187236,1.2328186,-1.3164675,-0.8274954,0.67674947,1.1827064,0.21324027,0.42464897,-0.19422954,-0.28888264,0.44608915,-1.0281992,-0.4757179,0.4059534,1.2972907,-2.047882,-0.7341474,-0.2909065,1.8382697,0.23413318,-1.7436886,0.88946605,-3.4497705,-1.3363383,0.42069766,-0.18170431,-1.0713239,0.72086895,-1.4382265,0.4745757,-0.24442539,-0.5932163,-0.1536679
RPMI-8402,-2.690468,-2.539408,-5.0091615,-3.6558573,0.64589953,1.1906443,4.759344,4.424505,-2.7217274,1.7089493,0.53677267,-2.509393,1.3090193,-2.3672242,0.22671223,0.8707881,1.0313264,-4.0257225,3.799274,-0.79688483,-3.3975177,-1.8191881,-0.9389497,2.3027222,3.354001,-1.9427572,-1.8703042,3.7069225,-0.70504063,0.57924545,-1.8821348,-1.153601,0.42157948,-1.8825605,-3.2126508,0.46145946,0.32834646,-3.9822474,-0.39381096,-2.0959249,-2.8968792,-2.763515,-1.1128495,2.6615524,-1.7694211,-4.604898,0.95309645,-1.321973,1.1416972,-0.7983248,2.6947672,-0.75845414,-0.9860817,3.0918024,-0.6489866,4.7089953,0.5023247,0.53263617,-2.1405556,-0.5520987,2.086132,-0.6184975,2.3478553,-2.5286322,-1.119549,1.4367577,-3.148233
MDA-MB-453,3.7992113,1.0557054,-0.051189814,-0.25284812,-0.004868865,-0.80505335,-1.6972752,-1.2537155,0.4424339,-0.0127007365,0.17120239,2.5314493,-1.7308208,1.1988806,0.7971334,0.546087,-0.81713015,0.4463047,-0.64737195,-0.18870059,1.0611413,-0.9519632,-0.41752166,-2.0425568,-0.92996496,-1.7628293,1.0408828,0.75143063,0.8360246,-0.4402158,1.549363,1.8142111,2.2256165,0.9482206,2.1093774,-1.2526804,-0.24739881,-0.49623394,0.45752403,-0.23652193,2.8303232,-0.32545173,0.9033725,-2.1928043,1.027393,-0.09996852,-1.6698031,0.42037207,3.1543112,-0.6724793,0.13798016,-0.5006001,-0.9110447,1.9151186,0.37083,-1.164458,-0.21719491,1.8568208,2.7003288,-2.2995913,-0.4859348,-0.33325073,-1.8391762,-3.8208122,1.1000137,0.06544982,1.9434254
G-401,0.311376,0.17354621,0.14504471,0.45603624,-1.2766206,-0.11028658,-0.12778203,-1.5627446,0.32111868,0.04237291,-1.0375496,0.028010614,-0.42471227,1.1375176,-0.30620113,-0.014081508,-0.63686347,0.19304419,-0.9382597,-0.2283787,-0.31699258,-0.41654336,0.5096561,-1.8288424,-1.1274347,0.4938496,0.23487452,-0.43253264,0.58014256,-0.5007574,0.9212864,0.5886158,0.071631655,-0.49357787,-0.12622099,0.0966493,1.0793312,-0.17360651,-0.51665163,-0.04056692,-0.10159111,-0.07329464,0.1848131,0.26199523,0.17055157,0.20517364,-0.58724344,0.09265146,0.09434342,0.6206757,0.728936,0.23786855,-0.996205,-0.324847,1.2519912,-1.0671979,0.6831015,0.58039045,-0.9988384,-0.3806915,-0.66558963,-0.47841606,0.3898608,0.043499947,-0.033310317,-0.08608869,0.75693506
SW1417,-0.06450446,0.21351859,-0.63413143,-1.1933386,2.572655,-0.526464,3.5271783,3.367131,-0.116740204,0.119325355,1.694714,-1.8689005,1.1783674,-2.5995517,-0.7727121,-1.3933052,0.77811086,-0.76233405,2.604469,1.4555582,0.04807677,0.4203139,-0.43288597,2.1701314,0.08920299,0.7507112,0.8402981,2.022513,-0.33277425,0.64630705,-2.0753317,-4.1419272,-1.5456423,-0.1059469,1.9608951,0.94779015,-0.76358074,1.6845272,0.92670715,-0.7738844,-0.53911483,0.17859724,-2.0933034,-0.08625859,0.29376674,1.1040158,0.19310203,-0.44390693,1.1583836,1.9867005,0.72995186,-0.3885821,1.2872591,-2.9487557,-1.7954872,3.044911,0.6785984,-2.93251,-0.34645954,1.0723501,0.54594696,0.4930201,0.62130475,1.2803797,0.83582413,3.1941981,-0.1891581
SW1990,-0.5760452,1.0885513,-0.36513865,-0.10256107,1.3954918,1.1762491,-0.28043556,0.061622728,-0.18630728,-0.26520348,-0.73303324,-0.475111,-1.186924,-0.6595615,1.3605559,-0.07954607,0.17582288,0.07074922,-0.1402703,-0.28327984,-1.2160327,-0.3235326,0.5989301,1.5760376,0.19880301,1.4474641,1.3818161,-1.5262284,0.13209593,1.4354997,0.85623354,0.35508215,1.2040185,-0.06836215,0.8381786,-1.0236751,1.7089367,-1.0013673,-0.073345676,0.21104875,1.8383164,0.7478913,1.7528362,0.7603833,0.8745223,-0.24718747,0.007833224,0.35530248,0.53548557,0.82057834,-0.55536896,-1.2330275,0.27941245,0.5324952,-0.13282134,-1.3467202,-0.2368016,0.16530657,0.72561216,-0.9355916,-2.7654243,-0.1069331,-0.9146149,-1.794882,-1.5399067,-0.11559394,-2.2673502
PE/CA-PJ15,0.6638908,0.032383695,0.547292,0.111532606,-1.8092451,0.06399559,-0.7231534,-0.75393325,0.3582884,0.14024372,-0.98618704,0.35663486,-0.5940634,1.353792,-0.29406443,-0.07835079,-0.28655532,0.13219985,-1.1381094,-0.5865399,-0.4431929,-0.06975666,0.082996175,-1.7216749,-0.040653173,0.3439978,-0.6949216,-0.055092737,-0.40911424,-0.76597804,0.85404116,0.7211907,-0.47058025,-0.9114029,0.2153649,-0.055287495,0.09289612,-0.44685215,-0.22127153,-0.4747836,-0.18404914,0.08611173,0.3267457,-0.33865398,0.22163418,0.7396991,-0.23757923,0.31370166,0.30604798,-0.0895699,0.77197653,0.7126397,-0.9342307,-0.03801775,1.370656,-0.8513991,0.35989124,0.62059057,-0.20514894,-0.26889586,0.14456074,-0.6933816,0.3475982,-0.31562686,0.9342139,0.0598675,0.5472157
SW480,0.10301642,0.53318924,0.72046757,2.5531056,1.1668891,-0.20832902,0.05929053,-0.69514626,0.6835309,-0.28055355,1.2221143,-1.606921,1.3624215,-1.2920847,0.12165564,-1.1359296,1.9292852,0.29344708,1.0340452,0.5722195,0.8095084,1.1345911,0.3624739,1.1704098,-0.03904958,0.0032188885,0.042955913,0.026603818,-0.83190084,0.38242996,-2.3053932,-1.8123451,-2.7812178,0.4161082,-0.20036246,1.4488008,-0.68776083,0.4446792,0.96844685,0.5416645,-1.9248874,0.29372612,-1.580536,0.053762365,-0.15252964,1.2911961,0.9323894,-1.2206483,0.24633363,-2.2382448,-1.5333565,1.5516798,1.7948983,-1.1172131,-0.95823324,0.74336356,-0.7007969,-2.110302,-0.7582508,1.1085413,0.23502588,0.54227096,-1.0857897,3.154314,-0.66206694,-0.11851714,-0.12496936
NCI-H2170,-1.1618714,0.12742175,-1.2189033,-0.67462933,1.6901424,-0.1399995,0.9350806,1.4234492,-0.32153672,0.35299575,1.078644,0.12044798,0.6904101,-0.739222,0.2932128,-0.0179096,-0.30767483,-0.6810575,0.5850113,0.34608823,0.28296053,-0.43611008,-0.33843818,1.2985672,-0.014725074,-0.77882695,0.41934073,0.7685188,-0.58394724,-0.5671201,-1.2185599,-0.89257574,0.05873035,0.078114085,-1.2648343,-0.26442063,-0.72524047,-0.70755994,-0.99141,0.7286813,-0.056066073,-0.8141897,-0.24991381,-0.40055948,0.058592364,-0.8153987,0.26231062,-0.26993725,-0.3712922,-0.2979901,-0.046005916,-0.82730687,0.4291641,0.7092437,-1.2088706,1.2825181,-0.043578893,-0.0619752,-0.06983405,0.027699906,0.34672898,-0.39749143,0.19595073,-0.92575514,-0.91582614,0.83194155,-0.105053306
MFE-296,1.046805,0.82837236,0.91330594,0.31208685,-0.38638467,-0.062293254,-0.047669344,-1.7615609,0.018343568,0.55799305,-0.62918186,1.0321018,-0.5715583,0.7197645,-0.08500633,-0.29094967,-0.70389324,0.8355721,-0.9253905,-0.4916834,0.838503,0.07888807,0.38023815,-1.2165678,-0.7712847,-0.68000484,-0.6167096,-1.3602319,-0.026113473,0.020506158,0.7968602,1.1591313,0.013431303,-0.29063472,0.42922598,0.3372165,0.5578531,0.4424125,-0.05000081,0.3718273,0.51478595,0.7397522,0.3503828,-0.5512274,-0.083686054,-0.02664608,0.4828177,-0.25358447,-0.5839455,-0.44863057,-0.2653579,0.113878354,-0.69779253,-0.87200063,0.8818858,-1.1954235,1.2936078,0.63817364,0.040930845,-0.84301466,-0.656062,-0.8970176,0.47481197,0.9212183,-0.14500701,-0.65305054,0.88876265
HuNS1,-1.3224934,0.109814905,1.3180385,-0.48497868,-1.6644595,-0.23498107,-1.8452117,1.8747684,0.12120341,-0.35921073,-0.9546713,0.6007717,-1.8665388,1.2945858,0.7583174,1.6964567,-1.448982,0.36546695,-0.6427147,-0.047562823,-0.21857814,-0.0069012865,-0.56575257,-0.082026936,0.87465316,2.012291,-0.6311791,-0.60223544,-0.0024013887,-1.0641778,1.1428378,0.50912035,0.8472243,0.18062234,-1.3741515,-0.6764004,0.4841498,-1.0569563,0.27591687,0.6136947,0.5273255,-0.75217193,1.4149286,0.6048215,0.0158894,-0.57993287,-3.3935657,1.5181202,-0.27118754,1.0227662,0.9814862,0.029274385,-0.53911567,2.5025597,1.5539805,-0.83420527,-0.36434674,-1.2108419,-0.19699204,1.6505129,-0.23557758,1.137024,-0.92352396,-0.91705084,1.1642015,0.24025607,-1.3628947
SNU-1214,-0.6797966,-2.0707023,-3.4317489,-0.4746513,2.3970265,0.22794025,-0.50335455,0.5401374,0.5661186,-0.24032916,0.30405653,-2.707349,2.58915,-0.35848945,1.3175424,-1.0522814,0.5799338,-1.2028694,2.373971,0.5299402,-1.1122872,-0.13724697,0.15502176,0.5119923,-2.7709138,-0.85118484,3.5399954,2.9825602,3.7556562,1.5282961,-1.0379555,-2.74581,-0.54559386,1.3255366,-0.6250859,-2.3252923,0.39172667,0.13410139,-0.98922837,1.3142778,-0.33651662,0.20783718,-1.9843805,0.83356875,1.7120054,2.3267324,1.9861311,-3.1382263,1.3392562,-0.43153834,-2.1133258,-1.6478769,1.4435234,-0.01037051,-2.123568,1.2867072,-1.5609046,2.1560206,1.1517677,1.1862532,1.3553755,1.8947992,-0.26824647,-2.1349568,0.20712517,1.0503094,-0.40601712
SNU-503,-0.030639738,0.30717686,0.34908444,0.5322981,-1.4478022,0.0010290891,-0.37368596,-1.3924346,0.33835623,0.3565753,-1.0913032,0.123666964,-0.8185904,1.0493938,-0.021565177,0.3482176,-1.0311997,0.18639281,-0.69050837,-0.7265805,-0.089169934,-0.016514353,0.6355849,-2.1672661,-0.59690106,0.28705317,0.12741545,-0.25162092,0.8017937,-0.6365067,1.5287789,0.6793395,-0.042401824,-0.81274366,-0.22498624,-0.28732234,1.1010743,-0.05656354,-0.43080145,-0.056909382,0.062178135,0.50258124,0.31433856,0.09692784,0.60176533,0.2374215,-0.100562006,-0.342104,-0.0214165,0.2798171,0.59705067,0.4402306,-1.2506868,-0.0494762,1.1227299,-1.3957787,0.25310907,0.6258799,-0.578766,-0.2838587,-0.72885907,-0.7913543,1.3630917,0.3325365,0.27688906,-0.09829765,0.66495395
EFM-19,0.058708563,-0.64511406,-1.6262026,-3.6770892,1.4612987,0.29599354,-1.4701614,0.9424105,-1.3677694,-0.29402095,1.4655999,0.002825901,1.6043789,-1.0818136,-0.48626664,-2.85709,0.40489396,-0.9315483,-0.31608513,1.5996181,-0.34300098,-0.49274483,-0.17162162,1.5760112,-0.18214804,-0.084128045,1.2743183,0.26472774,-0.3691823,-0.038484685,0.955809,0.91608775,0.38238698,-0.37681437,3.1985853,-3.6328888,-1.0273315,0.8802682,0.030559577,-1.3645916,2.1769512,0.01348456,-0.47175542,-1.83943,2.2488885,1.2422646,-0.42014316,-2.045534,1.5640005,3.1805892,-0.8509216,-0.343513,1.6059517,-0.2757318,-0.15129761,1.2414633,2.025616,1.090699,3.7662864,-0.057507213,0.85561705,-0.2873876,-2.0321107,-2.844152,0.8415903,2.162569,-0.0034796554
NCI-H929,-2.44761,0.9249723,0.57322985,-2.4185607,-2.4395106,1.0055281,-1.4354218,-0.5449979,-0.5615699,1.2597479,-2.7684026,-0.47678846,-0.09310745,0.5597473,-0.61849713,1.2860649,-0.89122444,0.6965284,0.25647175,0.4436397,-1.0344082,-0.13087907,-1.6007401,-0.038974218,1.1958312,1.1515534,-0.7633645,-3.087802,-1.0286614,-2.036553,2.1960006,2.7830505,-0.7942291,-1.0194681,0.54815036,-0.42947167,1.3797867,-0.9935019,-0.08719087,1.3944777,0.26261425,0.72125137,1.6252286,-0.118478626,0.5950726,-2.004416,0.11230138,-0.47658172,-0.86265564,1.501943,1.3398637,0.0017195866,-1.2260153,-0.9008401,1.1441174,0.20709608,0.3931189,1.4644012,-1.6058979,0.7355253,-2.7442198,-2.5975242,-0.10636078,-3.3129835,-0.9613671,1.4297874,-0.58591837
NCI-H1648,0.10098403,0.3996679,0.16381097,1.1995543,0.48394877,-0.6285202,-0.18200932,1.4002289,1.5316323,-1.3564043,-1.0113214,-1.4583077,0.5215042,-1.9270074,0.24581295,0.27181867,0.62545055,-1.2126732,-1.8065354,-0.6124004,-0.3671382,-1.2705083,0.31821,0.012780938,-1.8464319,2.1405354,2.4321606,1.7183735,0.41412672,-0.49802092,-1.2909509,-2.377478,0.67300576,-0.30018318,-0.080352314,0.07059806,-0.56338006,-0.3899794,-1.739326,0.61423033,1.5817249,0.42796344,0.8152183,1.1560144,0.0607116,1.3611357,-0.5838932,1.5291655,-0.8782436,1.3636218,1.4778385,-2.3100543,-0.11787002,-1.4827878,0.22305202,-0.94324714,-1.1872088,0.24997464,-0.68037546,-1.4785304,-0.44557834,1.7474831,0.9794408,-1.5852293,-0.5448307,0.49039546,0.14408919
OCI-AML-5,-1.4032271,0.8044865,-0.66783607,-0.32632267,-1.9280716,-0.063975796,-1.6128634,-0.14078967,-0.7186811,0.63604623,-1.6300346,0.4462195,-1.679616,0.9725803,0.6063571,2.1811082,-0.8022226,-0.14577171,-0.6081189,-0.15218763,-0.4297935,0.19485122,0.24764904,-2.080388,0.33588248,0.9834623,-0.91021067,-1.1146766,0.47542173,-0.43657273,2.7780132,1.602036,0.6187947,-0.13073425,-1.3628492,0.22869743,0.7176786,-1.3351936,-1.3624187,0.36886638,1.5178022,0.5138284,1.9047272,-0.7586163,1.2076364,-0.9311522,-1.5562457,-0.9178252,-0.5832666,1.0122399,0.5117395,0.12542467,-1.7056508,1.4126403,1.316984,-1.3247031,1.021171,0.9058933,0.076674774,-0.020113263,-0.9912089,-0.23708668,0.61281466,-1.2445242,0.46346515,-0.75769126,-0.13586032
NCI-H1385,-1.4106601,1.118122,-0.018435664,-0.7778573,0.32298598,0.1607205,-1.2034928,2.5939863,-0.26145145,0.5392732,-0.096324906,2.8429904,-3.0893023,0.602487,1.573783,2.8600535,-1.6606251,1.34274,-0.8087334,0.27121305,-0.25290972,0.017191473,-0.14546579,2.2459238,2.215015,1.1695327,-0.5829822,-2.4115765,-1.3537352,0.2507384,1.0807557,1.7593337,2.5225425,0.19270238,-0.9825755,-0.28699365,-0.5583707,-3.4955025,-0.088428184,0.97768694,2.84002,0.10261107,3.3587847,-0.8092826,0.9176604,-2.6998546,-3.061464,2.1004333,0.5297383,-0.8277519,0.44577247,-1.2135396,0.38690796,4.426774,0.09903935,-0.7848399,0.05062004,-1.7556397,0.7117013,0.065902255,-1.4800897,0.43268067,-1.306142,-3.5965967,0.28552046,-0.18422231,-3.2553406
HT-1197,-0.37097007,-0.1415818,-1.9612515,0.4790987,1.9710295,0.30907854,0.5439394,-1.6282276,-0.38759634,0.28472358,-0.21184622,-0.41578975,2.0151846,0.11683658,0.58063823,-0.7282865,0.011342734,-0.59848505,0.42942438,-0.5252147,0.32317644,-2.0308003,0.036248133,-0.37097648,-1.6617378,-1.445337,2.1126633,1.858358,0.498257,-0.38294202,-2.1273859,-0.8535335,-0.10630786,-0.16436367,-1.988354,-0.4589842,0.13709296,-1.5360136,-0.6762399,0.842767,-0.7488294,-0.62451744,-1.0230197,0.2699707,-0.28784758,0.38704747,1.4457247,-1.270216,-0.018444628,-0.5846618,-0.68501246,-1.0377592,0.97323483,0.19157085,-0.49798846,0.71157193,-0.31013557,2.4225657,-0.542496,-0.9580836,0.75109243,-0.55368114,-0.05729571,-0.6329662,-2.5867727,-0.15301892,0.88896537
CAL-78,0.62145567,0.522955,0.5928546,0.15216345,-0.6301838,0.11945202,-0.35213447,-2.3886409,-0.09185093,0.32378602,-0.64844763,0.5359862,0.08229476,0.4912203,-0.29963434,-0.8061492,-0.40111494,0.78785557,-1.2385715,0.049043536,0.2774548,0.05661218,0.43726927,-1.1665485,-0.614007,-0.066793166,-0.4443922,-1.0024755,-0.10337442,-0.42108774,0.1347103,1.1482124,-0.37493998,-0.12192832,0.7976911,0.18002677,0.5150446,0.6353468,0.091836594,0.50358844,0.1848893,0.2899795,0.37021226,-0.1345938,-0.36992967,-0.30258203,0.74147177,0.11376987,0.020653188,-0.9134002,-0.10163014,-0.15955594,-0.5848815,-1.2789898,1.0259877,-0.53876054,0.6657193,0.61239696,-0.81973296,-0.6138863,-0.6764329,-0.67656875,-0.25525773,0.83816326,-0.41537666,-0.6799816,0.87673455
RERF-LC-Ad2,1.9433554,-0.84227836,0.3665159,2.1824353,-0.44624048,1.3783418,-0.023316763,-1.5824181,0.2795648,-1.9349916,-1.7760675,-4.506015,1.0456522,-2.9464974,1.2924476,-2.0348113,3.663035,-1.3195385,0.22760168,-1.0917562,-3.6270432,0.009856559,0.16799602,-0.9997554,0.5851559,2.6579366,1.6890078,0.46282175,1.8395835,2.830811,0.04412672,-0.6296323,0.27383736,-0.75187135,2.3975,-1.4598662,1.3144351,1.9324493,0.27353486,-2.688293,0.7709241,0.14575395,0.089858934,0.953602,0.69193155,2.6186907,1.8228729,-0.91391706,2.4515758,1.3910787,0.47523573,0.65737087,0.95925665,-1.7694154,-0.28316802,-1.77843,-1.0459472,1.6074834,0.5481351,-2.0149984,-2.673149,0.8739883,-0.515026,-0.063372195,-2.4135876,-1.888622,-1.058493
SJSA-1,0.52557176,0.6676689,0.41228533,1.6412339,0.040940337,0.6958467,0.24420083,-0.635443,-0.5447352,-0.07953644,-1.6536466,-0.34366602,-0.21288812,1.0268158,0.8935442,-0.80379546,-0.51550055,-0.63798493,-1.1123741,-0.557984,-1.1829062,-1.2702327,0.64109063,-0.98515946,0.3891744,1.1139423,0.50093234,0.5391132,-0.21983647,-0.28074157,-0.4919694,-0.31356588,-0.026233211,-1.0664394,-0.6651726,-0.0961034,0.8800197,-1.1942579,0.08032894,-1.1492493,-0.12095806,-0.43770835,0.50792915,0.629238,-0.6446653,0.835286,-0.37800747,0.14972891,-0.020734249,0.1915572,0.85499126,0.09947832,0.007897811,0.4382156,1.2772181,-1.4910774,0.9200078,0.2865264,-1.524582,-1.1947062,-1.3198464,-0.08496968,-1.1296152,0.21924454,-1.0310674,-0.81025064,0.03560841
JHUEM-7,-0.96770465,0.36224303,-1.7896708,0.5493318,0.13828458,-0.9371303,2.741596,3.6840632,-1.5535018,2.902519,-0.9576767,-0.13469563,-0.04431601,-0.3930921,1.1581533,-0.60730016,0.093004465,-1.0533558,-2.1958838,-0.43757,0.36212313,-1.7602977,-0.3630478,-1.2318432,-1.7115504,-0.44351628,-0.15435776,2.8586054,-3.8272188,-2.9111347,-1.1188729,-1.6898494,-0.2343893,-3.3100843,-3.3747435,0.5658584,-0.305555,-3.0017362,-2.6865816,-0.7158035,0.13588677,0.03518301,-0.48895288,0.29738015,0.58367336,0.6074289,-1.3067043,-1.0887501,-2.0743515,1.7970196,3.2507596,-1.3831362,-1.0571038,2.0986888,0.25548354,0.49345934,3.1918783,-1.609824,-1.134923,-1.8654691,2.4482174,-0.7846348,1.6670883,0.19103314,0.5396619,1.6407647,1.3159912
SNU-668,0.42333052,-0.022531196,0.34546322,0.47597358,-1.4581889,0.013891775,-0.2451497,-1.5495481,0.2425113,0.24033445,-1.0746462,-0.030935638,-0.48837677,0.75268626,-0.42090088,-0.13347387,-1.7599123,0.44634646,-0.8773694,-0.36509633,0.07699929,-0.40298593,0.44825542,-1.9226142,-0.71535015,0.35513288,-0.029949173,-0.0023657084,0.7217091,-0.5523368,1.1108404,0.5143738,-0.03184179,-0.6491267,0.10877234,0.0456006,0.73053855,0.2719482,-0.3053336,-0.10952009,-0.14422983,0.016685218,0.35479704,0.25649762,0.24406458,-0.25327623,-0.19399607,-0.020407073,0.12703407,0.40521848,0.811707,0.22322446,-1.1110091,-0.23101096,1.2625152,-0.7493785,0.9115071,0.45409587,-0.8675724,-0.37469575,-0.6831914,-0.6783908,0.34886602,-0.0072778463,0.25290358,-0.13340594,0.95259196
TE 125.T,1.2724518,1.2478403,-1.8942262,-2.1107078,1.8207844,-1.6402491,0.2123759,3.1399784,0.69450116,0.65591675,0.46726584,-0.72480816,0.5185366,-1.9749215,2.205605,-0.84562486,-1.0813731,-0.2951645,0.86472565,0.13833201,-0.08161971,-0.6244765,-1.605955,-0.58784544,-0.39312133,0.5582461,2.440418,3.5244617,0.27905422,0.24532053,-0.2642726,-2.94137,-0.5066145,-0.1452156,0.3794341,-1.4281797,0.13790214,-0.35290083,0.17459723,0.19430232,0.9124933,-0.63420796,-1.8622983,-1.2930158,2.152602,2.1878755,-1.1546533,-1.2614282,2.7745159,0.6979297,0.8389935,0.1883291,1.6513109,1.006509,-0.094513275,2.064445,0.5485312,-1.518139,1.1209514,1.0725751,1.2252371,0.17772923,0.39471096,-2.522195,1.536968,4.0668902,0.5799657
MOLP-2,0.14527135,0.96296847,0.27246264,-1.1316566,-0.17793122,0.42015183,2.2337275,0.67605126,-1.0293794,2.099651,-1.3396974,-1.192881,0.7825014,-0.18546513,1.7316434,-1.2012032,-1.4016669,1.004576,1.1046313,-0.40231684,-0.4887871,-1.0669001,-1.9402986,0.34413818,0.93237025,0.043578796,0.66880137,0.80871373,-2.814954,-0.9480952,-1.0594003,0.26417702,-1.4706511,-2.481618,-1.1903291,-1.1550163,2.202515,-2.4741845,0.15636097,0.223122,-2.9395058,-1.6852376,-0.91551965,0.65749335,-0.27080956,-0.34144384,0.07472206,-0.28636318,1.6508263,-0.9628301,1.2184962,1.6593478,0.9592433,2.792105,0.9606901,1.9492098,1.2408092,-1.2460691,-2.276493,1.4203476,-0.918259,-3.1256208,-0.96803904,-1.1092963,-1.56963,3.0874393,-0.75286895
SUIT-2,-0.35446793,0.5206528,-2.6750376,0.38819623,2.2209063,0.44732106,1.846433,2.8683558,-0.71390426,0.6431882,0.66903454,-2.022324,0.8269658,-2.6876361,1.0780357,-1.180777,-0.3150187,-1.4171231,3.185971,1.254922,-2.0690742,-0.11110866,-0.15998441,1.0602295,1.3404176,1.4429454,0.8830799,1.4725997,-1.247243,1.2565565,-1.0266777,-2.8970191,-1.8646967,-1.2835213,1.5874747,0.3615052,-0.22225761,-0.09545517,1.4012227,-1.3570739,0.0037860256,0.27349156,-0.9785663,-1.091665,1.1825936,0.91256917,0.8788483,-2.5288856,2.962186,-0.9271331,0.96280146,0.9643356,2.39443,0.27042773,-2.2489855,1.9872266,-0.9641608,-1.6406504,-1.0426055,0.2169449,-1.6654202,-0.5255928,-0.9675492,-1.027019,0.2386472,2.3932967,-1.253932
GR-M,-0.41526377,-0.54725623,0.59242433,-0.0052544596,-2.8494222,-0.13399105,-1.0718528,-0.46963525,0.5725153,-0.23581582,-1.2028503,-0.05291202,-0.9976229,1.5156065,-0.81615746,0.63997895,-0.9728367,-0.040766608,-0.95396173,-0.18993017,-0.94899875,-0.25149894,0.15085346,-2.2282236,-0.7354217,0.73392475,-0.8234891,-0.05077681,0.6377673,-0.91877216,1.7105151,0.3621434,-0.0101575265,-0.50414973,-0.37512484,-0.05065044,0.40160778,0.53215265,-0.8582189,-0.24241725,-0.08102244,0.7664461,0.37520382,0.37317467,0.4774803,0.60826,-0.67221135,0.2202892,-0.21404667,0.7703342,1.3775973,0.33044273,-1.5657318,0.026615202,1.2008384,-1.01739,0.042818695,0.5415253,-0.6772421,0.33105054,0.08891508,-0.49881858,0.65411216,-0.7991688,1.1194121,0.43736875,0.70844007
T3M-4,1.1769313,0.11062926,1.883651,0.74388784,-0.59426206,1.030836,-1.1564989,0.5218629,0.7370709,-1.6505992,-0.6984094,-1.4353925,-0.8239327,-1.1286612,1.3212531,-0.011841383,1.670211,0.043260798,0.14090148,-1.1305052,-2.2870028,0.79105055,-0.48977247,0.6020517,1.9212521,2.2742128,0.29608765,0.023004245,0.50483525,2.2573638,-0.012154631,0.24136338,0.6408706,0.35997126,2.202171,0.1023297,0.8373894,1.0636983,1.1433312,-1.1388509,0.72797954,-0.70216435,0.9317284,1.1462181,-0.8778059,0.96247333,-0.11628309,1.4783577,1.2799861,-0.080258906,0.036955312,1.0004876,1.1004518,-0.10719209,0.97056955,-1.8806801,-0.861496,-0.045612484,0.78101546,-0.8744589,-1.3652709,1.4915725,-1.5545462,-0.74493974,0.4958242,-1.7039924,-1.8692367
TO 175.T,1.041391,0.62418234,0.54388535,0.3928227,-0.4953428,0.24662793,-0.2630325,-2.3108852,0.027230436,0.4900344,-0.8650667,0.48200315,-0.06349526,1.1978632,-0.33674866,-0.57646954,-0.17414674,0.28037012,-1.1460196,-0.11636596,0.047957115,-0.008297846,0.5169356,-1.263447,-0.60860884,0.031998638,-0.3701362,-0.98487103,0.6117202,-0.38921455,0.47762403,0.8921002,-0.24188504,-0.31232005,0.68340665,0.4060236,0.6334398,-0.5992111,-0.12152939,0.72688806,0.30245847,0.38565436,0.46819046,-0.28018993,-0.055515803,-0.34665048,0.5404317,-0.0025759325,-0.22080584,-0.069623135,0.12906952,-0.3447707,-0.82155126,-1.2365267,1.1192092,-0.77399504,1.0365314,0.6938816,-0.7552049,-0.84268117,-1.0812494,-0.8202414,-0.17986384,0.3923589,-0.12751332,-0.6599448,0.9256826
MDA-MB-175-VII,1.4743165,1.4216201,0.16323319,-0.06533657,1.7341343,-0.61285347,-0.7486456,-2.217936,0.09215696,0.12371397,1.2719516,0.5074605,0.16650206,-0.5853074,2.1172078,-1.4489058,0.22934014,1.9508313,-0.9422832,0.01303745,1.9961332,0.34733576,0.11574218,0.75204813,-0.7630058,-1.0045648,0.70941573,-1.1858486,-0.025553599,0.53945196,-0.1542894,0.0059158728,-0.69796216,0.93926615,0.046235528,-1.1650254,0.5327743,0.2448032,0.32406563,2.1506097,0.07697528,0.7693424,0.10361758,-0.34805012,1.0433726,0.4737208,0.24776289,-0.48800895,0.56529295,-1.0545119,-2.1288137,0.4768344,1.3563062,0.10298836,0.47482997,0.14432926,1.0764824,-1.1614853,1.462429,0.99529445,0.26808217,0.14714406,-1.079672,1.9081943,-0.5548554,0.039033152,0.023921309
UM-RC-2,1.1976738,0.531679,0.46737957,0.15499511,-0.6541327,0.12532383,-0.60154265,-2.2648094,-0.09275987,0.52949226,-0.6711104,0.6193833,0.2657249,0.7916726,-0.33193406,-0.7877589,-0.71845627,0.5421171,-1.3069936,0.06044796,-0.0017144829,0.24299376,0.35756922,-0.98694444,-0.045728326,-0.051393434,-0.13362902,-0.89055943,0.022275962,-0.28863388,0.17277862,0.64503586,-0.48195943,-0.13139316,1.1866646,0.3337191,0.2938774,0.9403393,0.015589133,0.26461393,0.28431177,0.42965215,0.38585308,-0.43369442,-0.33819512,-0.7347655,0.9449847,0.04833081,-0.18417104,-0.64081573,-0.04082643,0.017357282,-0.6637184,-1.2693355,1.1540111,-0.2998847,0.7060575,0.67749685,-0.59859407,-0.81063324,-0.4738834,-0.94489944,-0.1823993,0.95123726,0.0039127395,-0.6722419,0.91497254
F5,1.7755407,0.9798088,0.5113052,-0.10220225,-0.7380054,0.23206022,-0.95599186,-2.1121397,-0.2554792,0.7746574,-0.50766903,1.1439904,0.22421162,1.1193523,-0.29674602,-0.99513173,0.036958452,0.5469821,-1.4319075,-0.267891,0.06441751,0.31405807,0.18218443,-0.93020165,0.5083515,-0.12757465,-0.75712776,-1.4884958,-0.23602557,-0.6951235,-0.08894242,0.96946925,-0.8499685,-0.8801373,1.5519396,0.30438077,-0.12780076,0.37818474,0.38437623,0.71531683,0.4610875,0.81468284,0.3903513,-0.91172725,-0.17581314,-0.38247463,0.9685602,0.08872399,-0.66766584,-0.6572196,-0.0840776,-0.057911437,-0.5551768,-1.2933028,1.2280407,0.119512945,1.1942812,0.7455203,-0.67629904,-0.63715565,-0.18804322,-0.88125473,-0.4856958,0.681162,0.098561496,-0.6772075,0.93321574
SNU-16,0.027044255,-1.549025,-3.9819589,-0.22611785,2.970435,-0.53927565,2.3101993,-0.016808614,-1.1286994,1.0567799,2.8764746,0.032101594,1.9532948,-0.18316151,1.2176193,-0.4966718,1.7537425,-1.0845577,2.0032804,0.34778678,0.8827991,-0.77875495,0.22032146,1.1285671,-0.22826993,-3.0746267,0.4151285,3.5475729,0.9094721,1.3703884,-2.918265,-1.9539306,-0.15164664,1.3026748,-2.469788,0.18490484,-1.3055677,-0.7202014,0.62389004,1.123404,-1.3055836,-0.81006134,-1.4351512,0.393881,-0.06526482,-0.70537263,1.1012515,-1.9809256,0.03421331,-2.9222388,-1.6835372,-1.2359556,0.39409006,1.2387732,-2.127285,3.047089,-0.7877261,0.36813226,0.8311531,0.5425461,2.704665,1.643713,-0.44659647,1.2295829,-0.86876047,-1.0896827,0.24667163
SU.86.86,-0.6995051,0.44050306,-0.07780588,0.6486204,1.8901829,0.7469957,0.19557177,1.397161,0.39353517,-0.7380776,0.9720721,-1.015359,0.7980146,-1.8117156,-0.5185449,0.15266605,1.0253637,-0.87029874,2.2866662,0.79464597,-1.3179461,0.31860325,0.03998174,1.3358705,1.4304773,0.6555465,1.1219286,0.25831175,0.008656472,1.3234228,-1.1956879,-1.1019822,-0.6122011,0.29927835,1.87665,0.58133125,-0.94247955,0.6382008,0.79632175,-1.5939568,0.14348504,-0.6205641,-0.7540252,-0.8858792,-0.80555177,1.2339673,0.8632975,-0.46239075,1.7550061,0.67095095,-0.6096366,0.6572592,1.8421606,-0.7379462,-2.1580973,0.28852284,-1.4325577,0.45790768,-0.047104135,-0.42913902,-1.297024,-0.32630137,-0.6863498,-0.888098,-0.5660096,0.4975821,-0.74772865
639V,0.87362105,1.4157484,0.57673806,0.6845596,0.61780393,-0.27958667,0.36201844,-0.8022765,0.8215963,-0.016581472,-0.406072,-0.6182724,-0.28865948,-0.98976445,1.4027039,-0.07331558,-0.17179954,1.4184282,-0.1885334,-1.7326779,0.7508211,-0.10858831,0.10100698,-0.9781852,-0.8408167,-0.32347524,2.3283134,-0.46644872,-0.11872641,0.73631734,0.54298717,-0.42931813,-0.046383187,-0.66082543,-0.43851143,-0.07036021,1.0983094,0.08376924,-0.66190237,0.4431199,0.030322403,0.64211303,-0.5469558,0.108265124,0.42035788,2.0251431,1.0836067,-0.45932478,0.046247438,0.2852913,-0.62027955,0.7328351,0.38893723,-0.29799718,0.12197643,-1.7151378,0.5998415,0.67942995,0.5353074,-0.5706929,-0.041023567,-1.1349379,1.6121259,0.3814059,-1.4852567,0.6363815,0.5033009
CAL-29,0.41407877,0.25185037,0.25857866,0.4883044,-1.2099915,-0.0819508,-0.55028963,-1.4867404,0.4045951,0.09990234,-1.0698957,0.1522162,-0.7165169,1.2473247,-0.4672229,0.0196616,-0.34730428,0.2118999,-0.86107874,-0.05679147,0.09231906,-0.1135917,0.42153934,-1.8090639,-0.80394334,0.30468896,-0.22288217,-0.73516655,0.75994015,-0.14150262,1.2644159,0.2907224,0.08137759,-0.3886536,0.08975077,0.27827847,0.7041233,0.18168302,-0.6300175,0.36123988,-0.024576943,0.059842348,0.41683775,0.021241747,-0.011730522,0.14815283,-0.7018606,0.015791897,0.48764765,-0.2873794,0.8302521,0.13750987,-1.0654744,-0.35825926,1.1124327,-0.8601424,0.18561068,0.44055387,-0.7885419,-0.41048837,-0.6345417,-0.58298254,0.4247589,0.28735447,0.3278625,-0.017847432,1.0074278
NCI-H2196,-1.8327281,-1.7417737,2.0250096,-0.30790097,-2.6822267,0.8354672,0.5369116,-0.93277913,-0.19921637,-0.8257995,-2.938451,-0.012042592,0.68983215,2.4830606,-3.2069814,-0.8520019,0.15235549,-0.7795759,-1.5407238,0.5515401,-0.8941707,-0.634701,-1.3691229,-0.9692636,-1.3257632,1.2736034,-1.525884,0.29336843,1.1585487,-2.3920166,0.31347415,1.1853226,0.4028903,-0.4801492,0.8929311,0.4586383,0.5779406,1.0332501,0.35345852,-1.6809393,-1.1083568,-0.42408946,0.016983427,2.257155,-2.4062057,-1.5356152,1.3641505,1.9239272,-2.8526816,1.7396809,2.4282558,-1.9966902,-0.67748797,-2.9131002,1.7242928,-0.68322504,-1.6248477,1.3022891,-1.4737363,-0.969778,-0.37755972,0.0155606195,0.07132995,0.104444966,0.04456726,-1.4572916,1.3498981
COLO 741,-1.2637227,0.9268669,-0.5808808,-2.3259704,-0.6794417,0.40454942,-3.851602,2.2551007,-0.46963963,1.0146755,0.9880393,0.4605668,-0.3678404,0.87007225,-0.72896916,-0.009154717,-0.40645754,0.24193427,0.2915153,2.221262,0.37115732,2.029919,-0.0034700632,1.4156977,-1.3015968,0.3681092,1.0551329,-3.8791456,-0.47943977,-1.7838852,3.7180848,1.4029964,-1.5084796,-0.07112844,3.81095,-2.870494,-1.303076,-0.28838027,-1.4769137,0.3519041,3.4654994,3.2795992,0.79552406,-4.046604,5.584765,1.453698,-0.15126005,-3.3749022,1.5731982,2.5447335,-1.1170273,0.1946964,0.4538384,-0.9825782,-1.7188311,-0.29009414,1.9473882,0.16598603,4.2790666,1.4312595,-0.14677425,-0.96279705,-1.4509602,-3.8887897,3.6687288,3.8720744,-0.6434776
OAW42,-1.8934938,-3.3022938,-3.365241,-2.939858,2.7635713,1.4607552,1.8498604,1.1666076,-2.7166543,1.4987664,2.89245,2.1777687,1.1308533,2.8511941,-1.477952,-1.9984719,0.09875983,-0.5198729,0.8975313,1.8785666,-0.28856683,-0.611578,1.4956093,5.842952,-0.45740342,-3.338642,-0.73075604,-0.9365288,-1.316023,0.14857218,-0.9196133,1.107382,0.24032292,0.8318213,1.1948215,-2.5201359,-0.872388,0.039080754,0.5823747,-0.7911779,-0.50005704,-0.2385411,0.36474887,0.36190537,0.32326218,-1.8327981,0.84271544,-0.83519095,-1.2688171,0.95144796,-2.903543,-2.2677119,0.82086784,0.8982448,-1.5429837,1.9957212,2.6351428,0.82900584,2.7552583,1.335537,2.0083668,0.8845682,-2.9122145,-2.3020926,1.0430025,0.15464662,-2.60641
T-47D,0.18992428,-0.74481905,0.0032668412,1.0562087,1.1136453,1.2983184,-1.153289,-0.6153273,0.25890732,-1.1334218,0.12127149,0.02514388,1.0216799,1.2630031,-0.43255922,-0.45889693,0.44940975,-0.17425902,1.6782176,0.034359425,-1.0052985,-0.21680753,-0.23689811,0.58591735,0.0504437,-0.98288584,1.2992291,0.36000973,1.3629673,0.5601564,-0.7032914,1.4429585,0.67042816,1.1179792,1.3919367,-0.99102145,-0.2297492,0.5881824,0.8834229,-0.78972495,-0.32646623,-0.9817202,-0.6424995,-0.2410424,-0.8503224,0.85026616,1.4157375,-0.6365203,1.6594839,-0.57687163,-1.4714209,0.25475058,1.7043962,0.64935505,-1.5801421,-1.1013477,-1.329601,2.790033,1.0728221,-1.2801895,-0.74797714,-0.1595365,-2.3074956,-2.4914656,-0.9139605,-1.4348494,-0.2048982
NCO2,0.5752845,0.09547453,-0.17359579,0.8709772,-2.3830976,0.37986547,-0.76030856,-1.3749017,-0.31463274,0.6090577,-1.9322907,0.086695544,-0.7462791,1.342107,-0.2637912,0.022843262,-0.64202976,-0.4610026,-1.0360875,-0.57773405,-1.2355932,0.38025874,0.41166434,-3.4303412,-0.25822315,0.78207356,-0.58039343,0.18042532,0.8295158,-1.1199449,1.3433541,1.1069705,-0.57606786,-1.4581873,0.854345,0.6890458,0.23615746,-0.4577408,-0.39875197,-1.2343298,0.26067728,0.93131065,0.69431627,-0.65267277,0.3151756,-0.09563956,0.16164243,-0.62642694,-0.49102893,1.8543601,1.6532137,0.50321656,-2.1928327,-0.5035156,1.5665892,-1.4593165,0.97982633,1.0939286,-1.3451337,-1.0279648,-0.7018269,-0.97542334,0.80247355,0.43814844,1.0692424,-0.72269845,1.0573732
HEC-251,-0.09424247,0.9204522,0.39347383,0.67176014,-1.5715058,-0.28090453,-0.53218484,-0.32458106,0.29724693,0.70408595,-1.1035647,0.9095711,-2.3608644,1.1390295,0.88735026,1.1042957,-0.7026104,1.7752732,-0.044776056,-1.6716594,0.8215467,0.69403136,0.17134877,-2.5184553,-0.39611888,-0.89499295,0.82448727,-1.4803375,0.01327684,0.016584791,2.411599,1.5538961,-0.0018447414,-0.9823528,-0.7921955,0.46412492,0.82234895,-0.3783157,-0.58611727,-0.2938163,0.7625325,1.0171332,0.33035308,-0.94765604,0.83653474,1.13989,0.014875524,-0.96241117,-0.52552855,0.22244051,0.080246605,1.5170091,-1.1005745,0.8055771,0.46726117,-2.773714,1.4280046,0.6945444,0.91339666,-0.5370861,0.21552366,-1.3182238,2.068422,0.9698627,0.772404,0.039552193,0.50403446
KYSE-30,-2.3722029,-0.06534409,-4.493466,-1.2471781,3.477188,-0.036730483,0.8355442,2.5798776,-0.8091672,1.2348435,1.26858,0.45306218,1.0361137,-0.77440554,-0.1758029,-0.10722424,-0.9898526,-1.4731213,2.6702223,1.9435999,0.14529535,-0.19683284,-0.35395783,2.0423207,-0.98853076,-1.411214,0.52445084,0.93288946,0.22233275,-0.23953044,-1.1951016,-1.7624784,0.17893402,0.75089824,-0.6684385,-0.002371177,-1.1490898,-1.578522,-0.15535782,0.6991814,0.58354324,0.34018517,-1.5286136,-1.308573,1.9104263,-1.1660626,1.0996131,-2.406909,1.5178721,-0.8743168,0.016265221,-1.4075246,0.75489295,0.24252662,-3.2624972,2.8585136,-0.6615545,0.080984205,0.17262161,0.46830723,-0.0516802,-0.053144768,0.21129642,-3.0736067,-0.4424671,2.5917575,-0.82799935
TM-31,-1.267739,-0.34299228,1.1938195,1.0792068,0.59609485,-0.6325799,5.1667156,5.069235,-1.4010992,-1.0556946,3.298698,-0.28233945,-3.5191445,-3.1255486,0.5239091,4.4948764,-0.22100145,-0.39875737,1.4906467,-0.3509552,0.42066804,0.27799731,0.19822264,2.83025,4.4376936,1.7013022,-2.4751956,-0.13445649,-2.3453686,2.2952268,-0.77906007,-1.6862628,2.7747116,-3.3140182e-05,-3.863466,2.1909974,-0.78143334,-1.9558496,-0.46475598,-2.4662676,-0.093394585,-2.542396,2.5963361,1.0403366,-2.382958,-3.0467737,-2.8955693,4.656668,-1.3734204,-1.5833582,2.270705,0.108286016,-1.4059542,4.81317,-2.421948,0.81802726,-1.2979198,-5.755599,0.2674561,0.23906258,-0.50315076,1.466079,2.758487,2.5659552,-0.44014907,-1.9118567,-3.1674035
ME-1 [Human leukemia],1.1307669,0.5474884,0.23787016,0.2719176,-0.8354483,0.04334891,0.020671844,-2.2360816,-0.1520885,0.48605525,-0.87031335,0.36575425,-0.26014346,0.82748693,-0.18124788,-0.45613337,-0.5281258,0.69616073,-1.0626202,-0.33619392,0.18165521,0.008618243,0.5706633,-1.4986053,0.34347582,0.062656954,0.017138235,-0.91570824,0.26030785,-0.53032887,0.5591986,0.94242716,-0.33886456,-0.76219964,0.5267508,0.1826503,0.75828254,0.011484072,0.062920526,0.67976445,0.28358835,0.846524,0.44566956,-0.15714699,-0.18871084,-0.7640792,0.74618715,-0.08450227,-0.22901358,0.18608344,-0.062191207,-1.5079975e-05,-0.85773283,-1.1766288,0.9822485,-0.60043466,1.6185985,0.6961832,-0.7144483,-0.52858967,-0.7045294,-0.82149744,0.075539246,0.51628923,-0.18698883,-0.64157444,0.6790288
CL-34,-3.1224623,1.1107394,-0.22164214,2.993005,2.117797,0.9988984,1.2021348,4.629785,-1.0501986,0.037360206,-1.8936247,-2.8722384,2.9431539,-2.981752,-2.40717,-2.7814784,1.1916679,-1.6885306,1.6219643,4.6889763,-0.45773453,-1.3853161,-0.6515368,0.9911928,-1.7208406,0.12191019,2.1161137,1.8652887,-2.2030964,-3.9581618,-1.785846,-3.2972486,-2.1518095,-1.5686771,2.6820338,1.3109334,-1.0321622,2.5876315,-0.54584897,-2.847562,0.115811944,1.2989588,-2.612648,-0.32781476,0.9391265,5.3140197,0.8893307,-4.3292,-1.281737,5.542429,2.3611124,-1.3189121,1.6854317,-5.3562555,-4.4280143,0.46370113,1.1875923,-0.29623032,-1.6950673,-0.65519065,-1.7997898,-0.724468,1.6291964,-0.44868797,0.07397339,3.6097863,2.2221923
Panc 05.04,0.3935502,-1.226181,-3.2234616,0.053488307,3.9673364,0.17385715,1.8619983,-0.88581,-0.35089713,0.6532545,1.7239184,-0.5886481,2.9679387,0.51984763,0.44996327,-2.0550642,1.391025,-0.35259593,1.8331851,0.9885441,0.55793786,-0.716428,-0.05044435,1.1543477,-1.5646936,-2.1104586,1.996522,3.0543513,1.4091527,0.65471625,-3.3743863,-2.761027,-1.2165242,1.2268394,-0.4027617,-0.5748886,-0.44350815,-0.06343472,1.591413,1.4383346,-1.1994262,-0.12308166,-2.1338863,0.6210352,0.69308245,0.74130523,2.864763,-2.0128198,0.4728846,-2.5059972,-1.9487813,-1.4480157,1.7662705,-1.1091285,-1.942961,2.4314716,0.29164186,0.85344136,0.28324842,0.6136119,1.8963425,1.3586899,-1.1037228,0.5665874,-1.1460769,0.059050553,0.57268834
MCF-7,-3.0855784,-3.4439473,-4.936143,1.8800213,1.7395678,1.6228701,-2.31524,6.7240033,-1.0962514,4.026484,0.40811813,-1.1887825,0.57575405,4.254149,2.2009618,-2.5846355,1.0265716,-1.6712656,2.6191685,1.5579575,-2.137537,1.5954942,2.9724367,3.5692365,-4.1429315,-0.81090283,2.11956,2.4330301,-0.14659104,-1.0264448,-1.7901095,-6.0321183,-3.970947,-0.3450714,0.31145692,-2.2629757,0.48391762,-0.68319,1.4422357,0.7075429,-2.198448,1.6963315,-2.8645759,2.190616,3.8983204,4.684877,-1.165911,-6.334204,0.096865475,-0.18579549,-2.6834702,0.47433242,1.4829633,2.1079235,-2.26749,-0.7371118,4.728012,-3.677543,0.7250878,4.1617804,3.917314,4.3912115,-3.0860596,-0.20815629,6.461836,4.2607045,-4.015054
HEL,-1.2128752,1.2648152,-2.7005668,0.5880231,3.3264754,0.35855278,0.5768361,-0.29195428,0.2574906,1.5047711,0.19446316,-0.14773828,1.8783019,-0.14569277,0.11492011,-1.0802165,-0.7893504,-0.22585642,0.94769126,0.9369146,1.431067,-1.3348049,0.3720505,0.8298084,-3.043277,-1.1632495,2.3322046,0.36653972,-0.15285045,-1.5121399,-2.3268216,-2.8244674,-1.9974616,-0.26091775,-1.2856637,-0.2978547,-0.35012752,-1.9770383,-1.0241923,2.2736485,0.09150592,1.1899974,-1.7474428,-0.8990327,1.9401985,0.6089518,2.1382525,-3.427739,0.055753868,-0.63861275,-1.2331382,-1.1375359,1.3027757,-2.0590386,-2.0462377,1.4689759,0.07352755,1.1852577,-0.57985854,0.25895882,0.48476654,-0.6658744,0.5464902,-0.12637208,-1.4896576,2.585876,0.9305225
NCI-H1693,-0.52822196,-0.6586348,-1.2147609,0.8929698,0.4812218,1.2519271,-0.2376759,0.039681375,-0.5110094,0.24152875,0.3217601,-0.97514653,0.31459773,1.2898755,1.7954113,0.8203355,0.2392896,-0.736559,0.3892954,-1.3600222,-1.5799173,-1.057204,1.7683625,0.71823376,-0.16172135,0.1461473,2.6542304,0.47160032,-0.45345506,0.44625774,-0.9263282,-0.4905839,-0.90757865,-1.6708995,-1.5761917,-1.2873399,0.38898087,-1.3668011,-0.8096317,0.034044504,-0.3704485,-0.8104416,0.29911244,0.13217096,-0.34768662,1.8624281,0.64292276,-0.5610444,-0.32459882,0.09510408,-2.220594,0.5555336,0.069660485,1.6214924,-0.5744644,-1.2789171,0.91863596,1.530716,-0.32516617,0.47878432,0.5685003,-0.025606994,-0.06418419,-0.6534874,-0.93084246,-0.45968848,-2.3488503
NALM-6,0.7278274,0.75700206,0.42405787,0.28922752,-0.66170925,-0.013282143,-0.049572498,-2.0786383,-0.0920116,0.73896784,-0.79731697,0.9172889,-0.4742417,0.94247496,0.027748734,-0.10465567,-0.23311314,0.6511037,-0.90565157,-0.6249709,0.13187936,0.11256614,0.5619814,-1.456098,-0.3757633,-0.35390186,0.18651061,-0.8865058,0.08587337,-0.07804872,0.6928788,1.3471917,-0.4788899,-0.56834996,0.34418204,0.33803424,0.66075087,0.29447445,-0.016022414,0.5460327,0.53589505,0.9350636,0.47260347,-0.7184002,0.36114436,-0.31977454,0.5212058,-0.35402104,-0.3853974,0.3020249,-0.29612625,0.21057008,-0.83404094,-0.9043155,0.95804805,-0.9594649,0.33567023,0.88632816,-0.37233126,-0.68777007,-0.66419023,-0.8368073,0.45015657,1.0941229,-0.32739586,-0.6634316,0.63999957
KNS-60,0.4020462,-4.63789,-2.2705297,-1.2681372,0.5443151,-1.2466458,-1.4572215,3.8711426,0.36186302,-1.5369747,4.742399,-1.3656578,2.2293148,-0.95508647,0.37556383,1.0939711,2.1640453,-2.5217886,4.0598507,1.9708594,-1.5349919,2.0133266,-0.2865504,1.9550205,2.415335,-1.4078802,-0.38085282,4.2138023,3.3930764,2.2107837,-0.88810647,-0.91525614,-0.7946712,3.061283,1.0612464,-0.96450317,-3.5126894,1.7412161,1.0012994,-1.5111766,-1.7260963,-2.4981606,-2.1614573,-0.71483094,-0.7474538,1.6071376,-0.24811667,-1.3874023,2.6952868,-2.2100778,-2.7657804,0.048568007,1.3734226,3.0454867,-3.6244457,3.5966272,-2.7897851,-0.17461246,2.2644808,2.5184116,4.090197,3.6238413,-0.4088132,-1.6749662,3.8975663,-0.2695741,-1.5387377
YD-38,0.4410837,0.10183716,0.8407429,0.28343707,-1.5219046,-0.13169721,-0.7414453,-1.5232952,0.27507102,0.10057016,-1.0170431,0.28414246,-0.24886581,0.82659477,-0.56821483,-0.010461966,-1.0889499,0.22051825,-0.9986533,-0.0972587,-0.053306952,-0.6469449,0.42527762,-2.0099783,-0.9482586,0.4466172,-0.34786814,-0.4598902,0.8062662,-0.96595514,1.1474642,0.5726363,0.14355518,-0.5153611,0.08556523,0.31011397,0.9103709,-0.22585066,-0.15041813,0.33359045,0.018873163,0.59002554,0.41150594,0.2455184,0.038152628,-0.02378542,-0.30557683,0.13390309,-0.19493215,0.30982634,0.8131521,-0.08436678,-1.1857116,-0.325692,1.2030686,-0.70425344,0.72072476,0.49377024,-0.9839876,-0.1936149,-0.6644628,-0.4021166,0.3082952,-0.293321,0.43138474,-0.09678976,0.9345557
FaDu,-0.23545077,0.18733636,-3.3371718,1.7590486,0.94222486,0.12920989,-0.93421614,0.13454273,-0.48329046,0.7767726,-0.87915283,-1.2492639,2.0113668,-0.8743577,3.0910254,0.05439326,0.84550995,-1.4552065,0.34785908,-0.76949406,-0.7451545,-1.7112254,-0.058267362,-3.277585,-0.28637153,-1.2254776,3.0174284,3.101213,0.67511797,-0.21537842,-0.7138897,-0.94395673,-0.8213819,-1.4359919,-3.0589774,-1.223228,-0.63173836,-2.1932583,-0.6262244,-0.2556549,0.032487206,-0.39549097,-1.2290415,-1.7736573,0.9437033,2.527913,1.4666948,-3.7806761,1.2482864,-0.2846313,-0.5269492,0.70264286,0.47798082,2.6001546,-1.0988703,-0.55683607,-0.055447474,3.3490438,0.08049807,-0.9636607,1.2299736,-0.56829417,0.6787654,-1.1890807,-1.0656087,-0.060801134,0.98929757
LC-1/sq-SF,-0.8547191,0.07274066,3.909787,-1.8288246,-0.9264126,-1.3204063,-0.008596571,0.6333325,1.0226196,-2.3633895,2.73332,0.11365206,-0.3495791,-2.466832,-1.7187705,0.88678116,0.3234215,1.2224658,-0.010363758,0.5577493,2.990618,1.858399,-1.892302,1.3190314,1.6100135,0.8080791,-2.9406288,-1.7102582,0.06925931,0.6053571,0.4724694,-0.27029073,0.033895705,1.5770272,0.4232284,1.0276022,-1.4552048,3.841702,-0.2526035,0.3052749,-0.9865608,-0.87456924,-1.2596242,-0.1144768,-1.1781962,-1.2885885,-1.5829638,2.8946512,-0.99386275,0.9497662,-0.32704937,0.9378562,0.6606946,-2.2554054,-0.2688018,2.3406575,-2.5820072,-3.4882114,2.3898215,2.5266306,2.3402019,0.6830625,1.5198207,4.24355,0.2691301,-0.34656897,1.1325113
NCI-H889,-0.7045957,-1.2045107,-1.8820261,0.25263363,1.9090117,0.0836745,0.7836338,0.5447213,-2.1349366,1.3261379,1.7869202,0.96395797,1.3341383,1.6507654,0.35036168,-0.77182406,0.41318843,-0.35776767,-0.19250497,0.5129272,1.6757694,-1.4958988,0.6807306,1.044451,-1.1169716,-3.110897,0.45412284,1.6921993,-1.3435653,-1.2062078,-1.8374435,-0.24428819,-0.18666601,-0.12929448,-2.9428344,-0.75172555,-0.7314771,-0.674123,-1.1156738,0.26359862,-1.4669294,-0.7888851,-0.6485006,0.12371381,-0.7062957,0.9845259,0.18999915,-1.5030285,-1.8741081,-0.3855365,-1.7539471,-0.7549138,0.47852817,1.6883225,-0.6464723,0.7007228,2.2590122,0.45438802,0.88902056,0.9937273,3.1240544,0.54564416,-0.031039476,0.91543996,-0.69763666,-0.41192648,0.4264924
BL-70,-1.8271198,-1.0746391,1.7743872,0.999327,-1.937884,1.7676092,-0.87197053,2.444911,1.8661096,-1.324058,-2.7591617,-2.414379,1.1269991,-2.789305,-1.5906692,-0.1647366,2.7122076,-1.0748942,0.118907526,0.3196007,-2.9260187,0.93761444,-2.2158117,1.4996707,0.36510882,2.2515695,-1.1891613,-0.52342516,0.7528333,-0.005581066,-0.41565368,1.1244498,0.63993657,0.67995733,2.747666,0.73660797,0.40359136,0.33797368,-0.4246432,-0.83534217,0.39989185,0.5999751,0.85150886,2.0658722,-1.1306976,-0.9093412,0.71309566,1.6428798,0.8364999,0.8572083,2.6194232,-1.1900927,0.78615844,-1.2076969,-0.21568,-0.31835133,-3.8376935,1.0391592,-1.1781924,-2.8697555,-2.7329397,0.6123676,-0.77947575,-3.8064575,-0.8809254,-1.1725442,-1.2305655
BHT-101,0.24289784,-0.82805896,2.926081,0.77580637,-0.56077737,-1.6032001,1.6346617,0.06504747,0.4874364,-1.8497367,1.9987084,0.08697567,0.52490056,-0.8269566,-1.0700532,0.14894547,-0.45662653,0.3450122,-0.54857653,-0.8569102,2.63602,-0.36373493,-1.0168575,-0.38689566,0.4059116,-0.84594166,-1.8386086,1.1366044,-0.18093039,-0.31500858,-1.4472526,0.48964602,0.734281,0.66530806,-2.8208463,0.5223221,-0.29275054,1.0073797,-0.94332063,-0.10673469,-3.1848989,-2.543417,-1.7224989,1.1411912,-2.9573646,-0.95786726,-1.1872196,2.5460622,-0.4338102,-0.4301991,-0.26026815,0.9004793,0.57687217,1.5936005,0.018625453,0.5911507,-1.5138612,-1.8145761,-0.24909297,1.173627,2.983621,-0.0031324937,1.379214,3.2573352,-1.0283439,-1.024323,1.3060226
D283 Med,1.159681,0.39559543,0.48748633,0.18131171,-0.6503777,0.054539032,0.13239062,-2.3680792,-0.05050991,0.63030165,-0.72101414,0.6794793,0.1029133,0.8775655,-0.34105334,-0.6818503,-0.813581,0.68004125,-1.224409,-0.16696954,0.08291395,-0.29794455,0.50167364,-1.3745264,-0.79678226,-0.06033724,-0.69555044,-0.71547127,0.22198364,-0.7986731,0.28485987,0.93205667,-0.38068473,-0.34559244,0.58373183,0.05692385,0.6238344,0.59420836,0.19633035,0.4376793,0.2038074,-0.102502525,0.29000983,-0.48249492,-0.09545156,-0.19287105,1.0267763,-0.011053218,-0.1942097,0.29063773,0.013821046,-0.2750953,-0.70887554,-1.0672035,1.1250527,-0.4705636,0.829519,0.6976253,-0.8922559,-0.64646244,-0.59215444,-0.7216202,-0.069521956,0.8500147,-0.2778749,-0.58599627,0.87458247
SLR23,0.26213247,-0.33917856,0.8687003,0.10536187,0.9293414,-0.53882945,3.8626103,5.6700964,-0.29303735,0.85270023,2.3106742,1.5832611,-3.1272686,-0.1126621,0.2329471,1.5366596,-0.34138283,0.07852462,1.198998,1.1317011,0.69317603,-0.3343452,-0.05772707,4.9931912,2.0207646,0.50762224,-1.8322403,-0.12611428,-2.9424734,-0.2837485,-3.018006,-3.1142316,0.93288195,-0.92840755,1.167358,1.8214687,-0.7409615,-0.45043954,1.2317348,-0.8449979,0.43960628,-1.231031,1.3438374,0.5579738,-1.437387,-2.7457657,-2.8357189,5.015846,1.948787,-2.7716193,2.4119594,-1.0581735,-0.27961916,3.0576036,-1.937878,1.5043149,0.6205857,-6.4371357,-1.6125275,0.72036916,-0.57756734,1.341154,-1.4332371,0.3314382,1.4749842,1.0454266,-2.737337
IGROV-1,0.47989258,1.4597734,0.37220904,0.070724875,0.06386139,-0.58682793,0.33587426,-0.78390586,0.2688314,0.6125113,-0.018042129,0.63115853,-1.3364995,-0.021918979,1.2799369,1.0113834,-1.0050356,1.3593674,-0.47268945,-1.2414063,1.2072983,0.2079793,0.3747274,-0.93545777,-0.41992965,-0.45436162,1.5091654,-1.6235232,-0.28417915,0.39689636,1.3942019,0.6452242,-0.08468061,-0.57431936,-0.8892036,-0.0077462066,0.93030137,0.036545053,-1.0625776,1.0393462,1.0364398,1.1487567,0.3896725,-1.0064687,0.85127676,0.78572667,0.3486417,-0.57879525,-1.1752896,0.5303214,-0.89025706,0.8190154,-0.40008235,0.061855044,0.13935417,-1.6616024,1.2855558,0.2893857,1.0154701,0.22776622,0.18416297,-1.0249517,1.6252723,0.52875686,-0.71594596,0.48769608,-0.071190074
SW900,-0.8257562,0.08617544,-1.1313907,-0.17421034,0.108888164,-0.06501498,-0.4383286,1.8749593,-0.47645104,0.4054933,0.13137966,0.14897521,0.35674864,-0.5483035,1.3248425,0.6508276,-0.33364138,-1.0709709,-0.034975614,-0.05611328,-0.03126782,-0.9476497,-0.5842709,-0.19682807,0.806703,-0.70884234,0.34308502,1.1135509,-0.92264175,-0.51898205,-0.19889584,0.18492772,0.39640537,-0.46085083,-1.8978746,-0.7023405,-0.95450443,-2.2441397,-0.84612894,-0.42817593,0.10947247,-0.7594787,0.1272537,-0.96066403,0.24799351,0.017864522,-0.829859,-0.80810905,0.7035906,0.27578005,0.4547704,0.10026905,0.839767,3.0533931,-0.4929332,0.15808854,0.38340336,0.78439915,0.30949137,-0.37025172,0.65488565,-0.38847244,-0.08261332,-2.0994375,-0.4437965,0.39126527,-0.14511238
SW1271,2.9702585,0.3986562,1.447724,0.4815395,0.4375915,-2.3835137,-3.6272995,1.825289,3.788979,-2.804552,3.0203745,-0.57715267,0.7616069,-2.1400301,-0.1857874,0.06390449,-0.313415,-1.7340857,-1.3186233,0.94959056,0.8281963,0.0026650392,-0.8244977,-0.3895859,-0.17153268,2.0196664,1.4900603,2.2641945,0.39082626,-0.6193777,-2.8603716,-3.4778368,-0.25046113,0.933676,2.2274337,0.07344884,-4.7983675,0.8983138,-0.6946195,0.7500081,2.2600818,-0.757145,-0.5286578,-3.409441,1.1315769,2.0199373,-2.731392,1.4341892,2.6836886,0.26061934,0.19772486,-0.68471664,1.8797652,-1.1020559,-0.9355506,1.6195992,-2.8846965,-1.0291226,1.3574394,0.71890634,2.007188,2.8683078,-1.8989599,-0.94939846,2.5152142,1.1164333,2.011314
SNU-878,1.088198,0.35846674,0.14881141,0.1855978,-0.56004465,0.055084556,-0.4254155,-2.3456976,-0.06529976,0.23584616,-0.7407037,0.5512632,0.023824617,0.9369476,-0.3820535,-0.7094091,-0.8453083,0.73836243,-1.2004949,-0.097669356,0.23911041,0.012484014,0.47486803,-1.1545278,-0.4738151,0.06536145,-0.21587828,-0.7393929,0.2516064,-0.4790386,0.39022183,0.63271576,-0.3715177,-0.11611234,0.7776995,0.039225623,0.5709434,0.20288816,0.050087504,0.64310974,0.21501523,0.6618502,0.3921768,0.011665851,-0.13320781,-0.65888155,0.82102424,0.050126195,-0.17298551,-0.116374865,0.02762771,-0.054896265,-0.7481044,-1.3605646,1.1124883,-0.3149951,0.20890313,0.6228913,-0.7538333,-0.7100576,-0.77362776,-0.7385316,0.046803042,0.84575987,-0.24307676,-0.5747141,0.9528236
Capan-1,-1.6237141,-2.5638235,-1.2375954,1.3385621,0.35862604,0.33446193,-0.64118135,0.9999219,-0.23750643,0.009102128,1.4620602,-1.3615931,0.87606275,1.024613,0.8937136,0.6782199,1.8667616,-1.7707378,0.7782827,-0.1493586,-0.9554667,0.8145255,1.7589623,1.9480697,-0.385626,-0.6518113,0.5679027,0.23670092,0.65208983,0.6328167,-1.0352578,-0.8537982,-0.46064657,0.3080651,-1.7537096,-0.29594415,-1.2184018,-0.42097098,-0.2969054,-0.34089386,-0.7471835,-0.43819848,0.29571104,0.6403376,0.00075623393,0.7342184,0.21005842,-1.4617448,-0.6056473,-0.18329094,-2.349023,-0.6947722,0.4261326,1.7398059,-1.9320033,-0.6228178,0.331568,0.5383444,0.6577694,0.69376624,1.6580716,2.0723736,-1.0025278,0.09982507,0.39340934,-2.017066,-1.6386253
Hs 281.T,0.5998627,0.3682711,0.6398418,-0.26046494,-0.6431509,0.27082008,-0.3113352,-2.0167596,-0.5213149,0.8047107,-0.017374653,0.22346503,0.0823845,1.0834607,-0.23138593,-0.6969516,-0.33070582,0.53715515,-1.1369616,0.17338325,0.25206566,0.111132756,0.783925,-0.15379515,-0.6143867,0.090996034,0.06248705,-1.6347256,-0.25562102,-0.53020203,0.63211185,1.0532407,-0.94861895,-0.6244811,1.1858543,-0.44339103,0.49164477,0.9818948,-0.2295949,0.604516,0.379915,0.7005566,0.5448624,-0.28040433,0.12128124,0.32582894,0.6402585,-0.4002697,-0.7108823,0.81018114,-0.52553767,-0.024782978,-0.55210716,-1.5302045,0.9031739,-0.5970714,1.8647811,0.35559973,-0.016708774,0.21254808,-0.17204472,-0.9329895,-0.51906157,1.1190172,0.1824494,-0.37091044,0.22597986
NCI-H1299,-0.21876848,1.3602464,-0.44472688,2.6186173,0.44357574,-0.41684702,-2.2178922,-0.55395883,1.1900582,0.7569187,0.25199193,-0.022102633,2.08023,0.95732313,0.32235506,0.025401093,-1.333724,0.83708,2.7306626,1.3995622,1.8184458,-0.5480904,-1.4245486,-0.5182075,-0.14169666,-1.5455598,1.5800986,0.4371152,-1.018853,-2.0744617,-2.8503592,-0.7623431,-2.964346,0.49801454,-0.5867008,1.0683334,-1.3559955,-1.1170326,1.7358499,1.656441,-2.498488,0.3882085,-2.3706574,-2.3550582,0.85257745,1.5413,0.14649665,-2.2405798,2.1284156,-3.0784073,-1.3916569,2.63371,2.3226607,1.0249029,-2.2265964,0.90701836,-1.6605824,0.054165147,-1.9567071,2.245629,0.34695444,-1.4820508,-2.2353494,-0.16275552,-0.22738495,2.3850176,0.9512507
SW48,-1.5258992,0.8882339,-2.4589498,0.49340343,2.4401593,0.90426624,1.5625119,3.1144695,0.17988381,-0.90063095,0.5825854,-0.9855999,-0.7566727,-1.9895447,0.81034327,1.8107444,-0.24573514,-0.7401726,3.0602458,-0.42765954,-2.1878564,0.51377445,1.4421505,1.4952937,1.4708531,0.59374887,2.3245618,1.0190879,0.3505094,2.1520197,-0.246733,-2.3763685,0.78400517,-0.8628429,-0.28259382,0.90139186,0.30059898,-0.9429756,0.4062399,-1.5685353,0.6453885,-0.5627727,0.32229516,0.093814775,0.41659367,1.2761784,0.3417389,-0.692449,0.99759334,0.05003941,-0.14359024,0.24690083,0.15198958,0.96974266,-2.4619932,-0.38141537,-0.585098,0.24564242,-0.5730045,-0.7612443,-1.3897479,0.2650567,2.0508049,-1.5896261,-0.50337875,1.3202637,-2.7870717
KYSE-520,-0.57846105,0.6235335,-0.17962804,-0.023828799,-0.17476276,0.36721957,-1.0949428,0.3607806,0.7361162,0.02501091,-0.7031982,-1.8097725,0.6513133,-1.2394934,1.6213516,0.14164995,0.2731358,0.18816371,-0.06413181,-1.0597768,-0.8916548,0.105954155,0.2697448,-0.21519646,-0.5135714,1.1078851,2.3964922,-0.5829253,0.089749135,0.91267914,0.6269994,-0.5237536,-1.1902412,-1.0508996,-0.42430747,-1.4464988,0.5674575,-0.40653056,-1.4238575,0.8256894,0.09103912,0.4623553,-0.46335375,-0.12431152,1.5608888,2.3695478,0.77097946,-1.3666598,0.24200943,1.129222,-1.2875938,1.0941256,0.6995465,0.09497866,0.0014388636,-1.0865353,0.10402425,1.095344,0.71072656,0.59890205,-0.18621796,-0.5188656,1.1792512,-0.94711196,-0.6927097,1.371521,-1.3243344
NCI-H660,-2.5034406,-1.4754415,-0.7464298,1.4646509,0.44871652,1.4792061,-2.7687569,0.3940807,-0.020187773,-0.54649204,0.670702,-0.48239005,1.8103065,0.10620493,-0.67224467,0.259329,1.2236601,-0.41548628,2.016421,1.3231316,-0.59439737,1.1725203,0.5739133,1.6466041,-0.475185,-1.4432526,0.677596,-1.73329,1.3985376,0.23447993,0.24864997,1.810714,0.12871619,1.4589365,0.53693545,-1.076745,-0.81916046,0.15601507,-0.108187824,-0.19644058,0.42370123,0.8470399,-0.34478742,-1.2720689,1.2279668,0.90342414,1.348317,-2.6423573,1.3268083,-0.5182225,-2.6471667,0.42641062,2.2988544,1.136924,-3.0286424,-0.91577655,-1.941598,2.4096098,1.5147172,-0.27908906,-0.5059961,0.058012124,-1.8888347,-2.2537,0.10192062,-1.04027,-1.0558009
BICR 22,1.3192294,0.4983676,0.6058035,0.0798984,-0.7202962,0.088419184,-0.18678457,-2.3406653,-0.04606569,0.45936167,-0.7567155,0.60494745,0.12306495,0.7810348,-0.431975,-0.8194732,0.015299588,0.8318551,-1.276559,-0.11054395,0.22943236,-0.21782176,0.39371443,-1.2369072,-0.90161425,0.066174775,-0.6261424,-0.36775032,-0.50305545,-0.42110908,0.27636153,0.58644617,-0.39229357,-0.39281338,1.0316031,0.17021962,0.34062684,0.49957487,-0.112667784,0.40002435,0.12989725,0.9227177,0.44856,-0.35227975,-0.16248749,-0.049278945,0.4481274,0.18725406,-0.026424617,0.17915136,-0.012913883,-0.121799976,-0.6655425,-1.5385029,1.0703954,-0.26872092,0.6037991,0.545089,-0.90033317,-0.69141364,-0.61917055,-0.5939655,-0.21771014,1.0706538,-0.2450672,-0.6791717,0.9800387
DMS 153,-2.7012625,-0.1621389,0.5111142,-2.6650872,1.4568845,0.83434236,0.5504692,0.30825967,-1.5887419,0.70655423,2.0650845,0.46555164,-0.17130443,0.44773892,-1.6136757,-1.1785,0.22946414,0.97275484,-0.19384477,1.2822788,0.9691856,0.92170095,1.3085332,5.081122,-0.60216993,-0.31422266,-0.5136075,-4.171681,-1.8251219,-0.39831987,1.2099873,0.7501078,-0.75638163,-0.14200534,1.5640279,-1.4753002,0.21794909,1.2205944,-1.1089623,0.5289325,0.4936564,1.4254477,0.28383943,0.17300643,1.2143533,-0.91219145,0.61537105,-1.0517931,-2.1872694,2.0414946,-2.3579102,-0.06926805,1.415025,-2.017126,-0.94707376,0.16129,2.8158333,-1.2330753,2.8670404,1.6430192,-0.068378255,-0.9141575,-0.89788425,0.5274908,-0.28437072,1.2295727,-1.51764
NCI-H2087,-0.3645675,1.2467077,0.23034753,-1.1727111,0.70272845,-0.2830462,-1.2091067,-0.29784164,0.29228824,-0.31027046,0.36642426,0.20831636,0.32528114,-1.4208556,0.61756647,0.36176217,-0.66700506,0.41846752,-0.4686259,-0.17828554,0.63659483,0.21035507,-0.5423927,0.44458613,0.31426394,-0.34623218,0.468385,-1.0068092,-0.08756021,0.08773801,0.48077762,0.9192942,0.6733985,0.4547808,-0.20428337,-0.8863246,-0.30965155,-0.32859427,-0.9912758,0.99492705,1.1934131,0.16806774,0.45469546,-0.95699304,0.65221334,-0.6134048,0.032058634,-0.1654394,0.26853374,0.5802255,-0.68212795,-0.097007476,1.167573,0.2875242,0.11962333,0.09216754,-0.42880613,0.8873108,1.4477266,-0.21233517,-0.48078904,-0.60461056,-0.04294174,-1.1659805,-1.5212669,0.3823485,-0.07126872
NCI-H1339,0.5147462,-0.79498374,-0.087053746,0.19865388,1.0967921,-0.24515931,1.4443502,2.7156444,-0.057464212,0.4143782,0.71674263,0.813253,-0.641104,0.529981,0.85522664,0.037378684,-0.33379516,0.08460948,1.3919824,0.12338225,-0.2978896,-0.31206948,-0.20975477,2.0954165,1.0847679,-0.38902283,0.25274044,1.3426852,-1.1447918,0.19682921,-1.8763511,-1.1049526,0.5541898,0.29850766,0.26722586,0.15111442,0.09172809,-0.24167642,1.2289248,-0.36433524,-0.6877148,-1.0232052,0.16506168,0.5827948,-0.6079203,-0.026186476,-1.6537787,1.5718012,0.6995385,-1.7425228,0.37642148,-0.1459693,0.5471367,2.3027575,-0.78212523,0.61492896,0.85814714,-2.2968483,-0.5576107,0.6886845,0.31878927,1.3548875,-1.5838393,-0.79053044,0.58912206,0.51112163,-1.685911
SNU-1196,0.68643916,0.24766015,0.4085171,0.3354588,-1.3858341,-0.0036191717,-0.53253156,-1.6194968,0.23551843,-0.029923245,-1.0296456,0.005322138,-0.4484461,1.2306063,-0.2772337,-0.07768143,-0.84583455,0.20042531,-0.9460947,-0.088684246,-0.1954749,-0.074870296,0.4877738,-2.0315285,-0.33753657,0.4642928,0.13933995,-0.14955789,0.438807,-0.64511585,1.1198679,0.19044665,0.0146322455,-0.148601,0.08556678,0.08196697,0.74245036,0.7207444,-0.5205713,-0.07378428,-0.24973968,-0.017983764,0.13865507,0.13439411,0.11950086,0.4609923,-0.06103217,0.056254834,-0.06718487,0.60214025,0.80908626,0.11862118,-1.1267574,-0.44772026,1.1362838,-1.0135065,0.35815707,0.46720263,-0.91368234,-0.28343636,-0.71247756,-0.6358475,0.22537513,0.12139967,0.34341845,-0.09145452,0.9565296
Hs 611.T,0.6891201,0.3625973,0.5074425,0.20031531,-0.7570767,0.20601027,-0.0042197406,-2.2413015,-0.1582265,0.8912829,-0.8353272,0.6588958,0.2172465,1.1748755,-0.37472376,-0.6942655,-0.16840482,0.56729925,-1.3253689,-0.31800082,-0.11940407,-0.14168152,0.47437772,-0.82675856,-0.45348653,-0.16670156,-0.08351943,-0.9606312,-0.15972213,-0.69249403,0.13324532,1.1429044,-0.55172014,-0.4001368,0.88755,0.3069801,0.38243353,-0.038892552,-0.005620025,0.46783713,0.39764687,0.89016175,0.61498123,-0.46375996,-0.16451403,-0.56663156,0.95552427,-0.047263265,-0.4214608,-0.55824786,-0.038239762,-0.28176415,-0.7511295,-1.2148395,1.2454971,-0.46335545,0.7536471,0.8231748,-0.8377438,-1.0233135,-0.7972052,-0.82524,0.19950595,0.47710463,-0.2687856,-0.928587,0.726567
EB2,-0.71313345,0.42578086,-2.4759731,-0.37618414,3.2475362,-0.10154551,1.6114036,-0.84394217,-1.0735109,1.0838325,1.4446375,1.0738909,1.0135258,-0.8297693,1.0706117,-0.9483314,0.29783115,-0.09892855,0.09908168,0.40903142,1.2529639,-1.4952228,-0.45316198,1.3525323,-0.78586227,-2.0049896,-0.3227955,0.4275246,-0.3865882,0.0061739236,-1.89258,-0.89861333,0.26267833,0.7542392,-2.327808,0.07369301,-0.62706065,-1.17252,-0.09612352,1.5469576,0.013418497,-0.20713058,-0.33465305,-0.22560921,0.118528254,-1.5773436,1.1240488,-1.1079386,-0.57574207,-1.6370125,-0.85413474,-1.2455007,0.5963961,0.61412746,-0.9319458,1.7428577,0.44793826,0.19890109,0.73888403,-0.91650105,0.5802881,-0.04764429,-0.7450601,1.2615877,-2.1370437,-0.8477545,0.72362393
HCC1419,-2.0451214,-5.0647492,1.6383789,0.34561756,-2.1927378,2.2083578,-0.43063372,0.9985077,0.70905715,-2.1541338,2.7901518,-2.6553962,1.4058738,2.7899926,-4.1083536,2.753992,3.454274,-4.6375127,-0.8031657,-1.0309683,-4.5677586,-0.9788144,2.833178,4.613474,3.1089253,1.6803917,-2.0929275,-0.85529673,-1.4819546,0.04787822,-3.3624656,1.0864177,-1.2006521,-1.9709809,0.8914091,0.20964271,-3.5430613,-0.602996,-2.1446807,-2.1335206,-1.4239548,-4.1888685,1.7007871,1.6673932,-5.259516,-2.7596004,0.28650403,4.2172647,-1.6732651,2.404443,-1.6772349,-1.1539863,-1.2674377,-0.6021192,-0.9333923,-0.5339619,-0.72425056,2.9491782,-1.8872498,-1.3416753,1.4060028,1.1422592,-2.1747124,-1.9251486,0.42417642,-4.553094,-3.6411612
BV-173,-0.28231558,0.67386895,-0.13883719,1.0723388,-1.4504577,-0.3579614,-1.2642125,-0.026005913,0.5294566,0.50682646,-1.0089755,0.51861626,-1.7503151,0.8838172,0.9294533,1.7789994,-0.03447637,-0.10532458,-1.019456,-0.63963056,-0.21031478,-0.19570926,0.8909639,-2.3511407,-0.1990687,0.4871358,0.3446285,-0.7188281,0.33231258,-0.50280064,1.53579,0.43717402,-0.100968204,-0.94941956,-0.7248731,0.5556706,0.08147563,-1.0581391,-0.80575156,-0.037925936,1.5107569,0.6872533,1.0001256,-0.85917634,1.1282108,0.9697572,-0.54495096,-0.47280243,-0.69254035,0.49540788,0.5646053,0.27471587,-1.9939729,0.46482742,0.6372709,-1.9505818,0.6859082,0.801238,-0.0010477286,-0.50802207,-0.11832374,-0.15246585,1.2031515,0.12505105,0.87402916,-0.6055472,0.14634123
KP-N-RT-BM-1,0.936491,0.10276246,0.47829837,0.8976894,-1.6359363,0.15125084,-0.82782805,-0.6964236,0.57689863,0.42707092,-1.3116212,0.55731684,-1.3456414,2.3502848,0.24202165,0.09613627,-0.07713735,0.4069755,-0.9308342,-0.82582986,-0.60964996,0.1826069,0.5841994,-1.7793573,-0.50744903,0.12303875,0.068327054,-0.2912022,0.25071174,-0.31847063,0.7348052,0.62696856,-0.32416815,-0.5731246,0.5064294,-0.015595859,0.7390712,-0.2832066,0.5429752,-0.38670927,-0.050467856,0.40112904,0.44633657,0.013488945,-0.046954565,0.28773677,-0.3669908,0.36713803,0.15977031,0.228023,0.37530607,0.6352521,-1.2398514,0.4343244,1.3192807,-1.6541939,1.2094257,0.37491372,-0.7997502,-0.124800794,-0.099867,-0.32712686,-0.20308463,0.016694717,1.3533921,-0.15936776,0.04237159
AM-38,0.5642309,0.27725786,-1.574351,0.92250633,0.7601938,0.44871473,-0.6663089,-1.66962,-0.05029218,0.35218692,-0.8648507,-0.1566653,1.2715471,0.8013476,1.8699998,-0.7722103,-0.29939878,-0.14518517,-0.118030496,-1.0210752,-0.17821175,-1.3884027,0.32156,-1.759956,-1.6782216,-1.3922007,2.4708316,1.567333,0.30104616,-0.14778452,-0.56348544,0.05845813,-0.2553247,-0.7659339,-1.8320312,-1.5297294,0.49234167,-2.1645317,-0.6214244,0.32699627,-0.3002356,-0.30902037,-0.9462042,-0.63732433,0.6057011,1.4930701,0.85071826,-2.0442324,1.3823382,-0.87261385,-0.81352866,0.579882,1.2115772,2.1435413,0.093361214,-0.5358027,0.54590213,2.4243991,0.43929866,-0.6792532,0.603083,-1.009572,-0.6191112,-1.3388166,-1.0536073,0.38276508,0.3748903
T84,-1.302996,-0.87127876,-0.08761729,1.1712322,1.3666822,1.2681614,-0.32494846,-1.3094238,0.36717144,0.0704054,1.3863137,-1.2303792,1.1227871,-0.5244253,-0.43565965,0.6551949,2.4809742,-1.0810741,1.1640686,-0.6553596,-1.0789824,0.892675,1.1866415,2.772722,1.6725311,-0.502916,-1.5392593,-1.6623527,-0.533725,1.9601319,-2.3240352,-0.04797764,-1.5263602,0.2834316,-0.35771507,1.8742956,-1.2506666,-0.5261417,0.9577051,0.4336571,-1.0687087,-0.27708006,-0.45375222,0.14540663,-1.187903,-1.9098583,2.0663009,-0.44638053,-0.24681625,-1.4168434,-2.1312423,0.90515083,1.1232857,-0.9546933,-1.218367,-0.09311187,-1.3880296,0.7602316,-0.5432747,-0.7385864,-0.17279294,0.29806134,-1.3563216,2.3582456,-1.5711188,-2.5481424,-1.7604952
PL45,-0.49331194,-0.2627538,-1.3156517,-0.3854122,0.85305464,-0.20603582,-1.3299828,1.2470081,0.82807195,0.16323645,0.16372782,-0.76113576,1.3132963,0.09754735,0.7455155,-0.28962073,-0.7457077,-0.159962,0.94858193,0.10367537,-0.08969739,-0.2661867,-0.68476486,0.040255666,-1.3153588,-0.4705316,2.2865076,1.2540672,0.70399487,-0.21712282,-0.9148774,-1.408422,-0.6901809,0.4113677,-0.18932052,-1.0788163,-0.04279644,-0.41129616,-0.49090064,1.1064752,-0.56872886,-0.16038907,-1.5178764,-0.052690983,0.6443336,1.4859085,0.21950234,-1.1694653,1.2142713,-0.06475808,-1.0257175,-0.1500473,0.96864235,0.64540493,-0.79944843,0.5529582,-0.507028,0.6982538,0.28610793,1.1639572,1.0256137,0.40176755,-0.18381661,-2.1690998,0.76988494,1.8763374,-0.30994862
COR-L47,-1.7289078,-0.2558952,1.7497095,-0.04339604,-0.4103355,0.2854584,-0.12795797,1.0723836,-0.6824554,-0.8274072,-1.1732285,2.0610979,-0.42829642,0.79204535,-1.1379634,0.9896774,-0.028789029,-0.01457902,-2.0610452,-0.09210254,0.9336857,-0.26602605,-1.2971987,0.4679265,0.686439,0.1393559,-2.167874,0.30508953,-0.07647287,-0.71039,-0.44253877,1.499436,2.0743349,1.0370486,-1.3878034,0.25522333,-0.45438704,-0.4902634,0.025497675,-0.21412155,0.16591556,-1.1933177,0.37775525,1.1980557,-2.039037,-1.072751,-1.2120626,2.1877365,-2.6234057,1.2302538,0.9528593,-1.6378844,-0.26097614,0.8998977,0.8645789,-0.49480298,-0.38399935,-0.4013007,0.21427265,-0.82595843,0.7454026,0.91343975,0.11760312,0.8095961,-0.65905905,-2.2343845,0.31830442
SW837,1.1308566,0.12724233,1.1756574,0.65535796,-1.7106444,0.25151202,-0.6105721,-0.75625336,0.76819813,0.16026783,-1.3606144,0.8729315,-0.8821975,1.672059,-0.34668455,-0.1356388,0.19665956,0.40186578,-0.92278606,-0.7140969,-0.37387764,-0.119317405,-0.10250586,-1.8111557,-0.48471946,-0.10580819,0.18897235,-0.20675516,-0.42100635,-0.5895698,0.57407653,1.4708867,0.01147189,-0.9988755,1.4058695,0.5950693,0.39035195,-0.15826412,0.1687747,-0.41571778,-0.09806474,0.022965968,0.25352624,-0.09170278,-0.49308684,0.19481143,0.22067328,0.68166196,0.09490207,0.6001475,1.1236832,0.5399449,-0.99873346,-0.14238027,1.3782985,-1.267619,0.7261888,0.768272,-0.8396566,-0.7571599,-0.23040815,-0.83027697,-0.11602816,-0.8231908,0.71792483,-0.0016082972,0.7944521
TUHR10TKB,0.15988928,0.14892009,0.4902666,0.33678037,-1.4814303,-0.045939878,-0.35688305,-1.5797584,0.23576885,0.20868234,-1.0338283,-0.14173009,-0.45661432,1.257762,-0.47268444,-0.023976842,-0.24594736,0.114531435,-0.9311907,-0.16831103,-0.28502253,-0.15212205,0.48245934,-2.0812268,-0.74480176,0.44319528,-0.05048112,-0.68598986,0.5835579,-0.82342833,1.1365566,0.33297065,-0.013024434,-0.31542683,0.32773274,0.16453053,0.79131657,0.5261919,-0.6623505,0.043262128,-0.17010978,0.2748914,0.33101305,0.14187254,0.27368563,-0.40029833,-0.15092984,0.06948734,0.009089801,0.5158711,0.8003357,0.05602935,-1.1242303,-0.3446312,1.3509184,-0.81568706,0.017427266,0.5086636,-0.8518113,-0.26100275,-0.64804286,-0.73920476,0.18048117,0.124823496,0.32444313,-0.08789508,0.95518374
Becker,0.28767926,-0.046546757,0.7667959,0.40595818,1.414596,-0.28958574,2.4261303,0.8941519,-0.6340452,0.05787512,0.8403472,-0.9922372,-0.84911656,-0.81074524,1.5539572,0.014519203,0.73238164,0.35275722,0.30728963,-0.95051634,0.06584495,-0.05012788,0.8815221,2.1185987,0.25889665,0.5125221,0.6277355,0.2467008,-1.0191418,1.8226533,-0.82314736,-1.7834666,0.12395411,-0.55119133,-0.79382515,-0.09053598,1.5970409,0.44949314,-0.011531018,-0.30968896,-0.78591996,-0.8578231,0.12318584,1.8853593,-0.81273675,0.5170239,-0.3899119,1.3561418,-0.76634586,-0.39398947,-0.64386183,0.12680027,0.22969185,0.4983714,-0.069581345,-0.4340692,0.7217365,-2.4859548,0.2507824,0.69514084,-0.0024021193,1.0478988,0.387003,2.0389845,-1.0667734,-0.18210533,-1.6958448
COLO 680N,0.9777585,0.26285177,0.30416712,0.21789794,-1.4878104,-0.0057787513,-0.38068753,-1.310733,0.2538913,0.20555732,-1.002474,0.3111471,-0.6699178,1.2750105,-0.30934885,-0.11396778,-0.6237146,0.5835562,-1.0713577,-0.38191953,-0.25992608,-0.055326454,0.29127154,-1.6845051,-0.3488974,0.32520038,-0.15083772,-0.18506773,0.4765994,-0.45574105,0.7967708,0.7038088,-0.2645808,-0.62007934,0.20049454,-0.06832705,0.41242188,-0.6820087,-0.26801383,0.012957137,-0.15059507,0.18880725,0.24000993,-0.06646906,0.10467254,-0.35460258,-0.0059073074,0.23117204,-0.21037841,0.59392905,0.56562746,0.1996858,-0.8942777,-0.39987606,1.2131984,-0.894305,0.7878911,0.62787163,-0.80552495,-0.33488908,-0.29853797,-0.6774714,0.15894279,0.19973429,0.21146482,-0.10535699,0.6745655
L-428,0.20373139,-0.25837165,0.49067205,0.41388136,-2.353056,-0.013875246,-0.47634533,-0.87392074,0.50969064,-0.05969704,-1.2808014,-0.2933425,-0.48533952,1.55251,-0.48851636,0.27311137,-0.927448,0.008056723,-0.8026075,-0.51004094,-0.54672945,-0.35131073,0.35834363,-2.300202,-0.54249215,0.841979,-0.42175487,-0.5161891,0.5374654,-0.52593035,1.535507,0.35863858,0.03556017,-0.7936311,-0.5761154,-0.33138373,0.60873,0.24338976,-0.70256394,-0.23284186,-0.29462206,0.39738226,0.11392605,0.52257097,0.48595423,0.40965945,-0.6127513,0.0048692524,0.07526882,-0.5457994,1.2713841,0.36140984,-1.305048,0.16121721,1.2484419,-1.179011,0.46498895,0.44183338,-1.1202118,0.08200217,-0.39261004,-0.6150423,0.601041,-0.48728758,0.72558975,0.25784954,0.7053227
YMB-1,0.6059233,0.033982284,-2.9209218,-2.7454596,2.3127067,0.69651824,-0.9574571,-0.7127065,-0.16800505,-0.60662955,1.4941132,0.19589043,-0.22668824,-1.0065185,2.5055113,-0.0880449,0.68061227,-0.5666419,1.4760466,-0.87311465,-2.3040206,1.6377815,0.41771185,2.0043035,2.006618,0.3958824,0.49988952,-0.3945496,1.5364232,4.4904633,0.4724738,0.56354976,0.9221135,1.085039,0.45109913,-2.2491398,0.25163844,-2.400694,1.4573382,0.31940246,1.3578247,-0.8864666,1.8834429,0.17187789,1.2135595,-2.0792603,1.2582345,-0.111356996,2.5202045,-1.3018209,-2.3074107,-0.0193531,1.1289629,2.2825942,0.12714747,1.368,-1.2568886,0.9583694,2.294606,-0.16547547,-1.1724826,1.0846428,-1.4005756,-1.5601764,-0.59609413,-1.0438693,-3.298357
786-O,-1.144589,1.1253781,0.9872589,0.53785586,1.4417359,-1.5726372,4.672984,5.3883157,-0.28979313,0.2256344,2.0273356,-0.27477974,-2.3639238,-2.4568934,-3.123839,1.443632,-0.2618099,-0.57578266,1.9868909,2.00054,2.2974942,-0.5082168,-0.658708,4.529389,0.93999594,1.2967566,-2.5292623,-0.36176744,-3.4849634,-2.033759,-2.5357227,-3.4494245,0.76559603,0.5050188,0.613513,3.1015072,-0.95931935,0.6672735,-0.015843071,-0.79855025,0.25295302,-0.0049770176,0.07547066,-0.08537141,-1.1167595,-3.4985993,-3.0775082,2.8202565,0.40811035,-0.9830128,4.0883994,-0.9160128,0.14040262,-0.23828205,-3.0512066,2.2976408,-1.5406339,-7.093735,-1.4444926,0.5964954,-0.5193397,0.007264197,-0.049481884,0.71316755,0.11024152,2.1757014,0.2502184
NCI-H508,0.5691465,1.1687857,1.2631298,0.2950543,0.99064666,0.17172751,0.4385999,0.33899903,0.46950823,-0.31227797,0.14464602,0.033575833,-0.42933702,-0.36701092,0.64362884,-0.2946527,-0.540608,0.8507007,-0.05717189,-0.619,0.23112412,-0.17598927,0.019130092,1.2599367,0.34384787,0.83349925,1.0744568,-0.3160141,-1.2936765,0.34022388,-0.8800859,-0.8926578,-0.19552125,-0.55296814,0.11440535,-0.15856649,0.69225293,-0.31229526,0.15218836,0.30266228,-0.18770538,-0.20908964,0.16230422,0.61664337,-0.6855341,0.6248971,-0.75111705,1.6338911,0.13906577,-0.040590033,-0.2626811,0.3423235,1.0357828,0.2780548,0.40069696,-0.6682566,0.380866,-1.4410515,-0.3671589,0.27536842,-0.6707974,-0.23891214,-0.75380415,0.11051594,-1.5072693,0.76222825,-0.8974402
KMS-34,-0.30030864,0.72623706,0.5944598,-0.7860655,-0.22623926,-1.0121335,2.1411703,1.7960488,-0.5667352,1.9221383,-0.72357786,1.0164025,-0.25562596,-0.056334615,0.7489199,-1.0853212,-0.66522664,0.7588654,-1.7291195,0.08270612,1.0902157,-0.5416038,-0.88871324,0.6501331,0.37269795,1.10806,-1.3073454,-0.5233264,-2.6886797,-1.5176451,-1.3184643,-0.96933544,-0.93747294,-1.7976654,-1.1786344,-0.025412649,0.6485356,-1.5588568,-0.2622914,0.5649375,-1.0357767,-0.054518238,0.01946053,0.6863201,-0.25267148,-0.8797076,-1.5982252,1.8193959,-1.0330541,0.12490013,1.7316457,-0.6404435,-0.14255002,1.3647729,0.971943,1.4383413,1.371725,-3.4604068,-1.0786006,0.48511425,0.78433645,-0.57363117,0.36480016,1.5796044,-0.38672966,1.2333186,0.017871331
COR-L95,0.1853586,0.029944848,0.8472779,0.68036497,-1.9643592,-0.09346161,-0.807405,-0.67610544,0.68975425,0.07293685,-0.9873839,-0.46707773,-1.0045795,0.90553075,-0.015538563,0.70883673,-0.40604553,0.15900168,-0.83967716,-0.53516686,-0.58233815,-0.08119428,0.68274766,-2.1261518,-0.6808711,0.5685185,-0.0017817616,-0.10377547,0.56630003,-0.50933564,1.3902124,0.22744776,-0.17950544,-0.9623268,-0.66002685,-0.31736177,0.4932837,-0.2217767,-0.6320429,-0.3074799,-0.06293161,0.13296431,0.51106155,-0.19524719,0.6669411,0.67589724,-0.3283385,-0.03807935,-0.16630615,1.1309333,0.9029924,0.6427791,-1.2791718,0.44189805,0.93843126,-1.5243955,0.26101688,0.54853433,-0.47051558,-0.0722159,-0.3264639,-0.5244215,0.771516,-0.30682915,0.5854909,0.29398733,0.44189075
NCI-H2228,4.483449,-1.1929562,-3.7906623,-2.8523088,1.2488847,-0.6240518,-1.9938838,-0.47828907,0.2075564,-3.3685822,1.9634387,0.5085972,3.2302675,-2.337107,2.4134378,1.3433887,0.81446195,-3.4906902,0.20863533,-0.6826585,-2.0785656,-1.669415,-1.5445629,-4.445432,2.811744,-2.0712328,1.4849463,7.357036,4.51594,3.0589569,-1.013657,1.9083451,3.9559114,1.8819965,-0.41633883,-2.8755062,-3.6628418,-1.6674194,1.7416028,-1.5678278,0.92572695,-4.9177256,-0.07557812,-1.9974288,-1.4406779,0.92432845,-0.13276303,1.5513864,3.7162364,-1.3948222,-0.2663877,-1.3591623,0.20040795,4.0973015,0.33395684,3.4332163,-3.8129687,6.532885,3.0820293,-3.2318325,3.2814956,2.17175,0.8093044,-5.0281634,-0.16840792,-2.5761483,0.87403256
SW1116,2.6486363,0.85893935,0.5688665,-0.48116702,-0.38271356,-0.652728,0.033972975,-0.7318436,0.5695703,0.87398136,-0.86032176,1.3613708,-0.1343975,1.7249603,1.0156103,-1.4959782,-2.0229747,1.2838494,-1.4225153,-0.47789085,0.66627145,-0.47348112,-0.5019989,-0.9589691,-0.49971187,-0.6956771,-0.04004808,-0.15626913,-1.338102,-0.9424174,-0.3324593,0.84754306,-0.12681034,-0.83666486,0.2938018,-0.80787647,1.3047045,-1.99733,0.653147,0.88550764,-1.2727383,-0.9737272,-0.09671996,0.17324701,-0.3745015,-0.16034225,-1.6136858,1.2990673,1.8282602,-1.2532725,0.67849416,0.35847038,-0.17110841,2.3685555,2.3799877,0.83026975,1.4993539,-0.9265932,-1.1743478,-0.12935787,0.20649502,-1.394703,-1.091496,-0.9911192,0.41916174,1.8250016,0.3306142
BICR 31,-0.28649244,-0.25626734,-0.13652235,1.17274,-1.3580498,0.5431505,-1.1545085,0.7918211,1.0018196,-0.8867402,-1.1183809,-0.38215467,0.30518162,-0.32855207,-0.38275295,1.5395,1.6318438,-1.3681864,-1.9387509,-1.6839706,-1.0097594,-1.3078017,0.38509873,-1.9380912,-1.38654,-0.2336723,1.2538946,0.992552,0.13629347,-0.7888079,0.65298,-0.4610444,0.48053324,-1.8122412,-0.5736449,0.4258774,-1.436181,-0.059339337,-2.554373,-1.4502836,2.767216,0.63395315,0.30959135,-0.52322054,0.2970165,1.3760266,1.2879375,-0.20774616,-2.1345198,2.658832,0.9704298,-0.8557103,-1.0099406,-2.2064428,0.0574679,-3.4241643,0.073100984,3.6843982,1.6017318,-3.2479758,0.9543652,0.47671968,2.115359,-1.5017276,0.03276599,-0.943689,1.4619613
Hs 229.T,1.2954717,0.6880352,0.5886701,0.91457224,-0.020592943,0.47371316,-0.2259619,-1.7632002,0.7045389,-0.23564053,-0.3383142,-1.0616524,0.112509854,-0.39554104,0.38396442,-0.6449008,0.840775,0.4100513,-0.60695374,-0.7399873,-0.358541,-0.5573434,0.4784435,-0.8688183,-1.0376728,0.46444204,2.007414,-0.84586763,0.17218697,-0.013553388,0.6240642,-0.5976264,-0.6846459,-1.328,0.91653216,-0.3687895,0.8148323,0.32008088,-0.86359334,0.25616342,0.71336585,1.0788257,0.2841388,0.09200336,0.5349161,1.2058707,1.1904666,-0.23290585,-0.03562136,0.44607228,-0.009932414,0.3975436,0.23465909,-1.7663537,0.26820487,-1.6362383,0.4877327,1.0343418,-0.2430425,-0.9111237,-1.165812,-0.5132375,0.4666456,-0.35740507,-0.91173065,0.24675861,0.4019462
Hs 706.T,-1.5255111,2.994256,3.1027477,-0.816211,1.3928077,-0.309081,1.605252,3.9611585,0.11117092,-1.6877403,2.1149244,0.16803479,-3.0652351,-2.9581044,-2.014707,1.0993356,-0.560628,0.6794979,1.7665178,2.6458225,0.40650445,1.690181,-1.1277151,4.62157,3.1801353,5.195897,-2.0054293,-2.6293478,-1.2968786,0.91190314,-1.111026,-3.1747682,0.22992933,0.8254026,2.8493779,2.1756394,-1.1765018,1.5664959,1.8225003,0.11192642,1.488968,0.28461242,1.7522161,0.16159417,-0.15533358,-1.6934321,-2.6877651,4.0947595,0.72250843,0.22082555,2.2463531,-0.15459418,0.96598256,-2.7514648,-1.8380301,1.0412295,-2.9323535,-6.3066735,-0.04063548,1.3746355,-3.166398,1.4993155,-0.19091207,1.9814614,0.5661176,0.7137632,-1.716615
SNU-423,0.78444123,1.6224675,1.3099592,0.81132084,1.5233023,-0.46207675,0.0057222247,0.2448453,0.3002478,-0.68872714,0.16212414,-0.29177597,-0.5935528,-1.0691503,0.18676098,-0.9797631,0.9191305,0.43555284,-0.8764793,1.3878502,0.598681,0.4385449,0.019989446,1.1677798,-0.3824128,2.744545,0.4021576,-0.4528769,0.18810767,0.4326109,-0.5699438,-2.7736058,-0.08067091,1.0161991,1.9281293,0.4866084,-0.1813442,1.9818984,0.87807727,0.6941956,1.889835,1.6517773,0.5452456,0.53298986,0.6614349,0.7848322,-0.32949293,1.0617149,-0.63858986,0.6003069,0.830145,-0.7926272,0.63118166,-3.196771,-0.5899793,-0.23990458,0.061567143,-2.6935194,0.24650154,0.17485787,-1.9531846,1.7259802,-1.0001382,1.9829136,0.1256232,-0.18150496,0.2598082
HMEL,0.6965266,1.0966648,0.58808196,-0.21782677,-0.3566796,-0.17761505,-0.33329135,-1.6725022,0.31219098,0.407057,-0.45560744,-0.10531436,0.07671718,0.25957894,0.10299039,-0.3610105,-0.30826852,0.6363605,-0.8563879,0.0855615,0.5226265,-0.058296707,0.07255843,-0.62728673,-0.42446542,0.53523594,0.7594833,-1.4299252,-0.29847902,-0.48634464,0.39984608,0.020760547,-0.79497373,-0.72055745,1.1635746,-0.020791147,0.39165342,0.5714501,-0.42416453,1.0204158,0.7193891,0.9076615,0.602372,-0.25901517,0.5931384,0.2585902,0.7271627,-0.029431429,-0.33117968,-0.17982435,-0.12082842,-0.09382375,-0.36979708,-2.0381587,0.5900468,-0.33461177,0.3848758,0.14616464,-0.31283787,-0.06705493,-0.6923402,-0.66561174,-0.31936932,0.51136255,-0.45237774,0.42257535,0.70098066
DMS 53,-0.28029665,1.2992805,-0.80118275,0.60391,2.5151262,-0.038521163,2.0090687,0.18238747,-0.29748857,0.62331736,0.97049725,-0.10193397,-1.3590412,-0.96756554,1.5347313,1.2914758,0.06506255,0.036686674,0.49625337,-1.9275889,0.32428083,-0.33772475,1.157321,1.4227806,0.15852964,-0.36354434,1.1460524,0.006364852,-0.9932346,1.7754248,-1.1788528,-1.9252821,-0.08550604,-0.75083315,-2.3439178,1.1227077,0.70920205,-0.56516826,-0.57066363,0.57391244,0.5102611,-0.14389862,0.27291644,1.1416198,-0.5643778,-1.0869431,0.9337401,0.32496268,-1.2685654,-0.5206148,-0.9058513,-0.081734896,0.043942317,0.12517604,-0.49071783,-0.90935266,0.4319011,-0.5400486,0.17976332,-0.49095976,0.36436534,0.13110945,1.388495,1.5854875,-2.208432,-0.38460636,-1.386193
WM266-4,1.3450115,-2.3860137,-3.0967562,0.032932617,2.3254457,-1.3581874,2.4904563,2.5697925,-0.6957224,0.58544284,2.625825,-0.5830694,0.72875166,-0.7144706,1.7044653,0.6288104,1.6847124,-0.9667579,2.4469924,0.72784173,0.7157986,-0.2410719,-0.33289328,0.7765116,-0.16884348,-2.6123013,0.40918288,4.127183,0.5724132,0.95168066,-2.5283637,-2.1513028,-0.13515687,1.307793,-2.4480515,0.788388,-0.9143269,0.56566846,1.227789,-0.15745926,-2.0644624,-1.8767817,-1.8255059,0.520552,-0.8317619,0.50852126,-0.4179614,-0.5865993,-0.05354798,-2.450453,-0.8332242,-0.90801144,-0.40653837,2.471877,-2.118979,2.9221802,-0.40920877,-1.6891578,0.4787068,1.5126088,3.7857366,2.5408416,0.7078901,1.8315005,0.80973,-0.12458314,-0.015985714
NCI-H1105,1.4148856,0.5792045,0.68837786,-0.015754998,-0.809283,0.13511258,-0.87684864,-2.1567633,-0.08561134,0.78967524,-0.44475153,1.0585206,0.3366625,0.5995492,-0.24151006,-1.012034,-0.64194435,0.98797697,-1.4680492,-0.109850265,0.23219886,0.42370513,0.16776896,-0.79161704,0.0505237,-0.27443781,-0.06787342,-1.2498153,-0.7541728,-0.5611256,-0.20674317,1.3056933,-0.8661182,-0.90406156,1.4605994,0.68051696,-0.18265447,-0.04863003,0.5352241,0.24873605,0.21801765,0.4004134,0.25311387,-0.7553941,-0.5291428,-0.20223743,0.83514017,0.21650596,-0.56935287,-0.9618609,-0.35602582,-0.1645752,-0.48008928,-1.4390868,1.1245778,-0.1790224,0.49905133,0.63330954,-0.5802242,-0.79894567,-0.21668948,-0.8412966,-0.4290411,0.8550645,0.015515545,-0.74081975,0.88307637
A101D,0.3432839,-0.1786045,0.5285466,0.28501308,-2.34911,-0.09119748,-0.61308265,-0.66238964,0.56255656,-0.28502947,-0.97849345,-0.026700854,-0.65510505,1.0846512,-0.6211033,0.07239753,-0.827701,0.057263773,-0.79719585,-0.01996915,-0.3830882,-0.12752911,0.09014023,-2.2725585,-0.74084765,0.562593,-0.041591287,-0.15949532,0.5268263,-0.80716544,1.5189146,0.26333368,-0.08731002,-0.62534606,-0.06591393,-0.23452096,0.4668145,0.1609997,-0.5410682,-0.3922608,-0.60995924,-0.24755473,0.025929108,0.41923237,0.46822828,-0.46542054,-0.91717464,0.087659426,0.50266564,0.027805626,1.3193288,0.69232297,-1.0766929,0.3081478,1.2347484,-0.98977506,-0.29752657,0.12128825,-0.9031413,0.09073714,-0.1709494,-0.6772505,0.2594431,-0.15018758,1.1997606,0.4172811,0.94164556
KE-97,0.76476157,0.14012538,0.61042005,0.24599816,-2.0200849,0.13680995,-0.99103343,-0.68886507,0.23831153,0.457068,-1.1251369,0.58435816,-0.41733503,1.2480785,-0.31669846,0.36546838,-0.2307042,-0.03887248,-1.0686767,-0.5301116,-0.5359021,0.46609855,0.0010296335,-1.921067,0.09964344,0.2966215,0.14724696,-0.5068299,-0.21408844,-0.6168802,0.8370413,1.7255936,-0.74587536,-1.4076384,0.9482332,0.4648642,-0.2079549,-0.050715722,0.19728467,-0.5314916,0.10842614,0.167276,0.32873043,-1.0015606,0.30966556,0.75031793,-0.059333887,-0.060627244,-0.2043297,-0.7222659,0.8231415,0.682139,-1.3627244,-0.34717318,1.3205998,-0.98742646,1.1396084,0.7473118,-0.7983451,-0.45366523,0.12897497,-0.65853715,0.23645714,-0.20178954,1.2015338,-0.13271491,0.5679914
NCI-H2085,0.7952447,0.6187379,-0.052087814,0.2114419,-0.8132227,0.10206488,0.070462346,-2.3460813,-0.027890738,0.6958262,-0.73819995,0.39521024,-0.0096823145,0.82699084,-0.33215177,-0.65083724,-0.60718787,0.52449536,-1.1788682,0.0064798295,-0.15368214,-0.1529829,0.48364842,-1.4066157,-0.7729526,0.023631182,-0.21110374,-0.3679431,-0.033876568,-0.5149333,0.39768654,0.61033756,-0.32447407,-0.13671428,0.7061107,0.39700502,0.5834768,-0.30738986,-0.04406537,0.5763001,0.27220163,0.41563916,0.5303205,0.04886788,0.0186657,-0.25473076,0.42772692,-0.009094967,-0.5662981,-0.30353802,0.12158205,-0.27722663,-0.7823474,-1.2059786,1.0747789,-0.4914121,0.4995024,0.7173157,-0.77257717,-0.6658326,-0.94191545,-0.8841111,0.0075341836,0.76538944,-0.33999014,-0.53298604,0.99118614
A2058,-0.27259472,-0.406622,1.0644671,-0.5807118,-1.0767964,-0.7106991,-0.5495857,0.7055262,0.062145643,-0.46337086,-0.38046882,0.68863255,-0.5094318,0.58676773,0.60552096,-0.5454708,-0.7572288,0.068706065,-1.6565636,-0.30783668,0.8546124,-0.6513537,-0.72608477,-0.15599069,-0.08881627,0.56860137,-1.3516064,0.7208644,-0.073731065,-0.395035,0.21540636,0.8805652,1.2059014,0.392833,-1.8596735,-0.80229783,0.5378475,-1.2904522,-0.46838623,0.35089177,-1.0173296,-1.2149885,0.4309157,1.403494,-0.70957834,-0.84973586,-2.7460375,1.7752624,-0.18256693,-0.5119985,0.6251135,-0.34715837,0.17775977,2.932627,1.8318669,0.31492734,-0.22498341,-1.5333561,0.003682211,0.8303792,0.84752554,0.7892002,-1.0192142,0.26264364,0.22538452,-0.29596573,-0.22055586
Raji,-0.06847535,-1.410333,1.0067126,-0.6000933,-3.794806,-0.18648082,-1.3373508,-0.20965664,0.70054525,-0.38963076,-1.4374279,-0.85860306,0.1160115,-0.0135884285,-1.2956021,-0.4239864,0.47341144,-0.36052084,-1.437816,-0.034711555,-1.0463336,0.7387681,-0.5398282,-2.5620203,-0.61848545,1.4226048,-1.3423651,0.30108297,0.6217519,-1.5642341,1.4493642,0.19360837,-0.19407569,-0.9236813,0.39493793,-1.5116122,-0.061653078,0.43427324,-0.35537982,-1.1713144,-1.0582397,0.14909296,0.049345925,0.33864415,0.5212233,-0.89403355,-0.874877,0.99773777,0.09505416,0.9592568,2.4175503,0.4366744,-1.7096912,-0.21128106,2.3191319,-0.090956986,-0.38764384,0.17409179,-1.2409952,0.14885364,0.6404416,0.14259985,0.2883537,-0.5167041,2.0860143,0.42464903,0.81761515
1321N1,-3.8426867,-5.07636,-0.34626594,2.8017647,-2.163543,1.2866067,-3.6457794,6.76769,2.577416,-2.1055233,0.8120236,-5.918319,2.4070895,-0.3137728,-2.3409607,1.2896509,3.1747515,-3.392377,5.106491,1.3881948,-3.910521,3.419092,-0.32580632,0.81528,0.07059855,1.1937473,1.1796303,1.0294223,4.297994,1.1113217,0.47947922,-2.2480252,-2.4114811,1.649424,3.864784,0.33767062,-1.7008978,5.801529,0.6735533,-2.534306,-1.4570343,-0.19956808,-3.8441105,-0.32565776,0.0077931285,5.594192,1.5323843,-4.8605537,2.4676058,2.357161,-1.5940664,2.0097513,2.743906,-2.4363554,-5.738448,-1.7129503,-3.9826338,1.6938301,0.9983319,2.18646,2.7274554,3.4335134,-0.5772637,-3.5107288,5.139477,1.1081579,-1.3543546
PrEC LH,0.53183424,0.13913693,0.96768725,0.34689063,-1.4961301,5.1392242e-05,-0.2786436,-1.3437309,0.37850216,0.13391145,-1.1226074,-0.20443952,-0.6243516,1.1262203,-0.4283131,0.029481765,-0.91693103,-0.1304623,-0.9101512,-0.57392025,-0.18352805,-0.037403256,0.40010774,-1.9402593,-0.92731404,0.44717345,-0.41113827,-0.03150305,0.39792448,-0.61083084,1.1615045,0.6702041,-0.1030011,-0.5634229,0.1395424,0.065024145,0.9771402,-0.15670557,-0.38753572,-0.03733714,-0.3325203,-0.268611,0.04248579,0.07048554,0.063432194,-0.04422628,-0.31933516,0.15146807,0.31878594,0.22342053,0.89962447,0.0018036664,-1.0689243,-0.13378617,1.0352538,-1.0990382,-0.0599038,0.63744074,-1.1375687,-0.21660154,-0.6773898,-0.94077516,0.3534444,-0.026371479,0.24102744,0.11496098,0.77702796
GCT,0.2037102,0.26770785,1.0822265,0.7816087,-0.9438548,0.46066606,-0.5098014,1.9945053,0.80365145,-0.7821119,-1.542248,-1.8619716,0.20331123,-1.5147383,0.39752007,-0.9600106,2.1306107,-0.87158,-1.2320447,-0.6364909,-1.8303093,0.32477635,-0.77367055,-0.085253455,-0.04104532,2.205626,1.1390967,0.7290993,-0.6265759,-0.14628561,-0.11190237,-1.6349705,-0.84936327,-1.7746756,1.9536425,-0.3774125,-0.2559827,0.9466174,-0.83731025,-1.5538731,1.149889,0.3572691,-0.24043289,0.6393092,0.2324969,2.5488765,-0.17067754,0.51392543,-0.34847006,1.9015193,1.965244,-0.3479729,0.39276975,-1.9187244,0.740468,-1.3358806,0.12158205,-0.25576693,0.08296612,-1.3155909,-0.42660648,0.6512175,-0.108100876,-1.035031,0.56721246,0.68163025,-0.19011676
Panc 02.03,1.1519213,-0.51046234,-3.4405968,0.061410356,3.0472403,0.48074526,-0.5269426,0.15159425,-0.034865692,0.3288884,0.85868514,0.44445634,0.6283975,-0.07328686,2.3129346,-1.1563265,1.0391297,-0.45411697,0.78651154,0.06564561,-1.0087858,-0.581232,0.7690194,1.3655256,-0.62924105,-0.59668213,1.7650939,1.54749,1.1848173,1.9452779,-1.5069097,-0.9008825,0.64669853,0.9373724,0.11296688,-1.3620291,-0.012630561,-1.1766094,1.3124807,0.33070093,0.89557576,0.07219241,0.36748308,0.358244,1.1212847,0.66696703,0.95054156,-0.6925536,1.3220711,-1.69316,-1.841659,-1.2883145,1.2253057,1.5460773,-1.0868632,0.76445144,-0.18157905,0.43199354,1.0624939,-0.6297463,-0.25888503,2.7683089,-1.4677742,-0.85717297,-0.18161657,-1.1811126,-1.6689414
JHOM-2B,-0.8941646,-1.0908269,-1.1601336,4.273633,2.7654405,0.24748749,0.18553326,1.6108927,0.67305994,-0.7707619,-0.28510895,0.38827825,0.5805904,-0.03700744,-0.36694828,-0.15195748,2.3146768,-1.8797605,-0.76054657,0.26384038,0.8734041,-1.8897535,0.97517234,0.9416523,-2.7500062,-1.6496025,0.30549926,3.2999594,0.62493384,-1.367082,-3.8672633,-3.3562727,1.4413716,1.6338961,-2.1154327,2.2540305,-1.4496634,-0.57206446,0.07123409,-0.04047686,0.786381,-0.44746697,-0.31485283,2.0228124,-1.8394995,0.23651862,-1.1467866,0.4981551,-2.5222936,-1.6160183,0.9758724,-3.3132818,-0.14119707,-0.5136359,-1.7730644,-1.1343496,-0.9569319,-0.5922655,-0.7760916,-2.8932042,1.4856561,3.2845354,-1.4437313,0.43533093,-0.43267578,-2.4486818,1.4725488
DU145,-1.7464538,-1.1838913,-0.48346606,-0.5789297,-1.4021232,0.43594986,-1.4869835,0.16272058,0.24391499,-0.26768607,-1.4459438,-0.074653596,0.62933564,1.3729694,0.24999869,0.9897074,-0.89991295,-0.25935343,-0.07340431,-1.4225711,-0.22371954,-1.3147734,-0.41580343,-1.4611837,-1.4349333,-2.112928,1.4116054,0.64758193,0.7606622,-0.5844117,1.5887151,2.7360942,1.5875964,-0.016537596,-2.7465398,-2.0156155,0.8742167,-1.8036699,-1.6706353,0.11195334,-0.67744684,-0.9242781,-0.11975133,0.5469804,-0.010046117,0.2270568,-0.21359952,-0.96476287,-0.11623458,0.9452347,-0.33067298,0.32487908,-0.10745442,3.446999,0.5883905,-1.8776212,-0.16630264,3.456097,0.91256523,-0.48164773,1.0029364,-0.96502525,0.6280934,-3.7194548,-0.94641316,0.29429024,-0.24257296
Hs 870.T,-0.5406902,0.3791703,-1.8591018,-0.9227883,-0.6828474,-0.53717697,-4.1421933,1.1099503,3.9051752,-0.2039662,-0.4986763,-1.6488656,-0.003538821,-0.3938805,-0.46883065,2.371974,-0.6896398,-0.4878363,0.7403198,-1.454287,-0.67678404,1.1909295,-0.24318168,-1.4901909,-3.3383942,0.23892508,3.9918857,-1.4530808,2.3722758,0.32909337,1.6117423,-1.7326304,-1.5104059,-0.42787087,1.8108284,-1.014839,-0.37428188,0.66554296,-2.419956,2.830421,3.9320319,3.0530114,-0.5269956,-2.2143393,4.620307,2.3728256,2.2429209,-2.7081156,0.81653327,2.149197,-1.0067692,-0.3272487,0.03423217,-3.2845652,-2.0656316,-2.0766976,-1.3346869,4.1697307,3.180426,0.009276614,1.1752057,0.4213944,2.5915017,-4.530701,1.5536054,3.7020638,0.19358627
TOV-21G,1.5937725,0.50996286,0.81754917,-0.011031575,-0.79509413,0.07915361,-0.46824712,-2.2418602,-0.12522647,0.5798495,-0.54086226,1.3546183,-0.24663784,0.59200954,-0.52741873,-0.9797502,-0.13525912,0.7477001,-1.0334711,-0.17704,0.69893694,0.46746573,-0.027308265,-1.0950278,0.39677554,-0.8827163,-0.28511748,-0.99782425,-0.20740783,-0.54695106,0.5158303,1.7962004,-0.19323969,0.24929556,1.5208933,0.6566344,0.33285698,-0.043198526,0.8258274,-0.039900333,0.26292437,0.55707276,0.22138306,-0.63569015,-0.60715955,-0.53207815,0.67884654,0.042947233,-0.16767879,0.63177466,-0.058917824,0.12804753,-0.64744705,-1.0208392,1.0762911,-0.73819846,0.4466384,0.5592337,-0.112390205,-0.9414943,-0.31810182,-1.0568918,-0.12526268,0.9681041,0.22790384,-0.7058372,1.2391317
KM12,0.35441712,0.9962792,0.7017798,-0.018732382,-1.3011817,-0.30549613,-0.43436623,-0.10349074,0.8600706,0.24683064,-0.5352692,-0.54745615,-1.0275763,0.25602487,0.3889779,0.72724324,-0.6445658,0.8059317,-0.312179,-0.6575542,0.032313272,0.17111154,-0.30159232,-1.3760524,-1.0417418,0.5146344,1.1419104,-1.4533616,-0.27261508,-0.3913073,1.5026795,-0.1202316,-0.69981307,-1.0136447,0.3845948,-0.027720695,0.6042209,0.19727778,-1.4602754,0.30564013,0.9853208,1.1921121,0.27598134,-0.64789236,1.3129995,1.1530648,0.17366385,-0.5874666,-0.3194867,0.9705708,0.37172332,0.6972589,-0.759128,-0.9769113,0.37108174,-1.4272407,0.19496822,0.31790987,0.3277759,0.17746669,-0.17149505,-0.9400432,1.2359084,-0.29313,0.5144633,1.1414309,0.5085203
Hs 274.T,-0.8024172,1.5153618,1.7092597,-0.38059372,-0.07521638,-0.26058066,0.5045684,0.8617867,-0.22173403,-0.023611084,-0.43611005,0.1955513,0.38696912,-0.75469506,-0.4111316,-0.5954876,-0.37873843,0.66142493,-0.59212065,1.1894376,0.54837906,0.049734436,-1.241243,0.8948046,0.91451687,2.5071893,-0.43509388,-0.8675797,-1.1881801,-0.72127306,-0.39477885,-1.1301383,-0.5636308,-0.27139556,1.029617,0.3067648,-0.18295884,0.5125416,0.5071374,0.49418753,0.3486187,0.42925808,0.27167597,0.37090537,-0.23575647,0.18780053,-1.1783665,1.5936718,-0.7559615,0.9893463,1.2383317,-0.45596138,0.52093387,-1.6123625,0.16804488,0.35155958,-0.52906036,-2.3673823,-0.71059984,0.3673253,-1.4811045,-0.1508525,-0.04234457,0.84708345,-0.7497024,0.6201515,0.25350717
U-118MG,0.11658245,-0.23492457,2.304445,0.20079674,-1.1331638,0.024294898,-0.40807468,0.14672998,0.8289034,-2.1253316,-0.3075743,-0.6904091,0.33413747,-0.8751648,-0.97589207,-0.9562237,0.9327401,-0.18063134,-1.5019705,0.18818285,-0.18462552,0.30280903,-0.62557024,-0.62295264,-0.42198464,1.7520037,-0.4900759,0.68894726,0.73978746,-0.5874093,0.1399545,-1.0336504,0.2839476,0.25882867,0.79952604,-0.2576534,-0.4121416,2.0622206,-0.38129294,-1.2283432,-0.72154987,-0.019798785,-0.457425,1.4461162,-0.4068662,1.3691006,-0.7276424,1.8601379,-0.8007174,1.0487337,1.2489206,-0.23725992,-0.2200185,-2.0292065,1.0739231,-0.36075234,-1.0697536,-0.9139946,0.05675807,0.12268627,0.6859964,1.0396,0.44902852,1.0079749,0.88239455,-0.35268292,0.977052
NCI-H1092,-0.89735764,-0.7277675,-3.9627335,-0.8496721,2.313353,-0.41066608,1.5757265,1.2862332,-0.89508986,1.7042491,0.9717772,-0.42515963,1.3977745,-0.56979614,1.478033,-0.2892597,-0.6765317,-1.1541383,2.3094263,0.5383851,-0.1599356,-0.9559559,-0.16706689,0.55111885,-0.82577217,-2.0999687,0.63666576,2.6018577,0.2737219,-0.113479435,-1.3052198,-1.4776473,-0.33517337,0.10973446,-2.1920044,-0.7804052,-0.26221105,-2.4605372,0.3549482,0.8171414,-0.93773687,-0.504951,-1.4781644,-0.5110639,1.1444095,-0.084431976,0.52146137,-2.6954029,1.2079272,-1.3283259,-0.45851517,-0.36818582,0.47752178,2.199707,-1.816274,2.473606,-0.34710467,0.40879324,0.24087286,1.0726185,1.7599576,0.34044755,0.8542986,-1.5452194,-0.3873102,1.51517,-0.21863312
TT,-0.25333187,1.5126811,-0.33469144,0.49692902,-1.5079453,0.28396484,-1.2019548,-0.17641117,-1.0890037,0.75542563,-1.4799496,0.59573287,-1.077166,0.6668665,0.89932585,1.1912216,-0.62656575,-0.5449088,-0.91591716,-0.2091052,-0.9217791,-0.29421067,0.153375,-2.103532,1.4641593,0.9262428,-0.5023173,-0.5868782,-0.8716315,-1.2256814,1.286389,1.3334848,-0.17025098,-1.4454467,-0.9137057,0.40217906,0.1850473,-1.7153612,-0.69235766,-0.43439314,0.8196651,-0.102505706,1.3422208,-1.2019838,0.5104937,-0.11953628,-1.0240278,-0.72872657,0.15876606,0.9843152,0.41408807,0.6990069,-1.0913479,1.354108,1.3598907,-1.0420026,1.0937269,0.9769518,-0.87199545,-0.81278515,-0.92872244,-1.041702,0.25183782,-0.9355711,-0.16111863,-0.14917493,0.03438779
A4/Fukuda,0.282689,0.30290055,1.8671677,0.3289919,-0.13658613,-0.42349038,0.14677376,-0.94418454,0.08523841,-0.12324431,0.6157786,1.6709383,0.39883664,0.45683315,-0.029000282,-1.166879,-0.32912514,0.75673693,-1.4014077,-0.8272647,1.5309738,0.20331159,-0.26166296,-0.04500185,1.3332261,-0.7400367,-1.1553298,0.1724231,-1.2462462,0.24322532,-1.3378825,0.8251276,-0.8954715,-0.3178823,-0.6424499,0.50696003,-0.54787356,0.38943693,0.830351,0.67442673,-1.6267477,-0.7931845,-0.9451004,-0.36859035,-1.9523814,-0.16845472,0.47567904,1.4385262,-0.8056724,-1.0195715,-0.9046898,0.7026326,0.8404973,-0.11387816,0.7833643,0.2846151,0.21647255,-0.7477653,0.08627305,0.41157958,1.8870933,-0.5062465,0.13113388,3.1775675,-0.6059235,-1.0951467,0.5882698
F-36P,-0.0036148392,-0.87778586,2.294933,-1.1009586,-1.431674,-0.1311047,-0.8495407,-0.90694547,1.0377512,-2.3152318,0.23741518,-3.256007,0.17285416,-2.5521123,-0.21937825,0.075659126,1.6002004,0.7297228,0.23322606,-0.5191074,-0.5593516,1.1521603,-1.2761465,0.36189774,-0.37353742,2.5170941,0.4806657,-1.5606552,1.9015371,1.9570101,1.9001651,-0.28414038,0.18913597,0.42731863,0.8460343,-1.5392343,1.2995687,3.0598946,-1.0997331,-0.27477846,-0.55258054,0.4022735,0.21997754,2.0140588,0.4266347,0.82336557,-0.1325298,0.8414175,-0.37365493,1.8224573,-0.4850278,1.0748152,0.44020003,-1.97697,0.78796333,-0.9628734,-1.5864066,-0.51062304,1.5463268,1.8752521,-0.12927501,0.91228056,0.98253924,1.0017643,-0.61608905,-0.24619721,-1.1676376
BICR 56,0.70376503,1.1181448,0.035119027,0.16158816,-0.5179757,-0.29075018,-0.18712933,-1.6026322,0.071636565,1.0011009,-0.80876994,-0.118079975,-0.5601975,0.45811668,0.6782483,0.36460078,-0.482943,0.8793073,-0.5692613,-0.74615824,0.31140232,0.1797328,0.51376915,-1.0992326,-0.25921425,0.3354135,1.1082745,-1.5583941,-0.21122661,-0.15089794,0.9802046,0.13183603,-0.89917964,-0.86978817,0.50017154,0.18181193,0.7682229,0.7248527,-0.41709247,1.0812191,1.1577702,1.4817493,0.5611291,-0.6775981,0.9195342,0.3606804,1.1563691,-0.6817788,-0.86718005,0.5594033,-0.41113412,0.004309144,-0.896116,-1.7495842,0.45593056,-1.1503011,1.3708508,0.54368013,-0.16852058,-0.04356991,-0.88381535,-0.6834964,0.76089036,0.66363716,-0.50878066,0.06791471,0.3146166
LoVo,-0.14121132,0.21542591,1.5179075,-0.28652385,-0.5339305,0.27203926,-1.233852,-0.39028722,-0.11737153,-1.051387,0.615881,1.7387569,0.57993096,1.2319351,-0.7684996,-0.22360477,-0.63890606,-0.40319455,-2.226666,0.4850225,0.48467183,-1.262378,0.35926738,0.75011456,1.0420471,0.5486643,-1.1445513,0.23011631,-1.5077134,-1.3834416,-1.8388286,0.9469859,0.3276698,-0.45290142,-0.56835043,-0.2048811,-2.1195574,-2.123605,-0.042415537,0.19465537,-1.0123515,-1.4347663,0.49827906,-0.6917688,-1.4900268,-0.79076743,-2.125436,2.8015485,-0.41865927,-0.6368405,-0.20912993,-0.025462925,0.40676817,1.4124929,1.0789303,0.30435312,-0.46512085,-0.24764219,-0.8048321,-0.09142684,1.1686503,0.0075964183,-1.738038,0.049325258,-0.010469639,-0.8187814,-0.42062187
PK-59,-0.6293181,-1.7606676,-2.2140183,-1.3155526,3.5462015,0.12734547,1.6157384,-0.026756614,-0.87132704,0.6542133,2.0949214,-1.5011233,2.9977767,0.06051646,-0.59285575,-2.713129,1.1829298,0.27557027,2.0326803,1.7995007,0.72037923,0.15377957,-0.076581016,2.6181889,-3.0982938,-1.8308089,0.97145927,2.2639909,0.5516957,0.5440222,-1.9747488,-2.3362,-1.7690856,1.4977858,1.236616,-1.1697931,0.32121164,3.2425811,0.47405255,1.1871135,-1.7970283,0.22369753,-2.755065,1.3038402,0.24482593,0.9078278,2.676585,-2.3903673,-0.33365613,-0.9398199,-2.484076,-0.92956203,1.7685435,-2.9017124,-1.9459189,2.7296767,1.5859115,-0.4700076,1.7750297,2.2109056,1.9518603,1.3147343,-0.86519146,1.9568669,-0.29698336,1.137425,0.22148539
BJ1-hTERT,0.917493,-0.021772936,0.5861479,0.40233108,-1.5752501,-0.16379212,-0.19871788,-1.4824407,0.3608913,0.017330464,-0.9740754,-0.40116215,-0.6664069,0.7179159,-0.30669773,-0.0013409341,-0.60692465,0.27202514,-0.95033073,-0.22380254,-0.24224325,-0.2817822,0.47201002,-1.8793511,-0.88878727,0.4401457,0.115105554,-0.5099627,0.42018247,-1.0024245,1.0593423,0.6775061,0.03410665,-0.49969813,0.024154864,-0.11719553,0.9577865,0.5460251,-0.76753294,-0.04700908,-0.0665606,0.52547127,0.264328,0.08337988,0.12859339,0.32635498,-0.28038588,0.046785265,-0.18512058,-0.6043829,0.74552435,0.48828256,-1.0517718,-0.20964195,1.2194073,-0.9388115,0.5220174,0.56239015,-0.82067883,-0.35839957,-0.6806568,-0.7166216,0.24679637,-0.34921974,0.32914928,0.06707893,0.8092605
HCC1187,-0.6346952,1.7730898,-1.2397037,1.1995723,1.6230175,-0.55755067,0.6754352,-2.001058,-0.9229417,0.77620625,1.7322023,0.63556355,0.50373065,-3.0013971,1.2730553,0.96827465,0.78072095,-1.3914709,-0.4402548,0.14537312,0.9299717,-0.7795449,-0.12349455,-0.6260337,2.8077066,-0.621895,-2.8583243,0.05629229,-1.7074846,0.3012548,-2.145362,0.5239127,-0.46755788,-0.5890089,-4.1446166,1.6043823,-3.2804987,-3.9678402,-0.17114848,0.39272985,-0.6589989,-1.1611247,-0.10922131,-2.7202935,-0.8338994,-2.871069,0.5345913,-0.7323799,1.5623515,-2.4250479,-0.2733887,0.9961331,1.2480601,2.5371416,-0.8356121,1.8264046,-2.0589244,0.5900778,-1.2498289,-1.8206471,-0.14574766,-1.9467405,0.12151247,2.341247,-3.0594862,-2.504031,0.6688173
HLF-a,1.5201377,0.5022996,0.77585566,-0.14877918,-0.76410156,0.18610774,-0.69153035,-2.3129866,-0.20975734,1.0900204,-0.453711,1.0311182,0.6086398,0.72557396,-0.5118702,-1.4605029,0.28274068,0.84119517,-1.5694083,0.23853172,0.40088117,-0.0070889294,-0.009655017,-0.4104074,0.05380194,-0.46623486,-0.60537696,-0.55422693,-0.81469506,-0.72780263,-0.26416406,1.5088099,-0.92281646,-0.6132429,1.5854691,0.53997433,-0.105665,0.41683277,0.607123,0.82911885,0.0530038,0.6572727,0.18694894,-0.70729655,-0.5818675,-0.07169755,0.96053064,0.22117876,-0.37247884,-0.13426712,-0.110594675,-0.15143622,-0.42230102,-1.5149434,1.2531447,0.33175856,1.3495225,0.4069116,-0.52826786,-0.73888814,-0.23196019,-0.9095358,-0.415299,1.3823882,0.09644,-0.7944493,1.161014
KG-1,1.2826927,-0.14451334,0.81707925,3.1148443,-2.960715,1.5488636,-1.7915108,-2.010657,-0.00018280745,-0.6194835,-2.014011,-0.8119504,-1.7392911,1.5160645,-0.8623511,0.8033946,0.36879742,-0.28926572,0.27090967,0.7812811,-1.5948458,-0.15912616,0.6741828,-3.6148791,0.67780626,1.1536555,-1.4747031,-1.2929093,0.9488703,-0.30389282,2.3026364,2.045682,0.85093075,0.065170236,2.6027126,1.1462506,0.09704259,2.24481,1.7088196,-1.9726936,2.081357,1.7937138,1.2839471,-1.5519022,0.5359591,0.0025803447,0.8223924,-1.4818156,0.22354203,1.9977674,2.2866979,0.58496463,-2.145129,-1.4090883,0.36262468,-2.7584474,-1.8086481,2.069106,-0.74913496,-2.4075527,-3.2019045,-0.111770555,-1.0763483,-1.1416421,1.0957054,-2.8243191,1.8592951
OVCAR-8,2.8230329,0.5125528,0.6552467,0.41261998,0.12761807,-1.0593126,-0.89446706,2.1915216,0.50267255,-0.17044395,-0.23195341,2.009567,-1.7081695,1.9867787,1.2821507,-0.1508635,0.2324051,-1.3422292,-2.2802377,-1.4034423,-0.51097906,-1.5261906,-0.13922253,-1.2783405,0.13151689,0.29019356,1.3867357,2.9757469,-1.3925799,-0.485923,-0.07868327,-1.6131742,1.2572887,-1.6157526,1.8151405,0.010896847,-1.4141563,-0.004957497,0.15716627,-2.7115772,3.3686395,-0.6512161,0.44187817,-1.0041866,-0.048192084,2.8620224,-1.5172445,1.3993729,-0.032971293,1.6129487,1.8341372,-0.55307317,-0.84471256,-0.81379133,1.0675751,-1.8675201,2.9147754,0.17468846,2.0147424,-2.3060951,1.8477165,1.9164891,-0.8207712,-0.9118996,2.532179,-0.116572715,1.840859
RKO,0.2829207,1.6246938,0.025835522,-0.81609523,0.31236127,-1.0951102,0.5398334,-0.31632197,0.25298047,1.2723098,0.05024054,0.51533735,-0.29757252,-0.37951842,1.0158225,-0.08274917,-0.77474093,1.4692088,-1.1897,-0.8581682,1.8787032,0.30027604,-0.04280966,-0.117837414,-0.82554007,-0.37815976,0.8993714,-1.5303231,-1.3100873,-0.6661866,0.3001526,-0.68505514,-1.180243,-1.2064635,-0.24926233,0.39311385,0.45009062,-0.42367882,-1.1587251,1.4278202,0.43959612,1.1723286,-0.17490424,-0.3386236,0.9862653,0.5808599,0.51410604,-0.39468688,-1.6593301,0.9984649,-0.47427028,0.0134782195,-0.5055706,-1.6767205,0.5700428,-0.13643602,1.8748256,-0.9943311,0.37494588,0.23569898,1.4025351,-0.890867,2.4161508,1.7556505,-0.57859665,1.5088136,0.4036643
NMC-G1,2.7675996,0.594984,1.9207977,-0.4026398,1.7412988,-1.9987184,1.4001265,-1.4555548,0.7181134,-0.5793738,3.933781,-0.23604843,1.1831648,-2.3759327,0.5844156,-1.3093016,0.729625,1.5990907,0.69006866,-0.45829704,2.9662342,0.7159385,-1.0828937,1.0944608,1.3287406,-1.1714877,-1.192839,0.29449642,-1.1174294,1.3904355,-2.3086474,-1.3104862,-1.6990438,0.6169087,-0.054498162,0.9356602,-0.94074607,2.3345873,0.411775,1.1410342,-2.1698766,-1.0541489,-2.3649569,-0.9286425,-1.2866219,-0.18822685,0.5235858,1.055083,1.0088968,-2.4447806,-1.2326597,1.6492896,2.1678054,-1.0137345,-0.23147291,2.9614148,-0.29388866,-3.2917476,0.86691123,2.32401,2.3171754,0.09705959,-0.16120708,5.050759,-0.39739245,-0.16788386,1.8356644
TE-14,-1.1050476,0.45092276,-0.34843948,1.4532312,-0.39704314,0.15104298,-1.9860861,-1.5020994,0.8449154,0.0260499,-0.44075143,-0.64217305,0.72089696,-0.09586987,0.7556693,0.7850233,0.7734057,-0.24572182,-0.35013187,-0.5408764,0.12795737,-0.004902561,0.2975099,-0.899858,-1.2481179,-0.5809568,0.74876434,-1.6971226,0.5294246,-0.38486335,0.51913595,0.9169588,-0.4405243,-0.0032235458,-1.6560385,-0.40421045,-0.6511036,-1.609823,-1.8993691,1.2974904,1.0188177,0.93449444,0.11766118,-1.3078837,1.3820287,0.12029353,0.91787595,-1.9083836,0.4202063,-0.47637707,-1.4185312,0.3956743,0.090945676,0.66861063,-0.81880087,-1.5147669,-1.0884799,2.3333,1.0398151,-1.1591837,-0.92647445,-1.3625351,-0.02768299,-0.88683355,-0.49951667,-0.8688091,0.5461712
Hs 863.T,1.6514467,0.59376496,0.12612826,-0.11031036,-0.6582473,0.2537843,-0.592585,-2.1848207,-0.31922764,0.7292588,-0.52451164,1.0713942,0.21080399,0.92239046,-0.3008861,-0.97648656,0.32258958,0.49109527,-1.4123998,-0.16180629,0.1720041,0.17303723,0.1601136,-0.7156812,-0.11826852,-0.29172772,-0.51673144,-1.1177965,-0.37051076,-0.6382356,-0.13522592,1.0447909,-0.8094817,-0.7644647,1.4342209,0.548601,-0.13335136,-0.27396694,0.48057744,0.8060422,0.45452753,0.56038016,0.41887984,-0.8405529,-0.30434215,-0.21295226,0.45432103,0.15198545,-0.15744197,-0.2680264,-0.22762515,-0.09772331,-0.58303493,-1.5866071,1.2737323,-0.21985865,1.0829743,0.67448115,-0.46400124,-0.94020665,-0.25262833,-0.83805174,-0.4297654,0.71859145,0.032949775,-0.8251916,0.82375145
DND-41,-0.06163536,0.019797653,0.88691205,0.08030606,-2.8385632,-0.5428608,-1.3481196,0.7719183,1.0903453,0.2111767,-1.3657125,-0.6339448,-1.4808233,0.57068604,0.17077102,1.2067114,-0.6712937,0.38050508,-0.22488908,-0.6424354,-0.43675658,0.40871912,-0.635128,-2.157534,-0.69035006,1.018314,0.51340246,-0.49434528,-0.19001673,-1.2945671,2.1746562,-0.022516683,-0.5844563,-1.0786152,-0.2065616,-0.19892107,0.30074778,0.1757504,-0.68998206,-0.1646378,0.6834967,0.8170917,0.31185105,-0.22542305,1.3155134,0.8752722,-0.9218405,-0.41662252,-0.4895064,1.0437752,1.4382184,0.90945715,-1.3624742,0.028186481,0.73487693,-1.9441968,0.2873569,0.13493323,0.043985624,0.6674958,0.017920498,-0.3446371,0.9912325,-0.81032616,1.5994207,1.270396,0.5726453
NCI-H1930,1.1161749,0.5419549,0.16214328,0.16547142,-0.641991,-0.07238744,-0.09107887,-2.2891934,0.0020419806,0.56931204,-0.7064389,0.53600705,-0.31016752,0.6116566,-0.27484065,-0.47339836,-0.18966451,0.6072377,-1.0724165,-0.30323762,0.36103737,-0.13052861,0.46846724,-1.365517,-0.5750871,0.023869347,-0.25396398,-1.3876774,0.4373799,-0.50376827,0.52365416,0.5805975,-0.28501767,-0.435282,0.7545659,0.26841804,0.5921501,0.28495508,0.13955097,0.51787794,0.4269266,0.95221555,0.24239683,-0.37617597,-0.09681511,-0.17871334,0.47100103,-0.058392677,-0.47194758,0.22816259,0.062358774,-0.017488346,-0.8617084,-1.2930409,0.8783297,-0.57593584,1.0101992,0.65492284,-0.45560473,-0.4611752,-0.676506,-0.70885617,0.099763535,0.51491606,-0.21296051,-0.4941727,0.9886441
JHOS-2,0.5985311,-3.0983758,2.1943102,-1.4603735,-3.2315164,1.4322381,-1.6913762,-0.40103278,-1.76385,0.14525214,0.43505204,0.32020122,-0.031327337,4.018131,-2.4905825,-1.447649,0.83676827,0.7520051,-1.1718638,1.2468749,0.27470097,-0.9223798,0.096628055,0.9553273,-0.79832745,-0.7396732,1.2120446,-1.7419128,-2.031245,-2.3311357,1.5362738,3.8214576,-0.3820197,-1.9204006,3.791486,-3.5932448,-0.31355804,2.7205663,0.63016975,-2.8369765,0.19554384,0.07613498,0.3134975,-1.4125732,-0.10949699,1.207415,-1.3900741,0.019458378,-0.28247032,2.7379472,0.36664554,0.9294273,-0.39038283,0.13335907,0.9163554,-1.2443687,3.6300898,0.8326619,1.7261522,0.82111174,0.5127241,-1.0157447,-3.998285,-1.5732033,3.1905577,0.5484189,0.9890899
SU-DHL-1,-0.19455655,-3.229264,-0.9557636,-0.47154698,2.5708683,1.1635528,-1.3168261,2.29319,2.431787,-3.4491146,2.334315,-1.3129376,2.0040784,-0.39669552,-3.0476723,-0.34613013,0.75788116,-1.155847,5.583534,3.2015412,-2.9539094,3.4196272,-1.3788712,4.5347757,0.56741446,0.60190713,0.6891196,1.239569,5.7201185,3.8869712,-1.3947804,-0.9752867,1.9594774,5.5410104,4.9502044,-0.76818967,-1.1210775,2.6632686,3.1391776,-0.26070362,-0.9310975,-1.6760746,-1.1665341,1.7944815,0.43712702,1.0270709,1.2740414,0.7068648,4.2414293,-2.2566047,-2.9919968,-1.1696851,2.365903,-0.25721046,-4.9228587,2.1346354,-6.5329604,0.29491884,1.5758762,1.3706629,-2.2373583,4.197631,-2.6529286,-4.3213267,1.9830346,0.0349116,-2.7224166
MOLM-16,0.25159055,0.08928618,0.43521306,0.3143158,-1.8705223,-0.065489724,-0.5085222,-1.1608175,0.42208079,0.07817714,-0.9443323,-0.22368926,-0.85937774,0.89179736,-0.22750998,0.08809252,-0.65954185,0.30817658,-0.9269747,-0.44730335,-0.46620452,0.08382483,0.4388799,-1.9192631,-0.8540498,0.62586796,0.13068488,-0.47961828,0.43924126,-0.60365695,1.2857505,0.14246307,-0.06698686,-0.7341624,0.008708835,-0.18800746,0.6318107,-0.17659974,-0.9074938,-0.13637556,-0.08068084,0.77398235,0.32965988,0.05276829,0.4524166,0.5794638,-0.31202307,0.11016396,-0.21681014,-0.30189383,0.85450155,0.5095868,-1.1332104,-0.077698134,1.22949,-1.0022995,0.70841587,0.54131275,-0.7631683,-0.16459578,-0.26814312,-0.64756054,0.62947375,-0.08699296,0.4545266,0.1920467,0.6107945
EJM,1.1828479,0.79715115,-3.7554548,-2.5463688,0.07794549,-2.143041,1.8416319,0.49371904,0.62233,3.139947,0.048188236,-2.515102,1.4138397,-3.2665074,4.306469,-1.2646277,-0.35271484,0.30939353,0.3071701,-1.5836036,0.08433275,-0.06856437,-1.4538679,-1.9543768,-0.81041265,0.83755505,1.5347028,2.3502958,-1.3642418,0.7092918,-0.8746432,-2.870677,-2.694333,-3.2812972,-3.5197246,-1.6458651,1.0289981,-4.5257034,-1.7074146,2.1991386,-2.0575457,0.31374618,-1.8980404,-0.8362217,3.3405225,0.0788967,0.4803679,-2.0571957,3.2165391,-2.0093262,1.5608279,1.7925185,0.40623537,3.4763596,1.3884352,3.8365157,0.073225275,-2.0165322,-1.1884302,1.6312939,1.6469347,-2.1033297,1.4806331,0.3346579,-0.420498,4.1600432,-0.06601286
Hs 616.T,-3.559592,-4.339287,0.65226245,-3.346908,-0.23468368,7.4039307,-2.175352,-1.7174348,-4.983946,0.7760705,-2.4571066,2.507479,0.7545609,3.3017297,-4.80513,-1.1594055,2.8606293,0.7042192,-0.22156957,-0.13542466,-3.8735008,-0.99962896,0.9525839,8.359521,2.5123985,-2.2520792,-0.66878456,-6.6274843,-2.191722,-0.51387346,-0.13463986,9.609194,1.7408441,0.18195587,6.4897647,-3.3384633,1.9312029,0.48021814,1.1682378,-0.6927597,2.0063863,1.1367017,4.2113624,1.1280347,-3.253168,-5.013993,3.9167962,1.0979699,-4.121556,4.3089027,-3.3368433,-3.7550106,2.0151236,-1.9384059,0.7245272,-2.3996685,2.637391,7.6511807,1.975802,-2.6720088,-3.1512265,-0.22787294,-5.4554753,-6.113083,-4.691741,-3.7190802,-6.3355975
OVCAR-3,-1.7906286,0.0841599,-4.2039523,-1.5565882,2.4251258,1.2560743,-0.7107573,1.0461158,-1.0756325,1.6779127,-1.0094529,0.4667498,1.5057607,-0.031033278,1.0602411,-1.3194541,-0.19478424,-0.9037854,0.8194685,0.60292304,-0.783385,-0.79485035,0.04816433,1.1999584,-1.1929439,-1.3007286,2.2883537,0.7875282,0.27743912,-0.14186604,-0.553348,-0.5483272,-0.1367333,-0.47894818,-0.040329322,-2.0660894,-0.12215099,-2.3762283,0.05487439,0.08650917,0.48146102,0.49100593,-0.7044466,-0.6040485,2.323101,0.32115012,1.6266316,-2.901029,0.89771277,0.6646613,-1.028776,-1.3435996,1.6804031,0.8431319,-0.9007154,0.83650756,1.1643095,2.3249245,1.0503703,-0.1866459,-0.014621105,-0.5034324,-0.34063277,-3.22119,-0.30810684,2.1993136,-1.2285863
RERF-LC-Ad1,1.5101284,0.960754,1.4666827,1.3015149,2.2363923,-0.21235518,0.45930535,0.40799102,1.3278891,-2.4284933,2.1555436,-0.45365897,0.46813774,-2.4232242,-0.4908043,-0.5359978,0.99165726,0.29928914,2.4946382,0.8875786,0.31558666,1.3036585,-1.3313215,1.3860714,1.9441395,0.39343014,-0.46106446,0.23994617,0.72657657,1.5414273,-1.802741,-1.3992444,0.26137185,2.4741404,2.7218776,1.644223,-1.2255234,0.7834486,2.3410993,-1.0989776,-0.680857,-1.418762,-1.1855274,-0.60379326,-0.6888686,0.41047725,0.25034863,1.0803411,2.4985192,-2.2446492,-0.46297693,1.1530226,2.3482668,-0.7360679,-2.1660795,1.2042371,-3.180775,-1.7112525,-0.0021504462,-0.07981396,-1.7550522,0.17538524,-1.9879447,1.070838,-0.4763308,-0.43249425,0.3142917
HN,1.3271198,0.634842,0.749603,-0.031275023,-0.8269007,0.21267296,-0.71516997,-2.1058464,-0.20166819,0.5292972,-0.46495482,0.98748314,0.17052355,0.8887846,-0.2508753,-1.0252103,0.6706575,0.44377068,-1.4542975,-0.12814933,0.31704545,0.27321017,0.14512764,-0.7558467,0.17279702,-0.23096062,-1.09118,-0.3685366,-0.881145,-0.27946654,-0.16147587,1.1059936,-0.83999914,-1.0282683,1.4020333,0.24105236,-0.18813896,-0.0013451278,0.6480031,0.3831243,0.5899946,0.8727443,0.3569787,-0.80521,-0.30927455,-0.17484143,0.62700474,0.19673742,-0.3801785,-0.28205562,-0.23264073,-0.121581666,-0.40870023,-1.4850689,1.1990999,-0.14316952,0.6542014,0.6182481,-0.57603085,-1.0283717,-0.1578154,-0.71322435,-0.3473769,1.0025656,0.06203669,-0.70323867,0.88708884
SNU-182,0.24047364,0.07609524,0.6074554,0.35653326,-1.8830552,-0.11230974,-0.5774765,-1.501711,0.43058372,-0.00016824901,-1.0758294,0.048503343,-0.60789174,0.4537511,-0.42412412,0.010743711,-1.007245,0.42666006,-0.93052274,-0.112633996,-0.48158085,-0.12606104,0.4530246,-1.9112666,-0.5699563,0.5801437,-0.31612176,-0.8804953,0.6050278,-0.5849403,1.2316498,0.6501928,-0.042385824,-0.29796812,0.045230854,-0.11052037,0.8356383,0.23741932,-0.6079575,-0.07954974,-0.27054632,0.93430495,0.35628396,0.38388053,0.44247824,-0.2787675,-0.21083532,0.08943622,-0.26693112,0.3163092,0.84159166,0.17053746,-1.1762054,-0.30700195,1.2546194,-0.760911,-0.20212871,0.3978889,-0.7329769,-0.06365959,-0.6406314,-0.46633303,0.21994062,-0.07773435,0.021005213,-0.11256262,0.90859747
JIMT-1,0.579648,1.21516,0.88157815,-1.0646427,2.1082282,0.00877695,0.91173893,0.8679508,0.116787665,-1.764006,0.89047277,-0.48132238,-0.18536633,-2.069897,-0.6447146,-0.9582654,1.404041,-0.1429188,-0.9098182,0.22566551,0.02358327,-0.43892807,-0.21705343,2.3928323,-0.02059231,1.8172597,1.7002566,-0.09671159,-0.49571598,0.8268583,-0.37186053,-1.9180211,0.63707864,0.13309981,2.8825915,0.14859918,-0.19509068,2.4308608,0.1763963,-1.0198829,2.6378381,0.7105485,0.62629944,1.016866,0.050150044,1.5738995,0.50636864,1.4597784,-2.2055256,3.025459,0.480165,-1.6399654,1.0684378,-4.5433984,-0.20428663,-0.73119414,0.49777308,-1.0275018,1.9792821,-0.91879755,-0.81121147,1.3643136,0.5776804,0.18916771,-0.19477588,0.45960855,-0.23393324
A2780,0.14905185,1.3454562,0.02901382,-0.88687634,-0.6439123,-0.16434139,-1.3510121,-1.5295501,-0.8676295,0.98553413,-0.5319591,1.6006143,-0.7947255,0.18742192,0.156288,0.42284098,-0.26191786,0.7287305,-0.98440367,0.32325676,0.89567655,0.4368719,-0.29087874,-0.8786678,0.73823047,-0.30565843,-1.1663461,-1.9521636,-0.26473874,-0.19113296,1.4328443,1.8153856,0.39119974,0.4653592,-0.1216473,0.42182115,-0.09792035,-0.6920956,-0.17276865,1.0228853,1.5697066,0.6944363,1.236954,-1.4655355,0.43113363,-1.7214617,-0.43413657,-0.53465843,-0.17674881,0.48489076,0.39514545,-0.20448563,-0.8274525,0.018037073,1.0410193,0.012367405,1.3144267,0.59953076,0.6179691,-0.9683881,-0.9227329,-0.9845997,-0.58007026,-0.04853779,-0.11657998,-0.87856156,0.97231394
CAL-62,-0.20889454,-0.050267898,0.3016481,0.39290243,-2.5140827,-0.2994976,-0.48029673,-0.21964984,0.7109643,0.081009306,-1.0300696,-0.24440922,-1.3091617,0.6811992,-0.0792387,1.1618886,-1.0325874,0.14223894,-0.59618914,-0.791224,-0.4270365,0.55747026,0.33898062,-2.523385,-0.6808436,0.86034226,0.3248567,-0.33778906,0.6335891,-0.533273,2.0640366,0.40073094,-0.15754512,-0.96103305,-0.8218082,-0.16418669,0.7334237,-0.24333805,-0.94964445,-0.462077,-0.07449511,0.6818355,0.0141531825,0.13092391,0.98113865,0.89810264,-0.7311717,-0.26528013,0.3054872,1.1992484,1.1300473,0.83814454,-1.3735704,0.59087,1.1784973,-1.6019789,-0.35395974,0.45919234,-0.38515756,0.47010726,-0.05308646,-0.7213386,1.3353717,-0.1046309,0.97681147,0.66057897,0.40954846
JHOS-4,0.5460054,1.1561776,0.6542153,-1.2418826,-0.020614931,-0.42065072,-0.15223528,-0.5223067,-0.99323654,0.3608749,0.15067373,-0.16886692,-0.0039922986,-0.288774,0.9465496,-0.39851147,-0.34982175,-0.03219738,-0.98523927,0.3724123,-0.045221798,-0.8061882,-0.604849,0.23517829,0.6750902,1.6554699,0.30973542,-0.6927273,-1.7640163,-0.3209144,0.31073242,-0.5287353,-0.18210354,-0.88039756,0.47526792,-0.6875651,-0.17575996,0.16580579,0.0340295,0.01634802,1.2964699,0.10694727,0.7943709,-1.3269689,0.53722733,-0.25732636,-0.7655092,-0.06257706,-0.082573995,1.6433079,0.8739294,0.10977504,0.60414857,-0.79869896,1.176447,0.29331318,1.3535504,-0.7540557,0.020436376,0.2467708,-1.0150286,-0.793691,-1.7454505,-0.024176069,-0.6655258,0.43878236,0.5000745
OVISE,0.34869626,0.5157501,-0.59000504,0.16720614,1.937724,1.0102258,-0.26740965,-1.6060627,0.03352891,-0.33221695,-0.1872985,0.06800324,0.36715057,-0.043940965,0.9536741,-0.38804594,0.45399746,0.56598496,-0.14415509,-1.1740168,-0.7006723,-0.39810207,0.8772344,0.91091794,-0.33313382,-0.9755347,2.0567448,-0.57671773,0.54686725,1.7850273,-0.08369234,0.32479653,0.51576436,-0.012731757,-0.14525059,-1.2367517,0.91210806,-0.8621018,-0.07572783,0.27558893,0.5138711,-0.07154991,0.61911714,0.7414698,-0.079129204,0.7499223,1.4561096,-0.010440556,0.05174662,-0.25249296,-2.1807492,-0.2967785,1.2668567,0.13885775,0.06158994,-1.3136952,0.0007222444,1.8873398,0.9212145,-1.1496025,-0.9853082,0.19751519,-0.2636159,-0.66369414,-1.8641199,-1.041749,-1.6939737
PC-3,-1.2804837,-1.8387811,-3.459188,0.4717958,2.4099207,0.29301527,1.6816459,1.4397264,-0.7477969,0.45779818,1.1007563,0.5669239,0.75317377,0.23119113,0.8601062,0.08707104,1.7085792,-1.7849838,0.27866298,0.51710266,-0.50381017,-1.9361608,1.2126073,1.4028931,-1.5391988,-1.8262796,1.5615618,1.9231226,1.0648572,0.0051269205,-1.8572848,-1.5446578,1.5730282,0.57058513,-2.0911574,-0.5404396,-1.0583467,-1.4368184,-1.103837,0.066382155,0.8121437,-0.28154188,0.014757067,1.3266244,0.0629527,-0.027557895,0.3386014,-0.6764324,-0.16622072,-0.63817924,-0.39338994,-3.0032039,-0.25875953,1.8019999,-2.0331635,0.5349651,0.08870286,1.017476,0.600897,-1.2463205,1.1835451,2.366316,0.11329772,-2.276848,-0.22939686,-1.1128318,-0.74962574
HEY A8,0.85727173,-2.206871,0.08109991,-0.011787574,-1.7594981,1.1848917,-3.5260448,1.8134506,1.6707617,-1.1071076,-1.2706457,-1.9721792,1.1156995,0.49885392,-0.04607454,-0.6131317,0.99720556,-0.8407259,1.418055,0.22861123,-2.8545706,0.7212604,-0.9296036,-0.1334108,0.16226849,0.07417527,2.0314057,0.32937816,1.7160645,0.5554141,0.06553036,1.7981465,-0.13770594,0.1847456,3.9384604,-2.6225214,0.23667645,1.3653322,0.73820764,-0.6326697,0.33474207,-0.08696317,-0.44775745,-0.81888664,1.217207,2.3269203,0.455399,-0.9379071,3.5159707,0.72587913,-0.27654955,0.2827285,0.95335025,1.3599823,-1.0656474,-0.8209562,-2.1790445,2.9899828,1.5206563,0.09814313,-1.4003338,0.67368156,-2.1572363,-5.1800885,1.39419,1.2120845,-1.2676239
NCI-H1944,0.86328363,1.8891025,-0.14053722,-1.0546654,0.41037515,0.09684888,-0.48925903,-1.986639,-0.8728729,1.0013791,-0.4022547,1.2775735,-0.24928278,0.47456062,0.82385576,-0.18359059,-1.0466967,0.6367873,-1.1941822,0.08614436,0.52790844,-0.46591818,0.029758474,-0.21797414,0.39300573,-0.55669194,-0.3524856,-1.6621258,-0.94630426,-0.5383602,0.60780686,1.7258997,0.04951002,-0.56888956,0.31721357,0.03260614,0.17597438,-1.1640545,0.0521886,0.80433184,0.99313676,-0.07283351,1.1911007,-0.97204304,0.2216744,-1.1591976,0.1578508,-0.37826654,-0.59921,0.5828055,-0.51259756,-0.06973169,-0.56949985,-0.15329164,1.3653629,0.01575451,1.7458228,0.7915883,0.19462222,-0.79548895,-1.034925,-1.2382776,-0.5697506,0.028844625,-1.5362234,-0.29118505,0.30988023
NCI-H1563,1.1035706,-4.382662,-0.4917794,0.8800361,-0.512753,1.401273,-3.5460317,-0.4853484,2.648587,-3.167669,0.22961217,-2.414324,1.6604338,-1.0112342,0.45187417,-0.39623937,2.8861203,-0.5467146,2.6616518,0.199663,-2.9790208,2.2132175,-0.35826188,0.3609091,-1.2506528,-0.3756749,1.2184423,0.58657664,6.0053334,3.8939779,0.68261427,1.630626,2.5751452,4.2383146,2.5037208,-2.9728334,0.4204781,2.4511755,0.9839526,-0.9763064,0.73519284,-0.70677894,-0.23457968,1.6800944,0.8340355,1.8958509,1.0304639,-0.7341309,3.963769,-1.6592016,-2.9426172,-0.4273937,2.168616,2.3807988,-2.3248732,-0.89402777,-4.713238,3.1204834,3.2050292,-0.91852355,-1.6740901,3.8312037,-3.472644,-3.901241,0.9958216,-3.284302,-2.0419865
RKN,-2.648261,-6.5805883,-4.0368094,-3.0971608,1.3704368,1.2316117,0.15167293,8.864305,-1.6029108,-1.6128303,1.1833042,-4.131067,3.5447319,-2.1494207,-1.1009375,-1.5551767,5.2270837,-3.5404468,3.4158974,3.6813169,-3.472378,2.7743824,-0.41240865,3.0421214,-1.3479666,-1.8721195,1.4888177,5.6959906,5.2286453,0.6322917,0.36101425,-1.3814788,0.848709,3.0671713,3.204602,-3.394115,-0.5621588,6.705084,1.0154042,-3.6777601,-1.1421689,-0.86181027,-3.3592477,4.545628,0.45637116,6.395139,0.8036141,-4.036366,-1.7404231,5.455143,-2.1356816,-5.0525007,0.52862835,-3.1962843,-3.4341648,2.6533475,0.25639886,1.2780403,4.881543,2.9678507,6.20093,6.6372447,4.8987846,-3.516831,6.0801215,2.1309552,-1.767175
GMS-10,0.6644778,0.0476827,0.99650335,-0.7522559,-0.19044113,0.25606006,-0.5053371,-2.2529902,-1.6687589,-0.07193634,-0.39937454,0.93488246,0.37195078,0.3172213,-0.13127615,-1.1133022,1.6938099,0.54216206,-1.3010974,0.4751422,0.660674,0.09674339,-0.5414851,0.29455268,1.5556669,0.04870466,-2.0835319,-0.87671787,-0.24734077,0.5835849,-0.4540097,2.7162423,0.9521042,1.3118337,1.1805543,-0.18667893,0.16607201,0.5538787,1.7176989,0.6851727,0.35859138,-0.24615666,1.0735979,-0.6143906,-1.5432237,-2.2866743,0.07656434,0.6354743,-0.10207482,-0.5461049,-0.67945087,-0.13337171,0.61069745,-0.18179427,1.8733951,1.1281395,0.103761286,0.45368248,0.4946417,-0.37226993,-0.6846863,0.16823831,-2.8835063,1.604532,-1.0267903,-2.858801,0.24344744
HCC1171,1.23486,0.13142282,0.8637011,0.39902285,-1.5247399,-0.14568746,-0.23729417,-1.6535684,0.58678836,0.057054747,-0.5832735,0.011135265,-0.1701014,1.0671811,-0.46013921,-0.35316527,-0.5512858,0.6361524,-1.1834127,-0.5595402,0.23019344,-0.4737035,0.3402376,-1.704935,-0.9128563,-0.3305687,0.20732114,-0.2746246,0.23797497,-0.583287,0.72250473,1.0013015,-0.14770925,-0.7312578,0.2620933,-0.17601568,0.41652602,-0.1657196,-0.873641,0.1819084,-0.30732998,0.71841085,0.08189218,-0.20448461,-0.09227082,-0.03151223,0.11710389,0.21363336,0.3401525,-0.7058234,0.5653717,0.45190614,-0.76633674,-0.06516378,1.0869849,-0.83143735,0.6583414,0.91324675,-0.5331541,-0.7214819,-0.06890677,-0.92938274,0.015909627,-0.54851097,0.34534678,0.13058805,1.2115887
Calu-3,1.8435267,0.41204947,-0.46215153,-3.4436507,1.3641434,0.56490076,-0.5228529,0.053789414,1.1074355,-1.9840617,0.691937,-1.0161492,0.32760477,-3.1276882,1.7523069,-0.28885764,1.001814,0.72531444,0.019281188,-1.5812021,-1.867111,1.4363827,-0.43793505,1.337487,1.3362368,1.6110823,1.8705639,0.29272595,1.3204293,4.1289344,0.7131852,0.5157328,1.4300532,0.61706096,2.254741,-2.3843515,0.7029201,0.98732066,-0.11767286,0.028392129,1.294209,-0.77330816,0.7842187,0.9679604,0.665132,0.7655959,0.9600751,1.885549,1.2322501,0.74657565,-1.7223257,-0.35783333,0.85303235,-0.6958215,1.1033951,0.92149854,-1.3523556,0.94393647,2.6282294,0.033437587,-0.4541973,1.4880403,1.2776119,-1.6545957,-0.48569372,0.25723234,-2.6312883
TE-4,1.3196099,0.6389365,0.34400848,0.17529328,-0.56003547,0.01993721,0.26056287,-2.3065495,-0.069334336,0.33793622,-0.82972807,0.69570076,-0.07187227,1.0412616,-0.3671518,-0.80934864,-0.854104,1.2361345,-1.1625531,-0.3143014,0.29237285,-0.1413653,0.37365213,-1.4856468,-0.8681263,-0.37763593,-0.42746216,-0.98399866,-0.026554272,-0.5203504,0.58484447,0.9666356,-0.192061,-0.60804814,0.5840941,0.019222677,0.6807442,0.13571143,-0.22867352,0.11605337,0.24236055,0.45750597,0.30675545,-0.27991349,-0.25505003,-0.47526783,0.6501423,0.061133493,-0.6518612,-1.1723144,0.036070697,-0.2916584,-0.74401844,-0.9403815,1.1583322,-0.78423357,0.77479964,0.74807245,-0.4438962,-1.0624747,-0.5953351,-0.8309808,-0.03922855,0.8829269,-0.31810975,-0.612952,0.9205538
PE/CA-PJ41 (clone D2),-0.030148316,-1.0451423,0.20719564,0.83207035,-0.26113996,1.0371072,0.5718959,-1.5026672,-0.5571286,-1.2048761,-1.8097479,1.9743959,1.2179136,1.520416,-2.5038295,-1.9914042,2.6435976,-1.9029751,-4.159448,-0.2757926,0.37801385,-1.5947204,-0.10706782,-0.7342591,-2.464009,-1.8271888,-1.1979208,2.2317703,0.5007992,-2.5422523,-1.4282435,1.4944236,2.0210495,-0.17796132,0.029041655,0.30471405,-1.8044754,1.003798,-1.985753,-2.0104446,1.6851796,-0.93135256,0.46330944,1.7837677,-2.5110295,-0.64203227,0.9738707,1.8891157,-4.2804894,1.8406321,1.4352331,-4.186169,-1.6782748,-3.002748,0.6256212,-1.3956553,1.5018162,3.589322,0.64430135,-5.613743,1.0549077,0.5430279,-0.29349828,-0.99190986,-0.9721204,-4.0779176,3.6265814
EFO-27,0.31475562,1.6542902,0.4936489,0.18620351,0.2607965,-0.35667264,-0.023110159,-0.93549836,0.05611509,0.57643384,-0.79127383,0.17113712,-1.0041871,-0.58429253,1.0829445,0.26476353,-0.31769195,1.0325761,-0.26519698,-1.0173706,1.2210606,0.63521886,0.010092911,-0.6574927,0.025981754,-0.059068166,1.5687785,-1.9010091,-0.3770057,0.30752313,1.2296576,0.21482748,-0.5304051,-0.6319396,-0.111584894,0.357929,0.82786286,0.66439646,-0.52929795,0.94726443,1.4164566,1.6316354,0.46939066,-0.35576737,0.9739971,1.2369967,0.8604662,-0.833788,-1.3509876,0.31442025,-0.8262673,0.20731346,-0.23456332,-1.4709194,-0.09891586,-2.0119224,1.3217622,0.09533555,0.98614657,0.047692854,-0.5459075,-0.79418147,1.5698283,1.3429662,-0.8440226,0.35243848,0.62752897
WM1799,0.5792424,0.699402,1.4102944,-0.2618459,0.7590252,0.12146896,0.12379993,-0.9884253,-0.5920347,0.08373831,0.1046236,2.1972253,-0.07695425,0.45122308,0.3066001,-0.87118435,-1.2066045,1.2591059,-1.2400886,-0.6999794,1.5622544,-0.08127456,-0.5311992,0.8784588,1.1770403,-0.83647835,-0.78318805,-0.44084352,-1.0832103,0.21639079,-1.1951711,1.360735,0.40275598,0.33707777,-0.68086714,-0.030703349,0.25376984,-0.9276016,0.80823267,0.78824884,-0.8356041,-1.0112971,0.051545836,0.15135993,-1.8179657,-1.0381134,-0.35810465,1.7580205,-0.51204646,-1.2036414,-0.9161689,0.15302102,0.95133,1.1332077,0.9390129,0.3255483,0.6349272,-0.5550461,0.015912425,0.041588634,0.35121495,-0.4504373,-1.271462,1.5332887,-1.3896525,-1.0862979,-0.09347518
SU-DHL-4,-0.054670244,1.1754584,-1.8199924,0.5398648,1.5449452,-0.3947393,-0.27545452,0.3645726,0.16796982,1.0816586,0.44080824,0.13035041,1.2634597,0.089947835,0.6638497,-0.25458688,-1.0047973,0.3194321,1.5268351,0.099780135,0.94735193,-0.8639709,-0.8347088,0.0025229664,-0.19743058,-1.3406793,1.086898,1.7170558,-1.0871518,-0.98720133,-2.605268,-1.8803744,-1.7006869,0.014737807,-1.1963753,0.43845212,-0.54468346,-1.3625336,1.2896279,2.0722146,-1.8586603,-0.18613486,-1.5873755,-0.9431657,0.115146436,0.74100184,0.74178797,-1.1646793,0.9695326,-2.2881627,-0.85527635,0.8172843,1.2608302,0.7776637,-0.6993189,1.5251045,0.11934464,-0.37749338,-1.083554,1.6684189,1.515683,-0.19647592,-0.4665593,0.5882768,-1.0191498,2.2802258,0.16655594
YH-13,-0.1367579,-0.56558096,2.2202826,1.2434956,-0.37717825,-0.73614883,0.8809221,0.21405734,0.19931626,-0.889555,1.3138868,1.6443561,0.26594728,0.4950767,0.07671463,-0.4880999,-0.5410536,0.32768276,-1.0105771,-1.420459,2.0187025,-0.2985109,-0.06475571,-0.8010911,1.1447997,-1.7236271,-0.9022293,1.226921,-0.971448,-0.25951636,-1.3631275,1.2257042,0.20227385,-0.21567269,-3.209587,0.46490747,-0.5853679,-0.4412845,-0.30556518,-0.4828144,-2.9053216,-2.3425827,-1.3526365,0.25967845,-2.8194635,0.6739881,-0.8896269,2.0219977,-0.6003808,-1.2461463,-0.85664105,1.2454513,0.5243539,2.9993472,0.16840687,-0.16950119,-0.094650164,-0.553896,0.13300727,0.7283493,3.2838187,-0.14826587,1.3091935,2.74614,-0.3096856,-1.2259095,0.42542592
ML-1 [Human thyroid carcinoma],-0.82484347,0.7904875,0.96968156,-0.7173106,-0.2222028,-0.39817238,-0.039043844,-0.87228477,-0.8662804,0.791566,-0.5631406,1.0065844,-0.984159,1.0873741,0.5079114,0.83509356,-0.89814067,1.1458085,-0.891564,0.49058253,0.83523005,0.4342478,0.24766286,0.4761381,1.0108166,1.4588205,-0.5819438,-2.292164,0.20983551,0.20149574,0.7968882,0.49475312,-0.2294339,0.5375122,-0.0916897,0.12032211,0.78747314,0.6456377,0.6982192,1.4504602,1.0522603,1.2144331,1.4605048,0.262343,-0.15496486,-1.0907767,-0.43818015,0.6280229,-2.1469848,0.12180573,-0.997722,-0.8075197,-0.8915876,-1.268966,0.7712275,-0.41782153,1.0176619,-1.0324584,0.0068121282,1.8445141,-0.61634266,0.8114876,0.11818874,2.3121502,-0.24711928,-1.1551008,-0.8566154
U-178MG,1.4073459,0.6466958,0.44588065,0.118539706,-0.7448155,0.11727786,-0.91940266,-2.2869103,-0.071266375,0.38088936,-0.6527017,0.6139315,0.10383658,1.1121811,-0.29611796,-0.7332112,0.38581645,0.32997268,-1.2473102,-0.07354084,-0.08592928,-0.13644327,0.4235362,-1.4036316,-0.9514899,-0.13255212,-0.30821228,-0.8717145,0.17323066,-0.68155646,0.31478372,0.7021838,-0.49375397,-0.56127053,1.1057773,0.34901693,0.44333708,0.10350037,-0.040262304,0.7678877,0.30676058,0.81879735,0.45161813,-0.27296078,-0.10229811,-0.5817003,0.5732678,0.03501004,0.13588655,0.28856015,-0.008242559,-0.042081565,-0.71221966,-1.2569717,1.0010079,-0.5807377,1.2478586,0.69696224,-0.6664415,-0.78291816,-0.9483614,-0.62162876,-0.4436614,0.7674283,-0.16229814,-0.5984901,0.9236489
Huh-7,0.29669496,0.18015632,0.44935742,0.31655723,-1.4158766,-0.090561226,-0.4159024,-1.5270733,0.36750698,-0.026570082,-1.0448743,-0.008351017,-0.6323989,1.442102,-0.36436924,0.013048101,-1.0999408,0.43153322,-0.947286,-0.066337794,-0.49505177,-0.25530502,0.4386923,-1.9085864,-0.79735404,0.50128806,0.2854087,-0.4713509,0.45102656,-0.5194933,1.1096119,0.47719625,0.033606905,-0.46770737,0.12412444,-0.059066646,0.6910682,-0.87550354,-0.38922897,-0.0429278,-0.05552073,0.15319341,0.1518046,0.2751337,0.32340103,-0.08660059,-0.23026459,0.015925616,0.2347917,-0.20749104,0.8817803,0.2138167,-1.1410443,-0.3254512,1.3988128,-0.89490944,-0.25632495,0.5131618,-0.92398566,-0.36693886,-0.76675665,-0.54040045,0.32259047,0.12614371,0.57524836,-0.09198155,0.9252247
JHUEM-2,-0.22951336,0.59906816,0.49700087,0.61182344,-1.2965481,-0.2633764,0.22407548,-1.0956439,0.22664148,0.21252853,-1.1452649,0.7540276,-1.3908881,1.063265,-0.3396287,0.2716478,-1.1968682,1.1873537,-0.2561901,-0.89525276,0.58148086,0.28129092,0.17738716,-2.4062285,-0.648546,-0.65012974,0.06259669,-1.2132018,0.8010044,-0.17113593,2.1296709,1.3271475,0.86408657,-0.094992384,-0.5570731,0.28656483,1.1761311,0.16343814,-0.31923133,-0.25758916,0.12624171,0.37129784,0.068853736,-0.08574977,0.22761226,0.66971946,-0.31564203,-0.54235846,-0.034058034,-0.0061331093,0.67645496,0.8428729,-1.1008245,0.36876607,0.89938134,-2.107121,0.7893152,0.50465876,0.323973,-0.48175117,-0.5125693,-1.1192493,1.3093369,0.46305513,0.117370486,-0.0989944,0.9791724
SK-MEL-30,-1.8444785,0.48706454,-1.9793309,0.89857334,1.4590544,0.3186308,1.4261438,4.210191,-1.3222736,1.4253335,-1.0101339,-0.11309518,-0.6426985,-0.6360107,0.13092168,-1.3110026,-0.6896902,-1.5201048,1.0642412,2.1872492,-0.5514098,-1.7908813,-0.8278533,1.7332689,-0.5114024,0.79529786,0.24785036,1.4940544,-1.5937122,-2.4368105,-1.0085926,-1.6505564,0.591937,-0.6289974,-0.3007219,-0.019503668,0.3604439,-2.582786,0.24675381,-0.7812845,0.9247752,0.16822004,-0.07656677,-0.33959934,0.9889534,-0.8457541,-1.9850162,-1.6806804,1.858533,0.9096991,3.4775107,-1.4342214,1.1491371,2.2143726,-1.9638847,1.1740975,0.71353537,-2.0325818,-1.8504065,-0.8567,-1.7720708,-0.5136514,-2.1374884,-3.3664923,0.099991515,2.6530092,0.42745474
NCI-H1184,1.5918409,-6.527148,-1.12465,-4.995952,-1.5678883,-0.8988021,-3.2185335,-3.135928,-0.32452476,-1.1451304,5.971499,-2.3324919,4.176513,0.86619973,0.57577145,-1.790647,3.6913235,-0.69776195,0.86601174,-0.44532788,-1.569488,2.3175864,1.2033914,1.8844606,1.177429,-1.8636338,-2.067693,0.6466156,3.3563921,4.47762,1.3849721,4.1191406,0.123331204,2.4237878,0.40553823,-5.5601797,-2.6487892,1.2215565,-0.1788697,-0.6840364,-2.849393,-2.7440772,-1.1957616,-0.8196605,0.66220015,-0.5538466,0.6195752,-1.3695165,3.0106912,-1.7705029,-6.2741494,2.1837144,2.0493374,4.7741113,1.0362662,3.6592417,-1.7333896,2.7622566,5.470641,2.7897704,5.555952,1.9840829,-3.65412,0.41551116,2.7086508,-3.6721318,-2.8900242
BT-474,0.5303154,0.01847095,1.2243357,0.28811547,-1.3599507,-0.2197599,-0.7142388,-1.3793243,0.39717102,-0.05211236,-0.8905929,0.24271035,-0.5451727,0.9561385,-0.5162542,-0.17134964,-1.170744,0.69509727,-0.8165919,-0.11864987,0.1495325,-0.20475769,0.24590693,-1.9866837,-0.7757896,0.34989956,0.05012542,-0.2716063,0.8981607,-0.73281175,1.2732503,1.0105448,0.25870007,-0.27556026,0.23769122,0.034011554,0.7663351,-0.19593805,-0.43460166,-0.34402716,-0.04861716,0.3329093,0.11550306,0.4216916,0.30581594,0.3145786,-0.29554272,0.049359888,-0.10347432,0.295394,0.9397356,0.17182706,-1.0005405,-0.38728166,0.94991255,-1.0325229,0.39325362,0.21071675,-0.4598917,-0.3341334,-0.6359804,-0.54889655,0.3608269,0.015483797,0.07901609,-0.019837487,1.1844398
HPB-ALL,0.94006324,0.82272744,1.3506827,0.16581348,-1.7206789,0.089996845,-0.6658528,-0.6229588,0.43461198,0.026916483,-0.654941,1.2584674,-0.7403835,1.1785438,-0.39831024,-0.48528972,-0.6283158,0.69336957,-0.9392263,-0.66196287,0.19660498,0.3693376,-0.20375258,-1.7904798,0.19627258,-0.43905702,-0.45753282,-0.40431055,-0.32643586,-0.6716065,0.94694805,1.6252332,-0.21370313,-0.9438665,0.9856452,0.702876,-0.01530239,-0.16459557,0.21139184,-0.7063838,-0.46161512,-0.23987332,-0.23934798,-0.47051483,-0.3562246,0.08794695,-0.58655405,0.51777035,0.18760355,0.11402436,0.6546977,1.3321816,-0.5350278,-0.08425301,1.0480208,-0.81245756,1.4400628,0.26874298,-0.39045757,-0.34874234,0.6816463,-1.2535025,0.7752683,-0.043635994,0.7823504,0.3822351,0.9699485
Ki-JK,1.0247859,-0.9264738,1.6079063,0.016701799,-1.8988218,0.98766875,-0.12730289,-1.2829124,0.20728369,0.07787024,-1.7990028,0.53669643,0.13466582,2.2502956,-1.0065354,-1.5203668,-0.41441077,-0.0086031,-1.6943356,-0.8730789,-0.77038527,-0.97003245,0.15740758,-0.36246353,-0.6650138,-0.5061775,-0.013929561,0.54107517,-0.66252595,-0.9445184,-0.5206714,1.8801969,-0.13959435,-1.1631709,1.177642,-0.42489552,0.9635997,0.3484752,0.11995302,-0.9632366,-0.7818294,-0.7480665,0.055908952,0.6587387,-1.6220875,0.028917199,0.1603455,1.2199217,-0.5810565,-0.18013412,0.7866752,-0.6117725,-0.42048472,-0.41210818,2.0502853,-1.0878444,0.99099505,1.4546316,-1.4134879,-0.89586174,0.12739883,-0.42050046,-0.8373616,-1.0740134,0.24112222,-0.22908077,0.3254364
EBC-1,-0.8318355,-1.6734676,-1.3923876,3.021762,0.3236746,-0.3422087,0.8220782,-0.60187876,0.67151934,1.205171,0.986364,-3.6242967,2.4577348,-1.6015085,1.1252257,-1.5830017,3.4700065,-1.5318696,0.5952383,-0.09199592,-0.371431,0.6232889,0.92369056,0.677839,-1.7325096,-0.057203375,-0.6366613,1.0699208,-0.7832089,-0.031867296,-2.991358,-2.6596608,-3.4462256,-0.85304224,-3.0142982,0.65809935,-0.532724,-1.12494,-1.1616381,1.0269073,-2.6697714,0.54542464,-2.1209273,0.8934413,0.537912,0.8171411,0.7828574,-3.0495555,0.4379068,-2.3016934,-0.8676215,0.79537696,0.94821334,0.5786912,-1.3148072,0.7651132,-1.3351444,-1.796891,-1.5629692,0.6188853,1.3216292,0.7974439,-1.5218586,3.6482444,-0.20573834,-0.89533675,0.30716574
KMS-11,-0.42794472,0.19273908,-1.6103445,-2.6295955,1.7708527,0.7873778,2.964156,1.0932543,-1.27855,1.337547,0.63369346,0.4611033,-0.6396351,-0.64779645,0.12599301,-0.16005622,-0.9188889,-0.10752932,1.4492918,-0.16230313,-0.9231069,-1.3683488,-1.0125701,2.7797809,1.8979659,-0.676159,-0.42073625,-0.51490927,-2.4238183,0.5359036,-1.1699612,0.5486492,0.5329648,-1.0157869,-0.34113652,-0.41599363,0.60976166,-2.2587688,0.3551896,-0.22110698,-0.74528503,-1.6359913,0.31552842,0.41205725,-0.67961717,-3.3880363,0.29153696,1.1868727,1.346934,-0.70065606,1.322131,-0.06545224,0.11475739,1.8286718,-0.17601511,2.1325192,0.15152895,-0.9252631,-1.0452765,-0.34178048,-1.3634685,-2.0981739,-0.83863497,-2.5536366,-1.9216872,1.3081522,-1.9289367
KE-39,-2.2096493,1.24635,-0.047094807,0.14430635,0.83144,0.7576277,1.7577214,2.743087,-1.1747507,-0.5282373,-0.6542782,-1.4841249,2.5753353,-2.3135052,-1.2884475,0.52670443,0.03394361,-1.0864744,1.8985636,0.5894512,-0.7689105,-1.9592746,-1.0700482,-0.4329514,1.461669,-0.35708457,1.9675807,3.1248074,-2.1444602,-2.3035347,-3.0781841,-0.9801886,-1.8735553,-2.6571617,-0.11138776,1.4443762,-1.7285006,-0.98980916,-0.20591833,-1.6394249,-2.3978078,-1.5933269,-2.1650274,-0.5098967,-2.329468,3.199253,0.048416384,0.0189612,-1.733435,1.4536651,0.57427704,0.90857816,0.37674022,-1.7611288,-1.1983273,2.3528092,0.5434729,1.6585634,-3.0168922,-0.35550892,1.3256049,-2.113365,2.5911267,-0.98795056,-1.4726851,3.1066225,0.25772908
NCI-H3255,0.9633775,0.5224005,0.6175668,0.15320772,-0.74667794,0.05273624,-0.07604504,-2.3573496,-0.10298499,0.4581101,-0.78188765,0.4902049,0.018148478,0.90607804,-0.39164284,-0.68643403,-0.88572556,0.75917387,-1.1973113,0.048352472,0.17295994,-0.2575525,0.48305562,-1.4020011,-0.59620345,0.083119735,-0.034948856,-0.84093595,-0.012863904,-0.74603146,0.46568927,0.4210376,-0.23914596,-0.26942107,0.711019,0.38336444,0.6051223,-0.5340683,-0.28331876,0.10717967,0.21061525,0.9781245,0.42538086,-0.038970828,-0.022543654,-0.48669082,0.45325655,0.022813551,-0.3134879,-0.04432334,0.09363915,-0.26524317,-0.8207888,-1.1268815,1.092673,-0.3883105,0.7613235,0.6723149,-0.89922905,-0.5020849,-0.75911963,-0.56405103,-0.16903922,1.1500168,-0.11713351,-0.5412533,0.9777426
8305C,1.0316834,0.34555203,-0.04984519,0.11933778,-0.7503559,-0.033928197,-0.26135552,-2.329093,-0.029664451,0.2954306,-0.71808517,0.3145867,0.081535146,0.7050778,-0.5536044,-0.9021337,-0.19778849,0.44528556,-1.1911649,-0.08276576,0.10343784,0.1450673,0.2898672,-1.4179155,0.116627455,-0.024779145,-0.7317786,-0.8562956,0.32463348,-0.84434205,0.4277664,0.68838036,-0.25603226,-0.057358235,0.8349348,-0.027077049,0.50447977,-0.007476568,0.19563973,0.4754367,0.09626112,0.4516912,0.09634821,-0.09201506,0.10091311,-0.42102543,0.4718824,0.10018751,-0.030055612,0.58396626,0.21527706,-0.24289237,-0.72408104,-1.2205635,1.2050817,-0.034963965,1.229425,0.468359,-0.71442544,-0.5162092,-0.61308795,-0.67055786,-0.2389628,0.54725134,-0.1614247,-0.5865216,1.190818
TYK-nu,0.20367661,0.723575,1.0339268,0.2564215,1.376129,-1.479511,2.4546256,0.7315299,-0.35836637,0.08179298,2.6736462,-0.0029466804,-0.74539536,-2.1286168,0.86363894,0.9958365,0.67022604,0.13036644,0.12556235,-0.24075314,2.0438118,0.1455412,-0.2663913,1.3894324,2.0874372,-0.34744832,-1.6750993,-0.5874992,-1.5977403,1.0665387,-0.8497906,-0.89168227,-0.049566224,0.28291908,-1.7945867,1.3161306,-0.84753406,-0.04265678,-0.17790477,-0.79431975,-0.08434645,-1.1169113,-0.16951038,-0.59454274,-1.1632644,-1.3597324,-0.15282595,1.0405287,-0.79378235,-0.6729021,-0.25772932,0.85073435,0.5307238,0.68941057,-0.99772584,1.001183,0.2201018,-2.6503596,0.8685988,0.15719885,1.1228975,-0.26616317,0.798984,3.6787477,-1.3038181,-0.9296956,0.53982776
J82,0.058301814,3.1611695,0.88727623,0.9207331,-0.010320872,-0.22399446,-1.0858895,2.563497,2.3872004,-0.81747895,-3.4855304,-2.2253342,-0.36559284,-3.8402777,-0.14280377,-0.16175866,0.42410493,-0.077417895,1.0744686,0.74785495,-1.2985224,0.4093118,-2.7685895,-1.32159,-1.2009771,3.3343196,1.5781602,0.59582406,0.33310956,-0.8203267,1.084236,-3.388214,-0.103482336,0.04243662,2.9176548,1.7417407,0.9278421,1.0578004,0.040987603,0.2622993,2.6489794,2.6597958,-0.22826734,0.37836686,2.5295281,1.7577465,0.78618103,-0.49115044,0.8916888,1.7239009,4.327127,-0.5700915,0.36301482,-4.6715655,-0.4182335,-0.70803654,-2.146914,-1.1792488,-1.0259221,-2.0167432,-3.7142172,-0.24005944,1.3407532,-2.8169265,0.2949223,3.2221658,1.1921337
SH-10-TC,1.3350266,-3.6048908,-3.6024032,-2.9923084,2.8129737,-1.0330198,2.1182668,3.5860643,-0.459177,0.8131391,2.920517,-0.43085104,2.4238882,0.0919818,0.17151578,-1.4533468,1.0502514,-1.4776882,3.4254768,1.2531817,-0.3303858,0.14432356,-1.8324189,2.061936,-0.16270162,-2.6806679,0.4912332,5.769634,1.6465576,-0.22624856,-2.9048872,-2.7160954,-0.5958747,1.9204168,1.2326151,-1.4020818,-1.2327309,2.4002812,2.0548558,-0.19364601,-2.010281,-2.1322834,-3.1487353,0.26278287,-0.9164676,1.5446298,0.66512895,-1.3007944,0.93246746,-1.6491525,-0.77003807,-1.7846549,0.92718375,0.5224069,-1.627331,5.0191684,0.7034186,-1.0760897,1.3712153,2.2120335,5.24074,3.2684412,-0.051635325,-0.6964185,2.8925738,1.8346083,-0.4447643
SNG-M,2.344186,1.3111165,-0.08352866,0.3593574,-0.60160637,-0.21816279,-1.2935661,-1.9367105,0.38531715,1.2150459,-0.2254327,1.4700785,-1.3755664,0.5737159,0.34392262,0.69231254,-0.5654077,1.125056,-0.73488146,-0.8968873,0.80382824,1.0509729,0.5072706,-2.1359868,-0.19073004,-1.6021996,-0.17842902,-2.263352,0.009650104,-0.044035792,1.6813047,2.0164506,-0.16995275,-0.6296958,1.3860741,0.63159513,0.13681673,-0.8990127,-0.14686649,0.7220005,2.0789516,1.9088916,0.80624896,-2.3846674,0.7223333,0.11282809,0.8624091,-1.2421874,0.21287617,-1.5303643,-0.31153256,0.5925382,-1.3520181,-0.43092227,0.46018803,-1.1778022,0.27010012,1.7359326,1.0093765,-1.7947626,-0.19917728,-1.5372231,0.9898339,-0.037535995,0.7445528,-0.39752853,1.3336549
8505C,-1.1642188,-0.5299776,2.9903028,-0.13197465,-0.84975696,-0.08190268,-0.06803714,-0.3522343,-0.30047956,-2.2679255,1.595138,0.45234516,-0.59310377,-0.9544,0.025778279,1.8414379,0.33417517,0.26920342,0.062465694,-1.4386472,1.1742576,1.2108674,0.24226794,0.021895662,2.5141745,-0.20600198,-1.887067,-0.84031534,0.9783319,1.9387058,0.65885395,2.7895145,1.5344607,1.4227303,-2.2833674,0.18377468,-0.25450912,0.966936,-0.14286938,-0.44463962,-1.6377053,-2.153719,0.06232238,0.24947754,-2.462528,-0.77492553,-0.6436923,2.1066897,-0.6481879,-0.19198157,-1.7781286,1.6556967,-0.0076782703,1.9665035,0.3928741,-0.3818495,-1.7467687,0.35422814,1.6482295,0.9171767,1.5879464,-0.06571677,1.5208002,2.772949,-1.3043786,-2.9453666,-0.79565734
NCI-H1781,-1.2653596,-0.94245434,-0.358863,-1.317851,-1.0368193,-0.730329,-2.7076652,1.4784561,0.41942114,0.4767486,0.5676306,1.1016222,0.8973863,1.043199,0.84807456,0.66708875,-1.0623449,0.6173874,0.17741525,0.015918478,1.4805231,-0.25370103,-1.1258146,-0.53463906,-0.8516675,-2.9659512,0.1149284,0.36257353,0.6208415,-1.0676877,1.4298223,2.3693945,0.6763853,1.4741919,-2.3690827,-2.0902753,-1.1645108,-1.0385906,-1.3643522,1.2993352,-0.6290764,-0.5409189,-0.7259496,-0.7364126,1.0145113,0.51810014,-0.848325,-1.2843231,0.8069195,-0.33717263,-1.0591539,0.524922,0.3739475,4.069602,-0.07561707,-0.17987818,-0.27525312,1.8043637,2.3894296,1.4962523,2.7322013,-0.092086926,-0.15959598,-3.1671805,1.5082719,1.0685394,0.27212718
NALM-19,0.8618594,0.38921225,0.95876986,-0.04641779,-0.35827377,-0.28953028,-0.6032592,-1.1437291,1.0846605,-0.4804972,-0.21975428,0.6244947,-0.034953147,0.28190684,0.17960471,0.16804889,-1.0571431,0.7633587,-1.0798745,-1.2167894,0.8564213,-0.7585183,-0.027847562,-0.83890355,-1.5250841,-0.6655366,1.3189785,-0.14889121,-0.020341773,-0.35640976,0.35977426,0.5334859,0.47476315,-0.113741614,-0.8150434,-0.7967772,0.5610128,-0.44439125,-1.3940238,0.8657778,-0.07212265,-0.4015774,-0.081994824,0.21384425,-0.120372534,0.4772641,-0.19198155,0.8139988,0.16202322,0.100676626,-0.32221636,0.38041285,0.13633311,0.68256676,0.8906858,-1.2918682,0.288589,1.0092818,0.39871305,-0.4071538,0.34280849,-0.8241407,0.325755,-1.3222358,-0.7713764,0.6709484,0.5755201
MDA-MB-415,0.914196,0.9572603,-1.417478,-0.41530335,3.790407,-0.23370157,1.0805477,-0.96988887,-0.94684553,0.74146897,1.2103271,0.8242839,1.236418,-1.4232711,0.85637444,-2.7352023,0.7879964,0.45114487,0.043915503,1.1535916,1.3681495,-0.698487,-0.6537786,1.3145831,-0.76133883,-0.8617594,-0.5048754,0.5279933,-0.06670639,0.38088882,-1.706615,-1.5614839,-0.10579633,0.98337007,0.47082102,-0.8359795,-0.34514067,-0.31934255,0.8102601,0.68934023,0.69258153,0.28793004,-0.8188393,-0.7027456,0.69552004,-0.21378183,1.2917724,-1.3867747,0.7137673,-1.027844,-0.6318034,-1.2501646,1.9151206,-0.98983806,-0.8852664,2.0843744,0.07394518,-0.7080769,1.3716918,-0.72620314,-0.12359361,0.040689226,-1.9049178,1.5517205,-1.704826,-0.17765652,1.4254893
PCM6,1.3373629,0.55576986,1.3064597,0.316789,-1.321481,-0.9309348,-0.06849451,-0.72497135,1.60219,0.7206075,-0.0087751895,0.89476687,0.580792,0.90870255,-0.37489572,-1.1148354,-1.5676368,1.3215854,-1.040805,-0.8632543,1.5620434,0.022244863,-0.6129197,-1.6049863,-0.7935921,-1.2645224,-0.34243733,0.14260557,-1.4057673,-1.616503,-0.25794655,-0.15046304,-1.478315,-1.3830848,-0.47123837,0.019234855,0.073868096,-0.7514036,-0.54154116,0.60858256,-2.2705994,-0.12374313,-1.4689019,-0.5433875,-0.30769745,0.73850644,-0.14687252,0.52797204,0.9779685,-1.9064745,0.42960957,1.937984,0.25455582,1.0162113,1.0355319,-0.01790134,0.41853413,-0.6881093,-0.70113647,0.41966695,1.778445,-2.2310462,0.809266,0.46365386,0.5200722,2.1355236,1.7587458
HCC1395,1.3009049,0.62447536,0.61847615,0.048161894,-0.56300104,0.123749934,-0.08468872,-2.2515385,-0.14076069,0.6391786,-0.6042494,0.9024601,0.115763605,0.7962557,-0.3387315,-0.8626671,0.24439576,0.49116835,-1.3337686,-0.284961,0.3881843,0.29442927,0.3482913,-1.3236139,0.4372207,-0.18103072,-0.20668685,-1.0496049,-0.7047311,-0.43127555,0.13361658,0.765469,-0.5383905,-0.3779366,0.99422276,-0.18124098,0.21667852,-0.051998183,0.25766286,0.7336073,0.25060126,0.47401452,0.31867364,-0.63738865,-0.16828835,-0.23545241,0.4026252,0.05863208,-0.095819324,-0.69604576,-0.08207273,-0.037165165,-0.64941764,-1.1726484,1.2456135,0.00059200823,0.39428228,0.694824,-0.7563009,-0.8429882,-0.4268219,-0.64969856,0.03855054,0.8819065,-0.08483288,-0.6668365,0.949494
COLO 849,-0.023624718,-0.37160856,1.1622462,-1.371858,0.487412,-1.3467401,1.4437213,2.5689871,0.4683387,-0.38693413,2.0375087,-0.098974116,0.08250676,-0.43803638,0.081626005,0.6418217,-1.1506149,0.23724988,0.7778801,0.43857262,1.3907098,-0.38236853,-1.295089,0.9847299,0.3329932,-0.9968357,0.0660346,1.433992,-1.029204,-0.69716847,-1.23685,-0.9113808,-0.21412864,0.30338085,-0.70368487,0.042785667,-0.58279514,0.51082474,-1.0012158,0.516666,-1.5635749,-1.8904066,-1.12144,-0.038277686,-1.2980758,-0.013561346,-1.3250275,1.746552,0.9736601,-1.1499429,0.19951655,0.024291653,0.045028,1.347433,-0.29949126,1.7854917,0.006616324,-2.0095057,0.0713184,1.9227475,2.2623017,0.3722193,0.53729504,-0.3598101,0.48276722,1.6692401,0.08717192
QGP-1,-1.2612014,-2.6185522,-0.4340644,-1.5859842,0.34727272,1.5276031,3.0391824,1.2126569,-2.3106217,0.28311014,2.7704666,0.13529521,0.43181112,0.6980982,-1.9491233,0.7273992,1.5314102,-1.7326643,1.8230469,0.10455386,-2.3337874,-0.8445583,0.77606857,5.211978,4.5390906,0.04459849,-2.8021312,-0.25435492,-3.8774686,0.42258888,-4.123447,1.5486248,-0.19112322,-2.0360327,-0.48885134,-0.18338847,-1.978334,-2.2564406,0.7595988,-2.4202776,-3.1704059,-2.900629,0.5909836,0.29626822,-3.6938984,-4.732756,-0.38575703,3.4641535,-0.08401818,-2.0493867,0.005275119,0.46734697,-0.2397474,3.1536224,-1.0875562,3.348157,0.36579672,-0.72589463,-1.8450711,0.09743815,0.3969375,-1.0371311,-3.2524872,-0.7561779,-1.2293963,-1.3980788,-3.2269785
Hs 944.T,2.094791,0.9826112,-0.23720732,-2.5580754,1.6596818,-0.88294554,1.0535817,-0.7141804,0.24741001,0.36301288,-0.056975786,1.5648057,0.8265548,-0.0032033324,1.1970421,-1.5441389,-1.7333671,2.0435147,-0.87609553,-0.8549268,2.0511277,-1.3340898,-1.614102,-0.17170462,-2.0632312,-1.9504904,2.1414692,1.8105145,-0.1850384,-0.36154586,-0.043161303,0.43849388,1.2802098,0.11617446,-0.33275816,-2.435934,1.1509693,-0.6726333,-0.6443549,1.0439396,0.015882373,-0.9739883,-0.47504085,0.64378554,0.30746377,0.7375679,-0.28053257,1.4107953,0.47479394,-0.25603452,-0.34308285,-0.931087,-0.044804335,0.92990315,1.276442,1.4775355,1.565679,0.102451175,1.5057775,0.014592499,1.0157862,-0.9551462,0.3995554,-1.5047122,-1.2169534,2.1552207,1.3410671
Hs 742.T,2.0412602,2.0231323,-0.20623249,-2.0569663,2.5671027,-0.93704915,1.5566449,-0.540248,0.061393782,-0.050053366,0.35231847,1.5853865,-0.14116994,-1.8424726,1.0359658,-0.85416913,-1.5962514,0.6527194,-0.8007743,-0.44265047,1.1427182,-1.765691,-2.3625848,0.15789282,0.8381099,-0.18328297,-0.1113654,1.6494344,-1.1252707,0.2230802,-1.660598,-0.16892658,1.8166298,-0.2372945,-1.1172613,-0.5721898,-0.42931008,-2.703091,0.11581663,1.0447526,0.67944735,-1.8372359,0.37915418,-0.40452084,-0.48830265,-2.7969506,-0.28067324,2.1382966,2.2406254,-1.634782,1.9658171,-1.0931864,1.1812682,1.826929,1.072224,2.5318928,-0.41697687,-0.4786714,-0.6216172,-1.5300298,-0.9846024,-1.3057973,-1.2118229,-1.5437658,-2.729701,0.60732156,1.3853906
BT-483,-3.6609943,3.1138487,-1.1155947,-2.2974076,1.2355206,0.38314602,0.34106937,5.270995,-1.6605177,2.1414042,-0.2964695,1.5931895,-2.1308112,-1.8563582,-1.4888217,1.2581165,-1.9028796,1.1333532,1.6204543,3.4260445,0.112012036,-1.0783598,-1.4535071,4.595183,2.5829966,2.897404,-1.2986845,-3.2359247,-4.8670487,-2.6338851,1.8708954,-0.30866063,1.0542562,-1.6494417,2.902454,1.3420669,-0.74701303,-2.3386085,0.30872285,-0.20115326,3.474946,1.9978023,1.9298944,-3.449557,3.2789998,-2.4417589,-2.2604785,-1.8565592,1.8375036,2.2583191,3.0649295,0.19764805,1.5896717,0.016703121,-2.5648112,1.6515415,2.823055,-3.526352,-0.5742248,0.4505953,-4.5424485,-3.6611497,-1.2415792,-5.2034597,0.83765066,5.372748,-1.546291
LCLC-97TM1,1.6309886,0.2697921,0.9363156,0.13390422,-0.5999085,0.08700969,-0.14936987,-2.4422247,-0.13348602,0.20504904,-0.8440081,0.53397983,0.16418698,1.0157838,-0.71025926,-1.1489242,-0.80452114,0.6109961,-1.3183131,0.43225038,0.2933017,0.028472766,0.14550664,-1.2942246,-0.11118618,-0.04450316,-0.62748504,0.11361703,0.08171612,-0.43851805,0.2900079,0.9408758,-0.00044668466,-0.25123236,1.2250705,0.37400672,0.44970575,0.9186896,0.117374346,0.1932614,0.050082877,0.0373123,0.20848444,0.3714476,-0.37446246,-0.20430288,0.15586558,0.29977208,-0.1965602,-0.15222721,0.5484791,-0.3437838,-0.81123924,-1.3093085,1.2242762,-0.26588488,0.30998027,0.3895697,-0.7742629,-1.2137372,-0.733603,-0.6470442,-0.5992949,0.699782,-0.12747864,-0.90691304,1.4157755
KYM-1,0.734159,0.20442712,0.70160306,0.39544407,-1.6005955,-0.018041309,0.42073238,-1.5602845,0.27464497,0.101304,-1.0419548,-0.022673331,-0.48799577,0.9764698,-0.42225426,-0.049418338,-1.351345,0.35372922,-0.9442334,-0.4001196,-0.046257645,-0.1442633,0.4212799,-2.0253205,-0.40554917,0.35207734,0.063667186,-0.48245072,0.4816342,-0.879704,1.141696,0.41990942,0.1459483,-0.39467484,-0.044695485,-0.12967181,1.0124078,0.13963379,-0.33977193,0.35288617,-0.102289245,0.72939754,0.25178736,0.07305076,0.1645247,0.03207447,-0.040334776,0.06395802,0.13611346,0.19257721,0.821735,0.2875868,-1.0491958,-0.101769835,1.3330591,-0.9614403,-0.057139173,0.6265451,-0.9989584,-0.38109782,-0.7359265,-0.5747094,0.25660005,0.2784712,0.028014496,-0.05599416,0.91582
CAL-120,1.1608565,1.1927633,-0.80968213,0.3236834,2.1332664,0.43143627,-1.4731536,1.2817473,2.1378832,-0.83261424,-0.4614417,-1.8301141,0.59150505,-1.9730333,0.11690474,-2.2866926,1.1863307,-0.02447989,0.81316054,0.9370886,-1.4668518,1.556204,-0.05379659,1.1196983,-1.9339929,2.8164139,3.311824,0.2617358,1.9683919,1.2526128,-0.23384546,-3.3753476,-1.4861765,0.2530383,4.7113256,-1.1061735,-0.05466765,1.4257952,0.7132627,0.78885126,2.6671672,2.3957489,-0.76090246,-0.4743323,3.1940525,3.8054466,1.2326772,-1.1892543,2.150529,1.0704374,-0.3380926,-0.6072838,1.3069097,-3.4518638,-1.88304,0.019553334,-1.496099,-0.18866077,1.1228709,-0.22754121,-1.7063783,1.3246585,-0.5076756,-1.8298569,2.508746,2.652042,-0.88378155
DEL,1.1594515,0.58125025,0.5235447,0.236853,-0.568392,0.11769365,-0.18707949,-2.3325815,-0.10466715,0.56061447,-0.64624053,0.6233266,0.16161273,0.8835559,-0.32230252,-0.86361444,-0.38009733,0.5605836,-1.2956753,-0.1823674,0.0819846,0.004244946,0.41108412,-1.0695261,-0.07113919,-0.026267514,-0.27074587,-1.1814202,-0.55226517,-0.34965658,-0.003170438,0.38699308,-0.509592,-0.66868067,0.89909947,0.3959453,0.3075248,-0.012932301,0.33569908,0.67429763,0.19677776,0.5678379,0.36633238,-0.17942324,-0.53643787,-0.05789554,0.7730567,0.13962443,-0.85311794,-0.15388796,-0.02690762,-0.33434707,-0.5758045,-1.2624929,1.1877723,-0.21126746,0.85208243,0.5878753,-0.79437244,-0.56307435,-0.6414759,-0.75629514,-0.18839157,0.83514124,-0.28610814,-0.6826482,0.88322085
MKN74,1.5139189,2.5459623,1.4378864,1.7061944,0.114461154,0.5476143,-0.8505448,-0.9335984,1.792987,-1.1644367,-2.2997253,-1.2641555,0.15661664,-3.1133657,0.96043706,-0.23669375,1.7239876,0.12732692,-0.62571895,-1.2670816,-0.8099845,-0.41661662,-1.3278385,-2.2048786,1.2363716,1.0763593,0.8211813,0.4078399,0.3800423,1.1861377,-0.66945726,-0.8469257,-0.08020289,-0.09507439,0.7199448,1.3737779,0.43286666,0.06972998,0.17339796,0.095301494,0.48186535,0.8171504,0.4095483,0.5205231,-0.050737485,0.9578904,1.7202117,0.7164806,0.49383482,-0.05394435,1.528971,0.4002265,0.8476251,-2.2859654,1.2833679,-1.5141035,-2.2466679,1.0106232,-0.9992166,-1.9805934,-1.907619,0.50221235,1.4671515,0.07141603,-2.3623672,-0.7360445,0.5579695
PE/CA-PJ34 (clone C12),0.57258576,-0.07789622,0.5674562,0.27350783,-1.2585692,-0.15784276,-0.20896164,-1.5701516,0.28544122,0.020223498,-1.0053174,0.02883321,-0.46479657,1.1553372,-0.40357912,-0.030166663,-0.72599095,0.5037064,-0.9825963,-0.2918655,-0.1461756,0.046081692,0.49194598,-1.9134471,-1.0462024,0.48766348,-0.26183683,0.19115517,0.6504438,-0.6032957,1.1913471,0.21273096,0.017336331,-0.21717319,0.013555262,-0.15684135,0.8199658,-0.30458608,-0.32412112,-0.03098242,-0.023319408,-0.14259705,0.2550426,0.37148762,0.26892084,0.039419256,-0.14726017,0.09964971,-0.46782026,1.8811076,0.8476025,-0.105584994,-1.2598184,-0.33833972,1.1825227,-0.7776239,0.9328717,0.4811085,-1.1416156,-0.1792303,-0.69858545,-0.6871663,0.43512344,-0.08392385,0.34662443,-0.13081151,0.92912406
NCI-H596,0.25978255,-1.7998521,1.0903395,0.3231153,1.0434442,0.14735311,2.8524253,1.2596381,-1.4200647,0.27492988,2.8623376,0.38893813,-1.9552355,0.64334214,1.4990562,1.7833703,-0.053991623,0.45648167,0.18375659,-0.81882447,1.1251104,0.06721026,2.2347202,3.0504518,1.5382007,0.24722674,-0.28238112,-1.2107639,-2.2828238,1.3269242,-1.0821174,-1.0889484,-0.029479258,-1.3719764,-2.0494633,-0.036820725,0.11017497,0.1416735,-0.33370787,-0.47271565,-1.0532259,-1.4092205,0.920636,0.5038698,-1.2316679,-0.44261274,-0.84725964,2.6885297,-1.666278,-0.49481368,-1.7824311,0.3632583,-0.47173932,2.2303166,-0.989964,-0.44278422,1.383677,-3.343901,0.8530649,2.1499412,1.4180988,0.48424116,0.16725339,3.7133617,-0.8865696,-1.2175967,-2.751996
SNU-1040,-0.6509912,1.3546182,0.55319566,0.17101689,-1.3476074,-0.6541951,-0.7768717,0.43133998,1.1448606,0.5358983,-1.1390898,-0.14309326,-2.550118,0.14692089,0.7548933,2.0097184,-0.92355853,1.5284145,0.6522329,-1.4765782,0.82635045,1.1568221,-0.21938412,-2.2563188,-1.0538319,-0.27385503,1.8352202,-2.15868,0.41510236,-0.07533775,3.311252,0.8648366,0.19578138,-0.9081522,-0.5628032,0.2774869,1.6340796,0.71438384,-1.3719707,0.2042656,1.3626062,1.8873605,0.10465972,-0.4256108,1.9055843,1.632923,-0.1741702,-1.4863732,-0.32638514,1.0552171,0.46229872,1.4192709,-1.1551286,-0.02576023,-0.10790611,-2.8256383,1.0588225,0.08430241,1.2400231,0.16197684,-0.41837406,-1.7915112,2.5966887,-0.19338924,0.36570442,1.6682214,0.42588094
SR,0.051597074,-1.3113792,-2.5588813,-0.88784266,1.754645,0.56733656,-1.0591714,-0.64983237,-0.42655456,-1.0056939,2.877086,0.7036027,1.9522494,1.5479606,-1.660762,-0.13554367,-0.51780784,-2.2203429,1.2253045,1.7202444,-0.99467254,-1.3746605,1.2955393,2.1886306,0.87925774,-0.23993695,1.4913735,0.48201066,-0.13565685,-0.31042343,-2.4102814,-0.07502268,0.26179212,-0.2874645,1.2213805,-1.344659,-3.6503987,-1.5949093,-0.083166316,-0.5725265,0.5800224,-0.69225556,0.69068,-2.6728113,-0.09780611,-1.0021337,0.06995465,0.19157681,1.3587912,-0.2627477,-1.8263823,-0.8221681,1.7878693,0.84140915,-2.2877288,1.8837184,-1.6858423,2.6589968,0.17496549,-0.38358578,0.20035458,-0.49583474,-2.9394124,-2.5276654,-0.60524076,-0.50144184,-0.86182684
CADO-ES1,0.43078202,0.040962253,0.5390572,0.41259268,-1.4336351,0.055856444,-0.36379212,-1.5443878,0.3340458,-0.099873185,-1.0138422,0.0995755,-0.27684096,0.8237386,-0.38369545,-0.06817026,-1.8049657,0.39376125,-0.9486248,-0.42126507,-0.28618193,-0.21172474,0.4843012,-1.9285774,-0.7286069,0.43588364,0.081852525,0.0028060377,0.39633775,-0.70377535,1.0256201,0.4424248,-0.03412816,-0.6991485,-0.08081913,-0.051492956,1.0155514,0.04085792,-0.7393601,0.19606476,-0.27332002,0.533182,0.3116502,0.3488174,0.15945853,0.067627326,-0.25901324,0.09534628,0.21768916,0.29962027,0.7294733,0.16428305,-0.9833384,-0.15210192,1.3464596,-1.0043714,0.43346006,0.52774704,-0.9415668,-0.34407195,-0.5744527,-0.46873868,0.36489287,0.08848627,-0.09332684,-0.08632447,0.8063374
NCI-H358,-2.0330167,-1.1118398,-4.098295,-0.47935733,1.3359244,1.3601232,-0.5108005,0.068269044,-0.1870808,1.3150761,-1.1102791,-0.01665476,1.781164,1.8691015,0.51094687,0.14723256,-1.1460736,-1.1556846,1.476779,-0.9421616,-1.4544663,-1.6176426,0.5111244,-0.36495665,-2.1979482,-2.3041394,2.9254377,1.1211771,1.232214,-0.4325165,-0.5185548,0.76538587,0.37284154,-0.2706507,-1.8571268,-1.2392862,0.96372426,-2.7905169,-0.80439794,0.8599667,-0.1081524,0.095091246,-0.8603735,0.2708581,0.71628904,0.0032282472,1.9864069,-2.611932,0.4616176,-0.033127457,-1.1935904,-0.9371974,-1.1789092,1.5628384,-1.0415395,-0.5477058,-0.26973036,4.8404164,0.42615974,-0.85883653,0.76133054,-0.8675899,0.3157971,-3.9716766,-1.1918619,0.777991,-1.0077468
SK-MEL-31,2.4141634,-0.5366434,-0.64078784,2.1486354,4.5353246,-2.184484,6.183813,2.1001196,-0.6285421,-0.22049183,6.0883756,-0.33268666,-1.3827777,-4.097076,1.619182,1.0970228,3.4257839,-0.5582992,1.6477827,0.49448958,2.5745385,0.8797084,2.148264,3.8748076,2.0452626,-0.5177609,-1.8992937,2.0279262,-1.2809116,3.382489,-4.021871,-5.0397844,0.43708587,1.6421124,-1.6173983,3.1354802,-0.83172715,2.5427287,1.3066262,-1.2996515,-0.020714305,-0.88859326,-0.37495068,0.20340575,-1.4240313,-0.2771088,-1.0808425,2.5043602,-0.58257806,-3.0845895,-0.61036295,-1.7093673,0.24492106,-0.136131,-3.595765,3.7238832,-1.3241868,-6.9329777,1.1588192,0.23163263,1.4675868,4.8270216,1.9550438,7.05944,-0.36149105,-2.7920237,-0.46213844
SUP-M2,-0.8935778,-0.66274685,-0.4734939,1.9191406,0.61682,0.8438929,0.05381708,1.1715305,-0.10550012,-0.7759325,-0.39485377,-0.3617104,0.7173788,-0.32798356,-0.7513713,0.52448726,1.1299092,-1.8292581,-0.04562383,0.3489282,-0.8144398,-1.8714571,0.04339464,0.9313374,0.59238863,-0.16715176,-0.059994973,1.0885404,-0.82504016,-0.89643407,-2.4259439,-0.06543801,0.9288122,-0.2195861,-0.8959606,1.1710339,-1.5985291,-1.0998933,-0.3025756,-0.9691809,-0.1790877,-1.2465382,0.5659114,0.39722708,-1.9715378,-0.87173784,-0.54199463,1.079057,-0.2505352,-0.34344077,1.0353419,-1.0211561,0.4871074,0.99055547,-1.094715,-0.5602716,-1.2198911,0.9618741,-1.4693159,-2.2443025,-0.7506691,0.07529249,-1.3329351,-1.3881804,-1.3668973,-1.7303641,-0.02289485
HuH-28,0.1551804,2.7247906,-0.19099769,-1.2399685,1.5535755,-0.17420693,-1.222958,-1.2754174,0.21056542,0.7316913,-0.005136773,-0.0020390959,0.052366912,-1.3422046,0.13627142,0.5657191,-0.5411946,1.003953,-0.22190489,0.80327904,0.810551,0.69461787,0.19600143,1.1897818,-0.6018228,1.4821663,1.5593778,-3.3981814,-0.26706588,-0.42675507,1.2532363,-0.5849989,-0.83035904,0.5218544,1.9819031,0.018192973,0.27293333,0.6937521,-0.5498718,2.5252771,3.3498611,2.5841146,1.7103387,-1.3134023,2.5771646,-0.50668955,1.2515256,-0.65443754,-0.83989584,1.2573915,-0.77874434,-0.94358027,0.20514739,-3.8547223,-0.66680926,0.21986976,0.56598717,0.7533677,0.9125512,0.22394072,-2.8029199,-0.21160817,0.32769382,-0.39119294,-1.3616819,1.3870602,-0.17468196
RT-4,-0.89394605,-1.7300436,-3.2097394,0.2390225,0.9325487,-0.51692003,0.1124472,1.6755543,-0.19780579,1.0053785,0.08220324,-0.5625118,1.8288977,0.9953538,1.7479167,0.7676201,-0.114595324,-1.3399782,1.6674801,0.05576133,-0.10019284,-1.2055278,-0.25590652,-1.1261952,-1.7129265,-2.5621362,2.01611,3.570491,1.8141899,-0.531055,-0.9405714,-1.1440773,0.16419812,0.71223974,-3.5199494,-0.91707563,-0.7924654,-1.4273068,-1.3081392,1.321605,-1.2264748,-1.1016879,-1.3713601,-0.04472144,0.5886635,1.7093415,0.22984912,-2.6530356,0.76098,-0.5797724,-1.1506759,-0.27314153,0.11071801,3.6352494,-1.8203282,0.7768818,-0.72858787,2.1877396,0.5580326,1.012493,2.8426695,1.291751,0.75616777,-2.7470374,0.44719967,0.94184685,0.253721
SCLC-21H,-1.1401017,1.2474087,1.5158595,-2.0885215,0.79835355,0.16263986,-0.6620749,0.42916396,0.67993665,-0.6023921,0.7786052,0.5414471,-0.14604591,-0.9071669,-1.2931914,0.25742933,-1.2046741,1.3036126,0.2466118,0.28502935,0.93398994,0.35899606,-0.73772264,2.9898758,0.37528524,0.47888476,0.15035209,-2.6465056,-1.375033,0.010482695,0.19664001,0.64601034,-0.26639473,0.89867616,1.3744749,-0.34986752,-0.08138288,0.72209823,-0.28855014,1.6580886,0.3660242,0.65661836,0.4815687,0.04094462,0.28521937,-1.0872933,-0.09482644,1.6019728,-0.38240752,0.62205946,-0.87345165,-0.0059842207,1.1946819,-1.4538065,-0.26100686,0.6686755,-0.59542906,-0.86981833,0.7521769,1.1070018,-1.1595663,-0.95080537,-0.21767613,-1.1093657,-0.57781166,1.7301799,-1.2071487
SCC-15,0.10844007,-0.7650543,-1.5454276,1.4309072,1.4894525,1.1382504,1.5400277,-0.7614019,-1.2571874,-0.50726926,-0.81828606,-2.8461921,1.391983,-1.2868545,1.9525125,-1.0313542,1.8292823,-1.3164068,0.6812999,-0.48045036,-2.2286823,-1.1437274,1.0564616,-0.1679961,0.40188518,0.679412,2.1930273,2.3916175,0.5919029,1.6391206,-1.2430052,-1.0623033,-0.019815918,-1.3724923,-1.0315138,-1.1574662,1.2810625,-0.4885859,-0.16876788,-1.8157213,-0.8165703,-1.5165918,-0.19208492,1.7916225,-0.9615881,2.19706,1.2933685,-1.483448,0.18048416,0.9302423,-0.69041467,0.20232123,1.125374,0.72427535,-0.3290785,-0.5647261,0.31259713,1.3950572,-0.3719433,-1.2531552,-0.7449025,0.27721897,-0.34807,0.2902426,-1.960774,-1.4222038,-1.2300615
HuT 102,0.16037461,-0.2008045,0.6643958,0.42184806,-1.6532539,0.020570759,-0.45829326,-1.2982423,0.43341142,-0.011802832,-1.0819072,0.06656789,-0.8173188,0.69117665,-0.42224175,0.07305838,-0.8786807,0.42417243,-0.8734706,-0.23498356,-0.37703612,-0.16133395,0.42967418,-2.0031412,-1.1739702,0.65332544,-0.08302759,-0.10528688,0.8926812,-0.69617236,1.3133649,0.5307989,-0.022025075,-0.4218467,0.22789106,-0.55383503,0.93185997,0.27794373,0.07730627,0.00641872,-0.19068465,0.20852146,0.3055492,0.1833418,0.2595369,0.09844279,-0.48916817,0.008011483,0.116545066,0.14650619,0.99201554,0.22476216,-1.2033347,0.0017708987,1.3673139,-0.87804586,-0.31024176,0.42379618,-0.995152,-0.17667314,-0.62094116,-0.35862136,0.16374189,-0.12276615,0.65110236,0.116971545,0.8601117
HT-29,1.2897682,1.8178232,0.47268042,0.45280415,3.0621858,-0.025759803,2.6528997,1.4537704,-0.65116364,-0.31904072,1.212496,0.03234467,-0.7522605,-1.987432,0.2529422,-1.669632,0.9272225,0.32331097,0.67881036,1.0081515,0.6532774,0.09716212,-0.1581819,2.7250857,0.80811566,0.7402191,0.046038628,0.2865377,-2.1094587,0.7708054,-2.171667,-2.6153538,-0.37285873,-0.39411652,1.8959447,1.0766652,0.028636776,0.17809677,1.4464743,-1.0443652,0.4306857,0.38754976,-0.37567502,-0.2352325,-0.55957663,-0.3063926,-0.52475715,1.3855672,0.5865338,-0.4512865,0.9497054,-0.0064559756,1.3766404,-1.1359494,-0.68121076,1.3663772,1.4795355,-3.6119554,-0.66369855,-0.7139201,-1.1617203,0.05584093,-1.414987,2.001146,-0.64094234,0.757576,-0.08194947
Hs 683,1.3703485,0.6622173,0.42693758,0.04835725,-0.6909534,0.12166717,-0.91867465,-2.207606,-0.14420296,0.60652494,-0.53681827,0.9231283,0.28332186,0.6654204,-0.3427992,-0.92450774,-0.068475716,0.3327409,-1.3568928,-0.13790187,-0.0530338,-0.3507393,0.25652236,-0.84974086,0.54527825,-0.0911596,-0.5642569,-0.69792545,-0.1945425,-0.77193487,-0.09429473,1.3618693,-0.67383486,-0.44359505,1.1221666,0.3252268,0.089097954,1.1569175,0.18263517,0.8686726,0.23259291,0.7793001,0.34700075,-0.7341558,-0.58094215,-0.38916868,1.2193195,0.13169043,-0.25966674,0.36248103,-0.14089131,0.16233057,-0.558887,-1.378216,1.156456,-0.09964468,0.78317666,0.618637,-0.5577761,-0.6203712,-0.52263135,-0.6694746,-0.38825625,0.99851274,-0.1423222,-0.7033441,0.9155594
SNU-C2A,-1.6983199,-0.8920107,-0.08599341,-0.5879741,-1.8935341,-1.0316539,1.3480254,2.8037786,0.8512891,-1.2800554,0.44505644,-2.9897826,0.92657375,-4.9452,-0.42320812,3.9529228,2.254476,-2.5893638,2.252821,-2.1273167,-1.6726766,0.116429314,-2.608123,-2.40652,5.0550647,-0.9059803,-3.0675378,1.7383908,0.47654626,1.3249131,0.016370598,1.6504694,1.2021027,-0.64854074,-2.2301128,2.1603642,-2.2979693,-0.42389548,-1.493413,-3.1984267,-1.0036862,-3.5327842,-1.3426756,-0.45025253,-2.403646,-1.3226488,-0.21674126,-0.037075803,1.1035419,0.9272476,2.7215714,1.6338984,-0.49661082,2.6049411,-1.0564728,1.7973789,-3.7163408,2.352387,-0.9304056,-2.9009955,0.8314611,-1.8748374,3.6006446,-1.0738262,-1.2440432,-2.0528688,0.8919246
HEC-50B,0.6246076,1.3818414,-0.006248936,-1.8267323,-0.2421277,0.5166393,-0.15033677,-0.3830134,-0.5020262,1.393524,-3.3534193,1.3277987,-0.57763106,1.3528521,0.8029564,0.27645627,-2.9130516,0.95601195,-0.8221102,-1.7834591,-0.5905011,-1.5119122,-1.5589819,-0.24280027,1.2635045,-0.14920133,1.162456,0.34792763,-1.1231947,-0.7821254,-0.3587941,2.0595038,0.8230673,-0.8288115,0.477051,0.30853015,2.0643377,-1.7599502,1.0002885,1.1474417,0.0019116309,-0.95403725,1.1433327,1.1155142,-1.85903,-1.4413538,0.22243345,1.7487584,-0.4116431,0.3163004,1.0552706,-1.0137248,-0.49269405,0.42368215,2.4066336,-0.24249262,1.3156264,1.4538525,-1.7786406,-0.58414847,-1.1726633,-1.3162428,0.1533122,-2.253415,-2.11811,1.0643749,-1.1052848
EPLC-272H,1.2950156,0.7696094,0.46588445,0.2088122,-0.55226123,0.045655034,0.18671088,-2.1546056,-0.18229109,0.7386097,-0.7591136,0.7143567,-0.43704116,1.1499658,0.13120136,-0.10683309,-0.4357325,0.6858277,-0.9653638,-0.4397507,0.26038802,0.032779478,0.62722003,-1.6694547,-0.43044263,-0.14549807,0.044992276,-1.0566599,0.24928668,-0.3738091,0.8479308,0.73242867,-0.3863255,-0.6372923,0.3327382,0.61334777,0.6744237,-0.07121633,-0.12984991,0.5195958,0.5540919,0.96580267,0.4772794,-0.3681104,0.43820596,-0.38085392,0.95013595,-0.35736176,-0.43097115,0.67807233,-0.2861113,0.038750984,-0.89212954,-0.91950244,0.8246373,-0.9653457,1.1756867,0.7652559,-0.55689776,-0.4686399,-0.6827722,-0.68305665,0.7063189,0.95155936,-0.3341029,-0.5954919,0.5920382
AN3-CA,2.7666922,1.469971,0.01340965,-1.6465602,-0.63915706,0.12230478,-0.51340204,-0.30809483,-0.12203383,-0.5870927,-0.57510936,-0.3469314,-1.2505618,-1.7699889,1.4582384,0.02895198,1.2713567,0.8102088,-0.43440014,-1.4744089,-1.2936493,0.18752669,-0.43212,-1.9544355,1.3813783,0.6268972,0.35280555,-0.04603557,0.37498018,1.4784842,2.2118325,1.2688814,1.4266284,-0.8286378,2.563281,-0.7052076,0.23697552,0.792958,0.3886206,-1.1358677,2.6727939,0.51797485,1.2805347,-0.8065538,1.1018419,0.48291358,-1.0229876,0.41701525,-0.17957467,1.5245773,1.1722338,0.37521398,-0.591184,-0.9744165,2.0036256,-0.6494623,0.9086634,0.9803417,2.0695267,-1.3498421,-0.6786062,-0.18075359,0.55171597,-0.44242683,0.41486126,-0.1712301,-0.13982424
MES-SA,-0.6141807,-2.3077488,-2.399335,-2.069798,0.64368063,-0.89483345,-1.2146192,4.311934,-0.08857286,0.026439182,2.947128,0.9465624,1.1785059,0.05890485,-0.014228232,0.48381284,-0.48526576,-0.69750476,2.6577966,1.8557744,0.4756776,0.9102559,-1.8388839,2.2037487,1.0139401,-2.3603184,-1.3035672,2.7324948,1.1714557,-0.19128406,-1.1286925,0.14057434,0.25376552,2.7765644,-0.43479347,-0.60560584,-2.5045428,-0.019923463,1.0273961,0.4604938,-1.7493197,-1.5826669,-1.4258965,-0.43867198,0.38467717,-0.8112446,-0.6568253,-0.21850845,1.8745184,-2.0508113,-0.79907346,-0.81399477,0.7116069,3.3713346,-2.2070916,3.8868484,-1.6920007,-1.0604302,0.7886879,2.664143,2.6729202,2.1223483,-1.6468195,-2.0840514,2.4961307,1.4836191,-0.59121776
SUP-T1,0.653325,0.006043083,0.9402069,-0.20504445,-0.85918236,-0.31602424,-0.0073882267,-1.2647235,0.23522748,-0.44120714,-0.76778793,0.31584898,0.34271523,0.72794235,-0.48179638,-1.0469619,-0.6136384,0.2740128,-1.5593348,-0.5502307,0.3764962,-0.6310715,-0.06526383,-1.1322497,-0.8956522,0.2661486,-0.030912459,0.44340187,0.014685914,-0.49520755,-0.02846163,0.43950105,0.3385639,-0.3944665,-0.25943106,-0.42555684,0.5211381,-0.14203212,-0.48468968,-0.07864572,-0.8778053,-0.78712124,-0.22559536,0.57027584,-0.93340033,0.1269981,-0.5519803,1.1606411,-0.056210876,0.23574784,0.5789123,-0.01566225,-0.07216634,0.0036077872,1.6104027,-0.20583485,0.25102583,0.02568489,-0.71078354,-0.25221118,0.3393846,-0.359301,-0.06389777,0.45017487,-0.2902831,-0.13740116,0.7984411
NCI-H23,-2.2499955,-2.2621098,1.2489421,-5.037827,-1.5356866,0.938893,0.8895443,2.0375743,-0.3985452,0.10371268,-1.2083493,-0.4922849,1.406425,0.5880455,-2.011767,-1.009146,0.009199299,0.22737457,-1.4337194,-0.8943965,-0.3477849,-0.7335083,-1.7227751,3.610989,-1.1668645,-0.63905084,0.1735307,-0.840248,-1.2687427,-1.2174752,1.0289003,1.8446467,0.4902628,-0.89977777,0.7194263,-2.8311045,1.3699534,1.0896871,-2.5830169,0.30407244,-0.9280848,-0.80047303,0.21295056,3.2313907,-1.012199,-1.1211857,0.34754437,2.3505504,-3.0541008,3.6709557,0.24572307,-1.998133,-0.6434594,-1.6515082,1.6070701,0.8924231,1.9984354,0.640522,1.22544,1.0285503,0.8378774,-0.5910119,1.1099238,-3.665157,-0.36041066,2.2909088,-1.4148517
TC-71,0.24027875,0.64830375,0.2820007,0.5756326,-1.3109322,-0.70441365,-0.7938277,-0.50252956,0.24119264,-0.08126648,-0.60487795,0.18059136,-1.2596724,0.7012972,0.45110944,0.91957045,-0.72087646,0.052946147,-1.0981265,0.015475608,0.21855694,-0.37163374,0.7178767,-2.1188312,-0.7074143,0.9567471,0.38568538,0.14174184,0.8285609,-0.67543423,1.5844688,-0.30752653,0.42218855,-0.22912562,-0.66980636,-0.26276892,0.29721263,-0.3803338,-0.50761545,0.20539087,0.735594,0.38468307,1.0519803,-0.20051205,1.0660466,0.048961356,-1.4002182,-0.10182151,-0.19067585,0.9333824,0.802311,-0.078816935,-1.4020312,0.5434372,0.87574244,-1.054553,0.429526,-0.20985219,-0.15392527,-0.03492225,-0.3975683,0.16361514,0.4507572,-0.21122932,0.95068926,-0.028580427,0.8427236
KMS-26,0.17516184,1.2900232,-1.2932657,-0.5647282,1.74797,1.3715779,0.38496876,-1.759094,0.0014267359,0.3661236,-1.5273376,-0.17088573,1.0734626,0.07431374,-0.011479169,-0.77738404,-1.486328,0.11677193,1.2579291,-0.80805033,-0.8819119,-1.5188127,-0.9042218,0.7502057,0.39654386,-0.09133577,1.6351429,-0.08299515,-1.1002493,-0.18495543,-2.0908666,0.20440802,-0.49259764,-0.89321184,-0.27091843,0.073699504,0.9014047,-2.6192527,0.93926394,1.0244815,-1.0955173,-0.6787726,-0.1728167,0.38281763,-1.0136273,-1.5950828,1.7093498,0.46500045,0.9438014,-1.0475225,0.103753224,0.33639324,1.4150367,0.2336311,0.20774439,0.8859633,-0.9272183,1.8951744,-2.1571882,-0.91841143,-2.087614,-2.8536494,-1.4090004,-1.7792349,-3.060204,1.0837016,-0.8319542
SU-DHL-8,-0.77637184,0.55764437,2.8675585,-1.3399379,-0.53463364,0.08958915,-0.047637563,1.5253494,0.76286757,-1.2847524,1.0362884,-1.0368159,0.9719581,-1.3727875,-1.9361539,-0.31332916,-0.1450257,0.41091046,0.6906539,0.5698241,0.6115363,0.22890964,-1.7235417,2.1556802,1.1470423,0.8727741,-0.27631694,-1.0390229,-1.686862,-1.0299766,-0.40532845,0.1563262,-1.1231226,-0.21219897,2.389061,0.30601865,-0.7888838,2.0201235,-0.65152216,-0.25934386,-1.0232391,-0.7346652,-1.1046541,-0.3197779,-1.0358632,0.30263343,-0.47924054,1.4873396,0.102535784,1.8014555,0.42781347,1.3443291,1.3563899,-2.3075228,-0.31628513,0.89901346,-0.61264694,-1.286585,0.12421487,1.1314495,-0.054028448,-1.3389242,-0.39587134,-0.64693797,-0.18967614,2.238437,0.11327369
HT,0.11760363,0.14228056,0.44655168,0.3880702,-1.5908582,0.06529847,-0.4350805,-1.0819054,0.37518325,0.07563989,-0.981812,0.09326829,-0.64966464,1.2939656,-0.42022064,0.32832617,-1.0240341,-0.011507928,-0.9457738,-0.6791498,-0.13953835,-0.4009313,0.34743235,-1.9254081,-1.1367551,0.41334355,0.1510615,-0.48422116,0.3975079,-0.86839575,1.2446399,0.6471919,0.28128934,-0.5473923,-0.2646507,-0.108539194,0.68084955,-0.28343245,-0.53413296,0.022178859,0.097337455,0.4851054,0.3289718,0.4538918,0.13103034,-0.13730712,-0.33667514,0.08056818,-0.12394506,-0.15346006,0.8551794,-0.0024821535,-1.1774335,-0.041378293,1.0651568,-1.325219,-0.4459585,0.6959913,-0.66024715,-0.70749736,-0.47529307,-0.47242677,0.6187795,-0.3435016,0.49383646,-0.31198263,0.8025586
HTK-,0.45785886,0.095078915,0.6449358,0.3608031,-1.6660011,-0.11269355,0.15360531,-1.3305863,0.12026514,0.045651942,-1.095941,0.14239913,-0.6625182,0.77018446,-0.45422685,-0.14756928,-0.7873764,0.22910912,-0.9746496,-0.16906127,-0.5078911,-0.074134275,0.29772112,-1.8941014,-0.6346251,0.3853703,-0.20413692,-0.6080246,0.90463686,-0.77943975,1.2298996,0.72663885,0.01730428,-0.34152126,-0.23632436,-0.23071723,0.9175321,0.6797817,-0.49644065,-0.28575805,-0.26101455,0.6365128,0.3210082,0.29545146,0.06675658,0.31636962,-0.24082828,-0.01587778,-0.11893846,-0.96953714,0.90545297,0.09359396,-1.0909793,-0.17910103,0.9588618,-1.1169424,0.30089226,0.38956973,-0.73329496,-0.10049883,-0.46457377,-0.44767332,0.4343329,-0.12898546,0.74356,-0.23107775,0.91494024
OVK18,-0.68677366,1.5132312,-0.22652313,-1.070135,-0.8809188,-0.1510136,-1.9139565,-1.4793688,-1.1978095,1.1119475,-0.8966098,1.5806198,-0.96758,0.5397825,0.20104009,0.7354582,-0.6913626,0.33667216,-1.0912005,0.7437788,0.6677095,0.81606615,-0.6345271,-1.1526406,1.1755829,0.029076653,-2.2360308,-2.010282,0.014830079,-0.51389617,1.6376995,2.7354915,0.41444772,0.36033022,0.32719618,0.7457808,-0.044211566,-0.31457397,0.068591475,1.2808503,1.827546,0.86857224,1.7474437,-1.6832184,0.96189463,-1.8397063,-0.88031363,-0.96461004,-0.10029623,-0.29488152,-0.12636438,-0.2786487,-1.1703106,0.12545702,1.200811,0.32124916,0.25934643,0.63283527,0.58842325,-0.57514244,-1.1732756,-0.80371946,-0.57796437,0.413797,0.42090738,-1.2356582,0.9690749
COR-L51,1.5282125,0.5031779,0.51238614,0.053103004,-0.6901144,0.121518105,-0.18236426,-2.3484068,-0.085864425,0.5294532,-0.7945428,0.49854442,0.1291843,0.7926682,-0.37052995,-0.81677413,-0.18203624,0.3474007,-1.2069278,-0.24961095,0.23755582,-0.19798474,0.379373,-1.301296,-0.33747002,0.02429787,-0.15648645,-0.9815962,-0.14020002,-0.4831689,0.20455769,0.96541834,-0.4298047,-0.44348785,0.85897833,0.04019466,0.5483327,-0.5555408,0.0175002,0.08049819,0.14383295,0.3900506,0.5390117,-0.05078295,-0.20556927,-0.60224605,0.55315644,0.12202788,-0.10486914,1.255252,0.17330937,-0.27067238,-0.6935365,-1.1496778,1.2422507,-0.559402,1.1185617,0.60883874,-0.8446924,-0.9297054,-0.6535687,-0.84317356,-0.118952364,0.49155608,-0.25082666,-0.5768787,0.899108
PaTu 8902,1.547832,-0.21922943,0.5667343,1.8552408,0.24121422,2.8250449,0.7267934,0.7617799,-0.35565192,-0.60008943,-2.0323849,-3.6514604,0.5054084,-2.6223717,1.748833,-2.6421323,5.21851,-0.5664736,0.46783835,-0.44219422,-4.7297454,1.1462331,-0.22866338,1.4662747,2.2858286,3.7934654,1.0285382,0.560192,-0.2073173,2.8164432,-0.94157207,-0.6907248,-0.80968595,-2.307167,4.5596414,-0.96736854,1.5162598,0.7439836,1.7895529,-3.1912737,0.25299093,-0.22621359,0.88059604,1.0812672,-0.031621765,2.7127225,1.2956816,0.28489625,2.096635,0.96196675,0.6912546,0.75528526,2.4229639,-1.0184549,0.46903196,-1.0270948,-0.43431017,-0.37593934,-0.57229555,-2.3415425,-3.5890422,0.5920006,-2.341142,-0.49799642,0.005752567,-1.185482,-3.169254
MOLT-13,1.7422161,0.2539293,0.49560052,0.46931309,-0.62170225,0.29960316,-0.2803463,-2.1253629,-0.09411205,0.6778218,-0.91542447,1.0221499,-0.2664498,1.1877695,-0.19606543,-0.89483345,0.4447776,0.90687805,-1.21722,-0.3739816,0.034531936,0.21123996,0.5542518,-0.7943996,-0.27906227,-0.31662762,-0.70799875,-1.0149771,-0.18909381,-0.1828899,-0.08837905,0.6789788,-0.40395337,-0.45151377,1.3718946,0.09818959,0.56118417,0.90725845,0.7339732,0.27072212,0.13004407,1.0483013,0.4643526,-0.23834306,-0.49379554,-0.49190837,0.725397,0.3181797,-0.23147637,-0.46455565,-0.07713839,-0.22419006,-0.77728134,-1.0336185,1.2648337,-0.67803115,1.1331803,0.52542037,-0.75531316,-0.79958314,-0.72480726,-0.4182709,-0.40844673,1.1743891,0.19337316,-0.856414,0.57069623
BEN,-1.2691443,1.1694928,0.014665049,-0.67185444,-1.706323,-0.04704323,-1.3277634,0.11849403,0.95538557,1.2900543,-1.1454612,-1.5820708,-1.4989804,-0.10290112,1.1307716,2.7217944,-1.7353725,1.214326,0.8456735,-1.114176,-0.345344,0.88979506,0.18674543,-1.2000613,-1.0362839,0.65684825,2.325488,-2.9582407,-0.0069027967,-0.25407723,3.4443288,0.33220387,-1.0736331,-1.2345066,-0.26198226,-0.7648504,1.6736416,-0.09281024,-2.0340118,1.4357564,1.2347895,1.818152,0.29465938,-0.8014009,2.802613,0.9018787,0.37634856,-1.8807204,-0.053497434,1.8532383,-0.29845285,1.2566569,-0.8469733,-0.34042546,-0.06406758,-2.3406305,0.7036805,1.1457626,0.819818,1.2941574,-0.9445438,-1.8750829,2.3326325,-2.2005956,-0.23052448,2.6875455,-0.83090025
CAL-33,0.51101494,0.37388754,0.383955,0.61010164,-1.7285664,-0.050041914,-0.09940806,-1.1560634,0.3014326,0.14720744,-1.1970822,0.27042803,-1.1962037,1.0163015,0.0035705343,0.39899847,-1.3043284,0.11838201,-0.60518587,-0.6064694,-0.4466322,0.06554684,0.54661334,-2.2378595,-0.5564008,0.2976306,0.081523985,-0.5125047,0.84552073,-0.50700474,1.6620479,0.6099055,0.13801578,-0.6829617,-0.3854232,0.10336441,1.0243953,0.21113552,-0.25131974,-0.5194219,-0.02861783,0.45626718,0.3449813,0.10868521,0.63817406,0.6522186,0.18373063,-0.38457295,-0.4519778,0.32225734,0.8522537,0.4283877,-1.2883509,0.04060579,1.0086381,-1.5788832,0.7018776,0.6627844,-0.5269241,-0.001641646,-0.40340763,-1.0120709,1.2584636,0.083646275,0.41054612,0.22171861,0.562122
NCI-H1876,0.29504982,0.98635316,0.53562945,0.36994782,-1.2194082,-0.0023593893,-0.05997911,-0.50989,0.79214835,-0.07517439,-1.199039,-1.3444431,-0.80704635,-0.12660903,0.03828426,0.39896786,-0.57656693,0.19442114,-0.11678766,-0.21335462,-0.4167424,-0.25407398,-0.0115126,-1.4902613,-0.79302037,1.1485579,1.0701828,-0.9735816,0.10047914,-0.76224655,1.6360502,-0.6072842,-0.4946576,-1.2538093,0.58941543,-0.31140321,0.78759223,0.6760788,-1.18337,0.07031275,0.41377297,0.77384454,0.42480892,0.092296116,0.9843457,1.0279831,-0.068763584,-0.6529333,0.13284068,1.4307728,1.1232919,0.661814,-0.64399695,-1.2075698,0.5182037,-1.5813987,0.48380727,0.24714257,-0.5985087,-0.13437028,-1.1545165,-1.1609584,0.5547049,-0.8617093,-0.055609792,1.2730569,0.67279994
NCI-H1436,2.5689147,-4.0555677,3.1558597,-2.3842292,-5.693117,1.1847584,-3.705517,0.002445653,3.524488,-3.8342605,0.1461573,-5.438579,-0.7145336,-3.5318053,-1.8096892,0.22785015,5.0164723,-0.43521142,1.0006635,-0.8294703,-4.240067,3.9555001,-1.7015328,0.05222396,0.6428742,3.973715,-0.77715385,-2.6870131,4.4112573,4.0565505,4.0780745,1.779509,-0.24952781,1.4456205,6.6861734,-2.6091719,0.36737597,6.679386,0.79619324,-1.2816035,0.16099793,2.0255604,1.068486,0.69394934,1.9066064,2.161856,0.5387317,1.7616602,1.5029516,1.5878435,-0.30356,1.4761044,-0.5861197,-3.646218,0.49819887,-0.6953929,-4.8831353,1.6238567,3.4813719,2.7596471,-0.074282914,2.9833634,1.1192563,-1.9462104,3.6266794,-0.38726276,-2.4096322
SK-MEL-1,-2.6002445,-1.9819908,1.1584464,-2.2344592,-0.6633203,-0.006016819,0.94164544,5.4112263,-1.0267302,0.28418437,0.6892842,-1.9586837,-0.31131673,1.2425158,-0.8058417,-1.2143314,-0.25802267,0.71251744,1.8235884,1.7972103,0.28050646,1.0041484,-0.40532696,4.5032,-1.4618455,0.09555185,0.061926052,-0.52311534,-1.2932703,-1.2879943,1.969706,-0.47802338,-0.10688943,0.1889976,1.6760696,-2.4010813,1.8786435,3.2373564,-0.80342525,-0.98306066,-1.8876833,-0.280717,-1.5351602,2.483892,0.9773216,2.0596108,-2.2959964,-0.6852075,-0.19166927,3.6995134,-0.38544577,0.4017431,1.2184515,0.60462236,-0.9229606,0.47981405,3.0422285,-3.7768872,1.5912135,3.9267669,1.4487355,0.60549504,-0.49834743,-1.9996183,3.0117505,4.2690535,-1.8139315
Ci-1,1.0069115,0.58032036,0.6223557,0.13025966,-0.4385774,0.12298002,-0.49848393,-2.168644,-0.07015387,0.3904851,-0.76412845,0.5729316,-0.14468369,0.60213697,-0.32892358,-0.7533959,-0.5832361,0.3511418,-1.0965171,-0.3866288,0.21540551,-0.34493828,0.27353498,-1.1520011,-0.6842231,-0.108759925,-0.017962009,-0.6151064,0.20656875,-0.6222725,0.43197858,0.8872446,-0.12926091,-0.8242948,0.5986899,0.17248131,0.6956358,-0.3617547,0.0022219718,0.4906169,0.27500775,0.39122608,0.33593976,-0.10007132,-0.26905593,-0.14670727,0.79966867,0.04922062,-0.14698668,0.2256761,0.049300328,-0.37853444,-0.63296866,-1.0610647,1.1488637,-0.8672914,1.1840318,0.75054353,-0.6394576,-0.70156324,-0.7380666,-0.71146977,-0.0058773905,0.4486465,-0.43833134,-0.59136194,0.90750575
L-540,0.79669034,0.61192966,0.34115037,0.23515528,-0.7513988,0.026689077,-0.27795538,-2.21574,-0.10597088,0.6981997,-0.83153826,0.5313008,-0.32987338,0.91261786,-0.15154421,-0.29543555,-0.69989693,0.59722334,-1.0010912,-0.0442971,0.38718602,0.29844233,0.5217837,-1.2683791,-0.072333485,-0.1873969,-0.12468083,-1.1974177,-0.0044307113,-0.48771042,0.61837685,0.807663,-0.37456292,-0.3783932,0.60613126,0.33842424,0.769128,0.054730512,0.046585526,0.55464673,0.4744913,1.0559552,0.49960485,-0.75361675,0.1466454,-0.22286549,0.20177907,-0.2447564,-0.9522362,-0.3006239,-0.0491876,-0.13886607,-0.9165573,-1.0093433,1.086846,-0.71516347,0.92942786,0.72052324,-0.538803,-0.46350673,-0.71738625,-0.69800615,0.30452824,1.1367434,-0.23315896,-0.67897475,0.88381445
LS123,0.76119256,1.2130291,-0.6380602,-1.2461637,3.2456186,0.6491303,0.4284524,-2.4923654,-0.3845768,-0.875607,1.1529642,-0.7035379,1.1518134,-2.8230524,0.8128278,-1.6193632,1.7089136,0.5386852,-0.34241402,-0.5995231,-0.37320647,0.6804886,0.374171,2.0413804,0.345922,0.48375916,0.45485604,-1.2537427,0.5774605,2.8765988,-0.36273375,-0.3963429,0.13353325,0.6467745,1.0618228,-0.8637333,0.195085,-0.16127475,0.14963104,0.79931974,1.414131,0.24998838,0.33588305,0.13055308,0.6907399,-0.65905213,2.0944502,-0.18548876,0.14518878,0.27806792,-2.1605983,-0.668402,2.2474608,-1.9135444,0.1840497,0.88125134,-0.4370956,0.8220306,1.8336024,-1.2684853,-1.6916183,0.022292696,-0.543572,1.3625016,-2.401042,-1.4055549,-0.89791065
C2BBe1,-0.2706335,1.7429351,-1.2700138,-2.3589559,3.276753,0.6532908,1.2151655,7.071416,1.2290331,-0.8233638,0.89739835,-1.4852068,-0.3040393,-2.1909785,-2.3615887,-0.76891035,0.06673394,-1.0869013,4.094477,2.8046975,-2.5604036,1.713983,-0.44356322,5.477213,0.6753898,3.3973866,1.742725,1.5379753,-0.31482512,0.458769,-2.1430478,-4.855401,-0.9193887,-0.08460256,7.5092134,1.1909502,-0.469083,2.331918,1.8624066,-0.87437266,1.1765554,0.023165762,-0.7905271,0.46886346,0.92997557,1.2646478,-0.9766278,1.5932395,2.0226192,1.8522676,1.9303285,-1.3525354,2.589032,-4.2069373,-2.8459322,3.4158063,-1.6828802,-3.972585,-1.0133349,1.2776234,-1.9616412,1.5373831,0.5501207,-3.4426322,2.274324,6.0588903,-2.8961043
KMS-20,-2.4811532,-0.89908385,-2.9806545,-3.226235,1.5355462,0.825078,0.3254944,0.6178064,-1.0078562,1.078587,0.4574527,1.4305369,1.014157,0.7910452,-0.52303165,0.28891912,-1.5856694,-0.82516694,1.798725,0.43345156,-0.3090905,-0.9399739,-1.0837669,2.2773001,0.4656223,-2.2256408,0.31297404,-0.35461003,-0.2675356,-0.16995949,-0.5863822,1.4079973,1.1024182,0.8744972,-1.4183275,-0.9833747,-0.3070329,-3.0441773,-0.05422316,1.2918359,-0.7279036,-0.8249428,0.12766701,0.10782217,0.15289955,-3.3484004,1.0951343,-0.2306579,0.9744706,-1.0018929,-0.6874412,-1.0671402,0.4716853,2.0286844,-1.1267036,2.4759,-1.6724719,1.9354117,0.3078363,0.5101165,0.20567386,-1.0594616,-0.59951353,-3.665222,-1.1999627,1.1351595,-1.6374761
SNU-C1,-1.5930289,-0.0024527041,0.76499945,-1.6794587,0.27422607,2.2843046,0.7833743,-1.2297583,-2.9374804,0.7183872,-0.68304765,-0.12376396,0.6407529,-1.223041,1.8452351,-1.5086385,1.9247247,0.9181139,-1.3588216,-0.388262,-1.3010885,-0.37479085,-0.038974166,2.4577298,2.5376713,0.14305809,-1.3189949,-1.8152107,-1.7819685,1.8354592,0.4803813,3.204619,0.99242824,-0.81653816,-0.80107903,-1.489789,1.9951084,-1.403958,0.08896388,-0.9432685,-0.7476028,-1.1799514,1.4105662,1.2643707,-0.93722194,-2.083192,0.78868437,0.18862504,-1.1065829,1.0949857,-1.3667394,0.5038486,1.2786895,2.16893,2.1598802,-0.62685543,1.8078015,0.43800992,0.82951194,-0.59954035,-0.78712374,-0.38364244,-1.6975889,0.19939029,-2.2598968,-2.1322384,-2.6679173
ACC-MESO-1,-1.1913621,0.3464414,1.36971,-0.97058505,-1.8509152,1.0119742,-1.2583481,-0.9334488,0.12883613,0.13086328,-1.4037076,-1.4675689,0.123470694,0.011306569,-1.9470906,0.18942642,-0.0004184842,1.3002918,1.1505626,0.09153659,-0.622197,1.2856987,-0.92604566,1.2512081,1.025803,2.6500669,-0.0193992,-3.6665957,-0.425307,-0.5902923,0.29359967,0.096528545,-2.374088,-0.4083533,3.2469547,0.8746619,0.9167782,3.7883039,1.2406445,0.97992986,0.06181105,1.9526521,0.23613977,0.63140523,-0.57087195,-0.7779721,2.3223076,0.37704387,-2.4618223,2.2367346,0.3446657,0.61575353,-0.21767338,-5.802708,0.28573433,-0.9215707,-0.19490907,-0.23693743,-0.9609333,1.8910636,-0.9342822,-0.53480875,0.31783426,1.8849902,-0.9683353,0.39105338,-0.6294481
COR-L23,0.991856,1.1470444,0.17147574,0.6123172,-0.43796253,-0.35424444,-0.67978895,-0.64601105,1.2147502,0.09868953,-0.49245086,-0.5009046,-0.4722449,-0.2880873,0.96543884,0.61521393,-0.6473409,0.3880629,-0.61661416,-0.7695829,0.33590022,-0.22362246,0.19298477,-1.7063384,-1.6012793,0.108657986,2.0424988,-0.55756533,-0.16062908,-0.3035162,1.0684562,-0.77879643,-0.49283794,-0.9493654,-0.06590441,-0.43193316,-0.0043712854,-0.10372847,-1.8482068,0.5575654,1.3106122,0.8013323,0.108482495,-0.95578057,1.8637296,1.4885628,0.73406816,-0.8413226,1.009726,0.5777464,0.31354553,0.4601127,-0.6201423,-0.53392047,-0.12248434,-1.461003,0.5374507,0.94719386,0.39963725,-0.5276521,-0.5328921,-1.0725533,1.0698128,-1.1199664,0.005373478,1.3396513,1.1369377
COLO 775,-0.72959614,-0.19833997,0.3805349,0.17438716,-2.9182854,0.1149915,-1.83757,-1.1935538,0.15066707,-0.043234833,-1.5571318,0.08189437,-0.76639104,1.5368369,-1.0678526,0.00608229,-1.3756477,-0.37016764,-0.7609887,0.067701414,-0.5425198,0.54653126,0.18385963,-2.7434278,-0.13624439,0.7223501,-1.4136645,-0.56774664,0.6284672,-1.250728,2.2440538,0.54932857,-0.14991921,-1.0183939,0.6036708,0.4337319,0.67993635,-0.7792585,0.6017379,-1.4867504,-0.72071743,0.61473495,0.18560258,0.06969514,-0.03583616,0.09790142,-0.8520681,-0.042430952,0.53951967,0.91080725,1.595599,0.89910614,-1.6098039,0.074746534,2.084736,-0.8477367,-0.5981489,0.3533887,-1.3306724,-0.051033292,-0.30037552,-0.8223378,0.17713654,0.33833495,1.3406222,-0.04928944,0.972038
MEC-2,-0.06950917,0.09514366,-0.022265106,1.1537818,0.67305183,0.0029387558,-0.8722,0.6177894,2.0880785,-1.0004683,-0.068946674,-3.0410228,1.4272484,-1.3997445,-0.1800625,-0.020371374,0.49398518,-1.3989336,0.7788282,-0.60561967,-1.2569256,-0.21618223,0.0638524,-0.49864018,-1.7388637,1.3576646,2.8692925,1.9746783,1.1070715,0.06934729,-1.8732884,-3.2689524,-1.7308422,-0.38971433,0.40102088,0.12857623,-0.3357135,0.2524482,-1.1596329,0.61123276,-0.18571866,-0.14428335,-1.7622416,0.32605082,0.50902903,2.6015334,0.70931435,-1.1241689,0.56811124,1.1583986,-0.21379925,0.39007488,0.98302364,-2.1271057,-0.7255316,-0.5483474,-1.3640852,1.003887,-0.8311696,0.27095586,0.7187814,0.8419179,0.73190415,-0.686992,-0.37914833,1.7377398,0.23798737
ACHN,0.016879097,-0.50487524,-1.4904666,2.0638466,4.271777,0.15935029,6.9191957,3.9516146,-1.9415132,0.5349976,5.506669,-0.4116868,-2.0958726,-3.043438,0.24708556,1.5240946,3.1059515,-2.6576974,3.206266,2.169768,-0.4805393,0.9022677,1.9865395,5.9238067,5.4656253,-0.3080188,-3.1935112,0.47077748,-3.3472667,1.9564927,-4.406258,-4.3438625,-0.2571963,-0.46877643,-0.460032,4.376153,-3.1122096,-1.9892734,1.537999,-2.556583,-0.3621948,-1.5690687,1.0286272,1.6336851,-1.9940168,-3.9088237,0.77966446,2.4121935,-1.5612354,-3.9279504,0.670012,-0.5857586,-0.26184037,0.42453164,-4.5077415,2.8880396,-1.4805336,-5.3578925,-1.7229002,-0.85042167,-0.2498288,2.0940027,1.9744866,5.030716,-0.854231,-2.351151,-2.9847224
NCI-H1155,1.2312982,0.41225126,0.37950408,0.07044183,-0.6343622,0.06557278,-0.44485873,-2.2580562,-0.009780576,0.037235104,-0.5694263,0.03560631,-0.42241344,0.34181604,-0.15032539,-0.33223778,0.36276966,0.20641156,-1.0277193,-0.6497986,-0.255291,0.20927736,0.71811086,-1.3222648,0.31811476,0.6667737,-0.787267,-0.5457326,0.36885428,0.1508983,0.33945936,0.59883744,0.023375358,-0.08066439,0.607405,0.82256037,0.49440598,0.5940764,0.33716995,0.70833814,0.52144575,0.7850835,0.24553183,-0.22104567,-0.40271237,-0.46078727,0.47827673,0.07824909,0.008317292,-0.21771368,-0.025070235,0.08719589,-0.66510296,-1.4113994,1.556783,-0.59676117,0.04230112,0.79925436,-0.12310423,-0.6329505,-0.09046215,0.29784006,0.016030721,1.7079251,-0.1139923,-1.6579522,0.40607348
KLE,0.54069155,1.252458,-0.66829014,-0.89287233,2.875976,-0.4329415,-0.5239834,-1.7347399,0.55312735,-0.49109715,1.4572995,0.43565476,1.78491,-2.257877,0.99572074,-0.40720406,0.13216062,0.90661424,-0.48934275,0.08347625,1.723665,-0.0050912146,-0.71307343,-0.05333507,-1.2354467,-1.5441413,0.90966237,-0.22840555,1.3335291,0.8878345,-0.589713,-0.22792158,0.31963706,1.5936309,-1.4971185,-0.7605109,-0.7825772,-1.0284791,-2.078956,2.11405,0.49996412,0.12750417,-0.6755104,-0.64372784,1.053359,0.13245578,1.6600126,-0.5977338,0.4935098,-0.9635937,-2.1094868,-0.9135667,1.5396101,-0.19801654,-0.52780396,1.2535068,-1.5140171,1.6457423,1.7706362,-0.34070623,0.33394554,-0.10434291,1.2318157,-0.045890875,-1.8763655,-0.33912888,0.70975864
KHM-1B,-2.387421,-0.83917457,2.4461153,-1.3044453,-1.8037513,2.2089775,0.6292079,0.7217439,-1.644346,-0.08261897,-0.84875625,0.40615386,-0.58691233,0.49596882,-0.37538174,1.2433081,0.5570253,-0.6970921,0.8547784,-0.54960966,-1.5064259,0.11586439,-2.024501,1.9348783,4.549068,-0.049489945,-2.5093076,-1.7000338,-1.6356049,0.65652627,0.7370017,4.9748664,1.359903,-0.49761355,0.01661545,0.43422344,0.74556893,-0.43906006,1.4024322,-2.0704365,-1.5789031,-2.7394364,0.9505513,0.72186244,-3.1979551,-3.084587,0.080295414,1.720539,-0.011371881,0.62828803,0.578505,1.7274642,0.62668586,3.3589597,0.71498656,-0.9525652,0.22826318,1.1653442,-0.306323,-0.35593003,-1.8203716,-2.1199782,-1.7985337,-2.1252244,-1.4950908,-2.4740987,-2.094794
PC-14,-5.692514,1.7183207,-1.6115596,6.0797253,2.707126,2.4778125,1.1237206,3.3919191,-3.1565552,-2.2636032,-1.2981476,-1.0506145,0.93274415,-1.5515332,0.190377,4.554725,1.9640946,-4.0515995,0.44278005,0.76991886,-0.73101115,-2.270163,2.924,0.4413414,2.0904365,-2.1953635,3.0171156,2.9009335,-0.85067505,0.48387545,-1.6990049,-0.7773466,1.2694597,-0.92908174,-4.3170767,3.584066,-2.118905,-0.30130184,-1.1297247,-3.2076802,-0.08170204,-1.0645347,2.1025364,2.2608957,-2.8140388,5.3978815,-0.15212968,-1.6193784,-6.7877717,3.2280653,-3.73183,-0.9369102,-1.2402284,-1.7401408,-3.6030133,-3.3535998,1.6807802,4.395009,-1.799379,-1.7072704,0.71976274,2.4442856,7.294834,0.8142501,-2.7262182,-2.4994543,-2.8620703
Hs 675.T,-0.38575768,0.039731868,0.73224294,0.3784737,-1.425214,0.002378359,-0.19122446,-1.4753069,0.31185,0.15659165,-1.1010884,-0.020418357,-0.7363566,0.9401774,-0.4018981,0.037857786,-1.2595832,0.011571735,-0.8646523,-0.42267913,-0.26525766,-0.4241485,0.52738744,-2.0234365,-0.3702757,0.44826263,-0.30425432,-0.69811803,0.39299142,-0.5597845,1.2316041,0.5832892,0.023637068,-0.6570319,-0.24285847,-0.34131426,0.9572948,-0.119704366,-0.38156232,-0.087091625,-0.14736652,0.24816726,0.20443222,0.1628207,0.45778996,0.688951,0.0931806,-0.049171638,-0.113353714,-0.4371647,0.90621454,0.26325417,-1.1550967,-0.2534085,1.1210067,-0.8682821,0.04578644,0.5476285,-0.83700824,-0.2853482,-0.74838686,-0.5093726,0.39474806,-0.026970476,0.41830838,-0.15157673,0.87450176
Panc 02.13,-0.8702734,-1.6414613,-2.2371926,-1.7727529,2.7958822,0.11679627,1.8782983,-0.3194039,-0.93674886,-0.39618334,2.3101678,-1.180049,2.201296,-3.6503682,0.47217482,-0.11170119,3.0260684,-1.2603459,2.2037294,0.62647873,-1.1277957,1.1333959,0.09284623,1.8623098,1.7953105,-1.5945791,-0.7984273,1.3901916,2.1413386,3.581478,-0.83247733,-0.44029924,0.44409615,1.825432,-0.40346563,-0.6765498,-1.6284593,1.090271,0.077284634,-0.9180238,-0.04527478,-1.1174417,-0.91545254,0.20986225,0.0876473,-0.16437298,2.3426144,-1.4286286,0.0337016,-1.0780181,-2.241712,-0.7674798,1.079414,-0.2107087,-1.9818108,2.8229318,-1.5507712,1.5487734,2.658395,-0.37967902,1.2066947,1.1825014,0.28976026,1.1229371,-0.71731234,-2.2565928,-0.89428306
SNU-201,-2.3613849,-0.9581301,1.0298452,-2.0717525,-1.824153,1.4538282,-1.0343037,1.0985069,0.6358122,0.32760298,-1.9581552,-0.5612708,0.87815845,2.0411274,-1.281664,0.5584275,-1.7425605,0.21099508,1.0459191,-1.0822988,-1.4970154,-0.7290123,-1.4747963,1.586597,0.36981362,-0.4266447,0.91075325,-1.2673287,-1.5487664,-1.6123145,-0.09365556,2.2163968,-0.7535375,-0.92702633,0.14302716,-1.1344599,1.130132,-0.9959143,-0.59524834,0.7705446,-2.612225,-0.9918815,-0.2248184,1.2135942,-1.4350753,-0.9993168,0.38374346,1.0238246,0.08998872,0.6596543,0.04800562,0.75794804,0.2563249,1.0018454,0.8360524,-0.2633186,-0.052750416,1.8178793,-1.2348406,1.2301899,-0.069866195,-2.0241919,-0.7902086,-4.4002075,-0.6666025,2.4196155,-2.08302
JHOM-1,1.4103637,-2.0746922,-0.9901981,0.31575698,1.9756724,-0.043184377,1.7504684,2.913205,-0.2017177,-0.69657815,2.8439002,-0.65335023,0.69054747,-0.15158549,-0.3685747,0.90371305,1.2744364,-1.3970166,3.6674871,1.0979965,-1.0664439,0.011924893,-0.28050026,1.6015999,2.7494786,-1.3832973,0.6076474,3.1140387,0.68274325,1.1761831,-1.8930669,-1.7109342,0.67604375,1.1517209,1.1617173,0.8419078,-1.3515956,2.208569,1.6339955,-2.1954517,-1.3132807,-2.7417212,-0.92436135,0.22547385,-1.6757094,1.0806645,-0.10454154,0.59601307,0.78341246,-1.0812868,-0.57548916,-0.2417779,0.72187495,1.3006064,-2.9447234,1.4732113,-1.1504729,-0.4740594,-0.04597649,0.6463908,1.3283975,1.3121908,-0.70067984,-0.5817102,0.91040343,-0.5688865,-0.8046738
UT-7,0.34118626,-0.328698,-2.8925922,-0.80627984,3.6952472,-0.34596694,2.1022525,-1.043117,-1.3055681,0.7762798,2.1432874,0.42206267,1.5559641,-1.0900308,0.9873536,-1.0998526,0.4863041,-0.25852415,0.5684108,-0.0005631447,1.4483805,-1.403318,-0.14044893,1.1439707,-1.0021479,-2.1942036,0.027464688,2.6693573,0.023713324,0.46162775,-2.4630806,-1.6211407,0.26270834,0.77624756,-2.016008,0.076132625,-0.7158655,-0.14128357,0.5886121,0.32067734,-0.5026237,-0.847279,-0.95951056,0.32990867,-0.85029745,-1.2341292,1.4362047,-0.8852737,-0.7867529,-0.99524397,-1.0199305,-1.3563167,0.69168055,-0.31096306,-1.1066182,2.543532,0.4086499,0.34637454,1.0940253,-0.21391456,1.6205989,0.55845785,-0.19852534,1.238022,-2.0243309,-0.8004853,0.87599385
SNB-19,-1.2100457,0.09984702,1.6118824,-1.4386423,0.4914935,-0.19985895,2.6564586,1.1138054,-1.6330588,-0.30646273,2.6561208,-0.07532892,-1.3457769,-0.41086802,0.21447624,1.2506195,-0.16354199,0.16152549,0.36471176,-0.61036426,1.145613,0.20791064,0.9658896,3.7074249,1.8267224,0.665096,-0.95718765,-2.139126,-2.3052711,1.1763632,-0.3624219,-0.19374914,0.13387069,-1.0314759,-1.530671,-0.600441,-0.0645659,-0.24859291,-1.0836576,-0.541692,-1.1386486,-1.7261951,0.32556406,0.69868946,-1.2724026,-1.7321742,-0.66326535,2.3782606,-1.0582454,0.36091942,-1.4033189,0.9504501,0.06119525,1.6216784,-0.73040926,0.38037214,1.3792447,-2.3666973,0.4050399,2.2225132,0.52867883,-0.49769375,0.46389818,1.7790195,-1.1734563,-0.43269295,-2.5114052
SK-N-BE(2),-0.3367844,0.60975754,-0.085191,-0.1796794,-1.2942032,-0.17393343,-1.1569668,-0.74319404,-0.106458895,0.32570782,-1.0117956,0.27053514,-0.8682985,0.90655947,0.37530574,0.9387454,-1.1417063,-0.28791338,-0.9557995,-0.23227133,-0.2879274,-0.12620048,0.35644034,-1.6411097,0.056852713,0.79796267,-0.22689514,-0.2417374,0.5471499,-0.6671272,1.5352235,0.6869218,0.36383352,-0.34639025,-0.8716629,-0.17233151,0.5177408,-1.1395541,-0.5802703,0.38735527,0.56233037,0.15502395,0.84203875,-0.29460746,0.61142004,-0.5660749,-1.0416113,-0.29017437,-0.5557747,0.43380064,0.7305504,0.033169683,-1.1281086,0.8306967,1.3377028,-0.7935675,0.624566,0.45784664,-0.32595024,-0.07887831,-0.7540846,-0.4082023,-0.07293364,-0.7808982,0.110598244,-0.07799786,0.25574484
23132/87,1.1483532,0.41314,0.49654222,-0.0041582584,-0.4431701,0.20476155,-0.036532544,-2.444722,-0.16881733,0.31559736,-0.9275361,0.6368077,-0.10409051,1.0934259,-0.41269493,-0.7288228,-0.40060657,0.5316747,-1.1370928,-0.12904549,0.18063545,-0.19578454,0.51360637,-1.157985,-0.7426007,-0.19635428,-0.45109358,-1.137875,0.10625957,-0.42975023,0.56389195,1.1514282,-0.16451073,-0.81061035,0.7147915,0.50467694,0.91897416,0.4581979,-0.09846935,0.20996858,0.17013386,0.47644138,0.4052378,0.14256558,-0.3804177,0.25771874,0.30117306,0.038336564,-0.3620817,-0.087488644,-0.05097843,-0.1336592,-0.8021951,-1.0352939,1.3183813,-0.7649558,1.4574423,0.8324501,-0.70944154,-0.59169436,-0.69405615,-0.69531745,-0.04115561,0.87240684,-0.12052603,-0.6946445,0.7790036
JHH-4,1.6144922,-1.258158,0.86948496,-1.3554221,0.94154793,-0.15207222,-0.041628122,4.6262445,1.8066475,-1.162616,2.4841475,0.0019520372,-1.4169978,-1.6759096,0.2198135,-0.25618294,0.8273024,-0.31721982,1.6304721,0.61283565,-2.2240722,2.345888,-0.8213062,4.4823213,3.050804,1.9685888,-1.4844625,0.7838431,0.6302519,3.2580292,-1.2313324,-1.9587657,1.3389444,1.889097,3.9021723,0.372998,-0.73153925,1.7084606,2.1342986,-1.140593,-0.10981642,-1.020114,0.87302387,1.1322407,-0.3617988,0.012518555,-2.3155787,3.837888,2.572133,-1.6859372,0.54147625,-0.49964225,1.0345331,1.7458762,-0.8872301,2.0875149,-1.3756881,-4.7884717,0.6418421,1.0297352,-0.61152595,3.9923077,-1.8283316,-1.6080816,2.6480365,0.506657,-3.4573088
NCI-H2141,0.9420303,-4.2501837e-05,1.1898787,0.30725288,-1.5407752,-0.033446603,-0.088051006,-1.5112817,0.38052925,0.022270344,-0.97746205,0.005457852,-0.59477335,0.73963106,-0.5619637,0.0010146797,-0.7595183,0.0106559545,-0.9431263,-0.42950854,-0.2939026,-0.22334038,0.47231007,-1.8996983,-0.6714021,0.520469,-0.4695462,-0.3868367,0.5746062,-0.36116758,1.09685,0.16007146,0.02481618,-0.62352085,0.0069000907,0.12717521,0.89222986,0.059073247,-0.23926643,0.027423535,-0.23913458,0.20848532,0.33929724,0.17509365,0.05446724,-0.0034012944,-0.3489284,0.089975715,-0.14464904,0.55902195,0.8763337,0.09888756,-1.1554153,-0.29692417,1.0311795,-0.83314943,0.33011734,0.45946702,-0.96450573,-0.15411443,-0.73582995,-0.6710884,0.3830991,0.17327566,0.4084577,-0.08512029,0.909817
TE 441.T,0.27298284,0.10476567,0.5660283,0.33909807,-1.5782692,-0.031768218,0.077649295,-1.6108131,0.32275605,0.10540275,-1.0338058,-0.1116418,-0.6249801,0.9397416,-0.48063803,-0.06591179,-0.8116931,0.42522627,-0.93499255,-0.045345902,-0.41019994,0.0016699582,0.48627558,-2.0534756,-0.9407232,0.49999785,-0.0010654777,-0.7677735,0.44423473,-0.6530553,1.1351054,0.5697825,0.024945322,-0.44036672,0.42265186,-0.13896066,0.69212085,0.6592839,-0.24034096,-0.34305888,-0.0906414,0.34782633,0.27060568,0.1346157,-0.02024687,0.08648163,0.16580111,0.086518936,-0.31666875,0.36931932,0.7714685,0.039393164,-1.1050868,-0.4338547,1.1084385,-0.87702715,0.63561743,0.4977034,-1.0141509,-0.31354266,-0.7003997,-0.5303075,0.20174983,0.61619514,0.4326663,-0.10738517,0.9325709
COR-L311,0.6347979,-0.15506296,0.68223333,0.15478176,-1.6717825,-0.16066447,-0.084338576,-1.4234045,0.41425815,-0.07551577,-0.9041073,0.056180984,-0.5904761,0.735338,-0.5678416,-0.11157872,-0.67951626,0.24971092,-0.941677,-0.14792657,-0.2977236,-0.6931663,0.267866,-1.8460892,-0.6940608,0.42378268,0.10723624,-0.22803667,0.61442405,-0.7843704,1.1944594,0.27850112,0.13146242,-0.24210334,0.36989686,-0.4661683,0.8304936,0.3270412,-0.37105235,0.041082177,-0.30398846,0.4147122,0.43201682,0.20499648,-0.08102664,-0.059687424,-0.16027422,0.22163306,-0.22895505,-0.14262031,0.95319617,0.14275396,-1.0666329,-0.17613763,1.1900793,-0.7729614,-0.11635195,0.35123658,-0.8443146,-0.11518796,-0.438647,-0.6351287,0.06894923,0.10662651,0.45091617,0.09801963,1.0381539
IM95,-0.36461473,0.46593422,2.2789507,0.8471786,-0.48828304,-0.19092537,0.09140395,-0.4339818,0.39407533,-0.71887285,0.39767826,1.3087995,-0.36321384,0.6509844,-0.3434007,-1.1438414,-0.73985577,0.81801474,-0.8474756,-1.3316221,1.2081552,-0.037736043,-0.5713047,-0.6488662,1.1958287,-0.8886548,-1.0419333,-0.012362028,-0.8965319,-0.18674257,-0.7119451,0.89009625,-0.30766642,-0.66233355,-0.796955,0.5646003,0.0059235506,0.24320164,0.47998932,-0.5959156,-2.0847058,-1.3384335,-1.128856,0.28415853,-2.04589,0.8730156,-0.26821673,1.341169,-0.5825791,-0.11348666,-0.75296134,1.5592964,0.52152056,0.7265683,0.8133782,-0.906292,0.22154191,-0.47555235,-0.85337615,0.2807403,1.9020573,-0.85178787,0.95322686,1.9225233,-0.47093537,-0.32167196,0.32048297
TUHR14TKB,0.58660865,-0.019963987,0.3859105,0.41546962,-1.6040739,-0.03379325,-0.26234028,-1.4249067,0.2909143,-0.05350654,-1.0858519,0.15137662,-0.5768778,1.0199469,-0.3786204,0.02959545,-1.0512669,0.0828322,-0.922779,-0.20032685,-0.22536194,-0.051234648,0.46736023,-2.1151204,-0.6289421,0.53614783,0.3036844,-0.18496339,0.29416123,-0.63939595,1.1960819,0.2786792,0.0118850535,-0.23163715,0.022836423,0.016887406,0.8402582,-0.01426103,-0.22931606,-0.08762085,-0.21105754,0.2142888,0.39889726,0.35859692,0.18258406,0.09751188,-0.26200336,0.050717372,-0.5571159,1.1225649,0.82619333,0.26379067,-1.1757617,-0.40749583,1.3170031,-1.0816648,0.29680777,0.44100216,-1.0352458,-0.2448802,-0.50731033,-0.68419623,0.5101329,-0.15637368,0.5658186,-0.08549142,0.8610944
P3HR-1,0.9861892,0.4321438,0.74942577,0.16479962,-1.0803975,-0.12852749,0.0246014,-2.1524954,-0.039008085,0.59589314,-0.63694966,0.76127106,0.0034951717,0.7473444,-0.35622364,-0.6462635,-0.111219734,0.4981106,-1.0817646,-0.08911926,0.608297,0.5070455,0.26771212,-1.3667524,-0.58400905,-0.29098508,-0.80945003,-0.94603646,0.04100725,-0.24100204,0.58668184,1.0703888,-0.16926783,-0.80588144,0.7360779,0.47645807,0.39329198,0.12444416,-0.029132888,0.64655155,0.38499108,0.4431277,0.37298098,-0.26171905,-0.07957185,-0.14673235,0.7642755,-0.049840182,-0.14166185,-0.8540176,0.04692221,-0.075622275,-0.7842977,-1.1561311,0.9854819,-0.36053628,0.5821022,0.52022254,-0.40638024,-0.40456447,-0.71487916,-0.9144107,0.019060485,1.2702861,-0.14232261,-0.6109576,1.1642777
RPMI-7951,-0.29391468,1.407975,0.98161364,-1.5194572,0.79405576,0.09335344,0.8011815,2.2857878,-0.9192022,0.40482834,0.6027699,1.0200291,-2.002417,-1.6715252,0.55841017,-0.1428689,0.29855427,1.0224464,-0.5206712,0.6933571,0.40531224,0.16496152,-0.96191055,2.4737194,2.118473,1.3188483,-0.466851,-1.6368322,-2.2351294,0.36558792,0.4698965,-0.21989846,0.61454016,-0.21675614,1.7412317,-0.22278748,-0.41050494,0.116222374,-0.037705615,-0.57240427,1.584156,0.084490955,1.1306852,-0.71802574,0.3502455,-0.6476149,-0.8079262,1.0458852,0.2316399,1.242076,0.7313922,0.04793626,1.0508479,0.24973758,-0.10865876,0.3361356,0.8540014,-2.447025,1.312814,-0.3536639,-1.678609,-0.7278944,-0.8412266,-0.92921823,-0.29917353,0.7970656,-0.7513381
SNU-119,-1.816516,0.9910709,1.0625618,2.9647028,0.47777474,0.9119487,-0.6754983,0.010037742,0.7041438,0.7603545,-0.47034824,-0.026686534,-0.8741737,-0.16298153,0.4401948,0.89595324,1.8007653,0.23158364,-0.2849196,-0.14367959,-0.2114996,0.88513637,0.8571018,1.7993051,0.79720324,0.8349338,-0.98092014,-2.7682142,-1.418144,-0.12222634,-1.4847177,-0.47408575,-1.5631999,-0.5081706,-0.68694,1.8649414,-0.77018404,-1.7527655,-0.045146663,0.92791176,0.6902541,1.3032775,0.8618882,-0.22153865,-0.07581146,-0.7537104,0.30041236,0.03390168,-0.47377828,-1.8227794,-0.8037845,0.61021876,0.48620924,-0.048828647,-1.0816919,-1.7750559,-0.5523194,-1.1013783,-1.2704585,-0.9579931,-2.039226,-0.29404745,-1.2895088,1.5772187,-0.89083415,-1.6905326,-1.5469658
SNU-349,-0.34043735,-0.39704627,-4.7980347,0.70293665,5.228563,2.5653052,3.4926767,2.0700598,-2.281046,0.708727,1.6461489,1.0996293,-0.8988907,0.35761034,-0.3564405,-0.91443014,1.7745864,-1.9744647,3.2133534,1.7252553,-3.6487405,-0.25822937,2.345219,5.0947256,2.868209,0.34296602,-1.0853128,1.030781,-1.945364,2.087758,-4.3070636,-2.7691064,0.48691615,-1.5491842,2.470992,2.0703168,-1.8873056,-3.5518136,3.6240067,-2.6706011,0.84207034,0.042567737,1.0179048,0.07302281,-0.5509671,-2.5936477,1.492548,0.8760945,1.2746754,-3.373717,0.3944398,-1.269535,0.9599689,0.16698089,-3.678685,3.0089374,0.39176068,-1.1883708,-2.8146067,-2.6607537,-2.6787233,1.490406,-3.082273,0.12523872,-0.6222732,-1.1337743,-3.3743994
OELE,1.3150392,0.40138128,0.1527819,0.15844049,-0.5617119,0.118010655,-0.27433744,-2.3855357,-0.016630733,0.42139295,-0.76221687,0.63494647,0.11791161,0.9797768,-0.33097965,-0.7621819,-0.12662855,0.64534557,-1.2061708,0.030723691,0.07859422,-0.057367474,0.48074606,-1.2457185,-0.16856426,-0.046153046,-0.26427352,-0.6230028,0.12561315,-0.5298217,0.35045925,0.7251931,-0.31671757,-0.21067414,0.7706993,0.35801947,0.548966,0.0006006658,0.026054699,0.3684746,0.13653359,0.638849,0.32497928,-0.18578337,-0.14921954,-0.5429479,0.583204,0.06326232,0.19867098,0.62549514,0.047826488,-0.15771544,-0.6748705,-1.1872619,1.0808012,-0.36329997,0.8495685,0.6112335,-0.780916,-0.69755405,-0.93785626,-0.81440616,-0.15567778,0.4505071,-0.4649461,-0.5463399,0.9177893
SNU-216,-0.97825694,0.33770326,-0.1290198,0.2587513,-0.30676332,-0.35707647,-0.85748273,1.3150731,1.0985616,0.10169713,-0.21717508,-2.5348573,1.6388732,-1.5761203,0.44993737,0.2472753,0.12398803,-0.32339942,0.4061905,-0.43885106,-0.18615088,-0.12668222,-0.2886698,-1.0180295,-1.4426157,0.13804457,2.8213294,0.70968,0.009815849,-0.4290569,-0.011400461,-1.7689484,-2.1333432,-1.1482679,-0.13396108,-0.7857643,-0.3276047,0.91769654,-1.8957055,0.49742192,-0.10460505,0.76443493,-2.0614846,-0.83573294,1.1679078,3.3190355,1.1276145,-2.302936,-0.25970733,1.9486781,-0.59019446,1.3484731,1.341197,-1.6085179,-1.0275066,-0.55352867,-0.07790547,1.351834,0.44923788,0.853474,1.1142972,-0.82824785,2.0360212,-0.80736244,0.0051467707,2.8485851,0.5939998
MG-63,1.5014149,0.5683722,1.0536522,0.124649376,0.14044611,-0.5559951,-0.13127162,-2.7157066,0.3672665,-0.08997385,0.6650904,0.5276456,1.5585995,-0.4855154,0.10968143,-1.6052192,-0.30730942,1.4658324,-0.9993828,-1.0889316,1.6256787,-0.23765124,-0.36659947,-0.7954774,-0.08199836,-1.3767058,0.032329626,0.24193184,-0.59640974,-0.19219999,-1.3366446,0.7839973,-0.81815195,-0.2046751,-0.88888085,0.025326826,0.18275142,-0.2325783,-0.21288888,1.2091863,-2.2769618,-0.70705676,-1.6400023,-0.24762121,-1.385442,-0.03440152,0.8944436,0.45425993,0.5090279,-1.7483093,-1.2282622,1.2856827,1.1385124,0.17373398,1.3001139,0.66570586,-0.0483346,0.51978505,-0.4811461,0.14108738,1.3595525,-1.4590006,0.3300311,1.7924591,-1.7650172,-0.06055429,0.88586724
IPC-298,-4.065674,-2.20176,-2.8835573,3.9608538,1.2281215,0.49972522,-2.7396288,1.4641674,0.44007415,0.9008825,1.6590819,-1.8783566,0.99735487,0.34462178,0.21427594,0.41198903,4.166731,-3.3196442,1.6028283,1.2524855,-0.8191396,1.620572,2.3442254,3.1932745,-1.2156239,0.08577487,-2.7072906,-1.0891522,0.02224645,-0.19749306,-2.120462,-3.084459,-1.9792534,1.7924321,-2.46776,2.7445817,-2.526908,-2.226716,-0.17879616,0.8473503,0.1426174,2.344482,-0.5101224,-0.73906255,1.5835992,-1.9380585,0.39012188,-4.5656266,-0.25864732,-2.9492607,-1.5251027,-0.22334737,1.2650511,0.6387428,-3.7355914,-0.050107688,-2.7590458,-1.5935985,-0.19376089,-0.20179439,0.5167479,2.4043188,-3.0680122,2.745797,0.8085661,-2.8245175,-1.0345793
NCI-H727,-3.0307577,-3.2635508,0.57342225,0.7599368,-2.9214032,0.5950716,-1.391022,-0.6097574,0.39075163,-0.0472211,-0.38974002,-1.6487029,2.9071798,1.3034629,-1.9269868,1.7489612,0.46856564,0.24780825,1.3198234,-0.4148485,0.37095207,-0.33615354,-0.86111456,-0.59657174,-0.5878208,-3.564426,-0.5524376,-0.7962549,0.3912804,-2.0717237,-0.7815441,3.533598,-1.4391673,0.5635321,-3.12673,-0.71650916,-0.78205127,-0.14579579,-1.7560474,1.6586202,-4.2962646,-0.92491966,-1.0595134,0.5415984,-1.54107,-0.0804683,1.6698568,-0.6024159,-0.360067,-1.1825758,-2.096061,0.9101279,-0.73452526,2.6302748,-1.6075743,0.11296685,-2.2613797,3.8800988,-0.54330355,1.8348196,2.1313317,-1.3649366,0.79937536,-1.7326692,-0.9288461,-0.72595805,-0.67627877
SU-DHL-5,1.1543759,0.3043133,0.4114921,0.28356305,-0.7599164,0.11516219,-0.62849325,-2.5485234,0.5147207,0.6982967,-0.24687245,1.2094965,0.72610176,1.487426,-0.3987601,-1.0297586,0.46363664,0.85396993,-1.6225958,-1.13971,0.48318037,0.02763626,0.6426123,-1.3424146,-0.26859227,-1.0257767,-0.098351985,-1.0377251,-0.59307086,-0.3547762,-0.2900012,0.7974598,-1.3744882,-0.9777815,0.5024448,0.11320481,-0.005575979,-0.019604683,-0.46807313,0.7443589,-0.6656478,0.59184766,-0.32388103,-0.7741108,-0.37690014,-0.0073599517,1.6248531,0.057018206,-0.44434538,-1.5147316,-1.0998636,0.78626657,-0.3532093,-1.0776726,1.1294024,-0.49399072,1.2922187,1.1727247,-0.47199705,-0.75195146,0.7460114,-0.9497111,0.60375166,1.3361757,-0.030444985,-0.4004699,0.5162789
YAPC,0.22954136,-1.6220175,-3.1504135,1.3090903,1.8764576,-0.032969587,1.6124744,-0.54245794,-1.2639053,0.7751112,1.2478018,-0.76332164,1.6300926,0.8528583,2.435751,-0.44073635,0.79195714,-1.2447183,0.9289287,-0.7407751,-0.17726132,-1.6931405,0.73825854,-0.47984087,-1.2780707,-2.0325024,1.7388084,3.832677,0.7037533,1.088898,-2.2681599,-1.3753927,0.36742252,0.012968419,-3.3581495,-0.8883184,0.05957956,-1.45845,-0.6396769,0.14043698,-1.178156,-1.1478051,-0.8226487,0.5781963,-0.15431297,0.6821524,1.2159592,-1.9989554,-0.08993337,-1.6238723,-1.1347932,-0.26951018,0.2958208,2.7665105,-1.0484155,0.5006121,-0.096360266,1.0359439,0.2326261,-0.38370615,1.9797449,1.2438182,-0.58576787,0.9052892,-1.1195287,-1.6979713,0.18913111
KMS-18,1.4783785,0.88212824,0.22200623,-0.53909695,-0.7033397,-1.9546406,0.65941584,1.08805,0.347055,0.9175813,-0.32912773,2.9113078,-0.36407122,1.4798927,-0.9138497,-1.7037191,-2.3704891,0.056197524,-2.5886326,2.4190915,2.565445,-1.1235415,-1.7088053,-1.04637,-2.4423454,-1.1839491,-1.7720871,1.2150161,-0.8961431,-4.3560524,-0.34788254,-0.5163347,0.32199103,0.23191328,0.5384143,0.81170577,-0.37634873,-0.47002319,-0.10546428,0.39487043,0.80504626,0.050653156,-0.22712225,-1.0028446,0.20432629,-0.2760774,-2.4223707,0.82998735,0.439399,-1.2770854,3.6472535,-1.570825,-0.6760553,0.988253,0.33595535,1.6246271,1.5577856,-2.9103532,-1.3232536,-0.4697182,0.36646324,-0.47727326,-1.3952683,-0.6523026,2.1593983,1.7800363,4.2429166
TE-11,-2.2697353,-0.7488963,0.037706792,5.867563,-2.9646027,1.8473548,-4.224916,3.6470642,3.111031,0.21446048,-1.4185206,-0.7203924,-2.3849726,2.9116929,0.37620455,4.901205,-0.1565999,-1.9175669,2.4680183,-1.7759372,-2.2718842,0.9537261,0.600382,-3.6520329,0.100857556,-0.8887772,3.076591,-1.651381,0.68755597,-0.74311876,1.9103265,0.23505533,-1.8890196,-1.9264925,-0.18193772,1.9460728,-2.2712302,-0.42131293,-1.5930493,-2.0303576,2.710823,0.8363193,-1.5988809,-4.1132293,1.675467,3.4565454,1.9847567,-4.929754,3.2826695,1.276878,-0.0010853335,3.4647682,-0.7160215,1.161082,-4.6440973,-7.1592603,-1.600848,5.345466,1.7288429,-2.4734294,-0.36056438,-1.46065,0.84616953,-4.831249,2.8129148,-0.12582374,1.357692
HL-60,-0.21466362,0.12653597,0.4735297,0.48254517,-1.6277314,-0.24027708,-0.8400928,-1.1220821,0.054813962,0.72862977,-0.8774056,-0.10049166,-1.0740237,1.6431204,0.41731992,0.47636274,-0.8829332,0.22810923,-0.7095236,-0.10266711,-0.43383312,-0.16926964,0.82975566,-1.6099838,-0.10399324,1.3409618,-0.09876077,-0.7333323,0.19665277,-0.2532381,1.0839,0.20570782,-0.91778773,-0.97609264,0.03227963,0.23306398,1.0743349,0.11848089,0.17927593,0.36860532,0.47453552,0.85954136,0.898654,-0.26419187,0.45491546,-0.16245344,-0.29052177,-0.3829963,-0.52650166,0.7924189,0.28428316,0.05133632,-1.3115293,-0.31416324,1.0357169,-1.1937168,0.6709457,-0.2891908,-1.1219378,0.6676316,-0.86520606,-0.3318544,0.049093634,1.075309,0.5799543,-0.36130685,0.1190762
TE-5,1.0181956,-0.87758756,0.6829841,0.7669424,-2.3318362,0.28553763,-1.158019,-0.60503453,1.2755338,-0.45272127,-1.5389247,1.7752886,-0.37981305,3.0478733,-1.0894696,0.10451007,-0.36902303,0.29010034,-2.0739586,-0.76084226,-0.48929608,0.28755584,0.58190316,-1.8853122,-1.6262206,-0.6431723,0.31449836,0.8079846,1.0470015,-1.2854239,0.67739296,1.7697624,1.1533272,-0.68652785,0.32160902,-0.124019474,0.0066846972,-0.028180808,-0.66411376,-0.7536367,0.33989507,-0.009833679,0.1820728,0.21304087,-0.39875582,0.3328174,-0.5624508,1.4128228,-0.5272886,-0.09875699,1.1409074,-0.65694696,-2.0259976,0.28356498,0.86253965,-1.725977,-0.8112363,1.7974992,-0.033927128,-1.8311191,0.69681597,0.37704653,-0.018732611,-1.2897356,1.8799816,-0.7369166,1.1603237
ONCO-DG-1,-1.5224633,0.73315454,-1.8349104,-0.7097146,1.2044992,1.4637773,-0.17692327,1.7718612,-0.28075904,0.8293549,-1.4381326,-0.6653171,0.8133396,-0.84857637,1.2353399,-0.7446783,-0.2503513,-0.6998852,0.18334274,-0.20211928,-1.3260717,-0.68930465,-0.18314683,0.60213083,-0.7461321,0.822893,2.3409977,0.8780004,-0.21294528,-0.21189857,-0.30490938,-0.6934878,-0.29921806,-1.0600779,-0.2774841,-1.3182039,0.87204194,-1.7044792,-0.62334895,0.026695251,0.38920185,0.36504394,-0.038928583,0.47415748,1.2505189,1.2592318,0.58045864,-1.4973313,0.30633914,1.3878171,0.064364456,-0.55098975,0.92740995,0.547666,-0.15141013,-0.00829877,1.026226,1.1509956,-0.047688812,-0.32206503,-0.57971096,-0.16263057,0.70158863,-2.7853246,-0.824313,2.1648188,-1.4654199
SNU-601,-1.9821086,-1.068952,-1.5656409,-2.3340585,1.9690046,-0.3754393,0.8156399,5.3494053,1.7456342,-1.3610831,4.1707673,-2.6991448,1.3934656,-4.893888,-3.4796813,1.3037689,1.7187972,-3.2767167,4.2881784,2.881214,-1.2656302,2.394124,-0.554695,4.0323076,0.84828025,1.0325692,-2.200092,0.3362517,1.2658021,1.8227181,-0.30529252,-3.4251306,-1.5289112,1.9105899,3.770168,1.9436916,-3.0611598,1.9415509,0.011975907,-0.33993876,0.42747512,-0.12095943,-1.8425509,-1.5932357,1.8086376,-1.6849554,0.5505283,-1.5449734,2.1713555,2.7137003,0.44932154,-0.02892302,1.3566835,-3.5260522,-4.342805,4.2794003,-2.4029896,-1.3786932,1.4935704,1.0796441,0.7588197,1.4267912,1.5616666,-1.4694041,2.3106835,3.0467832,-1.190735
GCIY,-1.5261117,1.3903856,0.76124763,1.1554201,1.1042908,1.0066221,0.21721579,-0.308118,-0.63175225,-0.12774082,-0.8550117,1.1888937,-2.1906555,-0.8722642,1.7321568,2.1123672,0.58717173,0.6104766,-0.24229798,-1.2695508,-0.23698072,0.09276341,-0.14008924,0.76912886,3.2422462,0.47212487,-0.75234175,-1.4367988,-0.9242028,1.8983481,-0.9952614,1.5377277,0.87535083,0.4026016,-2.1398485,1.4936823,-0.19428605,-2.8369157,0.5339644,-0.11894955,0.83954567,-0.4915035,2.2178097,-0.0696296,-1.3881279,-2.1479783,0.41693366,1.4985049,-0.9676652,-1.2033846,-0.8766121,0.4465329,0.50632554,2.1290026,-0.17717414,-1.6145625,-0.9419937,0.7441071,-0.31724983,-1.3389378,-1.8339925,-0.2713759,0.26413563,1.1601528,-3.2578764,-2.8772583,-2.3128374
BICR 18,1.0299283,0.79654825,0.22090666,0.25220656,-0.40076908,0.14460957,-0.18864138,-2.2303476,-0.19968835,0.69660187,-0.83809197,0.6471386,-0.27993155,0.69917434,0.048665244,-0.3511469,-0.70046836,1.0246661,-1.0253284,-0.35987055,0.13911085,-0.09859046,0.6406571,-1.5365739,-0.12333502,-0.15609042,0.09721923,-0.8516866,0.24678081,-0.5960348,0.6643539,1.0493733,-0.4756716,-0.9386395,0.59916055,0.4278314,0.7969966,0.15616345,-0.22093207,0.46778888,0.41567388,1.1247829,0.45009974,-0.52400684,0.24880642,-0.13092089,0.6833789,-0.36761662,-0.4310645,-0.23485568,-0.2933816,0.07136209,-0.84445804,-1.2430822,1.0384065,-0.9004184,1.2296059,0.8447063,-0.6447473,-0.4172556,-0.6144928,-0.9533688,0.3675583,1.2456899,-0.41367602,-0.6188716,0.5363754
SK-N-MC,1.1069196,0.5636346,-0.0820926,0.3376818,-1.9201425,0.16104923,-0.9282233,-1.7956042,0.40984386,1.0255498,-0.9523087,0.5297173,-0.54632753,1.3311409,-0.1536906,-0.15543874,0.29305065,0.09872241,-1.1149184,-0.6154293,-0.45914236,-0.3132224,0.60579294,-1.8469911,-0.04466337,-0.032611102,-1.0618193,-1.2018547,0.08261055,-0.32179075,0.6554285,1.066172,-0.8679256,-1.2316889,1.1941298,0.7621133,0.26124597,-0.34020835,0.11109541,0.24140014,0.58164823,0.829482,0.9097961,-0.975135,0.403863,0.17505203,1.1236222,-0.51437193,-0.76439786,0.037924655,0.3616238,0.29279488,-1.3456376,-1.1433818,1.2749505,-0.98166656,0.97674793,0.89640605,-0.70335436,-0.90879387,-0.31219923,-0.88180566,0.25223377,0.8737993,0.71278036,-0.6101167,0.4977357
IGR-37,-0.3215596,0.6040346,1.2119966,-0.3621987,-0.5945961,-0.4539488,-0.0359671,-0.30362242,-0.03153251,-0.19573411,-0.729901,0.03549895,-0.37431684,0.12813738,0.08199543,-0.29297072,-1.0583161,0.51707447,-0.9262999,0.20268328,0.4459849,-0.015610065,-0.1662969,-0.27167997,0.043209314,1.501258,-0.57370365,-0.36159045,0.24711849,0.08411524,0.36799002,-0.7473381,0.12256653,0.10892851,-0.6789781,-0.19438428,0.95346117,0.2575681,0.17729339,0.3824245,-0.20543066,-0.013814774,0.40713346,1.0877302,-0.47203192,-0.5555423,-1.02906,0.99957466,-0.9836434,0.47661957,0.3747479,-0.44071162,-0.10242953,-0.46639967,1.2820507,0.014911393,0.26181015,-1.3675711,-0.7180564,1.065807,-0.3753811,0.49387145,-0.06639728,1.3846511,-0.43373144,-0.18923926,-0.07597139
GSS,0.105544746,0.5585135,0.006028671,-0.83260053,1.1155778,0.650701,-1.3332314,-1.4548241,0.7831415,-0.89711297,0.23910911,-0.638173,-1.7330946,-1.3163043,1.4554659,1.2562432,1.7297146,-0.49323076,-1.0056344,-3.3890383,-0.77714133,1.0646732,0.56578034,0.33892328,0.6491312,0.52995026,0.3125571,-1.0398798,0.9374124,3.2597594,1.216256,0.17347725,1.2497455,0.6416201,-0.34416437,0.62174976,0.7938762,-0.16815445,-1.015313,1.0191894,2.8153913,-0.03816999,1.1772385,0.8250823,-0.16219442,-1.7236995,1.4721406,-0.08263196,-1.1422776,1.6224056,-1.8035187,-0.19746271,0.051920548,-2.063322,1.910622,-2.5867853,0.29489064,1.9684081,3.281528,-1.7477772,0.7002827,1.704895,0.79723823,0.7156168,-1.2607269,-2.7683554,-1.2653991
VMRC-RCZ,-0.35178623,1.1895878,2.325824,0.49474016,0.37888092,-1.2135472,-0.13595437,-0.07478899,-0.3464795,-0.4738824,0.74653935,1.7001755,-1.4219044,-0.47340578,0.48097908,0.2787803,-0.29043478,0.7274115,-1.190552,0.7535678,1.4928095,0.59830284,-0.31479985,0.52182794,1.9691894,1.5609082,-2.0705864,-0.9826656,-0.3756247,0.3180803,-0.87439,-0.7939305,0.22405793,0.8261912,-0.71184784,0.7168478,-0.6124708,0.4898801,1.2513368,0.8050668,0.16825409,0.06350462,0.6788338,0.032231763,-0.7397986,-0.89619166,-1.4317498,2.0123909,-1.2080044,-0.2220587,0.042999454,-0.38094002,0.5245055,-0.4753416,0.30180445,0.46284983,-0.61290723,-3.0656197,0.098938905,1.1375508,-0.104401566,1.4879621,-0.22522113,3.985701,-0.2528798,-1.7868795,-0.113814294
SNU-308,-0.24769226,-0.8033368,-1.2781131,0.43616036,0.08535682,-1.1133568,0.3678918,1.6637655,0.53083605,0.8735106,-0.6742256,-0.8655055,1.5867281,-1.1465207,1.957913,0.7567193,0.2593479,0.041510284,0.82774633,-1.4665549,1.2158345,-0.9543272,-2.708271,-1.9704789,-0.7198999,-3.02174,0.71813726,3.605395,1.0313938,-0.30908903,-0.9941962,-0.13872525,0.48437613,1.3681297,-3.7601,-0.08648563,0.60655403,-0.70140684,-0.7878461,1.2577343,-1.7267748,-1.7537323,-1.8330904,1.3797979,-1.1170839,0.5357835,0.62668926,-0.82524616,0.33016008,-1.4627136,0.5301853,-0.15520789,-0.24346617,3.1172907,-0.378362,0.48786747,-1.221657,1.0806333,0.15497749,0.3742106,2.3110328,0.7121059,1.9937894,-1.4012554,-0.65433586,0.36992377,1.3570342
HCC2279,1.0297885,0.33752483,0.7965009,0.30485842,-0.7345263,0.0647942,0.06031792,-2.3428135,-0.043212436,0.6935201,-0.84345615,0.6708083,-0.087747306,0.7369245,-0.30664605,-0.56687224,-0.976923,0.4224235,-1.1180038,-0.27755347,0.093749516,-0.109173805,0.58575666,-1.5689162,-0.11171076,-0.0046901368,-0.019010037,-0.7873378,0.11554062,-0.24824564,0.5762122,0.6422169,-0.21989222,-0.51209235,0.5767987,0.16827106,0.61827755,0.32659936,0.010835331,0.43261182,0.22911184,0.35045993,0.3408699,-0.6753676,0.009013273,-0.49350706,0.84392244,-0.088527046,0.080945104,-0.24778649,0.07837786,-0.156915,-0.84936184,-1.0101426,1.1737053,-0.6378628,0.9909855,0.7173197,-0.7657783,-0.73919183,-0.8903563,-0.6523015,0.31590337,0.7710562,-0.16253263,-0.62394685,0.85751957
MDST8,-1.2546675,-1.8761939,-1.815525,0.8175862,2.1301966,-0.53026277,4.155776,5.3334923,-0.9449319,1.0483458,2.7389183,-1.6378129,0.7624767,-1.5255152,-0.60320204,0.15562521,1.2764939,-1.9181722,3.7842739,1.8366776,-0.8048513,-0.22847843,-0.28270867,2.4210374,1.190005,-0.41884345,-0.77413094,3.995894,-1.1922392,-0.2240096,-2.697754,-3.830121,-0.9889394,-0.100797534,-0.04886469,2.0092428,-1.7369385,0.827916,1.2735901,-1.972768,-2.135306,-1.470034,-2.1339781,0.21780008,-1.0009043,0.52405804,-0.48948023,-0.9366028,1.5806483,-2.5470214,1.2038472,-0.12559004,0.1976753,0.3600037,-3.645822,3.229371,0.38215026,-3.1253796,-1.0291917,0.88202447,1.8081162,1.5043544,-0.08446395,0.27623644,1.2765526,1.7902418,-0.34857965
WSU-DLCL2,0.8957475,-0.27719402,-1.9201425,1.2434579,-0.046341613,0.24023728,-1.780973,-0.48035267,0.74638414,-0.16997321,-1.1475867,-2.1083817,1.3225944,-1.7076224,2.963383,-0.5874206,1.0059366,-1.1759458,0.066586904,-1.0342151,-1.845232,-0.573377,-0.25673988,-2.4282227,-0.10529281,0.48842126,2.6060019,2.1858926,1.7974039,1.4555613,-0.58512187,-0.7276691,-0.20372915,-0.5029369,-1.0819142,-1.9914117,-0.055399157,-2.2244835,-0.7242253,-0.7197837,0.6801376,-0.39081475,-0.39835146,-0.99105304,1.2707769,2.5865886,1.0388597,-2.3255134,2.547012,-0.7377146,-0.59235704,0.41813654,1.0893817,2.4544523,-0.46923295,-0.5588272,-1.7671096,2.8298502,0.43751818,-1.084579,-0.3093715,0.3914911,-0.22422504,-2.0943906,-0.55338943,-0.31314245,-0.31859225
CAL-51,-0.6448714,-0.1465836,-2.0832894,0.30344683,1.211371,0.07723104,0.04604436,0.05742266,-0.11605241,0.4710871,-0.61540437,-0.6869712,1.465704,-0.08101089,1.4041556,-1.1808852,-0.064075544,-0.5397917,0.54936695,-0.2651584,0.35415602,-1.2103136,-0.27417657,-0.8560825,-2.6132703,-0.9834434,2.1328378,1.9808252,1.1736116,-0.21993735,-0.7688139,-1.4782574,0.11022353,0.04832506,-1.4730124,-1.3295596,0.5218625,-1.1237782,-0.86704934,0.8360019,0.22417024,-0.20636424,-1.559077,0.20893463,1.1690317,1.2796816,0.83675873,-2.3887358,0.6923494,0.2954723,-0.47513068,-0.75843185,1.1994988,0.8506944,-0.8357745,0.16579334,-0.35682178,1.5796565,0.68377465,-0.21255107,1.0465245,-0.016309768,-0.04143153,-1.4042356,-0.9151298,1.00085,1.0326953
COLO 668,1.2799761,0.41807497,0.31565768,0.1614217,-0.59392154,-0.016995333,0.29594272,-2.4294212,-0.12376368,0.32853308,-0.79713637,0.4325495,0.088188976,0.5421226,-0.4778025,-0.8867271,0.5923276,0.673313,-1.2197092,-0.036116242,0.29638124,-0.12082281,0.3951673,-1.2796743,-0.5075407,-0.042241838,-0.45341638,-1.1126705,0.06360807,-0.62201214,0.29053664,0.8116405,-0.36530527,-0.0820608,0.83688784,-0.019313067,0.7082941,-0.29047677,0.4315899,0.64642584,0.07826298,0.78735435,0.41017348,0.019777402,-0.05340472,-0.4382202,1.1587782,0.09398816,-0.0437942,-0.25810108,0.04892508,-0.12362267,-0.67392325,-1.2506732,1.2514639,-0.40563026,0.8948096,0.44465026,-0.88111186,-0.6101373,-0.72841316,-0.56633765,-0.4966057,0.9123953,-0.36261493,-0.80912733,1.096756
KNS-42,-0.31288025,0.41509515,0.092110276,1.4966302,2.282367,0.3031692,1.8437246,0.7455529,-1.0127466,0.17804663,1.6237218,1.1529878,-1.2705351,-0.38227415,1.0589926,0.1073721,0.9950635,-0.100007,0.4699374,0.7571633,0.47069487,0.27201223,0.5738392,2.6995523,1.5865138,-0.4781318,-1.4658387,-0.9904463,-1.7501583,0.85372883,-1.6142646,-0.45535547,0.64911944,0.13796109,-1.2775513,1.0726613,-0.44309562,-1.1859355,0.8401762,-0.44060594,0.17563732,-0.3520254,1.1010262,0.032040134,-0.68091893,-1.9093564,-0.057003528,0.71736985,0.38252205,-2.4953475,-0.19554988,-0.05976132,0.8425343,2.0819385,-1.6813923,-0.08256197,-0.8305847,-2.0411518,-0.06327971,-0.5657944,-1.1573794,-0.08394647,-2.259509,1.3271482,-1.2092668,-1.9450935,-0.9363289
NCI-H1836,-0.20463601,0.535081,0.46781212,0.2303753,0.39874083,0.5725078,0.8492083,0.37212375,-0.2934457,-1.2462294,0.24191353,-1.2524904,-0.6477295,-2.4486217,1.900286,1.042746,1.491822,-0.649072,-0.17971388,-0.826642,-1.6153299,-0.18618715,0.79043925,0.57820266,2.2805092,1.3812851,0.20207864,0.354615,-0.24533015,2.488456,0.15590996,0.4234933,1.5298283,-0.5156936,-1.2368594,-0.1935398,0.015238389,-1.3922443,-0.45080194,-1.5616181,0.33743012,-1.7022376,0.8876318,1.1423391,-0.5920326,-0.18739583,-0.66168547,1.3983271,0.41058955,0.16247405,0.07492804,0.4748302,0.7592532,2.296731,0.46007124,-0.7704624,-0.8888698,-0.238709,0.0066557005,-1.5834751,-1.5344322,0.40095404,0.3660313,-0.44116625,-1.4998832,-1.812426,-1.9854507
SNU-1272,0.5277218,-1.3068744,-0.92693394,-0.76485026,0.14726827,-0.47495794,-1.9674467,-0.5540642,0.69759095,-0.41620505,1.1334908,-0.7093427,1.4434925,0.088836595,1.7862046,0.36526018,0.15774661,-0.21007085,1.0282614,-0.55394447,-0.47078142,0.1696233,-0.2816323,-0.23448282,0.39219555,-1.1084812,1.56398,1.3370057,1.6341481,1.2029439,0.030242046,0.49455804,0.17923394,1.0005463,-1.2133001,-2.2773135,-0.52844983,-0.8508167,0.26663268,0.6878526,-0.97150546,-1.3398384,-0.57471204,-0.47887707,0.51931757,1.0212967,0.47341296,-0.84097403,2.042276,-1.4171746,-2.270405,1.0603082,1.2574443,3.0923345,-0.25266406,0.58594555,-0.8625651,1.6323851,1.3021146,1.2071897,1.5488404,0.53192353,-0.8464389,-1.7720926,0.2850612,-0.21566814,-0.8938166
SK-N-SH,0.8210678,-0.011557076,1.1004288,1.0629745,-1.580439,-0.242944,-0.084693685,-1.0956165,0.6825551,-0.14440277,-0.7544507,0.17516844,-0.62686014,0.90843356,-0.21422806,-0.01985685,-0.42244488,0.039165646,-1.0148097,-0.20069847,-0.04731641,-0.001748845,0.5589825,-2.1991372,-1.081117,0.4424136,0.09666194,-0.12717423,0.53290784,-0.6855698,1.0700153,-0.24315503,0.08519344,-0.5773628,0.19587877,0.21990253,0.56291825,0.19876072,-0.48884767,-0.503222,-0.18878905,0.3991841,0.1885869,0.14672501,0.27893177,0.48035276,-0.07508162,0.20413277,0.038984895,-0.33578187,0.9682247,0.26333305,-1.3129102,-0.12653355,0.58805096,-1.1682245,-0.34352916,0.109632134,-0.6789795,-0.37783027,-0.11824632,-0.19433576,0.4955485,0.54284954,0.63809186,-0.10417969,1.1922916
OVCAR-4,-2.0937324,0.32164764,-3.4735582,-3.3077526,1.1081328,-0.68668807,1.7541587,1.4579409,-1.6867838,2.3953507,0.35232472,-1.2758228,2.2010462,-4.3842955,1.8701491,-1.0577067,0.960456,-0.53707975,-0.721762,0.4328965,0.57807165,-0.2785668,-0.58117646,0.8662546,-0.6067047,-0.20552799,-0.5054964,1.5116894,-0.94029677,0.12612882,-0.20704606,-0.9531789,-0.79665434,-1.174013,-3.4456484,-1.579753,-0.19293433,-2.782621,-2.5435073,1.9590621,-0.80781925,0.7703621,-0.46243516,0.074482985,2.4573982,-1.2570801,0.43547323,-2.1646886,-0.56687194,0.40099555,0.54037917,-1.2249532,0.03933918,1.4943804,0.46371248,4.517121,0.10635144,-0.9461346,0.39781532,1.0980065,1.3331695,-0.5487017,2.8393621,0.1026249,-1.2098314,2.1937144,-0.53941023
OCI-AML-3,-2.290531,-1.1841829,-0.03753177,-1.4914081,0.23230445,-0.89039737,1.959143,4.271396,0.19148725,-1.458651,2.926601,-1.2408231,-0.4477802,-2.6876903,-1.6022832,2.116501,-0.28707355,-1.6824391,2.4425256,1.4807593,-0.024804063,0.14434373,-0.57716846,2.8846588,1.8076953,0.09665692,-2.2255604,0.5447069,-0.7481375,0.09030303,-0.096864976,-0.5128738,1.8241808,1.3992774,-0.75448215,1.1136973,-2.0428526,1.2986522,-1.0769804,-0.85158175,-0.93403935,-1.4340355,0.04416263,0.08604157,-0.8077568,-2.283583,-2.3038712,1.6418598,1.0265069,-0.09741794,1.635675,-0.58564967,0.07766615,2.0087745,-2.2343318,2.604806,-2.3431962,-2.4092195,-0.3663109,0.43972933,0.006225676,0.35597974,0.059411824,-1.8341731,0.19346565,0.63234574,-1.2794346
COV318,-0.9417133,-2.510084,-3.1747336,-4.7060905,2.6042843,-2.3258722,1.0600188,5.603399,-1.1437178,0.54765797,4.7097793,-1.04318,3.6988606,-3.5896688,-1.442595,-2.5928144,-0.7608539,-2.3325806,3.58112,4.841102,1.5177922,1.3628963,-3.9452617,2.3640444,-0.2145694,-1.6742247,-3.0275176,4.5042562,0.9803056,-1.3152201,-1.6055442,-2.3706608,-0.5572205,2.824058,0.62706995,-1.6992632,-3.5041149,1.0783947,0.7563182,0.6666949,-1.7870141,-1.3267843,-3.391821,-2.5015523,2.2269394,-0.9003062,-1.167939,-3.2936769,3.3781939,-0.49502885,1.1457744,-1.3380182,2.5312374,2.0566025,-2.9967437,9.101482,-1.5861443,-3.7652285,2.0041528,3.6621177,4.0122395,1.6934148,-0.39443827,-0.42523587,3.8839936,4.5834746,1.7206814
MFE-319,-0.084814444,1.1925589,-0.3210371,0.69778293,-1.2586775,-0.537986,-0.044300035,-0.3728099,0.35631338,0.7402524,-1.2560376,0.7357671,-2.638586,0.27629182,0.996668,1.7131916,-0.7342692,1.1991696,0.11367155,-1.7818615,0.8090043,0.8878932,0.49144337,-2.8047276,-0.20742352,-0.80312806,0.6285564,-1.7746803,0.45111734,0.47323236,2.7580266,1.2812428,-0.28561652,-0.83072597,-1.410497,0.8294442,1.502144,-0.5230238,-0.8658071,0.2136082,0.9079175,1.6693554,0.3709917,-0.9873707,1.0816386,1.26714,0.4167083,-1.5903625,-0.57344085,-0.13355479,-0.20492357,1.1502206,-1.631044,0.68337214,0.30501786,-2.9965138,1.3869414,0.83011764,1.0255312,0.23524825,0.22787143,-1.462052,2.801199,1.177325,-0.067554325,0.0072112437,0.3459814
Mono-Mac-6,0.55515695,0.10679993,0.6784394,0.86302745,-2.0083606,0.4285391,-1.024261,-0.8513445,0.4627511,0.027553892,-1.0994458,0.5406791,-0.9533311,1.6865984,0.07487086,0.30634046,0.23358646,-0.11253331,-1.0419632,-0.7370267,-0.87275124,-0.052597802,0.6410966,-1.7803073,0.049139973,0.27905628,-0.02287659,-0.33178756,-0.059743658,-0.29399827,0.6632014,1.2269616,-0.093992725,-0.68808556,0.43865395,0.070194185,0.3414499,-0.42056665,0.1649889,-0.31344074,0.07633082,-0.18771067,0.6792396,-0.30449587,-0.15320075,0.26969913,-0.27868652,0.121197894,-0.07714045,-0.27592483,0.34394884,0.7331183,-0.9075625,0.6378826,1.3304423,-1.515366,0.3893803,0.8784685,-0.44674888,-0.41453892,-0.28635654,-0.3676986,-0.4690702,-0.38219297,0.7961385,-0.80338806,0.075473264
NCI-H441,-2.026301,-2.7041852,-3.9991505,4.6544533,0.47326642,-0.32668844,0.7849349,6.1900845,0.44366542,0.88630474,0.08148325,-3.3295753,2.3209145,-1.989263,1.0209837,0.99624354,2.4319065,-4.089309,3.5731106,1.9675428,-2.6210797,0.038284868,-0.5860363,0.25408143,0.6767051,0.31391343,-0.49476448,4.8786907,0.13402595,-1.262895,-5.056548,-4.2847214,-2.5103123,-0.39335996,-0.7532092,2.706674,-2.5967882,-1.8665547,1.5927794,-1.0435092,-1.7012807,-0.5027278,-2.47871,-0.38616955,-0.16053613,1.1454384,-0.0920445,-2.954243,2.5193155,-4.1711073,2.20321,-0.88409936,0.24225691,2.7502286,-4.902361,2.4631078,-3.4365592,-1.3455498,-3.9244492,-0.34440017,1.0312928,2.5304205,-0.8647467,-0.3673399,2.3242917,0.27687195,-0.6222419
JHUEM-1,0.8929874,0.8507487,0.69751215,0.12992647,-1.572488,0.18635283,-0.83655894,-1.7462686,-0.34219337,1.025161,-0.7921669,1.4852375,-0.77535576,1.5826559,-0.58447814,-0.4179962,0.00673626,1.1552386,-0.67705446,-0.17571971,0.6061293,0.8209257,-0.046513375,-1.7402502,0.43462068,-0.771154,-0.9554021,-1.7464226,0.097215086,-0.27010047,1.1697873,2.3233604,-0.5704771,-0.69275147,1.6603513,1.0216739,0.21488401,1.2841425,0.7464136,0.043106336,0.6855043,1.216923,0.43859684,-1.2094548,0.17029741,0.4211618,0.96962976,-0.4421905,-0.48742282,-0.8827391,0.07398853,0.55715275,-1.0511596,-1.3293805,0.77406704,-1.1162957,0.70423365,0.48664787,0.099691756,-0.7519405,-0.12763363,-0.9938044,0.3770469,1.7028154,0.80064607,-0.848158,1.0550294
SNU-899,0.14868133,1.124214,1.3152363,-0.27091807,1.2076895,0.6523372,-0.29249388,0.5702913,-0.2488345,-0.2332408,0.19986784,2.5290701,-2.4111142,0.5088166,0.95827985,1.530302,-0.7530883,0.8808656,-0.46482876,-0.66857284,0.253117,-0.009958357,-0.052911144,2.0736632,1.9691631,0.06792676,0.43735904,-1.8082758,-1.1180161,1.2051147,-0.09030086,1.3488833,1.7390457,0.6265173,0.02803183,-0.32253528,0.25993595,-1.3218428,0.65412694,0.5075958,1.5717802,-0.33503124,2.1010835,-0.2572781,-0.81867033,-1.2379218,-0.5539983,2.2286096,0.037826434,-0.83849597,-0.93596417,-0.45574623,0.6571989,2.039883,0.037446294,-1.3506037,0.2937264,-0.1308989,1.013089,-0.36051416,-1.5434579,0.099558935,-1.4883975,-1.2037709,-1.0881215,-1.2005008,-2.053556
LOX-IMVI,-0.44979513,-0.2612548,1.2722611,-1.0147059,-0.84280354,-0.49486536,-0.67970854,-0.2592039,0.5317515,-1.0790074,0.54809433,-2.5362885,2.05496,-1.9627215,0.026192382,0.18454525,0.9359087,-0.47071964,0.030383881,-0.85147625,-0.7088595,0.008289073,-0.4502762,-0.37943035,0.81638044,0.7171792,0.69014263,0.39728197,0.04113818,0.5528177,-0.31215802,0.3694309,-1.2825644,-0.9861548,-0.50206715,-0.9221635,-0.6323916,0.2714818,-1.4298002,-0.047930025,-1.5274884,-1.3184097,-0.8013408,0.23043999,-0.5857508,1.3848938,0.3180339,-0.18310508,0.039354958,1.4405429,-1.0957627,1.4547057,0.85762,-0.15124163,0.73087317,0.76278436,-0.6310953,1.3919011,-0.04626246,0.6943741,1.2802258,-0.7784019,1.0529675,0.026208337,-0.65418994,0.4118628,-0.29809722
G-402,0.92331725,0.7778128,0.41092533,0.1128541,-0.7370533,0.23859523,-0.7547445,-2.1661437,-0.31811702,0.7421379,-0.74224055,0.91606224,-0.09783921,0.98408085,-0.12501681,-0.56433624,0.16744037,0.7539945,-1.2771292,-0.3671264,0.15398699,0.34161124,0.46577314,-1.0315614,-0.17160323,-0.26245543,-0.3518915,-1.6520735,-0.58209544,-0.44538033,0.33992252,0.83622754,-0.6495781,-0.22203949,0.66347045,0.5675079,0.40668803,-0.02284012,0.16173154,0.7186042,0.54733306,0.91781056,0.5704299,-0.59218776,-0.13982521,-0.058987647,0.8081354,-0.19220963,-0.9141151,-0.4254033,-0.36002204,0.16246371,-0.76696384,-1.3279026,1.1702288,-0.7736145,1.6377378,0.8930853,-0.35082632,-0.5713544,-0.40693325,-0.6918954,0.18302663,1.3844545,-0.17597401,-0.84949774,0.6298259
MOR/CPR,-0.74212325,0.67639494,1.4486958,-0.9713232,-1.0356985,0.8354511,-1.9221381,-0.1700446,0.21669422,-0.6335899,-0.9429169,0.022543222,-1.0323541,-0.28654626,0.45695364,1.333428,0.17127779,0.3616142,0.22293313,-0.5712961,-0.7880775,0.7208809,-0.5867619,0.28859264,1.7237611,1.2425201,-0.47518903,-2.0754507,-0.03003566,0.49662268,1.3550302,2.3991323,0.96367306,0.43477955,0.57991564,-0.1470666,0.41775507,-0.35242087,0.48346147,0.44733813,0.73755753,-0.12173875,1.701601,0.022249328,0.08142877,-1.0952102,-1.2450897,0.91527456,0.28634796,0.5541386,-0.27819544,0.94878906,0.31252176,0.9874176,1.3170419,-0.83543247,-0.45098567,0.47348586,0.5413122,0.30816165,-1.4500111,-0.22072607,-0.9139446,-1.2866216,-0.5466959,-0.87607205,-1.7633263
SIG-M5,1.0864011,0.36096442,0.45264012,0.125263,-0.47332588,-0.014815882,0.18882418,-2.37679,-0.059422154,0.48833495,-0.65818554,0.56817126,0.25737965,0.822391,-0.4812858,-0.95669454,-1.3337635,0.46129975,-1.1741059,-0.13708325,0.25327894,0.051637128,0.31578588,-1.2363179,-0.15858021,-0.067526266,-0.2536,-1.1168933,0.3118689,-0.7485738,0.2701749,0.60220295,-0.15341303,-0.4453077,0.76822245,0.3060724,0.5743958,0.6858551,0.13863094,0.5024121,0.050752275,0.6891317,0.17094912,-0.23757723,-0.17779529,-0.24971245,0.73602486,0.17561011,-0.3350941,-0.5571345,0.1380071,-0.20441495,-0.52929,-1.1965642,1.2557893,-0.07900222,0.3616337,0.45187026,-0.7108082,-0.9944496,-0.55215204,-0.8189021,-0.29479825,0.55211365,-0.37613475,-0.65403867,1.1235845
SNU-410,0.397679,-1.852786,-0.17126174,-0.8939008,1.6814353,-0.5578096,2.846767,1.5322889,0.02569481,-1.6427152,3.9950676,-1.4020092,0.20937228,-1.9278934,0.46043822,1.250439,1.4129128,-0.223447,2.4699893,-0.015530437,0.1720005,1.1840643,0.9069424,2.8464155,1.5780488,-1.2411488,-0.24213284,1.532897,0.87023413,3.4496295,-1.2349961,-1.7298942,-0.0689425,1.5720533,-0.42525575,0.7475474,-0.6571507,2.1006463,0.54656404,-0.23475114,-1.7067727,-1.350651,-0.6244468,0.7877359,-0.89102626,-0.19416603,-0.05735886,1.6717091,-0.71868384,-1.967158,-2.0883226,0.019135684,0.09389799,0.15338959,-1.7210191,2.1035042,-0.64292884,-2.216559,1.3920096,1.8687801,2.070892,2.1348162,1.6383393,3.1015596,-0.04015418,-0.98077327,-2.1327405
RPMI-8226,-0.13897058,-2.2598894,-4.816204,-0.8920421,5.204206,0.6188939,2.6946306,1.6230478,-1.1026937,-0.2768667,2.8731582,-1.8952574,1.8335041,-2.2055175,-0.16988404,-1.1606745,2.6825116,-2.1255867,4.215654,1.8206841,-1.2830099,0.5068639,0.9399932,3.6970048,1.0243335,-0.8148344,0.7549378,2.9794517,1.6967878,2.4615705,-2.7862778,-4.162769,-0.36810723,1.6673267,1.7615685,0.5734048,-0.5404594,1.4253905,1.9003465,-0.76009977,-0.4272959,-0.6404611,-0.99345416,1.4138274,0.9132773,-0.71416986,2.2592297,-1.6159021,1.4267461,-1.1337379,-1.186755,-1.5101657,1.3916321,-1.4264582,-3.720472,4.027286,-1.9433638,-1.067491,0.18693794,0.06794911,-0.030775573,2.9720242,1.1782222,0.7061192,-0.4361176,-0.37540215,-1.4159073
Hs 934.T,2.217655,2.1126263,-2.674583,2.227057,2.244465,1.5227321,-1.1367831,-1.8844779,-0.87191004,2.160414,-2.6275647,0.9479724,-0.74276865,0.96656245,2.6167102,-0.5118505,1.649807,-0.63786113,-0.8397343,-0.979045,-2.1034832,-1.3708894,1.5063301,-1.0954549,0.29969233,-0.74870956,1.9183795,-1.24561,-1.001972,-0.2164279,-0.8059037,0.41225284,-0.28765708,-2.356355,1.9361609,-0.053780004,0.60443145,-3.4593287,0.8852844,0.12860721,4.169082,2.1719632,2.3400662,-2.5419767,1.743027,0.21989784,2.8184104,-2.0115004,1.7549026,-0.79143584,-0.21191268,-1.090084,-0.29327604,-0.65814084,-0.6909466,-2.4079976,2.0358462,3.6286836,-0.72736067,-4.3645177,-3.9171004,-1.1690651,-2.4711862,-2.5416024,-1.1146456,-0.76727176,-0.93616253
NCI-H1650,0.048762456,-0.04680872,0.3847734,0.31702918,-1.8893745,-0.17723316,-0.24217652,-1.0037929,0.42275247,0.045623682,-1.1273179,-0.17524904,-1.0468755,0.6344999,-0.405037,0.51695484,-1.0008074,0.289366,-0.7978768,-0.683254,-0.07506396,0.4499405,0.42001182,-2.1549242,-1.0161432,0.4991647,-0.14744481,-0.635393,0.653636,-0.5525479,1.5966667,0.34352165,0.08175217,-0.4991163,-0.11127296,0.053587962,0.77470106,0.23215584,-0.5005715,-0.18557175,0.23094565,0.20365357,0.43481788,0.1476644,0.30981767,0.17247322,-0.2723029,-0.021759897,0.0039179474,0.54559207,0.9319734,0.47034323,-1.3115221,0.011919143,1.0778837,-1.2146976,0.4347059,0.5532854,-0.5431442,-0.15314417,-0.31433442,-0.6646272,0.90529484,-0.06912534,0.6112592,0.1552041,0.7613318
HMC-1-8,-0.2267017,0.99939346,-1.4351526,0.7045241,1.8198825,0.72648644,0.5406689,0.5141642,-0.41249216,1.5316129,-1.8619452,0.67342055,-0.28266218,0.13666637,1.8389233,-0.3056864,-0.38112187,0.15355822,0.13358065,-0.4847417,-0.42681223,-1.0189126,-0.39858356,0.49362314,-0.38976547,-0.37668395,1.3770903,0.56920433,-0.58037776,0.300717,-0.7490044,-0.25321245,0.70280814,-0.27031782,-0.8603498,-0.4158053,1.7496588,-2.1263125,0.3341704,0.32169327,0.6509561,0.16853686,0.41203916,0.6211522,0.29606664,-0.48201305,0.85555536,-0.64720774,0.84187555,-0.61577135,0.47844893,-0.93538564,0.45859683,1.6090666,-0.35974374,-0.78037167,0.59231853,0.54769,-0.19440114,-1.2852137,-1.7119867,-0.55291563,-0.70678836,-1.6491784,-1.6835333,0.356391,-0.7954963
SLR21,0.51645696,0.4782682,1.8031479,0.61610204,-0.17721976,-0.86288136,0.7960269,1.3399974,0.973444,-0.12335381,0.41087577,0.15932378,-0.38582242,0.4639698,0.21255487,0.5522999,-1.0166767,0.70866674,-0.4839128,-0.6806773,1.3429054,-0.56129605,-0.061454717,0.827744,-0.24965107,0.07213968,0.8019495,0.18319473,-1.6250522,-0.8343536,-1.5734639,-1.3388149,-0.74805486,-0.60536444,-1.0968379,0.3592809,0.06045098,0.14719857,-0.39581695,0.60348856,-1.2691584,-0.7134779,-0.40652138,0.7399659,-1.3256707,0.8200024,-1.3049123,2.2313097,-0.6877391,-0.5625491,-0.30194253,-0.060168013,0.06485441,0.4162993,-0.026065964,-0.4309237,0.8043275,-2.0908988,-0.7398169,1.0886803,1.1028181,0.21023966,0.61835104,1.1435342,-0.4286795,1.1021842,-0.5843698
MM1.S,-0.24902374,1.8728836,1.154849,-2.404408,-0.45682114,-0.853377,0.5227517,0.9171785,-2.490688,1.1683336,-1.2746555,2.4030132,-0.70922434,0.4204899,0.76694065,-0.29435575,-1.7274603,-0.45225748,-1.6420909,2.1019711,0.9848807,-0.04567659,-2.0008457,-0.04016238,2.6269042,3.3510492,-3.4925306,0.02309905,-0.427696,-1.1890793,0.6081432,0.43552774,0.8493383,0.47949734,-0.07873102,0.070834816,0.64384824,-0.0677892,2.308487,0.24561995,1.8520449,-0.5948944,1.8746103,-0.17860551,-1.0067618,-2.5982127,-2.5185797,1.4519255,-1.7816828,1.5290003,1.824348,-1.4403961,-0.76270545,-0.5360787,2.0211997,2.3244274,1.1307566,-2.8952718,-0.49042004,1.1616745,-0.92156273,0.8778996,-1.1085367,1.6162059,-0.15549946,-0.87630343,0.68731374
NCI-H1975,0.79777527,-3.2395372,-2.6035516,-2.0325003,1.0740908,-1.1793336,-0.7269116,2.5994723,-0.5834907,-0.001995951,3.3642764,-0.40398568,2.3290057,-1.0043832,0.5193445,0.82482684,1.0588795,-1.1994988,3.8495133,0.79417646,-0.041445445,0.7964845,-1.4746032,0.9880409,2.0748374,-3.070481,-0.8431823,4.150584,1.4083147,1.1303487,-2.6585133,-0.76704,-0.11041796,2.6052377,-1.5203351,0.21741898,-2.3283396,0.7484231,1.616175,-0.08226884,-2.6953022,-2.1817698,-1.8328991,-0.7522781,-0.4205555,0.11938441,1.6592575,-1.1076678,1.9503884,-1.6869128,-1.6105579,0.673113,0.620599,3.2556539,-2.3082674,4.467416,-1.8101437,0.14115001,1.4841576,2.465583,4.0006866,2.4019608,-0.5544114,-0.94574213,1.7392002,-0.04456113,-0.6055486
U-138MG,0.36733142,-0.21561095,0.5388938,0.30406883,-1.52721,-0.123285174,-0.17702965,-1.5415367,0.38394618,0.1964767,-1.0363549,0.23493099,-0.5264302,1.5594132,-0.53231055,-0.2213081,-0.7854235,-0.13623285,-0.9545843,-0.2535245,-0.13121001,0.35484195,0.31397226,-2.0435128,-0.9637279,0.35454154,-0.42657378,0.07936385,0.5412432,-0.5673538,1.211785,0.42098337,0.2670167,-0.048214376,0.1835728,0.030590648,0.9019097,0.3746529,-0.5952798,-0.18599352,-0.1828305,0.19596758,0.25294274,0.38660553,0.22396314,0.047995627,-0.3611488,0.07057422,-0.12854528,-0.045156643,0.9528329,0.1769794,-1.1656997,-0.31728384,1.234048,-0.6808179,-0.03572966,0.43430582,-0.79082364,-0.4871568,-0.5081101,-0.6000312,0.20636415,0.07495075,0.3840463,-0.14850648,1.1458105
ECC10,-0.24167971,-0.44183266,2.0709825,0.9981293,-1.0911105,0.39407077,-1.5279772,-2.0699108,1.198379,-0.32219785,-0.021527808,0.34842607,0.0835727,0.6113012,-1.489659,-0.42334113,1.0200229,1.438673,-0.7664296,0.47735074,1.0611626,1.1638362,-0.07112066,0.79124904,-1.4500675,-0.07456322,-1.1636813,-2.6505337,0.56898695,-0.21172476,0.09705302,1.0916774,-0.68263954,1.4995658,0.89357346,0.31553212,-0.0427259,1.3549911,-0.05937814,1.9184875,-0.33791798,1.7936122,0.15929542,0.2660073,-0.15009151,-0.61657315,0.44625252,0.6094383,-0.2456066,-1.6057091,-1.2170899,-0.08324425,-0.17917906,-1.3432978,-0.0011083193,-0.5680591,-1.469,0.007838815,0.09741475,0.46245,-0.74071234,0.25117522,-1.1625898,1.1399102,0.5333644,-1.5118024,0.5107175
UACC-257,0.22615649,1.1965358,1.0792978,-0.06555241,0.40507415,-0.08368916,-0.23899232,-0.547637,0.18937986,-0.15385242,-0.010841355,0.01025001,0.016443923,-0.23342136,0.45190912,-0.5408714,-0.46988863,0.68516576,-0.84019893,-0.29126725,0.51623756,-0.5364624,-0.18336198,0.43297976,-0.28542155,0.6575945,0.9206248,-0.5388299,-0.7375401,-0.33658916,-0.18143556,-0.30458018,-0.27763706,-0.3455327,-0.005587589,-0.47049877,0.31200355,-0.011971138,-0.5313044,0.65050006,0.08428681,-0.045558564,0.30594164,0.17334151,-0.30896947,0.53141713,-0.10345024,0.63565874,-0.33230796,0.5637506,-0.3058463,0.13437155,0.61305904,-0.52275044,0.7006698,-0.53341526,0.64526546,-0.3685076,-0.25190255,0.06270179,-0.67947733,-0.44864285,-0.57040334,-0.12170425,-1.2881746,0.27763438,0.06743014
CL-40,1.5834672,0.76680124,0.72044665,0.22760656,-0.45941204,0.12270531,-0.4884652,-2.3430247,-0.18060295,0.5757402,-0.6287834,0.76984906,-0.043125734,0.54620105,-0.32197538,-0.84077173,-0.90422124,0.8285219,-1.1151191,-0.1565066,0.38984567,0.10412311,0.31886524,-1.1362933,-0.11449413,-0.29700068,-0.8276322,-0.94373083,0.40769425,-0.51180774,0.35531268,0.74522483,-0.4291116,-0.45099357,1.1805011,0.34423894,0.4433192,-0.0630984,0.34856698,0.53839743,0.26664215,0.4630581,0.30124187,-0.8383389,-0.05295019,-0.16512239,1.036012,-0.050753452,-0.26999345,-0.4923346,-0.122325644,0.28301618,-0.5640795,-1.3091233,1.019067,-0.5196982,0.28329802,0.54866886,-0.5750668,-0.5562967,-0.31323567,-1.0458028,-0.1377795,1.1716355,-0.44879305,-0.76757073,0.9667262
HuCC-T1,0.010576293,-0.60077184,-2.6884458,0.30804744,2.2311037,0.48159453,-0.36860207,-0.7189616,-0.21365345,0.034121215,0.7236595,-0.4505458,1.5728525,0.056659743,1.678672,-0.46410987,0.5374157,-0.6974954,1.2795757,-0.20538612,-0.7312263,-1.0180411,0.16026606,-0.19810247,-0.55846167,-1.3831596,2.0832672,2.0730557,1.5176725,1.2519429,-0.979302,-0.48557073,0.8707125,0.56542784,-1.3781612,-1.6391693,0.16754925,-1.3957654,0.109517574,-0.12867905,0.02116748,-0.821067,-0.6054227,0.5930122,0.2731269,0.726673,1.4902627,-1.6633148,1.1551391,-0.90405756,-1.2107666,-0.22213042,1.5181518,1.9454303,-1.0278635,0.14037025,-0.453951,2.2328925,0.80690134,-0.6810118,0.379088,0.7172586,-0.67159104,-1.3901867,-1.1137351,-0.5417962,-0.4162764
KE-37,0.046739668,-0.11312571,0.5461134,0.31066662,-1.6384882,-0.1983303,-0.4538893,-1.423097,0.22367759,0.083642356,-1.1155398,0.041420117,-0.4508331,0.76822823,-0.5684415,-0.051106364,-0.923196,0.34678966,-0.89010817,-0.11165056,-0.08397472,-0.047098763,0.3758691,-2.015947,-1.186373,0.51796705,-0.28502432,-0.63285196,0.78484195,-0.5228104,1.2077911,0.6610709,0.10164442,-0.32703698,0.24375337,-0.058210388,0.90559644,0.3072978,-0.30297315,0.069796965,-0.17448545,0.012812614,0.3528447,0.3133395,-0.051717687,0.13222486,-0.022724599,0.129146,-0.25672778,0.5027909,0.8956137,0.07054381,-1.2573947,-0.15112935,1.0647439,-0.7296821,-0.30016595,0.42323548,-0.8668153,-0.044163555,-0.7279887,-0.45232347,-0.06720023,0.3417707,0.3322244,-0.2352217,0.9277877
SF295,6.3815713,-0.6834258,0.8433498,0.91198033,3.4433103,-2.1174896,4.4863214,0.21908382,-0.8433686,1.668959,4.0118117,1.1422341,-1.0899014,-0.34391063,4.0024495,-1.4805182,1.4487195,1.8588271,2.1482596,-1.4928304,1.9431701,0.8961469,-0.77113676,2.9928234,4.2566338,-1.7642459,-2.8696604,2.0572622,-2.8819563,3.4344466,-4.800089,-2.253595,-1.2063162,0.44965675,-0.52264535,1.4020884,0.067673355,-0.5301005,3.5677514,-0.88542444,-2.831593,-2.4151502,-1.3118699,-0.60754836,-1.984997,-1.840796,-0.43625972,2.731802,2.7841191,-6.931891,-1.2875946,1.498548,1.7670083,3.8594747,-0.56378883,4.179111,0.8441582,-6.9773197,-0.6644074,2.5645003,1.924991,2.3135533,-3.1913748,7.1500006,0.26997006,-1.7304026,-0.8189963
COLO 783,-0.06467535,0.11291945,1.6532674,0.47751096,-0.45082396,-0.21176887,0.47953072,-0.84118056,0.3756488,-0.9786519,-0.06852919,0.51508224,-0.05720538,0.39936817,-1.055638,-1.315331,-1.0445392,0.57483333,-0.93572456,-0.91299266,1.05337,-0.35830393,-0.47030258,-0.773887,-0.171352,-0.17881058,-0.45633355,0.52163124,0.077836744,-0.42956555,-0.036109373,0.73983717,0.49071735,-0.097052775,-1.0747975,-0.046675507,0.752543,0.10605624,-0.41512167,-0.37694618,-2.1844676,-1.3724716,-1.0797217,1.2159605,-1.7130731,0.33606574,-0.7466995,1.3020532,-0.10294367,0.21532202,0.08170539,0.8179831,0.7058901,0.7385203,0.9311992,-0.5160899,-0.3055714,-0.35062897,-0.5357217,0.215594,0.9250365,-0.6986569,0.41881323,1.312173,-0.83794296,-0.10110356,0.8945175
UM-RC-6,-0.67288506,-2.2377243,-0.0016883984,0.7579015,0.98200727,-0.9362696,3.610614,4.5069537,-0.063318424,0.1595317,2.3791518,0.35758707,-2.9695928,0.472821,0.9165088,3.5270727,-1.0835545,-0.8427055,1.871131,-0.62472034,-0.48193014,-0.57650197,1.1101675,3.589501,2.0040238,-0.18837366,-0.73441845,1.1090748,-1.6126602,2.0457747,-2.411524,-1.8676916,2.3394368,0.0491232,-2.6479285,1.368977,0.20204365,-2.004039,0.17325091,-1.1574588,-1.172949,-2.4364202,1.7005776,1.7873193,-2.8604827,-2.8990211,-3.0202746,5.1768713,1.4922295,-2.743417,1.0877275,-1.3438363,-1.5254025,4.998679,-1.775082,0.34416384,0.034885347,-4.3830137,-1.2793963,0.7701927,0.76777774,2.882958,0.44479582,0.08701317,0.2735426,-0.91369873,-4.045251
KYSE-450,-1.5800476,0.25951695,-1.2457432,1.6293367,1.2210085,0.50156367,0.90179163,-0.6681625,-0.61953825,0.7224688,0.7964012,-0.72706646,0.921322,-0.4490008,1.218902,1.2097914,0.5813602,-0.103931144,0.27033287,-0.95361346,0.26659337,-0.6114882,1.6009986,0.45083442,0.16899627,-1.1707872,0.63098466,-0.54340047,-0.87676436,0.32424432,-1.3790342,-0.55350995,-1.229511,-1.0371772,-3.5845823,0.45745355,-0.42309904,-1.8772767,-2.1114929,1.1054834,-1.34182,-0.2234364,0.011577539,-0.012201458,-0.09242828,-0.39240837,1.6458753,-1.0010002,-0.7482026,-1.5007293,-1.9626708,0.32795495,-0.24509266,1.2157812,-0.9969793,-0.6973811,-0.12743348,0.96973425,-0.99937814,-0.10680775,0.76064676,-0.36039558,1.3194635,1.4328098,-2.0877612,-1.1350566,-1.4632654
MPP 89,2.3642943,0.33966714,0.8380873,-2.7640302,2.8084111,-2.1871133,3.7396207,2.3062704,-0.12551019,-0.37849796,3.1375287,0.5398781,-1.0852113,-2.3759985,0.017129213,0.17316325,-0.7321194,1.1281811,0.6275167,-0.4707373,2.634726,-0.44863206,-1.252359,2.3101814,0.7954579,-0.7597637,0.09443018,1.5076789,-1.6821082,0.85901725,-1.3981881,-1.9736345,0.667484,1.1409655,0.13381028,0.5262879,-0.6204158,0.9708237,0.13734694,0.113063216,-0.15533206,-1.3395276,-0.9169912,0.4738856,-1.1642101,-1.2107177,-1.0783938,2.9708784,-0.7215854,0.072426066,0.72983426,-0.46517769,0.21608308,-1.1487539,-0.15995274,3.3553042,1.1000693,-4.3335776,1.335219,1.4872583,1.946753,0.3883733,2.2752047,1.8657491,-0.93883795,2.305416,0.5500295
REC-1,0.4203927,0.070102274,1.022679,-0.20583843,-1.5081042,-0.5023749,-0.43556842,-0.45747447,0.7872429,-0.39296466,-0.5273392,0.08886212,-0.33104068,0.6882186,-0.06713044,0.17171526,-1.4842944,0.44690952,-0.99679536,-0.7165176,0.12240526,-0.2392258,0.069395095,-1.5356646,-0.9178348,0.3160793,0.45096883,0.32284805,0.08189791,-0.54235345,0.9060728,0.028793633,0.0705832,-0.6772299,-0.5326651,-0.6530775,0.5760599,-0.2670201,-0.8591734,0.21957204,-0.5207848,-0.40379775,0.060260274,0.3650834,0.03427113,0.41042572,-0.79407334,0.7850855,-0.032893255,0.25956073,0.54128695,0.34253204,-0.6015446,0.6667107,1.3541964,-0.8369014,-0.09973414,0.1825126,-0.46743014,0.34015787,0.3576039,-0.62902474,0.6495988,-0.7943384,0.41581112,1.0406601,0.55839914
MUTZ-5,0.44552857,-0.04251405,0.46869814,0.4017462,-2.1092591,-0.11858101,-0.21638843,-0.91074127,0.4234057,-0.15739366,-1.0802165,-0.18577263,-0.6735285,1.0002605,-0.50279045,0.23227589,-1.0793444,0.32365918,-0.8532677,-0.19814877,-0.5585511,-0.31043795,0.34817067,-2.1744995,-0.68910927,0.73433113,-0.49618876,-0.09431881,0.5621102,-0.8274098,1.3609735,0.019298345,0.0021848737,-0.6454617,-0.25101227,-0.09180974,0.64282185,-0.30204234,-0.70171845,-0.27736422,-0.2931069,-0.022224769,0.33039147,0.29919338,0.15380424,0.21329686,-0.748108,0.19318229,0.29999644,-0.047878206,1.0768894,0.43435958,-1.1211272,0.121434644,1.2685713,-1.0631499,-0.29455906,0.3895231,-0.89557946,-0.0069301613,-0.41598463,-0.3988526,0.46163172,-0.27119526,0.87575287,0.24096557,0.74823856
SCC-4,-3.6465862,-2.780357,-3.0172176,5.814805,-0.03640318,-0.24525921,-3.4305038,1.5507748,0.8834785,0.092389025,0.4812436,-3.8800797,3.2165778,-1.893333,2.8047163,0.811977,4.1107326,-3.152405,1.7906805,1.34665,-0.6390231,1.5765201,1.6168873,-1.5749695,-2.407196,-0.6940661,0.849068,2.0835898,3.371948,0.46682152,-1.2492172,-2.7366679,-2.3663783,1.5291877,-4.8238854,0.19187857,-2.5067556,-1.7475145,-1.7894787,0.6291586,-1.0092494,1.6743826,-2.028025,-1.2752064,2.6774256,3.7797558,0.3546055,-6.856066,0.96666473,-2.0043836,-3.0019395,0.87923837,1.0329111,2.993138,-4.6891723,-1.1749525,-4.4528112,1.2366654,0.16961217,0.47602502,1.4354683,2.6027317,-0.54745084,1.6652409,1.515868,-2.674221,0.6177552
OE21,-8.792172,-0.5699895,-2.45196,6.608379,-0.72658473,1.9121437,-1.8023254,4.065854,-0.16346297,2.641048,-0.8193654,-3.9248824,0.17910479,-0.8274235,-0.23329873,2.8247669,3.5497887,-3.9258022,2.3826356,2.2696095,-2.7899718,0.8820131,3.630046,3.0898569,-0.4009565,2.2152658,-1.2926543,-3.7604814,-1.1869109,-1.6764486,-0.9672236,-2.2460697,-3.2012897,-0.7512728,-3.3794441,3.5702903,-2.1446042,-3.6801696,-1.4865844,0.58382136,0.6636186,3.9487445,-0.33933464,-1.0843892,2.8123896,-0.46588588,-0.9927105,-6.3600726,0.12740481,-1.5839703,-0.33938712,1.1511852,0.66975623,1.1137989,-5.343652,-2.2205815,-3.6069355,-1.0483474,-3.3616986,-1.293724,-2.9563298,0.254693,-1.5511609,0.22207513,0.37967533,-0.8721364,-3.0919294
DMS 273,2.1057491,-1.9530762,-0.89887667,-2.9321718,3.3106961,-1.9242463,2.6840384,-0.30676296,-0.2951297,-0.58106077,4.679743,2.4832,0.8885485,-0.967332,-0.013978586,-0.38475144,1.2814178,1.0470326,1.2614437,-0.21005337,3.254312,0.89919496,-1.5775698,3.2226691,1.4487555,-4.083689,-3.3863053,3.203497,0.3640528,1.8803428,-3.2850637,-0.31715596,0.52830505,3.7654228,-1.8958972,0.98264146,-2.6744936,1.3118867,2.5807977,2.0375955,-2.1657574,-2.0289602,-1.521715,0.7614715,-2.6344168,-3.6130254,1.2002947,2.72507,-0.1952393,-3.9682229,-2.282901,-1.4416764,0.76895535,0.61915505,-0.80635417,4.961186,-1.2640042,-2.410544,2.2573776,1.8857194,4.565501,2.6810522,-0.96948725,4.7074313,0.3181948,-2.1081898,1.0423298
NCI-H1734,-0.45709392,-0.797021,0.71236163,0.011021455,-0.5006482,-0.17580143,0.72582406,-0.16187885,0.25624084,-0.1463268,-0.959654,-0.00019288063,0.23276244,0.28940675,-0.10542418,-0.07832685,0.56212056,-0.36002466,-2.565884,-0.9575331,-0.06424156,-1.433298,0.0884091,-0.154283,-1.312023,0.6714419,0.79990596,0.1336113,-0.3384506,-0.6745358,-0.6113816,-0.63731533,0.3522521,-1.0583028,-1.167851,-0.7849421,0.086722955,-0.26954085,-2.0678856,0.012271221,0.9053357,-0.25138998,0.59504163,1.1464723,-0.89632124,-0.012903713,0.4447311,0.92792016,-2.4125204,1.7677579,0.5702231,-1.8700416,-0.8046644,-0.9027205,0.90733266,-1.5459056,0.86429423,0.67846256,0.09500672,-0.8694172,0.5662726,0.52857214,0.21488212,0.23651159,-0.7863043,-1.5062221,0.5806738
KP-2,0.70213115,0.17641659,-1.3338773,0.1351744,5.56966,1.1630427,3.014334,-0.5185565,-1.6139454,-0.5714475,2.8055615,0.46612793,0.2537569,-2.5822687,0.19815092,-1.9981389,2.1510682,-0.64539295,2.3163738,1.3859216,-0.9244681,0.4099956,0.7894827,4.3396826,2.2780614,-0.17156985,-0.22246128,0.4779989,0.023095265,3.1156201,-2.7382996,-1.4228816,0.9154479,1.6777397,2.3544943,0.9626499,-0.51012826,1.8887776,2.9122436,-1.8022673,1.1404704,-0.37106857,0.6199433,0.5454744,-0.2779385,-1.8574761,1.7170883,0.24179813,0.8153037,-1.5934422,-1.2757047,-1.3805883,2.1453369,-1.235639,-2.6223383,2.325817,-0.8311129,-1.518928,0.57177275,-1.5143899,-2.688408,1.5912184,-2.786514,2.317055,-1.7758399,-2.516373,-1.3038566
SNU-1079,-1.2504798,-0.10029444,2.1247964,-1.1437455,-0.5325991,0.8964238,-1.4779251,0.38470864,-0.28491086,-3.6832042,0.28894603,-0.5237989,-0.59863675,-2.5863883,0.03727585,1.4048591,1.1530119,-0.78458977,-0.45327336,0.77077186,-0.493401,1.0833836,-0.93756205,2.0719469,2.4577293,2.4089236,-0.8712443,0.56437886,2.0296128,2.9858985,1.0437957,2.0962386,3.9147542,2.4388757,0.069890454,-0.9418167,0.2447496,0.025109094,1.0063505,-0.54924756,-0.722293,-1.7668303,2.6183598,2.473172,-1.1195288,0.20553204,-3.2254722,3.752999,-0.09545067,0.40003002,-1.1231991,-0.14757589,0.57259566,2.1049693,1.5550379,0.93025976,-2.528446,-0.7511382,1.0133575,1.9737928,-0.84645,3.285237,0.81608695,-0.60215414,-0.20897987,-2.2996597,-4.0487466
HSC-3,-0.15885344,-0.50885457,-1.1569258,1.2244419,-0.40218008,0.4614685,-1.0298685,-0.30778062,0.54708546,-0.29790387,-1.6023833,-0.96207845,0.61128086,-0.19455886,1.785912,0.6264447,0.40898815,-1.4721272,-1.0897713,-2.1287267,-1.0692915,-1.3097644,0.6046002,-2.0877988,-1.5708596,-0.15312198,2.4554412,1.001662,0.93873245,0.47567278,0.52287936,0.24520655,0.89860743,-1.1217397,-1.7125363,-1.5866556,-0.06843203,-1.8519591,-2.134173,-0.32201046,1.3182323,-0.04235032,0.23653679,-0.2280471,1.0679122,1.7537553,0.5374962,-1.2018746,0.20439874,1.0701711,-0.033827588,-0.343954,-0.13960347,1.5643514,-0.09637339,-2.0994282,-0.40287215,3.371332,1.1093626,-2.1495352,-0.19819565,0.0510325,1.1867137,-2.606624,-1.1347455,-0.6157519,0.06621598
HDQ-P1,0.17744777,0.480152,1.4178884,0.4842263,0.40456098,-0.34368628,0.47591954,-1.7358408,-0.026858239,-0.44063944,0.23614785,0.76269114,0.77680856,0.15692168,-0.02134493,-1.0262798,-0.3613453,0.6924946,-1.3392648,-0.93373674,1.307408,-0.10715152,-0.009855407,-0.07809883,0.28713205,-0.51512414,-0.3624494,-0.041149795,-0.5922273,0.13117468,-1.5894151,0.3970463,-0.50476503,-0.10309303,-1.0390437,0.1925788,0.28107822,0.042025216,0.26602465,0.6566777,-1.5209069,-0.55725735,-0.6327377,0.4377839,-1.6811492,-0.2324427,0.72479445,1.2202804,-1.0317476,-0.55374795,-1.1031963,0.19082886,0.9168643,-0.49666643,0.8237749,-0.12486706,0.12200023,-0.23063987,-0.36757162,0.06929468,0.9218026,-0.29609945,0.1532553,2.5932453,-1.7109706,-1.0965055,0.44653216
SNU-387,0.5926738,1.0568681,-0.010248214,-0.7241903,3.190131,0.018787261,0.9846822,-0.46774292,0.14438409,-0.012252958,1.4066316,0.7750839,0.03926807,-0.9200336,0.034631096,-1.3938861,0.09063826,0.7662993,0.3598934,0.48297405,1.0033305,0.18835607,-0.06215023,3.036373,-0.09692225,-0.025614122,-0.12642398,-0.644823,-0.96080476,0.81033677,-1.5587829,-1.0923208,-0.115906194,0.9872173,1.1856962,0.050542638,0.1041536,0.05844118,0.91723233,0.75400853,0.46532613,0.43670115,0.12585603,0.357718,0.3478464,-1.0201972,0.90725857,1.040581,0.28881323,-0.97870934,-0.87239504,-0.94488484,1.7443825,-1.5203171,-0.66107446,1.357806,-0.25375015,-1.5816325,0.5489047,0.37931222,-1.0955895,-0.12713268,-1.4947805,1.2022184,-1.5776747,0.34989208,-0.5256705
TCCSUP,-0.42026168,0.23037575,-1.4010346,-0.2118088,2.3083394,-0.100090384,1.33939,0.612375,-0.49096406,0.2672705,1.3256415,0.09940726,0.37265503,-0.7559858,0.6983181,-0.008948423,-0.10605824,-0.34869286,0.80202115,0.22139198,0.48367512,-0.76825786,0.2900459,1.4797775,0.17058764,-0.9787177,0.7269016,0.6932311,-0.51188606,0.48898178,-1.2577771,-0.9044266,0.10276672,0.23864743,-1.2617304,0.107622996,-0.44299197,-0.28369153,-0.013355792,0.0027967095,-0.23328608,-0.20002902,-0.30981338,-0.2770193,0.27434197,-0.33307168,0.45432624,-0.24482298,-0.38798416,-0.6358372,-0.6991992,-0.4763734,0.7840665,0.61419773,-1.036646,0.90443456,-0.43931162,-0.25127456,0.20281807,0.07457571,0.33414316,0.27728218,-0.24334435,-0.10508731,-1.2954489,0.1558469,-0.4846237
COLO 320,0.7851153,1.0503093,0.4626242,-1.1843412,0.29335886,0.82514,-0.5509037,-1.9024999,-0.3699829,0.82530534,-0.88244706,0.6803774,0.20919053,1.0182228,0.3905307,-0.61825854,-1.116077,0.78133845,-0.961353,-0.33172807,-0.07365021,-0.45735615,0.117218316,0.7192174,0.43926668,0.3612447,0.84268486,-1.715254,-1.1369113,-0.53924924,-0.51804733,1.1049622,-0.81906986,-0.44585937,1.1790615,-0.5429957,1.0278103,-0.99678445,0.5843633,1.50585,0.38756335,0.20644233,1.1468223,-0.012901576,-0.42735395,-0.85510546,0.6485377,0.7133827,-0.5102595,0.6009301,-0.89189136,-0.4313948,-0.20449486,-1.1016853,1.6481076,0.0752215,1.5903676,0.67576087,-0.92236143,-0.018666096,-1.1078402,-1.057094,-0.9927912,-0.33138132,-1.2119774,0.5326641,-0.9794884
CFPAC-1,1.0350754,0.20769311,0.5018211,0.66624695,-1.3604845,-0.23393834,-0.99804723,-0.97004616,1.2370105,0.13380662,-0.7558271,0.053000182,-0.22204466,0.99803287,0.38610384,0.13954118,-0.92024505,0.27956867,-0.99277574,-0.8173537,0.5699413,-0.71842206,-0.05300458,-1.8230997,-2.199951,-0.9386129,1.4482064,0.25859028,0.14869012,-1.0975205,0.95760113,0.3378789,0.03201026,-0.38081235,-0.87684345,-0.7512839,0.4988232,-1.2352495,-1.4574763,0.58047765,0.13598098,0.034516178,-0.23357838,-0.43618086,0.9202092,0.7375478,-0.13613069,-0.3856551,1.1277356,-0.4641741,0.44158068,1.0815657,-0.50467587,1.2108516,0.423427,-1.350836,0.07999128,1.154415,0.03913444,-0.603183,0.013263756,-1.1152277,0.14756668,-2.0606263,0.29522878,1.2165031,1.5150315
A-673,1.3047512,0.43627822,0.8521704,0.41808408,-1.0307016,0.8746108,-0.10143425,-2.609912,-0.67962724,0.50126106,-1.2979535,0.7304594,0.8668767,0.93295825,-1.0251049,-2.1719306,0.53460157,-0.091816604,-1.5420045,0.23122787,-0.6301514,-0.23916148,-0.11702913,-1.5999148,0.33191717,-0.06388046,-1.2389727,-0.23759836,-0.93738204,-0.46895868,-0.5662502,1.9223218,-0.5511536,-1.111496,1.8158406,0.45051858,-0.14824218,0.026541024,1.3025762,-0.8811911,-0.2871959,-0.4736806,-0.09918569,-0.19711392,-0.9571247,-0.56895155,1.6791648,0.0041127875,-0.21967378,-0.3892278,0.9002034,0.14954986,-0.66482633,-1.938054,1.7060156,-0.022032037,0.77811867,0.87949085,-1.1863015,-1.767152,-0.6490174,-0.921471,-1.1162001,0.75273615,-0.0056351162,-1.271813,1.6839496
Hs 822.T,0.9794817,0.38357836,0.81422716,0.06465156,-0.75339586,0.14212771,-0.20311092,-2.3676198,-0.1558993,0.44072255,-0.6662371,0.721694,0.24220617,0.7216427,-0.42090282,-1.1249235,0.4010639,0.09078482,-1.3425635,0.019397188,0.15871063,-0.07813883,0.25941908,-1.0456898,-0.087842554,-0.15706195,-0.6630562,-0.9256258,-0.33581018,-0.22818029,0.18577613,1.0724669,-0.44458798,-0.62278634,1.1114472,0.2906127,0.34541968,0.00078836083,0.25571018,0.27561444,0.04267069,0.71924406,0.19056323,-0.32982987,-0.3988697,-0.53552306,0.4264075,0.15277253,0.14962167,-0.3975839,0.04140645,-0.2108195,-0.524536,-1.1712732,1.3307959,0.0040974617,0.87742954,0.5432189,-0.7220699,-0.82600737,-0.38977057,-0.73034585,-0.1974298,0.9252175,-0.13914691,-0.71526855,1.0118018
SK-BR-3,-3.9102962,-2.8271885,-2.871746,0.8809585,2.9195461,2.1594622,3.950801,2.5224736,-2.0854926,1.2426167,2.2988994,-1.256308,1.4959117,-0.783282,-2.0895376,0.18832368,3.1022735,-1.6129428,3.0394897,2.7522128,-0.4999839,1.3549029,1.1472911,5.0756946,0.041847244,-2.1707985,-2.900788,-0.8877475,0.11585814,0.38172862,-1.7552273,-1.3199409,-0.32880676,1.8805267,0.18210453,2.034768,-0.4025998,2.0772994,0.6458143,-0.53678674,-1.6668044,0.09868434,-0.3322441,3.15536,-0.7579439,-3.36187,2.883413,-1.7132704,-0.69889104,1.9157562,-0.7549671,-1.8082587,-0.3980517,-1.8800929,-4.4076085,2.0514116,-0.7195183,-0.5308877,0.0638735,-0.10003942,0.012818746,1.5844027,0.47650403,3.4451969,-0.967265,-1.4136837,-2.0888526
SNU-8,-0.8255614,1.1003602,-1.1396452,-2.5643263,0.73760873,0.63027525,-0.7346177,0.901272,-0.28066513,0.6525358,-1.0448439,0.45946392,0.48988053,0.3931308,-0.099964775,-0.14096081,-2.3309038,-0.2366237,0.64321643,-0.14875153,-0.74057686,-1.2601726,-1.3926337,0.463804,0.3323562,-0.44714895,1.3182821,0.32322466,-0.90737516,-1.0362581,0.4013428,1.0932561,0.24218336,-0.7491435,0.43601292,-2.0101538,0.42759043,-1.8145934,-0.24558942,0.44264168,0.35727182,-0.8845122,-0.16279718,-0.733173,0.5044954,-1.3366859,-0.0004548952,-0.3158881,1.5740411,1.333051,0.6989688,-0.034157306,0.7695188,0.9222827,0.2552456,0.7898022,0.71704054,2.1332986,0.4483052,0.024079356,-0.39323938,-2.0441387,-0.4595356,-4.670584,-1.2412962,3.0502312,-0.42862082
Hs 936.T,0.13905889,-0.40531474,-0.14383991,-1.1300907,1.3632627,-0.08579944,1.0497847,0.5772167,0.061111435,-0.28750628,0.7629907,0.92737776,-0.3225248,0.64775217,-0.2728568,-0.3638837,-1.1354086,0.6000278,1.0939234,-0.28896025,0.6723775,-0.7667363,-0.6934478,2.2055504,-0.6374382,-0.98729295,0.78558224,0.68833256,-0.041398343,0.22694637,-0.87520003,0.047734,1.4630657,1.3322316,-0.43068233,-0.45763773,0.87272286,-1.0494016,0.57265013,1.314972,-0.47719336,-1.0695996,0.10402211,1.4187847,-0.8014603,-1.2025251,-0.42541662,1.4521769,0.4982066,-0.8693893,-0.23027226,-0.85548544,0.62789863,1.4390473,-0.31964228,0.8296108,-0.50675994,-0.99011636,0.23243079,0.63092715,-0.066778965,0.5844834,-1.4708793,-1.2355049,-0.8401605,0.4784239,-0.7565639
ES-2,2.8143609,-0.92084855,-3.6600199,-3.4334016,3.438943,0.51951206,4.483876,2.5878263,-2.675178,1.3995643,1.1949273,-0.6558709,1.1749667,-2.4916787,2.3277721,-2.373358,2.0093505,-2.029207,1.2082804,-0.13251452,-2.6484942,-1.5707521,-0.5937173,1.2048286,3.1355147,-0.39351308,1.0016372,4.8401346,-1.2429992,2.3165538,-1.6465542,-1.7193029,0.5446669,-1.7741227,1.8374093,-1.3495296,0.18487269,-1.1841948,1.9563195,-4.0635896,0.14895503,-2.4270334,-0.52841306,1.0264018,-1.0274768,0.88739437,1.0961087,-0.43260902,0.96883416,1.5364068,1.3693061,-1.1168373,1.1895449,0.6914302,0.14691089,3.5217135,4.0230255,-0.61000115,1.3101652,-1.6578511,1.2144899,0.5206906,0.21664798,0.5351547,-0.12939654,0.6857032,-0.67049944
PK-1,0.48435786,0.83384764,0.773246,0.35437343,-0.077348515,-0.18045565,-0.6787316,-0.6813784,1.3728546,-0.3548836,-0.3103831,-1.3952022,0.13313669,-0.6797581,0.5257218,0.021935059,-0.5516695,0.653101,-0.3342972,-0.52202743,0.15148434,-0.49083626,-0.062246375,-0.26000997,-1.4643121,0.8419646,2.1459858,-0.598141,0.19320534,-0.26898247,0.43711233,-1.2262943,-0.60762835,-0.41125622,0.2742474,-0.73423344,0.6032753,0.34505117,-1.2643099,0.94079906,0.393221,0.5947927,-0.4441446,0.20383859,0.9915177,1.4573038,0.53909975,0.06641809,0.43507951,0.4809731,-0.23747316,0.25037858,0.21159236,-1.024486,-0.042196855,-1.2287344,-0.22401486,0.29444006,0.0022452064,0.35608295,-0.7708631,-0.36751398,-0.11308378,-0.8881093,-0.47230744,1.3332944,0.24018408
LP-1,1.1329505,0.31817818,0.39918435,0.34299144,-0.84176373,0.07760015,0.08842677,-2.3475916,-0.035628553,0.39894977,-0.7483411,0.5699808,0.02411043,0.97957784,-0.37242827,-0.7363889,-0.9435477,0.30040348,-1.1826755,0.13188374,0.01083982,0.11263098,0.48306975,-1.3215134,-1.0172367,0.08316477,-0.5538188,-0.94860053,0.15876049,-0.6915927,0.396384,0.91832274,-0.32028177,-0.0073370337,0.6810863,0.44160002,0.5687937,-0.51657826,-0.14778091,0.5894868,0.19416265,0.116345465,0.41101524,-0.24301076,-0.17021467,-0.6607579,0.78044516,0.069484524,0.10466251,-0.42959625,0.09086275,-0.28763878,-0.7574662,-1.1532669,1.148932,-0.33420786,0.38898474,0.631048,-0.80386996,-0.7606567,-0.7739895,-0.7088368,-0.036381263,0.8622832,-0.24876639,-0.6478198,0.9558836
T98G,0.713765,0.6754891,0.7770221,0.2885488,-0.6656447,0.0053796545,-0.29015958,-2.2765055,-0.069014385,0.66279936,-0.8037158,0.5967297,-0.19421847,0.7243812,-0.3583732,-0.7092103,-1.2645897,0.6812377,-1.0873998,-0.11936486,0.15920334,0.11433395,0.39792004,-1.3210927,-1.0141381,-0.13840556,-0.22573623,-0.74655133,0.22477396,-0.31853992,0.542638,0.9636629,-0.15830258,-0.045161307,0.63940936,0.35092452,0.41967887,0.027336642,0.07243771,-0.20445442,0.23587565,0.664257,0.39570808,-0.023983538,0.06915547,-0.70328724,0.5028405,-0.0898227,-0.186055,-0.94525814,0.14577913,-0.05080223,-0.7262952,-1.170263,1.1082789,-0.6185593,0.86737275,0.65982515,-0.7082181,-0.9562464,-0.6992427,-0.8360063,0.010200083,1.2173148,-0.4366543,-0.6909186,1.0430753
LNCaP clone FGC,0.49855992,0.85772437,0.45570529,0.42364407,-0.49007708,0.16350213,-0.018985894,-2.212161,-0.19228391,0.64081967,-0.8730751,0.7326935,-0.5797363,0.7273844,-0.014837882,-0.45078838,-0.21302634,1.5469612,-0.80258334,-0.49459526,0.6049145,0.13675958,0.44499013,-1.5179334,-0.19138384,-0.6059712,-0.2616265,-1.1995913,0.05312957,-0.1838681,0.9825728,1.4619969,-0.34595197,-0.18219894,0.17373581,0.5381482,1.1439444,0.5773704,-0.15991881,0.27701998,0.34302345,0.9445138,0.27953517,-0.13678841,-0.17784399,0.19645001,0.65028906,-0.5786552,-0.44310796,0.052113857,-0.15606213,0.4145971,-0.590179,-0.6297155,0.97718483,-1.1962984,0.9226637,0.8456166,-0.039053485,-0.88737714,-0.6925743,-0.9430946,0.5658284,1.1094502,-0.5268262,-0.7135425,0.74828684
KYSE-180,-2.6740758,-1.282806,-0.2070356,3.5957415,-1.320002,1.5138919,-2.3295028,1.2318715,-0.24367377,-0.032446668,-1.1291285,-2.2042751,1.2561977,-0.0696459,2.1959755,1.7312714,3.1707652,-1.9017755,-0.6940937,-0.91379535,-1.9596099,0.46075082,1.6179233,-0.38659674,0.28463364,0.18125552,0.70321083,0.108722396,0.59454274,0.8060674,-0.41790622,0.69798416,-0.79486626,-0.8646902,-2.6390047,-0.38657257,-1.0233773,-1.2669909,-1.4097091,-1.0906872,-0.15428978,0.21378018,0.2311214,0.12372191,0.24212256,2.5358064,1.0598357,-2.5596275,-0.8928408,0.11135308,-1.947561,0.61511326,0.2624036,1.9669722,-1.5844443,-2.4018912,-0.4628842,2.5659287,0.1000006,-1.4743952,0.036190733,1.5376867,-0.008048911,-0.26289082,-0.10967162,-3.0412707,-1.5574052
DLD-1,-0.1976171,-0.14659846,0.322806,0.5530128,-1.5554013,-0.13343923,-0.67008364,-0.8764559,0.41362962,-0.0539131,-1.160713,-0.015888982,-0.6783661,1.1904029,-0.4758594,0.09150927,-0.7745431,0.079198316,-0.7744003,-0.16196005,-0.32259846,0.021080604,0.24328187,-2.158588,-0.073091984,0.42485964,-0.260729,-0.40707982,0.42119843,-0.7399565,1.457629,0.3125699,-0.053467676,-0.47414535,-0.063873574,0.384539,0.79128397,0.39682102,-0.39353704,-0.7326163,-0.24648808,0.47121808,0.30464792,0.15718019,0.4877101,0.6020869,-0.69724584,-0.07772477,0.017971385,0.8206464,1.1392714,0.35241857,-1.2341105,0.13403863,1.1364715,-1.20217,0.66122687,0.2542312,-0.95569545,-0.027959466,-0.38235316,-0.42702436,0.45752192,-0.10357831,1.072301,-0.07956317,0.8550025
NCI-H2030,-2.166814,-1.7826552,-0.08331497,-2.6183188,-3.8496232,0.5160927,-3.986496,0.7786199,1.3838406,0.70506155,-0.07127355,-1.4644951,1.9134026,0.8736443,-0.80955195,1.8011453,-0.119857356,0.2971087,0.46662328,-1.3080416,-0.62478155,0.47357753,-0.70728695,-1.4199322,-1.480554,-1.8377508,2.2422433,-2.300068,-0.20859283,-1.5672339,2.3482,3.3623123,-2.4789395,-1.972206,-0.3106916,-3.156178,-1.1716427,-0.14126134,-3.6430454,1.0101255,-0.6809602,0.9006018,-1.425583,-2.822168,2.4834306,2.0387933,1.3180513,-2.7364373,0.2550783,2.338044,-2.0409095,1.9522538,0.10396967,1.1228231,-0.72468406,-1.4032583,0.5414805,5.0786233,2.8573527,1.9420165,4.016916,-2.9974234,2.5024457,-4.398472,2.1324265,3.1401806,-0.28739
SUP-T11,0.02196227,-1.8017044,-0.47503036,1.0216185,-0.481477,0.23422103,0.43438736,0.13935679,-1.0064542,-0.79988825,0.39624652,-1.5387748,0.18487355,0.19971636,2.2848687,1.5908133,0.8777056,-1.4701391,0.45046648,-2.30627,-1.5172666,-1.0889165,1.2166648,-0.2545558,2.3961573,-0.5520108,1.0117459,2.1360376,0.39212564,1.827842,-0.42129275,1.1050862,1.5309366,-0.38216507,-3.3316112,-0.9655191,0.83882844,-1.8045962,-0.572205,-1.542993,-1.6265423,-2.8164446,0.7477517,1.6180661,-1.8508439,0.75356066,-0.35617208,0.49474692,-0.32298928,-0.45114946,-1.1384478,0.8077743,0.036693286,4.3719172,0.2146189,-0.9840915,0.028787911,1.5460892,-0.29585046,0.05993033,0.8285398,1.1608992,-0.07596841,-0.22455385,-1.6961707,-3.0369916,-2.2097828
CAL-27,-0.9150361,0.4568799,0.8675623,0.988684,-1.5058883,1.0156538,-0.3162687,-0.47892043,-1.2547984,-0.82411104,-1.7712104,-2.6054988,-1.0916541,-1.3033726,2.4786484,0.8815046,2.365936,-0.41393638,0.013002172,-1.7801856,-2.494619,0.77128243,0.918129,-1.8470275,2.2210572,2.278118,1.4841936,-0.6529639,0.39730036,2.8570483,2.398869,0.5322985,-0.9515181,-1.8501574,-1.4146459,-0.52865064,1.360393,0.76144546,-0.27631375,-1.5097591,0.20096275,-0.22383279,0.6751065,0.29718703,0.10401051,2.7970233,0.91415274,-1.5185124,-0.9869505,2.3111715,-1.1444799,2.389135,-0.09642589,-0.6909334,1.2680382,-3.3572698,0.67233974,1.5420762,0.97333634,0.749595,0.0041781664,0.51891494,1.9600192,2.6361144,-0.620872,-2.0422225,-2.1847894
JHH-7,-0.44480258,1.3638039,-0.34394652,1.1205516,2.2360492,0.5427323,2.004586,0.22332747,-0.9861577,0.5133033,0.588314,-0.10739725,-0.34013557,-0.4908426,0.084207535,-1.1360253,0.16750963,-0.19796772,0.033365585,0.82658154,0.62617505,-1.1725392,0.8389282,2.5208783,-0.292837,0.4875565,0.28969753,-0.62938064,-1.8636351,-0.50291586,-1.8245684,-1.7652822,-0.4793516,-0.569099,-0.24414507,0.48351273,0.32853293,-0.6430149,-0.14764018,0.28886014,0.047231756,0.25202137,0.17264558,0.31608152,-0.21917748,-0.92326105,-0.05839242,-0.20252922,-0.31301644,-0.078079425,0.09069365,-0.44503778,1.2827643,-0.6806979,-1.1114814,0.29249793,1.0185413,-1.4832449,-0.95662254,-0.35634872,-1.4259107,-0.5292672,-1.4056644,0.72934717,-1.8619184,0.33280787,-0.21839592
MDA-MB-361,3.2214494,0.945022,1.0286031,2.205068,3.3140595,0.72176343,0.76368237,-0.06845239,-0.055237096,-0.036553457,0.4342886,2.6406608,-1.8276038,3.002155,1.1113676,-0.8266989,0.5099141,1.2515199,-1.4410183,-0.64679843,-0.18269654,-0.6242881,2.1487253,2.5365946,0.070389204,0.50417364,2.060915,-0.36555332,-1.3042867,1.020443,-2.7226102,-0.7988324,0.25052235,-0.65218556,3.6202145,-0.20364901,0.5053858,0.12655237,2.0580728,0.12868273,2.774178,0.60236275,1.9919922,-0.09827836,-1.6677365,1.70048,0.24149333,2.883238,-0.008378096,-0.86228216,-1.7926428,-1.5294296,0.12553735,-1.0553598,-0.5816721,-2.3126318,3.0636625,-0.5575714,0.04196997,-1.4557345,-1.5219927,1.5764107,-2.9234426,0.5039757,0.7520227,-1.7256058,-1.9890512
RD-ES,-0.8767588,1.9413549,-0.24230692,0.49026024,1.9912986,0.88782185,1.3999496,0.5393394,-1.152342,0.124403685,-0.18663207,-0.28639978,-0.6438115,-2.0637906,0.5582665,-0.3598158,0.2370142,-0.31628746,-0.29883277,0.5744736,-0.6402337,-0.79203075,0.28813407,1.632277,0.8631322,1.6999171,0.30197516,-0.95890856,-1.435701,0.16396673,-0.20129922,-0.73274434,0.84784573,-1.4532621,0.013277022,0.078763515,0.41257355,-1.8563805,-0.6049029,-0.76623917,1.5498601,0.5296955,1.363665,-0.2796214,0.2530045,-0.79345775,-0.38928849,-0.1054861,0.17756006,1.0831796,1.2296604,-0.51447266,1.507773,0.038326755,-0.5276592,-0.509688,0.7388574,-0.76562065,-0.5358795,-1.8819633,-3.0762312,-0.9778973,-0.67048275,-1.0589547,-2.1440759,0.014607504,-0.653223
KG-1-C,-1.5257854,-1.0395534,3.8869033,0.11093415,-0.79764694,-0.64830357,2.5652044,3.0681999,1.7914191,-3.4469995,0.67487335,-2.3838012,-0.4971453,-0.8329251,-3.8131118,1.4503673,0.47750056,-0.6141896,0.8948453,0.003456241,0.4085341,0.24089259,-0.2566209,2.5238407,-1.475731,2.1561484,-0.07051614,0.3360918,0.09552715,-0.83732325,-0.860456,-3.0680315,0.48600754,0.63540566,0.19264442,0.95927316,0.16394086,3.922975,-1.4822614,-0.96871126,-1.7352234,-1.7382838,-0.7618956,3.5343082,-2.8134854,0.40040106,-1.9870418,4.684037,-2.5354483,1.8630762,1.5013831,-1.3024545,-0.979729,-2.9013758,-0.939632,-0.41516486,-0.70247567,-3.720868,-0.49791527,1.9179639,0.9746213,2.3305633,2.3110805,1.302331,0.16857642,0.8242092,-0.48016176
SNU-283,0.51131266,0.80391634,1.0618874,0.5298324,0.5134871,0.046421986,0.6357255,-1.9685324,0.15088367,-0.38268363,0.03408341,0.76378113,0.551425,0.16414809,-0.123995185,-1.0894879,-0.4258712,0.898865,-1.2204968,-0.87405026,1.0409113,-0.013929933,0.26755604,-0.42781246,0.12098625,-0.4063686,-0.007688448,-0.15438122,-0.54118025,0.32121623,-0.81705517,0.33888447,-0.10952017,-0.4213119,-0.5957156,0.20888367,0.41590643,-0.06764326,0.3342953,0.27894276,-1.1083282,-0.7824105,-0.60571027,0.28520668,-1.5675552,0.11164531,0.6441266,0.98393065,-0.6892867,-0.44939488,-1.0914768,0.10862526,0.8547568,-0.5668306,1.0879995,-0.38175055,0.36000025,0.08476177,-0.5395607,-0.21846493,0.441046,-0.47086853,0.25924954,2.2067218,-1.6702656,-0.87232494,0.46395186
TE-10,-1.5595223,-0.31516844,1.7472339,0.2254972,-1.2841879,-0.0105493255,-0.7849576,-0.21211687,-0.14930868,-1.48011,-0.39387542,-0.65100586,-1.4658296,0.7997777,0.21665688,1.1116015,-0.20119636,-0.77691334,-0.47088498,-1.6405528,-1.1063279,0.60576576,0.7656738,-1.0174043,1.612223,2.5374613,-1.3035011,0.10019569,1.190896,1.571516,1.1315544,-0.50743496,0.4592182,-0.09137089,-1.6586839,0.50242746,0.91170824,0.039084684,0.15625691,-0.93340904,-0.7826186,-0.9134859,0.26672137,1.4134363,-1.5923529,-0.64095384,-1.0695223,1.1296427,-1.5331593,1.266698,-0.3184186,0.98674834,-0.59901446,-0.43549645,2.2469623,-1.6437058,-0.804301,-0.53360623,0.26623473,1.7025266,1.4490106,1.8703278,0.8580484,2.8761141,0.047865596,-1.9347304,-1.5966433
CMK-86,0.38326675,0.7062494,-0.5427513,1.0372014,-1.2427804,-0.15801391,-1.0552311,-1.0271724,-0.014228776,-0.12479808,-0.83354676,0.17466731,-0.80917805,0.5794184,0.45793712,0.2092866,-0.43984562,-0.70925075,-1.2621737,0.0031041205,-0.28545958,-0.5742571,0.8691772,-2.490763,-0.8605579,0.9087076,-0.6076661,0.3730418,0.18273313,-0.71333075,1.1093652,-0.057135984,0.43597448,-0.52909815,-0.83011305,0.38187334,-0.15071322,-1.114343,-0.3788379,-0.18760344,0.76295674,-0.19208276,0.5383134,-0.34169888,0.5856174,0.020731002,-1.3110565,-0.55747294,0.16386572,-0.6556716,0.8925538,0.3440548,-1.1015065,0.5880066,1.0136954,-1.0405998,0.3911584,0.28400522,-0.58511156,-1.0191286,-0.70357156,-0.22679241,0.051922403,0.18640704,1.0033478,-0.8796275,1.0841943
NALM-1,1.8398064,0.4235121,0.7164406,0.0027771965,-0.8076653,0.10397423,-0.4723994,-2.3288286,-0.17378283,0.5270621,-0.53785455,0.77314454,0.2780214,0.7169001,-0.41573507,-1.1105732,0.31083748,0.47303858,-1.4055152,-0.024877314,0.28466225,-0.20469014,0.20862418,-0.94093573,-0.122588016,-0.15191364,-0.64141726,-0.73311293,-0.5183181,-0.61324215,-0.15104228,1.3211149,-0.61900514,-0.5846165,1.3977197,0.56166214,0.09254643,0.62548125,0.34012914,0.4023407,0.13433386,0.123193085,0.19243005,-0.4229872,-0.46035913,0.16223383,0.4877988,0.27201784,-0.080304936,0.19499055,0.027717192,-0.002469249,-0.5123738,-1.44657,1.2561486,0.0045513287,0.697006,0.51118785,-0.5577917,-0.69944113,-0.4819035,-0.78386205,-0.64941573,0.8582716,-0.0069240145,-0.7238989,1.0800221
DU4475,-1.2938559,-0.17262205,-3.5914443,-2.9956303,3.6407592,-0.2827405,1.2341541,2.8956685,-2.6644926,1.2292126,3.9315047,4.022116,-0.6216741,-1.7124753,1.1854074,1.5764834,0.6716848,-1.4422,1.27851,2.3454318,0.72304314,0.31147623,-1.3424603,3.186012,3.5850952,-2.7048988,-4.7212033,-0.3171283,-1.3471324,1.3382981,-0.15066798,2.207993,3.7673757,2.0782444,-2.6113565,-0.52016413,-3.220046,-3.5542233,0.66189384,-0.98292404,1.7914513,-0.47126365,1.2008222,-2.7512891,0.7387228,-6.2599645,-1.1828701,0.24905129,2.4846287,-3.265165,1.0054748,-1.6378268,0.41148886,5.965365,-2.436928,4.792834,-1.9740582,-0.87582374,1.8624761,-2.086979,-0.86439675,-0.029422365,-0.2291801,-2.0408142,-0.66168827,-2.0212057,-0.9219371
CAL-148,-2.2663045,-0.5805949,1.0651466,2.8871398,1.2767346,0.99087495,1.1630747,3.245471,-0.36624578,-1.3879905,-0.5863522,-0.30204296,0.34349492,0.069377415,-2.5777209,-0.40797535,0.92209244,-1.3254274,0.16255239,1.8194892,0.26112342,-1.2000011,0.3271768,3.369963,-1.8469952,0.15294293,0.1501087,0.7833837,-0.75848085,-2.4054043,-2.0571635,-1.8305268,1.1548663,0.73298603,1.0861976,1.2374104,-0.21510045,1.3041942,-0.6825968,-1.1570982,0.24545233,0.22344156,0.11985391,2.4843569,-1.8523276,0.6863248,-1.7554271,1.5938927,-2.3011456,1.214898,1.2075858,-2.6338968,0.095715545,-1.8485605,-2.2835865,-1.0262752,-0.15595761,-1.6559775,-1.7060525,-1.4325184,-1.2596405,1.421435,-0.7040761,-1.062881,-0.2844476,0.11951806,-0.0004619509
T.T,-2.572403,-2.7508135,-0.6214986,5.83185,-3.3269308,2.5736363,-0.9190849,0.79885036,-0.61940086,-1.319458,-2.260162,-5.715149,0.8478646,-2.1019955,1.9210478,2.0397208,4.8532887,-5.6566668,0.76740545,-1.0786072,-6.296478,-1.0848927,1.5848644,-1.8409718,3.570575,3.479449,-0.6826377,1.7819319,1.1640466,2.0247555,-0.8956969,0.80132675,0.48404893,-1.9060805,-2.7490551,0.5408808,-0.20739913,-2.9444911,-0.7208202,-4.722476,-0.7738904,-3.233613,1.4770149,0.36748397,-1.6766746,0.6413069,-0.23193865,-1.8554202,1.9017277,0.27919748,1.5209005,1.5301026,0.05594248,4.829523,-1.797857,-2.5555143,-4.1770453,3.298118,-3.0629325,-3.2888858,-2.9548483,1.3997089,-1.8970182,-1.8304205,-1.2213054,-6.226459,-2.4659
SU-DHL-6,-1.6117961,1.1018314,-2.2561388,-1.0374558,1.7565954,0.7431798,-1.1007783,2.0286634,-0.04166346,0.5328325,-0.19278127,1.3157767,-0.61962855,-0.107398264,0.5949011,0.87277734,-1.4837321,-0.3166265,0.85991925,0.450873,-1.3131369,0.2504104,0.0029889587,2.0409832,0.93455225,0.092464596,0.6284597,-0.7919985,-0.5365532,0.38016322,0.27969444,0.31830615,1.1921232,0.1273878,0.22607069,-0.7922381,-0.22660665,-2.793763,0.100012794,0.82344717,1.6601803,0.50570214,1.2918062,-0.8854466,1.4888917,-1.3246748,-0.22704472,-0.41927785,1.4802283,-0.71361923,-0.092950836,-0.8440718,1.0248771,1.8234936,-1.1384122,0.2528591,-0.35613072,0.68324846,0.43268985,-0.4651979,-1.8473492,-0.39426196,-0.5064517,-4.086306,-0.43110332,1.6971028,-2.074532
Mino,1.0463355,0.28033012,0.4395577,0.14758024,-0.67970186,-0.0038127713,-0.4386574,-2.1833713,-0.13460258,0.7190882,-0.81875443,0.6679691,-0.19531456,0.87969947,-0.18785594,-0.43865657,-0.5421052,0.43931004,-1.0963937,-0.23751508,-0.21406518,-0.07089946,0.5697536,-1.0845902,-0.5918588,0.09337684,-0.28343695,-0.57793665,0.17423393,-0.31126347,0.5447667,0.60010827,-0.4662654,-0.41196346,0.6646306,0.07075474,0.55435187,0.08698211,0.16387679,0.42873257,0.37182975,0.385319,0.60976607,-0.22637025,0.079715595,-0.50105035,0.5126418,-0.12623948,-0.6297289,-0.6503871,0.017519372,-0.08902976,-0.9256535,-1.2897806,1.0871695,-0.34504908,0.5257044,0.658056,-0.6476429,-0.49624038,-0.88204074,-0.7057035,-0.19502968,0.80931956,-0.15978259,-0.5931314,0.7501133
M-07e,1.3191452,0.6295629,0.23636538,0.32139894,-0.50484145,0.041716147,-0.62418664,-2.1997428,-0.1547482,0.6315345,-0.7559385,0.66848075,-0.13008504,0.9240357,-0.09894181,-0.47278163,-0.19051984,0.21564984,-1.1039077,-0.25036275,0.23129758,-0.17005485,0.58444566,-1.0808294,0.073973894,-0.043199472,-0.4246983,-0.51275384,0.2753585,-0.4273518,0.39632833,1.233428,-0.4251879,-0.1660142,0.30537122,0.29592142,0.5699041,0.13832992,0.041374855,0.39013925,0.25480258,0.68090224,0.43092844,-0.608248,-0.18285522,-0.7957436,0.29464108,-0.12123489,-0.26872668,0.69975233,-0.25524873,0.010420918,-0.660281,-0.79873747,1.0448855,-0.7077855,1.5279584,0.6853276,-0.78279805,-0.69412315,-0.65691435,-0.7013362,-0.036354296,1.0920919,-0.42352957,-0.7221271,0.57228506
PF-382,0.7826985,1.0008938,0.6911719,0.18011712,-0.88732415,0.15557905,-0.4719681,-1.8062723,-0.4855321,0.80675364,-0.7266744,1.3704853,-0.49757665,0.67657924,0.13712963,-0.5094234,-0.29011056,1.184106,-0.9427433,-0.6858825,0.6489662,0.12252137,0.28414693,-1.3348522,0.40367284,-0.87547266,-0.35858518,-1.9073777,-0.33117014,-0.30787262,0.5460361,1.9414157,-0.76574355,-0.6260736,0.78182304,0.55558896,0.51259226,0.14923713,0.55887914,1.0765992,0.7340009,0.9983504,0.41291115,-0.6913032,-0.03202553,0.19804709,1.0550587,-0.5085089,-0.8969166,-0.23266181,-0.7952021,0.7127882,-0.5096584,-0.97024,1.012438,-0.8671669,1.4102484,0.7580549,0.21450101,-0.46987346,-0.24067229,-0.9498417,0.53390753,1.5605283,-0.06816207,-0.81791615,0.32874355
L-363,0.9532415,-0.94268304,2.9858372,2.6354282,-0.17027317,-1.4702011,1.3270869,1.082923,0.9099667,-0.87562317,1.8337148,0.0628437,-0.35810095,0.028849423,-0.31114367,0.9618938,-0.095819436,0.9500348,0.28500608,0.26835054,2.6067393,-0.39338812,-0.54806226,0.8261685,1.0130589,-0.8654007,-0.25549927,0.017335474,-1.6598188,-0.5676487,-2.5154233,-0.42979994,-0.6817502,0.6440025,-0.822592,1.0710739,-1.061693,2.0683923,1.1166584,-0.23393825,-2.265209,-1.0974885,-0.43892607,-0.13327417,-2.3848372,0.7682419,-0.9301174,2.8690987,-0.10675165,-1.6847031,-0.6759099,0.48455995,0.16932979,1.1109575,-2.0045524,-0.25244224,-0.6773903,-2.8534253,-0.7384889,1.8808082,1.1343105,0.5813644,-0.16052459,3.2542646,-0.38489032,-0.79971075,0.28532884
TEN,-0.63010937,-1.7196745,-2.2594218,0.44800398,2.7880285,0.12079014,1.6118573,2.3182306,-0.9400273,-0.31258467,1.3952736,-0.28830332,1.1923525,0.011006273,-0.84749377,-1.6780246,1.4499499,-1.2254907,1.2592546,1.9648438,-0.29934514,-0.85070634,0.46439517,2.6731842,-1.4231944,-0.7346887,0.25299168,2.4515676,0.42733157,-0.8978731,-2.3604999,-2.9645724,0.5935954,1.0439097,1.0615629,-0.33872834,-0.64099073,0.85758424,0.27056152,-1.286536,-0.11862482,-0.55995643,-0.9393299,1.0641713,-0.2472626,1.0566851,-0.19962317,-0.43924809,-0.53654337,0.22225407,-0.27289087,-2.3948734,0.914047,-0.6415076,-2.2487962,1.5412055,0.93623865,-1.0615125,-0.07381475,-0.033253055,0.82013094,2.2192261,-1.3858695,-0.6718694,0.6878145,0.091713674,-0.22562186
HEL 92.1.7,1.3648531,1.9641016,-0.34377196,0.22840428,-0.82753175,-0.28006905,-1.4767911,-0.5194178,1.2906029,-0.6848123,-1.87675,-0.23076177,-0.42264023,-0.39637822,-0.10181361,1.4006495,-0.8636534,-2.0063012,-0.7622885,0.29777133,-2.4218657,-1.9016639,-0.056345172,-2.3395193,0.93021923,3.5398645,0.28185472,0.6485946,-0.34273598,-2.0003786,-0.70417756,-1.3510233,0.16698244,-1.4793738,0.9097966,1.223542,-1.4967989,-2.7723708,-0.40019798,0.63619494,2.3012602,0.11083755,2.0749936,-1.3986146,0.4686874,-1.701858,-1.2746586,1.4702026,1.5877185,0.2313613,3.3710494,-1.3451567,-1.1672316,-1.1541508,0.9841429,0.001446262,-1.6886228,1.6122572,-3.2170234,-2.4916,-3.5429718,-0.44483992,-0.9870603,-2.9272556,-1.0068865,0.14548105,0.67956513
NCI-H1694,-0.04981498,0.40541792,-1.4426872,0.6813862,2.1867268,0.4998123,0.7576918,-0.030581156,-0.35209724,0.3900062,-0.4689833,-0.4470531,0.7504126,-0.33534214,0.905661,-1.3252896,0.2574182,-0.39725664,0.0089135235,-0.023514789,-0.12050575,-1.5326769,0.042092867,0.8137204,-1.2312933,0.092824936,1.3810729,1.2812797,0.0325571,-0.10152736,-1.5010083,-1.7670676,0.05435566,-0.104980454,-0.68857825,-0.46800876,0.69972146,-1.0568149,-0.49467653,0.24813607,-0.017761886,-0.1780881,-0.3799203,0.9571724,0.05620067,0.335235,0.48675993,-0.644174,0.25707433,-0.2126874,-0.027159244,-1.0377369,0.68921494,0.0032374877,-0.5039296,0.114516646,0.7871138,0.06978732,-0.33014876,-0.7385658,-0.6029698,0.34902957,-0.79867613,-0.39588827,-1.2057148,0.29271626,0.010351394
42-MG-BA,-1.7662368,-2.646347,-1.8409953,0.3428111,2.1051157,1.5844965,2.0998917,1.7610916,-0.76288,-2.2262363,0.20338677,-0.9071255,1.0320011,-1.1463633,-1.7250638,0.75332475,2.2885501,-2.0085664,1.0960535,0.6611051,-1.932113,-0.92625886,1.285501,3.1315203,0.12553404,-0.80023086,0.6902726,2.332086,1.3894744,1.9729416,-1.334764,-0.3377027,2.6744597,1.6550735,-0.07329239,0.27636546,-0.34792063,-0.30100077,0.17072065,-1.6221929,-0.0028732843,-1.6878089,0.8450742,3.7996802,-2.2148473,-0.5013278,0.57484746,1.9255472,-1.8333359,1.1160629,-0.5180363,-2.817493,-0.762792,-0.8200872,-2.0131512,0.03212029,-2.0521216,1.6112163,0.16650006,-2.048444,-0.11182067,2.755659,1.8403211,-1.7850832,-1.2964182,-2.1731954,-2.180581
JURL-MK1,1.1432327,0.7264461,0.62141395,-0.11692225,-0.4641438,0.15011945,-0.7445487,-1.9940127,-0.2061239,0.9152864,-0.4745863,1.2715337,0.27108228,1.1446621,-0.26296887,-0.8961187,0.42872125,0.3597877,-1.4815476,-0.17993948,0.19663838,0.24353303,0.054116294,-1.1819838,0.44153374,-0.26705158,-0.7649654,-0.7757464,-0.6901933,-0.57631636,-0.3164407,1.1705973,-0.797024,-0.4103198,1.3508093,0.21813495,-0.21970655,0.38045573,0.3040867,0.5893126,0.3045932,0.43748248,0.38160637,-0.9776079,-0.4062313,0.047648028,0.5963044,0.2938267,-0.3807386,-0.5639057,-0.3021348,-0.06413227,-0.4747325,-1.4233911,1.2050123,-0.082142815,1.2494634,0.68662685,-0.4969727,-0.75768656,-0.16729791,-0.8979732,-0.29176176,1.0227641,-0.02426269,-0.6993643,0.8040391
SNU-1076,-0.79487664,-2.3789723,-0.5458921,-0.032075755,1.6827786,-1.6457752,3.508221,2.8245544,-0.7071685,0.029874638,3.5253665,-0.67216444,1.3411146,-0.72677696,0.50519705,1.3109915,0.3118197,-0.74218297,2.3539453,0.27985618,1.6282072,-0.627723,-0.7628116,0.9830737,0.74794936,-3.1386933,-0.7650727,3.5081599,0.15128054,0.25287738,-2.6670291,-1.286356,0.42643163,1.2020324,-3.8107762,1.0739837,-0.5449547,-0.58269745,-0.79028016,-0.3993013,-3.4303505,-2.9452608,-1.4166108,1.5199975,-2.540969,0.22275165,-1.3389008,1.102026,-0.72008896,-2.9746377,-0.33598125,-0.8047956,-0.5233738,3.4768589,-2.000173,3.3224053,-0.94646186,-2.1445248,-0.5571803,1.8896943,3.7764578,1.5410478,1.1899061,1.670232,0.15298364,-0.26854622,0.05751785
SK-MEL-28,-0.34642977,0.7120225,-0.21846199,1.1485542,0.52586496,0.4607067,-0.27842948,1.8696027,0.011730012,0.38360527,-0.9129387,-0.6054044,-0.16376406,0.30705172,1.0164436,-0.25959432,-0.57711715,-0.2950194,0.77572924,-0.2000565,-0.84869075,-0.61434233,-0.06401186,0.25989848,0.12374093,0.40781727,2.0993776,0.9957336,-0.8592875,-0.4858286,-1.0024832,-0.93844163,-0.7773019,-1.0669979,0.118086286,-0.39700186,0.35703692,-0.8638263,0.1889258,-0.6878912,-0.31445992,-0.18212911,-0.5627954,-0.122888975,-0.20002359,2.196841,-0.37837195,-0.6248901,0.9567436,0.4543314,0.04027178,0.65983456,0.9425096,1.1207167,-0.633304,-0.96434844,0.86655384,-0.0498123,-0.7288487,0.022003345,-0.24426065,-0.46080384,-0.7036147,-1.5060607,-0.0010078419,1.3583355,-0.7520715
NCI-H2081,-0.104309976,-1.6396637,-3.5755947,-2.1021307,1.2014992,-0.37761727,-1.2084916,-1.206221,-0.7912498,0.34881043,1.470171,0.071120955,3.3315914,1.10865,0.5491942,-0.919189,-1.1064255,-0.3073797,0.9164074,0.0745515,1.5144024,-2.0396683,-0.91876835,-2.5769851,-2.4311156,-4.4693146,2.4487805,2.7942107,1.4522092,-1.7223763,0.77586883,1.1949282,0.10052955,0.04942756,-2.237682,-3.698348,-0.21621855,-0.6262485,-1.3084297,0.680587,-1.326703,-1.4011697,-2.8938982,-1.6431988,1.5077716,1.6447927,1.5248048,-4.0062094,1.2722286,0.912193,-1.6738778,0.5209091,1.0740421,2.636969,-0.24327229,1.3362145,1.207617,4.815435,3.0367708,0.9321476,4.463936,-1.4532757,0.30035365,-2.9886854,-0.4418879,2.0636103,2.179675
HEC-108,-0.5609662,-1.506945,3.5196137,2.1630127,-7.0631595,0.10058278,-2.5986648,3.9226086,2.4751787,-1.3086696,-1.9932623,-0.46057856,-2.7012398,1.503529,-1.4128059,0.6014345,0.1793886,0.71032614,0.013362745,-2.1297634,-1.3142288,2.0225768,-1.7868563,-5.737634,0.27929005,-0.54045975,-0.57662654,0.042981386,-0.06488475,-1.7327383,3.6807802,3.0339704,-1.1673312,-3.0151322,0.36433446,0.3222314,-0.16694604,1.4180391,-0.763927,-5.5365844,-2.4517646,0.9979524,-2.2787414,0.10151802,0.08382298,3.964962,-2.096521,0.27668154,1.3462311,0.438076,3.5903928,5.111881,-1.6354629,2.4246125,1.2141043,-4.1292567,-1.2588583,0.16453803,0.24776903,0.2767884,3.49927,-0.124628544,3.377543,-0.7859375,5.777473,2.6754382,1.2299871
GOS-3,-2.2867074,0.1267581,3.663011,2.6101053,-3.8323452,-0.051732145,-2.758832,6.1505547,2.3996136,-0.844746,-2.2387884,0.5452845,-1.1995319,0.3305623,-1.1152227,3.7615707,-1.7815645,1.1078234,1.0218965,2.3442776,-0.018022835,-0.2522989,-2.6555107,0.3381539,1.2359906,0.89118433,-0.46107683,-1.5843928,-1.903142,-4.30566,0.20709956,1.743214,0.33931276,1.0100018,0.4639416,0.77542937,-1.2621946,-0.7694232,-0.5396442,0.38577062,-0.43732002,0.117739856,1.2645676,-0.5020958,-0.39924738,0.6320457,-4.740903,2.763562,2.075923,-1.2058952,2.8174286,-0.012886003,-0.14313072,4.5744963,-2.3599255,-1.5559663,-3.4441411,-1.7839527,-3.7089267,1.2230633,-2.908298,-0.50387996,-1.1064442,-6.8655095,2.0707905,2.5944786,-1.0933858
SK-MES-1,-3.0548425,0.5950666,-2.3225837,-1.5339442,1.2659274,2.167857,2.343522,-0.39315906,-1.7264465,2.3056123,-1.7319314,-0.8669363,1.2963637,0.5894003,-0.27814725,-0.32336485,-1.165711,-0.58813924,1.0930357,-1.067357,-1.4599947,-2.0778925,0.110569835,2.057699,0.1901086,-0.9219288,1.2018673,-0.69489425,-2.7419553,-1.1285019,-1.3724016,0.34527856,-1.4507437,-2.8733275,-2.1942685,-0.3820788,1.541244,-3.012451,-1.0037745,0.80554134,-2.023739,-0.4199411,-0.28362006,1.2551787,-0.7632315,-2.0339172,2.4631279,-1.4852346,-1.3405579,1.0828826,-0.009612933,0.22262365,-0.03492833,-0.2299078,0.012637977,0.7986537,1.6834664,2.3048818,-2.3646474,-0.23711726,-0.63212264,-3.0614843,0.9723659,-1.8129451,-3.4968882,1.9857817,-1.8636184
A-498,0.58269536,-0.10713673,-0.113484375,-0.3191411,2.8347723,-0.53742474,3.217754,1.7463354,-0.21524815,0.025225997,2.728995,0.5815906,-1.2564476,-1.0554622,-0.13398337,0.75623703,0.11504148,0.1582351,1.520454,0.38692358,0.6930109,-0.12168782,0.421158,3.6795797,1.2539704,-0.6190047,-1.4426432,0.039213434,-1.4952964,1.1624675,-1.8098692,-1.6539488,0.88903004,0.7035804,0.11447178,1.2051008,-0.4280555,1.5702211,0.5943459,-0.4251821,-0.38081473,-0.6560284,0.5517388,0.6357787,-1.0160975,-1.9923184,-0.53632855,2.4921706,0.85069,-1.8577881,0.1114694,-0.92753106,0.37811184,0.9447201,-1.549102,1.787474,0.33836344,-3.0757535,0.1780629,0.24821839,-0.3460616,1.4063005,-0.5325623,1.6611727,-0.93374056,-0.2962227,-1.5351096
RERF-GC-1B,0.28904587,-0.07388848,0.37631655,1.0152714,-1.4790581,0.3699186,-0.47862035,-1.1555591,0.48089796,0.29213881,-1.6975633,0.2248454,-1.159653,1.802804,0.043006476,-0.10028972,-0.062660635,0.46149984,-0.747037,-0.9033155,-0.87071097,-0.6607631,0.8661177,-1.8217509,-0.62408555,0.18882968,0.5147558,-0.18232436,0.41125497,-0.18209958,0.887991,0.2503803,0.2823331,-0.6198589,-0.025421247,0.016044114,1.4854395,-0.42786315,0.15368634,-0.39721754,-0.1340307,0.42496455,0.42732564,0.6271388,-0.45591128,0.34023508,-0.46385205,0.4235676,0.08170505,-0.14174134,0.65763235,0.4750778,-1.0676168,0.43448448,1.2910421,-1.7698146,0.905905,0.5463049,-1.1246018,-0.55531263,-0.73703396,-0.40958768,-0.004268132,-0.1983358,0.4496968,-0.133337,-0.0077969953
Hs 688(A).T,1.827249,-0.22691497,-0.20424506,-0.74357474,1.5174248,-0.5898538,1.1297877,-0.5424774,0.28675714,-0.5425209,0.89900357,-1.8695889,1.3737931,-0.8395073,1.3770224,-1.0476655,0.4291317,0.16500056,0.28408182,-1.17242,0.031030599,-0.60549223,0.10688377,0.15301892,-0.8427913,0.011733526,2.4099739,2.2626438,0.49746197,1.4439472,-1.4633702,-2.027616,-0.63994324,0.09670144,-0.22165914,-0.9406639,1.1211588,1.2909944,0.31725687,0.34400392,-1.2761899,-1.4733429,-1.2914673,1.5462681,-0.92227864,2.140827,0.23166713,0.36030912,-0.013301343,0.7270489,-1.3386728,0.08458878,0.9392582,-0.85196227,0.69050133,0.705374,1.2012911,-0.2884834,0.31902093,1.1676588,1.7985656,1.1611055,0.3958034,1.4800216,-1.1957208,0.61433,-0.04510334
SW1463,-0.32334113,1.1985219,-1.904554,0.26117846,3.7399335,0.8737107,1.4633831,-0.22272275,-0.09386089,0.33538845,0.5320224,-1.002963,1.5382901,-1.6641262,-0.57986754,-1.8827847,1.0567051,-0.17013022,1.3784208,0.98181045,-0.19745345,-0.30182657,0.6909933,1.8959185,-0.85310125,0.08687501,1.764852,-0.10640999,-0.14846413,0.70453686,-2.0693936,-2.6910038,-1.6924449,-0.27440432,2.127051,0.3657823,-0.1669496,0.0446108,0.9507137,0.0025970638,0.5984344,1.3027308,-1.3898842,-0.33940834,1.0767851,0.9195286,2.5459094,-1.8004457,-0.07198536,0.8137445,-1.095749,-0.59029955,2.321389,-3.7114956,-1.7721171,1.088098,0.38165474,0.50916994,0.14783797,-0.72209466,-0.9482846,-0.019726545,-0.22469977,1.0765318,-1.9711024,1.4800813,0.0097201215
RCH-ACV,0.06986025,0.26563856,0.29223117,0.46722594,-1.6991627,-0.15024696,-0.6628915,-1.4469663,0.25803438,0.23427725,-1.0052367,0.11890049,-0.8289896,1.1292089,-0.26945218,0.113674164,-0.97890365,0.2449032,-0.7534897,-0.44576684,-0.3036511,-0.1581337,0.4750066,-2.0056663,-0.41471726,0.24279375,-0.09443234,-0.39307767,0.6528327,-0.4620579,1.3898418,0.6293315,0.098383985,-0.26334363,-0.04532459,0.33654258,0.8383754,-0.2526786,-0.4692076,-0.21910524,-0.049263783,-0.082446575,0.40700185,0.1354933,0.111185074,0.06013386,-0.24151939,-0.17977163,-0.44159907,-0.62452304,0.7297391,0.2048581,-1.2782265,-0.13361749,1.1234491,-1.118993,0.58980244,0.4187455,-0.5843347,-0.2304194,-0.47030818,-0.7137915,0.6881769,0.33042493,0.1854628,-0.18771526,0.8873723
PK-45H,0.9518002,0.5483152,0.7830396,0.19345687,-0.6829114,0.12197945,0.05851309,-2.34747,-0.14339292,0.54008687,-0.7265008,0.65099144,0.27154544,0.97847897,-0.4828067,-0.8904897,-0.40112484,0.30027786,-1.2465861,0.009368546,0.23677641,-0.36042225,0.33174995,-1.3068305,-0.29181704,-0.07196501,-0.5817964,-0.34070876,0.003953196,-0.7525053,0.114047006,1.0176541,-0.34387383,-0.41451514,1.0742377,0.25755227,0.3630128,1.2724421,0.3130282,0.1701699,0.116895184,0.62229985,0.3377885,-0.040530324,-0.31650755,-0.048247337,0.70593375,0.10694304,0.0059993863,-0.49635792,0.104475595,-0.14319688,-0.66991436,-1.002549,1.2597239,-0.22192481,0.44218934,0.5033077,-0.6916197,-0.84905,-0.6166354,-0.8583355,-0.40223354,0.79516816,-0.14329574,-0.8066012,1.0757434
TE-8,1.792117,0.45619464,0.3528575,0.2680016,-0.62058556,0.0665144,0.05055718,-2.3762052,-0.05130755,0.51524013,-0.7504807,0.59827256,0.057751954,0.941275,-0.36842972,-0.72375023,-0.1049622,0.69033253,-1.212434,-0.1333588,0.25584543,0.05388011,0.47083083,-1.2056335,-1.004194,-0.01902214,-0.4268015,-1.0871258,-0.05231586,-0.7227993,0.30527353,0.9881738,-0.28542992,-0.028271794,0.71220905,0.39048436,0.48324487,0.15336233,-0.052877977,0.1714971,0.20251417,0.46073103,0.42246762,-0.6689705,-0.19506964,-0.26727512,0.59670264,0.053512298,-0.5294477,-0.7608613,0.073247455,-0.25106323,-0.7611519,-1.2604673,1.166449,-0.3946262,0.3157905,0.6145233,-0.6316976,-0.6890165,-0.7530216,-0.6562496,-0.021630697,0.7679591,-0.20906052,-0.5664409,0.95025057
SW1088,1.312019,-2.502367,-0.48921263,0.10976936,3.044161,-0.92961586,4.136135,2.4999475,-0.7673496,-1.6872897,3.9268863,-2.6426802,1.5935981,-2.5581298,-0.732094,0.2733672,1.5920773,-1.1658207,3.3968723,1.840226,0.13451934,0.24469256,0.32691848,2.928642,1.1549034,-0.75752085,-0.7405374,3.1542745,0.77341485,2.0551362,-2.9743023,-3.2485294,-0.23806205,1.11115,-0.9805391,1.3142205,-0.17587161,2.6557055,0.22445919,-1.0029067,-2.925732,-2.6865337,-1.7827665,1.643693,-1.3772378,-0.23006819,-0.015305139,1.2297932,-0.12933512,-1.1710867,-0.50201064,-0.8624329,-0.15525596,-0.46286798,-2.601818,3.7941518,-1.2889805,-3.334052,-0.6107449,1.6719388,1.6760533,2.5528245,0.8482635,2.0543501,-0.27784178,-0.20665903,-0.953741
SHP-77,-1.6794629,-1.9457114,2.9531832,0.6385065,-6.768414,-0.29532397,-2.3317215,4.2483163,1.7477146,-1.2905347,-1.7148626,-0.72989637,-1.680281,0.5164426,-1.220412,1.3292664,-0.05481447,-0.8123709,-0.8137163,-0.04920069,-1.4311289,0.6167739,-2.1569548,-3.8640547,1.0129439,1.3082585,-3.0511098,0.10902864,-0.46448267,-2.5441298,3.2204707,2.3095002,-0.065053314,-1.7725259,-0.13557768,-0.6617141,-1.2848158,-0.09063272,-0.86033535,-3.8353786,-1.572199,-1.370446,-0.31600285,0.03595235,0.88424635,1.6626716,-4.669422,0.7826994,1.4276859,-0.47601938,4.3911834,2.618568,-1.3177541,3.6585975,1.8124335,-1.9242296,-1.5093721,-0.48132142,-0.2550376,0.93305373,1.9624841,0.46090424,0.53728735,-3.452271,5.568083,2.3521278,1.139698
BxPC-3,-1.0525731,0.47724617,0.89558035,0.28292868,-0.23436628,-0.44207174,-0.60790634,1.5300319,0.58638316,-0.33190864,0.090202965,-2.171761,1.2831404,-1.6793883,0.28709835,0.2559733,0.15147693,0.20213948,0.109989464,-0.38324553,0.24906568,-0.19607875,-0.26297706,-0.58053064,-0.5821199,0.5638313,2.1359284,0.9388683,-0.73002934,-0.71062165,-0.57377356,-1.4891964,-1.8771099,-1.0121913,-0.51805204,-0.02264814,-0.67551535,1.2044431,-1.8084972,0.23395276,-0.7591465,-0.06631405,-1.7187896,-0.33711475,0.123984106,3.2229578,0.25842237,-1.1848191,-0.6807306,2.055045,-0.44282973,1.32411,1.0152649,-1.0697756,-0.39043066,-0.30387604,0.41076076,0.45459002,0.09778589,1.121024,1.6659395,-0.29444718,1.8413135,0.3585202,-0.09144096,2.3023896,0.18925813
CW-2,-0.34628335,0.9267152,0.2833213,0.8298651,-1.5778229,-0.43733966,0.01634964,-0.84664327,0.056732994,0.43356082,-1.2291523,0.7211348,-2.2057486,0.8602909,0.47365662,0.87735,-1.0657755,1.3073441,0.123689786,-1.2376646,0.6657611,0.77286047,0.44267595,-2.7713552,-0.75349945,-0.77548516,0.69321233,-1.069805,0.8642929,0.277572,2.7273402,1.6535122,0.65045476,-0.39220372,-0.7353891,1.0628673,1.7237012,0.10907924,-0.09706698,-0.75579906,0.30130866,0.618088,0.15196678,-0.26083654,0.8320455,1.0245147,-0.25619575,-1.1751522,-0.7562704,0.6867665,0.34224558,1.3484386,-1.288756,0.86187595,0.759136,-2.7320626,1.6526544,0.5449189,0.49226752,-0.18063796,-0.44395933,-0.8336066,1.7490554,1.2493906,0.2665416,-0.054081175,0.5834532
Hs 819.T,0.78096557,-1.2581553,-2.349674,-0.054466806,2.6194181,-0.8212935,1.2622095,-0.10921463,-0.5872555,0.072827905,2.1013212,-1.245408,1.5525728,-0.93229467,0.95444447,-0.13318816,0.046061337,-0.7178578,2.3364093,-0.18512858,0.48920348,-0.61734706,-0.11285277,0.58429074,0.29279393,-1.7491397,0.9805129,2.6379807,0.8568764,0.84933776,-2.1683154,-1.9236275,-0.23426077,1.1625109,-2.1726356,0.1869017,-0.33657026,-0.2888838,0.39077377,0.5967671,-2.1632597,-1.7227784,-1.6281822,0.63843256,-0.98021173,-0.2369226,1.1358852,-1.0080233,0.9139924,-1.4127405,-1.3940216,0.09508008,0.5807798,1.196965,-1.5650494,2.3792958,-1.0848713,-0.49717975,0.11968097,1.4652585,2.0560577,1.2485033,-0.3636143,0.5445458,-0.95082533,0.031215325,-0.11774353
KOPN-8,-1.613658,-0.6930355,1.8372864,1.9884673,-1.3988897,0.27230358,-1.1223533,-1.1362427,0.7200936,-0.42490414,-0.20234229,-0.2223717,0.35577652,0.7463034,-0.81766254,0.25706756,0.73692214,-0.009584218,-0.8314537,-0.36897135,0.18482722,0.8664311,0.04844281,-0.2676625,0.38978255,0.39500636,-0.97840565,-1.193575,-0.31964162,-0.3334446,-0.49063873,0.90800977,-1.0670433,-0.472839,-1.0734981,0.46187654,-0.47352496,-0.19924667,-0.22812918,-0.025857158,-1.6788864,-0.33514506,-0.46939462,0.24752165,-1.0571811,-0.009389572,0.021798972,0.4751162,-0.47632378,-1.0889764,-0.92686313,1.1917701,0.43612936,0.3330746,0.12886153,-1.0743804,-1.2003293,-0.151389,-0.88167024,0.26603514,0.27400607,-0.17942937,-0.7812072,2.248558,-0.3403555,-1.7089175,-0.0514758
HH [Human lymphoma],0.46703893,0.16374412,0.56135374,0.18711884,-2.0249314,0.12782283,-1.1023216,-0.9113192,0.5154034,0.2855458,-1.011239,0.48215875,-0.64682424,1.3874816,-0.4147795,0.27329445,-0.74097,0.059829473,-0.9740854,-0.67598885,-0.46155906,0.12616082,0.18500863,-1.8366927,-0.21836235,0.08949842,-0.5294398,-0.34965724,-0.1853534,-0.6357677,1.1438429,0.9892792,-0.24706633,-0.95114625,0.61120737,0.41043568,0.30043635,-0.8080444,-0.3973903,-0.37320054,-0.12891947,0.6540184,0.3697061,-0.46383297,0.051042326,0.38805762,0.15996534,0.08405122,0.03296484,-0.95513433,0.7622907,0.7002244,-1.0527903,-0.041415613,1.1981522,-1.1083959,0.56614673,0.7794149,-0.34651542,-0.4119659,0.018018834,-0.8560946,0.48282272,-0.513823,0.8565686,0.024975955,0.5639533
CAL-85-1,-0.48791972,1.7556762,0.5342566,1.2202499,0.68698496,0.6127588,-0.4269945,-1.3541647,-0.51842403,0.9614495,-0.42224723,0.7970758,0.4243852,0.07973388,0.22678232,-0.39784878,-0.5411655,0.40810478,-1.1101488,0.7667295,0.32932323,-0.43148327,0.06043883,0.80813706,0.93372524,0.38091868,-1.0758094,-1.8743149,-1.74394,-1.1800097,-1.5177026,0.45015398,-1.2192854,-0.5861552,-0.17062204,0.76629144,-0.5107623,-1.8030051,0.40923837,1.0481193,-0.095013246,0.39619684,0.77120906,-0.97054935,-0.42235324,-1.2797463,0.27446824,0.02012726,-0.060094003,-0.97384876,-0.2254934,-0.1450055,0.56755984,0.08537147,0.109487176,0.30111516,0.4923538,-0.29230505,-1.8411622,-0.96442103,-1.8633969,-1.4593405,-1.4449767,0.5140005,-1.7671249,-0.6720663,-0.08142912
HCC2157,-1.6595118,-1.2848439,0.69692945,1.8094941,-2.9370024,0.70438623,-2.0374148,-1.6749969,0.37314144,-0.011788594,-1.7616516,-1.2042301,-0.5275111,1.2037666,-1.2336292,0.5800619,1.995907,-0.4633054,-0.3734909,0.561477,-0.8571831,1.1770825,0.68101245,-1.7616595,-1.1703076,1.1180297,-2.5791454,-1.8791941,1.7370274,-0.6856971,1.8194821,1.4052042,-0.25226903,1.0761406,0.37132353,0.6915227,-0.2516469,0.27703077,-0.5814746,0.352485,0.50771576,1.6747954,1.1589968,-0.14361934,1.187954,-0.61160976,-0.29146165,-1.5291231,0.9811286,-2.231819,0.888164,0.3048659,-1.7639415,-0.7296282,0.46119422,-1.6377406,-1.6015226,0.7592415,-0.6980289,-0.47108662,-2.0528357,-0.37010363,-2.137648,-0.4125502,1.5473807,-2.181515,0.84223425
A-172,-0.9517533,-0.30562794,0.47130355,0.5710854,2.193471,1.2064868,1.5627738,0.69662774,-0.43231064,-1.0920653,1.5120088,-0.30882916,-0.16816896,-1.4865823,-0.62278956,-0.1613048,1.3689468,-0.5436217,1.4568945,1.5126176,-1.2409618,0.6075417,0.35489103,3.7590885,1.703554,1.5308063,-1.7826263,-1.7314905,-0.33536887,1.6879271,-1.4312049,0.19957674,1.6568786,1.1787411,0.86927116,0.5694048,-0.14733192,-1.1838205,1.0013541,-1.0011363,0.30988485,-1.1191497,1.6313884,0.8324231,-0.700554,-2.9612253,-0.4136354,2.010321,1.0509555,-3.0438886,0.13552874,-0.51891935,0.84530264,1.2776983,-1.7389718,0.70049834,-2.7282026,-2.0728168,-0.35326123,-1.4925522,-3.7857316,0.4882391,-2.783022,-0.8091548,-1.4408027,-1.8487865,-2.1358118
KPL-1,2.526272,-0.8619136,0.18303685,0.010530016,0.24720803,-0.10387028,-0.55922985,-0.8247659,1.5243812,-1.9533244,1.0054561,-1.2727269,-0.31159773,-1.6261091,2.0265343,0.5363545,2.8081677,-0.7833815,-2.560368,-2.2067854,-1.6894969,-0.6294843,1.3515826,-0.38289768,-0.055864587,1.2305431,1.1106046,0.65432763,1.6226815,3.0880282,0.27822727,-0.5186212,2.1370442,0.06872671,0.6917837,-2.5357947,0.071457826,0.92508495,-1.4373246,-0.7175331,2.964503,-0.2630919,1.8905791,1.2493205,0.46025133,1.6106246,-0.22908425,2.5461485,-0.24811688,1.0694978,-0.8128854,-1.8799561,-0.16910928,-0.5652037,1.2357852,-2.0375926,-0.47674555,1.5794295,2.681976,-1.1657162,1.0499625,3.2078056,1.0206627,-0.19375013,-0.32202807,-2.7591863,-1.4091415
ABC-1,-1.5946765,-0.5230297,1.5015957,-1.6045866,-1.7768613,0.36055857,-2.2912455,0.2320555,-0.18175271,-0.80335057,0.3176003,-1.1514736,-1.6065542,-0.89487886,1.255064,1.9674101,1.5709187,0.6768313,0.028684042,-1.327465,-0.56990886,1.5833013,-0.012768147,0.27369362,1.186626,1.19478,-0.70228595,-1.9526783,0.8927437,1.9814198,3.3091938,1.9323318,0.388859,0.47894552,-0.46531132,-1.2638779,0.6310067,1.8523706,-0.90343606,0.15583123,0.72739995,0.34928206,0.83546114,0.42733824,0.7036735,0.26451388,-0.7079455,-0.5314185,-1.7768643,2.3247063,-1.8178504,1.6447772,-0.38842294,-0.13566095,1.4716811,-1.4888505,0.71384716,0.5464867,3.4051223,1.1964321,1.23796,0.9112261,0.7927328,0.83804137,0.8981638,-1.2839104,-1.9244306
OVMANA,-0.68798774,-4.4624715,2.0311766,1.8103333,1.1433179,2.5886753,-0.22039399,3.3734717,-2.3021233,-3.8819058,2.5983515,0.49650133,0.43198857,1.3654672,-3.1065254,-2.6312604,5.6406693,-2.4364665,-0.82034624,3.7667122,-1.6414793,-0.32438523,2.3561733,6.07959,0.9873939,0.16604996,-1.5346646,1.0740219,0.5432966,-0.49121088,-1.457626,1.723135,2.8400245,2.0342488,5.0086236,-1.6162019,-1.9405937,4.249399,1.3923932,-4.9767933,0.8824487,-2.1052632,1.4562924,2.8348427,-3.098295,1.889316,-1.963848,2.5748413,-1.5636238,2.5656166,-1.3169498,-3.5683918,1.277924,0.028862953,-2.3914897,-1.164582,0.38367456,-0.84222764,2.259519,-2.8887196,-0.015797228,4.764931,-4.4337106,-1.8462114,2.7443113,-4.9427676,-1.8135313
SBC-5,-1.041801,0.4000514,-0.3643363,-0.15560326,1.6694932,-0.9404647,2.178639,1.7666309,-0.49208742,1.3779562,2.2021182,1.1988344,-1.3386123,-0.7222934,-0.22164269,0.5215234,-0.29322144,0.13444236,0.09787993,0.8855181,2.2321098,-0.24541979,0.057856347,3.3682518,0.4068099,-0.58570623,-1.9438832,-1.6331917,-2.5512357,-0.7828145,-1.428747,-1.3992648,0.36849508,0.08830357,-1.6469713,1.1171775,-0.7721747,-1.1644561,-0.701184,0.7054043,0.1412532,0.23360363,0.6443979,-0.34783798,-0.014597744,-3.2922196,-1.6402029,1.1487027,-0.20379396,-1.374423,0.8498304,-0.93871814,0.3652965,1.7221597,-1.5487051,1.6800926,0.49832857,-3.7032626,-0.37144792,0.7141082,-0.078645796,-0.41521496,-0.79164946,0.97559375,-0.8556048,0.6032586,-0.22031488
Malme-3M,-0.46045965,-2.6904974,-1.4799641,-0.73024243,2.5559716,-3.3982337,4.6128755,8.275826,-0.124096096,1.3611379,4.5134983,2.329231,0.92999595,1.8626026,-3.8021832,0.37845212,-3.4894378,-0.8998689,4.241512,4.722657,5.3796244,-2.1665401,-3.469356,4.6380725,-2.3532302,-5.146046,-4.665744,4.085927,-2.6184065,-5.9950128,-5.1914897,-4.569182,0.32375783,3.9757013,-1.4944057,2.8281465,-4.2505007,1.7934823,0.94336987,1.93819,-3.90054,-2.0645254,-3.4575162,0.7102531,-0.1805073,-5.6796846,-4.0211654,1.6390084,0.3494857,-4.1168413,3.511379,-2.8422682,-0.4561803,2.083877,-4.554047,7.526875,-1.2845018,-7.2038198,-2.073755,4.2533965,4.739842,1.2976823,-2.4704866,-0.44441432,2.8082285,6.0071297,3.1447177
EWS-502,0.19018385,-0.23098578,1.2486966,0.38485444,-2.7504408,-0.08034565,-0.95212156,-0.375365,0.6847692,-0.21989432,-1.1690861,-0.10825713,-1.0309142,0.9675612,-0.4734207,0.5548196,-1.4372718,-0.03262178,-0.8110232,-0.30842388,-0.6352855,-0.0104634045,0.15697543,-2.2783976,-0.6001117,0.80616367,-0.020696104,-0.2389712,0.5837277,-0.9568422,1.7442557,0.41667134,-0.11061591,-0.87449604,-0.26173794,0.17709976,0.16999084,0.023158982,-0.21361649,-0.4544925,-0.3457679,0.33188134,0.41550642,-0.15134712,0.3491975,0.41560042,-1.0455767,0.005151689,0.20194966,1.0337743,1.3641692,0.9463171,-1.3365371,0.50220287,1.2027532,-1.2573625,-0.22966695,0.53253436,-0.76701266,0.18071802,-0.19161986,-0.70425576,0.64994884,-0.6992599,1.0743688,0.64067936,0.76061684
A3/Kawakami,0.94401175,0.89506936,-0.41567415,-1.1975111,-0.47448263,-0.20986721,-2.2536087,-2.1328304,-0.21899459,1.289635,1.082343,0.9658363,-0.4037063,1.2438691,1.1348244,0.46183652,-0.68129086,0.68627745,-0.72107387,-0.9404921,0.55254555,0.90007263,0.66411805,-0.34457842,0.24295202,-0.47982407,-0.2008612,-2.0173628,-0.8395928,-0.073427305,0.9926465,1.6156397,-1.294608,-0.48408854,0.3807873,-0.9121844,-0.3768569,-1.2385598,-0.15975724,1.7605044,0.8387656,0.66825795,0.30190742,-2.3958983,1.3339981,-0.83504397,-0.3420113,-1.4199047,1.3066237,-0.45606905,-1.6891966,1.4472647,-0.2178756,1.1404037,1.2268636,-0.0031085014,1.778325,0.7054986,1.1692332,0.9114373,0.68498504,-1.239712,-1.1362426,0.09861929,0.9709102,0.43948448,-0.4715836
SK-OV-3,0.22801432,0.2441088,0.69532746,0.60298073,-1.1461817,0.09953676,-0.80256337,-1.5891527,0.34464887,0.1344918,-1.0041684,0.13987009,-0.8464595,1.3449045,-0.48651809,-0.07202863,-1.469533,0.6339414,-0.6461311,-0.59506595,0.23365146,0.054383837,0.34798336,-2.1826339,-0.39715788,-0.10981639,-0.23541582,-0.803865,0.54449284,-0.29961026,1.4235692,1.2465478,0.20971566,-0.42163807,0.28938946,0.56388676,0.9524741,0.20025285,-0.2465381,-0.5308204,-0.15295818,0.25759706,0.10904749,0.15586506,0.16211918,0.022595882,-0.18507752,-0.11828719,0.097018965,-0.48814228,0.7527982,0.5518284,-0.9591736,-0.08997036,1.1937977,-1.3501468,0.25872624,0.5424432,-0.7549242,-0.51027256,-0.58278334,-0.9538179,0.6875582,0.110978425,-0.003473729,0.016033746,1.0256119
NCI-H2073,1.2257353,1.0209998,-1.5610372,-3.1323023,1.7779431,1.0022126,1.7370913,-0.8157864,0.11816148,0.16507809,-1.6914914,-0.9436452,1.1295408,-1.45465,1.8413459,-2.2366002,-1.4890904,0.6352645,1.3329628,-1.4937533,-1.7972125,-1.0382526,-2.3049212,0.74799705,-0.62864584,0.13056304,2.920389,2.209709,0.51588523,1.9154645,-0.89878565,-0.27773312,0.64939034,-0.22556144,0.24682662,-1.6970131,3.0770628,-2.158654,0.624857,0.7816885,-1.0181087,-2.0331714,-0.6081159,2.6765847,-0.2840021,-0.87519157,1.6290079,1.0643593,2.366159,-0.7378333,0.593411,-0.4155525,1.4969673,0.6012857,1.7335106,2.0381813,-1.0653025,0.86833405,-0.48116964,-0.35135388,-1.6316372,-1.3224192,-0.456866,-2.7916117,-2.462458,1.8931645,-1.1703743
NCI-H209,0.7301251,0.46804386,-0.054031294,-0.8218204,-1.0702796,-0.553099,-0.5142982,-0.65307796,0.24201603,-0.31090528,-0.57468814,0.13499668,-1.6223466,1.7501473,0.52837044,1.0437821,-1.2988138,-0.21475065,-0.938271,-2.107649,-0.3058717,-0.267468,0.7333952,-2.4817266,0.40680867,0.5977188,0.57842547,-0.21136808,0.7135989,0.5960186,1.7033467,-0.005819291,0.44948813,-0.9036851,-0.844491,0.050434887,0.90055364,-0.69161165,-0.27217698,-0.32531723,0.44245404,-0.6980604,0.57643217,0.06593913,-0.17340302,0.13785763,-0.86570424,0.36225107,-0.5002909,1.5979409,0.045960434,0.78364146,-1.0098649,0.38197073,2.2189867,-1.3859637,1.150662,1.0014671,0.330928,-0.07036598,1.2045035,-0.26159012,1.884604,0.5574219,0.14216027,0.19366722,-0.3890077
MDA-MB-231,1.1015946,0.84504265,-1.0209806,-1.6332823,2.5652173,-0.412732,1.165259,1.3631642,-0.5780586,0.7186717,0.84921336,0.6316782,0.8478872,-1.1794323,0.6830709,-1.5867789,0.6081247,-0.1443908,-0.62578684,-0.0714006,0.94618213,-0.84095126,-0.69535816,0.9638995,-0.4654874,-0.5531583,1.3411248,1.4062288,-1.1352862,0.15296388,-1.3624334,-1.719902,-0.50264126,-0.35420933,0.8917938,-0.728535,-0.60573936,0.62693423,-0.14917877,-0.043681905,1.3044348,-0.077099234,-0.9879016,-0.4619861,0.32484943,1.0886341,0.6938715,-0.66080505,-0.50409514,1.4973843,-0.025976777,-1.1042187,1.2879087,-1.7337782,-0.27277556,1.3745071,1.8548174,-0.4506673,1.6447217,-0.44449273,1.441755,0.1897471,0.4274277,0.58391076,-0.47174507,1.5011497,0.97192365
MSTO-211H,-0.3968225,-0.4965191,0.8280687,0.35279363,-2.9431043,-0.03816662,-0.4111623,-0.79251385,0.5402912,-0.06744182,-1.4956931,0.36172163,-1.1089776,1.8109293,-1.1261722,0.08184643,-0.4694282,-0.11977941,-0.9842779,-0.16278976,-0.6187828,-0.024915539,0.0897122,-2.8876467,-0.6625088,0.46953285,-1.6485279,1.157853,0.6744802,-1.2022446,1.8116333,1.2083101,0.016456485,-0.7084576,0.016362846,0.71636486,0.83960855,-0.25458205,-0.13194352,-0.9771496,-0.280871,-0.053075075,0.13942388,0.35582256,0.085856915,-0.54830337,-0.6938842,0.2492417,0.20328003,0.39427102,1.9340506,0.35100862,-1.6701765,0.115866095,1.4011645,-1.1628972,-0.185507,0.5425975,-0.92857146,-0.5693496,-0.33470002,-0.32937294,0.57472324,-0.32221007,1.623519,0.050078698,1.334628
EC-GI-10,-4.1744304,-0.7909384,-4.816758,0.38245866,0.6846961,1.6219231,-1.8463802,1.260722,-1.626359,0.93452877,-0.19912958,-0.93063694,1.0956004,0.8868176,2.834731,0.71842706,0.90737003,-1.1961367,2.1720083,-0.11526309,-2.8294635,-0.18438011,1.3807749,1.4035162,1.0011772,-0.6651359,1.0915694,0.8307619,0.002362758,1.450396,0.09710215,0.28051358,-0.6993675,-0.8850994,-3.3947842,-1.4069343,-0.29257226,-4.255924,0.6482837,0.060353503,-1.2000772,0.2808795,0.7306447,0.44621614,1.9871597,0.49927574,0.6895316,-3.7019136,0.2153255,-1.141741,-2.7551537,0.82044894,0.51560515,4.268387,-1.3676124,0.13319291,-0.63474613,1.5045295,-0.3382317,0.8805532,0.31540036,0.7421443,-0.63989735,-1.5980994,-0.3344741,0.021429539,-3.966732
NCI-H2066,0.47448522,1.0485613,2.0204725,0.96219087,1.0307683,0.6213423,0.076722845,-3.0959656,0.15669078,-0.23686045,-1.2429628,0.6298864,0.7521373,-0.912858,-0.7811043,-1.2690104,0.34537807,1.4142766,-0.71860665,-0.11042276,0.89530945,-0.21123983,-1.2678596,1.2054597,1.3629025,-0.43652073,-1.2300489,-1.8955315,-0.18635088,1.1499801,-2.2473521,1.7850212,0.36324316,1.6614048,0.7748508,1.1232306,0.5752672,0.40473527,1.3443909,1.4557972,-0.56631774,-0.25794148,0.28978783,0.6544845,-2.3555384,-2.2814283,2.2840989,1.7500918,-0.5274356,-1.4991636,-0.5568721,-0.5538877,1.4621468,-1.7068666,0.5688706,0.18822853,-1.4485704,0.80085063,-1.459296,-1.2028728,-1.9454587,-0.5579863,-1.0682708,1.7902917,-3.4860408,-2.7162297,0.6194663
Hs 695T,0.15425393,0.15495427,0.12695882,0.3490556,-1.6041516,-0.1008558,0.24953777,-1.462716,0.22763328,0.08491931,-0.97644436,-0.0014898032,-0.72009623,1.0232241,-0.26385894,0.040323682,-0.8360419,0.5353272,-0.79210186,-0.44479272,-0.03105622,0.010379963,0.45191225,-2.0662467,-1.2898185,0.34929773,-0.2664091,-0.77231467,0.7861278,-0.36792016,1.4122089,0.8946394,0.004580952,-0.53554153,-0.33209908,0.14495699,0.9543109,-0.29626644,-0.50693893,-0.25458884,-0.12824406,0.84435904,0.33949476,0.13563521,0.37479588,0.1294308,-0.35803974,-0.19616401,0.0058828443,-0.1257391,0.67915314,0.3764115,-1.1049817,-0.28079242,1.1532264,-0.9879589,1.135037,0.50425684,-0.558215,-0.2710761,-0.4707324,-0.75300676,0.79301405,-0.036841884,0.30072656,-0.0722822,0.81327945
SH-SY5Y,-0.5628952,0.81076825,1.7632045,0.5004178,0.6659256,-0.98608273,1.1084771,-0.18803716,-0.57196796,-0.49459308,-0.027798235,-0.046328567,-0.9211874,-0.8873975,0.56166846,0.595183,-0.5876792,0.37427896,-0.27841285,-0.9027942,0.9232432,-0.041189328,-0.4310653,-0.051082164,1.1863091,1.2960318,-0.7093286,-0.19648202,-0.22697632,0.76632607,-0.1077853,-0.8088581,0.31790197,-0.021292835,-2.0354464,0.5172407,0.79526097,0.10627879,0.17877528,0.4883018,-0.4832739,-0.9577158,-0.12140801,0.8722224,-1.2378283,-0.679258,-0.8996937,1.509291,-0.73883814,0.49620798,0.20659651,0.24868521,0.79985106,0.15303776,0.6391623,-0.64742243,-0.7133201,-1.6372216,0.18069112,0.59865606,-0.17675012,0.35342842,0.76062727,2.6862702,-1.7442418,-1.1067492,-0.15293583
MKN1,1.4653533,2.7296302,-0.049531013,-1.2080102,2.2229018,-1.6224238,1.6500582,1.3162473,0.74276286,0.8712795,1.6384003,-0.9594536,1.0547205,-3.2538671,1.1718942,-1.1054198,-1.7707965,2.055608,3.4179013,1.3416872,1.7740353,0.5684798,-3.028386,0.19986719,1.3068161,-0.42560917,0.44352922,0.8515235,-1.5966982,0.42375648,-0.6094269,-2.26138,-1.8819605,1.1201891,1.0026104,0.40553632,0.82819986,1.3958864,1.5472136,0.13674396,-1.7942929,-0.34564036,-2.7929847,-2.1737127,1.3687366,1.2130518,0.061432034,-1.1752455,3.7046256,-2.2448623,0.8193625,2.8645427,3.1651027,0.46304613,-1.1951357,3.2402222,-0.78553945,-3.6048515,-0.38557732,2.492482,-0.91097987,-2.5397005,-0.09513843,1.0214993,-0.4631824,4.973921,0.88802695
SNU-1,-0.27047348,0.52347386,0.9787245,-0.30735868,-1.6907263,-0.4420786,-0.98075026,-0.33967265,0.7814774,-0.37296218,-0.9057643,-1.1135175,-0.5843889,-0.13530123,-0.15017232,0.44715133,-0.6862185,0.66480947,-0.26806033,0.12842558,-0.08394594,0.15183395,-0.34998557,-1.2663698,-0.943254,1.2496909,0.65567696,-0.7834284,0.5506614,-0.93826556,1.485866,-0.44670665,-0.36699447,-0.42513868,0.506498,-0.4002871,0.648953,0.695987,-1.1987827,0.39063364,0.23754603,0.940599,0.33286542,0.1538744,1.4334506,0.70695627,-0.7400981,-0.16092518,0.014316805,0.8098146,1.1479225,0.25784612,-0.8432481,-1.1069822,0.71411014,-0.9501165,-0.09947061,-0.46976942,-0.23068455,0.6924348,-0.57723945,-0.46628296,0.8887392,-0.66201496,0.5131055,1.2306757,0.9481744
NB4,0.19074698,-0.8082708,-0.41079593,1.2974815,2.3285584,-0.57856995,3.236822,1.9642632,-1.1146317,-0.6177086,2.7685373,-1.290288,1.1711363,-1.4671525,0.26738325,0.014731144,1.4487994,-1.2343061,1.7902235,0.6456591,0.3574994,-0.75603867,0.026643585,1.2853601,0.60853916,-1.1042422,-0.64677244,2.5178068,-0.9536684,-0.07736778,-2.8102033,-2.2586212,-0.46812642,-0.0022043139,-1.256788,1.3927982,-1.2694058,0.3945458,0.006015688,-1.5950722,-1.791196,-2.2686443,-1.3382427,0.6370403,-1.3487245,-0.019932881,-0.08580522,0.0704913,-0.346092,-1.0691304,0.11668505,0.09365049,0.47150466,0.6549832,-1.8112086,2.318938,0.580426,-2.1813993,-1.061267,0.3838338,1.4021139,0.9692297,0.2855749,2.0937753,-0.51100856,-0.57400197,0.27983984
JHUEM-3,0.6339197,0.47755575,0.45317274,0.14312036,-0.75946134,0.06419579,-0.013784245,-2.4004173,-0.038635205,0.5598627,-0.76575667,0.35045096,0.07317894,0.91522825,-0.37026867,-0.7441733,-0.4394512,0.34544432,-1.228424,0.12640966,-0.12210238,-0.101345874,0.49233735,-1.2780379,-0.008614719,0.010824172,-0.17729792,-0.6980397,0.31983182,-0.41863883,0.44311583,0.8094129,-0.3556304,-0.46777615,0.5681375,-0.019235611,0.5155257,0.14558162,-0.067280315,0.6432104,0.18448976,0.14223528,0.39479578,-0.38824385,-0.1568954,-0.23263653,0.81581455,0.048866652,-0.41064316,-1.487713,0.07105557,-0.10853697,-0.75966835,-1.3556302,1.1875674,-0.3475462,1.4605036,0.6000702,-0.5743873,-0.8023993,-0.47797012,-0.712158,-0.1068297,0.7192046,-0.27764508,-0.5887789,0.97190225
HCT 15,-0.10241316,0.76736486,-0.30804023,0.8369907,-1.285268,-0.65061295,-0.07941961,-0.6596738,0.18065158,0.92530537,-1.2503482,0.5593182,-2.5497105,1.1480185,1.1220937,1.4233229,-0.50386363,1.2017499,-0.017884355,-1.5333718,0.7047184,0.6641391,0.7491325,-2.956166,-0.603002,-0.43184087,0.8885454,-1.4678259,0.8155769,0.35311446,2.7375321,1.5455247,0.098495156,-0.6466336,-1.7145548,0.61841816,1.3948562,-0.6149998,-0.8907324,0.3511232,0.81365854,1.4397998,0.64851415,-0.6013564,1.1505779,0.5598451,0.32667685,-1.5803763,-1.6637056,0.35573223,-0.15813756,0.9947745,-1.4792794,0.64549327,0.39440414,-2.7541473,1.2719479,0.75288594,0.68949956,0.20567304,-0.19530213,-0.9659386,2.3959234,1.6082705,0.36789328,-0.21474996,0.31068417
Karpas-299,1.4695058,-0.06814945,0.567543,1.5160836,-1.7453924,-0.6833677,-0.76263547,-1.1166483,1.308732,-0.13963602,-0.27660504,-0.22156721,-0.853822,1.115793,-0.19663665,0.013865345,-0.6539983,0.39065066,-1.1747416,-0.2648691,-0.08418766,0.37525424,1.1548274,-2.7433293,-1.09547,0.8868057,0.696479,0.5028577,0.83775467,-0.29574198,1.021362,-1.120842,-0.5402496,-0.88017595,-0.08574292,-0.19296953,0.35764802,0.8355105,-0.6249752,-0.19652416,-0.0800916,1.219045,-0.3742014,0.07812803,0.77458715,1.7038726,-0.2887497,0.2219412,0.26695433,0.2818485,0.93773574,0.5745293,-1.5155916,-0.69312686,0.83459437,-1.4500607,-0.44236386,-0.37182978,-0.8221708,-0.22906333,-0.21435642,0.044121824,1.2306216,0.7804384,1.4942154,0.2562597,1.1920875
RT112/84,-0.50579655,0.38283187,-0.21083507,0.8072955,-1.4673402,-0.51098704,-1.20197,-0.23370105,0.26286736,0.21234976,-0.8437236,0.1888455,-1.5271153,1.2930338,0.79434574,1.5907149,-0.7423722,-0.038003102,-1.0720869,-0.2612518,-0.40781283,-0.07889138,1.1264124,-2.347315,-0.27186027,0.88919693,0.278776,-0.86196613,0.40685594,-0.34726006,1.8184614,0.13909072,0.36745974,-0.47673568,-1.2217351,0.011715524,0.30359995,-0.8684002,-0.6921575,0.35350055,0.968946,0.599215,0.918227,-0.31170905,1.3275274,0.75970906,-1.1693215,-0.39059022,-0.7657,0.21821909,0.56043077,-0.02778318,-1.7626796,0.78777695,0.7454483,-1.8003573,0.12616849,0.31412452,0.017675523,-0.116218016,-0.2524835,0.19363977,1.1104404,0.0970945,0.5281061,-0.4656453,0.23243517
Hs 698.T,0.52737534,0.11757566,0.44892913,0.47494546,-1.4439034,-0.073675275,-0.4820053,-1.5351121,0.21543655,0.12718502,-1.047455,-0.04009534,-0.5828596,0.92826056,-0.42522687,0.0022365432,-0.9201501,0.2611844,-0.9227518,-0.34449035,-0.49051633,-0.14501648,0.48426345,-2.0225255,-0.85741,0.5793209,-0.34701034,-0.65794194,0.8079939,-0.490009,1.1712507,0.8671756,0.13996062,-0.5245487,0.057931084,-0.12782957,0.71857285,0.3900141,-0.5962908,0.19308737,-0.15943338,0.3899574,0.30642304,-0.06688541,0.25441134,0.62253815,-0.4074232,0.057202056,-0.40484264,-0.25753474,0.8415138,-0.02742228,-1.159148,-0.40992284,1.1903821,-0.96976185,0.5036396,0.4746549,-0.89672667,-0.268837,-0.7889066,-0.56164,0.3188569,0.22112302,0.30160883,-0.0944184,0.9167572
Daoy,0.20144892,-5.6071954,-2.8278053,-0.6836028,-1.3410685,-2.028247,1.2252547,3.162553,-2.1476245,0.45034558,5.007377,-1.8238151,3.8260152,-2.4560077,1.9115261,1.6579475,3.137759,-2.2482617,1.6862528,0.7684552,2.5353055,-0.14036113,-1.1815726,-1.2304136,0.5094497,-5.072632,-3.4882057,5.852242,2.0388641,-0.5180774,-2.3435783,1.1329517,0.54723746,2.364019,-7.260819,-1.1426456,-3.0897408,-1.2094152,-0.3898909,0.82464737,-5.2368574,-3.2164598,-1.96216,0.41426525,-1.533972,-0.54986495,-0.3991058,-0.84277654,-0.50499105,-4.575992,-1.2364149,-1.011523,-1.8481599,7.641091,-2.0563483,6.783992,-2.1229463,0.15279861,0.7503543,2.4969962,7.5277424,3.1458013,2.4015057,1.6901777,1.7171624,-2.4750261,0.2399881
LS1034,-0.76618993,1.2744788,-0.9525553,0.41447476,2.4321756,0.5207267,0.18508476,0.51246595,-0.01656615,-0.123261295,-0.50557035,-1.2113276,0.65346307,-1.3004322,0.15730217,-1.2383852,-0.4797319,-0.34780264,0.8719217,0.7591842,-0.39813805,-1.0687656,0.09326868,1.1788114,-1.3021206,0.8556262,1.7296234,0.7369228,0.19763897,-0.016561123,-0.7219215,-2.3689275,-0.46682957,-0.16335917,0.51030433,-0.28670692,0.73528963,-0.20338002,-0.14393029,0.56896657,0.4810174,0.40529916,-0.61612225,0.2572477,0.88785654,1.1854001,0.607013,-1.2139314,0.6139782,0.8546343,-0.0896845,-0.6207501,1.6862252,-1.533408,-1.2136426,0.259387,0.12135248,-0.026953407,-0.5010021,-0.3210209,-1.4774475,-0.49575597,-0.29703784,-0.8908441,-1.2719613,1.6826006,-0.21247382
YD-15,0.49338874,0.59397954,0.0373694,0.21523182,-0.72280115,-0.04413974,-0.03372612,-2.208383,-0.08188148,0.6818673,-0.8125307,0.6239769,-0.53777635,0.95927876,0.056923587,-0.15651025,-0.06384218,0.7381901,-0.9731609,-0.31006962,0.09101072,0.16468284,0.62913346,-1.4684191,-0.10313621,-0.18873706,0.1153653,-1.3047328,0.431993,0.08419943,0.91604203,1.0496223,-0.3001295,-0.5348841,0.34407675,0.43825725,0.7191805,-0.07156568,-0.087850496,0.6153294,0.53118795,1.078421,0.573339,-0.73961973,0.17262681,-0.53866994,0.85137874,-0.3833061,-0.52890134,-0.23970865,-0.21482922,0.09018702,-0.9926443,-0.95150894,0.89620334,-0.73551327,1.005596,0.7810737,-0.15153138,-0.7323698,-0.6907305,-0.7915407,0.727725,1.0985394,-0.27805308,-0.5371367,0.66598123
SKM-1,-1.573945,-1.9665906,-1.0782361,-0.56824803,-0.15867493,0.04503201,1.349464,1.1777318,-0.6752952,0.22195421,0.83851147,-1.6162028,0.26384917,-0.665022,1.4467146,2.0797985,0.2571832,-1.6574147,1.5431328,-1.970073,-1.4870229,-0.08131489,0.50698227,0.5529739,2.141046,-1.1068525,0.48713833,1.0795523,0.12781751,2.004844,0.23956367,0.84884375,0.57284516,-0.7031056,-2.7785013,0.13221139,0.43596494,-0.68048614,-0.92750835,-1.1181731,-1.7534932,-2.2510362,0.15556468,1.183884,-1.6856148,-0.5027449,0.21799476,0.17235847,0.3266526,0.15485287,-0.9701996,0.76478785,-0.5411324,3.0206654,-0.24374294,-0.18753925,0.25420243,1.234546,-0.036014568,0.49727997,1.3665419,0.30993852,1.7014477,-0.8286227,-1.4683615,-0.9263293,-2.4689267
CCF-STTG1,0.13073716,0.30309784,1.8432516,0.5712827,0.14057,0.19714436,0.9320405,-0.44086844,-0.022482362,-0.872355,0.36615333,0.20862457,0.017429655,-0.045477953,-0.09091764,-0.54215,-0.62231565,0.6026795,-0.8629319,-0.5819387,1.156449,-0.5362022,-0.47265884,0.08024117,0.013176104,0.31915238,-0.24236651,0.38736048,-0.4113742,0.049562708,-0.7539703,0.047157135,0.33215192,0.056917246,-1.1015061,-0.20304321,0.6831937,0.19471797,-0.14461799,0.1512882,-1.3511581,-1.2022738,-0.5545678,1.2223828,-1.7971406,0.0069811568,-0.74846995,1.6636646,-0.16435534,0.0077511854,-0.030384988,0.12445464,0.7204238,0.52420104,0.7394017,-0.24807014,-0.13842231,-1.1453741,-0.18650389,0.3723424,0.41343525,-0.07913931,-0.1809775,1.5452781,-1.3724331,-0.5252153,0.41445577
Hs 737.T,0.8423765,0.48849136,0.36159918,0.12784451,-0.44800317,0.07892721,-0.49887186,-2.4061275,-0.18893933,0.71235466,-0.7411215,0.67871845,0.08164691,0.75233966,-0.31952894,-0.6601219,-0.28103906,0.5132124,-1.1763254,-0.13804126,0.12306719,0.01930216,0.45084253,-1.2354904,-0.11886792,0.07012208,-0.39677557,-1.0370579,0.16765225,-0.5524063,0.3646437,0.5308471,-0.30828595,-0.38974708,0.5407745,0.27657467,0.5574206,-0.14899904,0.39144927,0.7313286,0.23131876,0.5890135,0.48047927,0.038264036,-0.18504965,-0.5422458,0.25570902,0.0067795254,-0.91919917,-0.122453764,0.00495742,-0.1670604,-0.7039627,-1.1213756,1.1561103,-0.26551712,-0.040890574,0.5416331,-0.90272325,-0.6762927,-1.2402745,-0.5674863,-0.30120933,0.95189947,-0.23465808,-0.6751097,0.84968376
NCC-StC-K140,-0.38692912,-0.16574469,0.43433148,0.39976755,-2.537561,0.16213152,-0.4709613,-0.6344449,0.5991003,-0.219868,-1.1841103,-0.08561296,-0.9217601,1.3883785,-0.60502917,0.12925735,-0.99452394,0.22780979,-0.76563406,-0.22863781,-0.31433,0.14429319,0.19234994,-2.2396696,-0.5635358,0.67200947,-0.110160485,-0.28452128,0.6609513,-0.8862039,1.6268004,0.83237094,-0.025713284,-0.8223933,0.01323691,-0.5159551,0.60840154,0.08455245,-0.31524283,-0.96246845,-0.6616813,0.19010958,0.2264697,0.25976413,0.29524356,0.23492718,-0.9948096,0.2916761,0.2511838,0.64493173,1.1909603,0.9858013,-1.0860971,0.54490155,1.5907166,-1.2585433,0.10877463,0.5693324,-0.57261145,0.092153765,-0.22561802,-0.61109,0.44616655,-0.7128539,1.1124327,0.44040954,0.6588118
HLF,0.55113554,3.2924542,1.460889,-0.20554222,-0.63090277,-0.02260688,-1.959233,2.0530622,1.4512513,-1.4266387,-3.844002,-2.0324104,-0.632998,-4.3029847,0.14315376,-0.3708028,2.0410845,-1.0534562,0.93538195,1.3768916,-2.449644,0.85378236,-3.7421503,-1.0036738,1.7198623,5.1070843,-0.7460951,-0.31371558,0.8956541,0.88825256,0.65073454,-2.238553,0.4140681,1.3418368,4.578328,2.0215888,0.58118755,2.158561,1.7457154,-0.14994907,3.4718513,2.5532591,1.2220528,0.201411,1.4427518,0.104068235,-0.7507427,0.9456629,1.1827786,0.8628318,4.3983316,-0.7164898,0.36787865,-5.202852,1.0634382,0.5267749,-2.9933705,-1.3670489,-0.51352197,-1.5258267,-4.2816067,1.50481,-0.5340344,-0.9785393,-0.44214052,0.51339114,0.48401856
HT-55,0.55672944,1.0673491,0.8046847,0.7184166,0.01717158,0.22423288,0.07011442,-1.3268771,0.30506158,-0.11233327,-0.7693671,0.07034005,-0.3345063,0.11705545,0.46052375,-0.47941053,-0.5977992,0.9994779,-0.65923506,-1.1280775,0.35672578,-0.6407435,0.1730027,-1.1414366,-0.6032682,-0.426209,0.9803586,-0.38235128,-0.18534741,-0.1360302,0.5657015,0.62791353,0.20517495,-0.7410095,-0.5725814,-0.23289275,1.0698478,-0.6109659,-0.7818468,-0.05816876,-0.45105076,-0.4573394,-0.20546411,0.18015654,-0.2568521,0.67003256,-0.02998909,-0.029389633,0.2056458,0.110399656,-0.07962689,0.7708343,0.35328153,0.6950617,0.95024145,-1.5334635,0.76437795,0.75169814,-0.11450072,-0.8620487,-0.37853423,-1.4053264,0.36272466,-0.28673974,-1.1433823,0.1934434,0.65472454
COV504,0.9342202,0.93595,-0.5039847,0.030565396,1.3710828,-0.30346128,1.8100177,1.1899898,-0.7297727,1.8438144,-0.0024625408,0.58229864,-1.3121043,-0.78157914,2.7890148,-0.22622968,0.9442849,0.5939597,-0.97936517,-0.960351,-0.29091445,-0.17744541,0.5532324,1.9010925,1.1157788,0.7328828,0.47911298,0.08301092,-2.0687277,1.3328058,-1.4184897,-1.4263273,-0.032265462,-1.0165483,-1.0256757,-0.1958545,0.7345156,-2.4465814,0.30035245,0.13016504,0.40417796,-0.042341698,1.2995709,0.9481418,0.279727,-0.61513484,-0.651512,1.3237001,0.12223988,-1.4792528,0.0775579,-0.4204476,0.37977585,2.497254,0.67921495,0.16951567,1.1829374,-2.7567987,-0.5153741,-0.42435467,-0.51728165,0.79868335,-0.5703142,0.8408773,-0.70712066,-0.07076652,-2.1936955
ZR-75-1,0.5313676,-0.13225585,-2.7737858,-2.2446132,2.5376086,0.49926996,-0.16143535,-0.50591683,-0.35951138,0.2195845,0.6169177,-0.07390296,0.03972269,-1.8011324,2.166216,-0.84791166,0.63010883,-0.29403168,1.6152115,-0.86201346,-1.7724442,1.2610246,0.54043394,2.1395104,1.1404413,0.07379407,0.46746606,0.03366209,1.5083525,3.713186,0.5347863,0.2594107,1.0158675,1.0580281,0.692368,-1.7749925,0.63120514,-1.3428587,1.15933,0.093656495,1.0002736,-0.33567283,0.8353169,0.14583115,1.3154246,-0.9279957,1.7914213,-0.6961837,2.0458474,-0.73416406,-2.257501,0.023059338,1.1373308,1.5322406,-0.19221173,1.1588577,-0.15389228,0.8755107,2.0588453,-0.11103296,-1.0121834,1.1170086,-1.4002215,-1.5045028,-0.8626191,-0.72151864,-2.622316
HCC1954,-2.5119438,-1.8476638,-5.875838,-2.290381,3.7250705,2.4550383,1.5596439,0.7551623,-4.0238857,3.5257761,3.0370302,0.8137748,-0.35386613,1.6835852,0.5630965,-0.6371294,2.6874917,-1.3922942,2.6204808,0.71208966,-2.0050077,-0.21983099,3.1204712,4.868252,1.9860212,-3.306759,-2.0572736,-1.8863661,-2.3258412,2.845053,0.6760829,1.478503,-0.37792903,-1.1891912,-0.5598961,-1.3294442,-0.096572325,-1.43175,1.1114572,-2.3255916,-0.29804993,1.1810701,0.8037904,0.13286287,1.3688551,-2.7698503,1.9910655,-3.7363904,-0.90674645,-0.608211,-3.1105337,1.0414594,0.3085872,2.3221738,-1.763538,1.799869,3.4373121,0.3293761,2.6115432,0.109523475,1.2023245,-0.040480323,-0.659317,0.19426754,0.48723438,-0.8692995,-4.8456755
PANC-1,0.55281365,1.4847264,1.4462252,1.0801952,0.80733013,0.54909295,-0.23539254,-0.9669164,-0.21223067,-1.2358879,-0.23361574,-0.39094314,0.55669683,-1.7063057,1.1242826,-0.554966,0.9433003,-0.4946559,-1.0851082,-0.30356842,-0.8205033,-0.9424239,0.00074118376,0.06845769,2.4701357,1.8232214,-0.040239867,0.6733736,-1.029967,0.9837624,-1.9461291,-0.5286585,0.111318715,-0.5707695,-0.25672567,0.4913128,-0.8388428,-0.89179754,0.87809056,-1.2507464,-0.04547351,-1.3650533,0.5445877,-0.13207686,-1.929366,0.45702475,-0.28316906,1.7891035,-0.109765366,-0.1550898,-0.082974374,0.042836517,1.5962198,-0.24222958,0.89003885,-0.10821923,-0.797095,0.010659877,-0.918381,-0.8685683,-0.92539144,0.4213172,-0.826235,1.3430145,-2.3766072,-2.0025983,-0.51658696
SNU-324,1.2257384,-5.5786476,-0.36658242,1.0341861,1.4695112,-2.7236595,5.9590635,4.5557566,-0.28553072,-1.2018168,6.7339377,-1.4284155,0.8108545,-1.6233234,-0.24117257,2.7900355,1.1169655,-1.528432,3.8585408,0.6632421,2.3889284,-0.5379137,-0.57803804,2.4246378,-0.48582566,-3.8250344,-2.96036,5.566597,1.5522363,0.8708928,-4.2022424,-2.5028243,1.3600605,2.6184998,-6.0203533,2.288584,-2.8322346,3.492384,-1.3463428,-0.9219344,-5.3278685,-5.11506,-2.151571,2.7359242,-4.0689874,-2.6892924,-1.060047,2.8649328,-0.30703768,-3.6726003,-0.3961289,-1.4491823,-1.1957538,4.722866,-3.5466661,5.1581874,-3.29403,-4.0221786,-0.66195714,2.5698307,5.9156046,4.809665,1.9469618,3.6899846,0.40926772,-1.914245,-0.16030154
Toledo,-0.54741246,-1.2313893,-0.9321793,1.3355788,1.382817,-0.23043753,0.43157354,0.17398612,1.2207996,-1.4327519,1.0141461,-0.37112385,0.9723217,0.3227131,-0.6488145,1.444773,0.5987483,-1.3848408,-0.11880419,-1.2661734,-0.26669905,-2.1156547,1.2839643,0.41346678,-1.4297435,-0.5257196,2.0328238,3.0820084,0.37165946,-0.44522503,-4.0441,-2.3453414,0.41988492,0.4293262,-3.4656172,0.71679014,-1.1403918,-2.4404721,-1.4105563,1.2415204,-1.6521776,-1.4518169,-0.06925924,1.3668996,-2.1452496,0.08258844,-0.055122398,2.7984385,-1.3394866,-1.362839,-0.8754444,-2.1848614,-0.9726797,0.5492394,-0.7365669,0.48560905,-1.8812631,1.4873239,-2.2871175,-0.5792668,2.125429,2.902989,1.2683703,-0.39991713,-1.7785243,-1.1386087,-0.9806097
HEC-1-A,1.1827071,0.660189,2.041135,1.4881963,-0.20657095,0.71530765,0.20891157,-1.8460954,-0.21860105,-0.25346857,-0.7623381,1.8743436,-0.8053645,1.3497549,-0.4433153,-0.7416731,-0.6006809,1.6795758,-0.35732,-0.25055337,1.198714,0.63017905,0.0340631,-0.7171063,0.47036588,-1.2609216,-0.6092757,-1.2069796,-0.14050312,0.09302646,0.044363305,1.960638,0.7780105,0.7025888,0.9566113,0.66088074,1.0342618,1.0715889,1.451216,0.34353352,-0.3909835,0.4386298,0.02179298,0.47762364,-1.4875032,0.5072896,0.73785377,0.9953802,-0.4058687,-1.7880687,-0.69617534,0.5727177,0.09122014,0.018673588,0.27340797,-1.331031,0.7105119,0.15637964,-0.2345438,-0.7659143,-1.265157,-0.6224408,-0.74385315,1.6563005,-0.5757339,-1.9692653,0.6966464
SW780,-0.88251185,-0.63192326,-1.8538287,0.47999197,4.104899,1.8152306,-1.4855895,0.6711862,1.617693,-1.7230324,1.4516432,0.3757497,1.8191397,-0.47223675,-2.1811142,-0.8655391,0.01394707,-0.8767046,4.193118,1.9231195,-1.996505,2.3106556,0.08274919,3.293147,0.6711527,0.46245605,2.5452528,-0.5741007,2.4996011,2.0836735,-1.9361117,-1.6244062,-0.33812612,2.8375602,5.3826694,0.32508427,-1.4971132,2.2612724,2.949268,-1.0608771,1.508658,0.9945426,-1.0067775,-0.5519361,0.47674003,1.1475731,2.8910708,-1.0302709,2.8331344,-1.4277937,-2.411964,-0.7073274,3.3590815,-3.404137,-4.4896727,0.8398633,-2.7456915,1.7683386,1.3017621,-0.5699131,-2.4112022,1.2257733,-2.441915,-2.1519976,1.2760352,0.35597154,-1.7788137
CHP-126,-0.35071376,0.5529097,-2.4199731,-0.7880258,2.1012855,-1.4397752,1.9477751,3.381674,0.19417109,1.0979042,1.0656724,-2.486254,1.0390254,-3.293185,0.43016475,-1.7029129,0.8021741,-0.9382553,0.36703777,1.2322321,0.40885267,-0.60256135,-0.22783384,1.6170088,-1.9512274,1.6428291,0.42446572,2.9761798,-0.9756447,-0.5839902,-1.9950027,-5.7089634,-1.1822208,-0.30740517,-0.2486578,0.44176668,-0.077802025,-0.2670145,-0.34610593,1.0998691,0.14419845,0.6220044,-1.6245644,0.5730043,2.084146,0.35181636,-1.5466465,-1.4551799,0.7178181,1.2210246,2.150146,-1.4437577,1.4753834,-1.5350877,-0.431708,3.1393392,-0.20455495,-3.917625,-0.972971,0.6211388,1.2232974,1.5670234,0.751495,0.4385498,0.62296534,3.5465982,0.533856
NCI-H1915,0.9343405,0.5121847,0.59986246,0.14204341,-0.565887,0.05347582,-0.11376046,-2.3448083,-0.082138956,0.48841864,-0.7210649,0.6453494,0.057883646,1.2617551,-0.35274038,-0.737262,-0.45851648,0.58541614,-1.2370167,-0.18071674,0.16299833,-0.051898196,0.4501366,-1.3636957,-0.51976603,0.04472915,-0.07695708,-0.76416236,0.19698083,-0.49262092,0.36419177,0.54458797,-0.38705578,-0.4332445,0.8192171,0.57267404,0.5997954,-0.048022524,0.07371878,0.55853873,0.2365417,0.25337076,0.5050547,-0.010714859,-0.21611527,-0.048924327,0.8387206,0.07485933,-0.2604724,-0.64387137,0.10690601,-0.26532543,-0.7412007,-1.4891883,1.1537391,-0.38184342,0.6709036,0.6287928,-0.9593569,-0.19557288,-0.7364665,-0.6512709,-0.42488414,1.0130625,-0.2713808,-0.6812454,0.89079744
OCI-M1,-3.2233453,1.5113292,-0.3210208,4.161253,1.5391066,1.4403571,-0.8454755,0.8738499,-0.711365,1.6370136,-0.33645782,1.2475796,-0.8953434,0.65362847,-0.1040395,0.8275376,0.29869282,-0.39925808,1.2270164,1.6047059,0.5955843,-0.60170805,1.0030425,2.038172,1.0663116,-0.012294501,-1.1128926,-3.5649219,-2.4801998,-1.8273395,-1.1492536,-0.20079857,-1.0733671,-0.40518183,-1.0565993,2.7478893,-1.2038677,-2.3167856,0.54507524,0.67971694,1.5277723,2.508405,0.6082005,-2.433169,1.1355885,-1.5864954,0.18514001,-2.694483,0.39047903,-1.466924,-0.22121078,0.4213577,1.2394198,0.8053386,-3.5068395,-1.8368995,-0.38656086,-0.8490407,-1.5143301,-1.0348434,-3.2325099,-1.5579463,-3.0054593,0.14640899,-1.2447753,-1.1128237,-0.14068441
HRT-18,0.003218174,0.6010262,0.3266421,0.6443325,-1.1724013,-0.4070028,-0.19012359,-1.0037829,0.26198822,0.5443085,-1.0139891,0.49462584,-1.7636579,0.6573202,0.21342263,0.7498606,-0.9856205,1.1901544,-0.21959244,-0.9112043,0.61365646,0.4427076,0.27589145,-2.8662117,-0.6437884,-0.53419024,-0.021622749,-1.1817794,0.5537613,-0.29901358,2.3647456,1.5938766,0.6972562,-0.29756573,-0.7299135,0.44118944,1.2631389,0.075386,-0.5030104,-0.5020952,0.55836135,1.3176877,0.1778752,0.09917724,0.94851285,0.5810148,0.10649161,-0.8910003,0.2472781,0.336877,0.7224148,0.88196063,-1.0668287,0.4106743,0.7100017,-1.9781536,0.5656954,0.37959537,0.40801764,-0.27799144,-0.22620347,-0.928138,1.6260132,0.8206963,0.4237951,-0.24152882,1.0429217
Calu-6,0.34497324,1.4425403,0.002459973,-1.0171621,-0.2099769,0.23136406,-1.5625236,-1.652914,-1.1493467,1.3683119,-0.36181122,1.7816653,-0.00049168617,0.23728171,0.4679004,0.04583183,0.16030486,0.2619568,-1.3634278,0.5078192,0.49427894,-0.13751602,-0.24226582,-0.12355235,1.494367,-0.123530634,-1.3319707,-1.9513388,-0.91313726,-0.56152177,0.3935646,2.2264807,-0.38995114,0.0931594,0.61777866,0.364979,-0.7020738,-1.0288498,0.40506077,1.3423102,1.6043353,0.45253256,1.5190923,-2.0378518,0.47394222,-1.9844804,0.16561946,-0.63156724,-0.8745849,-0.05329921,-0.65324765,-0.20784572,-0.39073458,-0.27917466,1.2021806,0.5128398,1.1517239,0.88587075,0.3167646,-0.83432186,-1.0097497,-0.93973345,-1.2281997,0.32672694,-0.42759752,-1.1738328,0.3553896
NCI-H1341,-0.0824469,-1.2448719,-2.9456487,-1.7839715,4.1593456,-1.4186188,2.497901,-0.18796426,-1.118695,0.66343606,6.003311,1.0189352,0.84973276,-2.1368341,-0.31456614,1.4450899,1.3656262,-0.69033253,2.201657,-0.12264316,1.428154,-0.107133605,0.18223907,2.5948336,1.4216772,-4.435948,-2.3120034,2.1057942,0.026370108,1.8895165,-2.2123,-1.1933267,0.48204684,1.7091019,-3.2433813,1.7950681,-2.0393198,-0.72178805,0.37793413,0.7418952,-0.7934975,-1.0443091,-0.59737355,-0.85212255,0.015015125,-4.065616,2.6917222,-0.123070404,-1.8336926,-3.0835295,-1.9681673,-1.4844661,0.0053166747,0.6828851,-2.4145694,4.0036826,-1.0450352,-0.5380284,1.6416631,0.013869628,2.809252,1.0082716,3.0876775,2.8440852,-1.8989624,-2.3314927,0.016522214
HMCB,0.39549786,0.95672125,-2.6593168,0.31660277,5.243557,-0.15467551,3.3618972,0.6612331,-0.19054727,0.6895474,1.2991437,1.7637072,0.03846122,-2.6297808,1.711817,-0.34412652,0.6317635,-0.03671951,1.090037,0.4445761,0.8196209,-1.0153198,-0.6346719,2.1437917,0.4966719,-1.9744426,-0.13263579,1.9205313,-0.32443136,1.8149598,-3.2480829,-2.5862153,1.4261581,1.5254829,-1.9315119,1.2249427,-0.16570026,-1.8897185,1.4884781,0.8900485,0.30184922,-0.81425357,0.3224752,1.2412472,-0.03542441,-2.6056437,1.7790905,1.2124867,0.94529915,-4.394518,0.58730936,-2.4569633,0.7550736,1.9204407,-1.6176734,2.546413,-2.5311565,-1.6753589,-0.51851183,-1.8305895,-0.91509867,2.5585942,-0.6048887,0.39917266,-2.3195152,-0.8060584,-0.73515
NCI-H1048,-0.52012557,0.8068211,0.604831,0.33831698,-1.3873088,-0.49113676,-0.39333847,0.92419297,-0.30047148,0.96726,-0.9346773,0.22010459,-1.2141765,1.4515841,1.0327705,0.75855535,-0.67132485,0.965163,-0.59514606,1.11732,0.41270462,0.50832766,0.277223,-0.7761876,-0.44404078,1.3472817,0.18778928,-1.2527335,-0.4773401,-0.9972278,1.870691,-0.47401536,-0.6304444,-0.6377257,0.113948956,-0.4499389,0.25869906,1.1011695,0.322001,0.63678634,1.4627057,1.6300881,1.208854,-0.42516375,1.9456742,1.3434204,-1.6658571,-0.48030972,-0.4091465,0.8207092,0.7182622,0.10869181,-1.3700581,-0.08505404,-0.06692365,-1.1387872,1.938132,-1.6945161,-0.035928465,1.1574796,-1.0996579,-0.032608688,-0.03247933,0.14840314,1.6482537,0.653355,0.43190297
RD,-0.53924334,-0.62170136,2.788284,-1.1413378,-1.2371135,0.30918732,0.26117742,0.08486454,0.20226064,-0.80923814,0.02313266,0.13922241,0.5221518,0.7180675,-0.7283611,-0.4651729,-0.59350973,0.8914249,-0.44863218,-0.9012083,0.49415448,-0.296439,-1.3665247,1.079085,0.89065,0.25379068,-0.6039044,-0.7028989,-1.0733008,-0.27690536,-0.30836734,1.430574,-0.08735599,-0.25049183,-0.2150343,-0.69782174,0.55330735,0.8763124,-0.3117198,-0.040685557,-2.1050751,-1.6979539,-0.46341363,1.1629657,-2.1937091,-0.38687903,-0.5013308,2.3463295,-0.75703394,0.7430217,-0.2856848,0.74092424,0.6135029,0.4579887,1.252974,-0.3885824,-0.03354971,-0.56953967,0.10458152,1.3284944,1.2290983,-0.68684566,-0.59732646,0.40914303,-1.1774604,-0.18160556,-0.2766518
SNU-520,1.3384435,0.046870388,2.0244417,1.3044049,1.0792686,-1.5186404,1.9428933,-0.7573133,-0.096806586,-0.48685953,2.4192474,1.3342236,0.13621722,-0.49278256,0.43076319,0.050928354,0.30782783,1.261747,-0.42247045,-1.3399894,3.038266,-0.040355958,-0.2956573,0.12203333,1.6189435,-2.0177407,-1.0336348,0.22968611,-1.3523235,0.9035044,-2.1313174,0.13109426,-0.2164232,0.18793017,-2.5748668,1.3396542,-0.5682264,0.8613534,0.3721559,0.12759602,-2.1319153,-1.4668381,-1.3578496,0.051656403,-2.7789042,-0.061906584,0.67243004,2.2622273,-1.7965783,-1.8598309,-2.0156238,0.9354815,0.45289207,0.5155106,-0.39265978,0.41941616,-0.034089472,-1.491182,0.53809077,0.8994363,3.0469685,0.2012335,2.1372044,5.5491138,-1.8639351,-2.11092,0.39455837
WM983B,3.3908904,0.5097835,1.2599657,-3.3844275,0.6926031,-1.4709635,1.1177287,2.279024,0.4513685,-0.66696393,-0.026199207,-1.2862823,-0.016242675,-1.6064373,0.7265591,-1.9639044,-0.14749862,0.69043916,-0.07639541,-0.85650355,-0.121381,-0.72313887,-1.9918058,0.6450699,-0.5507357,2.5287786,2.850611,3.2161765,-0.32114542,0.7984104,-0.46116656,-2.5189347,0.3962341,-0.2960686,3.786087,-1.8214258,1.5277187,3.0649424,1.2211709,-1.2144555,0.9009459,-0.5029893,-0.6793287,1.0632161,-0.116223,3.2079446,-1.6684926,2.440657,0.84034044,2.3449438,1.767573,-0.19445498,1.2885108,-2.4071178,2.2311258,1.3366301,1.2291092,-2.7299867,1.4957635,0.8055594,0.9388507,1.0674008,-0.47327805,-0.73464537,0.54026055,3.592166,0.13845907
AGS,0.3678069,0.40497166,0.769092,0.6232288,-1.9475335,0.22227998,-0.48738852,-1.0980201,0.2407514,0.0036036149,-1.2111135,0.44793898,-1.2190908,1.469532,-0.59829545,0.028948814,-0.8122421,0.63971555,-0.43342498,-0.5237025,-0.39684036,0.060669385,0.28275296,-2.355393,-0.3654968,-0.16729379,-0.06225106,-0.4197495,0.5377521,-0.5175015,1.9528562,0.9345999,0.44010422,-0.78392017,0.06117597,0.08509199,1.2303231,0.4824288,-0.028970964,-0.5508898,-0.6194768,0.29839635,0.049875274,0.31606048,-0.25354826,1.0941648,-0.85131145,-0.27150613,0.48574087,2.1221995,0.89513767,1.0440423,-1.0431211,0.4860154,1.4313833,-1.484687,0.17223173,0.44146085,-0.43643707,-0.22983663,-0.26489764,-0.9295086,0.6047348,0.042536076,0.72799927,0.27453837,0.71685106
K-562,1.0052661,0.4330334,0.37747973,0.18423736,-0.55169743,0.024750134,0.566768,-2.3613267,-0.07258696,0.4441458,-0.76282614,0.7553601,0.08714739,0.8671467,-0.38145122,-0.7571166,0.2071105,0.5407666,-1.2265601,-0.13946995,0.0064386576,-0.11888424,0.4745071,-1.1252422,-0.755442,0.08925281,-0.4790253,-0.5449324,0.02846992,-0.7720642,0.27872714,0.7523016,-0.38742065,-0.0026554167,0.80837995,0.44157925,0.49619192,0.12531707,-0.059605334,0.9289386,0.19470477,0.70781416,0.3884045,-0.015812993,0.020580024,-0.47955784,0.68469524,0.08874942,-0.503611,-0.29101866,0.111134514,-0.30215198,-0.7606286,-1.1694965,1.0786853,-0.43193585,0.4533049,0.58819765,-0.84412193,-0.8330461,-0.7035818,-0.5326344,0.09243229,0.84131557,-0.32033685,-0.6580596,0.9331929
RMUG-S,2.4574838,-0.2567046,0.40878952,-0.35199654,-2.4924605,1.1425383,-1.4082096,-3.2212608,-0.35237914,-0.7662828,-1.1199074,-1.5168093,-0.86106074,-0.3852382,-0.26969394,-0.041348636,3.3275948,-0.08031273,-0.67821765,-0.30060798,-1.1315209,1.085903,1.2147164,-2.4659584,0.6135224,1.2809802,-2.1484303,-1.7231116,2.1431932,1.4561468,1.9697042,2.5278203,0.74309117,0.6914539,2.556731,-0.03436403,0.48539364,1.2151334,1.1339747,-0.20393325,1.6887602,1.2171915,2.2347403,-0.34597868,1.5086988,-1.199543,0.9057733,-0.61612964,0.0842456,0.14211631,0.034285426,0.37970164,-1.8061643,-2.4666035,1.8808862,-0.75036055,-0.1992878,2.6425385,1.1779736,-0.38650757,-1.4819471,0.4656754,-0.5997258,1.3491427,1.2000692,-3.0290117,-0.20752877
LS180,0.6787635,0.74423283,0.8620894,0.33492333,-1.3280559,-0.051370315,-0.30089837,-0.97326803,0.17666878,0.34051222,-0.84776884,0.92186606,-1.2869908,1.0727239,-0.29593694,0.071678184,-0.7149958,1.0054114,-0.40372184,-0.7556314,0.55387866,0.5394631,-0.05459374,-2.238772,-0.5495962,-0.73617,-0.71939456,-1.0195427,0.047098264,-0.12336466,1.7219969,1.9424205,0.06940891,-0.5119056,0.4750258,0.87863386,1.0304521,0.4080515,0.19689077,-0.9688128,0.109470166,0.22273412,-0.018957814,-0.416164,-0.79248244,0.80410683,-0.04453981,-0.41410568,0.18116319,0.5822122,0.5636097,1.1766841,-0.99226147,0.21519607,0.8857309,-1.8122663,0.77116996,0.37440956,0.22130054,-0.7076544,0.102550894,-1.3244176,0.87593216,0.74186504,0.9896036,-0.09256665,1.1060939
HK-2 [Human kidney],0.59175426,0.0017650649,0.37010494,0.34120384,-1.4486889,-0.11208215,-0.16530806,-1.5115663,0.35377336,0.14019927,-1.0474374,-0.00022909045,-0.59963334,0.584317,-0.35495058,0.03261721,-0.3037418,0.26059392,-0.9568936,-0.36621618,-0.41293946,-0.37481695,0.48171207,-1.9909587,-0.9933805,0.45769316,-0.24299055,-0.37290618,0.75895727,-0.66726744,1.1913766,0.52110934,-0.06044034,-0.33454072,-0.143825,-0.12762046,0.83991516,-0.34460083,-0.48998842,-0.019561702,-0.11043432,0.67432964,0.2782979,0.19281808,0.19882655,-0.21930547,-0.25931332,0.0301967,-0.22765046,0.9910197,0.7934163,0.05674181,-1.1274587,-0.3054109,1.3384756,-0.8668857,-0.1676909,0.61001164,-0.9092382,-0.23703204,-0.53128505,-0.68973094,0.42685002,0.24153958,0.16700962,-0.03526099,0.8369243
OVTOKO,0.332402,-0.5663172,-2.187213,0.88538575,1.501975,0.24004966,-0.20328811,0.68504566,0.2515671,0.6735603,-0.37311143,-0.16407125,1.1998787,1.4905459,1.5741183,-0.79771686,-0.04811125,-0.41463953,0.62223595,-0.32133678,-0.2920157,-1.0167272,0.21419723,0.2775037,-1.5720675,-1.0334241,2.6537895,2.0136495,0.5087716,-0.2949294,-1.973746,-1.873225,-0.8645092,-0.07223276,-0.9816834,-1.1589842,0.12698296,-1.0765054,0.31976333,1.3446352,-0.6954611,0.028266743,-1.0173221,0.26466113,0.549182,2.122274,0.844837,-1.2564493,0.611887,-1.0084381,-1.3756751,-0.5405102,0.89861774,1.1069814,-0.853712,-0.14411648,0.6737152,0.93940794,-0.119987115,0.52001923,1.2552482,0.8655,-1.1936228,-1.5512019,0.33599848,0.64709014,-0.5376209
IGR-1,1.1817569,0.6582052,0.9301193,-0.09019402,-0.8191265,0.19461338,-0.7885443,-2.0645912,-0.19184966,0.61897767,-0.39687514,1.2175163,0.180224,0.8743745,-0.5129115,-1.141721,-0.09895993,0.2924382,-1.3597829,0.03335678,0.5618445,0.030987352,-0.006708987,-0.9300278,0.4830888,-0.1413511,-0.8227672,-1.1932217,-0.5288639,-0.7321853,-0.095906824,1.0183338,-0.68431056,-0.2372132,1.6249841,0.46147984,-0.14009807,0.89649904,0.50829893,0.5202241,0.23341474,0.5196796,0.20978582,-1.0900916,-0.42538196,0.41917446,0.398394,0.25916547,0.054786116,-0.5741624,-0.15911454,0.13050194,-0.37456495,-1.4714016,1.2196766,0.21594322,0.49075967,0.43288347,-0.39853227,-0.7661661,-0.13256139,-0.80544263,-0.50293946,1.0574852,0.16835889,-0.6939658,1.1398495
SLR25,1.4772938,0.57027787,0.4425375,0.11760116,-0.6696749,0.10269859,-0.3158902,-2.2741957,-0.13454995,0.7154153,-0.6388771,0.581359,0.10186468,1.0259364,-0.33083555,-0.8186771,-0.17921636,0.3951554,-1.3099226,-0.07586158,0.24879262,0.27239656,0.39596117,-1.0460209,-0.30626196,-0.09904413,-0.5308174,-0.6386694,-0.13835432,-0.51568747,0.24109653,0.53181636,-0.43980876,-0.38409042,0.88853246,0.22739291,0.37372696,0.6209794,0.10953641,0.7371754,0.19964041,0.7473756,0.42902774,-0.42212003,-0.5755917,-0.23265876,0.41295213,0.10389804,-0.30692825,-1.2761571,-0.05760876,-0.15781897,-0.66579825,-1.1423972,1.1428953,-0.2811076,1.2591382,0.63735557,-0.8450451,-0.8202616,-0.61304384,-0.8305977,-0.2251139,0.611056,-0.109032534,-0.60116124,0.89896435
COV434,-0.019830182,-1.0019656,-1.3576977,-0.24881189,0.0027381778,0.21552622,-0.6861417,2.1067443,0.26375806,0.39133394,0.104245916,0.9207252,-0.029608918,1.6249715,1.3866574,0.82995665,-0.8431073,-0.8743781,0.26968896,-0.72068495,-0.57231253,-1.2360716,-0.31980118,0.42775738,0.011176817,-1.2318913,1.4076862,1.8448374,0.112575576,-0.2590868,-0.9096271,-0.207295,0.68718773,-0.038245995,-1.2056315,-0.99673676,-0.3408702,-1.5997394,-0.51320386,0.004577093,-0.27792692,-1.6829613,0.16989379,0.4881255,-0.5304538,0.72996217,-0.72933143,0.6703635,0.51438373,-0.9101985,-0.34786206,-0.68645555,0.04770636,3.4084694,-0.3234136,-0.49443832,0.6629897,0.84499145,0.13011418,0.4156031,1.5365741,1.0109543,-0.6664751,-2.88336,0.5580498,0.39641303,-1.2164644
KYSE-410,1.0057346,0.08892835,0.42084387,0.55303246,-1.4819876,0.08165205,-0.50896215,-0.9286615,0.37605292,0.4347856,-1.137887,0.55295396,-1.0347104,1.6144528,0.1169867,0.07408105,-0.9296597,0.3800573,-0.88344854,-0.6299925,-0.54135764,0.11405811,0.45620394,-1.6139739,0.18922153,0.053084616,-0.19950902,-0.6628767,-0.24140406,-0.44970262,0.8449713,0.60447055,-0.33712515,-0.65413326,0.75163686,0.14822584,0.88191277,-0.17724419,0.525605,-0.3703724,0.08474687,0.58325076,0.49152067,-0.00917922,0.16331956,0.8727697,-0.053537905,0.17350195,0.36431193,-0.7008348,0.43061954,0.51729625,-1.1570516,0.091821775,1.1957178,-1.1557057,-0.09436041,0.4523883,-0.73167694,-0.21939662,-0.22042178,-0.33343178,0.055188235,0.09890292,0.86010396,-0.00040414184,0.36999786
HuH-1,-1.5496502,0.17805374,0.12465408,-1.4794496,1.5054185,0.75517297,1.6651522,0.32602224,-0.1526937,-0.24117447,0.17217328,0.19709408,0.06814938,-1.1249256,-1.4760847,-0.45975596,-0.1373224,-0.31995296,-1.3263439,0.3624889,-0.17803836,-1.2585016,-0.026621103,3.599894,-0.86930364,0.7054739,-0.1284562,-2.1703153,-0.913393,-0.37049693,-0.16832748,-0.32443458,1.2919285,-0.07219592,0.35783422,-0.5523486,-0.005191356,-0.5026081,-2.2378423,0.7859365,1.8551024,0.5402342,1.2016699,1.3484861,-0.13920388,-2.806863,0.8943559,1.5162051,-1.3803476,2.0959268,0.6783439,-2.953686,0.10796045,-1.8027997,-0.6870518,-0.034572355,-0.13861585,0.23397899,0.26364878,-1.7990565,-1.9501894,-0.5632145,0.17891598,-2.0622768,-2.0788083,-0.223504,-0.48180974
Hs 618.T,1.0491539,0.42842832,0.33473337,0.1511866,-0.6535435,0.10229301,-0.25849822,-2.3213499,-0.06867363,0.3366205,-0.7325659,0.66086584,0.08907069,0.5991527,-0.43177465,-0.7977975,-0.085411936,0.4670611,-1.234705,-0.039264068,0.012615226,0.028327396,0.41711757,-1.1617494,0.42725134,-0.028884385,-0.2369889,-0.3039381,-0.010138035,-0.8170736,0.3079739,0.7332873,-0.48424345,-0.5349929,0.76539826,0.30970427,0.51708925,0.16126591,0.064620964,0.4636705,0.14169034,0.38381672,0.32184803,-0.2576879,-0.0023043007,-0.2749324,0.85093665,0.088115774,-0.8462704,-0.7004783,0.05426977,-0.08381083,-0.71684957,-1.3624988,1.1193175,-0.48621458,0.7662635,0.61292833,-0.87689704,-0.52337486,-0.7871364,-0.88020617,-0.08887957,1.0005827,-0.23529741,-0.6981562,0.898296
CL-11,0.17357814,0.84800017,-0.092866,-1.0851388,-0.11912532,-0.46177834,0.65154237,-0.030316006,0.46444777,0.6879952,-0.67815876,-1.3217188,0.2911004,-1.1711773,1.7851224,-0.53564423,0.36603975,0.81468046,-1.2198639,-1.7428018,-0.24159269,-0.16526155,0.3712601,0.38271728,-0.67900634,1.0114453,1.448522,0.0636864,-0.9569243,0.8955739,0.21682546,-1.0919375,-1.0905613,-1.6982584,-0.85078055,-0.9651475,1.0650387,-0.9891938,-1.1583083,1.099636,-0.6801246,0.38590193,-0.091493964,1.3806369,0.6027773,1.1547234,0.2986332,0.7163481,-1.0766366,0.68276876,-0.47794628,0.16858272,0.009908895,-0.3196805,1.8300252,-0.1637688,1.1918861,-0.86098456,-0.2884365,0.453156,0.50293267,-0.12490533,1.9230644,0.88005203,-0.93747467,1.0997733,-1.5445828
G-361,-0.077035286,-0.91834486,0.25088197,-0.9720269,1.8966299,0.33641806,4.1388397,1.1317459,-0.9458611,0.43239585,1.8974961,-0.490453,-0.21038035,-1.0806049,-0.41447526,0.15903446,0.6183224,-0.15832153,1.7120894,-0.73657954,-0.014450552,-0.4481113,0.06434641,3.9645045,1.6800543,-0.6518978,-0.7286799,-0.38564667,-1.6103994,1.070071,-2.3757632,-0.9359,0.35078666,-0.2770241,-0.72399974,0.885596,0.26077113,0.44714272,0.464534,-0.94363374,-2.0858545,-2.0667553,-0.076313324,1.6879106,-2.6018867,-2.8323157,0.5673093,2.550376,0.019368052,-0.877308,0.017409133,0.026025891,0.23873767,0.95808244,-0.79920053,1.8228915,-0.040538833,-1.9723779,-1.226344,0.1812016,0.19393335,-0.1384834,0.24535127,1.5740459,-1.8472104,-0.52407557,-1.9871323
SUP-B15,0.23708396,0.6461933,0.20828909,0.8763016,-1.0405034,-0.3165,-0.22698408,-0.65157825,0.12865463,0.3246163,-0.89381874,-0.23301502,-1.3770336,0.8027852,1.170556,0.91411644,-0.81480503,0.27549446,-0.5917963,-0.12530495,-0.30184126,0.072837405,0.9953885,-1.8402848,-0.10566919,1.440549,0.06275954,-0.7087163,0.21595614,0.045722842,1.3268335,-0.32911226,-0.14623182,-0.64320314,-0.8446829,0.1435379,0.9744039,-0.30454928,-0.2131333,0.43885607,0.55669343,0.7358558,0.89061,-0.10627827,0.7014773,0.3263284,-1.1481439,-0.45710352,0.04217988,0.413445,0.46467996,0.54755497,-1.0315373,0.31944984,0.9719383,-1.3435781,0.7193084,-0.32307363,-0.8685251,0.371802,-0.9666722,0.07879115,0.13593023,0.3989443,0.027427077,-0.31474936,0.01607136
P31/FUJ,-0.6528798,-0.6329241,0.7289188,2.03898,-2.2768614,-1.5507413,0.72009784,0.82966447,0.8200437,2.1265166,-1.1827333,1.4834151,0.1320146,1.6284277,-1.6703774,-0.8167082,-2.2700918,1.6954954,-1.9716339,1.8173587,2.7221763,-0.09371273,-0.8299413,-1.2435213,-2.8665733,-1.1628072,-2.4734757,-0.35999578,-1.5429769,-4.1890225,0.22778237,0.28313023,-1.7172508,-0.82543576,-1.8675638,-0.090311706,0.06637012,-0.7113861,-1.7832086,1.1916147,-1.68493,1.4974585,-0.7173207,-0.25783435,1.3171499,-0.31628218,-1.2063729,-0.26131138,-0.45105082,-1.1403706,2.6047728,-1.1772931,-1.3579628,1.8818955,-0.65051275,1.0927056,0.23287106,-3.0961282,-2.4127176,0.6837126,-0.00945539,-2.070588,0.8484164,0.57205325,1.6281667,2.3209794,2.7049499
HEC-151,0.52706414,1.0399742,-0.30531022,0.31627288,-0.6207326,-0.18873534,-0.0103853345,-1.3464577,-0.30613,1.2136554,-0.7094407,1.2899307,-1.8554202,1.0014809,1.0016936,1.5021458,-0.54924184,1.3554875,-0.5588347,-1.7845082,1.0064278,0.45367992,0.8420898,-1.8718159,-0.3453848,-0.8843554,0.83136946,-1.459552,0.08051956,0.55143905,1.6407803,1.5472672,-0.1470038,-0.9276786,-0.8468604,0.41448084,1.2536601,0.11490512,-0.5204954,0.8255121,1.4241561,1.5639114,0.7546458,-1.2656049,1.0792263,0.80999506,0.8271973,-1.0762913,-0.9769701,-0.17417473,-1.0743573,0.6527629,-1.3089015,-0.16375835,0.4602069,-2.5155969,1.9053969,1.2299877,0.85843825,-0.4401828,0.06161649,-1.0048388,2.2249174,1.8126528,-0.13746242,-0.72577333,-0.08887934
SK-MM-2,-0.5129273,0.10245637,1.9573565,-0.14582089,-0.5820527,0.40421295,-0.08999086,-0.6577201,0.3951308,-1.1028836,-0.0053733177,-1.3793684,0.51660126,0.25646818,-0.5761526,0.62645596,-0.30742526,0.1731757,0.00043900404,-1.4326744,-0.74277896,-0.4749554,0.3892121,1.1983335,0.49718067,1.2221227,1.2212926,-0.82463807,-1.0682013,0.2595802,-0.8744432,-0.23284568,-1.032635,-0.85326636,-0.21219864,-0.4303915,0.4506231,0.42644945,-0.66584396,0.3590454,-1.5209183,-1.13315,-0.08468993,1.1529033,-1.1755296,0.29561675,0.22122519,1.8775587,-0.820147,0.67749625,-0.9101429,1.1676086,0.41683686,-1.0833714,0.90466297,-0.6312258,-0.2368395,0.30276895,-0.72237575,1.3185025,0.21692692,-0.38365936,0.28921705,0.4864448,-1.5608016,0.354155,-1.7205384
VCaP,-0.16344978,-0.19059372,-2.133296,1.7066083,1.2827055,0.7801925,3.318609,1.45475,-2.850243,1.2019902,-0.6066541,-1.2520773,1.1036674,-1.0058123,1.3312442,-1.7349298,1.1621133,-1.0716698,1.2657478,1.3635949,-0.73668754,-2.3646219,-0.33367735,0.35035956,1.0795145,-0.46962374,0.94148946,2.196549,-1.7335724,-0.7965633,-1.9024156,-0.52668893,0.007449072,-1.6513342,-1.2859877,-0.3019992,0.8189187,-1.2633654,0.5372284,-2.445625,-1.0658811,-0.8501791,-0.2817029,-0.36556754,-0.06832588,0.9870401,0.3231304,-1.884066,0.5167485,-0.46037978,1.4861135,-0.22252281,0.87556463,2.0577207,-1.803934,1.0767679,2.337113,-0.48440838,-1.6740178,-0.9332201,-1.3081837,-1.3519485,-0.9652664,-0.1254898,-1.9843179,0.038676076,0.19945928
Hs 294T,0.9435979,0.38586086,1.7087129,0.20744333,0.5435307,-0.47854072,0.4896572,-1.650962,0.094594665,-0.6944294,0.6334667,1.3278422,0.8524118,0.59272605,-0.5959422,-1.8002377,0.17519352,0.90127355,-1.6232282,-0.53383476,1.7792848,-0.19642036,-0.47053087,-0.075157076,0.3173166,-0.687757,-0.9076974,0.21428208,-0.55067354,0.033749282,-1.4301745,0.43768674,-0.039896898,0.32664764,-0.3480298,0.2340127,-0.13576931,0.5707565,0.6376505,0.41858757,-1.38441,-0.86287457,-1.0204326,0.41966513,-2.0783641,-0.39950946,0.41499263,1.6654538,-0.63455355,-0.5901697,-0.5844515,-0.028540283,1.0763499,-0.74036396,1.0406022,0.52934766,-0.03269022,-0.5262612,0.03224203,-0.33921987,1.3696506,-0.21995182,-0.023149207,2.7526162,-1.3842484,-1.3241526,1.3501445
NB1,-0.12376779,0.88003016,-2.513744,-0.5195644,3.1922297,0.15274876,0.18383808,0.6970792,0.28194672,-0.16041394,0.36701748,0.74583286,-0.19658998,-0.6470036,0.11518255,-0.4587338,-0.99416757,-0.7187574,1.083852,0.94487405,-0.32472557,-1.11983,-0.18114579,1.7180762,-0.6559661,0.34639323,1.8759992,0.6612303,0.6752284,0.2788116,-1.1207955,-2.1135464,1.3432282,0.94622076,0.602973,-0.6995809,-0.2775839,-1.6951362,0.37296346,0.04030037,1.6572083,0.32596144,0.53125,-0.7839469,1.1321865,-1.0416214,-0.049785424,-0.25982255,1.8367523,-0.54721856,0.22445324,-1.6958766,1.4593267,0.41097683,-1.7445306,1.0060562,-0.7905867,0.2537874,0.17701834,-0.7324504,-1.7350005,0.31168622,-1.4024819,-3.0998065,-1.1634086,1.3578582,-0.5398289
U2OS,0.404105,-0.039505478,0.648882,0.38868728,-1.9210061,0.016805202,-0.6423606,-0.9031568,0.54214495,-0.07186888,-1.1984298,0.038695775,-0.89752936,1.2612308,-0.6867053,0.16944842,-1.1127993,0.14950304,-0.66604984,-0.25122645,-0.2969427,0.13887039,0.29316813,-2.2558644,-0.8714415,0.5020383,-0.4328664,-0.41216832,0.415407,-0.474466,1.687638,0.9951677,0.24685606,-0.58348185,0.2400507,-0.22737934,0.81767356,-0.45413437,-0.68024737,-0.5383134,-0.29416966,0.12137043,0.05737099,0.23912807,-0.13266672,0.4762355,-0.7125719,0.06743778,0.50522894,1.0797163,1.164833,0.6711698,-1.2189304,0.2885471,1.1016212,-1.1699547,-0.0005341396,0.39602035,-0.56355953,-0.08406639,-0.48523614,-0.69481236,0.4182716,-0.24710603,0.96114415,0.34293926,0.8389047
GA-10,0.024656743,0.5674558,0.12553394,-0.26202688,-1.3664373,0.16208085,-0.97004724,-1.5320306,-0.09078238,0.5390794,-1.168941,-0.13441299,-0.5200963,0.5639245,-0.13586135,0.71842784,-1.0995432,0.030894568,-0.7389695,-0.22902656,-0.3972808,0.0782378,0.24693398,-1.4169719,-0.42897666,0.39345935,-0.46323743,-0.78848267,0.2052722,-0.70066535,1.4533683,1.5313029,0.10178224,-0.06131141,-0.52430665,0.103828624,0.7769794,-1.3867896,-0.27658468,0.6946947,0.20484664,0.13204205,1.0644217,-0.08931358,0.5254096,-1.0115603,-0.5742579,-0.58179015,0.19479911,0.1634268,0.27971914,0.33037597,-0.95505846,0.6392339,1.2722538,-0.620471,0.55379224,1.1627219,-0.44433904,-0.23781887,-1.1096711,-1.1735389,-0.28438964,-0.90103835,-0.4062876,0.027061269,0.28615224
YD-10B,-1.0813965,-0.16296828,-0.49831164,-0.14596637,1.3646556,0.5256088,0.8343118,0.8101241,-0.08929382,-0.45004088,-0.041672215,-1.6966451,0.39497125,-1.1417011,0.7592773,-0.18714775,0.31870973,-0.46439806,1.1774907,-0.43278107,-1.3244926,0.13885827,0.44494662,1.305603,0.33188605,0.9178671,1.4172584,0.40906006,0.5950533,1.5692564,-0.21333854,-1.1241949,0.17431979,-0.3630859,-0.2791419,-0.7837021,1.0773536,-0.5334147,-0.32148308,-0.48293185,-0.2476462,-0.45635203,0.0615125,1.401235,0.01153948,0.85126334,0.4999804,-0.28124782,0.19085981,0.7614606,-0.6249314,-0.0067559457,0.9684403,0.38291496,-0.6586764,-0.2781123,-0.6856247,0.16777758,-0.03628912,0.14044535,-0.99062353,0.26389298,0.22065267,-0.8639434,-1.2791886,0.42176604,-1.7611346
SW1353,-0.24080521,1.5702132,-1.5434939,0.32331675,2.1720614,0.82436866,0.09007656,-0.04813434,-0.15504575,0.7432222,-0.80101156,0.36042166,-0.4982736,-0.32794666,1.4779559,-0.25651026,-0.35972875,0.030789688,-0.084938146,-0.56003106,-0.72598356,-1.5037112,0.4875209,0.822565,0.06679123,0.20021081,2.1753116,-0.28907531,-0.8933651,0.41366035,-0.72784185,-0.287633,-0.087724194,-1.1443952,-0.3089421,-0.4176372,0.58662385,-2.5595427,-0.09013823,0.33848864,1.3766975,0.075378895,0.50388503,-0.37587357,0.90688014,0.19836022,0.8596755,-0.63576573,0.5333506,0.025117356,-0.4495953,-0.45141953,0.87260646,0.4730343,-0.32666352,-0.7359282,0.6478994,0.99170923,-0.09633898,-1.0528134,-1.3781623,-0.49016762,-0.30858836,-1.488779,-1.8906709,0.8165468,-1.261294
HCC15,0.61675113,0.74289775,0.7923105,0.2371391,-0.5780274,0.19661954,0.066487014,-2.2761881,-0.17400907,0.66690403,-0.8190861,0.95924294,-0.30231696,1.0289462,-0.29692164,-0.59218436,-0.8421782,0.90166634,-0.95139825,-0.3269134,0.33090413,0.1990998,0.4377534,-1.6514671,0.5562246,-0.35274413,-0.5859679,-1.4310074,0.05849284,-0.11689088,0.5560526,1.347734,-0.3077838,-0.3491782,0.9886282,0.04073277,0.62284195,-0.35812226,0.4264762,0.5014686,0.21981075,1.3519782,0.40638348,-0.76156527,0.08397162,-0.059249997,0.95789206,-0.13444301,-0.48042434,0.35749808,-0.11153122,0.26872423,-0.78771824,-1.0863113,0.9906822,-0.70764256,1.2780582,0.72094476,-0.48495993,-0.77487487,-0.4645196,-0.84375346,0.09852256,0.7465997,-0.20222259,-0.512536,0.7555779
HPAC,-0.56457746,0.18280888,-0.52879316,0.3956506,-0.08435741,-0.18165714,-0.61542046,1.1430411,0.113125935,0.32816228,-0.088082165,-0.49667168,0.5644617,0.18651237,1.441346,0.4390337,-0.70928705,-0.3358832,0.12824325,-0.59499615,-0.07247814,-1.070446,-0.2186185,-0.27825814,0.20521964,-0.56905013,1.437655,0.93309003,-0.6770988,-0.35928854,-0.6256465,-0.22486167,-0.48141533,-0.6909102,-1.5783054,-0.8280768,-0.31924015,-0.88436604,-1.0186585,0.15732138,-0.51454794,-0.9939482,-0.38619456,-0.33814636,0.10880256,1.4354218,-0.3695257,-0.45066714,0.2422213,-0.13892063,-0.5416121,0.6152274,0.7526644,2.1570985,-0.19591556,-0.53319454,0.57252675,0.6230019,-0.23277368,0.60719806,0.9565035,-0.32162738,0.01532786,-1.3153576,-0.34420276,0.71145624,-0.39861053
TGBC11TKB,0.93565154,0.30109665,0.7268371,0.63009727,-1.4922209,-0.014062267,0.17528945,-1.6056418,0.41415283,-0.08741584,-0.99831873,0.2908773,-0.6475811,0.6634488,-0.63055664,-0.3470784,0.041591644,0.5024814,-0.72286886,-0.20775679,0.2004013,-0.07790359,0.24772587,-2.014752,-0.4337439,-0.069522545,-0.72634196,-0.92924786,0.5900266,-0.5594968,1.2323633,1.063891,0.13652833,-0.4794643,0.3750084,0.5075108,1.0741405,0.52713585,-0.09059866,-0.69064534,-0.3728056,0.25565135,-0.025728637,0.19202438,-0.09312226,0.20009373,0.14716376,0.01859897,-0.32955316,-0.30256364,0.9773805,0.46683636,-0.8766646,-0.19919187,1.1253409,-1.2027856,0.4193905,0.38097143,-1.0056369,-0.68359405,-0.7320953,-0.857109,0.3186215,0.16328055,0.28045374,-0.15446654,1.3100057
CCK-81,-0.23939964,-0.22608334,-3.402035,-1.2817868,3.8158383,-0.16757374,0.35042423,-0.47654885,0.5589608,0.67267096,2.5824134,1.1064159,0.1467786,0.112019256,1.0140308,1.4509037,-0.4834512,-0.3356762,1.9217156,-1.8895607,0.2761945,0.45179206,1.3262419,1.203311,-0.34340736,-3.0334969,1.6587741,0.017528355,1.0262579,2.20811,-0.9476542,-1.42071,0.023529276,0.9308183,-1.8830273,0.4933263,-0.8002698,-0.6284444,0.36361018,1.4675313,0.37377262,0.70887053,-0.6493274,-0.0982505,0.49174932,-1.0378143,2.9574518,-1.106655,-0.38901728,-1.1131384,-2.9761822,-0.76139456,0.2427724,0.026803141,-1.4181948,0.60068274,-0.12570548,1.8695242,1.8224066,0.17935205,2.098191,1.1924355,2.3453817,0.5634616,-0.55976385,-0.25909194,-1.6835427
COLO 792,1.6930275,0.5549361,0.77630895,-0.09191817,-0.80351716,0.19715913,-0.48931733,-2.184211,-0.30287454,0.6332806,-0.5678086,1.0146786,0.14575592,1.01077,-0.2812896,-0.90052706,-0.34954527,0.9565629,-1.3553497,-0.23006856,0.40451333,0.23648033,0.16317311,-0.8266052,-0.012430266,-0.32987365,-0.6861147,-0.4684978,-0.3399482,-0.3584004,0.06818769,1.6168147,-0.67727804,-0.11538938,1.0785877,0.46040437,0.11209509,0.23517801,0.501008,0.7808434,0.33064926,0.5854403,0.3961787,-0.55352354,-0.020011097,-0.4345407,0.5868594,-0.0038993359,-0.7852634,-0.44353443,-0.3332153,-0.011382528,-0.51530534,-1.3110591,1.2192556,-0.025695384,0.91688967,0.6253754,-0.29081193,-0.6547018,-0.14427012,-0.7469828,-0.10399978,1.5073675,0.08325373,-0.8418411,0.8136551
OAW28,2.4417922,1.8340279,-6.9038353,-5.194091,2.9598227,-2.8012946,-2.865655,1.5768906,0.48629403,0.5817197,2.4151318,-0.76261294,3.0701683,-6.2480946,4.556002,-0.34937465,-0.44327402,-4.5163865,0.08925578,-0.24948351,-3.7012143,-1.380381,-2.0649135,-3.7501976,0.991354,0.8148391,2.1077542,8.280984,2.9802182,2.0594776,-2.0630572,-4.0231113,0.29514268,-1.0866811,-1.9426296,-2.153217,-4.054229,-6.1165476,-0.35970178,0.9344071,2.7830198,-1.8846588,-1.7393813,-4.5464735,4.2860894,-0.3801192,-1.5736754,-2.5165067,5.2108684,-1.1384712,1.2660307,-2.4927576,2.1491418,3.571553,0.6452784,8.040063,-2.409969,2.0515776,1.24034,-1.4641004,3.5375628,1.5318384,1.775506,-3.749791,0.77516395,3.4670823,1.349898
Hs 852.T,-1.0848975,0.101208344,-0.13246039,-1.087179,-0.32868534,0.13090529,-1.6518137,-2.110421,-0.83439785,-0.5814946,-0.16149609,-0.5514626,-1.6042826,-0.56921923,0.8802115,2.0666745,0.37073314,-0.47588944,-0.47649384,-1.4342908,-0.36663377,0.5659324,0.7595626,-0.9072888,1.4255555,1.0314895,-1.5206869,-1.301174,1.5266639,2.2980618,1.6061394,1.656463,1.4653884,1.4510239,-1.6549549,0.42233127,0.807013,-0.2833795,0.103766054,1.0325227,1.7271839,-0.1396096,1.8607084,0.29765978,-0.20466751,-2.4024398,-0.4827175,-0.5989983,-1.3361554,0.7297566,-1.8283074,0.45315495,-0.5233206,0.0029151589,1.8770461,-1.3388747,-0.17820174,1.676731,2.0286958,0.5931132,0.13341182,1.3300083,0.38282448,2.3095508,-1.2278771,-3.2307436,-1.4147091
KYSE-70,-1.7051938,0.47965342,0.7626715,0.24592528,-0.8286632,0.6498003,-0.90992916,-0.39288473,-0.2815931,0.20351107,-0.6157498,-0.9321476,0.007888062,-0.029170202,0.8757379,0.506467,0.5710202,0.13459055,-0.85675454,-0.4521793,-0.72355884,0.30839038,0.9475855,0.3720108,0.4087425,1.4455316,-0.048983373,-1.4927489,-0.76201653,0.23324922,0.5142206,0.4563469,-1.2645328,-1.1096303,-1.2611076,-0.7232679,0.29598883,-0.6029347,-0.9719746,0.42683798,-0.5119416,0.38307592,0.50832766,0.3339072,0.33430848,0.5681333,-0.22650985,-0.2202645,-0.9994322,0.8148977,-1.1024762,0.83435297,0.038923815,0.28962898,0.937159,-0.89419925,0.502626,-0.014002482,-0.1990334,0.9911783,-0.28692317,-0.07063457,0.100169405,1.083302,-0.336198,-0.47657448,-1.7634685
IST-Mes1,-0.085697316,-0.5372148,2.9737787,-1.8003147,-1.8565089,0.3084121,-1.4323298,0.13874358,0.8056907,-2.5268528,0.7071245,-0.37788165,-0.6110273,-0.63365823,0.37293392,1.4206133,0.886335,0.3308199,0.054170407,-1.0100546,-1.1917045,1.2870821,-0.24129272,1.0967183,3.3139355,2.0341446,-0.80529207,-1.2377872,0.13144085,2.3653653,0.6017409,1.9408046,1.0624799,0.90764076,0.8577268,-1.0891564,-0.20130284,0.8527084,0.5396304,-0.5129404,-0.93734545,-1.7171319,1.0450215,1.005417,-1.4814719,-0.19660135,-1.504096,3.7572033,-0.19588958,0.32459193,-1.2452832,1.5624452,0.32054126,0.86376727,1.7161034,-0.4368023,-1.8706347,-0.5238355,1.0179427,0.5511279,0.50471073,1.4095622,0.010573268,0.22077692,-0.5872614,-1.6818408,-2.9164553
Hs 821.T,1.4762702,-0.47948846,1.73385,-0.16846903,-1.4127266,1.2867544,0.26836708,-3.4726424,-0.18911867,0.55290675,-1.3307335,0.25955686,1.8286128,1.5446314,-2.0257244,-2.659986,0.63671,1.3318709,-1.1337019,-0.6355496,-0.6879328,-1.3595088,-0.1547637,-0.018552572,0.8442965,-0.7492128,-1.0704286,-1.1570538,-0.9202567,-0.65728337,-1.1566106,2.0293596,-1.6629949,-0.8079567,2.650725,0.25925663,0.909693,1.3978944,1.1212095,-0.85586697,-1.8316168,0.026922602,-0.6405788,-0.029236019,-2.1214752,-1.001993,2.6318192,0.7333442,-0.58744854,-0.030490238,-0.015163887,0.35006702,0.05613456,-3.161395,1.9830387,-0.22447938,1.6908907,1.5309564,-1.8366313,-0.9087843,-0.17967243,-2.0273786,-0.58243483,0.8973964,-0.9683295,-0.6216443,0.7798761
NCI-H716,1.3959252,0.4002154,0.8380281,0.2669288,-0.67977214,0.23974648,-0.3798597,-2.6426668,-0.21088283,0.19362679,-0.8526167,0.53790563,0.18591052,0.96219486,-0.68656904,-1.186227,-0.37977836,0.77236474,-1.1434563,0.15252021,0.12970519,-0.056847915,0.36489967,-1.2253653,-0.40906793,-0.15597413,-0.59655464,-1.0257658,-0.075947285,-0.7959252,0.3831941,1.092941,-0.22759478,-0.25805062,0.98326933,0.002744794,0.8461992,0.029793859,0.37164128,0.4309445,-0.1448001,0.32836148,0.29354444,0.16178301,-0.26911026,-0.6190652,0.49883267,0.12058254,-0.08098967,-0.6648462,0.2602212,-0.19113758,-0.55551463,-1.1679047,1.4119956,-0.25542212,0.7184117,0.46868658,-1.0238266,-0.7054681,-0.8867278,-0.6246069,-0.61076194,0.6766665,-0.25885254,-0.7271028,1.1526318
FTC-133,-0.42253065,-0.15679961,-3.3148344,0.43777132,3.3760736,0.5863481,0.97311944,2.5774698,-1.1608326,0.5725908,0.40910524,0.3997268,0.43680754,-0.9368367,1.1002258,-0.92422795,0.70344555,-1.70567,2.3695505,1.6691043,-1.2517676,-0.7393359,-0.21119177,1.3008825,0.9636166,-0.11019118,1.222748,2.3216348,-0.012330018,0.29593527,-2.0008314,-1.7578204,0.69646484,0.1361739,0.66840017,-0.14152297,-0.713664,-1.1572626,1.8605872,-1.1650435,0.9786865,-0.21471657,0.22976446,-0.58156407,0.6556841,0.09015001,0.2423388,-1.5542775,2.552624,-0.80169994,1.1148007,-1.5379819,1.7502716,1.5667679,-2.5926511,1.7803562,-0.90588176,-0.36092204,-0.19097506,-0.919551,-1.0955437,0.67389864,-2.135971,-2.3865166,-0.012149914,0.7583664,-0.8475629
Hs 604.T,0.48773256,-0.003480412,0.97345245,0.40905356,-1.4110279,-0.1223082,-0.06659734,-1.542724,0.29033357,0.026727071,-1.0005871,-0.009228386,-0.5652415,0.9915317,-0.3771249,-0.058542967,-0.8193593,0.30992743,-0.93196666,-0.078752935,-0.15278032,-0.24010634,0.47495487,-1.9154122,-0.87244946,0.51396096,0.047132008,0.08005354,0.75192916,-0.8315609,1.1427506,0.29612368,0.028045088,-0.7190009,0.32355955,-0.14456536,0.86720824,0.92691606,-0.5138578,0.09684355,-0.18903342,0.15052904,0.32354024,0.55803895,0.0023932457,-0.33089224,-0.4771698,0.107840374,-0.38591427,0.3399317,0.7792498,0.091328084,-1.0620459,-0.44515797,1.2053472,-0.7356746,0.47388685,0.44799733,-0.9010531,-0.30683255,-0.5422575,-0.5812475,0.2861246,-0.08764793,0.33190626,-0.050596207,0.901487
Pfeiffer,0.14381686,1.2962548,-3.7163453,-1.4043331,3.9505706,2.0092614,-2.3546016,-0.24852243,-1.389502,0.95210695,0.44465274,3.884208,-0.9108163,1.7926648,2.0300505,-0.17942019,-1.4886909,1.1058676,2.788746,0.7311526,-1.298293,-0.20045091,-0.034094676,1.9461614,2.3215303,-1.7979137,1.2243716,-1.0664234,0.6922279,2.1059709,-0.006559789,3.0050752,2.2068408,1.834458,1.0064534,-0.88770497,-0.12639658,-4.2683587,3.2439818,0.58433104,2.0363498,0.27693236,1.5908473,-2.6175523,1.7015979,-2.0996654,1.4777296,-1.6102788,3.8355324,-3.0964873,-3.0290306,-0.33326516,3.3412256,4.1110954,-1.8786519,0.2400937,-0.34136134,3.1703668,2.2228549,-1.1241314,-2.7145698,-0.08795793,-3.841721,-4.568558,-1.6143918,-0.825485,-2.9156973
SW1573,-1.0921413,-0.59338146,-1.9495835,0.77006274,2.1735728,0.24499473,0.9772651,1.3526524,-0.68193394,0.4925787,1.6053704,0.3555083,0.16698061,0.503575,-0.23139986,-0.10727875,0.5283933,-0.7262257,1.9728369,1.0312848,-0.021137133,-0.56028086,0.67899674,2.7311716,0.41793346,-1.0452119,-0.4007023,0.37116957,-0.86503404,0.4852536,-1.9544892,-1.317447,-0.017378531,0.54237777,-0.35047406,0.7368489,-1.0904408,-1.4221741,1.0559443,-0.24322349,-0.53487414,-0.3501331,-0.21156454,-0.4360872,-0.4043852,-0.99268466,-0.013203122,-0.4396021,0.4430503,-1.2622979,-0.691573,-0.3144926,0.9495458,1.1669327,-2.4040468,1.2285212,-0.75535285,-1.0948192,-0.6125297,0.30099797,-0.07777819,0.5909766,-2.1474907,-0.37929177,-0.29838124,-0.012494743,-0.9882509
AML-193,0.8599479,0.37311772,0.21574447,0.8537165,-0.9483849,0.26535532,-1.0294191,-1.0123948,0.20480914,0.7010257,-1.4342072,0.5619614,-0.8040045,1.8832844,0.7554818,0.027153526,-0.22941613,0.5141689,-0.8754787,-0.82977086,-0.7100894,-0.32541376,0.7494268,-1.4413502,-0.25093067,0.34039223,0.74750996,-0.7168441,-0.20020631,-0.17976815,0.32740328,0.71195394,-0.5090038,-0.9302076,0.20181885,-0.2867781,1.0243995,-0.5897912,0.35251126,0.123442024,0.30837327,0.7088911,0.6759583,-0.10432149,-0.40157843,0.44988388,0.12706983,0.10598872,0.21142316,-0.34056497,0.062451754,0.37409687,-0.91271645,0.120656446,1.2949317,-1.5322338,0.90324557,0.6292353,-0.9419715,-0.35435882,-0.5722454,-0.30820048,-0.30990458,0.16646051,0.30303454,-0.16571535,-0.44335973
LUDLU-1,-1.4961662,-2.1122074,-2.5781543,-0.8415849,0.64933777,0.3267105,1.8418806,2.5162802,-1.0916439,1.2983276,0.76336473,-1.4176142,1.9463422,0.19714662,0.032233957,-0.054413375,-0.22393994,-1.716915,2.8872986,0.30219305,-0.78411067,-0.5665209,-0.65488654,1.5938014,0.022121843,-1.869047,0.12072466,2.9082766,-0.28350672,-1.0578773,-1.6130642,-0.7133851,-0.7012244,-0.032750987,-2.2825487,-0.30650425,-0.1574397,-1.2870789,0.18892896,0.20435998,-2.758196,-1.3307958,-1.7447277,1.129681,-0.88079923,-0.6221251,0.3672915,-1.6779333,0.48474172,-0.034172952,-0.085343026,-0.117813334,0.037073657,2.451244,-1.7543836,2.5682006,-0.098967984,0.18717322,-1.0892552,1.2774779,1.7903689,0.22429954,-1.1900418,-0.8146113,-0.28802413,1.1240665,-1.0657295
TUHR4TKB,0.48163682,0.25311163,0.2783662,0.4472633,-1.4833488,-0.18295543,0.06466609,-1.1927495,0.21017404,0.17550676,-1.1378027,0.057648458,-1.1152289,1.1260443,0.17553699,0.49493536,-0.71794885,0.35810253,-0.7500104,-0.57873356,-0.026305478,0.47409323,0.58989716,-2.122534,-1.0540011,0.43263748,0.22230916,-0.47533408,0.50182056,-0.3942916,1.43378,0.5612669,-0.050015975,-0.7356222,-0.46692783,-0.07773018,0.9056887,-0.3835582,-0.31955868,0.084997706,0.19793676,0.05235669,0.37123263,-0.07625549,0.50125575,0.45263168,-0.02244813,-0.2633891,-0.13889545,0.19916031,0.4435153,0.142728,-1.2267714,0.07769069,1.008678,-1.366653,-0.011538029,0.5378195,-0.53299785,0.010991823,-0.5232641,-0.63653076,0.80002517,0.067846656,0.061516657,-0.14460258,0.49109888
SLR20,1.6365832,0.6499409,-0.8876107,-2.7853172,2.1485918,-0.41625056,-0.9261067,0.9764347,0.6940682,-0.23372728,0.12362296,-0.4310726,0.9988299,-1.1107845,0.9439577,-2.5150347,-0.55505615,0.5875195,0.36614016,0.27252656,-0.13656127,-0.13561091,-0.993845,0.97210056,-1.3070879,0.45910725,2.583453,1.4229198,0.8098225,1.0589578,-0.30962163,-1.4436173,-0.37564012,0.558031,2.8791711,-2.6358292,0.7641346,0.84713805,0.64408696,1.0181777,1.3624558,0.16368482,-0.9733667,-0.1715887,1.7091408,1.776128,0.05786147,-0.5696907,2.0137691,1.1272347,-0.59071165,-0.23243746,2.8851948,-1.1168953,0.50517637,1.481924,0.34035048,-0.65015733,2.0635288,1.0550796,-0.059937656,0.2096137,-1.5082171,-1.5758475,0.26204976,3.0145698,-0.10610735
UM-UC-3,0.6274404,-1.0127703,-1.0322407,-0.43554366,2.247594,1.5507287,-0.05192081,1.928492,-0.42425996,-0.40597045,-0.85947806,-1.2236499,0.3152356,-1.0286093,0.36773926,-3.7037122,1.8341572,0.3392559,1.911668,1.6492933,-2.226676,-0.030077398,-0.26966217,4.001535,-0.14580137,1.0765042,1.103116,0.69548625,0.9954231,2.037494,-0.43958598,-0.619895,0.38231045,1.5291808,5.3425336,-2.3942437,2.5403032,3.0030806,3.0990198,-1.8690119,0.3786252,0.60080075,0.32460856,2.451536,0.7960226,1.0990562,0.33111256,-0.11351341,2.4718516,0.341157,-0.3486585,-1.084129,3.4803588,-0.501568,-0.6757125,-0.121201135,1.4086574,-2.0281415,1.3685379,0.38617098,-1.8878436,2.7250218,-4.0335093,-2.3395245,0.66104376,0.87206036,-3.0990453
NCI-H2172,-3.402169,-2.689694,-6.680171,-2.7068303,3.3539739,0.40214324,-2.4211934,2.8907785,0.95012736,0.055704635,2.1781087,-1.8417758,4.7496023,-1.8732665,-0.5597263,-1.1367449,0.7472902,-2.459273,3.674109,2.8947625,-1.760818,1.2420844,-0.64210916,1.257512,-2.778479,-2.0300145,2.6008627,2.2526762,4.563323,1.1869792,-0.5023976,-2.5083387,-1.4002521,2.7429645,1.8957185,-2.7588286,-2.3020425,0.90529263,-0.258349,1.2691422,0.9902783,1.3620138,-3.7971864,-1.3665273,3.7922933,1.1960471,3.679074,-5.739347,2.17153,1.5329112,-2.7536523,-1.6464032,1.1416045,-1.9534087,-4.499432,3.9745884,-3.4346223,3.8670845,3.0395968,1.2291257,2.4810936,2.3511426,1.4312284,-4.574776,1.3543367,2.8537889,-0.28363603
EoL-1,-0.8096422,0.8842717,-0.22878374,2.0347211,-0.14828187,0.2036974,0.9329065,2.1037142,-0.35326034,1.1662074,0.6374853,-0.7728223,-1.3462404,-0.9746922,1.5346663,2.612972,0.6393762,-1.940095,-0.9107104,-1.201732,-1.1383184,-0.7705045,1.468995,0.20897211,2.0467482,1.2091254,-0.49251068,-0.88147634,-2.4611988,-0.1950576,-0.6733268,-1.2510866,-1.0340017,-3.1203752,-1.422709,1.0122116,-1.1312385,-2.2471483,-1.8558073,-0.98729944,0.8839956,-0.7351832,0.89489764,-1.4851356,-0.43004856,-0.30089444,0.002705574,0.040870145,0.4013261,1.0465653,1.1271698,0.6534162,-0.6688941,1.6813959,-1.1708272,-1.7575829,1.0277451,-0.39518148,-1.0214175,-1.4664133,-0.05133993,-0.70094836,1.0422366,0.22098702,0.12096214,-0.72525847,-1.4367061
JVM-3,0.4711666,0.36920005,0.2506081,0.57077837,-1.576806,-0.30248615,-0.07876718,-1.1447226,0.26704943,0.11739634,-1.0764061,-0.024461806,-0.8389898,0.57033163,0.3314466,0.28541577,-0.041765094,0.03317851,-0.58395416,-0.60491145,-0.11299795,-0.03658483,0.50685817,-2.148495,-1.005736,0.43924958,0.079564065,-0.72231793,0.6894656,-0.46193394,1.5081835,0.7351635,-0.11903108,-0.4889309,-0.41770858,0.11299186,1.1788034,-0.09535281,-0.43505162,-0.17813069,0.19670525,0.78250283,0.33533177,0.0142925065,0.5049634,0.44529447,-0.5476074,-0.52409816,0.17155023,0.11968987,0.66614616,0.6807727,-1.1195898,0.19675946,1.1154878,-1.4253768,0.42221984,0.32503134,-0.4838399,-0.052103072,-0.43165848,-0.6166127,0.50216174,0.61770403,0.10653366,0.110812604,0.74507105
LOU-NH91,0.9852096,1.042785,-0.22164996,0.18028544,-0.8056559,-0.19500971,0.015632823,-2.0550733,0.082909755,0.7718335,-0.73114914,0.4907433,-0.8933892,0.856599,0.26036277,0.22764258,-0.3607015,0.48049352,-0.8537425,-0.6426358,0.33969152,0.17659573,0.8695999,-1.8477826,-0.100566566,-0.05924567,0.090305835,-1.6475942,0.35870942,-0.4188764,1.227169,0.60462403,-0.36212826,-0.54233885,0.31402197,0.33474424,1.029097,0.5691679,-0.32943332,0.6049241,0.8764606,1.4009641,0.71362114,-0.53726643,0.359226,0.138599,0.90959,-0.5943337,-0.39260316,-0.140473,-0.24013421,0.17777902,-1.2827613,-1.17908,0.64902395,-1.0352154,0.37363976,0.85327554,-0.1560958,-0.2439284,-0.6224611,-0.733416,1.0633605,0.8819771,-0.37248042,-0.14377072,0.5387284
NCI-H1793,-1.9514432,-0.60986483,-1.752336,0.5999802,2.4993894,0.44376415,0.28546715,0.42596364,0.67941874,-0.16801396,1.3339374,-1.4570183,1.8064603,-0.2797489,-0.3951041,-0.31280652,0.39205703,-0.83574265,2.4038563,0.7997518,-0.21860546,0.86372834,0.58391577,1.5930159,-1.362349,-0.51393205,0.96150225,-0.5544821,1.2280302,0.751538,-1.5022917,-2.1544344,-1.3955429,1.1018908,-0.17935547,0.08952086,-0.7332912,0.96718276,-0.18241875,1.281627,-0.5785913,0.342268,-1.5207057,-0.24207778,0.7807466,0.66423,1.5910072,-2.2204826,0.6151856,-0.6796986,-2.2095468,-0.26499552,1.4087268,-1.1616055,-2.8636403,1.0059828,-1.420358,0.6157455,0.1849428,0.77054113,0.14585629,0.8309467,0.15228842,-0.63395536,-0.92193484,0.7193729,-0.73046315
OVSAHO,-0.61176515,3.1792142,-0.18109299,-0.7274011,3.6214428,-1.0620015,2.3793702,3.526762,-1.0925179,0.55822444,1.8758045,1.5931393,-0.5919661,-3.2904537,-1.3368747,-1.3156308,-1.3641276,-0.054172337,0.23999281,3.9690373,2.7633674,-0.8297042,-1.9420403,3.0841088,0.17596024,0.5235025,-2.088009,-0.20879123,-2.2767398,-2.3730052,-1.5691484,-2.9788396,0.2655818,0.59618944,1.5633333,1.7155114,-1.9119475,-0.19476052,0.044185694,0.93654144,1.9816163,1.0839404,-0.34615713,-2.1572626,1.5598948,-2.4425647,-1.698283,-0.14870158,1.0963279,0.3298354,2.9327672,-1.7074404,1.5732291,-1.6102172,-2.6801887,3.9332247,-0.41340777,-4.111791,-0.4053833,-0.23433658,-1.7517176,-0.7761301,-0.46505934,-0.5526814,-0.7798445,3.7432513,2.4089112
HCC366,-0.09560752,1.8731666,0.27358872,-0.15700883,2.5421684,0.6667623,1.49084,-0.31349784,-2.3764908,0.8376146,0.46881312,-0.09266513,0.30706346,-2.141819,1.4279464,-2.0444343,2.1233747,0.24154577,-0.84739494,0.3374468,0.63625395,0.23413496,0.066936634,1.8922812,1.4637756,0.9383636,-0.8066809,-1.7263534,-2.037398,0.83832633,0.020318892,-0.37776375,-0.6166307,-0.93238705,0.95727104,-0.05912178,-0.0806132,1.0695678,0.40668252,-0.9061042,1.3402119,0.8389168,0.15077102,-1.0612693,0.551978,0.04445041,0.8818563,-1.9738159,-0.7392665,1.6444544,-0.49339867,0.6489576,1.7460663,-1.8717918,-0.42590222,-0.12128687,2.7524347,-1.5258007,1.9402869,-0.874923,-1.1959633,-0.9632901,-1.0316045,3.194801,-1.4140745,-0.8569724,0.32012594
S-117,0.31098944,0.14084569,0.070895284,0.4677355,-1.5589243,-0.031726517,-0.20373684,-1.4855562,0.21741706,0.3755299,-1.1106861,0.08849855,-0.7730323,1.1187963,-0.009197533,0.31513214,-1.0147098,0.1507745,-0.83517253,-0.20835611,-0.22928324,-0.339926,0.5885802,-2.0852976,-0.928601,0.40206292,0.061494827,-0.50076777,0.7530029,-0.4285962,1.4107739,0.49757725,-0.0868937,-1.0239719,-0.2961771,-0.16806878,0.82910067,-0.09874354,-0.41559488,-0.017141797,0.19040003,0.44427186,0.35678238,-0.012603359,0.65347266,-0.1385018,-0.17178881,-0.29272893,-0.28335232,-0.023201227,0.60414785,0.12136729,-1.2760451,-0.23016405,1.114785,-1.3749683,0.9348921,0.68778783,-0.7999651,-0.13221806,-0.76929265,-0.44756243,0.51382667,0.17458132,0.062421367,-0.018211816,0.6126346
IA-LM,0.49750993,0.91655815,0.579502,-0.046666402,-0.1577644,0.24715371,-0.6273051,-1.2070848,-0.22106588,0.76469445,-0.4502285,-0.4757896,-0.4443397,0.37756443,0.65947694,-0.33931735,0.2931641,1.1677806,-0.49215934,-0.2975175,0.55466974,0.33803582,0.3121095,-0.08492941,-0.7547469,-0.05230449,1.3244084,-1.9120326,-0.3984524,-0.08022039,1.1433126,0.27012387,-0.7743889,-0.47689152,0.7747474,-0.5101677,1.3598999,0.75912905,-0.42955673,0.6307029,1.155889,1.4147784,0.72968435,-0.26335603,0.54230535,1.0228561,0.8041324,-0.7950566,-0.9964215,0.6484144,-0.71512765,-0.02550491,-0.40991315,-1.7247536,0.32559022,-1.7122585,1.7996851,-0.08683533,0.46628267,0.28286952,-0.7865046,-0.5862715,0.17664066,0.61814845,-0.19493225,0.34255582,0.035726644
HCC2218,0.8088317,-0.35053095,-9.0699005,-6.219568,3.1766293,0.23829001,0.25023544,2.6854115,-2.625,5.232573,-0.30073977,2.5236392,-1.8487468,0.36683446,5.833252,-1.9263088,-2.179674,0.05793065,1.9617618,-0.03504779,-1.988494,0.37672237,0.057305783,3.91472,0.13716434,-1.1882496,2.155535,2.33827,-0.7347435,3.271088,0.3982623,-1.263006,0.29912984,-0.05111994,-0.6759439,-5.3731637,3.4234424,-6.246875,2.4975734,2.9583628,1.0109359,1.4185551,2.1942153,0.60481286,5.283653,-1.6822834,0.027466998,-2.257688,3.3353143,-2.810485,-1.7598232,-1.6554554,1.6220477,7.3200045,0.9989457,4.26987,2.8750503,-1.3827451,1.485512,3.1132314,0.5738948,1.3775845,-1.4503275,-4.4432626,1.1336901,4.3932605,-6.6215644
LS411N,1.4129074,-2.3352125,-6.3378844,-2.0118155,6.0873556,0.24094474,2.70799,7.3488445,-3.2143989,1.107384,5.0999913,2.2512398,1.2164999,-3.8193166,3.503613,-2.8682232,4.536605,-1.2648363,3.9197152,3.70728,-0.5083563,2.6783557,-1.9740897,2.9662087,3.5427942,-2.1529171,-0.98848855,5.3253503,1.2116109,4.853634,0.19666016,-2.1152143,2.398718,3.5486166,1.5888567,-2.4225173,-2.992383,1.670849,4.936495,-3.482471,1.1700311,-0.8230659,-1.0154884,-1.4834425,4.02427,2.4345512,0.4268785,-3.7017436,4.225481,-3.5525417,-0.7876703,-1.4312097,4.298431,5.5374827,-5.8387346,5.381044,-2.4903927,-4.7649355,5.1254272,0.91467357,0.77907383,5.970437,-2.738749,0.32590437,4.689832,-0.10986818,-1.1437947
GDM-1,1.412113,0.8720025,0.49890915,0.33266696,-0.5863097,0.071659185,-0.28295836,-2.4264972,-0.027389877,0.82147276,-0.6711382,0.3871604,0.014578976,0.80622995,-0.12782896,-0.7302473,-0.86717474,0.4438822,-1.179769,-0.36432588,0.1432236,-0.36289042,0.6162752,-1.1347946,0.2572511,-0.08795481,-0.16553754,-1.301754,-0.27866125,-0.536135,0.19142412,0.51424956,-0.6824406,-0.42450804,1.0698005,0.44838217,0.4828988,0.3527615,0.31833047,0.18285191,0.34494916,1.0484695,0.37231678,-0.7870033,0.114520244,-0.06610446,0.73542154,-0.12898369,-0.0034802556,-0.67969084,-0.020590806,-0.108720675,-0.7188288,-1.3953851,1.07879,-0.69290066,0.6052226,0.6479235,-0.9311947,-0.9612431,-1.0270784,-0.70037943,-0.30865252,0.9111091,-0.15459059,-0.7238921,0.7474048
SK-MEL-2,0.16948614,-4.0374875,-0.16193472,-2.8032038,0.7070459,-1.509214,1.8207612,4.6216927,1.9840951,-1.6787846,3.6497748,-0.47049275,-0.0020375848,0.44138518,-2.832609,0.6093456,-0.66875213,0.13313913,3.9464014,1.9823005,0.48912403,1.6132313,-1.4896222,6.016059,-1.0047345,-0.855839,-1.0380372,1.6110914,2.2862062,0.5285279,-2.1685545,-2.2597573,0.9725068,4.4583397,1.8683009,0.30946645,0.07002431,1.8941321,1.6861509,1.5651731,-2.5809171,-2.1857193,-1.2794403,2.9115493,-0.59996116,-1.0939536,-2.1866622,4.163315,1.8425751,-2.328494,-0.41128194,-2.4832778,-0.25096765,1.2063128,-2.1138225,4.356994,-3.7428215,-4.7582765,-0.09390352,4.1373577,1.8163965,3.557708,-2.4142745,-1.9789674,3.1817052,1.5638056,-2.9486847
DV-90,0.6804759,0.9129782,0.20687656,0.7969632,-0.9734522,-0.5366239,-0.9385359,-0.35116255,0.48387086,0.18428697,-0.3971247,0.5199853,-1.3881608,0.60301113,0.82069594,1.0648483,-0.4412954,0.07303522,-1.0357794,-0.46545833,0.3150389,0.0070221312,0.64590544,-1.9674948,-0.4013735,0.3228881,0.31435767,-0.43178716,0.26172274,-0.41998217,1.2430255,0.2747659,0.23364733,-0.60933447,-0.78969187,0.12518348,-0.24028377,-0.8855087,-0.8902405,0.25334004,1.1893054,0.49730316,0.9844284,-0.77214664,0.81865275,0.15430364,-0.7311161,-0.24125876,-0.31154782,0.33305854,0.04452887,0.16496733,-1.1246601,0.7122774,0.7123654,-1.3854574,0.330938,0.21763755,0.13112037,-0.53031343,-0.17379126,-0.17480275,0.6776638,-0.06808786,0.6537734,-0.1263988,0.63356316
NCI-H2342,-0.6132755,-0.075557545,-5.9658647,-5.0253787,2.979402,-1.5249435,2.7374563,4.762849,-0.5459544,1.0768244,1.7221191,-0.29543966,0.12736487,-4.150617,3.257001,1.0305336,-0.26585802,-2.2799664,3.2474017,0.23340417,-1.4749585,-0.43326813,-1.6939623,-0.3018767,1.60414,-1.8425417,0.1928944,4.30899,1.5391709,2.9326556,1.3548828,-1.5199819,3.0445726,1.2387749,-2.1455219,-2.0550475,-0.6889777,-4.1263566,-0.6380367,-1.4465945,1.4604093,-1.8158456,-0.06543097,-1.5132767,2.9724405,-1.1091245,-0.6107682,-1.9323096,5.03413,-0.22449541,1.0437593,-0.98435426,1.1589051,5.276837,-1.2394519,4.7832565,-0.64485246,-0.07395731,2.8461978,0.051515177,1.0892667,0.01330474,1.9483582,-4.3652034,0.74550784,2.8181264,-1.4457535
SNU-1197,0.83095205,0.26956612,0.5739058,0.6081282,-1.2253686,0.1199291,0.3313303,-1.6879739,0.40155756,0.10516432,-1.0733876,0.1791059,-0.55876994,0.95507646,-0.77322465,-0.42048344,-0.1686641,0.6641612,-0.8054046,-0.32073563,-0.06872245,-0.04215981,0.2949297,-2.0665345,-0.830278,0.07801107,-0.88087225,-0.6345473,0.33651012,-0.63485503,1.1651499,0.35960907,0.20182116,-0.47585756,0.64058477,0.13997771,1.062297,0.40996915,-0.34027535,-0.5145334,-0.47622657,0.3706745,0.04070006,0.3904512,0.16423568,0.18075997,0.106285006,0.05019854,0.16393788,0.1400376,1.0427835,0.33942732,-0.8831859,-0.24933793,1.316036,-0.9463367,-0.012528345,0.40421256,-1.0464771,-0.50200284,-0.8149245,-0.93085647,0.40379927,-0.00340157,0.39827365,-0.23993815,1.3275853
COLO 679,-0.28718022,1.4412891,0.4313682,-1.3304334,1.6973362,-0.5543472,1.6423879,0.16340606,-0.7501201,0.5464735,1.323674,1.103307,-0.5704679,-1.4837878,0.44625044,0.19817276,-0.86841935,0.6706973,-0.757109,-0.17996521,1.5577427,-0.436657,-0.74149334,2.0746884,1.1903272,0.3959243,-0.88712865,-1.6012026,-1.8904364,0.1261426,-0.58188975,-0.31892282,0.40894344,-0.94348633,-0.76935226,0.15036272,-0.3334817,-0.80379057,-0.7147385,1.0241619,0.6894639,-0.051341265,0.6921506,-0.4644459,-0.16113499,-2.721655,-0.2749617,1.4358785,-0.21043184,-0.5606964,0.28688833,-0.39249206,0.5998077,0.27731407,-0.14025924,1.1971012,0.5718022,-1.6629368,0.34316942,0.044309407,-0.6252572,-1.1925943,0.07287101,0.6846207,-1.9539797,0.12929118,-0.14282247
DMS 114,0.5675741,0.24666634,1.3652542,0.33583575,0.24891926,-0.74750376,0.49994054,-1.6893778,0.19260758,-0.41485813,0.25290614,1.0775537,0.64280003,-0.20625289,-0.32324857,-1.0111167,-0.150186,0.84370846,-1.593508,-0.8204996,1.3350286,-0.67090976,-0.20804182,-0.25781405,-0.17928848,-0.40729624,-0.3952778,0.21527508,-0.12868527,0.16599303,-1.0465037,0.2521527,-0.063813075,0.21141152,-0.78776485,0.014133133,0.3700476,0.10647211,-0.2921881,0.67285275,-1.1906645,-0.6073891,-0.65591836,0.5084912,-1.6683663,-0.112602584,0.5235777,1.5320543,-0.9194111,-0.698615,-0.74166936,-0.29043043,0.5839926,-0.35780412,1.0826924,0.0065160175,0.075515434,-0.22034927,-0.3251926,-0.15856732,1.0142606,-0.051504586,0.36194667,2.4639802,-1.1970774,-1.1636331,0.66514856
U-87MG ATCC,1.1497334,1.4871279,0.6370345,-1.3455815,-0.7369274,-0.6533036,-0.008537775,0.18787612,0.16444713,0.44887263,-1.1352844,-0.004872621,-0.46088678,-0.51569366,0.57070845,-0.37320668,-1.2056143,1.0045092,-0.6069247,-0.7554354,0.25520268,-0.17687982,-0.94678646,-1.2451648,0.10620107,0.74917346,1.2335415,-0.26518536,-0.99585104,-0.5986719,0.7639364,-0.37482727,-0.6475924,-1.3551276,0.9744418,-0.20240703,0.63319904,0.25719178,0.17786774,-0.13370624,-0.26966187,0.14463387,-0.34693265,0.041534778,0.26440215,1.5283376,-0.49493855,0.6451935,-0.26246753,1.4299926,1.0713577,1.0006782,-0.21397553,-1.2599771,1.5291467,0.010620039,1.1100934,-0.6725519,-0.35107723,0.64524823,0.6922343,-1.0511231,1.5196435,0.06134899,0.19138177,2.421073,0.47564468
HCC1599,-0.22692764,-1.6004832,-2.8054142,-1.7503105,2.755423,0.6183953,1.0996783,-1.534812,-0.6804223,1.2976056,1.1099403,0.61329377,2.3243544,1.4313346,-0.64297056,-0.6188536,0.2293759,0.37750572,2.1743739,-0.21575037,0.3741196,-0.7290951,0.3367017,2.8174014,-0.7318828,-3.5758739,1.6281852,0.32195008,0.15415794,0.7745393,-2.834706,-0.29610366,-1.2774627,0.6118487,-0.8023375,-0.3752252,-0.0963656,-0.16316263,1.0937517,1.859738,-1.8724484,-0.61749005,-1.2980772,0.40715322,-0.65521365,-0.9560856,3.3510191,-0.54241794,-1.0588763,-2.2041333,-3.1921287,-0.78592664,0.50329816,-0.8866311,-1.3049943,2.3671298,-0.031221688,1.645949,0.15012747,1.6080223,2.0692773,0.6183521,-0.46356788,0.26260516,-1.3905548,0.01476448,-1.4666678
MHH-ES-1,-2.2812412,0.44570756,2.140665,4.999355,-1.1889293,1.5135891,-1.7131462,-2.279378,0.9477142,0.61869717,-0.6413461,1.5302248,-0.70937407,2.9454005,-2.7314317,0.9485571,1.7389568,0.8754714,0.5621209,1.6185879,0.97150385,1.8941373,0.56409025,-0.037538055,-0.5224937,-0.84784365,-3.6956418,-4.665774,0.22156247,-1.5917686,0.044066608,1.8499726,-1.1209018,2.369442,0.1684547,3.4052858,-1.2613508,0.6192399,0.7824191,0.72536004,0.9310664,2.6873496,0.2293236,-1.6911411,-0.1035711,-1.4345514,1.9111518,-2.3162217,-0.62438464,-1.7285416,-0.9757917,0.66874284,-0.68847525,-1.9609241,-2.760685,-3.194966,-1.6854707,-0.06753716,-0.71389824,-1.755125,-3.2077394,-1.0309609,-2.7467668,2.6398249,0.6106304,-4.444799,2.4267006
OV-90,1.7951329,0.85014886,-1.0188506,-1.0098939,0.8697442,-0.8278946,1.5792799,-0.79140645,0.07238749,2.4527912,-1.1677886,1.1390758,1.040695,0.17397809,0.4698028,-3.192575,-0.76637024,0.9650369,-2.7953923,0.43112138,1.6394757,-0.49089676,-0.6073963,0.10230111,-2.05449,-0.9061834,-1.0443771,1.5859416,-1.7778294,-2.2192478,-1.1867791,-0.84885067,-1.0783617,-1.5189965,-0.08692892,0.09777568,1.0067809,-1.5755901,-0.030456841,1.4836848,-0.5039288,0.6885403,-0.38223755,0.70069396,0.5965673,-0.9461432,0.052119404,0.045217097,-0.77369666,0.051565528,1.4113268,-1.8054967,-0.6295952,-0.90081704,2.1345959,1.8493177,2.6661708,-2.0130754,-1.1122508,-0.34936315,0.90725076,-0.563597,-0.22217494,1.1248672,0.17983654,2.0380902,1.8672348
RERF-LC-Sq1,-2.3285878,-0.415865,0.29006127,2.82182,0.17596,0.867364,-1.6571118,-0.25698972,1.1294277,0.05201811,-0.48243248,-1.7601407,1.0143355,-0.31226066,0.15369356,-0.31833214,1.8440714,-0.13894196,0.35532504,0.27271122,-0.30530414,0.8433664,0.7915884,1.6408159,-1.484146,0.3328461,0.06173349,-1.8201408,0.050666362,-0.119398944,-1.1858162,-0.44983572,-1.6593516,0.28498763,-1.0975318,0.49034384,-0.047111966,-1.1555579,-0.6414949,1.0501349,-0.87064946,1.2782634,-0.32907188,0.7230998,0.8481841,0.7267505,0.55692244,-1.6808326,-0.0053133126,-1.4479249,-1.584334,0.5418225,1.1721183,0.051209632,-1.4557031,-1.1192518,-2.0482314,-0.23185119,-0.8934709,-0.0034994604,-1.0950031,0.41291118,-1.4116035,0.67418355,-0.47102454,-0.7529606,-0.98275423
HT-1376,-0.27096123,1.0071657,0.910248,0.05484066,-0.95588017,-0.08690773,-0.72330433,-0.49949557,-0.30262333,0.11975271,-0.58992094,-0.5386741,-0.53734773,-0.40433306,0.24711637,0.2741815,-0.23602504,0.2959241,-0.4492248,-0.31479508,-0.17864113,0.19136497,-0.020269213,-0.5826292,0.87173724,1.5143452,-0.03518533,-1.3246704,-0.24857946,0.102302045,0.7037674,-0.23481083,-0.863017,-0.59855026,0.32174385,0.33195755,0.17378801,0.93129516,-0.07782785,0.39126372,0.4378438,0.66898865,0.6751811,-0.41692364,0.19207123,0.34095842,0.13159442,-0.35920337,-0.9702455,1.4963286,-0.33390105,0.5750526,-0.24515918,-1.5531912,0.8219652,-0.9118828,0.59916365,-0.13081846,-0.18816425,0.74797755,-0.38411713,-0.19239675,0.19419044,1.1903949,-0.32185328,-0.28556928,-0.08093965
SALE,0.79352117,0.095468216,0.67243594,0.45556027,-1.3320522,-0.043648563,-0.45610178,-1.5237564,0.3937844,0.06798613,-1.0295922,-0.09972762,-0.33771214,0.8799776,-0.40199426,0.0035869814,-1.5171571,0.20409393,-0.94806695,-0.07790656,-0.18147299,-0.09042291,0.45439175,-1.8740629,-0.84571093,0.5089656,0.06694767,-0.21002862,0.26141992,-0.98049664,1.0119195,0.5129994,0.08185217,-0.3496653,0.12661797,-0.200724,0.8246352,-0.24676383,-0.5219472,0.18966776,-0.0008330047,0.29534948,0.52031946,-0.030273288,-0.044490427,-0.17221493,-0.040549822,0.13540615,-0.26192507,0.16022177,0.8239101,0.09911847,-1.0851783,-0.43122792,1.1775317,-0.8177381,0.15551864,0.5737508,-0.75688934,-0.55805194,-0.71019673,-0.54311156,0.069370955,-0.096138954,0.24843761,-0.10946745,0.91150224
BCP-1,-1.5634036,-0.8081901,3.1903567,1.4562032,-1.667958,1.824147,-1.0382315,-2.3972213,-0.37552297,-2.1094933,0.13509579,-1.4922837,0.7114736,-0.8619064,-0.50518703,-0.8909625,1.9403632,0.5461642,0.2942398,-0.15193057,-0.6595121,1.8217912,0.37186098,0.16994095,2.2944703,1.5686638,-2.7158287,-1.5781614,0.5754264,1.3421034,-0.16685066,2.072761,-0.42164984,0.9692133,-1.0419765,-0.03469105,0.5112861,1.1102608,0.9409632,-0.433974,-3.1971834,-1.0055702,-0.4169121,1.1990588,-2.2158456,-0.086563125,-0.07281964,0.84972227,0.30160326,-1.1212324,-1.8194957,2.7773361,1.0907716,0.64284754,0.9244915,-0.9474551,-2.6328583,-0.19143921,-0.5569875,1.345887,-0.69615495,0.14504677,-1.1073493,3.6260054,-1.1139659,-3.3570538,-1.4336795
HSC-4,-1.9486756,0.24385388,3.0856788,0.6236676,-0.1569258,-0.47189572,1.0617133,1.3850646,-0.8833926,-1.3984563,-0.14461365,1.933658,-2.2290094,0.89933753,-0.16786772,0.71817875,-1.2169043,1.0774201,-0.124007106,0.63688457,1.280151,0.61345506,-1.132441,-0.284051,2.193424,2.389761,-2.9877489,0.5810144,-0.15265982,0.6256226,0.46772283,-0.25542706,1.3810538,0.35984832,-1.7204254,0.9004277,0.9706393,0.79237664,1.6902441,-0.35298175,-0.86448056,-1.2191547,-0.051389,1.4150544,-2.084475,-0.9236362,-2.5063975,2.6802964,-1.8328087,1.1829576,1.4239722,0.22704642,0.047026783,0.99522114,0.5766085,-0.44658366,-0.8003315,-3.8240664,-0.030475907,1.7897375,0.31819043,1.0672103,0.44670993,4.378239,0.06330336,-1.4570172,0.08926072
C32 [Human melanoma],-0.8080918,0.009236181,1.0181991,0.21653569,0.17051277,-1.8538032,3.0382721,1.9076765,0.06565558,1.2486432,0.2865464,1.6121866,0.47828454,0.6985888,-0.9811089,-2.7515073,-1.5887868,0.6881475,-1.8751308,0.2557316,4.005156,-1.1460136,-1.8270389,0.15592514,-2.3687668,-2.0707004,-2.588351,2.4268615,-2.4840953,-3.8227115,-1.9052494,-1.0576748,-0.93213975,-0.7625388,-3.2013998,0.58522564,0.4444089,-1.3764899,-1.0840743,1.0871344,-3.4957545,-1.1576782,-2.0918303,1.6127608,-1.2314227,-1.2155739,-1.8679862,1.3653839,-1.101972,-0.8081322,2.5001197,-0.63692796,-0.62804866,1.7411188,0.40987808,2.4381175,1.151495,-4.0323114,-1.257047,0.7634641,3.1534429,-1.0870217,1.2861197,1.989673,0.22832128,2.4584508,2.604843
HOS,-0.213157,1.7728437,-0.43430102,-0.5432877,1.1812474,-0.069895715,-0.6792416,-1.2335428,0.7212962,0.16411094,-0.059918463,-0.2859054,-0.19093367,-0.66284364,0.8383415,0.85070246,-1.3409878,1.0071304,-0.3006163,-0.6874287,0.9216748,-0.40751874,0.30111262,-0.21385182,-2.0129263,0.008458689,2.760004,-1.8296657,0.18194321,-0.03427448,1.1337311,-0.37277314,-0.20149587,-0.32646766,-0.611611,-1.0307434,1.0142715,-0.6553034,-2.0236201,2.2162933,1.8138292,1.1532676,0.4702798,-0.6886252,2.1368454,0.5037477,1.260232,-1.1379577,0.0030748062,1.0097048,-1.4423472,-0.22829488,0.36642444,-1.0865818,-0.669314,-1.2149252,0.22250192,1.5176595,1.2904067,0.05988107,-1.1919876,-1.1064957,1.5349557,-1.5452932,-1.5645663,1.6062497,0.04607813
CAL-54,1.3602409,0.78273445,0.4160352,0.24189581,-0.33704436,0.123814106,-0.12269529,-2.3519523,0.036129653,0.5009493,-0.6355315,0.9039594,-0.28061658,0.50809515,-0.5054849,-0.7915277,-0.25627205,0.7551529,-0.97676545,-0.23902276,0.55606425,0.10630742,0.2684299,-1.1582713,-0.34046206,-0.42421204,-0.41346595,-0.5724751,0.06704782,-0.37878832,0.55648786,1.4222853,-0.13502635,0.124433845,0.9562228,0.38438165,0.72173595,-0.51622295,0.08760014,0.26867035,0.13820463,0.46281776,0.2206819,-0.63606143,-0.28691575,-0.5653638,0.68013245,0.029192848,-0.1399111,0.0999482,0.12179916,0.07285115,-0.59461206,-1.2200693,1.0536289,-0.54889417,0.06267029,0.6460422,-0.7269686,-0.89624286,-0.7944798,-1.150149,0.1440705,0.7720671,-0.23391739,-0.6459801,1.2172343
Ri-1,1.1531594,0.42057395,0.7705333,0.23646393,-0.6260177,0.0409398,-0.00020427257,-2.4629688,0.026543576,0.1873211,-0.6701243,0.51107025,0.26754138,1.029151,-0.5107082,-1.0246845,-0.5076325,0.4813505,-1.243838,-0.05497583,0.07511787,-0.37874007,0.31206954,-0.90553546,-0.60969925,-0.008804371,-0.32325256,-0.7564647,0.30042952,-0.8663871,-0.030228127,0.9659666,-0.410708,-0.6712551,0.87433,0.36026192,0.36306664,0.34041336,0.1019696,0.33108708,-0.065993845,0.2802064,0.2507325,-0.34942687,-0.28693378,0.0068749785,0.8053371,0.26171082,-0.41215193,0.22967091,0.13282983,-0.35011446,-0.42422822,-1.1890944,1.1293226,-0.2256279,0.15198392,0.5927654,-0.99583155,-0.69120616,-0.94418216,-0.7472658,-0.43477646,0.4997384,-0.5020845,-0.65038615,1.0807234
HCC1428,0.19209415,-2.4865704,-4.274486,-1.7341046,4.6660542,1.2270225,1.3838603,-0.91961277,-3.6493592,2.3538609,3.6103487,1.3847697,1.2558142,3.278302,0.9307008,-3.2275946,1.1527822,-0.93944955,1.3369982,1.995836,-0.8815633,-0.8348812,3.4072406,5.3330984,-0.13307181,-2.051017,0.30699372,-0.43615088,-1.8227856,1.4558907,-2.428595,-0.74034554,-1.1747648,-1.1847966,1.0139937,-3.18971,-1.1524806,-1.2973285,1.7908589,-0.08526355,-0.2532704,0.26794133,-0.33129576,-1.8850396,1.5760986,-0.9369502,1.4550505,-3.0736933,0.5395989,-0.62154317,-3.6498747,-0.87320393,2.2007694,2.1150894,-1.8491251,2.6122437,3.448398,-0.29303142,2.0809815,1.3590596,1.5319884,0.94023293,-4.787678,1.0903487,0.6532481,-0.68603325,-2.5855076
HuH-6 Clone 5,-1.8449296,0.677474,1.7316654,0.7819301,-0.5142167,0.18914114,-0.44119474,1.0937845,0.0026476756,-1.395545,-1.388872,-0.37206757,-0.5927157,-0.4527641,-0.4286557,0.74574596,0.50522345,-0.031455554,-0.675393,0.31525737,0.16092122,0.19133624,-0.29621032,0.044595953,-0.14888406,2.0706773,0.030972898,-0.51680714,0.5769541,-0.65424246,1.0649853,-0.80122846,0.5814949,0.55239886,-0.26470682,0.43020967,-0.19960764,1.6077669,-0.6363691,-0.7473635,1.4372829,0.7097216,0.565145,0.9721899,0.11090125,1.1553272,-0.8902528,0.5643489,-2.3103168,2.3927872,0.80983704,-0.68055296,-0.26261324,-2.0354822,-0.15356943,-1.6499635,-0.41409457,-0.6554492,0.6148359,0.13793567,-0.6356338,1.1057838,0.50709707,0.6404704,-0.030971829,-0.8705138,0.5758579
CJM [Human melanoma],0.04694864,0.18069717,-1.3080292,2.4849477,2.0612729,-0.28354093,-1.3094252,-0.5564922,1.4914944,-0.6288651,0.5766247,-1.7857516,2.548459,-1.8290545,0.6976911,-0.9081022,0.6553852,-1.0255489,0.5761546,0.9027604,0.56709206,-0.6019728,-0.11450605,-1.5846739,-2.589258,-0.10262993,2.5775466,1.6043916,1.8889916,-0.38853675,-1.9726428,-3.229569,-1.3408496,0.41361976,-0.65174365,-0.4536349,-1.3269119,-0.14485022,-1.163659,1.6595953,0.7954061,0.7421827,-1.975845,-1.5547923,1.327031,3.1786025,1.5193133,-3.0481274,1.3195318,-0.33774972,-0.9655621,-0.63930345,2.4924388,-1.1923603,-2.4471524,0.17137569,-2.2448144,1.721553,0.032373037,-0.6813092,0.3254325,0.45519844,-0.0376423,-0.58304614,-1.2574853,0.66901094,2.1997187
OE19,-1.3209363,0.3864439,0.93753195,-0.46680346,-0.6684686,0.47215462,-1.641781,1.376342,0.41925916,0.15114567,0.65979016,0.75647044,-1.3469335,0.9077857,-0.008536693,1.2435308,-0.62447226,0.6147408,-0.20170099,-0.034708954,-0.3735411,0.6299045,0.62426656,2.2751977,1.1073945,0.6449313,0.091279276,-2.6807745,-1.3054116,-0.23142079,0.8174814,1.381334,0.013726324,-0.52421385,0.5106148,-0.5724298,-0.15747885,-0.8697339,-0.6665386,0.27546737,0.41952536,0.15506887,1.1640985,-0.7475039,0.37790358,-0.23678048,-1.3497357,0.6477868,-0.14212087,0.45555872,-0.96091014,0.9460962,0.7127671,1.7350099,-0.03829574,-1.4986439,0.6529735,-0.48902243,0.7978908,0.8649682,-0.5532836,-0.40933198,-1.3721284,-2.149651,0.12367636,0.65879864,-2.2874494
SEM,1.0883176,1.0042922,-0.017301217,0.4115671,-0.5785903,-0.32415372,0.086806454,-1.8593646,0.22083524,1.678131,-1.2203246,1.5528461,-0.61372524,1.4936886,-0.40318295,-0.45573616,-1.765439,0.9441531,-1.3885503,0.13653594,0.7255916,-0.5666985,0.33103663,-1.6753,-0.7561953,-0.89030886,-0.284912,-1.0381074,-0.7827856,-1.8174056,0.8710253,0.9331197,-0.2700095,-0.011604309,0.96937966,0.6610956,0.3876162,-0.26206636,-0.03843239,0.43457353,1.0309939,1.1750867,0.6651679,-0.76993656,0.77388513,-0.30132023,0.47283313,-0.67537975,0.08794245,0.25169963,1.3657321,-0.9500004,-1.5532907,-1.1202574,0.79008496,-0.40801018,1.0046003,0.52571326,-0.95796996,-1.0811906,-1.0931369,-1.0419182,0.3785134,-0.85052294,0.76761365,0.71578926,1.9784236
NCI-N87,0.060888678,0.10286271,0.116399944,0.41953886,-1.7868575,-0.25569952,-0.36262658,-1.3838862,0.30789807,0.34436882,-1.1012062,-0.003300596,-0.8849815,1.1806433,-0.16210131,0.26392612,-1.3501318,0.66510105,-0.78037924,-0.545198,0.05917534,-0.15983957,0.5546075,-2.0643058,-1.29792,0.29156676,0.12226872,-0.532059,0.76268834,-0.41687313,1.4845986,0.42872053,-0.02232768,-0.58506095,-0.17222387,0.22732443,0.9570174,-0.3165487,-0.46785256,-0.075739086,0.06423872,0.6945537,0.5679716,-0.31413025,0.56326926,0.5574802,-0.301809,-0.25201434,-0.4582382,0.9725709,0.678092,0.2635648,-1.3543639,-0.29920202,1.1172034,-1.3332577,0.35513124,0.52514625,-0.69992006,-0.06734356,-0.40673816,-0.5613251,0.90653265,0.044668734,0.16132693,-0.090826236,0.81392753
SW579,0.22651629,-1.3440396,-0.1419159,-0.2676158,-0.31944928,-0.24966443,-2.8634663,1.0980532,1.7670844,-1.7741855,0.69407636,-3.3860319,1.6639433,-3.001896,1.5819433,0.21566321,1.9559995,-1.270175,0.90828884,-0.7406291,-1.8059009,1.3059262,-0.6050532,-0.41132662,0.23256683,0.5142092,0.9858625,2.27289,2.9186528,2.586714,0.4452221,-1.0199009,-0.1279568,1.6189767,0.040474176,-1.4687225,-0.45084482,1.9617522,-0.46274054,-0.42650503,-0.63339937,-1.5352616,-1.0572329,1.2065932,0.32941967,2.3860037,0.19039431,-1.269798,1.6452501,0.91757256,-1.6317866,0.61832255,1.4433877,0.65699464,-0.15238777,0.09847616,-1.9198825,0.9360639,1.9227698,0.6836048,1.685639,3.0764916,0.42930967,-1.1558151,1.2131218,-0.45448375,-1.1976435
SK-UT-1,1.5411935,0.80968785,0.25707585,0.32211402,-0.56650054,0.06447826,-0.025748491,-2.2352316,-0.0700839,0.6011497,-0.7526867,0.8634157,-0.1720875,0.7065264,-0.25010386,-0.7740562,-0.85041076,0.75064117,-1.0437855,-0.499647,0.36329806,-0.07013515,0.3097498,-1.2399082,-0.3821278,-0.4670744,-0.07654916,-0.8763856,0.305542,-0.4800572,0.4596983,0.85444164,-0.08725515,-0.4538548,0.55066365,0.4532707,0.8852142,0.13125245,0.17032304,1.238988,0.18626861,0.4408186,0.28923756,-0.23203361,-0.32163525,-0.16648164,0.86449057,-0.039022345,-0.08163859,-0.48203087,0.005876126,0.029028192,-0.44329032,-0.9333081,1.115713,-0.9369794,1.5373279,0.57864475,-0.5830329,-0.5366901,-0.8910123,-0.87839353,0.019402262,0.7048187,-0.50511146,-0.7268037,0.96593416
OCI-Ly19,0.49231678,0.07137567,0.9457437,0.27925217,-0.97701573,0.2638531,-0.65489244,-2.1821253,-0.3835025,-0.57497483,-0.3173589,-0.16503403,-0.005961298,0.24248248,0.13579753,-0.42413232,0.35192192,0.40636763,-0.9096022,-0.64617395,-0.17912924,-0.22604075,0.6132978,-0.93953925,0.82069236,0.6179066,-0.41415074,-0.6860841,0.45531735,0.8270699,0.34495616,1.0165275,0.016582046,0.23986605,-0.060030915,-0.14129147,0.54968303,0.700394,0.49845,0.43659356,-0.4523434,0.5263014,0.510146,-0.046689004,-0.87934697,0.058536157,0.32222697,0.46843135,-0.5013665,-0.64447665,-1.1960912,0.7290466,-0.09278256,-0.63262236,1.4181795,-0.6182971,0.027356733,0.74622536,-0.10837056,0.22816205,-0.1260016,0.16906336,-0.07952446,2.4021137,-0.6469187,-1.8447652,-0.37819114
Lu-99A,1.2600082,-2.1317718,0.73811096,-0.1798197,-4.391117,1.175266,-4.4445715,-0.310405,1.2409796,-2.3046916,-0.41556597,-1.1891772,-2.5101871,-0.20123018,-0.63504165,2.7832506,3.919267,-0.92185926,-0.6530216,-1.9171873,-2.4189234,2.4113035,0.22633797,-1.2068546,0.94350845,1.8629949,-2.0175774,-1.5958319,3.265545,2.23554,3.5113254,3.1231694,2.5055454,1.5243539,2.8198905,-0.92353886,-0.46250558,1.8032742,0.07393065,-0.5759259,4.743504,1.7101617,3.2428188,-0.58410245,0.59684443,-1.0368032,0.21897906,0.7213578,-0.716252,1.6225448,-0.42171493,-0.5962896,-1.5891811,-1.4889729,1.7144619,-2.7622097,-2.1693962,3.996564,4.3137116,-1.6173085,0.4577911,3.7368648,-0.38391697,-1.7767429,2.4134371,-3.832699,-1.9503208
Hs 606.T,0.89439,0.46215972,0.6355626,0.19101948,-0.84966016,0.087962024,-0.63009065,-2.4056098,-0.06888843,0.44750515,-0.7307735,0.45286047,0.1093219,0.92935777,-0.35171092,-0.7591343,-0.39305964,0.25073817,-1.2113408,-0.013205901,0.16405484,-0.052030414,0.46144783,-1.2507793,-0.7172138,0.0015461817,-0.37806112,-0.75575536,-0.15817106,-0.32426342,0.35955805,0.7934233,-0.42464092,-0.18642828,0.7010232,0.45895368,0.5842355,0.21917357,0.35730535,0.19012418,0.19658951,0.31207067,0.47312638,-0.6038282,-0.2683439,-0.43535957,0.6037091,0.05600096,-0.33068216,0.04556267,-0.011255063,-0.2750886,-0.6873233,-1.2714771,1.1577463,-0.2953735,0.5387136,0.65895057,-0.7892267,-0.88710856,-0.60671645,-0.732894,-0.16330865,0.4704764,-0.35687006,-0.6294669,0.9107457
NCI-H2052,-0.82794595,1.6768273,-3.117924,1.9655457,2.2694795,2.347669,-1.1050934,3.859816,0.8064722,0.7954193,-3.0272179,-2.0395017,0.88104403,0.116809964,-0.19945326,-0.7735508,0.40747446,-1.8131738,1.9163888,1.465063,-4.154419,1.1720122,0.92920166,1.5616364,-1.4646783,3.867174,4.3486433,-0.39539212,0.7733778,-0.2509164,-1.0396318,-3.9571083,-1.9869444,-3.1026947,5.738516,-0.5633663,1.3528306,-0.52886724,0.67957455,-0.06330454,4.2014713,3.8367474,0.09392488,-0.8932868,3.6460028,3.366503,1.3588009,-3.2793355,1.5718851,2.9927716,1.7745405,-1.651066,1.1160611,-4.44257,-3.437776,-1.988827,-0.6499402,1.549582,-0.97451556,-2.9169722,-5.1210356,-0.23078747,-0.23774828,-4.6355066,1.3102963,4.0295467,-2.087967
MDA-MB-435,-0.92037886,0.9966569,2.4778697,-1.4960252,0.47998685,-0.5324111,0.096172124,-1.0329618,0.2943506,-1.1073002,1.8743639,-1.507719,1.0781177,-3.2079773,-1.4363506,-0.5083005,0.88741994,0.61146295,0.2646968,-0.048513126,2.134526,0.50083476,-1.1951644,1.32831,0.59396887,-0.08314958,-0.8865778,-1.7070346,-1.0001568,0.067413405,0.60292053,-0.25118852,-1.1902424,0.14396903,0.53369,0.390861,-0.47695905,3.1944044,-1.0052342,0.051690295,-0.6896798,-0.28715992,-1.5428985,-0.20683579,-0.53494215,-0.38166445,0.74523574,-0.44985682,-1.1647681,2.2246764,-0.80078113,1.5334071,1.6839179,-3.5378625,-0.0062203333,0.63874924,-0.19856098,-1.0293863,2.0769508,1.1601071,1.3218017,-1.168476,0.769588,2.7245595,-1.644004,0.5629921,1.6457707
MEG-01,1.7275212,-0.07522248,-0.084158644,1.1128008,-1.076445,0.060821358,-0.39567572,-1.5279729,1.2020282,0.07284561,-1.1441377,-0.40525207,-0.6052853,0.94634426,0.27271488,-0.025623266,-0.45329806,0.43317068,-1.0467205,-1.217599,-0.24891001,-0.8567795,0.80828625,-2.2274227,-2.1596525,-0.44000876,1.5797896,-0.029650554,0.3323855,-0.5590798,0.674054,0.25648576,0.1558113,-0.9543259,-0.21539068,-0.5407122,0.9911698,-0.8798946,-1.2355126,-0.023800459,0.14463823,0.6326066,-0.120086655,-0.025517672,0.5912421,0.7048392,0.12692308,0.0065260567,1.5378542,0.22936618,0.7572226,-0.27218544,-1.0072012,0.61165905,0.6535713,-1.7962052,0.05401188,1.5141705,-0.5411814,-1.2091857,-0.47365585,-0.9160463,0.18401802,-1.3875328,0.18933515,0.608647,0.9372819
NUGC-4,-0.39361668,0.05758785,1.2616086,1.8605894,0.43733677,0.83280474,0.28993958,-0.80685043,-0.8422454,-1.1448818,-0.5405571,-0.4004215,-1.0936191,0.65717006,2.6716716,1.518257,0.76783663,0.16412203,-0.5052219,-3.1131074,-1.4275095,0.1504618,2.3201406,-0.54997313,1.9318534,0.7995261,1.8429613,0.4091614,0.4482077,3.4566426,-0.055652067,0.98369205,0.097890854,-0.8172406,-3.6035898,-0.7600468,1.7087067,-1.172663,0.43836704,-0.7730813,-1.3898888,-1.5660629,0.7529774,1.6538299,-2.013728,2.2525606,0.42847183,1.2558695,-1.1215098,-0.4157139,-3.3506463,1.9701483,0.10133067,2.3100653,1.2295573,-2.698686,0.81353223,1.1966451,0.059455823,1.0475025,0.9671694,1.4427785,1.9472524,3.1062288,-1.6209085,-2.7694097,-3.8235874
NCI-H661,0.47400415,-0.34043133,1.8581624,-0.0062449723,-0.2519336,-1.0626283,-0.58637756,1.994214,1.8820213,-2.0257096,1.3320783,-2.2920387,0.14722843,-2.1710248,0.14659227,0.63998103,0.5979308,0.5657244,0.062610194,0.67171437,0.11549364,0.9127534,0.119992845,1.5928912,-1.2600019,2.5508103,1.0664886,0.39725673,0.7773717,0.5135089,-0.07135849,-2.4191597,-0.30807775,0.73859465,1.1214275,-0.8493808,-0.48084426,2.0880096,-1.135525,0.66672057,-0.37484804,0.10753167,-0.60753584,1.0201381,0.78529316,2.6388628,-1.9313428,1.3172928,0.6909383,1.0978941,-0.42345253,0.28635737,1.16466,-0.71590793,-0.23329133,0.4562033,-1.3641627,-2.5185173,0.90673316,1.9680564,0.50786275,2.0674706,0.32808793,-0.14778948,1.0590355,1.8530651,-0.84271044
NCI-H747,0.055764325,-0.21595219,0.42405754,-0.5583852,1.0994575,0.72833407,0.63060117,1.80023,0.2167134,-1.6252508,0.73295987,-2.6927469,-0.37015787,-3.6179366,0.66444045,0.1695469,1.589781,-1.1864682,1.3319204,0.2704208,-3.0885825,0.95954937,0.713158,2.7725668,1.8851938,2.5708847,0.40229556,0.20277347,0.34936255,3.258348,0.31157544,-1.225546,0.890358,-0.3900955,1.9636613,-0.33396316,0.64943767,-0.038658917,0.32913473,-2.0980675,0.47084543,-1.0451677,1.362513,1.8939364,-0.11960393,0.4013733,-0.6812623,2.015858,1.1096667,0.9035882,0.33260038,0.0100771785,1.1791809,0.1860311,-0.3287039,0.5812007,-1.3665521,-1.462944,0.41005296,-0.55223376,-2.7260046,1.4630105,0.17462385,-1.289021,-0.61360985,-0.21752588,-3.4574494
LAMA-84,1.523308,0.67130095,0.6955411,-0.13724945,-1.1648403,0.14593391,-0.4393041,-2.1012614,-0.031037107,0.7537552,-0.5006074,1.0121963,0.15468103,1.003791,-0.34706935,-0.9433961,-0.13329306,0.47484022,-1.4309449,0.04116761,0.28079742,-0.16009659,0.12329869,-1.241272,0.44534227,-0.3855794,-0.8674076,-0.66268724,-0.54917186,-0.62826407,-0.07826809,1.4739809,-0.8524958,-0.6653694,1.5040307,0.24401231,-0.22801776,-0.34548753,0.5061356,0.46133715,0.5634607,0.7835174,0.2488144,-0.91143394,-0.43461347,-0.21273546,0.8647991,0.12730062,-0.13660634,-0.4169039,-0.115508355,0.051435582,-0.5705188,-1.475114,1.2197566,-0.022548605,0.49064624,0.62354225,-0.5278181,-0.9467044,-0.103124455,-0.81100464,-0.30520913,1.0364151,0.20297582,-0.6735934,1.0094395
RCM-1 [Human rectum adenocarcinoma],0.20774902,-1.2438419,-0.10799401,0.7026527,-0.35912207,0.46395633,-0.49878255,-0.45124266,-0.07509152,0.021628741,-1.0536033,0.01911174,0.54421973,2.480088,1.4721056,-0.22609502,-0.4340542,-0.14573,-0.10954082,-1.6170588,-0.37290093,-1.0488069,0.10195922,-0.46859884,-1.8032197,-1.6263837,1.6159239,2.0350509,0.36575693,0.12648116,-0.59600973,0.8890967,0.18578172,-0.06432927,-2.3390315,-1.5355265,1.5078919,-1.5679613,0.09448187,0.039837603,-2.0616736,-1.6350077,-0.9005617,1.7398394,-1.2860922,1.2576573,-0.6167135,-0.08713586,0.39682844,-1.1617117,-1.0913038,0.4742005,0.19062576,3.6363173,0.9153176,-1.4467347,0.7921798,1.3241698,0.2681943,0.6360569,1.7371571,0.34743562,-1.3903024,-1.3980279,-0.12395361,-0.3856036,-0.4823802
CHP-212,0.63778603,-0.20897633,-0.10670238,0.8578408,-1.221196,0.34077522,-1.7640449,-0.062479034,-0.30003825,0.7563822,-2.2780383,0.9665768,-1.8082831,3.3530524,1.1970838,0.838639,-1.5077025,0.021041034,-1.116248,-0.4356629,-0.8771005,-0.11042838,0.9482149,-0.89945096,-0.15612684,0.8494518,0.08194171,0.2625219,0.1336517,-0.48942295,0.79403687,0.99791515,0.59197617,0.16272965,-0.035520703,-0.3734876,0.97930366,-1.890923,0.7472118,0.43089375,0.90085447,0.066595554,1.3944988,0.397528,-0.16879159,-0.59474134,-2.38829,0.6901756,0.55900514,-0.66388416,0.39618304,-0.4313851,-1.4767251,2.643835,1.7153333,-1.2547078,1.1376377,0.32128933,-0.9190418,0.08953492,-1.1744236,0.87317353,-2.2567317,-1.391166,1.3903984,-0.7009705,-1.3112632
MEC-1,-1.2684172,-0.6309866,2.0938,1.7519791,-1.6076251,0.42962295,-1.0130327,-1.3199632,0.5368065,-1.3260775,-0.7578339,-0.28046542,0.14091972,0.72641146,-1.259358,-0.25267422,0.3027172,-0.07529459,-0.7011266,-0.09447929,-0.19340041,0.47085488,0.24266969,-0.90421164,-0.35088062,0.75291854,-1.4450635,-0.5742837,0.6426987,-0.54523844,0.14942874,0.590317,-0.118086636,0.6486386,-0.94017994,0.5653662,0.019474644,0.45573145,-0.18921944,-0.6974823,-1.6823384,-0.73342603,-0.2964405,0.72515726,-1.263209,-0.25303397,-0.4071477,0.71345586,-0.38677767,-0.24144207,-0.08928548,0.7318302,-0.019151319,0.060956478,0.36948982,-1.2577232,-1.4918286,0.18122722,-1.0504732,0.12718222,-0.47729614,-0.1657986,-0.40593782,1.5286771,-0.15142977,-1.9312867,0.5617838
B-CPAP,-1.2577959,-0.792231,-0.76176333,1.0353651,-0.05991628,0.22490111,-1.1833925,-0.43285725,-0.039119497,0.55421406,-0.036027,-0.056152117,1.4431485,0.6922442,0.8264065,0.45986608,0.48439935,0.18163744,0.3673563,-0.6201238,0.78632444,-0.16204244,-0.27850622,-0.8344255,-1.1485318,-2.5487845,0.8515655,0.44817188,0.53940624,-0.38386992,-0.113378495,1.1869528,-0.6534407,0.37568894,-2.5509233,-0.98338515,-0.317743,-0.50821334,-1.0435314,1.2569494,-1.4748166,-0.090755105,-1.164227,-0.23314463,-0.09946026,1.410525,1.3272009,-2.1282442,-0.056961056,-0.82782257,-1.908632,0.7996076,0.43505174,2.0882602,-0.90377134,-1.1077187,-0.02956463,2.0231292,0.82322073,0.25310826,1.5676048,-0.45667517,0.109290235,-0.6156502,-0.25142586,-0.703936,0.37361744
5637,-0.6905993,1.3500203,-0.49431086,-1.7834375,1.4574207,-0.761281,-0.7262486,-1.1695449,0.36484534,0.27612007,1.314182,0.9102395,0.05892975,-1.166605,0.68126106,1.3971677,-1.1155496,1.060077,-0.56846046,-0.8689511,1.6117693,-0.3335457,-0.048845317,0.11801575,-0.3296925,-1.6536943,0.8132272,-1.7296274,-0.36610645,0.3777859,0.7477881,0.91926223,0.24457964,0.46014056,-2.0718493,-0.6544768,-0.5797053,-1.3728398,-2.1399996,2.4352067,1.1213456,0.45496818,0.24153265,-1.3055794,0.90685517,-1.1686143,0.9734428,-0.4567491,-0.6494899,0.18265262,-1.7240465,-0.1907926,0.5770519,0.37273365,-0.13341749,0.075767756,-0.041018866,1.7007358,2.1434376,0.0034106374,0.827722,-0.8344046,1.8201766,-0.4053886,-2.0636492,0.4015237,0.108205676
Kelly,-2.5169978,-2.9528365,-0.22512607,-0.43544295,-0.086846754,1.826462,-2.3622649,3.1211994,-0.58526444,-2.5184665,-0.18217272,1.0597548,3.7002206,0.09095813,-3.1563947,-0.7169494,1.9307941,-1.5790898,0.50141543,3.325754,-1.1465697,-0.4508242,-1.6835463,1.3525687,-0.18263409,-2.4914787,-0.93900645,1.4129931,1.8670816,-1.6381351,-0.21527101,4.195586,2.4910176,2.8857493,1.8419583,-2.0692756,-2.829753,1.1366599,-0.5152491,-2.3355277,1.1284643,-1.3318245,-0.49838445,-0.72530746,-0.8534346,0.34551513,0.68528295,-0.6551124,0.45415598,0.83264863,-0.4021113,-2.466711,1.1223083,0.83386636,-3.0312603,1.0254105,-2.8240354,4.5456543,2.1066737,-2.6114838,-0.28248912,1.1514863,-1.0747669,-6.1352468,1.066043,-1.4956756,1.0030316
KMRC-3,1.074602,0.5172583,0.7130023,0.19783263,-0.30156493,0.16577752,-0.3397206,-2.3788102,-0.12332771,0.43063733,-0.74126565,0.4583101,0.14380972,0.7705033,-0.42667598,-0.8588102,-0.35825115,0.6313198,-1.2397943,-0.10317878,0.17207767,-0.26337498,0.40804148,-1.1346316,-0.00990656,-0.06284905,-0.19231519,-0.4553908,0.11469237,-0.51794916,0.13170974,0.4050777,-0.09624641,-0.38428628,0.74095017,0.11964829,0.4729812,-0.1299184,0.36559033,0.52587444,0.081241295,0.19158173,0.3032007,-0.2110691,-0.16023315,0.16777638,0.7136525,0.1868795,-0.09963651,0.26610342,-0.020163989,-0.20634598,-0.53395844,-0.99742675,1.140021,-0.34404203,0.5405868,0.66714776,-0.93632764,-0.5872522,-0.7270205,-0.8550621,-0.3057906,0.60598457,-0.40961832,-0.68908775,0.8671029
HCC70,-0.8509296,-2.2469707,-3.1189137,-1.5955687,2.2179947,-0.64567053,1.3107154,1.0578743,-1.2942656,0.3016807,2.2698815,-0.7316785,1.6116407,-1.0039523,0.43643302,0.5590669,1.4078379,-1.5349269,2.2912638,0.69516206,-0.47738627,-0.20096491,0.113493554,1.3771713,1.3605101,-2.157268,-0.7016805,2.1454742,1.0082049,1.3905126,-1.1870092,-0.11000942,0.7964324,1.1091526,-2.2415252,-0.39998528,-1.4741372,-0.659693,-0.4197007,-0.8806981,-1.0759838,-1.7896594,-0.48814666,0.12401526,-0.111262925,-1.5674419,1.0484209,-1.1767193,-0.42260948,-1.0933168,-1.2262723,-1.0414014,0.37870407,2.4870808,-2.060385,2.842574,-0.8008154,0.76635367,1.4555157,0.4644804,1.9143457,1.1717938,0.7595945,-0.27031547,-0.46314946,-1.1206253,-0.9871689
TE-9,-0.35209513,0.0008096099,-1.3569483,-0.022182673,1.2247738,-0.36031964,-4.959571,0.49003875,2.8750308,-1.2303048,1.793325,0.52023035,0.32159635,0.08015221,0.8335224,0.8401384,1.0272532,-1.1950387,0.041451905,-0.96313417,-0.1718433,2.3359597,-0.12452084,-0.9646005,-1.7315156,-1.3765948,-0.2617055,0.54120237,3.49489,1.1032434,0.15651113,-1.1425623,-0.30248687,2.4191413,-0.168555,-0.63906854,-2.1311228,-1.0088469,-0.6755317,2.823637,2.2076337,0.08874911,-1.3527178,-1.5225809,2.266799,0.62700534,0.21075077,-2.0068502,2.3871334,-1.0500964,-2.5920641,0.061928906,0.5841156,0.06380877,-0.94841605,-0.40587276,-2.6061609,2.3519719,3.7484274,-0.727765,2.712485,2.5116208,-0.5671896,-1.7729179,3.1065135,-0.7323563,0.33798832
M059K,-4.3130913,-3.3390422,-1.7469841,-0.81848204,-0.4631474,-0.2963522,-2.052106,3.964136,0.37542865,-1.6419305,2.3124492,-3.8130004,3.405892,-2.888132,-1.1924713,0.75674665,2.0092788,-2.8173175,4.4442677,2.097328,-1.6725352,2.2685375,-1.1601119,0.5727088,0.031066328,-0.43281054,-1.1597497,2.19268,3.891112,1.7125094,0.24350902,-0.7469548,-0.53641194,2.8952014,-0.2982958,-0.48344707,-2.1463325,1.7774028,-0.43246132,-0.721358,-2.0754368,-1.0444987,-3.472469,-0.04689323,1.1758666,1.30232,0.47198913,-3.447698,2.8947215,0.7974637,-1.6157238,1.0042193,1.0906819,1.3051121,-3.7999403,3.3296163,-4.9180074,0.70025486,1.4171021,1.6915752,1.3880458,1.8956953,0.44195852,-1.923126,2.383967,0.8136771,-0.8578113
BHY,0.08622734,-1.3383043,0.39428443,-0.4075027,0.07336246,-0.06199113,0.35377,0.99195534,0.6312058,-1.8591259,0.9728781,-2.4649065,1.5234306,-2.5951688,0.6959931,-0.09498084,1.5612552,-0.08721559,0.83477545,0.43465844,-0.88204587,0.67155284,-0.12206491,1.1196363,0.5811929,0.5788536,1.1336684,0.6770857,1.6346569,2.083855,0.25157085,-0.23844846,0.43899482,0.86027706,0.44896305,-1.2400297,0.15204905,1.1958356,-0.62644196,-0.4327324,-1.1649169,-1.2944281,-0.019539773,1.2930024,-0.16573542,2.513765,0.21658003,0.7679384,0.54099125,0.7303219,-1.5640242,0.019349277,1.2593755,0.52073854,-0.746464,0.5208885,-1.5738921,-0.08710599,0.8995077,1.1584493,-0.12429457,1.5032502,0.75327986,-0.6930322,-0.33471325,-0.25877443,-1.7441825
Caki-1,0.81059015,0.66089684,0.17695373,0.1874381,-0.5729127,0.10636823,-0.41683078,-2.150691,-0.15267247,0.6973116,-0.76064795,0.57039726,-0.1601133,0.7868413,0.024105638,-0.51267177,-0.69546443,0.510806,-1.1830542,-0.3152218,0.39738888,-0.056491103,0.60846627,-1.340117,-0.09110448,-0.18321694,-0.020463958,-1.0814927,0.117715076,-0.21141924,0.32411888,0.9098696,-0.41631326,-0.40695405,0.4474823,0.093837485,0.72003543,-0.10154878,0.199473,0.60617244,0.35956544,0.8039779,0.47546327,-0.53568435,0.3026117,0.113104865,0.67415154,-0.27692035,-0.3458532,-0.075984925,-0.39542636,-0.04387907,-0.6694643,-1.1243801,1.076016,-0.6637087,1.2725258,0.8377295,-0.43431783,-0.46358976,-0.44220465,-0.7926618,0.33530444,0.86429214,-0.39857313,-0.59140974,0.5049139
Li-7,-0.014833987,-1.4344385,-1.0215303,0.44168395,2.559353,-0.19388749,3.4749026,0.98114026,0.062433735,-0.09934362,1.5580007,-1.2213948,0.35451895,-0.33898944,0.07793675,-0.37036198,0.9053642,-1.0609136,1.4944693,-0.6390811,-0.14270721,-0.6977733,0.93108356,2.6075268,-1.2194852,-0.26772305,0.7885743,1.847586,0.12300117,1.1669359,-3.069052,-2.840355,0.06664427,0.4547425,-0.59710777,0.6697775,0.4823602,1.0788488,0.86574316,0.29349262,-1.2274277,-0.98016864,-0.76482344,2.309525,-1.6886833,-0.86101854,0.39676857,1.4793665,-0.7192978,-1.6794239,-0.19707355,-1.3850182,-0.13056149,-0.5567781,-1.2729906,1.3720585,-0.56159467,-1.7166477,-0.70413625,0.30878556,1.1583369,2.0102487,-0.5940692,1.6562002,-1.0461727,-0.3319542,-1.079554
NCI-H526,0.77267814,-0.04247371,0.59855163,0.40937686,-1.3712555,-0.09365263,0.3139875,-1.6013136,0.29654413,0.0266435,-1.0440563,-0.18200147,-0.32410836,0.8630763,-0.34939384,-0.08405185,-0.6652404,0.31385225,-0.95470953,-0.22580492,-0.27194518,-0.06641601,0.47806895,-2.0204191,-0.86904067,0.5599287,-0.14526923,-0.38682312,0.62729996,-0.67653006,1.0949572,-0.07613993,-0.013639102,-0.7573844,0.08744609,0.0867085,0.8714986,0.21688262,-0.38045377,-0.13883753,-0.10653997,0.37985623,0.29153392,0.3673356,-0.05257827,0.45138934,-0.01466918,0.06212716,-0.24022453,0.72470284,0.7960589,0.09291114,-1.1260383,-0.5151191,1.2804202,-0.87404877,0.55590236,0.4931127,-0.70693624,-0.21510357,-0.6965336,-0.82701564,0.21697898,0.011244787,0.33885556,-0.07683993,0.94002765
SNU-761,0.47871155,0.44235483,0.31128684,0.25721407,-0.7138584,0.17713352,-0.21704422,-2.355919,-0.10412715,0.36961874,-0.76632464,0.6285661,0.10284,0.81642497,-0.4319387,-0.69959086,-0.61686254,0.6098958,-1.1943543,-0.13207673,0.07518165,-0.044840634,0.44860637,-1.0968736,-0.61295575,0.071564235,-0.57376814,-1.0609883,0.4134496,-0.3473031,0.37576228,0.93742025,-0.30991176,-0.4679923,0.7355745,0.3132504,0.49021947,0.7703326,0.019213282,0.22049455,0.21150179,0.53570265,0.48702857,-0.07386504,-0.20670858,-1.0077598,0.6444137,0.071079,-0.39041767,-0.107952595,0.09859294,-0.27517408,-0.7931327,-1.2227148,1.0421588,-0.38271496,0.93126655,0.61224324,-0.83498895,-0.7509845,-0.74608374,-0.76869124,-0.031512536,0.5579817,-0.35162088,-0.61719584,0.9472034
OC 314,0.12661709,1.1970764,-0.0044450294,1.3231008,2.970819,-0.37156975,1.2839077,0.58803916,-0.4593837,0.66956997,1.5132709,1.5180693,0.58356446,0.63892484,-0.66270286,-0.7083533,-0.9737195,0.43487787,1.3632754,1.4568267,2.47016,-1.4623893,-0.5496123,1.6074128,-0.06311994,-1.958946,-0.4596984,0.37796506,-1.7362351,-1.7600129,-2.7792373,-1.3561023,-0.9513687,0.75547105,-0.15625972,1.3392675,-1.2442125,0.39883357,0.979492,0.5398696,-0.7424779,-0.27091998,-1.2816405,-1.280633,-0.9704213,0.1784332,0.64446753,-0.572134,-0.07118067,-1.6795963,-0.25750282,-0.08413149,1.4370574,-0.5203519,-2.2185056,1.218339,1.0839976,-1.4242399,-0.5595908,0.6302971,0.265618,-0.56953883,-1.9370003,1.1635189,-1.2765746,0.80906737,1.660307
Kuramochi,-1.4297365,1.6995518,-0.10068316,-0.12906992,1.6481513,-0.5774611,1.9852896,3.0057223,-1.2393755,1.4077039,0.45700666,0.35450417,-0.42238632,-0.861238,-0.7882627,-0.5071815,-1.502096,-0.16215722,0.57715,1.6671643,1.3141462,-1.3151355,-0.88107735,1.731496,0.13259612,-0.21768405,-0.3974807,0.15504849,-3.2251873,-2.4817731,-1.0084351,-1.8898088,-0.27678478,-1.0148326,-0.10137127,0.76284844,-0.30587128,-0.4752955,-0.6223096,-0.2616211,0.11606625,0.033546295,-0.50085944,-0.7299058,0.32844248,-0.92520106,-1.2610828,-0.57430804,0.6434691,0.5378815,2.0642567,-0.23253179,0.84511787,0.40917018,-1.5572658,1.3497566,1.663058,-2.554533,-1.1326616,0.11057402,-0.63392407,-1.6631382,-0.47219962,-1.09359,-0.83894485,3.1827974,0.7715423
SK-CO-1,-1.2584354,-1.5541474,-5.032789,-0.2374064,2.0420349,-0.4796998,2.9070654,1.8388138,-2.729912,3.3174388,0.76787984,0.8616027,2.723615,1.6235083,0.36016777,-1.3033084,-1.1288475,-1.7019923,1.1357465,2.3073733,1.7019117,-2.7338743,-0.32897037,0.6382127,-2.8858113,-3.680994,0.2712347,3.469333,-1.3935496,-3.9020748,-2.4765496,-1.9434967,-0.8551269,-0.099775195,-4.667981,-0.9089738,-1.092755,-3.2501817,-1.2053434,1.8686063,-2.109182,0.2962207,-2.008386,-0.5646363,0.6802161,-1.3962791,-0.13003245,-3.8686175,-0.9940932,-1.0712334,0.48450184,-2.32678,-0.34775186,2.8980064,-2.3492858,3.7334082,1.5173382,-0.112676784,-0.8434164,1.5057458,3.540862,-0.46788332,-1.1991667,-0.8027068,-0.38165063,2.294113,1.7097973
MDA-MB-157,-2.8546643,-1.6580968,-0.48130354,-0.40856808,0.61708295,0.3379471,1.5644398,4.053583,-0.4285649,0.24647185,1.5628145,-2.0764127,0.08100845,-1.0141143,-0.4487903,0.39701787,0.63840157,-0.7351629,3.187231,1.2391739,-0.94692516,1.7164767,0.53291076,3.399892,0.22148184,-4.6927948e-05,-0.6285252,-0.31425536,0.17170739,1.6920811,1.0296484,-1.417809,-0.38780105,1.0302424,0.47473353,-0.11765255,0.53233355,1.7026366,-0.18929052,-0.893206,-1.1110182,0.029622704,-0.9861036,1.4921768,1.0215508,0.74941987,-0.4008214,-1.7260605,0.38734037,1.5572897,-0.67449504,0.28841382,0.8002037,0.58484775,-2.6968954,0.48660222,-0.44930398,-2.2256176,1.2421467,1.9508443,0.056686774,0.96692586,0.080891386,-1.0812312,1.4929907,1.7270293,-2.1301703
KCI-MOH1,0.6382561,1.2075967,-0.26700306,-1.4848219,0.011712879,-0.44722345,-1.8843856,-1.4904447,0.86570317,0.64278716,0.29485175,0.60693544,0.16824327,-0.6028121,0.65382576,1.4156001,-0.29812336,0.7238649,-1.0168432,-0.51184547,1.2787954,-0.0014952086,-0.28760022,-1.1045668,-1.5738168,-1.2397256,1.4624654,-1.6825213,0.18619531,-0.5576701,1.4635814,1.4940705,-0.31817412,0.08590266,-0.18589029,-0.97976965,-0.69001913,-1.0162623,-1.8695598,2.4182298,2.2181892,1.1304047,0.6247334,-2.4078803,2.3656733,0.014929026,1.2494419,-1.235003,0.058227807,0.17629175,-1.5262232,0.10364652,-0.73504615,-0.26088133,0.0044435,-0.23449135,-0.16921997,2.527421,2.3286934,-0.3463106,0.30865863,-1.3436588,1.3652924,-1.8848743,0.008908808,1.0783461,0.8794504
Caov-4,-1.4675299,1.9810395,1.303221,-3.072187,0.04607308,-1.7099621,-2.4364398,4.939982,1.0629412,-2.1605322,3.5674212,2.4899166,-2.8273904,-3.5066211,-0.48630238,3.8781793,-1.2972293,-1.3647463,-0.5362709,3.0004528,0.8727937,1.4392073,-0.6170374,2.9539006,2.5269597,3.558059,-1.9347875,-2.7025375,-0.4921696,0.15828489,2.7907858,-0.24002205,3.0115054,1.8914635,1.6933762,-0.34669402,-3.6755707,-0.7119072,-1.23681,0.5006437,4.643977,1.2681758,2.8481412,-3.6210647,3.3277106,-2.3327093,-5.4743867,2.5493302,2.1622465,0.98289436,2.001753,-0.75134957,0.7123034,2.4134665,-1.767607,1.8938996,-2.2365959,-3.6346679,2.591885,1.1607165,-2.1958542,0.8092342,-0.559237,-4.4730134,2.7548552,2.1870775,-0.6580009
DB,-0.88704824,-0.34129184,-0.28172645,1.92206,1.8378295,-0.123208396,3.4324245,2.801413,-0.6025796,-0.49276286,1.5865644,-2.7336915,0.13170649,-2.2936997,0.34232715,0.790639,0.98867553,-1.404695,1.9543539,0.14407693,-0.6496595,-0.56340677,1.0996087,1.6809813,1.1546386,0.6176599,0.47801432,1.8412316,-0.69162226,0.683744,-2.2505443,-3.0875325,-0.3975488,-0.6789509,-1.054147,1.8587042,0.83596873,1.7005526,-0.55125064,-1.7857356,-1.3051897,-1.191184,-0.647068,1.7068757,-0.57435,1.4847736,-0.14466172,0.028595641,-0.31806642,0.5794031,0.59147555,0.0031404346,0.049526844,-0.14027248,-2.1054702,0.65915406,0.48269105,-2.2757378,-1.4689544,-0.118832275,0.40622813,1.0356643,1.7792215,2.0944867,-0.8057773,0.203784,-0.983988
KYSE-270,1.4852325,-2.428632,-0.07518695,-0.44461024,-3.8152678,1.2219073,-2.2987561,-2.3084388,1.7882818,-0.36568984,-1.0896627,-4.010926,0.23405665,-0.5163694,0.10966878,0.41807565,2.295074,0.24882744,0.47727582,-2.2459023,-2.9292264,1.8102231,0.56076765,-2.0225,-1.9785156,1.2948452,2.725214,-2.8059347,2.0639586,1.7523465,2.8023589,1.6539022,-1.6112192,-1.7509619,2.4438798,-2.9491053,1.269395,2.0460823,-1.9341953,-0.0068155862,1.3050113,0.92975116,-0.27549088,-0.56940436,3.153873,1.9681268,2.5771224,-1.799931,0.81752837,2.2028303,-1.2826074,1.6955976,-1.2284137,-2.085387,-0.26353878,-2.5080805,-1.5718428,4.600626,2.5033207,0.71910715,-0.044064164,-1.5237997,1.9818127,-1.4324836,0.17594743,0.5695864,-0.8713517
LN-229,1.5549631,-1.6900957,-1.2204845,-1.2938306,3.1578975,0.5287835,5.039269,4.283442,-0.8471236,-0.80961317,3.568992,-1.2049819,-0.93417066,-4.186354,-0.38270912,0.30087644,3.1919565,-1.4573927,3.0881307,1.0156094,-2.6059308,1.6367644,0.32339942,5.935435,2.6987019,1.1407789,-1.481921,1.2755709,-0.21070439,4.738729,-2.4341238,-3.497222,0.7875433,0.5314313,3.115848,1.7163887,-0.43154088,0.090299845,2.189743,-2.805735,0.35381007,-1.9291497,0.8606813,2.5421512,-1.4032785,-2.2756455,0.029983811,2.829714,1.6597569,-2.6356997,1.1495985,-0.97181207,0.7314042,-0.3876213,-2.8875048,3.6862617,-0.9674463,-4.25429,1.1873492,-1.0956326,-1.6357886,3.2213936,-0.14948377,0.9639304,0.49660417,-0.3378084,-3.8246784
A-549,0.4487829,0.26709992,-0.65814173,0.39582828,1.1980361,0.078525916,0.23640683,-0.55159885,-0.0010008886,0.38491476,-0.37849233,0.40233123,0.15426108,0.963859,1.7784321,-0.28917247,-0.31527734,0.45172143,-0.23612945,-1.1698358,0.35058627,-1.0970138,0.17592992,0.09510043,-1.2706215,-1.0391818,2.1324816,0.86659646,-0.30675694,-0.0019726586,-0.9605995,-0.47622606,0.11652481,-0.24489537,-1.8101176,-0.8735492,0.8634207,-1.56717,-0.28916156,1.0653988,-0.36387643,-0.39474836,-0.19664833,0.60363555,-0.056108475,0.7077953,0.10133607,-0.095469125,0.29424185,-1.0277636,-0.9203729,-0.2799159,0.4747207,1.8940434,0.26593605,-0.7838205,0.5727188,0.56876576,0.16503382,0.046179064,0.48550108,-0.14102021,-0.8083541,-0.62715375,-0.855391,-0.122795664,-0.5068251
NCI-H1435,0.4735736,0.7587762,0.45726016,0.75321066,-0.5448785,0.5205427,0.10805233,-1.463349,-0.7694777,0.6118952,-1.3631892,1.1427175,-0.31713116,1.3705904,-0.23036031,-0.447187,0.63311434,0.29969117,-1.2832441,-0.6075883,-0.17036799,0.0026454143,0.29837644,-1.1170648,0.22051547,-0.42368838,-0.14588359,-1.3789098,-0.55363005,-0.1707855,0.25369084,1.6186049,-0.13954741,-0.86185735,0.6115306,0.7300358,0.22562106,0.36468223,0.41974697,-0.6201956,0.77964205,0.5226223,0.67322695,-0.17415728,-0.6197161,0.32197702,0.8321605,-0.11577404,-1.7279218,-0.1398645,-0.26719338,-0.52283007,-1.3531604,-1.5382059,0.8704065,-1.558459,1.829354,1.0455017,-0.46804032,-1.3062942,-0.41479492,-0.33743578,0.013358131,1.5115086,-0.3929383,-1.8518376,0.7037427
PaTu 8988t,-0.70890313,-0.47469324,-0.6853125,0.20067146,0.020105101,-0.22180127,0.25368524,1.5305014,-0.22826101,0.2070399,0.26766288,-0.7900847,0.5735227,0.024898589,1.348569,0.4711182,-0.60598546,-0.7889356,0.7200681,-0.012625188,-0.14669931,-0.8158797,-0.4763347,-0.20538229,-0.10673639,-0.6922474,1.1822512,1.949534,-0.0133442655,-0.42508006,-0.62025225,-0.37632036,0.33282557,-0.13266057,-2.1136897,-0.6683228,0.0027331114,-1.3961898,-1.0549597,0.06715083,-0.89403546,-1.1464713,-0.38681918,0.16289377,0.05468592,0.6837728,-0.9579286,-0.54349124,0.61510414,-0.28383923,-0.049971666,0.12889901,-0.007593155,2.9510984,-0.5394129,0.11607282,0.15042296,0.2700075,-0.30358505,0.7162744,0.9868454,0.15866093,-0.09752165,-2.0925078,-0.26174274,0.74553263,-0.4621414
JHOC-5,1.0204053,0.09307474,0.6610393,0.45701826,-1.4889529,-0.024740651,-0.339347,-1.5211427,0.31702423,0.088678405,-1.0553432,-0.24449325,-0.49608773,1.1771591,-0.40413794,-0.004345212,-0.61973846,0.37239656,-0.9262277,-0.35465914,-0.38287777,-0.17329164,0.46345764,-1.996907,-0.8594252,0.51844794,0.075637035,-0.5378502,1.0639737,-0.96915495,1.1425759,0.1591444,0.013260024,-0.55475116,0.13219774,0.010190266,0.8643683,-0.0015822947,-0.42709666,-0.14919287,-0.24207014,0.21138985,0.22340076,0.30094114,0.12782678,0.08785753,-0.01398474,0.07906424,0.044600584,0.10881959,0.81930614,0.17185473,-1.1153512,-0.27735034,1.2313297,-0.8650396,0.8210393,0.4586517,-1.0157506,-0.21467617,-0.6717421,-0.40536475,0.49486268,0.11797758,0.2514093,-0.026100043,0.88301337
PaTu 8988s,-0.9416603,-1.000572,-0.2667522,-0.98300844,0.98216546,-0.44188958,-0.2166408,0.02712199,-1.1923635,0.23625468,3.1831875,-1.8281525,3.2199228,-1.3174714,-0.4506134,-1.240644,1.1831638,-0.59521365,0.6183832,1.3545599,1.0537405,-0.42691028,0.2536482,0.73078865,-0.32389557,-1.6503811,0.110220775,0.18722278,-0.9021688,-0.42713928,-0.8425039,-0.54897416,-2.44174,-0.73981804,-0.8208622,-1.3444316,-1.9163433,2.4874902,-1.4883394,-0.25218412,-1.5877028,-0.6974335,-2.6603305,-1.8630319,0.54217255,1.4416797,1.509145,-3.3108606,-0.95085347,2.6285713,-2.381159,1.3465298,1.925388,-1.3786743,-1.2188816,2.002755,1.4680789,0.79440844,2.018109,1.7170373,3.4042342,-0.864118,0.018641353,2.2905803,-0.5108871,0.92986375,1.4988184
RERF-LC-KJ,-1.7907339,-0.71751684,-1.4060569,-1.3835776,0.033158146,0.39575306,0.8374045,0.6026578,-1.0167927,0.4551693,-0.029476788,-0.50463164,0.9151895,0.10297835,0.13581651,0.39028513,-1.2194691,-0.75965667,0.96805936,-0.5541233,-0.39687353,-1.4455637,-0.6990989,0.80807084,0.22138235,-1.1610847,0.058992103,0.40914625,-0.9254173,-0.6257856,-0.51876867,1.2916875,0.7321034,-0.5901581,-2.5970278,-1.249465,0.42876473,-1.7867786,-0.9366334,0.015710313,-1.5971451,-1.6470308,-0.10096055,0.75105774,-1.1225411,-1.6340946,0.33170646,-0.1084306,0.17732587,0.06024094,0.17481436,0.15117967,0.1726344,2.6683464,-0.018258318,0.6629912,-0.07338013,1.1342854,-0.522626,0.2686563,0.5458282,-1.3099338,-0.39313543,-2.15833,-1.8229852,0.46802214,-0.87086165
Kasumi-2,0.74726975,0.48503417,0.26723343,0.27246663,-0.9114455,0.026931103,-0.0030074194,-2.350944,-0.046326995,0.5431144,-0.81764567,0.4295282,0.041066185,0.59412664,-0.4693484,-0.89260423,-0.21138676,0.2504788,-1.2028903,-0.008830521,0.20715152,-0.1815861,0.36330557,-1.3503542,-0.31139094,-0.006800227,-0.653023,-0.40257382,0.10953307,-0.77146447,0.32306233,1.0760999,-0.18018514,-0.520723,0.6613126,0.5122464,0.5726755,1.016363,-0.15923843,0.48938495,0.09101311,1.1148634,0.32943648,-0.33111057,0.007888675,-0.74057424,0.845145,0.08843868,-0.29242334,-1.0462843,0.23953117,-0.12781157,-0.7245403,-1.124188,1.0659361,-0.2021682,0.694515,0.50251424,-0.8554336,-0.7054155,-0.8557214,-0.7813889,-0.18042234,1.2019637,-0.24006541,-0.78988546,1.163929
EFO-21,-0.3689357,0.176348,-3.0130436,-2.0492473,0.8779643,-0.53609467,-0.08970575,1.0473199,-0.691843,1.6357454,-0.25679776,-1.5938241,1.4419669,-2.3734598,2.4027615,-2.1774979,0.4540323,-0.64954174,-0.7597962,0.13304675,-0.8470089,-0.338072,-0.21794727,1.2287874,-0.3220535,1.3474321,1.3009787,1.0481817,-0.7290859,0.8153955,-0.12970668,-0.94603753,-0.76629126,-1.2687793,-0.45105785,-2.726483,0.63788337,-2.108746,-0.77039194,0.94442165,0.45039874,0.78035575,-0.10309392,-0.3411571,2.8971019,0.2776132,-0.33576784,-2.2078323,1.468933,0.67313075,0.14878413,-0.25618917,2.5367553,1.6088111,0.80378866,1.8989434,1.3607314,-1.1332271,0.62565434,0.74010277,-0.08409839,0.11749104,-0.918846,-1.0794569,-0.4800684,2.2885692,-1.2583504
Rh41,-2.0720053,-2.3713338,-0.50216174,-0.8187509,1.2790203,0.019896038,-0.01485952,6.037777,1.3245821,-0.11757727,2.0534155,-1.5929441,0.863614,1.2590468,-3.3086727,-1.3820214,0.68725544,-0.88512754,4.1969194,2.9791245,-0.5487827,0.88476133,-0.21894324,5.866587,-0.32732606,0.47058025,0.26566637,0.8183962,-0.05114156,-1.7462673,-2.0668836,-3.4143436,-2.3696818,2.0404847,5.2414618,0.9842108,-0.89057946,4.387186,1.9615265,-0.7626384,-1.6863558,0.48878467,-2.6643097,1.3015429,0.71963716,1.5757617,-0.97831964,-0.7174693,0.9747966,-0.08060995,-1.2267823,-0.34227097,1.5796081,-3.182536,-3.6940222,2.129738,0.40959036,-4.2072215,0.03739342,4.095429,0.87185633,2.1742198,-2.102541,-2.2850962,4.493316,5.3032846,-2.2275124
NCI-H146,0.15863442,2.8063664,-0.19650976,0.74461424,2.9605896,0.18559264,0.1803357,0.5842051,0.05017616,-0.24065858,0.89290535,0.22503717,-0.11531902,-2.1850002,0.5337493,-0.77133864,-0.41003585,-0.112652496,0.24711058,1.2007319,-0.069312125,-0.6180162,0.14359201,1.5417022,0.71716595,1.3552235,1.0597615,0.038163237,-0.86597115,0.4175937,-1.3482234,-2.0698867,-0.035216503,0.0605492,1.1324583,0.53904223,-0.7548843,-1.2856013,0.5008318,0.051930472,1.3227464,0.5555888,0.29526606,-1.1463244,1.1879684,0.44651634,-0.36771935,-0.0407572,1.4652839,-0.54411334,0.0831403,-0.10778116,2.3881202,-0.4857745,-0.9942551,0.9786334,-0.021740317,-1.274652,-0.689753,-0.82347524,-2.3525913,0.015949458,-0.9136773,-0.32881832,-1.0582399,1.1451234,-0.45558676
769-P,-0.35410225,1.8239009,-0.03384909,0.10794298,0.020963572,-0.4701149,-0.6631702,-0.7055888,-1.8082622,1.1711634,-1.15785,0.91833115,-1.5005746,0.4251725,1.4398412,1.1719651,-0.22964719,0.1947735,-0.9039863,0.9809886,-0.2952407,0.6994286,0.38389564,-0.75433314,1.501095,2.939535,-1.6142837,-2.1197658,-0.08283055,-0.40388015,0.890616,-0.44516328,-0.46256673,0.13446903,-0.28777552,1.0566266,0.081882775,0.7033001,1.5691451,0.8584217,2.0294626,1.6294419,2.2267,-0.44268316,0.553873,-1.4767874,-0.61065125,-0.35181963,-2.1093273,1.4459468,0.17716654,-0.88832986,-1.652289,-1.3367212,0.7648186,-0.20622717,1.2091235,-1.4764651,-0.6620749,0.87296385,-1.7908616,1.2827511,-0.0022241138,3.499491,-0.1308485,-1.8811876,-0.6010974
Namalwa,0.24632135,0.25414726,0.42633048,0.5143893,-1.252949,-0.010617163,-0.31526738,-1.3743947,0.23109156,0.051462285,-1.2942948,0.013433748,-0.5735465,0.88040555,-0.20673116,0.15838695,-0.94348806,0.44791526,-0.80047727,-0.44592327,-0.21854676,-0.14509872,0.47013122,-1.8599917,-0.8280707,0.3895163,0.5050541,-0.31200948,0.5361517,-0.51321393,1.2952191,0.32810122,-0.0126207685,-0.55662847,-0.27240497,0.11568646,1.0648563,-0.25755388,-0.64278764,0.20653775,-0.08818932,0.42108566,0.38726425,0.29602382,-0.07019521,0.017658383,-0.09020148,-0.080412015,-0.1428412,-0.34411395,0.64141834,0.24847178,-1.0887686,-0.22119302,1.0546216,-1.271477,-0.31784266,0.64008105,-0.6951698,-0.18468122,-0.68588126,-0.46243578,0.5794851,0.13385633,0.11349014,-0.0015562475,0.6547333
NCI-H1792,-0.28530002,-0.51169115,2.0767252,0.4784605,-0.9507118,-0.07351843,-1.3381792,0.42214647,1.2350093,-0.28842825,-0.0019104183,0.051723704,0.6052225,2.4953094,-2.2082994,0.44755664,-1.8499337,0.11797358,0.299273,-0.32197678,1.0424802,-1.2650899,-0.9817779,1.1169989,-1.1001952,-0.8594241,1.4522415,-0.40250695,-1.5198425,-2.5809076,-1.3939629,0.16776685,-1.1116848,0.091856174,0.8890521,0.24877551,-0.7249982,1.3251578,-0.34480703,0.38619205,-1.0027094,-0.603259,-0.6671031,-0.23910087,-1.6532061,0.47508422,-0.08444135,0.91606456,-0.5134957,0.5406811,-0.35495475,0.3708351,0.6151278,-1.3510381,-0.5224354,-1.039852,0.48573613,0.88473696,-0.7587528,1.3477436,0.84877765,-0.6812649,-1.6296836,-2.0894554,-0.43246838,1.8857981,1.0623401
GP2d,0.42655438,0.7497335,0.6691874,0.67935413,-0.82222354,-0.271949,-0.2735957,-1.2871187,0.37037814,0.13964295,-1.0347881,0.82739663,-1.9828174,1.0706255,-0.59078276,0.15650424,-1.3401605,1.4346614,0.07691778,-1.089376,0.9758518,0.7236526,0.04034593,-2.688609,-1.060003,-1.1624926,-0.60736805,-0.9699531,0.73630697,-0.36997908,2.5141287,1.8458074,1.1993642,-0.41265136,0.14132182,0.37366027,1.5616868,0.83426833,-0.26370412,-0.17453063,-0.1673261,0.28628314,-0.32429874,0.30951077,0.32980603,1.2056876,-0.19380634,-0.62706906,0.25404257,0.9900162,0.8153117,1.2646004,-0.97310203,0.47185385,0.45681378,-1.8596661,0.70655525,0.18291523,0.6284007,-0.8882291,-0.16592598,-1.8539314,1.4464104,0.6072073,0.23488042,0.15982863,1.6031533
RS4;11,1.6953993,1.164366,-0.09358826,0.025126874,-0.18532321,-0.65544814,0.06263679,-1.5125837,0.24206501,1.8336532,-0.9167453,2.4902692,0.12758893,2.0686142,-1.176473,-1.4132217,-2.4167457,0.4871735,-1.848594,1.6070479,1.7258823,-1.1955991,-0.12029068,-0.53474915,-1.4260657,-1.243071,-1.0542909,-0.46211392,-1.5602626,-2.8515258,-0.5982778,0.5609021,-0.697779,-1.4025487,1.323145,1.2360132,0.25256583,-0.73730314,0.36158127,0.9515679,-0.018224943,0.5899523,-0.083365336,-0.8823614,-0.24205515,-0.3018117,0.028933063,0.270463,0.062339105,-0.94075215,1.4790788,-1.1225126,-0.68997794,-1.2542957,0.35942167,0.8205897,1.5411769,-0.68159467,-1.1362716,-1.1160913,-0.67477286,-1.62223,-0.9129511,-0.23725124,0.010066524,1.2853259,2.8321362
NCI-H1869,-0.48160332,-0.047200974,-3.7796364,0.4407541,3.3155594,-0.35171884,1.0356494,1.8296129,-0.92369074,0.98601305,1.2458413,1.6329538,0.03179959,-1.574906,2.525962,1.1167903,0.5838392,-1.8694935,0.74947554,0.6163887,-0.42035472,-1.3145467,0.24454972,0.14706989,1.1780796,-1.4765095,0.29122272,2.8907769,0.50734603,1.0018687,-1.9964966,-1.3115355,2.2537477,0.5494486,-3.983838,0.35422695,-2.2938423,-3.9336874,-0.19393677,0.4887259,1.328966,-1.3169655,0.67574364,-1.5216663,0.60788405,-1.7949432,-0.5772177,-0.4558004,1.6504021,-2.749226,0.56524414,-2.380696,0.115243785,4.5732136,-2.087902,2.1763878,-1.5407476,0.23711105,0.0073781163,-2.044864,0.32646516,1.6018225,-0.74602664,-1.7364658,-0.82080615,-1.6547899,-0.44410944
LCLC-103H,-0.75274384,1.3535903,-2.5537574,1.8455124,3.023497,-0.33844733,0.118415505,4.826888,0.6133635,0.6026743,0.37752193,-1.8050995,-0.03999237,-2.0113451,-0.18694273,0.010663688,0.37596557,-2.4620297,2.0113745,1.9402673,-1.0885646,0.6403583,0.43337557,0.7390677,-0.21352759,2.5802133,1.6794218,2.1663103,-0.5452031,0.2406414,-1.970818,-5.856658,-1.8007369,-0.36876374,3.6049974,1.9117873,-1.2573266,0.5345804,1.4014322,-1.0890908,2.6729336,1.8559302,-1.7569834,-2.615599,2.273379,2.7406354,-0.09346202,-3.436282,2.087226,1.152044,1.7966037,-0.2477133,2.5247948,-3.3829908,-3.2347379,0.8707153,0.5089558,-2.22833,-0.46007174,-0.704008,-0.53627586,1.3700062,-0.3951289,0.37450477,2.0665169,3.4782965,0.43783593
SK-LU-1,3.9649854,-0.9821111,-3.1707532,4.0466843,4.02371,-1.6823168,1.0574892,1.4390312,1.7032099,-2.0572436,4.020062,-0.6552118,3.4828396,-3.2488198,-0.1229907,0.15084112,2.659952,-3.9762826,1.8211267,2.7024012,-0.6055953,-2.4153075,-0.5788033,-0.5718515,2.4436874,0.59711593,0.58396417,7.916882,0.7173505,-0.021270515,-9.453819,-6.349329,-1.1096352,0.88081765,1.2513633,3.6734707,-6.895036,-0.7110615,2.3368878,-0.6103778,-0.04469119,-2.1650984,-1.4230763,-3.3877878,-3.7395601,1.0823858,-0.46491468,1.7274939,2.355418,-3.613059,1.039232,-2.1480062,2.0014567,-0.48969343,-3.9345016,5.735536,-4.569306,-0.9988107,-3.924233,-2.179492,2.8703194,4.1424775,-2.784321,1.81174,0.1230607,-2.406864,2.1413214
COLO 678,-0.7833921,-0.26779655,-0.82342696,1.6203866,2.0082564,1.7102803,0.56547344,-1.9420726,0.5612694,-0.6456039,-0.11768964,-1.1179295,1.5856915,-0.3312937,-1.1173329,-0.3159701,1.3182552,-1.353326,0.8642892,-0.049148783,-1.6718891,-0.5253609,1.2381556,2.9567962,0.1516673,0.75422406,1.0211959,-1.2250514,-0.789145,0.513876,-3.9537597,-1.2124054,-1.0714598,-0.44255805,0.18358496,1.3458155,-0.8659549,-2.9229443,-0.0522283,1.2660856,-0.620381,0.013955988,0.5419674,0.7933213,-1.3809395,-1.8112832,1.8118677,1.0649112,0.11816645,-2.1684978,-1.0515773,-0.8841986,0.78342384,-1.5245669,-1.3731948,0.8576695,-1.9544687,1.2013327,-2.8383613,-1.8720723,-2.5267978,0.24457783,-1.547851,0.09786888,-2.8736467,-1.6325359,-1.8169864
SLR26,-0.35474825,0.41648662,1.176091,-0.056403205,0.27871016,-0.56465024,0.91661584,-0.12915756,0.098322466,-0.13089874,-0.23618685,0.47285107,0.68940514,0.25475305,-0.09117246,-1.7762178,-0.97304827,0.17633876,-1.6178613,-0.51295006,1.3431299,-1.079243,-0.50369453,0.32401228,-1.093321,-0.2742799,-0.2489742,0.83159816,-0.9138535,-1.2689617,-0.7370023,-0.3276029,0.12582155,-0.36063763,-1.5663388,-0.24344686,0.47373006,-0.76586866,-0.9150365,0.6203512,-1.3921243,-1.1293857,-0.7242468,1.2777746,-1.2413478,-0.45806473,-0.75825346,1.276331,-0.7978159,0.2823979,0.5122687,-0.37225032,0.42821887,0.36312628,1.097249,0.268826,0.4086287,-1.0466818,-0.6786274,-0.3750866,0.847127,-0.569901,-0.078339055,0.5838241,-1.4363426,0.5371753,1.0261039
ONS-76,-1.1943066,0.4447425,-0.5147018,0.23665813,1.9114294,-0.11782357,3.522209,7.091345,0.11754991,0.9676487,1.061946,0.20514674,-1.757545,-1.1840614,-2.8024602,-0.6091685,0.08124064,-1.3502641,3.2057505,3.2456849,-0.7849358,-0.2457298,-0.72356606,4.9735613,1.0720754,1.7624018,-1.6443069,0.41568458,-3.0088036,-1.7745267,-3.0434794,-4.658282,0.0293089,0.24758643,3.9295197,2.675869,-1.2457271,0.8815615,1.6157806,-1.882833,0.5250564,1.1872227,-0.3592236,-0.00017461414,0.042134907,-1.9391624,-2.7110515,1.852501,2.3201437,0.10982293,3.848746,-1.5608739,1.2244347,-0.86090505,-3.6747146,2.8942928,-1.3010604,-5.9341717,-1.8531337,0.0032088328,-2.2879548,0.44625404,-1.7887286,-3.3801608,1.8644693,4.120784,-1.3357099
NCI-H2029,0.71050423,1.6898642,0.8009527,-0.16468322,1.1568683,-0.23371847,0.6196955,-0.29482654,-0.13748401,0.6802212,0.018758623,0.4235472,-0.4235988,-0.6783823,1.3278822,-0.54429555,-0.3330126,0.95494246,-0.93975544,-0.68036467,0.82269865,-0.58805704,-0.26005074,0.8881669,0.48784015,0.38915586,0.87476015,-0.86915445,-1.8869915,0.13353293,-0.90704733,-0.54460144,-0.49265137,-1.1545618,-0.48412055,-0.24706182,0.29512668,-0.904994,-0.32929116,0.87499636,0.13075761,-0.10024355,0.44222748,-0.2864946,0.15325932,-0.07107415,-0.022009779,0.84625936,-0.005809255,-0.43725666,-0.20001842,0.38746935,1.0722201,0.31852296,0.5230923,-0.019051522,0.91080844,-1.1011529,-0.27438083,-0.14530861,-0.7013887,-0.93418443,-0.451285,0.5993351,-1.7259978,0.5713754,-0.48846632
Hs 840.T,0.4730367,0.20957054,0.67572856,0.40200412,-1.436719,-0.098067865,-0.27338398,-1.5350065,0.35171136,0.08438756,-1.0355322,0.04177495,-0.46876764,0.7914545,-0.4586678,-0.07578842,-1.4309433,0.28772795,-0.9261926,-0.32940525,-0.5013467,-0.061847553,0.45812276,-1.8995901,-1.1277099,0.49364367,-0.25558078,-0.31309122,0.7131039,-0.91902685,1.07728,0.23291685,0.008012949,-0.061266094,0.21599792,0.007107552,0.80421036,0.28497434,-0.7156522,-0.04522821,-0.09433694,0.3784965,0.5615089,0.1858301,0.074792705,0.21831751,-0.5114269,0.12600878,0.031450387,0.46225035,0.8229903,0.18587856,-1.109003,-0.25084734,1.2352934,-0.94685596,0.7450721,0.4748639,-0.8850101,-0.18222815,-0.74721485,-0.54190546,0.41571933,-0.015022256,0.4658324,-0.054483328,0.8718438
HuP-T3,-1.5000571,-1.4805886,2.673787,0.48865473,-7.4356217,-0.5003077,-3.5588696,4.7641807,1.6228437,-1.2953587,-1.6159081,-0.31826022,-1.5552992,-0.31999993,-0.7221972,1.8644328,0.093438484,-0.7054591,-0.9168362,-0.15708631,-1.6808707,0.8944372,-2.008687,-3.946631,0.81396556,0.92557514,-1.4461334,0.100244135,-0.29382476,-2.4759338,3.5774238,2.6971836,-0.08347604,-1.6597204,-0.24379869,-0.51916367,-1.6673867,0.049642555,-2.1312435,-3.4712987,-0.74654245,-0.5719851,-0.25856748,-0.6772745,0.9894059,1.8168219,-4.2268376,0.37863111,1.483835,0.975277,4.478282,2.98272,-1.6554947,3.3197472,1.5931565,-2.2300081,-1.6708362,-0.27487105,0.3007429,0.9386511,2.2378144,-0.040327787,1.1070105,-2.8827038,5.7676954,1.7691094,1.0037553
SNU-886,-0.22939923,-0.030214094,0.1398611,1.0010974,1.1306952,0.5916698,-1.1673052,1.0695564,0.54247993,-0.7260405,-0.791833,-0.17148519,0.18099055,-1.4650761,0.20814797,-1.1811528,2.5091753,-0.5675411,-2.2244701,1.0575438,-0.7257604,-0.014848348,0.48542148,2.6063173,-1.1993293,1.8367177,0.21154602,-0.8368483,0.4566586,0.37979642,-0.9841909,-0.937888,1.3126724,0.883806,1.5715,-0.70176774,-0.6238579,-0.2760271,-0.71400696,0.9447069,2.1164203,1.3288604,1.6927865,1.2775887,0.6830545,0.34790346,-0.54757845,1.378407,-0.9170023,0.3338742,-0.20713659,-2.9363453,0.28086486,-0.9217915,-0.21736805,-0.49264285,-1.2258848,-0.8841932,0.5432054,-1.6619488,-1.5135285,2.5478806,-1.3358697,-1.0498312,-0.07879019,-1.6283878,-1.4359602
AsPC-1,-0.8926487,0.41306984,2.1673417,1.3127265,0.032406818,0.02489239,0.6130152,1.5210468,0.41735718,-1.0128556,1.6856456,-0.92033666,-0.8274937,-1.7557489,-0.16749719,1.4344507,1.3268766,-0.68769073,0.9789327,-0.09340745,0.07594255,0.7204789,-0.013736084,1.1840265,2.3284702,0.76637995,-0.75770575,-1.3350183,-1.6385728,0.21747005,0.26433325,-0.4719957,0.015227795,-0.1913664,0.40208334,1.6931019,-0.67114353,1.097189,-0.32609376,-1.4528722,0.05643412,-0.56282794,-0.19757254,-0.9590672,-0.8783109,0.02386297,-0.06263135,0.19224344,0.4864969,1.5463821,0.25308818,1.9350917,1.176751,0.0883085,-1.3893565,-1.434222,-0.3743137,-1.4303885,1.0043007,-0.2239783,-0.5699418,-0.57365084,-0.06784777,1.5823942,-0.3930169,-0.7452791,-0.16630994
Granta-519,-0.20370404,0.63711864,-0.2005513,-0.75658864,-0.84562916,-0.7162762,-0.43573475,0.34781313,-0.025316533,1.0149074,-1.0886986,1.2515773,-0.5251532,0.8876633,1.0007095,-0.036458515,-1.3095192,0.12567258,-1.7571087,-0.5462264,0.3681985,-0.36737198,-0.18846987,-0.530667,-0.20373955,0.27333426,-0.6041023,0.054480106,-0.9942193,-1.1247535,0.45196044,0.7303599,0.041015655,-0.80109257,-1.5270841,-0.28619918,0.3499034,-2.2258105,-0.6697651,0.90243006,-0.08693501,-0.35686567,0.6107275,0.074494556,0.2562907,-0.85624224,-1.5496947,0.40180376,-0.27101392,-0.15248732,0.8174356,-0.3624799,-0.5365428,1.9028144,1.7472924,0.1832292,1.3319219,-0.9610332,-0.5649543,0.10365972,0.42749438,-0.47439417,0.0019074343,-0.39442715,0.1590465,0.7652629,-0.25463372
HT-144,0.58720815,-0.06775887,0.965535,0.15268728,-2.2727385,0.1683992,-1.048558,-0.66351664,0.69587946,0.06600897,-0.7710736,0.8453482,-0.46376386,1.5525846,-0.67613065,-0.12405053,-0.14132696,-0.023332097,-1.126337,-0.22454588,-0.4886887,0.09153417,-0.17924286,-1.6930661,0.7319851,0.29318666,-1.0791185,-0.35059363,-0.56294346,-0.7318202,0.71925384,1.4437816,-0.6346177,-0.9731786,1.3980719,-0.30727962,-0.5451864,0.16413808,0.18685392,-0.570854,-0.26450455,-0.049575195,-0.0024241358,-0.64469695,-0.32451266,0.40622783,-0.22709888,0.5895238,0.1714069,0.5458991,0.95486224,0.86808354,-1.1173352,-0.31498504,1.3673927,-0.6691098,0.035165906,0.34550333,-0.51048696,-0.38912523,0.40240666,-0.90071934,-0.33424357,0.06481846,1.6425776,-0.15468803,0.9350816
NCI-H838,-0.72901636,2.174871,-0.035017483,0.1329636,-1.2914193,0.29518193,-1.4531968,0.97444046,0.3880928,0.8464277,-1.2586397,-2.4686277,-0.42234927,-1.6419741,1.1272609,1.083229,-0.4834261,0.09108317,1.5491985,-0.56592023,-0.93420124,0.7899662,-0.5541915,-1.1851732,0.77468175,1.6176183,2.3121967,-2.2855797,-1.2156416,-0.19408838,1.9966767,-0.5421791,-2.3771756,-2.2814565,0.9546163,-0.1558284,0.71220726,0.348032,-0.74575925,-0.08034699,1.1385332,1.894407,-0.65161216,-2.3288505,2.8260534,2.1764421,0.97870517,-3.5754378,0.9169561,2.3570259,0.48371616,2.5059438,0.6921107,-1.6090955,-0.9419033,-1.7596732,0.61275923,0.643769,0.6769198,0.8998483,-0.9868753,-2.5986142,1.1136004,-1.5000706,0.011303946,3.4310834,-0.2506734
EN,-1.8253589,3.203897,-4.4547744,-0.8208396,3.883169,0.020383954,0.39695948,1.6709051,-2.3726964,3.8894398,-0.16579448,5.1193876,-0.73212206,1.0083889,0.86829615,-0.46788552,-2.8105202,0.31344667,0.99031574,2.7252214,3.487713,-3.089955,-1.5004084,1.0737394,-0.2518393,-3.91851,-0.7792891,-0.6080739,-2.5788882,-3.3898852,-0.8794758,0.5683737,-0.015091041,-0.045711122,-2.2528038,1.222302,-1.1301684,-4.590271,1.4412259,2.2627828,2.528338,1.9900006,-0.42383045,-4.564527,2.895661,-3.272445,0.46974802,-4.5900307,1.2965761,-1.441953,1.1347256,-1.2218854,1.0555722,2.0648758,-2.7677722,1.7704586,2.445888,0.5071072,0.5214514,-0.29792696,-0.3636167,-2.9608197,-1.1045827,-2.462608,-1.28187,3.002313,2.2306464
NCI-H510A,1.4777308,0.03837658,0.13752052,0.9994409,0.5295063,1.2818649,-0.5721087,-1.9294921,0.45301607,0.37964898,-1.5655484,0.33016026,-0.50458306,1.5140754,1.4390709,-0.042627912,0.6503513,1.1069635,-0.33916897,-2.573389,-0.6022171,-0.53197235,0.9671553,-0.3663031,-0.7027291,-1.4638401,2.5367966,-0.56591177,0.045366276,1.1389769,-0.23727065,1.7317097,0.21890296,-0.544767,0.24204303,-0.8943306,1.7783039,-0.95647275,0.02210208,0.7537709,0.5613613,0.4306871,0.61307716,0.28622404,-0.33198643,0.7162663,2.143084,0.055619452,0.29553315,-0.5739403,-1.7914231,0.23025998,0.14403258,0.73392254,0.5668658,-2.8499095,1.0713758,3.0403385,0.4243766,-1.4493195,-0.6162617,-0.8045036,-0.47493368,-0.99146175,-1.9092174,-0.9898577,-1.6913502
COR-L88,1.4587085,0.6925055,0.3334645,-0.072114035,-1.1041231,0.057003602,-0.35428995,-2.166611,-0.13935453,0.68002963,-0.50299513,1.1433027,0.33031285,0.7324021,-0.3461057,-0.9913116,0.101847336,0.6713539,-1.4587309,-0.034940265,0.47521043,-0.12377156,0.16431054,-0.912329,0.09249288,-0.28649324,-0.5102235,-1.3851289,-0.36191672,-0.565101,-0.07630107,0.89097637,-0.80802834,-0.4213815,1.2825072,0.2759928,-0.2503047,-0.32661444,0.37510318,0.8923846,0.4217965,0.4797151,0.39250275,-0.9443429,-0.3054156,-0.23845363,0.807403,0.06322849,-0.11959069,-1.1113373,-0.19517505,0.02764098,-0.51304823,-1.4074308,1.1373992,0.098201275,1.050212,0.79553664,-0.38582277,-0.89514804,-0.32218575,-0.91625535,-0.25193486,0.8706749,0.075539894,-0.69147116,1.0493164
Detroit 562,-0.33798468,-0.04390772,0.8086816,0.3974807,-2.1361706,-0.11472882,0.13654476,-0.8488982,0.48053014,-0.05674689,-1.0265497,0.10300734,-0.8493875,0.73628795,-0.40346795,0.3334753,-0.95900804,0.022631794,-0.7827676,-0.3949957,-0.15587509,-0.14827791,0.33088717,-2.262371,-0.7457613,0.69662946,0.082832664,-1.1614261,0.8650533,-0.4025529,1.5776111,0.52995914,-0.050977156,-0.5974058,-0.17471719,-0.14358011,0.5750337,0.08015103,-0.5969223,-0.3549055,-0.22808737,0.5548276,0.42085785,0.19384168,0.60541105,0.12954617,-0.88115966,-0.047151,0.23231429,-0.44292435,1.0709239,0.52533215,-1.3148096,0.06853551,1.0496933,-1.0660601,0.42868993,0.42265174,-0.7324412,0.021815144,-0.432007,-0.27155924,0.42286333,0.069035485,0.8402279,0.22576943,0.76897055
NCI-H2444,0.46218675,-0.7783813,1.8808084,-0.6421979,-1.1682914,-1.2597532,-0.7536204,0.7745227,0.8777862,-1.1449902,2.1140308,-0.9110346,1.0006862,-0.13375056,-0.8043215,0.14692603,-0.044285014,0.35880548,-0.26935035,-0.24588811,1.7016292,0.21784218,-0.4500664,0.8972943,-0.24454276,-0.55567634,-0.04517213,-0.46155047,-1.3241334,-1.3589585,-0.4581508,0.022164717,-1.6172503,-0.58477694,-0.35973218,-0.48848307,-1.0870159,1.5487258,-1.4072645,0.79484594,-2.4219918,-0.9884252,-1.3213431,-0.36975795,-0.5888765,1.1125206,-1.1098156,0.7850152,-0.51437604,0.6183863,-1.3994036,1.7528789,0.78202343,-0.09488482,-0.11025876,0.9272977,0.11729177,-1.0286448,0.55704343,2.405809,3.128146,-0.32603714,-0.014058572,0.8438874,0.54769075,1.4635913,0.7290186
GSU,-2.188092,2.121882,0.40965343,-1.1356702,0.06732003,0.055992536,-0.5381173,-0.15492058,-2.9517524,1.432913,-1.58065,1.3435729,-0.8299766,0.13407783,1.2582933,0.98135376,-0.061871454,0.82539594,-0.8459226,1.9186481,-0.02407433,0.8472224,-0.6367975,0.3348841,2.7852736,3.1655602,-2.9838939,-2.368775,-0.5859961,-0.071638435,0.81524366,0.7889519,-0.12972206,0.66984636,-0.22347373,1.0364853,-0.75595045,-0.46970034,2.1445656,1.1039064,1.9556136,1.0588641,2.8583374,-0.9187028,0.44389212,-2.934614,-0.6337381,-0.4185011,-2.8054562,1.9342433,0.21092135,-0.95515627,-0.7733284,-1.1639359,1.1726559,0.97597545,1.0046383,-1.4699051,-0.42397365,1.0458794,-2.6601074,0.6630842,-1.0159061,2.6711752,-0.637936,-2.3883297,-0.8430898
VMRC-LCD,0.71661013,0.022473723,0.22739063,0.5842015,0.6130589,-0.30376086,2.2290676,1.8094269,-0.71042025,0.44734263,1.247496,-0.77559954,-0.8029405,-0.9737881,1.4170345,0.21893163,0.782087,-0.3203003,0.48878872,-0.5054956,-0.27295068,-0.6162226,0.41325003,1.2953547,1.3479974,0.77888566,0.41713694,0.61022013,-2.162258,0.41942328,-1.4178419,-1.392589,-0.14959316,-0.73867106,-0.5028815,0.09494309,-0.14542411,-0.47100183,-0.028478421,-1.3652054,-0.43473992,-1.217685,0.11190637,0.28238747,-0.4498729,0.28568402,-0.8027435,1.0552368,0.6314046,-0.85616124,0.45487496,0.66602015,0.5763744,1.6492815,-0.7286934,0.18131748,0.78090256,-2.271544,-0.68769544,0.037522044,-0.07045358,-0.28096944,-0.75159085,1.2187306,-0.50484324,0.22855534,-1.0962294
HLE,0.62895125,1.5096182,0.48513156,0.7869383,0.9289076,0.7826978,-8.584838e-05,-0.5633318,0.32171074,-0.09692422,-1.4075822,-1.4578305,0.35281175,-1.1009272,0.3344629,-1.5029075,0.98883337,0.13333093,-0.2206283,-0.07346872,-1.0443602,-0.4564416,0.02336292,0.69601244,0.0080964975,1.4633805,1.5373478,-0.95770097,-0.8110534,0.08345415,-0.65770876,-1.2934778,-1.1043435,-1.1744077,2.0305471,-0.22226538,0.7268568,0.5330452,0.20424652,-0.114013955,1.0289518,1.1117053,0.45069578,0.17663117,0.58884203,1.0768757,1.0684642,-0.2993824,0.06886442,0.94075155,0.53705543,-0.053269565,1.2800593,-2.666439,0.11072174,-1.2093862,0.49738708,-0.04032219,-0.6393362,-0.9332196,-2.4010472,-0.529584,-0.4988672,-0.26357052,-1.3119103,0.6954925,-0.48639804
NCI-H524,2.5955555,0.025675207,0.22704327,0.26639098,-0.24393961,-0.10330356,-0.679169,-3.000312,1.898715,0.008452475,-0.004211366,0.1761447,0.43372357,0.51575315,-0.012068734,-0.6134088,-0.34809363,0.7841593,-1.4536843,-1.0407959,0.4698388,-0.5604368,0.3934818,-1.7326293,-2.9181554,-1.4149759,1.9888508,-0.3241111,0.5816482,-0.6752656,0.09048677,0.3545227,-0.38688207,-0.5090903,0.7103925,-1.1008056,0.2653905,-0.005360253,-1.2444817,1.4284724,0.49346206,0.84074646,-0.21446188,-0.73182905,0.8050681,0.69215393,1.0978519,0.20908713,0.519844,-1.1050953,-0.534324,-0.58756894,-1.0200365,-0.7427812,0.36425155,-0.9452917,-0.15030003,2.0731406,0.24848518,-1.0969346,0.29309723,-0.902878,0.80736184,-1.3157318,0.1856985,0.67761153,1.5871148
SNU-719,-3.7177985,-1.3286669,-1.155103,1.3317969,2.2231958,0.45281535,2.4914465,7.8206477,-0.7526149,-0.0010114312,2.86711,-4.14879,0.97769356,-3.7478542,-1.8224273,0.9259881,2.748848,-3.3101368,6.213473,2.9204693,-2.8440726,2.078845,0.53396225,3.1443415,2.2145023,1.4311812,-0.73975796,2.0886436,0.53178155,0.8337963,-2.632396,-4.890716,-1.4712846,0.2586457,3.0731297,3.2003195,-1.6990433,4.3763614,1.589359,-3.9403327,-1.6029795,-1.5585773,-3.1470237,0.15205826,-0.46220058,1.7829591,-0.8291388,-1.6887066,2.07557,2.4039297,1.3998672,0.39018014,1.1148942,-1.9712862,-5.902289,3.503769,-1.896076,-3.4321804,-2.9313056,1.09889,-0.22438747,2.0287495,1.7161689,1.0137942,2.6103158,2.270478,-2.128765
Loucy,-0.17018497,-0.9648915,-0.5381781,-0.07403678,3.3195298,1.0410502,4.021671,3.1669784,-1.1688625,-1.0416317,0.11792925,-0.35437262,-0.11245622,-0.6546279,-1.8256619,-0.44359255,1.6369699,-1.453162,-0.47411048,0.3878639,-0.04395664,-2.251622,1.2165085,4.136605,-1.5681427,-0.11745498,1.8124251,2.5330844,-0.8521199,-0.77349454,-2.9063199,-3.095839,2.115134,0.2490983,1.4951532,0.69621533,0.5820962,1.0756614,-0.33485323,-1.6400911,0.75576925,-0.21402624,0.53200835,3.6938405,-1.9659054,0.10549736,-0.41768944,3.0776052,-3.4170752,2.2781477,1.5273399,-3.927137,-0.76625067,-3.3117268,-1.0894394,0.37648734,1.7588774,-1.5443859,-0.11782332,-1.4232439,0.41933253,2.6621091,1.3856177,-0.76354176,-1.2927873,0.47221202,-0.97137153
SNU-61,-0.8742327,-2.1375194,0.77474624,-2.073734,-0.7655693,0.6085186,-1.3824029,0.5111227,-1.5682708,-0.93905807,2.5622776,0.26493862,2.6889212,-0.76760954,1.54179,-1.8537381,2.1126776,1.1712034,-0.3937195,0.58968025,0.8422586,1.2851785,-1.4791831,1.327096,1.3122482,-2.7457645,-2.273086,0.5144159,1.0819187,1.0503685,0.98650545,3.9922185,1.0275744,2.5267289,-2.1716886,-2.9228094,-0.49610227,0.28413793,-0.5938977,0.7971755,-3.256641,-2.0274858,-0.104008704,1.0230762,0.23115513,0.886935,-0.5187929,-0.39888823,0.6956366,-1.6142182,-2.8472493,0.95123,1.2488766,4.9266043,0.8430812,2.2123206,-0.37288764,0.039737817,2.7819986,1.9193057,2.5735013,1.3065529,-1.1823932,-0.15196165,1.0614269,-1.471731,-1.2952056
NCI-H196,-0.01037468,-0.15510625,1.2089007,0.20308836,-0.2037597,-0.6541609,-1.1842307,0.15592343,1.1829637,-0.253472,0.77995384,0.6473444,0.50700545,1.6174346,-0.24178693,0.31519365,-1.5431621,0.88175416,1.1202341,0.16099465,1.7654597,-0.44263366,-1.3682247,-0.122490376,-0.84799075,-2.0441298,0.6139245,0.032241672,0.19987279,-1.3035176,-0.3428715,0.57946986,-0.025914218,1.4894904,-1.1429657,-0.6271343,-0.4602814,-0.020150863,-0.124881685,1.2403643,-1.3343687,-0.9942119,-1.2997172,-0.3610738,-0.14054945,0.35864663,-0.48342246,-0.031100973,1.329657,-1.4265871,-1.0647209,0.9145473,1.0424501,1.9126307,-0.75293595,-0.49559718,-0.6870016,0.34416017,0.5573396,1.3344796,1.1969575,-0.71514815,-1.4728683,-1.5096248,-0.10361486,0.7736421,0.9068593
SU-DHL-10,1.1000414,-0.04685125,0.14257124,0.32472375,-1.4684906,-0.14044449,0.091561124,-1.5588894,0.2523233,0.11697577,-0.98536295,0.08328242,-0.2809903,0.82898587,-0.68755525,-0.35913193,-0.8125093,0.41183576,-0.9429864,-0.1182215,-0.082783565,-0.038366303,0.20912004,-1.8025068,-1.2485658,0.24739939,-0.3906114,-0.18363968,0.39302087,-0.59129864,1.0883183,0.52093595,0.21603851,-0.3282451,0.22812024,-0.17415106,0.6716697,0.20379727,-0.16217506,-0.26800066,-0.3144303,0.327531,0.10620799,-0.010160446,-0.29723504,0.16646922,-0.3273078,0.1491034,0.106355295,0.30212718,1.004028,0.06262745,-1.0424628,-0.3145544,1.1453536,-0.56726503,0.04149069,0.30958855,-0.794062,-0.453861,-0.7038882,-0.4874314,0.08874576,-0.44186065,0.3779315,-0.25384724,1.2202259
A-704,0.79133797,0.5253692,0.11091623,0.27460024,-0.8073821,0.064932525,-0.8491157,-2.3355742,-0.080344215,0.59956545,-0.8190729,0.4188489,0.027298437,1.2675444,-0.38342166,-0.6736927,-0.55926836,0.6115149,-1.1506984,-0.056517866,0.2426768,0.1951679,0.48924613,-1.2823832,-0.5159772,0.05622323,-0.18189141,-0.6009838,0.3334354,-0.40450752,0.5275988,1.0684679,-0.30698478,-0.4016329,0.81821334,-0.016955286,0.7180306,0.793663,-0.117495224,0.20457168,0.19888322,0.44622585,0.3816659,-0.100541405,0.02641873,-0.17937803,0.5680699,0.022120612,-0.09647569,-0.48069656,0.17675932,-0.32008302,-0.80542296,-1.1928494,1.1266084,-0.35659257,0.43186972,0.6376585,-0.81645423,-0.6097208,-0.7359692,-0.71728027,0.004113421,0.8654937,-0.20705207,-0.5422493,0.91389775
NUGC-2,-2.11797,-0.14594069,5.038882,1.3672155,-1.5972402,1.6333956,-2.659534,2.1980655,0.7417494,-2.381791,-0.40466374,-0.81327826,-1.9808494,-1.1079372,-1.360358,1.3521737,2.3541377,1.6004736,2.5490406,0.80364245,0.3433671,5.415447,-2.5001595,2.2184641,1.500066,1.3587145,-2.197614,-4.6465826,1.584516,1.6791686,2.994873,2.5205972,0.85518503,3.691872,3.639319,0.15938938,0.9284372,5.696666,1.558359,-0.28679454,0.5884201,1.5429939,0.45410764,1.2749071,-0.53205085,0.827513,0.48738307,-0.03208611,-0.8653169,0.18728256,-0.8307988,1.920934,1.3634279,-1.7309773,-1.8006169,-3.5881615,-2.3788347,-1.9635345,3.371932,2.1835265,-2.3721554,1.3320915,-1.7662215,-0.5045194,1.384747,-1.777847,-0.8258933
Hs 600.T,0.88213515,0.13389018,0.49333915,0.3909354,-1.7108359,-0.09938501,-0.1109397,-1.5136855,0.4278999,-0.016861033,-0.9999875,-0.13950236,-0.49354956,0.76398873,-0.34122387,-0.0527725,-0.9347022,0.1446965,-0.93385637,-0.29019102,-0.38257492,-0.48514944,0.4735382,-1.9389658,-0.8156281,0.4706629,-0.0947821,-0.37487784,0.89232373,-0.6736628,1.1094934,0.26312703,0.16089006,-0.587851,0.011597581,-0.3221416,0.84318167,-0.6413969,-0.5756785,0.0053679533,-0.17233738,0.6691781,0.2695899,-0.11372912,0.03794194,-0.11073827,-0.42815155,0.06345808,-0.17183837,-1.0660745,0.7991273,0.12457727,-1.0238798,-0.25913867,1.1104959,-0.92485315,0.387851,0.5004684,-0.8918701,-0.2593612,-0.6181011,-0.6491379,0.4487766,-0.14451572,0.372102,-0.07423394,0.9337772
HCC-56,-0.84909236,0.056572225,-0.5801705,1.5418137,1.147002,-0.06879376,0.6232149,2.054175,-0.46909586,1.1016341,0.429457,0.19992022,0.6078392,0.5931338,-0.5244152,-0.43985426,-0.268929,-0.38107517,1.2048688,1.4449785,0.6967819,-0.6189216,-0.40317357,1.8052332,0.07400697,-1.0042213,0.01221209,0.49062663,-2.1708374,-2.0542789,-2.7336318,-1.5843318,-1.0747019,-0.24164647,-0.014771808,1.0205861,-0.81212586,-0.71204245,0.8436626,0.40239632,-1.2252383,-0.055074714,-0.8098883,-0.47723472,-1.0958123,0.057216816,-0.4718562,-0.5466044,0.4924755,-1.049747,0.49988005,-0.11900233,0.94971776,0.47985023,-2.0940049,1.0710378,0.57827955,-1.7328366,-1.847758,0.3068536,-0.029852824,-0.49221036,-2.0298731,-0.46867728,-0.25392848,1.5528092,0.16984162
SNU-46,0.4036452,0.18341818,0.5013346,0.46079525,-1.2064902,-0.114466295,0.22224066,-1.3112042,0.21773577,0.09182702,-1.2269632,0.11050905,-0.81745845,0.84852946,-0.23261759,0.16043612,-1.5480464,0.29148456,-0.78327763,-0.63690627,-0.3537163,-0.34652987,0.47532207,-2.2963567,-0.43039966,0.4620619,0.33966377,-0.57072306,0.58260083,-0.46742502,1.3303964,0.5611747,-0.013105683,-0.30708584,-0.67403686,-0.008329565,1.0163366,-0.23821096,-0.37011445,0.1584069,-0.07787313,0.021490574,0.46947017,0.11385724,0.1419358,0.12572357,0.14187512,-0.18963926,-0.44284424,0.6600106,0.64719456,0.20038547,-1.173312,-0.14639857,1.2697842,-1.1924702,0.96917665,0.60280925,-0.8957174,-0.16846462,-0.46096343,-0.11659822,0.8464181,0.059245657,0.19021729,0.019583056,0.6997238
WM793,-0.12181117,-0.9762998,-2.1212735,-0.45213306,1.50123,-0.11443217,1.0932946,-0.23404938,-1.2033597,0.58124876,0.665225,-0.05472261,1.8523475,-0.2367287,1.0031874,-0.7220371,0.38710016,-0.5652527,0.656853,-0.530098,0.6038659,-1.52208,-0.85713506,-0.5149005,-0.537423,-2.3628986,0.28737313,2.7063963,0.05901988,-0.042972922,-1.6649829,0.050131813,0.40890834,0.13132492,-2.7120285,-0.7922589,-0.40688467,-1.240666,-0.42289847,0.10972835,-1.5043937,-1.6216311,-1.1610953,-0.17940792,-0.74911815,0.03735459,0.78368545,-1.1839355,0.12686275,-0.9361868,-0.52187663,-0.22833772,0.3985486,2.2340558,-0.48463798,1.388539,-0.021833643,1.4734778,0.45096743,-0.28294888,2.0674317,-0.09693742,-0.038952455,-0.16661592,-1.4798813,-0.7636805,0.94572145
NCI-H1395,-1.948911,-1.9007851,1.1351452,-3.284702,-2.1984863,0.80234414,-1.7867942,1.4809638,-0.34577265,0.10420101,0.46155676,0.47009188,-0.07235209,1.7068484,-1.6194327,1.2539816,-1.184242,0.45444655,0.37632114,-0.06689502,-0.7430451,-0.0022319108,-0.15279496,2.8991582,1.0065846,-0.4469745,-0.26949942,-2.8462749,-1.215009,-0.9827232,1.8319606,3.2305753,0.20265442,-0.27942103,0.5761183,-2.482698,-0.0016078055,-0.18657215,-1.4467323,0.43499082,-0.78126,-0.7107194,1.0578965,0.014965046,-0.20666778,-1.4764811,-1.0280406,1.1050152,-0.1421214,1.3810054,-0.96337277,0.33052897,0.4106413,2.1274865,0.45242956,-0.09971052,0.6182609,0.98716545,1.0487113,1.7351333,0.6116192,-1.2375457,-0.8496116,-4.406316,0.54427856,1.455411,-2.6666667
NCI-H82,-0.805548,1.9146587,0.71682113,-1.7895145,0.6438196,0.21945441,-1.0196806,1.1214297,0.45375353,0.22927916,-0.35126776,1.7932094,-0.9648822,-1.2663963,0.6872151,0.9375652,-0.45920643,1.4067824,-0.9985883,-0.25662673,0.4793985,0.37753484,-1.2540274,1.8334628,1.4839166,1.0020854,-0.21521139,-1.8503042,-1.3383619,0.1473234,0.15896398,0.68918324,0.70702225,0.59519935,0.46700788,0.053353664,-0.6561769,-1.2583561,-0.06635632,1.4951208,1.7851197,0.77532315,1.842077,-0.3735086,0.36597028,-1.3722953,-0.9321464,1.8989187,-0.23538521,0.027416393,0.060575746,-0.77749634,0.29433542,0.6072955,0.709924,0.29559672,-0.19682057,-0.8549225,0.7128882,-0.35632756,-1.3319488,-0.14885797,-0.017557371,-1.6839544,-0.7557502,0.5051001,-1.5390123
JK-1,1.1909821,0.39637506,0.40274325,0.3026192,-0.5292699,0.08604951,-0.23733461,-2.4152882,-0.05937448,0.44795558,-0.8079079,0.46971276,0.099544704,0.95028055,-0.40826306,-0.73556775,-0.9027313,0.7704949,-1.2012396,0.028027952,0.20930916,-0.20447046,0.49214962,-1.2072828,-1.0156472,0.020589773,-0.3119082,-0.9579776,-0.031306162,-0.3965547,0.3619265,1.1113465,-0.38170075,-0.51351917,0.7317167,0.35634136,0.58597666,-0.05663976,0.016219338,0.6003561,0.14203912,0.66417176,0.5039878,-0.42793098,-0.016651742,-0.16528493,0.77633137,0.011955862,-0.28517503,0.63512766,0.070877105,-0.14666115,-0.7679094,-0.7897376,1.1027583,-0.3426897,0.70120806,0.6184131,-0.71803975,-0.6067557,-0.83174,-0.78123635,-0.08446987,0.61660576,-0.24636665,-0.6983056,0.99820983
OUMS-23,0.05175644,0.83825564,-0.46257332,-1.134931,0.34324548,-0.47374773,-1.1613717,0.3759858,0.3522911,-0.30378804,0.7311087,-0.43040255,0.5509531,-1.166237,1.3674195,0.11036934,-0.582072,0.41402325,-0.36395097,-0.6176498,0.7577246,-0.1814135,-0.30992246,-0.861723,-0.71670127,-0.61621267,1.8440542,0.010397844,0.05210951,0.26674134,1.0778415,0.54316926,-0.11089915,-0.22252469,-0.8505837,-1.8652507,-0.3146605,-0.22323836,-1.6569631,0.56073195,0.858199,-0.14025624,-0.6893712,-1.2074919,1.4908916,1.7721647,-0.15742534,-1.2360134,0.5311487,1.1792588,-1.1573396,0.9760206,0.95152366,0.99443996,0.07797313,-0.4690001,0.4404635,1.1087152,2.0459094,0.57428396,1.1300492,-0.8428897,1.0452263,-1.0576462,-0.44632912,1.440416,0.51895785
OCUM-1,0.9620338,-0.3459429,-0.33100775,-0.91950643,0.5935291,-0.4459388,-0.49824148,-3.644643,0.49880886,-0.47726905,1.3515425,1.3632277,2.8695323,-0.06983067,-1.06486,-1.7783357,-0.14704035,1.0692168,-1.3215064,-0.3782077,3.092465,-1.0536581,-0.32905647,-1.8059957,-2.0823908,-3.9102988,-0.0764821,1.0072511,0.50526166,-1.1030078,-0.6715147,2.030232,0.18131037,0.70082843,-2.046109,-0.9332998,-1.0815324,-0.95325744,-1.7465172,1.5657729,-1.9721525,-0.9096616,-1.9007878,-0.92485803,-0.34212485,-0.18026868,1.1085855,-0.53415823,0.28567612,-1.7522501,-1.593989,-0.0631043,0.9210317,1.2363667,0.8071154,1.2003516,-0.45130777,2.9499946,1.1282041,-1.034672,2.8307488,-1.9607872,0.41148448,-0.014073424,-1.517715,-0.58043164,2.6899006
HCC1569,-0.77567524,1.8368756,-1.9102416,0.4655757,3.4649458,-0.27233973,3.3210087,3.6248736,-0.671754,0.9470038,0.4845266,-0.16186523,-0.7213967,-3.5135894,-0.22713777,-0.5829587,0.22640532,-0.8233331,1.6444318,1.6767534,0.23604593,-1.0170821,-0.931138,2.4058928,0.59566987,0.26817355,-1.0537233,1.273541,-1.6660132,-0.60328716,-1.9010143,-3.2123272,0.7259892,0.33066326,0.6232469,2.144464,-0.17439403,-1.9658659,0.6329152,-0.9081044,1.331713,0.66650623,-0.48499405,0.02867756,0.8375613,-1.9801857,-0.6788925,-0.28811055,1.8125196,-1.0250232,3.1903605,-1.4817735,0.5826732,-0.9954835,-2.1894243,2.400597,0.18188068,-2.9295495,-1.2331806,-1.7133073,-2.2076614,-0.28864157,-0.13532409,-0.9482918,-1.0139556,1.7089533,0.609349
TOV-112D,2.923144,1.5060077,-0.5288578,-1.3667545,-1.140387,-0.37242344,-3.5634418,-3.5395446,1.857824,1.4779122,-0.27362883,2.0323756,0.64686406,0.42234576,0.5313336,0.19393283,-1.0825801,0.95449865,-0.14416105,-0.7327141,1.0558652,0.33592615,-1.1779671,-2.8883936,-0.3099063,-2.5734982,0.20844905,0.043448165,-0.18852119,-0.81909513,0.56923854,2.848946,-0.5189404,0.5336109,1.3464608,-0.3019114,-0.90663004,-2.0956268,0.8445777,2.1418543,-0.60525805,0.23738748,-0.38949952,-3.3468394,1.4665394,-0.80902964,0.4160451,-0.90916353,4.0606103,-3.6046486,-0.9757136,2.5780463,1.0019915,2.3451934,1.0538249,1.3425379,-0.80374086,2.8170276,0.8353404,-0.53949964,1.0108578,-2.4573336,-0.69208413,-2.621335,0.8999637,1.7336491,1.5106994
HCC1937,1.2028278,0.58953595,0.20031536,-0.005668521,-0.9911832,0.50757515,-1.2470158,-1.0326327,0.3510545,0.06321013,-0.7606001,-1.4983522,-0.60719985,-0.6593475,0.64137614,0.40019286,1.216152,-0.4522774,-0.458565,-1.2597523,-1.6152464,-0.015351011,0.3292395,-1.49487,0.52710336,1.5669243,0.6848668,-1.1353397,-0.086459644,0.33124518,0.45210394,-0.41295636,-0.9050376,-1.5386193,1.6345971,0.24851224,0.036892712,0.6739384,-0.69214815,-0.06706917,1.8142929,1.2554365,0.48496047,-0.75474745,0.68894655,0.36641607,1.5575185,-0.7577366,-0.00486733,1.0722187,0.75404775,0.7406597,-0.52571106,-2.5751445,1.1994573,-1.676971,0.80543447,1.399717,0.28925702,-0.937801,-0.5170016,-0.24830301,0.53654623,0.0061775297,0.016814554,-0.22923496,-0.09795814
AU565,-2.5017724,-2.385134,-3.3789275,-0.17811556,2.8712754,0.9987112,3.6073883,0.4004296,-2.4401186,0.764107,1.7612876,-0.24908777,2.0536368,-0.8773243,-0.50150526,-0.80654097,1.6825857,-1.0854721,2.4686716,1.5504504,0.47186625,-0.28636098,-0.016852133,2.830367,-0.38557896,-3.172479,-2.039021,0.5409228,0.632602,-0.11561763,-1.2475637,-0.32255498,0.27850366,1.7832608,-1.7033745,-0.27320948,-0.24808908,0.8795494,0.75657314,-0.35172665,-1.7348474,-1.0428233,-0.6054523,1.7796979,-0.6936692,-2.2390103,2.7667859,-2.2795932,-1.1828161,-0.70140314,-1.2550157,-1.6959978,0.30694515,0.4194457,-3.1471264,2.338779,-0.35910568,0.5648208,0.9690452,0.3181666,0.6837201,1.2735485,-0.7849877,0.44014966,-1.0701491,-1.4229379,-0.3739849
MOLP-8,-1.1054153,0.9604974,0.23240992,-0.51264673,-1.3863899,0.56542844,-1.7384481,-0.41101056,-1.2838316,0.6192294,-1.7374982,0.58439463,-0.25428867,0.64231664,0.27462864,0.54766953,-0.29822093,-0.5159411,-0.963236,0.19827437,-0.7371165,-0.5111198,-0.7272457,-1.1201779,1.0600959,0.67509794,-1.6480211,-0.8573301,-0.7980744,-1.0108656,1.4001116,2.4157457,0.40924722,-0.513606,-0.81369996,0.03134652,-0.15397407,-1.8069628,0.40704513,-0.020192444,0.5153555,-0.4527175,1.3921587,-0.91840935,0.070869125,-1.7345736,-1.1668587,-0.8931673,0.28236374,0.56848,0.782152,0.35314515,-0.4576344,1.4878851,1.7462903,-0.28263864,1.1771741,1.006247,-0.5423974,-0.82202095,-1.274068,-1.2175477,-1.3223138,-1.950791,-0.41265142,-0.5932327,0.26835227
MIA PaCa-2,1.5010978,-1.7986116,2.4880738,0.62731373,-1.4663973,1.0454323,-1.8958086,-1.3689002,1.210338,-4.3700223,-0.049890675,-1.2330899,-0.89358455,-0.51838505,0.16130899,0.89573556,1.8563658,-1.1291517,0.025896136,-1.32074,-1.7778664,1.030498,0.28119504,-1.1660315,2.1339588,1.7951549,-1.2835009,2.0590827,3.0471337,3.0664434,0.9773266,1.727404,3.6236856,2.742835,-0.06289494,-0.43967402,0.1117997,0.75975513,1.5732713,-1.9336317,-0.37561402,-2.540093,0.7531686,2.1943216,-2.5838087,-0.63330036,-2.4625187,3.1051834,1.786294,-0.7627385,-0.07700074,0.6474729,0.62437063,1.6852614,2.2019029,-0.53998923,-3.3186424,1.141615,1.3814443,1.2926788,-0.007047996,3.0818434,-2.4363873,0.13650492,-0.62673014,-4.5610285,-1.3156896
COLO 684,0.54679203,0.5503744,0.7315834,0.05850046,-0.45756912,-0.1548106,0.08019169,-1.9866769,-0.10368625,0.72620696,-0.7122426,0.80979574,-0.42219386,0.40722638,-0.41728398,-0.6085732,-0.53663194,0.7945508,-1.0269375,0.023093507,0.51626617,0.12694918,0.076500095,-1.3390706,-0.28756553,-0.43362108,-0.96320724,-0.82075703,0.25059423,-0.18286467,0.8323884,1.1669577,-0.3861256,-0.37090194,0.81061715,0.6684233,0.683249,0.0660266,0.0061869062,1.0824455,0.42326275,1.1076624,0.21533245,-0.1669471,0.056468517,-0.54143023,0.42587844,-0.1976238,-0.8142373,-0.7089026,0.22770077,-0.16237517,-0.91684085,-1.1274321,0.94175667,-0.27533853,0.7469904,0.41262066,0.0069638565,-0.86465025,-0.47281858,-0.97334653,0.22203635,1.1141521,-0.047784876,-0.77465796,1.3214513
KMS-12-BM,0.44152874,0.25455457,0.46036088,0.34371158,-1.5053419,-0.104426995,0.028355211,-1.594906,0.3447233,0.26080504,-0.96873134,-0.072689705,-0.52208394,1.1191555,-0.4295517,-0.028660648,-0.8825677,0.43810767,-0.9183658,-0.31865188,-0.058570012,-0.2738739,0.48591113,-2.022624,-1.066224,0.49866048,-0.002504453,-0.6935216,0.5885553,-0.4566642,1.1423432,0.6362529,0.022974724,-0.64604104,0.176575,-0.11402693,0.8687122,0.6552902,-0.38056418,-0.20573854,-0.022066213,0.32266006,0.29849157,0.27749228,0.4270234,0.4519169,-0.1751104,-0.0077692866,0.39374626,-1.0037665,0.7980257,0.047037095,-1.1594495,-0.454864,1.2347586,-0.7946614,-0.680853,0.516669,-1.1970989,-0.26574463,-0.58639526,-0.62914234,0.36480942,-0.042780317,0.32020566,-0.093197465,0.94647086
Hs 940.T,-1.1567161,0.84846395,1.080879,-0.6470007,0.1311238,1.1812836,0.7397649,-0.746699,-0.81916165,1.2766829,-1.4995356,0.10995242,0.52019584,1.2227505,-0.06466597,-1.0688871,-1.4712166,0.98712933,-0.46128365,-0.4038414,0.20398055,-1.1409712,-0.8943437,1.3429141,0.2110483,-0.67365843,0.025457723,-1.6047405,-2.0984733,-1.3902266,-0.34003404,1.7456274,-0.791311,-1.0872399,-0.2540058,-0.2822476,1.8980103,-0.8152328,-0.33670893,0.4942832,-1.1868341,-0.5913974,0.012864285,0.8292061,-1.1799552,-1.0713753,0.89718604,-0.3044644,-0.901541,1.0790173,-0.26020053,0.061725974,0.68347764,-0.18558605,0.9344652,-0.38140276,1.9889718,0.544527,-1.1196575,0.11536348,-0.9551838,-2.4545584,-0.9214499,-0.99236476,-2.2375703,0.87334573,-0.2866856
OV7,1.1985471,0.67108357,0.60095,0.22652665,0.0349944,0.18188204,0.07349147,-2.3578217,-0.10295646,0.09002872,-0.50603163,0.38720194,0.56414926,0.2382177,0.010800935,-1.3228352,-0.05334843,0.43193877,-1.3091689,-0.31242827,0.48170108,-0.4947638,0.1879718,-0.56189305,-0.67993057,-0.29671538,0.0023766644,-0.73832774,-0.31807104,-0.1721767,-0.249376,0.7979604,-0.2444712,-0.4257628,0.6817207,-0.23682016,0.55594623,-0.12911397,-0.04703653,0.33688188,-0.15312544,0.22156554,0.11267449,-0.03245739,-0.5728127,-0.37282592,0.67221403,0.30926418,-0.17188248,-0.7768801,-0.2936806,-0.26876998,0.15635549,-0.8287138,1.1802026,-0.22580512,0.8388864,0.6402309,-0.6196127,-0.78902537,-0.60137475,-0.78064674,-0.8189839,0.53597146,-1.0122201,-0.54021555,0.9347806
Hs 578T,-1.1146342,0.89512753,2.074946,1.7841635,-1.1243863,0.18876474,0.4190699,1.6607952,0.39806578,-0.59669334,-0.15256524,-1.5030849,0.042904764,-0.9583248,0.50711936,1.6212242,0.7367837,-0.34066793,-0.023983248,-1.0678704,-0.41891858,-0.19750609,-0.6505897,-0.80825394,1.8396689,0.9980077,0.82533145,-0.09570189,-1.9430519,-0.5656684,-0.25495136,-1.0117426,-1.6598824,-2.273546,-0.7404634,1.1955656,-0.21506411,0.9556956,-0.5458097,-0.64215475,-1.0505654,-0.7631252,-0.7431929,-0.022427237,-1.4696541,2.0229404,0.0044335946,0.47566375,-1.1502165,1.5202734,0.08431083,1.7498533,0.047162578,-0.88854676,-0.11081955,-1.9040353,0.5214445,-0.38694292,-0.7274551,0.063100874,1.272678,-0.5943965,2.196002,1.8385249,-0.41592944,0.46305284,-0.569827
OCI-Ly3,0.7567264,0.0869497,0.3060975,0.36345702,-1.669468,-0.07078302,-0.7182281,-1.4757215,0.37035617,0.15393001,-1.062495,-0.19851872,-0.3985197,1.0948739,-0.475967,0.029757973,-0.8220576,0.3375594,-0.8964083,-0.20336166,-0.3866038,-0.060651198,0.462448,-2.0868144,-0.36257607,0.5544082,-0.25798172,-0.44100922,0.770757,-0.59921527,1.2389408,0.36188692,-0.015914038,-0.40845546,-0.06792306,0.43120462,0.8623693,0.23708239,-0.28337568,-0.1356208,-0.2165376,0.6099235,0.33536977,0.058605894,0.19833831,-0.14595011,-0.26586393,0.03840644,-0.1710456,0.31244183,0.9091124,0.18710035,-1.181836,-0.2113063,1.2091881,-0.9952008,-0.03425564,0.45853502,-1.02285,-0.18120673,-0.58862805,-0.6861198,0.4350016,0.0040281853,0.53839,-0.03375452,0.90116614
DK-MG,0.558631,0.46888477,1.9311463,0.3942686,0.3214238,-0.60051894,0.56616354,-1.263757,0.2913611,-0.33837244,0.60469836,1.3689508,0.57635033,0.2904014,-0.50518084,-1.5722994,-0.28774297,1.0790772,-1.1736045,-0.58841586,1.922663,-0.09434762,-0.3772285,-0.2145624,0.5718336,-0.83221674,-1.038226,-0.21875215,-0.6379431,-0.32164901,-1.302664,1.06808,-0.37421426,0.20748574,-0.4910274,0.33949915,-0.008155674,0.68592155,0.6471431,0.276672,-1.5455999,-1.111162,-1.0658584,0.115171626,-2.09725,0.06285441,0.25347713,1.4733539,-0.68122494,-0.8986895,-0.74526346,0.6581048,0.94314677,-0.11153819,0.83830994,0.2582078,0.1299648,-0.73096764,-0.05260091,0.22791918,1.4524864,-0.4575618,0.31448203,2.9533706,-1.1732324,-0.9900709,1.1322824
HCC1195,0.10949546,-1.9848275,-2.363997,0.9809392,2.3857317,-0.12238964,0.27570212,-0.7940359,0.4019008,0.4893502,1.8430783,-0.27934805,1.9924568,1.0617137,0.42416322,-0.52514464,1.5611621,-0.121021144,2.3483841,-0.2531524,0.47640422,0.27583617,0.7517844,1.8872391,-1.2370737,-2.309955,1.5342374,2.4178848,1.0449739,0.7427317,-3.0243235,-2.2523358,-1.4761326,1.5526311,-0.8545293,0.497207,-0.91214854,1.171032,1.0067487,0.7017698,-0.860951,-0.07744757,-1.5256613,0.6155327,-0.8491017,1.5433435,2.0256946,-1.3237058,-0.17266756,-2.4330337,-3.175544,-0.29427448,0.96174383,-0.63776726,-2.1466253,0.997399,-0.7788661,0.21831714,0.23995121,1.4209101,2.145289,2.0982914,-1.2763587,2.440877,0.30425456,-1.1396828,-0.68625003
OPM-2,-3.3636987,-1.5397131,-1.7213002,-2.568968,0.79825556,2.206197,1.7610668,1.9454833,-1.021718,1.3311081,-1.4001163,0.2730021,0.14301243,1.6321186,-1.5301577,0.12610541,-0.56407404,-0.811306,2.311292,-0.31398758,-2.256217,-0.51612425,-1.0767606,3.8780396,1.7203966,-1.3626997,-1.0942293,-0.5518436,-2.2312114,-0.23146479,-1.1690729,2.2755942,0.6438596,-0.7198885,-0.23431638,0.17545235,1.6082846,-2.7490933,0.6908965,-0.4948781,-1.8467654,-1.4713669,0.34090868,1.891278,-1.7540381,-4.22916,1.2263781,0.74314433,-0.005534172,-0.12630874,1.0295863,-0.61345035,0.025074717,2.6533334,-0.3524937,1.5463605,-0.2163378,1.184604,-1.7055688,-0.31717023,-1.1707284,-1.7651235,-1.494744,-4.4076214,-1.595068,1.1198254,-3.0670965
RCC4,0.5893123,0.04468637,-0.24744451,0.396544,-1.5928344,-0.06541018,0.063186705,-1.5312127,0.33161393,0.16706623,-1.1352348,-0.20693094,-0.6674646,1.3405976,-0.49007887,0.014543424,-0.6242455,0.4334622,-0.934922,-0.16271266,-0.02458319,-0.53376245,0.47330192,-2.1656518,-0.965958,0.5524759,-0.47785842,-0.3985759,0.7070851,-0.54788285,1.2089049,0.38043755,0.0022285515,-0.69286406,0.091232285,0.070644855,0.73112047,-0.2599003,-0.33671182,-0.28300554,-0.07159067,0.20513467,0.1678264,0.08305111,0.25249395,0.00074996706,-0.072402656,0.019293541,-0.1063922,0.62546647,0.8686796,0.1310134,-1.1898053,-0.28154272,1.0451488,-0.7590779,-0.30508792,0.5209635,-1.0442024,-0.24184191,-0.7070509,-0.41271657,0.3940071,0.19338062,0.2580923,-0.05982507,0.90881926
LMSU,0.47581658,0.13896638,0.29472068,0.6368374,-1.2594233,0.26161265,-0.022576839,-1.7123125,0.32059923,-0.21858683,-1.1862351,-0.15459567,-0.3474776,0.7222427,-0.5259687,-0.48155925,-0.95972687,0.4621281,-0.92449844,-0.23101853,-0.25729454,-0.18735246,0.4379521,-1.9676071,-1.1936133,0.23941194,-0.056745365,0.15893817,0.88719404,-0.33090365,0.9634437,0.36827928,0.12373817,-0.55867296,-0.099377505,0.01303827,0.94407606,0.03247398,-0.28327876,-0.36190212,-0.53152657,0.044677384,0.1905823,0.67020077,-0.36741424,-0.2897072,-0.08781306,0.12944742,0.533425,-1.0578927,0.84585464,0.12773156,-0.8188823,-0.121898994,1.3290122,-1.1366792,0.22687623,0.6721118,-1.039023,-0.58353513,-0.85107416,-0.7662447,0.19498408,-0.050899915,-0.073546916,-0.11667007,0.8518279
PSN1,1.4577075,0.6655905,0.11758605,-0.10421143,-0.8376449,0.013097627,-0.41780737,-2.0758464,-0.104184724,0.7668981,-0.50181377,1.0982401,-0.04832727,0.8463627,-0.18976016,-0.7474385,-0.28156328,0.7789544,-1.3701392,-0.1517359,0.3894187,0.08797785,0.19438246,-1.0140566,0.65818226,-0.32742846,-0.30219516,-1.3077385,-0.53199613,-0.24834894,0.17815545,0.9573232,-0.7499784,-0.5042462,1.2080808,0.2927059,0.009969804,0.45350808,0.28161734,0.70121324,0.5855303,0.8631835,0.49861637,-1.0194556,-0.09391754,-0.4974717,0.742576,0.020800527,-0.66737926,-0.12107015,-0.29647383,0.12959181,-0.6301292,-1.2325578,1.2084329,-0.24600473,1.3721275,0.6612995,-0.3986611,-0.5796523,-0.14218739,-0.7526623,-0.23626408,1.0010812,0.11999965,-0.6241719,0.8874898
RVH-421,-0.2071661,1.2921833,0.14748427,-0.4076006,-0.9157406,0.18667537,-1.8250008,-0.7758155,-0.77205545,0.77429557,-0.89500827,0.6071497,-0.69172645,0.6339827,0.40151754,0.8951861,-0.40492776,-0.23388223,-0.9249834,0.09076049,-0.28720194,-0.054839015,-0.11892883,-1.0416976,1.3912333,0.3961192,-1.1479084,-1.1313208,-0.5848172,-0.843356,1.023337,1.977635,0.026664756,-0.58545566,0.01716553,0.40505433,-0.4265051,-1.2925957,-0.3872077,0.46627572,1.0209926,0.011190452,1.4100572,-1.5320313,0.509068,-1.6449606,-1.1506276,-0.5964011,0.10739475,-0.087834954,0.051505804,0.52628034,-0.6435728,0.8926207,1.3326021,-0.33353,1.3403666,0.9728464,-0.12637195,-0.66249627,-0.9159613,-1.0139058,-0.80858415,-0.7046658,0.09933526,-0.51200426,-0.02721031
OCI-AML-2,0.51468813,-0.09963374,0.122145385,0.30817026,-1.585665,-0.09721744,0.1556767,-1.4934422,0.33867037,0.20892209,-1.0838038,-0.03691016,-0.26142204,1.5295669,-0.5592966,-0.17458057,-1.063253,0.07518989,-0.9730649,-0.11421955,-0.17739835,-0.0793046,0.35507694,-1.9249568,-1.2755897,0.6554054,-0.37922528,-0.09254135,0.41571006,-0.7164019,1.1421442,0.23246947,0.05878609,-0.6693562,0.32515448,0.056208983,0.7143962,0.016848087,-0.26352072,-0.16032809,-0.34192887,0.06894699,0.3225295,0.15193322,-0.038244188,0.026562434,-0.38374203,0.09823528,0.028862966,0.29966253,0.9517265,0.28304768,-1.1242325,-0.19918025,1.6037397,-0.83476806,0.36568892,0.34396002,-0.81808263,-0.21171035,-0.58321816,-0.37869933,0.3271653,0.123736806,0.58300364,-0.036176085,0.9323004
AMO1,-0.5730061,-0.6717712,-1.5483524,0.24458,1.1762186,0.16559532,0.12916642,1.6437411,-0.008844301,-0.13030893,-0.79051745,0.1242668,1.44887,-0.14864938,1.3386829,-1.2934608,0.8652568,-0.5610775,0.84453136,0.32292116,-0.60578585,-0.55656654,-0.6531221,0.20607936,-1.0793977,-0.49904963,1.4190558,2.8238902,0.43317288,-0.13028754,-1.2419912,-0.5746035,0.6285709,0.49697798,-1.3884149,-1.1993854,-0.1696989,-1.7582185,0.14485201,-0.20782082,0.013135225,-0.6603817,-0.7247983,-0.011695792,0.499676,1.1736445,-0.50578785,-1.136615,1.2346768,-1.3331736,-0.33815137,-0.31356782,1.7285498,2.6534374,-0.6883728,0.54913145,-1.7861772,0.37632188,0.0037358003,-0.27722257,-0.086450875,0.08419864,-1.8698648,-1.7747415,0.30456614,0.14913979,-0.057035074
COLO 829,0.26698008,0.09409663,-1.4834096,-1.3268949,2.1948652,-0.79701424,2.3619628,1.7034118,-0.7097642,0.6656159,1.8401551,0.35089892,0.31646672,-0.9649953,0.75085735,-0.0015666619,-0.37388888,-0.1596371,1.0842568,-0.0025966614,1.1666806,-1.3246541,-0.5836992,1.2910141,0.07487497,-1.2738727,0.28636855,1.6318779,-1.0784199,0.19357386,-1.43799,-1.0887024,0.27718863,0.25068626,-1.0983261,0.0010636784,-0.46163157,-0.38109463,-0.34156674,0.18983023,-0.61541545,-1.3421097,-0.8038572,-0.27368015,-0.14599827,-0.35909125,0.06762734,0.28847817,0.48039898,-0.58452344,0.10083707,-0.5399715,0.3845463,1.3057568,-0.860873,2.2076223,0.3961792,-1.2498658,0.4997341,0.7418055,1.3698391,0.049737155,0.75000066,-0.27971613,-0.96336603,1.1035193,-0.0081010815
59M,1.5160781,0.6223752,-0.10710189,0.07404104,-0.94746697,0.11440392,-0.44064277,-2.239279,-0.102435134,0.49712506,-0.70527375,0.6560907,0.059120215,0.7300671,-0.33537647,-0.7258561,-0.44639096,0.24635485,-1.2672968,-0.19456029,0.09876189,-0.12467421,0.39469713,-1.5560796,-0.742861,-0.1487177,-0.5403099,-0.58921,0.2530059,-0.3353161,0.23056157,0.48140308,-0.51409453,-0.2358574,1.12682,0.23723514,0.39721087,-0.050006375,-0.18233564,0.56448466,0.3188427,1.0897954,0.54142827,-0.5231877,-0.32633287,-0.5309093,0.4373157,-0.0031874077,-0.24987544,-1.0899477,0.07996061,-0.18854758,-0.76402795,-1.303395,1.1926298,-0.4114348,0.6576854,0.73781675,-0.58708394,-0.79084796,-0.50342,-0.89516336,-0.25206405,0.7849521,0.02075056,-0.6219427,0.94507116
OS-RC-2,0.020239174,0.5782472,0.42999515,0.6178524,-1.4860697,0.03670106,-0.20272633,-1.3724016,0.3631199,0.17897928,-1.2274779,0.26128888,-0.97296447,0.8591694,-0.40454826,0.030090924,-1.0695206,0.62259835,-0.60918826,-0.6520204,0.1972773,-0.029841222,0.34464768,-2.319605,-0.39891142,-0.04546297,-0.14756268,-0.7315906,0.900923,-0.39157057,1.6378143,0.72299147,0.22358139,-0.648307,0.35935467,0.55604935,1.0724498,0.15540874,-0.42732367,-0.48566616,-0.06976966,0.8502351,0.098272994,0.24853218,0.26193225,0.17773601,-0.43738836,-0.2976766,0.25593853,0.11035015,0.8479161,0.54376614,-1.0561402,-0.05857151,1.1818658,-1.6630399,0.13172677,0.5945878,-0.4326582,-0.62320405,-0.63953584,-1.213878,0.7174891,0.23722953,0.35497826,-0.07070514,0.95074934
TCC-PAN2,-0.835123,-1.661912,-1.6829515,0.20042013,0.7242657,-0.05636665,0.283541,2.8782716,-0.613259,1.0003487,0.27158767,-1.2718685,1.1536459,0.9443738,1.2867084,-0.6317896,0.4473533,-0.61409235,1.9646926,0.4699633,-0.49644345,-0.07121363,-0.0113084605,1.118685,-1.0713116,-1.0485523,1.1821754,2.2835836,0.69709533,0.26181093,-0.7912809,-1.4839368,-0.9254541,0.39202872,-0.6777318,-1.2565851,0.5133029,0.56190467,0.47833362,-0.7481628,-1.4075819,-0.27670816,-1.6226045,1.230754,0.327673,1.9451222,0.10270222,-2.1973011,0.65426135,-0.3356589,-0.9523731,0.45852625,0.59503275,1.7019846,-1.455229,0.61799467,1.1735559,-0.7932082,0.13083047,2.0090387,1.965186,1.1677471,-0.6242306,-0.8315006,1.431776,1.4429386,-0.8528194
KM-H2,2.1554635,-1.0659716,-1.812451,-2.9385462,1.5530396,-1.42403,-0.8375071,-0.0072187483,-0.6491646,0.6378242,1.183483,3.6895385,1.6119068,1.4654758,1.1076264,-2.9200754,0.15804502,-0.7461058,-2.7521966,-0.10467992,2.500708,-2.1666415,-1.5044539,-0.41182917,-2.4427333,-3.675183,-0.16592556,4.287521,-0.8867077,-1.7036755,-1.0894723,0.79394937,2.1541457,0.96137416,-1.6838659,-2.4431112,-1.9869115,-1.8442403,-0.18163098,0.26704127,1.1617384,-1.2458268,-1.3540905,-1.969418,0.14621791,-0.5407199,-1.8573548,-0.47302672,0.56959367,-0.8891848,0.2854388,-1.436033,1.4369085,2.8870263,1.9546309,2.1354926,2.5304043,0.9590203,3.6661575,-1.3956728,4.277069,0.11455388,-3.5423205,-0.9853255,1.2291931,-0.015350908,3.920806
CGTH-W-1,0.7368671,1.4599832,-0.31358024,-0.49921966,-0.37703618,-0.7797688,-1.388386,0.40021056,0.9552891,0.5480045,-0.09721084,-0.35942438,-1.160494,-0.5355357,2.800219,0.9337414,-0.81445014,0.31659093,-0.8438717,-1.2234765,0.21521102,0.28381637,0.3163424,-1.480226,-1.0497184,0.37825096,2.0008264,0.18518484,0.3891836,0.48533276,1.7679833,-0.5752408,0.16899273,-0.63708186,-1.1715553,-1.414228,0.2051397,-1.033776,-1.5685384,0.7134516,1.6263531,0.4255118,0.26282597,-0.6710117,2.176472,1.649705,-1.1772337,-0.56712127,1.2149189,0.3277193,-0.34556276,0.844167,-0.23588456,1.6370018,0.44975895,-1.2200724,0.548795,0.4157722,1.6923681,0.28686783,0.255009,-0.29232424,1.3220755,-1.249234,0.66824055,1.4628476,-0.21120606
SK-N-FI,0.9784283,-2.082591,1.2318159,-1.3006349,-2.214197,0.7595487,1.2821999,-0.90727365,-0.33078477,-0.03285067,-2.8436007,0.1741201,0.19414495,2.8830283,-1.4850497,-2.1572447,-0.7574054,0.29459712,-1.3475887,-1.0358082,-1.6524959,-1.4060943,-0.90904313,-0.38218054,-0.8872136,0.81983477,-0.43197203,0.7850276,-0.65470195,-1.1277283,-0.40149307,1.1263572,0.11314133,-1.0365899,2.0715811,-1.1037048,2.093267,1.4314227,1.1140581,-1.1636765,-1.7588172,-0.9941216,-0.24201044,2.5518486,-2.8031225,-0.26866543,-0.29444993,2.601334,-1.1965752,2.11719,1.9739468,-1.137266,-0.8217138,-2.2554097,2.8847673,0.024085313,0.7396878,0.22702096,-1.5813022,0.6178741,0.34823996,-0.42702535,-1.2576166,0.11222513,0.82245725,0.31745383,0.12980792
HCT 116,1.002867,0.0320345,0.66872394,1.2028251,-1.5415068,0.6232361,-0.5343292,-0.9480162,0.33175066,0.30298153,-1.6650541,1.050341,-1.5287547,2.7513797,-0.16013116,-0.14121161,-1.3782125,0.8185645,-0.5876675,-0.8631481,-0.6363369,0.3815207,0.77674997,-1.928995,-0.05289054,-0.3750043,0.39928555,-0.69045496,-0.04964544,-0.22611676,1.0939533,1.3963162,-0.19967587,-0.9551628,0.66797495,-0.099675745,1.5827949,-0.009847537,0.8247356,-0.99662477,-0.534775,-0.35469648,0.21118069,0.31746194,-0.56261104,0.9471959,-0.30275708,0.31500167,0.43307093,0.54578805,0.56609637,1.0318233,-1.0776286,0.77076256,1.4894326,-2.241309,1.850003,0.5445121,-1.0542315,-0.52475536,-0.4287304,-0.6159039,-0.21786085,-0.24692366,1.0821494,-0.073009156,-0.09564826
SW1783,-0.02009976,0.17788333,0.30807042,0.37494233,-1.4309608,-0.16195299,0.023799717,-1.2643818,0.21610904,0.20361629,-1.1102643,0.1869244,-0.67906797,1.057793,-0.25199565,0.13479367,-0.7874362,0.20319992,-0.7838352,-0.56966615,0.05846519,-0.052260634,0.4241882,-2.1777165,-0.6899557,0.32783595,0.27269098,-0.40194875,0.8367286,-0.44907168,1.4114857,0.26743457,-0.034912277,-0.6093,-0.040726304,-0.035063215,0.8606374,-0.13163313,-0.5617365,-0.027525354,-0.062393516,0.6571516,0.21108058,0.064999044,0.054747477,-0.077068225,0.04436536,-0.14765063,0.16865432,-0.34482095,0.68202925,0.44311875,-1.1325436,-0.101258636,1.0511295,-1.0511436,0.5819965,0.4537154,-0.53368753,-0.18354464,-0.5911639,-0.98902464,0.67478895,0.6263696,0.29291603,-0.062588066,0.77731323
Ku812,2.2064545,1.1877592,-0.7735911,0.49797323,-0.6955349,0.5063279,-0.44610125,-2.7076163,0.29446006,0.7318846,-1.2752585,0.20696059,-0.4036108,0.9756132,-0.19389126,-0.014299717,-0.7762165,-0.25597683,-0.98706967,0.4498211,-0.5519603,-0.0021623075,0.7847325,-1.988249,-2.5655754,0.09047492,0.504197,-1.473053,1.0048586,-1.2071847,1.3485885,0.6766413,-0.11868055,-0.11152989,2.3463545,0.12213889,0.6316761,0.17613034,0.10539317,0.8378671,2.4836123,1.8081776,1.3907915,-1.6926692,1.8165722,-0.8148527,0.73682916,-0.9194759,0.94696987,-0.84308237,0.8151933,-0.8141595,-2.301245,-2.002346,0.4343752,-0.51386607,2.058998,1.9330814,-0.6640688,-1.9454188,-2.4842157,-0.9310663,0.14644367,-1.311985,0.28552008,-0.0013814068,1.4615091
SNU-C4,0.6456822,1.5676047,-0.23422225,0.4548683,-0.6344756,-0.21325696,0.097055756,-1.8208473,-0.007321367,0.9867527,-0.7818452,1.2223215,-1.5830367,0.54161614,0.54798424,0.47665983,-0.6715562,1.3748716,-0.42219618,-1.3263315,0.8179978,0.72582674,0.7351308,-2.0399444,-0.39239252,-0.991492,0.46597475,-1.582661,0.29593468,0.38080427,1.8130589,1.5024282,-0.110635586,-0.74836713,-0.14253575,0.73928756,1.259175,-0.0985896,-0.3560184,0.61195165,1.0270929,1.7074838,0.45886618,-0.9925069,0.92150474,1.028852,1.1581554,-1.1615595,-0.42789215,0.020538375,-0.54804283,0.7513923,-0.8974626,-0.5110671,0.5830316,-2.0891185,0.79188997,0.9486634,0.40567073,-0.9444486,-0.4273487,-1.4474623,2.0788558,1.7552013,-0.3629207,-0.3051085,0.34221295
COR-L279,0.35535923,0.036997333,-0.15854204,0.41863307,-1.4559046,-0.14483432,-0.47997564,-1.4055296,0.27702814,0.3454731,-1.0822897,-0.054006137,-0.7198993,0.90694284,-0.20821217,0.18629381,-0.9730335,0.22219145,-0.8157357,-0.39710313,-0.32661024,0.026959926,0.48008022,-2.2181845,-0.9937147,0.5907849,-0.064089015,-0.71742237,0.4160334,-0.7717231,1.2832593,0.24771528,-0.10264682,-0.54342973,-0.04549373,-0.071323745,0.8981573,0.5742516,-0.58883876,0.2662272,-0.010295669,0.45082253,0.53286177,0.1095408,0.17407677,0.20836481,-0.39495566,-0.032839153,-0.31198698,1.01551,0.7004202,-0.050929844,-1.2416004,-0.2309944,0.9909398,-1.0093036,-0.4466477,0.45901188,-0.90351003,-0.058235656,-0.61921304,-0.5199036,0.42823654,0.102355376,0.258479,-0.03646413,0.73116565
GI-1,0.4664753,0.3599818,-1.363917,-0.057023197,1.7002451,-0.055627942,0.40740597,1.5298339,0.4184814,0.059574567,1.0426257,0.14003295,0.53282285,-0.7015326,0.3635997,0.17139229,-0.35533714,-0.5835314,1.5177106,0.4763169,-0.63371396,-0.6719888,-0.34906188,1.477451,0.9624878,-0.09279986,0.78129613,1.1835084,-0.70056665,0.11979973,-2.398997,-1.8252057,-0.14001517,0.0083212145,0.4162728,0.473746,-1.0443186,-1.0056683,0.8403964,0.27038503,-0.22685723,-0.42376214,-0.42162943,-0.7662822,-0.06691482,-0.579649,-0.01258152,0.590986,0.91770595,-1.8248158,0.124765545,-0.13947824,0.9095101,1.0276426,-1.295173,1.7170817,-0.6765623,-0.80350006,-0.9341027,0.056414578,-0.26179966,0.25151724,-1.2862852,-1.38221,-0.36531064,0.9320135,-0.85839546
COR-L24,0.7590286,0.2953785,0.62599254,0.1579099,-0.8957328,0.09149492,-0.090189874,-2.3494866,-0.0962191,0.41567153,-0.855372,0.4872483,0.11047765,0.8189681,-0.56807864,-0.7768434,0.023598105,0.15683842,-1.2189604,-0.10199785,0.10816358,-0.20470817,0.33398306,-1.1806225,-0.727975,-0.057802655,-0.53821146,-0.960981,0.29918724,-0.47247338,0.41092923,0.96616125,-0.137927,0.10528466,1.0536442,0.4463882,0.6915885,0.76732695,0.09699,0.42176232,0.2003307,0.7098778,0.32775807,0.11088902,0.14333512,-0.7704217,0.71828634,0.10378174,-0.5535974,-0.016372107,0.23898783,-0.41109127,-0.8364119,-1.1707522,1.305994,-0.48795086,0.42873746,0.61462325,-0.6177061,-0.70319235,-0.6467929,-0.56672215,-0.3127336,0.5817972,-0.3179286,-0.8950823,1.1079617
SK-MEL-3,0.58015263,-0.895565,-0.3210813,-0.22313991,2.6095963,-0.39842594,3.059171,2.0817008,0.024195617,-0.4597449,2.1986141,-1.3886425,0.20681226,-1.7455848,-0.22356528,-0.36283642,0.83693856,-0.685066,1.8761381,0.98228747,-0.47277498,0.18044932,0.22206143,3.390286,0.40099597,0.2933941,-0.21680275,1.4343836,-0.031338528,1.858695,-1.9818282,-2.7651002,0.14739151,0.6760278,0.8473735,0.6817851,0.35313976,1.3300934,0.7726581,-0.76083744,-0.9800796,-1.2907138,-0.70344526,1.3160349,-1.0738604,-0.45246735,-0.33573204,1.3081017,0.70841914,-1.1527727,0.05261831,-0.46510318,0.79811156,-0.28132984,-1.1711631,2.0515623,-0.34797245,-2.7199185,-0.6064879,0.7482219,0.23317152,1.4352207,-0.7489704,0.49865338,-0.3419221,0.21527421,-1.3074374
KMM-1,-1.8761054,-4.848485,-6.200682,-0.9987802,3.4718916,1.0196576,3.2969656,6.3436017,-3.79166,1.4673986,2.4061105,-1.0234689,2.816759,-1.2543933,-0.40601838,-2.1187809,2.7023103,-3.6421604,5.2166133,4.8885665,-1.6192663,1.1318407,-0.6116049,4.140205,0.8873222,-2.7948103,-2.364148,3.9303422,1.4442264,0.8783312,-2.6018865,-1.6760745,-0.3557431,2.0399725,0.14316037,-0.64774793,-1.6471217,0.058177024,2.1612465,-2.4233255,-1.849513,-2.3139071,-0.74961156,0.018746793,-0.34838372,-1.2832797,1.509159,-3.631342,3.1028647,-2.0923455,0.2942806,-2.525829,0.55555606,2.9653795,-5.570114,6.204623,-2.0348973,-1.2506697,0.31287682,0.6915047,0.57465506,1.9175327,-3.6299067,-1.01857,2.2489967,-0.096630275,-1.0785146
NCI-H647,-0.054163694,0.5352074,-1.6738071,0.90681744,1.0710022,-0.22724761,-0.5182178,0.29124337,-1.412562,0.62553626,0.788778,1.1845032,2.9977527,-0.052041568,-0.39996126,-2.049436,-0.078329116,-0.938189,0.94553345,3.6247962,0.91822934,-2.0845993,-1.7301118,0.4418826,1.3144746,-0.7731692,-0.040137053,2.0473232,-2.2006366,-2.3658085,-4.222334,0.17689665,-1.2890295,-0.30041692,0.065173596,-0.33283883,-3.4228694,-2.1659741,1.7120538,-0.026939772,-1.3077787,-0.6978637,-0.79930985,-3.5928411,-0.5092852,0.15353437,-0.88508207,-0.9620874,2.4206512,-2.9746346,0.5166358,0.004668049,2.5773826,2.5654008,-2.276207,4.0502276,-1.2540482,-0.35841015,-2.4884224,0.30088013,-0.8860736,-1.8456993,-3.918117,-1.0492035,-0.65204436,0.81212354,1.724206
HuTu 80,-0.05156908,-0.22592598,0.8951417,0.40087146,-2.5267503,0.045244478,-0.9406208,-0.23133492,0.7752645,-0.22271758,-1.1512192,0.26704684,-0.99938637,1.7323611,-0.80716836,0.3925541,-0.85435903,0.13376313,-0.82031953,-0.3773906,-0.64963543,0.31072626,0.0008184813,-2.3803973,-0.43008175,0.40756834,-0.19130492,0.08149595,0.3528088,-0.97629696,1.7311726,1.1870699,0.17528737,-0.7488529,-0.31289572,-0.51941407,0.22146738,-0.34608892,-0.34888354,-1.2290606,-0.48537037,-0.4884108,0.2884589,-0.02062177,0.56057525,0.5725095,-1.2378732,0.18397364,0.4615872,0.44863933,1.6159786,1.2881389,-1.231926,0.8506697,1.1786821,-1.4633901,-0.107627556,0.45002195,-0.43564057,-0.11858723,0.09984548,-0.43922728,0.42358306,-0.55488336,1.62617,0.4793185,0.8531162
NCI-H2347,-0.08376125,-1.0235968,-2.286338,-0.7689818,2.7743554,-0.58347523,1.372838,0.93981797,-0.871869,0.35595477,1.4072055,0.57674176,0.7566093,-0.5006083,0.6627375,-0.049514294,-0.058399722,-0.41459915,1.3310974,0.59879607,0.8079795,-0.7697441,-0.7157405,1.3587191,-0.12053388,-2.1190014,-0.80326253,1.9364724,0.42197526,0.2695881,-1.491646,-0.6453285,1.3961705,1.7782515,-1.9937992,0.122550815,-0.5437792,-0.96247566,0.45191163,0.37372917,-0.47344822,-1.2770799,-0.280805,0.715665,-0.7249113,-1.5663147,-0.46049887,-0.2752875,-0.022176564,-1.2093284,-0.21576503,-1.6520344,0.16417906,2.5115063,-1.4756914,2.2278771,-0.7920094,-0.63051397,0.88445264,0.43495554,1.0350661,1.5587449,-0.54663074,0.2753778,-0.9130059,-0.6399417,0.26771614
SK-MEL-5,0.3723947,-0.8449404,0.36198598,-0.68999726,1.1184512,-0.23877183,1.4009649,1.3656601,0.4428406,0.31752354,1.6152749,-0.21463107,-0.058294423,0.33384284,0.07852195,0.15214485,-0.09318313,0.33834606,1.8767673,-0.5962418,0.2598881,-0.05402048,-0.35894668,2.0170832,0.4437344,-0.84340084,0.097878955,0.91506237,-0.8469361,0.5324542,-1.8598905,-1.1026262,-0.3685065,0.53150004,0.016634006,0.22721612,-0.057411328,0.085777536,0.60489625,0.3206262,-1.8247931,-1.2069492,-0.66965723,1.0063002,-1.1924174,-1.1379259,0.06764403,1.6222137,0.80198276,-2.668092,-0.45855603,-0.0324101,0.38173515,1.1374598,-0.46257615,1.481695,-0.19243452,-2.0315304,-0.7256537,1.5396104,0.89577544,0.6693615,-1.0145515,0.31751475,-0.023354711,1.0396352,-1.3882103
SNU-738,1.0036749,0.71680194,0.008041434,0.23873532,-0.8458889,-0.24116512,-0.37632975,-1.9707981,-0.12032102,0.6973816,-0.89865434,0.6954545,-0.77419484,0.78822154,0.3851511,0.15995838,-0.5135262,0.715813,-0.80780846,-0.5562526,0.4118117,0.8013835,0.61861247,-1.6055346,-0.90310025,-0.09516549,0.3018887,-0.78036284,0.83233994,-0.04637699,1.1495591,0.4533507,-0.3090785,-0.44507807,0.064849354,0.4411002,0.7513801,-0.018803772,-0.08984722,0.70236844,0.7270009,1.0736781,0.50989926,-0.55319977,0.6920132,-0.36636233,0.9015004,-0.5356212,-1.1145065,0.6106827,-0.2390178,0.22406045,-1.0804988,-1.0315537,0.78115636,-0.9936895,1.0163975,0.62753403,-0.1389078,-0.31072247,-0.4933637,-0.81971353,0.81325054,1.4554522,-0.25006676,-0.59438646,0.6771357
U266B1,-0.9975817,1.6103002,0.54832846,-1.1721438,-0.80284226,-0.77329624,-0.33118948,-0.009855481,-0.5929951,0.05895796,-1.141876,-0.7627858,-1.5365242,-0.948174,1.5711952,1.2915674,-1.377569,1.3448552,0.27657434,-0.19913119,0.08030075,0.32790586,-0.3992191,-1.1165003,1.2097397,2.2832234,0.19416593,-1.4631093,0.1709958,0.51856124,2.106952,0.8355826,0.30246645,-0.37269008,-1.1190716,-0.4139087,1.4701729,-0.67619574,0.14872053,0.642396,-0.24389267,0.26447624,1.5322702,0.5304736,0.8660445,-0.16304016,-1.7924944,0.14898857,-0.45821196,0.873329,0.20589481,1.2152153,-0.24914095,1.2170082,1.616722,-0.059902206,0.20699786,-0.817435,-0.12088613,1.8327253,-1.3245887,-0.1750754,0.97093755,0.4168169,-0.7057983,0.5928826,-1.7726469
WM115,-0.2602575,0.009443441,2.3830378,0.32660347,-0.88781685,-0.89763093,-0.16817036,0.10618552,0.38486102,-1.4486544,1.3280072,0.7524114,-0.9003217,-0.59489393,0.54432,0.7137538,0.21385291,0.96855974,-0.59151495,-1.5186568,1.6553314,1.0956392,-0.074059516,-0.9627585,1.5078958,-0.26467714,-0.9853904,-0.0731524,0.15986925,1.1828079,0.08169836,0.97284615,0.16326396,0.087458044,-1.8605173,-0.020862594,-0.32763904,0.8058983,-0.43818206,0.07503611,-1.4784309,-1.0227909,-0.8825251,-0.04472235,-1.272495,0.87064534,-0.7416766,1.3040626,-0.591163,-0.1744544,-1.4571894,1.7260721,0.038629502,1.2323846,0.4444687,-0.44038892,-0.70278376,-0.7502791,1.4636716,1.2984918,2.7570977,0.44088265,2.094664,3.5263379,0.3140938,-1.0862243,-0.09049901
SNU-213,-5.694753,-3.3730464,-2.394107,6.8810134,-2.9949536,2.0020964,-4.968413,1.0325387,2.6135354,0.28727394,-2.1941779,-4.7876797,2.2266295,0.8797439,2.398284,2.4135914,3.7562523,-2.9110684,3.0187576,0.19622098,-3.3364508,2.4936767,1.9222835,-0.20945583,-1.4189222,0.2638063,0.58324957,-0.6833072,2.4995985,0.14865321,-0.8874754,-0.6254259,-3.2099092,1.1022787,-3.4812844,0.51219845,-1.2593371,-1.8932718,-1.0005467,0.6817337,-1.802421,2.0849237,-1.1709408,0.19880247,2.361854,3.1217623,0.90648097,-6.4144454,1.4978728,-2.9304588,-3.0600927,2.1705632,0.5966995,3.9859483,-4.6087756,-3.048994,-4.603301,2.0792892,-2.3206549,0.84838665,-0.35377258,2.022342,-2.110636,-0.84782785,1.6548126,-2.2126377,-2.4690552
NCI-H322,-1.0028619,-2.4367733,0.042649098,1.2143257,-3.438847,0.38180208,-3.9286957,1.4447886,1.0743258,-0.7074739,-0.68043685,-1.4918755,-1.6326871,0.018468047,-0.93982697,4.284015,1.2363076,-1.2918227,-0.24446763,-0.6576991,-1.7169569,-0.078316,0.6815734,-1.2878295,-1.4741948,2.1385217,2.308632,-3.2068024,2.5247197,-0.24645591,3.1943893,1.0528704,0.9034611,-0.18130472,1.0914723,-0.70807576,-0.58603513,1.5618753,-3.1765952,0.47888464,5.6408095,2.8547313,2.4096599,-2.6620138,2.6720014,-0.12352685,2.047422,-2.0105193,-0.09464404,3.860672,0.67462736,-2.3171124,-1.7089908,-1.8425635,-1.9976397,-4.8746014,-2.1431117,4.224444,3.2195346,-1.658936,-1.2975385,1.701934,0.5489856,-4.0004573,0.3955826,-1.9598194,0.40175113
KMS-28BM,-0.6100267,0.69786936,0.010001183,-0.67811006,-1.2198952,0.44244048,0.35843843,-0.61835945,-0.6157248,1.2366773,-1.6819721,0.68765736,0.5009842,0.7604246,-0.41052246,-1.2852732,-1.0001044,0.43451405,-1.375408,0.14324729,-0.17693084,-0.69721186,-1.0037711,-0.8639988,0.5822928,-0.07969873,-1.0286494,-0.4538546,-1.8037846,-1.803894,0.03177645,1.7110531,-0.76672274,-1.7414166,-0.53895426,-0.052665032,0.2537526,-1.5885818,-0.40634328,0.030035418,-1.4477259,-0.78796715,0.07677517,0.10003322,-0.7499372,-0.6722144,-0.1515995,-0.10545682,-0.21330097,0.2278142,1.0719846,0.2947781,-0.10417881,1.2224364,1.5612111,0.09415439,1.1038423,0.13476884,-1.7138722,-0.45790112,-0.45158786,-2.3151398,-0.19864531,-0.872778,-0.6258634,0.80654335,0.39803633
NCI-H2286,0.38089842,-0.6321985,2.4478724,-1.3707129,-0.13113485,-0.9870982,1.8718038,1.7045696,1.0305502,-2.3796096,3.40225,-1.9600439,-0.43053705,-3.690739,0.09194768,2.3359046,0.81455636,0.33991653,1.4258994,-1.0106257,1.0260288,1.3269264,-0.14914583,1.8493222,1.6317879,0.7937125,-0.9582509,-0.63384676,0.02057916,2.682351,0.5591477,-0.34053493,1.2335598,0.81973684,-0.9871484,0.43068776,0.18397704,1.0849866,-1.3812526,-0.87224066,-1.0801475,-1.7644955,-0.29104933,0.9727632,-0.935399,0.0023332238,-1.345332,2.652101,-0.28106657,-0.08110398,-0.44088054,0.8107302,-0.045743585,0.93151844,-0.6805372,1.143905,-1.7471044,-2.4651139,1.516362,1.1938472,1.2085184,0.7935246,2.621106,1.2470484,-0.32441914,-0.41949338,-1.3421191
VMRC-LCP,0.25121522,1.2007847,0.7278153,-0.27723464,-0.37975323,-0.5076605,-1.8814702,0.36402205,1.3123751,-0.14004777,0.08329381,-0.080014415,-0.8420934,-0.2699991,0.6165474,1.2830397,-0.6703772,0.6358146,-0.681257,-0.3241004,0.42200378,0.07819474,0.01773623,-0.29321697,-1.232458,0.7828211,1.7628133,-1.3272603,0.1722289,-0.39687023,1.3348343,-0.40732104,-0.30542547,-0.074908905,0.10913604,-0.8029799,-0.39740658,-0.24151504,-1.5261421,1.5647213,1.9524045,1.1257617,0.7918152,-0.9698285,1.8875577,1.0597098,-0.39635533,-0.036460005,-0.11035885,0.5019121,-0.47360274,0.027286075,-0.54903835,-0.31894246,-0.2628114,-1.0166848,0.049976848,0.3835024,1.0573208,0.53358096,-0.44887727,-0.22580382,0.42043307,-1.5885339,0.59667164,1.2867416,0.088551834
NCI-H2126,0.8495279,0.7304485,0.23023078,0.21871145,-0.7414069,0.22501487,0.15991709,-2.2244463,-0.384273,0.89972055,-0.6115541,0.53794515,-0.36694345,0.1608783,0.19694357,-0.38045678,-0.53364253,0.87916225,-0.8570351,-0.59169525,0.5170684,0.16800445,0.5251412,-1.2527001,-0.52708715,-0.79651403,-0.1769835,-1.5385269,0.0634698,0.34610355,1.2943265,1.4534906,-0.30686113,-0.3751577,0.067785345,0.24986482,1.1960385,-0.2299163,-0.2867194,0.64892155,0.015499214,0.7163173,0.26565483,-0.40929234,0.38512242,0.022061372,0.754489,-0.9080173,0.0543769,0.4688763,-0.7017829,0.5975454,-0.5040656,-0.3060547,0.8661908,-0.92678386,0.9766135,0.8408366,-0.2424678,-0.36385617,-0.38022107,-1.2099258,0.6563631,1.0877998,-0.4962416,-0.47323203,0.5991095
RT-112,0.3797437,1.2642609,0.5624062,-0.84157985,-0.46798947,-0.207001,-1.1020336,-0.2964249,0.1310316,0.82199705,-0.36582395,-0.6947351,-0.56420064,-0.5027328,0.10021194,-0.07862027,0.15780403,1.0721972,-0.21782555,0.41156211,0.7024419,0.6401086,-0.5662598,0.4559738,-0.517629,0.8356511,1.311061,-2.341041,-0.28227103,-0.4550271,0.9266395,-0.6751397,-1.4793667,-0.62210923,2.3116887,-0.24520795,0.094537824,2.125042,-0.43992257,1.156794,2.0587504,2.2739565,0.9032017,-0.7395677,1.9436828,1.148031,1.0438783,-0.9220287,-0.7101027,1.5779774,-0.12422302,0.013605382,-0.35895798,-3.3861055,-0.19130626,-0.47419086,1.4460357,-0.6421536,0.9287114,0.8926101,-0.667702,-0.49932137,1.1494994,0.26469752,0.56902313,1.1512151,0.44902328
143B,0.0688439,-2.611638,0.43380767,0.88599885,-1.3684367,-0.17655396,-2.5118763,1.2025688,0.43974215,-1.0376544,0.77397925,-3.7597578,3.2564032,-1.4118136,0.42797747,-2.0528562,1.8550462,-0.941432,1.3708631,1.6072038,-1.3628385,0.97129446,-0.72572505,-0.14933942,-0.8511361,0.94776464,1.8976789,1.4144921,2.2908235,0.3776632,-0.22724631,-0.64019394,-1.6657906,0.5624428,1.8536347,-2.8463113,-0.64052963,2.638408,0.13593598,-0.91460466,-1.788349,-0.62511766,-2.240182,-0.42925766,1.9980311,4.683243,0.4903174,-3.2676148,2.4951992,0.7654452,-1.3463237,1.3016304,2.2150106,0.95125884,-1.5558724,1.0813022,-1.4015794,0.51156783,0.59679943,2.2856781,0.98574823,1.801435,-1.917578,-1.1953518,1.8054421,0.81255895,0.27738658
BT-549,-0.66656137,1.3203034,2.077724,-1.1398959,-0.8957215,0.08077237,-1.1477488,0.8964523,0.62335604,-1.4117178,0.20761958,-1.7993736,0.78791875,-2.653248,-0.9138101,0.45691088,0.9012128,-0.41288775,0.054502957,0.023401545,-0.4748593,0.52088094,-1.1282691,0.525557,1.7253838,2.1846087,0.18428786,-1.68365,-1.203726,-0.08372678,0.7556982,-0.4655239,-1.0979646,-0.8947442,2.0578709,0.3442439,-1.2763202,1.7450991,-0.7554478,-0.6150801,0.391108,0.19436671,-0.19165424,-1.132992,0.1658282,0.7577283,0.03877007,0.36505365,-0.44316697,2.290186,0.16370103,1.5365483,1.0730363,-3.1467478,0.13539213,-0.008259982,-1.0539502,-0.23129377,0.76116765,0.49236414,-0.22190513,-0.83073235,0.39751562,0.27218315,-0.32276884,1.0625632,-0.1093113
COLO 704,1.2840065,1.1897802,0.21028373,-0.14326704,-0.857726,-0.23216505,-0.023541868,-1.4975086,-0.06002087,1.2625891,-0.5204158,1.285097,-0.8871111,0.39497966,0.5475022,0.3215508,-0.5855417,1.71803,-0.85918605,-0.97336614,0.791003,0.9743252,0.3152367,-1.6424906,0.07925731,-0.63613194,0.021296918,-1.89799,-0.18509163,0.105857424,1.1562802,1.6858988,-0.7819891,-0.87645864,0.49817118,0.66419715,0.23888044,-0.30878147,-0.16810343,0.96836954,1.2554473,1.3917861,0.6202082,-1.3259354,0.56292146,-0.030519903,1.0987729,-0.89456254,-1.0257194,-0.28931296,-0.62389356,0.5553488,-1.1137094,-1.0292249,0.5781859,-1.0200086,0.2540269,0.8293842,0.5904691,-0.45749307,0.03161888,-1.2150116,1.415022,1.5683354,0.10959956,-0.3571729,0.6122662
DM-3,1.5743951,0.735128,0.46246648,0.336851,-0.4348449,0.20013806,-0.1465101,-2.4017315,-0.08891205,0.5473875,-0.7166895,0.5071344,-0.06321103,0.4768961,-0.15363157,-0.81307554,-0.10541767,0.6952658,-1.0369371,-0.29048237,0.13380417,-0.10097213,0.5597847,-1.1851017,-0.6064974,-0.16701949,0.07997447,-0.68347365,0.12767029,-0.46580175,0.26599592,0.89398456,-0.31170288,-0.14077845,0.7124715,0.25110704,0.94764185,-0.43100053,0.11534791,0.117361695,0.116963595,0.4970671,0.4279755,-0.14157033,-0.17632776,-0.36418077,0.60432893,-0.112010546,0.04229176,0.14638507,-0.1596576,0.0003453195,-0.5280085,-0.9949777,1.1435238,-0.444522,0.92033345,0.6350385,-0.6724639,-0.79515696,-1.0261631,-0.8083425,-0.2117793,0.75672907,-0.5332673,-0.48129398,0.7819935
NCI-H1623,-1.1397837,-0.40234864,1.6459749,-0.5665007,-0.8098353,-0.47823918,0.9967557,-0.02090165,0.08144064,0.04520403,-0.110397525,0.89464945,0.2455011,0.98091197,-1.0144236,-0.6224175,-1.7649931,0.54535663,-1.0307711,-0.74705267,1.5496658,-1.156402,-1.2397099,0.32168314,-0.16932762,-0.77111864,-1.2355205,-0.041293174,-1.5235103,-1.3888501,-0.8669947,1.25955,-0.17654878,-0.677402,-2.2439172,-0.24436586,0.51962566,-1.141044,-1.1639088,0.3036262,-2.64555,-1.650438,-0.965258,1.0212336,-1.6668674,-1.6599174,-0.9049049,1.6961584,-0.7951453,-0.16401733,0.5157123,0.27690482,-0.009710476,1.960381,0.84867895,0.4896928,0.047871195,-0.5616796,-1.0469917,0.5293665,1.2206095,-1.6884165,0.21977893,0.42467254,-1.3402315,0.583501,0.7224611
NCI-H522,2.1626022,-0.49336475,0.42440233,-0.56119764,0.49966547,0.3177717,-0.39612314,-1.8516065,-0.7684921,0.5662543,2.0694878,-0.06636512,0.37799242,0.7071049,3.005409,-1.8402333,0.49873632,1.1596111,0.028176617,-0.71945053,0.15412946,0.99465144,0.3336429,1.2542346,1.374893,-0.3137359,-0.14813429,-0.5304877,-1.0889782,2.3532188,-0.305764,1.0785178,-0.942276,0.30144313,-0.7222409,-1.8947549,0.7055859,-0.49395972,1.6057851,0.25702962,-1.6640886,-0.8091219,-0.3633288,-0.84402394,0.32486916,-0.1990354,-0.59020025,-0.43156365,2.315148,-2.6243546,-2.713864,2.5663464,2.0404682,3.4235106,1.1840377,0.8801538,1.12449,-1.7962708,1.5287786,2.3760881,0.69066393,0.0019829497,-4.081921,2.6294885,-0.20649669,-0.7806845,-1.3039008
Panc 04.03,-1.4144636,0.75386137,-0.33755028,-0.9423263,0.55120856,0.5206302,-0.44129065,1.420248,0.39330178,0.15266052,-0.67898804,-0.80897105,0.5391119,-0.6934896,-0.2153599,0.058028866,-0.764761,-0.2421245,1.1338972,0.030964792,-0.7760502,0.06371829,-0.667226,0.92135227,-0.06649694,0.54499173,1.3310307,-0.03791119,-0.16714627,-0.32856637,-0.07706621,-0.18162115,-0.4096846,-0.5057055,0.3712122,-0.7249285,0.5333195,-0.7068983,-0.5018424,0.22749138,-0.07520872,0.10655443,-0.61846435,0.05416816,0.6373145,0.40649533,0.22121185,-0.6525284,0.80129284,1.0768187,-0.021716274,0.13809815,0.853484,-0.015413687,-0.65056497,0.15624471,-0.5144524,0.70475733,-0.34156728,0.39725214,-1.0048445,-1.3116803,0.22625658,-2.4961128,-0.8630142,2.3282485,-1.0246198
HD-MY-Z,0.20455153,-0.12626171,-0.85714895,-0.17384195,2.3067052,-0.3347379,1.3059864,-0.7431519,-0.7332962,0.21019521,0.9107652,0.7142277,0.4064122,0.14976513,0.8298716,-0.86120963,0.0023324694,0.22118932,0.2230409,-0.14222218,1.1553205,-1.0907156,0.038941935,1.4898114,-0.20229548,-1.3321233,0.5041843,0.61811614,-0.13096708,0.6616443,-1.4641235,-0.32656983,0.9149911,1.1423616,-1.84528,-0.42383745,0.34933397,-1.2667074,0.3476476,0.85505986,-0.41970932,-0.85033184,0.051773895,1.0921065,-0.32027456,-1.312751,0.38472015,0.27680835,-0.4901051,-1.2605857,-0.8262226,-0.8081358,0.8249878,1.3713833,-0.14461958,0.880824,-0.0824464,-0.45525485,0.50975645,-0.039596744,0.2889653,0.18385184,-1.5400525,0.71896374,-1.9557211,-1.2115271,0.08018571
NH-6,1.4672902,0.22974373,0.708653,0.2917303,-0.35772452,-0.06145252,0.19469067,-1.3148625,0.13570563,0.5881448,-1.2028036,1.2614841,0.17611638,1.3940938,0.5646517,-1.515437,-0.80523336,0.50431454,-1.8637992,-0.36060256,-0.03934597,-0.24045461,0.4653974,-0.38874048,-0.31906497,0.010200428,0.25196266,1.1909295,-0.7832779,-0.36774683,-0.8158276,0.31202757,-0.58585435,-0.76690865,0.5378457,-0.3820927,0.7545182,-0.96366715,0.68930507,0.48180926,-0.75660384,-0.024415867,0.15748,0.6752255,-0.99883056,0.13240626,-0.3623529,1.1803325,-0.20023635,-0.7700627,0.016130488,-0.2555673,-0.5102521,-0.28322268,1.7431134,0.12460083,1.390018,-0.52989364,-1.3511386,-0.3250282,-0.017447397,-0.1651766,-0.7389858,0.88142085,0.3487684,-0.04969375,0.034201674
TC-32,1.0480673,-0.07166232,0.38713765,0.405355,-1.5880466,-0.11477388,-0.08787453,-1.5725904,0.4151861,0.113053106,-1.0193688,-0.078478314,-0.7576969,1.0110497,-0.49644458,0.039557405,-0.7810571,-0.18335794,-0.932754,0.010084435,-0.15570691,-0.3580735,0.49358308,-2.1558423,-1.2248727,0.4597298,-0.12222403,-0.4578081,0.48072225,-0.46386474,1.1485797,0.28145698,0.026279122,-0.44977465,0.052851852,0.24045527,0.8969838,0.13121161,-0.6338889,-0.09376493,-0.15546194,0.28934914,0.37035954,0.35413888,0.33609605,0.055365857,-0.31360626,0.052645847,-0.15177727,1.072664,0.85793597,0.012312368,-1.190195,-0.35069463,1.4212866,-0.9135151,-0.17286517,0.51341397,-0.9046522,-0.33365756,-0.83278596,-0.66978145,0.20989735,0.34973615,0.32289952,-0.09198947,0.8656312
U-251MG,-4.0825377,-2.7714825,-2.0711393,3.4838483,1.9371853,2.1114187,-0.7532153,0.76334435,-1.1680251,-0.09576169,-0.12562367,-1.3312917,2.7148685,-0.7951087,-0.55548656,-3.0074613,6.0827155,-2.2193432,-0.90690434,2.3677688,-1.1476307,1.9678477,2.0567129,3.5798228,-2.288706,-0.01865974,-1.4761721,-0.51485527,1.3345245,0.20353016,-1.2723284,-0.5487591,0.21605118,1.5091044,-0.7089771,-0.27053016,-1.8964704,-0.4342817,-1.2839128,-0.40653837,1.1332473,2.1979444,-0.099461205,1.3506662,1.5539485,1.1768138,1.2059783,-3.9565525,-1.6100943,-0.6348081,-2.1574693,-2.3987665,1.7899888,-0.3152486,-3.2351663,-0.46803424,-1.2500161,0.040804476,1.2643058,-2.6977236,-0.49912006,2.73013,-2.4709177,1.1528823,0.53965795,-4.039705,-0.46028185
OVKATE,-0.40248328,1.1068869,-0.1172337,0.659095,-0.6448302,0.41415107,-1.7299713,0.3880906,-1.2206625,1.1258099,-1.0508668,0.37310043,-1.6513784,1.949576,1.7106855,0.6133235,-0.34187114,-0.12433083,-0.8211022,0.24821347,-1.1519835,-0.14499155,0.9558899,-0.08331683,1.1431661,1.7522348,-0.1811032,-0.9930441,-1.390694,-0.43281183,0.9291709,0.5572113,-0.46885917,-1.2096951,-0.33515447,-0.77569884,0.2664498,-1.7298238,0.4260704,-0.031912077,1.2221423,0.49197024,2.174578,-0.9316779,1.1098377,0.32836583,-2.0428646,-0.58992505,0.19875292,0.852783,0.50872517,0.81547695,-0.6356891,2.0254624,1.2127113,-1.306897,2.3214362,-0.62478703,-0.29626998,0.535583,-1.404436,0.056771614,-2.036442,-0.193319,1.4532598,-0.3687178,-1.6046458
Panc 03.27,-0.040194254,-0.9610486,-2.469025,0.13819471,2.1790118,0.3838442,1.0158489,-0.05750777,-1.0840402,0.8921469,0.6718416,-0.49603796,1.7922552,0.70664215,0.9768624,-1.1840718,0.30932084,-0.75684136,1.0634326,0.14612108,-0.263513,-1.3179576,0.33553588,0.9915748,-0.7013685,-1.3654001,1.6677318,1.9558119,-0.015073288,-0.4864428,-2.1713736,-1.4288858,-0.6587719,-0.36658627,-0.98474115,-1.0885952,-0.21728052,-0.7455266,0.4144292,0.18494633,-0.649436,-0.642541,-0.95896006,-0.07016969,-0.41324013,1.283099,1.3433714,-1.7564044,0.1681064,-0.4980304,-1.2295226,-0.56177795,0.7301023,0.7176039,-1.1671499,1.1660229,0.79494524,1.1294729,-0.4446169,0.44249055,1.252407,0.22580576,-1.1434312,0.08156502,-0.5242354,0.3219877,-0.18161893
HCC33,0.107296765,0.10631007,0.36293298,0.35328352,-1.6528019,0.027106717,-0.69462526,-1.4372948,0.41108853,0.15078531,-0.9724169,0.19660386,-0.35959333,0.88792,-0.42560717,-0.014301583,-0.8347683,0.42869756,-0.99371564,-0.06501664,-0.27314588,-0.12682518,0.35814723,-1.8956128,-0.25118896,0.43376064,-0.30482972,-0.40795138,0.39217877,-0.65792274,0.9710861,0.544693,-0.1713851,-0.46450955,0.14527375,0.0034580305,0.670962,0.16083926,-0.32262707,-0.10978368,-0.053643927,1.0866387,0.34966657,0.1346147,0.23729518,0.1775798,0.046463124,0.1843417,-0.21035476,-0.46056908,0.7127409,0.09046504,-1.1223031,-0.34047076,1.1526074,-0.8247505,0.37171656,0.4914665,-0.85572714,-0.31105357,-0.3540527,-0.4052971,0.08123979,0.1698221,0.55059683,-0.104538836,0.86315364
Reh,-0.24754083,1.708609,1.8574282,0.016517647,0.6555854,-0.5643863,-0.8306993,-0.72441316,0.8141048,-1.258793,1.2683548,0.3676902,0.4577736,-2.1907096,-0.8469719,-0.07057047,0.5001916,0.6104069,-0.4342913,0.7060384,1.0741276,0.21070932,-0.9681173,1.0503216,1.0523757,0.8740872,-1.3916912,-1.5521308,-1.1606377,-0.30244663,-0.99108917,0.3467914,-0.06483656,0.7508722,0.69817,0.8891621,-1.7219162,-0.22715856,-0.2856512,0.79457164,0.31590062,-0.13901985,0.02722599,-1.1009978,-0.52144563,-1.1320224,-0.75408405,1.430882,0.21455926,-0.46196198,0.04997355,0.5767498,1.6419398,-0.9473532,-0.05864372,0.80665135,-1.8653593,-0.8752987,0.07177697,-0.5937801,-0.88158846,-0.86417574,-0.9513885,1.0429574,-1.2587327,-0.66848695,0.67852587
HCC1143,2.3112886,1.2897743,-1.7527943,0.26551422,1.9679801,-0.40671033,-2.256744,0.85707176,2.466984,-1.7824057,-0.3582378,-0.60648197,1.5308115,-3.4213638,1.4485583,-0.38228932,-0.19134617,-1.5778311,0.058678463,1.0263878,-1.5137368,-0.58020604,-1.3606765,-1.3024377,-0.097991124,1.8039932,2.8438303,2.633655,2.9792151,1.3254464,-1.774279,-2.36937,1.2075727,1.0014545,1.7359492,-1.7177854,-1.8229042,-1.6993779,-0.23520075,0.38915515,2.686508,-0.11260196,0.52478856,-1.8247496,2.0404146,0.7917594,0.044279516,0.78528225,4.1885304,-1.2715886,0.5780067,-2.2420454,1.3442698,0.9372639,-1.489958,2.0483391,-4.2712693,1.6238033,-0.2358784,-2.1461456,-2.355554,1.1013987,-0.02422842,-4.4053464,-0.49200776,0.96924937,0.11924259
COLO 205,-1.675787,0.737905,-0.60561484,-1.3811514,1.5931809,2.1177912,-0.08611658,2.7513316,1.6527961,-0.6556512,-1.194962,0.7369437,-0.5661122,-0.81756514,-1.6432108,1.0858088,-0.80037713,-0.51997745,0.22328772,-0.6166651,-1.6344448,-0.03802368,0.012108276,2.9596555,-0.17541863,0.97556347,1.8856938,-0.7420504,-0.10799305,0.12726948,-0.6734692,-0.71541405,1.3461541,-0.039257623,2.4748282,0.3888067,0.021597648,-0.6432029,-0.72555035,0.55624795,2.2529569,1.3346106,1.3558832,1.0935119,-0.05901651,-0.8650543,-0.17068857,2.3301003,-0.34961018,1.4566424,0.8931638,-2.350306,0.23779692,-2.0992548,-1.0571265,-0.75713855,-1.9590302,0.9538133,-0.12371988,-2.1447744,-1.9316955,0.15080205,1.5136445,-4.626679,-0.22905087,2.0031788,-2.0247488
HEC-59,-0.61921763,-0.9448843,-2.4228854,0.22069615,1.9059451,-0.34205306,1.2269038,1.2804707,-1.8706945,1.8654301,0.77255374,1.3714571,-0.24020946,0.65108734,2.1428702,0.044041254,0.8405546,0.40944204,1.482949,-0.33236155,1.4755187,-0.2441819,-0.17864527,0.18245855,0.30824646,-3.609702,-0.07659356,1.0985069,-0.2570723,0.5986612,-0.10471178,0.6176624,0.6151755,0.6598381,-2.662199,-0.07519297,0.23437335,-0.590183,0.6803078,-0.43920398,-0.48156762,-0.052749254,-0.5822688,-0.61191416,0.1311456,0.22944878,0.98925626,-2.7520893,-0.14844006,-1.0714829,-1.1367267,-0.15890764,0.3164485,3.2169685,-1.52278,0.037879966,1.788861,0.15214717,2.2067363,0.33509493,2.0584104,0.21868072,-0.2965564,0.83714056,0.015905324,-0.8861314,0.120906875
CPC-N,0.9004337,0.40270245,0.6569147,-0.14170058,-1.23715,-0.21427456,-0.92090064,-0.30304712,0.88832974,0.2773829,-1.255248,-0.53122836,-0.6735113,1.1807885,0.1841634,-0.100173846,-0.91911507,0.5472643,-0.6028895,-0.42673331,-0.41523468,-0.15436451,-0.01817562,-0.77218133,-1.2853767,1.131884,1.118537,-0.35045904,0.17987049,-0.77536845,0.80535215,-0.97490174,-0.2669325,-0.37983307,1.0836521,-0.5456453,1.0371007,0.358966,-0.33571133,0.36797258,0.31578338,0.7101052,0.46296912,0.79306245,0.46959925,1.0298078,-0.89011025,0.9140127,-0.08792845,-0.019426584,0.8516849,-0.026327655,-0.68299824,-0.8631177,1.1713806,-0.69458914,0.31638283,-0.5287378,-0.5652905,0.521917,-0.6144857,0.23601311,-0.59220755,-0.79694754,0.7727951,1.3701159,0.26485658
SCC-25,-0.543895,-1.9986024,-3.993621,-1.2510164,-1.0093193,0.064069435,-2.6803691,0.3272168,2.0652885,0.49236023,-0.5041753,-1.8785397,3.1285615,-1.7195822,2.7217252,0.71673286,1.8983644,-1.622494,-0.41067335,-1.9391601,-1.5118471,0.14657894,-0.37711108,-3.7113636,-1.5685362,-2.1521559,2.5068498,2.397066,2.9622362,1.8001276,1.42045,0.72422427,-0.5368417,-0.8478453,-3.3081608,-3.3418388,-1.8764955,-1.8368533,-3.5390215,0.5456896,0.9987705,-0.26885748,-1.3918082,-1.4557694,2.7740383,2.7169285,2.4430966,-4.0374055,0.9750741,1.1882665,-2.1476653,0.090604134,-0.35265523,2.5433326,-0.51149607,0.09033881,-1.0660924,5.8792415,3.3383934,-1.2345146,4.1752415,0.5874207,3.1996794,-3.4544425,1.0651212,0.04042545,0.42961085
HT-1080,-3.0454001,-0.35274565,3.1927261,-0.843817,-3.0524292,0.48968086,-1.210528,2.1521826,-1.1820296,-1.6354246,-2.7802484,2.28071,0.434339,1.3063802,-2.0699706,-0.015436031,1.7281923,-1.5852253,-2.434751,1.6082631,-0.69233644,0.5152728,-2.7159624,-0.8899501,1.1341536,2.354022,-3.919385,0.32869434,1.2371632,-3.1569839,0.8384216,1.4701344,1.8745996,1.237021,0.44324133,0.77433217,-2.5378268,2.8070884,0.29441616,-1.7155623,1.4188309,-0.37009934,1.3102962,1.2680874,-1.4573716,-1.572923,-1.5586536,2.5648706,-4.626899,2.927939,3.1214921,-2.892705,-3.1186156,-3.0489216,1.6206483,0.048624787,0.13514149,0.07644762,0.38858697,-0.79132587,1.6225431,2.7112737,0.034459315,1.3274128,2.9865537,-3.334225,2.0496438
NCI-H1651,-0.0044675916,0.22675593,0.45907426,-1.30511,2.1011214,-0.28345418,1.948436,0.11893774,-1.1560687,-0.5691593,2.5806692,0.9415907,-0.86754525,-1.0211793,-0.08964875,-0.48066974,-0.23392475,0.48197827,0.21926561,0.8778286,1.041554,-0.66492313,0.30647707,3.6456695,1.2882751,-0.0506237,-1.0310706,-1.3710454,-0.91277725,1.1186363,-0.27254725,0.09580762,2.123458,0.6303452,-0.40678722,-0.5934596,0.078041,-0.5326995,-0.2407816,-0.062177822,0.41446376,-0.72946936,1.2885491,0.31728405,-0.44647968,-2.5153384,-1.2853256,1.6578958,-0.06109034,-0.5544761,-0.52497184,-0.809396,1.548574,1.3954046,-0.6616805,1.2479218,0.38531226,-2.222573,1.4574267,0.102365494,-1.2166426,0.3939832,-1.6946226,0.28916335,-1.7284399,-0.8795025,-0.810224
Hs 739.T,1.0760604,0.24475124,0.40479547,0.20791632,-1.6308756,0.048535064,-0.5400348,-1.408913,0.28836563,-0.04284385,-0.8769366,0.30067575,-0.43240786,1.2431629,-0.43614686,-0.25444978,-0.43679225,0.44073367,-1.0649998,-0.44362873,-0.15075131,0.41419765,0.28017876,-1.9077128,-0.20207974,0.32849094,-0.4145671,-0.46634644,0.22556332,-0.8181468,0.8515189,0.82886344,-0.20263883,-0.31992078,0.47913545,-0.042278916,0.47070685,0.67142314,0.014781758,-0.38213962,-0.0803837,0.46166182,0.120096,-0.099396765,-0.18625268,0.000824932,0.009543717,0.1527641,0.2613475,0.32406586,0.7147903,0.27457973,-1.0422794,-0.53978616,1.2759861,-0.64247763,0.0263986,0.5864851,-0.6646674,-0.3729785,-0.333776,-0.6137446,0.13796951,0.13453427,0.40571457,-0.20059101,0.8859655
TE-6,-1.4103196,-2.408558,2.478503,-3.4990587,-4.5851145,-0.23451687,-5.4561496,3.8272223,4.025775,-3.1787882,1.0305212,-4.062043,0.33180588,-3.26106,-1.8658322,1.8175339,2.1832173,1.7516189,2.476466,0.95936257,-0.5809285,5.4491444,-2.236979,0.98627883,-1.5078268,2.538937,0.10769898,-3.2443538,3.7191424,1.6626927,4.94267,0.4896093,-1.3465416,1.7968419,5.191338,-2.9727337,-0.5868794,6.566415,-1.3930885,0.39713302,0.78453386,3.1340802,-1.5890229,0.16798319,4.502306,4.0077877,0.35213473,-1.3166623,1.6900864,3.889946,-1.0301685,2.0862045,0.73368144,-4.1027603,-1.8501624,-0.95269835,-3.7189362,0.48313826,6.1642313,4.12256,-0.053370595,1.7802761,2.9298832,-3.5438366,5.730356,4.116945,-1.6233754
BT-20,-0.052732345,1.3218833,0.92082614,-3.4573674,-0.2760032,-1.3271441,-1.463458,2.4116983,0.8783294,-0.76044303,1.1269217,-0.22772035,-0.54553807,-2.1151361,0.68937343,1.2719347,-1.2398157,1.6232309,0.0039041769,-0.2745612,0.8669837,0.5805917,-1.4693543,0.57136697,0.061349258,0.66936016,1.794378,-0.810171,0.22695605,0.34103245,2.6392646,0.46620074,0.92109746,0.49768025,0.97656465,-1.6326064,0.35370633,1.7825025,-1.5317062,0.89421606,1.8072745,0.23318635,0.3211268,-0.6010146,2.0497503,1.2312903,-1.0100416,0.3807583,0.4205183,2.4367292,-0.34317002,0.20901534,1.2899727,-0.07080847,0.24348126,-0.20383433,0.15591213,-0.5795014,3.439674,1.2110076,0.51684254,0.040887658,2.0298483,-2.5872219,0.77220803,3.0164893,-0.4476449
OE33,-2.659923,0.16211651,2.1335323,3.0032847,-0.9552884,0.41567123,-1.3946579,0.30647045,1.4177439,-0.04429573,-0.41403854,-1.4837898,1.1760515,-0.9147146,-1.0913059,-1.6438835,2.9780858,-0.1712586,-0.53404117,1.2303042,-0.015151784,0.85778356,0.11839566,2.009065,-0.68695885,1.4724886,-2.4495673,-2.227162,-1.6579936,-1.491459,-1.6364331,-1.1813201,-2.7415056,-0.1986796,-0.13112,1.6661221,-1.32118,-0.08302905,-0.5711576,1.1103346,-1.2570883,1.7924532,-0.64598,0.39255732,0.56999886,0.05744796,-0.14523076,-0.8767062,-0.2696544,-1.0424937,0.5417548,0.8347462,1.1177056,-1.2863384,-0.7448169,-0.49573535,-1.7317729,-2.6332486,-1.5627301,0.019232536,-1.2391272,0.18149671,-2.3320978,2.415153,0.59859407,-0.7028398,0.086696975
Hs 571.T,2.2063072,1.5616537,-0.6292914,-0.901177,-0.42030746,-0.24949402,-2.67274,-3.3196752,1.3152887,0.1370978,0.0108718425,1.1029421,0.6549651,0.36930797,0.60086286,0.25531787,-0.86826247,0.98051924,-0.0061395797,-0.5624659,1.1616293,-0.047294755,-0.92989945,-2.6371932,-0.71263134,-2.5074058,0.6469358,0.22668391,0.3247457,-0.4974157,0.64116913,2.2014194,-0.22011088,0.50093603,0.09081215,-0.51861084,-0.46239647,-2.2220347,0.47873157,1.9832119,-0.3132753,0.105536535,-0.56182534,-2.7082276,1.3185291,-0.6886259,0.6541648,-0.94761986,3.3380601,-2.8879552,-0.8858553,2.1323276,-0.17908464,2.1125596,0.9352422,0.7506999,-0.8544324,2.9442601,0.62811327,-0.65448725,0.6041218,-2.4198425,-0.40054452,-2.706121,0.22485952,1.6581382,1.4785612
RL,-0.7997823,-0.98527306,2.3735218,0.6458121,-1.6306618,-0.348448,0.29770514,-0.03132588,0.1406599,-1.25975,0.24742712,0.51524687,0.38231996,0.5343273,-1.1321394,-0.8682196,-0.13256457,0.3813681,-1.1311586,-0.8547963,1.0616665,0.5922576,-1.1516702,-1.2297559,0.7832244,-0.46296236,-1.693797,1.4752057,-0.07238036,-0.26533905,-0.13007802,1.0686768,-0.023078635,-0.32612237,-1.777013,0.008541055,0.32310456,0.6602548,-0.020010673,-1.4441295,-3.4394393,-1.7809299,-1.5333221,1.4201305,-2.2221527,0.6500957,-1.0104654,1.5267147,-0.61409986,-0.19523631,0.018612452,1.3840336,0.5074147,1.3481783,1.1282225,-0.22113007,-0.6630122,-1.2831132,0.064168796,0.9207944,2.9411356,-0.21072406,0.71468186,2.855148,0.5537539,-0.7491312,0.5446541
SUP-HD1,0.42738643,-0.06514378,0.4399405,0.45738816,-1.3386568,0.006247215,-0.6229403,-1.5527991,0.27328387,0.10063507,-1.016715,-0.21515965,-0.4397249,1.1139292,-0.54669356,-0.2686888,-0.7307474,0.46620718,-0.89523196,-0.34095323,0.14410987,0.2832923,0.33536744,-2.1468754,-1.1246866,0.31547493,-0.47012043,-0.3081738,0.5816252,-0.42393246,1.159529,0.4647761,0.036415227,-0.23605883,0.29251862,0.1442649,0.79295546,0.2755653,-0.044907868,0.008623794,-0.1948547,0.6647048,0.19114332,0.06648114,0.041330714,-0.043996006,-0.2947528,0.0644848,0.11770706,0.83098155,0.89669126,0.11377133,-1.0447011,-0.4352649,1.2642207,-0.8910375,0.05964899,0.44393772,-1.1334088,-0.4383665,-0.7418592,-0.7435689,0.30218765,-0.16509621,0.66304135,-0.16122146,1.0604665
NCI-H2171,1.5987334,-0.090653114,1.2523952,0.16287495,-1.4655114,-0.3203419,-0.75555754,-1.3800364,1.7283375,-0.90982336,-0.2249886,-0.15865941,-0.12347402,0.4038954,-1.2131177,-0.5588869,-0.29418743,0.4295056,-1.2995096,-0.16234052,0.26670495,-0.049708545,-0.50374997,-1.8170683,-2.696055,0.038561326,0.3666145,-0.1691266,0.549667,-1.1886407,0.7194807,-0.034931287,0.15885144,-0.24326622,0.74860793,-0.4124955,0.010745781,0.5110961,-1.1706036,0.17532736,-0.1320245,-0.05701442,-0.42765763,0.13615707,0.3596182,0.29232854,-0.5872725,0.9797343,0.5165192,-0.44143388,1.3071302,-0.28996894,-0.6673962,-0.92303246,0.9838144,-0.41302723,-0.6988107,0.66415507,-0.39248317,-0.7062027,-0.07084861,-0.8083318,-0.09883821,-1.324786,0.8626262,1.0428041,2.425967
SK-HEP-1,0.1876906,-0.02397913,-1.431943,0.27768645,1.9264889,-0.13343373,1.3641682,0.2585618,-0.6821768,0.9407322,1.0019945,0.57036275,0.04356273,0.19251667,2.1070025,0.4063598,0.29772347,0.13192114,0.87743276,-1.0434154,0.33665204,-0.87251097,0.5336603,0.70408136,0.2772006,-1.4972194,1.3850484,0.8388445,-0.36216015,1.1545564,-1.5167356,-1.0271872,-0.04441153,-0.06315793,-2.3800015,-0.0069720577,0.04356307,-1.3378289,0.047329646,0.37671354,-0.4229868,-0.40173617,-0.17913425,0.27491215,-0.011175513,0.40793985,0.70248073,-0.38409153,-0.38128057,-1.799368,-1.3018265,-0.24080114,0.15344071,1.57228,-0.79994845,0.26874223,0.19783926,-0.00058547803,0.40428394,0.14114624,1.139177,0.48904136,0.11505461,0.9355131,-1.0794189,-0.425386,-0.87493587
Mel Ho,0.7446125,-0.7987466,-0.09130204,-0.33227155,1.9169147,-1.0162585,3.052878,1.4098037,-0.45584145,0.8370427,1.8152846,-0.0667673,0.6661914,0.21101382,-1.702553,-1.0340787,0.12258308,0.31436458,1.8218527,0.66369706,2.4673955,-1.2875309,-1.4558443,1.8739053,-1.1795772,-2.2879312,-0.4803877,1.9979521,-1.9948108,-1.4777528,-3.457969,-1.8923193,-0.96306556,0.37245134,-1.260677,1.3962268,-0.27245253,1.4623171,0.4160979,0.30883506,-2.6715398,-1.0800843,-2.2622242,0.63343006,-2.2280993,-0.82310456,0.23391235,0.28585258,-1.2264493,-1.8311617,0.3237179,-0.39334056,0.388601,-0.8536429,-1.3149518,2.8450935,1.1232691,-2.5448732,-1.3275758,1.6833812,2.6449244,0.061120436,-0.0547297,2.5022879,-0.929974,1.708285,1.5413635
SK-ES-1,-0.77626705,0.5077991,0.9468005,-0.038091965,-0.31643075,-0.25257725,-0.063632436,-0.32514116,0.08883711,-0.3284792,-0.1302659,0.58433753,-0.31358865,0.124979794,-0.07647396,-0.0783277,-1.1169852,0.2564266,-1.0940702,-0.7020608,0.99204355,-0.3920961,-0.2993315,-0.5721332,0.16900566,0.15225175,-0.4865731,0.06967138,-0.12507957,-0.13009082,0.16236323,0.812701,0.69335765,-0.017454004,-1.9327555,-0.11399334,0.4801888,-1.0911397,-0.7694125,0.46697205,-1.0284029,-0.99175715,0.012961569,0.6001625,-0.8084986,-0.60709167,-1.1086913,0.8561874,-0.5866096,0.12703626,0.12300143,0.32946974,0.3372626,1.6293932,1.1944032,-0.27597725,-0.100816615,-0.052049637,-0.17100252,0.1998305,0.42841494,-0.49983823,0.47951028,0.730755,-1.025644,-0.48681688,0.1408784
KP-3,0.9497005,1.077089,1.2468426,0.6991952,-0.13791369,1.2922707,-0.96031284,-1.6773691,-0.6383938,-1.7688318,-0.8878318,-2.1353002,0.46781805,-2.6025527,1.0776876,-1.1800989,3.4985147,-1.0260735,-0.63740337,0.08129175,-2.5303636,0.52777046,-0.6660297,-0.111586496,3.099092,3.2106109,-1.6158034,-0.38904744,0.2458187,2.1287737,-0.5036351,0.70363265,-0.16025773,0.08918598,1.6563057,0.06924337,-0.66682446,0.3190248,1.424465,-1.5989443,1.0632579,-0.2365124,1.5847356,0.21229208,-0.45427507,-0.2376117,0.5212002,0.59846383,0.4457098,0.27736312,0.15683047,0.76196885,0.9097793,-1.8122766,1.4860417,-0.08686814,-1.2987595,0.42752373,-0.123060204,-1.213406,-2.3626566,1.1368252,-1.962583,1.9448471,-0.63227427,-3.241994,-1.2158828
P12-Ichikawa,-1.1897225,-0.8890588,1.358253,-1.6293292,-1.4866438,1.4133046,-1.5515476,-1.5797614,-1.7971987,-0.19297269,0.5735588,-0.21377349,0.2307139,1.2376025,-1.4399881,0.061637655,0.9844526,0.06310831,-0.68127203,0.15489997,-0.57143456,-0.13852191,0.8422975,1.4518522,1.1016141,0.4390653,-1.170852,-2.4685206,-1.0255078,-0.48292834,1.009275,3.441653,0.048608582,-0.5118908,1.2974247,-1.5299524,-0.18461584,0.6815989,-0.5655279,-0.27077183,-0.21953116,-0.6486309,1.3459558,-0.4538228,-0.65066504,-1.3919278,-0.8421189,0.41398972,-1.4530318,2.2279992,-1.2706232,0.879734,0.2580409,0.03426387,1.5964804,-0.42432404,1.6383917,1.323346,1.0819017,0.6256888,0.14325355,-0.7431211,-1.9460858,-0.37895405,-0.20649074,-1.1249526,-1.4588968
ST486,1.0525254,1.6241015,-0.900115,-0.9819317,2.509849,-0.21467678,2.176648,1.1897801,-1.0899527,1.0247846,0.62860173,1.5170774,-1.5777968,-1.0524896,1.7473999,-0.08309546,-0.5686142,0.6301537,-0.79289246,-0.14161685,0.40223888,-1.0031503,-0.071342275,2.0276222,0.9513701,0.25962925,0.009853132,0.02473614,-2.0755272,0.54796195,-1.0344677,-0.523394,1.3961546,-1.0620188,-0.6217175,-0.2223756,0.3179905,-1.865314,0.17251545,0.2776791,1.2678322,-0.48073307,1.4608855,-0.09447873,-0.066672,-1.570107,-1.1289934,1.8631816,0.6335191,-0.5414448,0.7933986,-1.0611134,0.6350812,2.0842059,0.25350097,0.89167935,1.5792835,-2.0122435,0.18509284,-0.8646284,-0.9841903,-0.3627319,-0.9333065,-0.4627727,-1.3282533,0.33560675,-0.8226723
AZ-521,0.17761704,-0.026073363,0.676509,0.49448678,-1.649226,0.08005038,-0.13396335,-1.1801565,0.42769995,0.051643603,-1.2388023,0.04721561,-0.74391186,1.3651456,-0.5325666,0.099075705,-1.1128776,0.41394955,-0.75917304,-0.4246877,-0.380516,0.23700473,0.50153893,-2.2832184,-0.52137756,0.35652384,-0.1435381,-0.39548743,0.5199498,-0.7543298,1.443806,0.64700335,0.19470501,-0.6558355,0.19843523,0.19428658,0.9322903,0.104524106,-0.07377588,-0.29525134,-0.43901935,0.7449998,0.2931773,0.21172222,0.19716121,0.55813926,-0.7814847,0.3114095,0.4393788,0.65709984,0.9656921,0.81125045,-1.2470772,0.16782124,1.1012039,-1.1319182,0.039475977,0.49786,-0.9602455,-0.27345437,-0.545966,-0.49356124,0.22914638,-0.1279085,0.9813409,0.1524094,0.69956976
NCI-H2122,1.3238859,-1.2921228,0.09826943,-1.6427226,0.93522507,0.54351544,-1.0310445,-1.4748533,1.0889398,-2.799373,1.1507828,-1.5937085,1.5035332,-2.4100232,-0.17446125,-0.73335487,2.2617202,-0.23701678,0.2937071,-0.48111424,-1.2701548,1.3092438,-0.28714293,1.1687602,0.02926585,0.8845551,0.34949315,0.40248057,2.7442918,3.0193856,-0.11697718,0.72518337,1.5364658,1.7953918,2.2959325,-2.2168345,-0.2610284,1.4753631,-0.22800817,-0.11316279,0.3395902,-0.8732858,-0.09781357,1.261461,-0.21583143,-0.04692614,0.995847,1.5492822,1.5792526,-0.43978465,-1.5616012,-0.58207834,1.0130365,-0.970089,0.11640232,0.6541559,-2.8395982,1.698786,2.676918,-1.3653784,-0.8393387,1.1437447,-0.7786496,-1.079782,-0.39511588,-1.5737004,-1.0991569
COR-L105,-0.026335567,0.56384444,-0.07629317,-0.48216918,0.3541488,0.3982001,-0.95156157,0.41952258,1.5559901,-1.0606098,-0.35558027,-1.716902,1.2008846,-1.8355305,-0.027255278,1.1330593,-0.44522506,-1.5451223,0.60148346,-1.1956642,-1.7350805,-0.70979613,-0.5657331,0.37785947,0.6611093,1.4668742,1.9411056,0.7044044,0.15086216,0.57917994,-1.4483299,-0.7682862,-0.51319414,-0.99323356,0.2575864,-0.11248195,-0.7423622,-1.5370332,-1.1083876,0.35151985,-0.027697042,-1.054642,-0.12634677,-0.4432596,-0.6501429,0.16647443,0.7820215,0.977824,0.8639751,0.66553193,0.13346413,-0.18380633,1.1226922,-0.37032706,-0.40494034,0.41144282,-2.2494912,1.9551104,-1.2782128,-0.9996597,-1.2405927,-0.792767,0.80717814,-2.5267391,-1.8353986,0.8740695,-1.1240659
Mel JuSo,0.65334773,-1.1696599,2.59615,-1.2542878,0.120272465,1.1853536,0.054766588,0.20981374,-0.88410634,-3.0246375,-1.426215,1.267496,-0.49558133,0.48937017,0.45651412,-0.19431958,3.0695598,0.24980813,-1.9253254,-1.6370573,-0.8883767,1.179063,0.7213824,2.1101475,1.3546717,1.7261524,1.0066204,0.7937977,1.565287,3.509373,-1.0589453,0.30438015,2.0631979,1.4133403,1.6268258,-0.5937816,0.7800171,3.1206975,2.4123967,-0.93903273,0.72186315,-0.612625,1.338602,3.9777737,-3.1596494,1.8859105,-0.49714395,5.2645445,-4.453307,1.609765,-2.7533808,-1.9242866,-1.7738105,-3.3281472,2.3443053,-0.8388867,0.8522556,-0.32703954,2.2407598,0.86983633,2.4057584,5.111585,1.5128781,4.2915006,0.7386171,-4.0735717,-3.408097
CA46,-1.0487688,0.26067948,1.3002514,0.031195207,-1.0587287,0.31698453,-0.8856565,-1.076075,0.117338054,0.2850406,-0.85140073,0.5492313,0.4504578,1.0852765,-1.0830276,-0.771795,-1.0653594,0.34827095,-1.1730093,-0.09185666,0.3512519,-0.3797357,-0.68681365,-0.14136155,0.1801481,-0.08146892,-1.5072848,-0.95153826,-0.7414085,-1.2632507,-0.09456558,1.5743349,-0.5744093,-0.2975136,-0.54498273,0.1600135,0.14979097,-0.8916978,-0.34131378,0.5811165,-1.3425906,-0.49710387,-0.29226863,0.28499687,-1.0869998,-1.4876742,0.019368775,0.39673206,-0.40303496,-0.5198751,0.30069152,0.28398314,0.22123213,0.35549104,1.0931401,-0.19223695,-0.07860775,0.09218116,-1.0757,-0.1300452,-0.25817275,-1.3710101,-0.7716697,0.013147946,-0.6447061,-0.15304315,0.65343565
SNU-489,0.09833661,-0.05215405,0.33481863,0.2692291,-1.3452727,-0.18684646,-0.057895303,-1.399532,0.4401248,-0.04871459,-1.0693699,0.056770563,-0.5757206,1.0970935,-0.6363829,-0.18499,-0.411239,0.20775276,-1.0411979,-0.122643754,0.17669041,-0.21541904,0.18898545,-1.7718233,-0.6851622,0.3162144,-0.24169938,-0.15720503,0.4432415,-0.80638397,1.049879,0.9426473,0.22898707,-0.23695515,0.089295104,0.28932816,0.72371656,-0.39162627,-0.5742358,0.26337722,-0.19484937,0.18726659,0.26339447,0.4319113,-0.2735635,-0.439482,-0.379811,0.3216446,-0.55570436,-0.05469051,0.98171484,-0.09438642,-1.0646324,-0.37235042,1.0979685,-0.80194145,0.43683696,0.3627081,-0.79977757,-0.38646924,-0.6003599,-0.6031767,0.11533931,0.23514539,0.23971798,-0.22776808,1.0787463
Hs 343.T,-0.38250342,-0.24930416,1.2684867,2.9469535,-2.0787768,-0.13842532,-1.9268587,-0.70189434,1.9158094,-0.6090366,-0.45367068,-1.7655042,-1.5507119,0.0120261405,-0.49118143,0.94834495,2.2180743,0.4076714,-0.15274571,0.82380456,-0.4353345,1.8931669,0.7443645,-2.0474024,-1.728035,1.8835171,0.1058816,-1.4666624,1.7731042,-0.44475448,1.6848161,-1.8171957,-1.1984786,0.5201952,1.3630528,0.73609626,-0.67221713,2.2603462,-0.58091414,0.21381852,1.9443394,3.314566,0.25106046,-0.4756682,2.4127965,1.8479086,0.02778349,-1.1601946,0.14778149,-1.309015,0.5416182,0.5865338,-1.8049259,-2.7289777,-1.2290323,-2.6558714,-0.86164105,-0.98791784,0.1298791,0.20269176,-1.1399059,1.3470885,0.15797047,1.2012384,3.0566504,-0.8830387,1.3836843
SET-2,1.1992509,-0.033109844,1.3366461,1.44381,-3.0140195,1.4318516,-2.1637032,-2.955908,-0.5792878,0.06946698,-1.1943535,0.19183336,-0.48518252,1.434977,-1.9694628,0.17065042,1.8813006,0.15173042,-0.23135132,1.6247768,-0.71561414,0.8921617,0.29819193,-1.5980412,0.9573376,0.46308467,-2.648092,-2.516487,0.6247043,-1.0681685,1.2896237,2.2739954,-0.13868608,1.089717,2.7865968,0.9501883,-0.72509515,2.6812108,1.1367137,0.14504641,2.0945654,2.7143927,1.6812104,-1.3030682,0.6153438,-1.1999205,0.19992441,-1.3464396,0.030662656,-0.6185758,0.4614799,0.21488768,-1.6371393,-2.6721747,0.21541725,-1.0760233,1.098608,1.5667849,-0.010817021,-1.5602763,-2.5035918,-0.15912664,-2.21822,0.57078433,1.75105,-3.111874,1.8071907
LC-1F,0.94608384,0.69039595,0.14973643,0.22874169,-0.7070744,-0.07715765,-0.041571543,-2.1604352,-0.0182578,0.58142143,-0.8339804,0.51197726,-0.31242642,0.4677058,-0.22350718,-0.47095093,-0.17102146,0.590857,-1.0883554,-0.27736714,0.47100943,-0.0342954,0.4240888,-1.5306636,-0.51354355,-0.15654536,0.003634125,-0.8748942,0.46218467,-0.77742344,0.5079891,0.44914368,-0.21754275,-0.33762017,0.2804054,0.4470516,0.73685455,0.38566995,-0.20231278,0.5480215,0.40448654,0.9534469,0.4712633,-0.25773847,0.33462393,-0.7074671,0.6564111,-0.24703038,-0.048867643,-0.02483996,0.0544663,-0.23578402,-0.9257278,-0.83962494,1.0033782,-0.47385803,0.34697083,0.6519284,-0.56681174,-0.9032605,-0.7065063,-0.67532676,0.20532,0.8696113,-0.16990064,-0.7609585,0.98125434
L3.3,-5.2690506,-1.1335741,-0.7692362,3.5066912,-1.408754,1.4046423,-7.254189,2.9742384,2.8043218,0.31519723,0.20462461,-1.0873272,0.00021333992,1.3717861,-1.1164509,1.7380971,1.7798501,-1.1056945,5.784798,2.947945,-2.5558023,5.5678744,-0.7118117,3.5336945,1.0199009,2.069609,-2.9939575,-4.64892,2.8267832,0.8382612,1.3871233,0.37518275,-2.3442914,3.9368498,2.3342507,2.0739694,-2.2686732,-1.2125999,2.4965458,1.7789226,0.5083237,3.364771,-0.849475,-2.8561716,4.334768,-0.86488426,-1.4682803,-5.120355,6.0901895,-3.481493,-3.1911712,3.2275047,2.3605576,2.8108985,-5.5690827,-0.34210497,-6.501835,-0.99395335,0.9423724,1.434812,-3.7194033,0.29649323,-6.2653255,-3.4615,4.749482,-0.23574421,-3.5250053
Ishikawa (Heraklio) 02 ER-,-0.5283381,0.6416134,0.1986999,0.26418585,-1.4880307,-0.578479,-0.6188792,-0.03519642,0.17270732,0.83661366,-0.96944046,0.486454,-2.3256695,0.68705493,0.9614245,1.338457,-0.70650315,1.0869722,-0.17540051,-1.1931792,0.7399646,0.75674546,0.23398189,-2.2169666,-0.35972637,-0.3683244,0.5307724,-1.5405682,0.07819843,-0.104574874,2.4642649,1.2172908,-0.3541564,-0.8888665,-1.0159839,0.28052393,0.97903764,-0.9066137,-0.77112585,0.23359883,0.8378654,1.3608389,0.39340964,-1.0888674,1.5349085,1.3521943,-0.04903353,-1.198862,-0.3693127,-0.14583015,-0.17857243,1.1466779,-1.320006,0.5687136,0.33191854,-2.2491546,1.1437088,0.41451788,1.1279707,0.6948625,0.5348571,-0.80770385,2.009648,1.0664084,0.85450596,0.2907688,0.35122183
SF172,0.5107785,0.030074554,0.40237826,0.36066285,-1.6693776,-0.07602767,-0.8410987,-1.5252371,0.36100173,0.17973892,-1.115331,-0.01724846,-0.59238064,0.7779558,-0.38282302,0.02066203,-1.3730543,0.45923573,-0.9384489,-0.18401021,-0.38211197,-0.38189316,0.48414963,-2.2740698,-0.9447128,0.5321385,0.0061945766,0.18694201,0.7638644,-0.9060006,1.191554,0.6273345,-0.06454802,-0.39632136,0.12642041,-0.09611474,0.5687678,-0.08356191,-0.5198029,0.108425744,-0.26306155,0.85204756,0.36029416,0.0752619,-0.056326643,-0.4177566,-0.37079388,0.04081897,-0.09801404,-0.7884225,0.90915096,0.17083925,-1.1859634,-0.31096417,1.1554968,-0.9461223,0.26787704,0.50352764,-0.9519185,-0.28017297,-0.64835864,-0.44793636,0.5267479,-0.30098847,0.4547073,-0.04825174,0.912025
SNU-175,0.38858783,0.97061825,0.09441474,0.43796882,-0.4581514,-0.24503788,0.10588148,-2.059797,-0.0046291538,1.01261,-0.6741552,1.0000101,-0.9259375,0.49308842,-0.1519636,-0.07157688,-0.2388198,1.2788569,-0.64351195,-0.58388543,0.70231384,0.41528282,0.28676742,-1.93208,-0.5649891,-0.90610564,-0.17241345,-1.2313671,0.34551877,0.083778694,1.409357,1.4690236,0.20285808,-0.073550195,0.36071333,1.0251182,0.8911677,0.56777436,-0.15395841,0.46319985,0.7039685,1.3175352,0.27511868,-0.25695977,0.0948883,-0.14598314,0.75664264,-0.71946454,-0.7389463,-0.106394924,0.121897995,0.3603161,-1.05606,-0.80197686,0.8187657,-1.1784587,0.4780494,0.78040445,-0.015117273,-0.96126246,-0.7895458,-1.2491322,0.9064288,0.8933498,-0.18039288,-0.7075062,1.2791294
HuP-T4,0.4507857,-0.11087549,0.5515591,2.338075,0.53623337,0.008929703,0.41549462,1.9896005,0.038375966,0.007958442,0.24565704,-2.2202764,0.65905786,-0.011200123,1.4501034,0.17812446,0.87374556,-0.6765483,1.2484051,-0.9703733,-0.9994186,-0.43152148,0.52519614,0.42559266,0.33124033,0.14599007,2.0479937,1.8338575,-1.3229619,0.30684304,-2.5515811,-2.5001924,-2.000265,-1.5851042,-0.40857837,0.75714344,0.14787737,0.41211224,0.25421923,-1.0361714,-2.3196807,-1.4035555,-1.2993526,0.94408154,-1.186593,3.2691588,-0.14677982,-0.32085148,0.049235187,-0.39756745,-0.84732294,1.1228688,0.39266652,0.36328006,-0.9627785,-0.47771686,1.106389,-1.0818543,-1.4761255,1.1434258,1.4731877,0.9954798,0.009190917,1.7444644,0.33636472,0.7938905,-1.0356175
