sample_id,variable,class_label,probability,known_label,predicted_label,split,method
UM-RC-2,Erlotinib,,,,0.05719303339719772,train,supervised_vae
SK-MEL-5,Erlotinib,,,0.05582759901881218,0.08335773646831512,train,supervised_vae
COR-L95,Erlotinib,,,,0.06796713918447495,train,supervised_vae
Hs 939.T,Erlotinib,,,0.018996980041265488,0.02722267247736454,train,supervised_vae
RPMI-7951,Erlotinib,,,0.010962510481476784,0.04863263666629791,train,supervised_vae
HGC-27,Erlotinib,,,0.019985539838671684,0.11994942277669907,train,supervised_vae
KO52,Erlotinib,,,0.06541673094034195,0.08041437715291977,train,supervised_vae
TT,Erlotinib,,,,0.0878974199295044,train,supervised_vae
EFM-19,Erlotinib,,,0.004981904290616512,-0.031855929642915726,train,supervised_vae
C2BBe1,Erlotinib,,,0.15984268486499786,0.1514306664466858,train,supervised_vae
PSN1,Erlotinib,,,0.035159897059202194,0.0839909017086029,train,supervised_vae
TE-8,Erlotinib,,,,0.03994949534535408,train,supervised_vae
RS4;11,Erlotinib,,,,-0.0030382522381842136,train,supervised_vae
A-704,Erlotinib,,,,0.05760819464921951,train,supervised_vae
OVISE,Erlotinib,,,,0.15230169892311096,train,supervised_vae
PE/CA-PJ34 (clone C12),Erlotinib,,,,0.05421523004770279,train,supervised_vae
HDLM-2,Erlotinib,,,,0.057998672127723694,train,supervised_vae
CAL-148,Erlotinib,,,,0.10332750529050827,train,supervised_vae
DMS 53,Erlotinib,,,,0.17457428574562073,train,supervised_vae
HCC2279,Erlotinib,,,,0.049714747816324234,train,supervised_vae
Hep-G2,Erlotinib,,,0.02846195176243782,0.04022865742444992,train,supervised_vae
LN-18,Erlotinib,,,0.06571833789348602,0.06848827749490738,train,supervised_vae
MJ,Erlotinib,,,0.0,0.034721843898296356,train,supervised_vae
HCC38,Erlotinib,,,,0.07461385428905487,train,supervised_vae
RPMI-8226,Erlotinib,,,,0.15555468201637268,train,supervised_vae
TUHR10TKB,Erlotinib,,,,0.06165355071425438,train,supervised_vae
T98G,Erlotinib,,,0.023452864959836006,0.02721545100212097,train,supervised_vae
COR-L105,Erlotinib,,,0.18441914021968842,0.20886200666427612,train,supervised_vae
SNU-738,Erlotinib,,,,0.09666334837675095,train,supervised_vae
QGP-1,Erlotinib,,,0.06047167629003525,0.10763967782258987,train,supervised_vae
HRT-18,Erlotinib,,,,0.07325075566768646,train,supervised_vae
5637,Erlotinib,,,0.2021394670009613,0.17599740624427795,train,supervised_vae
RERF-GC-1B,Erlotinib,,,0.08589732646942139,0.10153231024742126,train,supervised_vae
A-204,Erlotinib,,,0.013244900852441788,0.04290167614817619,train,supervised_vae
MDA-MB-415,Erlotinib,,,0.01592852920293808,0.011402945965528488,train,supervised_vae
BT-20,Erlotinib,,,0.13583120703697205,0.10299952328205109,train,supervised_vae
NCI-H441,Erlotinib,,,0.03614166006445885,0.10106854885816574,train,supervised_vae
OE21,Erlotinib,,,0.3437134325504303,0.37717825174331665,train,supervised_vae
SH-10-TC,Erlotinib,,,0.030011549592018127,0.039654772728681564,train,supervised_vae
SNU-489,Erlotinib,,,,0.03852950036525726,train,supervised_vae
MG-63,Erlotinib,,,0.006114600691944361,-0.0005666427314281464,train,supervised_vae
KYSE-140,Erlotinib,,,0.2900695502758026,0.20877856016159058,train,supervised_vae
SEM,Erlotinib,,,,0.04684606194496155,train,supervised_vae
Hs 944.T,Erlotinib,,,0.02216356247663498,0.023492006585001945,train,supervised_vae
NCI-H1341,Erlotinib,,,0.10301274061203003,0.11818373203277588,train,supervised_vae
NCI-H1048,Erlotinib,,,0.03162302449345589,0.07529700547456741,train,supervised_vae
NCI-H1650,Erlotinib,,,0.2207937389612198,0.08242109417915344,train,supervised_vae
JL-1,Erlotinib,,,,0.010558545589447021,train,supervised_vae
HSC-4,Erlotinib,,,,0.058750078082084656,train,supervised_vae
SNU-216,Erlotinib,,,,0.1529407501220703,train,supervised_vae
AsPC-1,Erlotinib,,,0.05606233328580856,0.11470285058021545,train,supervised_vae
Becker,Erlotinib,,,,0.11191882938146591,train,supervised_vae
T-47D,Erlotinib,,,0.06612788885831833,0.06852971762418747,train,supervised_vae
Mino,Erlotinib,,,0.12321418523788452,0.07749544084072113,train,supervised_vae
RT-4,Erlotinib,,,0.16739684343338013,0.1832648515701294,train,supervised_vae
NCI-H1092,Erlotinib,,,0.0,0.1506345421075821,train,supervised_vae
Hs 863.T,Erlotinib,,,,0.037408653646707535,train,supervised_vae
COLO 783,Erlotinib,,,,-0.001805618405342102,train,supervised_vae
MOTN-1,Erlotinib,,,,0.1024809330701828,train,supervised_vae
SCLC-21H,Erlotinib,,,,0.07757177948951721,train,supervised_vae
F5,Erlotinib,,,,0.045594651252031326,train,supervised_vae
ZR-75-1,Erlotinib,,,0.11372878402471542,0.0972171351313591,train,supervised_vae
Huh-7,Erlotinib,,,,0.05163470283150673,train,supervised_vae
SiMa,Erlotinib,,,0.0,0.025124460458755493,train,supervised_vae
TE-10,Erlotinib,,,,0.06119970977306366,train,supervised_vae
YD-38,Erlotinib,,,,0.05459123104810715,train,supervised_vae
MOLT-13,Erlotinib,,,,0.06549717485904694,train,supervised_vae
MDA-MB-361,Erlotinib,,,,0.15046557784080505,train,supervised_vae
OVK18,Erlotinib,,,,0.08901291340589523,train,supervised_vae
SW837,Erlotinib,,,,0.06866196542978287,train,supervised_vae
AML-193,Erlotinib,,,,0.09054730832576752,train,supervised_vae
CAL-29,Erlotinib,,,,0.05681779235601425,train,supervised_vae
LUDLU-1,Erlotinib,,,0.21479026973247528,0.2148008942604065,train,supervised_vae
LXF 289,Erlotinib,,,,-0.07923203706741333,train,supervised_vae
NCI-H2126,Erlotinib,,,,-0.004360996186733246,train,supervised_vae
NCI-H2196,Erlotinib,,,,-0.012287832796573639,train,supervised_vae
SNU-8,Erlotinib,,,,0.09401731193065643,train,supervised_vae
SNU-175,Erlotinib,,,,0.059915490448474884,train,supervised_vae
SU.86.86,Erlotinib,,,0.05526959151029587,0.1728033721446991,train,supervised_vae
DU4475,Erlotinib,,,,0.038080405443906784,train,supervised_vae
BxPC-3,Erlotinib,,,0.11221767216920853,0.13885924220085144,train,supervised_vae
SW948,Erlotinib,,,,0.039460957050323486,train,supervised_vae
DAN-G,Erlotinib,,,,0.11411512643098831,train,supervised_vae
LS411N,Erlotinib,,,0.011920134536921978,0.009734836407005787,train,supervised_vae
A-673,Erlotinib,,,0.013293544761836529,0.026841240003705025,train,supervised_vae
NCI-H1105,Erlotinib,,,,0.02714734897017479,train,supervised_vae
HCC2218,Erlotinib,,,,0.14020754396915436,train,supervised_vae
SK-LU-1,Erlotinib,,,0.04014251381158829,0.04683518037199974,train,supervised_vae
COLO 678,Erlotinib,,,0.15705744922161102,0.15662533044815063,train,supervised_vae
ACHN,Erlotinib,,,0.1818314790725708,0.0821528360247612,train,supervised_vae
HCC1500,Erlotinib,,,,0.0289576705545187,train,supervised_vae
Hs 729.T,Erlotinib,,,0.012469694949686527,0.027948081493377686,train,supervised_vae
NCI-H929,Erlotinib,,,,0.11695295572280884,train,supervised_vae
SF172,Erlotinib,,,,0.06316429376602173,train,supervised_vae
NCI-H596,Erlotinib,,,,0.11637037992477417,train,supervised_vae
FaDu,Erlotinib,,,0.20236626267433167,0.21253439784049988,train,supervised_vae
A-375,Erlotinib,,,0.034597910940647125,0.05473438650369644,train,supervised_vae
OC 314,Erlotinib,,,0.04141521826386452,0.033551737666130066,train,supervised_vae
A2780,Erlotinib,,,0.01826312765479088,0.06410307437181473,train,supervised_vae
NH-6,Erlotinib,,,,0.03927619010210037,train,supervised_vae
KYSE-270,Erlotinib,,,,0.18756651878356934,train,supervised_vae
NCI-H2286,Erlotinib,,,0.09505584090948105,0.08575153350830078,train,supervised_vae
HCC70,Erlotinib,,,0.08828119933605194,0.11497771739959717,train,supervised_vae
LoVo,Erlotinib,,,,0.02478700876235962,train,supervised_vae
Panc 02.13,Erlotinib,,,,0.142998605966568,train,supervised_vae
SNU-1214,Erlotinib,,,,0.12402819097042084,train,supervised_vae
NCI-H1155,Erlotinib,,,0.0644206777215004,0.04616658389568329,train,supervised_vae
SNU-620,Erlotinib,,,,0.03547462821006775,train,supervised_vae
SW1463,Erlotinib,,,,0.10398029536008835,train,supervised_vae
COR-L279,Erlotinib,,,,0.06326643377542496,train,supervised_vae
HT-55,Erlotinib,,,,0.03974905237555504,train,supervised_vae
KE-39,Erlotinib,,,0.1750926673412323,0.20066097378730774,train,supervised_vae
SUP-T1,Erlotinib,,,0.0,0.010002992115914822,train,supervised_vae
MEG-01,Erlotinib,,,0.011870242655277252,0.045229144394397736,train,supervised_vae
NCO2,Erlotinib,,,0.10569243878126144,0.0717262327671051,train,supervised_vae
WM115,Erlotinib,,,0.009304008446633816,0.04194752126932144,train,supervised_vae
CGTH-W-1,Erlotinib,,,,0.10603152215480804,train,supervised_vae
TALL-1 [Human adult T-ALL],Erlotinib,,,,0.07253377139568329,train,supervised_vae
Hs 281.T,Erlotinib,,,,0.08605063706636429,train,supervised_vae
PK-59,Erlotinib,,,0.03967913240194321,0.057377446442842484,train,supervised_vae
NCI-H650,Erlotinib,,,0.005011194851249456,0.034688398241996765,train,supervised_vae
697,Erlotinib,,,0.10943935066461563,0.04017288610339165,train,supervised_vae
KP-N-RT-BM-1,Erlotinib,,,,0.07951215654611588,train,supervised_vae
MOR/CPR,Erlotinib,,,0.050237566232681274,0.06317020952701569,train,supervised_vae
HEC-59,Erlotinib,,,0.02312557026743889,0.025736628100275993,train,supervised_vae
Hep-G2/C3A,Erlotinib,,,0.020205803215503693,0.031054817140102386,train,supervised_vae
NCI-H838,Erlotinib,,,,0.1728907972574234,train,supervised_vae
HCC1569,Erlotinib,,,0.006881309673190117,0.08421562612056732,train,supervised_vae
CW-2,Erlotinib,,,,0.13420544564723969,train,supervised_vae
Hs 822.T,Erlotinib,,,,0.016888327896595,train,supervised_vae
NB1,Erlotinib,,,,0.07428574562072754,train,supervised_vae
HLE,Erlotinib,,,0.02747679315507412,0.11044947057962418,train,supervised_vae
OCI-AML-5,Erlotinib,,,0.04101958125829697,0.09628089517354965,train,supervised_vae
SK-LMS-1,Erlotinib,,,0.09860297292470932,0.10569940507411957,train,supervised_vae
U266B1,Erlotinib,,,,0.12174360454082489,train,supervised_vae
GA-10,Erlotinib,,,,0.06941783428192139,train,supervised_vae
B-CPAP,Erlotinib,,,0.026610318571329117,0.15597601234912872,train,supervised_vae
MDA-MB-175-VII,Erlotinib,,,0.15721262991428375,0.1283458024263382,train,supervised_vae
PaTu 8988t,Erlotinib,,,,0.10818270593881607,train,supervised_vae
ZR-75-30,Erlotinib,,,0.0,0.059455279260873795,train,supervised_vae
SNB-19,Erlotinib,,,,0.06871618330478668,train,supervised_vae
IMR-32,Erlotinib,,,0.0,0.08469885587692261,train,supervised_vae
SNU-449,Erlotinib,,,0.058517977595329285,0.03230839967727661,train,supervised_vae
KYSE-520,Erlotinib,,,0.18550874292850494,0.17890514433383942,train,supervised_vae
EFE-184,Erlotinib,,,0.10355244576931,0.10629457235336304,train,supervised_vae
IPC-298,Erlotinib,,,0.05289856344461441,0.04461129009723663,train,supervised_vae
NCI-H209,Erlotinib,,,,0.036449652165174484,train,supervised_vae
OVKATE,Erlotinib,,,,0.144698366522789,train,supervised_vae
EPLC-272H,Erlotinib,,,,0.066547691822052,train,supervised_vae
Hs 604.T,Erlotinib,,,,0.04986618086695671,train,supervised_vae
G-402,Erlotinib,,,0.003593845758587122,0.030816394835710526,train,supervised_vae
HuH-6 Clone 5,Erlotinib,,,,0.10978460311889648,train,supervised_vae
HEY A8,Erlotinib,,,0.015455840155482292,0.045404721051454544,train,supervised_vae
Karpas-299,Erlotinib,,,0.026572350412607193,0.019518235698342323,train,supervised_vae
KNS-60,Erlotinib,,,0.008071512915194035,0.06416921317577362,train,supervised_vae
SNU-1079,Erlotinib,,,,0.04309535771608353,train,supervised_vae
GMS-10,Erlotinib,,,0.019054094329476357,-0.00939507782459259,train,supervised_vae
ACC-MESO-1,Erlotinib,,,,0.24025997519493103,train,supervised_vae
MCAS,Erlotinib,,,0.028530478477478027,0.04333752393722534,train,supervised_vae
MOG-G-UVW,Erlotinib,,,,0.03220539912581444,train,supervised_vae
DMS 114,Erlotinib,,,0.0,0.010332215577363968,train,supervised_vae
KYO-1,Erlotinib,,,,0.25866204500198364,train,supervised_vae
COLO 704,Erlotinib,,,,0.12211137264966965,train,supervised_vae
NCI-H1781,Erlotinib,,,,0.08636024594306946,train,supervised_vae
PL45,Erlotinib,,,0.06297192722558975,0.06489893794059753,train,supervised_vae
SW780,Erlotinib,,,0.12238645553588867,0.10077561438083649,train,supervised_vae
CL-40,Erlotinib,,,,0.019829219207167625,train,supervised_vae
HuNS1,Erlotinib,,,,0.044847242534160614,train,supervised_vae
KNS-62,Erlotinib,,,0.0,0.10266393423080444,train,supervised_vae
EJM,Erlotinib,,,,0.08038696646690369,train,supervised_vae
SNU-C2A,Erlotinib,,,0.09475236386060715,0.17015834152698517,train,supervised_vae
ES-2,Erlotinib,,,0.02078234776854515,0.09212356805801392,train,supervised_vae
EB2,Erlotinib,,,0.05123785883188248,0.07931876927614212,train,supervised_vae
Hs 675.T,Erlotinib,,,,0.05451193451881409,train,supervised_vae
MEC-1,Erlotinib,,,0.008480126969516277,0.007010608911514282,train,supervised_vae
NCI-H661,Erlotinib,,,0.0029913890175521374,0.011774139478802681,train,supervised_vae
KMS-26,Erlotinib,,,0.011861918494105339,0.057258490473032,train,supervised_vae
BT-474,Erlotinib,,,0.05379260703921318,0.06679706275463104,train,supervised_vae
Hs 695T,Erlotinib,,,0.0027959689032286406,0.056530263274908066,train,supervised_vae
U-118MG,Erlotinib,,,0.007053320296108723,0.008691566064953804,train,supervised_vae
AMO1,Erlotinib,,,0.04056181013584137,0.04454963654279709,train,supervised_vae
JHOM-2B,Erlotinib,,,,0.05307532846927643,train,supervised_vae
Kasumi-2,Erlotinib,,,0.05147402733564377,0.05519627407193184,train,supervised_vae
CA46,Erlotinib,,,,0.02875717170536518,train,supervised_vae
KP-2,Erlotinib,,,0.03964619338512421,0.06431537121534348,train,supervised_vae
T3M-4,Erlotinib,,,,0.06687656044960022,train,supervised_vae
UM-UC-3,Erlotinib,,,0.0,0.11832866072654724,train,supervised_vae
GCIY,Erlotinib,,,0.16549909114837646,0.17782241106033325,train,supervised_vae
HCC1419,Erlotinib,,,,0.10312892496585846,train,supervised_vae
MPP 89,Erlotinib,,,0.01904938742518425,0.03782008960843086,train,supervised_vae
HuT 78,Erlotinib,,,0.0,0.023011166602373123,train,supervised_vae
HCC1171,Erlotinib,,,,0.04465334117412567,train,supervised_vae
FTC-133,Erlotinib,,,,0.06770123541355133,train,supervised_vae
AZ-521,Erlotinib,,,0.14559698104858398,0.0646110326051712,train,supervised_vae
42-MG-BA,Erlotinib,,,0.09109991043806076,0.1259433925151825,train,supervised_vae
SNU-840,Erlotinib,,,,0.1217786893248558,train,supervised_vae
BEN,Erlotinib,,,,0.15528902411460876,train,supervised_vae
HCC33,Erlotinib,,,,0.06837429106235504,train,supervised_vae
M059K,Erlotinib,,,,0.12459070980548859,train,supervised_vae
NALM-1,Erlotinib,,,,0.027471862733364105,train,supervised_vae
NCI-H1915,Erlotinib,,,0.04668029397726059,0.06422080099582672,train,supervised_vae
SU-DHL-10,Erlotinib,,,0.0,0.04941350221633911,train,supervised_vae
CL-34,Erlotinib,,,,0.2548108696937561,train,supervised_vae
WM1799,Erlotinib,,,0.04316750541329384,0.006452534347772598,train,supervised_vae
FU-OV-1,Erlotinib,,,0.11616449058055878,0.03604719787836075,train,supervised_vae
COLO 741,Erlotinib,,,0.1051330491900444,0.07913912832736969,train,supervised_vae
KMS-18,Erlotinib,,,,-0.004833817481994629,train,supervised_vae
NCI-H889,Erlotinib,,,,0.0808185338973999,train,supervised_vae
SKM-1,Erlotinib,,,,0.16920018196105957,train,supervised_vae
LS180,Erlotinib,,,,0.07733218371868134,train,supervised_vae
SK-HEP-1,Erlotinib,,,0.022565459832549095,0.1358935832977295,train,supervised_vae
NCI-H2029,Erlotinib,,,,0.055311769247055054,train,supervised_vae
SNU-423,Erlotinib,,,0.03534448519349098,0.07934710383415222,train,supervised_vae
SK-MEL-3,Erlotinib,,,,0.10790745168924332,train,supervised_vae
U2OS,Erlotinib,,,0.04493655636906624,0.02292725071310997,train,supervised_vae
Ki-JK,Erlotinib,,,,0.025521403178572655,train,supervised_vae
HN,Erlotinib,,,,0.03122325986623764,train,supervised_vae
Jurkat E6.1,Erlotinib,,,0.08020259439945221,0.05253098905086517,train,supervised_vae
HT,Erlotinib,,,0.0,0.07295800745487213,train,supervised_vae
MDA-PCa-2b,Erlotinib,,,,0.02814777009189129,train,supervised_vae
PC-14,Erlotinib,,,0.5404548048973083,0.506233274936676,train,supervised_vae
JHOM-1,Erlotinib,,,,0.11391082406044006,train,supervised_vae
769-P,Erlotinib,,,0.25329986214637756,0.11504662036895752,train,supervised_vae
KU-19-19,Erlotinib,,,,0.048630066215991974,train,supervised_vae
BT-549,Erlotinib,,,0.019565638154745102,0.10501153022050858,train,supervised_vae
HuCC-T1,Erlotinib,,,0.07585393637418747,0.10613753646612167,train,supervised_vae
SNG-M,Erlotinib,,,0.07452930510044098,0.06381972134113312,train,supervised_vae
KNS-81-FD,Erlotinib,,,0.006513525266200304,0.027674289420247078,train,supervised_vae
NCI-H510A,Erlotinib,,,,0.09629219770431519,train,supervised_vae
Hs 229.T,Erlotinib,,,0.0,0.029142025858163834,train,supervised_vae
CMK-11-5,Erlotinib,,,,0.017875241115689278,train,supervised_vae
G-361,Erlotinib,,,0.07832533121109009,0.09583888947963715,train,supervised_vae
SCC-25,Erlotinib,,,,0.3211318254470825,train,supervised_vae
JHH-2,Erlotinib,,,0.07645614445209503,0.07691448926925659,train,supervised_vae
NCI-N87,Erlotinib,,,0.09161164611577988,0.08858856558799744,train,supervised_vae
OELE,Erlotinib,,,,0.06470806151628494,train,supervised_vae
Hs 611.T,Erlotinib,,,,0.06333662569522858,train,supervised_vae
HH [Human lymphoma],Erlotinib,,,0.0,0.06578107923269272,train,supervised_vae
HT-1080,Erlotinib,,,0.015392986126244068,0.011515025049448013,train,supervised_vae
MKN1,Erlotinib,,,,0.041030921041965485,train,supervised_vae
NCI-H1876,Erlotinib,,,,0.09403970092535019,train,supervised_vae
Hs 737.T,Erlotinib,,,,0.05625784024596214,train,supervised_vae
Karpas-620,Erlotinib,,,0.021312205120921135,0.05136888474225998,train,supervised_vae
YD-15,Erlotinib,,,,0.06035374104976654,train,supervised_vae
CML-T1,Erlotinib,,,,0.06907728314399719,train,supervised_vae
COR-L47,Erlotinib,,,,0.009738251566886902,train,supervised_vae
SR,Erlotinib,,,,0.11197031289339066,train,supervised_vae
OVMANA,Erlotinib,,,0.022195594385266304,0.03455996513366699,train,supervised_vae
SBC-5,Erlotinib,,,0.003955003339797258,0.021031886339187622,train,supervised_vae
SW1271,Erlotinib,,,0.01700293831527233,0.04634619504213333,train,supervised_vae
Hs 870.T,Erlotinib,,,,0.20204952359199524,train,supervised_vae
SK-N-AS,Erlotinib,,,0.01277044229209423,0.05955996364355087,train,supervised_vae
SK-MES-1,Erlotinib,,,0.27235737442970276,0.19341158866882324,train,supervised_vae
PE/CA-PJ49,Erlotinib,,,,0.09525462239980698,train,supervised_vae
P12-Ichikawa,Erlotinib,,,0.04233955964446068,0.04982377588748932,train,supervised_vae
WSU-DLCL2,Erlotinib,,,,0.16573017835617065,train,supervised_vae
ML-1 [Human thyroid carcinoma],Erlotinib,,,,0.11517006158828735,train,supervised_vae
SK-UT-1,Erlotinib,,,,0.028673559427261353,train,supervised_vae
NUGC-3,Erlotinib,,,0.23616647720336914,0.23373281955718994,train,supervised_vae
Hs 821.T,Erlotinib,,,,0.008788524195551872,train,supervised_vae
TE-9,Erlotinib,,,0.08090578019618988,0.09192292392253876,train,supervised_vae
RKN,Erlotinib,,,0.021037394180893898,0.07310956716537476,train,supervised_vae
UM-RC-6,Erlotinib,,,,0.017937548458576202,train,supervised_vae
NCI-H716,Erlotinib,,,,0.047742582857608795,train,supervised_vae
59M,Erlotinib,,,,0.06767120957374573,train,supervised_vae
HCC1428,Erlotinib,,,,0.10954592376947403,train,supervised_vae
SNU-398,Erlotinib,,,0.0,0.02305634133517742,train,supervised_vae
H4,Erlotinib,,,0.030391791835427284,0.09056299924850464,train,supervised_vae
NCI-H446,Erlotinib,,,,0.15896758437156677,train,supervised_vae
T.T,Erlotinib,,,,0.16723397374153137,train,supervised_vae
SW1783,Erlotinib,,,,0.04867734760046005,train,supervised_vae
1321N1,Erlotinib,,,0.05883492901921272,0.11547911167144775,train,supervised_vae
NCI-H1385,Erlotinib,,,,0.080171138048172,train,supervised_vae
Sq-1,Erlotinib,,,0.06801863759756088,0.07892236858606339,train,supervised_vae
LP-1,Erlotinib,,,0.0,0.06219998374581337,train,supervised_vae
NCI-H1618,Erlotinib,,,,0.04743966460227966,train,supervised_vae
SNU-201,Erlotinib,,,,0.053986143320798874,train,supervised_vae
BT-483,Erlotinib,,,,0.08285052329301834,train,supervised_vae
PaTu 8988s,Erlotinib,,,,0.1214989498257637,train,supervised_vae
NCI-H1694,Erlotinib,,,0.0,0.04722489416599274,train,supervised_vae
NCI-H2030,Erlotinib,,,0.15355055034160614,0.14570263028144836,train,supervised_vae
TE 441.T,Erlotinib,,,,0.058299656957387924,train,supervised_vae
COLO 668,Erlotinib,,,,0.04662591964006424,train,supervised_vae
SNU-685,Erlotinib,,,,0.11697597801685333,train,supervised_vae
Calu-1,Erlotinib,,,0.008805246092379093,0.09798930585384369,train,supervised_vae
SLR25,Erlotinib,,,,0.06404407322406769,train,supervised_vae
8505C,Erlotinib,,,0.030876273289322853,0.05628661811351776,train,supervised_vae
JHUEM-2,Erlotinib,,,0.025869473814964294,0.08372297883033752,train,supervised_vae
OCI-Ly3,Erlotinib,,,,0.06297669559717178,train,supervised_vae
Granta-519,Erlotinib,,,0.032702624797821045,0.03152839094400406,train,supervised_vae
CL-11,Erlotinib,,,,0.08166863024234772,train,supervised_vae
SH-SY5Y,Erlotinib,,,,0.08998225629329681,train,supervised_vae
PC-3,Erlotinib,,,0.05190436169505119,0.0971340462565422,train,supervised_vae
A-498,Erlotinib,,,,0.04660579562187195,train,supervised_vae
NCI-H1869,Erlotinib,,,0.152424156665802,0.12737607955932617,train,supervised_vae
NCI-H2171,Erlotinib,,,,0.0042084502056241035,train,supervised_vae
SNU-349,Erlotinib,,,,0.11192865669727325,train,supervised_vae
NCI-H1581,Erlotinib,,,0.0,0.050110649317502975,train,supervised_vae
ECC12,Erlotinib,,,,0.058513179421424866,train,supervised_vae
NCI-H1299,Erlotinib,,,0.06268586218357086,0.052552249282598495,train,supervised_vae
PE/CA-PJ41 (clone D2),Erlotinib,,,,-0.0073582082986831665,train,supervised_vae
NCI-H1437,Erlotinib,,,,0.10922840237617493,train,supervised_vae
HuTu 80,Erlotinib,,,,0.021208129823207855,train,supervised_vae
NCI-H292,Erlotinib,,,,0.03912723436951637,train,supervised_vae
IA-LM,Erlotinib,,,0.028218360617756844,0.05454486608505249,train,supervised_vae
COR-L311,Erlotinib,,,,0.05070481449365616,train,supervised_vae
Hs 839.T,Erlotinib,,,,0.07166435569524765,train,supervised_vae
MKN74,Erlotinib,,,0.03447232395410538,0.056561000645160675,train,supervised_vae
TE-15,Erlotinib,,,0.2378416657447815,0.24148234724998474,train,supervised_vae
BICR 56,Erlotinib,,,,0.11479633301496506,train,supervised_vae
DEL,Erlotinib,,,0.037769198417663574,0.050376441329717636,train,supervised_vae
SK-MEL-28,Erlotinib,,,,0.08917839825153351,train,supervised_vae
TYK-nu,Erlotinib,,,7.59855299883351e-15,0.032494571059942245,train,supervised_vae
RKO,Erlotinib,,,0.004631584510207176,0.013659698888659477,train,supervised_vae
OS-RC-2,Erlotinib,,,,0.0696578249335289,train,supervised_vae
EM-2,Erlotinib,,,0.06069961562752724,0.07707370817661285,train,supervised_vae
DMS 454,Erlotinib,,,,0.07080788910388947,train,supervised_vae
SNU-878,Erlotinib,,,,0.048422105610370636,train,supervised_vae
YD-10B,Erlotinib,,,,0.1456228345632553,train,supervised_vae
Li-7,Erlotinib,,,,0.07801629602909088,train,supervised_vae
SJSA-1,Erlotinib,,,0.0369315966963768,0.06043557450175285,train,supervised_vae
NCI-H1930,Erlotinib,,,,0.0869523361325264,train,supervised_vae
COLO 792,Erlotinib,,,,0.02425380051136017,train,supervised_vae
JHH-1,Erlotinib,,,,0.08090229332447052,train,supervised_vae
KMM-1,Erlotinib,,,0.00687357597053051,0.013084672391414642,train,supervised_vae
NCI-H2452,Erlotinib,,,0.07825463265180588,0.11485996842384338,train,supervised_vae
GP2d,Erlotinib,,,,0.12903311848640442,train,supervised_vae
AN3-CA,Erlotinib,,,0.03363645449280739,0.029067263007164,train,supervised_vae
A3/Kawakami,Erlotinib,,,,0.02920546382665634,train,supervised_vae
HOS,Erlotinib,,,0.0,0.054437343031167984,train,supervised_vae
SU-DHL-8,Erlotinib,,,0.006080465391278267,0.061027027666568756,train,supervised_vae
COR-L23,Erlotinib,,,0.00965084321796894,0.06793475151062012,train,supervised_vae
LC-1F,Erlotinib,,,,0.05861964821815491,train,supervised_vae
Reh,Erlotinib,,,0.007274820003658533,0.01746324636042118,train,supervised_vae
AU565,Erlotinib,,,0.04662146046757698,0.07263796776533127,train,supervised_vae
Panc 04.03,Erlotinib,,,0.11146882176399231,0.14015357196331024,train,supervised_vae
LOU-NH91,Erlotinib,,,0.14603012800216675,0.13507919013500214,train,supervised_vae
NCI-H660,Erlotinib,,,,0.10572706907987595,train,supervised_vae
KG-1,Erlotinib,,,0.03685476630926132,0.0683613121509552,train,supervised_vae
KE-97,Erlotinib,,,0.0897432342171669,0.06479683518409729,train,supervised_vae
L-1236,Erlotinib,,,,0.0017285142093896866,train,supervised_vae
SF126,Erlotinib,,,0.0028855474665760994,0.026088088750839233,train,supervised_vae
Kuramochi,Erlotinib,,,0.09344540536403656,0.06911425292491913,train,supervised_vae
Calu-3,Erlotinib,,,0.13969959318637848,0.15752717852592468,train,supervised_vae
HT-144,Erlotinib,,,0.05721958726644516,0.05344865098595619,train,supervised_vae
NCI-H2347,Erlotinib,,,,0.07018115371465683,train,supervised_vae
SNU-503,Erlotinib,,,,0.07990378141403198,train,supervised_vae
CAL-33,Erlotinib,,,,0.08993864059448242,train,supervised_vae
SNU-520,Erlotinib,,,,0.07857392728328705,train,supervised_vae
HEL 92.1.7,Erlotinib,,,0.017781322821974754,0.028834855183959007,train,supervised_vae
MOLP-8,Erlotinib,,,0.008758941665291786,0.03682808578014374,train,supervised_vae
GR-M,Erlotinib,,,,0.059316057711839676,train,supervised_vae
NCI-H2052,Erlotinib,,,0.08320655673742294,0.060840148478746414,train,supervised_vae
TO 175.T,Erlotinib,,,,0.039578989148139954,train,supervised_vae
HEC-1-B,Erlotinib,,,0.06732435524463654,0.19381818175315857,train,supervised_vae
ST486,Erlotinib,,,,0.036044832319021225,train,supervised_vae
BCP-1,Erlotinib,,,,0.11807206273078918,train,supervised_vae
PE/CA-PJ15,Erlotinib,,,,0.04313895106315613,train,supervised_vae
Hep 3B2.1-7,Erlotinib,,,0.0,0.027208194136619568,train,supervised_vae
NCI-H1693,Erlotinib,,,0.19644658267498016,0.19027286767959595,train,supervised_vae
RD-ES,Erlotinib,,,,0.07319212704896927,train,supervised_vae
RT-112,Erlotinib,,,0.056365255266427994,0.07426943629980087,train,supervised_vae
HT-29,Erlotinib,,,0.0008752056746743619,0.0547509640455246,train,supervised_vae
Ishikawa (Heraklio) 02 ER-,Erlotinib,,,0.218491330742836,0.15929433703422546,train,supervised_vae
SNU-283,Erlotinib,,,,0.046041056513786316,train,supervised_vae
HCC2157,Erlotinib,,,,0.13269749283790588,train,supervised_vae
C32 [Human melanoma],Erlotinib,,,0.03969797492027283,0.02239816263318062,train,supervised_vae
SK-MEL-30,Erlotinib,,,0.005350062623620033,0.02742076851427555,train,supervised_vae
BJ1-hTERT,Erlotinib,,,,0.06307941675186157,train,supervised_vae
SNU-16,Erlotinib,,,0.047067105770111084,0.11363846063613892,train,supervised_vae
NCI-H647,Erlotinib,,,0.006460372358560562,0.011423161253333092,train,supervised_vae
NCI-H226,Erlotinib,,,0.0059545026160776615,0.02188882976770401,train,supervised_vae
GSS,Erlotinib,,,,0.1681022346019745,train,supervised_vae
HPAC,Erlotinib,,,0.06448940932750702,0.08525075018405914,train,supervised_vae
HLC-1,Erlotinib,,,,0.054069407284259796,train,supervised_vae
OAW28,Erlotinib,,,,0.11082787811756134,train,supervised_vae
Hs 172.T,Erlotinib,,,,0.03709859400987625,train,supervised_vae
BICR 6,Erlotinib,,,,0.037596940994262695,train,supervised_vae
OCI-Ly19,Erlotinib,,,,0.0514313243329525,train,supervised_vae
TC-71,Erlotinib,,,0.0,0.09132549166679382,train,supervised_vae
TCCSUP,Erlotinib,,,0.0053850989788770676,0.09795230627059937,train,supervised_vae
TIG-3 TD,Erlotinib,,,,0.057122062891721725,train,supervised_vae
KMS-11,Erlotinib,,,0.0,0.06698308885097504,train,supervised_vae
Hs 618.T,Erlotinib,,,,0.04789631441235542,train,supervised_vae
HCC44,Erlotinib,,,0.0068970308639109135,0.05804945528507233,train,supervised_vae
SNU-1076,Erlotinib,,,,0.1067238599061966,train,supervised_vae
TC-32,Erlotinib,,,,0.06099673733115196,train,supervised_vae
COLO 205,Erlotinib,,,0.05243299528956413,0.06799015402793884,train,supervised_vae
Pfeiffer,Erlotinib,,,0.1284427046775818,0.09603841602802277,train,supervised_vae
Daoy,Erlotinib,,,0.033018723130226135,0.07333562523126602,train,supervised_vae
SU-DHL-1,Erlotinib,,,,0.11723437905311584,train,supervised_vae
EWS-502,Erlotinib,,,,0.029601573944091797,train,supervised_vae
DU145,Erlotinib,,,0.13559819757938385,0.1379224956035614,train,supervised_vae
OAW42,Erlotinib,,,,0.03323855251073837,train,supervised_vae
TOV-112D,Erlotinib,,,0.08457241207361221,0.09711912274360657,train,supervised_vae
SNU-410,Erlotinib,,,,0.07931585609912872,train,supervised_vae
SW403,Erlotinib,,,0.12285277247428894,0.13100795447826385,train,supervised_vae
CAL-78,Erlotinib,,,0.03013685718178749,0.046428877860307693,train,supervised_vae
SK-N-BE(2),Erlotinib,,,0.008403939194977283,0.07072968780994415,train,supervised_vae
KYM-1,Erlotinib,,,0.0,0.04947786405682564,train,supervised_vae
SK-ES-1,Erlotinib,,,0.06832186132669449,-0.0028354916721582413,train,supervised_vae
NCI-H3255,Erlotinib,,,0.5614478588104248,0.06054629385471344,train,supervised_vae
NCI-H2081,Erlotinib,,,,0.24734550714492798,train,supervised_vae
CAL-85-1,Erlotinib,,,0.2859991192817688,0.25933146476745605,train,supervised_vae
KYSE-450,Erlotinib,,,0.2088213562965393,0.15657350420951843,train,supervised_vae
SNU-899,Erlotinib,,,,0.0753820538520813,train,supervised_vae
HMCB,Erlotinib,,,0.11731451749801636,0.13029220700263977,train,supervised_vae
SH-4,Erlotinib,,,,0.04782017692923546,train,supervised_vae
CAMA-1,Erlotinib,,,0.01575651951134205,0.06294028460979462,train,supervised_vae
L-540,Erlotinib,,,,0.06477226316928864,train,supervised_vae
TE-11,Erlotinib,,,0.25699689984321594,0.2391778826713562,train,supervised_vae
Hs 578T,Erlotinib,,,0.013234484009444714,0.0640924945473671,train,supervised_vae
NCI-H1373,Erlotinib,,,0.04716647043824196,0.046516455709934235,train,supervised_vae
KMRC-20,Erlotinib,,,,0.020398475229740143,train,supervised_vae
Hs 746.T,Erlotinib,,,0.028298527002334595,0.061502084136009216,train,supervised_vae
L3.3,Erlotinib,,,0.12835821509361267,0.12113048881292343,train,supervised_vae
SALE,Erlotinib,,,,0.051475610584020615,train,supervised_vae
Fu97,Erlotinib,,,0.05444095656275749,0.09551140666007996,train,supervised_vae
NMC-G1,Erlotinib,,,,0.020900040864944458,train,supervised_vae
NB4,Erlotinib,,,,0.10265648365020752,train,supervised_vae
KYSE-180,Erlotinib,,,0.20234858989715576,0.1736101657152176,train,supervised_vae
RERF-LC-Sq1,Erlotinib,,,,0.07217772305011749,train,supervised_vae
Hs 274.T,Erlotinib,,,,0.06113273277878761,train,supervised_vae
HCC78,Erlotinib,,,0.007752100471407175,0.02006184682250023,train,supervised_vae
UACC-257,Erlotinib,,,0.004973747301846743,0.09263641387224197,train,supervised_vae
SW1088,Erlotinib,,,0.05018170550465584,0.11527654528617859,train,supervised_vae
KE-37,Erlotinib,,,,0.05353723466396332,train,supervised_vae
DoHH2,Erlotinib,,,0.0,0.0334913395345211,train,supervised_vae
LCLC-97TM1,Erlotinib,,,,0.04696086794137955,train,supervised_vae
VMRC-LCP,Erlotinib,,,,0.09341058135032654,train,supervised_vae
AGS,Erlotinib,,,,0.0625668540596962,train,supervised_vae
GOS-3,Erlotinib,,,,0.0033212313428521156,train,supervised_vae
MUTZ-5,Erlotinib,,,,0.04836049675941467,train,supervised_vae
SNU-1077,Erlotinib,,,,0.06328824162483215,train,supervised_vae
VCaP,Erlotinib,,,,0.08568285405635834,train,supervised_vae
Hs 934.T,Erlotinib,,,,0.05109035223722458,train,supervised_vae
TUHR14TKB,Erlotinib,,,,0.05120505020022392,train,supervised_vae
SF295,Erlotinib,,,0.054866135120391846,0.06923109292984009,train,supervised_vae
CAL-27,Erlotinib,,,0.33115506172180176,0.26985102891921997,train,supervised_vae
Mono-Mac-6,Erlotinib,,,,0.05959946662187576,train,supervised_vae
KMS-28BM,Erlotinib,,,,0.022990969941020012,train,supervised_vae
RL,Erlotinib,,,,-0.0010412335395812988,train,supervised_vae
CHP-126,Erlotinib,,,,0.060356851667165756,train,supervised_vae
Panc 02.03,Erlotinib,,,0.12672166526317596,0.09147825092077255,train,supervised_vae
RERF-LC-Ad2,Erlotinib,,,,0.10399587452411652,train,supervised_vae
UACC-812,Erlotinib,,,0.05086470767855644,0.09903278946876526,train,supervised_vae
KYSE-70,Erlotinib,,,0.17171168327331543,0.16361629962921143,train,supervised_vae
HCC95,Erlotinib,,,,0.02724730595946312,train,supervised_vae
MEC-2,Erlotinib,,,,0.10369561612606049,train,supervised_vae
NCI-H23,Erlotinib,,,0.012236746959388256,0.01936408132314682,train,supervised_vae
Hs 688(A).T,Erlotinib,,,,0.13973018527030945,train,supervised_vae
SW48,Erlotinib,,,0.3432353436946869,0.3215540647506714,train,supervised_vae
KYSE-150,Erlotinib,,,0.08199793100357056,0.07577615976333618,train,supervised_vae
NCI-H82,Erlotinib,,,,0.04799182340502739,train,supervised_vae
FTC-238,Erlotinib,,,,0.09346149861812592,train,supervised_vae
NCI-H460,Erlotinib,,,0.015685027465224266,0.055447496473789215,train,supervised_vae
K-562,Erlotinib,,,,0.05946440249681473,train,supervised_vae
NCI-H810,Erlotinib,,,0.0,-0.006085416302084923,train,supervised_vae
NCI-H727,Erlotinib,,,0.014224999584257603,0.023551996797323227,train,supervised_vae
SNU-886,Erlotinib,,,,0.03984827548265457,train,supervised_vae
PL-21,Erlotinib,,,,0.04365067929029465,train,supervised_vae
WM266-4,Erlotinib,,,0.013118494302034378,0.09174975752830505,train,supervised_vae
OUMS-23,Erlotinib,,,,0.14438095688819885,train,supervised_vae
A101D,Erlotinib,,,,0.0332319550216198,train,supervised_vae
KYSE-30,Erlotinib,,,0.10740166902542114,0.14779208600521088,train,supervised_vae
CAL-62,Erlotinib,,,,0.08089740574359894,train,supervised_vae
MDA-MB-453,Erlotinib,,,0.02901134081184864,0.02845640853047371,train,supervised_vae
HCT 116,Erlotinib,,,0.02919105254113674,0.08337755501270294,train,supervised_vae
SK-MEL-2,Erlotinib,,,0.0,-0.02351853996515274,train,supervised_vae
23132/87,Erlotinib,,,,0.13725727796554565,train,supervised_vae
JVM-2,Erlotinib,,,,0.03647589683532715,train,supervised_vae
Namalwa,Erlotinib,,,,0.07384394109249115,train,supervised_vae
WM793,Erlotinib,,,0.02805124968290329,0.1057574599981308,train,supervised_vae
HCC366,Erlotinib,,,,0.018645992502570152,train,supervised_vae
COV318,Erlotinib,,,0.0,0.04148793965578079,train,supervised_vae
COLO 775,Erlotinib,,,,0.07694759964942932,train,supervised_vae
Hs 606.T,Erlotinib,,,,0.042128272354602814,train,supervised_vae
Mel JuSo,Erlotinib,,,,0.09046649932861328,train,supervised_vae
SK-OV-3,Erlotinib,,,0.07924753427505493,0.0726524293422699,train,supervised_vae
SW900,Erlotinib,,,0.032573848962783813,0.09098879992961884,train,supervised_vae
Hs 698.T,Erlotinib,,,,0.041217952966690063,train,supervised_vae
KYSE-410,Erlotinib,,,0.0661153569817543,0.08659994602203369,train,supervised_vae
BC-3C,Erlotinib,,,,0.06342147290706635,train,supervised_vae
REC-1,Erlotinib,,,,0.012873409315943718,train,supervised_vae
8305C,Erlotinib,,,0.029852136969566345,0.06600313633680344,train,supervised_vae
RL95-2,Erlotinib,,,0.21716706454753876,0.16959840059280396,train,supervised_vae
COV504,Erlotinib,,,0.0711984634399414,0.07990948855876923,train,supervised_vae
OUMS-27,Erlotinib,,,,0.04958140105009079,train,supervised_vae
YAPC,Erlotinib,,,,0.10641038417816162,train,supervised_vae
Hs 766T,Erlotinib,,,0.09911269694566727,0.05978334695100784,train,supervised_vae
Kasumi-1,Erlotinib,,,,0.12041405588388443,train,supervised_vae
MDA-MB-436,Erlotinib,,,0.06565015763044357,0.09187857061624527,train,supervised_vae
KLE,Erlotinib,,,0.08713329583406448,0.11103802919387817,train,supervised_vae
MOLM-16,Erlotinib,,,,0.06456667184829712,train,supervised_vae
SNU-1105,Erlotinib,,,,0.011468421667814255,train,supervised_vae
F-36P,Erlotinib,,,0.016780167818069458,0.0551251657307148,train,supervised_vae
L-428,Erlotinib,,,0.012746384367346764,0.04584787040948868,train,supervised_vae
NCI-H1975,Erlotinib,,,0.04640130698680878,0.02139115333557129,train,supervised_vae
SUP-M2,Erlotinib,,,0.0,0.07887707650661469,train,supervised_vae
NCI-H2405,Erlotinib,,,,0.05487293004989624,train,supervised_vae
NCI-H1734,Erlotinib,,,,0.11551623046398163,train,supervised_vae
RERF-LC-MS,Erlotinib,,,0.0,0.04931103065609932,train,supervised_vae
COLO 829,Erlotinib,,,,0.07283291220664978,train,supervised_vae
SK-MM-2,Erlotinib,,,0.17415617406368256,0.14900794625282288,train,supervised_vae
NCI-H1623,Erlotinib,,,,-0.007639922201633453,train,supervised_vae
Hs 616.T,Erlotinib,,,,0.023545939475297928,train,supervised_vae
SUP-HD1,Erlotinib,,,,0.049669187515974045,train,supervised_vae
G-401,Erlotinib,,,0.023841170594096184,0.04564075917005539,train,supervised_vae
UT-7,Erlotinib,,,,0.10517078638076782,train,supervised_vae
OE19,Erlotinib,,,,0.10767249763011932,train,supervised_vae
NCI-H2291,Erlotinib,,,,0.09135094285011292,train,supervised_vae
Caov-4,Erlotinib,,,,0.056996047496795654,train,supervised_vae
SNU-1196,Erlotinib,,,,0.0663406103849411,train,supervised_vae
RVH-421,Erlotinib,,,0.0070321024395525455,0.051158275455236435,train,supervised_vae
JHOC-5,Erlotinib,,,,0.05275772511959076,train,supervised_vae
DBTRG-05MG,Erlotinib,,,0.029529370367527008,0.08069416135549545,train,supervised_vae
YMB-1,Erlotinib,,,,0.12162885069847107,train,supervised_vae
KP-4,Erlotinib,,,0.02275892160832882,0.0371384397149086,train,supervised_vae
MDA-MB-468,Erlotinib,,,0.21849147975444794,0.07313200831413269,train,supervised_vae
VMRC-RCZ,Erlotinib,,,0.038071174174547195,0.0588543564081192,train,supervised_vae
PANC-1,Erlotinib,,,,0.11276628822088242,train,supervised_vae
JHOS-2,Erlotinib,,,0.009666142985224724,0.007466691546142101,train,supervised_vae
RCH-ACV,Erlotinib,,,,0.05868571996688843,train,supervised_vae
SNU-119,Erlotinib,,,,0.10402312874794006,train,supervised_vae
JMSU-1,Erlotinib,,,0.11092350631952286,0.0696696937084198,train,supervised_vae
SNU-1040,Erlotinib,,,,0.19162797927856445,train,supervised_vae
IGR-39,Erlotinib,,,0.007250509224832058,0.015064559876918793,train,supervised_vae
Caov-3,Erlotinib,,,,0.03161695972084999,train,supervised_vae
HuG1-N,Erlotinib,,,,0.1589841991662979,train,supervised_vae
OE33,Erlotinib,,,0.09942173957824707,0.1125284880399704,train,supervised_vae
WM983B,Erlotinib,,,0.012461467646062374,0.01981806941330433,train,supervised_vae
NCI-H1573,Erlotinib,,,0.15496483445167542,0.15257710218429565,train,supervised_vae
DB,Erlotinib,,,,0.1710646152496338,train,supervised_vae
NCI-H1793,Erlotinib,,,0.14222055673599243,0.12787678837776184,train,supervised_vae
SU-DHL-6,Erlotinib,,,0.0,0.07245952636003494,train,supervised_vae
JHUEM-3,Erlotinib,,,,0.03973173350095749,train,supervised_vae
D341 Med,Erlotinib,,,,0.08492586016654968,train,supervised_vae
Peer,Erlotinib,,,,0.04346847906708717,train,supervised_vae
SCC-15,Erlotinib,,,,0.14097727835178375,train,supervised_vae
ME-1 [Human leukemia],Erlotinib,,,,0.06011297181248665,train,supervised_vae
HT-1376,Erlotinib,,,0.1141933798789978,0.10514421761035919,train,supervised_vae
SK-BR-3,Erlotinib,,,0.05985407158732414,0.09077989310026169,train,supervised_vae
TE-14,Erlotinib,,,,0.09787355363368988,train,supervised_vae
TEN,Erlotinib,,,0.0,0.03839273005723953,train,supervised_vae
TOV-21G,Erlotinib,,,0.06806977093219757,0.05867859721183777,train,supervised_vae
MSTO-211H,Erlotinib,,,0.04682326689362526,0.05815659463405609,train,supervised_vae
Loucy,Erlotinib,,,,0.10807241499423981,train,supervised_vae
NCI-H2066,Erlotinib,,,,0.1639590859413147,train,supervised_vae
JHH-7,Erlotinib,,,0.06400319188833237,0.05654086172580719,train,supervised_vae
SNU-387,Erlotinib,,,0.013762500137090683,0.04196012765169144,train,supervised_vae
EC-GI-10,Erlotinib,,,,0.11363145709037781,train,supervised_vae
OPM-2,Erlotinib,,,0.0670311376452446,0.04030152037739754,train,supervised_vae
RCC10RGB,Erlotinib,,,,0.02102317288517952,train,supervised_vae
SNU-407,Erlotinib,,,,0.06251980364322662,train,supervised_vae
P3HR-1,Erlotinib,,,0.0,0.044953715056180954,train,supervised_vae
NCI-H1838,Erlotinib,,,,0.08843249082565308,train,supervised_vae
NCI-H2172,Erlotinib,,,,0.18901903927326202,train,supervised_vae
MHH-CALL-2,Erlotinib,,,,0.06382991373538971,train,supervised_vae
HCC1143,Erlotinib,,,,0.13595615327358246,train,supervised_vae
NCI-H1568,Erlotinib,,,0.19252437353134155,0.23388095200061798,train,supervised_vae
TE-6,Erlotinib,,,,0.03294522315263748,train,supervised_vae
HCT 15,Erlotinib,,,0.051358070224523544,0.13017858564853668,train,supervised_vae
IGROV-1,Erlotinib,,,0.1451892852783203,0.15093490481376648,train,supervised_vae
PF-382,Erlotinib,,,,0.06240976229310036,train,supervised_vae
NALM-19,Erlotinib,,,,0.10465238988399506,train,supervised_vae
SK-MEL-24,Erlotinib,,,0.017442068085074425,0.0031008096411824226,train,supervised_vae
MOG-G-CCM,Erlotinib,,,0.0,0.014408519491553307,train,supervised_vae
NCI-H2073,Erlotinib,,,,0.14621032774448395,train,supervised_vae
HuP-T3,Erlotinib,,,0.044885557144880295,0.0037715770304203033,train,supervised_vae
Raji,Erlotinib,,,0.0,0.09071783721446991,train,supervised_vae
HuH-28,Erlotinib,,,,0.12017648667097092,train,supervised_vae
U-251MG,Erlotinib,,,,0.019379213452339172,train,supervised_vae
COR-L51,Erlotinib,,,,0.04063335061073303,train,supervised_vae
CAS-1,Erlotinib,,,0.00462641566991806,0.10058571398258209,train,supervised_vae
HCC4006,Erlotinib,,,0.4926633834838867,0.124313123524189,train,supervised_vae
MDA-MB-231,Erlotinib,,,,0.06706710159778595,train,supervised_vae
KMS-12-BM,Erlotinib,,,0.0,0.058123305439949036,train,supervised_vae
HEL,Erlotinib,,,,0.0942009910941124,train,supervised_vae
ECC10,Erlotinib,,,,0.09520505368709564,train,supervised_vae
Hs 683,Erlotinib,,,0.011889842338860035,0.047267504036426544,train,supervised_vae
BL-41,Erlotinib,,,0.009598737582564354,0.05886635556817055,train,supervised_vae
HL-60,Erlotinib,,,,0.13180005550384521,train,supervised_vae
NCI-H2085,Erlotinib,,,0.05294705927371979,0.060626283288002014,train,supervised_vae
OC 316,Erlotinib,,,0.034157849848270416,0.0400155633687973,train,supervised_vae
OCUM-1,Erlotinib,,,0.0,0.13285017013549805,train,supervised_vae
MM1.S,Erlotinib,,,,0.054199181497097015,train,supervised_vae
SU-DHL-4,Erlotinib,,,0.05815713480114937,0.05813402310013771,train,supervised_vae
LN-229,Erlotinib,,,0.08689193427562714,0.0971616804599762,train,supervised_vae
KALS-1,Erlotinib,,,0.03612568601965904,0.0806693360209465,train,supervised_vae
SNU-668,Erlotinib,,,,0.059949763119220734,train,supervised_vae
HCC15,Erlotinib,,,0.02772621624171734,0.03411821275949478,train,supervised_vae
A-549,Erlotinib,,,0.08121180534362793,0.09749968349933624,train,supervised_vae
Calu-6,Erlotinib,,,0.02324351668357849,0.05268913134932518,train,supervised_vae
SNU-601,Erlotinib,,,,0.11634503304958344,train,supervised_vae
Capan-2,Erlotinib,,,0.05558851733803749,0.0834517851471901,train,supervised_vae
GDM-1,Erlotinib,,,,0.057629428803920746,train,supervised_vae
Hs 294T,Erlotinib,,,0.03162425011396408,0.003969665616750717,train,supervised_vae
HT-1197,Erlotinib,,,0.05817360058426857,0.09830433130264282,train,supervised_vae
Hs 343.T,Erlotinib,,,,0.11341062188148499,train,supervised_vae
NCI-H2087,Erlotinib,,,0.07736940681934357,0.09128115326166153,train,supervised_vae
KMS-21-BM,Erlotinib,,,,-0.026666801422834396,train,supervised_vae
Hs 600.T,Erlotinib,,,,0.03404387831687927,train,supervised_vae
KP-N-SI9s,Erlotinib,,,0.07291987538337708,0.06276033818721771,train,supervised_vae
JHUEM-7,Erlotinib,,,,0.09497752040624619,train,supervised_vae
NCI-H1648,Erlotinib,,,0.0904114693403244,0.11625973135232925,train,supervised_vae
HK-2 [Human kidney],Erlotinib,,,,0.049268752336502075,train,supervised_vae
HCC1395,Erlotinib,,,0.042956769466400146,0.049682389944791794,train,supervised_vae
Panc 10.05,Erlotinib,,,0.05654756352305412,-0.004351997748017311,train,supervised_vae
SNU-324,Erlotinib,,,,0.0736960917711258,train,supervised_vae
NCI-H2228,Erlotinib,,,0.11122030019760132,0.12874427437782288,train,supervised_vae
SNU-466,Erlotinib,,,,0.01693720556795597,train,supervised_vae
LNCaP clone FGC,Erlotinib,,,,0.031726375222206116,train,supervised_vae
SNU-C1,Erlotinib,,,,0.028388019651174545,train,supervised_vae
SW1353,Erlotinib,,,0.004265821073204279,0.06438842415809631,train,supervised_vae
GI-1,Erlotinib,,,0.021889647468924522,0.10803622007369995,train,supervised_vae
SLR23,Erlotinib,,,,0.01328810304403305,train,supervised_vae
HPB-ALL,Erlotinib,,,,0.017171701416373253,train,supervised_vae
RMUG-S,Erlotinib,,,,0.11124570667743683,train,supervised_vae
HMC-1-8,Erlotinib,,,0.01942284032702446,0.03840888664126396,train,supervised_vae
Ci-1,Erlotinib,,,0.0,0.037315648049116135,train,supervised_vae
SK-N-FI,Erlotinib,,,0.0,0.007741723209619522,train,supervised_vae
COV644,Erlotinib,,,,0.07098566740751266,train,supervised_vae
NCI-H508,Erlotinib,,,,0.09568456560373306,train,supervised_vae
SU-DHL-5,Erlotinib,,,,0.07884272187948227,train,supervised_vae
MOLP-2,Erlotinib,,,,0.08262193202972412,train,supervised_vae
PrEC LH,Erlotinib,,,,0.06292642652988434,train,supervised_vae
SNU-308,Erlotinib,,,,0.21166422963142395,train,supervised_vae
COV362,Erlotinib,,,,0.09350050985813141,train,supervised_vae
HEC-1-A,Erlotinib,,,0.002704528858885169,0.05756828188896179,train,supervised_vae
Caki-1,Erlotinib,,,,0.0329449288547039,train,supervised_vae
KMBC-2,Erlotinib,,,0.016026489436626434,0.024480946362018585,train,supervised_vae
P31/FUJ,Erlotinib,,,0.010075471363961697,0.008708947338163853,train,supervised_vae
SCaBER,Erlotinib,,,0.2585083246231079,0.22965222597122192,train,supervised_vae
OCI-M1,Erlotinib,,,,0.08529695123434067,train,supervised_vae
WM88,Erlotinib,,,0.004658939782530069,0.04805862158536911,train,supervised_vae
SCC-9,Erlotinib,,,0.2093525528907776,0.06437242031097412,train,supervised_vae
COR-L88,Erlotinib,,,,0.04566631466150284,train,supervised_vae
DV-90,Erlotinib,,,0.14565078914165497,0.07508475333452225,train,supervised_vae
NCI-H2023,Erlotinib,,,0.019692206755280495,0.07036904245615005,train,supervised_vae
SW579,Erlotinib,,,0.01684611104428768,0.08332322537899017,train,supervised_vae
MFE-280,Erlotinib,,,0.12208159267902374,0.13398173451423645,train,supervised_vae
HEC-151,Erlotinib,,,0.24379590153694153,0.15569324791431427,train,supervised_vae
KMS-34,Erlotinib,,,0.006456402130424976,0.03873275965452194,train,supervised_vae
HCC1599,Erlotinib,,,,0.15611203014850616,train,supervised_vae
OV-90,Erlotinib,,,0.0,-0.028015516698360443,train,supervised_vae
SNU-81,Erlotinib,,,,0.09283934533596039,train,supervised_vae
TGBC11TKB,Erlotinib,,,,0.0729239284992218,train,supervised_vae
CCK-81,Erlotinib,,,0.20738886296749115,0.2168240249156952,train,supervised_vae
IGR-1,Erlotinib,,,,0.03047650307416916,train,supervised_vae
JHOS-4,Erlotinib,,,0.12377795577049255,0.12544165551662445,train,supervised_vae
SNU-61,Erlotinib,,,,0.015100682154297829,train,supervised_vae
SW1573,Erlotinib,,,0.07071369141340256,0.06258247792720795,train,supervised_vae
CPC-N,Erlotinib,,,,0.05073659121990204,train,supervised_vae
YKG-1,Erlotinib,,,0.03782465681433678,0.04856063798069954,train,supervised_vae
A-172,Erlotinib,,,0.020002657547593117,0.07901862263679504,train,supervised_vae
Detroit 562,Erlotinib,,,0.1154157817363739,0.06086357310414314,train,supervised_vae
NCI-H747,Erlotinib,,,0.08544382452964783,0.14290425181388855,train,supervised_vae
JHH-6,Erlotinib,,,0.013065235689282417,0.02981398068368435,train,supervised_vae
Panc 08.13,Erlotinib,,,,0.027607135474681854,train,supervised_vae
HMEL,Erlotinib,,,,0.0522400438785553,train,supervised_vae
MDA-MB-134-VI,Erlotinib,,,,0.07909706979990005,train,supervised_vae
SNU-719,Erlotinib,,,,0.1998102366924286,train,supervised_vae
SUP-T11,Erlotinib,,,,0.13326139748096466,train,supervised_vae
BICR 18,Erlotinib,,,,0.04889565333724022,train,supervised_vae
Daudi,Erlotinib,,,,0.05074696987867355,train,supervised_vae
NCI-H358,Erlotinib,,,0.1887504607439041,0.18296228349208832,train,supervised_vae
HCC1195,Erlotinib,,,,0.1388019323348999,train,supervised_vae
SLR21,Erlotinib,,,,0.05537757650017738,train,supervised_vae
BV-173,Erlotinib,,,,0.08465641736984253,train,supervised_vae
ALL-SIL,Erlotinib,,,0.079600028693676,0.03534266725182533,train,supervised_vae
MCF-7,Erlotinib,,,0.052088651806116104,0.044843487441539764,train,supervised_vae
ONCO-DG-1,Erlotinib,,,0.1428801268339157,0.13697858154773712,train,supervised_vae
U-87MG ATCC,Erlotinib,,,0.0,0.010461492463946342,train,supervised_vae
COLO 684,Erlotinib,,,,0.03450508043169975,train,supervised_vae
NCI-H1963,Erlotinib,,,,0.10502362996339798,train,supervised_vae
OVTOKO,Erlotinib,,,0.10582002997398376,0.08472320437431335,train,supervised_vae
NCI-H1944,Erlotinib,,,0.10510390996932983,0.03711732476949692,train,supervised_vae
JVM-3,Erlotinib,,,0.11290206015110016,0.08808673918247223,train,supervised_vae
DMS 153,Erlotinib,,,,0.06290020793676376,train,supervised_vae
Lu-99A,Erlotinib,,,0.09351128339767456,0.07123339921236038,train,supervised_vae
DLD-1,Erlotinib,,,,0.04077523946762085,train,supervised_vae
NCI-H2444,Erlotinib,,,0.05686502158641815,0.04578779637813568,train,supervised_vae
BHY,Erlotinib,,,,0.14886188507080078,train,supervised_vae
SK-N-MC,Erlotinib,,,,0.06594397127628326,train,supervised_vae
Toledo,Erlotinib,,,0.0,0.033655375242233276,train,supervised_vae
CAL-120,Erlotinib,,,,0.04598288610577583,train,supervised_vae
KG-1-C,Erlotinib,,,,0.03621345013380051,train,supervised_vae
EFO-21,Erlotinib,,,0.04438505694270134,0.029996007680892944,train,supervised_vae
DM-3,Erlotinib,,,,0.042134277522563934,train,supervised_vae
SNU-46,Erlotinib,,,,0.07645504921674728,train,supervised_vae
Hs 706.T,Erlotinib,,,,0.0854647308588028,train,supervised_vae
PLC/PRF/5,Erlotinib,,,0.08866620808839798,0.08357660472393036,train,supervised_vae
IGR-37,Erlotinib,,,0.03262731060385704,0.05039722099900246,train,supervised_vae
M-07e,Erlotinib,,,,0.06320442259311676,train,supervised_vae
NCI-H2122,Erlotinib,,,0.0913124531507492,0.10097996890544891,train,supervised_vae
KM12,Erlotinib,,,,0.07113928347826004,train,supervised_vae
SET-2,Erlotinib,,,,0.1082058697938919,train,supervised_vae
TT2609-C02,Erlotinib,,,0.07642944157123566,0.062340252101421356,train,supervised_vae
MDA-MB-435,Erlotinib,,,0.0032447248231619596,0.0781407505273819,train,supervised_vae
HLF,Erlotinib,,,0.019748220220208168,0.02590847760438919,train,supervised_vae
KPL-1,Erlotinib,,,,0.1587672084569931,train,supervised_vae
NCC-StC-K140,Erlotinib,,,,0.07371946424245834,train,supervised_vae
Ku812,Erlotinib,,,0.03246072307229042,0.04331427067518234,train,supervised_vae
OVCAR-4,Erlotinib,,,0.08904686570167542,0.06965479999780655,train,supervised_vae
DND-41,Erlotinib,,,,0.0620855838060379,train,supervised_vae
SNU-C5,Erlotinib,,,,0.12690550088882446,train,supervised_vae
BICR 31,Erlotinib,,,,0.08320647478103638,train,supervised_vae
MES-SA,Erlotinib,,,0.002105230698361993,0.022666487842798233,train,supervised_vae
SUIT-2,Erlotinib,,,0.12975502014160156,0.08886197954416275,train,supervised_vae
8-MG-BA,Erlotinib,,,0.07423067092895508,0.08686932921409607,train,supervised_vae
SNU-478,Erlotinib,,,,0.10735797137022018,train,supervised_vae
RCC4,Erlotinib,,,,0.05405428260564804,train,supervised_vae
MDA-MB-157,Erlotinib,,,0.06068647652864456,0.17023777961730957,train,supervised_vae
Ri-1,Erlotinib,,,,0.03688141703605652,train,supervised_vae
SNU-761,Erlotinib,,,,0.04014645144343376,train,supervised_vae
LCLC-103H,Erlotinib,,,0.018521644175052643,0.012616788037121296,train,supervised_vae
Malme-3M,Erlotinib,,,0.0325942300260067,0.023864828050136566,train,supervised_vae
MHH-NB-11,Erlotinib,,,,0.09091709554195404,train,supervised_vae
SNU-1,Erlotinib,,,0.08571857213973999,0.04860232025384903,train,supervised_vae
NCI-H854,Erlotinib,,,,0.05851418152451515,train,supervised_vae
CMK-86,Erlotinib,,,0.07315269857645035,0.0546707846224308,train,supervised_vae
BICR 22,Erlotinib,,,,0.0648878887295723,train,supervised_vae
MFE-296,Erlotinib,,,0.10578947514295578,0.05547334626317024,train,supervised_vae
A-253,Erlotinib,,,0.11193941533565521,0.07300566881895065,train,supervised_vae
HCC1897,Erlotinib,,,,0.0628124326467514,train,supervised_vae
SNU-1272,Erlotinib,,,,0.11081305891275406,train,supervised_vae
S-117,Erlotinib,,,,0.07165902853012085,train,supervised_vae
NCI-H322,Erlotinib,,,0.30578410625457764,0.26634809374809265,train,supervised_vae
HDQ-P1,Erlotinib,,,0.20471830666065216,0.020080875605344772,train,supervised_vae
OCI-AML-3,Erlotinib,,,,0.09461742639541626,train,supervised_vae
A4/Fukuda,Erlotinib,,,,0.003862998215481639,train,supervised_vae
CADO-ES1,Erlotinib,,,,0.04273489490151405,train,supervised_vae
Kasumi-6,Erlotinib,,,,0.05664069205522537,train,supervised_vae
RPMI-8402,Erlotinib,,,0.018608050420880318,0.10267233848571777,train,supervised_vae
VMRC-LCD,Erlotinib,,,9.304741628883215e-16,0.06061612814664841,train,supervised_vae
RERF-LC-Ad1,Erlotinib,,,,0.06405998021364212,train,supervised_vae
EFM-192A,Erlotinib,,,,0.12132112681865692,train,supervised_vae
Mel Ho,Erlotinib,,,0.021324850618839264,0.0785498172044754,train,supervised_vae
NCI-H2009,Erlotinib,,,0.08123744279146194,0.04473186656832695,train,supervised_vae
YH-13,Erlotinib,,,,0.007473289966583252,train,supervised_vae
TUHR4TKB,Erlotinib,,,,0.0729384571313858,train,supervised_vae
HEK TE,Erlotinib,,,,0.06567254662513733,train,supervised_vae
KCL-22,Erlotinib,,,0.045496631413698196,0.08213747292757034,train,supervised_vae
LS1034,Erlotinib,,,,0.09068328142166138,train,supervised_vae
RERF-LC-KJ,Erlotinib,,,,0.11176381260156631,train,supervised_vae
143B,Erlotinib,,,,0.05862361565232277,train,supervised_vae
Rh30,Erlotinib,,,0.007888833060860634,0.14874997735023499,train,supervised_vae
L-363,Erlotinib,,,0.030041877180337906,0.030495941638946533,train,supervised_vae
CHP-212,Erlotinib,,,0.016802458092570305,0.13233864307403564,train,supervised_vae
NCI-H1563,Erlotinib,,,0.02166382037103176,0.03407547250390053,train,supervised_vae
HCC1187,Erlotinib,,,0.046661943197250366,0.05102383717894554,train,supervised_vae
TE-4,Erlotinib,,,,0.11390996724367142,train,supervised_vae
NCI-H146,Erlotinib,,,,0.06634806841611862,train,supervised_vae
NCI-H196,Erlotinib,,,,0.024308571591973305,train,supervised_vae
NUGC-4,Erlotinib,,,0.35449543595314026,0.24836736917495728,train,supervised_vae
NUGC-2,Erlotinib,,,,0.10473333299160004,train,supervised_vae
SW1710,Erlotinib,,,,0.06161542981863022,train,supervised_vae
SK-MEL-31,Erlotinib,,,0.022938359528779984,0.05937237665057182,train,supervised_vae
HPAF-II,Erlotinib,,,0.06233073025941849,0.08017170429229736,train,supervised_vae
VM-CUB-1,Erlotinib,,,,0.0756964385509491,train,supervised_vae
SK-MEL-1,Erlotinib,,,,0.07141916453838348,train,supervised_vae
Hs 742.T,Erlotinib,,,,0.03067786619067192,train,supervised_vae
NCI-H1355,Erlotinib,,,0.170404314994812,0.10605666041374207,train,supervised_vae
Mono-Mac-1,Erlotinib,,,0.12792180478572845,0.13666847348213196,train,supervised_vae
DK-MG,Erlotinib,,,0.02732880227267742,0.006344456225633621,train,supervised_vae
NCI-H526,Erlotinib,,,,0.0574670284986496,train,supervised_vae
NCI-H841,Erlotinib,,,,0.07477496564388275,train,supervised_vae
SW1417,Erlotinib,,,0.011907773092389107,0.11066805571317673,train,supervised_vae
NCI-H1651,Erlotinib,,,0.04277709126472473,0.070185586810112,train,supervised_vae
KNS-42,Erlotinib,,,0.0,0.05092824995517731,train,supervised_vae
GCT,Erlotinib,,,0.029750056564807892,0.03548908978700638,train,supervised_vae
ABC-1,Erlotinib,,,,0.06552357971668243,train,supervised_vae
NCI-H2227,Erlotinib,,,,0.03615798056125641,train,supervised_vae
TE 125.T,Erlotinib,,,,0.12716834247112274,train,supervised_vae
KYSE-510,Erlotinib,,,0.0072697969153523445,0.07119347900152206,train,supervised_vae
KATO III,Erlotinib,,,,0.07564171403646469,train,supervised_vae
DMS 273,Erlotinib,,,,0.010562457144260406,train,supervised_vae
KCI-MOH1,Erlotinib,,,0.16372962296009064,0.05495592951774597,train,supervised_vae
OCI-AML-2,Erlotinib,,,0.02965749055147171,0.05333859473466873,train,supervised_vae
Hs 936.T,Erlotinib,,,0.014631255529820919,0.044068124145269394,train,supervised_vae
TE 159.T,Erlotinib,,,,0.06333044171333313,train,supervised_vae
BFTC-909,Erlotinib,,,0.02699008584022522,0.08305718004703522,train,supervised_vae
NCI-H520,Erlotinib,,,0.0,0.022652413696050644,train,supervised_vae
NCI-H2141,Erlotinib,,,,0.06770994514226913,train,supervised_vae
KM-H2,Erlotinib,,,,-0.018634896725416183,train,supervised_vae
OVSAHO,Erlotinib,,,0.02859368361532688,0.030831795185804367,train,supervised_vae
KMRC-2,Erlotinib,,,0.0557129792869091,0.09236986935138702,train,supervised_vae
Panc 05.04,Erlotinib,,,,0.07854651659727097,train,supervised_vae
NALM-6,Erlotinib,,,,0.07734837383031845,train,supervised_vae
LC-1/sq-SF,Erlotinib,,,0.11546967923641205,0.06832115352153778,train,supervised_vae
CHL-1,Erlotinib,,,0.13103163242340088,0.14277268946170807,train,supervised_vae
Hs 840.T,Erlotinib,,,0.01480245403945446,0.0526084303855896,train,supervised_vae
NOMO-1,Erlotinib,,,,0.043853506445884705,train,supervised_vae
SNU-182,Erlotinib,,,0.12646253407001495,0.05343947187066078,train,supervised_vae
AM-38,Erlotinib,,,,0.12258797883987427,train,supervised_vae
JURL-MK1,Erlotinib,,,,0.05392797663807869,train,supervised_vae
MIA PaCa-2,Erlotinib,,,0.015134925954043865,0.012426527217030525,train,supervised_vae
PCM6,Erlotinib,,,,0.00036623328924179077,train,supervised_vae
JHH-4,Erlotinib,,,0.05468062683939934,0.03209993988275528,train,supervised_vae
OVCAR-3,Erlotinib,,,0.1443013697862625,0.1270149201154709,train,supervised_vae
MHH-CALL-4,Erlotinib,,,,0.41581180691719055,train,supervised_vae
MOLT-16,Erlotinib,,,0.04553644731640816,0.08910028636455536,train,supervised_vae
TM-31,Erlotinib,,,,0.09058979898691177,train,supervised_vae
HD-MY-Z,Erlotinib,,,0.0841427892446518,0.06160513684153557,train,supervised_vae
NCI-H1436,Erlotinib,,,,0.054074861109256744,train,supervised_vae
EHEB,Erlotinib,,,,0.06642373651266098,train,supervised_vae
D283 Med,Erlotinib,,,,0.0752805694937706,train,supervised_vae
CAL-51,Erlotinib,,,,0.0859178751707077,train,supervised_vae
PK-1,Erlotinib,,,0.09488140046596527,0.073931984603405,train,supervised_vae
HLF-a,Erlotinib,,,,0.016656238585710526,train,supervised_vae
NCI-H1755,Erlotinib,,,,0.12909188866615295,train,supervised_vae
RERF-LC-A1,Erlotinib,,,0.039469145238399506,0.03487890586256981,train,supervised_vae
SK-N-SH,Erlotinib,,,0.033035822212696075,0.06360884755849838,train,supervised_vae
SNU-C4,Erlotinib,,,,0.1320233792066574,train,supervised_vae
SW1116,Erlotinib,,,,0.05495124310255051,train,supervised_vae
KP-3,Erlotinib,,,0.035343848168849945,0.06490112841129303,train,supervised_vae
Kelly,Erlotinib,,,0.0,0.02860003337264061,train,supervised_vae
KMRC-3,Erlotinib,,,,0.02674219384789467,train,supervised_vae
PaTu 8902,Erlotinib,,,0.014206549152731895,0.06819479912519455,train,supervised_vae
LS123,Erlotinib,,,0.06874532997608185,0.08015494793653488,train,supervised_vae
GSU,Erlotinib,,,,0.14460650086402893,train,supervised_vae
CCF-STTG1,Erlotinib,,,,0.0456460639834404,train,supervised_vae
786-O,Erlotinib,,,0.017399881035089493,0.05287925899028778,train,supervised_vae
NCI-H2342,Erlotinib,,,,0.20856890082359314,train,supervised_vae
SCC-4,Erlotinib,,,,0.1450701206922531,train,supervised_vae
NCI-H1703,Erlotinib,,,0.056992560625076294,0.0618872307240963,train,supervised_vae
COLO 680N,Erlotinib,,,,0.055045418441295624,train,supervised_vae
PK-45H,Erlotinib,,,0.040951505303382874,0.022822104394435883,train,supervised_vae
MeWo,Erlotinib,,,0.0,0.09097696840763092,train,supervised_vae
EB1,Erlotinib,,,0.005754662677645683,0.033804524689912796,train,supervised_vae
JK-1,Erlotinib,,,,0.04883135110139847,train,supervised_vae
HARA [Human squamous cell lung carcinoma],Erlotinib,,,0.11393557488918304,0.17975981533527374,train,supervised_vae
KMRC-1,Erlotinib,,,0.1492006480693817,0.13161571323871613,train,supervised_vae
SNU-213,Erlotinib,,,,0.2896427512168884,train,supervised_vae
K029AX,Erlotinib,,,0.0,0.029163090512156487,train,supervised_vae
Hs 940.T,Erlotinib,,,,0.06509780883789062,train,supervised_vae
SIG-M5,Erlotinib,,,0.12618041038513184,0.04188191145658493,train,supervised_vae
NCI-H1792,Erlotinib,,,0.03543425351381302,0.021591797471046448,train,supervised_vae
KLM-1,Erlotinib,,,,0.1392248272895813,train,supervised_vae
Karpas-422,Erlotinib,,,0.0,0.05347464233636856,train,supervised_vae
Lu-65,Erlotinib,,,,0.015682801604270935,train,supervised_vae
SHP-77,Erlotinib,,,0.0,0.006239801645278931,train,supervised_vae
NCI-H522,Erlotinib,,,0.040344320237636566,0.054717469960451126,train,supervised_vae
CJM [Human melanoma],Erlotinib,,,,0.13549798727035522,train,supervised_vae
OV7,Erlotinib,,,,0.010571062564849854,train,supervised_vae
NCI-H1395,Erlotinib,,,,0.06695832312107086,train,supervised_vae
EN,Erlotinib,,,0.00819708313792944,0.01905743032693863,train,supervised_vae
A2058,Erlotinib,,,0.020316431298851967,0.03754699230194092,train,supervised_vae
KMS-20,Erlotinib,,,,0.08054317533969879,train,supervised_vae
NCI-H2106,Erlotinib,,,,0.045119963586330414,train,supervised_vae
EBC-1,Erlotinib,,,0.04547259956598282,0.09769830107688904,train,supervised_vae
JIMT-1,Erlotinib,,,,0.07814051955938339,train,supervised_vae
NCI-H1339,Erlotinib,,,0.0038380459882318974,0.030379973351955414,train,supervised_vae
RT112/84,Erlotinib,,,,0.09770052880048752,train,supervised_vae
SW1990,Erlotinib,,,0.05235902965068817,0.12129487097263336,train,supervised_vae
LMSU,Erlotinib,,,,0.061459019780159,train,supervised_vae
U-937,Erlotinib,,,0.051928505301475525,0.047790028154850006,train,supervised_vae
CAL-12T,Erlotinib,,,0.2825886905193329,0.23745125532150269,train,supervised_vae
Hs 819.T,Erlotinib,,,,0.1144067645072937,train,supervised_vae
HSC-2,Erlotinib,,,0.07182122021913528,0.10466419160366058,train,supervised_vae
HCC1954,Erlotinib,,,0.10922294855117798,0.12783776223659515,train,supervised_vae
HEC-108,Erlotinib,,,,0.06580469757318497,train,supervised_vae
HuT 102,Erlotinib,,,,0.051508355885744095,train,supervised_vae
BHT-101,Erlotinib,,,,0.003213338553905487,train,supervised_vae
NCI-H1836,Erlotinib,,,,0.127305269241333,train,supervised_vae
JM-1,Erlotinib,,,0.036375001072883606,0.047136515378952026,train,supervised_vae
Rh41,Erlotinib,,,,0.0725204348564148,train,supervised_vae
UACC-893,Erlotinib,,,,0.14021597802639008,train,supervised_vae
SK-CO-1,Erlotinib,,,0.13508951663970947,0.13793548941612244,train,supervised_vae
SK-N-DZ,Erlotinib,,,0.0023759305477142334,0.08543713390827179,train,supervised_vae
EFO-27,Erlotinib,,,0.16153484582901,0.07527467608451843,train,supervised_vae
COLO 800,Erlotinib,,,,0.1394547075033188,train,supervised_vae
KHM-1B,Erlotinib,,,0.04921862483024597,0.01761242002248764,train,supervised_vae
SNU-1197,Erlotinib,,,,0.06179516017436981,train,supervised_vae
CAL-54,Erlotinib,,,,0.06875136494636536,train,supervised_vae
COLO 320,Erlotinib,,,0.06566300988197327,0.03928540274500847,train,supervised_vae
MDST8,Erlotinib,,,,0.10325362533330917,train,supervised_vae
NCI-H1666,Erlotinib,,,0.37953415513038635,0.23275971412658691,train,supervised_vae
NCI-H2110,Erlotinib,,,,0.04505423083901405,train,supervised_vae
SW480,Erlotinib,,,0.020401477813720703,0.05138367787003517,train,supervised_vae
TE-5,Erlotinib,,,0.026737511157989502,0.023111440241336823,train,supervised_vae
BDCM,Erlotinib,,,0.013226781040430069,0.041740596294403076,train,supervised_vae
COV434,Erlotinib,,,,0.0670844167470932,train,supervised_vae
COLO 849,Erlotinib,,,,0.050215136259794235,train,supervised_vae
MFE-319,Erlotinib,,,0.2620878517627716,0.19313186407089233,train,supervised_vae
JHUEM-1,Erlotinib,,,,0.09166543930768967,train,supervised_vae
NCI-H1184,Erlotinib,,,0.0,0.08317107707262039,train,supervised_vae
JHH-5,Erlotinib,,,0.2246560901403427,0.247269406914711,train,supervised_vae
COR-L24,Erlotinib,,,,0.07529626041650772,train,supervised_vae
SW620,Erlotinib,,,0.003228754736483097,0.029768412932753563,train,supervised_vae
HCC1937,Erlotinib,,,,0.10616495460271835,train,supervised_vae
22Rv1,Erlotinib,,,0.005032097455114126,-0.011805837973952293,train,supervised_vae
BL-70,Erlotinib,,,0.007193997036665678,0.029557162895798683,train,supervised_vae
CFPAC-1,Erlotinib,,,,0.054342083632946014,train,supervised_vae
HSC-3,Erlotinib,,,,0.13520395755767822,train,supervised_vae
LOX-IMVI,Erlotinib,,,0.02155059017241001,0.051512740552425385,train,supervised_vae
LS513,Erlotinib,,,,-0.007523451000452042,train,supervised_vae
639V,Erlotinib,,,,0.12434571236371994,train,supervised_vae
IM95,Erlotinib,,,,0.037119269371032715,train,supervised_vae
COLO 679,Erlotinib,,,0.0172851774841547,0.019025467336177826,train,supervised_vae
OVCAR-8,Erlotinib,,,,0.038029372692108154,train,supervised_vae
Capan-1,Erlotinib,,,,0.1507560908794403,train,supervised_vae
MHH-ES-1,Erlotinib,,,0.08771762996912003,0.07624427229166031,train,supervised_vae
T84,Erlotinib,,,0.06376633793115616,0.07771022617816925,train,supervised_vae
TCC-PAN2,Erlotinib,,,,0.08188749849796295,train,supervised_vae
Hs 571.T,Erlotinib,,,,0.06566554307937622,train,supervised_vae
HCC-56,Erlotinib,,,0.057098597288131714,0.0383334755897522,train,supervised_vae
HuH-1,Erlotinib,,,0.04100503399968147,0.20883236825466156,train,supervised_vae
SUP-B15,Erlotinib,,,,0.0680241510272026,train,supervised_vae
HTK-,Erlotinib,,,,0.05485875904560089,train,supervised_vae
Hs 751.T,Erlotinib,,,,0.053016867488622665,train,supervised_vae
U-178MG,Erlotinib,,,,0.052242327481508255,train,supervised_vae
KS-1 [Human glioblastoma],Erlotinib,,,,0.040890976786613464,train,supervised_vae
J82,Erlotinib,,,0.04316093027591705,0.059387750923633575,train,supervised_vae
NCI-H1435,Erlotinib,,,,0.008042529225349426,train,supervised_vae
MOLM-13,Erlotinib,,,,0.04344695806503296,train,supervised_vae
EoL-1,Erlotinib,,,,0.12371818721294403,train,supervised_vae
ONS-76,Erlotinib,,,0.02147161215543747,0.07565444707870483,train,supervised_vae
HEC-50B,Erlotinib,,,,-0.02890394814312458,train,supervised_vae
MC116,Erlotinib,,,0.0,0.02060736157000065,train,supervised_vae
NCI-H2170,Erlotinib,,,0.19809652864933014,0.13664638996124268,train,supervised_vae
SLR26,Erlotinib,,,,-0.004270566627383232,train,supervised_vae
HEC-251,Erlotinib,,,0.06929846853017807,0.17574003338813782,train,supervised_vae
Hs 852.T,Erlotinib,,,0.06064947322010994,0.058953821659088135,train,supervised_vae
HCC202,Erlotinib,,,,0.17873865365982056,train,supervised_vae
Panc 03.27,Erlotinib,,,0.06275393068790436,0.0883011743426323,train,supervised_vae
SLR20,Erlotinib,,,,0.017117399722337723,train,supervised_vae
LAMA-84,Erlotinib,,,,0.0604512020945549,train,supervised_vae
Hs 739.T,Erlotinib,,,0.0,0.0533817782998085,train,supervised_vae
RCM-1 [Human rectum adenocarcinoma],Erlotinib,,,,0.13226333260536194,train,supervised_vae
HEC-265,Erlotinib,,,0.0,0.03889019042253494,train,supervised_vae
DMS 79,Erlotinib,,,,0.05092015489935875,train,supervised_vae
IST-Mes1,Erlotinib,,,0.030112499371170998,0.036611735820770264,train,supervised_vae
KOPN-8,Erlotinib,,,,0.04614881053566933,train,supervised_vae
U-138MG,Erlotinib,,,,0.06812530755996704,train,supervised_vae
HuP-T4,Erlotinib,,,0.1675354391336441,0.12761536240577698,train,supervised_vae
NU-DHL-1,Erlotinib,,,,0.03579231724143028,train,supervised_vae
MOLT-4,Erlotinib,,,,-0.03715634346008301,train,supervised_vae
NCI-H524,Erlotinib,,,,0.06796871870756149,train,supervised_vae
RD,Erlotinib,,,0.002177261747419834,0.05505303293466568,train,supervised_vae
SK-MEL-5,Erlotinib,,,,0.05533657222986221,test,supervised_vae
BB30-HNC,Erlotinib,,,,0.10337138175964355,test,supervised_vae
HGC-27,Erlotinib,,,0.10083470493555069,0.09357614815235138,test,supervised_vae
MMAc-SF,Erlotinib,,,,0.05962305888533592,test,supervised_vae
KO52,Erlotinib,,,,0.06797581911087036,test,supervised_vae
TT,Erlotinib,,,0.054679371416568756,0.011805182322859764,test,supervised_vae
ES8,Erlotinib,,,0.08162985742092133,0.08638542890548706,test,supervised_vae
EFM-19,Erlotinib,,,0.0027004650328308344,0.0172873605042696,test,supervised_vae
C2BBe1,Erlotinib,,,0.1278989166021347,0.09801290929317474,test,supervised_vae
TE-8,Erlotinib,,,0.1304607391357422,0.09706559777259827,test,supervised_vae
EGI-1,Erlotinib,,,0.05771930143237114,0.08939197659492493,test,supervised_vae
PSN1,Erlotinib,,,0.09509527683258057,0.036849088966846466,test,supervised_vae
RS4;11,Erlotinib,,,0.07373012602329254,-0.04208021238446236,test,supervised_vae
HDLM-2,Erlotinib,,,0.1491764336824417,0.05507072061300278,test,supervised_vae
CAL-148,Erlotinib,,,0.07957347482442856,0.03458038344979286,test,supervised_vae
DMS 53,Erlotinib,,,0.08403197675943375,0.1424940973520279,test,supervised_vae
RPMI-8226,Erlotinib,,,0.02576533704996109,0.05623244494199753,test,supervised_vae
HCC38,Erlotinib,,,0.03727341815829277,0.11230643838644028,test,supervised_vae
T98G,Erlotinib,,,0.01928713358938694,0.04284746199846268,test,supervised_vae
Ca9-22,Erlotinib,,,0.2045409381389618,0.21378695964813232,test,supervised_vae
Onda 10,Erlotinib,,,,0.1041032075881958,test,supervised_vae
5637,Erlotinib,,,0.16928857564926147,0.09338493645191193,test,supervised_vae
CaR-1,Erlotinib,,,0.06710944324731827,0.157196044921875,test,supervised_vae
RXF 393L,Erlotinib,,,,0.09665362536907196,test,supervised_vae
MDA-MB-415,Erlotinib,,,0.07613129913806915,0.06231265142560005,test,supervised_vae
NCI-H441,Erlotinib,,,0.148940309882164,0.07699039578437805,test,supervised_vae
BT-20,Erlotinib,,,0.08170372992753983,0.09200900048017502,test,supervised_vae
LB2518-MEL,Erlotinib,,,,0.03924636170268059,test,supervised_vae
MG-63,Erlotinib,,,0.04218766838312149,0.10810533165931702,test,supervised_vae
NCI-H1048,Erlotinib,,,0.06826617568731308,0.06244439631700516,test,supervised_vae
NCI-H64,Erlotinib,,,0.050909120589494705,0.09915651381015778,test,supervised_vae
NCI-H1650,Erlotinib,,,0.2415136694908142,0.03810279816389084,test,supervised_vae
HSC-4,Erlotinib,,,0.1843920350074768,0.11848355829715729,test,supervised_vae
MN-60,Erlotinib,,,0.009549953043460846,0.07811480015516281,test,supervised_vae
AsPC-1,Erlotinib,,,0.04372124746441841,0.07852183282375336,test,supervised_vae
Becker,Erlotinib,,,0.055969566106796265,0.05401364713907242,test,supervised_vae
T-47D,Erlotinib,,,0.138447567820549,0.06697721034288406,test,supervised_vae
RT-4,Erlotinib,,,0.10942468792200089,0.12058579921722412,test,supervised_vae
NCI-H1092,Erlotinib,,,0.046796757727861404,0.13226330280303955,test,supervised_vae
MZ-MEL-7,Erlotinib,,,,0.05934548377990723,test,supervised_vae
KP-N-YS,Erlotinib,,,,0.08472630381584167,test,supervised_vae
MZ-PC-1,Erlotinib,,,,-0.013396697118878365,test,supervised_vae
Huh-7,Erlotinib,,,0.05610639229416847,0.06436105817556381,test,supervised_vae
SiMa,Erlotinib,,,0.0,0.08909279108047485,test,supervised_vae
TE-10,Erlotinib,,,,0.24062304198741913,test,supervised_vae
MOLT-13,Erlotinib,,,0.002216119086369872,0.06617668271064758,test,supervised_vae
D-263MG,Erlotinib,,,0.043079253286123276,0.14195992052555084,test,supervised_vae
MDA-MB-361,Erlotinib,,,0.10488313436508179,0.13286496698856354,test,supervised_vae
BC-3,Erlotinib,,,,0.03227376937866211,test,supervised_vae
SW837,Erlotinib,,,0.06828158348798752,0.0902257114648819,test,supervised_vae
VA-ES-BJ,Erlotinib,,,0.033694617450237274,0.09469923377037048,test,supervised_vae
PA-1,Erlotinib,,,0.12664523720741272,0.05820407718420029,test,supervised_vae
LXF 289,Erlotinib,,,0.10419809073209763,0.14227783679962158,test,supervised_vae
NCI-H2126,Erlotinib,,,,0.1403069794178009,test,supervised_vae
NCI-H2196,Erlotinib,,,,0.012167343869805336,test,supervised_vae
DU4475,Erlotinib,,,0.007942589931190014,0.07644106447696686,test,supervised_vae
BxPC-3,Erlotinib,,,0.05637460574507713,0.09246910363435745,test,supervised_vae
SW948,Erlotinib,,,0.02463996224105358,0.02728927880525589,test,supervised_vae
A-673,Erlotinib,,,0.05517899990081787,0.025411784648895264,test,supervised_vae
EW-24,Erlotinib,,,0.003977042622864246,0.0587792694568634,test,supervised_vae
SK-LU-1,Erlotinib,,,0.014437472447752953,-0.03936389833688736,test,supervised_vae
HCC2218,Erlotinib,,,,0.1525278240442276,test,supervised_vae
SAS,Erlotinib,,,0.13596029579639435,0.08297610282897949,test,supervised_vae
COLO 678,Erlotinib,,,0.1312405914068222,0.04595334082841873,test,supervised_vae
ACHN,Erlotinib,,,0.24275849759578705,0.05379076302051544,test,supervised_vae
NCI-H596,Erlotinib,,,0.0035515206400305033,0.06305934488773346,test,supervised_vae
SW684,Erlotinib,,,0.05497532710433006,0.09558872133493423,test,supervised_vae
FaDu,Erlotinib,,,0.0919298529624939,0.20046335458755493,test,supervised_vae
A-375,Erlotinib,,,0.06326363235712051,0.05294402316212654,test,supervised_vae
OC 314,Erlotinib,,,0.06632290780544281,0.05304380878806114,test,supervised_vae
A2780,Erlotinib,,,0.04801738262176514,0.05151381343603134,test,supervised_vae
UACC-62,Erlotinib,,,0.004919032100588083,0.03513653948903084,test,supervised_vae
HCC70,Erlotinib,,,0.08587515354156494,0.12685680389404297,test,supervised_vae
LoVo,Erlotinib,,,0.15001340210437775,0.008458312600851059,test,supervised_vae
SW756,Erlotinib,,,0.11999725550413132,0.06991419196128845,test,supervised_vae
NCI-H1155,Erlotinib,,,0.20391517877578735,0.065166175365448,test,supervised_vae
SW1463,Erlotinib,,,0.14899715781211853,0.10920099914073944,test,supervised_vae
COR-L279,Erlotinib,,,0.04211466386914253,0.11844120174646378,test,supervised_vae
HT-55,Erlotinib,,,0.13779161870479584,0.045972127467393875,test,supervised_vae
SUP-T1,Erlotinib,,,0.0627601221203804,0.008944583125412464,test,supervised_vae
WM115,Erlotinib,,,0.01671660505235195,0.046743012964725494,test,supervised_vae
MEG-01,Erlotinib,,,0.044805511832237244,0.04376167804002762,test,supervised_vae
CGTH-W-1,Erlotinib,,,0.029421018436551094,0.04145665839314461,test,supervised_vae
TALL-1 [Human adult T-ALL],Erlotinib,,,,0.1286507099866867,test,supervised_vae
NCI-H128,Erlotinib,,,,0.08153826743364334,test,supervised_vae
MLMA,Erlotinib,,,0.04994520917534828,0.20318500697612762,test,supervised_vae
NCI-H650,Erlotinib,,,0.0,0.12915568053722382,test,supervised_vae
697,Erlotinib,,,0.07232151180505753,0.07779289782047272,test,supervised_vae
Hep-G2/C3A,Erlotinib,,,0.0412973091006279,0.05585816502571106,test,supervised_vae
NCI-H838,Erlotinib,,,,0.19443435966968536,test,supervised_vae
HCC1569,Erlotinib,,,,0.07953029125928879,test,supervised_vae
CW-2,Erlotinib,,,0.05749534070491791,0.032111018896102905,test,supervised_vae
HLE,Erlotinib,,,0.08428549021482468,0.07854950428009033,test,supervised_vae
HT-3,Erlotinib,,,0.08728126436471939,0.09123032540082932,test,supervised_vae
SK-LMS-1,Erlotinib,,,0.0,0.12925611436367035,test,supervised_vae
U266B1,Erlotinib,,,0.0,0.10217277705669403,test,supervised_vae
GT3TKB,Erlotinib,,,,0.06932871043682098,test,supervised_vae
B-CPAP,Erlotinib,,,0.12290270626544952,0.052408330142498016,test,supervised_vae
EW-16,Erlotinib,,,0.11820603162050247,0.08404175192117691,test,supervised_vae
ZR-75-30,Erlotinib,,,0.05904379114508629,0.11066146194934845,test,supervised_vae
LB2241-RCC,Erlotinib,,,,0.09502871334552765,test,supervised_vae
SNU-449,Erlotinib,,,0.1119994968175888,0.019838305190205574,test,supervised_vae
KYSE-520,Erlotinib,,,0.29440051317214966,0.14091980457305908,test,supervised_vae
NCI-H209,Erlotinib,,,0.023677058517932892,0.03134534880518913,test,supervised_vae
EPLC-272H,Erlotinib,,,0.08631063997745514,0.20017409324645996,test,supervised_vae
Karpas-299,Erlotinib,,,0.03932269662618637,0.021859630942344666,test,supervised_vae
GMS-10,Erlotinib,,,,0.11837455630302429,test,supervised_vae
Lu-165,Erlotinib,,,0.021372659131884575,0.06321628391742706,test,supervised_vae
SK-MG-1,Erlotinib,,,0.07043386250734329,0.0832921639084816,test,supervised_vae
DMS 114,Erlotinib,,,0.06039055809378624,0.05980854481458664,test,supervised_vae
EW-18,Erlotinib,,,0.029071522876620293,0.08616143465042114,test,supervised_vae
SW780,Erlotinib,,,0.03220953792333603,0.03885670378804207,test,supervised_vae
KNS-62,Erlotinib,,,0.048180412501096725,0.07971660792827606,test,supervised_vae
D-336MG,Erlotinib,,,,0.057286616414785385,test,supervised_vae
EB2,Erlotinib,,,0.0429537370800972,0.07154207676649094,test,supervised_vae
HuO-3N1,Erlotinib,,,0.05787477269768715,0.19574278593063354,test,supervised_vae
NCI-H661,Erlotinib,,,0.018379157409071922,0.000680762343108654,test,supervised_vae
NCI-H345,Erlotinib,,,,0.11317283660173416,test,supervised_vae
BT-474,Erlotinib,,,0.09029574692249298,0.015961093828082085,test,supervised_vae
U-118MG,Erlotinib,,,0.11946503072977066,0.04315726459026337,test,supervised_vae
MPP 89,Erlotinib,,,0.12048513442277908,0.1946677267551422,test,supervised_vae
CA46,Erlotinib,,,0.06020939350128174,0.03993804752826691,test,supervised_vae
GCIY,Erlotinib,,,0.104588583111763,0.1503169983625412,test,supervised_vae
HCC1419,Erlotinib,,,0.042196717113256454,0.1424122303724289,test,supervised_vae
LB771-HNC,Erlotinib,,,0.09326677024364471,0.07385261356830597,test,supervised_vae
BEN,Erlotinib,,,,0.11123277992010117,test,supervised_vae
Karpas-45,Erlotinib,,,0.07555875182151794,0.13128767907619476,test,supervised_vae
CTV-1,Erlotinib,,,0.028552794829010963,0.09023702889680862,test,supervised_vae
SF539,Erlotinib,,,0.10709715634584427,-0.0039406707510352135,test,supervised_vae
CP67-MEL,Erlotinib,,,,-0.023630671203136444,test,supervised_vae
COLO 741,Erlotinib,,,,0.07900118827819824,test,supervised_vae
BALL-1,Erlotinib,,,0.03223979473114014,0.009488314390182495,test,supervised_vae
SCH,Erlotinib,,,,0.12437877058982849,test,supervised_vae
SKM-1,Erlotinib,,,,0.11822154372930527,test,supervised_vae
SK-HEP-1,Erlotinib,,,0.1322633922100067,0.052031852304935455,test,supervised_vae
NCI-H2029,Erlotinib,,,,0.08770494908094406,test,supervised_vae
SK-MEL-3,Erlotinib,,,,0.09466932713985443,test,supervised_vae
HN,Erlotinib,,,,0.02161649987101555,test,supervised_vae
HT,Erlotinib,,,,0.06165556609630585,test,supervised_vae
PC-14,Erlotinib,,,0.45215949416160583,0.47336626052856445,test,supervised_vae
KOSC-2,Erlotinib,,,,0.1968921571969986,test,supervised_vae
769-P,Erlotinib,,,0.09986668080091476,0.16166232526302338,test,supervised_vae
KU-19-19,Erlotinib,,,0.048150692135095596,0.050793759524822235,test,supervised_vae
BT-549,Erlotinib,,,0.0024211981799453497,0.07379882782697678,test,supervised_vae
HuCC-T1,Erlotinib,,,0.15750440955162048,0.13247840106487274,test,supervised_vae
NCI-H1770,Erlotinib,,,,0.026367809623479843,test,supervised_vae
SNG-M,Erlotinib,,,0.07317743450403214,0.01366708055138588,test,supervised_vae
KNS-81-FD,Erlotinib,,,,0.12119889259338379,test,supervised_vae
NCI-H510A,Erlotinib,,,,0.11185157299041748,test,supervised_vae
G-361,Erlotinib,,,0.1051270067691803,0.08547906577587128,test,supervised_vae
LB831-BLC,Erlotinib,,,0.00919275265187025,0.14091666042804718,test,supervised_vae
KGN,Erlotinib,,,0.059976451098918915,0.022671841084957123,test,supervised_vae
SCC-25,Erlotinib,,,,0.10114753991365433,test,supervised_vae
NCI-N87,Erlotinib,,,0.0,0.13823676109313965,test,supervised_vae
HH [Human lymphoma],Erlotinib,,,0.0,0.0733129158616066,test,supervised_vae
HT-1080,Erlotinib,,,0.10349445790052414,0.07493072748184204,test,supervised_vae
MKN1,Erlotinib,,,0.12270672619342804,0.0354565791785717,test,supervised_vae
OMC-1 [Human cervical carcinoma],Erlotinib,,,,0.03844303637742996,test,supervised_vae
SK-N-AS,Erlotinib,,,0.034471545368433,0.05236003175377846,test,supervised_vae
SK-MES-1,Erlotinib,,,0.14084932208061218,0.028786636888980865,test,supervised_vae
P12-Ichikawa,Erlotinib,,,0.05652341991662979,0.07490228861570358,test,supervised_vae
SW626,Erlotinib,,,0.046228788793087006,0.059165194630622864,test,supervised_vae
SK-UT-1,Erlotinib,,,0.004961461294442415,0.030928540974855423,test,supervised_vae
NUGC-3,Erlotinib,,,0.23977325856685638,0.21019554138183594,test,supervised_vae
TE-9,Erlotinib,,,0.1237233430147171,0.06133698299527168,test,supervised_vae
GAK,Erlotinib,,,0.055071789771318436,0.015516258776187897,test,supervised_vae
H-EMC-SS,Erlotinib,,,0.016833484172821045,0.09729459136724472,test,supervised_vae
NCI-H716,Erlotinib,,,0.17845481634140015,-0.018166597932577133,test,supervised_vae
H4,Erlotinib,,,0.06207311898469925,0.08533370494842529,test,supervised_vae
NCI-H446,Erlotinib,,,0.07927269488573074,0.0662628561258316,test,supervised_vae
SW1783,Erlotinib,,,0.030495529994368553,0.08485473692417145,test,supervised_vae
LP-1,Erlotinib,,,,0.07164249569177628,test,supervised_vae
NCI-H1694,Erlotinib,,,0.1398337483406067,0.09156153351068497,test,supervised_vae
NCI-H2030,Erlotinib,,,,0.14874771237373352,test,supervised_vae
COLO 668,Erlotinib,,,0.07907785475254059,0.13836899399757385,test,supervised_vae
U-698-M,Erlotinib,,,0.0,0.0009682774543762207,test,supervised_vae
8505C,Erlotinib,,,0.09208527207374573,0.12961448729038239,test,supervised_vae
CTB-1,Erlotinib,,,,-0.016256801784038544,test,supervised_vae
SiHa,Erlotinib,,,0.10029903799295425,0.0032027624547481537,test,supervised_vae
PC-3,Erlotinib,,,0.03143486753106117,0.07311812043190002,test,supervised_vae
A-498,Erlotinib,,,0.03605199605226517,0.024674193933606148,test,supervised_vae
NCI-H2171,Erlotinib,,,,0.03450704738497734,test,supervised_vae
Jiyoye,Erlotinib,,,0.23150134086608887,0.1737828552722931,test,supervised_vae
NCI-H1581,Erlotinib,,,0.008676593191921711,0.08796115219593048,test,supervised_vae
T24,Erlotinib,,,,0.04112614691257477,test,supervised_vae
NCI-H1299,Erlotinib,,,0.0033601324539631605,0.08678525686264038,test,supervised_vae
MKN28,Erlotinib,,,0.05923917144536972,0.03286211937665939,test,supervised_vae
NCI-H1437,Erlotinib,,,,0.18834176659584045,test,supervised_vae
HuTu 80,Erlotinib,,,,0.05415037274360657,test,supervised_vae
NCI-H292,Erlotinib,,,,0.09636261314153671,test,supervised_vae
IA-LM,Erlotinib,,,0.0,0.1263808310031891,test,supervised_vae
TE-15,Erlotinib,,,,0.15556856989860535,test,supervised_vae
NCI-H322M,Erlotinib,,,0.3159943222999573,0.31518667936325073,test,supervised_vae
KY821,Erlotinib,,,0.0033592425752431154,0.06996650248765945,test,supervised_vae
NH-12,Erlotinib,,,0.09296922385692596,0.05807795003056526,test,supervised_vae
DEL,Erlotinib,,,0.170371413230896,0.09353603422641754,test,supervised_vae
SK-MEL-28,Erlotinib,,,,-0.029664471745491028,test,supervised_vae
TYK-nu,Erlotinib,,,0.14256860315799713,0.04122978448867798,test,supervised_vae
RKO,Erlotinib,,,0.0,-0.025323815643787384,test,supervised_vae
OS-RC-2,Erlotinib,,,0.07740211486816406,-0.0014040740206837654,test,supervised_vae
IST-MEL1,Erlotinib,,,0.003378000110387802,0.112257219851017,test,supervised_vae
EM-2,Erlotinib,,,0.04536241665482521,0.11342646926641464,test,supervised_vae
NCI-H2452,Erlotinib,,,0.0656169205904007,0.10793095827102661,test,supervised_vae
AN3-CA,Erlotinib,,,0.007331796456128359,0.02853938564658165,test,supervised_vae
A3/Kawakami,Erlotinib,,,0.08846236020326614,0.041185759007930756,test,supervised_vae
H9,Erlotinib,,,0.037321895360946655,0.027409885078668594,test,supervised_vae
HOS,Erlotinib,,,0.06404539942741394,0.18191860616207123,test,supervised_vae
COR-L23,Erlotinib,,,0.12703728675842285,0.04619018733501434,test,supervised_vae
Reh,Erlotinib,,,0.001760192564688623,0.06412682682275772,test,supervised_vae
TGW,Erlotinib,,,0.01655658893287182,0.03941040486097336,test,supervised_vae
AU565,Erlotinib,,,0.08221040666103363,0.07172896713018417,test,supervised_vae
KG-1,Erlotinib,,,0.027053499594330788,0.05765916407108307,test,supervised_vae
SF126,Erlotinib,,,,0.03837958723306656,test,supervised_vae
Kuramochi,Erlotinib,,,0.03746925666928291,0.08041319996118546,test,supervised_vae
Calu-3,Erlotinib,,,0.03836726024746895,0.13887685537338257,test,supervised_vae
HT-144,Erlotinib,,,0.009597049094736576,0.05542142316699028,test,supervised_vae
NCI-H2347,Erlotinib,,,0.017300009727478027,0.043802887201309204,test,supervised_vae
Evsa-T,Erlotinib,,,0.08499553799629211,0.1511692851781845,test,supervised_vae
CAL-33,Erlotinib,,,0.1472005546092987,0.07669413834810257,test,supervised_vae
HCC1806,Erlotinib,,,0.17313559353351593,0.20326164364814758,test,supervised_vae
NCI-H2052,Erlotinib,,,0.09733337163925171,0.11695435643196106,test,supervised_vae
EW-1,Erlotinib,,,0.07209478318691254,0.07773751020431519,test,supervised_vae
ST486,Erlotinib,,,0.05474543571472168,-0.0019145645201206207,test,supervised_vae
NCI-H28,Erlotinib,,,0.1465621441602707,0.06905987858772278,test,supervised_vae
IM-9,Erlotinib,,,0.007212891709059477,0.04733709990978241,test,supervised_vae
ESS-1,Erlotinib,,,0.0,0.04928669333457947,test,supervised_vae
GaMG,Erlotinib,,,0.0,0.12134335190057755,test,supervised_vae
NCI-H1693,Erlotinib,,,0.19793498516082764,0.09907864779233932,test,supervised_vae
RT-112,Erlotinib,,,0.0817115306854248,0.08684277534484863,test,supervised_vae
HT-29,Erlotinib,,,0.049706488847732544,0.05929776653647423,test,supervised_vae
HCC2157,Erlotinib,,,0.014490225352346897,0.034883078187704086,test,supervised_vae
C32 [Human melanoma],Erlotinib,,,0.06562075018882751,0.04396248236298561,test,supervised_vae
SK-MEL-30,Erlotinib,,,,0.06435517221689224,test,supervised_vae
SNU-16,Erlotinib,,,0.03348880261182785,0.08520682156085968,test,supervised_vae
SW872,Erlotinib,,,0.040219344198703766,0.08191569894552231,test,supervised_vae
NCI-H226,Erlotinib,,,0.07821711152791977,0.1141461506485939,test,supervised_vae
M059J,Erlotinib,,,0.10154681652784348,0.11467286199331284,test,supervised_vae
OAW28,Erlotinib,,,0.053503479808568954,-0.07563771307468414,test,supervised_vae
IST-SL2,Erlotinib,,,0.11947661638259888,0.1117774248123169,test,supervised_vae
TCCSUP,Erlotinib,,,0.12909185886383057,0.08616071939468384,test,supervised_vae
ACN,Erlotinib,,,,0.058657072484493256,test,supervised_vae
COLO 205,Erlotinib,,,0.03441523015499115,0.0973241776227951,test,supervised_vae
Daoy,Erlotinib,,,0.06870429962873459,0.0778057724237442,test,supervised_vae
NCI-H748,Erlotinib,,,,0.11641852557659149,test,supervised_vae
EW-12,Erlotinib,,,,0.055853284895420074,test,supervised_vae
SU-DHL-1,Erlotinib,,,,0.11179768294095993,test,supervised_vae
DU145,Erlotinib,,,0.05042564496397972,0.14901672303676605,test,supervised_vae
KINGS-1,Erlotinib,,,0.02772403322160244,0.10223576426506042,test,supervised_vae
OAW42,Erlotinib,,,0.11542242765426636,0.04474630579352379,test,supervised_vae
SNU-475,Erlotinib,,,,0.11743199080228806,test,supervised_vae
Lu-134-A,Erlotinib,,,,0.07152292132377625,test,supervised_vae
NCI-H720,Erlotinib,,,0.029632553458213806,-0.009323649108409882,test,supervised_vae
NCI-H2081,Erlotinib,,,,0.06550430506467819,test,supervised_vae
CAL-85-1,Erlotinib,,,0.010184268467128277,0.26782113313674927,test,supervised_vae
KYSE-450,Erlotinib,,,0.24971424043178558,0.16915816068649292,test,supervised_vae
SH-4,Erlotinib,,,0.022822653874754906,-0.026872731745243073,test,supervised_vae
CAMA-1,Erlotinib,,,0.024632813408970833,0.021344128996133804,test,supervised_vae
TE-11,Erlotinib,,,,0.06874044239521027,test,supervised_vae
Hs 578T,Erlotinib,,,0.0,0.10352121293544769,test,supervised_vae
BE-13,Erlotinib,,,0.14778153598308563,0.11787673085927963,test,supervised_vae
NMC-G1,Erlotinib,,,,0.11036069691181183,test,supervised_vae
EW-22,Erlotinib,,,0.033467378467321396,0.02602406218647957,test,supervised_vae
KYSE-180,Erlotinib,,,0.11975494772195816,0.1430889368057251,test,supervised_vae
SW982,Erlotinib,,,0.07955674827098846,0.07286928594112396,test,supervised_vae
C-33 A,Erlotinib,,,0.09344276785850525,0.027102859690785408,test,supervised_vae
UACC-257,Erlotinib,,,0.0959194228053093,0.0588100366294384,test,supervised_vae
SW1088,Erlotinib,,,0.11002412438392639,0.07157595455646515,test,supervised_vae
KE-37,Erlotinib,,,0.1146736592054367,0.051542215049266815,test,supervised_vae
DoHH2,Erlotinib,,,,0.12442562729120255,test,supervised_vae
LCLC-97TM1,Erlotinib,,,0.0013339044526219368,0.06630846858024597,test,supervised_vae
AGS,Erlotinib,,,0.011950889602303505,0.09988239407539368,test,supervised_vae
IST-SL1,Erlotinib,,,,0.061194658279418945,test,supervised_vae
SF295,Erlotinib,,,,0.07376007735729218,test,supervised_vae
CAL-27,Erlotinib,,,0.164004847407341,0.28766345977783203,test,supervised_vae
Mono-Mac-6,Erlotinib,,,0.010475161485373974,0.03802747279405594,test,supervised_vae
EW-13,Erlotinib,,,0.06481175124645233,0.10534809529781342,test,supervised_vae
RL,Erlotinib,,,,-0.014083793386816978,test,supervised_vae
KYSE-70,Erlotinib,,,0.09285585582256317,0.05569255352020264,test,supervised_vae
NCI-H23,Erlotinib,,,0.05381118506193161,0.06556124985218048,test,supervised_vae
SW48,Erlotinib,,,0.26832813024520874,0.07052190601825714,test,supervised_vae
NCI-H82,Erlotinib,,,0.037550006061792374,0.024554695934057236,test,supervised_vae
LC4-1,Erlotinib,,,0.04724707081913948,0.0522611066699028,test,supervised_vae
NCI-H460,Erlotinib,,,,0.03901800513267517,test,supervised_vae
K-562,Erlotinib,,,0.010187202133238316,0.013188102282583714,test,supervised_vae
NCI-H810,Erlotinib,,,0.036988239735364914,0.0020640166476368904,test,supervised_vae
D-542MG,Erlotinib,,,,0.1092715710401535,test,supervised_vae
NCI-H727,Erlotinib,,,0.01850019581615925,-0.06065033748745918,test,supervised_vae
BB49-HNC,Erlotinib,,,0.06490319967269897,0.055987194180488586,test,supervised_vae
A-427,Erlotinib,,,,0.10810255259275436,test,supervised_vae
A101D,Erlotinib,,,0.104497991502285,-0.0069028474390506744,test,supervised_vae
CAL-62,Erlotinib,,,0.07042910903692245,0.0791417732834816,test,supervised_vae
MDA-MB-453,Erlotinib,,,0.06835882365703583,0.04554275423288345,test,supervised_vae
HCT 116,Erlotinib,,,0.01290152221918106,0.08151383697986603,test,supervised_vae
SK-MEL-2,Erlotinib,,,0.0,-0.005158334970474243,test,supervised_vae
D-502MG,Erlotinib,,,,0.13928711414337158,test,supervised_vae
Mel JuSo,Erlotinib,,,0.0,0.11361853778362274,test,supervised_vae
SK-OV-3,Erlotinib,,,0.13908632099628448,0.03625961393117905,test,supervised_vae
SW900,Erlotinib,,,0.034436099231243134,0.03845088183879852,test,supervised_vae
Ca Ski,Erlotinib,,,0.17150817811489105,0.18081404268741608,test,supervised_vae
SW13,Erlotinib,,,0.14095763862133026,0.1650274395942688,test,supervised_vae
OVCAR-5,Erlotinib,,,0.058288972824811935,0.1609034538269043,test,supervised_vae
KYSE-410,Erlotinib,,,0.13976818323135376,0.06313180923461914,test,supervised_vae
8305C,Erlotinib,,,0.058371976017951965,0.08631536364555359,test,supervised_vae
RL95-2,Erlotinib,,,0.09564106166362762,0.14476308226585388,test,supervised_vae
YAPC,Erlotinib,,,0.03283406421542168,0.1078949123620987,test,supervised_vae
Kasumi-1,Erlotinib,,,,0.08760885894298553,test,supervised_vae
KLE,Erlotinib,,,0.07138554751873016,0.11820559203624725,test,supervised_vae
L-428,Erlotinib,,,0.14828163385391235,0.05039247125387192,test,supervised_vae
NCI-H1975,Erlotinib,,,0.13408710062503815,0.02856329083442688,test,supervised_vae
ES3,Erlotinib,,,,0.05718986690044403,test,supervised_vae
NCI-H2405,Erlotinib,,,0.1328354775905609,0.0844622254371643,test,supervised_vae
NCI-H1734,Erlotinib,,,,-0.00464858440682292,test,supervised_vae
RERF-LC-MS,Erlotinib,,,,0.07912412285804749,test,supervised_vae
COLO 829,Erlotinib,,,0.12192262709140778,0.06276403367519379,test,supervised_vae
SK-MM-2,Erlotinib,,,0.0,0.04154235124588013,test,supervised_vae
NCI-H1623,Erlotinib,,,0.15927983820438385,0.07401608675718307,test,supervised_vae
OE19,Erlotinib,,,0.014224073849618435,0.08628831058740616,test,supervised_vae
SJNB-14,Erlotinib,,,0.06771685183048248,0.021082133054733276,test,supervised_vae
NCI-H2291,Erlotinib,,,,0.06781473755836487,test,supervised_vae
Caov-4,Erlotinib,,,0.11997713148593903,0.08016403019428253,test,supervised_vae
NCI-H187,Erlotinib,,,,0.14944681525230408,test,supervised_vae
RVH-421,Erlotinib,,,,0.040107812732458115,test,supervised_vae
KP-4,Erlotinib,,,0.05530988797545433,0.019754460081458092,test,supervised_vae
MDA-MB-468,Erlotinib,,,0.10874033719301224,0.07394544780254364,test,supervised_vae
VMRC-RCZ,Erlotinib,,,0.07882645726203918,0.10388575494289398,test,supervised_vae
UO-31,Erlotinib,,,,0.11480866372585297,test,supervised_vae
NCI-H378,Erlotinib,,,,0.033883512020111084,test,supervised_vae
Caov-3,Erlotinib,,,,0.11939998716115952,test,supervised_vae
LB1047-RCC,Erlotinib,,,,0.14431773126125336,test,supervised_vae
OE33,Erlotinib,,,0.07879529893398285,0.11077705025672913,test,supervised_vae
NCI-H1573,Erlotinib,,,0.19257976114749908,0.1759924292564392,test,supervised_vae
DB,Erlotinib,,,0.061203885823488235,0.12632952630519867,test,supervised_vae
NCI-H1793,Erlotinib,,,0.11268028616905212,0.06810055673122406,test,supervised_vae
EW-11,Erlotinib,,,0.01660323515534401,-0.005375765264034271,test,supervised_vae
Lu-139,Erlotinib,,,,0.09497812390327454,test,supervised_vae
HT-1376,Erlotinib,,,0.16332949697971344,0.189134880900383,test,supervised_vae
NCI-H630,Erlotinib,,,,0.12340246140956879,test,supervised_vae
SJNB-6,Erlotinib,,,,0.0703253224492073,test,supervised_vae
MSTO-211H,Erlotinib,,,0.15538586676120758,0.04237468168139458,test,supervised_vae
Loucy,Erlotinib,,,0.1267227679491043,0.0547630712389946,test,supervised_vae
OPM-2,Erlotinib,,,0.07492975145578384,0.056142255663871765,test,supervised_vae
RCC10RGB,Erlotinib,,,0.2218848317861557,0.07780741155147552,test,supervised_vae
NCI-H1838,Erlotinib,,,0.008247661404311657,0.04359874129295349,test,supervised_vae
MHH-CALL-2,Erlotinib,,,0.07514236867427826,0.03758358210325241,test,supervised_vae
ME-180,Erlotinib,,,0.16112592816352844,0.06954355537891388,test,supervised_vae
WSU-NHL,Erlotinib,,,0.0,0.09005452692508698,test,supervised_vae
HCC1143,Erlotinib,,,0.1082848533987999,0.02539789490401745,test,supervised_vae
HTC-C3,Erlotinib,,,0.07868031412363052,0.0813916027545929,test,supervised_vae
SJNB-7,Erlotinib,,,0.06243514642119408,0.11103807389736176,test,supervised_vae
A-431,Erlotinib,,,,0.14442932605743408,test,supervised_vae
MKN7,Erlotinib,,,0.12891434133052826,0.05630489066243172,test,supervised_vae
TE-6,Erlotinib,,,0.24535955488681793,0.20294404029846191,test,supervised_vae
HCT 15,Erlotinib,,,0.061263903975486755,0.07241015136241913,test,supervised_vae
IGROV-1,Erlotinib,,,0.2687426507472992,0.1092611700296402,test,supervised_vae
PF-382,Erlotinib,,,0.0,0.10369515419006348,test,supervised_vae
D-392MG,Erlotinib,,,0.05782357603311539,0.056155357509851456,test,supervised_vae
SK-MEL-24,Erlotinib,,,0.012962289154529572,0.0286263320595026,test,supervised_vae
WRO,Erlotinib,,,0.018343336880207062,0.09308962523937225,test,supervised_vae
HuP-T3,Erlotinib,,,0.08198078721761703,0.04027823358774185,test,supervised_vae
Raji,Erlotinib,,,0.07333393394947052,0.0801740512251854,test,supervised_vae
U-251MG,Erlotinib,,,0.11249099671840668,0.09735201299190521,test,supervised_vae
LN-405,Erlotinib,,,0.03727833181619644,0.06976190954446793,test,supervised_vae
COLO 824,Erlotinib,,,0.14078915119171143,0.06886141747236252,test,supervised_vae
647V,Erlotinib,,,0.11705467849969864,0.09575823694467545,test,supervised_vae
CAS-1,Erlotinib,,,0.022647414356470108,0.03492578864097595,test,supervised_vae
LA-N-6,Erlotinib,,,,0.08270081132650375,test,supervised_vae
ES7,Erlotinib,,,0.04592268913984299,0.08659465610980988,test,supervised_vae
HEL,Erlotinib,,,,0.06158395856618881,test,supervised_vae
MFH-ino,Erlotinib,,,0.07135582715272903,0.07860404998064041,test,supervised_vae
BL-41,Erlotinib,,,0.011838492006063461,-0.015461763367056847,test,supervised_vae
HL-60,Erlotinib,,,0.007114278618246317,0.15814028680324554,test,supervised_vae
CMK,Erlotinib,,,,0.0026074498891830444,test,supervised_vae
DOK,Erlotinib,,,0.352487713098526,0.09998077899217606,test,supervised_vae
KALS-1,Erlotinib,,,0.06329750269651413,0.052932728081941605,test,supervised_vae
A-549,Erlotinib,,,0.09358473867177963,0.06860402226448059,test,supervised_vae
Calu-6,Erlotinib,,,0.07222560048103333,0.053255658596754074,test,supervised_vae
NCI-H1417,Erlotinib,,,0.07454710453748703,0.08572541922330856,test,supervised_vae
MS-1 [Human lung carcinoma],Erlotinib,,,0.0,0.07850194722414017,test,supervised_vae
Capan-2,Erlotinib,,,0.08827880024909973,0.09311483800411224,test,supervised_vae
HT-1197,Erlotinib,,,0.15052659809589386,0.10136017203330994,test,supervised_vae
UMC-11,Erlotinib,,,0.20898011326789856,0.10445065051317215,test,supervised_vae
NCI-H2087,Erlotinib,,,0.052555594593286514,0.08430513739585876,test,supervised_vae
HCC1395,Erlotinib,,,0.08629857748746872,0.12989264726638794,test,supervised_vae
ALL-PO,Erlotinib,,,0.029406465590000153,0.061836566776037216,test,supervised_vae
Panc 10.05,Erlotinib,,,0.06216586008667946,-0.0035216789692640305,test,supervised_vae
SNU-C1,Erlotinib,,,0.019169718027114868,0.13049933314323425,test,supervised_vae
NCI-H2228,Erlotinib,,,0.009271517395973206,0.1246565580368042,test,supervised_vae
LNCaP clone FGC,Erlotinib,,,0.020882129669189453,0.16114407777786255,test,supervised_vae
SN12C,Erlotinib,,,0.09116033464670181,0.16378065943717957,test,supervised_vae
SJNB-10,Erlotinib,,,0.024565180763602257,0.04561387002468109,test,supervised_vae
Rh1,Erlotinib,,,0.16460278630256653,0.08628609031438828,test,supervised_vae
Onda 11,Erlotinib,,,,0.0760333463549614,test,supervised_vae
ES4,Erlotinib,,,0.14813371002674103,0.059393271803855896,test,supervised_vae
SK-N-FI,Erlotinib,,,0.05259318649768829,-0.008901499211788177,test,supervised_vae
TUR,Erlotinib,,,0.020698226988315582,0.09592467546463013,test,supervised_vae
TK-10,Erlotinib,,,0.1410517692565918,0.009166784584522247,test,supervised_vae
HOP-62,Erlotinib,,,0.043344464153051376,0.015462387353181839,test,supervised_vae
DSH1,Erlotinib,,,0.06761287897825241,0.10188771039247513,test,supervised_vae
K5,Erlotinib,,,0.05337323620915413,0.10886187106370926,test,supervised_vae
Caki-1,Erlotinib,,,,-0.025692880153656006,test,supervised_vae
P31/FUJ,Erlotinib,,,0.0874294564127922,-0.0071892570704221725,test,supervised_vae
RMG-I,Erlotinib,,,0.22536586225032806,0.14141133427619934,test,supervised_vae
SK-NEP-1,Erlotinib,,,,0.04053841158747673,test,supervised_vae
SCC-9,Erlotinib,,,0.10254313051700592,0.04096456617116928,test,supervised_vae
HOP-92,Erlotinib,,,0.13806475698947906,0.036777060478925705,test,supervised_vae
COR-L88,Erlotinib,,,0.02574830688536167,0.11699608713388443,test,supervised_vae
NCI-H69,Erlotinib,,,0.037759799510240555,-0.018249446526169777,test,supervised_vae
MZ-MEL-2,Erlotinib,,,,0.08341304957866669,test,supervised_vae
MFE-280,Erlotinib,,,0.0,0.15000271797180176,test,supervised_vae
HCC1599,Erlotinib,,,,0.09622624516487122,test,supervised_vae
TGBC11TKB,Erlotinib,,,0.06950289756059647,0.057440534234046936,test,supervised_vae
IGR-1,Erlotinib,,,0.028560450300574303,0.015020624734461308,test,supervised_vae
MRK-nu-1,Erlotinib,,,0.014379004947841167,0.03430711105465889,test,supervised_vae
SW1573,Erlotinib,,,0.025043154135346413,0.07873427867889404,test,supervised_vae
YKG-1,Erlotinib,,,,0.05670608580112457,test,supervised_vae
A-172,Erlotinib,,,0.039547596126794815,0.051975153386592865,test,supervised_vae
Detroit 562,Erlotinib,,,0.11305572837591171,0.06381681561470032,test,supervised_vae
NCI-H747,Erlotinib,,,0.21022790670394897,0.1515372097492218,test,supervised_vae
HEC-1,Erlotinib,,,0.08707618713378906,0.07895119488239288,test,supervised_vae
Panc 08.13,Erlotinib,,,0.10837885737419128,0.10598276555538177,test,supervised_vae
Daudi,Erlotinib,,,0.04123428091406822,0.15521273016929626,test,supervised_vae
NCI-H358,Erlotinib,,,0.10449909418821335,0.15319667756557465,test,supervised_vae
BV-173,Erlotinib,,,0.027744125574827194,0.09402239322662354,test,supervised_vae
U-87MG ATCC,Erlotinib,,,0.10346858203411102,-0.009662113152444363,test,supervised_vae
COLO 684,Erlotinib,,,0.027062062174081802,0.07466083019971848,test,supervised_vae
NCI-H1963,Erlotinib,,,0.00967933889478445,0.09812333434820175,test,supervised_vae
ML-2,Erlotinib,,,0.0,0.010254602879285812,test,supervised_vae
JVM-3,Erlotinib,,,0.0436716228723526,-0.0025305235758423805,test,supervised_vae
MFM-223,Erlotinib,,,0.06430798023939133,0.09923253208398819,test,supervised_vae
Lu-99A,Erlotinib,,,0.08173374831676483,0.07754599303007126,test,supervised_vae
HCC2998,Erlotinib,,,0.07577911019325256,0.0640518069267273,test,supervised_vae
BHY,Erlotinib,,,,0.10914082080125809,test,supervised_vae
SNB-75,Erlotinib,,,,0.06951307505369186,test,supervised_vae
CAL-120,Erlotinib,,,0.08271375298500061,0.0900605320930481,test,supervised_vae
ES1,Erlotinib,,,0.08219873905181885,0.06808941066265106,test,supervised_vae
EFO-21,Erlotinib,,,0.09693414717912674,0.04155811667442322,test,supervised_vae
NCI-H2122,Erlotinib,,,0.1851067692041397,0.0878729447722435,test,supervised_vae
KM12,Erlotinib,,,0.11399415880441666,0.057723816484212875,test,supervised_vae
LB996-RCC,Erlotinib,,,0.24448375403881073,0.06625770032405853,test,supervised_vae
CCRF-CEM,Erlotinib,,,0.02231111004948616,0.011659994721412659,test,supervised_vae
LK-2,Erlotinib,,,0.044205572456121445,0.04518168419599533,test,supervised_vae
MES-SA,Erlotinib,,,0.11685976386070251,0.050607673823833466,test,supervised_vae
HMV-II,Erlotinib,,,0.006245903670787811,0.08231242746114731,test,supervised_vae
8-MG-BA,Erlotinib,,,0.07098349928855896,0.11207734048366547,test,supervised_vae
D-247MG,Erlotinib,,,,0.08174290508031845,test,supervised_vae
ATN-1,Erlotinib,,,0.010383378714323044,0.086958147585392,test,supervised_vae
GR-ST,Erlotinib,,,0.05094308406114578,0.009432002902030945,test,supervised_vae
LCLC-103H,Erlotinib,,,0.0,0.07157944142818451,test,supervised_vae
MHH-NB-11,Erlotinib,,,,0.05895880237221718,test,supervised_vae
SNU-1,Erlotinib,,,0.14582321047782898,0.0519656278192997,test,supervised_vae
MFE-296,Erlotinib,,,0.09145545959472656,0.09011077880859375,test,supervised_vae
SKG-IIIa,Erlotinib,,,0.06559675931930542,0.08261014521121979,test,supervised_vae
A-253,Erlotinib,,,0.056731969118118286,0.07900296151638031,test,supervised_vae
THP-1,Erlotinib,,,,0.15459087491035461,test,supervised_vae
A4/Fukuda,Erlotinib,,,0.024766676127910614,0.01945316791534424,test,supervised_vae
Lu-135,Erlotinib,,,0.0,0.07427327334880829,test,supervised_vae
RPMI-8402,Erlotinib,,,0.12291455268859863,0.09226717054843903,test,supervised_vae
GP5d,Erlotinib,,,0.12122190743684769,0.026973918080329895,test,supervised_vae
EKVX,Erlotinib,,,,0.07495158910751343,test,supervised_vae
Mel Ho,Erlotinib,,,,0.04070401191711426,test,supervised_vae
NCI-H2009,Erlotinib,,,0.0468892902135849,0.004118051379919052,test,supervised_vae
YH-13,Erlotinib,,,0.10833051800727844,0.10590242594480515,test,supervised_vae
LS1034,Erlotinib,,,0.08312447369098663,0.08716640621423721,test,supervised_vae
KMOE-2,Erlotinib,,,0.020199738442897797,0.04532849043607712,test,supervised_vae
L-363,Erlotinib,,,0.05003935098648071,0.022393692284822464,test,supervised_vae
CHP-212,Erlotinib,,,0.04677761718630791,0.11324453353881836,test,supervised_vae
NCI-H1563,Erlotinib,,,0.142215296626091,-0.008168186992406845,test,supervised_vae
HCC1187,Erlotinib,,,0.026996878907084465,0.04450821876525879,test,supervised_vae
TGBC1TKB,Erlotinib,,,0.051035866141319275,0.015207350254058838,test,supervised_vae
ARH-77,Erlotinib,,,0.0,0.053875453770160675,test,supervised_vae
BFTC-905,Erlotinib,,,0.003112225327640772,0.10964848101139069,test,supervised_vae
SW1710,Erlotinib,,,0.07189112901687622,0.05687173455953598,test,supervised_vae
HPAF-II,Erlotinib,,,0.09372549504041672,0.05148914456367493,test,supervised_vae
VM-CUB-1,Erlotinib,,,0.039153724908828735,0.08470571786165237,test,supervised_vae
SK-MEL-1,Erlotinib,,,0.0,0.08338619768619537,test,supervised_vae
SNU-C2B,Erlotinib,,,0.052343230694532394,0.009142927825450897,test,supervised_vae
DG-75,Erlotinib,,,0.005751616321504116,0.06633570790290833,test,supervised_vae
NCI-H1355,Erlotinib,,,0.06546512246131897,0.10141897946596146,test,supervised_vae
SW1417,Erlotinib,,,0.06162284314632416,0.13596393167972565,test,supervised_vae
DK-MG,Erlotinib,,,0.08783505111932755,0.027750898152589798,test,supervised_vae
NCI-H526,Erlotinib,,,0.022402280941605568,0.16589508950710297,test,supervised_vae
HO-1-N-1,Erlotinib,,,0.10734950751066208,0.24076153337955475,test,supervised_vae
NCI-H1651,Erlotinib,,,0.035106759518384933,0.07292193174362183,test,supervised_vae
Ramos.2G6.4C10,Erlotinib,,,0.037024494260549545,-0.010532421991229057,test,supervised_vae
KNS-42,Erlotinib,,,,0.044498831033706665,test,supervised_vae
SW954,Erlotinib,,,,0.05531264469027519,test,supervised_vae
D-566MG,Erlotinib,,,,0.06995249539613724,test,supervised_vae
GCT,Erlotinib,,,0.02226492203772068,0.1269485056400299,test,supervised_vae
HAL-01,Erlotinib,,,0.011537827551364899,0.03317154943943024,test,supervised_vae
ABC-1,Erlotinib,,,,0.07069003582000732,test,supervised_vae
NCI-H2227,Erlotinib,,,,-0.0008998177945613861,test,supervised_vae
KYSE-510,Erlotinib,,,,0.07820945233106613,test,supervised_vae
HuO9,Erlotinib,,,0.01670854538679123,0.021220754832029343,test,supervised_vae
TC-YIK,Erlotinib,,,0.10401031374931335,0.08131120353937149,test,supervised_vae
DMS 273,Erlotinib,,,0.10211563110351562,0.03442409634590149,test,supervised_vae
BFTC-909,Erlotinib,,,0.1099378913640976,0.048284225165843964,test,supervised_vae
NCI-H520,Erlotinib,,,0.05442768335342407,0.07230725139379501,test,supervised_vae
NCI-H2141,Erlotinib,,,0.07694056630134583,0.12058386951684952,test,supervised_vae
PFSK-1,Erlotinib,,,0.03986416757106781,0.088295117020607,test,supervised_vae
NALM-6,Erlotinib,,,0.04458443075418472,0.07945761829614639,test,supervised_vae
CHL-1,Erlotinib,,,0.06549322605133057,0.10792648047208786,test,supervised_vae
SK-PN-DW,Erlotinib,,,0.03464638814330101,-0.032520271837711334,test,supervised_vae
NOMO-1,Erlotinib,,,0.005204362329095602,0.09560218453407288,test,supervised_vae
P30/OHK,Erlotinib,,,0.1530376672744751,0.17084400355815887,test,supervised_vae
SBC-1,Erlotinib,,,,0.05892086774110794,test,supervised_vae
D-423MG,Erlotinib,,,,0.050592273473739624,test,supervised_vae
AM-38,Erlotinib,,,0.00968497060239315,0.08727056533098221,test,supervised_vae
NOS-1 [Human osteosarcoma],Erlotinib,,,0.06144902855157852,-0.002127423882484436,test,supervised_vae
KP-N-YN,Erlotinib,,,0.062270645052194595,0.08334459364414215,test,supervised_vae
MIA PaCa-2,Erlotinib,,,0.020126881077885628,0.011951848864555359,test,supervised_vae
DJM-1,Erlotinib,,,,0.18692000210285187,test,supervised_vae
OVCAR-3,Erlotinib,,,0.1319362074136734,0.11351103335618973,test,supervised_vae
MOLT-16,Erlotinib,,,0.028037410229444504,0.02561201900243759,test,supervised_vae
HD-MY-Z,Erlotinib,,,0.01965077966451645,0.047259002923965454,test,supervised_vae
NCI-H1436,Erlotinib,,,,0.0960812047123909,test,supervised_vae
CAL-51,Erlotinib,,,0.11326133459806442,0.03351340442895889,test,supervised_vae
NCI-H1755,Erlotinib,,,0.11048678308725357,0.041750468313694,test,supervised_vae
SW1116,Erlotinib,,,0.10432963073253632,0.11721712350845337,test,supervised_vae
LS123,Erlotinib,,,0.06422748416662216,0.09741255640983582,test,supervised_vae
A-388,Erlotinib,,,,0.07410338521003723,test,supervised_vae
CCF-STTG1,Erlotinib,,,,0.06985165923833847,test,supervised_vae
786-O,Erlotinib,,,0.16353602707386017,0.034595467150211334,test,supervised_vae
MKN45,Erlotinib,,,0.0,0.14688710868358612,test,supervised_vae
NCI-H2342,Erlotinib,,,0.0755230188369751,0.073293037712574,test,supervised_vae
NCI-H1703,Erlotinib,,,0.049256592988967896,0.07141607999801636,test,supervised_vae
ChaGo-K-1,Erlotinib,,,,0.13217079639434814,test,supervised_vae
COLO 680N,Erlotinib,,,0.05663193389773369,0.14842306077480316,test,supervised_vae
MeWo,Erlotinib,,,0.0031589483842253685,0.09084567427635193,test,supervised_vae
SCC-4,Erlotinib,,,0.0,0.11237090826034546,test,supervised_vae
NKM-1,Erlotinib,,,0.050603028386831284,0.16312962770462036,test,supervised_vae
SIG-M5,Erlotinib,,,,0.027175838127732277,test,supervised_vae
NCI-H1304,Erlotinib,,,,0.13686603307724,test,supervised_vae
NCI-H1792,Erlotinib,,,0.07001805305480957,0.02187383361160755,test,supervised_vae
Karpas-422,Erlotinib,,,0.015187690034508705,0.03388410061597824,test,supervised_vae
Lu-65,Erlotinib,,,0.042142268270254135,0.046787112951278687,test,supervised_vae
SHP-77,Erlotinib,,,0.0519881509244442,0.01223704032599926,test,supervised_vae
NCI-H522,Erlotinib,,,0.03295173868536949,0.09824857115745544,test,supervised_vae
NCI-H1395,Erlotinib,,,,0.05056155472993851,test,supervised_vae
A2058,Erlotinib,,,0.07913603633642197,0.022227033972740173,test,supervised_vae
SNU-5,Erlotinib,,,0.018421107903122902,0.06691674888134003,test,supervised_vae
NCI-H1993,Erlotinib,,,0.023961970582604408,0.2693101763725281,test,supervised_vae
TE-12,Erlotinib,,,,0.10379260778427124,test,supervised_vae
SW1990,Erlotinib,,,0.050260279327631,0.04358351603150368,test,supervised_vae
SF268,Erlotinib,,,0.0926661416888237,0.05682658776640892,test,supervised_vae
CAL-12T,Erlotinib,,,,0.21797792613506317,test,supervised_vae
HSC-2,Erlotinib,,,0.1270434558391571,0.17032091319561005,test,supervised_vae
HCC1954,Erlotinib,,,0.058555129915475845,0.12088871002197266,test,supervised_vae
BHT-101,Erlotinib,,,0.07657819241285324,0.054902106523513794,test,supervised_vae
SK-CO-1,Erlotinib,,,0.09241043031215668,0.18212226033210754,test,supervised_vae
SK-N-DZ,Erlotinib,,,0.1908777505159378,0.03246850520372391,test,supervised_vae
ETK-1,Erlotinib,,,0.09622740745544434,0.1496756225824356,test,supervised_vae
EFO-27,Erlotinib,,,,0.044489890336990356,test,supervised_vae
COLO 800,Erlotinib,,,,0.05217168107628822,test,supervised_vae
CAL-54,Erlotinib,,,0.2791457176208496,0.05629783496260643,test,supervised_vae
NCI-H1666,Erlotinib,,,0.23988838493824005,0.10012306272983551,test,supervised_vae
ES5,Erlotinib,,,,0.09182094037532806,test,supervised_vae
HCE-4,Erlotinib,,,,0.06898237764835358,test,supervised_vae
TE-5,Erlotinib,,,0.057409729808568954,-0.00012658536434173584,test,supervised_vae
BB65-RCC,Erlotinib,,,,0.08199514448642731,test,supervised_vae
SW620,Erlotinib,,,0.0216219462454319,0.07149722427129745,test,supervised_vae
HCC1937,Erlotinib,,,0.15212175250053406,0.13730038702487946,test,supervised_vae
22Rv1,Erlotinib,,,0.06973609328269958,0.09520338475704193,test,supervised_vae
BL-70,Erlotinib,,,,-0.026790237054228783,test,supervised_vae
LB647-SCLC,Erlotinib,,,,0.09543979167938232,test,supervised_vae
CFPAC-1,Erlotinib,,,0.1968095451593399,0.08791889995336533,test,supervised_vae
HSC-3,Erlotinib,,,0.13450530171394348,0.14385448396205902,test,supervised_vae
LOX-IMVI,Erlotinib,,,0.12028055638074875,0.1134965568780899,test,supervised_vae
LS513,Erlotinib,,,,-0.014821968041360378,test,supervised_vae
639V,Erlotinib,,,0.11340188980102539,0.1371409296989441,test,supervised_vae
COLO 679,Erlotinib,,,0.02929946780204773,0.0010180994868278503,test,supervised_vae
OVCAR-8,Erlotinib,,,0.061797384172677994,0.04209631681442261,test,supervised_vae
SaOS-2,Erlotinib,,,0.0,0.11648831516504288,test,supervised_vae
TE-1,Erlotinib,,,0.24495911598205566,0.07222861051559448,test,supervised_vae
Capan-1,Erlotinib,,,0.11261990666389465,0.12417086958885193,test,supervised_vae
MHH-ES-1,Erlotinib,,,0.04788264259696007,0.0906044989824295,test,supervised_vae
T84,Erlotinib,,,0.1259821504354477,0.09395961463451385,test,supervised_vae
KS-1 [Human glioblastoma],Erlotinib,,,0.005680494010448456,0.07865376770496368,test,supervised_vae
J82,Erlotinib,,,0.0940096452832222,0.13013112545013428,test,supervised_vae
ONS-76,Erlotinib,,,0.02610629051923752,0.1064378172159195,test,supervised_vae
OCUB-M,Erlotinib,,,0.08278577029705048,0.18977101147174835,test,supervised_vae
COLO 320HSR,Erlotinib,,,0.001803976483643055,0.09468679130077362,test,supervised_vae
NCI-H2170,Erlotinib,,,0.1718304455280304,0.07406347244977951,test,supervised_vae
SW962,Erlotinib,,,,0.2563956677913666,test,supervised_vae
LC-2/ad,Erlotinib,,,,0.07221756875514984,test,supervised_vae
CAL-72,Erlotinib,,,0.025858262553811073,0.031141996383666992,test,supervised_vae
Panc 03.27,Erlotinib,,,0.10814817994832993,0.06181787699460983,test,supervised_vae
LAMA-84,Erlotinib,,,0.02719874680042267,0.04770214855670929,test,supervised_vae
TGBC24TKB,Erlotinib,,,0.12839221954345703,0.04496937617659569,test,supervised_vae
RCM-1 [Human rectum adenocarcinoma],Erlotinib,,,0.0764819085597992,0.08454567193984985,test,supervised_vae
IST-Mes1,Erlotinib,,,0.034140635281801224,0.09574689716100693,test,supervised_vae
DMS 79,Erlotinib,,,,0.028365861624479294,test,supervised_vae
HuP-T4,Erlotinib,,,0.18272824585437775,0.047940392047166824,test,supervised_vae
MOLT-4,Erlotinib,,,0.0657527893781662,-0.010787133127450943,test,supervised_vae
NCI-H524,Erlotinib,,,0.0,0.11699217557907104,test,supervised_vae
RD,Erlotinib,,,0.01366574876010418,0.05710160732269287,test,supervised_vae
