,E0,E1,E2,E3,E4,E5,E6,E7,E8,E9,E10,E11,E12,E13,E14,E15,E16,E17,E18,E19,E20,E21,E22,E23,E24,E25,E26,E27,E28,E29,E30,E31,E32,E33,E34,E35,E36,E37,E38,E39,E40,E41,E42,E43,E44,E45,E46,E47,E48,E49,E50,E51,E52,E53,E54,E55,E56,E57,E58,E59,E60,E61,E62,E63,E64,E65,E66,E67,E68,E69,E70,E71,E72,E73,E74,E75,E76,E77,E78,E79,E80,E81,E82,E83,E84,E85,E86,E87,E88,E89,E90,E91,E92,E93,E94,E95,E96
SW1088,4.8370786,4.637074,1.8483882,-4.019745,1.416613,1.4065064,0.07390626,0.35477152,-2.5208187,-7.0914564,3.8455462,-0.6695944,2.6323428,0.885347,1.1987664,5.0599008,3.204034,-2.358548,1.9675554,-5.091989,-0.7206593,7.6508617,4.326963,4.7743645,-1.8505664,3.214298,-4.8834786,2.2143412,2.8132582,1.3468728,-1.3614666,0.028114103,9.136117,-1.7015878,-2.4607863,0.93098986,0.5720127,-3.871968,-0.18573657,-3.5796413,5.4202147,-7.027996,6.063992,-1.8009001,0.10010801,9.509814,-3.5657122,-6.1018457,3.5250058,0.011211183,-2.514944,7.9200797,6.1245923,0.4622333,-6.2908998,-3.2866712,-1.5852697,0.80223936,-6.863356,0.9223227,-4.6233034,7.631356,0.2617342,0.93746555,3.6349819,-2.9843545,-3.5033193,-2.944181,-2.8751998,5.0609465,4.2764955,2.3516316,6.7902107,0.24855131,-4.6629605,-2.1529326,0.47114736,1.3502203,1.6205113,-3.2849889,-3.8052318,1.3724501,8.034644,-9.231022,-0.013885291,-0.81188273,-0.20493373,-2.7414632,-3.4610422,0.33513093,0.03294302,-3.7037308,2.4913113,4.8279085,-0.4894663,3.7618713,1.3291094
SW780,5.473775,4.922524,1.6132948,-2.6795423,-0.83572865,0.9897209,0.25323498,0.026737068,-0.7887973,-5.0725055,1.5912737,-1.2485052,4.5016003,1.5880789,1.6311947,3.8308372,2.5000796,-1.0466387,2.0859473,-3.3214955,0.9155486,5.001893,4.4548554,4.080067,-0.2499746,2.0879061,-0.85449666,2.5251687,3.98075,0.14544904,-2.3807251,-1.864845,7.599642,-3.1069353,-2.8295324,0.25512168,2.924619,-2.1399693,0.83902323,-4.143395,3.6236517,-5.3297324,2.6801734,-2.5935438,0.7318335,6.9627705,-2.9785423,-5.644068,2.030478,-1.964417,-1.5350913,4.8954906,4.128015,1.5700336,-4.2161503,-3.122366,-1.3065708,-2.0090165,-6.659898,-1.5095309,-1.5053846,4.8354445,2.3557656,-0.39723757,1.9092846,-0.31902382,-5.2521524,-1.6664621,-1.216466,3.5014453,4.2819066,0.6842265,5.525186,-2.694991,-3.6998584,-2.0217876,1.5395194,0.052385416,0.61042726,-1.4440453,-2.072761,1.4406897,6.784253,-6.792007,-0.88045174,-3.073133,0.9969203,-4.5903854,-2.156798,-0.65938914,-0.0028243093,-0.90291727,2.3647773,4.024122,1.3121926,2.4005353,0.0006063692
GMS-10,-1.3705844,-0.66499233,0.5003387,-0.4338162,-0.10534768,0.023422852,-1.0254273,-0.9975599,-0.16216539,-0.7271133,1.6456083,-0.5785079,-0.5937855,-1.821945,1.0501701,0.47064647,-0.3393929,1.1288894,-0.56819236,-0.13147363,-0.90095824,-0.81790745,-1.2259535,-1.1786741,0.5446991,0.8234957,-0.6367611,0.5567287,-1.5149755,-1.4210953,1.4970022,0.5805434,-0.73693955,0.26180804,0.56592476,0.49659058,-0.6487239,-0.030213429,1.3326155,-0.3693868,0.98397934,0.39046514,1.0441275,0.15788549,-1.4462192,-0.93212163,-0.54110265,-0.29065362,0.093035355,1.3910065,-0.7133127,-1.689832,-0.5444921,-1.5018,0.22368757,0.6092984,-0.11116272,1.2318692,-0.780258,0.2168184,0.96505517,-0.1769689,0.80999154,-0.16322997,-0.034153644,-0.25279874,0.29365548,0.37028253,-0.8598277,-0.4344174,-0.8126464,-1.3065679,-0.46656176,1.5534222,-1.0800786,-1.0599089,-0.4604332,-0.5763547,-0.31803703,0.70809746,0.96223724,-0.59780633,-0.56656414,-1.2701385,0.53094715,1.0067776,0.49728274,-0.032297887,0.88667274,0.6171112,0.9291361,-0.42810506,0.95685697,-0.18061228,-0.30778563,0.12767188,1.3336605
HuH-1,0.8453875,0.9697209,-0.23627579,-0.42443526,0.9599137,0.11719119,0.18691616,-0.07700459,-0.94526434,-1.9099088,1.8430121,0.17733543,-0.040609762,0.48821086,-0.30818582,1.2619845,0.27529734,-0.2865016,0.019208752,-1.5090262,-0.4369226,2.4633152,0.618321,1.2237399,-0.4421412,0.72903496,-1.2816936,0.37393814,0.73104775,0.50258195,-0.44136062,0.3243213,2.3024848,0.1327452,-0.012772184,0.7992454,0.13464151,-0.82597893,-0.096074015,-0.35596886,1.6222975,-1.9918178,1.142377,-0.42985123,-0.67154914,2.3000445,-0.37123415,-1.3779306,0.770501,0.01472573,-0.6455211,1.9623215,1.3118838,-0.037161224,-1.4370602,-0.5525103,-1.0243024,0.571775,-1.3217735,0.36386272,-1.7231662,2.103306,-0.17132387,0.940367,1.0513812,-0.83229536,-0.4543515,-0.6581322,-0.15988079,0.82717997,0.6563456,0.9558141,1.7496665,0.8723513,-1.6329131,-0.8039063,-0.43171555,0.3731206,0.50715405,-0.7717836,-0.8022083,0.14679715,2.0030992,-2.1807108,-0.5056246,-0.09677691,0.1506257,-0.1751664,-0.6620727,0.075275555,-0.2106315,-0.76610315,0.9722336,1.0095879,-0.12567371,0.79856974,0.49510393
CMK-86,-1.8917203,-0.9048101,1.0518739,-0.6768301,-0.4442309,-0.16052026,-1.4497696,-0.9822803,0.0948285,-0.18531941,1.9981354,-0.73390174,-0.8368008,-2.0966797,1.3677344,0.4076809,-0.105242364,1.5503871,-0.50284463,0.14463738,-1.1790134,-1.4610317,-1.4712844,-1.6384586,0.7632888,1.0797303,-0.79906946,0.823088,-2.1904895,-2.0475097,2.3075318,0.36684766,-1.084418,0.16739455,0.68519676,0.5225746,-0.68096423,-0.16330771,1.8399861,-1.0070311,1.0366333,1.0315987,1.4479048,0.3983891,-1.6722642,-1.3848424,-0.66877186,-0.08503394,0.14315978,1.9586824,-0.5658691,-2.4259899,-0.97202444,-2.0272448,0.49784133,0.6701145,-0.055739354,1.40361,-0.6665569,0.23591918,1.664273,-0.41114846,1.3102567,-0.29275542,0.03238179,0.043595415,0.2693642,0.8435466,-1.3853976,-0.4849305,-1.0447516,-1.7379851,-0.7876482,1.5538156,-1.1881722,-1.253211,-0.53669703,-0.7320191,-0.491876,1.2139031,1.2399772,-0.422266,-1.1097232,-1.5093435,0.8507335,1.2727786,0.77647126,-0.30068412,1.0152243,0.8134218,1.5246257,-0.73870313,1.1165872,-0.58256364,-0.26943418,-0.0053521805,1.6950078
CAL-51,2.5633087,2.0942264,0.9958094,-1.4562856,-0.65197736,0.31896606,0.2643049,0.3102576,-0.0007315581,-2.301933,0.3545173,-0.79860955,2.5100663,0.67702425,0.6989678,1.8150936,1.0633587,-0.2754175,0.9865776,-1.510557,0.6739932,2.1531196,2.3474803,1.8292563,0.018535534,0.7299076,-0.5605215,1.2916346,2.0518022,-0.11022535,-1.3322057,-1.3072144,3.6387408,-1.7348042,-1.6914796,-0.09018874,1.368848,-1.0718807,0.09307518,-2.4017773,1.4618102,-2.227428,1.1701574,-1.0338244,0.51443917,2.9909716,-1.5862597,-2.4859588,0.9070106,-1.0952476,-0.9203639,2.3620515,2.046231,0.8578803,-1.9077561,-1.7028286,-0.49408293,-1.1259304,-3.1308815,-0.9968508,-0.37769708,2.1041753,1.1967804,-0.21505097,1.0355994,0.48558378,-2.299246,-0.6770519,-0.4564587,1.5484711,2.1693718,0.14417836,2.544402,-1.7332346,-1.634679,-0.84051764,0.9179284,0.065647796,0.1843693,-0.2805574,-0.9662938,0.73295754,3.219876,-2.9783251,-0.5526097,-1.622558,0.58913976,-2.1862297,-1.0935895,-0.2191543,-0.027897839,-0.24275944,1.1840688,1.720512,0.6693724,0.9801683,0.14132549
HSC-4,-4.7635403,-3.963843,-1.6644821,0.55959034,2.921909,0.03379552,-0.9109558,-0.74675775,-3.064703,-5.2592864,8.467139,-0.48326588,-3.9968026,-3.823539,-1.2110113,3.385942,-2.2111678,2.630833,-4.815707,-3.4816306,-3.8946333,3.3291934,-5.842053,-2.40942,-0.06980709,0.37643096,-6.441464,-0.073627934,-4.108664,-0.7886341,3.688857,3.5163484,1.6585582,2.7125955,3.3032994,3.0504436,-3.5848987,-1.906415,1.6603608,0.5795624,4.284653,-1.1877626,5.6759996,0.12969272,-6.6128407,-1.2446504,0.22339624,-0.90020674,0.44088095,2.4993942,-2.7106125,-0.97193414,1.073808,-5.1368313,-0.45510074,2.7834353,-3.2135224,6.9201183,-0.1640983,0.9378547,-1.0876279,1.388159,-0.49771714,2.9859333,1.8575459,-2.001129,2.9211485,-0.26243034,-0.9202991,-1.119709,-1.7933536,-1.0532546,0.4924654,7.969145,-6.3820896,-1.9317759,-3.8296869,-0.66159236,0.5347752,0.7348084,1.596565,-2.6837687,-0.44528168,-4.777956,1.1735231,4.2179523,1.584391,3.772097,2.8612347,3.451452,0.36329806,-1.1402692,5.5478997,1.3933927,-1.784698,1.12646,5.866017
BxPC-3,1.2298276,1.0191784,0.59574926,-0.83964425,-0.17678526,0.023377486,0.08048696,0.18770732,-0.06280144,-1.234088,0.4755796,-0.6100497,1.0289401,0.27793285,0.39512342,0.94774836,0.7083963,-0.31891197,0.592278,-0.93839467,0.06637006,1.2418479,1.370613,1.0587268,-0.13044992,0.54324955,-0.58461785,0.54055685,0.73088014,0.28518793,-0.44692695,-0.3487151,1.9062511,-0.8482343,-0.6426599,-0.16962099,0.51183593,-0.74241126,0.053979702,-1.2216456,0.8879663,-1.257195,1.0937446,-0.64000887,0.017114922,1.6400347,-0.9575248,-1.4042225,0.56193924,-0.26219606,-0.71176505,1.1513965,1.3175098,0.20259616,-0.94333684,-0.6658397,-0.3250948,-0.260306,-1.5669307,-0.08379064,-0.25241873,1.2564981,0.4681906,0.12788315,0.706017,-0.17764546,-0.94586647,-0.5682741,-0.5268236,1.0701867,1.0564089,-0.05324249,1.6260962,-0.66738015,-0.9057421,-0.60860074,-0.019662939,0.05734485,0.072388485,-0.10446798,-0.74514675,0.20652272,1.5411851,-1.8311994,0.035743177,-0.67899585,0.33276486,-0.9941213,-0.74600214,-0.051618047,-0.0501115,-0.47709852,0.58224976,1.0002816,0.32986856,0.5514495,0.26035422
HMC-1-8,1.6300775,1.4336517,0.6104165,-0.93692,-0.19306679,0.3101079,0.12087048,0.138015,-0.20944668,-1.5095397,0.3990314,-0.2819338,1.393755,0.49986017,0.41020635,1.177194,0.72900116,-0.28038615,0.62195283,-1.0139987,0.29159823,1.5744458,1.4445165,1.2042913,-0.13972084,0.581738,-0.43412724,0.85319537,1.2761433,-0.0854468,-0.70375323,-0.66075224,2.3312583,-0.9282177,-1.0587884,0.09838248,0.6881264,-0.72064286,0.049725004,-1.2964933,1.1269146,-1.6411384,0.861505,-0.57399076,0.2511701,2.150044,-0.9572176,-1.6580663,0.7565471,-0.60993254,-0.4993406,1.6534157,1.2573856,0.44401026,-1.4623879,-1.0474356,-0.37297812,-0.5363863,-2.0002735,-0.50091463,-0.62624687,1.5820006,0.5721661,-0.10728088,0.7720708,0.12931462,-1.3851876,-0.49552223,-0.36693314,1.1398904,1.3913265,0.39498782,1.5998771,-0.78721935,-1.0993701,-0.5670343,0.5767205,0.13821992,0.19390061,-0.43294892,-0.7762399,0.60409063,2.1587086,-2.1552112,-0.39034516,-0.96706724,0.28944725,-1.3656236,-0.7064733,-0.15649687,-0.014131526,-0.31412113,0.7275142,1.1209065,0.36625358,0.7755519,0.054337226
Hs 618.T,-2.0679452,-1.0458256,1.1617479,-0.62962824,-0.3772753,-0.12121607,-1.5964789,-1.2240927,0.031839117,-0.2797512,2.2601788,-0.7365608,-0.98062277,-2.3353958,1.587952,0.53838855,-0.12931883,1.6501747,-0.5837461,0.14874108,-1.3352971,-1.6022657,-1.7425336,-1.8662162,0.7625717,1.1972142,-0.8649354,0.75553995,-2.4751687,-2.2526584,2.482705,0.53622687,-1.2503638,0.31103164,0.84189415,0.5530981,-0.7179255,-0.1813305,2.0972435,-0.9861326,1.1115271,1.1011391,1.5215554,0.41306263,-1.9168384,-1.5213529,-0.7260164,0.01654677,0.14734267,2.105429,-0.6589377,-2.6228342,-1.1136048,-2.2835815,0.569301,0.85179865,0.056125876,1.582933,-0.7981765,0.31760085,1.8310246,-0.50790864,1.3590631,-0.35177603,-0.081673935,-0.048593484,0.3877452,0.90353304,-1.5280144,-0.6034581,-1.1688142,-1.8943529,-0.84020823,1.8070543,-1.3962166,-1.4125139,-0.50970215,-0.7997805,-0.56438273,1.2751813,1.3299686,-0.5986681,-1.2836022,-1.7355549,0.94645756,1.4451119,0.8445459,-0.3013569,1.165158,0.8102563,1.7393534,-0.7675587,1.2568309,-0.5934157,-0.35855845,0.08907985,1.7730615
IMR-32,-1.6189228,-0.738952,0.8081792,-0.46874523,-0.27438325,-0.10899317,-1.1612693,-0.830615,0.04777305,-0.16751318,1.7734493,-0.5886265,-0.7112477,-1.67698,1.0835117,0.2835326,-0.20845108,1.2442232,-0.42573592,0.04137687,-0.991207,-1.0437624,-1.3001732,-1.2572652,0.6177896,0.8757693,-0.75969386,0.698204,-1.7311317,-1.6832561,1.8647743,0.3004883,-0.83849573,0.14813808,0.62213993,0.5207583,-0.5011364,-0.119208425,1.53269,-0.7714578,0.8517723,0.7717573,1.1253716,0.30876076,-1.4859217,-1.1228995,-0.4658871,-0.08670036,0.12400994,1.5833164,-0.4344893,-1.8378692,-0.80595446,-1.7580296,0.33115518,0.5831177,-0.12618592,1.199791,-0.55031615,0.17739382,1.2878766,-0.26505476,1.1716672,-0.07052551,0.0455486,0.036398076,0.24921618,0.7787223,-1.0405936,-0.45615175,-0.88783836,-1.3717648,-0.66672236,1.244662,-0.9794662,-1.1550616,-0.5766081,-0.641068,-0.33047304,1.0100176,1.0767859,-0.34030107,-0.7520061,-1.2270029,0.61024743,0.94814163,0.60915446,-0.2267572,0.8536175,0.6788416,1.1908599,-0.6071338,0.9671858,-0.43657815,-0.24438694,-0.021760829,1.3593909
MOTN-1,-3.2800086,-2.0812333,0.48200157,-0.24167179,0.47158504,-0.078134276,-1.9439924,-1.5942742,-0.85477537,-1.5597984,4.774375,-0.932903,-2.1871693,-3.2491333,1.1845126,1.4411335,-1.3009685,2.3777926,-2.0892992,-1.0135385,-2.5196314,-0.43322787,-3.54044,-2.4778705,0.52130836,1.2362044,-2.6778815,0.62202644,-3.373133,-2.3353324,3.4586678,1.6943966,-0.8104589,1.2292498,1.975948,1.6354243,-1.4214066,-0.48089725,2.8910515,-0.6322093,2.355313,0.6733229,2.7592356,0.2832368,-4.0743427,-1.7885267,-0.50150144,-0.31394392,0.15197644,2.6506207,-1.4239649,-2.7930465,-0.7810216,-3.9273672,0.58523583,1.9169006,-1.0947589,3.5221162,-0.99880546,0.49697846,1.5364466,-0.25870314,1.4710088,0.57608414,0.3983125,-0.61661154,1.2247245,0.67908823,-1.4409956,-0.9697423,-1.7896802,-2.2879539,-0.836626,4.274628,-3.3874638,-2.105115,-1.832328,-0.9103565,-0.3325862,1.3635352,2.1094122,-1.6158353,-1.4766475,-2.7456093,1.0426424,2.3038797,1.2276597,0.8729067,2.1918795,1.5275035,1.7944175,-1.0587884,3.0112588,-0.08734654,-0.78022015,0.1978495,3.1907594
T3M-4,0.21141288,0.4137252,-0.35756344,0.15741122,0.005552726,-0.108485945,-0.10202085,-0.2171481,-0.41464546,-0.80858785,1.0052763,-0.09340653,0.1304186,0.0057201204,-0.06806205,0.4771809,0.047769547,-0.022315528,-0.229791,-0.6028716,-0.10090234,1.105986,-0.03658127,0.50120443,0.19628781,0.17834018,-0.2901755,0.25530913,0.18228583,0.20339337,-0.5484345,0.07956592,0.93154156,-0.1583992,0.21091011,0.46425685,0.26291704,0.016544977,0.18194658,-0.20611191,0.85065246,-0.89274746,0.3838482,-0.5634947,-0.47846538,0.69163203,-0.2385856,-0.8170007,-0.008992391,0.120108515,-0.2252576,0.42039466,0.46575865,-0.07792398,-0.33650026,-0.11507875,-0.65254235,0.12950428,-0.7484625,-0.18841895,-0.40594935,0.69104683,0.38539895,0.23102352,0.42582884,-0.4365514,-0.64654195,-0.16218643,0.04643952,0.29410756,0.17935133,-0.04689327,0.68765646,0.29259676,-0.74311477,-0.44775605,-0.42169714,-0.13581698,0.23565756,-0.23874761,-0.093826346,-0.07835452,0.97250503,-0.9492985,-0.31570444,-0.30974543,0.32962978,-0.27753776,0.10117994,0.056426175,-0.03573895,0.12092448,0.621563,0.7261162,-0.0222805,0.28880084,0.042734087
Hs 294T,-1.56076,-1.2712924,0.18075499,-0.17842348,0.25244543,0.111728705,-0.55724525,-0.4341147,-0.4360118,-1.1989741,1.8773036,-0.39928645,-0.82786727,-1.6744629,0.5345789,0.84398293,-0.23313372,1.0620514,-1.1257663,-0.33339542,-0.94064337,-0.39542553,-1.6793872,-1.1075603,0.22358084,0.30774525,-1.0437933,0.21927764,-1.6677076,-1.0339218,1.6575084,0.9147764,-0.18112901,0.40072814,0.63409823,0.28468892,-1.2305238,-0.5419885,0.8364423,-0.10210864,0.9045011,0.29734123,1.7677144,0.10606496,-1.5825306,-0.99137425,-0.34754816,-0.16360712,0.15925178,0.88793916,-0.89793146,-1.5271676,-0.31456625,-1.6007056,0.18375441,0.89838296,-0.416772,1.740895,-0.25208083,0.11873696,0.55467975,-0.22555925,0.050685525,0.13843156,0.2278025,-0.38003555,0.74380225,0.24842085,-0.8207842,-0.39945534,-0.5476878,-0.8275885,-0.15675078,1.9459612,-1.6817769,-0.5830646,-0.5002128,-0.39309797,-0.13640662,0.48878363,0.8099339,-0.8265066,-0.73553306,-1.5394776,0.7803355,1.3416181,0.747001,0.4343959,0.9637036,0.920441,0.5503929,-0.30891335,1.2967463,-0.050037175,-0.4534968,0.40380156,1.8017108
MKN1,2.6733618,2.6403465,1.1951113,-2.201135,0.48501652,0.54791147,0.095140316,0.08075366,-0.90729016,-3.3366194,1.3738348,-0.27345473,1.6984317,0.7914512,0.76348704,2.377912,1.6732718,-1.1094455,1.3105143,-2.3854039,-0.28460866,3.4493325,2.8562567,2.3435493,-0.78530174,1.789854,-1.9782732,1.3558285,1.8618011,0.38042152,-0.6606222,-0.28803587,4.488263,-0.8657074,-1.5639517,0.18172769,0.7150317,-1.788284,0.29335323,-2.1489701,2.6948028,-3.5413635,2.4909945,-0.87144166,-0.0025122985,4.67136,-1.846841,-3.1943762,1.7853873,-0.1189971,-1.3687878,3.8121696,2.853773,0.48217875,-3.1727664,-2.001532,-0.6202418,0.04008535,-3.580574,0.21104154,-1.889048,3.6742907,0.5459053,0.40605235,1.7236544,-1.0432822,-1.9396288,-1.4931942,-1.3803589,2.5920615,2.2190945,0.88734615,3.391855,-0.5340142,-2.1604443,-1.1885393,0.5408977,0.53486377,0.6664409,-1.1027653,-2.0144908,0.7565548,3.9187229,-4.7530174,0.07210377,-0.758364,-0.11295037,-1.8427606,-1.7499417,-0.103909306,0.1786808,-1.6343954,1.1128613,2.1630988,0.16976324,1.885855,0.3200172
HEL,2.9956434,2.4071808,1.208097,-1.8683846,-0.5463109,0.2230809,0.28289115,0.3134119,0.03605605,-2.5973122,0.37839815,-0.82449543,2.7049334,1.1152096,0.78475446,1.9183116,1.2019713,-0.2559939,1.2199535,-1.8694052,0.6290065,2.4349077,2.9734223,2.0739877,-0.1489433,0.8812423,-0.6400537,1.4644265,2.358594,-0.052180067,-1.3320289,-1.2875568,4.0466943,-1.7654539,-1.9645076,-0.10307545,1.4635775,-1.207611,0.10383044,-2.7273715,1.7407715,-2.7163117,1.3014824,-1.1104244,0.4633897,3.3273926,-1.7171056,-2.659954,1.1866586,-1.1720569,-1.2603432,2.7397091,2.3875237,0.9740195,-2.3163774,-2.0213685,-0.59729344,-1.1287585,-3.523679,-0.9853708,-0.5289601,2.3949368,1.291043,-0.08502534,1.306173,0.46361768,-2.3649035,-0.8543871,-0.6019427,1.7393131,2.440229,0.3179795,3.0058625,-1.8690001,-1.8459466,-1.1359203,0.8286315,0.24612366,0.19568257,-0.23855706,-1.2380258,0.74881536,3.4443502,-3.4884183,-0.5390161,-1.789195,0.5778199,-2.4903653,-1.3507626,-0.22795546,-0.12434243,-0.4418524,1.340623,1.8778437,0.8722109,1.0985626,0.25712594
KP-N-RT-BM-1,-1.9687314,-1.0208336,1.1206744,-0.62882644,-0.41524193,-0.15769121,-1.4984839,-1.0094624,0.058044963,-0.24779633,2.2569685,-0.7205314,-0.91846985,-2.1717849,1.4513257,0.46567303,-0.084404364,1.5561867,-0.6294775,0.1157811,-1.267767,-1.4591956,-1.6810356,-1.7851441,0.803792,1.0702208,-0.9079393,0.74131787,-2.3684282,-2.1128485,2.4284024,0.44160983,-1.0928293,0.21249408,0.79183364,0.52404517,-0.7098639,-0.17247282,1.9239143,-1.0496423,1.1471263,1.0717498,1.6062902,0.3451839,-1.8156091,-1.4793637,-0.70152247,-0.0521264,0.18386218,1.9934685,-0.59823513,-2.5274386,-1.0165054,-2.2517464,0.5234246,0.7661027,-0.05954532,1.5436991,-0.71424353,0.25376087,1.7587132,-0.4580795,1.3203815,-0.26840395,0.05274194,0.007037397,0.35259643,0.9321944,-1.4945829,-0.5584406,-1.0619237,-1.7650353,-0.8029449,1.6437719,-1.3281536,-1.3318543,-0.60769826,-0.8290462,-0.5621266,1.3149563,1.2569178,-0.5227472,-1.185285,-1.627539,0.9221693,1.3856949,0.87724555,-0.28724143,1.1409906,0.8762912,1.6220369,-0.7390341,1.2656691,-0.56310123,-0.33985484,0.026994394,1.7611264
PSN1,-2.0303273,-1.0036978,1.1456733,-0.6247005,-0.3602981,-0.14370275,-1.5816482,-1.202342,0.0332751,-0.28740647,2.212014,-0.733709,-0.9555136,-2.3015583,1.5472478,0.5314381,-0.12979639,1.6064633,-0.5679169,0.13291514,-1.3273094,-1.553397,-1.7109649,-1.8137908,0.7370923,1.1827105,-0.8519366,0.75502187,-2.4264455,-2.2103634,2.4184463,0.5445478,-1.202292,0.3002928,0.82902104,0.5448354,-0.6870932,-0.16727914,2.059847,-0.9521353,1.0895228,1.0731162,1.4835181,0.4065156,-1.8766034,-1.484499,-0.7104751,-0.01086618,0.14887963,2.0616264,-0.6522399,-2.5441282,-1.0765477,-2.2345717,0.53926975,0.8360867,0.04076003,1.5500057,-0.7841807,0.30822873,1.7784705,-0.5091217,1.3389893,-0.34497494,-0.08971675,-0.061659142,0.3780762,0.8698452,-1.499757,-0.5861041,-1.1485205,-1.8554885,-0.8262748,1.7770977,-1.3694588,-1.391554,-0.5016672,-0.7809199,-0.55300105,1.2474531,1.3106084,-0.5653894,-1.2179064,-1.6984079,0.9314072,1.409724,0.82049996,-0.2963442,1.1462272,0.7878488,1.6976072,-0.75719875,1.2399957,-0.5724271,-0.342594,0.06779201,1.7360401
697,-2.0614142,-1.0455692,1.1528971,-0.63816553,-0.38085717,-0.1333247,-1.5759649,-1.1857157,0.036220632,-0.29079637,2.2353425,-0.7353773,-0.95061195,-2.3181162,1.5739403,0.5334372,-0.11683487,1.643171,-0.59511197,0.14455323,-1.3201045,-1.5889949,-1.7219572,-1.8345186,0.7682304,1.1683401,-0.8542717,0.76477087,-2.4501522,-2.2271905,2.4641411,0.53311723,-1.2167878,0.28493756,0.829656,0.5339848,-0.73648983,-0.18795016,2.058057,-0.9850668,1.103422,1.0914252,1.5435306,0.3998142,-1.9073421,-1.5169572,-0.72402215,-0.0034295768,0.14783937,2.067663,-0.67415124,-2.6029146,-1.0964787,-2.2663083,0.5660915,0.84970987,0.03856628,1.5665429,-0.7941481,0.30865145,1.8005564,-0.5073261,1.3346246,-0.35862592,-0.06726758,-0.04106394,0.39327148,0.8900227,-1.5080816,-0.5861922,-1.139986,-1.8782742,-0.82003355,1.7727249,-1.4050343,-1.3970633,-0.504956,-0.79139745,-0.5692893,1.2764843,1.3241098,-0.578665,-1.2587005,-1.7201139,0.93848175,1.4350739,0.85865843,-0.30443898,1.1631725,0.8265736,1.7141155,-0.75565475,1.2543334,-0.5945222,-0.34841803,0.07436095,1.7844232
GA-10,-1.5759996,-0.60563904,0.93204564,-0.5461443,-0.38002646,-0.18166381,-1.2112602,-0.841281,0.1463802,-0.0695698,1.5709888,-0.610822,-0.5723946,-1.6127024,1.1583719,0.21051617,-0.096282385,1.2105795,-0.24517491,0.18372723,-0.9325781,-1.2202042,-1.1234124,-1.251909,0.70031303,0.9131473,-0.58020866,0.7221926,-1.7355031,-1.7414027,1.7492908,0.1765174,-0.9508686,0.07639199,0.54234296,0.47006488,-0.3952053,-0.06454769,1.5130085,-0.87160873,0.7670591,0.8910849,0.99057585,0.30029088,-1.2811403,-1.1349913,-0.5132879,-0.025928624,0.12298216,1.6624782,-0.39787543,-1.8633977,-0.8553021,-1.5387573,0.34792668,0.39428997,0.021407995,0.9628655,-0.5766929,0.20616657,1.4302133,-0.33362815,1.1939957,-0.22829315,-0.022835355,0.07846379,0.1608017,0.84126365,-1.0754998,-0.43954736,-0.855099,-1.3993516,-0.6466551,1.031743,-0.7651583,-1.1311266,-0.3974861,-0.6118944,-0.36926866,1.0281043,0.9878377,-0.20940608,-0.739564,-1.17976,0.5877078,0.9090685,0.6122979,-0.3829139,0.6621907,0.6084594,1.2761596,-0.560764,0.7900362,-0.5318564,-0.16896173,-0.030770216,1.2492162
KMS-18,-2.7872798,-1.7216611,1.1813056,-0.6155063,-0.11910002,-0.055635802,-1.173374,-0.67795056,0.33598676,-0.09786339,2.5804312,-0.76764166,-1.295075,-1.978298,1.0306963,0.5591167,-0.414478,1.92232,-1.0905066,0.041977085,-1.4819374,-1.2998402,-2.0882592,-1.7251365,0.47648174,1.0909035,-1.1884112,0.755344,-2.799135,-2.212631,3.192782,0.4621427,-1.1227517,0.5028747,0.9186746,0.14762282,-1.1999906,-0.8478633,1.8236713,-1.0909929,0.84842706,1.5508409,1.9600561,0.61476725,-2.4983773,-1.6908343,-0.45443955,0.4435183,0.48199573,1.9921793,-0.74880034,-2.2686772,-1.4183333,-2.44318,0.75370616,1.0132761,-0.47754562,2.0245414,0.009392528,0.24863869,1.6630509,-0.6624494,1.1452708,0.029828746,0.25417027,0.4313996,1.1216807,1.2161936,-1.3562822,-0.8233129,-1.0827212,-1.6367267,-0.55075043,1.8685195,-1.9951252,-1.1941862,-0.63170505,-0.37156627,-0.2773993,1.3686904,1.4884444,-0.6143056,-1.568004,-1.8807969,0.9626565,1.3999056,1.3444467,0.057925418,1.246667,1.151533,1.7975733,-0.97828543,1.6880523,-0.8784183,-0.21752179,0.24508841,2.3951423
Daudi,-1.8941468,-1.0287482,1.0108664,-0.54966265,-0.3361941,-0.10914812,-1.3813928,-0.9978419,0.008366816,-0.3123868,2.1316545,-0.6807939,-0.8970557,-2.0810893,1.3575861,0.5087756,-0.110848136,1.4929948,-0.6741964,0.09803648,-1.1979117,-1.3626156,-1.6328425,-1.7102454,0.7275676,0.9956002,-0.88682777,0.6663212,-2.2786062,-1.9960053,2.310281,0.4662995,-1.0552205,0.2637297,0.7708672,0.47549632,-0.7596269,-0.20642129,1.8319756,-0.92808616,1.0977737,0.9889501,1.549333,0.31722254,-1.7865523,-1.4116278,-0.65199184,-0.037609257,0.16544743,1.865723,-0.63195986,-2.4091623,-0.9668431,-2.1374702,0.50587624,0.77621317,-0.055589262,1.5180994,-0.6636489,0.22729877,1.6515937,-0.44073203,1.1794083,-0.24855042,0.023825657,-0.019675978,0.3902466,0.8638738,-1.3905591,-0.54090774,-1.0305214,-1.6721501,-0.75070816,1.68444,-1.3513217,-1.2245269,-0.5447937,-0.77893966,-0.5105318,1.178767,1.1870867,-0.560091,-1.1751109,-1.5851113,0.8828385,1.3411746,0.8516956,-0.22332156,1.1219491,0.83014846,1.5149008,-0.69054574,1.2375513,-0.4992479,-0.33338824,0.085357115,1.722147
JHOM-2B,2.243356,1.8534005,1.0442812,-1.7485353,0.07272202,0.6205357,0.11060489,0.32301396,-0.45797998,-2.542185,0.97577095,-0.61086035,1.5910715,0.39170402,0.75169337,1.9127625,1.1905708,-0.6977891,0.8966148,-1.8064944,0.18161649,2.6444116,2.0706568,1.9840742,-0.55848545,1.0240663,-1.4192152,1.0807855,1.3530186,0.32354835,-0.7739863,-0.49506542,3.5771666,-1.2606244,-1.3261242,-0.054003567,0.2632448,-1.2989135,-0.26487166,-1.8018641,1.8621055,-2.5146713,2.1847935,-0.7125914,0.36814165,3.4879997,-1.7358675,-2.388265,1.3266499,-0.5019463,-0.96717936,2.7809012,2.349606,0.36053267,-2.24338,-1.3636779,-0.6086177,-0.24875613,-3.0140104,-0.09103629,-1.3582302,2.7968314,0.39665857,-0.07474056,1.3918439,-0.4163132,-1.5535406,-0.96458566,-1.0214967,1.914897,2.0338614,0.6332601,2.618951,-0.52578384,-1.7090746,-0.81964,0.32210928,0.45104113,0.36976957,-1.1070554,-1.4214104,0.6725463,3.2161508,-3.3965306,-0.26231173,-0.9224151,0.28318924,-1.6170224,-1.3229024,0.056362703,-0.045230407,-1.2479829,1.0173616,1.904632,0.24440405,1.4583045,0.52802384
KALS-1,0.7757626,0.91144186,0.34913468,-0.6761113,0.020019548,0.23529586,0.11594095,-0.0073364275,-0.054910727,-0.92328554,0.2000325,-0.11114243,0.7613496,0.27310097,0.36382928,0.7174589,0.3627372,-0.13318714,0.3912835,-0.5734133,0.31306067,0.71608526,0.64737695,0.6030917,-0.1459413,0.40584385,-0.26862404,0.5561498,0.70804214,-0.1363393,-0.52842814,-0.41032782,1.1788584,-0.5404842,-0.65304995,0.071866326,0.37973228,-0.39475307,0.010281425,-0.6644063,0.61168826,-0.7322691,0.32063308,-0.24005277,0.2187603,1.1368341,-0.5779866,-0.9143136,0.44087452,-0.23089749,-0.31852302,0.9932555,0.58761895,0.23639056,-0.95879936,-0.6381293,-0.05717789,-0.29169485,-1.1207771,-0.20498905,-0.34545138,0.8442963,0.19834916,-0.12468532,0.3573549,-0.032988615,-0.6211633,-0.14256448,-0.1850054,0.41617438,0.6671629,0.36861926,0.68931633,-0.4795827,-0.55093986,-0.3351447,0.5253547,0.14578554,0.16864014,-0.35096356,-0.40480816,0.26172557,1.1625618,-1.204751,-0.17592366,-0.45847058,0.06613972,-0.77331316,-0.2868523,-0.118710674,0.062287655,-0.09995011,0.2779027,0.63117075,0.07277389,0.5162052,0.012068175
COLO 668,-2.049769,-1.0257357,1.1541748,-0.63033676,-0.36609948,-0.11916083,-1.5922738,-1.2194213,0.033892445,-0.27516168,2.2327905,-0.72862774,-0.963239,-2.316174,1.5746509,0.53114486,-0.12591985,1.6293188,-0.56856894,0.14927956,-1.3261274,-1.5888764,-1.7223428,-1.846726,0.749499,1.1947684,-0.8554695,0.74656534,-2.452105,-2.242395,2.456838,0.52709883,-1.2445114,0.31597024,0.83006185,0.5467263,-0.70745164,-0.18174608,2.075852,-0.9775878,1.0952798,1.090034,1.4929976,0.4094051,-1.894612,-1.4988835,-0.7224829,0.017195009,0.14529854,2.0946562,-0.6447174,-2.5970213,-1.1078496,-2.2527773,0.5588569,0.834143,0.061436523,1.5645908,-0.7865998,0.31094027,1.8085395,-0.50763613,1.3503708,-0.35592386,-0.08204749,-0.047197975,0.3820678,0.89718187,-1.5107064,-0.6029709,-1.1545775,-1.8714548,-0.8310109,1.792688,-1.3751496,-1.4020104,-0.49408042,-0.7899433,-0.5486857,1.2586427,1.3166329,-0.58384526,-1.2726905,-1.7186596,0.9381904,1.4296857,0.83669364,-0.30393752,1.148068,0.795607,1.7316794,-0.76129717,1.2351897,-0.5875918,-0.35408518,0.090695545,1.7525828
HSC-3,0.6160306,0.51777905,0.15417726,-0.24947815,-0.5102663,-0.23866099,0.24170564,0.28409693,0.12737362,-0.63094395,0.26019666,-0.37029985,0.9200797,0.1624308,-0.26578617,0.55583143,0.27320588,0.1505012,0.16416977,-0.38198623,0.3509791,0.7986778,0.5351155,0.6769419,0.496704,0.00023538899,-0.11133762,0.41439116,0.776594,-0.06481789,-0.88257116,-0.81562155,1.2890182,-0.9328947,-0.53111905,0.13250282,0.74647117,-0.10125545,-0.15059325,-0.84104156,0.3885609,-0.4972547,0.043477908,-0.37136477,0.14629878,0.63851345,-0.3999754,-0.869394,0.14791496,-0.46734214,-0.19465345,0.76680976,0.6624901,0.52244496,-0.55191666,-0.686462,-0.37887788,-0.46780413,-0.69717383,-0.83960426,0.07839716,0.6381583,0.6889957,0.13284191,0.18064766,0.6231814,-1.0496137,0.12147224,0.12148561,0.20678337,0.7285855,-0.01501888,0.7236401,-1.0485471,-0.46911672,-0.42001665,0.22316988,-0.13526943,0.0044862945,0.33438015,-0.3082227,0.507541,1.4192678,-0.6608769,-0.4088257,-0.7828463,0.4030552,-0.7702136,-0.34257305,0.092104204,-0.2857815,0.4821859,0.6213032,0.649019,0.42222238,0.15462671,0.18318588
LP-1,-2.0203576,-0.997381,1.1593168,-0.6366205,-0.38366005,-0.12734476,-1.5824572,-1.1998888,0.046404712,-0.24876702,2.1950746,-0.7210295,-0.9496811,-2.2866983,1.5685114,0.51535195,-0.11307926,1.6150954,-0.5411001,0.16365397,-1.3061858,-1.5974232,-1.6878093,-1.8305371,0.75187504,1.1943104,-0.8318197,0.74341637,-2.4271698,-2.2264266,2.4290035,0.50297177,-1.2458817,0.29634088,0.8133456,0.5434402,-0.68521637,-0.17114887,2.0545456,-0.98297167,1.073079,1.0911518,1.4669915,0.41135722,-1.8552353,-1.4849344,-0.71950865,0.021750703,0.14625227,2.0931716,-0.6280288,-2.5787528,-1.1024905,-2.215863,0.55937356,0.80855244,0.070883945,1.5257369,-0.7844748,0.31697208,1.8096265,-0.49991754,1.3476788,-0.35477138,-0.082314774,-0.04183963,0.3622535,0.8958351,-1.5091509,-0.58745515,-1.1478784,-1.8589842,-0.8318612,1.7481756,-1.3340801,-1.3920246,-0.48711562,-0.7848891,-0.5501952,1.2599995,1.3031287,-0.5633135,-1.2577509,-1.695077,0.9271042,1.4101542,0.82384974,-0.32076165,1.1176126,0.7804996,1.7250051,-0.7561377,1.2012057,-0.5977421,-0.350576,0.08148562,1.7189002
SBC-5,0.80901974,0.83015835,-0.013886675,-1.2939162,1.7433472,0.34381342,0.2714003,0.3066736,-1.70134,-3.2372468,2.7611558,0.33789653,-0.39519063,0.2844348,-0.59392995,2.2478554,0.46239385,-0.7741551,-0.24828152,-2.4800186,-1.0242703,3.8674717,0.6845706,1.5751967,-1.053444,1.1151663,-3.145228,0.41313225,0.57314634,0.83140016,0.07259849,0.8884883,3.4971216,0.33747905,-0.20258509,0.87837964,-0.81955945,-1.5386721,-0.50470686,-0.37385508,2.4642022,-3.0086946,2.7499554,-0.25166547,-1.1096472,3.379354,-0.7260715,-1.8076372,1.6871052,0.47636613,-1.3939246,3.6735644,2.4411433,-0.31982616,-2.6279957,-0.87728894,-1.2989299,1.7703509,-1.6585165,0.9057228,-2.92767,3.2598264,-0.7683688,1.5950513,1.8294609,-1.5550278,0.07069641,-1.3099229,-0.8158406,1.5046633,1.0104389,1.7943456,2.512841,1.7995218,-2.4705482,-0.98806745,-0.6386337,1.0633672,0.9596205,-1.3544843,-1.5198199,0.21325971,2.9753268,-3.6671028,0.02192348,0.66203564,-0.35414875,0.24495623,-1.1495458,0.618251,-0.3693747,-1.6754624,1.537027,1.7888743,-0.6155119,1.5216788,1.4238721
NB1,3.0945258,2.776777,1.0864406,-1.822642,-0.23879741,0.615817,0.17489429,0.09163783,-0.5196706,-2.964639,0.95296425,-0.53800976,2.4372146,0.9665093,0.8476031,2.223744,1.4480314,-0.63969064,1.2323507,-2.025135,0.48472935,2.9353533,2.7055316,2.3171725,-0.31559816,1.3364313,-0.8665814,1.4732361,2.3231602,0.016736485,-1.2195445,-1.0255184,4.386758,-1.5765536,-1.8182805,0.111034766,1.2876707,-1.3797921,0.30263436,-2.317465,2.2738404,-3.1796002,1.7062165,-1.1458594,0.44185638,4.208604,-1.7289906,-3.0781803,1.4632188,-0.97650516,-0.98602027,3.1633227,2.4069376,0.83588177,-2.7608652,-1.9532416,-0.70752454,-0.89028203,-3.7686706,-0.6632376,-1.2554244,3.0467293,1.0824447,-0.1061043,1.3574697,-0.14494322,-2.6315453,-0.99727076,-0.8013874,2.1078634,2.460207,0.7242478,3.1352224,-1.3314513,-2.1170177,-1.1039768,0.9804646,0.26545292,0.37595093,-0.9227183,-1.444592,0.9344644,3.9986835,-4.0906043,-0.5428018,-1.6186955,0.39717066,-2.4671075,-1.3866982,-0.27016178,0.04598793,-0.827224,1.2874811,2.1532228,0.6598256,1.5094169,0.13706285
HT-1197,2.3470466,1.949211,1.041311,-1.486092,-0.46232095,0.40398568,0.21748114,0.33520412,-0.009764791,-2.1710563,0.3121024,-0.6665308,2.2201936,0.51485,0.77472097,1.7278703,1.0607244,-0.38624865,0.9219898,-1.4598647,0.5365903,2.0720565,2.0944386,1.6310583,-0.132195,0.7496076,-0.7677967,1.1872721,1.8005818,-0.13143653,-1.1570692,-1.1304224,3.3074226,-1.5351663,-1.5834335,-0.04625719,0.94629693,-1.1223238,-0.044881366,-2.1530187,1.4556748,-2.0467627,1.3640665,-0.8145175,0.5588907,2.974255,-1.647834,-2.2996547,1.0271535,-0.8182883,-0.8774056,2.3700676,1.9669783,0.68201804,-1.9290419,-1.632957,-0.37839583,-0.92624646,-2.9625359,-0.7608287,-0.5778109,2.1459644,0.87067,-0.32430175,1.0366234,0.27876297,-1.9508305,-0.70769376,-0.6507579,1.6088215,2.0371006,0.22250287,2.2158554,-1.4040331,-1.550748,-0.7358422,0.93672925,0.2075005,0.21661453,-0.54350275,-1.0400155,0.668995,2.9983902,-2.9161148,-0.44053274,-1.3239871,0.41822463,-1.9572325,-1.1015874,-0.14062007,0.03851441,-0.36300755,1.0227883,1.6068125,0.44320354,1.1241553,0.17120054
NCI-H1650,-2.0797446,-1.1023581,1.1340449,-0.61976326,-0.40604296,-0.16425973,-1.5419432,-1.0785701,0.020045888,-0.28376776,2.3854408,-0.77181536,-0.98642385,-2.232681,1.4803843,0.51369965,-0.11629492,1.6220548,-0.7120652,0.09351215,-1.3284204,-1.4747732,-1.7755456,-1.8705479,0.83736026,1.1017627,-0.991527,0.7625545,-2.5016847,-2.187185,2.526237,0.47282538,-1.1514847,0.26640254,0.85268277,0.5611111,-0.7626494,-0.18903264,2.0382078,-1.0914524,1.2395703,1.0964377,1.6867291,0.33557546,-1.9402778,-1.5645974,-0.7184303,-0.03314986,0.17991254,2.0827696,-0.6471636,-2.609635,-1.0605296,-2.34532,0.54589,0.8150917,-0.09413503,1.6379398,-0.7274117,0.23740488,1.8625915,-0.48128858,1.3827387,-0.25328532,0.05560724,0.020774782,0.3883846,0.99348104,-1.5198706,-0.5968341,-1.1275778,-1.8350329,-0.83328325,1.7863817,-1.4305729,-1.3814822,-0.6444651,-0.8666053,-0.5721219,1.3349979,1.297435,-0.55968165,-1.2508093,-1.7010137,0.9564462,1.439508,0.9333556,-0.26854205,1.2086874,0.90908134,1.6742843,-0.78286546,1.3533059,-0.5483899,-0.34433618,0.03858707,1.8666621
Lu-65,6.663815,6.09544,2.9518554,-5.4305453,0.8484669,2.072849,0.15123948,0.5158427,-2.105103,-8.202248,3.3670955,-1.2702014,4.288283,1.1170068,2.3897219,6.140944,4.2873898,-2.8347402,3.0392296,-5.7480183,-0.040587395,8.402934,6.017625,5.855342,-1.9453984,4.0347724,-5.083584,3.2543397,3.977932,0.99847734,-1.9622669,-0.8702504,11.027904,-3.0343375,-3.868155,0.3275962,1.0829084,-4.5530396,-0.16942093,-5.1561604,6.2594185,-8.256256,7.007478,-2.1505222,1.0686922,11.596775,-5.0078697,-7.3863378,4.247551,-0.57737267,-2.9464383,9.383164,7.258128,0.97100115,-7.64092,-4.4420676,-1.3361484,-0.1744333,-9.141844,0.5307865,-4.7461834,8.966284,0.91732305,0.17658207,4.1484113,-2.7253683,-4.9683924,-3.303777,-3.627092,6.286854,5.653888,2.3023577,7.900208,-1.0739509,-5.226836,-2.4775946,1.4741577,1.5312935,1.5286078,-3.8656344,-4.5210967,1.9067736,9.925152,-11.095343,-0.102036744,-1.7390993,-0.15407555,-4.298022,-4.159496,0.019169504,0.33819467,-4.3348713,2.637298,5.875066,-0.15714553,4.6770744,1.2312204
HuH-6 Clone 5,-1.7061443,-1.1642408,-0.39516935,0.33151335,0.8209604,-0.46968567,-0.5722663,-0.4520238,-0.9825489,-1.4211166,3.3767064,-0.3294297,-1.49922,-1.1269059,-0.27215204,0.96961486,-1.0970975,1.0190357,-1.7477981,-1.3559189,-1.5467219,1.1615772,-2.1689994,-0.9529067,0.21046965,0.12010674,-2.220103,-0.007944917,-1.5840546,-0.3356661,1.0503969,1.183567,0.4563916,0.9840383,1.4066625,1.3540087,-0.73616505,-0.30384377,0.9794924,-0.13018656,1.8234524,-0.15330131,1.7051599,-0.12455228,-2.5669656,-0.4968199,-0.15848197,-0.44220722,0.052361757,1.160644,-0.89887595,-0.400069,0.30136395,-2.0722413,0.059263498,1.0545222,-1.2990558,2.285353,-0.36473045,0.32025856,0.14993484,0.50181127,0.51107615,1.1087793,0.69424045,-0.57242465,0.9481041,0.0428045,-0.22577018,-0.45217052,-0.8089531,-0.53299165,0.14551376,2.6116035,-2.3001761,-1.1087539,-1.6786886,-0.21297516,0.12747096,0.4548322,0.58372635,-1.0760384,-0.17021285,-1.3942517,0.22630507,1.1889563,0.70224315,1.0600806,1.2485608,1.0095044,0.34939155,-0.36156934,2.2095287,0.599806,-0.47406933,0.057999905,1.8097426
ONCO-DG-1,2.4613414,2.1082673,0.8600419,-1.274612,-0.42262012,0.31861866,0.11771033,0.14452568,-0.22379449,-2.297493,0.6345434,-0.6703522,2.1630385,0.7460335,0.6308499,1.7159779,1.0891668,-0.39227986,0.97768605,-1.4690597,0.5427589,2.1897736,2.198363,1.8930281,-0.076273836,0.8635853,-0.42091906,1.2241685,1.8457053,0.014406957,-1.0220101,-0.9306093,3.499745,-1.4380723,-1.4266678,0.010348337,1.204304,-1.073072,0.21784192,-1.9501306,1.6332283,-2.4519746,1.2765927,-1.0710055,0.31364796,3.1065688,-1.3818716,-2.4539237,0.9430259,-0.9717634,-0.8661692,2.2501078,1.8693818,0.71426594,-1.9470607,-1.5006667,-0.60269326,-0.8838847,-2.9613097,-0.74567527,-0.64101666,2.1680875,1.0549397,-0.045851685,1.0482901,0.07895368,-2.204874,-0.73179305,-0.421348,1.6236354,2.0368826,0.38447338,2.622874,-1.3236957,-1.7017307,-0.9389541,0.7266192,0.08654313,0.2024185,-0.40172854,-1.0250263,0.70493597,3.0888147,-3.0385451,-0.50716156,-1.5706166,0.52301514,-2.0877256,-1.0691837,-0.19846249,-0.09148688,-0.44192314,1.1359824,1.6908365,0.69932777,1.0109675,0.14516157
U266B1,-1.7232159,-1.0591208,-0.14950845,-0.0054675117,0.67520016,-0.013269737,-0.8062805,-0.76402473,-0.7893462,-1.2694561,2.7702909,-0.32978588,-1.155512,-1.5813742,0.26035553,0.954222,-0.8025171,1.1245954,-1.2120451,-0.8563938,-1.3259519,0.40103498,-1.896823,-1.0309522,0.15345927,0.5382744,-1.8843293,0.30858648,-1.5464928,-0.9093888,1.4900898,0.9856166,-0.03889311,0.75742614,1.0800853,1.0989004,-0.8579728,-0.36661518,1.3763508,-0.08224051,1.4432911,-0.10161169,1.5412158,0.102121584,-2.4303224,-0.78778213,-0.0455527,-0.22434394,-0.0247826,1.2547419,-0.84970814,-0.9901601,-0.18123744,-2.067508,0.025246853,0.98366594,-0.7043836,1.9603381,-0.55889004,0.2922395,0.26852798,0.2051478,0.45797592,0.5733137,0.5091886,-0.57132614,0.6708067,0.20409366,-0.52740645,-0.36773857,-0.870626,-0.92901087,-0.35246232,2.5921204,-1.9790341,-1.018268,-1.2046643,-0.54838,0.02388004,0.62170154,0.99587417,-0.8686508,-0.44800472,-1.6278255,0.32288474,1.1859634,0.5475333,0.7750976,1.144443,0.9516797,0.7223136,-0.52054507,1.7441107,0.15396972,-0.4228605,0.16185853,1.7952235
RL,-2.5466402,-2.173192,-0.0038658306,-0.19692007,0.5317176,0.14216432,-0.73430085,-0.30609626,-0.8610614,-2.2188923,3.4830792,-0.68228376,-1.3618772,-2.5514822,0.4059548,1.407124,-0.40486383,1.6371299,-2.1485238,-0.7868425,-1.6353244,-0.035539616,-2.8228598,-1.727742,0.422976,0.106528044,-2.2942595,0.32405046,-2.7288601,-1.2527853,2.6426752,1.4047923,0.09256238,0.7376877,1.2334481,0.73327786,-2.1540332,-1.086999,1.1096033,-0.31381398,1.7458886,0.31604907,3.3603666,-0.05067824,-2.703835,-1.5157535,-0.41685545,-0.40360177,0.27557537,1.3544922,-1.4294231,-2.144167,-0.11079664,-2.6845922,0.113443926,1.3216336,-1.0115427,3.0463443,-0.27815095,0.12359392,0.7001444,-0.10001586,-0.008735811,0.51879895,0.8013724,-0.6451654,1.2818276,0.33769554,-1.152954,-0.5060598,-0.73687387,-1.2214608,-0.14830832,3.2850451,-2.8876941,-0.80091083,-1.19225,-0.7553642,-0.23682828,0.86157274,1.1895565,-1.2654895,-0.9599896,-2.4815607,1.2051373,2.2590382,1.2197647,1.052143,1.5604093,1.8523885,0.61112744,-0.5600814,2.4512222,0.14457962,-0.7562407,0.5430268,3.2134569
BT-483,1.3566077,1.744903,6.403029e-05,-0.95260614,1.3996503,-0.18945968,0.26500994,0.013415133,-1.1910934,-2.7523139,2.711407,0.43473786,0.26270905,1.4015031,-0.7051403,1.7437408,0.083029546,-0.39324686,0.2594358,-2.1806817,-0.8218249,3.6952417,1.7111273,2.015964,-0.59846467,1.3331305,-1.6790887,0.8494087,1.6573721,0.66329956,-0.38817656,0.5174283,3.7593675,0.42441252,-0.38812867,1.0632124,0.5665081,-1.1770748,0.4338804,-0.8579948,2.4442074,-3.253777,1.4575455,-0.53617895,-1.4900155,3.57027,-0.39867064,-2.046658,1.3873044,-0.1111778,-1.3055941,3.4239926,1.7966892,0.303289,-2.4408448,-1.3626975,-1.5425899,0.83405226,-2.0698066,0.47921175,-2.292486,3.1530428,0.26202524,1.7254906,1.8384924,-0.687741,-0.6110631,-1.1028415,0.17652574,1.370724,1.2701123,1.2142977,3.0495102,0.7375688,-2.6760297,-1.6835685,-0.47058415,0.63945127,0.666269,-0.16453806,-1.3040957,0.41573545,3.242184,-3.6780024,-0.81442106,-0.79067814,0.2432352,-0.5722873,-1.3839856,0.20558861,-0.3283293,-1.1969692,1.5232444,1.2516896,0.61436605,0.9627294,0.83673906
MHH-ES-1,-1.6896151,-0.5095655,1.1304338,-0.52533764,-0.43033236,-0.46683466,-1.6379496,-0.94939244,-0.059828,-0.14985394,2.3093176,-0.67345655,-0.9990127,-1.6705531,1.3818139,0.25632778,-0.39873996,1.2651999,-0.2850431,-0.09749885,-1.2796692,-1.0699463,-1.5070962,-1.6403192,0.79965895,1.0198928,-0.7327198,0.50856835,-2.008117,-1.8866234,1.8712679,0.5138392,-0.94848835,0.14821187,0.93975276,1.000733,-0.19051373,0.46928257,2.0078702,-1.0756755,1.1880465,0.91414744,0.96389085,0.12022011,-1.6064456,-1.2470607,-0.8600218,-0.26078,0.10996317,2.022746,-0.3577843,-1.948503,-0.7953458,-1.8735261,0.41554332,0.4434333,-0.119913965,1.3298,-0.775752,0.41432506,1.8542173,-0.2418617,1.736356,-0.17613113,-0.14310403,-0.029826745,0.04959245,0.7203881,-1.4047571,-0.49432454,-1.1215037,-1.5962179,-0.8815175,1.1563793,-0.9081132,-1.5518355,-0.6825685,-0.39258268,-0.50718904,1.2619764,0.8163207,-0.3793641,-0.86483353,-1.4041963,0.7299142,1.1702374,0.6068448,-0.47833693,0.7116175,0.586078,1.3268288,-0.56974816,1.0738885,-0.27855733,0.029117621,-0.14871241,1.3038821
SNU-213,3.385317,2.8243651,1.0458324,-1.5432384,-1.0760969,0.2611775,0.3904496,0.7173308,-0.23944071,-3.1558933,0.6588116,-0.882738,3.4527013,0.7062335,0.90105987,2.4217978,1.2833568,-0.56555843,1.0420126,-2.0329945,0.7919015,3.2202458,2.6802497,2.7331676,0.094274245,0.8128768,-0.55489886,1.396943,2.8761966,-0.115187235,-2.1017852,-2.0097253,4.945717,-2.750088,-2.221346,0.23590387,1.7184085,-1.2527936,0.1490299,-3.4592512,1.9799601,-2.7796736,1.5867465,-1.7701031,0.88311803,3.8391938,-2.1774037,-3.6923747,1.070464,-1.5193027,-1.0576737,3.076751,2.9321868,1.2467916,-1.9479438,-1.9267036,-0.98440826,-1.7443161,-4.28801,-1.601626,-0.33292952,3.0024452,1.7886479,-0.4364037,1.0572822,0.83836263,-3.6021178,-0.9348598,-0.7962884,2.1859515,3.0149841,-0.105896935,3.4777246,-2.4980628,-2.1897125,-1.2220036,1.0172038,0.016027898,0.29663455,-0.6597927,-1.3935748,1.0556905,4.6774054,-3.9305725,-0.75983,-2.3022244,1.0543096,-3.0601795,-1.361577,-0.24297087,-0.02747636,0.05019488,1.513076,2.7818022,1.1912522,1.3072541,0.07094075
OVISE,1.0659285,1.0211853,0.28530625,-0.47063148,-0.2706722,0.22974193,0.14210953,0.008365967,-0.061496414,-1.0780537,0.27018353,-0.26939455,1.1449772,0.18691203,0.250251,0.90165263,0.43672156,-0.11256545,0.32760656,-0.6187292,0.37700027,1.0096728,0.7497167,0.8411844,0.10942569,0.3375849,-0.1060842,0.6196048,0.95288396,-0.0484252,-0.81530446,-0.7089613,1.6426338,-0.805097,-0.6480188,0.14676973,0.68165797,-0.4440944,0.076095484,-0.8367766,0.71022373,-0.93541294,0.42535052,-0.47810644,0.2650328,1.4160686,-0.68427825,-1.3238292,0.35402676,-0.5046384,-0.24564663,1.0375557,0.7667793,0.37914976,-0.9054004,-0.7506736,-0.2766313,-0.49564165,-1.4005423,-0.60781056,-0.25731832,0.9782789,0.5541324,-0.2072251,0.29809216,0.18338445,-1.2068378,-0.20582886,-0.103044406,0.6392117,0.96700466,0.12617135,1.0122993,-0.76625276,-0.79281616,-0.34344634,0.6392946,-0.060095593,0.14483103,-0.30353093,-0.38013208,0.436656,1.6331458,-1.316969,-0.36356583,-0.7632833,0.30634922,-1.0298532,-0.3210675,-0.13125181,-0.026945535,0.16600814,0.6083057,0.8902528,0.26832917,0.5825553,-0.040012486
T98G,-2.0316012,-1.0050559,1.1652453,-0.62737304,-0.37483576,-0.1277858,-1.5856652,-1.2118175,0.047995888,-0.25222915,2.2153847,-0.7261156,-0.9637451,-2.3024435,1.5762259,0.526535,-0.12585643,1.6227844,-0.54630226,0.16167745,-1.3201697,-1.5989492,-1.7070093,-1.8438821,0.74354035,1.2086295,-0.84830713,0.7424274,-2.4395564,-2.2405365,2.448774,0.51065594,-1.2569027,0.29913968,0.8305775,0.5469334,-0.68120986,-0.1713692,2.0730655,-0.97971237,1.0838373,1.09446,1.4734988,0.41702825,-1.8806559,-1.4848439,-0.71729803,0.025875028,0.14867198,2.1018014,-0.6372177,-2.585523,-1.1103452,-2.2393732,0.56345475,0.82560104,0.07153894,1.5385039,-0.7888745,0.32475883,1.8157831,-0.5057047,1.3516289,-0.3484812,-0.0837861,-0.0472284,0.36059272,0.89631766,-1.5164702,-0.58988804,-1.1602883,-1.8673793,-0.8475926,1.7752084,-1.3428499,-1.4043115,-0.49838787,-0.7892836,-0.55313736,1.2634469,1.3135439,-0.5728303,-1.2674147,-1.7120224,0.9348136,1.4154466,0.822493,-0.3205162,1.1337867,0.7828787,1.737897,-0.762958,1.211371,-0.59600514,-0.35028428,0.08132845,1.7284172
TM-31,-0.59248817,-0.60337347,-2.3488102,-1.1048242,5.0929036,0.13819107,0.9188954,0.7039461,-5.481262,-8.399282,9.125283,0.6491905,-3.0997407,-0.6519277,-3.123064,5.169528,-0.24357787,-1.0420545,-2.8245082,-6.004334,-3.718061,10.008618,-1.9664909,2.4406471,-2.1016483,1.0619363,-9.201677,-0.7991324,-0.5806429,2.8392577,0.9938548,3.697296,7.410953,2.3282282,1.9227117,3.0366368,-3.4031112,-3.566897,-1.1898584,1.2555184,6.216658,-6.234637,7.391874,-0.94466275,-5.128823,5.6953497,-0.30652562,-3.6123743,3.0278423,1.5289701,-3.4396036,7.483598,5.832667,-2.274595,-4.9277577,-0.07731336,-4.437516,6.6475773,-1.8991616,2.414856,-7.1303954,6.7818084,-2.7933002,5.483344,4.3195896,-5.005732,1.6535708,-2.7248256,-1.2458745,2.3067458,0.90620816,3.7885914,4.454943,6.958186,-6.8871274,-2.0719762,-4.012483,1.9315464,2.4760528,-2.2149234,-2.432551,-0.73091525,5.8123603,-7.7748866,0.40470988,3.3330665,-0.76247925,3.5367985,-1.1856538,3.0748982,-1.9699442,-3.488495,5.231136,4.116164,-2.3379085,2.7604303,4.989032
COLO 679,-0.32333368,-0.24421616,-0.7163756,-0.25708205,1.6426563,-0.011512019,0.30129328,0.07478281,-1.4261076,-2.2558153,2.5389268,0.32669747,-1.1176412,-0.13859628,-0.97331053,1.5330787,-0.25989556,-0.15930754,-0.8696388,-1.6802876,-1.0294099,2.745609,-0.578997,0.6692554,-0.66030586,0.45050985,-2.4949608,-0.1436144,-0.1354861,0.6539165,0.314416,1.0415525,1.8851192,0.81768435,0.5210534,0.89137506,-0.9410292,-0.9165828,-0.30539158,0.48336598,1.6970283,-1.7520572,1.8177339,-0.059418306,-1.5639166,1.5698574,0.050116286,-0.8070295,0.90921086,0.48246017,-1.0291862,2.0548134,1.3618865,-0.6584972,-1.3738905,0.035482794,-1.2215128,1.9160899,-0.38303682,0.652878,-2.082683,1.8941605,-0.81609464,1.6533413,1.078729,-1.2579539,0.6612447,-0.6466938,-0.19888392,0.45878065,0.1071852,1.2187511,1.1534307,2.128889,-1.9786903,-0.6431968,-1.0387161,0.626749,0.7024867,-0.6660464,-0.63840157,-0.25840688,1.511458,-2.187561,-0.018389435,0.9276755,-0.16841753,1.0219151,-0.23667876,0.7805352,-0.4892053,-0.94007427,1.3712744,0.92799556,-0.6542799,0.8607687,1.3757983
MPP 89,1.2871275,1.2806338,0.07615951,-1.705968,2.299812,0.3371406,0.2887675,0.22058594,-2.340533,-4.5171714,3.8881037,0.17838146,-0.34880012,0.259726,-0.6624382,3.1122506,1.024226,-1.1322178,-0.10570337,-3.3991616,-1.373226,5.199429,0.92560834,2.1769776,-1.4535569,1.4670498,-4.3203945,0.39189887,0.5653551,1.3202043,-0.043390848,1.4040319,4.865685,0.53818005,-0.28624046,1.0391916,-0.8169701,-2.3784814,-0.37269366,-0.65157485,3.4498599,-4.0171294,4.0226183,-0.5793389,-1.521341,4.716619,-1.352414,-2.7495856,2.1699343,0.6217278,-1.8770494,4.8006635,3.5475016,-0.6202026,-3.5690565,-1.1461326,-1.6685206,2.4534395,-2.5960364,1.21681,-3.7894952,4.339882,-0.8261619,2.101341,2.5141726,-2.4740448,-0.15309261,-1.6676918,-1.2853776,2.285832,1.6210545,2.1049917,3.5888531,2.1569607,-3.5597367,-1.3490614,-0.8695929,1.0815954,1.311959,-1.6478622,-2.1340983,0.17874692,4.0282955,-5.208488,0.27317965,0.9397878,-0.45045108,0.20699403,-1.5617076,1.0142894,-0.49851793,-2.405139,2.259157,2.596018,-0.7957595,2.0969508,1.8320833
SW837,-1.9264741,-0.97632176,1.1159568,-0.6345456,-0.42541787,-0.2169798,-1.443556,-0.9395981,0.057511985,-0.17246614,2.183998,-0.7259533,-0.8677751,-2.026102,1.3807408,0.38536605,-0.05285114,1.5110027,-0.61641914,0.10152404,-1.2156217,-1.3797181,-1.5710145,-1.6823208,0.8409303,1.0502082,-0.92927325,0.77073,-2.279495,-2.0278668,2.2936788,0.35811022,-1.0414757,0.17574906,0.74021596,0.5057747,-0.60823184,-0.14671439,1.8422645,-1.0750892,1.1130964,1.054999,1.5108353,0.31603628,-1.7333199,-1.4431766,-0.66245234,-0.047871172,0.17587411,1.950694,-0.5622331,-2.3822057,-0.9700376,-2.1489427,0.47505704,0.7021998,-0.08379084,1.4352342,-0.6685532,0.20008689,1.7393049,-0.4480443,1.3628755,-0.23365965,0.07708041,0.051339984,0.31389683,0.98099715,-1.4330384,-0.5371914,-1.0047088,-1.6724635,-0.7199382,1.4767143,-1.2268379,-1.3459198,-0.59809005,-0.8418079,-0.541486,1.2954309,1.1955292,-0.4235691,-1.078041,-1.5115952,0.85356385,1.2388576,0.8790555,-0.32732582,1.0942554,0.841443,1.5730606,-0.7126815,1.2231636,-0.4967037,-0.3214408,-0.00868275,1.681993
Hs 746.T,5.4490314,4.2512817,2.3467367,-3.475036,-1.0129118,0.76683855,0.4329553,0.7604784,0.0019542794,-4.845258,0.7767394,-1.6214836,4.712165,1.3179003,1.8935691,3.714072,2.4973662,-0.95126396,2.2538068,-3.3520875,0.82214224,4.6368985,5.199214,3.7870216,-0.47704467,1.7322673,-1.6186557,2.495083,3.8661082,-0.005367346,-2.1859465,-2.1739478,7.3428793,-3.3232718,-3.3777208,-0.24969018,2.0953975,-2.4169595,0.111248374,-5.0556192,3.1956816,-4.9272437,3.2596653,-2.140096,1.0005563,6.6049776,-3.579159,-4.9892783,2.3541803,-1.7610872,-2.3567078,5.08282,4.760021,1.376017,-4.0428977,-3.46074,-0.8893711,-1.9597493,-6.786118,-1.2247984,-1.2038611,4.768765,1.9570012,-0.42500314,2.4499402,0.24461006,-4.2411394,-1.9096419,-1.7446489,3.642158,4.4524703,0.25144863,5.376391,-2.9267824,-3.322267,-1.9070648,1.3744899,0.6543153,0.4704592,-1.0605642,-2.468937,1.2558043,6.2241154,-6.7784867,-0.68004245,-2.8486538,0.76193255,-4.2254643,-2.537502,-0.41514587,0.13364941,-1.1895915,2.0388772,3.6158648,1.1936156,2.4975345,0.6060276
22Rv1,-1.4676865,-1.1408564,-0.07720073,-0.09354327,0.36755782,0.13185537,-0.34848395,-0.23057811,-0.48246032,-1.260539,1.7964493,-0.33363128,-0.7952147,-1.3989457,0.1282939,0.7851027,-0.39957502,0.87960845,-1.1854573,-0.5026106,-0.81483585,0.06924355,-1.485676,-0.8300515,0.18234755,0.2205028,-1.1863704,0.27052405,-1.3407652,-0.75447935,1.4837457,0.74610883,0.041434325,0.36658406,0.6059934,0.3828804,-1.2274951,-0.51304865,0.5381838,-0.003947852,0.9280257,0.07428925,1.5989923,0.06921643,-1.5735494,-0.78583145,-0.09452432,-0.17597973,0.16578402,0.7455492,-0.82276076,-1.0594062,-0.16743192,-1.3844895,0.049235284,0.72293216,-0.6376443,1.6080171,-0.05228977,0.09586195,0.22168638,0.013853852,-0.0032327534,0.39808416,0.38314456,-0.31314135,0.7206723,0.1910361,-0.4696503,-0.3590502,-0.51704246,-0.5462243,-0.12881786,1.8809671,-1.5344198,-0.45396695,-0.6952058,-0.27964008,-0.029628532,0.36274093,0.7291653,-0.69178885,-0.4167987,-1.2992162,0.5241672,1.1294614,0.66510254,0.64613473,0.85543096,0.943119,0.2874614,-0.30709264,1.2182939,0.031642936,-0.42321613,0.30147842,1.7826024
NCI-H1573,1.4659146,1.2159369,0.37530625,-0.5736324,-0.5492142,-0.33171508,0.5562033,0.5472184,0.12717137,-1.2826751,0.22697362,-0.49959302,1.7081752,0.9942958,-0.07410243,0.8064778,0.3658988,0.2997358,0.57693344,-0.84386015,0.40142438,1.417954,1.5101157,1.2442195,0.43051848,-0.036159895,0.105525576,0.73660964,1.6815048,-0.13379778,-1.3120747,-1.210324,2.3636231,-1.3608137,-1.1193179,0.24325834,1.3711479,-0.044938415,0.025872692,-1.8698993,0.5098169,-1.2679182,-0.047004703,-0.90845656,0.14314143,1.0097636,-0.64228654,-1.2638593,0.39854532,-1.226274,-0.6965273,1.3595997,1.2469348,1.0164332,-0.98156947,-1.1833673,-0.6729222,-0.94100386,-1.6678003,-1.1143628,0.24832414,0.9506842,1.1790932,0.34193805,0.5734755,1.0412531,-1.7185582,-0.15388644,0.102657385,0.45082617,1.3799762,0.0005734563,1.431362,-1.8706217,-0.8029857,-0.8434391,0.13518195,-0.05389773,0.06243118,0.63092184,-0.59649163,0.7421706,2.213112,-1.6163011,-0.7058727,-1.4441434,0.5570533,-1.5824463,-0.6731153,-0.10776552,-0.4578641,0.5323024,0.90345645,1.1162167,1.0772568,0.17759421,0.2704745
MEC-1,-1.610226,-1.0959648,0.4793063,-0.27261537,-0.1422295,-0.05991123,-1.0398357,-0.6961562,-0.30971247,-0.939732,2.301624,-0.56638056,-0.87432224,-1.8356003,0.87408614,0.64674675,-0.3656418,1.2623684,-1.047425,-0.30183566,-1.1256391,-0.65121895,-1.7536939,-1.5263008,0.6283454,0.49898988,-1.0631089,0.37862667,-1.9326484,-1.4422892,1.9578084,0.73927623,-0.5242208,0.32341152,0.8335625,0.65529794,-0.9997303,-0.18178883,1.392031,-0.58102894,1.3255242,0.51095504,1.7767135,-0.047884963,-1.7547201,-1.2326438,-0.5646454,-0.36426264,0.17101756,1.4496238,-0.7791586,-2.0105097,-0.50953436,-1.9699893,0.33738446,0.7865113,-0.43977243,1.775354,-0.606102,0.17540115,1.1495193,-0.21485591,0.7629639,-0.004175395,0.17373101,-0.2296194,0.50646126,0.4868146,-1.1122332,-0.41193682,-0.83789563,-1.2988775,-0.50756353,1.9086273,-1.5488702,-0.9606977,-0.75220764,-0.64237666,-0.37189132,0.88010347,0.9300843,-0.8042077,-0.88580143,-1.5156342,0.79372454,1.4146366,0.8036299,0.15018693,1.1379013,0.9484408,0.9298963,-0.40790373,1.4511967,-0.13048266,-0.33939728,0.16980942,1.834381
SW48,3.878937,3.543831,1.3347933,-2.436016,0.22381146,0.9030955,0.09171332,0.0893471,-1.2011608,-4.508095,1.9013922,-0.6401649,2.6832554,0.7851442,1.1195526,3.283009,2.1697345,-1.3131713,1.5516353,-3.0608654,0.14253798,4.706467,3.4317026,3.3110824,-0.76843417,2.116517,-2.1142685,1.7881323,2.5426095,0.4730689,-1.3183508,-0.7920342,6.1286435,-1.7216946,-2.0067627,0.36095703,1.0724835,-2.2464385,0.18255009,-2.8811007,3.4953246,-4.695701,3.2324908,-1.4900205,0.36135978,6.262346,-2.4932997,-4.293901,2.0503356,-0.6896903,-1.486979,4.7276635,3.7396483,0.78273475,-3.8898342,-2.3917189,-1.0860407,-0.48574877,-5.068269,-0.1618174,-2.4107296,4.8188086,0.9002185,0.16153955,2.1107137,-1.111084,-3.2408648,-1.7471253,-1.5429462,3.3437765,3.079626,1.0931139,4.4850917,-0.8153044,-3.073027,-1.4777346,0.7934277,0.53005236,0.721919,-1.734873,-2.28587,1.1163789,5.4860096,-6.030147,-0.483572,-1.4551427,0.27854687,-2.671883,-2.1113951,-0.036918506,0.06496747,-1.8172787,1.7098787,3.1397161,0.34645247,2.3065233,0.4450703
SNU-16,4.771677,4.197746,2.093535,-3.4451568,-0.09373836,1.311658,0.20597272,0.43810984,-0.77109516,-4.9751415,1.5165762,-1.0082734,3.5927181,0.963107,1.7605774,3.8618448,2.6714733,-1.5552428,2.1442673,-3.4047353,0.54679966,4.8818884,4.217815,3.6468487,-0.9670457,2.3412874,-2.410939,2.3021894,3.1797752,0.17416799,-1.6740552,-1.3044019,7.0308604,-2.4884074,-2.9530914,0.045440197,1.2440032,-2.5834959,0.04229097,-3.8069997,3.801408,-4.943766,3.7378097,-1.5166633,1.0583712,7.155275,-3.3818269,-4.8375287,2.58629,-0.99469364,-1.7910011,5.594173,4.3997545,0.96325123,-4.701152,-3.127388,-0.77707165,-0.99422795,-6.2011414,-0.44291338,-2.3649735,5.2750807,1.1008154,-0.39104456,2.3516653,-0.78018177,-3.719605,-1.8748139,-1.9583602,3.8049698,3.9235756,1.111805,4.7982893,-1.6455593,-3.2854152,-1.550728,1.5461481,0.7705484,0.69512016,-2.0563455,-2.7106442,1.3604058,6.337819,-6.796444,-0.38788262,-1.9223024,0.32282734,-3.4844713,-2.4649012,-0.26859534,0.25705248,-2.0535135,1.7747254,3.6057775,0.39449313,2.880668,0.47671732
NCI-H2009,-2.1211588,-1.0710876,1.1812618,-0.63814414,-0.38004372,-0.12276964,-1.6263952,-1.2550565,0.02971629,-0.29074183,2.3072863,-0.7537996,-0.99213547,-2.3870115,1.6082708,0.54389817,-0.13858217,1.6810486,-0.60737926,0.14163658,-1.365444,-1.6163049,-1.7802039,-1.8960267,0.77992827,1.2199565,-0.8920192,0.77650857,-2.5258706,-2.3038871,2.529078,0.54273355,-1.27373,0.3299765,0.854094,0.5639092,-0.73093027,-0.18774079,2.1364675,-1.0076933,1.1443565,1.1221274,1.5478654,0.41237712,-1.9591111,-1.5488474,-0.7450322,0.012413174,0.1502887,2.1514869,-0.6673023,-2.6645346,-1.1316193,-2.3212545,0.57676345,0.8653155,0.045010116,1.6211344,-0.8058386,0.3085996,1.863316,-0.5180605,1.3987448,-0.35174766,-0.07735123,-0.03836043,0.39584678,0.92752236,-1.5421991,-0.6259052,-1.1912184,-1.9208392,-0.84501916,1.8505826,-1.4240547,-1.4442416,-0.5219728,-0.8119912,-0.55910754,1.2883304,1.3582976,-0.60543495,-1.3016953,-1.7589089,0.9643847,1.4712052,0.8615777,-0.3059878,1.1932256,0.83067375,1.7655377,-0.7842832,1.2845193,-0.59556854,-0.36581194,0.09096229,1.8129818
OC 316,2.1085618,1.8944421,1.0350847,-1.9267962,0.3858121,0.49393874,0.15382053,0.2669494,-0.52022,-2.4375389,0.9182635,-0.26550344,1.2693583,0.6698915,0.6530838,1.8166591,1.1638024,-0.7719767,0.9880287,-1.8419267,-0.13722596,2.5959716,2.1866045,1.8075352,-0.7160976,1.3323839,-1.502611,1.0709641,1.43453,0.28156197,-0.5123213,-0.23436037,3.3846903,-0.8917007,-1.2948339,0.04378526,0.2833903,-1.3178114,-0.10463755,-1.6717995,1.8880076,-2.6138883,1.9504105,-0.5402035,0.18660201,3.4700506,-1.5269428,-2.1922145,1.5342734,-0.22044614,-1.0715599,2.932904,2.2376728,0.3625687,-2.4192574,-1.5197896,-0.48379177,-0.035057563,-2.7465124,0.1598666,-1.4625865,2.745802,0.3200793,0.17305218,1.4175411,-0.54837376,-1.2733132,-1.1146017,-1.1350831,1.8603851,1.7975194,0.7871935,2.4812803,-0.38839123,-1.6125529,-0.90870494,0.4166274,0.56845117,0.4391135,-1.0046787,-1.5594031,0.6086432,3.0286305,-3.516601,-0.002139816,-0.61707884,0.014222188,-1.4483548,-1.3572791,-0.044448674,0.11586033,-1.2960705,0.8759804,1.6967775,0.18043444,1.4601393,0.47714034
SNU-324,5.388558,5.067668,2.451991,-5.6393766,2.0799234,1.8397884,0.28401324,0.90391994,-3.4585261,-9.313977,5.062465,-0.95410144,3.0167744,0.4958285,1.2749354,6.652349,4.082654,-3.2068877,2.0094326,-6.49045,-1.0252532,9.820525,4.719454,5.6578813,-2.430913,3.7737043,-7.305386,2.7756214,2.9614801,1.9505221,-1.0802428,0.42681327,11.549195,-2.1268454,-3.1902993,0.7346082,-0.7201474,-5.256936,-1.0324134,-4.2438426,6.8485665,-8.674851,8.758824,-1.9841124,-0.06621544,11.747204,-4.6124487,-7.1647253,4.8593817,0.18624215,-3.5806367,10.512477,8.10316,0.17677668,-8.139841,-4.08173,-1.9391723,1.9815153,-8.138493,1.43041,-6.253483,9.582791,-0.5663262,1.192709,5.122688,-4.046917,-3.5251136,-3.9073143,-3.9719894,6.3741865,5.3332562,3.4312017,8.13174,0.97123015,-6.067842,-2.3700724,0.54664975,2.3055773,2.1946177,-4.3654814,-4.975867,1.632634,10.089857,-11.621176,0.41612604,-0.24642877,-0.60029346,-2.6881876,-4.354441,1.0477617,-0.09080188,-5.195645,3.1541162,6.301042,-1.3026866,4.768152,2.6108742
NCI-H1092,4.4501076,3.8195727,1.928884,-3.021068,-0.40678808,0.97684324,0.24927798,0.44369027,-0.49853832,-4.3765373,1.1575304,-1.0279273,3.6313622,1.0995284,1.4728597,3.3639286,2.2759624,-1.1591944,1.9322767,-3.0158525,0.67674094,4.2509193,4.091263,3.3092225,-0.63307744,1.933791,-1.8457648,2.158621,3.1685207,0.037395265,-1.6009729,-1.4372587,6.3849325,-2.3900135,-2.8399882,-0.01779758,1.4645375,-2.2755344,0.109151766,-3.698217,3.2991874,-4.466331,3.035508,-1.4917276,0.8986552,6.217087,-2.941619,-4.3607635,2.2543826,-1.1988611,-1.7364625,4.865273,3.888061,1.0530117,-4.0855074,-2.955791,-0.8226399,-1.1739265,-5.6184974,-0.75575906,-1.7857558,4.502277,1.3211107,-0.29581574,2.1249082,-0.24919532,-3.5126226,-1.6070333,-1.4973729,3.3269217,3.668396,0.8889757,4.4520907,-1.9177693,-2.9750257,-1.5007204,1.4896919,0.6105542,0.5145463,-1.4484521,-2.331683,1.2738097,5.6903334,-6.0134788,-0.5328525,-2.148064,0.4634868,-3.383393,-2.2287154,-0.2954329,0.12772427,-1.5258367,1.7469112,3.177652,0.6777828,2.364582,0.41875777
KM12,-1.1037148,-0.42408767,0.81352997,-0.42056292,-0.29733407,-0.3240751,-1.0192664,-0.63035446,0.00022745645,0.16245672,1.5040962,-0.50254536,-0.6033015,-0.9529552,0.7556549,0.2533156,-0.088546365,0.8671294,-0.22830096,0.031559125,-0.79243916,-0.76959085,-0.9006005,-0.9885068,0.4960859,0.7446552,-0.62235403,0.45659506,-1.3558803,-1.1351504,1.2259154,0.12507924,-0.58042514,0.06052094,0.503131,0.43162358,0.036391307,0.07391819,1.3242536,-0.818679,0.73028684,0.58510536,0.7015448,0.18465683,-1.1116369,-0.83194953,-0.39848667,0.05402358,0.036436126,1.2756805,-0.29909253,-1.2541598,-0.60120046,-1.3203636,0.24708626,0.3418926,0.00525688,0.8358103,-0.46171266,0.16218886,1.2470847,-0.2795646,1.0529487,-0.04897587,0.05057259,0.105932534,0.07911634,0.63196784,-0.8835017,-0.3012854,-0.6608208,-0.9665103,-0.4192933,0.74121404,-0.63843054,-1.0357041,-0.45112705,-0.44351515,-0.33887953,0.9368491,0.63232,-0.14277533,-0.59066594,-0.8708295,0.4229599,0.5789256,0.5522553,-0.32205614,0.5753319,0.32155907,1.0802,-0.47821844,0.75957906,-0.20940313,-0.13046178,-0.1674556,0.8968475
HCC38,2.290427,1.8286897,1.0373361,-1.7248238,-0.21441318,0.26977137,0.29439947,0.40739286,-0.13863075,-2.1345372,0.5395278,-0.52473503,1.7663425,0.84843725,0.519874,1.5445489,0.8973739,-0.39421973,0.92920995,-1.5861435,0.23633872,2.2684128,2.4171214,1.8400109,-0.3528854,0.8726868,-0.8549994,1.133554,1.7671682,0.06344081,-0.75390273,-0.73167557,3.2766378,-1.3358423,-1.5398041,-0.07706584,0.6910381,-1.1347584,-0.15331607,-2.0170217,1.493653,-2.4177656,1.3749344,-0.69755256,0.22749712,2.968373,-1.3768536,-2.0583951,1.293286,-0.72929305,-1.045326,2.3887477,2.0776596,0.646103,-1.9441571,-1.5899316,-0.62996197,-0.5992036,-2.7198036,-0.42995998,-0.8781298,2.2725909,0.7641598,0.07315478,1.3494258,0.27695596,-1.5115381,-0.8851117,-0.7335115,1.5924258,1.9289868,0.49156505,2.499707,-1.0344503,-1.506861,-0.9644674,0.42916614,0.36780435,0.19348194,-0.43654212,-1.2042326,0.7067574,2.901884,-2.9980578,-0.36140266,-1.2321806,0.2936222,-1.7572508,-1.2801404,-0.03395428,-0.053155575,-0.7971508,1.0364901,1.5020076,0.7034446,0.9359808,0.40372005
LOX-IMVI,1.1579976,1.0317366,0.48923862,-0.62852114,-0.16205941,0.2758882,0.01076078,0.065702036,-0.18015182,-1.2112889,0.4329789,-0.4289729,1.068599,0.08465096,0.49905947,1.0447475,0.75624716,-0.4182008,0.51615626,-0.74794245,0.20863831,1.1683234,1.0334519,0.99814063,-0.1527228,0.539736,-0.54712296,0.5886817,0.7508241,0.03380856,-0.5391584,-0.46574292,1.8058791,-0.7812228,-0.651592,-0.046419695,0.4204795,-0.70334774,0.079506874,-1.0511881,0.91777426,-1.181919,1.0348436,-0.5851691,0.21615104,1.791084,-0.92478216,-1.4452059,0.49075618,-0.22622705,-0.4357073,1.1851332,1.1033875,0.24509928,-1.0302716,-0.6634519,-0.23117796,-0.3388121,-1.5760494,-0.17049076,-0.43591172,1.2945858,0.42015037,-0.14750452,0.57091206,-0.21214491,-1.1243382,-0.4260191,-0.4606209,1.045021,1.017955,0.04576264,1.3444768,-0.5586615,-0.8557854,-0.41046515,0.3395334,0.021833342,0.122679636,-0.41957003,-0.6353269,0.277278,1.6612859,-1.6987145,-0.14733778,-0.6103911,0.25468442,-0.9786047,-0.600972,-0.07948787,0.091479085,-0.40391406,0.4692789,0.97714823,0.10591384,0.73065656,0.09126502
NCI-H358,3.2589214,2.71568,1.1605041,-1.7411466,-0.8669703,0.44534647,0.41871944,0.4537223,-0.02077794,-3.0495424,0.51823246,-0.98475885,3.4176157,0.8512635,0.78439564,2.3556445,1.2944882,-0.29189736,1.1725216,-1.9156833,0.9668164,2.8755624,2.829697,2.3715885,0.16177368,0.7893552,-0.6455322,1.7547153,2.7752502,-0.23683217,-1.9330398,-1.8128327,4.779239,-2.2971926,-2.1828866,0.07145294,1.8460468,-1.3672773,0.048096135,-3.0250244,1.9001331,-2.8588257,1.4166038,-1.2941138,0.7379367,3.916207,-2.0212812,-3.2302568,1.1170951,-1.5684885,-1.0481118,3.148198,2.601002,1.2119775,-2.5342655,-2.261651,-0.70235455,-1.5635024,-4.044531,-1.493483,-0.57724047,2.6929898,1.5736552,-0.33220035,1.2838833,0.82366514,-3.082266,-0.7567358,-0.41669774,1.9094872,2.8812203,0.297791,3.2295802,-2.277536,-2.1829464,-1.0552218,1.3842963,0.0588994,0.24797009,-0.4162347,-1.2119993,1.0844222,4.364081,-3.7784505,-0.8998698,-2.2129648,0.7786441,-2.869348,-1.390033,-0.21759164,-0.11236544,-0.092044055,1.6541167,2.2734678,0.9110469,1.2785059,0.1664983
Hs 936.T,2.038177,1.9402252,0.81871444,-1.5270118,0.31008995,0.6518554,0.08215487,0.07302048,-0.6755198,-2.42135,1.0504887,-0.2349688,1.2959151,0.47106236,0.5986815,1.8585202,1.2176499,-0.79312867,0.8785928,-1.7192578,0.07496974,2.5634658,1.8185128,1.7491138,-0.5403469,1.312373,-1.295946,1.0292239,1.3843979,0.17411801,-0.6991446,-0.3798762,3.3113713,-0.8915495,-1.208701,0.1887769,0.44211462,-1.233478,-0.02979225,-1.4298093,1.9364302,-2.5797546,1.819319,-0.55884725,0.29255646,3.520777,-1.3847057,-2.2124193,1.3266786,-0.25107163,-0.8118278,2.7767277,1.9679561,0.34006214,-2.3375885,-1.3685102,-0.4691488,-0.15831697,-2.744883,0.0294855,-1.5503136,2.6903017,0.30717224,0.09627977,1.2121398,-0.6703884,-1.5697515,-0.8872481,-0.956914,1.7347935,1.6320529,0.88994133,2.3170424,-0.31391087,-1.6228521,-0.7600328,0.58451784,0.43612185,0.46945423,-1.1494684,-1.3210882,0.6602773,3.048128,-3.3264382,-0.24993062,-0.69689524,0.04534478,-1.3617275,-1.1394004,-0.10321966,0.10693568,-1.1514901,0.8199456,1.6710202,-0.014490508,1.418759,0.29039714
NCI-H2347,3.4116426,3.1031313,1.4674778,-2.5368967,0.18509382,1.066397,0.12674884,0.22019282,-0.8152099,-3.771963,1.3594764,-0.5645952,2.4097214,0.72481054,1.1993291,2.9012213,1.9729842,-1.2433859,1.5159154,-2.5814173,0.3375915,3.8150392,3.0234835,2.7617152,-0.80032825,1.9245023,-1.9587386,1.70168,2.2843354,0.1749314,-1.1609777,-0.78046453,5.238421,-1.636988,-2.1342945,0.137149,0.75611514,-1.943935,-0.0029235333,-2.588835,2.970685,-3.8391714,2.867873,-0.99186695,0.7064505,5.477902,-2.4083252,-3.5663536,2.006072,-0.582803,-1.2490393,4.3296685,3.2089205,0.66065836,-3.6370065,-2.2622724,-0.6536728,-0.50686014,-4.476623,-0.18127327,-2.102811,4.1172357,0.65939945,-0.12788919,1.8284113,-0.7632999,-2.6514099,-1.3640567,-1.4719903,2.831566,2.8050551,1.1408684,3.5910854,-0.88891196,-2.4646864,-1.1327293,1.103268,0.6461587,0.5940545,-1.7023953,-2.0771544,1.0676488,4.806483,-5.1571608,-0.3305536,-1.2856895,0.14643337,-2.4083676,-1.837379,-0.18087082,0.17790185,-1.7447723,1.2843024,2.6934009,0.15725565,2.1950498,0.3998446
SU-DHL-4,2.4816134,2.1187131,1.2401171,-1.9761527,-0.165917,0.4501985,0.16445446,0.37161654,-0.21979667,-2.5472467,0.6001316,-0.6324809,2.0203052,0.5975817,0.8603559,1.9564159,1.3047049,-0.68355244,1.194929,-1.761312,0.25371525,2.4027011,2.525057,1.8901359,-0.45215827,1.179187,-1.2680324,1.2573473,1.7505095,0.052989848,-0.79450965,-0.7628723,3.6640778,-1.3471607,-1.6829516,-0.13869369,0.6448979,-1.3648041,-0.036131226,-2.177261,1.9097495,-2.599486,1.9013624,-0.7635509,0.446376,3.5187914,-1.7944304,-2.4256673,1.4619842,-0.5672229,-1.1980377,2.8403018,2.358327,0.54967433,-2.3944166,-1.7161608,-0.4331897,-0.54656,-3.2283795,-0.30119452,-1.0307678,2.6776648,0.6860222,-0.088511854,1.3422264,-0.22591607,-1.7977587,-1.0168648,-1.0489936,2.003212,2.1140587,0.43925273,2.5827022,-1.0306389,-1.6772176,-0.9177794,0.71228415,0.43847165,0.3209582,-0.7754494,-1.4818568,0.68579966,3.2327697,-3.5677478,-0.13505423,-1.134285,0.23568335,-1.9368418,-1.3738132,-0.07820388,0.1032273,-1.0252166,0.96761113,1.7619061,0.37712613,1.4267339,0.3623196
639V,0.17994648,0.15498728,0.1279139,-0.1340087,-0.13557361,-0.14742798,-0.004494611,0.021364361,0.067464486,-0.12619291,0.07091773,-0.13989541,0.2109683,0.075094126,-0.034793235,0.20358542,0.09410401,0.049215216,0.1297815,-0.1175812,0.050746873,0.1059818,0.25458694,0.1184473,0.11391915,0.024174852,-0.09910924,0.09938774,0.15086032,-0.026297241,-0.2163926,-0.23492908,0.3127718,-0.27112585,-0.07936032,-0.050014198,0.23730004,0.016157575,0.03340424,-0.29118967,0.0989478,-0.14240052,0.054265674,-0.1669534,-0.07165511,0.1275719,-0.1669215,-0.22137767,0.09211699,-0.0341899,-0.15615341,0.082309,0.13842426,0.07659908,-0.1419462,-0.19128317,-0.019075911,-0.102204636,-0.19959699,-0.15028998,0.109478086,0.109763436,0.19634889,0.09390567,0.09162429,0.08684282,-0.23276593,0.026725179,-0.042193905,0.09187575,0.19254781,-0.099720016,0.20950203,-0.28736466,-0.110601746,-0.18610644,-0.05815135,-0.052331276,-0.042302117,0.22565024,-0.09903115,0.09779185,0.2857748,-0.28899634,-0.014554307,-0.21346913,0.14917214,-0.2941741,-0.06981067,-0.0478084,-0.01208165,0.112617694,0.117521144,0.14402641,0.0828447,0.027918404,0.09233422
TUHR4TKB,-1.9390142,-1.0058904,1.090611,-0.58731985,-0.37724423,-0.14024156,-1.4677018,-1.0574892,0.031958234,-0.24567017,2.1634808,-0.6973103,-0.9249749,-2.1363122,1.4270037,0.48948553,-0.11773403,1.5339634,-0.6092521,0.11413024,-1.2359055,-1.4405504,-1.6384803,-1.7468995,0.7458686,1.0767679,-0.87226206,0.7124827,-2.3488457,-2.097136,2.345961,0.44566002,-1.1324431,0.25648296,0.777412,0.5050076,-0.69093686,-0.1610913,1.9267695,-0.9908408,1.097941,1.0464635,1.5062941,0.34710652,-1.8010206,-1.4671829,-0.67778015,-0.0003812164,0.14347444,1.9742599,-0.59549165,-2.4591706,-1.0292264,-2.1565006,0.536006,0.7697371,-0.018682662,1.4983727,-0.71215665,0.25743872,1.7541394,-0.46240547,1.2972643,-0.2826265,-0.0012929328,0.0049568224,0.35767978,0.9066071,-1.444314,-0.5537088,-1.0932521,-1.7416186,-0.79692787,1.6665359,-1.2916148,-1.3063916,-0.5502991,-0.77777684,-0.5264009,1.2356259,1.2300912,-0.53369796,-1.1970315,-1.5974913,0.88271445,1.3515075,0.8395225,-0.2865796,1.1109856,0.8071848,1.6002185,-0.72482115,1.2132777,-0.56111854,-0.3210919,0.05661571,1.7023393
HEC-251,-1.8221294,-0.87850904,1.0516076,-0.581198,-0.35682017,-0.20246679,-1.4213483,-0.9584951,0.059749454,-0.20873514,2.06474,-0.69574416,-0.84303546,-1.9882252,1.3296847,0.44349954,-0.10752111,1.4113374,-0.5293932,0.09571415,-1.1931679,-1.3505219,-1.5284811,-1.6328359,0.70733804,1.0478948,-0.8564476,0.70779574,-2.1958396,-1.9965898,2.2200465,0.40210468,-1.0328578,0.16763613,0.7494936,0.50032336,-0.5736075,-0.09838957,1.8216398,-0.9889668,1.0613576,0.97834605,1.4238126,0.32373875,-1.6795636,-1.3636512,-0.6292137,-0.03759738,0.1572468,1.8969315,-0.55359846,-2.2829912,-0.9663596,-2.0180907,0.46447253,0.6791447,-0.039771985,1.3771409,-0.68217343,0.24506408,1.674861,-0.44379863,1.2991033,-0.23139581,0.029833373,0.0049473788,0.27565396,0.86473835,-1.3680977,-0.49295714,-1.0166103,-1.6389072,-0.8027728,1.5324278,-1.1334105,-1.2790557,-0.5418112,-0.7498829,-0.51216686,1.1962798,1.1559051,-0.4260356,-1.0417132,-1.5058348,0.839277,1.2355727,0.76751167,-0.31889918,1.0328279,0.7709647,1.5256212,-0.7024776,1.1441954,-0.5087569,-0.26194355,-0.015603695,1.6055858
HuH-28,-0.5217685,0.05460769,0.33871394,-0.2524094,0.047541864,-0.41190392,-0.6644784,-0.68878067,-0.14873545,0.12063405,1.2714552,-0.39779052,-0.3907254,-0.228521,0.28523442,0.20856948,-0.34718025,0.46048117,0.077794984,-0.22022142,-0.57384944,-0.030432172,-0.47974434,-0.30708948,0.33615854,0.5232114,-0.4412883,0.38172588,-0.35952654,-0.458149,0.33536226,0.17959934,0.02372878,0.17474127,0.49685636,0.5631729,0.54700315,0.2843019,1.032166,-0.361494,0.6843818,0.04677671,-0.04737522,0.018999994,-1.0756887,-0.19807304,-0.061620537,-0.018605828,-0.016702542,0.64833415,-0.29146102,-0.16876689,-0.15138519,-0.7803985,-0.050845914,-0.019651044,-0.20420474,0.59878486,-0.4880099,0.04684058,0.73462725,0.0076154973,1.0591432,0.34287092,0.105612144,-0.057134196,-0.14403576,0.2657086,-0.09553026,-0.2477249,-0.38318062,-0.5976113,-0.022436041,0.33003688,-0.5954598,-1.1543006,-0.523132,-0.035667036,-0.16350521,0.7967829,0.36244518,0.07639831,0.19793892,-0.5790222,-0.15690202,-0.106676,0.25047934,-0.38117704,0.20239247,-0.0642857,0.55832416,-0.1312655,0.7414293,0.15935233,0.19377622,-0.21356708,0.4609054
HDQ-P1,-1.5435345,-1.2857964,0.12749368,-0.12257691,0.29107404,0.114271365,-0.53142875,-0.40319034,-0.44629565,-1.2047551,1.8864411,-0.3769306,-0.84154797,-1.6246326,0.45265526,0.84193575,-0.26307818,1.0217124,-1.131354,-0.37117273,-0.95085025,-0.29904398,-1.6832876,-1.0885339,0.21470648,0.2666695,-1.1038859,0.17870815,-1.63583,-0.96113986,1.618255,0.90562266,-0.14860302,0.43511406,0.6728554,0.31836757,-1.2309189,-0.5320046,0.7835992,-0.08412287,0.9019578,0.26305684,1.7580084,0.099124365,-1.5888216,-0.96127385,-0.31782636,-0.1471219,0.15563016,0.8709646,-0.88068527,-1.4409623,-0.26324368,-1.5721318,0.17566775,0.8782991,-0.44020778,1.7476689,-0.21773069,0.12377445,0.5070031,-0.18835188,0.009047614,0.19164968,0.23948891,-0.38861474,0.7570024,0.21967043,-0.76606303,-0.40361455,-0.54091996,-0.77968884,-0.14902274,1.9620658,-1.6650182,-0.56414455,-0.54851836,-0.38352776,-0.105109766,0.45836696,0.7695029,-0.81421953,-0.70388335,-1.5103291,0.7618348,1.3299457,0.7332675,0.4842064,0.9500932,0.91798776,0.51112705,-0.27394935,1.3137941,-0.0150287505,-0.45695117,0.40701923,1.7929635
SET-2,-2.3154876,-0.56262714,1.7847607,-1.1347368,-0.7500765,-0.6947448,-2.4337325,-1.5728799,0.060930997,0.084063575,3.1261942,-1.0418507,-1.1422901,-2.4721186,1.945937,0.29906875,-0.2781028,1.8767402,-0.2627387,-0.053781185,-1.7370416,-1.726841,-1.7635449,-2.169862,1.4226029,1.6851033,-1.1442299,1.1686814,-2.7665946,-2.624718,2.4217138,0.5152809,-1.3500454,0.1183823,1.0111291,1.3580928,0.06188405,0.60602313,2.8592033,-1.6561035,1.6586297,1.2876273,1.2409387,0.27732056,-2.174949,-1.756429,-1.1733295,-0.30404967,0.12165494,3.0737734,-0.59017193,-2.6407285,-1.0478778,-2.5337355,0.37732428,0.3440253,-0.038449574,1.7052099,-1.3225113,0.46642897,2.6147218,-0.31783196,2.6261566,-0.37611675,-0.015451137,0.022629492,-0.012829823,1.1430229,-1.8314909,-0.7225044,-1.4968984,-2.312081,-0.977938,1.40364,-1.052545,-2.4546773,-0.8372108,-0.81997347,-0.7229086,1.9476203,1.2619013,-0.22617608,-0.872709,-1.755591,0.8816754,1.437792,0.6895377,-0.911209,0.96312946,0.6727732,2.060717,-0.9230295,1.4056022,-0.34600756,-0.10122492,-0.31715214,1.7115006
PaTu 8902,1.3576802,1.5525073,0.016685355,-0.186594,-0.16802633,0.034364894,-0.1429537,-0.25206113,-0.7346221,-1.9584669,1.492515,-0.36501184,1.1754358,0.4345691,0.31220475,1.3355966,0.8208657,-0.36855504,0.2566814,-1.3207799,0.038883135,2.3763046,1.0329695,1.535833,0.013406588,0.6804961,-0.48964614,0.7424661,1.0287441,0.2815897,-1.0132467,-0.13502935,2.7316353,-0.7202653,-0.33949572,0.5765015,1.0407748,-0.6462315,0.52546835,-1.1849139,1.7489184,-2.117519,1.086956,-1.3151859,-0.4062549,2.4703853,-0.92651975,-2.3629541,0.33789477,-0.21520182,-0.3906729,1.570189,1.403838,0.3422078,-1.3980312,-0.6858595,-0.9404681,-0.24615042,-2.1859064,-0.51007074,-0.8415021,1.9393597,0.72956973,0.17120974,0.81178564,-0.67724246,-1.8774147,-0.7301301,-0.32940522,1.3622808,1.1874597,0.009282324,2.1475945,-0.31391975,-1.6658471,-0.91390926,-0.21106206,-0.18051818,0.34108478,-0.6464653,-0.6887791,0.18821493,2.530995,-2.5901897,-0.45121872,-0.955999,0.6116443,-1.3077189,-0.5422703,-0.033613957,-0.05365384,-0.22820628,1.1222041,1.6434989,0.3088406,0.8565691,-0.20399949
PC-3,3.9353364,3.4169197,1.603157,-2.5669258,-0.27904132,1.0022422,0.19179374,0.32888597,-0.5435856,-3.9118161,1.2340286,-0.913096,3.0654092,0.9041533,1.2808614,3.0375998,1.9808916,-1.0597763,1.6168115,-2.685134,0.66597486,3.892671,3.398875,3.025506,-0.6210932,1.7373233,-1.5663568,1.891357,2.7126646,0.093088865,-1.4881272,-1.190155,5.7288847,-2.1856833,-2.399829,0.057674117,1.2770195,-1.9912192,0.06740816,-3.0778108,2.8965962,-3.9713476,2.735782,-1.3364171,0.7928031,5.613697,-2.5958838,-3.8934317,1.9286494,-1.0945414,-1.3682226,4.3013954,3.394049,0.88739175,-3.5939682,-2.4754958,-0.76321685,-1.0523192,-4.9706745,-0.6212704,-1.7713693,4.0582333,1.114065,-0.26037586,1.8824233,-0.27178738,-3.1858127,-1.3834373,-1.2742561,2.8699079,3.1996024,0.93862635,3.9473288,-1.5394769,-2.7293572,-1.3083326,1.2278565,0.49001518,0.45575166,-1.4788682,-1.9535505,1.1606891,5.176865,-5.2858324,-0.5799046,-1.876187,0.39509553,-2.9203722,-1.9117311,-0.2575742,0.050979476,-1.4338104,1.6132902,2.900724,0.59709126,2.0888596,0.38064507
SNU-1076,3.9389746,3.636872,1.9780335,-3.7583005,0.90485907,1.2987316,0.14567669,0.5546746,-1.6482781,-5.546556,2.4908485,-0.73049283,2.4788642,0.5350685,1.2536111,4.157038,2.751355,-1.9660039,1.7674192,-3.8966877,-0.23682758,5.725842,3.6439085,3.7206483,-1.41463,2.5927765,-4.0003433,2.1006067,2.3057897,0.83066297,-0.97426236,-0.23845401,7.3103557,-1.7984986,-2.4602244,0.2256893,0.058163095,-3.2006013,-0.43639925,-3.179244,4.169318,-5.4701767,5.1004524,-1.216596,0.4845494,7.5763636,-3.2252924,-4.695117,2.9957001,-0.13493967,-2.1314828,6.488775,4.9185553,0.41685897,-5.1739326,-2.907299,-0.985144,0.4754984,-5.663561,0.60488814,-3.476372,6.024393,0.14807825,0.27970946,3.0769773,-2.039319,-2.715848,-2.3567,-2.5216749,4.2149105,3.655866,1.8203259,5.151419,-0.18650246,-3.5803902,-1.560667,0.8498969,1.2617977,1.1551052,-2.6711955,-3.1567752,1.2396466,6.547339,-7.348003,0.11245367,-0.75010103,-0.2565999,-2.3762522,-2.8633084,0.2892471,0.16407605,-3.1427689,1.7318994,3.902684,-0.4311778,3.1312644,1.2253996
Hs 766T,0.9428815,1.1996807,-0.5193064,-0.3903051,1.4441041,-0.31065413,0.20707524,-0.19006315,-1.5289035,-2.7309902,3.0045478,0.19804992,-0.38624933,0.7381498,-0.57099533,1.7583624,0.24236506,-0.3678951,-0.0149252415,-2.3389788,-1.074327,3.5436833,0.573398,1.5512273,-0.6911408,0.83075315,-2.1334014,0.16959824,0.70885825,0.97562456,-0.5478292,0.91705936,3.1765401,0.5985482,0.39426866,1.2207301,0.3716776,-1.1280003,0.37968844,-0.3797236,2.4140058,-2.6963067,1.7589351,-0.77934086,-1.5071719,2.8666031,-0.52456665,-2.0063407,0.9028333,0.26164097,-1.1451418,2.6603477,2.0272822,-0.28242478,-1.9759859,-0.4839046,-1.4353341,1.214832,-1.7836652,0.646586,-2.1660619,2.9173295,-0.10428389,1.6995183,1.4130223,-1.5641248,-0.5027755,-1.0077858,-0.34151533,1.2133048,0.80723804,1.0055246,2.5362155,1.4274896,-2.4908495,-1.3228167,-1.2044727,0.29825357,0.84239465,-0.74770105,-1.1788188,-0.13687196,2.574424,-3.2277482,-0.25709626,0.15739295,0.13131256,-0.06336057,-0.84443533,0.29049584,-0.38269293,-1.0654088,1.6097231,1.5162367,-0.08974329,1.0897163,0.73372626
SU.86.86,3.0611112,2.852468,1.0260472,-1.6959624,-0.14196612,0.64078987,0.07850617,-0.028422859,-0.70923865,-3.156774,1.1710054,-0.5727016,2.340474,0.76160634,0.97731453,2.3269532,1.6388754,-0.8311452,1.2720413,-2.0926714,0.29465643,3.180771,2.654229,2.461123,-0.38175723,1.483237,-1.0413182,1.3650044,2.0986876,0.2000044,-1.1819942,-0.84322876,4.4874806,-1.5373782,-1.5944958,0.14860593,1.2361671,-1.4901091,0.40499312,-2.3063302,2.4005556,-3.3286278,2.0308719,-1.3204786,0.33504373,4.43224,-1.8476139,-3.3172255,1.3915223,-0.79832715,-0.99601984,3.1551762,2.616149,0.7447094,-2.711742,-1.7576514,-0.7069731,-0.7756975,-3.891993,-0.43009907,-1.3459524,3.2777863,1.0165129,-0.079722136,1.331379,-0.56334513,-2.7768548,-1.1372916,-1.0473719,2.3219502,2.3769538,0.5772394,3.3094165,-1.1026846,-2.214482,-1.1487658,0.71094245,0.16253148,0.4505065,-1.0929435,-1.5231344,0.81863546,4.043457,-4.3178353,-0.40866175,-1.3956445,0.37102896,-2.4080317,-1.4242276,-0.21452722,0.07586323,-1.0250732,1.2775444,2.337264,0.47842702,1.6006027,0.12068129
JMSU-1,-2.0296404,-1.0235868,1.1734169,-0.6483428,-0.44311994,-0.18780965,-1.5619895,-1.0745996,0.07375327,-0.19478126,2.2796562,-0.74763334,-0.94226533,-2.1894207,1.5002077,0.46153605,-0.07917708,1.5941504,-0.60581374,0.15124029,-1.2952296,-1.5179468,-1.6881133,-1.8316324,0.84106237,1.1351279,-0.9158977,0.76821446,-2.4466655,-2.1942728,2.4596803,0.41243115,-1.1773125,0.22391123,0.81394297,0.5479407,-0.67945224,-0.16061857,2.0100055,-1.1085359,1.1536702,1.1174444,1.58045,0.35498542,-1.8432804,-1.5277381,-0.70386255,0.0025174841,0.1659071,2.1093302,-0.6022234,-2.5832798,-1.0795151,-2.2619815,0.5428618,0.7468256,-0.028223474,1.5381432,-0.73369336,0.25915474,1.8659885,-0.4841962,1.4000518,-0.29565105,0.024869908,0.02700783,0.34010553,1.0018731,-1.5213933,-0.56532794,-1.1296576,-1.8313451,-0.8414767,1.6704971,-1.3112026,-1.3889151,-0.5976062,-0.848169,-0.57494575,1.3436406,1.2795272,-0.49616075,-1.2319846,-1.6502342,0.9252345,1.3883307,0.9059037,-0.3289685,1.1241413,0.8579622,1.705954,-0.7690901,1.2559699,-0.5889472,-0.3303052,0.02444707,1.7681303
NCI-H2170,2.6360195,2.3390608,1.0889812,-1.8544648,0.06852437,0.6764944,0.12829413,0.1699937,-0.57471436,-2.7976415,0.9921469,-0.4567137,1.8746738,0.64701295,0.83828926,2.1258078,1.4384569,-0.86064357,1.1380309,-1.9328808,0.26634744,2.8507988,2.401474,2.1209257,-0.5338137,1.3949362,-1.3160162,1.3026692,1.7877802,0.14103577,-0.8591779,-0.6254654,3.965052,-1.259574,-1.5855207,0.06283814,0.6687269,-1.4460897,0.04371839,-1.9940364,2.1691399,-2.9495816,2.0576844,-0.7904882,0.42398092,4.0337343,-1.7369576,-2.691241,1.4805533,-0.5189931,-1.019922,3.149877,2.3660192,0.554585,-2.6665316,-1.717988,-0.5544929,-0.43296713,-3.3589857,-0.19048259,-1.4694917,3.0293474,0.6186389,-0.01833538,1.3799094,-0.45936742,-2.004953,-1.0479494,-1.0191423,2.103138,2.1374252,0.8162322,2.8226435,-0.7858136,-1.8786306,-0.93314266,0.76967967,0.44138798,0.40453866,-1.1030926,-1.5518652,0.80790484,3.604084,-3.8602757,-0.2928237,-1.0909712,0.18462835,-1.8983294,-1.3908564,-0.15799081,0.085208446,-1.208361,1.0435808,2.0032434,0.26605177,1.5496265,0.3176418
TE-9,2.0406544,1.7862014,0.5059847,-0.8765792,-0.784701,0.10521165,0.5240407,0.3275578,0.10183997,-1.9733341,0.4097689,-0.7617074,2.3141224,0.5416611,0.13242131,1.5399431,0.77506965,0.04157689,0.6646604,-1.2432938,0.8262098,1.9275175,1.6231645,1.637669,0.5894656,0.36513263,-0.20468852,1.1516473,2.0444815,-0.08875763,-1.8514776,-1.6081767,3.2609265,-1.8219638,-1.428749,0.15805878,1.6573615,-0.6292884,-0.03150638,-2.028396,1.0745059,-1.6467572,0.47061995,-0.86018854,0.46773547,2.1880143,-1.1297475,-2.1879952,0.4157042,-1.2184426,-0.6434989,1.9242316,1.6938039,1.0391507,-1.3987657,-1.6055627,-0.7040867,-1.1886923,-2.4312685,-1.3243638,-0.10644467,1.6530252,1.3615365,-0.09539746,0.5392174,0.8699094,-2.3815873,-0.24651758,0.053141914,0.87946475,1.8200411,0.04560276,1.9637334,-2.016288,-1.3006393,-0.77232,0.867933,-0.14386274,0.09683775,0.12050041,-0.7247627,0.91668034,3.1314003,-2.115099,-0.7551555,-1.6142545,0.6598178,-1.9351746,-0.7737022,-0.1529887,-0.27802777,0.617102,1.200963,1.6376364,0.88606566,0.6503075,0.1055696
MES-SA,5.2522593,4.654972,2.1429887,-3.5301096,-0.20510271,1.3874342,0.18393762,0.3727173,-1.0165542,-5.4847093,1.8247823,-1.1600137,4.016868,1.1042918,1.761504,4.274698,2.8703482,-1.6566546,2.310033,-3.6767185,0.63698804,5.4259334,4.6534486,4.171715,-0.89029,2.6492033,-2.3845484,2.5523257,3.5856702,0.171628,-1.7703657,-1.4227004,7.8532314,-2.6846757,-3.2056956,0.039205804,1.5913743,-2.7830415,0.2391693,-4.133213,4.1945624,-5.659797,3.9759371,-1.7907654,0.9629598,7.869222,-3.515333,-5.3951116,2.6984777,-1.2250758,-1.9587468,5.979257,4.7187037,1.1363462,-5.017308,-3.3062925,-1.0310677,-1.2076513,-6.8154893,-0.5348024,-2.538943,5.7654004,1.4591075,-0.29369128,2.5920756,-0.82702297,-4.3199873,-2.0054631,-1.9478768,4.1501493,4.2621655,1.2587155,5.4857817,-1.8409488,-3.6870234,-1.7978666,1.6327665,0.68422407,0.77268255,-2.078351,-2.833816,1.5647238,7.09275,-7.423375,-0.53104097,-2.3501387,0.37383342,-3.9152896,-2.6159878,-0.33646148,0.21547152,-2.3082056,1.9993144,3.9562485,0.6208009,2.9532056,0.46404147
Toledo,2.0948603,1.7876016,1.1694589,-2.0015311,0.2370718,0.668737,0.08468437,0.41214788,-0.6559666,-2.8227987,1.1229168,-0.637844,1.5279899,0.11648327,0.76092154,2.1771333,1.4422005,-0.9646176,0.9003157,-1.937378,0.040557273,2.8698676,2.0314176,1.9773028,-0.64402366,1.1535711,-1.9940525,1.1144409,1.2553391,0.37390703,-0.62026656,-0.37617144,3.8758588,-1.2196741,-1.3711585,-0.053597495,-0.014400244,-1.65511,-0.40602186,-1.8038983,2.053182,-2.6833625,2.7326784,-0.6881536,0.4845876,3.8574502,-1.9385581,-2.477881,1.5405586,-0.24804008,-1.1217138,3.2061234,2.5838091,0.18182173,-2.606935,-1.506371,-0.49431288,0.09323789,-3.0478332,0.15371315,-1.7262934,3.0851586,0.13480954,-0.041267745,1.6418498,-0.7765375,-1.4502176,-1.1640462,-1.3163325,2.2195575,2.1264207,0.71924907,2.6584377,-0.36983785,-1.8497477,-0.7561631,0.5303817,0.5707632,0.50021976,-1.3377732,-1.6256377,0.64939076,3.5294793,-3.7310362,-0.06281176,-0.6297385,0.07402533,-1.3732873,-1.4922414,0.18283597,0.057695728,-1.5276256,0.99244034,2.0862932,-0.14798152,1.6515571,0.71055543
NCI-H1048,-2.1062,-1.1400896,0.77853936,-0.3710469,0.12501256,-0.25695318,-1.46835,-0.96278715,-0.30040127,-0.30588633,2.9877615,-0.6301791,-1.4060069,-1.8136204,0.9311941,0.7109684,-0.65866655,1.468776,-0.92844284,-0.41598186,-1.6438136,-0.6602683,-2.1038969,-1.5949792,0.42746797,1.0075899,-1.5746661,0.5105153,-2.2483454,-1.6956606,2.3050199,0.77787834,-0.7231283,0.63471276,1.2257528,0.9989296,-0.5353606,-0.14406165,2.0995517,-0.82296574,1.3962677,0.78968227,1.5002867,0.36724848,-2.4405563,-1.1904525,-0.4225788,-0.0621771,0.09348476,1.9288557,-0.6527152,-1.8283279,-0.7553787,-2.5463126,0.43297464,1.0075544,-0.45596695,1.9403707,-0.6192249,0.36626408,1.4156636,-0.23128268,1.3769275,0.26320985,0.22096337,-0.08102962,0.5920751,0.73213047,-1.1216321,-0.5809071,-1.1711837,-1.5879872,-0.7336864,2.134535,-1.8293277,-1.5252767,-1.1132916,-0.6076291,-0.3639083,1.2541336,1.2565973,-0.670308,-0.9912161,-1.5852792,0.7007376,1.2285233,0.8375665,0.19506818,1.3090293,0.8142331,1.4803815,-0.8707828,1.7440361,-0.23237641,-0.31802782,-0.026005503,1.8083816
NCI-H292,-1.8932072,-0.7890055,1.3506668,-0.7261169,-0.56329256,-0.45943227,-1.2432051,-0.83482766,0.3788324,0.51299953,1.710067,-0.6973045,-0.6784214,-1.4168388,1.2101945,0.082996204,0.0072069447,1.5601189,-0.078436054,0.36793962,-1.0585462,-1.5052426,-1.1423512,-1.3659225,0.5871939,1.1204939,-0.48092622,0.6129102,-1.934748,-2.0915961,2.2914953,-0.056638084,-1.1145064,0.021948613,0.427795,0.14718443,-0.18987776,-0.31653687,1.7433629,-1.2714381,0.34983626,1.3453482,0.8168364,0.40708548,-1.5233579,-1.3654206,-0.5029049,0.4307149,0.3102299,1.7857765,-0.35210657,-1.9179657,-1.1869259,-1.5896398,0.6005726,0.36238658,0.115908176,0.9561058,-0.3155044,0.26260024,1.7240891,-0.7224074,1.4985398,-0.16124694,0.035341468,0.38645756,0.3015339,1.1480697,-1.411089,-0.6705979,-0.9116277,-1.4085815,-0.61044395,0.5581384,-0.92195946,-1.3398755,-0.2910869,-0.424124,-0.38304725,1.4299831,1.1773639,-0.05019131,-1.0722942,-1.3258952,0.6570744,0.84642166,0.789078,-0.59126544,0.6178263,0.6195379,1.6964113,-0.7646892,0.90716,-0.88471293,-0.17403892,-0.23522884,1.3867924
HCC78,1.5441937,1.3761472,0.45590383,-0.7674951,-0.21211606,0.08894987,0.11266619,0.006216307,-0.09373206,-1.3076723,0.2872422,-0.31523594,1.3211344,0.71417195,0.3649345,0.9512514,0.6114677,-0.11888469,0.573433,-0.9008834,0.35269213,1.1699364,1.3619536,1.0503674,-0.0067403656,0.45039606,-0.14227924,0.7626774,1.214486,0.008582499,-0.78040737,-0.65509564,2.0097938,-0.8019321,-0.8474421,0.077734604,0.9286046,-0.48837075,0.23198912,-1.1727155,0.91221267,-1.403142,0.47787207,-0.673815,0.18485163,1.6414442,-0.6962911,-1.4484878,0.53634274,-0.61972475,-0.4800728,1.2785792,1.0308928,0.53457046,-1.2041245,-0.9885566,-0.28831992,-0.55419827,-1.7019863,-0.6216859,-0.24252792,1.1804808,0.7075302,0.018294029,0.45709744,0.13178803,-1.3525372,-0.32427314,-0.1869936,0.79820424,1.1433151,0.23162392,1.4960022,-0.9614578,-0.9381953,-0.6088078,0.45545763,0.0026164874,0.09465049,-0.15322067,-0.54506695,0.42705423,1.7628543,-1.7206985,-0.33105415,-0.9503915,0.34700972,-1.371228,-0.6008656,-0.24285153,-0.097895056,0.014396163,0.7159462,1.0134486,0.42224604,0.5943677,0.021723852
MOG-G-CCM,-2.712869,-1.7540241,0.255261,-0.26756793,-0.050646976,-0.3909933,-1.2442647,-0.369526,-0.4546505,-1.1030968,3.9818761,-0.9139928,-1.44519,-2.0040371,0.5217878,0.5845357,-0.95783335,1.8189731,-1.9367965,-0.85960996,-1.6816449,0.06512506,-2.59256,-1.7918855,1.1627258,0.52514714,-2.5720124,1.0318606,-2.5286534,-1.510627,2.7695494,0.67013836,-0.21817546,0.28592843,1.4647372,1.4460233,-1.3986623,-0.35540822,1.8263673,-1.2905077,2.1979194,0.60730183,2.737687,-0.084555894,-3.029512,-1.7350049,-0.2819522,-0.56597966,0.11315802,2.0976844,-0.90410656,-2.0063672,-0.3706264,-3.08891,0.3260468,1.0972269,-1.6063188,2.4795327,-0.397523,0.025212327,1.3979979,0.12760936,1.5029175,0.91786695,1.1233727,-0.02402424,0.8333626,0.99454707,-0.8369432,-0.5300695,-1.2188501,-1.6336364,-0.7997966,2.6402314,-2.3997123,-1.5827942,-2.1006942,-1.1680293,-0.3584371,1.6144091,1.6047405,-0.68680763,-0.6182243,-1.7642757,0.66256607,1.3595858,1.2926586,0.6576439,1.6545413,1.8193719,1.0697491,-0.88303185,2.4551613,-0.052723907,-0.31817058,-0.26082793,2.9968405
KMBC-2,0.5391223,0.40060684,0.35435778,-0.48362803,-0.2853547,-0.16844812,0.13903919,0.24321789,0.20007896,-0.60218936,-0.022301542,-0.30724627,0.69042987,0.107517995,0.068140745,0.49982312,0.30277136,0.086178005,0.27375048,-0.3899828,0.215621,0.46499544,0.689967,0.39773467,0.2049341,0.09306394,-0.24297297,0.35300973,0.5891819,-0.13538125,-0.5089121,-0.63575757,0.9897485,-0.65957725,-0.5111248,-0.14846312,0.34533724,-0.25644097,-0.17241314,-0.8427056,0.29249254,-0.37479675,0.32539672,-0.22333317,0.08138871,0.56584525,-0.5049174,-0.5764055,0.24697278,-0.26247802,-0.391482,0.5388883,0.5506203,0.34795463,-0.44089624,-0.57251537,-0.043907586,-0.3968468,-0.75043625,-0.32029176,0.06827729,0.5443248,0.35295126,-0.008793674,0.33309484,0.36138234,-0.58416444,-0.054775078,-0.1312527,0.29680076,0.60700655,-0.174439,0.60793513,-0.75315803,-0.39499536,-0.23092142,0.18491764,-0.06930353,-0.0059870314,0.24874857,-0.29421753,0.22243857,0.8866689,-0.7368976,-0.17237993,-0.4718051,0.3028038,-0.59620893,-0.3105299,0.02225889,0.007885474,0.105678044,0.3180289,0.36219242,0.20957509,0.27452874,0.19290057
DBTRG-05MG,3.881429,3.6854846,1.3948607,-2.875518,0.8080063,0.9833763,0.040586963,0.06984789,-1.4927981,-4.9356785,2.391791,-0.4735757,2.1969378,0.95350593,1.1002572,3.5364895,2.3309956,-1.5667887,1.6488701,-3.591297,-0.29707167,5.270153,3.487272,3.521601,-1.2594911,2.4183366,-2.8618038,1.7508541,2.4290137,0.7387841,-1.2023495,-0.28380433,6.4902134,-1.4044607,-1.9448361,0.57581824,0.8982834,-2.5552561,0.092892066,-2.7445376,3.8595538,-5.0836983,3.8060508,-1.3609802,0.21708183,6.847536,-2.5946085,-4.449881,2.49647,-0.26092815,-1.706823,5.446472,4.15724,0.57829237,-4.486504,-2.5340629,-1.0659821,0.11426093,-5.204998,0.34454557,-3.067947,5.3621387,0.52835405,0.5298184,2.3678825,-1.797416,-2.8782585,-2.00492,-1.9294057,3.562014,3.1679013,1.5571378,4.8722367,-0.26160547,-3.2415195,-1.6264448,0.5179702,0.8713861,1.0177734,-2.1907725,-2.6511748,1.039879,5.726379,-6.661729,-0.18100055,-0.9454649,0.019100226,-2.4589608,-2.4047725,-0.011095194,0.076475635,-2.3410668,1.771013,3.3518255,0.005973153,2.7207599,0.62401617
MIA PaCa-2,-0.27172592,-0.046826236,-0.16298105,-0.18063898,-0.26128516,-0.029682212,-0.34008333,-0.26125026,-0.24119946,-1.0227033,1.1166794,-0.33280385,0.19476746,-0.9142463,0.23253807,0.34621662,0.18635935,0.3045596,-0.54997253,-0.24573585,-0.30577326,0.43946418,-0.3578883,-0.00786166,0.5784165,0.121225186,-0.33317006,0.2882576,-0.19414286,-0.2705791,-0.020741751,0.053960472,0.55389845,-0.318407,0.072090104,0.38538054,-0.2347751,-0.03249187,0.10745497,-0.19758451,1.029089,-0.40168452,0.8198889,-0.43552178,-0.43596566,0.087947085,-0.45051187,-0.9084652,0.25779,0.41686338,-0.44374117,-0.426543,0.2865496,-0.5278487,-0.28224882,0.028553559,-0.5270114,0.6270759,-0.6731919,-0.23406938,-0.16207506,0.54632044,0.30648005,0.09959902,0.42213532,-0.1974644,-0.38111663,0.045084745,-0.26567534,-0.0010350291,0.057169482,-0.61911416,0.2521146,0.5772449,-0.80783165,-0.56505096,-0.11288697,-0.5034905,0.05158502,0.11646865,0.24290927,-0.34368792,0.7370776,-0.9641093,0.089695886,0.13439845,0.40715688,-0.15378448,0.3370214,0.48416805,0.03734478,0.27135247,0.7478116,0.5821514,-0.10148942,0.30625576,0.65317214
TE-11,1.3905879,1.0587094,0.120003276,-0.35181642,-1.1752542,-0.8849478,0.51739275,0.83371466,0.102437206,-1.1938003,0.78083974,-0.8632561,1.754809,0.9871572,-0.7130993,0.95068425,0.45283258,0.22592784,0.38777757,-0.86365,0.50198644,1.9425244,1.14717,1.4502772,1.167418,-0.06746005,-0.033187184,0.63343745,1.840928,0.25959334,-1.8034886,-1.5911338,2.7783163,-2.02643,-1.0560119,0.19824861,1.9736949,0.18753761,-0.16992581,-2.2136195,0.766054,-1.2351911,-0.17241925,-1.0429342,0.21132441,0.9852199,-0.6729641,-1.5204175,0.16276549,-1.2371262,-0.59287673,1.4248488,1.5958207,1.2897497,-0.8958127,-1.4405944,-1.1133386,-1.1938889,-1.281088,-1.6091238,0.5730482,1.1904048,1.7716026,0.7554296,0.5936913,1.4580604,-2.2806134,0.20695148,0.32933342,0.39080408,1.4053427,0.029394642,1.5090718,-2.5551462,-0.71304077,-0.98073035,-0.12076327,-0.23392351,-0.13990723,1.1456414,-0.55508375,0.9245485,2.9923508,-1.3937951,-0.7240915,-1.8046714,0.82772994,-1.7219963,-0.8376594,0.21867037,-0.7496815,0.9708836,1.1055709,1.5073924,1.3581214,0.0016914755,0.3452559
HTK-,-2.1023338,-1.1116695,1.1534858,-0.6308598,-0.38069433,-0.14613584,-1.5758641,-1.1270298,0.020130768,-0.28981262,2.38182,-0.7705357,-0.9968534,-2.296406,1.512176,0.54068357,-0.12112862,1.651531,-0.70246667,0.10086854,-1.3481315,-1.5189155,-1.8017417,-1.8997818,0.81002516,1.1343235,-0.9756347,0.76106656,-2.5413234,-2.2301328,2.5431316,0.5044745,-1.1869428,0.29745346,0.86030775,0.5588232,-0.76484543,-0.20411135,2.074924,-1.0674939,1.2177454,1.1135226,1.6807182,0.36143494,-1.9742011,-1.5679163,-0.7231003,-0.01813849,0.17004307,2.1021502,-0.6601604,-2.642115,-1.0893825,-2.3633273,0.5679057,0.8518075,-0.05709197,1.6518247,-0.74531645,0.25677463,1.8687254,-0.49558207,1.3861766,-0.27461278,0.02601527,0.009900831,0.3988281,0.97652346,-1.5281087,-0.61312956,-1.1518154,-1.8599843,-0.8419858,1.8360317,-1.462946,-1.3936695,-0.6109958,-0.8461068,-0.5648556,1.3243021,1.3253552,-0.58949697,-1.2935536,-1.7307446,0.9631476,1.4680716,0.9250207,-0.26145953,1.2247753,0.8943834,1.713113,-0.7956483,1.3611363,-0.56333417,-0.3563805,0.056828715,1.8803194
A101D,-2.0099733,-1.073986,1.1248069,-0.6349589,-0.42596912,-0.18836817,-1.5010675,-0.9679383,0.028736375,-0.248972,2.3594952,-0.76438636,-0.9565867,-2.1218543,1.4122598,0.4895403,-0.09463108,1.5697052,-0.72519565,0.090099275,-1.2882365,-1.4179245,-1.7284322,-1.8266541,0.84555393,1.0372806,-0.9920229,0.75592256,-2.4470887,-2.0957785,2.4717994,0.43111968,-1.0699507,0.21461949,0.8263582,0.54716504,-0.74239606,-0.18386614,1.9622768,-1.117945,1.2370144,1.0845846,1.7187586,0.30808794,-1.8758222,-1.5399292,-0.70519876,-0.053039297,0.17160118,2.0171022,-0.62819135,-2.5475273,-1.0170709,-2.3160458,0.52934545,0.7639704,-0.12893622,1.5815042,-0.6954655,0.22963661,1.838143,-0.46296895,1.354856,-0.2371287,0.106610104,0.040493,0.37802875,0.99517006,-1.5024858,-0.5566434,-1.0777742,-1.7725172,-0.8086619,1.685317,-1.4035132,-1.3307146,-0.66259104,-0.85891247,-0.5824604,1.3626295,1.2504619,-0.51460814,-1.2178533,-1.6516354,0.92353594,1.4057384,0.95362276,-0.2602048,1.1766218,0.916991,1.6270558,-0.7751394,1.3498607,-0.541505,-0.32140163,0.012105633,1.8524916
NCI-H322,0.17607543,0.54526746,0.16729616,0.005335439,-0.70143783,-0.9683794,-0.2557707,-0.3171743,-0.18444102,-0.25572962,1.4174578,-0.6394856,0.31290418,0.25182244,-0.15739433,0.22673367,-0.08915526,0.29973575,0.121379845,-0.54194885,-0.24406055,0.56940746,-0.19787216,0.29804403,1.0205631,0.0566007,-0.03862732,0.39213172,0.12155513,-0.12385029,-0.83748955,-0.1977191,0.85765946,-0.7699495,0.15854272,0.6582669,1.2895309,0.8767628,0.70142275,-0.9263259,0.9053297,-0.36345923,-0.429255,-0.6917105,-0.7258603,0.007911678,-0.36805236,-0.6046435,-0.007996624,0.4217105,-0.28763998,0.27331114,0.4877695,0.04467695,-0.19500694,-0.6401154,-0.7524672,-0.072944835,-0.792563,-0.8569197,1.0345325,0.26659998,1.8614088,0.6711577,0.24893063,0.42299813,-1.2586799,0.551574,0.043914974,-0.07214784,0.11422279,-0.196206,0.43063843,-0.78970927,-0.42857456,-1.4893439,-0.71179426,-0.045269005,-0.1820639,0.9631246,-0.08981205,0.3168038,1.4019599,-0.68504107,-0.38337675,-0.5943785,0.14715214,-1.2126985,-0.035410192,0.08270624,0.042671554,0.7765201,0.90697664,0.92701715,0.6086005,-0.38244733,0.19450003
769-P,-3.7166874,-2.449423,0.18484324,-0.09951104,0.8643554,-0.07902029,-1.9805567,-1.6856823,-1.2272996,-2.10683,5.6453004,-0.9466062,-2.6297078,-3.5088897,0.9647007,1.7999947,-1.700296,2.6125972,-2.661321,-1.4112126,-2.9104376,0.07141623,-4.128756,-2.66578,0.43140545,1.2485329,-3.3823323,0.5551121,-3.6527162,-2.295277,3.6828303,2.068714,-0.54685533,1.585286,2.3611813,1.9972737,-1.7023833,-0.6477116,3.048871,-0.49904838,2.7425756,0.4902382,3.1971314,0.26139832,-4.7897396,-1.7985691,-0.41233864,-0.40907276,0.13516438,2.8286574,-1.6457975,-2.6941314,-0.6464684,-4.356177,0.5267302,2.2098575,-1.4900986,4.1855984,-0.9427783,0.5980735,1.3096598,-0.074929796,1.3807594,0.9724753,0.59181046,-0.8022842,1.5918828,0.57405376,-1.3597102,-1.059966,-1.9700943,-2.3183634,-0.6917237,5.1218333,-4.06931,-2.241099,-2.247288,-0.947076,-0.22208874,1.3674415,2.284157,-1.8883759,-1.4599662,-3.1851008,1.061367,2.6903753,1.3730158,1.3444253,2.440721,1.818126,1.8046207,-1.1208644,3.5887897,0.07652877,-0.9356924,0.27659735,3.7016978
RERF-LC-Ad1,2.5288389,2.531678,0.76447487,-1.60251,0.276169,0.6420358,0.04334771,-0.09556205,-1.0268537,-3.085382,1.4310528,-0.28292343,1.6878005,0.5178841,0.7699164,2.245059,1.51189,-0.9386787,1.0554585,-2.0974145,-0.09102004,3.2759345,2.1670191,2.242468,-0.582013,1.5364381,-1.5172061,1.1150894,1.6385853,0.37225923,-0.9370489,-0.4170262,4.1527834,-1.0713664,-1.2817321,0.351874,0.802939,-1.4965795,0.26290613,-1.8418595,2.3937576,-3.2177815,2.2126048,-1.0922607,0.18190521,4.287759,-1.6385658,-3.0499754,1.3880167,-0.2929058,-0.95029557,3.2106228,2.5576777,0.49473536,-2.6681426,-1.4746726,-0.6615248,-0.22843532,-3.537431,0.032352425,-1.6934384,3.312246,0.57777816,0.0755332,1.3317232,-1.1328052,-2.2798128,-1.1648766,-1.2491639,2.2582543,1.9870949,0.7293365,2.9930775,-0.39629513,-2.0214698,-1.0082222,0.45240366,0.29819903,0.6688351,-1.3724098,-1.5197936,0.6913926,3.7591693,-4.167787,-0.21427217,-0.7620881,0.090646796,-1.7922912,-1.3175395,-0.076277725,0.14252059,-1.2827976,1.0892771,2.2042258,-0.003096357,1.6429305,0.13751413
SK-MEL-2,5.278472,5.088838,1.8552842,-3.9633737,1.1226549,1.5676279,0.07573335,0.17444068,-2.2781417,-7.0674534,3.6064947,-0.6710875,3.1049554,1.0502098,1.3501868,5.165699,3.2903607,-2.2428913,2.2153451,-5.0186105,-0.39768973,7.539293,4.7616997,4.957446,-1.5676538,3.4783485,-4.12217,2.516946,3.2755399,0.9812273,-1.6836251,-0.4533029,9.301617,-1.9642881,-2.703995,0.7716757,1.1189911,-3.6845925,0.041478038,-3.8650749,5.524428,-7.2733054,5.5621986,-1.8329262,0.28347114,9.758083,-3.6263962,-6.1972265,3.450473,-0.3052344,-2.446765,7.733251,5.899997,0.7247923,-6.21758,-3.4911609,-1.5911573,0.04596598,-7.411068,0.63707995,-4.4348097,7.6635184,0.73268354,0.767787,3.5999103,-2.658405,-4.092179,-2.8063662,-2.6145756,5.003221,4.384996,2.1850293,6.878071,-0.23806405,-4.7093186,-2.23414,0.8082087,1.2035782,1.468894,-3.1784909,-3.5593233,1.4579561,8.318831,-9.266882,-0.30506918,-1.451328,-0.12757358,-3.1963532,-3.3018425,0.042032726,0.13129427,-3.5725389,2.4434385,4.76889,-0.1308198,3.7766194,0.99958205
Hs 698.T,-2.0765138,-1.0761447,1.1621158,-0.62848794,-0.41618204,-0.15453395,-1.5760823,-1.1344695,0.038937893,-0.25581092,2.33578,-0.7549941,-0.9855919,-2.2803795,1.5252664,0.5170276,-0.11287286,1.6336615,-0.64624184,0.1382856,-1.3380377,-1.535612,-1.7626187,-1.8799826,0.81711966,1.1446522,-0.9347294,0.76328856,-2.5053694,-2.2278764,2.5103457,0.47595736,-1.2107648,0.2823027,0.8519406,0.55582625,-0.7349741,-0.17522103,2.0708463,-1.0650492,1.1796328,1.1201792,1.616973,0.364698,-1.9141195,-1.5577811,-0.72373843,-0.0019342825,0.16808963,2.1147053,-0.6269804,-2.6374018,-1.094723,-2.323278,0.5642395,0.8159611,-0.02795982,1.6056134,-0.75548756,0.26845104,1.8762575,-0.5047748,1.3784106,-0.3019604,-0.0071726553,0.00026786653,0.3747598,0.9787016,-1.553109,-0.5921755,-1.165554,-1.8713288,-0.84916216,1.7796824,-1.3941369,-1.3941468,-0.597197,-0.8478267,-0.5771728,1.3298059,1.3150426,-0.5612109,-1.2752616,-1.7099705,0.9560666,1.4436058,0.90827817,-0.29662398,1.1744133,0.8673763,1.7223612,-0.7779435,1.308808,-0.59020185,-0.35200217,0.05781549,1.8153161
NCI-H2227,-1.9965405,-1.012093,1.1166992,-0.6091195,-0.34224686,-0.111198805,-1.5478659,-1.1867375,0.015764415,-0.29208922,2.190332,-0.71443963,-0.9541114,-2.2687159,1.5300528,0.54812133,-0.1399403,1.589576,-0.57180876,0.13728674,-1.298747,-1.5468802,-1.6971512,-1.8096769,0.7118825,1.1611382,-0.8393383,0.71419996,-2.3969176,-2.1804059,2.413523,0.537955,-1.2073694,0.31398213,0.81736284,0.5288775,-0.7069439,-0.17869265,2.0297067,-0.9292772,1.0759885,1.0553426,1.4804742,0.39778703,-1.8683581,-1.4622607,-0.7086102,0.010876942,0.14129929,2.0223384,-0.64845324,-2.5415123,-1.0764314,-2.2160792,0.5506609,0.8356104,0.05452572,1.5429958,-0.7792108,0.31173775,1.7573559,-0.49776116,1.3001595,-0.33932224,-0.08297236,-0.05553489,0.3829182,0.8558548,-1.486832,-0.58280236,-1.1271008,-1.8267725,-0.818255,1.7836084,-1.3766935,-1.3565876,-0.48662794,-0.7616904,-0.5390594,1.2235152,1.2880977,-0.5955397,-1.2565746,-1.6957489,0.92499477,1.4110754,0.8153749,-0.28339684,1.1391709,0.7779816,1.6781862,-0.7467459,1.2240416,-0.571106,-0.34668767,0.0924557,1.7314532
OCI-AML-2,-2.0780299,-1.0745435,1.1724038,-0.6457161,-0.4269229,-0.15414503,-1.5874068,-1.1284343,0.049933944,-0.2443729,2.3324146,-0.7582835,-0.9759475,-2.277643,1.5370129,0.50565183,-0.09845295,1.6399988,-0.6398347,0.14875191,-1.3299357,-1.5591978,-1.7485704,-1.8848476,0.82828647,1.1529238,-0.9276977,0.77728826,-2.5094626,-2.236904,2.5229847,0.45681393,-1.2148033,0.26419672,0.8367617,0.55508614,-0.73239285,-0.18659994,2.0649846,-1.0900112,1.1853234,1.1281377,1.6320474,0.36835867,-1.9092734,-1.5682416,-0.7222359,0.0025744773,0.16822241,2.1287344,-0.63650304,-2.6512988,-1.1013765,-2.3211913,0.5664694,0.7993395,-0.020656276,1.5987108,-0.7578571,0.27156067,1.8844519,-0.49561277,1.3931499,-0.30734852,0.010499004,0.01404899,0.37103528,0.9947236,-1.5459832,-0.588846,-1.1589929,-1.8800335,-0.848849,1.7629677,-1.3845974,-1.3990356,-0.59042394,-0.8588154,-0.5826296,1.344676,1.3175869,-0.54968655,-1.2827601,-1.7071643,0.95195657,1.4436237,0.91183025,-0.30584326,1.1734031,0.87960094,1.7348366,-0.7852281,1.3018022,-0.6025822,-0.35300517,0.054555763,1.8255708
KMS-21-BM,1.3509648,1.393406,0.49288872,-1.2028847,0.39990076,0.5377409,0.101166725,0.24638298,-0.93295026,-2.403508,1.1376833,-0.122357085,0.9648418,0.13256899,0.22608706,1.7093598,0.8179406,-0.63237125,0.26140377,-1.4773604,0.06789696,2.595517,1.321507,1.5653356,-0.45346707,1.0479761,-1.4811254,0.96837103,1.2216353,0.1428222,-0.3643794,-0.3519706,2.9254696,-0.75583076,-1.0350251,0.34049854,-0.16110246,-1.0874039,-0.29612967,-1.017703,1.9781367,-2.515206,1.7028161,-0.48902732,0.0052977465,3.096958,-0.9547883,-1.8480232,1.1607922,-0.18428011,-0.7208429,2.607193,1.6702701,0.37640947,-2.1442876,-1.0593655,-0.69720805,0.08971691,-2.134785,0.17029038,-1.7415825,2.6278465,-0.052854173,0.07449944,1.3729222,-0.48006675,-1.0484227,-0.85265267,-0.6062937,1.682807,1.2025926,1.0568846,1.9086487,0.29530722,-1.42132,-0.5596455,0.42957634,0.5309723,0.48049033,-1.0446275,-1.1391504,0.69354975,2.813739,-2.9932282,-0.4739123,-0.52427,0.11770086,-0.8671186,-1.0473222,0.2650314,0.032091644,-0.9914875,0.6061444,1.4584591,-0.13276142,1.1788918,0.45593396
MDA-MB-175-VII,-0.039508384,0.1707318,0.20396191,-0.24393322,-0.05467701,-0.056528434,-0.11978227,-0.13815051,-0.0069991215,-0.07358983,0.11853541,-0.09211212,0.11226525,-0.12572189,0.15459475,0.16777131,0.0313828,0.052463412,0.18034951,0.005388627,-0.0500736,-0.15003993,0.048436232,-0.00093766954,0.03840519,0.15416655,-0.040545408,0.12045347,0.011077793,-0.19749215,0.016685994,-0.06192092,0.09307645,-0.09839474,-0.07876626,0.031756327,0.10367605,0.04973013,0.18643561,-0.09194332,0.045484908,0.019651618,-0.021673247,0.046132643,-0.15196326,0.0220136,-0.1643315,-0.17341946,0.08202114,0.16933417,-0.191003,-0.037834447,-0.00044767186,-0.09615395,-0.12876959,-0.13253184,0.049476355,0.00052895397,-0.25137454,-0.018502813,0.135851,0.06536259,0.21222489,-0.0025309622,-0.026560556,-0.0579928,-0.10692577,0.08527407,-0.15611494,-0.0033078995,0.006474037,-0.10028876,0.01674388,-0.095409974,-0.11125557,-0.31309062,0.08814991,0.026218493,-0.008963188,0.16536564,0.015157521,0.09740898,0.21203774,-0.32835752,0.034529768,-0.050574865,0.03452882,-0.26341954,1.3142824e-05,-0.08977034,0.13121645,0.034611158,0.0742668,0.002618339,-0.006667942,0.043718323,0.13162744
NCI-H1694,1.8858267,1.6288962,0.73962194,-1.1372186,-0.18827201,0.32206097,0.09440319,0.12781082,-0.22557436,-1.7674112,0.4772736,-0.39580774,1.5102471,0.51766187,0.57513446,1.3491186,0.89732206,-0.40390125,0.7682795,-1.2296015,0.30014455,1.7628984,1.692099,1.4026438,-0.23602095,0.7591483,-0.6022246,0.8619805,1.3420533,0.02230452,-0.71773607,-0.65665746,2.633122,-1.0193675,-1.1150028,0.021221219,0.6829122,-0.8914415,0.102226935,-1.4936478,1.3283721,-1.8655272,1.1437458,-0.69946575,0.2975723,2.477984,-1.17838,-1.8793521,0.8899716,-0.5533079,-0.6844382,1.8712485,1.5157833,0.45666727,-1.6375011,-1.1462914,-0.3726367,-0.50679934,-2.3015172,-0.40545318,-0.69070625,1.839893,0.6129984,-0.08456467,0.8183965,-0.049008783,-1.5358211,-0.6376477,-0.5811853,1.3499905,1.5277617,0.35696423,1.9012822,-0.83480114,-1.2504154,-0.66909754,0.5288143,0.15378825,0.21321578,-0.53774154,-0.94154114,0.5374996,2.3630462,-2.4784057,-0.28773025,-0.98022264,0.3005827,-1.5022657,-0.8704225,-0.14566423,0.0152707,-0.5091861,0.7968914,1.3232588,0.36159736,0.9491806,0.12387005
Capan-1,2.8735545,2.5393705,1.0480886,-1.792403,-0.18379195,0.74488777,0.11828588,0.20522526,-0.4939469,-2.8755736,0.9383019,-0.6261667,2.237441,0.5268926,1.0137906,2.2612834,1.4701324,-0.8849831,1.1328714,-1.9077711,0.4064787,2.8911974,2.3816764,2.248948,-0.47782305,1.3076824,-1.1347218,1.3182758,1.9162973,0.06571071,-1.1569651,-0.9309004,4.187503,-1.6384596,-1.6615855,0.09387295,0.9122519,-1.4381589,0.053358257,-2.279514,2.0790622,-2.9051766,2.0553625,-1.0896286,0.615434,4.12548,-1.924255,-2.9947147,1.31825,-0.7279582,-0.94453835,3.054906,2.5235288,0.64074,-2.4808497,-1.6928948,-0.5391933,-0.75620943,-3.6972075,-0.446329,-1.2447435,3.002405,0.78698045,-0.26369926,1.2281305,-0.32497796,-2.4816992,-1.0346521,-1.0673298,2.1342778,2.2843664,0.56863385,2.9211895,-1.0967401,-1.9746853,-0.9514577,0.8737838,0.30003062,0.3956094,-1.2155553,-1.4335511,0.8159796,3.8082404,-3.8881657,-0.39453965,-1.2753952,0.28121018,-2.114107,-1.3206017,-0.25080934,0.11842914,-1.016962,1.0827879,2.2167172,0.31784663,1.5267311,0.19886535
SNU-387,1.7017604,1.6964085,0.49327442,-1.1961238,0.51721466,0.40541247,0.019099107,-0.08045463,-0.72147936,-2.1569436,1.1556005,-0.0407487,0.8369626,0.54869044,0.36830997,1.5612142,0.91146684,-0.6172868,0.65341234,-1.6235182,-0.11691463,2.3965414,1.506621,1.5509981,-0.549676,1.1280775,-1.169741,0.783038,1.1644467,0.29024982,-0.5931832,-0.09541983,2.8661833,-0.48218814,-0.81229955,0.36222872,0.4591068,-1.0087253,0.07258327,-1.0525361,1.7800279,-2.3405366,1.4758719,-0.56452096,-0.0036145933,3.0391984,-1.0240898,-1.9433427,1.1514255,-0.1177835,-0.74209374,2.4029272,1.6783059,0.2640919,-2.0146687,-1.1525414,-0.57226187,0.10318005,-2.277632,0.12615252,-1.514545,2.36884,0.2166647,0.3324528,1.0034758,-0.82531977,-1.2295604,-0.7947622,-0.7471596,1.4326128,1.3017032,0.8246305,2.1316745,-0.002657989,-1.5197135,-0.7875254,0.24944909,0.39200273,0.48323053,-0.9949442,-1.1225072,0.45444334,2.5571496,-2.9341261,-0.21500792,-0.44676536,0.044986606,-1.0820552,-0.98193604,-0.07470055,0.027041074,-0.93847126,0.82814085,1.407122,-0.00072922185,1.2075807,0.23818049
HPB-ALL,-2.1194224,-1.2244861,1.103925,-0.6270906,-0.35632282,-0.12672392,-1.4920609,-1.0119071,-0.010341514,-0.37135416,2.41535,-0.7796823,-1.0052106,-2.297359,1.4413711,0.58518183,-0.080687076,1.6715552,-0.8521945,0.06967045,-1.3388233,-1.4940827,-1.864303,-1.9058783,0.79719275,1.021177,-1.0527195,0.74477977,-2.5833786,-2.1556747,2.6252465,0.5380095,-1.0906591,0.29356518,0.8807337,0.47458547,-0.91465586,-0.32225093,2.0060418,-1.049548,1.2346596,1.111067,1.878756,0.33994,-2.0185964,-1.6036066,-0.6960478,-0.04159347,0.20656992,1.9868875,-0.72395915,-2.6791253,-1.0593227,-2.4349535,0.58249956,0.9117039,-0.13540803,1.7140344,-0.68526053,0.23218101,1.8168519,-0.51266086,1.2308388,-0.25298154,0.0959577,-0.021736491,0.49898928,0.9572256,-1.5485231,-0.59880316,-1.0836418,-1.8397456,-0.81285673,1.8884423,-1.6214862,-1.2874453,-0.62760854,-0.8938645,-0.59989095,1.3497896,1.3558913,-0.6124052,-1.3119453,-1.7801558,1.0086753,1.5251219,1.0193173,-0.17108078,1.3057541,0.98444486,1.6744314,-0.79520977,1.4697055,-0.5617934,-0.377091,0.06322113,2.0104203
BC-3C,-2.0943177,-1.1024851,1.1618326,-0.62922263,-0.4104735,-0.15764055,-1.5737911,-1.10678,0.0319305,-0.27684173,2.3895776,-0.773004,-1.0006909,-2.2697654,1.5163152,0.5252689,-0.11351508,1.6447746,-0.6987344,0.11373,-1.3439506,-1.5203394,-1.792459,-1.895756,0.82888216,1.1326222,-0.97529244,0.7617489,-2.5312676,-2.2206206,2.550559,0.48773137,-1.1846801,0.27954435,0.8572092,0.5584345,-0.759163,-0.18417194,2.0677202,-1.0894002,1.2352716,1.1154692,1.6829214,0.35535246,-1.9576737,-1.572153,-0.7277459,-0.011343479,0.1719091,2.1109388,-0.6487901,-2.6498713,-1.0906818,-2.363696,0.56516564,0.83102155,-0.059853572,1.6428074,-0.752028,0.26043034,1.8912778,-0.49584994,1.3931843,-0.2791935,0.03339799,0.008220471,0.3936291,0.9940247,-1.5419854,-0.59813094,-1.1586105,-1.8656842,-0.84534526,1.7960895,-1.4347771,-1.4022325,-0.620764,-0.8552508,-0.57877153,1.3438461,1.3174304,-0.5773807,-1.2870113,-1.7257378,0.9647369,1.4630947,0.933471,-0.28667602,1.2173312,0.8989009,1.7119652,-0.78766245,1.3593199,-0.5702124,-0.35303855,0.056427553,1.8651328
CJM [Human melanoma],2.755671,2.2622297,1.0218761,-1.4957447,-0.79911554,0.15725145,0.33815837,0.36383927,0.08267776,-2.426487,0.32391232,-0.956404,2.6960204,0.78949136,0.6836788,1.8570756,1.144738,-0.19600043,1.0898795,-1.663849,0.70583093,2.2037,2.5851827,1.9170508,0.17485788,0.6843248,-0.5031791,1.3056618,2.280776,-0.042263836,-1.6126227,-1.5498071,3.8874125,-2.0034907,-1.7911928,-0.10178274,1.664904,-1.0307244,0.1109719,-2.716728,1.4352478,-2.2877786,1.0738777,-1.2187276,0.46624523,2.9508038,-1.600061,-2.7006476,0.8461628,-1.2398143,-1.0119228,2.341898,2.2520552,1.0426295,-1.7991134,-1.824527,-0.5304016,-1.3319899,-3.2709224,-1.1504916,-0.1504177,2.170003,1.4552981,-0.17430326,1.0214484,0.65727997,-2.5976179,-0.6772605,-0.42227268,1.516302,2.3218334,-0.11551747,2.7468224,-2.0985289,-1.6630148,-0.9242672,0.7952472,0.006067205,0.10447993,-0.06495838,-0.9891704,0.71784323,3.3722503,-3.0281432,-0.54775494,-1.7804116,0.7433548,-2.3791444,-1.1564616,-0.27225953,-0.09511459,0.009811269,1.2287011,1.8724251,0.8411612,0.9498195,0.17423275
SW1573,3.3042364,3.008871,1.3104649,-2.3898025,0.2782576,0.89173657,0.11769691,0.17074245,-0.9079291,-3.6913953,1.4269892,-0.46543738,2.192312,0.78680694,1.0583981,2.7603478,1.8289025,-1.1846583,1.403195,-2.5741327,0.09376413,3.8505766,2.9767938,2.7258508,-0.8010401,1.8890213,-1.8646091,1.5516454,2.2151182,0.2903453,-1.064231,-0.65151733,5.0818515,-1.4943697,-1.8916254,0.23937725,0.7701742,-1.8335339,0.024603724,-2.4516056,2.8693564,-3.9048188,2.712859,-1.0312327,0.46893978,5.2688026,-2.1702507,-3.4738867,1.9530318,-0.53960824,-1.2698501,4.1664276,3.1470072,0.6601495,-3.4524062,-2.1177678,-0.7396832,-0.39392498,-4.266197,-0.053647123,-2.0986595,4.0473676,0.6432666,0.055367127,1.775746,-0.8379835,-2.5340054,-1.4334359,-1.4646647,2.7230546,2.629595,1.1305387,3.625799,-0.70143074,-2.4326475,-1.2263906,0.8124197,0.6088799,0.6252705,-1.6404573,-2.042779,1.0140647,4.6014204,-5.0778027,-0.3094817,-1.145025,0.13028258,-2.2776935,-1.810893,-0.16031538,0.15555705,-1.6637527,1.2839187,2.6318455,0.18688363,2.0726354,0.42441356
HCC1171,-1.6156895,-0.695382,1.101929,-0.6382215,-0.48617375,-0.24104157,-1.3017021,-0.8137957,0.21203022,0.0014070235,1.6147646,-0.5663985,-0.6145955,-1.7452599,1.2694591,0.23777866,0.08574392,1.3031447,-0.27993354,0.29661864,-0.9728668,-1.4493299,-1.1726819,-1.4253125,0.77948195,0.94490206,-0.54055077,0.68077624,-1.9429804,-1.8518225,1.926665,0.17005113,-1.0289809,0.066654585,0.5114504,0.37096602,-0.45313147,-0.16088095,1.5206347,-1.0249274,0.7480631,1.051874,1.158994,0.32962966,-1.2349304,-1.2399367,-0.6380367,0.024377905,0.16971466,1.804012,-0.44808233,-2.1390753,-0.93526566,-1.6143742,0.4890054,0.40114123,0.11395988,1.0162246,-0.5969497,0.23693812,1.5755944,-0.4135582,1.1561341,-0.33340454,-0.0127325915,0.062264852,0.22248463,0.8770193,-1.3068947,-0.42727098,-0.8630137,-1.4893881,-0.66138315,1.045671,-0.83920056,-1.1051269,-0.30820203,-0.6643962,-0.48350242,1.1707964,1.0034459,-0.2372289,-0.9381925,-1.2601418,0.73819894,1.0919607,0.70129997,-0.43218556,0.72604245,0.66063726,1.4547932,-0.6048265,0.79972774,-0.6526015,-0.26387674,-0.0006651394,1.3165932
BCP-1,-1.5071372,-1.2417308,-0.40527785,0.034185164,0.5440242,-0.019854967,-0.693868,-0.5175733,-1.034708,-1.9303659,2.7023888,-0.46023607,-0.82088083,-1.8406528,0.22174287,1.161498,-0.55154145,1.0430323,-1.4275155,-0.9679336,-1.237186,0.5550529,-1.9954002,-1.1261709,0.38040122,0.08194463,-1.7828112,0.07216421,-1.5811186,-0.6223311,1.4616164,1.1569597,0.29732224,0.57844484,1.0077566,0.926867,-1.3015205,-0.30042833,0.8513211,-0.0077364743,1.5870155,-0.4084629,2.0667553,-0.35184443,-2.0396848,-0.88498753,-0.34507173,-0.69728196,-0.08810743,1.0292028,-1.179524,-1.2365662,0.28472167,-1.7128549,-0.115745135,0.94647133,-0.8084983,2.196728,-0.67504096,0.21888746,0.20288722,0.25213,0.029071966,0.3947246,0.5673361,-0.8653197,0.54596937,-0.10111149,-0.80156213,-0.27027446,-0.67405427,-0.8600267,-0.17212395,2.5542371,-2.040405,-0.7638693,-1.194387,-0.5436828,0.015113203,0.55224276,0.7283994,-1.0307435,-0.3987292,-1.808815,0.5900065,1.6492052,0.57119733,0.8648101,1.1322974,1.2468874,0.23324262,-0.22463784,1.7705228,0.4709009,-0.64292943,0.193761,2.075154
Hs 822.T,-1.9314898,-0.9436752,1.1221762,-0.6250652,-0.38095033,-0.120034985,-1.5183607,-1.1504147,0.058554515,-0.22602132,2.0752876,-0.69107294,-0.8872166,-2.1995296,1.5106757,0.47998336,-0.09929061,1.5506557,-0.49595362,0.17307703,-1.2387863,-1.5567551,-1.594749,-1.7429062,0.73146296,1.150502,-0.7720209,0.73536575,-2.313422,-2.1380274,2.31576,0.46247873,-1.1955563,0.26786795,0.7647824,0.51049775,-0.6517932,-0.17057964,1.9571238,-0.94556546,1.0061779,1.0571316,1.3995019,0.4059013,-1.7599795,-1.4261209,-0.69245553,0.016687423,0.1460282,2.0118802,-0.6084112,-2.469445,-1.0583713,-2.1030595,0.53764534,0.7606733,0.07975051,1.4340278,-0.7569892,0.31005028,1.7361902,-0.47248837,1.2895117,-0.35347834,-0.084689155,-0.037961345,0.34094,0.85907096,-1.4434688,-0.55358565,-1.0966094,-1.7899352,-0.7909,1.6415117,-1.2581879,-1.3332746,-0.45195138,-0.7548071,-0.53605837,1.2125032,1.2537451,-0.51776695,-1.1792204,-1.6155035,0.87355995,1.3440291,0.7803661,-0.31854752,1.0517333,0.7485325,1.6628473,-0.72505784,1.130412,-0.59440094,-0.3397869,0.0845013,1.6391635
HuG1-N,0.6773117,0.7703396,-0.7482881,-0.8316498,2.2677135,0.016513158,0.3071855,0.24619052,-2.6819117,-4.2864475,4.312253,0.1974205,-0.7196318,0.04901563,-1.0542591,2.751408,0.50077814,-0.91593117,-0.69360596,-3.1516201,-1.6014096,5.2827983,-0.054090552,1.7775033,-1.12879,0.8687655,-4.374878,-0.08995875,0.25743318,1.5576733,-0.057846323,1.4631816,4.359746,0.7557308,0.5029451,1.4981095,-0.98707116,-1.9912175,-0.39962766,-0.14790665,3.2310517,-3.6265135,3.7551627,-0.8615211,-1.9354074,3.8635025,-0.76098347,-2.6277232,1.5797874,0.6648554,-1.6793448,4.167973,3.3522127,-0.7342249,-2.8507698,-0.49327052,-2.0151262,2.6261652,-1.9306637,1.1399981,-3.5784225,3.9885776,-1.0512431,2.3715782,2.2900546,-2.6914034,-0.09186183,-1.5642307,-1.0683337,1.9263366,1.0247632,1.8866643,2.9771454,2.6730318,-3.3945491,-1.2585108,-1.6027693,0.77553993,1.3418893,-1.4984839,-1.7363611,-0.009700343,3.5888398,-4.4710546,0.09328452,1.1855345,-0.35173815,0.8783488,-1.1189563,1.136024,-0.7099028,-1.963453,2.400834,2.49869,-1.01974,1.5642658,1.9065013
Fu97,-0.30349395,0.05883107,-0.5036104,0.16377929,0.9115572,-0.4116516,-0.097286835,-0.4017477,-0.7489768,-0.95070076,1.8243833,0.17709497,-0.91932833,0.11476507,-0.43722346,0.71931773,-0.58181524,0.22766903,-0.42248717,-1.0373834,-0.8226857,1.4272772,-0.52463907,0.27138898,-0.2546258,0.2932389,-1.139565,-0.04627519,-0.023176542,0.2682107,-0.099322446,0.7156636,0.9378847,0.75176746,0.81800455,0.8787896,0.19663107,-0.18405299,0.5017789,0.16781601,1.1673287,-0.7731619,0.5039983,-0.11887342,-1.4353042,0.62013465,0.11595687,-0.43491283,0.16369885,0.3773199,-0.50985897,0.7989782,0.4915667,-0.65883434,-0.5364849,0.2839139,-0.7357535,1.0405346,-0.43340755,0.35210082,-0.7416189,1.0236754,0.08952289,1.0358685,0.44639394,-0.5824364,0.2216449,-0.36938873,0.1859901,0.043274425,-0.18126601,0.12772962,0.6807439,1.3083991,-1.3382592,-0.790725,-0.9733213,0.01827773,0.3254499,0.03006596,-0.12802145,-0.35673663,0.6303372,-1.0489084,-0.25382826,0.29753834,0.20160335,0.4283393,0.11252539,0.20284359,-0.02567288,-0.27027258,0.99216235,0.46284607,-0.030294016,0.32823634,0.5537698
SNU-1197,-2.1299908,-1.1076026,1.1825931,-0.6364112,-0.41053456,-0.15202296,-1.6097337,-1.1555266,0.03502447,-0.27840823,2.3818502,-0.7734998,-0.99378085,-2.3426445,1.5605152,0.52932996,-0.10725575,1.6701757,-0.6731354,0.13976347,-1.3717453,-1.5820391,-1.8048368,-1.9287475,0.8291684,1.1687847,-0.96569854,0.7644729,-2.5655239,-2.2831588,2.5929744,0.485864,-1.2346069,0.29085287,0.87627727,0.55518526,-0.7646982,-0.18979087,2.1043475,-1.0905821,1.2082576,1.1446408,1.6637043,0.36849797,-1.9655406,-1.5885644,-0.7295723,-0.0056674182,0.17546016,2.1593034,-0.6555631,-2.7030816,-1.130216,-2.3666317,0.5765699,0.83664465,-0.019909818,1.6482878,-0.7571728,0.27322918,1.9067956,-0.51627535,1.4023877,-0.3071991,0.0016059838,-0.00040072994,0.3878119,1.0014238,-1.5797328,-0.61085993,-1.1764169,-1.912047,-0.8723546,1.8354689,-1.4282773,-1.4215372,-0.59216064,-0.8724742,-0.5859109,1.349518,1.3452126,-0.57750267,-1.3218675,-1.7557715,0.9844474,1.4769776,0.93698186,-0.30476752,1.2080877,0.8974968,1.766836,-0.7961509,1.3366445,-0.5922068,-0.36049145,0.060518898,1.8739069
UM-RC-6,2.0230742,2.0200152,0.13169026,-2.567452,2.748691,0.8516433,0.38372132,0.6224785,-3.4926121,-6.6879396,5.4004683,0.13541763,0.05898675,0.19370204,-0.8146326,4.5444903,1.5675559,-1.8650154,-0.20425312,-4.7553263,-1.6689494,7.8458776,1.4391028,3.3664415,-1.7933332,2.035085,-6.1939697,0.85860825,1.2435026,1.963921,-0.16517194,1.4230866,7.4073453,0.0978506,-0.66886586,1.6064326,-1.4516245,-3.3573034,-1.0025382,-1.1920984,4.9906507,-6.0560923,5.983423,-1.0584213,-1.6651415,7.127913,-1.8565005,-4.2050457,3.1067116,0.7139562,-2.5613225,7.2409816,5.3705506,-0.576012,-5.2010574,-1.8034818,-2.3969202,3.041636,-3.9731534,1.537093,-5.5554924,6.585181,-1.2967521,2.57139,3.741353,-3.423676,-0.8390277,-2.64257,-2.01102,3.5722551,2.3807635,3.0998476,5.0968204,2.976051,-4.866428,-1.7365923,-1.0973397,1.7256786,1.8632492,-2.8219724,-2.9690778,0.58712137,6.4286017,-7.4127116,0.122626245,1.0342714,-0.5955562,0.20588455,-2.3273973,1.4452599,-0.81498325,-3.4678626,3.053967,4.0526323,-1.3877734,2.8382735,2.6206474
Ri-1,-1.8376906,-0.9178244,1.0404983,-0.5583276,-0.34137127,-0.111235194,-1.416876,-1.0839264,0.047825996,-0.23801354,1.9595901,-0.64001626,-0.84871274,-2.0821111,1.4211632,0.46791413,-0.097591124,1.468022,-0.49164438,0.16221593,-1.1711364,-1.463995,-1.5308229,-1.6580571,0.676688,1.0615703,-0.7381466,0.66454387,-2.2068644,-2.02333,2.209685,0.46037465,-1.1276983,0.2773419,0.7427287,0.47036573,-0.65900844,-0.17367278,1.8390057,-0.87948906,0.9483869,0.9894516,1.342905,0.37211096,-1.674685,-1.3491021,-0.6595012,0.025008928,0.13929124,1.8803399,-0.5762741,-2.3577726,-1.0126,-1.9906108,0.5189423,0.7488746,0.07956207,1.3758918,-0.69873756,0.28261703,1.6247334,-0.4620534,1.1749254,-0.3291528,-0.07902664,-0.040045787,0.34343764,0.8110964,-1.3776759,-0.5337302,-1.0288968,-1.6817958,-0.7540178,1.5871558,-1.2197473,-1.238541,-0.42673182,-0.7175102,-0.49310905,1.1256983,1.1844895,-0.5178805,-1.1475776,-1.5433084,0.8435271,1.2902931,0.7547974,-0.2852378,1.0088408,0.71840805,1.5596619,-0.66424334,1.0820626,-0.5594169,-0.32897204,0.0937655,1.5753025
EB1,-1.8140887,-0.8890619,1.0105283,-0.5366268,-0.2909903,-0.08276131,-1.4150571,-1.1418296,0.019105282,-0.24664012,1.9228585,-0.6390078,-0.8649069,-2.0868604,1.4080414,0.4917901,-0.14848682,1.4514457,-0.467129,0.13228235,-1.1818395,-1.4337724,-1.518977,-1.6126912,0.60964245,1.1065208,-0.71601117,0.6556612,-2.1392415,-1.9978459,2.134533,0.5083894,-1.1254203,0.3146038,0.736845,0.4955674,-0.60379386,-0.14935815,1.8633393,-0.7800597,0.9161723,0.9431759,1.2341703,0.40142423,-1.6854721,-1.2859477,-0.6533879,0.030422904,0.11997512,1.8503685,-0.5702832,-2.2674158,-0.98533034,-1.9632888,0.5024085,0.7823538,0.10454258,1.3756305,-0.71582294,0.29871225,1.5637547,-0.45394555,1.1896603,-0.32819226,-0.130192,-0.0654358,0.33785588,0.73781484,-1.3217825,-0.5450264,-1.040252,-1.6589439,-0.72273535,1.6187205,-1.2165613,-1.2552495,-0.3978446,-0.6554319,-0.45888063,1.0576879,1.171373,-0.5468299,-1.1134014,-1.5277909,0.8120223,1.245877,0.687426,-0.2744878,1.004949,0.6401278,1.5275654,-0.659151,1.0633823,-0.50695354,-0.32641867,0.11393784,1.5102155
MOLT-16,-2.6536467,-1.5311294,0.7304902,-0.31486326,0.017681224,-0.06782128,-1.5291387,-1.2116003,-0.33360744,-0.9093622,3.3855212,-0.8946809,-1.4468601,-2.5761638,1.1872904,0.7928331,-0.8087222,1.9535382,-1.3917092,-0.5194903,-1.7515943,-0.8114435,-2.4664981,-1.9303722,0.77298945,1.0911946,-1.7573873,0.85548234,-2.7182767,-2.115792,2.8730881,0.99622184,-0.8885455,0.63576674,1.2756069,1.0341275,-1.0803478,-0.28478852,2.3151524,-0.81810725,1.8098568,0.83298117,2.1068747,0.27133244,-2.9646008,-1.6341181,-0.55455244,-0.23597473,0.18742171,2.1600907,-1.0378457,-2.4729598,-0.841437,-3.0247643,0.54943967,1.3258477,-0.75068325,2.4481204,-0.80766076,0.2779464,1.5740535,-0.28036717,1.5606234,0.31495106,0.24059401,-0.18916558,0.7734325,0.8490246,-1.15946,-0.8009643,-1.4269521,-1.9637792,-0.7541114,2.7827077,-2.28558,-1.7544674,-1.332314,-0.8186511,-0.40345517,1.2416985,1.6854768,-1.0294391,-1.0924069,-1.9173173,0.83357656,1.5815569,1.0041698,0.2922948,1.7471752,1.2369696,1.461569,-0.9119405,2.1391847,-0.26484314,-0.47603804,0.03677898,2.4896922
CHL-1,2.4321265,2.2548258,1.0569987,-1.9689189,0.44925717,0.74896246,0.11934024,0.17720963,-0.8998953,-3.0879269,1.2940117,-0.31713498,1.5059329,0.53475386,0.72031295,2.2893379,1.475845,-0.99885446,1.0021158,-2.138465,0.012765165,3.2487998,2.282699,2.2252,-0.76640904,1.5311381,-1.8677808,1.2446656,1.6198455,0.31108093,-0.77953506,-0.36588857,4.1417084,-1.1127781,-1.4887598,0.21176375,0.35953903,-1.5656033,-0.19308572,-1.764294,2.4250255,-3.171376,2.4325151,-0.72471046,0.38251096,4.3559675,-1.7349814,-2.7370927,1.6449059,-0.2885897,-1.0257255,3.5907269,2.5839994,0.39131773,-2.9174008,-1.7126626,-0.63355863,-0.017650068,-3.3286362,0.15603212,-1.9821314,3.4158347,0.27532518,0.043808494,1.5919621,-0.8262761,-1.7770308,-1.1983004,-1.1865859,2.2639458,2.082623,1.0720932,2.9052446,-0.25400963,-1.9458122,-0.88300514,0.56159145,0.63594383,0.571727,-1.4611647,-1.732475,0.84121513,3.8070405,-4.1490045,-0.2628601,-0.7121033,0.02992589,-1.531324,-1.5137048,0.027586395,0.10027073,-1.5143224,1.0377346,2.159369,-0.05560092,1.7758385,0.4367763
SLR20,2.1651952,2.013054,0.6783408,-1.0079207,-0.47912621,0.20050767,0.13998955,0.018340576,-0.096352346,-1.954481,0.5612978,-0.67138827,2.0207553,0.78997403,0.48715368,1.4953988,1.0253195,-0.24657887,0.8912693,-1.2726144,0.5405673,1.784711,1.9619511,1.5849183,0.17082691,0.7583741,-0.13943791,1.1291186,1.7269787,0.0634569,-1.1615658,-0.95308256,3.1127865,-1.3131472,-1.1924202,0.00967071,1.5056543,-0.7634054,0.35653692,-1.7541661,1.3558408,-2.0495522,0.79652107,-1.0630066,0.23874359,2.4624164,-1.0976361,-2.224568,0.6052584,-0.95796204,-0.7012275,1.7892019,1.5619886,0.74227,-1.6152568,-1.4367095,-0.5134396,-0.92423403,-2.5501728,-0.9239141,-0.23108087,1.6754758,1.1836762,0.027443893,0.7428749,0.16112083,-2.213755,-0.48814014,-0.18052506,1.206099,1.7301543,0.12308701,2.3344977,-1.5103945,-1.456712,-0.90554816,0.6760977,-0.086201936,0.14739688,-0.073903225,-0.75671184,0.5740663,2.7309773,-2.5229383,-0.39627194,-1.5051132,0.6179049,-1.9794672,-0.857817,-0.33823794,-0.18068711,-0.011910265,1.0110086,1.5177765,0.6842481,0.7958939,0.034024987
Hs 571.T,-0.47805592,0.08864522,0.5447951,-0.6385594,-0.45347643,-0.6749025,-0.18873487,0.018729288,0.33226007,-0.06904073,0.45587283,-0.46647862,0.35348472,-0.41542065,0.17062718,0.08390503,0.23372334,0.66641325,0.48839188,0.22349428,-0.20250005,-0.34821084,-0.061406247,-0.16918923,0.7580961,0.116842076,-0.20746316,0.3544982,-0.2135665,-0.87950546,0.20742232,-0.6960726,0.05909718,-0.5468792,-0.19772562,0.02466519,0.3182418,-0.039742686,0.25647384,-0.7452259,0.09534199,0.54034257,0.092766985,0.025035918,-0.2700585,-0.5468188,-0.38616523,-0.21092317,0.23822294,0.5365288,-0.37796837,-0.21969351,-0.024411965,-0.035331137,-0.1791772,-0.6043341,0.009255938,-0.16960075,-0.38401645,-0.19497867,0.64801455,0.12715212,0.7489567,0.2339847,0.18874374,0.47745118,-0.25376654,0.7083444,-0.433884,-0.32638097,0.008595651,-0.40724397,-0.17482612,-0.82773775,-0.17659473,-0.72619516,0.032754973,-0.20654349,-0.030597294,1.0850135,0.09203984,0.49503455,0.5818827,-0.54778636,0.13272353,0.03915655,0.20752658,-0.7386205,-0.2408285,0.34000227,0.22696799,0.045277894,0.4085646,-0.26871538,0.18295416,-0.08429234,0.57739353
Hs 606.T,-1.9851621,-0.9807996,1.1346679,-0.6198566,-0.37124726,-0.12079785,-1.5502177,-1.1822672,0.04504966,-0.24787351,2.1474948,-0.70616376,-0.9306505,-2.247222,1.539772,0.50883645,-0.11503855,1.5857667,-0.5306416,0.16083033,-1.2804127,-1.5696287,-1.6575015,-1.7936597,0.73368937,1.1716647,-0.8133675,0.72953105,-2.3808968,-2.186064,2.3823543,0.49559888,-1.2238505,0.29488373,0.7994183,0.5300057,-0.6765466,-0.17173804,2.0154293,-0.9562684,1.0463161,1.0690533,1.4356147,0.40686804,-1.8244966,-1.4565779,-0.7041222,0.023939967,0.14313282,2.0485566,-0.6195865,-2.5276551,-1.0849341,-2.1723402,0.5493971,0.7994694,0.073292136,1.4963125,-0.7688651,0.31156728,1.7712123,-0.49199614,1.3168639,-0.34846947,-0.085811004,-0.043174665,0.3593347,0.87719446,-1.4770807,-0.5782109,-1.1267372,-1.8231874,-0.814974,1.7188492,-1.3126353,-1.3640456,-0.47438908,-0.76779735,-0.5374556,1.2309422,1.2822483,-0.55559206,-1.2334908,-1.6657133,0.90735847,1.3830465,0.8069866,-0.31197318,1.0975235,0.7640584,1.6918825,-0.74028444,1.1777797,-0.58781874,-0.34562054,0.08453077,1.6874183
JVM-2,-2.1055174,-1.0782346,1.1756923,-0.63239294,-0.3791436,-0.11323874,-1.6086024,-1.2456881,0.029415265,-0.29823318,2.2975986,-0.7447842,-0.9974856,-2.3786802,1.6077334,0.5477243,-0.1345605,1.6821474,-0.60765564,0.15337941,-1.3517276,-1.6228783,-1.7746146,-1.8982551,0.7754138,1.2100928,-0.8793262,0.7610822,-2.520339,-2.2926798,2.5288982,0.5388501,-1.2766591,0.32587886,0.8471785,0.5506379,-0.7438901,-0.1980274,2.1233115,-0.9973717,1.1304775,1.1211733,1.553016,0.4162317,-1.9493083,-1.5492859,-0.73546815,0.019655902,0.15514205,2.1326933,-0.66820914,-2.6662376,-1.1324645,-2.319498,0.58308697,0.8674528,0.051645357,1.6182498,-0.7992243,0.31535053,1.857631,-0.51547784,1.3720888,-0.34748438,-0.07998718,-0.044839572,0.4039039,0.92434865,-1.5457641,-0.6229443,-1.1864187,-1.9173632,-0.84208584,1.8471248,-1.4253272,-1.4239094,-0.51615083,-0.8181691,-0.56379926,1.2878659,1.3547575,-0.61737424,-1.3110754,-1.7589773,0.9647312,1.4707303,0.86513525,-0.29937956,1.1912087,0.83085406,1.7604096,-0.7809049,1.2778543,-0.60770905,-0.37176615,0.09826566,1.8056867
MHH-CALL-4,2.3109007,2.371603,0.8469843,-1.325176,-0.3237521,0.37965295,0.0767905,0.030935425,-0.29204583,-2.5054054,0.6291003,-0.56092185,2.2934449,0.20484164,0.9895528,2.0323517,1.511977,-0.86476284,1.1327237,-1.3224218,0.21111718,2.2196004,2.0389311,1.7072536,-0.08905677,1.0431713,-0.97675806,1.2116585,1.8403033,0.04769454,-1.0773703,-1.033028,3.2808034,-1.2394035,-1.3200791,-0.025510443,1.0592926,-1.2458694,0.25531435,-2.0239842,2.006035,-2.2614756,1.6644502,-0.93721056,0.44452158,3.3889782,-1.65177,-2.8664496,1.0288787,-0.53980994,-0.8405808,2.3499002,2.131853,0.60469425,-2.1530979,-1.4856689,-0.35549763,-0.77028704,-3.1456742,-0.4286424,-0.62895566,2.4891243,0.94440717,-0.3731702,1.0039545,-0.36366522,-2.3007212,-0.7317101,-0.7944511,2.0856774,2.0128555,-0.032439627,2.3869894,-1.1155088,-1.4825805,-0.8587773,0.9695094,0.11299567,0.39290297,-0.66710603,-1.3757641,0.6556817,3.2497036,-3.3514662,-0.02980074,-1.1858,0.3278281,-2.0915718,-1.0203741,-0.18647891,0.2888494,-0.37248716,0.60774183,1.8453037,0.19603175,1.5932958,-0.10011802
SNU-182,-2.121429,-1.1103034,1.1727145,-0.6344011,-0.40455362,-0.14414424,-1.5994313,-1.1493368,0.0266645,-0.29139328,2.394079,-0.77130914,-1.007881,-2.3239655,1.5551339,0.5387628,-0.122487806,1.6673833,-0.68429,0.12382223,-1.3620539,-1.553648,-1.813525,-1.920587,0.8259134,1.15491,-0.9682583,0.76177907,-2.5602252,-2.2639608,2.5777824,0.5021235,-1.2222606,0.2975409,0.8673712,0.5655327,-0.77456015,-0.18996622,2.1019137,-1.0760707,1.2237532,1.1297312,1.6746107,0.36462235,-1.9802185,-1.5874603,-0.73206997,-0.009878404,0.16721727,2.1359527,-0.66193295,-2.686795,-1.113048,-2.3812096,0.5740375,0.84547436,-0.036245216,1.6599913,-0.76791483,0.27507293,1.8960155,-0.50383824,1.3966818,-0.29808655,0.0063866638,-3.0361582e-05,0.40164718,0.99167824,-1.5648462,-0.6147516,-1.1750861,-1.8986412,-0.86139387,1.8406155,-1.4538251,-1.4132649,-0.61036223,-0.8607317,-0.5794544,1.3496277,1.3386194,-0.596778,-1.3190964,-1.7528774,0.97533107,1.4838724,0.9370181,-0.28534442,1.2218611,0.8953742,1.7399805,-0.79298246,1.352759,-0.5881951,-0.35921043,0.06318216,1.878807
SNU-685,-1.7330548,-0.6510208,0.733481,-0.4828009,-0.2531691,-0.112500116,-1.1383193,-0.9020761,0.057750314,-0.17346948,1.7348665,-0.7138334,-0.68292475,-1.6560795,1.0557456,0.24880952,-0.35254475,1.2651194,-0.38613868,-0.018516492,-0.96378016,-0.9637625,-1.239523,-1.1744576,0.64729583,0.9359317,-0.77364486,0.8566674,-1.6576369,-1.6827636,1.8255903,0.23939016,-0.8906709,0.080250315,0.61582655,0.6009631,-0.4720105,-0.06480238,1.5933896,-0.7505373,0.8688924,0.7447411,1.0144936,0.2604624,-1.5852561,-1.1463282,-0.38543913,-0.11765276,0.11515418,1.6447515,-0.48435232,-1.7386494,-0.8154254,-1.6627171,0.26421043,0.4970367,-0.22946563,1.1490686,-0.5539065,0.19162416,1.3059974,-0.20619896,1.3105326,-0.021917209,0.027894896,0.05960125,0.21716158,0.8101323,-0.86570174,-0.4775305,-0.9788628,-1.4014815,-0.69796675,1.2474631,-0.93428165,-1.25411,-0.65105087,-0.62087053,-0.28637657,0.9725349,1.1265092,-0.25280982,-0.593953,-1.1803877,0.50032634,0.8290942,0.5665074,-0.21575111,0.774832,0.71566415,1.1376631,-0.6397586,0.93337613,-0.4351835,-0.14446707,-0.11693807,1.4112054
MDA-MB-468,-2.391104,-1.4074705,0.6213354,-0.41690272,-0.02364728,-0.10829305,-1.6305947,-1.3332039,-0.40340012,-0.9151985,3.1867683,-0.89143366,-1.3505683,-2.5849502,1.2457441,0.91131985,-0.6534329,1.7910986,-1.2754589,-0.4139053,-1.6782553,-0.88934714,-2.2773516,-1.9581312,0.6485787,1.1029129,-1.6725054,0.7842485,-2.61424,-2.035511,2.6151829,1.0172486,-0.9270011,0.6352951,1.2238517,1.0605334,-1.0059378,-0.22349252,2.3043418,-0.77965796,1.7736171,0.65860426,2.0127628,0.20549051,-2.6862082,-1.5636611,-0.6203002,-0.23459843,0.095121115,2.1557744,-1.0389178,-2.5419576,-0.7805306,-2.826553,0.42512792,1.2596251,-0.5427068,2.3380306,-0.9579437,0.26115564,1.5568198,-0.32530582,1.3052593,0.089028515,0.18990277,-0.30955818,0.6492317,0.7003653,-1.3143561,-0.65501976,-1.3347019,-1.973599,-0.7733014,2.8349702,-2.1083028,-1.6417903,-1.1288304,-0.9312232,-0.46632898,1.192885,1.5395749,-0.99004924,-1.150998,-2.0192962,0.91080874,1.6164482,0.9368017,0.2398758,1.6111077,1.1035014,1.5133768,-0.8382257,1.9734101,-0.17398332,-0.48681778,0.0679314,2.3363955
Granta-519,-1.8062179,-1.2061372,0.5140071,-0.2832083,0.0059899297,0.15080354,-0.74049383,-0.57429045,-0.047048472,-0.529098,1.7326385,-0.5057148,-0.8405359,-1.6435002,0.7169892,0.5611898,-0.30248243,1.2100813,-0.9267068,-0.067624,-0.93878984,-0.7743922,-1.4950609,-1.159804,0.32228547,0.5962037,-0.90008116,0.5925016,-1.8184156,-1.4553988,2.106577,0.51869655,-0.6509589,0.29135686,0.6265729,0.2248522,-1.032291,-0.54231435,1.1936014,-0.4664036,0.7285182,0.7455147,1.4780055,0.29523116,-1.7132212,-1.1590028,-0.2715788,0.05913166,0.2228962,1.210415,-0.64083946,-1.6869434,-0.7631912,-1.7519326,0.40749902,0.83253753,-0.37963897,1.4583279,-0.13360623,0.08515896,0.9225147,-0.35111484,0.57360196,0.018913554,0.18617931,0.03888203,0.6481993,0.6022631,-0.8268257,-0.4927629,-0.7032092,-1.0837133,-0.4420655,1.639563,-1.4492157,-0.75926214,-0.5131025,-0.47847322,-0.2270137,0.72842276,1.095285,-0.5858002,-0.91846234,-1.3359227,0.6804317,1.0470779,0.850254,0.19141836,1.0045435,0.8794299,0.97340226,-0.55108505,1.157112,-0.40230533,-0.30002728,0.20984122,1.7337725
Hs 683,-1.9564081,-0.96858907,1.1205654,-0.6179352,-0.36415997,-0.12682772,-1.5255181,-1.1547569,0.044449642,-0.24943754,2.1119425,-0.69674194,-0.91208905,-2.217188,1.519683,0.5027731,-0.111327,1.5664899,-0.5282296,0.15095425,-1.259512,-1.5485644,-1.6334817,-1.7619904,0.7261849,1.146531,-0.79862183,0.7251892,-2.3448813,-2.1470487,2.3492813,0.5025392,-1.1906883,0.28291926,0.7886785,0.51651525,-0.6770957,-0.17090823,1.9807884,-0.93966925,1.0292221,1.0553962,1.4299241,0.39935774,-1.8034045,-1.4394199,-0.69659173,0.01275152,0.14255731,2.0064433,-0.62917644,-2.490943,-1.065037,-2.1441386,0.5428477,0.79325044,0.067540064,1.4760998,-0.76602876,0.3115235,1.7400193,-0.48625693,1.289555,-0.35356316,-0.08585611,-0.049279902,0.36363655,0.8520806,-1.4564563,-0.563958,-1.1004083,-1.8025929,-0.7990932,1.6881728,-1.3115466,-1.3397142,-0.46756732,-0.75002617,-0.5413627,1.2189571,1.2630337,-0.545088,-1.2088277,-1.6424247,0.8944379,1.3697772,0.800219,-0.3034497,1.0894297,0.76058626,1.6632996,-0.7276616,1.1694077,-0.5800183,-0.33441773,0.07991296,1.6776559
TE-15,1.3617852,1.1973999,0.37212822,-0.5852471,-0.58571357,-0.029082837,0.28247952,0.27166745,0.072809786,-1.3301202,0.33964297,-0.6641306,1.6503112,0.39666724,0.0269235,1.1306436,0.6597362,-0.040950984,0.5305778,-0.83634627,0.5994828,1.2627958,1.1736755,1.1500282,0.49433407,0.2854318,-0.14896226,0.84886384,1.3677328,-0.048406854,-1.2135154,-1.0860626,2.357673,-1.2816424,-0.9480521,0.017073913,1.225872,-0.45397437,-0.053092595,-1.4596353,0.7836747,-1.1946676,0.36969712,-0.6681334,0.23279755,1.5205224,-0.78632975,-1.5192425,0.25021887,-0.8011506,-0.49413037,1.2693685,1.1554159,0.7409416,-0.98784536,-1.1493126,-0.50546235,-0.85982114,-1.6210039,-0.96441615,0.01789913,1.0938127,1.0403155,0.041285403,0.47347817,0.5768952,-1.7384857,-0.12505436,0.16161421,0.6329953,1.2354639,0.010646317,1.5233543,-1.4763162,-0.9143003,-0.54950804,0.5272285,-0.1241702,0.010821378,0.23660514,-0.48736048,0.6267874,2.207642,-1.4861584,-0.52666926,-1.2664231,0.60156375,-1.3747883,-0.6001136,-0.110673405,-0.232495,0.405248,0.8351723,1.117411,0.6139307,0.42228708,0.11767698
CAL-62,-2.0785472,-1.1277317,1.1124237,-0.6349608,-0.41004467,-0.19624293,-1.5053002,-0.94553137,0.0101087205,-0.29666382,2.4649224,-0.779763,-0.9792972,-2.1584055,1.4083111,0.5095584,-0.10392136,1.6066525,-0.82209975,0.049462013,-1.3238895,-1.4075152,-1.8171841,-1.8778528,0.86405396,1.0038699,-1.0859101,0.772032,-2.528084,-2.1234598,2.5624678,0.46432856,-1.0493475,0.21734786,0.88195765,0.552525,-0.83089083,-0.21542728,1.9757906,-1.1599945,1.30115,1.1013259,1.8299809,0.27732068,-1.9515479,-1.5907018,-0.7150024,-0.08613985,0.19495098,2.0613532,-0.6559552,-2.6140926,-1.0078741,-2.3953633,0.5402628,0.785601,-0.18772393,1.6596674,-0.67889845,0.21274197,1.8506337,-0.46940106,1.3700536,-0.21656033,0.15691526,0.042025518,0.41607872,1.0117909,-1.5244973,-0.5783251,-1.0882206,-1.7859312,-0.8200772,1.7479562,-1.485131,-1.3314828,-0.72122365,-0.8952065,-0.5933289,1.3955438,1.2878314,-0.5263943,-1.2279049,-1.699255,0.96932673,1.4740012,0.99760234,-0.22834961,1.2265323,0.9901029,1.633652,-0.79185355,1.4361534,-0.52182007,-0.32569745,0.01623948,1.9547814
NCI-H889,2.166712,1.8937169,1.1603222,-1.9037167,-0.06271902,0.57781523,0.1148099,0.39253402,-0.18340112,-2.332749,0.64791614,-0.5593484,1.760779,0.45367962,0.8735456,1.8487544,1.1883146,-0.6802711,1.0649962,-1.5683948,0.32558754,2.1998272,2.148888,1.7386105,-0.50942785,1.1279997,-1.256148,1.2021446,1.5010008,0.014359143,-0.7210048,-0.60375565,3.3246644,-1.2561516,-1.5841376,-0.12497887,0.41275054,-1.2938935,-0.18102477,-1.9150512,1.709988,-2.248715,1.8426237,-0.5772647,0.5250449,3.2771056,-1.7293526,-2.1159146,1.3336107,-0.45768872,-1.0309399,2.7037911,2.1809769,0.45384878,-2.2619226,-1.5597259,-0.33761755,-0.46346295,-2.9225464,-0.20107007,-1.0103598,2.4630618,0.46191594,-0.19119683,1.2450657,-0.2643342,-1.5191575,-0.8979545,-0.93456,1.7742074,1.8945458,0.5601282,2.2403004,-0.7851776,-1.5594788,-0.82094216,0.7647316,0.5046311,0.29518715,-0.921007,-1.3107864,0.6083312,2.975829,-3.1557734,-0.13655424,-0.9265006,0.21301986,-1.6511282,-1.2528031,-0.05734867,0.13038364,-1.0802596,0.86120117,1.5925637,0.20745787,1.3473797,0.40252012
LMSU,-1.8828626,-0.9512119,1.0760741,-0.5993928,-0.41342583,-0.1547507,-1.4331946,-1.0136026,0.071543336,-0.20723781,2.055866,-0.6660203,-0.84746045,-2.0714474,1.4035808,0.43929288,-0.06445189,1.4933807,-0.5558769,0.16598639,-1.1773233,-1.4661455,-1.5529672,-1.7045716,0.7640708,1.0377158,-0.79139876,0.704033,-2.27922,-2.0517588,2.2957036,0.37366933,-1.1176385,0.22540075,0.73664397,0.46781397,-0.6727324,-0.18447693,1.8336573,-1.0050446,1.0361359,1.0433733,1.459197,0.33267003,-1.6840986,-1.4232215,-0.6750535,0.005720895,0.15549904,1.9447123,-0.56542283,-2.434678,-1.0140308,-2.0605125,0.52413595,0.7041255,0.011924375,1.4119742,-0.67631,0.24727887,1.7177055,-0.4554129,1.242459,-0.305598,0.006860014,0.031422444,0.3229555,0.91600704,-1.432905,-0.5307697,-1.0393064,-1.7035244,-0.7687129,1.5576422,-1.2072726,-1.2459996,-0.49581975,-0.78513026,-0.5157394,1.2201501,1.186091,-0.480707,-1.1732267,-1.5308299,0.88133466,1.3192397,0.8287259,-0.31640652,1.0288674,0.8034026,1.581027,-0.69327635,1.1337163,-0.5822665,-0.33497864,0.057918023,1.6345091
NCI-H650,-1.0993142,-1.137519,-0.5968256,-0.36702412,1.2449695,0.21599206,0.2114661,0.25238734,-1.4848301,-2.8810375,2.8065403,-0.18873046,-1.0016446,-1.1647184,-0.6567332,1.6933221,-0.07801789,0.18562302,-1.4026589,-1.5553963,-1.1021559,2.13418,-1.392712,-0.0023208512,-0.37152642,0.1035309,-2.7469704,-0.13965663,-1.045075,0.2675428,1.1523876,1.3505905,1.8099741,0.48624754,0.6048018,0.47949722,-1.9218351,-1.1445816,-0.33495107,0.35317293,1.8508607,-1.2784026,2.8822973,-0.17738886,-1.8724556,0.60556316,-0.19702658,-0.7531632,0.8629117,0.48956674,-1.5131837,0.9580885,1.3551306,-1.2503057,-1.1876212,0.4740045,-1.285356,2.606159,-0.24048692,0.5252556,-1.3988656,1.3047086,-1.0195853,1.3635269,1.3132837,-1.3223785,0.9628826,-0.49444267,-0.5051033,0.26528916,0.015008742,0.64246,0.81020373,2.6061475,-2.3748808,-0.42681375,-1.2499036,0.33609423,0.4456487,-0.33491614,-0.15599549,-0.615193,0.9421646,-2.5201008,0.547826,1.4903226,0.16901027,1.2512118,0.2843808,1.4660674,-0.45808172,-0.84114075,1.7397405,0.9531879,-0.91745025,0.86554265,2.4992285
SNU-119,-0.39648107,-0.23519044,-0.5896172,0.18925971,0.8153374,-0.1526061,0.064400926,0.047783576,-0.7533086,-1.0314412,1.4631481,0.18656333,-0.7609939,-0.06994821,-0.6315622,0.6869188,-0.5097417,0.07990332,-0.62961024,-0.9216788,-0.7052679,1.4223683,-0.65249485,0.09209883,-0.21691473,0.03825805,-1.2512174,-0.19117609,-0.13882525,0.3211037,0.11239147,0.5340337,0.7980794,0.42616525,0.6555749,0.69185835,-0.47745535,-0.18945614,-0.18320306,0.27619824,0.7773655,-0.7750809,0.7550637,-0.14760187,-0.99435747,0.4665623,0.10204016,-0.4132746,0.27172896,0.31666353,-0.4383163,0.7705696,0.58927894,-0.41870084,-0.45485705,0.18936503,-0.79081494,1.0616827,0.019519556,0.34742907,-0.8308005,0.8419303,-0.40466347,0.9625615,0.47493914,-0.5967693,0.37598577,-0.39448243,0.019530024,-0.00061081536,-0.14685309,0.45673025,0.42717838,1.2898996,-0.9689515,-0.37901053,-0.9385184,0.22492613,0.32537192,-0.29929173,-0.17269489,-0.24174932,0.60165066,-0.89874274,-0.046836138,0.56355673,0.071181804,0.71892464,0.04728458,0.37180278,-0.26887497,-0.18413684,0.8016729,0.49676722,-0.33900088,0.2929361,0.7542149
SK-MEL-3,3.1446333,3.0959706,1.0396984,-2.4211998,1.0069844,0.84424835,0.016784122,0.12469206,-1.6887624,-4.6558027,2.6566155,-0.326462,1.6574454,0.65804535,0.68919045,3.2921278,1.994927,-1.4762573,1.2099885,-3.3535233,-0.5001444,5.1142964,2.7973704,3.1603706,-1.1636657,2.1356235,-3.0542688,1.4364338,1.900565,0.8842535,-0.9750582,0.012139283,5.9529214,-0.9882224,-1.4899259,0.758085,0.49524435,-2.4602892,-0.048250046,-2.2286057,3.6121812,-4.707728,3.7741146,-1.1978345,-0.050296754,6.235198,-2.2134755,-4.0128045,2.234922,0.00883339,-1.6030799,5.0960746,3.8984475,0.3281745,-4.040712,-2.0949235,-1.1688846,0.50495505,-4.4942684,0.569989,-3.1124082,5.0365553,0.21420795,0.7540052,2.3458962,-1.9872209,-2.3317897,-1.8994387,-1.7292029,3.2633889,2.6950517,1.5690005,4.4484687,0.2845705,-3.1125908,-1.4545375,0.21248238,0.826457,1.069982,-2.0939045,-2.4115553,0.8948148,5.270568,-6.0501423,-0.17091222,-0.58785605,-0.088192716,-1.7633383,-2.176869,0.21171659,-0.012050497,-2.3121312,1.6939491,3.0938995,-0.2633811,2.4269383,0.78761154
IGR-1,-1.9764398,-0.9882095,1.1287549,-0.62865496,-0.3556292,-0.12992612,-1.5443074,-1.1702825,0.02423869,-0.2696464,2.1733181,-0.72258353,-0.9371849,-2.2418783,1.5279315,0.5283786,-0.1334591,1.5823994,-0.55457795,0.12718306,-1.2845042,-1.5422921,-1.6659976,-1.7803986,0.72809154,1.1612954,-0.82342625,0.7396734,-2.3656242,-2.1521769,2.3766568,0.5322678,-1.1763889,0.28298572,0.8056829,0.532664,-0.6749179,-0.16647813,2.021359,-0.93966687,1.067878,1.0531894,1.4655719,0.4036466,-1.8468333,-1.4559283,-0.7091986,-0.003952034,0.13739344,2.007944,-0.6542481,-2.502979,-1.0578444,-2.200377,0.538073,0.8208123,0.045291256,1.5107008,-0.7902352,0.31865108,1.75532,-0.48780695,1.3141928,-0.3491714,-0.081882164,-0.05957161,0.37509346,0.8450315,-1.4696412,-0.5654516,-1.1107839,-1.8245885,-0.8026992,1.7246163,-1.3585205,-1.366532,-0.4921518,-0.75456494,-0.5586836,1.2369145,1.2809542,-0.5626363,-1.2075421,-1.6729385,0.90273494,1.3865051,0.80762136,-0.29193798,1.1256098,0.7731666,1.6686316,-0.74749357,1.2127925,-0.5689653,-0.33390212,0.07151954,1.7135029
Kasumi-2,-2.0698528,-1.0274385,1.1776857,-0.64859,-0.3861708,-0.13052194,-1.6130002,-1.2253127,0.044376418,-0.26284757,2.2445338,-0.7339589,-0.9637324,-2.3361113,1.5962574,0.5229817,-0.113903455,1.6491225,-0.5617241,0.1624196,-1.3347191,-1.62015,-1.7277377,-1.8658863,0.76750416,1.2098997,-0.85254574,0.76037943,-2.478872,-2.2737317,2.480666,0.51358575,-1.2661523,0.30724284,0.83081657,0.55035436,-0.7067663,-0.1848275,2.093601,-1.0062497,1.0974711,1.1146739,1.5035765,0.4143234,-1.8944186,-1.5197062,-0.73230565,0.020823725,0.1497665,2.1297336,-0.6427402,-2.6315312,-1.1257548,-2.2629628,0.5672742,0.8268282,0.06819339,1.5637026,-0.7922545,0.31483907,1.8406254,-0.51256394,1.371173,-0.36563665,-0.07992324,-0.040126882,0.3749371,0.9168226,-1.5336542,-0.6044775,-1.1664431,-1.8940399,-0.8419995,1.788698,-1.3696489,-1.4146315,-0.49329758,-0.80184156,-0.555351,1.2814914,1.3298659,-0.5745367,-1.2870501,-1.7302128,0.94891757,1.4418596,0.84560066,-0.3204433,1.1463406,0.8073188,1.7577636,-0.7710963,1.2329088,-0.6057812,-0.35607865,0.086272225,1.7632172
Peer,-1.5890478,-0.59112465,0.86440474,-0.5374175,-0.2397093,-0.08992015,-1.1720617,-0.914506,0.06269568,-0.1661144,1.5901582,-0.62149614,-0.6770636,-1.659992,1.1589131,0.28242967,-0.23294102,1.2363812,-0.2705552,0.056453843,-0.9417722,-1.1274545,-1.1870165,-1.1843222,0.53348386,0.9841421,-0.61154133,0.7091371,-1.6563822,-1.710759,1.759732,0.33711502,-0.9263098,0.13055176,0.55140156,0.5031477,-0.42939135,-0.082093894,1.5862014,-0.6811608,0.7257377,0.7782323,0.9078189,0.3651709,-1.4446853,-1.05813,-0.45202595,-0.08705097,0.10615051,1.5906107,-0.45276657,-1.7536563,-0.84001935,-1.5959458,0.3249754,0.51607746,-0.047162358,1.0687213,-0.5741326,0.25867468,1.2844708,-0.26469547,1.196414,-0.18308286,-0.08447833,-0.010805981,0.22879069,0.6877772,-0.9658468,-0.45747256,-0.90986156,-1.3621435,-0.6662372,1.2194313,-0.91064435,-1.1551809,-0.44160455,-0.51539946,-0.315483,0.8891911,1.0227786,-0.30604976,-0.728221,-1.225774,0.5386074,0.87970424,0.5446604,-0.27207989,0.73389846,0.5601634,1.2117872,-0.61722064,0.8286977,-0.4579519,-0.16608927,-0.031848636,1.2756679
Karpas-422,-1.912938,-0.91006243,1.1333601,-0.6239378,-0.38688585,-0.14078128,-1.5210327,-1.1397135,0.0648168,-0.1844103,2.0635884,-0.68802106,-0.8869771,-2.1499183,1.4971178,0.46130145,-0.098875985,1.5304333,-0.46804237,0.1696138,-1.2360893,-1.5381596,-1.5752887,-1.7214351,0.7298507,1.1585858,-0.77187806,0.7268386,-2.292317,-2.1233315,2.28306,0.44415578,-1.1903254,0.25835237,0.76259476,0.52680886,-0.60029656,-0.14551598,1.9574873,-0.9596313,0.9933555,1.0516707,1.3505653,0.40784723,-1.7377703,-1.4046867,-0.68693507,0.030153051,0.13646224,2.014723,-0.576049,-2.4274678,-1.0566356,-2.081669,0.5275449,0.7400913,0.0839216,1.4055519,-0.7493127,0.30999458,1.7442077,-0.47155687,1.3191006,-0.33995396,-0.08453578,-0.028840102,0.32096365,0.86821395,-1.4340204,-0.5507247,-1.0929513,-1.7624459,-0.79123265,1.600865,-1.2162341,-1.3459704,-0.46148068,-0.74112153,-0.5252345,1.2175523,1.2353259,-0.49197364,-1.1642207,-1.5908979,0.8597095,1.3084432,0.77089095,-0.33776116,1.0271659,0.71937144,1.6599425,-0.72414404,1.1075711,-0.5828966,-0.3277599,0.061837085,1.5978558
SNU-8,1.8348006,1.5714731,0.6449558,-0.9598274,-0.3861711,0.17478317,0.23701915,0.21054646,-0.049392745,-1.7155449,0.39569467,-0.58207446,1.9605465,0.6946189,0.29070118,1.3232943,0.8263034,-0.13308044,0.7170481,-1.0772938,0.56419766,1.6464732,1.7097354,1.3659972,0.18760167,0.54922456,-0.24239144,1.1324246,1.5984088,-0.1417624,-1.004447,-0.9689139,2.7591927,-1.1558496,-1.2670655,0.0035844985,1.1299132,-0.7736961,0.063844465,-1.6075135,1.1711477,-1.8158727,0.731201,-0.6782583,0.3247544,2.189439,-0.9738194,-1.7791474,0.60413176,-0.93737113,-0.6527984,1.752749,1.3552326,0.7374425,-1.6086898,-1.3703132,-0.5011276,-0.837154,-2.2154095,-0.9035208,-0.3346113,1.4918908,0.94129217,-0.0071639568,0.8777711,0.45478028,-1.7264353,-0.38304776,-0.048157632,1.0868101,1.596817,0.35633022,1.9835006,-1.348832,-1.3004963,-0.70267403,0.8052815,0.02918851,0.123838745,-0.045079328,-0.72812986,0.69027543,2.5102556,-2.1788516,-0.58444977,-1.4497799,0.50052446,-1.6995498,-0.8014855,-0.12997136,-0.1743182,-0.08412955,0.94957036,1.2391051,0.56659293,0.6370248,0.08862987
VMRC-RCZ,-3.193108,-2.5831494,-1.0227122,0.3126548,1.9667412,0.017435871,-0.73524487,-0.711133,-2.0403347,-3.4068341,5.5920577,-0.32187966,-2.7143364,-2.6967304,-0.61549383,2.2764742,-1.5026017,1.8162699,-3.131624,-2.2963758,-2.6282487,1.9968995,-3.8984194,-1.6480145,-0.09399112,0.43009034,-4.1511097,-0.038591877,-2.7634676,-0.7385962,2.4954712,2.4212744,0.9664351,1.8186187,2.1701121,2.0213623,-2.2700078,-1.1672353,1.2917262,0.4094468,2.792945,-0.7280328,3.6107342,0.15848821,-4.4552474,-0.87610453,0.105353504,-0.5782547,0.27787143,1.7556585,-1.8257042,-0.82940507,0.54573214,-3.4603093,-0.25763068,1.9400573,-2.0221674,4.5982466,-0.24003363,0.66666037,-0.6588133,0.84055763,-0.23925273,1.9137549,1.0976691,-1.3566189,1.902488,-0.16051897,-0.65952986,-0.82370615,-1.2999492,-0.7849139,0.26458052,5.3706384,-4.2428193,-1.3837862,-2.476031,-0.44306883,0.3185224,0.4778606,1.2144582,-1.8545048,-0.3828035,-3.2157786,0.80863327,2.8443427,1.0439233,2.4108338,1.956261,2.1647391,0.40280807,-0.7813679,3.6092656,0.8442432,-1.19736,0.7529436,3.8600507
SiMa,-2.330281,-1.2781225,1.3412082,-0.74919844,-0.5401223,-0.23356858,-1.7307814,-0.98749256,0.027847823,-0.3087081,2.9734206,-0.8551879,-1.1072143,-2.4136434,1.6031342,0.47020516,-0.07823375,1.8101423,-0.9053663,0.02439882,-1.5197256,-1.4945289,-2.1017776,-2.1240118,1.1111844,1.1137772,-1.3025295,0.84104586,-2.8699162,-2.3776104,2.95813,0.48823157,-1.1120243,0.19988012,0.95554096,0.6682316,-0.8444719,-0.23647565,2.2007728,-1.4028928,1.5875891,1.2759447,2.1541035,0.32778984,-2.2505453,-1.823324,-0.7954978,-0.1411305,0.24526301,2.3242323,-0.7379737,-2.9419694,-1.102418,-2.8711226,0.5907903,0.84827614,-0.278543,1.9194593,-0.80654055,0.27000535,2.115104,-0.45385063,1.6353039,-0.12963274,0.27275276,0.051644668,0.48120433,1.2261769,-1.7481447,-0.6809427,-1.193654,-1.9869366,-0.9128917,1.8376582,-1.6464967,-1.6204531,-0.9517276,-1.0989547,-0.70157826,1.7196192,1.4578204,-0.59137464,-1.3070225,-1.8671411,1.0737162,1.6310419,1.1637986,-0.2821858,1.4612418,1.1512439,1.8600354,-0.9074426,1.713868,-0.6056495,-0.44320986,-0.06733668,2.1948118
SNU-407,-2.031195,-1.0136809,1.1294155,-0.61935806,-0.35840195,-0.13452303,-1.5628524,-1.2029307,0.016117763,-0.28106707,2.218625,-0.73082876,-0.95213264,-2.292148,1.5235285,0.53008014,-0.1325439,1.5986687,-0.5587906,0.1393309,-1.3304398,-1.5618236,-1.7107741,-1.8214194,0.730694,1.1821094,-0.84716237,0.74371064,-2.4124098,-2.213999,2.4533315,0.51358575,-1.2267171,0.30291602,0.8429564,0.531807,-0.6887764,-0.1700371,2.0616727,-0.9644989,1.0869409,1.0781595,1.4835796,0.40067917,-1.8678193,-1.484707,-0.71525526,0.011606764,0.16324459,2.0657728,-0.63255304,-2.561651,-1.1053774,-2.2203066,0.54912007,0.8158417,0.045434173,1.5388837,-0.7800981,0.30246767,1.8024163,-0.5108973,1.3402089,-0.32865807,-0.08560747,-0.056093037,0.35981694,0.87661225,-1.5079188,-0.5815226,-1.1417117,-1.8542403,-0.84913677,1.7771134,-1.3470426,-1.3866601,-0.4885987,-0.7814106,-0.54921204,1.2386755,1.3077691,-0.55454445,-1.2257212,-1.7084963,0.9524933,1.4074736,0.8115044,-0.30576834,1.1383331,0.80079,1.7048203,-0.76334774,1.2354255,-0.5799504,-0.34086064,0.07397786,1.7388709
OS-RC-2,-2.087812,-1.0690145,1.1907153,-0.6429792,-0.42012483,-0.16693139,-1.5885272,-1.1254865,0.05606173,-0.24138892,2.348427,-0.7714227,-0.97627336,-2.294103,1.5398467,0.5096014,-0.10704943,1.6485339,-0.6326971,0.14683917,-1.3437288,-1.5732086,-1.7612771,-1.9019681,0.8346947,1.1693391,-0.94344467,0.77424943,-2.5242136,-2.2555737,2.5445852,0.452511,-1.2252725,0.25303608,0.8581118,0.5579323,-0.7135137,-0.17301133,2.0781677,-1.1002806,1.1856195,1.1388882,1.6342305,0.37384748,-1.9226395,-1.5618653,-0.7200943,-0.0036418885,0.17295623,2.1470573,-0.6329485,-2.649938,-1.1184009,-2.3254535,0.57242334,0.8055249,-0.018911954,1.5882995,-0.7573203,0.28286508,1.9063978,-0.50409734,1.4150991,-0.28755826,0.007005479,0.013476979,0.35751885,1.0019268,-1.5595957,-0.59376824,-1.1628088,-1.8853934,-0.86932385,1.7699399,-1.3659108,-1.4199741,-0.59341484,-0.8618957,-0.5854014,1.3546238,1.3275911,-0.5459903,-1.2783712,-1.7197475,0.9582754,1.4396079,0.9104886,-0.3216584,1.1731466,0.878739,1.7538491,-0.79218185,1.3017366,-0.6032759,-0.3476974,0.03472443,1.8311405
COLO 783,-1.5935827,-1.2871746,0.19977565,-0.1962388,0.1732441,0.10188576,-0.5646549,-0.32191944,-0.38230762,-1.1643406,1.9799168,-0.4224776,-0.79172665,-1.6144701,0.47617492,0.78385824,-0.21746692,1.0718013,-1.186801,-0.2936991,-0.962414,-0.38070804,-1.6899335,-1.1637456,0.3007746,0.19322884,-1.1588591,0.26212808,-1.7440549,-1.0076343,1.7553327,0.77744603,-0.17831498,0.38548386,0.6979112,0.31778383,-1.2693793,-0.6141189,0.81977457,-0.23751864,0.96080804,0.36758485,1.9296801,0.05326718,-1.6076583,-1.0537504,-0.35576588,-0.17962757,0.200017,0.9459343,-0.8111867,-1.5711775,-0.30802026,-1.6884656,0.18392368,0.8268014,-0.4601973,1.7437065,-0.19876878,0.066256456,0.63690805,-0.21632199,0.10646267,0.1488739,0.36296526,-0.30199724,0.74688435,0.32035553,-0.8586481,-0.34739557,-0.5046612,-0.85492384,-0.2029657,1.9088286,-1.675488,-0.55476356,-0.57260764,-0.4911056,-0.19267973,0.61001813,0.80358577,-0.75555307,-0.7583397,-1.5204036,0.80177385,1.3232174,0.806919,0.4329509,0.9801148,1.033495,0.58038825,-0.3414589,1.3860419,-0.060281396,-0.42786685,0.35706538,1.8683646
HCT 15,-1.9941841,-0.9760641,1.1268091,-0.6218082,-0.3803742,-0.16350454,-1.5574728,-1.1213238,0.057801023,-0.23194194,2.2278557,-0.72926784,-0.9409412,-2.213316,1.4895061,0.4953651,-0.13347389,1.5492827,-0.556375,0.11092596,-1.3055812,-1.4987584,-1.6903692,-1.7972858,0.7310917,1.1631266,-0.9055469,0.73736525,-2.4025884,-2.2103407,2.4297566,0.47508594,-1.1889367,0.23242909,0.830093,0.54782104,-0.64636016,-0.13288447,2.0193017,-1.031476,1.1247617,1.0714083,1.5134481,0.37061793,-1.8570989,-1.4795984,-0.6929884,0.00996903,0.16387476,2.0787024,-0.60025823,-2.5342584,-1.0784941,-2.2098377,0.52762717,0.76989394,-0.0030705743,1.5210509,-0.7506492,0.2938947,1.8334203,-0.49268672,1.3757473,-0.28555214,-0.013869185,-0.014712684,0.3124885,0.9139799,-1.4894862,-0.54511553,-1.133216,-1.7994472,-0.8891966,1.7295518,-1.2705984,-1.3891057,-0.5520991,-0.7884453,-0.5457675,1.2709316,1.2854329,-0.51346034,-1.2081072,-1.6742737,0.9293192,1.3866819,0.81702477,-0.316806,1.1237301,0.8211186,1.6982545,-0.7654701,1.2270266,-0.563597,-0.29991215,0.026926506,1.7352563
Panc 04.03,2.0536752,1.8166368,0.6536174,-1.086846,-0.22948484,0.29470497,0.10887258,0.06466951,-0.3237963,-1.9621359,0.6279365,-0.4323364,1.7311895,0.64985806,0.52172744,1.4527642,0.95676297,-0.3845805,0.8235919,-1.2776506,0.32750535,1.9211371,1.8263285,1.5554025,-0.09987925,0.8417391,-0.41487303,1.0123345,1.5354843,-0.010608956,-0.8104973,-0.7220374,2.935477,-1.099278,-1.136896,0.071268715,0.9523977,-0.89837193,0.24524993,-1.5862854,1.4727309,-2.1398175,1.0969605,-0.8922618,0.2085722,2.6609614,-1.11864,-2.0845683,0.857162,-0.7263099,-0.7072181,1.9069018,1.5583338,0.5772588,-1.7076198,-1.2394097,-0.502182,-0.6574159,-2.4772732,-0.5263176,-0.6661005,1.9299449,0.81466967,-0.00048270077,0.89224887,-0.04400952,-1.8520192,-0.6420986,-0.4391795,1.3926815,1.6319945,0.37231922,2.221098,-0.98239696,-1.4262134,-0.81703156,0.582947,0.06773999,0.21634579,-0.39403355,-0.91360325,0.5844031,2.6290398,-2.674914,-0.38653934,-1.2318951,0.39399374,-1.7200935,-0.90103453,-0.20698932,-0.025829505,-0.4433388,0.89986205,1.4233705,0.5279373,0.9309526,0.095775396
RS4;11,-2.4559684,-1.37668,1.3196793,-0.6028151,-0.34248865,-0.13644207,-1.362015,-0.8846584,0.32541326,0.1616426,2.2262883,-0.73533016,-1.1163166,-1.931758,1.3470191,0.41477272,-0.18253002,1.8211311,-0.6964937,0.23574683,-1.3704906,-1.6246024,-1.8488355,-1.7640982,0.5559696,1.190581,-0.8105822,0.6336544,-2.6254184,-2.3641293,2.9100053,0.33691582,-1.2649158,0.35620287,0.8234249,0.17871727,-0.83664614,-0.6039018,1.9267573,-1.1462116,0.65664643,1.5351483,1.5485425,0.54110754,-2.0670013,-1.6019841,-0.574028,0.48472303,0.35925695,2.0508037,-0.5153749,-2.3897314,-1.4797915,-2.182812,0.76907575,0.894964,-0.11340523,1.5668463,-0.25157535,0.34147537,1.885297,-0.78810287,1.256222,-0.28131452,0.048246343,0.3041847,0.7665939,1.164232,-1.5324336,-0.800328,-1.0906017,-1.6956913,-0.65713894,1.5329314,-1.5752709,-1.2611971,-0.42603135,-0.47760656,-0.38218272,1.3593676,1.4343259,-0.54315645,-1.5693272,-1.7518036,0.9424341,1.3181812,1.154318,-0.20966017,1.029453,0.887274,1.9475225,-0.895565,1.3190626,-0.93863136,-0.25888363,0.13648416,1.9584578
TALL-1 [Human adult T-ALL],4.342182,3.9552588,1.4918549,-2.2323987,-0.56364954,0.36271867,0.13153061,-0.07027089,-0.63544047,-4.1940293,1.5030657,-1.1740779,3.6028533,1.4705942,1.1976277,2.9651809,2.1553383,-0.91023,1.9186177,-2.8536549,0.391619,4.131759,4.188933,3.4253156,-0.058288883,2.052218,-0.929159,1.9373083,3.1220932,0.37013406,-1.6444547,-1.2030581,6.2565103,-2.3003256,-2.268642,-0.014127327,2.4364836,-1.9150616,0.85772544,-3.6765018,3.2548242,-4.5851855,2.3736458,-2.1934838,0.14562698,5.5391326,-2.377267,-4.6472692,1.563708,-1.2894969,-1.7488841,3.9727335,3.598306,1.1818402,-3.34591,-2.6025639,-1.1303629,-1.345122,-5.302434,-0.8166405,-1.0120937,4.0993037,1.9567168,0.34479955,1.8823255,-0.46315736,-4.045779,-1.5746125,-1.0481085,3.0746315,3.2573347,0.29804885,5.0017653,-2.286698,-3.009303,-1.8788885,0.68420076,0.1120522,0.40331566,-0.4431394,-1.9243252,0.97605747,5.3406215,-5.7510104,-0.30842775,-2.4303293,0.7723011,-3.5821667,-2.0880365,-0.5537309,-0.16690989,-1.2313308,1.8067745,3.1112607,1.3352684,1.7064389,0.16736937
HCC1599,4.054605,3.5819976,1.6602256,-2.737581,-0.19563392,1.0404447,0.17182216,0.28028637,-0.5923819,-4.022227,1.1711483,-0.8389119,3.1037712,0.99517953,1.4257168,3.2108288,2.1320066,-1.1635834,1.7560656,-2.8458948,0.58376944,3.9407454,3.5079644,3.0257063,-0.71026903,1.8704478,-1.7018094,1.9602515,2.804644,0.055322744,-1.5342325,-1.2074441,5.8305883,-2.1823456,-2.443274,0.09609059,1.3523773,-2.0301757,0.14854534,-3.2194126,3.0568993,-4.08822,2.8197389,-1.371181,0.8433201,5.832332,-2.7262123,-4.065963,2.0430388,-1.0151134,-1.4648864,4.4726605,3.4984117,0.83929384,-3.8194966,-2.5943189,-0.62446487,-1.0598339,-5.1961794,-0.55410975,-1.7693237,4.1831007,1.095761,-0.33577973,1.8376781,-0.51630956,-3.2392554,-1.4224297,-1.459974,2.9813435,3.279317,0.94173026,3.9575253,-1.5763116,-2.739564,-1.3656492,1.3744918,0.53036296,0.5397214,-1.6063443,-2.0960827,1.1246009,5.245667,-5.542724,-0.43322363,-1.838694,0.33859086,-3.1009452,-1.9062191,-0.36200196,0.16241144,-1.454658,1.5730516,2.9844065,0.44546664,2.3017898,0.28271028
UM-RC-2,-1.95761,-0.9369427,1.1527867,-0.6406459,-0.39503166,-0.14020921,-1.548271,-1.1585784,0.06667678,-0.20450616,2.1014826,-0.704748,-0.89995676,-2.2080731,1.5322084,0.47433293,-0.098280154,1.5686175,-0.48759815,0.17098549,-1.2588321,-1.5754062,-1.6092849,-1.7581624,0.7469817,1.1756858,-0.7831379,0.7452701,-2.3418474,-2.1685636,2.340666,0.461305,-1.2113343,0.26199684,0.7761215,0.5294731,-0.6329111,-0.15844396,1.9916363,-0.9759604,1.0148801,1.0763005,1.3951402,0.41367352,-1.7763761,-1.4377992,-0.7028786,0.021121096,0.14234275,2.0487053,-0.6004566,-2.48965,-1.0758741,-2.1252637,0.54148865,0.7596195,0.079790235,1.4395562,-0.76657283,0.3165804,1.7729094,-0.4820967,1.3331035,-0.35582253,-0.08614616,-0.03382914,0.33461222,0.8785658,-1.4646919,-0.56115466,-1.1124442,-1.8072654,-0.8062431,1.6405692,-1.2565545,-1.3648258,-0.46532834,-0.7571898,-0.5406002,1.240415,1.2668637,-0.50849277,-1.1909097,-1.62949,0.8834758,1.3482095,0.7905686,-0.33812872,1.0548065,0.7473027,1.6893638,-0.73779696,1.1353853,-0.59983003,-0.33371112,0.064493746,1.6460177
SNU-719,7.094499,6.600933,2.312969,-4.7972913,1.0699762,1.5695852,0.107461646,0.31176746,-2.8446121,-9.248164,4.7170067,-1.2208042,4.4122324,1.5518181,1.8460174,6.43739,4.1869345,-2.7657304,2.876014,-6.5162687,-0.58345073,9.837513,6.462461,6.602199,-1.9271193,4.1420913,-5.0887747,3.1051543,4.3857093,1.5985712,-2.202404,-0.6454182,12.136036,-2.6925564,-3.2739642,1.0751084,1.6960168,-4.8502765,0.28928873,-5.3780327,7.0701175,-9.416123,7.1603,-2.9096363,0.075320885,12.503338,-4.7490716,-8.48117,4.1968446,-0.68871665,-3.160806,9.612425,7.9467583,1.1465431,-7.6758866,-4.353685,-2.422902,-0.08507569,-9.550291,0.5631104,-5.2427883,9.853262,1.2580328,1.0680394,4.5474596,-3.167669,-5.6471353,-3.9163382,-3.2723372,6.811479,5.8344717,2.2735338,9.344476,-0.62833035,-6.2356334,-3.0920765,0.5890366,1.2111228,1.6909013,-3.5377042,-4.70483,1.8379487,10.601772,-12.167593,-0.42084965,-2.1112866,0.27047676,-4.4747934,-4.457005,0.25051963,0.045222055,-4.1962795,3.5086606,6.2845893,0.37088805,4.557279,1.2693361
JHH-2,1.6220938,1.317402,-0.4804253,-2.3089724,3.8853312,0.41018915,0.7692285,0.9226199,-4.2582774,-7.918478,7.734478,-0.15639777,-0.89614415,0.48712867,-1.9212736,4.9976015,0.7690928,-1.6398667,-0.87726307,-5.9632535,-2.540698,9.503405,0.74606997,3.8387837,-2.1920033,1.4259521,-7.616329,0.1372606,0.44493118,2.9004805,0.040124416,2.4872987,8.525893,0.9856356,0.351499,2.1345892,-1.7414252,-3.9930952,-1.2841532,-0.8688328,6.0295253,-6.219936,7.428868,-1.4795878,-3.110746,7.301152,-1.8936821,-4.6217003,3.4769857,0.604415,-3.2672462,7.8165584,6.4203153,-1.3504534,-5.2723985,-1.199412,-3.8517084,4.334049,-3.793645,2.0022478,-6.324943,7.498813,-1.5304017,4.229969,4.5795984,-3.9150493,0.3212834,-2.8095753,-1.5735028,3.3900142,2.65548,3.5465193,6.5803595,4.3264346,-6.663185,-2.3825986,-2.8954053,1.8232526,2.1200097,-2.7723453,-3.320205,0.020302478,6.902465,-7.893145,0.24759781,1.381229,-0.096261844,0.913157,-2.252318,2.122967,-1.708446,-4.077066,4.7156763,4.6120105,-1.2307211,3.0146012,3.9833467
SK-MM-2,-0.44499037,-0.4599259,-0.49711514,0.118771695,0.86389595,-0.021817537,0.11165663,0.04695317,-0.9395253,-1.4313225,1.8879801,-0.01569823,-0.7363255,-0.3485526,-0.6087695,1.0024508,-0.17240399,0.040895768,-0.7694667,-1.0075947,-0.7863222,1.5735232,-0.7567857,0.10488986,-0.22271341,-0.0632165,-1.6556313,-0.25976014,-0.52220404,0.4649082,0.2846477,0.7461125,1.0867245,0.53137183,0.63042986,0.611095,-0.65333444,-0.5952366,-0.008468337,0.27873394,1.0451792,-0.87953776,1.4830694,-0.2297212,-1.2086047,0.5136135,-0.05614549,-0.5984324,0.3477109,0.35152042,-0.71076924,0.8116061,0.90502834,-0.83019125,-0.62652206,0.3534827,-0.8017159,1.4175694,-0.21466078,0.37228057,-0.95097136,0.92647654,-0.45652437,1.0536017,0.70634156,-0.9172949,0.47353855,-0.3309003,-0.24655947,0.22431159,0.058221165,0.41378343,0.6420022,1.405046,-1.3928794,-0.42635807,-0.93707407,0.011632312,0.38675606,-0.20118548,-0.30490386,-0.38666418,0.70404524,-1.3681391,0.19533443,0.71462804,0.10992405,0.7484813,0.18456738,0.62430066,-0.32762706,-0.4289258,1.1758904,0.77292943,-0.5067924,0.4668425,1.086451
NCI-H2110,-1.873649,-0.9296392,1.0693126,-0.57538,-0.3553996,-0.10548397,-1.4556913,-1.1131611,0.04965462,-0.22850722,1.9972116,-0.6595174,-0.8642479,-2.1325788,1.4494756,0.4757337,-0.1003064,1.4953882,-0.49371803,0.16890863,-1.2005476,-1.5114076,-1.553194,-1.6947492,0.69095105,1.1011771,-0.7503554,0.68589306,-2.2498949,-2.0685499,2.2604165,0.4485518,-1.1679735,0.27331856,0.752113,0.47739628,-0.64721215,-0.17128268,1.8869609,-0.9010937,0.9645755,1.0169498,1.3542013,0.38537997,-1.7034608,-1.379712,-0.66248,0.029279716,0.14693385,1.9373683,-0.58450055,-2.3981004,-1.037722,-2.0228775,0.5330523,0.74481106,0.08336654,1.3949474,-0.71252686,0.29102564,1.6737158,-0.47225893,1.2285578,-0.32816306,-0.08531137,-0.038329408,0.33847463,0.8363957,-1.4016409,-0.54057693,-1.0604421,-1.7206088,-0.77149326,1.6091092,-1.2178781,-1.2777582,-0.42606157,-0.7321073,-0.5095926,1.1545087,1.2150021,-0.51461804,-1.1678416,-1.5675172,0.8590917,1.3013846,0.75958616,-0.3055756,1.0236938,0.72210944,1.6070998,-0.6927566,1.0934579,-0.5749089,-0.33468124,0.08367415,1.5904466
IM95,-1.7919713,-1.5021524,0.105001085,-0.15786728,0.33163846,0.11182854,-0.53840953,-0.2545362,-0.52958316,-1.4518341,2.3182821,-0.4710821,-0.9452295,-1.7864442,0.3724873,0.9651293,-0.26578116,1.1662447,-1.4313779,-0.46150473,-1.0968889,-0.20054945,-1.9595153,-1.2354887,0.27815104,0.12858821,-1.4748982,0.2407907,-1.9344114,-0.9555257,1.9296619,0.95424193,-0.02060689,0.4952662,0.82186806,0.39718774,-1.4834749,-0.73351926,0.8029294,-0.21733713,1.1129173,0.30464157,2.2569516,0.05871357,-1.862489,-1.1096476,-0.32506114,-0.2416058,0.20655487,0.9547095,-0.98855597,-1.5651605,-0.19491494,-1.8815275,0.1371983,0.9523441,-0.62681854,2.0692272,-0.1765612,0.09260594,0.57490087,-0.16419494,0.012434209,0.30093452,0.48054388,-0.41204116,0.911278,0.26707715,-0.87139964,-0.38563696,-0.5082096,-0.87107766,-0.14851604,2.1993759,-1.9674245,-0.5920841,-0.7264763,-0.5159022,-0.17780392,0.6023798,0.86608905,-0.86701435,-0.72016835,-1.7003579,0.87849057,1.5321139,0.86758524,0.6456727,1.1054798,1.2363436,0.5089756,-0.38633704,1.6596524,0.048232943,-0.53201425,0.3998855,2.1867766
NCI-H929,-1.4943136,-0.5598691,0.55590373,-0.2151898,0.03172776,-0.39619374,-1.0537273,-0.6577397,-0.074223734,0.07416609,1.9563082,-0.5168462,-0.7603173,-0.8598856,0.6344698,0.2520362,-0.46999457,0.91087866,-0.38407537,-0.12615609,-1.0205008,-0.39478117,-1.2354262,-0.93571585,0.50680655,0.7508416,-0.99332213,0.6082529,-1.3232044,-1.206682,1.307577,0.21506637,-0.460715,0.26496658,0.81343615,0.8417066,-0.01698022,0.08726412,1.4999626,-0.679638,0.8868611,0.5235422,0.69365114,0.12211217,-1.6431499,-0.81254214,-0.19383118,0.11987358,0.066633254,1.306962,-0.2919407,-0.9387457,-0.62284064,-1.6239221,0.16522072,0.38948974,-0.28357285,1.073248,-0.40442163,0.14289977,1.1498376,-0.15886936,1.3231411,0.2766919,0.15461995,0.11449588,0.23079158,0.80565673,-0.5300399,-0.4182021,-0.79933846,-1.1086259,-0.46911976,0.9555166,-0.94770944,-1.2969973,-0.844788,-0.43869638,-0.22649889,1.0848176,0.79643905,-0.158268,-0.38173229,-0.92332387,0.12580255,0.40536588,0.5831667,-0.16139773,0.6438051,0.46183088,1.0054657,-0.5134946,1.1366153,-0.1626475,-0.046293832,-0.12253526,1.0697201
SW579,2.9030273,2.5605972,1.0078802,-1.4002035,-0.6720998,0.6657726,0.10808389,0.047629405,-0.2928465,-2.8208878,0.8666481,-1.0013603,2.7142537,0.40364426,1.0526547,2.3364537,1.496893,-0.69111687,1.1158955,-1.7550092,0.6597207,2.6975288,2.3368845,2.2954807,-0.0429402,1.1495873,-0.7631861,1.479126,2.049144,0.031043485,-1.4863626,-1.2659847,4.2152524,-1.9837902,-1.6328871,-0.04013113,1.4668887,-1.3582443,0.32114065,-2.4411314,1.9990648,-2.6737685,1.8128028,-1.4495665,0.57857287,3.9610016,-1.9585706,-3.304467,0.9315055,-0.9238502,-0.8828273,2.6909344,2.446116,0.8271466,-2.200719,-1.6682084,-0.69764787,-1.1793497,-3.7722666,-0.8586328,-0.78092515,2.7813466,1.2859623,-0.44741327,1.1441962,-0.120596334,-2.9110658,-0.8738343,-0.6874718,2.1436243,2.4455986,0.17122723,2.9979317,-1.5871785,-2.007525,-0.9007959,0.97838354,0.0341545,0.33088663,-0.842842,-1.1480708,0.79806185,3.8967228,-3.738163,-0.51559114,-1.72641,0.6320204,-2.4315324,-1.203927,-0.33220106,0.093232594,-0.5102845,1.2082351,2.2681177,0.57646173,1.4312123,0.035842746
DoHH2,-2.0143833,-1.0080259,1.1471334,-0.624262,-0.37316898,-0.115730084,-1.5748755,-1.2066491,0.040160596,-0.25265446,2.1998534,-0.717964,-0.95677304,-2.2816887,1.56034,0.52036005,-0.1217547,1.6115861,-0.5475357,0.16128308,-1.3040359,-1.5867673,-1.69271,-1.8307353,0.7424012,1.1882939,-0.8332495,0.7386043,-2.4221904,-2.2149556,2.4234614,0.5057308,-1.2418036,0.30528253,0.8162891,0.54078597,-0.6860326,-0.17658064,2.0545652,-0.969807,1.0742333,1.0832485,1.468604,0.41280794,-1.8610755,-1.486825,-0.7110524,0.029053211,0.14549562,2.0783489,-0.6304998,-2.5658956,-1.0986856,-2.2209084,0.5600143,0.8173122,0.070412144,1.53259,-0.7793544,0.31529504,1.8019961,-0.4975429,1.3386911,-0.34771448,-0.08288403,-0.04329828,0.36898342,0.8928814,-1.4979143,-0.588561,-1.1487887,-1.8536578,-0.82720006,1.7553208,-1.3414614,-1.3867033,-0.4898036,-0.78497976,-0.5511553,1.251014,1.3018454,-0.57167053,-1.2571853,-1.6914701,0.9205319,1.4054947,0.8195457,-0.30704156,1.1229554,0.7787167,1.7205855,-0.7559434,1.2079772,-0.59528327,-0.35484046,0.09119724,1.7170272
EFM-19,2.2099311,2.0370004,0.55628496,-0.9141181,-0.6486727,0.14944392,0.2503007,0.10538515,-0.04475677,-1.9457543,0.6139943,-0.82382834,2.2389061,0.936128,0.36392245,1.5270517,0.9522363,-0.08292562,0.8814907,-1.2139639,0.7773447,1.7622151,1.87142,1.712047,0.40057597,0.6059065,0.06812861,1.3078866,1.923676,0.06724986,-1.4719739,-1.1576383,3.3179812,-1.5059975,-1.2537985,0.09011607,1.8306688,-0.64342093,0.38406175,-1.8439988,1.2449852,-2.0738816,0.53904074,-1.1175015,0.26910654,2.461687,-0.9909563,-2.1789865,0.44775712,-1.2154696,-0.6735804,1.8109437,1.5356712,0.9107692,-1.616005,-1.5962023,-0.6710476,-1.1336865,-2.54406,-1.2404553,-0.06267736,1.5219153,1.4578047,0.027170599,0.68191713,0.38142398,-2.4338562,-0.35275602,0.124710955,1.0210142,1.7813451,0.23173304,2.382925,-1.8163068,-1.5093033,-0.9611686,0.81206685,-0.11506404,0.08019521,0.0549549,-0.65077925,0.71825683,2.9163425,-2.3796277,-0.68928856,-1.8222718,0.7398465,-2.1249409,-0.8307789,-0.37873906,-0.31761947,0.3011412,1.2151178,1.6096412,0.909927,0.68148625,0.05977907
OCUM-1,0.1275985,0.39036942,0.5418974,-0.78716403,-0.30094722,-0.2178978,0.19213979,0.31548348,0.38282907,-0.7682666,-0.046133712,-0.30249318,0.6523407,-0.31113192,0.4232925,0.51731306,0.3637563,0.34836316,0.40464327,-0.21425074,0.2671984,0.10563119,0.40321195,0.306476,0.2955803,0.09004339,-0.32631433,0.49343184,0.29291382,-0.581836,-0.28971094,-0.64512223,0.73986506,-0.6773546,-0.62790245,-0.22209993,-0.039855625,-0.49143466,-0.22215042,-0.8579427,0.35727334,0.16560431,0.56627095,-0.058950603,0.05289263,0.4613258,-0.7448869,-0.5334979,0.35996974,0.030262139,-0.5035213,0.49675032,0.49754182,0.22767544,-0.530402,-0.6540737,0.17271785,-0.38537133,-0.8742623,-0.086575635,0.09783285,0.6848039,0.19629127,-0.16973996,0.34623,0.33283564,-0.33474553,0.18352842,-0.3347821,0.15029427,0.5500005,-0.14606455,0.3144442,-0.6670933,-0.50070524,-0.26841426,0.43319607,-0.00877713,0.086701415,0.24243824,-0.31628388,0.21071203,0.8758633,-0.9149834,-0.036578137,-0.12086147,0.26659262,-0.663365,-0.25962985,0.2860022,0.2236258,-0.03127396,0.18914276,0.077702835,0.110569485,0.42779124,0.5265722
KM-H2,0.61795497,0.79461527,0.5708481,-0.8601841,-0.39396426,-0.099514745,0.24171013,0.5371894,0.3144627,-0.93957055,0.03742063,-0.4374319,1.1483433,0.18369585,0.33885977,0.6880963,0.37953788,0.20184803,0.457193,-0.4980828,0.44953206,0.6873685,0.926549,0.7492492,0.17716596,0.21212652,-0.36215603,0.6919603,0.8314699,-0.46051502,-0.5676108,-0.76733,1.4639993,-0.9149495,-1.036817,-0.17151424,0.34190485,-0.48820528,-0.26981214,-1.1712633,0.40773305,-0.50530964,0.45149195,-0.22328301,0.20339519,0.91856205,-0.7683337,-0.7849804,0.45055306,-0.4181423,-0.5329637,1.1685456,0.83659136,0.47723925,-0.8369355,-0.91802794,-0.16989513,-0.52893746,-1.242465,-0.45004088,-0.08911004,0.8733367,0.5305462,-0.12622404,0.44791076,0.51842123,-0.75506914,-0.039721426,-0.17939016,0.29915926,0.91681767,0.11805257,0.7951335,-1.0832256,-0.6699505,-0.40110853,0.62067235,0.15722154,0.18901786,0.14882873,-0.42251444,0.37035084,1.4160578,-1.2136728,-0.3131274,-0.5940544,0.3694095,-0.84465873,-0.4452802,0.12768574,-0.038524,-0.044249967,0.47981957,0.5040096,0.37601903,0.25123477,0.4001658
HCC1143,2.942607,2.5939994,0.991401,-1.4045981,-0.9262805,0.42434615,0.25191417,0.2517781,-0.15958938,-2.813952,0.6487441,-0.9821172,3.0950425,0.7184029,0.72664976,2.2091668,1.3209592,-0.38279346,1.0655597,-1.687414,0.8278362,2.667278,2.556654,2.280705,0.24867685,0.81814,-0.40184104,1.5924982,2.5362976,-0.089577265,-1.7928792,-1.643833,4.5015945,-2.096547,-1.8492441,0.11539064,1.8764232,-1.1796514,0.18667285,-2.6210642,1.854584,-2.7427235,1.3346635,-1.3810586,0.5542696,3.693966,-1.7610829,-3.2852492,0.94868964,-1.3976047,-0.84030044,2.6969914,2.3181558,1.1898702,-2.2679477,-1.9936777,-0.82486224,-1.4357234,-3.6994395,-1.4597738,-0.52227986,2.5239673,1.6422052,-0.329985,1.1236393,0.57834476,-3.1498775,-0.710376,-0.27566588,1.8339554,2.6376584,0.13357899,3.1371326,-2.1299658,-2.030923,-1.0313483,1.2068013,-0.07591087,0.19235328,-0.42610008,-1.0327678,1.0228837,4.128102,-3.5285997,-0.7627274,-2.159515,0.840163,-2.718514,-1.2566484,-0.25275669,-0.16427608,0.050752804,1.499376,2.2547712,0.9098699,1.1773211,0.015672866
S-117,-2.0436394,-1.0234927,1.1719422,-0.6455714,-0.42318472,-0.17276129,-1.5806919,-1.1231602,0.05995202,-0.20937215,2.2833335,-0.7495662,-0.95571136,-2.242322,1.5154366,0.4919309,-0.103134446,1.6106639,-0.5891734,0.14594254,-1.3177859,-1.5393649,-1.7160863,-1.8508312,0.8163713,1.1574336,-0.9084998,0.77279854,-2.47041,-2.2215211,2.462459,0.4486971,-1.2102612,0.25604096,0.8341009,0.5598782,-0.6776415,-0.15715152,2.0505273,-1.0762517,1.1377436,1.1159017,1.5620666,0.3723216,-1.8685935,-1.5271723,-0.71415687,0.007257808,0.1621005,2.119489,-0.6009164,-2.5905128,-1.0943983,-2.267794,0.55229425,0.77770317,-0.009095203,1.543561,-0.7560376,0.2747189,1.8744543,-0.4970061,1.4045298,-0.29609936,-0.012976345,0.0119154155,0.3408243,0.9765955,-1.5331588,-0.57973206,-1.1512517,-1.845501,-0.851644,1.7202997,-1.3287872,-1.4003786,-0.5796589,-0.82786113,-0.5662735,1.3250906,1.303124,-0.51917356,-1.2375207,-1.6754491,0.93404233,1.4064869,0.87815976,-0.31957355,1.128513,0.83592194,1.7247214,-0.7799085,1.2622607,-0.5924551,-0.3386297,0.034585312,1.7678454
MFE-296,-1.853635,-0.8976202,1.0649543,-0.57352674,-0.3360895,-0.11304538,-1.4347868,-1.0984397,0.06076385,-0.24071562,1.9864877,-0.65761304,-0.85720307,-2.1103384,1.4366778,0.47954276,-0.11767544,1.4715563,-0.48488173,0.15289621,-1.1925267,-1.4782594,-1.546445,-1.6619128,0.65932184,1.1019291,-0.74780387,0.68058497,-2.2074783,-2.0561907,2.2398427,0.47093573,-1.147855,0.2588965,0.7430699,0.47615233,-0.63289577,-0.15912832,1.8730358,-0.8827431,0.9630468,1.0006365,1.3409836,0.38877904,-1.7101432,-1.336961,-0.65662706,0.014342032,0.15396646,1.9088002,-0.59247005,-2.3630826,-1.0210348,-2.0178416,0.5209732,0.7475122,0.071967304,1.3880625,-0.7243018,0.30299324,1.6458837,-0.46714067,1.2199985,-0.31456515,-0.08329129,-0.0608934,0.3278162,0.79740644,-1.3744247,-0.52698237,-1.0532742,-1.6913613,-0.7815682,1.6057316,-1.2100083,-1.2718102,-0.43118602,-0.7004793,-0.50081986,1.1376714,1.2030386,-0.51482683,-1.1348081,-1.5670385,0.8555137,1.2966559,0.7365182,-0.29971588,1.0344126,0.7218008,1.5831531,-0.6909758,1.0941613,-0.5575745,-0.31541684,0.07581131,1.5780616
Hs 839.T,-2.0057483,-0.97220707,1.1609421,-0.63617456,-0.38280994,-0.13046718,-1.5830868,-1.1961155,0.055538975,-0.23221126,2.1862707,-0.72230965,-0.9402437,-2.2678244,1.5624512,0.5076318,-0.117594324,1.5941194,-0.52220535,0.16530272,-1.3057075,-1.5907594,-1.6741707,-1.8157696,0.73869944,1.2004803,-0.83024615,0.74460554,-2.4051445,-2.222103,2.4081736,0.4927077,-1.2422267,0.286318,0.81032753,0.54804504,-0.656575,-0.15409124,2.055089,-0.98616254,1.0649085,1.0866966,1.4452336,0.4124499,-1.8420233,-1.4672432,-0.71400404,0.02539067,0.15082763,2.0884845,-0.6110168,-2.5552764,-1.0972432,-2.2003906,0.55100244,0.7945423,0.07337396,1.5064973,-0.7842123,0.32192695,1.8068008,-0.5011729,1.3585185,-0.34482905,-0.0812453,-0.04382955,0.34715933,0.89439386,-1.4950963,-0.5813198,-1.1401081,-1.8441898,-0.83408624,1.7284086,-1.302655,-1.3932321,-0.49286282,-0.77928585,-0.5512604,1.2589875,1.297064,-0.54489964,-1.2343975,-1.6855865,0.9139511,1.3893079,0.81177074,-0.32659844,1.1041509,0.7724817,1.7290368,-0.75854903,1.1856773,-0.59312344,-0.34161657,0.07000604,1.6959946
LoVo,-1.1900461,-0.93728405,0.03280397,-0.114865705,0.19136667,0.13855833,-0.23373933,-0.038734287,-0.27424264,-1.0390218,1.3606501,-0.3477927,-0.46511537,-1.1598483,0.16227606,0.6294936,-0.20683758,0.70519143,-0.9712732,-0.27876842,-0.5973669,-0.06357691,-1.1011758,-0.5807124,0.24147053,0.14095089,-0.91023415,0.31738433,-1.0686692,-0.5797306,1.2179351,0.5471223,0.118198484,0.1945787,0.37693438,0.20049222,-1.098204,-0.4525381,0.38035554,-0.048279934,0.7793784,0.13428676,1.4705001,0.06269072,-1.2035187,-0.6519659,-0.11367081,-0.23370683,0.23657337,0.52663267,-0.6803545,-0.9315852,-0.10959638,-1.0856192,0.004005502,0.60436213,-0.5409359,1.2879088,0.02974833,-0.035583705,0.15348697,-0.020941628,0.030803608,0.31787294,0.37410083,-0.17409037,0.5748122,0.22610788,-0.3276645,-0.26988772,-0.28519827,-0.49178815,-0.08554405,1.3956246,-1.2973849,-0.3621065,-0.53451794,-0.21820556,-0.10310511,0.2955321,0.62470806,-0.51412773,-0.18853301,-1.0358901,0.42851272,0.90825254,0.59961873,0.42575476,0.7215013,0.8535357,0.1332312,-0.22436646,0.9983074,0.040682547,-0.3233992,0.22515094,1.6094804
IGROV-1,-0.9036099,-0.3973779,0.5428253,-0.25805628,-0.1275853,-0.081299245,-0.7068139,-0.54070616,0.017892335,-0.037823755,0.9591025,-0.3165957,-0.43281645,-0.9864484,0.6595217,0.26401433,-0.10502094,0.6811235,-0.18455218,0.08951527,-0.5843538,-0.72611773,-0.75294936,-0.7771597,0.26956272,0.5637147,-0.38305348,0.347254,-1.0636885,-1.0063789,1.0716581,0.2301077,-0.55609846,0.10989278,0.38327783,0.22333746,-0.2666317,-0.029326072,0.94214857,-0.41129264,0.41542405,0.46829438,0.60195917,0.22615798,-0.8534195,-0.6369198,-0.32857051,0.015604574,0.08624413,0.9586564,-0.27723253,-1.1179527,-0.5218005,-0.98178315,0.26261085,0.37004024,0.042684335,0.6597067,-0.35385966,0.14403115,0.8083964,-0.26044917,0.6432231,-0.11338657,-0.059546877,-0.048424922,0.14388537,0.38608313,-0.68457216,-0.23674159,-0.52692866,-0.7854414,-0.4161993,0.76281923,-0.55581087,-0.6629751,-0.2290424,-0.31930977,-0.24398607,0.56358886,0.5703294,-0.18786897,-0.4886691,-0.77804744,0.39899,0.59394765,0.34487665,-0.17399561,0.48884952,0.29067084,0.78770787,-0.34319088,0.5285303,-0.27842525,-0.14057648,0.03152768,0.75158215
OVSAHO,1.921194,1.9311489,0.6383318,-1.8881843,1.4036144,0.33399874,0.28062826,0.18874443,-1.1754227,-3.3401713,2.435105,0.11041157,0.43884277,1.031825,-0.1529398,2.2839787,0.87794435,-0.81383234,0.63487315,-2.6931813,-0.7792348,3.977589,2.2493665,2.2634623,-1.0716693,1.569096,-2.4349923,0.9802343,1.4700811,0.7995209,-0.35265946,0.49110356,4.28757,0.014642544,-0.9341372,0.69101965,0.16573386,-1.7165563,-0.062327698,-1.2141508,2.7553463,-3.5734448,2.4711404,-0.43031603,-0.82545584,4.3832912,-1.2477219,-2.4757106,1.9667403,0.08061777,-1.4829613,3.9545133,2.6986866,0.14610727,-3.0787332,-1.6741492,-1.3074775,0.97708935,-2.688391,0.69128424,-2.7396812,3.7341557,-0.059618823,1.3399364,2.0230396,-1.1464067,-0.7172524,-1.4511082,-0.75125265,2.0290797,1.7626643,1.5240154,3.4765093,0.73979074,-2.5635817,-1.3670537,-0.22495878,0.9471816,0.7635845,-1.0032042,-1.8847708,0.5312525,3.6236346,-4.4761515,-0.22925258,-0.31136024,-0.10143289,-0.84072506,-1.672775,0.22232991,-0.1674992,-1.7546822,1.508312,1.8493639,0.26239818,1.674133,0.9695918
Kelly,3.9881527,3.487359,1.1920285,-1.8726335,-1.1230415,0.67830575,0.33325103,0.31163126,-0.27249098,-3.7550967,1.0605303,-1.3335872,3.9533615,1.0291709,1.1132715,2.924417,1.566626,-0.48517245,1.4035674,-2.2776804,1.22182,3.6238682,3.1551921,3.1819232,0.20069982,1.199947,-0.39865744,2.1329036,3.3048878,-0.060021006,-2.2173145,-1.82181,5.958049,-2.8626187,-2.4069986,0.1492401,2.4286287,-1.587747,0.39626545,-3.3188808,2.4377177,-3.7086387,1.8042624,-1.8882492,0.6727618,4.9698777,-2.3011968,-4.1188803,1.2115575,-1.9866483,-1.1585326,3.542131,3.0694706,1.4252496,-2.8712926,-2.3785453,-1.1183996,-1.9712392,-4.9877853,-1.7637557,-0.72640467,3.272081,2.1266265,-0.46554908,1.4405036,0.53571254,-4.127828,-0.9206604,-0.41533765,2.413567,3.4160006,0.48971975,4.0897813,-2.507388,-2.8546464,-1.4865136,1.4762344,-0.078818426,0.34926635,-0.73372394,-1.2247633,1.3094014,5.3558493,-4.6465507,-1.0702012,-2.8603153,1.0507915,-3.6561613,-1.5466926,-0.42893398,-0.21667525,-0.16572839,2.094098,2.9708314,1.2959874,1.486094,0.09366461
KE-39,2.8395994,2.4339964,1.479877,-2.4349537,0.23125899,0.49106795,0.15195155,0.6630968,-0.7436529,-3.637122,1.6007022,-0.9885824,2.1084466,0.5319168,0.8146137,2.6749885,1.7324873,-1.1386999,1.321629,-2.6030252,-0.09946733,3.7544076,3.059862,2.6845646,-0.80675966,1.4740125,-2.3607337,1.4174684,1.7404308,0.6783229,-0.6585103,-0.43222693,5.096558,-1.3880352,-1.6334972,-0.046359494,0.36403438,-2.1945913,-0.20298673,-2.5762925,2.7458153,-3.5916262,3.3808105,-1.0505222,0.09014864,4.9028063,-2.3731427,-3.4433236,1.9548599,-0.4286517,-1.6216122,3.9278822,3.4602702,0.41218686,-3.2136178,-1.9395787,-0.8958163,-0.021268826,-3.8248508,0.15051538,-1.8016905,3.9238396,0.5945367,0.28331587,2.0898986,-0.7586507,-1.9433784,-1.6847969,-1.5467005,3.0041933,2.809833,0.651638,3.971626,-0.77159625,-2.561916,-1.2828258,0.37320298,0.55675286,0.4887523,-1.0835141,-2.332197,0.7268964,4.3391848,-4.9544816,0.028835682,-1.111189,0.3725521,-2.116124,-2.1355355,0.3683823,-0.04262962,-1.8734342,1.5242715,2.555475,0.41044277,1.8801314,0.86895216
NCI-H2342,6.338215,5.704957,2.52437,-4.0952454,-0.29502454,1.7038924,0.20720722,0.33604935,-1.3194703,-6.6670456,2.212948,-1.3277252,5.0309854,1.3669311,2.0594337,5.108447,3.523838,-1.9607795,2.6913111,-4.368957,0.98409706,6.6046576,5.5717945,4.994895,-0.9359264,3.2100544,-2.7743094,3.2113361,4.4429145,0.13207468,-2.2171903,-1.8037026,9.527354,-3.0746908,-3.9540305,0.17124426,2.0759346,-3.4292982,0.43427193,-4.9208,5.2865453,-6.8422527,4.664243,-2.1478488,1.167281,9.66457,-4.063629,-6.546654,3.1966174,-1.5589734,-2.1890566,7.339414,5.518716,1.5481195,-6.162464,-4.211341,-1.3686553,-1.45808,-8.148825,-0.9082105,-3.1559312,6.9791837,1.8114228,-0.35074455,3.1131303,-0.91943765,-5.4049916,-2.2943676,-2.0499666,5.0187616,5.2107496,1.705177,6.704738,-2.3357682,-4.589393,-2.0582633,2.3135498,0.8654022,0.8928923,-2.3849158,-3.4027488,2.0132904,8.626775,-9.04035,-0.8972368,-2.9258037,0.5249993,-4.783379,-3.268964,-0.33872983,0.18020965,-2.5425775,2.4765198,4.709404,0.85830337,3.5179973,0.45616308
Hs 611.T,-1.9673442,-0.9742226,1.1127813,-0.5888029,-0.3679367,-0.1194688,-1.50501,-1.1661121,0.04029399,-0.22836804,2.1243434,-0.70213443,-0.93713874,-2.2075775,1.4877145,0.4882636,-0.13755445,1.5708237,-0.5384037,0.13776614,-1.2611301,-1.5204359,-1.6360909,-1.7583174,0.7269301,1.1485741,-0.81229573,0.73469734,-2.3392324,-2.1338913,2.347732,0.47817335,-1.2022845,0.29480293,0.79519653,0.526367,-0.64098763,-0.15754043,1.9876411,-0.942063,1.0403867,1.0620658,1.4135121,0.40318823,-1.8082576,-1.441649,-0.69276166,0.018496424,0.14547534,2.0174372,-0.61344194,-2.4618511,-1.0640867,-2.1381168,0.5481404,0.7967505,0.04506437,1.479369,-0.74659216,0.29810894,1.753079,-0.47897166,1.3232675,-0.31041196,-0.082216725,-0.025380075,0.35304958,0.86560327,-1.4381022,-0.57344353,-1.1123948,-1.7878993,-0.7917259,1.6730533,-1.2931882,-1.3639654,-0.4853043,-0.7507504,-0.5319453,1.1966949,1.2707765,-0.5358498,-1.1831355,-1.6079861,0.89216787,1.346871,0.7748245,-0.29458144,1.0972425,0.76111954,1.6448681,-0.7341925,1.1743889,-0.56509686,-0.34410232,0.06986672,1.6602556
PrEC LH,-1.9314972,-0.97815573,1.1171589,-0.6133104,-0.42541918,-0.17605284,-1.4817935,-1.0152335,0.075055316,-0.18561885,2.1512837,-0.70283806,-0.88679016,-2.0816112,1.4283804,0.4407649,-0.070753105,1.5195032,-0.57696986,0.15722041,-1.2219714,-1.4638166,-1.6014847,-1.7440314,0.8034666,1.0678754,-0.85318846,0.73047704,-2.3346682,-2.0883663,2.3374443,0.3827655,-1.1254127,0.21865085,0.76647097,0.5103559,-0.6612269,-0.1670353,1.8965168,-1.0565954,1.0847316,1.0702027,1.5103772,0.33460832,-1.7411603,-1.4594921,-0.68041635,0.010576196,0.16035914,1.9983227,-0.57012784,-2.4649138,-1.0365517,-2.134875,0.5257244,0.70916593,-0.0145445205,1.4489152,-0.6930664,0.24357852,1.7793239,-0.46797344,1.3151616,-0.28933868,0.020929184,0.033102047,0.33102846,0.9621003,-1.4526553,-0.54164755,-1.0675422,-1.7383077,-0.78743166,1.5739439,-1.245874,-1.3056004,-0.5512949,-0.8030623,-0.5419916,1.279431,1.2163297,-0.4740795,-1.1808542,-1.5706074,0.8812465,1.3284599,0.8663367,-0.31699926,1.0609573,0.8173563,1.622789,-0.7217648,1.1876112,-0.5799319,-0.3208404,0.034317292,1.684852
KYSE-510,-2.0617807,-1.0371702,1.1788065,-0.6456336,-0.42236122,-0.16310224,-1.592564,-1.1515017,0.05610302,-0.2247428,2.3113494,-0.750571,-0.9740705,-2.2576394,1.5397685,0.5025075,-0.10746961,1.6309001,-0.601792,0.14337826,-1.322701,-1.5699692,-1.7364049,-1.8673484,0.8140792,1.171918,-0.9061212,0.76677656,-2.49045,-2.2411242,2.5164497,0.45077997,-1.2242872,0.26938456,0.83517444,0.5540144,-0.6906881,-0.16590227,2.0715013,-1.085928,1.1664234,1.1152576,1.5660983,0.3818928,-1.8985385,-1.5407567,-0.71862674,0.018690612,0.15328562,2.1349964,-0.61505264,-2.621518,-1.1082885,-2.2993083,0.55864173,0.79660755,-0.002388399,1.5792944,-0.7642703,0.28616387,1.8914695,-0.49502996,1.4135587,-0.30670872,-0.008286629,0.010686267,0.35384712,0.9855549,-1.5383264,-0.5914547,-1.165156,-1.8682837,-0.8591545,1.7426262,-1.3389207,-1.4159156,-0.5721802,-0.8358877,-0.5630635,1.3300713,1.313416,-0.5422407,-1.2704332,-1.6866146,0.9544474,1.4291161,0.88484126,-0.32995707,1.1543751,0.85428715,1.738514,-0.7849628,1.2763891,-0.6000826,-0.35405305,0.052414484,1.7786222
143B,3.0953813,2.6413429,1.033129,-1.5085952,-0.9668793,0.31151813,0.23382792,0.3045269,-0.05703045,-2.7802198,0.67134386,-1.116065,3.057528,0.74208814,0.8255009,2.2527707,1.416623,-0.4328627,1.1940132,-1.8032819,0.82206416,2.6003716,2.7249844,2.3517184,0.25296116,0.9821394,-0.47707218,1.4853331,2.4591918,0.057115875,-1.641954,-1.6260856,4.507385,-2.2800648,-1.8387682,-0.11479824,1.9381914,-1.2215381,0.3279137,-2.9026208,1.7769219,-2.7009408,1.3565558,-1.6015646,0.52811784,3.581061,-1.8722218,-3.2414572,0.81355065,-1.3026465,-1.0570081,2.5816936,2.5259492,1.0490716,-2.009554,-1.8359648,-0.76845354,-1.4900837,-3.7501743,-1.2376354,-0.17727186,2.493401,1.7258838,-0.25428256,1.1312441,0.4608606,-3.1860952,-0.8721085,-0.4642134,1.8852807,2.5675113,-0.10700633,3.2577622,-2.2418253,-1.9573315,-1.113934,0.8903283,-0.09459163,0.14467554,-0.3072672,-1.0726775,0.8019253,3.9276974,-3.5224133,-0.55283415,-2.0595162,0.90973616,-2.7132294,-1.2341094,-0.4036521,-0.08494794,-0.094776906,1.3742254,2.3386242,0.8756066,1.1087251,0.06989929
GCT,-0.049770072,0.110496044,-0.058820397,0.084322646,-0.083319224,-0.45515206,-0.17830476,-0.0781846,-0.22315562,-0.54557014,1.1330788,-0.41679493,-0.048337672,0.18274286,-0.09593849,0.3011169,-0.07644511,0.123466894,-0.16117966,-0.5160927,-0.13769287,0.6322624,-0.06404987,0.31316292,0.2177212,0.03395836,-0.42974204,0.14953348,-0.07612748,0.26705799,-0.27005035,0.081086785,0.74107814,-0.16443107,0.27086982,0.30955717,0.35115594,-0.05066338,0.2956547,-0.5235634,0.7825967,-0.40776965,0.34921336,-0.43650597,-0.6130301,0.32543033,-0.32735094,-0.5915602,-0.09846464,0.10078791,-0.27506033,0.13942933,0.53806543,-0.34261847,-0.20807093,0.03652307,-0.4643308,0.23446561,-0.39473674,-0.068398975,0.11148109,0.44072098,0.3938151,0.4874812,0.47089434,-0.009519966,-0.22485605,-0.107554734,0.107110314,0.15697461,0.13808319,-0.10943262,0.63513386,0.10758592,-0.656399,-0.4945439,-0.69389474,-0.18617465,-0.02516128,0.27235195,-0.14977613,-0.1351145,0.4758191,-0.6104493,-0.07542342,-0.32466757,0.39113945,-0.2206445,0.1386365,0.1132065,-0.010959717,0.040314004,0.592035,0.5535806,0.23579356,-0.103560165,0.28306052
NCI-H2030,1.2777234,1.0455221,0.26974815,-0.46481162,-0.76611614,-0.57934827,0.41123202,0.56346136,0.15171802,-1.1396784,0.49912295,-0.8146967,1.7260768,0.7468702,-0.3609558,1.0667173,0.59747314,0.13922262,0.53736866,-0.76983684,0.5612343,1.3388473,1.1896605,1.1686021,0.85871357,0.0100593595,-0.10925307,0.728166,1.4762095,-0.0006688833,-1.4448966,-1.3244778,2.392687,-1.6072105,-0.8273578,0.057140738,1.605998,-0.095069095,-0.1785745,-1.8169261,0.67145926,-1.0962423,0.0026577832,-0.8403421,0.1068324,1.078836,-0.62204146,-1.2627845,0.17647961,-0.9471244,-0.58850276,1.2825879,1.2686218,1.0321685,-0.88308907,-1.3536122,-0.7194599,-1.1020284,-1.3247372,-1.1999863,0.39376435,0.8980188,1.3441975,0.4832499,0.53799707,0.9632663,-1.8643842,0.13041615,0.40960506,0.3731809,1.1785855,0.026654098,1.4708481,-2.0313008,-0.707254,-0.78001016,0.13467251,-0.13239206,-0.1665973,0.89119816,-0.49756944,0.73235244,2.3901057,-1.2774401,-0.66177255,-1.5224348,0.67734283,-1.4833189,-0.7542031,-0.03025211,-0.44677404,0.6811732,0.93881786,1.1018507,0.971355,0.13988191,0.30347717
L-428,-2.1546252,-1.1671652,1.1741126,-0.6531892,-0.43463695,-0.1694594,-1.5859524,-1.06155,0.024212476,-0.30667675,2.5053287,-0.80307966,-1.0239466,-2.297341,1.5205253,0.5299754,-0.10739779,1.6850417,-0.7888057,0.09196006,-1.3737899,-1.5129515,-1.8625567,-1.9563944,0.88574404,1.0988712,-1.0553148,0.7870269,-2.6148472,-2.2443388,2.639125,0.48092017,-1.1619354,0.26367426,0.8906792,0.57416254,-0.8309771,-0.21449731,2.087852,-1.1567541,1.3137699,1.1484944,1.8220156,0.3270862,-2.0164948,-1.6409467,-0.74141026,-0.048778623,0.18569255,2.1418953,-0.67188144,-2.7273064,-1.0859857,-2.4652984,0.5700678,0.84152603,-0.12671158,1.7079419,-0.7347992,0.24463058,1.9336815,-0.49208602,1.4082327,-0.26119125,0.097359985,0.031700876,0.42391038,1.0452827,-1.5881463,-0.61215645,-1.158524,-1.8975005,-0.85423595,1.8386792,-1.5155947,-1.4022537,-0.69297135,-0.9195007,-0.608392,1.4176265,1.3443366,-0.5834882,-1.3159678,-1.7693878,0.99292165,1.514039,1.009136,-0.25995505,1.2644795,0.9787935,1.7286813,-0.8101265,1.4394096,-0.57189757,-0.35803208,0.040443826,1.971708
SK-LU-1,5.830581,5.0677204,2.6604283,-4.187891,-0.1085522,1.3811157,0.15427113,0.55992544,-1.0787714,-6.426431,2.054472,-1.4430244,4.3872614,0.892899,2.179141,4.7860007,3.3921094,-2.0594623,2.657526,-4.262343,0.32694432,6.2863045,5.455344,4.7470355,-1.1798048,2.897363,-3.2994554,2.610092,3.6842308,0.6243314,-1.9717869,-1.4898133,8.820984,-3.033282,-3.38491,-0.025007663,1.3780363,-3.4445908,0.093599826,-4.7714605,4.792072,-6.327541,5.142791,-2.0053637,1.103139,8.9762945,-4.263492,-6.149137,3.176461,-1.0739586,-2.3288245,6.9230027,5.7789936,1.1377826,-5.7154393,-3.643518,-1.0424016,-0.9902778,-7.6457086,-0.24224742,-3.0056612,6.814198,1.3970208,-0.28838557,3.0903873,-1.2367657,-4.5522294,-2.6230237,-2.692641,5.0900283,4.946486,1.0023602,6.350116,-1.9018502,-4.1154304,-1.9230182,1.3968005,0.824498,0.8618179,-2.4656556,-3.5605574,1.6318779,7.9051213,-8.617006,-0.26145068,-2.1396513,0.3369081,-4.1910477,-3.3272314,-0.0046461727,0.19468023,-2.7752702,2.281913,4.686543,0.49531272,3.4967668,0.77378774
FTC-133,4.583944,4.069112,1.7219923,-2.7727845,-0.32209906,0.9725268,0.18837793,0.21368429,-0.80258375,-4.54434,1.4475057,-0.8859267,3.5810323,1.193721,1.4036311,3.4373727,2.3019235,-1.1774389,1.9037507,-3.064488,0.5971417,4.5208316,4.0495014,3.5547447,-0.59625334,2.0613499,-1.6004206,2.133553,3.2705636,0.14634013,-1.6551943,-1.3995303,6.602443,-2.3453276,-2.670685,0.11142321,1.6950152,-2.2386653,0.3882146,-3.5236943,3.4646242,-4.792298,2.94864,-1.7174958,0.71797454,6.488791,-2.7719903,-4.655221,2.1708221,-1.2972445,-1.5457048,4.841717,3.836263,1.1478074,-4.118743,-2.821673,-0.97987366,-1.2198011,-5.7084055,-0.7593117,-1.9530963,4.718616,1.463262,-0.2336607,2.0898745,-0.4137616,-3.862845,-1.6562428,-1.4199646,3.4114933,3.6764336,0.9845847,4.7230034,-1.8004869,-3.185007,-1.5981727,1.3478172,0.4343032,0.5900843,-1.5132563,-2.2968585,1.3609482,5.9440236,-6.229239,-0.6468596,-2.1903317,0.49594373,-3.5335107,-2.1628911,-0.29389364,0.09192146,-1.5133559,1.8582351,3.316251,0.8547413,2.3374877,0.26837164
COLO 800,1.388279,1.4575053,0.14579213,-0.850284,0.6549189,0.32981166,0.028082568,-0.06094196,-1.1586081,-2.4786499,1.7547404,-0.035765983,0.64899343,0.20267735,0.1311134,1.710684,0.9068604,-0.7030023,0.35735157,-1.7003593,-0.3041215,2.8423512,1.0274264,1.54069,-0.50925887,1.0245011,-1.6510334,0.5590516,0.85173136,0.51051646,-0.57000417,0.095216565,3.0075142,-0.3341074,-0.51216996,0.60137314,0.16811544,-1.2037942,0.0056991056,-0.8604748,1.9515228,-2.5043519,1.8877417,-0.727775,-0.2517428,3.0636349,-0.9413271,-2.0542612,0.9792883,0.0823063,-0.7897001,2.5073245,1.9289248,0.07805812,-1.9662744,-0.8343029,-0.75489134,0.4384762,-2.1886134,0.3158581,-1.781806,2.5857406,0.013170904,0.59012485,1.1833252,-1.3017842,-1.2074577,-0.8823871,-0.80131984,1.5886477,1.1211277,0.8657569,2.143032,0.4766325,-1.7274542,-0.7370876,-0.08608343,0.3000355,0.64483356,-1.1223251,-1.1038594,0.37524247,2.7054205,-3.008122,-0.23304531,-0.1744419,-0.018252403,-0.6386287,-0.91684186,0.20296468,-0.07081483,-1.0957144,0.9900253,1.5896804,-0.34336007,1.1612184,0.43171617
LS411N,10.388563,9.716708,4.0926013,-6.794829,-0.26816696,2.5274558,0.33438602,0.23535156,-2.2471452,-11.327841,4.2739863,-2.1952178,7.801557,2.5989072,3.3662667,8.577564,5.703438,-3.0126035,4.3385434,-7.353925,1.3122338,11.13655,9.592181,8.7460985,-1.9654148,5.3842587,-4.5559707,5.3953166,7.362327,0.63517123,-3.692098,-2.4529834,16.147787,-5.028999,-6.3847785,0.24815558,3.9645078,-5.607967,0.7482034,-8.05516,8.597725,-11.604571,7.619755,-4.043572,1.3576689,16.073835,-6.740868,-11.104165,5.1509733,-2.557796,-3.833276,12.080397,9.623761,2.275883,-10.0175085,-6.552374,-2.2113593,-2.3578012,-13.535394,-1.1649203,-5.257206,11.758343,3.1492517,-0.4927295,5.286957,-1.7094219,-9.283084,-4.0699387,-3.719197,8.1622925,8.28947,2.4780445,11.263435,-3.4208481,-7.615677,-3.7799025,2.8295746,1.4053015,1.3575763,-4.200084,-5.483792,3.0001054,14.481935,-14.976061,-1.3308296,-4.3016887,0.54307634,-7.615104,-5.2971253,-0.30467314,0.41105127,-4.7092466,4.4312224,8.128711,1.5392497,5.709095,0.614607
59M,-2.0013385,-0.9584997,1.1774068,-0.6531401,-0.40463692,-0.14701295,-1.5856887,-1.1844149,0.06549559,-0.20354113,2.1629431,-0.7243352,-0.92708427,-2.2488189,1.5621738,0.48357567,-0.10385274,1.6013354,-0.5016527,0.16966583,-1.2919674,-1.5994315,-1.6489853,-1.7998059,0.766126,1.2033318,-0.812574,0.7626159,-2.39576,-2.2138696,2.3919,0.47039935,-1.2362041,0.26872218,0.7983361,0.5500439,-0.6369659,-0.15528807,2.043334,-1.0042391,1.0490549,1.0977776,1.4268582,0.4194309,-1.8203204,-1.4709259,-0.7160096,0.024931405,0.14308153,2.0977466,-0.6087285,-2.5387628,-1.0972867,-2.179952,0.5497478,0.77493924,0.0754738,1.4759609,-0.7834292,0.3211056,1.8186318,-0.49146605,1.37517,-0.35646832,-0.08314127,-0.030241687,0.33911085,0.90461284,-1.4948108,-0.5745699,-1.1396064,-1.8461243,-0.82547915,1.6786659,-1.283057,-1.4016994,-0.48696977,-0.7759165,-0.55260485,1.2717503,1.2937922,-0.5181852,-1.216658,-1.6626389,0.9015715,1.3736343,0.80957896,-0.34484085,1.0805777,0.76319885,1.7268049,-0.7581743,1.1675615,-0.60536075,-0.33883497,0.06076186,1.6817592
MDA-MB-453,-0.22299275,0.2983331,0.52990806,-0.5396824,-0.41985857,-0.6719255,-0.29881144,-0.19392994,0.18641284,0.104513615,0.68774486,-0.48917574,0.28775737,-0.23946519,0.020502843,0.12996688,0.14030066,0.5830197,0.43551767,0.035017665,-0.11586648,-0.1634914,-0.017666176,-0.06786585,0.7817833,0.35283422,-0.26159644,0.40323982,-0.083393864,-0.6734823,0.022200981,-0.57557195,0.26480675,-0.58160913,-0.16395822,0.13398182,0.68741703,0.15538928,0.39433658,-0.63300204,0.18236789,0.291028,-0.092629634,0.045460872,-0.380109,-0.33232084,-0.3270701,-0.29670373,0.16497539,0.50709075,-0.2697692,0.060805984,0.06509825,-0.10232788,-0.21871366,-0.6237336,-0.16205747,-0.032189254,-0.44284075,-0.31581908,0.7030413,0.087381735,1.1836674,0.41870475,0.1531472,0.43699017,-0.48565942,0.64611423,-0.19967759,-0.27429736,-0.014682593,-0.2628706,-0.064547434,-0.82026523,-0.116739325,-0.9189082,-0.10134518,-0.14077084,-0.0558969,1.1339475,0.15599139,0.6005174,0.86461186,-0.47194377,-0.08000083,-0.1944639,0.010788504,-0.7681341,-0.189624,0.20980623,0.1735197,-0.016603982,0.694499,0.057864808,0.23459637,-0.3326674,0.430991
Hs 870.T,1.6674857,1.4340832,0.26445526,-0.45147544,-1.0454309,-0.7178814,0.43635565,0.3410488,0.07929077,-1.3690422,0.6555616,-1.0518373,2.0388508,1.146078,-0.37976453,1.0686973,0.6810283,0.28119752,0.7137223,-1.0288249,0.7120249,1.5808576,1.4999405,1.4321886,0.99248284,-0.016359743,0.22217569,0.90741444,1.8567263,0.2213442,-1.845733,-1.4353504,2.9461153,-1.8459787,-0.9378593,0.12115419,2.2807326,0.2069115,0.19796482,-1.9456509,0.9460909,-1.4753287,-0.3056343,-1.1343961,-0.03224927,1.2338738,-0.5795779,-1.5655034,0.11066231,-1.3543184,-0.6413312,1.4003282,1.4342824,1.2257655,-1.1461326,-1.6198778,-0.9504405,-1.2304865,-1.7241966,-1.5871667,0.63543797,0.9104083,1.8464966,0.55941534,0.5692745,1.0166371,-2.3331273,0.14687312,0.6706879,0.26333207,1.4432518,0.03016527,1.9419366,-2.47638,-0.89696676,-1.1057695,0.018322326,-0.115162775,-0.14298233,1.0842313,-0.51994044,0.93085676,2.701027,-1.59476,-0.82797724,-2.018625,0.7419936,-1.9735122,-0.7226314,-0.23548308,-0.67913413,1.0772349,1.1633487,1.4027103,1.353789,0.012569467,0.3107207
TE-14,0.2546922,0.34876642,0.076540716,-0.1309383,-0.3406565,-0.3031187,0.18447988,0.12170481,0.07949938,-0.3047699,0.2670771,-0.19072317,0.5112725,0.13933195,-0.22415398,0.23511459,0.05730194,0.17011797,0.20773564,-0.12920052,0.09823253,0.41659713,0.22358488,0.31943113,0.41636637,-0.0890729,0.03343452,0.176981,0.442908,-0.12523091,-0.60914457,-0.5839099,0.6148367,-0.63593,-0.2751016,0.22835389,0.5703932,0.20207673,0.036860466,-0.53780246,0.14870027,-0.14757589,-0.1823997,-0.29291898,-0.014048766,0.08818467,-0.17969109,-0.4936243,0.14574084,-0.15242445,-0.1025915,0.4013392,0.32228127,0.32290366,-0.3187418,-0.48051715,-0.3103909,-0.24061234,-0.3894273,-0.5374359,0.24905218,0.3064569,0.58269256,0.19181487,0.04828437,0.4194448,-0.6559534,0.22108614,0.005670421,-0.02159083,0.3345988,-0.04589007,0.2232491,-0.7914725,-0.13925569,-0.46223027,0.053044647,-0.047529906,-0.025152719,0.4454441,-0.19841799,0.38065767,0.91922516,-0.41483334,-0.23840827,-0.4398632,0.15041357,-0.6202718,-0.18332821,0.06173852,-0.1912357,0.37921867,0.3429196,0.37728575,0.32576865,0.014834203,0.16014886
SK-N-FI,-3.1490114,-2.332987,0.7088244,-0.24014838,0.2054692,-0.04278155,-1.7194904,-1.1647054,-0.5850571,-1.3779988,4.4920244,-0.87935525,-1.9929861,-3.0169697,1.2164026,1.3403368,-0.8451882,2.265433,-2.2558937,-0.6070866,-2.2456527,-0.76467687,-3.3860598,-2.6519678,0.78166527,0.936569,-2.4758942,0.5957967,-3.5757706,-2.3062408,3.49828,1.3494668,-0.8232652,1.1141582,1.7597563,1.2262298,-1.5774981,-0.78489333,2.516673,-0.952559,2.2574997,1.0397916,3.136282,0.2809193,-3.612658,-2.0210452,-0.6908865,-0.15195285,0.2574756,2.3855493,-1.2338052,-2.951545,-0.8834498,-3.9136403,0.62937105,1.7575566,-0.8565501,3.289166,-0.6066514,0.2770617,1.7640986,-0.4237559,1.1428753,0.40727594,0.51721376,-0.2906611,1.3378438,0.99721366,-1.5715154,-0.93285716,-1.3920791,-2.1044888,-0.6232744,3.65612,-3.1874037,-1.7820491,-1.4572583,-1.2116324,-0.4859712,1.5212785,1.8086195,-1.4940144,-1.6112208,-2.646938,1.2782166,2.2089808,1.5262878,0.6324991,2.144439,1.6165112,1.7956798,-0.9478269,2.9308932,-0.12179206,-0.72773296,0.41380373,3.114624
COR-L105,2.1203234,1.888361,0.76219904,-1.1019179,-0.2520831,0.42103538,0.077061474,0.09469146,-0.42680126,-2.174134,0.73270094,-0.5010065,1.7801625,0.43169975,0.652056,1.684633,1.1522425,-0.5632303,0.83687466,-1.3876784,0.28529304,2.2181232,1.8708705,1.7100879,-0.20626618,0.9097416,-0.67583054,1.0350773,1.5178305,0.046406828,-0.9037406,-0.79577595,3.1904323,-1.1977358,-1.2084997,0.09569726,0.90302116,-1.018935,0.17475475,-1.7165262,1.6313685,-2.2652526,1.4445478,-0.9292081,0.28386778,3.064544,-1.3614109,-2.3653202,0.91839737,-0.61267024,-0.71148705,2.148642,1.8108258,0.5384645,-1.8639745,-1.2421963,-0.49411058,-0.6872251,-2.728681,-0.45839086,-0.8595288,2.2561996,0.7729042,-0.15816498,0.98724073,-0.17913465,-2.0161176,-0.76180565,-0.64103705,1.6800846,1.7963793,0.32460785,2.3311114,-0.900953,-1.525356,-0.7927993,0.59152406,0.10215478,0.25535882,-0.69049203,-1.0778333,0.64754355,2.9206686,-2.9808335,-0.39175898,-1.1568035,0.34843373,-1.755056,-0.99928993,-0.12991768,0.043175522,-0.58592886,0.9076725,1.6364661,0.37604043,1.1521658,0.06180971
FU-OV-1,1.9337487,1.5683876,0.794633,-1.1285403,-0.5240278,-0.0656904,0.26433283,0.394995,0.10889498,-1.7397798,0.18169162,-0.671548,2.1279075,0.85606873,0.2623417,1.3075063,0.8547042,0.025330715,0.75680465,-1.1554922,0.54246324,1.677938,2.0385027,1.3857455,0.22248107,0.3640679,-0.29636508,1.1114357,1.7951512,-0.15218782,-1.1790549,-1.2475543,2.9501348,-1.3013535,-1.4674053,-0.041206107,1.2611576,-0.73412913,-0.027060732,-1.9720278,1.0768762,-1.8216745,0.6376511,-0.7383628,0.35815096,2.064276,-1.0748935,-1.7855942,0.6495256,-1.0370975,-0.8121518,1.8898778,1.5127779,0.8782123,-1.6851357,-1.5428355,-0.5007251,-0.91543347,-2.2810514,-1.0427595,-0.17187156,1.4929608,1.05517,0.009307422,0.92129165,0.7580018,-1.7607,-0.40377596,-0.08620894,1.0562842,1.7988396,0.13490443,2.0592632,-1.7141675,-1.2359343,-0.7419303,0.67503524,0.046468493,0.087131925,0.15485772,-0.8443413,0.70849526,2.5305257,-2.252527,-0.5796426,-1.5052674,0.5467832,-1.8191198,-0.87558985,-0.04383403,-0.22975561,0.08204531,1.0392199,1.2948725,0.6817131,0.61954373,0.14050403
NCI-H660,2.7967236,2.5562272,0.7529124,-1.3307421,-0.7337261,0.40906307,0.4156388,0.23471293,-0.13840482,-2.587646,0.6339134,-0.7048483,2.7732122,0.86179703,0.68150455,1.9827675,1.0627167,-0.26673356,0.95639455,-1.5732846,0.7941667,2.4853058,2.2253594,2.130892,0.1942723,0.76715535,-0.16675791,1.4442244,2.397341,-0.07312525,-1.8113669,-1.4801762,4.077833,-2.0129292,-1.7116264,0.2453161,1.8260677,-0.9602579,0.30979502,-2.434424,1.5603145,-2.456566,0.90637004,-1.3260742,0.5508629,3.2499793,-1.533949,-2.9268568,0.8268677,-1.3888364,-0.7492144,2.5489595,2.1179714,1.05492,-1.9715999,-1.7848264,-0.74014044,-1.3555604,-3.4370127,-1.3470613,-0.3543346,2.2212498,1.5426497,-0.32303068,0.8414506,0.53992456,-2.9728289,-0.6320505,-0.34215355,1.5315417,2.3464262,0.22455277,2.7105281,-1.9905382,-1.8218644,-1.0375342,1.133703,-0.059833433,0.24255373,-0.44866022,-0.94590724,0.9282284,3.8031244,-3.1141577,-0.7450284,-1.908139,0.7266161,-2.5682423,-1.014431,-0.3920643,-0.11978008,0.15636079,1.4306613,2.1627495,0.924388,1.0864397,-0.035785742
SK-HEP-1,2.2721999,2.0438414,1.0609083,-1.79161,0.16637233,0.69084686,0.08432844,0.22153462,-0.5189167,-2.575142,0.9010669,-0.38232744,1.5790447,0.4373191,0.82350254,2.0074005,1.3506075,-0.87633413,1.0421281,-1.7666632,0.16137949,2.60026,2.041232,1.8676726,-0.5869251,1.2821108,-1.469389,1.1319234,1.4872848,0.15517575,-0.7496192,-0.5068787,3.5486422,-1.1345569,-1.4418054,0.06482536,0.3851321,-1.3671975,-0.09378391,-1.7461084,1.982469,-2.612461,2.0718307,-0.61784476,0.4987576,3.707181,-1.6975411,-2.390485,1.4162408,-0.3352638,-0.91527385,3.0037627,2.2578177,0.3988926,-2.4969363,-1.537804,-0.38517204,-0.2597072,-3.0457535,-0.043754473,-1.4546638,2.8271139,0.36192375,-0.075446844,1.2812564,-0.5682484,-1.683262,-0.9797581,-1.0970876,1.9894767,1.9165534,0.7460613,2.4050794,-0.54552794,-1.6525508,-0.76556015,0.68782985,0.4893476,0.43971527,-1.1914425,-1.4909629,0.71809334,3.2636113,-3.5525312,-0.17123222,-0.78375447,0.0818035,-1.6003568,-1.2657515,-0.08197376,0.12011747,-1.2102243,0.83509564,1.8309836,0.04625061,1.5704758,0.33507636
WM88,0.30480236,0.5176165,-0.36897376,-0.23627956,1.059128,-0.028090421,0.15317729,-0.16350462,-0.9452706,-1.5150186,1.6593977,0.33987555,-0.44739297,0.24595203,-0.42787036,1.0095359,0.008157691,-0.22511968,-0.17517926,-1.227732,-0.58556986,1.9734304,0.11255759,0.7082452,-0.42730924,0.5764767,-1.3535384,0.10694603,0.34085461,0.42124632,-0.1927045,0.5020608,1.5596554,0.485767,0.20830044,0.7378743,-0.0979332,-0.57057863,0.047381796,0.046129487,1.306269,-1.5175086,0.9199208,-0.19293356,-0.87402546,1.5195954,-0.10201437,-0.8775098,0.5858862,0.28293717,-0.6096753,1.5830147,0.9300704,-0.16852278,-1.1415144,-0.2404229,-0.7776675,0.8561593,-0.79054546,0.45684534,-1.4845144,1.6361166,-0.24321645,1.0069566,0.73816675,-0.9679456,-0.07244681,-0.46797577,-0.16276345,0.5522795,0.22647524,0.8111102,1.0784878,1.1073921,-1.292952,-0.6213331,-0.55176747,0.26239,0.50888795,-0.54816836,-0.59353065,0.0044533126,1.3428695,-1.6630993,-0.2440201,0.30479544,-0.0878502,0.26813295,-0.37444258,0.17975008,-0.15499489,-0.65901804,0.74421155,0.6843413,-0.32041755,0.64693475,0.5121422
SNU-C1,-0.41541225,-0.13061166,-0.7040775,0.025174774,0.93166584,0.04643219,0.08305022,-0.18935366,-0.8251688,-1.5282042,1.5244015,0.0086627845,-0.6014906,-0.3668381,-0.49402174,0.94639903,-0.37942192,0.10267771,-0.68558025,-1.0516018,-0.44494608,1.6063026,-0.5219331,0.29384908,-0.17707554,0.31322613,-1.3179457,0.06649253,-0.006136367,0.26214582,0.17525461,0.5509693,1.024396,0.30890775,0.4218012,0.6786616,-0.5668312,-0.33343184,-0.1820114,0.3557179,1.1554703,-1.1625346,1.0315795,-0.20541489,-1.1209377,0.7781748,0.10145095,-0.5295273,0.30225185,0.21470787,-0.76002216,0.9235357,0.6335765,-0.41011873,-0.7009895,0.12948233,-0.800633,1.040907,-0.29017267,0.44149265,-1.1362542,1.0750059,-0.40976077,0.92393756,0.63341063,-0.85432106,0.20672509,-0.3525204,0.1196068,0.07885589,-0.28386346,0.5083307,0.5124766,1.53424,-1.1851476,-0.3941311,-0.8623027,0.12860787,0.34686357,-0.32918352,0.08066212,-0.31822604,0.8571715,-1.2392708,-0.22347899,0.5182319,0.0071395636,0.7896184,0.11742312,0.46965706,-0.35614824,-0.39596367,0.7968177,0.54184836,-0.5093943,0.36465827,0.870268
SNU-620,-2.0595536,-1.03446,1.1766706,-0.6446016,-0.3939153,-0.1304283,-1.6043432,-1.2000998,0.04533068,-0.25930035,2.2728868,-0.7410971,-0.97747284,-2.3174653,1.5894302,0.52421784,-0.1163243,1.6447389,-0.5865409,0.15486288,-1.3291773,-1.6044371,-1.7328968,-1.8675841,0.77925116,1.197874,-0.86250645,0.7613766,-2.4820156,-2.2491016,2.475754,0.5215111,-1.2439337,0.29602808,0.83143055,0.5491934,-0.7117096,-0.17675143,2.0895936,-1.0107512,1.1239628,1.1104743,1.5375514,0.40254128,-1.9082029,-1.5276057,-0.7357578,0.016458426,0.14905629,2.1120064,-0.6471518,-2.6244745,-1.1113275,-2.286021,0.5678949,0.83049667,0.04935218,1.5662798,-0.79424644,0.3113498,1.8513478,-0.508459,1.3719894,-0.35401562,-0.06523296,-0.041425955,0.38551205,0.92597014,-1.531226,-0.59875673,-1.1679236,-1.8941053,-0.8357808,1.7781789,-1.3855026,-1.4156324,-0.52304155,-0.80911076,-0.5794035,1.2974249,1.3266906,-0.5812853,-1.2745552,-1.7258995,0.9425965,1.446103,0.86061496,-0.31437615,1.1599953,0.8125508,1.7460878,-0.76544404,1.2535367,-0.60346687,-0.35677767,0.07911116,1.7670848
NCI-H23,0.56048036,0.46652812,-0.21877134,-0.18958868,0.69719684,0.041539982,0.17557356,0.018144194,-0.79414225,-1.7093574,1.8246293,-0.19324543,-0.09562039,0.2465709,-0.41568214,1.2131599,0.103670426,-0.23521443,-0.10727011,-1.3098291,-0.2784131,2.1630394,0.34755126,1.0555813,-0.21620594,0.40314913,-1.2030023,0.33101055,0.3481591,0.55063784,-0.27873808,0.34536618,2.0694945,0.17918664,0.07313081,0.5654299,0.039522883,-0.80709314,-0.0500445,-0.28872782,1.4781063,-1.61121,1.3610749,-0.41398108,-0.86370486,1.7755086,-0.4490878,-1.0588512,0.5933186,-0.1381641,-0.8843858,1.5447699,1.2716392,-0.3177728,-1.0999737,-0.2687245,-0.9072286,0.5697561,-1.0749602,0.24419469,-1.3044013,1.7287503,0.0029417514,1.0239487,0.99061584,-0.72556955,-0.30682018,-0.4362229,0.10129114,0.6724961,0.5755749,0.76098406,1.6967584,0.8001057,-1.6529992,-0.763171,-0.6499532,0.23680846,0.38120505,-0.42030367,-0.60925776,-0.026300121,1.7334551,-1.7598512,-0.36382824,-0.30799735,0.29281592,-0.06501724,-0.37364513,0.23659214,-0.4210546,-0.7253905,1.0951697,0.88143635,-0.011812195,0.6537845,0.6987695
Hs 688(A).T,1.8844981,1.7127051,0.8358876,-1.3054624,0.005278213,0.45649427,0.022328606,0.067302324,-0.390257,-2.0844455,0.77008,-0.59672534,1.3960754,0.28715533,0.7661353,1.6428132,1.2904214,-0.7054119,0.9444187,-1.4561166,0.124580294,2.036031,1.7426635,1.5842339,-0.46211642,0.99507177,-1.1295047,0.87952465,1.100545,0.25420314,-0.70634973,-0.3912587,2.9067197,-0.98922616,-1.0464993,-0.031605944,0.5484723,-1.2103063,0.11940107,-1.5233727,1.5859851,-2.0548222,1.8027734,-0.7816648,0.28909868,2.9756181,-1.5107285,-2.1779752,0.99602324,-0.24649847,-0.77173245,2.1744776,1.9043287,0.2263807,-1.922784,-1.1518004,-0.26640096,-0.22632705,-2.5706608,-0.031597696,-0.9691609,2.23306,0.45693573,-0.038510233,0.97644305,-0.66262805,-1.5326313,-0.8172982,-0.9606813,1.7135986,1.5720139,0.2886082,2.1865315,-0.63239366,-1.3995185,-0.68657887,0.4265012,0.20137914,0.32939214,-0.8090191,-1.1918957,0.41238013,2.58899,-2.9588218,0.0036471095,-0.6905313,0.13930163,-1.4175384,-1.0804033,-0.08477278,0.074652806,-0.9144535,0.7579744,1.5376704,0.08128891,1.2445563,0.22378793
KHM-1B,-0.2196309,-0.04870299,-0.832331,-0.10173468,1.1887193,0.117773406,0.17638859,0.026338119,-1.377871,-2.2499194,2.207226,0.09191318,-0.5436294,-0.29679874,-0.743232,1.4009202,-0.24187076,-0.10293575,-0.8283937,-1.5141128,-0.6565772,2.612402,-0.5207551,0.66132945,-0.19727552,0.33186483,-2.0301952,0.10529271,0.08701475,0.55201465,0.19408268,0.6160857,1.9018245,0.35030836,0.4985399,0.865167,-0.8463256,-0.68923146,-0.29918325,0.3272,1.6937531,-1.8941723,1.7089205,-0.47633904,-1.4075278,1.4834121,-0.0018176287,-0.95505655,0.56452495,0.1710737,-0.94285023,1.7193003,1.2378486,-0.46413526,-1.1112524,0.035063393,-1.1779684,1.2909031,-0.63480294,0.56771135,-1.7648553,1.7497411,-0.5609668,1.187429,1.176262,-1.2821805,0.09853654,-0.5704873,-0.020412477,0.515479,0.017473595,0.86156,1.0611835,1.8376826,-1.7235395,-0.56648606,-1.095901,0.27837843,0.6242974,-0.6100513,-0.26113793,-0.15733506,1.5839921,-1.8889709,-0.26922253,0.53712386,0.012734927,0.8083898,-0.023195568,0.7160781,-0.52024966,-0.6869583,1.1749371,1.0357906,-0.69752496,0.61857176,1.224559
BT-474,-2.0140345,-1.0268116,1.1393414,-0.62728745,-0.38871536,-0.15792114,-1.5542188,-1.1066748,0.03044651,-0.2467086,2.2840755,-0.74691784,-0.9662858,-2.204947,1.4868283,0.51876235,-0.121094055,1.5831873,-0.6167576,0.11817625,-1.3088261,-1.500256,-1.7145675,-1.8266177,0.77490973,1.1382524,-0.9135,0.7393309,-2.4331446,-2.1712477,2.4535985,0.4752237,-1.1732875,0.26830015,0.83022803,0.55390483,-0.69124293,-0.1561123,2.027917,-1.0405272,1.1594421,1.0764679,1.5662302,0.36553973,-1.8826386,-1.5020386,-0.70636106,0.0009031184,0.15554667,2.0616636,-0.6235124,-2.5553613,-1.0705847,-2.2666225,0.5404294,0.7919564,-0.024781663,1.5605471,-0.75498486,0.27625465,1.8313329,-0.48276117,1.3710849,-0.28681847,0.0004104562,-0.0034991917,0.35733473,0.9412593,-1.5022128,-0.5679744,-1.133524,-1.8159763,-0.8418873,1.7387862,-1.3593597,-1.3763272,-0.57582074,-0.80456245,-0.5539808,1.2950019,1.2803749,-0.5443874,-1.2437781,-1.6769392,0.93032795,1.4056318,0.86947894,-0.29716167,1.15362,0.83436406,1.6812359,-0.7758461,1.2796642,-0.56322944,-0.33214453,0.047054637,1.7759048
NALM-19,-0.49188125,-0.17396517,0.42725092,-0.24730454,-0.18224703,-0.16426003,-0.27990922,-0.16687611,0.13587411,0.038261842,0.36674577,-0.1558639,-0.09752267,-0.49680796,0.3618276,0.047776546,0.10787394,0.431045,0.009475978,0.1763638,-0.2063709,-0.51615536,-0.25087988,-0.37314668,0.28970572,0.2668717,-0.10133147,0.22117357,-0.5497601,-0.6174023,0.49347126,-0.07749033,-0.2976462,-0.098249055,0.016293973,0.017493876,-0.13503523,-0.08116326,0.33317703,-0.34157225,0.10199318,0.3935033,0.30134955,0.13679308,-0.2781757,-0.4349512,-0.25698936,-0.048160195,0.10109935,0.5621233,-0.19468668,-0.6503378,-0.2685705,-0.38910168,0.12870672,0.020945534,0.08613597,0.19998999,-0.15623407,0.038771465,0.45879605,-0.09026135,0.32151267,-0.04515603,0.036426764,0.06990831,0.066718906,0.37579343,-0.4604351,-0.1405256,-0.22097117,-0.38609684,-0.18899119,0.12770478,-0.18425,-0.35127753,-0.044923864,-0.23045626,-0.11217484,0.4216383,0.20312247,0.03199633,-0.1596293,-0.36381418,0.1979612,0.30507302,0.22836751,-0.24467593,0.13778497,0.20049192,0.41577467,-0.14565414,0.16568504,-0.28632608,-0.106184684,0.017521486,0.385439
NCI-H446,2.1964805,2.031242,0.7390611,-1.0930882,-0.6491347,0.34888455,0.30710593,0.29610392,-0.021295406,-2.2070148,0.4099091,-0.73766893,2.5832396,0.44786924,0.5097627,1.7749102,1.0226707,-0.26042628,0.7859941,-1.3161048,0.8120047,1.9683917,1.8349937,1.6657428,0.28919992,0.56804025,-0.46568477,1.3533721,1.9934496,-0.18145698,-1.5761706,-1.4951929,3.4506452,-1.6465539,-1.5118301,0.08680494,1.3816817,-0.9997595,0.029291801,-2.0743508,1.4225149,-1.9100318,0.9750784,-0.9334907,0.5955424,2.8154504,-1.424302,-2.47752,0.72122884,-1.0601133,-0.6826064,2.2776217,1.7652762,0.95220166,-1.8480462,-1.6977757,-0.524964,-1.1065255,-2.8385453,-1.2292203,-0.36235613,1.936053,1.180191,-0.30616876,0.80995345,0.60700643,-2.3751826,-0.39956048,-0.15049893,1.3350866,2.0480652,0.16400659,2.302277,-1.788459,-1.5392481,-0.6601111,1.2252258,-0.0118003525,0.19724205,-0.31673554,-0.8602712,0.8574378,3.2590597,-2.64833,-0.680485,-1.6371473,0.64152634,-2.0605013,-0.93248904,-0.18591642,-0.08764978,0.20233294,1.1743534,1.7259103,0.56215745,1.0028039,0.069158375
HCC2218,5.886821,5.334595,2.3433735,-3.7911904,-0.44079345,1.3952473,0.29596946,0.30290282,-0.84750664,-5.7795606,1.7536935,-1.0772282,4.7506485,1.688152,1.65959,4.431698,2.9717736,-1.4437128,2.4055567,-3.9714167,1.0723251,5.617223,5.2064013,4.4379816,-0.5819632,2.650707,-2.0838046,3.0212765,4.3986363,-0.15482464,-2.2311223,-1.9102812,8.518405,-2.9070942,-3.7468443,0.17695065,2.3151298,-2.9258885,0.35990873,-4.4599075,4.603982,-6.0982323,3.5682678,-1.8187634,1.0240242,8.367109,-3.4902186,-5.793916,2.890604,-1.7454823,-1.9928198,6.615726,4.661415,1.4798517,-5.653735,-4.100941,-1.156386,-1.597892,-7.323941,-1.1721778,-2.5809884,5.8950825,1.8675516,-0.24613866,2.7870543,-0.29492533,-4.771013,-1.9052796,-1.46768,4.162653,4.720041,1.7109861,5.877271,-2.5301876,-4.0657263,-1.9537977,2.3878982,0.80232364,0.7269012,-1.918522,-2.8641121,1.88717,7.7063413,-7.9233794,-0.96301836,-3.0509827,0.44000733,-4.5164185,-2.7996259,-0.5441508,0.07796766,-1.7914451,2.305652,4.060727,1.0700293,3.0307195,0.31510878
Mino,-2.0785408,-1.0186497,1.1828656,-0.6447612,-0.39765373,-0.1442245,-1.6218152,-1.2271541,0.041501015,-0.25290558,2.2585366,-0.7381449,-0.97080266,-2.3411536,1.5953311,0.5315694,-0.122570835,1.6496774,-0.556986,0.15941864,-1.3555502,-1.6130259,-1.7372155,-1.8626575,0.7709385,1.2152234,-0.86231476,0.7702775,-2.4819474,-2.278084,2.477395,0.52004564,-1.271147,0.29917473,0.852077,0.56635594,-0.69070697,-0.15717778,2.1128054,-1.0052711,1.1022979,1.1112529,1.4997443,0.4139936,-1.9134412,-1.5205036,-0.73429453,0.017894708,0.15024233,2.1380374,-0.6392578,-2.624438,-1.1236372,-2.2746239,0.57212776,0.8336488,0.06238873,1.5594416,-0.80675673,0.32027918,1.8518227,-0.5166728,1.3896645,-0.35359558,-0.088816494,-0.037183795,0.3587435,0.9118598,-1.5432739,-0.5944079,-1.183323,-1.8961667,-0.8556853,1.7864176,-1.3658007,-1.4371177,-0.5151052,-0.79501665,-0.5642512,1.2911638,1.3381995,-0.5664208,-1.2683088,-1.730396,0.94878757,1.4332364,0.8402058,-0.33187595,1.1421242,0.797902,1.76254,-0.77678716,1.2410643,-0.5986344,-0.35306212,0.06969857,1.7533344
Rh30,5.382582,4.975857,1.9141848,-3.399937,0.2417747,1.350213,0.09817433,0.029815111,-1.5686407,-6.120897,2.4742374,-0.9892584,3.7956991,1.0764375,1.7080438,4.5387883,3.1646278,-1.8538253,2.3147836,-4.161388,0.29405943,6.276509,4.7595296,4.52862,-1.0594006,2.957006,-2.7492619,2.5095935,3.4912207,0.5498966,-1.8449533,-1.1197523,8.341896,-2.407402,-2.8220868,0.39126778,1.6208141,-3.0835657,0.36695573,-3.9975533,4.754891,-6.3672767,4.4411335,-2.0363455,0.5688886,8.633193,-3.5033376,-5.932975,2.7937598,-0.95202166,-2.011387,6.4294944,5.0903926,1.0823363,-5.3814473,-3.27562,-1.2845852,-0.81323415,-7.0803537,-0.24752657,-3.1510344,6.5027905,1.2909169,0.11757349,2.8092935,-1.6218414,-4.585525,-2.3486097,-2.1584795,4.5421257,4.2426624,1.4805355,6.1465073,-1.2765743,-4.1456366,-2.0106637,1.219144,0.72349113,0.9942313,-2.4347165,-3.1009305,1.4737861,7.4615116,-8.239075,-0.5355922,-2.0318203,0.31276208,-3.8117204,-2.8822303,-0.19778106,0.13985811,-2.5390704,2.23661,4.30056,0.42953625,3.2012315,0.4987671
UACC-812,2.8287487,2.500184,1.1296232,-1.6833762,-0.44917834,0.5144612,0.2249023,0.2700111,-0.23264924,-2.6538448,0.5551376,-0.59215593,2.6008017,0.7479706,0.75379264,2.0602324,1.426001,-0.6176271,1.1406009,-1.7060066,0.47830412,2.6160169,2.5958495,2.0171533,-0.09811839,1.0940998,-0.86108756,1.431455,2.1770556,-0.15358177,-1.1736809,-1.2203904,3.99418,-1.5812727,-1.8645502,0.02926899,1.2084683,-1.3428949,0.15289402,-2.432146,1.9670159,-2.7803738,1.5741392,-0.969476,0.5641017,3.7195907,-1.739767,-2.8900077,1.2590494,-0.92551255,-0.99876374,2.9329486,2.2771015,0.8327394,-2.487282,-1.972893,-0.5476827,-0.95656955,-3.4934728,-0.8324282,-0.8225744,2.642854,1.0861875,-0.19793281,1.2840317,0.16616806,-2.4707007,-0.8845011,-0.7244584,2.0299642,2.387492,0.42800194,2.7854626,-1.5695945,-1.8407042,-0.9297057,1.1901107,0.22965221,0.3409657,-0.65728194,-1.3997955,0.9240643,3.6897585,-3.6752124,-0.4815464,-1.6160862,0.3637092,-2.3022118,-1.3063391,-0.2804088,0.06637361,-0.5657814,1.1198064,1.9713827,0.53623,1.3899902,0.083157435
FaDu,2.4562795,2.002451,1.0516636,-1.503992,-0.78514004,0.1731078,0.3716465,0.5660732,0.16238816,-2.362245,0.22948842,-0.93714845,2.7371032,0.5340102,0.626981,1.8566362,1.0581269,-0.20739973,0.9423815,-1.4742652,0.7240234,2.190031,2.339148,1.8113288,0.18538916,0.57901967,-0.7071458,1.3604673,2.1921039,-0.1862773,-1.5469548,-1.61568,3.7329178,-1.8965037,-1.8376797,-0.08427335,1.2867665,-1.1583719,-0.121147044,-2.5885744,1.4494168,-2.0523608,1.2678807,-0.9448904,0.6002454,2.917151,-1.6801308,-2.5420985,0.91684693,-1.1752753,-0.9790192,2.4759595,2.2025068,1.0019526,-1.8893694,-1.8355585,-0.49834317,-1.2522243,-3.1215675,-1.1269815,-0.25145558,2.2156286,1.2496059,-0.31913772,1.0867549,0.81679887,-2.353363,-0.5836325,-0.40879714,1.6041427,2.2770097,-0.06499256,2.473626,-2.0012853,-1.6282562,-0.72764343,1.0126896,0.071643546,0.1622522,-0.1097961,-1.0270982,0.8341412,3.4037158,-2.8571062,-0.6067142,-1.662293,0.68043876,-2.234228,-1.2117201,-0.0032909196,-0.034618486,-0.064746216,1.2408217,1.730696,0.6982978,1.004205,0.20286411
NCI-H661,1.0784345,1.1439865,0.24278483,-0.7328486,0.35674024,0.03537435,-0.014599245,0.033068378,-0.7979657,-1.8911004,1.5545813,-0.2927092,0.494806,0.32860813,0.11071302,1.2905346,0.7581573,-0.5504037,0.38088995,-1.4594373,-0.37891278,2.1527336,1.0212283,1.2818748,-0.3906119,0.7028091,-1.3036332,0.29377025,0.54838896,0.59529436,-0.507003,0.20147905,2.4575286,-0.3430245,-0.3119617,0.35096946,0.39256674,-1.0107726,0.20767829,-0.9212109,1.4734997,-1.8607745,1.5882505,-0.711321,-0.3929055,2.3150678,-0.931216,-1.801655,0.76519114,0.13574708,-0.8235581,1.791632,1.736933,-0.0754454,-1.4573566,-0.5985605,-0.681303,0.36101964,-1.7554222,0.28064924,-1.0967537,2.0152621,0.16850454,0.6723397,0.99774307,-0.98857564,-0.84909695,-0.82905024,-0.7193296,1.2936393,1.0359493,0.39108175,2.0384715,0.14098834,-1.4714848,-0.77068275,-0.4268927,0.12930623,0.4715112,-0.60973746,-0.95612,0.10557237,2.0068367,-2.5120025,0.10176423,-0.23162283,0.060113166,-0.53877914,-0.7532548,0.14506176,-0.114481606,-0.89454913,0.9210238,1.3355604,0.027773373,0.79007953,0.43745655
UM-UC-3,3.6888943,3.5405707,0.93349004,-1.7131304,-0.23286365,0.6949641,0.10058641,-0.3313371,-0.90342504,-3.7734232,1.646279,-0.6590398,2.8399727,1.1355382,1.0188756,2.7620933,1.8683348,-0.8408311,1.4189044,-2.5623336,0.4802878,3.9288306,3.183889,3.1002967,-0.21516807,1.6962187,-0.8367272,1.7963971,2.6214058,0.26622963,-1.5681533,-0.90288025,5.4852276,-1.7870599,-1.7928673,0.35426527,1.9391063,-1.6583874,0.6801307,-2.6313152,2.923541,-4.1736236,2.0796053,-1.8561262,0.16307254,5.326978,-2.0092332,-4.1329207,1.5046946,-1.0430181,-1.136261,3.659501,3.0134153,0.9376286,-3.0736082,-2.0847988,-1.0536046,-1.0369798,-4.69627,-0.77841383,-1.514924,3.7965112,1.4430381,0.05150066,1.5944005,-0.79873514,-3.614531,-1.3007978,-0.91685224,2.590472,2.7795124,0.69039094,4.1732707,-1.304928,-2.8552933,-1.5490049,0.75912,0.15508164,0.52806604,-1.212968,-1.5468816,0.9067984,4.882731,-5.123299,-0.65950346,-1.9436874,0.55286276,-2.9147224,-1.5759625,-0.37840217,0.0019373568,-0.97445464,1.6885604,2.8123362,0.7685945,1.7933836,-0.039075665
BICR 18,-2.0079627,-1.0004756,1.1489835,-0.6271177,-0.36728778,-0.123680785,-1.5664183,-1.194983,0.04466159,-0.24987838,2.1888745,-0.7201301,-0.94733393,-2.2775576,1.5516807,0.52086776,-0.11729867,1.6035879,-0.5410787,0.15470181,-1.2986417,-1.5792565,-1.6873108,-1.8242131,0.7398145,1.1900918,-0.8325476,0.736119,-2.4120755,-2.2115235,2.4135423,0.50857913,-1.2311382,0.28970397,0.8209278,0.5369373,-0.6736335,-0.17112435,2.046484,-0.96780336,1.0601552,1.0809312,1.4639542,0.41615158,-1.8583648,-1.4732519,-0.70300496,0.022085954,0.14427055,2.07152,-0.632375,-2.5522015,-1.0983366,-2.2165396,0.5539178,0.82408774,0.067134276,1.5197328,-0.777664,0.31892976,1.7972478,-0.49595997,1.3367184,-0.3381926,-0.08219823,-0.04574109,0.35682827,0.88022274,-1.4921762,-0.58108515,-1.1407994,-1.8468556,-0.8362495,1.7517335,-1.3346034,-1.3882929,-0.4899587,-0.78298765,-0.5534228,1.2453612,1.3023684,-0.5666934,-1.243902,-1.6915753,0.919961,1.3973657,0.81429154,-0.3047703,1.1193968,0.77717805,1.7175477,-0.75736666,1.2033385,-0.5835399,-0.35054192,0.07825347,1.7124604
GDM-1,-1.9957927,-0.9494475,1.1818132,-0.65519524,-0.41337684,-0.13386752,-1.5852838,-1.1768622,0.07644796,-0.18320172,2.1410913,-0.7128034,-0.93573844,-2.252668,1.5687698,0.47988722,-0.08520291,1.6058398,-0.47291857,0.19914266,-1.2882847,-1.6289597,-1.635976,-1.8170273,0.75341606,1.2051009,-0.78969854,0.7433475,-2.3933244,-2.2078135,2.41035,0.4519272,-1.2648996,0.2744971,0.8033757,0.5316454,-0.6396497,-0.16218954,2.0286012,-1.0028014,1.0097576,1.1231948,1.4149551,0.43579042,-1.7881273,-1.4658009,-0.7197385,0.03741169,0.14574736,2.1028323,-0.59165704,-2.5673394,-1.1152428,-2.1665733,0.5606032,0.77364725,0.10229187,1.4586947,-0.77028173,0.33712196,1.819172,-0.5086165,1.3391776,-0.37639192,-0.09988804,-0.03563949,0.34248072,0.89376765,-1.5333062,-0.56576407,-1.1357422,-1.8612292,-0.8334845,1.6559159,-1.265503,-1.3899307,-0.44767177,-0.78831,-0.56591034,1.2695266,1.2948157,-0.50971174,-1.2400457,-1.6620598,0.9268613,1.3820826,0.8011545,-0.34803435,1.061807,0.7573096,1.747815,-0.748808,1.1411493,-0.63,-0.3503523,0.06654799,1.6623001
JK-1,-2.055324,-1.0237621,1.1689637,-0.63552153,-0.38840416,-0.12497992,-1.5979711,-1.2183669,0.042630687,-0.2611216,2.236008,-0.72996986,-0.96801335,-2.3213148,1.587299,0.5227144,-0.122203164,1.6409642,-0.55772066,0.16344896,-1.3262936,-1.6135811,-1.7214916,-1.8596324,0.76384836,1.2025256,-0.8431062,0.7532265,-2.4618258,-2.2563028,2.4687858,0.5119747,-1.2623118,0.30372548,0.8316185,0.55316937,-0.70193404,-0.17543541,2.087646,-0.99376655,1.0922422,1.1083649,1.495239,0.41404563,-1.886072,-1.5132895,-0.7269536,0.021878269,0.14838667,2.1162074,-0.63873327,-2.6142673,-1.1196091,-2.2537177,0.56962097,0.8279443,0.06822614,1.5548376,-0.7920309,0.32057637,1.8360424,-0.50607055,1.363521,-0.3556092,-0.0853076,-0.040729906,0.37069046,0.90716356,-1.5283576,-0.5988999,-1.1661253,-1.8886846,-0.8420808,1.7775586,-1.3605446,-1.4085375,-0.49801213,-0.79548055,-0.55893403,1.2762249,1.3234043,-0.5799987,-1.2796074,-1.7212944,0.9411994,1.4332153,0.8354891,-0.3161932,1.1387304,0.8007485,1.7432675,-0.7643763,1.22745,-0.60647094,-0.3556945,0.08668551,1.7485136
BEN,-0.44233802,0.06519119,0.45357007,-0.31091398,-0.30442584,-0.49840075,-0.51608175,-0.31699276,0.014613498,0.26977918,0.86832875,-0.39717162,-0.1040728,-0.1821159,0.22428834,0.048845347,-0.025439646,0.40092713,0.1454901,-0.008726995,-0.32835722,-0.24162823,-0.23736545,-0.32642525,0.46062103,0.36885673,-0.27770224,0.33701408,-0.4011918,-0.49943107,0.3560105,-0.19359148,-0.0757428,-0.22358254,0.24083087,0.27238616,0.45390102,0.272342,0.70575005,-0.6674725,0.40468737,0.18190166,0.052563973,-0.04805462,-0.6045651,-0.41560432,-0.16374426,0.008375388,0.019983748,0.5983997,-0.17025623,-0.32473847,-0.16024765,-0.4669895,0.02953731,-0.1702142,-0.046023924,0.22350371,-0.29609588,-0.06230829,0.8406605,-0.15697157,0.96760154,0.24815525,0.096302226,0.19000866,-0.22796167,0.45520088,-0.30641183,-0.20967226,-0.26222134,-0.40251386,-0.10054076,-0.21216728,-0.15826324,-0.86943436,-0.38633376,-0.17478222,-0.18263051,0.8488151,0.23797916,0.25447884,0.116524905,-0.3744343,0.030361502,-0.044140544,0.22833124,-0.5413202,0.027521832,0.08101698,0.43951708,-0.11539886,0.51873535,0.023739038,0.15051615,-0.34859788,0.39448187
JHH-5,5.924911,5.5735874,1.6957448,-3.3744779,0.3680837,1.3300319,0.047553636,-0.003254409,-2.1865983,-7.1531467,3.3619144,-0.8303901,4.1151404,1.1830167,1.6349875,5.08872,3.33705,-2.0544329,2.235276,-4.787596,0.0014738571,7.6686416,5.06057,5.264579,-1.1009436,3.2355373,-3.1976798,2.6045685,3.919323,0.88424844,-2.1753864,-1.0940626,9.559829,-2.5735729,-2.803708,0.89458275,1.8104279,-3.5013292,0.43597922,-4.352943,5.508326,-7.4797053,5.032466,-2.5692196,0.3674427,9.811569,-3.6576784,-6.86293,2.9734137,-0.9864582,-2.1582358,7.266528,5.903925,1.2831955,-5.838947,-3.3982782,-1.8922718,-0.8026518,-7.945423,-0.1959969,-3.7950785,7.5831585,1.4398713,0.32176584,3.2252102,-2.0772288,-5.2651887,-2.7986777,-2.3338208,5.2652197,4.5977087,1.6179732,7.0681047,-0.9383918,-4.954578,-2.3723407,0.91323084,0.6749442,1.2398357,-2.8725162,-3.3619316,1.6426731,8.616661,-9.389133,-0.8237919,-2.1337314,0.42601526,-4.016114,-3.1467655,0.00815391,0.06975384,-2.7248182,2.7509484,5.0367107,0.41587633,3.4326525,0.53305864
HCC-56,2.343076,2.0834136,1.0802369,-1.9258127,0.27884153,0.56844383,0.14110035,0.2659124,-0.58012563,-2.6906624,1.0372849,-0.35341132,1.5262474,0.67509955,0.6902379,1.9863371,1.2655401,-0.8342085,1.0566937,-1.9452351,-0.071064554,2.8523128,2.385541,2.0371847,-0.6503316,1.3786534,-1.5123922,1.1563967,1.6206436,0.28034768,-0.6152949,-0.3820794,3.749179,-1.0512375,-1.4013835,0.082357965,0.4285328,-1.4243116,-0.05393622,-1.8674453,2.050724,-2.9030519,2.0954928,-0.6586076,0.21098508,3.810287,-1.6241186,-2.494071,1.5732905,-0.34403163,-1.1153164,3.1202853,2.419368,0.42957008,-2.539666,-1.6152751,-0.58231175,-0.1778335,-3.0401113,0.07767818,-1.5523454,3.0059254,0.43130696,0.20460296,1.481711,-0.51314205,-1.5866715,-1.1791544,-1.1276317,2.0605373,1.9928513,0.8205363,2.7930546,-0.49951646,-1.7988502,-1.0004923,0.4460414,0.5023406,0.44362646,-1.0268759,-1.6334866,0.7173525,3.3601413,-3.8077323,-0.12246273,-0.86695325,0.08224771,-1.6381387,-1.4428315,-0.060251236,0.08066572,-1.329764,0.98292893,1.8841763,0.24489269,1.5220718,0.4784259
LCLC-103H,4.1254416,3.6479628,1.4270287,-2.2739747,-0.34474173,0.40654278,0.09269288,0.016722146,-0.62190497,-4.049279,1.4465,-0.98959136,3.177802,1.4721195,1.1716717,2.7845128,1.9774748,-0.8641978,1.7024671,-2.8473535,0.3035207,4.0462136,4.005094,3.339908,-0.37552053,1.806105,-1.1289296,1.8075514,2.9398818,0.41899568,-1.4693455,-1.0042257,5.893001,-2.0102746,-2.1434298,0.07840732,1.9707383,-1.9246256,0.6192323,-3.293474,3.0983558,-4.3960633,2.4316447,-1.9021809,0.17768614,5.422012,-2.3155997,-4.3046412,1.7548972,-1.2275653,-1.5910099,3.9597387,3.5177932,1.0722967,-3.3726213,-2.4412851,-1.0850737,-1.0128169,-4.9818006,-0.7013978,-1.4159313,4.102215,1.594553,0.28792775,1.8678988,-0.39727306,-3.4881542,-1.5919728,-1.1133384,3.0456243,3.228486,0.5406763,4.758806,-1.8201742,-2.8927002,-1.7550224,0.54596364,0.25108933,0.4016862,-0.73796433,-2.043731,0.9872021,5.050495,-5.6182113,-0.42715234,-2.1418622,0.67876697,-3.2802725,-2.0484755,-0.27374023,-0.19484329,-1.2490482,1.8131614,2.967542,1.2260383,1.7832819,0.28928307
Mono-Mac-1,1.6548789,1.347181,0.6994732,-0.97507256,-0.49843508,0.1823209,0.2684292,0.24832913,0.07072888,-1.5202148,0.19613399,-0.58969486,1.7516841,0.44283748,0.3390472,1.2001708,0.6396797,-0.09499677,0.63062096,-1.0048583,0.54465634,1.4381667,1.5973388,1.2370691,0.13309743,0.39815667,-0.35815197,0.9094964,1.4319847,-0.077890635,-1.0254039,-0.997971,2.4959838,-1.241503,-1.2375968,-0.07128103,0.9671033,-0.69423777,-0.032004528,-1.616969,0.87717724,-1.470545,0.698823,-0.59930265,0.35101756,1.9200451,-1.0640261,-1.649864,0.5719292,-0.8213346,-0.6440269,1.6266376,1.3734599,0.6556095,-1.2539619,-1.2198741,-0.36685932,-0.7897698,-2.066898,-0.7864248,-0.23384465,1.3699703,0.87942153,-0.099735215,0.7146674,0.51833814,-1.5440465,-0.3688707,-0.21055228,0.95798016,1.4776473,0.11783837,1.6746235,-1.3124344,-1.105442,-0.5331677,0.66124713,0.02524776,0.10962706,-0.050780572,-0.611643,0.59379625,2.245428,-1.908258,-0.4503985,-1.1596802,0.41106164,-1.464967,-0.7325157,-0.09547007,-0.08756565,-0.032644615,0.85546356,1.1334373,0.5078443,0.57448924,0.1570788
KPL-1,-0.012001697,0.23855747,0.053113542,-0.088663265,-0.29695037,-0.11564746,-0.29152626,-0.37451768,-0.06680953,-0.5318369,0.76708925,-0.32327595,0.1753162,-0.3590196,0.14270015,0.35572177,0.22994113,0.17163828,-0.08306213,-0.25747386,-0.114592165,0.28646722,0.026682751,0.22713323,0.38922358,0.21161099,-0.17954944,0.4068163,-0.0044390988,-0.12338627,-0.41089603,-0.085390486,0.5587969,-0.35111266,0.020459056,0.20454197,0.3844585,0.07762914,0.25494698,-0.24478036,0.75216216,-0.39663252,0.22200018,-0.2637316,-0.30118376,0.3841045,-0.40189287,-0.7520917,0.100749984,0.31693769,-0.22960266,-0.10299935,0.29983276,-0.21468383,-0.3627557,-0.23205867,-0.34733048,0.13328059,-0.64512986,-0.319478,0.04954317,0.5125656,0.5889483,0.058445007,0.2212378,-0.10104184,-0.54729015,-0.00026513264,-0.080280066,0.05174946,0.16612758,-0.36905408,0.41625544,0.053004533,-0.54173064,-0.5428795,-0.025898308,-0.26381913,-0.013364149,0.09233412,-0.013549782,-0.03278381,0.8122194,-0.6739406,-0.07225234,-0.24518578,0.2705348,-0.40232897,0.18385412,0.06769372,0.14694211,0.2746824,0.480113,0.52819383,0.05105994,0.14141648,0.1396769
Panc 02.03,3.3671548,3.0056896,1.2502623,-1.9164289,-0.4998111,0.7934273,0.15321465,0.14082232,-0.39428943,-3.201517,0.8541045,-0.79232323,2.8628647,0.7217629,1.0807494,2.5195026,1.568493,-0.7476296,1.2825445,-2.1029565,0.6661053,3.1240802,2.7630339,2.48141,-0.26516625,1.3358568,-0.9351775,1.6182381,2.4911406,-0.033268347,-1.503014,-1.3291293,4.7574816,-1.9711603,-1.9907819,0.13541843,1.4779245,-1.5259182,0.26447785,-2.6280303,2.345708,-3.1994977,1.9445142,-1.2995381,0.6744526,4.5208516,-2.1104674,-3.5309052,1.3955102,-1.10761,-0.9968957,3.3609025,2.6703556,0.8830064,-2.866364,-2.0925508,-0.65822506,-1.1425201,-4.2310514,-0.8972128,-1.1578934,3.1958025,1.2272325,-0.3770213,1.3145798,-0.09737283,-3.0459876,-1.0314355,-0.88736045,2.358687,2.7481747,0.5575791,3.2132752,-1.6552342,-2.2750783,-1.0628122,1.280409,0.16805948,0.3918718,-1.0945959,-1.4512323,1.0337483,4.371108,-4.3000927,-0.57100916,-1.8238962,0.47528332,-2.7590485,-1.4274998,-0.33337587,0.08837339,-0.7338057,1.4060358,2.4526162,0.6119023,1.6613487,0.039608233
SU-DHL-5,-1.665502,-0.80490714,1.0491402,-0.5389918,-0.46796706,-0.16652703,-1.2736117,-0.8695382,0.17408511,-0.139874,1.5573117,-0.48496515,-0.62413746,-1.916597,1.3371269,0.35451725,0.08423085,1.311232,-0.34140408,0.32691434,-0.9608358,-1.5390983,-1.2658314,-1.497585,0.7061655,0.8688757,-0.44227433,0.5933778,-1.9872899,-1.880327,1.9997858,0.30718285,-1.063765,0.14768058,0.55991644,0.2904114,-0.64101684,-0.24488279,1.5344187,-0.88260496,0.695973,1.0592469,1.2359811,0.34468234,-1.2717236,-1.2510785,-0.715991,0.017852925,0.17645697,1.745532,-0.5353637,-2.2805846,-0.95662725,-1.6210057,0.5900573,0.5625338,0.17167124,1.0871663,-0.6173437,0.27131557,1.526195,-0.47276098,0.9405333,-0.4301567,-0.11864692,-0.03421971,0.31180492,0.7292192,-1.3842897,-0.40579188,-0.8697595,-1.5420948,-0.6595667,1.1966242,-0.9948226,-1.0243486,-0.17643195,-0.6294307,-0.50594085,1.0752763,1.032055,-0.38320026,-1.0969286,-1.3929645,0.834128,1.2724719,0.6908986,-0.3684397,0.7951601,0.6908922,1.4564716,-0.5272584,0.81170624,-0.7195819,-0.3125659,0.09409559,1.3835286
UT-7,3.239473,2.884764,1.4388123,-2.449169,0.13545789,0.90885276,0.11299252,0.24886906,-0.65965027,-3.4953167,1.1803498,-0.5945293,2.2856722,0.71887517,1.200981,2.6821985,1.8755159,-1.1279961,1.4914736,-2.4393334,0.32359982,3.455306,2.8906934,2.545704,-0.7794103,1.7261858,-1.838594,1.594078,2.1158166,0.19771266,-1.0573977,-0.7189289,4.865571,-1.565281,-1.9919074,0.050442614,0.70957994,-1.8343875,-0.008376382,-2.4872105,2.7131674,-3.52057,2.6891847,-0.9492121,0.6595545,5.0516276,-2.3169837,-3.2982051,1.8992835,-0.54233724,-1.2496597,3.995667,3.021122,0.60920626,-3.4039314,-2.1423845,-0.5511301,-0.46811754,-4.206479,-0.17354523,-1.8554007,3.77897,0.624113,-0.13863446,1.7002865,-0.7253156,-2.4178448,-1.3127123,-1.3995329,2.6543865,2.6715615,0.97706944,3.3583505,-0.9153378,-2.28921,-1.0952132,0.99232566,0.62027407,0.53545207,-1.5287669,-1.9621146,0.9436521,4.388526,-4.8240085,-0.22708428,-1.1920813,0.18568052,-2.3267968,-1.7577784,-0.15768126,0.17069711,-1.5739721,1.2273883,2.4904993,0.18225968,2.0834522,0.39718276
NCI-H1581,-1.3443748,-0.5334393,0.9502534,-0.5978888,-0.46812317,-0.27220812,-1.1096019,-0.58211964,0.27643287,0.12529552,1.2453475,-0.5002905,-0.43876463,-1.3744577,1.0157502,0.12570472,0.12753199,1.092183,-0.040301584,0.3803431,-0.7721791,-1.2886435,-0.85994434,-1.1400914,0.6950143,0.7655539,-0.4455074,0.55971754,-1.5640775,-1.583027,1.6254607,0.00871814,-0.8929634,-0.054053314,0.36980003,0.2508778,-0.32648492,-0.12154806,1.203052,-0.95539,0.49761608,0.9618875,0.88461846,0.30066937,-0.8834323,-1.0954858,-0.49896675,0.07021834,0.14402956,1.5029238,-0.3752436,-1.7786899,-0.79034865,-1.2517278,0.39339662,0.18768257,0.12955289,0.7048005,-0.47593832,0.20175022,1.3271815,-0.35046953,0.9830918,-0.26647446,0.0016902164,0.120262615,0.17276639,0.811627,-1.1621059,-0.33351746,-0.65835977,-1.2664857,-0.5993597,0.6772094,-0.598951,-0.8985238,-0.21830513,-0.5840523,-0.40569678,1.074838,0.80558604,-0.049797382,-0.7534931,-1.0257345,0.60023695,0.8529509,0.6304565,-0.45249856,0.45971948,0.519467,1.2300782,-0.52230066,0.5744888,-0.6520159,-0.17817453,-0.06417805,1.0929627
NCI-H2172,8.144825,6.9926887,2.772022,-4.2322726,-1.695676,1.3651559,0.5036451,0.40682185,-0.48537123,-7.3342013,1.7124507,-2.3984866,7.3026347,2.1904564,2.4206278,5.618352,3.4612095,-1.2069532,3.1911185,-4.74031,1.8409926,6.794959,6.924826,5.832899,-0.10373187,2.6937962,-1.3636054,3.9731503,6.0952454,0.001376383,-3.7160516,-3.3175688,11.201842,-5.0025024,-4.6496797,0.0017086174,4.382979,-3.2607071,0.8473061,-6.681406,4.9372716,-7.386768,3.8645532,-3.5893266,1.3034128,9.78413,-4.579154,-8.012363,2.7375255,-3.2531424,-2.646961,7.186452,6.218569,2.5205667,-5.989623,-4.917758,-1.7155108,-3.3628402,-9.790496,-2.5897746,-1.6285368,6.6510587,3.6846151,-0.6058972,2.9584906,0.37038475,-7.491247,-2.2499661,-1.4115895,4.959611,6.5165644,0.7743706,8.065344,-4.679763,-5.2876844,-2.8146784,2.6594894,0.19606183,0.67180336,-1.5070094,-2.8801477,2.1459317,9.797768,-9.509167,-1.4179696,-4.8704176,1.5139836,-6.8014016,-3.3310184,-0.98261786,-0.0910631,-1.0834298,3.445943,5.5749874,2.052532,3.169289,0.28597015
NCI-H1651,1.1403149,1.2896259,0.08240321,-1.1218702,1.1103194,0.40731764,0.0984467,0.020190869,-1.2881678,-2.6726766,2.03028,0.21913816,0.21721996,0.35290587,-0.11893533,1.8015449,0.6888209,-0.7223357,0.15926962,-1.8783048,-0.46397302,3.0839436,0.87594074,1.5416431,-0.7411675,1.1552585,-2.0672398,0.5819329,0.881304,0.58594704,-0.3691846,0.3762689,3.0291395,-0.028026447,-0.46692315,0.7259722,-0.17803586,-1.2154039,-0.23166263,-0.5710901,2.1208405,-2.6689792,1.90926,-0.45670706,-0.43340015,3.1784825,-0.7275156,-1.7968132,1.2572049,0.23603034,-0.89958507,2.9519534,1.9607544,0.0628594,-2.328843,-0.91168594,-0.8732462,0.8701474,-1.9186846,0.5653607,-2.2722926,2.7471206,-0.3346571,0.87524414,1.3199146,-1.3503027,-0.67079514,-0.92584085,-0.7636635,1.4261081,0.9291072,1.3716017,2.111697,1.0092416,-1.8589175,-0.76782066,-0.12000329,0.6775285,0.72138405,-1.3405765,-1.1719688,0.29786706,2.7173948,-3.064009,-0.22912301,0.19773324,-0.17211282,-0.28408042,-1.0379851,0.27038866,-0.13766633,-1.3077048,1.0074959,1.5720632,-0.550716,1.240403,0.687055
HEC-59,2.8473876,2.5125694,1.2828996,-2.0186188,-0.22642897,0.7747995,0.16247544,0.2864519,-0.30823338,-2.848429,0.7677067,-0.61784685,2.2880816,0.63615036,1.0207255,2.267996,1.4204752,-0.770928,1.205155,-1.9174963,0.50189984,2.7827165,2.497867,2.1458983,-0.4804574,1.3105876,-1.2296684,1.4540216,2.021354,-0.013308756,-1.104021,-0.9403899,4.1556945,-1.6395214,-1.8933928,0.031117024,0.8967931,-1.4674848,0.01315669,-2.3433952,2.1173494,-2.8158011,2.0051477,-0.9337533,0.6769484,4.0785155,-2.0008585,-2.8678122,1.4464933,-0.7655853,-1.0360624,3.200269,2.503593,0.6390365,-2.7037485,-1.9044516,-0.4773773,-0.7762444,-3.6865952,-0.48652983,-1.2325596,2.9503357,0.75987333,-0.30096042,1.3612677,-0.18139014,-2.2542741,-1.0027212,-1.0076991,2.1603737,2.333727,0.6561896,2.720825,-1.2013546,-1.9516029,-0.9171316,1.0768219,0.3803241,0.34473115,-1.0507282,-1.459415,0.8616779,3.7633498,-3.8787367,-0.38218012,-1.3453001,0.27467006,-2.1759279,-1.3575822,-0.21345845,0.120398656,-1.0380085,1.1204014,2.0837467,0.3598767,1.5529536,0.23451394
CL-11,-0.627419,-0.5829469,-0.25781003,0.11096963,0.56107384,-0.0042363666,-0.07742818,-0.1000695,-0.52173823,-0.8374615,1.3443176,-0.07167274,-0.66356033,-0.5323834,-0.2751368,0.68222797,-0.17587641,0.23274815,-0.658755,-0.58260363,-0.6252082,0.68230796,-0.7537998,-0.13851322,-0.1998271,0.0627115,-1.204234,-0.017450372,-0.616953,0.10593576,0.42283472,0.5690835,0.43621403,0.43947026,0.5305601,0.48058236,-0.49868923,-0.4526848,0.2091414,0.053424865,0.68966997,-0.31237513,1.030241,0.025720999,-1.0255775,0.06385079,-0.08714692,-0.29200873,0.17247474,0.36657414,-0.5322498,0.07609714,0.32125467,-0.8742397,-0.29072154,0.43914548,-0.47496545,1.1695853,-0.08444647,0.14689568,-0.40092802,0.42753902,-0.2870764,0.71044505,0.37490445,-0.42539525,0.4456212,-0.15344538,-0.28914303,0.04472158,-0.08309416,0.02874215,0.3079612,1.2055963,-1.0463723,-0.36622557,-0.5664689,-0.12152512,0.107464336,0.067214735,-0.009263836,-0.37834588,0.15283081,-0.9820546,0.26046258,0.54564106,0.16928624,0.5300888,0.3218186,0.49522734,0.013774288,-0.30110523,0.9040158,0.38578048,-0.30056325,0.3227595,0.92110306
PLC/PRF/5,-0.2675557,-0.18420479,0.2117796,-0.06355344,-0.02026893,-0.16439882,-0.061437808,0.041307304,0.06671808,0.044101283,0.33618298,-0.20322013,-0.07157264,-0.08144254,-0.04572969,0.077356905,-0.10722973,0.2989966,-0.18422686,-0.08670752,-0.07043726,-0.012778199,-0.09038223,0.04217282,0.07975097,0.09688544,-0.16838694,0.20095211,-0.22493228,-0.1286146,0.3215476,-0.03272334,0.11306353,-0.017635617,0.023012284,-0.048431262,-0.023570035,-0.10735358,0.14167547,-0.24013576,0.10419933,0.062366944,0.27482733,0.02587469,-0.42779416,-0.12089434,-0.15713009,0.020386077,0.14598368,0.10439439,-0.224118,-0.08983589,-0.05209333,-0.2441406,0.089322686,0.146853,-0.13428617,0.2520754,-0.017929273,-0.061528265,0.21307684,-0.031784452,0.2929914,0.22207479,0.18610497,0.25941968,0.08177417,0.1742723,-0.08226019,-0.07289522,0.005453222,-0.06683655,0.22977555,0.061457366,-0.34335685,-0.3243642,-0.24017867,0.00202981,0.012528827,0.2566024,0.14947371,-0.0012978911,0.028470106,-0.2291222,-0.033696145,-0.12032644,0.22437608,-0.09185733,0.1667815,0.119372495,0.09759375,-0.09471934,0.405954,-0.0036027413,0.10179242,-0.05401315,0.3817965
RCM-1 [Human rectum adenocarcinoma],0.8206974,0.710457,0.4870896,-0.72444487,-0.28776234,0.124705024,0.1754336,0.3083081,0.13641715,-1.0240502,0.13727243,-0.37066606,1.0747671,-0.058961596,0.33235604,0.84450066,0.4520464,-0.10884751,0.35543197,-0.5445319,0.2684786,0.8690582,0.7705493,0.70004064,0.06788696,0.29461867,-0.45017758,0.57433105,0.78579324,-0.1888122,-0.5789853,-0.7027221,1.4967355,-0.82752484,-0.7675015,-0.08777142,0.23317802,-0.617117,-0.19184431,-1.0458462,0.6168499,-0.65953964,0.7692167,-0.25034845,0.30474415,1.2532922,-0.9153633,-1.0130236,0.43825647,-0.3200594,-0.4682669,1.0127093,0.9016366,0.2621025,-0.8327451,-0.7520639,-0.117219016,-0.4618129,-1.2968466,-0.34020072,-0.23929116,1.0727059,0.3252652,-0.20995453,0.5286324,0.30498368,-0.82386744,-0.2342288,-0.3136849,0.73529017,0.87818855,-0.013068356,0.9074189,-0.71665657,-0.7374081,-0.19641086,0.55466217,0.041981097,0.12737064,-0.12009738,-0.46434706,0.3494195,1.4956322,-1.248009,-0.22828868,-0.53183395,0.2744485,-0.7967231,-0.45419657,0.088718966,0.14023389,-0.12442768,0.46312237,0.6256755,0.16689286,0.5653065,0.21600544
ZR-75-1,3.1188104,2.979212,0.98694843,-1.6900858,-0.27525115,0.837713,0.1503514,-0.02910861,-0.567393,-3.1397703,1.0130303,-0.52933735,2.5968373,0.63581645,0.95214206,2.44416,1.5859015,-0.7957423,1.1207777,-2.0278623,0.6069926,3.111881,2.4139874,2.3351793,-0.20841584,1.4058162,-0.90998787,1.592018,2.2994177,-0.043965556,-1.4553696,-1.1873527,4.5048585,-1.6560823,-1.7280566,0.2578289,1.3870591,-1.4658576,0.30284724,-2.2722027,2.4176111,-3.158477,1.8381563,-1.1890433,0.56215966,4.4565887,-1.9136302,-3.393017,1.332499,-0.95548826,-0.83592767,3.304638,2.3875468,0.8180004,-2.8153613,-1.973816,-0.69179094,-0.94669086,-3.9672709,-0.8055958,-1.2950459,3.1518788,1.0327644,-0.32650837,1.205919,-0.321899,-2.989663,-0.90161,-0.7971235,2.2182524,2.4578686,0.7330333,3.0110302,-1.3463743,-2.1891582,-0.98770744,1.3556122,0.16287597,0.46766058,-1.2121347,-1.3807952,1.0104567,4.2410283,-4.193483,-0.6224526,-1.6125118,0.38734555,-2.5215468,-1.2795888,-0.34538525,0.16572057,-0.67241514,1.3084325,2.3993077,0.41455284,1.7039021,-0.05108977
SNU-478,1.7859151,1.6513373,0.92533946,-1.6732152,0.26306158,0.5684899,0.076998234,0.24408725,-0.5445048,-2.3171945,0.8267662,-0.32438874,1.2342983,0.26705444,0.74742377,1.7608231,1.2187277,-0.80634063,0.85316855,-1.5646663,0.09277548,2.2709796,1.5986084,1.5840818,-0.6113674,1.1128987,-1.5284953,0.97681147,1.1396016,0.18737713,-0.536609,-0.29378018,3.039405,-0.9335976,-1.2560598,0.03741625,0.06368311,-1.2960551,-0.23068744,-1.4350773,1.7482581,-2.2195535,1.9851038,-0.4914893,0.4513943,3.2369714,-1.4869952,-2.0149102,1.2911891,-0.1449036,-0.88257086,2.6998653,1.9930537,0.28224665,-2.278017,-1.3131396,-0.28719258,0.051254254,-2.5465848,0.089941,-1.3801991,2.5152092,0.037881333,-0.11163074,1.1596092,-0.67884034,-1.2608582,-0.875444,-1.0819532,1.7853928,1.5971688,0.7765065,2.0339146,-0.26293334,-1.4123707,-0.6331772,0.61127806,0.58868945,0.48995307,-1.1717931,-1.3670431,0.5805197,2.7801082,-3.137119,-0.056897096,-0.42302245,0.05489519,-1.2447447,-1.1584153,0.032734193,0.14994377,-1.1193746,0.677706,1.6020771,-0.15571767,1.43176,0.42842814
G-401,-1.9122449,-0.9833945,1.0831685,-0.5897272,-0.38897446,-0.13811728,-1.4541649,-1.0493757,0.05367399,-0.22948444,2.1259108,-0.6896187,-0.89430594,-2.1018074,1.4191349,0.46504727,-0.09272448,1.5091616,-0.5756497,0.14349632,-1.218838,-1.4440675,-1.6037946,-1.7293977,0.7613501,1.0668404,-0.8394257,0.7138949,-2.2996821,-2.0661762,2.3056788,0.41995806,-1.1259165,0.24262416,0.7680074,0.5070793,-0.6782217,-0.16435796,1.8942764,-0.9899572,1.0711155,1.036461,1.4788618,0.34909666,-1.7476583,-1.4366465,-0.66975427,0.0025339276,0.15125982,1.9626117,-0.5801063,-2.4431484,-1.0193933,-2.1251643,0.51933056,0.7377633,-0.00810989,1.4628572,-0.6970634,0.24962348,1.7290405,-0.45874572,1.2714723,-0.2879206,-0.0034488477,0.0064811218,0.34233934,0.90869457,-1.4271638,-0.5448927,-1.066119,-1.7273831,-0.78050655,1.6197867,-1.2632632,-1.2888114,-0.5305222,-0.78592545,-0.5254208,1.2287408,1.2089697,-0.50570285,-1.1749665,-1.5764323,0.876975,1.3266444,0.8352026,-0.2920495,1.0694213,0.7980452,1.5949548,-0.7059277,1.1788039,-0.56030196,-0.3262782,0.059435755,1.6685693
SK-MEL-24,-2.0838182,-1.5020928,0.6732925,-0.37440324,-0.06928891,0.08048618,-0.9317475,-0.60057265,-0.045424394,-0.6337274,2.1662004,-0.5835756,-0.9864622,-1.9525065,0.88607943,0.70064014,-0.19573614,1.4472777,-1.163706,-0.0128167905,-1.1587245,-1.0434741,-1.8731112,-1.5672952,0.45760658,0.57407963,-1.0984522,0.58360124,-2.3431175,-1.6841387,2.492265,0.6692275,-0.75100064,0.41025692,0.83510774,0.23909988,-1.2485821,-0.6842484,1.3915681,-0.65193284,0.916332,0.9714007,1.9948833,0.32134694,-1.9606307,-1.4630717,-0.4608228,0.11529794,0.314902,1.4477222,-0.7755959,-2.1553621,-0.88546336,-2.1347291,0.542292,0.9925228,-0.367253,1.8087435,-0.1964971,0.07674246,1.2528325,-0.5533082,0.56828725,-0.04826144,0.22933753,0.005589806,0.8048339,0.71840286,-1.1976438,-0.5354136,-0.770654,-1.3258018,-0.47669187,1.9628239,-1.7698253,-0.8458822,-0.49892884,-0.61240286,-0.34731105,0.9564647,1.1798751,-0.7420347,-1.2436376,-1.6892239,0.9651803,1.4027572,1.0513952,0.18694463,1.1848214,1.0763197,1.271856,-0.59801143,1.4885467,-0.46234572,-0.39512187,0.3207543,2.0829253
Hs 281.T,-1.6440896,-0.7468393,1.034456,-0.5176013,-0.30243647,-0.14117223,-1.373552,-1.0208477,0.008073159,-0.055679295,1.9121834,-0.6395863,-0.87426543,-1.7883981,1.2605458,0.43829858,-0.13257468,1.300829,-0.39845738,0.10351193,-1.1293893,-1.2874004,-1.3901995,-1.4990383,0.61736465,1.0706854,-0.76254535,0.627851,-1.9990762,-1.7970133,1.9681842,0.4388276,-1.0046908,0.24919173,0.7057859,0.5283476,-0.37760612,-0.03326921,1.8110572,-0.846275,0.93876266,0.87733316,1.1360608,0.40263414,-1.6097058,-1.1877087,-0.5790137,0.05191523,0.07930152,1.7721064,-0.49768448,-2.0146627,-0.90760195,-1.8930858,0.4497587,0.6798016,0.059370454,1.2660319,-0.688901,0.28089124,1.561728,-0.4237209,1.2782767,-0.22653341,-0.08305813,-0.0404415,0.27162522,0.75256735,-1.2214565,-0.48108187,-0.9667829,-1.5238842,-0.6848906,1.4152579,-1.0919259,-1.3033568,-0.47955,-0.60973126,-0.49187982,1.0738747,1.058352,-0.43454665,-0.9755499,-1.3854325,0.71015257,1.0768185,0.6528641,-0.27582318,0.93912125,0.5220585,1.468127,-0.66894746,1.0429722,-0.42099112,-0.27078277,-0.0048952363,1.3591999
Caov-3,-1.1775917,-0.5173602,0.86086774,-0.59315497,-0.34529746,-0.21288541,-0.99393624,-0.3497898,0.16904266,0.033862956,1.1094186,-0.40583354,-0.38754582,-1.3197036,0.9493185,0.2788616,0.12823857,0.93843985,-0.030260252,0.34864473,-0.72286576,-1.2653399,-0.8325773,-1.0263538,0.49338332,0.67511755,-0.33066663,0.38632825,-1.4013993,-1.4146984,1.6640975,0.10985745,-0.7124244,-0.02319947,0.39835468,0.15468678,-0.5131596,-0.19781739,1.0705421,-0.7505729,0.43670928,0.835478,0.9100084,0.25517184,-0.88205415,-0.94129395,-0.4825087,0.04410398,0.18625182,1.2398531,-0.40966377,-1.7116832,-0.7728629,-1.1938213,0.3799349,0.3298566,0.16688366,0.6438664,-0.35453537,0.23708797,1.0978571,-0.33495387,0.7018221,-0.36005357,0.009114422,0.011837084,0.17459978,0.58235204,-1.1560727,-0.21073262,-0.5497711,-1.1628684,-0.5831095,0.74904263,-0.7311666,-0.68950933,-0.19409566,-0.41992214,-0.39397907,0.8952791,0.79639447,-0.22058791,-0.87587184,-1.1387135,0.6417897,0.83376914,0.65102774,-0.37487248,0.45057043,0.48166144,1.1353052,-0.5126928,0.5775601,-0.60525626,-0.15668571,0.040468697,1.0695931
RERF-GC-1B,-1.8016598,-0.9079238,1.0200264,-0.5581308,-0.38519564,-0.16224247,-1.3514777,-0.9198457,0.058183655,-0.17956369,2.026575,-0.6476008,-0.8397279,-1.9387978,1.2860123,0.39900532,-0.078246675,1.4229709,-0.54772776,0.118190244,-1.144839,-1.33045,-1.5206186,-1.6155746,0.73571426,0.9776967,-0.8213776,0.66518,-2.1620207,-1.9232354,2.2191455,0.34652856,-1.0123265,0.20145503,0.7191944,0.4652895,-0.6087372,-0.16945729,1.7328329,-0.96408904,1.0168204,0.99091655,1.4171941,0.33200318,-1.6307155,-1.3459003,-0.6407511,-0.021776676,0.16560853,1.8270363,-0.5103773,-2.2814026,-0.94467425,-2.0181694,0.48192176,0.6977366,-0.039747793,1.3839208,-0.61187106,0.21655294,1.6224207,-0.4260068,1.2162107,-0.21548349,0.049174648,0.046009652,0.30304858,0.88035387,-1.3674028,-0.52715635,-0.96119547,-1.5801582,-0.73125,1.4609797,-1.1604156,-1.213375,-0.54064363,-0.76394653,-0.4762028,1.1792793,1.1360512,-0.449601,-1.0687125,-1.4424485,0.851703,1.225492,0.7795761,-0.29346094,1.0148065,0.7703996,1.4676876,-0.66786975,1.1225759,-0.5100419,-0.32972482,0.02657895,1.5680561
OCI-AML-3,3.4085922,3.3690348,1.078392,-2.7730973,1.3125168,1.0833437,0.10050846,0.21870783,-2.1589391,-5.4598894,3.3308666,-0.19468279,1.7366414,0.7185386,0.5902285,3.7732809,2.1351354,-1.7143997,1.1188885,-3.8362007,-0.550248,6.0682025,3.0069332,3.5774171,-1.2893238,2.4840748,-3.7044272,1.6672935,2.1577704,1.0063554,-1.0267637,0.11484613,6.8841286,-0.9780214,-1.6837766,0.9486428,0.2302145,-2.8153782,-0.19338775,-2.4028482,4.272717,-5.504806,4.381054,-1.2630712,-0.20902498,7.1814356,-2.3153884,-4.407803,2.5992808,0.034671064,-1.8426454,6.090052,4.4262643,0.36396027,-4.668345,-2.4292636,-1.538669,0.71871334,-4.9714193,0.7397164,-3.8475516,5.8970904,0.08168868,0.947482,2.875675,-2.2842898,-2.4629765,-2.128597,-1.8470553,3.6766272,2.9455771,2.0661244,5.0575495,0.6425725,-3.6927776,-1.6627419,0.26216525,1.0435755,1.2212108,-2.4813938,-2.7326248,1.0642443,6.129131,-6.8368053,-0.33158585,-0.6137826,-0.13703203,-1.7248383,-2.5201,0.3584224,-0.02794211,-2.7813113,1.9058931,3.5409267,-0.4429543,2.7487833,1.1165509
NCO2,-2.9521954,-1.5355335,1.5910873,-0.909234,-0.5886211,-0.2647482,-2.2439127,-1.5525295,0.029240496,-0.36244258,3.434605,-1.1561977,-1.4376776,-3.172829,2.1062272,0.7149507,-0.2025896,2.330847,-1.0007275,0.080297425,-1.9445628,-2.0579412,-2.5242903,-2.6660392,1.1898631,1.6089505,-1.4550295,1.1166126,-3.5331454,-3.067625,3.5559218,0.70576334,-1.625386,0.39998296,1.2616701,0.8756754,-0.9920563,-0.20077509,2.9534848,-1.5636183,1.8169785,1.558852,2.3593383,0.47411305,-2.7597458,-2.195091,-1.0241293,-0.039666846,0.21734701,2.974179,-0.8867303,-3.6519947,-1.4597468,-3.337057,0.74781847,1.174964,-0.1561346,2.3226328,-1.0708475,0.3605875,2.6533985,-0.6808195,2.0328927,-0.3871306,0.0657676,0.04976988,0.514056,1.3738668,-2.1469095,-0.8471406,-1.6248623,-2.6657555,-1.1734905,2.535692,-2.0248609,-2.0003636,-0.9551091,-1.1942328,-0.82016724,1.8925787,1.8683144,-0.78970766,-1.7538983,-2.3836439,1.3440471,2.0236306,1.282686,-0.37425333,1.704892,1.2569917,2.3693552,-1.1345679,1.9449952,-0.7241303,-0.45638427,0.0095209405,2.635746
EM-2,0.47954664,0.72094023,-0.5296607,-0.43647343,1.6873984,-0.21469235,0.17668417,0.20308521,-2.0061805,-3.3210928,3.689518,0.22157292,-0.6517891,0.37040412,-1.0326573,2.0654342,0.17034376,-0.6267571,-0.49318957,-2.641848,-1.4411719,4.4329453,0.3032393,1.7465364,-0.74187255,0.75497925,-3.2405639,0.05601293,0.46926185,1.3925971,-0.21286389,1.1117008,3.691897,0.6624466,0.4829557,1.4764514,-0.4284181,-1.6170893,-0.12705117,-0.20718455,2.6866703,-3.13023,2.7358403,-0.72711796,-1.8414965,3.2796397,-0.6037574,-2.2377152,1.1644176,0.51840484,-1.3106707,3.3038075,2.7363956,-0.67939824,-2.162893,-0.38503063,-1.8024945,1.8792566,-1.6651993,0.87438434,-2.8386893,3.4610426,-0.5263401,2.1210861,2.1334672,-1.8748294,-0.13673738,-1.3085386,-0.5456362,1.6210512,0.85395324,1.2783549,2.788975,2.083113,-2.9709425,-1.20203,-1.6504314,0.5154476,1.1186755,-0.94805443,-1.4465795,0.07973297,3.117233,-3.69126,-0.15677667,0.44900727,-0.08011258,0.5158092,-0.83066964,0.92996025,-0.6691726,-1.4381962,1.9450214,1.8666383,-0.37288806,1.230428,1.3490324
OC 314,2.1176093,1.8950458,1.0282345,-1.8816307,0.28956956,0.49766672,0.1559413,0.24592745,-0.46059123,-2.3794856,0.84685814,-0.27061647,1.3340787,0.67015946,0.6916755,1.7628298,1.1635534,-0.7606329,1.0175843,-1.7525786,-0.055653147,2.4838903,2.1577485,1.7645524,-0.6503739,1.3015758,-1.3986481,1.0633371,1.4655565,0.22025758,-0.54519904,-0.30860475,3.3049579,-0.93832976,-1.3262204,0.016882578,0.324881,-1.2680002,-0.09046585,-1.6738892,1.8224641,-2.5487077,1.8491529,-0.5347904,0.23889862,3.3982973,-1.501839,-2.1485977,1.4867421,-0.25734487,-1.0181088,2.8375163,2.1565075,0.39805338,-2.3640587,-1.5143222,-0.44525415,-0.13783436,-2.7503057,0.09048327,-1.3878819,2.6531377,0.36125776,0.10663402,1.3268267,-0.4926076,-1.328296,-1.0336808,-1.0877682,1.8125328,1.7683383,0.7490652,2.3957253,-0.4598676,-1.5553348,-0.8894144,0.46515554,0.5224843,0.4012515,-0.9815607,-1.4951577,0.6184544,2.9824488,-3.4058402,-0.028469855,-0.6798091,0.040753298,-1.4818509,-1.3159782,-0.06251496,0.14152218,-1.2097749,0.83023316,1.6462942,0.18153873,1.4201033,0.41338715
SLR25,-1.9785852,-0.97244287,1.1383626,-0.6280352,-0.3776905,-0.12584192,-1.5465535,-1.170777,0.05119276,-0.242825,2.1332216,-0.7065913,-0.9192832,-2.2413085,1.5383159,0.5004904,-0.10871609,1.5835204,-0.52426296,0.16072011,-1.272585,-1.5719489,-1.6447014,-1.7827431,0.739157,1.1679068,-0.803999,0.7361805,-2.3697689,-2.1788545,2.3748536,0.4910355,-1.2140352,0.28294146,0.79136556,0.52531826,-0.67343974,-0.17275417,2.003418,-0.95986366,1.0381451,1.0713683,1.4342418,0.40796316,-1.8127091,-1.4528929,-0.705009,0.01624848,0.14482804,2.042301,-0.62171507,-2.520794,-1.0793209,-2.161512,0.54774296,0.79131424,0.070500314,1.4837389,-0.76959974,0.31300393,1.7661386,-0.48915172,1.3147113,-0.3536971,-0.08419737,-0.043294013,0.35712522,0.8726986,-1.4744256,-0.57203877,-1.1185476,-1.8206496,-0.81048113,1.6971954,-1.3056552,-1.3607489,-0.47081715,-0.76506156,-0.541595,1.2344499,1.2800796,-0.5444337,-1.219728,-1.6573763,0.9030806,1.3786457,0.80483735,-0.31575373,1.0905051,0.765871,1.6872267,-0.7385224,1.170132,-0.59231806,-0.34226164,0.078317955,1.6840153
CML-T1,-1.9470525,-0.99149626,1.0908568,-0.6095668,-0.40047336,-0.16072056,-1.4429848,-1.0138706,0.049359173,-0.2350133,2.159201,-0.7148995,-0.8972199,-2.1211207,1.4047449,0.45090345,-0.085585445,1.5338749,-0.59946525,0.13978519,-1.2394856,-1.4523711,-1.6166368,-1.7518482,0.78313524,1.0620042,-0.87801945,0.7286812,-2.3329563,-2.0736644,2.3758292,0.38078716,-1.1361183,0.2285544,0.77940977,0.49133268,-0.6909888,-0.1810966,1.8835562,-1.0258105,1.1032985,1.0701662,1.5397611,0.3393948,-1.7557025,-1.4606224,-0.685302,-0.022786781,0.18075542,1.9842637,-0.58487374,-2.4742014,-1.0361211,-2.1355462,0.52677643,0.72301126,-0.035989653,1.4654638,-0.68130904,0.2461375,1.7531145,-0.4669902,1.2854826,-0.26460516,0.028370533,0.025819484,0.33978987,0.93612456,-1.4615316,-0.5513976,-1.0458423,-1.7400488,-0.791923,1.6137578,-1.2603472,-1.2935396,-0.5355105,-0.82388115,-0.5378681,1.2559618,1.2225751,-0.47502208,-1.1626096,-1.5815955,0.9133415,1.3321506,0.85526294,-0.3021342,1.0922264,0.839446,1.5987465,-0.72268623,1.2004731,-0.56404865,-0.32474098,0.027074091,1.713896
BICR 56,-1.5247841,-0.7029214,0.9521714,-0.45374238,-0.2554505,-0.1665948,-1.3013067,-0.9782905,-0.0152275935,-0.0058177374,1.8234311,-0.5606647,-0.85540813,-1.5941964,1.1442269,0.40859526,-0.17701425,1.1924433,-0.35736915,0.05956604,-1.0743761,-1.124109,-1.3165302,-1.389262,0.5324175,0.9969276,-0.7696703,0.55883574,-1.8799517,-1.6600643,1.7480452,0.39413813,-0.9428073,0.27501047,0.7081205,0.5251619,-0.27043465,0.016607674,1.7224462,-0.7843025,0.8550655,0.8035169,0.9737577,0.34373814,-1.5097845,-1.1196214,-0.5334024,0.101738244,0.05853413,1.6669736,-0.40960434,-1.7984334,-0.8553364,-1.7594945,0.3996125,0.61418796,0.061986987,1.1842929,-0.62751126,0.26070514,1.4819468,-0.3944525,1.2064214,-0.19020577,-0.07649028,-0.008493237,0.25266716,0.7076513,-1.1486821,-0.4562335,-0.9186604,-1.3877186,-0.63399744,1.3048824,-0.95878774,-1.2279683,-0.4678718,-0.57280296,-0.4311795,1.0155292,0.94594336,-0.35699102,-0.8959368,-1.2396305,0.6324155,0.95632356,0.609175,-0.28300557,0.8541347,0.43277162,1.3953589,-0.62174505,0.96456677,-0.36364067,-0.24246344,8.02204e-05,1.2065847
NCI-H1876,-1.1956086,-0.48092234,0.762037,-0.39107895,-0.2662127,-0.3447349,-1.0846181,-0.63172066,-0.033171978,0.1313007,1.6852974,-0.5251703,-0.67959523,-0.9525031,0.7373337,0.2590431,-0.13530195,0.89921004,-0.28499192,-0.00076789036,-0.87584996,-0.72211576,-0.99486053,-1.0421474,0.5196401,0.75575775,-0.76643264,0.4599185,-1.4147576,-1.1412398,1.284401,0.15110055,-0.572261,0.13983935,0.6069053,0.5330631,-0.007903133,0.09257938,1.4001101,-0.8565923,0.85888195,0.5753661,0.7546306,0.15903464,-1.2212981,-0.85853106,-0.3964214,0.05555878,0.031418815,1.3476839,-0.27852866,-1.2872696,-0.57863414,-1.4254268,0.22727165,0.3541773,-0.061305393,0.94420946,-0.46697333,0.14048475,1.2740554,-0.24703097,1.0744479,-0.012542881,0.09803012,0.11230712,0.11137919,0.67262155,-0.89291954,-0.31766018,-0.70725805,-1.0555686,-0.42824334,0.8358532,-0.71228683,-1.0972602,-0.54799443,-0.47818696,-0.3263911,0.9714536,0.64445937,-0.18364987,-0.6138901,-0.9130149,0.4212175,0.58171195,0.6115012,-0.305909,0.6180067,0.35583305,1.1122873,-0.480438,0.8706865,-0.1585767,-0.13083315,-0.14660323,0.9601025
TT,-1.9073508,-0.9474983,0.8679257,-0.540537,-0.27381074,-0.11032358,-1.2571179,-0.90538424,0.06452009,-0.24118856,2.0028844,-0.74726635,-0.84202445,-1.9193069,1.1622955,0.4048452,-0.24068521,1.4552093,-0.62124795,0.0074524507,-1.1297204,-1.1818526,-1.5210258,-1.4767652,0.69032246,0.9678275,-0.9631969,0.83129215,-2.0525997,-1.8708916,2.2440722,0.33914015,-0.9427681,0.1660394,0.7606731,0.5121431,-0.71283895,-0.2165806,1.7340107,-0.8989495,1.0111982,0.9016945,1.4476781,0.33529884,-1.7927572,-1.3317646,-0.49793836,-0.047990017,0.14736208,1.7705861,-0.60087186,-2.1476758,-0.92994833,-2.01782,0.40592593,0.71942997,-0.21802601,1.4307691,-0.5778041,0.17989154,1.500247,-0.3748061,1.2449929,-0.102773875,0.09657827,0.069908306,0.3494973,0.88846105,-1.1450909,-0.492429,-1.0048693,-1.5964309,-0.7625077,1.5583137,-1.2697712,-1.2028066,-0.6868056,-0.7522487,-0.42135578,1.1174816,1.2690128,-0.3779476,-0.93428767,-1.4306207,0.72656393,1.1268145,0.7612038,-0.1645858,1.0407108,0.85708386,1.3540579,-0.7270762,1.1934114,-0.48742354,-0.25847325,-0.028930593,1.7248735
NCI-H1792,0.33116832,0.2324537,0.26613212,-0.31466758,-0.14160562,-0.32509914,0.15431,0.24057841,0.1330505,-0.32847643,0.10875426,-0.28364265,0.45471185,0.32144323,0.017651897,0.32809794,0.16935374,0.14934838,0.16875648,-0.34996942,0.03746409,0.38491175,0.59196335,0.3637839,0.16553447,0.09088554,-0.06499679,0.20489983,0.3374444,-0.06436865,-0.18139139,-0.41291952,0.7327224,-0.4536141,-0.30082864,-0.18667366,0.28426257,-0.1440023,-0.13873938,-0.78356504,0.16772225,-0.38568267,0.26216456,-0.2249297,-0.14544246,0.2845307,-0.38242054,-0.28059742,0.19304612,-0.22503608,-0.43490756,0.27841488,0.42156282,0.14811769,-0.20952398,-0.35194117,-0.12238994,-0.28951314,-0.49677953,-0.16965483,0.26463902,0.32529736,0.32850277,0.2426389,0.3673359,0.33698907,-0.28300843,-0.02784783,-0.079111665,0.16144185,0.38245907,-0.03474673,0.6061674,-0.5900147,-0.3337823,-0.3144589,-0.10989841,-0.011625985,0.02019799,0.4090059,-0.17337087,0.08926006,0.5731734,-0.6119372,-0.088008925,-0.42102867,0.31945628,-0.47401944,-0.24752794,0.013243092,-0.05903231,-0.013322933,0.2921543,0.21919309,0.31054586,0.04508543,0.27972347
NCI-H1703,-1.6477901,-1.0968008,0.23760927,-0.114067525,0.06720208,-0.15998223,-1.0146858,-0.6293981,-0.47965556,-1.0749941,2.474239,-0.5520948,-0.9392969,-1.7614692,0.59754866,0.7366528,-0.6077197,1.2213314,-1.1738791,-0.5164776,-1.2594604,-0.24968761,-1.8612974,-1.4498391,0.4970363,0.41219923,-1.3031412,0.27120212,-1.8275411,-1.2139683,1.8478683,0.80930716,-0.32183963,0.45825955,1.0114421,0.88444555,-1.0053093,-0.19858733,1.2873683,-0.38981906,1.3372414,0.3458062,1.7291062,-0.09774439,-1.8591216,-1.1431571,-0.45889786,-0.510375,0.10769436,1.41377,-0.7670566,-1.6720444,-0.34765968,-1.9346317,0.2768586,0.91912025,-0.7068598,1.9025475,-0.5342099,0.17484224,0.8941501,-0.07757732,0.69857395,0.29376802,0.29946092,-0.2970498,0.5814192,0.2751752,-0.9693921,-0.37989262,-0.7657076,-1.1233898,-0.46532124,2.148703,-1.7140486,-0.9755343,-0.93527913,-0.5461348,-0.24390182,0.7949502,0.9606981,-0.7653979,-0.7802191,-1.4512877,0.70452714,1.3629913,0.7405066,0.4007437,1.1333269,0.95213675,0.7391654,-0.39263692,1.584229,0.0076108444,-0.4297686,0.070823215,1.9015678
Rh41,5.5207815,5.1417356,1.7855573,-3.4642613,0.34994835,0.95148593,0.13748749,0.050148193,-1.5126548,-6.20665,2.9266872,-1.0129708,3.658659,1.6839281,1.3732486,4.463243,2.9187057,-1.6689948,2.419076,-4.4756184,-0.029917339,6.4802146,5.2480507,4.8070564,-1.058096,2.9568415,-2.5365229,2.4401839,3.706667,0.8317075,-1.8343818,-0.8416689,8.639115,-2.2120147,-2.6157277,0.43251044,2.1146214,-3.1189156,0.6509923,-4.182503,4.7860622,-6.689303,4.236647,-2.235035,0.06781179,8.657339,-3.353229,-6.070852,2.9409113,-1.052098,-2.4056997,6.351483,5.3210025,1.0588424,-5.2685094,-3.4151216,-1.6092004,-0.74851817,-7.116807,-0.13744663,-3.0897067,6.5106487,1.5304208,0.77107,2.9733045,-1.6409342,-4.4834905,-2.5659215,-2.004114,4.438065,4.289797,1.3193309,6.7714458,-1.3893398,-4.4656,-2.4628756,0.6891037,0.6823137,1.0182585,-1.9780515,-3.112438,1.2612993,7.4444804,-8.423542,-0.41111642,-2.2469864,0.3969183,-3.9031298,-2.975208,-0.26078144,-0.07098068,-2.5694308,2.6272798,4.256147,0.9459146,2.945018,0.68118584
OCI-Ly19,-1.6346323,-0.9102409,0.70510566,-0.5314205,-0.23780118,-0.03995644,-1.2739843,-1.0171105,-0.19359326,-0.7386414,2.0742066,-0.64251554,-0.7731187,-2.0885782,1.2717912,0.6091095,-0.19481295,1.3363191,-0.7649214,-0.06428012,-1.1210566,-1.0708096,-1.5263599,-1.5317966,0.6391483,0.8542632,-0.85587555,0.5973153,-1.9527701,-1.7180766,1.9356078,0.7567802,-0.8245287,0.28525895,0.69015074,0.5783839,-0.83150524,-0.11174357,1.6303031,-0.61877346,1.2338051,0.59347737,1.534134,0.16500863,-1.6734717,-1.204194,-0.7017424,-0.33028162,0.12780833,1.6475177,-0.7969841,-2.2225363,-0.6577115,-1.9668976,0.32767478,0.74700713,-0.113876134,1.5755194,-0.88431144,0.23075569,1.2676429,-0.30168653,0.91236514,-0.28611204,0.020021979,-0.23670955,0.39178807,0.50328475,-1.2450205,-0.4432778,-0.89030945,-1.5698618,-0.590078,1.8180805,-1.3690399,-1.1681782,-0.48602217,-0.7419834,-0.49845773,0.9544335,1.0256854,-0.7298003,-0.87915355,-1.5813394,0.7965092,1.3264437,0.7015448,-0.10968906,1.1216513,0.7913242,1.2003188,-0.51873875,1.2627797,-0.20557153,-0.3516311,0.14949226,1.658179
COV434,2.330365,2.0227907,1.0552032,-1.5685811,-0.32561862,0.60469264,0.11464536,0.2634942,-0.2674758,-2.3653703,0.6903724,-0.65420586,2.022634,0.40883318,0.7511552,1.933738,1.202935,-0.65328926,0.9953048,-1.5397314,0.43232048,2.3725784,2.116894,1.8774375,-0.27291226,1.0571308,-0.96577585,1.2224212,1.6936336,-0.019530267,-0.8948989,-0.8648334,3.583185,-1.4287138,-1.565081,-0.022605887,0.7806453,-1.278543,-0.0010514855,-1.9640726,1.7532539,-2.426288,1.7451037,-0.7905643,0.5122218,3.4334998,-1.6705967,-2.4466047,1.1642283,-0.69311565,-0.90344393,2.5859182,2.1009214,0.55237603,-2.1842463,-1.5233009,-0.46092388,-0.7432646,-3.085971,-0.4465547,-0.99693424,2.474593,0.75010806,-0.22456235,1.2226825,-0.05490274,-1.996005,-0.82988316,-0.7864912,1.847934,1.997855,0.50072104,2.391206,-1.0506347,-1.6881866,-0.77784085,0.8496729,0.2397437,0.2656045,-0.79726565,-1.195798,0.7795155,3.2884426,-3.2000818,-0.3675528,-1.2704934,0.27194315,-1.841023,-1.1620084,-0.11372299,0.073312804,-0.874023,0.9906887,1.757283,0.35544276,1.2570227,0.22987378
MHH-CALL-2,-2.0691755,-1.0889577,1.1479514,-0.6312275,-0.39254877,-0.14065333,-1.5704606,-1.1207687,0.030551951,-0.27403128,2.3449283,-0.76047456,-0.9862301,-2.2753232,1.5160034,0.5314493,-0.11351843,1.6336634,-0.6652643,0.123796776,-1.32819,-1.5299091,-1.7699217,-1.8912868,0.8063569,1.1351491,-0.944051,0.752846,-2.5107772,-2.2155378,2.516851,0.48475674,-1.1950561,0.28399077,0.8500154,0.55266047,-0.7495027,-0.19162743,2.0574086,-1.0589945,1.1920693,1.1065967,1.6508372,0.36539114,-1.9323794,-1.556508,-0.7149732,-0.006928481,0.16462545,2.0946178,-0.6441356,-2.6300578,-1.0905136,-2.3315392,0.5639845,0.82996964,-0.036266346,1.6163481,-0.74830246,0.26975995,1.8618526,-0.49152824,1.3688418,-0.28646573,0.0141934715,0.005861256,0.38456163,0.971092,-1.5310912,-0.5965143,-1.1481537,-1.8602992,-0.84823257,1.7998166,-1.4192806,-1.3825296,-0.5933436,-0.8488713,-0.5730106,1.3222668,1.3128612,-0.57826936,-1.2865491,-1.7160449,0.95189404,1.4529148,0.9124715,-0.27261144,1.192115,0.8763697,1.7130387,-0.78347254,1.3248522,-0.5794619,-0.35526744,0.060104325,1.842703
RPMI-8226,6.9063478,6.293426,2.519806,-4.3647695,0.15738942,1.7521291,0.16787258,0.072937734,-1.7293218,-7.4267993,2.7631757,-1.280176,4.871804,1.5062604,2.3344762,5.538178,3.9361048,-2.2614334,2.9645095,-5.0878105,0.5064297,7.5012593,5.972365,5.5452423,-1.3449891,3.5631983,-3.2210467,3.1275525,4.4725156,0.5614945,-2.4074838,-1.5222636,10.263789,-3.1730423,-3.6863618,0.37692747,2.1559846,-3.699036,0.4910661,-5.097848,5.7541633,-7.6663227,5.290259,-2.5748427,0.9570919,10.618705,-4.4298854,-7.330962,3.5002358,-1.3697737,-2.392863,7.919246,6.25846,1.4229772,-6.6725817,-4.178995,-1.4578905,-1.2119681,-8.844945,-0.45329314,-3.727319,7.8941145,1.7075444,-0.105983555,3.3068788,-1.7548226,-5.7786155,-2.7690232,-2.7076924,5.521427,5.396377,1.7634777,7.4613156,-1.9194231,-4.997379,-2.4200277,1.7117485,0.9020666,1.1476514,-3.05224,-3.8027565,1.8883349,9.171553,-10.088245,-0.6560161,-2.57808,0.4411056,-4.9551625,-3.533743,-0.3813585,0.22602613,-2.99262,2.7221587,5.368938,0.62848496,3.9847934,0.51681256
EPLC-272H,-2.0190885,-1.0092981,1.1441901,-0.6216244,-0.3570659,-0.12625389,-1.5723151,-1.2069565,0.027794205,-0.2607478,2.2200282,-0.7249046,-0.9592165,-2.2840405,1.5516229,0.5308358,-0.12769236,1.608031,-0.54650086,0.14251667,-1.312341,-1.5720273,-1.7090452,-1.8333092,0.7382626,1.1915091,-0.84976023,0.73639977,-2.4241831,-2.218568,2.4286687,0.5227938,-1.2319945,0.30124944,0.82925624,0.5489521,-0.67746764,-0.1719074,2.064441,-0.96609354,1.0826412,1.0742227,1.4750847,0.41728246,-1.8752936,-1.4859235,-0.7122873,0.01998413,0.14589682,2.073572,-0.6308329,-2.5551972,-1.0988268,-2.233445,0.5525067,0.8380156,0.057086367,1.5389498,-0.7829235,0.31357336,1.8041693,-0.50166065,1.3515059,-0.32707396,-0.08066949,-0.04873688,0.36229205,0.8815021,-1.495445,-0.5936192,-1.1381079,-1.8481804,-0.8388201,1.7771323,-1.3513391,-1.3986051,-0.49747127,-0.7836685,-0.54992056,1.244855,1.3040857,-0.57606035,-1.2431704,-1.7039394,0.9303492,1.4038948,0.8097249,-0.3005143,1.1371492,0.7802506,1.713834,-0.76140064,1.221767,-0.5749681,-0.35159704,0.07647459,1.7259271
KMRC-1,-2.5584443,-1.8415443,-0.7186686,0.32929456,1.4750466,-0.09307181,-0.7192281,-0.7833472,-1.4303044,-2.3217728,4.4750094,-0.27519247,-2.1882389,-1.9827,-0.35864988,1.6038121,-1.5373731,1.4818856,-2.3568451,-1.7814937,-2.0702636,1.5092304,-2.999435,-1.3218586,0.025136953,0.49521738,-3.1823163,0.14463186,-2.036223,-0.7049459,1.8672059,1.672015,0.53545725,1.4316996,1.8528663,1.7768937,-1.4577271,-0.7221193,1.3856078,0.19966613,2.239064,-0.45209107,2.4284692,0.1514945,-3.720051,-0.6858877,0.19395973,-0.36596823,0.13250703,1.5248415,-1.3159094,-0.59689707,0.20187365,-2.8350441,-0.042447165,1.5160277,-1.6066571,3.3334708,-0.2842948,0.5573771,-0.31178176,0.70071524,0.2666125,1.5032021,0.8376069,-0.9150029,1.4513589,0.05170482,-0.30517316,-0.6942683,-1.2245872,-0.8352902,0.018099178,4.115903,-3.2806082,-1.280824,-2.0868514,-0.39354405,0.2508622,0.5581255,1.1859027,-1.4418525,-0.2941289,-2.2743576,0.34152776,1.9556898,0.83136296,1.7949033,1.5954521,1.530393,0.54949754,-0.67419827,2.8126988,0.46509743,-0.809208,0.35677797,2.8061976
A-498,2.2209015,2.2776413,0.525252,-2.0808296,1.6318171,0.696758,0.12589955,0.16200224,-2.036629,-4.4911394,3.1852934,0.08510369,0.67937756,0.5446396,-0.0103785135,3.13183,1.4516959,-1.357244,0.53549683,-3.3057318,-0.8516716,5.199068,1.8349727,2.6763139,-1.2601337,1.8419727,-3.5761223,0.98783946,1.4057697,1.0865333,-0.6175921,0.56785196,5.359746,-0.29611325,-0.94551396,1.0088552,-0.18070853,-2.2608325,-0.38026142,-1.3988773,3.478365,-4.4298477,3.6534092,-0.879416,-0.5784214,5.520411,-1.614594,-3.3078895,2.2095132,0.2767179,-1.6168307,5.0464406,3.6433506,0.010485541,-3.8624775,-1.7101569,-1.387375,1.3099827,-3.516434,0.8821882,-3.6189668,4.716958,-0.4025333,1.3131167,2.376583,-2.1830003,-1.3176517,-1.7692186,-1.5163132,2.6883733,2.0626266,2.0065117,3.8807871,1.2674701,-3.181983,-1.3206818,-0.21333939,1.0635132,1.2192237,-2.1224833,-2.2043405,0.6409577,4.717708,-5.4253182,-0.14212868,0.1631209,-0.30461937,-0.72668064,-1.8766034,0.48015612,-0.2508625,-2.342489,1.7845674,2.8392055,-0.693187,2.1935265,1.1958966
ECC10,-0.981231,-0.35166007,0.705717,-0.3515712,-0.23704906,-0.16696507,-0.9221341,-0.71733445,-0.0453513,-0.11704874,1.3557049,-0.34471345,-0.56257606,-1.1227431,0.9107736,0.21974964,-0.15143748,0.7478693,-0.21975799,-0.019094829,-0.7834357,-0.7265162,-0.884662,-1.0363622,0.48048753,0.6618865,-0.38928774,0.31366798,-1.2725061,-1.1265783,1.0769496,0.35739407,-0.6431694,0.14307669,0.4962093,0.5063337,-0.17932601,0.2093259,1.1740104,-0.5806483,0.738885,0.5066522,0.6201264,0.11378443,-0.97707146,-0.76641256,-0.54332507,-0.14480391,0.07624367,1.2693915,-0.32415116,-1.276386,-0.51090264,-1.1735438,0.24250102,0.25764203,0.031520672,0.8497562,-0.58773637,0.25830758,1.1110395,-0.1556339,0.88804126,-0.16170278,-0.08169843,-0.0937782,0.11624562,0.3736939,-0.8520554,-0.30182958,-0.6417436,-0.9387267,-0.45628765,0.8289772,-0.55560833,-0.97436607,-0.30750388,-0.3365657,-0.37577167,0.7735724,0.46785063,-0.26797122,-0.5351962,-0.86852205,0.4826397,0.746233,0.38490057,-0.27372658,0.52053505,0.2792329,0.93516725,-0.30685902,0.60444146,-0.21224248,-0.13047612,0.0077728704,0.78607595
HCC4006,-1.7562879,-0.7659012,0.8859717,-0.52465135,-0.31590262,-0.13613194,-1.2708924,-0.92822284,0.042273488,-0.17736922,1.9312855,-0.6729413,-0.776579,-1.8006738,1.1779586,0.29957846,-0.24990599,1.349111,-0.45580736,0.019476037,-1.0699097,-1.1090074,-1.3874099,-1.3625641,0.70660776,0.97577435,-0.8443959,0.78842807,-1.8811439,-1.8103822,2.0039356,0.3021758,-0.93672824,0.14700672,0.6674056,0.58787966,-0.49658695,-0.083881706,1.7000585,-0.8660116,0.9684557,0.8324633,1.1910453,0.3213023,-1.6191623,-1.228279,-0.5062316,-0.10501959,0.123670176,1.7604549,-0.49075833,-1.9592353,-0.8636818,-1.882441,0.34878242,0.59666604,-0.15367687,1.2784615,-0.6240327,0.19655061,1.4480124,-0.27480942,1.3438923,-0.06933324,0.045885082,0.045719083,0.23653091,0.852928,-1.1033578,-0.4893737,-0.9737617,-1.4961087,-0.7241247,1.3367627,-1.0285629,-1.290712,-0.64474195,-0.6966023,-0.37503695,1.0860717,1.1592476,-0.3378412,-0.777628,-1.301205,0.6457162,0.9958165,0.6498788,-0.2528313,0.9230657,0.7335273,1.2921625,-0.685081,1.0506233,-0.4363932,-0.24330992,-0.061946947,1.4623772
NB4,3.1801057,3.00472,1.3569477,-2.8295884,0.92819375,0.9346408,0.08386414,0.32706025,-1.5753024,-4.661684,2.4246764,-0.4865268,1.8018718,0.5424568,0.8360732,3.3531384,2.1375186,-1.5679213,1.3028301,-3.3256636,-0.4344844,5.003479,2.903254,3.1249883,-1.2372876,2.125042,-3.3323817,1.5567594,1.8372049,0.893709,-0.81298274,-0.013197251,6.0056896,-1.2005829,-1.7423009,0.49042407,0.17762749,-2.6243854,-0.24199401,-2.389832,3.5351396,-4.5955777,4.130762,-1.1024158,0.126319,6.2390084,-2.4378057,-3.9666743,2.4107664,-0.0015899353,-1.6998321,5.290337,4.0823164,0.29423314,-4.2244844,-2.2131848,-1.0077162,0.5906901,-4.4836426,0.61327124,-3.0398312,5.0414767,0.098820545,0.509145,2.4875772,-1.8336852,-2.1882148,-1.9627055,-1.9696299,3.4364362,2.8596854,1.6076455,4.4123626,0.14336708,-3.0360615,-1.3672845,0.38818753,0.95800966,1.0540032,-2.1412547,-2.6249588,0.97382694,5.3225174,-6.1288457,0.0072351377,-0.5037587,-0.13780104,-1.83329,-2.3689682,0.27694523,0.030242693,-2.473366,1.5896374,3.1858146,-0.35623488,2.51841,0.98193854
NCI-H1693,1.7397648,1.5142764,0.7154221,-1.0589181,-0.2454397,0.4305052,0.04460977,0.11890609,-0.22138447,-1.7593392,0.49749306,-0.44091433,1.5086776,0.25772867,0.621683,1.436266,0.9208222,-0.5139899,0.7197479,-1.1136496,0.2851263,1.7209159,1.4944223,1.3922209,-0.19339846,0.7518135,-0.6924256,0.83571744,1.2335837,0.013859808,-0.74540246,-0.706274,2.5801008,-1.082796,-1.0456544,0.032955967,0.6253343,-0.9348779,0.07366394,-1.4511006,1.268689,-1.7410831,1.255188,-0.6831334,0.3798161,2.4998565,-1.2612848,-1.9239011,0.7868669,-0.45349187,-0.6015925,1.8289938,1.5549353,0.39726293,-1.5421996,-1.047964,-0.27694416,-0.56286037,-2.2864308,-0.37076843,-0.66587377,1.828279,0.56311476,-0.2187992,0.7775322,-0.11776828,-1.5851961,-0.6168702,-0.6399378,1.4022696,1.4602615,0.24445496,1.7477717,-0.78694856,-1.2266823,-0.569081,0.610962,0.08512509,0.23018664,-0.6379341,-0.8750998,0.5349414,2.3728564,-2.3595629,-0.25173053,-0.88858664,0.23938175,-1.404541,-0.82025415,-0.13217197,0.10292513,-0.53169405,0.7077951,1.3546854,0.20771256,1.0009186,0.08122295
A-172,2.3041685,2.4576058,0.32236555,-1.5628643,1.0301147,0.65679175,0.023433195,-0.041886892,-1.7200646,-3.8288372,2.531838,0.15745391,1.0352573,0.52254677,0.2743385,2.5877624,1.3156449,-1.1092203,0.59369767,-2.6466732,-0.50076973,4.432802,1.7441087,2.4560087,-0.88939375,1.7529471,-2.4262853,0.98797286,1.5933689,0.7119436,-0.8589361,0.037600838,4.6831784,-0.6425425,-0.9662682,0.9796119,0.29098022,-1.7608515,-0.09573634,-1.3756852,3.0235229,-3.986494,2.6836908,-1.040101,-0.26101607,4.9496346,-1.3229195,-3.1065426,1.6726761,0.07056008,-1.1254605,4.1314774,2.9542983,0.37243965,-3.1760285,-1.4993614,-1.1552674,0.5156447,-3.4299736,0.5341398,-2.8918626,4.0751295,-0.012117898,0.75850415,1.7837691,-1.7763968,-1.8998071,-1.4457086,-1.21594,2.4026244,1.7343199,1.5389903,3.2887545,0.7532115,-2.5970685,-1.1705666,0.01918067,0.6814706,1.0022156,-1.9151487,-1.7153728,0.7111353,4.257431,-4.705461,-0.48837498,-0.27399212,-0.061192624,-1.0592207,-1.5228028,0.22957414,0.007901681,-1.6492273,1.3589287,2.4389212,-0.49337745,1.8794519,0.59506613
SW1116,-1.4718099,-0.7861875,0.8133476,-0.5041595,-0.31910264,0.0032003373,-0.83582455,-0.5211499,0.25929555,-0.04414923,1.1297462,-0.48907197,-0.44722596,-1.4102651,0.9659574,0.24473356,0.086306006,1.1184088,-0.28521615,0.28524464,-0.7004065,-1.2199684,-1.0119966,-0.9804137,0.42959124,0.73111546,-0.40604892,0.55071926,-1.5391594,-1.6189089,1.8772626,0.15241626,-0.82785046,0.0074917227,0.30289862,-0.003147833,-0.6435348,-0.447818,1.1174467,-0.7170929,0.36458573,0.9306282,1.0015402,0.35621834,-1.1122543,-1.0282975,-0.34664053,0.207533,0.19440219,1.2626866,-0.43365747,-1.753354,-0.91328025,-1.3700254,0.37391436,0.47948077,0.06036293,0.82673746,-0.24379869,0.13674091,1.074326,-0.44474733,0.6438117,-0.2893874,0.09068841,0.09936452,0.38756615,0.75471497,-1.0318273,-0.38940245,-0.6182473,-1.1209531,-0.5116878,0.89920163,-0.87893695,-0.7080627,-0.22676022,-0.53254807,-0.26539972,0.81434613,0.97812736,-0.28233275,-0.8882265,-1.1791005,0.62071913,0.76532984,0.726524,-0.29554853,0.63498074,0.6224609,1.2088583,-0.52398545,0.6860616,-0.6642437,-0.23784164,0.09987972,1.2106134
NCI-H1975,6.027312,5.326269,2.5462701,-4.110842,-0.17144345,1.7357287,0.17450467,0.45455474,-1.1437702,-6.442735,2.098552,-1.3708982,4.624208,1.0232152,2.1950414,5.031025,3.455083,-2.065955,2.6796982,-4.273801,0.6811427,6.3285117,5.223665,4.7310643,-1.1032301,3.0791242,-3.0161319,2.8858047,3.9658902,0.25231525,-2.1051624,-1.6375837,9.047743,-3.132992,-3.6614358,0.06090671,1.6806573,-3.2944214,0.19994335,-4.780888,4.8659167,-6.40208,4.86023,-2.0748906,1.2869456,9.203471,-4.2919035,-6.2936497,3.1031923,-1.2814136,-2.2177331,7.0463357,5.5935345,1.1833316,-5.8417096,-3.789816,-1.0731152,-1.3164519,-7.924218,-0.5218902,-3.038419,6.7927804,1.5052226,-0.46552828,2.9751227,-1.1511762,-4.985526,-2.3548272,-2.4449081,4.9195886,4.9287243,1.3555992,6.1943555,-2.0279033,-4.2388625,-1.9348412,1.9133744,0.79951936,0.95409966,-2.6179814,-3.3384755,1.732874,8.1747875,-8.681898,-0.51402056,-2.497301,0.36959523,-4.4046755,-3.0574079,-0.36396053,0.3070254,-2.7165608,2.241377,4.6927433,0.4334578,3.6227806,0.51169217
Hs 751.T,-1.9613793,-1.019344,1.098012,-0.59845716,-0.39318952,-0.1416617,-1.4775107,-1.0584946,0.045371197,-0.24718162,2.1792912,-0.7024809,-0.91550183,-2.1508064,1.4462517,0.47923258,-0.09579343,1.550351,-0.6074255,0.14205685,-1.242491,-1.4703944,-1.6490905,-1.7711923,0.77363354,1.0729811,-0.86071527,0.71588993,-2.3618536,-2.1079767,2.3765907,0.43340066,-1.1444551,0.25663808,0.78763366,0.5075697,-0.71511656,-0.18215527,1.9286417,-1.009487,1.0974658,1.0633954,1.5321449,0.34631002,-1.7940003,-1.4756942,-0.684201,-0.0011820905,0.15853184,1.9924698,-0.5996511,-2.5038545,-1.0428663,-2.1772838,0.5382632,0.7645941,-0.013862912,1.5066909,-0.7023158,0.25439018,1.7618357,-0.47133988,1.2846557,-0.2956165,0.001542259,0.009118717,0.36061,0.9279217,-1.462499,-0.5595964,-1.0881224,-1.7647998,-0.79456264,1.6642354,-1.3115486,-1.3009729,-0.543157,-0.802112,-0.5357144,1.2523882,1.2363756,-0.53092957,-1.2190919,-1.6121874,0.90190136,1.3690659,0.86359626,-0.2848307,1.1039288,0.8307041,1.6201915,-0.72304267,1.2169574,-0.5757988,-0.33528265,0.063569784,1.7225707
HPAC,1.4564942,1.2227347,0.7071698,-1.0117018,-0.24466072,0.3032306,0.10265589,0.2122271,-0.08884541,-1.4279014,0.33436754,-0.42986116,1.3283039,0.25432953,0.4768202,1.170354,0.73538834,-0.37329543,0.64005345,-0.91852707,0.26113382,1.3984523,1.396881,1.1267104,-0.14242518,0.61156505,-0.6130534,0.7631779,1.0452754,-0.024854846,-0.56192887,-0.5993907,2.1866238,-0.9254222,-1.0043459,-0.077296264,0.4668075,-0.7903467,-0.018053323,-1.311779,1.0174477,-1.4575502,1.0697578,-0.49002028,0.31797618,2.0336556,-1.0705837,-1.4976933,0.73513204,-0.42668456,-0.63891196,1.5693406,1.330241,0.34752542,-1.2963046,-0.97141135,-0.25446928,-0.4663813,-1.9110767,-0.3059001,-0.49909866,1.5007114,0.49643686,-0.13333414,0.75925666,0.037376918,-1.2039176,-0.5127937,-0.52808785,1.1575627,1.2580575,0.21835054,1.4870548,-0.73064417,-1.0071288,-0.49755284,0.50773036,0.14326037,0.15724199,-0.40209663,-0.7633996,0.46347713,1.9864726,-1.971672,-0.2146551,-0.79561543,0.21275371,-1.1762753,-0.748273,-0.078216664,0.059523676,-0.48046917,0.6080653,1.0631118,0.21488655,0.7761069,0.18040189
IPC-298,3.4445693,2.9718857,1.1835523,-2.1773353,-0.09314419,0.7761716,0.16944319,0.25038302,-0.6442799,-3.4084132,1.0648273,-0.53263825,2.5033796,0.7870834,1.1966014,2.533039,1.6022745,-0.97709936,1.261446,-2.3127089,0.24132517,3.4844916,2.9142995,2.5917342,-0.60112566,1.5047724,-1.4008703,1.4712149,2.3212397,0.09240392,-1.3455902,-1.0260947,4.790387,-1.8216969,-1.9186739,0.22381881,0.9700255,-1.5316247,0.05890938,-2.702156,2.5330572,-3.5459974,2.3141992,-1.2187155,0.66268486,4.7326827,-2.1118531,-3.4812086,1.6691048,-0.8363519,-1.2405374,3.6613307,3.0299535,0.83105433,-2.9352863,-1.9998766,-0.7807452,-0.76988167,-4.259503,-0.4176311,-1.5350163,3.6242008,0.8061062,-0.19120577,1.4191225,-0.42744747,-2.7570784,-1.315997,-1.3569416,2.4562306,2.6681244,0.7729144,3.4371293,-1.1354287,-2.2023797,-1.2205117,0.82289606,0.44772378,0.50890136,-1.4388785,-1.8475015,1.0217724,4.321938,-4.674562,-0.4388417,-1.3566417,0.34185612,-2.4767253,-1.5552772,-0.3136724,0.1703829,-1.1167107,1.2289,2.6140134,0.41257393,1.8596737,0.308593
TE-4,-1.9641817,-0.96405375,1.1294794,-0.59634113,-0.35968676,-0.13661146,-1.5195346,-1.1642157,0.04795727,-0.25723952,2.1185832,-0.6959484,-0.92393875,-2.219152,1.4965423,0.5062974,-0.12275169,1.5706365,-0.53316206,0.15082939,-1.2630311,-1.5450665,-1.648785,-1.7607585,0.70938456,1.157141,-0.7992055,0.7153223,-2.3603094,-2.161865,2.3704474,0.47567782,-1.2000722,0.28774047,0.7845626,0.5110512,-0.65299934,-0.17712916,1.9861004,-0.9392772,1.0419946,1.054706,1.4141296,0.40563428,-1.8045578,-1.4337362,-0.68832505,0.013258796,0.14224017,2.0157068,-0.6078842,-2.472982,-1.0631335,-2.1438153,0.5476397,0.8053261,0.060464222,1.4848005,-0.73774177,0.30731478,1.7425069,-0.48571834,1.3037736,-0.31669018,-0.07697274,-0.027821634,0.3490784,0.8723474,-1.4560606,-0.5847628,-1.1183391,-1.7821369,-0.8075735,1.7101437,-1.2814785,-1.3351785,-0.47445,-0.7599101,-0.50503045,1.2060263,1.264346,-0.5522589,-1.2133634,-1.6250714,0.910099,1.3611059,0.7847135,-0.31490353,1.097394,0.7645145,1.6514034,-0.7341126,1.1644965,-0.58792734,-0.35173073,0.071159616,1.657222
Ci-1,-1.8465134,-0.88372993,1.0716195,-0.5846352,-0.35425162,-0.1344864,-1.4583902,-1.1115483,0.04918297,-0.20537868,2.0180302,-0.6845026,-0.87162805,-2.0857308,1.4256408,0.47642723,-0.11000937,1.4770613,-0.4712973,0.1402431,-1.2100499,-1.4598422,-1.5262767,-1.6571088,0.68964916,1.1182376,-0.7728541,0.70218253,-2.2052736,-2.0414016,2.2096539,0.4540062,-1.134854,0.25420678,0.7495654,0.519359,-0.5809968,-0.13234459,1.8964009,-0.90648663,0.9802432,0.99041873,1.3190114,0.38747054,-1.6964558,-1.3506594,-0.6626135,0.010988403,0.12595189,1.9321887,-0.5791751,-2.3356616,-0.9876964,-2.0232153,0.49994108,0.72115695,0.057336446,1.3766862,-0.7353022,0.2954818,1.670658,-0.45328662,1.2738384,-0.30667627,-0.06992264,-0.029810376,0.30983326,0.8281277,-1.3782141,-0.53244525,-1.06368,-1.691958,-0.77349186,1.59359,-1.2004449,-1.3042935,-0.47425002,-0.71269894,-0.49190938,1.1573085,1.186674,-0.48400992,-1.1146982,-1.5430305,0.84296614,1.2842435,0.72337425,-0.30409092,1.01748,0.70233625,1.5856007,-0.7066259,1.0939388,-0.5460646,-0.32428235,0.059553076,1.5644331
SF295,1.8906909,1.9137319,0.32478407,-2.548845,2.3235588,0.68940014,0.24302144,0.3273468,-2.7879152,-5.682717,4.035442,0.1303006,0.17072015,-0.07201149,-0.14849815,4.061771,1.8502849,-1.6843665,0.23415929,-3.956383,-1.3967727,6.107884,1.2775935,2.6806815,-1.6826499,2.0296938,-5.193877,0.79260296,1.0775442,1.5058486,-0.08819793,1.3184013,6.0001717,-0.09344614,-0.78245795,1.0059171,-1.3131169,-2.96597,-0.6376338,-1.1403921,4.063204,-5.1824403,5.0743394,-0.75720525,-1.1840576,6.0977106,-1.8876992,-3.5558016,2.7496974,0.73275685,-2.2902482,6.0296464,4.553548,-0.3744895,-4.58221,-1.6110349,-1.4283679,2.6102867,-3.6322258,1.3641638,-4.4015484,5.3378186,-1.2405442,1.8789773,2.8903592,-3.218992,-0.8120142,-2.2887385,-2.1569786,3.095309,2.1169689,2.548566,4.013016,2.3074627,-3.8477752,-1.344624,-0.5426048,1.5911704,1.701291,-2.4524841,-2.6534941,0.4587219,5.16993,-6.7255206,0.4822586,1.2855521,-0.8516956,-0.19558236,-2.011184,1.0584925,-0.3295733,-2.8049765,2.3198054,3.4323015,-1.346893,2.7337246,2.10173
COLO 741,0.9199234,1.0903039,0.23257452,-0.35732776,-0.84452343,-0.9395482,0.11068221,-0.040220167,0.025771007,-0.5865051,0.9018543,-1.0244762,1.318474,1.1187987,-0.30360237,0.5200897,0.3210553,0.39425093,0.8060699,-0.595565,0.41340524,0.916569,0.9932192,1.0553004,0.9697655,0.11241984,0.28952318,0.6940013,1.24832,0.03389205,-1.118634,-0.90911907,2.058265,-1.2854654,-0.4196842,0.18916419,2.0590246,0.4756872,0.65229553,-1.4200248,0.68839586,-0.9673532,-0.54179454,-0.7850918,-0.4870316,0.5139497,-0.18866682,-0.850579,0.00042357855,-0.8146908,-0.7083599,0.99383545,0.9535148,0.7020377,-0.8777925,-1.1833107,-0.82376945,-0.7121749,-1.1485505,-1.064585,1.0435777,0.30675933,1.9657724,0.9098556,0.5004006,0.80321634,-1.7500757,0.3576434,0.7067705,-0.062377892,0.73219705,0.050340995,1.1931794,-1.9811717,-0.61192113,-1.4656892,-0.39070237,-0.026415128,-0.2385377,1.4544476,-0.18704817,0.8548657,1.9163088,-1.0366507,-0.8344746,-1.7753485,0.43539625,-1.6889017,-0.6066984,-0.22788426,-0.45106316,0.64424556,1.1249669,0.8063703,1.1445785,-0.5928981,0.37973264
Hs 940.T,-0.5216774,-0.38541228,-0.003613416,0.06012424,0.3465873,0.024978898,-0.05310072,-0.023209035,-0.08165029,-0.24591577,0.7185993,0.035642155,-0.43700764,-0.15221575,-0.1352936,0.28857753,-0.24412614,0.21627554,-0.3426877,-0.18165466,-0.3344456,0.22025785,-0.3950247,-0.13450111,-0.08759238,0.18083298,-0.48797625,0.056068897,-0.3275385,-0.22374842,0.4602377,0.11306561,0.06631249,0.25136936,0.30417868,0.19220075,-0.29790503,-0.2708703,0.14723918,-0.006766215,0.2736936,-0.0007972438,0.38525894,0.1283235,-0.666992,-0.05456335,0.015616033,0.07905854,0.22466019,0.29160342,-0.18989426,0.03484983,-0.15528661,-0.51438034,-0.11160835,0.23465253,-0.2107529,0.5242735,0.19430107,0.102870405,-0.07691922,0.146463,0.014669692,0.35288554,0.20244963,0.09884703,0.38113314,0.14757146,-0.0323271,-0.14195806,-0.117578216,-0.021282047,0.12091168,0.5300721,-0.56743556,-0.30825973,-0.2569257,0.016831998,0.054552406,0.13025907,0.08187921,-0.15720265,-0.00598336,-0.55691385,0.016908096,0.1376494,0.30162942,0.18816121,0.15324086,0.2465061,0.1484285,-0.065695226,0.45511994,-0.03644102,-0.040900953,0.25844955,0.47534278
NCI-H520,-1.3946301,-0.5228516,0.7358916,-0.5322499,-0.3951746,-0.21913946,-1.074184,-0.71334517,0.12353799,-0.17297153,1.4854286,-0.57849735,-0.4677542,-1.4904598,0.9618195,0.17367786,-0.11855894,1.0789173,-0.3189485,0.07167399,-0.8712274,-0.9301717,-0.9882393,-1.1085759,0.7337365,0.7466704,-0.5938698,0.73964775,-1.4963642,-1.4802717,1.4575651,0.16518077,-0.7030723,-0.0141617805,0.48577845,0.55465794,-0.40445766,0.015542271,1.2886343,-0.7764902,0.87179565,0.7077032,1.0412478,0.18089998,-1.0771102,-1.0387625,-0.6118319,-0.24526504,0.15147215,1.5358889,-0.39161554,-1.6783035,-0.625872,-1.3663478,0.22170271,0.28573862,-0.14011028,0.99201787,-0.5880909,0.11389055,1.1998233,-0.14410155,1.0730739,-0.14761586,0.12174559,0.12085435,0.16465138,0.67273474,-0.96664053,-0.32093155,-0.67878187,-1.2471455,-0.5304813,0.98453474,-0.698034,-1.0279844,-0.43099433,-0.6198748,-0.3641585,0.95086265,0.8407553,-0.14993995,-0.48693806,-1.0025454,0.5430327,0.8331553,0.5446629,-0.33460084,0.60679436,0.60668117,0.9931855,-0.47147566,0.7629576,-0.34237224,-0.15291333,-0.022096042,1.220712
PANC-1,-0.9210905,-0.7969367,-0.67411447,0.17873025,0.9135214,-0.058278214,-0.035095036,-0.09158799,-1.0010121,-1.5482845,2.0562384,-0.08020131,-0.93742305,-0.7251234,-0.54352754,0.94636554,-0.45983338,0.42337486,-1.0978686,-1.0413185,-0.88562703,1.3515726,-1.1469138,-0.19111039,-0.09298026,-0.04447585,-1.7893201,-0.09808116,-0.70440966,0.22006598,0.4699053,0.88065755,0.83358526,0.63890576,0.8141965,0.79774517,-0.8991915,-0.40848756,0.10863151,0.339947,1.1341348,-0.7479264,1.398004,-0.116819754,-1.5262625,0.08021259,0.07007654,-0.40309227,0.13279708,0.46861085,-0.75629616,0.2931347,0.6677942,-0.96079195,-0.42828712,0.55449617,-0.9431101,1.7221686,-0.1247836,0.30285984,-0.7977509,0.6659847,-0.35169473,0.954051,0.6253883,-0.8087246,0.6225257,-0.2608517,-0.13643247,-0.036130995,-0.29821098,0.08242571,0.31573778,1.9033504,-1.5221553,-0.42292735,-1.0953991,-0.05519082,0.27817437,0.012011865,0.071720876,-0.5399087,0.38110328,-1.2638092,0.10281679,0.9361481,0.24063012,0.9983717,0.48059815,0.79768264,-0.2700296,-0.24331254,1.2738775,0.61740917,-0.497677,0.32063332,1.381114
U-937,-2.082737,-1.0859281,1.1666589,-0.63231856,-0.40716958,-0.15320659,-1.5724688,-1.1162537,0.044020332,-0.27407646,2.3427515,-0.7595458,-0.9844842,-2.2841341,1.5337886,0.52648735,-0.11245264,1.6448367,-0.66553044,0.13640504,-1.3330685,-1.5479795,-1.7700173,-1.8907166,0.818191,1.1399946,-0.9452672,0.75984657,-2.519736,-2.2321515,2.5371072,0.47717324,-1.2082331,0.27769563,0.8472307,0.54756594,-0.75998265,-0.19396101,2.057887,-1.0740588,1.1979275,1.1228422,1.6534028,0.36129946,-1.9323081,-1.5596739,-0.7285503,-0.00707341,0.16946475,2.1075668,-0.6457159,-2.6537464,-1.0972481,-2.3325353,0.57234627,0.82228655,-0.031671774,1.6129652,-0.7537114,0.27237004,1.8705388,-0.5043042,1.3686888,-0.3043439,0.011761036,0.005941305,0.38837945,0.9858767,-1.550442,-0.59838206,-1.1529315,-1.8718433,-0.8460528,1.7925881,-1.4144484,-1.3848699,-0.5942812,-0.8508849,-0.5737471,1.3384725,1.3167955,-0.57364166,-1.2975003,-1.7253466,0.96291596,1.4613153,0.92210084,-0.29596373,1.1934812,0.88628334,1.7208835,-0.7778777,1.3163131,-0.5979483,-0.34802595,0.057772253,1.8476726
DND-41,-1.5977364,-0.76667136,0.97945315,-0.5272243,-0.40414304,-0.3624173,-1.2998515,-0.68461215,0.024887089,0.06737058,2.1361802,-0.6535322,-0.83641285,-1.3429334,1.0078236,0.2932067,-0.10734149,1.1969274,-0.5413317,0.012326609,-1.1063008,-0.9275929,-1.3356642,-1.3817276,0.742829,0.86733663,-0.9809914,0.6028023,-1.9447855,-1.5370886,1.8133417,0.19887322,-0.7425356,0.093043454,0.7086621,0.5655367,-0.25839263,-0.034374192,1.6410412,-1.1433156,1.1319968,0.83687764,1.2644833,0.20836698,-1.5353793,-1.2198112,-0.5504724,0.024641752,0.096821934,1.7011677,-0.40532267,-1.8066788,-0.7424896,-1.9001706,0.35683542,0.5181859,-0.14991215,1.2317033,-0.5557137,0.17567529,1.6268345,-0.33826563,1.302902,-0.035547733,0.18210101,0.17525788,0.24075858,0.9386863,-1.1713763,-0.41636774,-0.88604254,-1.312503,-0.5742405,1.1171249,-0.9567453,-1.2670181,-0.70959574,-0.6815299,-0.45941317,1.2802435,0.88672936,-0.25038758,-0.84679675,-1.2062151,0.63043255,0.89392513,0.85166246,-0.3246921,0.90388876,0.6452869,1.3751286,-0.64272636,1.1444025,-0.33619353,-0.18173552,-0.14664765,1.3846087
PE/CA-PJ41 (clone D2),-1.7408096,-1.1027976,0.78158456,-0.2207121,-0.25412577,-0.21941704,-0.9140539,-0.6774068,-0.06596703,-0.34723482,2.041507,-0.60121924,-0.8112994,-1.7347139,0.82840484,0.33399466,-0.2829613,1.4422404,-1.083555,-0.119848594,-1.0292174,-0.7789588,-1.4217902,-1.3077279,0.7088421,0.7141852,-0.8595686,0.6506583,-2.014461,-1.4047154,1.8673905,0.63018274,-0.6210947,0.38374606,0.5838082,0.38193598,-0.6872517,-0.30017683,1.445951,-0.77464426,1.1687871,0.8222853,1.5722611,0.24648488,-1.7661195,-1.1811026,-0.67611706,-0.093269706,0.21494778,1.3989851,-0.7027288,-1.7410479,-0.5851053,-1.8615087,0.5721517,0.93164974,-0.32394913,1.562436,-0.48127657,0.04792533,1.3935486,-0.33463416,1.1768467,0.1302122,0.17555688,0.14467552,0.5407306,0.7357243,-0.86280954,-0.5826012,-0.78430283,-1.1632749,-0.12586644,1.5561067,-1.4571863,-1.2093651,-0.66543615,-0.41164395,-0.3353442,0.810424,0.910866,-0.6475766,-0.77010924,-1.0377183,0.6025004,1.0084912,0.74160355,-0.066290215,1.2684509,0.754364,0.89984924,-0.5615631,1.4645642,-0.1311389,-0.30895612,0.054477505,1.5923967
SCC-4,4.027579,3.3200812,1.540515,-2.274247,-1.0427452,0.61480373,0.45627227,0.60622615,-0.15224147,-3.7341037,0.6038614,-1.162962,3.9233823,0.74635017,1.3767189,2.8865519,1.5776259,-0.60754806,1.5223191,-2.3924332,0.8971197,3.5431583,3.4563472,2.934963,-0.11346962,1.1469178,-1.016924,1.8047631,3.2340956,-0.12413285,-2.23687,-2.1419077,5.6771293,-2.9139974,-2.6629136,0.04415203,1.832296,-1.7200496,0.12735108,-3.9003546,2.286168,-3.3309963,2.0699773,-1.7840158,0.9788155,4.802056,-2.644629,-4.1939855,1.4797896,-1.5637475,-1.465768,3.7496667,3.4820023,1.3518305,-2.6897757,-2.4655328,-0.77166116,-1.791802,-5.1562476,-1.4094397,-0.6708626,3.6237352,1.7647583,-0.590492,1.38192,0.5878121,-3.8115091,-1.2049855,-1.1258849,2.6576183,3.4213736,-0.060638025,3.8866985,-2.6003575,-2.5572414,-1.2785752,1.3993948,0.1888627,0.3740239,-0.8462901,-1.6163003,1.1056128,5.161357,-4.7697153,-0.7023373,-2.3122869,0.8510599,-3.3597848,-1.788568,-0.3341069,0.18354033,-0.4184213,1.6556226,2.9205716,1.0570353,1.7013712,0.19785535
EJM,2.1714675,1.8464999,1.3900788,-2.1513839,-0.03931599,0.42347783,0.069969,0.3995645,-0.10299373,-2.5391579,0.46373722,-0.48837578,1.870687,0.40472454,0.88527876,1.8438959,1.5025615,-0.781807,1.0916246,-1.6608526,0.10212916,2.2106838,2.5162628,1.6321516,-0.3786197,1.2235407,-1.5737475,1.2188118,1.5132244,-0.11371174,-0.56427294,-0.707089,3.4320035,-1.1192663,-1.7174724,-0.30891752,0.31455818,-1.5326879,-0.19963741,-2.2080061,1.9828483,-2.4404233,1.963653,-0.45057237,0.44953594,3.4043293,-1.7900072,-2.1994593,1.4960546,-0.24900168,-1.3456511,2.9796982,2.3173165,0.46132642,-2.4228783,-1.9363389,-0.35301116,-0.2776308,-2.958791,-0.13950516,-0.99501956,2.6359456,0.39669147,-0.0205849,1.483375,-0.30451646,-1.4640182,-1.0541134,-1.1377895,2.0130916,1.9909402,0.43810278,2.4600108,-1.031063,-1.5806183,-0.7763006,0.96673524,0.57536453,0.36661118,-0.6128986,-1.6004192,0.66160256,2.9245207,-3.61382,0.011946896,-0.8741577,0.10776137,-1.6272267,-1.4242724,-0.05714988,0.31490302,-1.0525512,0.76003504,1.5777382,0.12267298,1.5367746,0.45301232
EBC-1,2.3006191,1.8359344,1.0745082,-1.8488753,0.0007204991,0.47677508,0.18433452,0.36944127,-0.2898367,-2.4459045,0.6515552,-0.53409463,1.6758678,0.37618482,0.93316823,1.8204299,1.2772777,-0.74866945,1.0184029,-1.6870569,-0.03413955,2.4096687,2.2125375,1.7293595,-0.5250637,0.9891416,-1.450004,1.0577478,1.4001364,0.22336519,-0.76331824,-0.62566286,3.3549984,-1.293529,-1.3460535,-0.009896809,0.31611374,-1.3400375,-0.14684804,-2.0518982,1.7418303,-2.417294,2.096501,-0.738191,0.44218975,3.2898066,-1.7416327,-2.3597705,1.3801256,-0.33550155,-1.1692379,2.689893,2.4032655,0.3966161,-2.1429942,-1.4836013,-0.41251975,-0.29927978,-2.9943054,-0.059001714,-1.0429446,2.645402,0.36336198,-0.041437164,1.205211,-0.44057354,-1.6041878,-1.1033689,-1.2345315,1.9982824,1.9567692,0.34338027,2.4666173,-0.7421828,-1.5166366,-0.85544914,0.40529174,0.45297858,0.3767456,-0.93601906,-1.519957,0.61725473,2.9488268,-3.4875522,-0.03044417,-0.7783752,0.13211575,-1.6171076,-1.2994863,-0.12422356,0.17066641,-0.99164677,0.83984977,1.8250157,0.16626924,1.4869794,0.45971805
COR-L24,-2.1752768,-1.1190603,1.200149,-0.64037466,-0.37191087,-0.107312396,-1.6575179,-1.2952697,0.023471698,-0.31423572,2.3875954,-0.7749738,-1.0403866,-2.4546452,1.648375,0.5740412,-0.15482636,1.7244837,-0.6438285,0.13322803,-1.405112,-1.6415862,-1.8472534,-1.9580003,0.7864131,1.2574275,-0.9353569,0.78061175,-2.5993404,-2.3605099,2.6136372,0.57516867,-1.3077385,0.34748712,0.8885879,0.5734921,-0.7587016,-0.19537404,2.194671,-1.0132664,1.1866707,1.1419178,1.6056756,0.42231828,-2.0473423,-1.5904897,-0.7459067,0.021479726,0.15891565,2.1973107,-0.7051117,-2.7309391,-1.1584775,-2.4099886,0.5959241,0.90199715,0.03606018,1.6912695,-0.82916737,0.3229337,1.905852,-0.5263303,1.4268203,-0.3414885,-0.075097784,-0.04829479,0.41950387,0.9483829,-1.5734612,-0.6431536,-1.2358365,-1.9703755,-0.88016874,1.9355404,-1.4874487,-1.4816194,-0.554757,-0.8403483,-0.58069074,1.3144143,1.4017456,-0.64670056,-1.3442549,-1.8076572,0.9874088,1.513951,0.88526994,-0.2935211,1.2445703,0.8535366,1.8115298,-0.8151116,1.3382567,-0.6010984,-0.38480285,0.101324834,1.8708526
KMRC-3,-1.8760984,-0.93360984,1.0682981,-0.57633877,-0.34682077,-0.109580465,-1.4503635,-1.1129205,0.041627876,-0.24528107,2.019793,-0.6620405,-0.8744775,-2.1271338,1.4482845,0.48018828,-0.110676415,1.5020243,-0.5069999,0.1562069,-1.2006705,-1.483053,-1.5643768,-1.6869295,0.6944369,1.0998825,-0.75612605,0.68986666,-2.2430997,-2.0618284,2.2473276,0.46964756,-1.1493149,0.27555823,0.7490548,0.4926475,-0.65225047,-0.1713477,1.8955008,-0.8907683,0.9813558,1.0074347,1.360552,0.38667917,-1.7220131,-1.3779609,-0.66728985,0.014954321,0.13971452,1.9230943,-0.59103405,-2.387148,-1.0251687,-2.0494363,0.52333367,0.7616853,0.07143772,1.4152635,-0.71979576,0.29074478,1.662916,-0.46327788,1.2325108,-0.3259836,-0.08198583,-0.045110714,0.34507433,0.8265845,-1.3874683,-0.54930395,-1.0611639,-1.7173951,-0.7609735,1.6204793,-1.2464944,-1.2822629,-0.4443437,-0.7230634,-0.5033741,1.152556,1.2104882,-0.5310821,-1.1593783,-1.5746307,0.85220057,1.3051003,0.7623881,-0.29158595,1.0403265,0.72633547,1.5841451,-0.6918013,1.1140766,-0.55887914,-0.33169386,0.08835189,1.5964717
U-251MG,2.8836668,2.441088,0.7530804,-1.2820737,-0.6375115,0.44424635,0.178402,0.08785013,-0.3254135,-2.5753617,0.7519837,-0.71334803,2.5164764,0.84197366,0.90603566,1.874501,1.0168006,-0.36723804,0.8606809,-1.6935968,0.6592358,2.5436587,2.1905832,2.2122843,-0.039788015,0.74269015,-0.18345731,1.2408304,2.1741903,0.031164162,-1.5144949,-1.1482575,3.9384313,-1.9246364,-1.5046605,0.24726276,1.5700033,-0.9399658,0.387549,-2.2947755,1.7279859,-2.569404,1.1606416,-1.4551548,0.42883006,3.2878275,-1.5729067,-2.9512134,0.89514846,-1.2765657,-0.7854955,2.3653705,2.148434,0.9313999,-1.8455122,-1.4145919,-0.7860134,-1.167165,-3.46371,-1.1253366,-0.514139,2.3589172,1.3040705,-0.2948163,0.7866647,0.13221097,-2.8512754,-0.7926378,-0.5925351,1.6508309,2.301991,0.31979293,2.9125578,-1.6024716,-1.8725832,-1.116854,0.68933165,-0.026488144,0.26456773,-0.7298761,-0.970405,0.7631831,3.4328053,-3.3009956,-0.70020646,-1.7610204,0.73543775,-2.565673,-1.0171146,-0.402158,-0.08866305,-0.07692733,1.3726009,2.1721573,0.8232896,1.0719421,-0.017748732
JHH-4,3.151012,3.2253587,0.6407564,-1.9808431,1.042805,0.74318796,-0.08746572,-0.048833456,-2.0687623,-4.994648,3.1865587,-0.2035691,1.6238825,0.59140944,0.5091239,3.467493,1.945851,-1.5163734,0.9906898,-3.5142632,-0.52536803,5.66475,2.6127982,3.4212499,-1.0174372,2.1868534,-3.0040338,1.3780915,1.9941846,0.98709416,-1.1928635,0.09902742,6.3038244,-0.9149309,-1.2673683,1.1105022,0.66855246,-2.4654188,0.081354745,-2.1282785,3.9072967,-5.2206907,3.733214,-1.5162365,-0.2935754,6.543045,-2.0942686,-4.3119063,2.055361,0.013687726,-1.5731109,5.1400785,4.037628,0.42570415,-3.9538147,-1.927813,-1.5068332,0.47895843,-4.8405805,0.49439102,-3.3939662,5.30926,0.3147487,1.0155652,2.3834426,-2.3568556,-2.7296607,-1.9646593,-1.5672971,3.4036877,2.5311663,1.5388879,4.647112,0.59096014,-3.487935,-1.5287203,-0.045685485,0.7156226,1.181154,-2.2522092,-2.2117329,0.884937,5.5947967,-6.2386594,-0.4493953,-0.64671797,-0.03340113,-1.6774589,-2.0005453,0.30391216,-0.12335239,-2.2838478,1.9034661,3.232089,-0.38685793,2.3517163,0.7114918
KU-19-19,-1.9376451,-1.0207251,1.0687835,-0.57560945,-0.35966253,-0.10376103,-1.461851,-1.140068,0.019260105,-0.30994967,2.1254492,-0.6814319,-0.9124603,-2.2116783,1.4681946,0.52157015,-0.11147932,1.546891,-0.6097599,0.13836801,-1.2411921,-1.4845023,-1.6205047,-1.7443862,0.73687106,1.0907478,-0.81379473,0.7139279,-2.3152657,-2.0914469,2.309444,0.5133207,-1.1467527,0.29117358,0.7697397,0.49555597,-0.71165085,-0.18435964,1.9234976,-0.91636395,1.0723549,1.0103308,1.4811052,0.37093228,-1.7971364,-1.4209608,-0.7055557,-0.008775413,0.15546703,1.9461459,-0.64319545,-2.4728243,-1.0124032,-2.1392467,0.5420214,0.8113706,0.030398708,1.5108498,-0.7469407,0.26640415,1.6848601,-0.47325474,1.2309484,-0.31842074,-0.060536575,-0.042543553,0.38715997,0.83414185,-1.4227018,-0.56701773,-1.0738448,-1.7575583,-0.74062014,1.7078396,-1.3343121,-1.3138236,-0.4725566,-0.772534,-0.5301525,1.1781776,1.2323833,-0.58439684,-1.1813267,-1.6258501,0.90494764,1.3700471,0.8119406,-0.27771214,1.1243204,0.7781575,1.604518,-0.6953074,1.1967518,-0.5343163,-0.3575568,0.10169747,1.6809056
SNU-175,-2.0420516,-0.9707765,1.1789982,-0.63646644,-0.39751205,-0.15904164,-1.6119119,-1.2209647,0.060348436,-0.21948722,2.2250063,-0.74067426,-0.9400723,-2.2956665,1.5747607,0.48579708,-0.12785684,1.6027774,-0.51549554,0.15877773,-1.3418481,-1.6055896,-1.6919864,-1.825041,0.7561763,1.2348281,-0.85900503,0.769656,-2.4252799,-2.2660801,2.4466624,0.49147674,-1.2508969,0.25681338,0.83760333,0.56924176,-0.6202758,-0.13907555,2.0997436,-1.0167427,1.0942163,1.1031603,1.4548203,0.4088052,-1.8601736,-1.4896319,-0.723536,0.019186199,0.16817643,2.1439776,-0.6151185,-2.5713897,-1.1118853,-2.2180734,0.54480004,0.78366274,0.06530738,1.5153884,-0.7860256,0.32388216,1.8595958,-0.5143304,1.4155681,-0.33603296,-0.0781848,-0.04262556,0.31912404,0.9179744,-1.5122827,-0.57180977,-1.1513885,-1.8685846,-0.8625559,1.7357618,-1.2809308,-1.4450114,-0.5052604,-0.7961792,-0.5702238,1.2811493,1.3148136,-0.515334,-1.2172827,-1.7009312,0.93244433,1.3829604,0.80860466,-0.3512106,1.1119721,0.79227304,1.7635995,-0.7742171,1.1985656,-0.58138174,-0.33196622,0.044175588,1.7070287
TUHR10TKB,-2.0713108,-1.0699887,1.1693609,-0.6394259,-0.41729546,-0.15202016,-1.5790125,-1.1307397,0.045242045,-0.25525936,2.3239343,-0.75494874,-0.9771636,-2.2738652,1.5370171,0.51003975,-0.10425822,1.6363728,-0.63822526,0.14437477,-1.3256143,-1.5521916,-1.7469642,-1.877965,0.82167345,1.1512793,-0.92246413,0.7638392,-2.4984107,-2.2299457,2.5103385,0.46662197,-1.2116657,0.27190417,0.8365429,0.5538567,-0.7342259,-0.18065944,2.0612721,-1.073363,1.1780133,1.1198909,1.6139009,0.36924368,-1.9062827,-1.5554882,-0.7241951,-0.00090854615,0.16282004,2.1173563,-0.63149285,-2.6396046,-1.097481,-2.3138447,0.5631354,0.8069419,-0.018073324,1.5957547,-0.7563801,0.27376157,1.873388,-0.49658164,1.3835912,-0.31000048,0.00016980991,0.00482092,0.37532866,0.9821293,-1.5424604,-0.59260666,-1.1555275,-1.8731871,-0.8426787,1.7660078,-1.385699,-1.3955675,-0.58422625,-0.8488088,-0.5753148,1.3316303,1.311235,-0.5596782,-1.2821367,-1.7089374,0.950454,1.4409837,0.9089834,-0.30461738,1.1701921,0.86955947,1.7236352,-0.7760555,1.2942963,-0.59616214,-0.3511074,0.05790575,1.8145471
NCI-H1373,0.14139304,0.20814036,0.5739632,-0.737054,-0.21965097,-0.15357652,0.18997814,0.56803465,0.28898162,-0.6934693,0.06834092,-0.28735793,0.46059653,-0.037884217,0.3186131,0.5533944,0.2617516,0.16460349,0.23864232,-0.3492314,-0.025203137,0.39216104,0.62992084,0.3466366,0.030607907,0.05251795,-0.4975549,0.51983464,0.23654325,-0.3855608,0.0458441,-0.37941852,0.8017014,-0.56070644,-0.60125095,-0.23467486,-0.3215488,-0.5197588,-0.4274915,-0.91545975,0.36873397,-0.30465633,0.788029,0.03742049,0.012824025,0.51197493,-0.6249207,-0.37091792,0.60648316,-0.012449369,-0.5895982,0.58030224,0.65755475,0.13095684,-0.5240582,-0.64518666,-0.107594684,-0.21337213,-0.6688756,-0.11161082,-0.12875196,0.79521084,0.14185055,-0.04308795,0.5312582,0.38637936,-0.15426819,-0.17327836,-0.4338732,0.39528948,0.569823,-0.045964554,0.40871385,-0.42769977,-0.5329433,-0.16478387,0.19263457,0.24147187,0.099973,0.037556805,-0.41925168,0.19696029,0.7860301,-0.98007035,0.042492628,-0.10707456,0.29383123,-0.46813282,-0.36291772,0.22324333,0.15532868,-0.23266375,0.19704956,0.1019859,0.14812455,0.34874797,0.6261061
NCI-H2228,3.8334112,3.6131883,1.4251506,-2.0939696,-1.242033,0.97278064,0.35510328,0.43685183,-0.036364928,-4.266726,1.0146608,-1.4638486,4.5152173,0.10823554,1.1005996,3.5462196,1.9820758,-0.7321807,1.4304767,-2.3423097,1.4132733,3.8189926,2.9163268,3.0853682,0.3730072,1.3895445,-1.2031075,2.26193,3.4111428,-0.26368955,-2.6779768,-2.6073406,6.2654686,-3.0857446,-2.5794702,-0.002586512,2.0654905,-2.1904984,-0.05907186,-3.4912822,2.9295092,-3.280677,2.3229191,-1.5881981,1.2325196,5.5456877,-3.0662923,-4.7778096,1.4004585,-1.6381302,-1.126763,4.327129,3.3008282,1.4331067,-3.466256,-2.8651896,-0.91336715,-1.9833907,-5.3025866,-1.8068871,-0.99099123,4.0390363,1.90446,-0.87489605,1.6576165,0.89938736,-4.1814094,-0.78653544,-0.3935882,2.6688073,3.6175096,0.19967562,3.8359797,-2.8010714,-2.9764812,-0.9445186,2.3866432,-0.10490373,0.4420691,-1.016559,-1.4216163,1.4355788,6.27501,-4.8364434,-1.081583,-2.582589,1.063324,-3.570123,-1.8109088,0.033140108,0.04729164,-0.1373162,2.158497,3.2407377,0.72536933,2.2002728,0.108281285
ME-1 [Human leukemia],-2.0555081,-1.0193572,1.1705773,-0.6395054,-0.386579,-0.12948221,-1.59804,-1.2125679,0.039007805,-0.26737806,2.2347968,-0.72766435,-0.95869404,-2.3193524,1.5862788,0.5283687,-0.11674271,1.6393042,-0.5587108,0.16431305,-1.3297676,-1.6075515,-1.7172098,-1.8472432,0.76347595,1.1989713,-0.84429336,0.7528777,-2.4525414,-2.2515674,2.4590712,0.5139025,-1.2552618,0.29508063,0.8295,0.5521459,-0.7010432,-0.17063214,2.079406,-0.99013066,1.0935777,1.0975323,1.4963317,0.41482484,-1.8947239,-1.5061188,-0.7269441,0.01530261,0.144832,2.1061008,-0.6431506,-2.6058004,-1.1133218,-2.255215,0.569484,0.83294207,0.07012658,1.5500336,-0.7948221,0.32033962,1.8231548,-0.50431895,1.3621638,-0.3539529,-0.08180717,-0.037347935,0.36808288,0.8999533,-1.5193821,-0.59401023,-1.1605449,-1.8777113,-0.8350022,1.7711991,-1.3613126,-1.4149739,-0.49608374,-0.7907819,-0.556122,1.2750049,1.3196336,-0.577344,-1.2704959,-1.7205933,0.93725085,1.4236178,0.83781403,-0.32554275,1.1381304,0.79705894,1.7386477,-0.7616564,1.2264047,-0.5979032,-0.35588947,0.08090274,1.743501
U2OS,-2.1280797,-1.1263529,1.1834745,-0.6720574,-0.45226353,-0.18990025,-1.5888456,-1.0583035,0.034384362,-0.25716904,2.4716222,-0.80413043,-1.0120595,-2.2523766,1.5051128,0.4955376,-0.09317112,1.6626668,-0.74030876,0.10282543,-1.362034,-1.5016878,-1.8117492,-1.9259365,0.89279085,1.1194118,-1.0289084,0.80022925,-2.5717602,-2.2215645,2.5891895,0.43966535,-1.1612267,0.24204114,0.8703475,0.5815392,-0.76672536,-0.18793786,2.0824487,-1.1702594,1.2958463,1.146787,1.7680873,0.3298583,-1.9685258,-1.616597,-0.7381072,-0.03695719,0.1782522,2.1490152,-0.6411139,-2.6826935,-1.08542,-2.424004,0.5551988,0.79786193,-0.11310351,1.6622928,-0.739142,0.2442871,1.9376836,-0.48074406,1.4360225,-0.2620577,0.0931876,0.046239063,0.39146614,1.0501513,-1.5711383,-0.59844613,-1.1500281,-1.8860197,-0.8520763,1.7749856,-1.4495708,-1.4131198,-0.6890181,-0.91331077,-0.60405487,1.4246558,1.3190993,-0.53672576,-1.281442,-1.7313501,0.9730427,1.4681252,0.9979947,-0.28505632,1.2282661,0.95101523,1.7213523,-0.8062012,1.4004828,-0.57571197,-0.34494692,0.01648669,1.9218551
PL-21,-1.8291851,-0.8780502,1.0743775,-0.58405167,-0.34964535,-0.12043769,-1.4503021,-1.1007551,0.053824686,-0.19398168,1.9662672,-0.6439241,-0.8474244,-2.0665653,1.4297181,0.4565409,-0.09187256,1.4585565,-0.45044962,0.1674488,-1.180636,-1.4729401,-1.512591,-1.6498706,0.68025583,1.1016937,-0.7339204,0.6785536,-2.1926925,-2.033569,2.1868248,0.4358832,-1.1422913,0.26426986,0.7316017,0.4938821,-0.59582025,-0.15073489,1.8662128,-0.901214,0.9388927,0.99881214,1.2896874,0.39020777,-1.6651521,-1.3369331,-0.6559229,0.028114002,0.13047935,1.9188157,-0.55512357,-2.3305995,-1.0156668,-1.9894098,0.5057742,0.7187009,0.09253499,1.3530833,-0.7086699,0.29274577,1.6488843,-0.45664218,1.2314601,-0.33176684,-0.08908391,-0.039115828,0.3157814,0.8207796,-1.3735428,-0.5316752,-1.0413772,-1.6809504,-0.7584012,1.555143,-1.1755047,-1.2752757,-0.4222021,-0.7066515,-0.49404013,1.1462361,1.1758028,-0.48473823,-1.1295853,-1.5363368,0.8323437,1.2634069,0.7367353,-0.31329533,0.98749214,0.68849474,1.5895742,-0.68360656,1.0587869,-0.5562488,-0.31852573,0.078223675,1.5314276
Karpas-620,-1.3620089,-0.67206615,0.83056283,-0.45661664,-0.3244048,-0.1822406,-1.059698,-0.66249305,0.07025725,-0.040765885,1.5554411,-0.50281113,-0.64185834,-1.392242,0.9668291,0.28241432,-0.03311985,1.0651567,-0.4007287,0.11824912,-0.8676361,-1.021393,-1.1151189,-1.2250581,0.59574085,0.744859,-0.64841944,0.5410703,-1.6673015,-1.4492345,1.633226,0.211948,-0.76736915,0.11303007,0.5371758,0.37098384,-0.42031217,-0.097956404,1.3305771,-0.8241099,0.7688087,0.7728773,1.0859075,0.23486336,-1.2088579,-1.0405512,-0.49705318,0.0045270585,0.12542006,1.4533074,-0.3749112,-1.7305866,-0.7394979,-1.5277408,0.3631438,0.4656841,-0.025932036,1.013532,-0.4626377,0.14991921,1.2976754,-0.33667693,0.9752249,-0.17280632,0.06281863,0.06217092,0.22267817,0.73374015,-1.056477,-0.3666305,-0.72666407,-1.1933775,-0.5474319,1.0383137,-0.8468996,-0.94569635,-0.4296775,-0.5891704,-0.39417112,0.96871877,0.82222897,-0.2567441,-0.80878675,-1.0837172,0.61166507,0.89499533,0.6478864,-0.2579174,0.74146104,0.5691363,1.1677125,-0.5167662,0.84572023,-0.40418616,-0.21778154,-0.005566567,1.1982642
Panc 05.04,4.5243983,3.9083261,1.8636093,-2.843973,-0.5991963,0.90804297,0.20467192,0.33234635,-0.37163064,-4.2724757,1.0171341,-1.1893638,3.7278254,1.0794318,1.5685911,3.314493,2.1925228,-1.0215908,1.9529431,-2.9214876,0.75517887,4.0540924,3.9966931,3.2656238,-0.5562905,1.8025482,-1.4928313,2.0858154,3.2097688,0.06925361,-1.7766095,-1.5827754,6.315952,-2.6090462,-2.7055385,-0.021763014,1.806208,-2.1303363,0.28653592,-3.7581277,3.0552506,-4.251398,2.8063262,-1.745598,0.84421843,5.947307,-2.9391198,-4.4849834,2.0165443,-1.3531299,-1.6609756,4.489351,3.8140867,1.0558289,-3.787198,-2.7896676,-0.7428756,-1.4362978,-5.6834583,-0.92031807,-1.4447495,4.2495465,1.565576,-0.4012453,1.8937329,-0.2525049,-3.77353,-1.5278867,-1.4426984,3.1782923,3.6352503,0.5781465,4.382552,-2.1738942,-2.9531467,-1.5111074,1.3928825,0.38783586,0.488991,-1.3276156,-2.0574975,1.1428354,5.5362134,-5.7863293,-0.5175066,-2.2545617,0.5760034,-3.5942929,-2.0860262,-0.38487408,0.13086416,-1.2491015,1.8096207,3.1964931,0.7615905,2.2385676,0.2617229
KYSE-270,0.08993306,0.58977103,0.37734234,-0.33418816,-0.9303306,-1.0505501,-0.54667336,-0.19530818,-0.04597925,-0.24301475,1.479486,-0.794371,0.53873265,-0.033545304,0.044297997,0.46960747,0.3507579,0.34542823,0.27340218,-0.19150065,-0.30697665,0.21855555,0.017009616,0.087028824,1.1961253,0.2895873,-0.2440908,0.44891614,-0.07815958,-0.52204627,-0.70408064,-0.5420128,0.888397,-1.017752,0.041991435,0.5741658,1.2883269,0.72040325,0.7227441,-1.18302,1.0565721,-0.1540027,-0.20080812,-0.64806694,-0.60150003,-0.08011815,-0.5583688,-0.8086701,0.03884777,0.60558796,-0.3705915,-0.021318056,0.47524735,-0.038764335,-0.40284297,-0.8472271,-0.4309799,-0.16709116,-0.84824246,-0.8273112,1.2046161,0.3301406,1.6950066,0.47047636,0.24640562,0.4659167,-1.2518436,0.6240418,-0.10152004,-0.082444206,0.17045833,-0.60665643,0.3469278,-1.0407437,-0.39920244,-1.4469017,-0.40139508,-0.13832952,-0.35545072,1.3548393,-0.09639852,0.4723833,1.4010061,-0.86780256,-0.21093589,-0.50143725,0.36827457,-1.4448276,-0.19746733,-0.0026208889,0.17472576,0.6142562,0.9713604,0.7322394,0.4939007,-0.26805416,0.28087524
A2058,-1.5872763,-1.2538955,-0.04135952,-0.07196711,0.31077272,0.11640986,-0.532464,-0.3566401,-0.48653868,-1.3349303,1.9930154,-0.41626275,-0.8836346,-1.7108194,0.29635733,0.82111657,-0.45578673,1.0354202,-1.2940476,-0.47766003,-0.92963946,-0.0506082,-1.6607926,-0.97957116,0.25951788,0.30188656,-1.3175234,0.38523304,-1.5224756,-0.9207125,1.6908758,0.83288586,-0.054602675,0.36010683,0.6682303,0.48752382,-1.2637746,-0.5496811,0.758519,-0.069831096,1.0933006,0.102520734,1.8065118,0.02324044,-1.7416831,-0.9220148,-0.18685982,-0.25623453,0.15130997,0.8778312,-0.87678164,-1.3868678,-0.20344558,-1.672638,0.15802082,0.91071546,-0.6101896,1.7155052,-0.19994392,0.08056624,0.37522167,-0.04816258,0.09545417,0.3837178,0.42188698,-0.35630098,0.7096302,0.25900528,-0.6204522,-0.40494522,-0.5850141,-0.76759547,-0.2086306,2.1002393,-1.7098794,-0.5904675,-0.8087834,-0.45736542,-0.11739483,0.5181566,0.95976657,-0.7817304,-0.5334734,-1.4334247,0.6137082,1.2252507,0.70889705,0.6280049,1.0573473,1.0670068,0.3916882,-0.35691535,1.3623577,-0.014140321,-0.4789927,0.2378008,1.9652399
NCI-H1105,-1.9409279,-0.95303845,1.1193228,-0.6236194,-0.36642516,-0.12532255,-1.5175022,-1.1483532,0.050774194,-0.24414796,2.0828786,-0.6970351,-0.8962978,-2.2075818,1.5167501,0.49511763,-0.107405014,1.5584506,-0.5150162,0.15119782,-1.2461545,-1.5495998,-1.610584,-1.7408158,0.7241489,1.145352,-0.7813954,0.7305653,-2.3202946,-2.1308856,2.3258126,0.49911383,-1.1777588,0.2730143,0.77418685,0.508508,-0.6667912,-0.17346755,1.9627055,-0.9314331,1.0111395,1.0498785,1.4118893,0.40576297,-1.7841588,-1.4239084,-0.6958953,0.0056218207,0.14136134,1.989894,-0.6286632,-2.4690716,-1.053407,-2.121647,0.53697157,0.7868812,0.06896134,1.4544241,-0.76573914,0.31378356,1.7224833,-0.4825704,1.2809278,-0.36004674,-0.09009291,-0.054427654,0.3616785,0.83915776,-1.4442496,-0.55693567,-1.0895276,-1.7927558,-0.78753144,1.660128,-1.297313,-1.3355632,-0.45511377,-0.74332374,-0.5420419,1.2121428,1.2600918,-0.53345376,-1.1837288,-1.629682,0.88320917,1.3563318,0.7898052,-0.30674177,1.076416,0.7507938,1.652933,-0.7225417,1.1508137,-0.58245045,-0.33298957,0.075153664,1.6604539
CL-40,-1.9829887,-0.9815655,1.1172693,-0.6093016,-0.3469503,-0.11988238,-1.5447978,-1.1816167,0.039328333,-0.25946528,2.152532,-0.7057351,-0.93392146,-2.2382112,1.5234755,0.5162214,-0.12436587,1.5684836,-0.53749496,0.14222677,-1.2877895,-1.5384997,-1.6689361,-1.7789613,0.7106671,1.1691886,-0.82506293,0.7189307,-2.3619812,-2.1725278,2.3790712,0.51981634,-1.2026366,0.29910982,0.8112429,0.52868557,-0.6736797,-0.16558897,2.0104964,-0.9411973,1.0496976,1.0500609,1.4308879,0.4040054,-1.8419316,-1.4381871,-0.69446695,0.020839088,0.14443879,2.0304167,-0.63188535,-2.5066502,-1.0798835,-2.179793,0.537416,0.81129164,0.065987796,1.5137762,-0.7693841,0.3097472,1.7492342,-0.49211225,1.3092778,-0.34304672,-0.08512731,-0.057897173,0.36126587,0.8564983,-1.4598682,-0.56940114,-1.1247454,-1.8114326,-0.8221354,1.7338576,-1.3216281,-1.3681825,-0.47222632,-0.7551437,-0.5336411,1.2126962,1.2754253,-0.55735683,-1.2207532,-1.667097,0.908133,1.3769072,0.79848,-0.30209586,1.1091797,0.7646728,1.6842446,-0.74023426,1.1941302,-0.56141967,-0.33735615,0.09056513,1.6922818
A-704,-2.0555043,-1.0193797,1.179724,-0.6421337,-0.39098626,-0.12931871,-1.6076701,-1.2237223,0.044007942,-0.24752432,2.2482176,-0.7364572,-0.9733008,-2.3169868,1.5905782,0.5210127,-0.12041388,1.6418878,-0.552922,0.16235012,-1.331258,-1.6136951,-1.7213361,-1.8611943,0.76868635,1.2157258,-0.8528046,0.7592802,-2.4661832,-2.2590394,2.4658358,0.5070236,-1.2638153,0.30149278,0.83230484,0.560576,-0.68428403,-0.1694937,2.099383,-1.0034024,1.0997014,1.1085336,1.4891121,0.41995424,-1.8912413,-1.514292,-0.72738326,0.027403522,0.14540032,2.1276088,-0.63286334,-2.6102438,-1.1195734,-2.2635005,0.5660072,0.8252082,0.06687014,1.5533031,-0.7957089,0.32138908,1.8480482,-0.5055821,1.3815849,-0.35232523,-0.081523135,-0.039345898,0.36717564,0.9181798,-1.5280262,-0.5998037,-1.1710595,-1.8897307,-0.8427657,1.773572,-1.3544624,-1.4231153,-0.5075978,-0.80157375,-0.5616315,1.2847877,1.3258634,-0.57216114,-1.273574,-1.720407,0.9360986,1.4248642,0.837202,-0.32307482,1.1385933,0.7939333,1.7539124,-0.77234006,1.2286547,-0.60327584,-0.3571097,0.08111462,1.7424031
SLR26,-1.1112583,-1.0167987,-0.06407909,-0.06490324,0.44643113,0.11650077,-0.048952594,0.023477197,-0.29879352,-0.8907923,1.3686538,-0.14983274,-0.7492505,-0.8028114,-0.13749835,0.6535109,-0.24464446,0.57844204,-0.9331067,-0.39288574,-0.66666627,0.24882114,-1.1259985,-0.5015156,-0.0061199837,0.07416337,-1.034726,0.09799729,-1.0628833,-0.3173512,1.0281346,0.5949543,0.18745503,0.40594405,0.50333595,0.18282603,-1.0459648,-0.5989237,0.16566274,0.04050909,0.60881686,0.08381683,1.3079116,0.2203873,-1.163747,-0.42247683,-0.076457314,0.022115517,0.32255295,0.49045914,-0.6092067,-0.41451016,-0.041379496,-1.0474644,-0.056158528,0.5263504,-0.534336,1.3948253,0.22832468,0.08182592,-0.047538895,0.090960406,-0.24963112,0.46696588,0.3990323,-0.17108676,0.78446376,0.09351036,-0.35203984,-0.23054852,-0.2504515,-0.11105113,0.11381851,1.3860425,-1.214525,-0.25147736,-0.4483531,-0.014363188,0.037386276,0.16121158,0.24728717,-0.46869344,-0.24098353,-1.0381359,0.40480545,0.82964927,0.54360574,0.5605217,0.45706564,0.71577466,0.16919068,-0.2013963,0.98092705,0.07958913,-0.29330334,0.46464217,1.3665178
LUDLU-1,4.7732034,4.154452,2.0037222,-3.3720088,0.03233692,1.2540556,0.22297847,0.4706575,-0.98468184,-5.1366715,1.7265315,-0.9765945,3.538288,0.955673,1.5879173,3.9511237,2.669735,-1.6110477,2.0931764,-3.5057752,0.4055012,5.2163944,4.327022,3.8308527,-0.95960116,2.4413738,-2.5698504,2.3323903,3.170283,0.3019263,-1.5313641,-1.1835748,7.191653,-2.391486,-2.8672695,0.080328934,1.1247998,-2.7189524,-0.021724403,-3.7971087,3.953775,-5.30104,3.9641175,-1.4877775,0.87077683,7.318784,-3.2928545,-4.921527,2.6396794,-0.94539666,-1.9174383,5.727902,4.513051,0.96801066,-4.7572646,-3.0909953,-0.9850389,-0.8576972,-6.160131,-0.31178313,-2.5496123,5.530178,1.0783422,-0.13329124,2.5363533,-0.8514205,-3.7151299,-2.0233853,-1.9367168,3.9820244,3.9647422,1.2609257,5.0970945,-1.4290494,-3.4039502,-1.6633661,1.3578804,0.80609435,0.73614395,-2.0358877,-2.8700235,1.4309907,6.540868,-7.037964,-0.42151585,-1.973328,0.32400018,-3.4151905,-2.5738003,-0.17794451,0.16512768,-2.245927,1.8602926,3.7358348,0.436318,2.8545175,0.6081538
OELE,-1.8993979,-0.9231957,1.1083386,-0.6060963,-0.3733703,-0.12536116,-1.4942397,-1.1285156,0.05813717,-0.21323925,2.0387857,-0.67164004,-0.87964875,-2.1489782,1.4830358,0.4724561,-0.09440651,1.5191225,-0.48523802,0.17394103,-1.2210809,-1.5287384,-1.5716342,-1.7179334,0.71346754,1.1315516,-0.7595536,0.703892,-2.2814455,-2.1075566,2.2768939,0.45078924,-1.1844718,0.26997393,0.7570706,0.50500107,-0.6330127,-0.16231887,1.9266324,-0.9342946,0.98321855,1.0406281,1.3601761,0.39648068,-1.7246369,-1.396681,-0.6832323,0.028282464,0.14138925,1.9837099,-0.5808907,-2.43057,-1.0510368,-2.063229,0.531307,0.74741805,0.0860344,1.4086444,-0.7352611,0.30185014,1.7137979,-0.47322613,1.2695073,-0.34259737,-0.08460277,-0.034195643,0.3311093,0.8529698,-1.4287875,-0.5492646,-1.0805931,-1.7485904,-0.78381896,1.6155214,-1.2279162,-1.3106152,-0.44251662,-0.73891866,-0.5174453,1.1915151,1.2249831,-0.5123616,-1.178064,-1.5913298,0.86756885,1.319952,0.7702156,-0.32113132,1.0290276,0.72578686,1.637836,-0.7075673,1.1040909,-0.580835,-0.33327916,0.08000226,1.5999333
HEL 92.1.7,-1.2664274,-0.44896626,0.54546803,-0.331096,-0.22818916,-0.38639066,-0.96408224,-0.5406192,0.08658826,0.11624554,1.481466,-0.48229533,-0.52816856,-0.8467648,0.62609816,0.08782403,-0.23864676,0.8816286,-0.25368452,-0.0069988705,-0.8206513,-0.5318804,-0.9334806,-0.87682045,0.5821874,0.6629494,-0.7782262,0.63397706,-1.2024077,-1.0993595,1.1190981,0.034620114,-0.474148,0.11312095,0.6080612,0.61003447,-0.08024642,0.050557747,1.1772604,-0.76097846,0.70821494,0.50628144,0.679337,0.13251175,-1.0933591,-0.78779405,-0.34296912,-0.0018842593,0.055990078,1.2920779,-0.14501184,-1.017213,-0.53911406,-1.2172921,0.12810406,0.2763729,-0.23165688,0.86452836,-0.32225654,0.0039668176,1.046549,-0.14772986,1.0681313,0.1278468,0.20746212,0.21275254,0.1103169,0.6818148,-0.6237545,-0.2851067,-0.59019977,-0.96707416,-0.40831402,0.72198796,-0.6057877,-1.036344,-0.6108011,-0.47818908,-0.18674633,0.89735085,0.6996123,0.0076891705,-0.34959722,-0.72061753,0.26157743,0.4242121,0.4868533,-0.28978047,0.4978916,0.40900138,0.86187816,-0.4324504,0.7543459,-0.17369123,-0.095749475,-0.14025542,0.9501324
NCI-H3255,-2.054654,-1.0110152,1.1824481,-0.6475401,-0.39398992,-0.13064632,-1.6097894,-1.2196199,0.05056805,-0.24371606,2.2327027,-0.7350966,-0.9634597,-2.318401,1.593195,0.518206,-0.11544255,1.6407462,-0.54497427,0.16628739,-1.3280611,-1.6224067,-1.7141234,-1.8582704,0.7701679,1.2175758,-0.8470374,0.7602574,-2.4666643,-2.2655857,2.4669707,0.5007866,-1.2683543,0.2988056,0.8276403,0.5569779,-0.68561244,-0.1711919,2.091855,-1.0066473,1.0910658,1.1120328,1.4841903,0.41937703,-1.8852136,-1.5107242,-0.7284869,0.027920365,0.14804335,2.1323006,-0.63200784,-2.613966,-1.1228112,-2.2502162,0.56679755,0.81603336,0.0701597,1.5435253,-0.79527193,0.32159796,1.8465832,-0.50577307,1.3809664,-0.35658988,-0.08207555,-0.03768706,0.36266923,0.9209742,-1.5291651,-0.5982211,-1.1695596,-1.8881634,-0.8464912,1.7669233,-1.3467206,-1.4199533,-0.5003284,-0.79970616,-0.5580562,1.2849058,1.3278713,-0.5659121,-1.2727401,-1.7184485,0.9367862,1.4256973,0.8363958,-0.32866904,1.130044,0.79266614,1.7567098,-0.7727198,1.2181015,-0.6087724,-0.35545012,0.078277275,1.7413552
SNU-349,5.555518,5.3047028,1.8760991,-3.798992,0.9909191,1.4742188,0.042455018,0.16521704,-2.137926,-7.02864,3.4155548,-0.54413813,3.334716,1.3228139,1.4982457,5.1080594,3.2042902,-2.192349,2.0956593,-4.93559,-0.12176554,7.685913,4.91996,5.085458,-1.563759,3.4621928,-3.7299674,2.655811,3.7727985,0.87632984,-1.8212724,-0.6775058,9.295957,-2.1188407,-2.8581831,0.98993826,1.2683864,-3.5528078,0.04664947,-3.838153,5.60516,-7.4535174,5.1674523,-1.935267,0.37625682,9.938016,-3.5143876,-6.2832537,3.3991125,-0.63140523,-2.2123606,7.765565,5.664865,1.0868356,-6.328263,-3.6592093,-1.7970132,-0.15729292,-7.4069085,0.23225284,-4.5191,7.660173,0.8320077,0.5555204,3.4294748,-2.1721716,-4.322464,-2.742553,-2.3328798,5.0853887,4.459568,2.360716,6.7726007,-0.36454406,-4.784538,-2.2817538,1.0560377,1.1937143,1.306192,-3.1204932,-3.6471303,1.6987677,8.396415,-9.321341,-0.7806942,-1.6706966,0.17083655,-3.542454,-3.3474393,0.1210409,0.094181076,-3.0905151,2.5466995,4.707947,0.17590702,3.723306,0.8325499
NCI-H2106,0.2388562,0.2110381,0.29617852,-0.4758817,-0.03448984,0.064704224,0.045292668,0.19318217,-0.0538851,-0.7374919,0.123840496,-0.1833163,0.46562982,-0.24794711,0.19154808,0.57571983,0.27023357,-0.14405245,0.10439428,-0.2967818,0.090381585,0.47307223,0.28732675,0.36024636,-0.01611984,0.14921558,-0.47224408,0.32306057,0.27297664,-0.0868329,-0.065252446,-0.28663963,0.7841319,-0.39507264,-0.36374786,-0.09056922,-0.25766754,-0.40917176,-0.20956114,-0.42362517,0.5290319,-0.4464323,0.7131019,-0.114517376,0.1332982,0.71203303,-0.51811254,-0.52390015,0.3748744,-0.030338999,-0.38215417,0.5686529,0.5357795,0.063177004,-0.57900816,-0.3686534,-0.0041156393,-0.06781113,-0.60365343,-0.029807957,-0.3165564,0.73176116,-0.1038244,-0.11177708,0.45531377,0.030673701,-0.2679515,-0.17844424,-0.26509014,0.47015294,0.4495514,0.1011628,0.4172718,-0.086977296,-0.46164966,-0.06391309,0.26439244,0.08743732,0.11679625,-0.15674084,-0.30883038,0.17779762,0.8391774,-0.848452,-0.05821509,-0.10826188,0.12819642,-0.29940534,-0.27637362,0.18212676,0.06003925,-0.16403541,0.19800055,0.3941695,-0.075240135,0.49871328,0.3469867
RCH-ACV,-2.0708861,-1.0695457,1.1456721,-0.62157077,-0.3972807,-0.14654872,-1.5697931,-1.1361322,0.03580778,-0.27605677,2.3334754,-0.75291324,-0.97376037,-2.2821136,1.5160086,0.5221596,-0.1228854,1.6172734,-0.6515907,0.13183765,-1.3391665,-1.5188516,-1.7649287,-1.8684832,0.7944927,1.1345158,-0.94006425,0.7586678,-2.4867132,-2.2233837,2.5018082,0.48833254,-1.1975952,0.28634924,0.85053176,0.54983205,-0.7406345,-0.17517173,2.0649068,-1.0507457,1.1790692,1.1063664,1.6167412,0.35781425,-1.9136068,-1.5411357,-0.71965337,-0.012632512,0.17399774,2.093602,-0.6264351,-2.6261797,-1.0843041,-2.3178415,0.5532809,0.81842375,-0.030272622,1.611474,-0.75071716,0.26484907,1.8506656,-0.5088464,1.3646498,-0.29849356,-0.006092299,-0.012328856,0.37749654,0.961243,-1.5362377,-0.59328616,-1.1500156,-1.856323,-0.84398943,1.7928731,-1.3950143,-1.3822682,-0.5923145,-0.840602,-0.5716309,1.3121408,1.3097012,-0.5624735,-1.2616823,-1.7157111,0.95513767,1.4412147,0.902584,-0.28475773,1.180415,0.8737909,1.7142829,-0.773685,1.3107435,-0.5754942,-0.3440141,0.060735945,1.8163224
WM115,-1.4834819,-1.3834342,-0.2483508,-0.1222682,0.5682974,0.06817103,-0.37816414,-0.19328839,-0.91026396,-1.9217253,2.408822,-0.42636698,-0.83936274,-1.6949233,0.07555245,1.1229296,-0.21758074,0.94866925,-1.4991273,-0.75655323,-1.0590059,0.41541198,-1.8505145,-0.9146892,0.2072754,0.03440063,-1.7309352,0.11238067,-1.625886,-0.54471135,1.4592003,1.1381612,0.4801648,0.4702649,0.7724869,0.517212,-1.5248332,-0.66342044,0.5321949,-0.0011753105,1.3492826,-0.21857657,2.3391912,-0.15065625,-1.7865186,-0.7760027,-0.3394606,-0.50551397,0.1590977,0.75959086,-1.1750157,-1.1146233,0.30412254,-1.6587434,-0.18885836,0.8748939,-0.78385204,2.187857,-0.37646115,0.13251056,0.099260665,0.20112741,-0.2088189,0.54279625,0.63894355,-0.7306041,0.7861821,-0.049224738,-0.72852534,-0.23453231,-0.39224255,-0.6188885,0.080900684,2.3047645,-2.0329323,-0.4718962,-0.9765125,-0.44449383,-0.038412683,0.4129518,0.6192006,-0.8743805,-0.2545678,-1.8330935,0.7322625,1.5842887,0.6444345,0.84962285,0.9833558,1.3072338,0.14128895,-0.3956098,1.6687865,0.37597567,-0.6274633,0.44274697,2.220332
NOMO-1,-1.950276,-1.0217234,1.0833769,-0.59157246,-0.37863845,-0.13673432,-1.4667171,-1.0526373,0.035712633,-0.26470584,2.1804874,-0.7004072,-0.9093024,-2.140841,1.4289567,0.48534846,-0.096207485,1.5346743,-0.6221789,0.1328913,-1.238594,-1.4461138,-1.6469711,-1.7613374,0.7679103,1.0564846,-0.86748314,0.7101616,-2.3469934,-2.0865304,2.3612545,0.44390395,-1.1231441,0.2626322,0.7827459,0.50283813,-0.7225898,-0.18761763,1.9145513,-0.9985211,1.1055958,1.0465133,1.5388718,0.3380401,-1.7920489,-1.4619639,-0.6825235,-0.01404386,0.15941766,1.9697574,-0.6054277,-2.486972,-1.0281882,-2.1734512,0.52906823,0.766966,-0.022529569,1.5141563,-0.69646984,0.24303591,1.7385411,-0.46851036,1.2680374,-0.2921684,0.0065624975,0.002972308,0.36715457,0.9156343,-1.4468412,-0.5600148,-1.0718081,-1.7478886,-0.78110415,1.6715668,-1.3215076,-1.2906809,-0.5401569,-0.7987128,-0.53274506,1.2392175,1.2230996,-0.53500485,-1.2087989,-1.6107658,0.90033734,1.3657951,0.8653094,-0.27212295,1.1114662,0.831367,1.6040138,-0.71682984,1.2268561,-0.5563871,-0.3334259,0.06823683,1.724895
RD,-1.235191,-1.1198343,-0.57846725,0.20056498,0.994021,0.08300782,0.006912723,0.015213192,-1.007531,-1.7769203,2.5187917,-0.10466553,-1.0887556,-0.94198984,-0.589752,1.160586,-0.4820099,0.52208334,-1.3992978,-1.1173877,-1.0215228,1.3904073,-1.4860294,-0.37317216,-0.062263686,-0.037005868,-2.0593703,-0.0898193,-1.1158254,0.11587701,0.8621495,1.0045805,0.87451136,0.7637931,0.88497233,0.7829447,-1.1565503,-0.68175036,0.19280034,0.2901131,1.336477,-0.6391062,1.9477575,-0.062590785,-1.904817,-0.08993338,0.06961228,-0.4322111,0.3079375,0.5119715,-0.95653915,0.15925387,0.58534217,-1.4068744,-0.41636285,0.751518,-1.0398488,2.056136,-0.017750012,0.2771865,-0.679456,0.6678226,-0.40729794,1.1085675,0.7509094,-0.8005837,0.8667043,-0.14032519,-0.23180062,-0.14550301,-0.26975024,0.015448473,0.40846092,2.184795,-1.9366238,-0.51685274,-1.214065,-0.12529516,0.26089513,0.08774353,0.15989922,-0.73011786,0.26200277,-1.5480133,0.27522454,1.1357783,0.44144273,1.1958857,0.70118433,1.0576345,-0.160322,-0.44144127,1.6472092,0.63445747,-0.6173803,0.46384144,1.7901142
PF-382,-1.9577031,-0.9674015,1.0946262,-0.60073525,-0.33570346,-0.1250925,-1.5100348,-1.159536,0.035093997,-0.28561825,2.1172254,-0.6954815,-0.90658545,-2.2434437,1.502029,0.5433478,-0.13700213,1.5574081,-0.5467923,0.12517826,-1.2685418,-1.5320517,-1.6575203,-1.7534676,0.68809646,1.1294599,-0.80219513,0.71998084,-2.3414168,-2.1438372,2.3571413,0.5335139,-1.1788527,0.2846264,0.8102573,0.49997428,-0.6834051,-0.17068478,1.9834428,-0.90293014,1.0321741,1.0291218,1.4453425,0.39295852,-1.8315544,-1.4162003,-0.6969553,-0.0063726306,0.14625245,1.9651015,-0.6407356,-2.478355,-1.0488213,-2.155767,0.5472307,0.8384721,0.052876715,1.4872072,-0.77095556,0.31766856,1.7061135,-0.50119096,1.2612479,-0.3361638,-0.09142181,-0.058951452,0.35759708,0.81272584,-1.4483881,-0.5617291,-1.0906329,-1.7826469,-0.80943155,1.7290062,-1.326389,-1.3284961,-0.4687875,-0.7358646,-0.53427905,1.1937134,1.2749903,-0.56590813,-1.1914384,-1.6518524,0.91401976,1.3815097,0.7857303,-0.28728926,1.1148183,0.7706641,1.6468252,-0.72590137,1.1905152,-0.56087375,-0.33711055,0.06699347,1.6826134
TE-6,1.5485519,1.694475,0.0553597,-0.26054227,-0.8974119,-0.48077723,0.10960373,-0.20262742,-0.21945643,-1.5265204,1.4058477,-1.0238894,1.4798977,0.9366317,0.109159276,1.2160263,0.6964501,-0.112245165,0.6178119,-1.1664289,0.44065917,1.6277844,1.0847616,1.5285525,1.0478553,0.33086342,0.352016,0.83551985,1.1877867,0.5400513,-1.6546177,-0.6151593,2.837657,-1.4994411,-0.3752814,0.22372033,2.1055188,0.25750357,0.7500057,-1.662185,1.5975577,-1.7996083,-0.045157015,-1.4647433,-0.412606,1.5851125,-0.7504033,-1.9915323,-0.14239165,-0.70464605,-0.6099761,0.9845345,1.3838434,0.5033306,-0.9278538,-1.0881937,-1.0364423,-0.9479876,-1.8392386,-1.0686612,0.5881886,1.1615232,1.75071,0.49111146,0.74420804,0.025065087,-2.440937,-0.06557086,0.45920384,0.6558717,1.0255554,-0.13055696,1.9694192,-1.5700457,-1.0899501,-1.2591269,-0.334085,-0.24528396,-0.033795364,0.5850506,-0.343112,0.29087657,2.5513573,-1.7099314,-0.5874207,-1.7385327,0.85907394,-1.8908335,-0.44750923,-0.582112,-0.29671147,0.8043339,0.97409344,1.6243485,1.1169821,0.0605693,-0.10992222
JHOC-5,-2.0653396,-1.0749704,1.1582544,-0.6307566,-0.4081489,-0.14858127,-1.569031,-1.1247464,0.037348676,-0.26193452,2.3278215,-0.7537672,-0.9809748,-2.2638543,1.5249488,0.51593924,-0.10832069,1.6292753,-0.64907944,0.13676082,-1.3244426,-1.5350035,-1.750519,-1.873859,0.8142854,1.1409394,-0.93054634,0.754834,-2.4933443,-2.2139566,2.503535,0.47312608,-1.2005233,0.27799746,0.83863026,0.55218244,-0.7381939,-0.18150556,2.0548084,-1.0636468,1.1830326,1.1105589,1.6188312,0.36501837,-1.9107629,-1.5502675,-0.72003806,-0.0023562014,0.16190673,2.1010025,-0.6336272,-2.6275036,-1.0899966,-2.3159792,0.5607112,0.814458,-0.024654519,1.602594,-0.751453,0.26994392,1.8626175,-0.49526617,1.3722185,-0.30249795,0.0037151761,0.0034238803,0.3809355,0.97611374,-1.5350467,-0.5929227,-1.1499883,-1.86239,-0.83789766,1.7726543,-1.3948915,-1.3876244,-0.5888268,-0.846626,-0.5725671,1.3250005,1.304412,-0.5664525,-1.2814792,-1.7061775,0.94807255,1.4383229,0.9111796,-0.2945325,1.1766033,0.8674189,1.7116615,-0.77282876,1.3024377,-0.5858893,-0.3514166,0.059764884,1.8167984
NCI-H2141,-2.0872536,-1.0834398,1.1664329,-0.6370925,-0.40923852,-0.14934573,-1.5857626,-1.1337492,0.038767375,-0.2698068,2.3464339,-0.7612756,-0.9868473,-2.2903354,1.540953,0.52328765,-0.11009552,1.6445438,-0.6574434,0.1345482,-1.3385149,-1.5490634,-1.7695518,-1.8920431,0.8207274,1.151,-0.9434983,0.76017386,-2.5203142,-2.2389657,2.533526,0.481423,-1.2121079,0.28331158,0.84761196,0.55593705,-0.75141793,-0.18442918,2.0698555,-1.0719438,1.1955038,1.1199684,1.6371852,0.36537707,-1.9338651,-1.5625008,-0.7270286,-0.004773855,0.1648937,2.119705,-0.6426632,-2.6556218,-1.0998269,-2.336182,0.5650964,0.82171786,-0.026747096,1.6200184,-0.75944245,0.2715005,1.8753138,-0.50035834,1.3838124,-0.30544534,0.0047862493,0.0034434046,0.38541391,0.9847195,-1.5497282,-0.60027796,-1.1598117,-1.8784983,-0.84901226,1.7962098,-1.4124587,-1.39897,-0.59458345,-0.85271907,-0.57435155,1.3352194,1.3203112,-0.573971,-1.2955371,-1.7239313,0.96052146,1.4568485,0.92031044,-0.29658362,1.1896251,0.8772118,1.7264525,-0.7810345,1.3155571,-0.58979094,-0.3536527,0.05912873,1.8400853
JHH-1,5.7861447,5.220289,2.4878278,-4.360796,0.45724717,1.4317377,0.22965024,0.39082736,-1.5226345,-6.8239527,2.7686484,-1.1520488,3.938258,1.405735,1.7561429,4.9383864,3.3254814,-2.1294541,2.6207108,-4.727773,0.12000069,6.998849,5.6485558,5.0499787,-1.4164977,3.3772361,-3.5960884,2.8933635,3.8175356,0.7631225,-1.5829815,-0.87423974,9.31174,-2.53091,-3.36041,0.19047229,1.3593712,-3.6297858,0.092372775,-4.5094666,5.2608266,-7.0902815,5.230621,-1.901181,0.5096512,9.570155,-3.9654565,-6.272477,3.4930634,-0.8945763,-2.5654142,7.5431123,5.916352,1.1001928,-6.1652846,-3.9400454,-1.4690257,-0.5330459,-7.5755897,0.066565946,-3.7208073,7.3169184,1.2510183,0.41599098,3.5570123,-1.5291404,-4.3235626,-2.7923796,-2.4814758,5.170577,4.8241577,1.8620361,6.985634,-1.3019277,-4.533156,-2.3307743,1.1682513,1.1235005,1.0405078,-2.424261,-3.7775114,1.6729091,8.270237,-9.273924,-0.3342358,-2.182376,0.19684888,-3.9949896,-3.6083045,-0.008883616,0.107684985,-3.2799723,2.4508667,4.6612773,0.6558416,3.5887747,0.98156774
MDA-PCa-2b,-2.0860794,-1.1074432,1.1591413,-0.6286579,-0.3836485,-0.1417511,-1.5464711,-1.1421267,0.0149972625,-0.31205314,2.368127,-0.76077104,-1.0017394,-2.3144615,1.5231613,0.54400754,-0.13043734,1.6614095,-0.70147324,0.107694834,-1.3439273,-1.5161229,-1.796672,-1.88642,0.8062473,1.1380173,-0.9655828,0.7613861,-2.526825,-2.2242439,2.5337234,0.51868516,-1.2017199,0.30066752,0.84798425,0.54115653,-0.771571,-0.20035614,2.0698814,-1.0339212,1.2166663,1.1075408,1.6643283,0.3613965,-1.9676641,-1.5648491,-0.7270098,-0.023739174,0.17718688,2.0910368,-0.6693768,-2.6428795,-1.0805632,-2.363952,0.57156324,0.8474025,-0.046994526,1.650526,-0.76443726,0.27017373,1.859022,-0.49828932,1.3609128,-0.2879626,0.0060290955,-0.017629482,0.41145128,0.9620064,-1.540915,-0.6116205,-1.1625632,-1.8612894,-0.82964414,1.8396814,-1.4561568,-1.3874619,-0.6077698,-0.84364253,-0.57003796,1.3173532,1.3221937,-0.6026673,-1.276805,-1.7265322,0.96495795,1.4656748,0.91269183,-0.27364865,1.2314628,0.88591814,1.701657,-0.7867258,1.3537407,-0.56661326,-0.3631032,0.07083565,1.853323
PC-14,1.3769597,0.885882,0.121898234,-0.8089141,0.8914869,-0.040484726,0.19577268,0.6332115,-1.8934431,-3.6758978,3.0713694,-0.71582896,0.70590645,0.25893635,-0.51288795,2.34028,0.63676476,-0.67945105,0.079065904,-2.681074,-0.59700775,4.4581466,0.9815093,2.4954462,-0.7082136,0.34932733,-3.0456386,0.31537938,0.71974915,1.3372601,-0.34519804,0.5490295,4.458678,-0.3435934,-0.3100585,0.81521195,-0.5305818,-1.7669328,-0.7195437,-1.1090045,2.9098012,-2.9838471,3.6566997,-1.2236668,-0.7412538,3.715221,-1.4939606,-2.9977286,1.4196349,-0.31528422,-1.1771795,3.299287,3.4063382,-0.15639809,-2.4360297,-0.52553326,-1.9276975,1.2573612,-2.4121509,0.28138953,-2.4176767,3.5773427,-0.0139994975,1.1777518,2.1382313,-1.4624445,-0.72355425,-1.2558453,-0.89106196,2.2827022,2.0303442,1.2938433,3.656613,1.2367382,-2.8689773,-1.0596186,-1.2640772,0.5886089,0.7217261,-1.4398899,-1.8721718,0.336819,3.739607,-3.6904867,-0.11797553,-0.4596023,0.531399,-0.8709537,-1.2814733,1.0294471,-0.96938705,-1.6525446,2.1858213,2.3766558,0.0105827525,1.1833231,1.4721639
SUP-T11,1.307033,1.2478133,0.57164216,-1.1875247,0.047446012,0.5996258,0.03799265,0.18343727,-0.576639,-2.163963,0.85794735,-0.4923458,1.3327308,-0.28032708,0.49686727,1.6553721,1.0001268,-0.7109713,0.48930693,-1.1809016,0.1975171,2.037936,0.9944636,1.3710243,-0.29893717,0.7980205,-1.2665296,0.7997996,0.97523284,0.21165517,-0.503752,-0.56168425,2.6911938,-1.0176253,-0.99666166,0.034907117,-0.09799298,-1.1675853,-0.20946123,-1.1146669,1.6320034,-1.8586522,1.8951294,-0.6342977,0.45363462,2.7148411,-1.37559,-1.9373918,0.9017244,-0.27731895,-0.76112056,2.1329021,1.8141825,0.19929092,-1.7582043,-0.9964471,-0.26705092,-0.034888167,-2.1768944,0.04278487,-1.1832418,2.235909,-0.037463903,-0.26946047,1.099999,-0.54155374,-1.3032558,-0.6794027,-0.8617918,1.5417747,1.3440614,0.4416954,1.6383476,-0.19091392,-1.3589227,-0.3776058,0.59569746,0.33207315,0.42613286,-0.91759855,-0.9253934,0.52300423,2.5927303,-2.6084003,-0.20657396,-0.4176609,0.09678478,-0.9130173,-0.8205358,0.26427323,0.061202984,-0.802656,0.6960864,1.5909902,-0.28022507,1.1967936,0.5056732
WM266-4,4.6524167,4.16291,2.1810436,-3.7323008,0.39636073,1.4034206,0.13968372,0.43138885,-1.2328196,-5.5244784,2.0674093,-0.9695965,3.1952806,0.76834166,1.7102307,4.1843967,2.9327133,-1.8954643,2.1876993,-3.7911963,0.15105581,5.5690556,4.24795,3.9807568,-1.2429464,2.6987715,-3.3105989,2.3314197,2.8574092,0.5520959,-1.3763193,-0.7909189,7.503715,-2.2328334,-2.8080144,0.07687923,0.74312896,-3.0384696,-0.11462093,-3.6806793,4.19314,-5.5376196,4.688072,-1.4422193,0.84839064,7.8133845,-3.5305223,-5.0566816,2.8848734,-0.55439067,-2.012825,6.3050737,4.910431,0.7543608,-5.157149,-3.1131516,-0.8779184,-0.3518484,-6.332164,0.16475262,-3.0414822,6.041121,0.77849984,-0.030387469,2.8116882,-1.5317703,-3.473256,-2.2097816,-2.3943226,4.3422694,3.974457,1.4332958,5.321218,-0.9998081,-3.5264845,-1.6348472,1.1620706,1.0087955,0.9523788,-2.4717443,-3.105534,1.3915738,6.787424,-7.5223403,-0.116710916,-1.4284669,0.022552684,-3.1696327,-2.7985175,-0.047570072,0.23498191,-2.8477726,1.7716442,3.9536278,0.05803851,3.1973684,0.7994608
NCI-H810,0.56394315,0.62481946,0.06878981,-0.110808566,-0.26118746,0.122381546,0.08558768,0.104873545,-0.122868255,-0.93356675,0.25006315,-0.25144124,1.025634,-0.18500954,0.16351359,0.6573158,0.32262963,-0.14979395,0.049348623,-0.36641502,0.30079502,0.814137,0.33834887,0.670042,0.23508975,0.093273506,-0.0394827,0.47406107,0.6617671,-0.15243658,-0.6726241,-0.74517894,1.2146484,-0.7290572,-0.39720252,0.2869268,0.36910293,-0.2791824,-0.045494907,-0.7057197,0.7432462,-0.66410947,0.4579841,-0.5583284,0.14096445,0.96676224,-0.55516565,-1.0602415,0.22145489,-0.36508685,-0.23380339,0.6796342,0.41950542,0.34183913,-0.66208774,-0.3823033,-0.23756585,-0.3854114,-0.9973119,-0.5463062,-0.19377695,0.850413,0.31289834,-0.1421925,0.26372617,0.27944145,-1.0178555,-0.031805146,0.0015483387,0.47195745,0.6586257,0.056534838,0.89810115,-0.5666901,-0.56530744,-0.26430634,0.44676512,-0.11307286,0.12973516,-0.20066614,-0.26985288,0.34630865,1.3198564,-1.0987872,-0.46510336,-0.769633,0.3796367,-0.8055123,-0.2405863,-0.036647543,-0.030816343,0.2963369,0.48199895,0.70863605,0.22410771,0.55155694,0.06869914
BL-70,1.142359,1.1604108,-0.14274614,-0.026661668,-0.10609181,-0.03737653,0.05191911,-0.077611946,-0.74558794,-1.7014489,1.4172841,-0.20260833,0.89062196,0.466889,0.11221495,1.0701945,0.32859665,-0.29017004,0.0571704,-1.2184645,0.01189935,2.0749037,0.7100752,1.3641814,0.12752382,0.40444803,-0.26471424,0.4637591,0.8637781,0.3006034,-0.8367027,-0.15495473,2.4062767,-0.6908627,-0.19191173,0.6056337,0.7323746,-0.33799592,0.29535794,-0.97568035,1.4172297,-1.7779393,0.8375996,-1.2408023,-0.3565139,1.9289209,-0.7048975,-1.7158821,0.32925594,-0.40597898,-0.40926373,1.3483061,1.2227017,0.30200887,-0.9342216,-0.4155074,-1.0253589,-0.22041465,-1.7046669,-0.3946503,-0.6828152,1.6592435,0.5840421,0.21481761,0.7590199,-0.42552015,-1.4620775,-0.5876004,-0.1549051,0.958611,0.9362264,0.2101733,1.9706252,-0.08453691,-1.4071288,-0.8391896,-0.45205116,-0.11672297,0.32582077,-0.5616107,-0.4450661,0.1773705,2.189401,-2.0168314,-0.54648554,-0.87510115,0.65232605,-1.0379752,-0.35344967,-0.052443855,-0.13133428,-0.11257244,1.0272421,1.3813906,0.28110397,0.5486164,0.003647834
42-MG-BA,3.8721697,3.5559993,1.1904054,-2.3590224,0.26940137,1.1078641,0.024653563,0.039279018,-1.4769692,-4.782412,2.3501368,-0.7840691,2.6088815,0.72024536,1.1285105,3.49976,2.214683,-1.3785893,1.528683,-3.2824922,0.21876149,5.093385,3.1636693,3.587829,-0.8384957,2.0950763,-2.2161038,1.7646897,2.4283428,0.59399104,-1.4874474,-0.7048347,6.47437,-1.8381028,-1.8848997,0.523365,1.0623169,-2.326927,0.04284937,-2.7769501,3.660444,-4.859875,3.6107843,-1.630454,0.38717106,6.66435,-2.592338,-4.4693084,2.075006,-0.68409044,-1.3745832,4.854726,3.9193492,0.7073473,-4.0002136,-2.1732779,-1.2270578,-0.46570194,-5.3396144,-0.072250865,-2.705087,5.05301,0.8587977,0.10014247,2.22278,-1.4750414,-3.379656,-1.6785114,-1.5824424,3.423638,3.1605422,1.3177243,4.7531476,-0.5134578,-3.2915564,-1.5062135,0.618175,0.53356373,0.8060965,-2.1910176,-2.1927173,1.035472,5.8218966,-6.1028447,-0.6299367,-1.533718,0.37828898,-2.684739,-2.10716,0.05898633,0.0019316198,-2.02955,1.8930854,3.3910322,0.14819357,2.3864062,0.49884853
HN,-1.9955912,-0.99700737,1.1346936,-0.62918115,-0.36439466,-0.12513122,-1.5538317,-1.1795205,0.039642677,-0.2657868,2.1637368,-0.71904266,-0.9350121,-2.2661169,1.549822,0.5218831,-0.11918652,1.5995265,-0.5536624,0.1412569,-1.2872193,-1.570022,-1.6710176,-1.7956644,0.7382881,1.1669679,-0.8245447,0.7432662,-2.3903332,-2.17815,2.3951855,0.5295411,-1.1995546,0.291344,0.8061392,0.5258223,-0.69563764,-0.17834368,2.021215,-0.94955957,1.0608882,1.0667969,1.4697124,0.40706533,-1.8509048,-1.4659717,-0.71063924,0.0056234337,0.14262985,2.031349,-0.6523815,-2.5347733,-1.0742266,-2.1994002,0.54816955,0.82325006,0.05706531,1.5182377,-0.7858879,0.31599873,1.7628262,-0.4972283,1.3103843,-0.3615811,-0.08541618,-0.05808246,0.38171154,0.85907656,-1.4790215,-0.5753301,-1.118395,-1.8401866,-0.80730766,1.7320877,-1.3572763,-1.3691719,-0.48161262,-0.76596284,-0.55775565,1.2404715,1.2938297,-0.5643381,-1.2252904,-1.679346,0.9125082,1.3998734,0.8191257,-0.2984797,1.1256369,0.77743894,1.6878316,-0.7431719,1.2062181,-0.5820012,-0.34175265,0.07864207,1.7210209
COLO 792,-2.0613427,-1.0522927,1.153465,-0.63548845,-0.35388365,-0.11274851,-1.5883988,-1.2189374,0.029202588,-0.2986309,2.2444413,-0.73923045,-0.97008467,-2.35013,1.5858133,0.5530543,-0.13214262,1.6547252,-0.593569,0.13389477,-1.3228132,-1.603922,-1.7425572,-1.8618778,0.7501963,1.1929303,-0.85538244,0.75977695,-2.4774466,-2.246758,2.483449,0.5604837,-1.2359737,0.3101568,0.8340618,0.53426677,-0.7346475,-0.20071998,2.0839264,-0.9644227,1.1001278,1.0934316,1.5444404,0.4158545,-1.9319111,-1.5192927,-0.7194779,0.0059811734,0.15078253,2.0763543,-0.6875698,-2.6107612,-1.108207,-2.2807653,0.5753758,0.86718386,0.049972754,1.5842074,-0.8040686,0.32214117,1.8108399,-0.5068449,1.3446393,-0.35023198,-0.08317265,-0.05881554,0.4034204,0.88183594,-1.5065721,-0.60337824,-1.1526635,-1.8898757,-0.83266324,1.8198676,-1.4278293,-1.4025792,-0.50024974,-0.7891205,-0.57241374,1.2618934,1.3404305,-0.6061551,-1.2722015,-1.7345314,0.9421547,1.4541647,0.84066397,-0.27941757,1.183802,0.8171994,1.7321523,-0.7765634,1.2700562,-0.5952585,-0.3582677,0.08748776,1.793901
SNU-C4,-2.0221515,-0.98102677,1.140873,-0.61190844,-0.33591253,-0.13254327,-1.5760019,-1.2004,0.036462627,-0.25981188,2.2162657,-0.73813987,-0.95204026,-2.3017645,1.5479158,0.55501944,-0.15047103,1.5962446,-0.54336345,0.1393376,-1.327637,-1.5934844,-1.7204157,-1.8360473,0.7013479,1.2110996,-0.8677562,0.74095505,-2.420037,-2.2334778,2.4634461,0.53747404,-1.2401152,0.281498,0.862321,0.53936064,-0.6706735,-0.13867684,2.0726974,-0.96793747,1.0783402,1.075278,1.4756585,0.4132824,-1.8922658,-1.4608135,-0.7041427,0.010038126,0.16323924,2.0942018,-0.638791,-2.5600126,-1.1046336,-2.2194166,0.5656952,0.827439,0.056149144,1.5300938,-0.79806113,0.3305801,1.801481,-0.51980716,1.3728491,-0.31363305,-0.08472155,-0.06613213,0.3369249,0.86397237,-1.4985931,-0.57883495,-1.1589583,-1.8515928,-0.8829192,1.7808409,-1.3210542,-1.4074829,-0.50323296,-0.7647766,-0.55546147,1.2445966,1.3291937,-0.5591115,-1.2241201,-1.717619,0.943005,1.4200885,0.79298705,-0.3133832,1.1333743,0.7913432,1.7284762,-0.7803129,1.2263194,-0.5769963,-0.33039153,0.063060336,1.7387046
HuP-T4,2.0957892,1.8725746,1.0058837,-1.786047,0.31690302,0.4320789,0.059033416,0.32059884,-0.76713735,-2.8529603,1.3894565,-0.6366157,1.376363,0.27751645,0.6294776,2.1200168,1.4401159,-0.93495756,0.9675607,-2.0428824,-0.3069325,2.9655056,2.0963676,2.0380166,-0.6752014,1.1698374,-2.0248995,0.9571142,1.105255,0.6685479,-0.5269505,-0.15368506,3.8221185,-1.00393,-1.0766636,0.10770225,0.22710693,-1.7841111,-0.08625765,-1.8074231,2.0616016,-2.8113952,2.7777503,-0.8633381,0.009692371,3.7853425,-1.801659,-2.720049,1.4690557,-0.10287398,-1.1873012,3.0226583,2.7841694,0.12913176,-2.4688907,-1.3121966,-0.56821126,0.2037654,-2.9394825,0.33772638,-1.51252,3.123531,0.2602415,0.324845,1.6102201,-1.0158085,-1.4807875,-1.355841,-1.3674581,2.330785,1.9634308,0.5463628,2.9678233,-0.2859054,-1.9347332,-0.9197642,0.05746673,0.4055832,0.55699724,-1.033383,-1.7197345,0.54984975,3.3365679,-3.9620917,0.17415906,-0.5089438,0.00516966,-1.3869907,-1.5241754,0.22165948,-0.0077941,-1.5136384,1.1076564,2.0709727,0.049908273,1.5218927,0.62981886
NCI-H209,-1.912244,-1.167951,0.79947335,-0.5834294,-0.2712565,0.024969596,-1.2596378,-0.9077795,-0.07881656,-0.6277622,2.1662667,-0.68210554,-0.8353793,-2.1862752,1.2706321,0.6205113,-0.049876846,1.4977142,-0.9316721,0.047408592,-1.1354471,-1.2508975,-1.6868166,-1.6613309,0.6734813,0.8619566,-0.99643797,0.6887756,-2.23464,-1.9130521,2.3424113,0.5617397,-0.9213517,0.25840238,0.6714131,0.365796,-1.0427581,-0.4313386,1.6800027,-0.76867366,1.2076164,0.8583427,1.8205087,0.2676375,-1.8447961,-1.4273511,-0.603145,-0.13463718,0.20955546,1.6734807,-0.7591646,-2.510706,-0.83890593,-2.2175791,0.3974783,0.88400036,-0.17856205,1.667014,-0.632974,0.13841191,1.415079,-0.45153242,0.88080114,-0.21421713,0.1533549,-0.12386671,0.53688174,0.82598937,-1.3111855,-0.513628,-0.90555364,-1.6050048,-0.5950279,1.8701233,-1.5706826,-1.0960099,-0.5166501,-0.954385,-0.5181618,1.0708109,1.2824006,-0.6578163,-1.0722057,-1.7014481,0.91636515,1.3787612,0.93139744,-0.09778346,1.2522116,1.0008541,1.4125708,-0.6598206,1.4110754,-0.37434885,-0.40542188,0.17953631,1.8987172
SCLC-21H,0.5010933,0.6558236,-0.26272944,-0.24400498,0.8885146,0.011558,0.148523,-0.1207788,-0.8388889,-1.4859501,1.5328768,0.24089037,-0.21688627,0.30030096,-0.3383713,1.0419168,0.11867858,-0.25008753,-0.030119926,-1.1881953,-0.45180497,1.9435883,0.2940094,0.81121075,-0.3459908,0.59346044,-1.1126224,0.2279676,0.4543482,0.40019357,-0.26577887,0.38102776,1.6961194,0.35059747,0.08767258,0.64217246,0.018722523,-0.56724244,0.07533078,-0.10279672,1.2841074,-1.5592254,0.9316244,-0.28617162,-0.7513661,1.6467195,-0.230205,-0.9777661,0.5807716,0.13650024,-0.61245155,1.5563145,0.962049,-0.123186976,-1.1227766,-0.31519893,-0.7322157,0.62515676,-0.99816114,0.35728765,-1.3623346,1.6147788,-0.10129111,0.86627305,0.7693494,-0.887882,-0.26003632,-0.44311735,-0.15727606,0.59161013,0.36965746,0.7606453,1.2285889,0.82377994,-1.2983912,-0.6775851,-0.42302817,0.22756849,0.48617095,-0.5521433,-0.5946833,0.04558136,1.4818782,-1.7029723,-0.2727082,0.058498353,0.014999539,-0.0013966262,-0.37093407,0.10558853,-0.16745111,-0.6256526,0.7521612,0.7314541,-0.19732612,0.6524301,0.4036454
GSS,-0.31360292,-0.004565093,-0.11979906,0.00029420294,-0.069072604,-0.18821943,-0.32209983,-0.4917481,-0.16335753,-0.42721152,0.79771465,-0.20113711,-0.1747813,-0.51363105,0.13089482,0.18303674,-0.18537664,0.23447867,-0.3093478,-0.28504473,-0.33792055,0.18050975,-0.3357034,-0.15963316,0.3274891,0.23402679,-0.29862553,0.22628377,-0.26972267,-0.22304979,-0.06413426,0.20822334,0.068034336,-0.0019547176,0.30516526,0.35776773,0.06348285,0.21114498,0.24481633,-0.034582213,0.67760605,-0.25894672,0.18009195,-0.14890502,-0.6255612,-0.056203894,-0.24138418,-0.28182355,0.016383553,0.51926696,-0.34964532,-0.292322,0.047152862,-0.35241124,-0.008440943,0.009252338,-0.3167895,0.4642226,-0.45886505,-0.115913905,0.19459814,0.25537106,0.48558697,0.14938988,0.117582425,-0.20982422,-0.12884262,0.0019729175,-0.1205198,-0.06632692,-0.2817188,-0.40075082,0.09153525,0.501544,-0.4395917,-0.5827098,-0.2825386,-0.22355239,-0.005520219,0.10871241,0.14664242,-0.25748238,0.3407656,-0.5362583,-0.06918687,0.11302985,0.12477243,-0.10681458,0.30348387,0.15082613,0.2443878,0.15231824,0.4523776,0.3580848,-0.119991444,0.06706169,0.3170416
LS180,-2.0719998,-1.0673693,1.1595163,-0.65524054,-0.38562316,-0.16492233,-1.5668414,-1.1051856,0.041464325,-0.27541992,2.3564112,-0.781248,-0.97923577,-2.2629044,1.4991112,0.5294371,-0.12185647,1.6200795,-0.66244394,0.10404961,-1.3394737,-1.5162265,-1.7636133,-1.8706493,0.7907329,1.1520035,-0.94539946,0.77297324,-2.4831846,-2.212429,2.5265756,0.482192,-1.172115,0.25111994,0.8571921,0.5449179,-0.7188187,-0.1812214,2.0636704,-1.0760356,1.2001296,1.1095337,1.6582837,0.36781025,-1.9395888,-1.5291471,-0.71874,-0.02083411,0.17585601,2.0828238,-0.65447205,-2.6100848,-1.0880806,-2.338254,0.5488583,0.8167168,-0.057068642,1.6011512,-0.75919884,0.28038186,1.860882,-0.4955335,1.3824841,-0.27844137,0.0263605,-0.0067995307,0.3700093,0.9509756,-1.5174372,-0.5785774,-1.134615,-1.8557858,-0.8622318,1.7828056,-1.4091423,-1.3934051,-0.59981126,-0.8363353,-0.5785431,1.3333856,1.319146,-0.5457951,-1.2458432,-1.7328804,0.96320105,1.4472504,0.9046845,-0.2773088,1.2058053,0.89670086,1.7125452,-0.79882807,1.3330716,-0.5758311,-0.32603505,0.026436592,1.8556077
TCCSUP,2.4242678,2.2062154,1.0030856,-1.7849544,0.22588994,0.68169504,0.080727294,0.11381132,-0.6550677,-2.7135718,1.0488781,-0.36759856,1.6010749,0.5541389,0.80817693,2.0704668,1.3930444,-0.8894999,1.0485666,-1.9030346,0.15486449,2.8112075,2.1685445,2.010299,-0.610617,1.4076178,-1.4318705,1.1850835,1.582883,0.20594645,-0.79137504,-0.47784266,3.7440698,-1.1003077,-1.4279712,0.13347453,0.5289821,-1.3975375,0.0006784871,-1.7848526,2.1386034,-2.8358493,2.0697825,-0.7195203,0.3911532,3.9295366,-1.6568588,-2.5587883,1.4488331,-0.3572096,-0.9408442,3.1034899,2.2878842,0.44462222,-2.6085725,-1.575396,-0.50384295,-0.24113227,-3.1492538,-0.042647682,-1.5685111,2.995716,0.4474842,0.022540156,1.3299817,-0.657701,-1.8302872,-1.0144975,-1.0826752,2.040906,1.9513212,0.8789395,2.656878,-0.51902646,-1.7775116,-0.8784706,0.65372914,0.4695315,0.4585597,-1.2249779,-1.5226666,0.7413446,3.4121015,-3.7529287,-0.22356322,-0.8467744,0.09599151,-1.6853313,-1.3458239,-0.12003752,0.10486737,-1.2632774,0.9404215,1.9334997,0.09300453,1.5725381,0.31165764
RVH-421,-1.5797311,-0.62052065,0.80915564,-0.50815517,-0.31260595,-0.13305512,-1.1392578,-0.83911026,0.08651452,-0.14883581,1.5991191,-0.6520171,-0.61244977,-1.6059982,1.0685296,0.24437533,-0.2332735,1.22277,-0.31635022,0.04962084,-0.9118204,-1.0624715,-1.1563845,-1.1716212,0.6424107,0.8965531,-0.6595559,0.7659114,-1.6550754,-1.6409217,1.7663934,0.2289604,-0.8663342,0.07896562,0.5589878,0.49368283,-0.42417732,-0.057499945,1.5082738,-0.77563775,0.78809714,0.7795597,1.0128837,0.30301857,-1.3892928,-1.1149813,-0.46351323,-0.0991124,0.114260055,1.5608366,-0.46601897,-1.7419417,-0.79226315,-1.5733522,0.3049705,0.47153136,-0.09976959,1.0317659,-0.56524765,0.18421115,1.3187038,-0.27099308,1.2037823,-0.1264717,-0.0028671958,0.073068194,0.17538254,0.76471907,-0.98092955,-0.42530027,-0.85083807,-1.3555906,-0.6381665,1.1072607,-0.85480744,-1.1372125,-0.49720478,-0.59093153,-0.34459692,0.9540364,1.0474114,-0.23867401,-0.6353757,-1.149602,0.54334915,0.85490686,0.56222486,-0.27618343,0.7464501,0.647408,1.152388,-0.6056888,0.8735649,-0.43954694,-0.16607705,-0.07411273,1.3032357
REC-1,-1.5118933,-0.8777486,0.8147007,-0.45674878,-0.2752166,-0.083189905,-1.0011035,-0.6350108,0.047116436,-0.2439161,1.6217266,-0.5012576,-0.6542602,-1.590329,1.0152748,0.37881362,0.003985716,1.1865308,-0.6151855,0.12707047,-0.8691771,-1.1103457,-1.2820026,-1.3186644,0.58716315,0.68224025,-0.7070912,0.53610724,-1.8468539,-1.5571768,1.8995744,0.2899851,-0.77508426,0.15264419,0.5383139,0.23711045,-0.7316337,-0.320213,1.3117367,-0.7865213,0.7991283,0.8327092,1.3758765,0.25152886,-1.3912798,-1.1632563,-0.47949854,-0.012039293,0.17335325,1.3913265,-0.51673853,-1.950346,-0.79236865,-1.6965984,0.43925107,0.61097306,-0.07945411,1.1687921,-0.42060438,0.13240677,1.2753317,-0.38321486,0.81201446,-0.17748022,0.12037799,0.015308026,0.38282862,0.7625105,-1.1059288,-0.4182598,-0.7289024,-1.2476946,-0.54411036,1.2480351,-1.1286403,-0.85868025,-0.40973473,-0.6797847,-0.41608423,0.9823066,0.9625821,-0.39888784,-0.94582194,-1.2478086,0.70273674,1.066385,0.7762545,-0.15656427,0.90729344,0.7540463,1.2002414,-0.55673444,0.99235326,-0.47313392,-0.29002124,0.07228993,1.4401288
MOG-G-UVW,-4.493556,-3.5557392,-1.0749094,0.4319567,2.17388,0.01977954,-1.1361699,-0.9835373,-2.3190374,-4.0832763,7.4765673,-0.59081995,-3.5251458,-3.6417212,-0.5051878,2.770894,-2.102508,2.645289,-4.2342887,-2.6828594,-3.503937,2.1566372,-5.2827253,-2.5900066,0.17174143,0.4699159,-5.3697224,0.07968323,-4.020366,-1.2765698,3.6206636,2.8777387,0.8046154,2.3922167,3.0402362,2.653892,-2.9752152,-1.5669119,2.0476935,0.17860411,3.6962748,-0.43197018,4.827209,0.2229292,-5.9577074,-1.5999341,0.034755886,-0.6022717,0.31193137,2.5557005,-2.2862978,-1.6069233,0.37056416,-4.915025,0.008067982,2.6129756,-2.6332572,5.9903126,-0.22464451,0.74674815,-0.16414104,0.7517543,0.07559716,2.2753952,1.4267884,-1.40746,2.597163,0.15732819,-0.99520284,-1.1623086,-1.8508025,-1.4477079,0.10657294,6.944321,-5.52587,-1.9049845,-3.1814108,-0.81581354,0.26318312,1.0032958,1.8498322,-2.456617,-0.9147135,-4.071975,1.1268408,3.7065392,1.656284,2.9722724,2.725889,2.9285147,0.849696,-1.0097798,4.946435,0.8913489,-1.4396788,0.82918894,5.1133227
NCI-H146,1.6190511,1.582563,0.49720764,-0.96708953,0.25600126,0.25813392,0.03476695,-0.012713964,-0.5812133,-1.9005995,0.90958977,-0.095422626,1.0154533,0.5376156,0.35215688,1.376819,0.85694396,-0.5157616,0.5867839,-1.3604302,-0.01814138,2.096477,1.5487021,1.4547535,-0.35532597,0.92329353,-0.8570605,0.7732845,1.1723915,0.20112482,-0.5818959,-0.27094966,2.6238978,-0.5408625,-0.7875296,0.2860879,0.51094764,-0.9082045,0.12457192,-1.114992,1.5484904,-2.146917,1.2465258,-0.614897,0.009316128,2.727096,-0.9225434,-1.8727803,0.93109703,-0.25024056,-0.62555623,2.0736084,1.4812189,0.39538416,-1.7478148,-1.0670309,-0.55538887,-0.082625166,-2.0864587,-0.056753136,-1.2000479,2.0980144,0.36111167,0.23298997,0.92069066,-0.50379086,-1.2691897,-0.7538886,-0.5629762,1.378863,1.2863245,0.5894036,1.9989743,-0.27246943,-1.3458185,-0.7276266,0.29093534,0.2626664,0.34078404,-0.7141209,-1.0396576,0.49688837,2.3690467,-2.620372,-0.29774803,-0.60150224,0.13348928,-1.135458,-0.9100851,-0.049452934,0.013427106,-0.6940119,0.762487,1.2604045,0.22109753,0.9873339,0.1813972
RERF-LC-MS,2.3635547,2.2443316,0.7504122,-1.7688928,0.9349631,0.4469054,0.08315258,0.11278359,-1.0991426,-3.316951,1.9725211,-0.13117383,1.0453446,0.8578127,0.2990571,2.3077722,1.2714005,-0.9138159,0.8621211,-2.5863976,-0.4876499,3.7639122,2.2783267,2.329321,-0.9059141,1.5001243,-2.0623121,1.0450578,1.5203837,0.67398655,-0.65917796,0.08780833,4.305369,-0.50876474,-0.9810662,0.6039659,0.45400357,-1.6990209,-0.04745145,-1.5820315,2.6484854,-3.4897435,2.4727094,-0.78939176,-0.30580094,4.4845,-1.5068417,-2.8365474,1.7715498,-0.08031401,-1.2410043,3.672061,2.7636185,0.29800367,-2.9371042,-1.669892,-1.0322846,0.41720426,-3.1013627,0.42258084,-2.3588977,3.642423,0.17397492,0.8366848,1.7693366,-1.1906809,-1.4449029,-1.4327875,-1.0571645,2.2069266,1.9769303,1.2342614,3.4715428,0.24404699,-2.373742,-1.1994781,-0.018076807,0.7080665,0.70892656,-1.3202087,-1.8464285,0.59217995,3.7485218,-4.424151,-0.20814712,-0.5102563,0.03516748,-1.2918367,-1.6788712,0.05627156,-0.05973502,-1.5697619,1.3928726,2.1136699,0.16360432,1.7284484,0.64119136
NCI-H2126,-1.7708617,-0.7862508,1.099174,-0.63124955,-0.4126985,-0.16178685,-1.4472828,-1.0234075,0.10979768,-0.13097644,1.850087,-0.65204644,-0.76952565,-2.0052416,1.4309078,0.38777328,-0.050362363,1.4265848,-0.32740164,0.23788951,-1.1176884,-1.5487334,-1.4068385,-1.580638,0.7273186,1.0874143,-0.6449008,0.7042422,-2.109469,-2.0069032,2.1479037,0.3751491,-1.1587623,0.17481837,0.6752014,0.4504088,-0.54306144,-0.14354134,1.7959526,-0.9613607,0.8728792,1.0281292,1.22056,0.4141609,-1.5418788,-1.3269583,-0.6436868,0.032832347,0.14929833,1.9034194,-0.547726,-2.319962,-1.0268716,-1.8700593,0.515294,0.6181174,0.14138551,1.212455,-0.70891577,0.3187809,1.6611978,-0.45432717,1.2409292,-0.36618713,-0.1095078,-0.036055237,0.25209355,0.8286489,-1.3834529,-0.48550364,-1.0122947,-1.6738539,-0.7630151,1.3884182,-1.0442384,-1.23886,-0.37269443,-0.7026285,-0.52015543,1.1675191,1.149417,-0.42008957,-1.0676461,-1.4828845,0.8196418,1.2207837,0.704745,-0.3732098,0.8967075,0.6677956,1.5710645,-0.6624588,0.95750517,-0.6145927,-0.2780708,0.02964966,1.4503858
DAN-G,2.1565166,1.9480388,0.7961551,-2.0088544,1.0792274,0.48285753,0.13703237,0.42713842,-1.4606758,-3.9592357,2.6696088,-0.38664252,0.94672155,0.5543411,0.13373025,2.6655035,1.296777,-1.0713103,0.58632123,-2.9260886,-0.7207943,4.479837,2.0724337,2.6167505,-1.01982,1.3873507,-3.03036,0.97568256,1.129025,1.127793,-0.52056044,0.3263495,4.8889704,-0.6129179,-0.9502468,0.6176487,-0.2108226,-2.1226227,-0.45386046,-1.668488,2.915577,-3.6995997,3.5300858,-0.88824296,-0.4593206,4.8352814,-1.7661268,-3.110293,1.9454795,0.0014109872,-1.5659078,4.240885,3.517697,0.040671054,-3.1905813,-1.4814426,-1.3628563,0.92305744,-3.1774707,0.70894223,-2.7800474,4.221721,-0.15038991,1.0394897,2.3751538,-1.4111104,-1.1232979,-1.681202,-1.2904495,2.5760715,2.1929092,1.4980463,3.9028533,0.74661994,-2.7680569,-1.2121197,-0.4498462,0.8976467,0.9140034,-1.5593226,-2.1416008,0.67662764,4.225673,-4.771454,-0.09017536,-0.331865,-0.0019902512,-0.98276675,-1.868626,0.5133112,-0.336729,-2.1300304,1.7462035,2.5221796,-0.079778336,1.8497332,1.2846689
EC-GI-10,3.7684002,3.280722,1.4577608,-2.316026,-0.50361747,0.900468,0.16633204,0.38435528,-0.4834187,-3.6637616,0.97827744,-0.8748414,3.269502,0.73352295,1.2281635,2.92229,1.8037575,-0.97950375,1.4226875,-2.3944027,0.70896995,3.6192544,3.1530724,2.8564124,-0.42337716,1.528222,-1.379342,1.8794029,2.7776904,-0.08983525,-1.5584434,-1.4849571,5.4186783,-2.2242491,-2.3822236,0.091215275,1.3217444,-1.8723203,0.086629406,-3.0982895,2.7779744,-3.715492,2.4769967,-1.3418195,0.8760536,5.2371645,-2.4697409,-3.9130776,1.6963859,-1.1519499,-1.2793757,3.9913392,3.1683853,1.026051,-3.2912483,-2.3785129,-0.7672095,-1.1860127,-4.7803164,-0.877314,-1.4171782,3.766025,1.2117783,-0.4634243,1.6101388,-0.02654849,-3.303299,-1.2701154,-1.1681266,2.7999125,3.1484578,0.7376014,3.714908,-1.7437801,-2.5522273,-1.2108356,1.4510384,0.36773723,0.44052112,-1.3277134,-1.8433753,1.1992192,5.0089335,-4.90496,-0.6390648,-1.9919626,0.49033773,-2.9798996,-1.7173883,-0.25678268,0.16000794,-1.0663457,1.480473,2.812161,0.60441613,1.9236274,0.18026131
SNU-46,-2.1191003,-1.1065525,1.1657791,-0.6325028,-0.41326523,-0.15448281,-1.6009053,-1.13775,0.039251167,-0.28259805,2.3999906,-0.7848078,-1.0109856,-2.32225,1.5488853,0.5425078,-0.11085252,1.6692352,-0.6881875,0.118613034,-1.3652792,-1.5529968,-1.8041353,-1.917384,0.8254522,1.1501373,-0.9906061,0.76943326,-2.5551283,-2.261925,2.585412,0.49796763,-1.2134382,0.28333068,0.86844814,0.56552577,-0.7798602,-0.1869689,2.0932555,-1.0863601,1.2276654,1.1242887,1.690052,0.3609137,-1.9695016,-1.5871093,-0.7295253,-0.01736693,0.1629651,2.1417353,-0.6630644,-2.689885,-1.0860441,-2.382068,0.56953806,0.8353132,-0.05772518,1.6628805,-0.7669247,0.27234453,1.8953032,-0.50881106,1.4038546,-0.29338744,0.024754692,0.006549831,0.39917088,0.9980208,-1.5724342,-0.6072018,-1.1749408,-1.8978426,-0.8704062,1.8480883,-1.4546214,-1.4117695,-0.6329735,-0.86589783,-0.57500935,1.3524823,1.3329192,-0.57403284,-1.3150271,-1.7482243,0.98700756,1.5006728,0.93226707,-0.27982914,1.2256904,0.90737855,1.7411628,-0.7988742,1.357139,-0.59375954,-0.3615161,0.05561898,1.8895129
NCI-H1781,1.5539373,1.347355,0.6801911,-1.0378389,-0.4539792,0.21765196,0.36890388,0.33329237,0.12988982,-1.5976872,0.25173435,-0.60094255,1.8391739,0.34298477,0.36708328,1.2992287,0.63203526,-0.077294625,0.6273536,-0.9516307,0.60861444,1.4434483,1.4438037,1.2601727,0.17602037,0.40840846,-0.4383402,0.99112326,1.4757861,-0.23940957,-1.11385,-1.0850874,2.546129,-1.3334501,-1.273002,-0.054217592,0.8938196,-0.77515346,-0.12338075,-1.6781185,0.9017267,-1.347735,0.7487593,-0.5461185,0.4378031,1.9606318,-1.1236705,-1.6125195,0.5901142,-0.80781794,-0.6910669,1.7393726,1.3843141,0.6528971,-1.3190664,-1.3018125,-0.37011492,-0.86088943,-2.1102703,-0.7518632,-0.26702136,1.40467,0.83033425,-0.18018292,0.7399091,0.5763814,-1.5194685,-0.26871103,-0.17622617,0.9196396,1.4244204,0.20492084,1.5925184,-1.3402873,-1.1264743,-0.48931277,0.823486,0.05964491,0.14982316,-0.0821131,-0.6302507,0.6258723,2.4200225,-1.9028695,-0.5145992,-1.1372441,0.393714,-1.4327972,-0.7057843,-0.037765518,-0.010364109,-0.04879558,0.85724765,1.1355957,0.50332546,0.6317038,0.20897469
EN,2.463626,2.1974716,1.259589,-1.985724,-0.22677954,0.15201324,0.39005432,0.5956453,0.114633396,-2.2472746,0.46896037,-0.5321634,2.475908,1.5937834,0.46341547,1.5543808,0.8622116,-0.09173674,1.1352497,-1.6734279,0.5429421,2.2727604,2.8658266,2.0243673,-0.2012477,0.7953596,-0.62981147,1.476274,2.404398,-0.34523416,-0.97337407,-1.0607759,3.751909,-1.4497937,-2.1690793,-0.12874393,1.2997261,-1.075512,-0.11161795,-2.5113735,1.4496247,-2.5005093,0.7624468,-0.8080177,0.2506429,2.921614,-1.2868813,-2.0313246,1.2977158,-1.1693544,-1.1997179,2.8408325,2.069025,1.1391538,-2.412516,-2.2413893,-0.8770206,-0.89120245,-2.9421592,-0.91278386,-0.7254449,2.1535041,1.2453262,0.157832,1.5594388,0.89312196,-1.6922426,-0.69318205,-0.24039677,1.265577,2.2001452,0.757628,2.5933695,-1.8861958,-1.6804273,-1.1921319,0.77188796,0.58555216,0.21440026,-0.0038114246,-1.3142153,0.91539043,3.2869236,-3.244188,-0.7527756,-1.6699321,0.438586,-2.1850648,-1.3987033,-0.006929124,-0.23716602,-0.48399103,1.2172018,1.420285,1.0384365,0.7045448,0.40785664
SK-UT-1,-1.8942329,-0.9420969,1.0594928,-0.5662624,-0.34079975,-0.11065218,-1.4539075,-1.1213611,0.04814877,-0.25316042,2.0247567,-0.66644174,-0.88732773,-2.155964,1.4476788,0.49903643,-0.124997795,1.5023865,-0.5085656,0.15236019,-1.2238095,-1.4842337,-1.5907097,-1.6964384,0.6674743,1.1075157,-0.77279705,0.69009256,-2.2543674,-2.083952,2.2806501,0.48816428,-1.167782,0.28420484,0.7759114,0.48610112,-0.6617909,-0.1699572,1.9060884,-0.8797896,0.97638357,1.0124406,1.3693049,0.38850206,-1.7434027,-1.3683177,-0.6662061,0.022962011,0.15258613,1.9327276,-0.59895444,-2.408305,-1.0366634,-2.0639596,0.52823365,0.77977717,0.065197304,1.4282478,-0.72918373,0.2946347,1.6641756,-0.48173663,1.2162503,-0.32483444,-0.09180908,-0.05634221,0.3377236,0.80987746,-1.4172282,-0.5366771,-1.0843313,-1.7291205,-0.7951676,1.6585587,-1.2538321,-1.2821805,-0.44211298,-0.72073907,-0.50306594,1.1457274,1.2307721,-0.53657264,-1.1669155,-1.5960369,0.88151747,1.3258389,0.75154805,-0.28891623,1.0534894,0.7318492,1.6013962,-0.69714504,1.1288456,-0.56032544,-0.32901728,0.09172852,1.6140046
DLD-1,-2.1885042,-1.1867802,1.156179,-0.631816,-0.3978771,-0.16032806,-1.6070167,-1.1230854,-0.004770678,-0.3301605,2.5753026,-0.81865644,-1.0678248,-2.3237896,1.5158631,0.55849695,-0.15335341,1.702883,-0.80571955,0.0521331,-1.4196005,-1.4854014,-1.9073489,-1.9685398,0.86195797,1.1245368,-1.1014129,0.7900622,-2.63655,-2.2533014,2.6539567,0.53427744,-1.1647137,0.3062873,0.9349464,0.60928935,-0.80917007,-0.20160107,2.1483428,-1.144051,1.3517078,1.1302584,1.8080896,0.3453079,-2.089105,-1.6360395,-0.7381834,-0.041561164,0.18307076,2.156348,-0.6892977,-2.720687,-1.088499,-2.5155408,0.56150734,0.8889829,-0.13726029,1.766701,-0.7491255,0.2471047,1.9358907,-0.49105865,1.4356707,-0.23749754,0.08278611,0.019110389,0.43680462,1.0227294,-1.5675209,-0.6302358,-1.188421,-1.9100984,-0.8578772,1.9118886,-1.5501379,-1.4460579,-0.7107782,-0.90869343,-0.59317863,1.392812,1.3633994,-0.6145789,-1.3097585,-1.796109,0.9997179,1.5191474,0.99111044,-0.240373,1.3039961,0.9627166,1.7383033,-0.8267095,1.487695,-0.53457844,-0.35770872,0.045569137,1.9916574
Hs 729.T,-0.5547121,-0.028640669,0.5834775,-0.5508432,-0.5261337,-0.77433866,-0.26436076,-0.019954693,0.36921093,0.16132373,0.6430767,-0.45933372,0.16895385,-0.5337927,0.17483829,0.034402754,0.22977293,0.8158169,0.3474508,0.24821483,-0.22788207,-0.5159687,-0.119815335,-0.3447737,0.8577046,0.16148055,-0.29784715,0.44057944,-0.44913548,-0.96720564,0.37932548,-0.66036755,-0.16303617,-0.528146,-0.1293575,0.13044979,0.29574415,0.007308813,0.34958917,-0.90014625,0.10479655,0.6609161,0.21891312,0.07761644,-0.30266583,-0.63665456,-0.46158916,-0.20033158,0.25471964,0.7864845,-0.2866234,-0.43187717,-0.064505816,-0.1399382,-0.055195346,-0.5395252,-0.054398526,0.043506864,-0.3131946,-0.20527986,0.73868865,0.07203635,0.9982427,0.34192905,0.17471012,0.5796209,-0.3048913,0.830111,-0.5625572,-0.32295957,-0.09111058,-0.48057657,-0.24055193,-0.6621414,-0.17243217,-0.8176716,-0.1018051,-0.22650851,-0.117711686,1.1038712,0.17942946,0.5094872,0.4219938,-0.45206428,0.18649694,0.25116694,0.15913706,-0.62170553,-0.16881007,0.4569147,0.29562387,-0.13031775,0.4201643,-0.32748014,0.13971922,-0.27647752,0.6957443
HARA [Human squamous cell lung carcinoma],1.8052424,1.4206119,0.9576168,-1.389928,-0.3135528,0.23934862,0.2230038,0.40210667,0.11939296,-1.6963962,0.28554782,-0.5285525,1.6877884,0.46970415,0.50965405,1.2871255,0.9112543,-0.33627632,0.7453847,-1.1692631,0.39898336,1.6425596,1.8595477,1.3047298,-0.10091966,0.66004926,-0.73382705,0.9718203,1.3406183,-0.12464514,-0.73118955,-0.8189224,2.636674,-1.1598392,-1.345535,-0.2126167,0.54063433,-1.0022737,-0.2504482,-1.8023016,1.1199939,-1.6962426,1.1823835,-0.43140364,0.41726354,2.3373694,-1.287107,-1.593674,0.8946991,-0.5626528,-0.891476,2.0234969,1.6245332,0.5214812,-1.571519,-1.4145936,-0.39581925,-0.5915456,-2.2662137,-0.43764883,-0.5201355,1.6968435,0.58898485,-0.09563726,1.0838076,0.3092134,-1.2812986,-0.59228474,-0.5079164,1.2536922,1.5775967,0.30816954,1.867436,-1.1251255,-1.1939873,-0.6075168,0.70579076,0.33842754,0.12202925,-0.27826345,-0.94845825,0.55070245,2.363306,-2.3383863,-0.33057612,-1.0076913,0.2863953,-1.3459566,-0.9881616,-0.045906063,0.06634652,-0.5195869,0.7439033,1.2211444,0.3604605,0.7984498,0.35936955
DU4475,4.3662076,4.337568,1.6332743,-3.4195464,0.71432686,1.5526838,0.11586983,0.24913785,-1.7137926,-5.6337466,2.5277302,-0.48340213,2.8804586,0.9342468,1.3414266,4.179634,2.6100953,-1.8127389,1.6395323,-3.6828575,0.34840506,5.8814473,3.8071349,3.946146,-1.264487,3.0012171,-2.953569,2.3916638,3.2051158,0.34477544,-1.38772,-0.7765592,7.392313,-1.9275653,-2.852645,0.56593436,0.7615079,-2.7732046,-0.16663726,-3.003161,4.6117496,-5.830904,3.927852,-1.2826182,0.69873905,7.9794707,-2.8248603,-4.8041363,2.8166678,-0.60866195,-1.7075938,6.387893,4.333961,0.9741682,-5.372213,-3.0383344,-1.2476308,-0.2701816,-5.9895186,0.15381828,-3.6443472,6.1369834,0.39943677,0.03565957,2.7347245,-1.4644034,-3.4354792,-1.936095,-1.8527681,3.876116,3.4192886,2.3000493,4.97696,-0.3389402,-3.5700073,-1.6109005,1.5106438,1.2522783,1.1019998,-2.7071617,-2.826076,1.5177628,6.7795978,-7.309246,-0.75476253,-1.4273295,0.15183267,-2.8387806,-2.6287897,-0.009914717,0.27327305,-2.598188,1.6560496,3.7054093,-0.15703747,2.9916322,0.6576904
NCI-H1395,1.1224364,1.1189637,0.321019,-0.60325795,-0.04065367,0.3134449,0.098514855,0.030591626,-0.24808003,-1.1757282,0.57844615,-0.17420082,0.9723816,0.42822284,0.29013646,1.0147636,0.5090323,-0.25919408,0.40083933,-0.71674526,0.30860934,1.2212049,0.9561971,0.95474404,0.02098001,0.60955685,-0.21879542,0.7311397,0.91035044,-0.060232498,-0.5182503,-0.40125066,1.8111665,-0.62343556,-0.6690989,0.14524768,0.52525264,-0.49523327,0.12989289,-0.8260493,0.9006704,-1.3919241,0.6456084,-0.4747814,0.09736322,1.7854586,-0.5908989,-1.1993027,0.5509569,-0.42033878,-0.42197412,1.2803414,0.8171767,0.32915202,-1.1183844,-0.7331592,-0.40951794,-0.40947095,-1.430298,-0.27774066,-0.5412793,1.2050384,0.43756765,0.04489389,0.6168723,-0.12283832,-1.057191,-0.2851132,-0.13031828,0.7702436,0.8798695,0.5254462,1.2175494,-0.4693073,-0.9149721,-0.5494548,0.5055261,0.06509459,0.1579589,-0.38816777,-0.485659,0.43520862,1.7323871,-1.63051,-0.3673468,-0.7839893,0.16362225,-0.93380404,-0.5158591,-0.19744495,0.028069526,-0.33085948,0.50736934,0.8348626,0.25938535,0.5465105,0.074911185
COR-L88,-1.9701129,-0.92708415,1.1753957,-0.6654259,-0.4147529,-0.15418014,-1.5585322,-1.1530049,0.08296724,-0.19683366,2.0859258,-0.71113086,-0.8814787,-2.21969,1.5535629,0.45745537,-0.08660555,1.5826255,-0.47438517,0.18010397,-1.2545152,-1.6041924,-1.5984018,-1.7524734,0.76744473,1.1816219,-0.7614518,0.7676611,-2.3469775,-2.1847029,2.3473399,0.4527522,-1.2149212,0.24310115,0.7642192,0.5213984,-0.6313056,-0.16587116,1.991271,-0.99298537,1.0009718,1.0992239,1.3989005,0.41755086,-1.7685074,-1.4486796,-0.71098614,0.016341016,0.14691402,2.0596554,-0.61360097,-2.5006986,-1.0836898,-2.1153011,0.5471932,0.74764776,0.08624725,1.4200091,-0.7770413,0.32609692,1.7894865,-0.48547506,1.3437251,-0.37720755,-0.09081328,-0.03354796,0.33541542,0.88418674,-1.471846,-0.5562358,-1.1105387,-1.824861,-0.8009173,1.607301,-1.2516254,-1.3709384,-0.45202434,-0.7560209,-0.55326647,1.260374,1.2769592,-0.48887664,-1.1787736,-1.6288645,0.879132,1.3501533,0.79504144,-0.3547953,1.0447284,0.7568582,1.7036738,-0.7395479,1.1258699,-0.6200896,-0.3278669,0.057103507,1.6528218
DMS 79,-1.0836859,-0.34622917,0.9094928,-0.608634,-0.5244179,-0.46581492,-0.7163266,-0.315059,0.37616506,0.12154482,0.8791912,-0.43212345,-0.17068161,-1.1126612,0.79842895,0.08600123,0.29268754,0.96598095,0.07150231,0.41709694,-0.54844934,-1.1475484,-0.5104915,-0.8496039,0.7977841,0.5241617,-0.29177922,0.5095446,-1.1502424,-1.3307742,1.1503748,-0.19504663,-0.6759623,-0.22444186,0.12962632,0.16022737,-0.25688502,-0.15358938,0.7899763,-0.9271339,0.34488985,0.9369125,0.73431045,0.22816539,-0.5854358,-0.94971216,-0.60386884,-0.05762893,0.2228464,1.2731681,-0.4167531,-1.441535,-0.5097624,-0.72894007,0.29150888,-0.07578128,0.12955199,0.35060108,-0.42362806,0.10490128,1.1018143,-0.1590885,0.80659056,-0.16112435,0.06942305,0.22277911,0.05747538,0.8093234,-1.0388676,-0.2549682,-0.45779353,-0.9950371,-0.4716208,0.24762937,-0.46100712,-0.7910271,-0.06623323,-0.42095876,-0.35858324,1.0159559,0.5025299,0.08686933,-0.38538998,-0.7775581,0.49322954,0.7805436,0.47182578,-0.5120746,0.1845698,0.49761146,0.8851724,-0.3431574,0.39309302,-0.63837403,-0.121799305,-0.0725998,0.9644339
HLE,-0.011295689,0.18493047,-0.02237482,0.034624137,-0.036935195,-0.35844076,-0.23818526,-0.2403858,-0.16565493,-0.24350846,0.721171,-0.19875482,-0.04966599,0.18697229,-0.0011871345,0.21551399,-0.14762552,0.09410424,0.011134207,-0.2881409,-0.18349513,0.34868452,-0.074173905,0.110054724,0.1609696,0.10349736,-0.1825654,0.16733566,0.03806185,0.036946442,-0.24015145,0.024356186,0.42755282,-0.010791084,0.28800884,0.30237347,0.43866062,0.21332283,0.39327493,-0.26440796,0.5531123,-0.2896062,-0.035258327,-0.29288024,-0.50350726,0.09523575,-0.12849924,-0.2420987,-0.042401746,0.15873253,-0.20978767,0.07792419,0.17947581,-0.1700219,-0.18401371,-0.07124208,-0.21716574,0.15856503,-0.35755998,-0.16061577,0.23192431,0.21290618,0.4720287,0.30691805,0.16064496,0.03194608,-0.31188723,-0.03248051,0.083421566,0.03405024,0.007898709,-0.2549141,0.29930767,0.043947175,-0.38429248,-0.55278957,-0.4187047,-0.09010397,-0.074467875,0.32277337,-0.021397375,-0.0009973906,0.39311445,-0.39777315,-0.13920698,-0.28515363,0.26652437,-0.29748252,0.0602173,-0.043302126,0.051449735,0.16774149,0.41937673,0.36928803,0.19677398,-0.025455859,0.12389528
NMC-G1,0.68762994,0.6468008,0.20987184,-1.1701639,1.1078554,0.17706159,0.08590785,0.0029610442,-1.1577214,-2.4215577,1.7357024,0.0015237052,-0.110716574,-0.17929178,0.09748159,1.7775167,0.8846191,-0.66131425,0.085768156,-1.650573,-0.7028348,2.332417,0.289832,0.91943234,-0.7926426,0.81710553,-2.3204634,0.17617671,0.13208793,0.5532001,0.051669568,0.812589,2.3762126,0.05025772,-0.24324897,0.231742,-0.67671585,-1.3402748,-0.15984944,-0.4467397,1.636789,-1.9980959,2.300245,-0.26399547,-0.63369215,2.3579109,-0.94691336,-1.4238162,1.1334145,0.42921403,-1.1582887,2.306445,1.8653861,-0.38690895,-1.9063021,-0.53254104,-0.42937857,1.3583134,-1.5206423,0.6819252,-1.6282378,2.0439994,-0.6276633,0.86347616,1.1822431,-1.5609291,-0.13003263,-0.90111995,-1.1427038,1.2055557,0.92740184,1.0012332,1.5804868,0.98662895,-1.6842897,-0.5765068,-0.23515628,0.5969431,0.74285436,-0.91153884,-1.1704503,0.013280656,1.8578137,-3.0584815,0.49010316,0.8376343,-0.4048767,-0.04490587,-0.7484047,0.45925167,0.05504329,-1.1907188,1.0453218,1.4442638,-0.6645024,1.2761816,1.0824275
SW900,1.8410345,1.5766732,0.81713825,-1.2148983,-0.26502877,0.44206667,0.103625506,0.22271696,-0.1983782,-1.815045,0.48341706,-0.44648445,1.6444523,0.37307957,0.5635733,1.4540565,0.8776581,-0.45243645,0.7276453,-1.1531501,0.37479421,1.8217839,1.6712396,1.4243346,-0.17828985,0.79776686,-0.7321506,0.9772944,1.3781056,-0.0682777,-0.7110459,-0.7244015,2.7428713,-1.0915455,-1.2879779,-0.013773615,0.59482956,-0.9640115,-0.011118054,-1.5381777,1.3600384,-1.8829868,1.2671795,-0.57652104,0.42230994,2.5954976,-1.2498053,-1.8696454,0.90745026,-0.5792582,-0.70143104,2.0290742,1.5760093,0.49848944,-1.7008746,-1.2289289,-0.40602067,-0.58181274,-2.3534355,-0.43441147,-0.7404412,1.8864399,0.5946464,-0.18746597,0.9155465,0.076823756,-1.5433211,-0.5978147,-0.5446696,1.4112866,1.5905337,0.44986123,1.8402075,-0.8578615,-1.2781404,-0.61300045,0.7425613,0.19796072,0.20865174,-0.5744084,-0.9348804,0.6538576,2.5424016,-2.4637425,-0.35256806,-1.0354125,0.27953687,-1.480353,-0.906848,-0.10151022,0.047002148,-0.5814665,0.76956886,1.3419981,0.2893054,0.9461445,0.17439806
YD-15,-2.0517228,-1.0205436,1.16275,-0.6363172,-0.36768845,-0.1304104,-1.5989505,-1.219246,0.035122745,-0.26631808,2.2401392,-0.7346071,-0.96465904,-2.3237522,1.5801303,0.53712624,-0.121401675,1.6330706,-0.55310106,0.15057778,-1.3295538,-1.6066673,-1.7293857,-1.8635705,0.75213045,1.2075006,-0.856702,0.74648273,-2.4659467,-2.2603798,2.4725406,0.5271486,-1.2568628,0.30485284,0.8379177,0.55066496,-0.6973167,-0.17958266,2.086333,-0.98628116,1.0937907,1.0970148,1.5018747,0.4189741,-1.8968927,-1.5077876,-0.7259742,0.019779284,0.151822,2.1097167,-0.6418403,-2.6067348,-1.1190374,-2.2550983,0.56457955,0.8419296,0.061070625,1.5561358,-0.7938726,0.3174674,1.8315625,-0.51223403,1.3660117,-0.34027418,-0.08156717,-0.047191594,0.36610729,0.89742064,-1.5238059,-0.60126805,-1.1539974,-1.8788764,-0.8554267,1.8024634,-1.3691448,-1.4121745,-0.4952548,-0.7950397,-0.55687004,1.2636123,1.3257837,-0.58242023,-1.2690878,-1.7303351,0.95073223,1.434081,0.8245506,-0.3094975,1.1484566,0.7964442,1.7431065,-0.77175885,1.232637,-0.5910066,-0.35531595,0.077144526,1.7566631
KG-1-C,-2.0862718,-2.0187569,-1.9752524,0.31022972,3.3545372,-0.24421814,0.5283881,0.36574534,-3.3478155,-5.3264213,7.501996,0.01698886,-3.2171493,-1.197143,-2.6213858,3.2398684,-1.0703825,0.41827145,-3.212157,-3.9890752,-3.2638495,6.083722,-3.1451705,0.23430593,-0.84508514,-0.2849208,-6.198724,-0.9785967,-2.0673745,1.848523,1.2189517,2.9425476,3.8527963,2.3510265,2.6188676,2.5276961,-2.4876363,-2.3452618,-0.15256082,0.9311681,4.0682034,-2.8258185,5.319007,-0.69482887,-4.829292,1.7548121,0.07198021,-1.8295348,1.3501235,1.2502438,-2.4580226,3.1033678,3.2413285,-3.363367,-2.071415,1.3426757,-3.428106,5.593048,-0.37999794,1.3835104,-3.3901322,3.4890833,-1.666295,4.2418675,2.7324197,-2.9338496,2.2753694,-1.2367445,-0.5380881,0.36813763,-0.08044813,1.4637429,2.5980198,5.6699986,-5.424601,-1.5174283,-3.7893233,0.39418367,1.3092237,-0.55407536,-0.8928463,-1.69122,2.2843685,-4.6213818,0.7070286,2.7790253,0.48627627,3.2532473,0.77308685,2.4845202,-1.2219315,-1.7369037,4.6308327,2.636427,-1.5761563,1.5846976,4.3326635
Hs 821.T,-2.2185345,-1.2840412,1.188335,-0.5660589,-0.36209518,-0.11799432,-1.6687177,-1.2377504,0.0037013176,-0.43068054,2.5284643,-0.7438542,-1.0690007,-2.4739916,1.692132,0.67497575,-0.07706158,1.7339147,-0.8463481,0.1709839,-1.4342766,-1.6896693,-1.9935255,-2.1128902,0.8587713,1.1406413,-0.96109617,0.65309113,-2.7566261,-2.357443,2.6816843,0.6426822,-1.2664812,0.45197198,0.98049134,0.53018177,-0.90194494,-0.26768708,2.1644075,-1.0335861,1.2944096,1.1813879,1.8252313,0.31692702,-2.0834455,-1.6738422,-0.8407575,0.08674811,0.2000706,2.142556,-0.75555193,-2.860511,-1.1778351,-2.4886906,0.63817966,1.0163482,0.07277024,1.7711608,-0.81383985,0.29032978,1.982502,-0.6223849,1.234151,-0.41692445,-0.046486426,-0.07463306,0.5203071,1.0124068,-1.6971554,-0.68388647,-1.1947054,-2.025365,-0.8037571,1.9937298,-1.6544074,-1.414513,-0.5400042,-0.9165405,-0.65434813,1.370598,1.3980972,-0.8017758,-1.4730159,-1.9466,1.0888175,1.6835235,1.0251259,-0.26161116,1.3067249,0.9293728,1.847408,-0.72549295,1.4557682,-0.59375626,-0.4464485,0.23053586,1.9673775
NCI-H2066,-1.1373743,-0.9302416,-0.30113533,0.1642452,0.5922724,0.022536043,-0.39465007,-0.5648757,-0.6731375,-1.1840873,1.8325173,-0.21674623,-0.86037904,-1.1889032,0.090044335,0.7701233,-0.6125691,0.81194866,-1.0053844,-0.723573,-0.8794706,0.39740363,-1.4129086,-0.78904426,0.15962882,0.2509194,-1.199002,0.006757766,-1.1065943,-0.5542398,0.9836342,0.7706396,0.08556034,0.5598275,0.80045587,0.6704623,-0.8042965,-0.18751837,0.5775454,0.13693978,0.9621959,-0.21175487,1.1113292,-0.04251302,-1.5889305,-0.5351954,-0.10566202,-0.2100568,0.025657116,0.7165104,-0.761575,-0.71605045,0.0002614595,-1.2946622,0.08147143,0.7646946,-0.5618604,1.5185589,-0.29280216,0.27620068,0.07109948,0.20252798,0.048534583,0.47756743,0.24441437,-0.45490566,0.600696,0.027646556,-0.3055105,-0.36494943,-0.635719,-0.5020294,0.0088281315,1.8975543,-1.424097,-0.54001236,-0.82099134,-0.283759,0.099634014,0.25338674,0.61368555,-0.76692665,-0.29674572,-1.097367,0.25160444,1.0018198,0.45260072,0.68123245,0.8070628,0.63803065,0.27816287,-0.17603652,1.1701437,0.20734604,-0.49882153,0.2613894,1.2971001
SNU-601,6.4070277,5.9917364,1.8945062,-3.7779424,0.38343096,1.3291178,0.1280056,-0.15137011,-1.9797409,-7.2850566,3.2766593,-1.0833904,4.326756,1.6131735,1.836134,5.201136,3.4872775,-2.0097957,2.6264768,-5.0372605,0.2405698,7.5091033,5.657999,5.3888054,-1.1782659,3.4440253,-2.9743989,2.8860703,4.1825995,0.8186834,-2.2681003,-1.1536481,9.895206,-2.5995717,-3.03829,0.61162114,2.2561183,-3.489983,0.6738905,-4.6698847,5.6289477,-7.6431594,4.9299965,-2.6591787,0.33133954,10.1360235,-3.7895503,-7.0093756,3.193647,-1.1729729,-2.4366794,7.383033,5.970095,1.373207,-6.104103,-3.7951813,-1.8179629,-0.94459563,-8.294412,-0.22664693,-3.7304735,7.606958,1.654087,0.45162883,3.2730682,-2.042641,-5.4494324,-2.7566407,-2.2871454,5.1585336,4.8414326,1.7088021,7.5131536,-1.41211,-5.0178638,-2.5875525,1.0639603,0.74423134,1.191323,-2.656127,-3.461737,1.6101228,8.662358,-9.66044,-0.7185761,-2.3998363,0.43434715,-4.4501014,-3.376986,-0.2731863,0.09262551,-2.8452237,2.818113,5.0265713,0.70826995,3.5321162,0.58953273
NCI-H1184,3.3735511,3.4117553,1.1561637,-2.178629,-0.6679405,1.1399605,0.3390344,0.18948007,-0.1376467,-3.9851673,0.94215786,-0.9305441,3.692573,0.051785875,1.3630562,3.2024972,1.9471775,-0.9623713,1.3066624,-2.0438607,1.0134284,3.3342814,2.3959842,2.6225998,0.109885834,1.6108295,-1.093687,1.9558451,2.8907564,-0.3089276,-2.239594,-2.234121,5.292958,-2.5000932,-2.2351985,0.19781505,1.5505728,-2.0092547,0.13051103,-3.0517273,2.8004332,-2.8398156,2.1831896,-1.3528064,1.2498983,5.0897956,-2.8368416,-4.3268414,1.3537349,-1.021732,-1.1341407,4.038813,2.974655,1.026491,-3.2505274,-2.5323138,-0.55210334,-1.4131893,-4.9264874,-1.1012707,-1.0033858,3.7535663,1.2537284,-0.9482863,1.2850153,0.114459634,-3.6345594,-0.80127287,-0.91211814,2.4952304,2.8996248,0.16208056,3.1448603,-2.217467,-2.5158818,-0.8191172,2.3710778,0.08559322,0.5951973,-1.3018882,-1.3911203,1.0854551,5.342103,-4.6163096,-0.62458533,-1.795475,0.5240906,-2.9406347,-1.420718,-0.26124096,0.40304995,-0.3442983,1.5306275,3.0959642,0.31753883,2.3227978,-0.029837806
Sq-1,1.4561838,1.3556688,0.5055723,-0.82994545,-0.21423985,0.38157195,0.100035205,0.0884777,-0.23567863,-1.5243874,0.44348648,-0.28958076,1.3717198,0.16459657,0.48354915,1.2251445,0.7009101,-0.40346608,0.52034676,-0.8968579,0.28505632,1.5268048,1.1255789,1.1782244,-0.10167018,0.62414604,-0.49483395,0.73302746,1.1245797,-0.053500406,-0.7392986,-0.7227564,2.1839757,-0.9578428,-0.92746764,0.123384,0.50730556,-0.74249023,0.04381632,-1.1620339,1.1521574,-1.4428879,0.9528956,-0.56984186,0.3709152,2.1266289,-1.012616,-1.7343545,0.63299286,-0.47125393,-0.42352542,1.5687195,1.2340944,0.43788868,-1.2940123,-0.8595195,-0.34516922,-0.5141808,-1.9174392,-0.4195428,-0.5993946,1.6225616,0.45354673,-0.27584726,0.6280176,0.021913366,-1.4233334,-0.45106417,-0.46091694,1.1810812,1.2642815,0.27661327,1.4317493,-0.6408954,-1.061677,-0.4566261,0.63001806,0.049316306,0.23333223,-0.59361225,-0.7375576,0.5797291,2.1582775,-1.993527,-0.32199982,-0.8222669,0.2656461,-1.2300416,-0.6124722,-0.109150656,0.12323491,-0.28860742,0.6172797,1.2071296,0.21394941,0.8613487,0.009866536
F5,-1.9433889,-0.92301214,1.1528518,-0.6440969,-0.39231426,-0.14882231,-1.5453246,-1.1527874,0.0671268,-0.1929428,2.091802,-0.7079609,-0.8939854,-2.1876032,1.5267588,0.46874705,-0.101326615,1.5590335,-0.47936103,0.16050883,-1.2537615,-1.5628237,-1.5958831,-1.7382554,0.74696493,1.1745273,-0.78142864,0.7520391,-2.321558,-2.1464176,2.3146236,0.46796796,-1.1897172,0.25364652,0.7729228,0.5320942,-0.61163634,-0.14948466,1.9859846,-0.9708483,1.0095677,1.0671612,1.3810222,0.4156223,-1.771245,-1.4264324,-0.7001401,0.017621607,0.13716912,2.0311725,-0.60493773,-2.4562933,-1.0627787,-2.1166692,0.5319027,0.75804824,0.07680941,1.4256831,-0.77336764,0.32017177,1.7634712,-0.47962117,1.3380852,-0.35736695,-0.0892688,-0.038734492,0.33583102,0.86742085,-1.4496126,-0.5541875,-1.1007782,-1.7981794,-0.7945515,1.6153226,-1.2518789,-1.3702868,-0.46824658,-0.7463086,-0.54710335,1.2415364,1.2601858,-0.49536425,-1.1631396,-1.6154463,0.8683695,1.3307054,0.7845493,-0.33898953,1.0502839,0.7348205,1.6801631,-0.7361114,1.1324811,-0.59013486,-0.3259186,0.054564673,1.633975
NCI-H1623,-1.5465946,-1.3635068,-0.18557718,-0.115290895,0.6490778,0.19770801,-0.049224064,0.099070825,-0.56592137,-1.5801022,2.007425,-0.2136484,-0.9843625,-1.18898,-0.18722062,1.0236468,-0.3081951,0.6951916,-1.3110522,-0.66093767,-0.9276983,0.5320898,-1.5937946,-0.64988863,0.020865722,0.082043245,-1.641637,0.11550241,-1.3819153,-0.37253982,1.4968309,0.88169926,0.45507047,0.47886813,0.66072816,0.27235502,-1.5759915,-0.81227344,0.19057608,0.122148454,1.024698,-0.091906086,1.9637315,0.20101623,-1.6941797,-0.4949608,-0.034256034,-0.099670656,0.45312458,0.65419185,-0.9826021,-0.4455843,0.09554148,-1.3969432,-0.25375918,0.63171655,-0.8049689,1.9448447,0.28124347,0.19250965,-0.23266439,0.27996776,-0.40265113,0.6777253,0.6396259,-0.39458644,1.02342,0.11327666,-0.45503178,-0.2812537,-0.34927997,-0.12032658,0.13386488,2.0553973,-1.7595956,-0.32839566,-0.7490157,-0.00936833,0.102569684,0.17325242,0.3439563,-0.6596699,-0.19748427,-1.593072,0.57654446,1.2371051,0.6521261,0.9226086,0.6258467,1.1274912,0.14480685,-0.31158784,1.3255177,0.16101015,-0.4625137,0.63479006,2.05273
TEN,4.1402764,3.6469312,1.5590417,-2.59754,-0.11580922,0.9219056,0.1588127,0.15120399,-0.77127725,-4.2177176,1.4905063,-0.9173485,3.031065,1.021982,1.3404094,3.1740131,2.1735382,-1.178788,1.8099035,-2.9222553,0.45193914,4.219303,3.6977417,3.3082445,-0.70093,1.9560158,-1.6480317,1.8967553,2.7507305,0.30679715,-1.4660217,-1.0362889,6.0389915,-2.0742748,-2.2566903,0.08667221,1.3740277,-2.1342502,0.2537556,-3.1642017,3.164725,-4.4186206,2.9561646,-1.5683641,0.57486504,6.0117774,-2.6474645,-4.2376833,2.030504,-0.98917735,-1.5082178,4.4232516,3.6386087,0.8833496,-3.7710662,-2.4962616,-0.87337667,-0.8921904,-5.20312,-0.4570176,-1.9272157,4.4314327,1.1944492,-0.028992638,1.9624852,-0.67390674,-3.3846462,-1.5883337,-1.458409,3.1411433,3.2483432,0.8876653,4.438336,-1.4291745,-2.9183564,-1.4931985,0.956428,0.46000072,0.54710674,-1.522653,-2.13396,1.096443,5.367505,-5.760881,-0.44693014,-1.8121408,0.4021182,-3.0627723,-2.0764616,-0.2508931,0.030804228,-1.6397153,1.7139376,3.075183,0.6644418,2.1917927,0.40981427
SW1783,-2.0450158,-1.0618068,1.156162,-0.6273346,-0.38917527,-0.1548883,-1.5608451,-1.1030421,0.03803049,-0.2599767,2.324151,-0.75429106,-0.9787635,-2.2486973,1.5041963,0.5264748,-0.114376806,1.616691,-0.645078,0.12206215,-1.3215606,-1.5151407,-1.7525995,-1.8687221,0.80300546,1.1332229,-0.942869,0.744655,-2.4868774,-2.1995206,2.4892783,0.47737,-1.1854582,0.27372268,0.84679997,0.55640495,-0.72581196,-0.17736535,2.0418186,-1.0567429,1.18381,1.0982679,1.6246116,0.3663805,-1.9141673,-1.5304321,-0.71588063,-0.011954762,0.16216749,2.0825684,-0.6283879,-2.6001384,-1.0809269,-2.3099163,0.55921704,0.816625,-0.034433123,1.5905615,-0.745466,0.2749239,1.8469903,-0.49007732,1.367413,-0.28342983,0.0122279115,0.0020996737,0.37506026,0.9679529,-1.5234208,-0.593333,-1.1372416,-1.8377771,-0.8451624,1.7741896,-1.3920768,-1.3788459,-0.59311825,-0.83578837,-0.5627381,1.3188617,1.297212,-0.56332797,-1.2671686,-1.701882,0.9442428,1.4362825,0.901858,-0.28584063,1.1789243,0.85928065,1.7019773,-0.7761976,1.304185,-0.57471,-0.34143263,0.047054578,1.8152792
KYSE-410,-1.9843824,-1.0051304,1.1358697,-0.6366571,-0.4106867,-0.18090636,-1.5299402,-1.0527031,0.055226706,-0.2150788,2.2572618,-0.73060083,-0.9205369,-2.1622436,1.468656,0.45592847,-0.07863518,1.5599041,-0.5957318,0.11966315,-1.2855935,-1.4745421,-1.6738969,-1.7819085,0.8087547,1.1083832,-0.9088675,0.75600034,-2.3811605,-2.1365561,2.419026,0.44384325,-1.1136131,0.21924528,0.80172867,0.53777343,-0.66466975,-0.17196278,1.9582634,-1.0632329,1.1365802,1.0772809,1.5615408,0.3625157,-1.8222398,-1.482289,-0.69975424,-0.02611617,0.17494246,2.0296545,-0.60724777,-2.5140343,-1.0427973,-2.2444434,0.51470375,0.76550794,-0.03861616,1.530922,-0.7273759,0.25169128,1.7866268,-0.47100794,1.3610623,-0.2777028,0.03425988,0.005360957,0.34127527,0.9444472,-1.4896797,-0.5605726,-1.0712364,-1.779942,-0.81460935,1.6490357,-1.3193965,-1.3732647,-0.58780605,-0.82785153,-0.56293184,1.3158401,1.263924,-0.50001645,-1.1743878,-1.6305897,0.917975,1.3598684,0.8705436,-0.30915347,1.1326702,0.8441611,1.6517959,-0.7535066,1.2531146,-0.55431783,-0.33356917,0.017386323,1.7495685
KMS-34,-2.5183134,-2.1927443,-0.97513145,0.16134258,2.0451849,0.06815927,-0.037606403,-0.0024753911,-1.7829273,-2.945783,4.6827936,0.06409906,-2.5318298,-1.6437931,-1.3178078,2.0978384,-1.1725034,0.9809995,-2.577406,-2.13971,-2.2853122,2.5380788,-2.9224784,-0.68188095,-0.5021432,0.28426024,-3.999368,-0.20065105,-1.9560144,0.10553797,1.9313542,1.9978478,1.4229709,1.6037263,1.7800874,1.6477844,-2.2095432,-1.433323,0.3843526,0.59763324,2.3049736,-0.90849286,3.2212756,0.33598375,-3.6984594,0.031509798,0.34596738,-0.48889172,0.7659962,1.2329664,-1.5016758,0.614934,0.8295803,-2.5452049,-0.7725788,1.3063604,-1.9730873,4.0547895,0.40263745,0.57287556,-1.4821047,1.3554053,-0.7735944,2.1780798,1.21092,-1.1414193,1.8542185,-0.3754606,-0.47993335,-0.31770325,-0.630282,0.1957988,0.65694225,4.3884664,-3.689081,-0.9798288,-2.122338,0.18711355,0.5160619,0.115598716,0.26410013,-1.1817781,0.28354222,-2.9108963,0.64259297,2.1546495,0.6913133,2.3023162,1.0224223,1.9498502,-0.09353699,-0.8751737,3.0005002,0.8606855,-0.8428911,0.97532415,3.375412
P31/FUJ,-2.750731,-1.8477374,1.0559223,-0.43205673,0.05164972,-0.16287223,-1.0719883,-0.47269815,0.121721715,-0.42886555,2.6755736,-0.68063194,-1.3306895,-1.9867748,0.8874405,0.73558867,-0.46027446,1.8274021,-1.2609004,-0.09263562,-1.6157523,-1.1365942,-2.2533772,-1.7552705,0.36642924,0.8245443,-1.4150504,0.66834927,-2.7826033,-2.1033435,3.1902385,0.7399951,-0.82359314,0.482884,1.2499455,0.22051387,-1.3432486,-0.76477057,1.6747353,-0.9308326,0.8666522,1.3591008,2.152159,0.48450148,-2.6122372,-1.73054,-0.50818086,0.346296,0.47928938,1.7839566,-0.82521343,-2.2068772,-1.2055838,-2.4900072,0.8498193,1.0702957,-0.5545172,1.9793115,-0.02005378,0.2252672,1.5417988,-0.65360296,0.8900054,0.053401977,0.31719366,0.3012217,1.041436,0.88591987,-1.422658,-0.82501394,-0.99352765,-1.5615457,-0.62856656,2.106721,-2.1080928,-1.0527806,-0.70660233,-0.29445192,-0.24631888,1.2648838,1.4254185,-0.78119844,-1.53155,-1.981385,1.1220576,1.5891858,1.3357913,0.19202155,1.3065591,1.236997,1.6469681,-0.8915848,1.8104693,-0.7595596,-0.2597949,0.36025608,2.4988678
SCC-9,-2.0983877,-1.1073442,1.1689115,-0.6439938,-0.4145463,-0.1660496,-1.5780534,-1.0904697,0.028757732,-0.2623083,2.4164925,-0.78512233,-1.0029507,-2.262883,1.5057443,0.5207061,-0.11212049,1.648626,-0.70357996,0.10267748,-1.3463155,-1.5075767,-1.7979873,-1.9060929,0.8470673,1.1285287,-0.9972283,0.7745887,-2.543536,-2.217659,2.5486312,0.47226825,-1.1727428,0.26467577,0.8647721,0.5737898,-0.74600714,-0.182961,2.0760498,-1.1118387,1.2429463,1.1222137,1.7043623,0.35378504,-1.9627202,-1.5823755,-0.7228433,-0.02429869,0.16877842,2.117584,-0.6426462,-2.6414306,-1.0855097,-2.3837233,0.55881435,0.82782406,-0.08089051,1.6425037,-0.7432043,0.257341,1.9023914,-0.48661724,1.4142542,-0.25996915,0.051480833,0.025971267,0.38681135,1.0089082,-1.5459384,-0.60211414,-1.1492052,-1.8635658,-0.84899944,1.7925956,-1.4382384,-1.4070725,-0.6472008,-0.8733814,-0.5851065,1.3686656,1.3186373,-0.5633495,-1.2781402,-1.7211472,0.95735556,1.4561511,0.947841,-0.27473336,1.2159786,0.9073201,1.7166835,-0.8015926,1.3690741,-0.5660372,-0.35110018,0.03303574,1.8796952
LS123,1.3599625,1.3975474,0.24549127,-0.60907316,-0.013251299,0.3249127,0.04318747,-0.2032602,-0.3395599,-1.4056762,0.5812178,-0.19658794,1.0159376,0.3572465,0.42461726,1.0644941,0.70272607,-0.26582903,0.423502,-0.938828,0.27432576,1.4074036,0.96924716,1.018638,-0.09206646,0.65173155,-0.29804236,0.69983035,0.9589004,0.034440912,-0.76048625,-0.47763354,1.9555106,-0.665519,-0.5955686,0.2204502,0.7346509,-0.5487447,0.22127175,-0.8721851,1.1119947,-1.4610468,0.69538057,-0.64779395,0.103056595,1.9190581,-0.7666819,-1.596981,0.5451311,-0.36781982,-0.32079452,1.3630669,0.9113271,0.35444647,-1.2405341,-0.79257965,-0.35449007,-0.33142874,-1.7486519,-0.40922335,-0.6193244,1.3946265,0.46468407,-0.088784814,0.39315602,-0.33617285,-1.4293694,-0.33906338,-0.32978025,0.8424965,0.97576237,0.33980393,1.3576264,-0.51715606,-1.0032624,-0.47624907,0.50878274,0.0053556934,0.25912413,-0.62584525,-0.53164095,0.34508002,1.8346943,-1.8712211,-0.36453936,-0.6685832,0.28434724,-1.1809186,-0.4702536,-0.20484123,0.09353955,-0.15012357,0.6649102,1.0962194,0.106249906,0.82586265,-0.09722728
SNU-1196,-2.0751982,-1.0663867,1.1740334,-0.64023775,-0.41273278,-0.1530104,-1.5896039,-1.1395584,0.04430007,-0.2513918,2.3289285,-0.756303,-0.98328596,-2.279488,1.5435228,0.51522934,-0.10692987,1.6382545,-0.63536656,0.14135185,-1.3348368,-1.5553081,-1.7540312,-1.8832433,0.81726813,1.1611342,-0.9303094,0.75967443,-2.5079257,-2.238602,2.5156767,0.47363076,-1.2182009,0.27982792,0.84268683,0.55821306,-0.7293344,-0.17573255,2.0705504,-1.0721288,1.1793681,1.1196958,1.6081436,0.3723117,-1.9170265,-1.5534116,-0.7258861,0.0035271756,0.16152067,2.1257465,-0.6314258,-2.6432643,-1.1016072,-2.3195424,0.5640352,0.8102312,-0.014094096,1.6006838,-0.76119953,0.27734384,1.8763962,-0.5000082,1.3914639,-0.3106406,-0.0038000606,0.0018444653,0.37619972,0.98327976,-1.5471995,-0.5970504,-1.1602554,-1.8748491,-0.84986836,1.7775424,-1.3893194,-1.4038755,-0.5854998,-0.8461944,-0.57351285,1.3326371,1.3145224,-0.56176794,-1.287354,-1.7141552,0.9541641,1.4437749,0.9085356,-0.3068832,1.1742007,0.8616533,1.7328839,-0.78024185,1.2955425,-0.5918775,-0.3506756,0.05657365,1.8152859
Hs 819.T,3.9188306,3.5044694,1.7597804,-2.981863,0.16486374,1.1461767,0.13356054,0.3308515,-0.8816872,-4.389551,1.5101635,-0.796373,2.8193188,0.7100918,1.4764696,3.3778698,2.4102707,-1.4949511,1.8731712,-2.97595,0.22155607,4.3717475,3.5338385,3.1800115,-0.93291354,2.1577857,-2.4366975,1.911212,2.5247753,0.30913323,-1.2886127,-0.880646,6.045687,-1.9346294,-2.4048529,0.061808243,0.8170689,-2.368487,0.0020338,-3.1169496,3.383202,-4.389937,3.5422025,-1.2207383,0.8011701,6.28449,-2.8978868,-4.15945,2.316559,-0.5792856,-1.5846906,4.9761667,3.8884084,0.6906673,-4.1565237,-2.5830526,-0.65667313,-0.5184193,-5.2614155,-0.086276755,-2.287173,4.7725654,0.7581122,-0.16803329,2.1049664,-1.0644305,-3.0386057,-1.6934626,-1.8911566,3.452502,3.2707543,1.0461701,4.210294,-1.0682735,-2.8051684,-1.3351609,1.1504798,0.7365137,0.72478914,-1.9172624,-2.4962296,1.130651,5.49192,-6.0331745,-0.16694038,-1.3797786,0.12699279,-2.7965133,-2.1882818,-0.15216273,0.25926477,-2.0502114,1.4291025,3.1538706,0.11674211,2.6042483,0.49238995
KYSE-520,0.88994,0.81019574,0.22698726,-0.32000047,-0.36893123,-0.045947563,0.12945974,0.11386838,-0.01866888,-0.79551417,0.2698706,-0.3701815,0.965404,0.3267955,0.11918391,0.6657481,0.40338546,-0.06524254,0.32081133,-0.528908,0.32717037,0.772912,0.7759035,0.7615833,0.2233333,0.20676482,-0.005084534,0.4994636,0.80473495,0.013834342,-0.6833584,-0.5814146,1.4482926,-0.7730685,-0.5360464,0.010429559,0.75958115,-0.23586097,0.10592726,-0.890221,0.5469863,-0.82786655,0.26538342,-0.53122294,0.07809299,0.94877553,-0.4928439,-1.0081891,0.15762557,-0.48282152,-0.3051044,0.6737556,0.66264534,0.38691124,-0.57794625,-0.5991962,-0.333935,-0.51035863,-1.0424047,-0.5677763,0.049291346,0.6657621,0.65533686,0.028251344,0.29984668,0.24273668,-1.0881395,-0.14329645,0.010547299,0.47237438,0.77342004,-0.011548273,1.0481312,-0.83611816,-0.5649632,-0.41882107,0.21986821,-0.08391793,0.032576494,0.07656352,-0.31568575,0.2993427,1.2990165,-1.0182985,-0.28076252,-0.8168857,0.4289968,-0.932294,-0.32206222,-0.18457904,-0.10664244,0.2149557,0.4939635,0.74660975,0.41561508,0.29626706,0.024350945
SNG-M,-1.6769811,-0.43973756,1.3662295,-0.8520782,-0.5855475,-0.5000926,-1.5382297,-1.0178035,0.21205032,0.26136377,1.818987,-0.7084095,-0.5825893,-1.7381821,1.3382437,0.15520222,0.02871628,1.4117526,0.009849247,0.32168394,-1.073869,-1.5436025,-1.0982294,-1.4261172,0.92567796,1.152224,-0.6101754,0.8555453,-1.903242,-2.014623,1.8682507,0.08476677,-1.0821192,-0.012642644,0.49883965,0.59970826,-0.020649921,0.07325959,1.8336381,-1.2089641,0.7166484,1.151759,0.86453915,0.36905825,-1.351184,-1.2941707,-0.6748488,-0.015004702,0.16900778,2.0574684,-0.46670672,-1.9960443,-0.930635,-1.6282904,0.3937236,0.17617622,0.17228511,0.9706586,-0.75607723,0.23789829,1.8036371,-0.3959108,1.6530212,-0.27113095,-0.06092758,0.10182893,0.0353956,0.99556494,-1.3581619,-0.49091944,-0.94648784,-1.6070461,-0.706909,0.7745112,-0.6866716,-1.5348762,-0.3159507,-0.61326015,-0.46228147,1.4159031,1.0049359,0.07747845,-0.6793316,-1.2551239,0.67426157,0.9806171,0.5547256,-0.7218286,0.5829926,0.5342759,1.5608829,-0.68548423,0.8120347,-0.63130635,-0.15751284,-0.2531113,1.2807789
SNU-81,-2.035124,-0.9847505,1.1413314,-0.6282253,-0.35159257,-0.14098702,-1.5892324,-1.203708,0.039816923,-0.2929419,2.2123344,-0.7307992,-0.94779515,-2.3266873,1.5563271,0.54050034,-0.14597826,1.5940001,-0.5441192,0.12447539,-1.3430197,-1.5804027,-1.7178206,-1.8245372,0.69678944,1.2152908,-0.87115073,0.73783416,-2.4289048,-2.2653835,2.4696133,0.5292018,-1.2498945,0.260663,0.84848994,0.5357435,-0.6730164,-0.14432073,2.0716398,-0.9695071,1.1033216,1.0719036,1.4948081,0.3972875,-1.9015871,-1.4744853,-0.7229264,0.008355971,0.1629888,2.0986476,-0.6397157,-2.5819433,-1.1094803,-2.217177,0.5561549,0.82022274,0.060996275,1.5288614,-0.7973264,0.33459115,1.8182645,-0.51325727,1.3560055,-0.33096692,-0.07462275,-0.058571316,0.3304791,0.86005944,-1.5116711,-0.5597699,-1.1512604,-1.8521854,-0.89350784,1.8040576,-1.3075095,-1.4140203,-0.48735726,-0.7725119,-0.54812545,1.2461798,1.3219094,-0.55569905,-1.2366669,-1.7401637,0.9605306,1.4182479,0.79989463,-0.33431932,1.1507038,0.8062987,1.7341962,-0.76199627,1.2167276,-0.57593745,-0.31637284,0.048710573,1.7423873
TE-8,-2.0453866,-1.0172971,1.1575527,-0.6269557,-0.38226697,-0.12782384,-1.5902573,-1.2162099,0.040829122,-0.25447077,2.2226639,-0.7272595,-0.9660648,-2.3148937,1.5699713,0.5285481,-0.12539667,1.627817,-0.556727,0.1573258,-1.3289441,-1.5937577,-1.7192701,-1.8463916,0.75142,1.196592,-0.8519035,0.7515461,-2.4546494,-2.2442255,2.451922,0.51833445,-1.2555381,0.31162855,0.8374959,0.5470726,-0.6955553,-0.17201287,2.0810614,-0.97889006,1.0815986,1.0992225,1.4830114,0.41114408,-1.8827907,-1.5011764,-0.7210183,0.024979208,0.15209037,2.1021821,-0.6311573,-2.5966911,-1.110509,-2.2451344,0.5647434,0.82890624,0.060921278,1.5495427,-0.7886968,0.31306136,1.8236493,-0.5140104,1.3510942,-0.34971598,-0.09170537,-0.047190372,0.36831254,0.9008916,-1.5276061,-0.59346634,-1.1676164,-1.8736763,-0.84429514,1.780583,-1.3589194,-1.4004289,-0.5039278,-0.79011846,-0.5558159,1.2644266,1.3240755,-0.5720885,-1.2624737,-1.7110589,0.94029164,1.4248176,0.8295469,-0.31052938,1.1345662,0.7876042,1.736981,-0.7651714,1.2283765,-0.59722805,-0.3549906,0.08339825,1.7370162
COV644,-2.062833,-1.0131192,1.1843836,-0.64851725,-0.3925345,-0.12886,-1.6165472,-1.2276034,0.042659074,-0.25238565,2.2399542,-0.7349559,-0.97782075,-2.3355958,1.5990077,0.5254184,-0.13164356,1.6493647,-0.5483645,0.15159567,-1.3325657,-1.6214415,-1.7210413,-1.8628356,0.7573355,1.2266313,-0.85424614,0.7646534,-2.4839144,-2.2874868,2.474833,0.5060357,-1.2795103,0.29747736,0.82962626,0.55461746,-0.68472666,-0.15881488,2.1077929,-1.0077411,1.0967158,1.1192615,1.483871,0.4214803,-1.9004347,-1.5312972,-0.7296169,0.029723912,0.13675365,2.1425004,-0.63403213,-2.6171005,-1.1301649,-2.249928,0.57389164,0.8221699,0.072715595,1.5466996,-0.8078918,0.33191586,1.8649311,-0.5028291,1.3929209,-0.3608154,-0.08604574,-0.037453726,0.36266026,0.91352314,-1.539273,-0.5977888,-1.1899383,-1.8999176,-0.86337996,1.7802768,-1.3346663,-1.4291863,-0.50338787,-0.79392153,-0.5563449,1.2876226,1.3369411,-0.57394916,-1.2766968,-1.7267168,0.9330939,1.4355525,0.82585,-0.33409864,1.1396621,0.7918599,1.7605896,-0.776355,1.2207512,-0.6187784,-0.34501934,0.079815656,1.7469084
TUHR14TKB,-2.0805073,-1.0917373,1.158423,-0.63075376,-0.4077344,-0.14950371,-1.5734621,-1.1210549,0.03139224,-0.27080396,2.3592958,-0.76261675,-0.99201965,-2.2735293,1.5242375,0.5226908,-0.111886956,1.6386853,-0.6708742,0.12745358,-1.3357248,-1.5288043,-1.7719792,-1.8877224,0.8211824,1.1377795,-0.95228106,0.7573314,-2.5123687,-2.2183986,2.5250578,0.47996345,-1.1951597,0.28137317,0.8489136,0.5579316,-0.7504841,-0.1842416,2.0653775,-1.0714995,1.2058706,1.1134201,1.6481543,0.36122912,-1.9328424,-1.5629025,-0.72299194,-0.008490518,0.16405879,2.1053588,-0.6406499,-2.6413472,-1.0897609,-2.34363,0.5616636,0.8260649,-0.03980392,1.6257502,-0.75146383,0.26596203,1.8714571,-0.49568877,1.3782784,-0.29470253,0.01490986,0.0059080976,0.38808465,0.9836803,-1.5430382,-0.5980314,-1.1536438,-1.8690988,-0.8419892,1.7914889,-1.4178038,-1.3926377,-0.60622716,-0.85560006,-0.57616705,1.3364668,1.3113579,-0.5748797,-1.2896547,-1.7178633,0.9553437,1.4503924,0.92518914,-0.2868811,1.1950917,0.88100266,1.7129399,-0.7787931,1.3276157,-0.5806568,-0.35394627,0.058043808,1.841629
COV504,0.37120116,0.3879732,-0.20914042,-0.6238218,1.2578142,0.13503766,0.1349256,0.1128969,-1.343978,-2.3383825,2.1237109,0.2022168,-0.41384077,0.022044482,-0.5580468,1.605076,0.27667978,-0.47738802,-0.3121519,-1.7149764,-0.76578903,2.8424094,0.2026574,1.0733753,-0.684411,0.6480384,-2.3383288,0.13652284,0.32405496,0.7184165,0.024695778,0.69487184,2.41025,0.30736947,0.04800355,0.7605795,-0.63548875,-1.0672334,-0.3415764,-0.068382256,1.7732048,-2.167424,1.9589427,-0.2274455,-0.9136023,2.2690196,-0.43826273,-1.3425753,1.0568997,0.37389404,-0.92295337,2.437323,1.7321653,-0.3036237,-1.7421092,-0.42447972,-1.0094099,1.4183443,-1.1297044,0.5687222,-2.147414,2.2399347,-0.6206999,1.2340523,1.2448045,-1.2782099,0.005645739,-0.88188076,-0.5704885,1.0724945,0.56010926,1.2131127,1.6183224,1.4862748,-1.7953705,-0.63655585,-0.6165569,0.6329474,0.7097841,-0.8912855,-0.9873389,0.1113956,2.087665,-2.5404513,-0.020417856,0.5284746,-0.27161568,0.33866796,-0.6923028,0.5803772,-0.38803878,-1.0969039,1.1916332,1.2555264,-0.5478584,0.98047805,1.0117468
SK-N-MC,-2.417737,-1.1859783,1.3795962,-0.7614534,-0.50600564,-0.18662304,-1.8660485,-1.3500677,0.08455925,-0.21620226,2.6606138,-0.89526165,-1.1578552,-2.6327848,1.8137137,0.5467463,-0.12975939,1.9230461,-0.65407854,0.17451388,-1.5548022,-1.8376144,-1.9982582,-2.1655047,0.94091284,1.3902041,-1.0443468,0.91000754,-2.879241,-2.59134,2.9035647,0.5256482,-1.4517931,0.31660688,0.9873388,0.65578306,-0.7495144,-0.18722665,2.4191027,-1.254035,1.2999514,1.3447404,1.7839007,0.48023754,-2.189996,-1.786146,-0.83116555,0.0397484,0.17642976,2.4805107,-0.7147113,-3.021222,-1.3008261,-2.6505952,0.65063095,0.93096673,0.013607252,1.7961112,-0.89198387,0.3624466,2.196324,-0.59990513,1.6534945,-0.37739536,-0.0582071,0.002093039,0.43101996,1.124071,-1.7904098,-0.6910874,-1.3431033,-2.206704,-0.97694117,1.9644133,-1.5593126,-1.6751726,-0.62469846,-0.96578366,-0.6827132,1.545065,1.5594997,-0.5967315,-1.4483806,-1.953035,1.1035906,1.6373469,0.99945635,-0.3750781,1.3271905,0.9581106,2.0415745,-0.9120807,1.4594483,-0.7052799,-0.39361617,0.025835887,2.051602
SNU-503,-2.0418112,-1.0321041,1.1628861,-0.63383085,-0.41181412,-0.1546815,-1.573764,-1.1258031,0.061098978,-0.239369,2.285693,-0.74517524,-0.95637286,-2.2521896,1.5300696,0.50098497,-0.10491238,1.601333,-0.6082242,0.15218133,-1.3176731,-1.5441324,-1.7196966,-1.8560306,0.79665846,1.1575524,-0.9113402,0.75142205,-2.4601007,-2.224415,2.4817681,0.45897117,-1.2089947,0.25801605,0.8315663,0.5475222,-0.70503,-0.15927625,2.043569,-1.06387,1.1527979,1.1087916,1.5744228,0.36529148,-1.8792411,-1.5211997,-0.71245253,0.0029857308,0.17018381,2.1086833,-0.6167702,-2.6135662,-1.0902759,-2.2789855,0.550195,0.7854631,-0.0045745485,1.5675561,-0.7548395,0.27999014,1.8534212,-0.49799886,1.378781,-0.30481228,-0.0044085495,-0.0038518128,0.35155973,0.96625286,-1.5281565,-0.57640517,-1.1437136,-1.8520141,-0.8541614,1.7474889,-1.3405606,-1.3889304,-0.5792719,-0.83872145,-0.5753815,1.3146064,1.2985715,-0.5397169,-1.2580849,-1.6938287,0.94219613,1.4162512,0.88768065,-0.31479523,1.1456147,0.85393524,1.7243774,-0.7709702,1.2589698,-0.5862675,-0.33922455,0.04966408,1.7771206
SEM,-2.4611535,-1.1335462,1.5542514,-0.75326204,-0.5735129,-0.31232747,-1.8584946,-1.2578417,0.27027145,0.23194274,2.4678197,-0.9078537,-1.1167978,-2.2687507,1.7248728,0.36489034,-0.09913981,1.9480597,-0.43187642,0.32978937,-1.5172896,-1.9434642,-1.8561429,-2.0014613,0.8438905,1.4601904,-0.8913229,0.8884608,-2.8137302,-2.6849015,2.9226296,0.3126262,-1.4996537,0.24875519,0.8874268,0.5558571,-0.492425,-0.30340967,2.423266,-1.4215724,0.9261488,1.525437,1.4802665,0.5573224,-2.0925498,-1.7313962,-0.67351425,0.37450528,0.20608559,2.491462,-0.5076046,-2.7748563,-1.478892,-2.4386156,0.73696095,0.7943019,0.08932072,1.5694288,-0.7074315,0.3826548,2.3067658,-0.7799529,1.8245696,-0.33990517,-0.09311424,0.18650699,0.40309283,1.3062757,-1.7481633,-0.7711363,-1.3511227,-2.0862286,-0.948724,1.5675491,-1.379644,-1.6775002,-0.5245624,-0.7512008,-0.55709434,1.6403118,1.5701592,-0.38710117,-1.503694,-1.8011186,0.9772623,1.4169724,1.0230966,-0.4898394,1.0899984,0.85600233,2.1894143,-0.9626819,1.3090885,-0.9517972,-0.34142902,-0.108229354,1.9034312
5637,0.6329167,0.7209279,0.2978476,-0.5441289,-0.016969563,0.18272471,0.10805061,0.04407493,-0.01742233,-0.7344636,0.17239097,-0.12819381,0.6727493,0.20146395,0.23982498,0.6022917,0.28698787,-0.10184932,0.30621144,-0.44523177,0.2832104,0.62483585,0.5549314,0.5203523,-0.0760903,0.3150311,-0.26406363,0.4673216,0.5726233,-0.12334437,-0.42753688,-0.38352585,1.0052505,-0.47713616,-0.569952,0.014961325,0.28900406,-0.35330233,-0.049670946,-0.5680641,0.4897801,-0.607227,0.2953237,-0.16976976,0.19326536,0.93923014,-0.5027269,-0.7313522,0.36852178,-0.1988316,-0.28012583,0.85315996,0.51868784,0.22534439,-0.78673565,-0.5560588,-0.076715425,-0.26307064,-0.9008409,-0.18901223,-0.2975784,0.7090139,0.1815169,-0.074412555,0.34086832,0.05810612,-0.50191,-0.0958828,-0.11670909,0.35648635,0.5818974,0.3146569,0.59151024,-0.42346013,-0.46638995,-0.2452883,0.4381708,0.12714092,0.124681115,-0.25115746,-0.32837206,0.25487122,1.0237391,-0.9691377,-0.17661592,-0.40691328,0.08877383,-0.62668276,-0.27394256,-0.057241857,0.033115,-0.11370336,0.26753187,0.5169335,0.06927541,0.41356316,0.05223351
AU565,5.0600433,4.5752687,1.953865,-3.4109304,0.17099641,1.4009088,0.20038053,0.21271273,-1.1529219,-5.390446,1.9597086,-0.8851566,3.5804172,1.1770562,1.7317802,4.136864,2.8217363,-1.6724305,2.2151096,-3.7095704,0.5202572,5.4012694,4.3491797,4.026739,-1.0906173,2.6579025,-2.4852722,2.4030995,3.33833,0.3058123,-1.701539,-1.1224413,7.5333004,-2.4177234,-2.9319701,0.169517,1.409718,-2.726805,0.16932401,-3.772009,4.1369886,-5.521018,3.9136262,-1.72268,0.84562474,7.7429233,-3.3922865,-5.2412224,2.7195466,-1.0131005,-1.8109843,5.9398947,4.5732183,1.0013436,-4.9981833,-3.1060715,-1.0070279,-0.91854286,-6.471384,-0.3269405,-2.7366238,5.7830567,1.14609,-0.15929854,2.4688475,-1.1065422,-4.065955,-1.9919661,-1.9628667,4.0158343,3.9692779,1.4526643,5.2613807,-1.3695316,-3.5921648,-1.7574499,1.3699722,0.7791168,0.7915208,-2.3208458,-2.8434107,1.4409784,6.8193436,-7.3329515,-0.46837065,-1.982325,0.30112767,-3.6116998,-2.5198405,-0.36107117,0.23874451,-2.341157,1.9676989,3.9200559,0.3714271,3.011063,0.42437354
COV318,7.8825364,6.9502873,3.0866346,-5.1935472,-0.28000528,1.8205793,0.34322754,0.4150347,-1.4269887,-8.082828,2.6596296,-1.6901271,5.9945235,1.9553232,2.5477335,6.048461,4.183441,-2.2905517,3.4674392,-5.4816804,0.9126471,7.8867593,7.1896906,6.1461797,-1.210496,3.842292,-3.303448,3.746422,5.39125,0.37969762,-2.5693138,-2.0413082,11.49906,-3.801574,-4.6407022,-0.012392623,2.594046,-4.08668,0.56048024,-6.1527905,6.1987834,-8.404874,5.6131916,-2.8097954,1.2256846,11.427383,-4.989865,-7.908651,3.9655912,-1.8246572,-3.0030863,8.72772,6.9007015,1.8238107,-7.3695836,-5.0120635,-1.6357659,-1.6659111,-9.92681,-0.81045926,-3.5529394,8.383169,2.304553,-0.14310665,3.7247124,-1.2264271,-6.3552513,-3.0212026,-2.7017255,6.043021,6.2115703,1.7413985,8.353899,-2.8890364,-5.4456444,-2.7887294,2.2200093,1.0101117,1.0419059,-2.7218566,-4.15134,2.1629074,10.2065735,-10.974558,-0.71908456,-3.4698672,0.60700876,-5.832763,-4.0001864,-0.5530371,0.22475477,-3.2017388,3.1042013,5.751527,1.1818984,4.180747,0.68092716
SNU-761,-2.0837193,-1.0562673,1.16764,-0.62722915,-0.37158495,-0.1184458,-1.6057435,-1.2397828,0.025089681,-0.28498313,2.2909913,-0.7465861,-0.99594307,-2.3501618,1.5919836,0.54597443,-0.14207819,1.6606979,-0.5967276,0.1409507,-1.3490806,-1.5985464,-1.7623798,-1.8791329,0.7654832,1.2117182,-0.88409513,0.75828946,-2.492989,-2.2674499,2.4971638,0.5415712,-1.258991,0.3238622,0.84830785,0.56436944,-0.7165147,-0.17770888,2.119621,-0.9861208,1.1333448,1.1019746,1.5271447,0.4144042,-1.9413545,-1.528875,-0.7309481,0.016986754,0.1459384,2.121062,-0.65664303,-2.6279447,-1.1167533,-2.3072035,0.570122,0.86274475,0.047530983,1.6039574,-0.80154777,0.31441823,1.8451467,-0.50930977,1.3813806,-0.3406349,-0.07931858,-0.045936756,0.39140397,0.9135542,-1.528557,-0.6152534,-1.1812904,-1.8999562,-0.8408177,1.8323085,-1.4096123,-1.430175,-0.52658606,-0.8037729,-0.56041855,1.2779784,1.3409215,-0.60806686,-1.2889435,-1.7434293,0.9484472,1.447975,0.850518,-0.30071,1.1806338,0.81134915,1.7447177,-0.7765993,1.2730359,-0.5872543,-0.36340258,0.090386674,1.7833884
KP-2,3.923385,3.886772,1.114228,-2.4896054,0.6559423,1.0516505,0.015265791,-0.1325226,-1.6140897,-4.806946,2.305086,-0.30141762,2.3798583,0.91394776,1.1596082,3.4701142,2.2783217,-1.460589,1.472949,-3.368317,-0.023943337,5.2177086,3.1778438,3.435215,-1.0069704,2.399023,-2.3747182,1.7766604,2.5872767,0.5559125,-1.4523563,-0.54181856,6.3555965,-1.5070322,-1.9205698,0.7260159,1.0881984,-2.2979372,0.20112148,-2.588413,3.8005118,-5.0449696,3.3857484,-1.5181104,0.34423032,6.824526,-2.3879058,-4.484199,2.2207026,-0.45297086,-1.3621469,5.1939406,3.7824175,0.7824257,-4.3040433,-2.374752,-1.1221465,-0.2118484,-5.2897067,0.055291556,-2.9799368,5.1701064,0.6458319,0.20396808,2.069934,-1.7397555,-3.300757,-1.7570114,-1.6969151,3.381344,2.9810236,1.5652753,4.5513053,-0.33828852,-3.2273262,-1.5260997,0.793857,0.68830025,1.0043392,-2.306267,-2.3370569,1.1347221,5.7631035,-6.414955,-0.56553423,-1.0794176,0.13201527,-2.5712247,-2.1108983,-0.10861587,0.15972902,-1.9349473,1.7125994,3.3045084,-0.05882301,2.565327,0.3255957
NCI-H2087,0.5920938,0.6487901,0.15983607,-0.27058214,-0.104215726,0.11799226,0.12048307,-0.026906073,-0.039630644,-0.598362,0.20100796,-0.16354819,0.6508844,0.2249778,0.0966595,0.48920548,0.22825342,-0.028428715,0.23508763,-0.34951013,0.26849046,0.5614101,0.48871344,0.51864725,0.09440865,0.1883307,-0.0035020532,0.41945744,0.5610829,-0.025807496,-0.4930925,-0.37836945,0.9690654,-0.43209663,-0.37687215,0.083721355,0.47361568,-0.19647914,0.07808605,-0.44488606,0.36885318,-0.6292964,0.15736012,-0.2640512,0.09707004,0.76567334,-0.3143782,-0.71479964,0.20431265,-0.32289597,-0.17174509,0.60385364,0.38627633,0.24545515,-0.55307764,-0.45559597,-0.19735436,-0.27014557,-0.79083806,-0.3892351,-0.12640199,0.5000643,0.3718739,-0.023437932,0.21810897,0.092194326,-0.6741199,-0.07075441,-0.0035996698,0.3174447,0.52233195,0.19194378,0.6331814,-0.47491786,-0.45567876,-0.27879792,0.33795375,-0.030421067,0.076721385,-0.0907966,-0.19896786,0.28859204,0.9492965,-0.76227164,-0.27260226,-0.5236268,0.16780901,-0.63855886,-0.20748618,-0.1205253,-0.07180047,0.10103849,0.36788267,0.48824012,0.2012909,0.26374656,0.002271315
VMRC-LCD,1.210864,1.2558615,0.27343455,-1.2119694,1.1067971,0.30359334,0.104792066,0.17153898,-1.3783121,-2.8460836,2.1545,0.0650202,0.28423262,0.24273993,-0.112810686,1.9935311,0.86204046,-0.8929458,0.20174022,-2.080919,-0.7020469,3.3854964,1.0471765,1.6421201,-0.82001466,1.0571932,-2.5357661,0.5201639,0.72705495,0.82912374,-0.23947375,0.48514697,3.3396835,-0.07099615,-0.45006615,0.6967718,-0.30753484,-1.5087303,-0.2570316,-0.8111018,2.1641178,-2.763704,2.5239434,-0.5183159,-0.56457555,3.3532481,-1.0166901,-2.1134167,1.4049062,0.32876578,-1.0697962,3.173376,2.3969753,-0.09241994,-2.383168,-0.96381223,-0.95775414,1.1351703,-2.0083132,0.5925497,-2.2919958,2.9952044,-0.3502913,0.99330723,1.5971849,-1.4185213,-0.6289013,-1.2112848,-1.0096743,1.8335975,1.2307184,1.262031,2.4316285,0.9889096,-2.0520124,-0.8519777,-0.3334905,0.650507,0.8015467,-1.2239611,-1.5089014,0.3918739,2.9387848,-3.4944282,0.018600842,0.24869056,-0.2533605,-0.28327316,-1.2000561,0.4468051,-0.20188002,-1.4620546,1.196526,1.7958009,-0.4512423,1.3514879,0.91076374
DU145,0.84145653,0.6849167,0.3365249,-0.4633112,-0.34318176,-0.019080615,0.3055904,0.3185166,0.112525016,-0.91661716,0.18309277,-0.41749722,1.2632928,0.13284983,-0.039590817,0.82014954,0.39283076,0.053301595,0.3298484,-0.55835843,0.46447766,0.9482363,0.7846348,0.8135966,0.38507378,0.10855592,-0.31428748,0.6384078,0.9520616,-0.19555894,-0.88524616,-0.9042955,1.6053749,-0.96945244,-0.76126623,0.031393245,0.6475768,-0.46948165,-0.23260254,-1.110736,0.49357697,-0.71175283,0.40673783,-0.34765178,0.286474,1.097804,-0.6488044,-0.9941596,0.2999507,-0.5578575,-0.37866822,1.0555661,0.86686766,0.5230482,-0.7481663,-0.8454356,-0.29570833,-0.63991374,-1.1407428,-0.69467354,-0.12687768,0.90007967,0.58229387,-0.0073007755,0.46139643,0.6206032,-1.0405297,-0.02691735,0.023884594,0.49838585,0.94943875,0.102833,0.94419813,-1.0203253,-0.6640161,-0.314278,0.49294657,-0.105585426,0.10632668,0.09852799,-0.40962255,0.53810453,1.677714,-1.0565689,-0.44318208,-0.79996145,0.3270617,-0.879449,-0.4060438,0.084857546,-0.10693278,0.23280522,0.6406411,0.7400495,0.3472406,0.36730602,0.2373383
KLM-1,0.70905954,0.73195887,0.09326541,-0.17118172,-0.30579478,-0.042255532,0.111463755,-0.010933439,-0.06939531,-0.67520475,0.36552814,-0.30438882,0.7558692,0.33203012,0.099300936,0.5826196,0.35543394,-0.03767981,0.2669505,-0.43959028,0.26009423,0.64009017,0.52361006,0.5833504,0.23562682,0.16327903,0.10065553,0.46451423,0.6271496,0.08526125,-0.6959581,-0.4410738,1.197629,-0.6096956,-0.31469575,0.0823101,0.7476779,-0.06374195,0.20295304,-0.6402191,0.5300364,-0.7014993,0.07074541,-0.5243036,-0.02724041,0.7718658,-0.34579173,-0.88924354,0.104943454,-0.36647573,-0.18524215,0.5046122,0.49122986,0.29886436,-0.52577627,-0.48733252,-0.2880199,-0.4171273,-0.83271754,-0.54657394,0.059072223,0.5398328,0.6122726,0.0017904975,0.1966729,0.097066835,-0.99807674,-0.064659,0.06568206,0.31430224,0.5981351,0.0025931373,0.8680872,-0.6848123,-0.49850115,-0.44007796,0.1302794,-0.10034494,0.033758074,0.014806585,-0.23987363,0.2141993,1.1242253,-0.8228629,-0.28531355,-0.7233326,0.39659375,-0.8340379,-0.21591485,-0.24422278,-0.06692526,0.3383503,0.43992037,0.6760004,0.34792906,0.3022862,-0.07682445
SNU-C5,4.4043765,4.239066,1.431639,-2.9780238,0.6929319,1.2062243,0.063878514,-0.025255647,-1.6603904,-5.3524857,2.5073476,-0.4855771,2.7073069,1.0075818,1.2966076,3.9192417,2.5609517,-1.6721369,1.7693976,-3.7829182,-0.0048756134,5.732129,3.7858872,3.8488033,-1.1785054,2.7081704,-2.760729,2.0636494,2.8561099,0.61354697,-1.4909331,-0.5773232,7.1739497,-1.6994976,-2.2549813,0.6265078,1.1479363,-2.6448357,0.19266954,-3.0637681,4.2562056,-5.612176,3.9158056,-1.6043485,0.37433073,7.601415,-2.785759,-4.9247174,2.5603964,-0.48706204,-1.7102109,5.864896,4.353205,0.8082894,-4.841268,-2.7994342,-1.2250761,-0.21374561,-5.892139,0.14041418,-3.2412584,5.8038297,0.74817365,0.31113288,2.5103393,-1.8282815,-3.5405755,-2.0266325,-1.9253047,3.825033,3.4337223,1.6980231,5.213145,-0.4822733,-3.5884833,-1.7462515,0.8930155,0.8429002,1.0435197,-2.4340024,-2.6970172,1.2329879,6.410884,-7.1811247,-0.48024127,-1.3013337,0.103611335,-2.8748298,-2.5048714,-0.109851785,0.14934991,-2.383397,1.8993158,3.6703146,0.039666615,2.877344,0.5134134
Hs 739.T,-2.049136,-1.0678324,1.1476271,-0.6400168,-0.41510686,-0.15513647,-1.5590707,-1.111694,0.03493857,-0.26506743,2.3127034,-0.75796443,-0.9694735,-2.243072,1.5130031,0.5036914,-0.099514656,1.616936,-0.65484023,0.122982964,-1.3040843,-1.5112559,-1.7190115,-1.8493143,0.8247351,1.1373731,-0.925764,0.7744943,-2.4650276,-2.1830962,2.469163,0.47646055,-1.1680329,0.25776744,0.8165916,0.5507718,-0.7254569,-0.17166126,2.0339212,-1.0645435,1.1876402,1.0908118,1.6156552,0.3607332,-1.8922718,-1.537487,-0.72191346,-0.018042065,0.15792772,2.0775888,-0.63827693,-2.5995307,-1.060255,-2.3010557,0.54713064,0.8042861,-0.042390075,1.5937109,-0.7541579,0.26248962,1.8408892,-0.48147753,1.3721794,-0.3080494,0.015146408,0.0021914649,0.38259658,0.961803,-1.510594,-0.5818591,-1.1321806,-1.8508801,-0.8102341,1.740499,-1.3883606,-1.3907689,-0.58603406,-0.8492553,-0.5737256,1.3084671,1.2924899,-0.55531573,-1.2451265,-1.6901737,0.9396074,1.4238082,0.90395933,-0.29578742,1.1716719,0.8637571,1.6857302,-0.762725,1.301681,-0.56303704,-0.34642673,0.048556913,1.8079919
JHUEM-2,-2.048144,-1.0449797,1.1343806,-0.62179726,-0.39269742,-0.14982677,-1.5689353,-1.1318381,0.05087502,-0.28583547,2.3331878,-0.7661909,-0.99427325,-2.2734938,1.5183538,0.53248864,-0.12822294,1.608551,-0.6429189,0.11452128,-1.3464371,-1.5232823,-1.7590874,-1.8599622,0.7608442,1.1554126,-0.9600723,0.7502014,-2.4639864,-2.2157412,2.5160947,0.49732313,-1.199257,0.25710768,0.85298735,0.5613518,-0.73003846,-0.1657705,2.0605075,-1.0379449,1.2039791,1.078531,1.631018,0.3561079,-1.9182285,-1.513157,-0.72297764,-0.012588635,0.17257115,2.1020062,-0.6372317,-2.6200538,-1.0568863,-2.3168635,0.547277,0.7976548,-0.040242765,1.606767,-0.76504076,0.29776138,1.8506974,-0.4989281,1.3627,-0.28730217,0.016129192,-0.020494502,0.3658761,0.945501,-1.532189,-0.5699635,-1.1502459,-1.8479936,-0.8751791,1.812747,-1.3841362,-1.3854649,-0.60316634,-0.8314252,-0.5606809,1.3152645,1.2999626,-0.54603535,-1.2647384,-1.7298462,0.977119,1.4653198,0.8822573,-0.2826563,1.1970266,0.88379323,1.7133665,-0.7766292,1.3102582,-0.5766131,-0.3359737,0.04919768,1.8193498
OE33,-0.70376956,-0.56755453,-0.45821396,0.31787872,0.5502181,-0.3330439,-0.2039905,-0.038060654,-0.6865786,-0.77893037,1.7480632,-0.033699706,-0.7973335,-0.24132983,-0.48522332,0.5988198,-0.65982467,0.24997999,-0.8175081,-0.8638711,-0.9211157,1.0960755,-0.94569576,-0.28898132,-0.09276264,-0.11432423,-1.2464284,-0.25147572,-0.5920484,0.20581976,0.3259816,0.5801518,0.61945593,0.54580325,0.98293614,0.8335795,-0.4078468,-0.07474675,0.24811879,-0.057688333,0.891419,-0.35517123,0.9098748,-0.2507069,-1.2412585,-0.08724584,-0.119931735,-0.34234723,0.113083094,0.46001512,-0.47902358,0.23491743,0.45926073,-0.77258563,-0.14068419,0.46790344,-0.7873784,1.2364674,-0.027278202,0.22905096,-0.104356654,0.54703027,-0.07813952,0.84260416,0.35073492,-0.27529675,0.45201203,-0.28915069,-0.084223725,-0.1272804,-0.28806946,0.017265841,0.33246878,1.2954613,-1.117409,-0.5528019,-1.021832,0.045743193,0.18498152,0.07891168,-0.041638132,-0.40164936,0.1355865,-0.83640754,0.164199,0.67976886,0.2842548,0.6755029,0.36723182,0.40194592,-0.055954088,-0.06503297,1.1426184,0.44023734,-0.18851575,0.19790484,0.9077775
A-253,2.4078631,1.9044416,0.7720942,-1.0658191,-0.6712516,0.449274,0.09964682,0.24005292,-0.27704814,-2.2457669,0.6931542,-0.84925103,2.231393,0.3616302,0.84453917,1.8688473,0.9942791,-0.49552554,0.76310164,-1.4938986,0.5999635,2.3090398,1.8220682,2.020083,-0.08241788,0.6820327,-0.47906113,1.0414124,1.7378336,0.05203326,-1.2740492,-1.0821756,3.5044096,-1.8337588,-1.3512683,0.067935504,1.1133224,-0.98415977,0.1613185,-2.0925567,1.5263308,-2.1362994,1.4406799,-1.3069061,0.45659903,3.0308223,-1.7125876,-2.6821287,0.7741474,-0.8907975,-0.7477461,2.029989,2.0836663,0.71944976,-1.5396832,-1.1315677,-0.68130934,-1.0552678,-3.051542,-0.8965942,-0.48910856,2.225453,1.0707957,-0.36898613,0.8434778,0.0917386,-2.4106226,-0.7356353,-0.61857927,1.7506795,2.1424906,0.082716934,2.577287,-1.3365955,-1.6770023,-0.89833,0.49902427,0.010917615,0.20428763,-0.76079696,-0.8777021,0.6618991,3.138984,-2.932934,-0.5362961,-1.573744,0.712616,-2.1572688,-0.90488225,-0.20871815,-0.028451286,-0.2850707,1.1030904,1.9544291,0.66843677,1.1019293,0.08209673
MFE-319,-1.8974038,-0.9244406,1.0451419,-0.55756295,-0.35189813,-0.16685,-1.4577999,-1.0506423,0.03539708,-0.25704083,2.132049,-0.7090777,-0.9006868,-2.1374817,1.3961333,0.5165106,-0.1656805,1.4723061,-0.5748359,0.07948313,-1.2603564,-1.4179834,-1.6314095,-1.7064074,0.6713091,1.0782443,-0.9009004,0.7190454,-2.281347,-2.0778742,2.337724,0.4916019,-1.1046163,0.20064086,0.82827216,0.5153045,-0.65351456,-0.09740079,1.9223603,-0.9463706,1.084221,1.0052683,1.4887012,0.31983268,-1.7799336,-1.4103383,-0.6757742,-0.04403235,0.16211678,1.9669904,-0.6108261,-2.4107966,-0.97106445,-2.1049573,0.5190481,0.7314671,-0.040400114,1.4516878,-0.74257344,0.29420727,1.7198747,-0.47968456,1.2973857,-0.2623541,-0.012204114,-0.031691033,0.2981546,0.8348957,-1.4538891,-0.50089884,-1.0905144,-1.7150553,-0.8653996,1.6754775,-1.240457,-1.3028319,-0.57792336,-0.73730403,-0.5351004,1.2179774,1.2283269,-0.4795202,-1.1185315,-1.5999137,0.9034842,1.3672166,0.76748955,-0.2830896,1.086188,0.8094438,1.587205,-0.73223937,1.1993873,-0.53740185,-0.28168252,0.022467747,1.6875298
VCaP,2.8622434,2.4824991,1.3046086,-2.0874429,0.08825103,0.6907658,0.13335177,0.26175803,-0.6442992,-3.1375926,1.0758635,-0.5284505,2.0860357,0.66268206,0.9385296,2.3457823,1.5972346,-0.99647766,1.2535208,-2.1640303,0.12621765,3.2575388,2.7334032,2.3576002,-0.6657773,1.473738,-1.6540629,1.3996098,1.9256462,0.25184506,-0.83945775,-0.65056807,4.3942404,-1.3911968,-1.7229137,0.12736817,0.60375136,-1.7034104,-0.02949506,-2.2849293,2.442785,-3.284656,2.4170299,-0.90561247,0.3814279,4.495707,-1.9711406,-3.071983,1.6749902,-0.50383615,-1.1598742,3.540265,2.7828095,0.61800885,-2.9618752,-1.9155821,-0.6127511,-0.3889428,-3.6404612,-0.17884374,-1.6160504,3.4630718,0.64015716,-0.010533921,1.6172701,-0.48092192,-2.139704,-1.3144041,-1.2365314,2.5369208,2.4132771,0.825503,3.2085884,-0.7756358,-2.0991583,-1.035143,0.7261419,0.4914448,0.43508837,-1.2114881,-1.8561419,0.9264237,3.959275,-4.3706985,-0.25322828,-1.1383375,0.22994903,-2.0686483,-1.6834416,-0.068055436,0.111255795,-1.3518417,1.194538,2.2521107,0.29317436,1.7675679,0.379222
COLO 684,-2.0733023,-1.0453787,1.161032,-0.6203019,-0.36483985,-0.12883948,-1.6095444,-1.2458321,0.029303156,-0.29350802,2.296248,-0.7470336,-0.9988018,-2.357433,1.5975101,0.55179256,-0.15875173,1.64973,-0.5906079,0.13017064,-1.3594878,-1.5981458,-1.7729852,-1.8782611,0.7454442,1.2216016,-0.8951976,0.757779,-2.48981,-2.2726803,2.507503,0.5610612,-1.2573253,0.30504945,0.85785335,0.57203895,-0.7065467,-0.18195534,2.1261888,-0.97461164,1.1546043,1.091799,1.5452626,0.4083115,-1.9498503,-1.5260797,-0.7446177,0.011639506,0.16148078,2.1253145,-0.66815275,-2.6300278,-1.1044662,-2.3106217,0.5693664,0.8624231,0.040021118,1.6037129,-0.8077322,0.32736838,1.851721,-0.51840407,1.3748858,-0.34084675,-0.076439425,-0.05847992,0.37779793,0.90167856,-1.5376681,-0.5965584,-1.1783266,-1.896978,-0.86207825,1.8510426,-1.4096906,-1.4354224,-0.52726966,-0.7997985,-0.5721705,1.2811322,1.3415762,-0.6034111,-1.2818348,-1.7575742,0.9656775,1.4593505,0.83367395,-0.3017342,1.1928693,0.82226086,1.7508388,-0.7755644,1.2751845,-0.5842453,-0.3525927,0.08104591,1.788776
BICR 22,-2.0344648,-1.0364642,1.134867,-0.6138677,-0.35986093,-0.11468632,-1.5657456,-1.2031952,0.029005498,-0.2871444,2.219133,-0.7228907,-0.96355796,-2.2997181,1.5590303,0.53891915,-0.12831782,1.6214039,-0.5855493,0.14483647,-1.3136473,-1.571406,-1.7188233,-1.8388513,0.7432677,1.1725978,-0.85617054,0.7313669,-2.4395819,-2.2149947,2.4421883,0.53226095,-1.2285664,0.3191403,0.827334,0.5341899,-0.7233171,-0.18593872,2.0520406,-0.9569833,1.0927222,1.0770606,1.5022728,0.399428,-1.8897933,-1.4925203,-0.7176205,0.017029788,0.14808898,2.0631497,-0.64935046,-2.5816522,-1.0945846,-2.2431796,0.5594785,0.84344196,0.051937107,1.5674794,-0.7786963,0.3042016,1.7887616,-0.50418365,1.3207436,-0.34470397,-0.07767235,-0.04823356,0.39299983,0.88828427,-1.5024449,-0.59798956,-1.1430981,-1.8554858,-0.82021004,1.7940835,-1.3861629,-1.3799522,-0.4967317,-0.78667533,-0.5477497,1.2463669,1.3087724,-0.59600997,-1.2688873,-1.7080753,0.9345939,1.4264412,0.8397718,-0.29191872,1.151366,0.7951815,1.7061882,-0.7513461,1.2368942,-0.5811364,-0.35793024,0.096009105,1.7523212
HuCC-T1,3.0711148,2.6827478,1.1720061,-1.7558553,-0.66899705,0.6622999,0.24447122,0.25988984,-0.17656176,-2.9161716,0.59116715,-0.8386217,2.943996,0.6198393,0.98187906,2.3127978,1.3473042,-0.58457077,1.1431705,-1.8122382,0.7288595,2.7869484,2.5579045,2.2443378,-0.08667562,1.0452784,-0.8357996,1.5526689,2.4115453,-0.109490015,-1.5731761,-1.4450334,4.410423,-2.0027022,-1.9652994,0.06815025,1.4423311,-1.3756089,0.14832652,-2.6283529,1.992644,-2.7441514,1.6700853,-1.2031987,0.7160558,3.9736753,-2.0493054,-3.2582133,1.1962377,-1.1391977,-0.97892916,3.0598278,2.5157542,0.9303687,-2.49229,-2.002493,-0.6047959,-1.2424124,-3.8946545,-1.081723,-0.79602313,2.8162253,1.2636194,-0.4342088,1.1744598,0.27932733,-2.864366,-0.8690055,-0.73948044,2.1051092,2.6498609,0.29553246,2.9325974,-1.801553,-2.0627735,-0.9560637,1.3126456,0.12202546,0.34900346,-0.8100699,-1.2630607,0.95203507,4.08363,-3.8065283,-0.59295315,-1.8185061,0.57063276,-2.6143367,-1.3392429,-0.27572453,0.07318382,-0.41823095,1.3529745,2.2383835,0.61113435,1.4741061,0.07072043
BHY,2.5082922,2.3774848,0.85995513,-1.4231653,-0.089491695,0.7021279,0.010625737,-0.07973447,-0.7382999,-2.7859497,1.2051202,-0.64264524,1.8942223,0.4119295,0.9310596,2.1504543,1.5632685,-0.86917895,1.056293,-1.8466387,0.23944029,2.8469603,2.083936,2.1749353,-0.420931,1.3063555,-1.1124866,1.1427732,1.5389378,0.23219335,-1.0415593,-0.5771209,3.9398108,-1.3291086,-1.3080395,0.16801775,0.9395379,-1.3901644,0.29249117,-1.9314492,2.120628,-2.8388357,2.0796633,-1.1751852,0.3095624,4.0087667,-1.7409153,-2.975667,1.1449665,-0.45959264,-0.82855386,2.793508,2.358821,0.4975276,-2.3561084,-1.4016707,-0.59148955,-0.5301555,-3.4353068,-0.22917287,-1.280307,2.9391215,0.7447968,-0.12068917,1.1779357,-0.84345365,-2.3924649,-1.008398,-1.0531161,2.108566,2.0003283,0.49908066,2.9054325,-0.7727122,-1.9504054,-0.92780226,0.5600885,0.16782552,0.45546618,-1.1932925,-1.311464,0.6279203,3.5368469,-3.7708282,-0.29037073,-1.0755614,0.2630527,-1.9079306,-1.2134277,-0.20782012,0.12113488,-1.0659474,1.0591702,2.1163783,0.14575526,1.4788296,0.1304264
Panc 03.27,3.3303676,2.8591063,1.3971429,-2.091891,-0.47368112,0.6619476,0.15953325,0.3037678,-0.25764337,-3.1472046,0.7543262,-0.85641986,2.8097167,0.81098634,1.1100749,2.458129,1.6070184,-0.74582815,1.4153975,-2.121599,0.5757143,3.0561216,2.9956725,2.444858,-0.3739473,1.3184259,-1.1128759,1.5830204,2.4110045,0.002007477,-1.3112893,-1.2276511,4.691827,-1.924723,-2.0865638,0.00034316443,1.2995994,-1.6147391,0.14287123,-2.794165,2.2681632,-3.196289,2.0766442,-1.2286794,0.633266,4.415608,-2.1737618,-3.3153806,1.5025967,-1.02716,-1.2272428,3.3678076,2.8243577,0.81267583,-2.8428671,-2.0949087,-0.58004105,-1.0732398,-4.173922,-0.74146366,-1.1005799,3.1598341,1.1488053,-0.29053983,1.4531007,-0.06797427,-2.7704175,-1.1248535,-1.0258976,2.3998818,2.724189,0.5034127,3.2446456,-1.6120608,-2.193879,-1.1307753,1.0944778,0.30920938,0.3594241,-0.9691729,-1.56968,0.90944636,4.162699,-4.287263,-0.44820622,-1.7362984,0.4555121,-2.6577988,-1.5558169,-0.25505593,0.0742002,-0.8955125,1.3402903,2.340666,0.5845017,1.6423297,0.20497394
KMRC-2,-2.0641553,-1.480574,-0.14472568,0.0771871,0.72690636,-0.009171952,-0.8567978,-0.75698483,-0.85085416,-1.4655477,3.2399323,-0.37466168,-1.5290371,-1.8437836,0.21132109,1.1448538,-1.004824,1.3580534,-1.671043,-0.9517383,-1.5838311,0.40665168,-2.3510017,-1.3515345,0.1586315,0.503082,-2.0930488,0.20914614,-1.9425409,-1.0160778,1.8667438,1.2060796,-0.024208404,0.9578129,1.3421108,1.1323445,-1.1246331,-0.5074919,1.3875588,-0.100427195,1.5550883,0.06638637,1.9109931,0.1603077,-2.7121832,-0.91030806,-0.12790865,-0.26346147,0.10137747,1.3919485,-0.97574043,-1.1884009,-0.19517183,-2.3720076,0.18636215,1.2496841,-0.9592434,2.499025,-0.3474508,0.32125103,0.38214087,0.11876071,0.4550618,0.7759104,0.45868492,-0.51279104,1.0386565,0.23244424,-0.61114854,-0.58098996,-0.9849215,-0.99596405,-0.20067665,2.9947345,-2.3839817,-1.0849284,-1.3236495,-0.474449,-0.005186457,0.6395019,1.1120675,-1.0931464,-0.6356964,-1.8127679,0.53673035,1.572006,0.7922241,0.9893336,1.3360364,1.1186719,0.7595679,-0.5303744,2.1018093,0.15917489,-0.5973497,0.26773468,2.1699188
SHP-77,-2.3981285,-1.5401171,1.0143266,-0.7494261,-0.52670777,-0.4912311,-1.3207489,-0.2175986,-0.0014966507,-0.6405482,3.5715685,-1.049388,-1.0708699,-1.9439245,0.93002677,0.5151909,-0.1366929,1.8041562,-1.5217416,-0.27666202,-1.5241843,-0.7840356,-2.1772666,-1.9803145,1.4037008,0.5861939,-2.054912,0.8642207,-2.8638506,-1.8703172,2.9387202,0.32327923,-0.48211932,-0.058110267,1.0603672,0.74408305,-1.0980843,-0.50661165,1.7198117,-1.895379,2.0886962,1.1530383,2.8595138,-0.08187149,-2.346305,-1.9239117,-0.7817973,-0.4988035,0.32010716,2.0582998,-0.8032345,-2.6537254,-0.6433619,-2.9759893,0.402203,0.7478628,-1.0135102,2.0478342,-0.45767957,0.139748,2.0307224,-0.20107517,1.4628831,0.3717154,0.9859317,0.32792404,0.70852935,1.2911898,-1.5237317,-0.47089902,-0.9586051,-1.7276324,-0.7155273,1.7148787,-1.9926367,-1.3535998,-1.4433688,-1.2460254,-0.7259824,1.9550949,1.238155,-0.55749977,-1.0164261,-1.8956945,1.0435503,1.5595108,1.5283291,0.028124876,1.444365,1.6514738,1.4576701,-0.9707635,2.1536756,-0.30725548,-0.29667035,-0.2251823,2.6708946
TE 441.T,-2.0952907,-1.0890553,1.1755829,-0.64053565,-0.41290087,-0.14792773,-1.5920199,-1.1455007,0.04036235,-0.27121058,2.352108,-0.7614526,-0.9920505,-2.3039465,1.5523759,0.52216506,-0.10819753,1.6547886,-0.65385824,0.1407978,-1.3414152,-1.562482,-1.774471,-1.8993194,0.8257367,1.1575292,-0.936126,0.76372904,-2.5270371,-2.2517061,2.541518,0.4817759,-1.2218555,0.28325516,0.8486252,0.5558652,-0.7531295,-0.18747804,2.0813525,-1.0736698,1.1929536,1.1282749,1.6375638,0.37327808,-1.9343685,-1.5712248,-0.7290909,-0.0026640296,0.16506205,2.130314,-0.6436332,-2.669212,-1.1075929,-2.3443863,0.57065976,0.8251794,-0.020058025,1.623855,-0.7630822,0.2767361,1.8838112,-0.5023199,1.3862572,-0.31287995,-0.0029513873,-0.0011796285,0.38891876,0.98680645,-1.556953,-0.60335934,-1.1670943,-1.8922231,-0.8501329,1.7978148,-1.4140593,-1.4049817,-0.5891571,-0.85740286,-0.58004963,1.339251,1.3263764,-0.577699,-1.2998877,-1.731451,0.96440375,1.4634377,0.9202946,-0.29860255,1.1919045,0.88042724,1.7371731,-0.7814389,1.3162354,-0.5981239,-0.3557735,0.06368445,1.8390231
COR-L51,-2.0172772,-1.0130391,1.1415248,-0.6262671,-0.37164778,-0.12353382,-1.5763539,-1.1935109,0.036755018,-0.26342937,2.2106688,-0.7251062,-0.9544525,-2.2833633,1.5621816,0.5293028,-0.11639584,1.6095752,-0.5662257,0.15274662,-1.30848,-1.5787426,-1.6956104,-1.8294035,0.74860406,1.184342,-0.852608,0.7431723,-2.4259205,-2.210568,2.4236233,0.5151442,-1.22527,0.30222365,0.81880933,0.5418792,-0.696593,-0.17693578,2.0492911,-0.97289324,1.0904831,1.074217,1.4851931,0.4026748,-1.8683647,-1.4840343,-0.7163696,0.019748699,0.14467981,2.0711536,-0.636127,-2.5701566,-1.0892035,-2.2327218,0.5492589,0.8249008,0.059199598,1.5403577,-0.78202885,0.30733,1.7926049,-0.50021553,1.3349886,-0.35069373,-0.071098894,-0.046358813,0.3711629,0.8964646,-1.5018654,-0.58683425,-1.1398822,-1.8539745,-0.82115227,1.764048,-1.3566172,-1.3876665,-0.49929124,-0.7932364,-0.5523378,1.2540573,1.3043295,-0.5750407,-1.253554,-1.7003639,0.92535627,1.4098681,0.8331422,-0.30645424,1.1330596,0.78662556,1.7121497,-0.75413513,1.2222353,-0.5795108,-0.3527457,0.08585824,1.7314733
Panc 02.13,4.687776,4.3122897,1.6933064,-2.7902977,-0.17163838,1.3152674,0.09236699,0.048468206,-0.9940029,-4.878245,1.679782,-0.9600987,3.6068532,0.8663132,1.7200342,3.7542973,2.603051,-1.4497913,1.9308914,-3.2186666,0.6904399,4.7789207,3.749093,3.6197097,-0.7198121,2.2799551,-1.8957214,2.189385,3.10835,0.13392091,-1.8965651,-1.3786337,6.8683176,-2.4153993,-2.606062,0.23293681,1.6625453,-2.3739903,0.38965148,-3.5196536,3.7041001,-4.815947,3.3601644,-1.8176303,0.9033846,7.002341,-3.099981,-5.0362077,2.1395824,-1.162863,-1.4211694,5.1334515,4.0217695,1.0145614,-4.3358693,-2.7787457,-0.86277217,-1.1612706,-6.0386972,-0.65791386,-2.2153463,5.0542397,1.3169932,-0.44101092,1.9703363,-0.9335586,-4.2024894,-1.6147068,-1.6631151,3.5903342,3.6911561,1.0554192,4.7317677,-1.6727926,-3.2900662,-1.4518244,1.5562233,0.41688755,0.7242087,-2.037079,-2.3236907,1.3135065,6.2096148,-6.496384,-0.6332767,-1.9860412,0.4389904,-3.5666974,-2.1582394,-0.39281952,0.23725735,-1.6889853,1.8104115,3.624858,0.38357294,2.6621647,0.14257786
WM983B,0.5303793,0.7042399,-0.11976251,-0.29797888,0.7235454,-0.19353297,0.006324839,-0.07837383,-0.8770036,-1.7324021,1.9802458,-0.19567661,-0.047141466,0.3043986,-0.23664275,1.2512631,0.43002534,-0.26791236,0.094213344,-1.3886665,-0.6675079,2.1355417,0.45448488,0.9901282,-0.3847622,0.49406314,-1.5036457,0.0974683,0.29829612,0.7256238,-0.43081003,0.5997636,2.0973313,0.18741685,0.22480953,0.6017065,0.34648043,-0.9739514,0.38032013,-0.41387442,1.5896819,-1.6611173,1.4506787,-0.5710709,-0.98404926,1.8512442,-0.5627618,-1.5310414,0.48534605,0.24729487,-0.70343316,1.6068094,1.4540112,-0.43741822,-1.3708467,-0.299177,-0.7507916,0.72659034,-1.2324603,0.37714463,-1.2274042,1.7622734,0.048446126,1.0113161,1.0206028,-1.0616028,-0.36833933,-0.6817958,-0.40112707,0.9771482,0.72526854,0.4023084,1.8073859,0.6814665,-1.704524,-0.76797956,-0.73477465,0.032694306,0.46742436,-0.2753702,-0.8726802,-0.1551612,1.7315426,-2.2737577,0.07117742,0.017440863,0.123707466,-0.13295358,-0.55076706,0.32632095,-0.25418317,-0.73373175,1.069747,1.103224,0.016528532,0.74439716,0.48580578
SNU-283,-1.4448345,-1.0955637,0.31999254,-0.20178387,0.09047413,0.100736804,-0.66662437,-0.5240793,-0.26058453,-0.88606274,1.665928,-0.39126003,-0.7290538,-1.5971404,0.6874305,0.69425905,-0.2107039,1.0395253,-0.9148587,-0.16669539,-0.88299024,-0.60843307,-1.5149709,-1.1331518,0.26633576,0.3907644,-0.82417214,0.24705748,-1.6077706,-1.1488369,1.6652223,0.7407075,-0.3971756,0.31955984,0.60652786,0.25236237,-1.0339593,-0.44159946,0.95042026,-0.19445696,0.78306526,0.41803917,1.518534,0.11293535,-1.450832,-0.9947507,-0.37179944,-0.11410247,0.15637685,0.96085775,-0.73527676,-1.6142926,-0.4603806,-1.5356563,0.27001318,0.8258007,-0.25690347,1.4971101,-0.2920311,0.113961615,0.7171725,-0.31399184,0.2115779,-0.013277523,0.11819351,-0.28925416,0.60828406,0.32748553,-0.8535989,-0.3680081,-0.56450313,-0.91112375,-0.27541196,1.7193371,-1.4634303,-0.6312225,-0.3897484,-0.4442808,-0.1924491,0.546005,0.8393402,-0.7258438,-0.82664406,-1.4097608,0.7586833,1.1855383,0.72179633,0.22431657,0.91045,0.7643209,0.72646576,-0.29334515,1.1223041,-0.16565211,-0.37842366,0.33371475,1.5743325
Capan-2,3.0808022,2.68997,1.3067105,-2.0736907,-0.23304586,0.74377143,0.15091768,0.25882643,-0.4091819,-3.062153,0.86663884,-0.68010855,2.4647563,0.7123441,1.0527629,2.3786912,1.5762517,-0.8416582,1.3209902,-2.0709865,0.47304732,2.989049,2.736908,2.309069,-0.4789477,1.3971078,-1.2924583,1.4915596,2.1685853,0.0344402,-1.1306653,-0.9833245,4.444445,-1.6778425,-1.9414269,0.015123554,0.9968526,-1.5667194,0.10169248,-2.4867854,2.30714,-3.0973525,2.1312094,-1.0369074,0.63743776,4.359217,-2.0516775,-3.09637,1.5472192,-0.80638605,-1.1353282,3.381991,2.6719491,0.7051167,-2.857182,-1.9831444,-0.54496723,-0.7995224,-3.9126508,-0.4942331,-1.3014169,3.1693935,0.8855948,-0.24150825,1.4226404,-0.25160605,-2.4843285,-1.0975039,-1.0804391,2.3191357,2.5256145,0.6723722,3.054057,-1.267783,-2.077741,-1.0266418,1.0397075,0.38510284,0.38917786,-1.1070933,-1.6096538,0.9047888,4.0063987,-4.181646,-0.3722144,-1.4536325,0.32500935,-2.3619113,-1.5036864,-0.22921382,0.11981337,-1.0817693,1.197076,2.2419863,0.3990847,1.6863209,0.24577776
LOU-NH91,-2.0603945,-0.99066114,1.1793537,-0.64250755,-0.37643516,-0.14635164,-1.6239684,-1.2263372,0.037295535,-0.22740206,2.260408,-0.7487415,-0.97739345,-2.30624,1.5812365,0.5349612,-0.136681,1.6310041,-0.53908193,0.1478744,-1.3430578,-1.6120723,-1.735024,-1.855891,0.7480275,1.2373308,-0.8732847,0.76594234,-2.4623303,-2.266153,2.482636,0.52190876,-1.2634647,0.29159933,0.8568741,0.5707666,-0.6621326,-0.1375148,2.1167064,-1.0126213,1.103376,1.1038196,1.4723133,0.42359954,-1.9076035,-1.5026339,-0.7280792,0.02537731,0.14724807,2.1559467,-0.6290886,-2.5986242,-1.1181402,-2.259945,0.56859875,0.81769663,0.056560505,1.5500753,-0.8118964,0.32471922,1.8588374,-0.5132227,1.4284433,-0.33789983,-0.0839912,-0.045992285,0.34283572,0.907051,-1.5271231,-0.59301805,-1.1938565,-1.8854917,-0.8777387,1.7683837,-1.3366768,-1.4465834,-0.5232592,-0.77886957,-0.55664307,1.2857484,1.3394796,-0.55206686,-1.2487612,-1.7234149,0.9443037,1.4317372,0.8166345,-0.33413818,1.1309723,0.78839165,1.7554461,-0.79392403,1.2379993,-0.59333843,-0.3409663,0.070222765,1.7443566
DMS 53,1.085504,1.0752611,0.25903744,-1.1484089,0.9204617,0.3285517,0.10232113,0.12777472,-1.1227012,-2.4070964,1.688739,0.068515494,0.22369923,0.20233087,-0.045637365,1.6867843,0.78441495,-0.7099435,0.21477027,-1.7760283,-0.49975267,2.7845619,0.8796852,1.3736701,-0.74228895,0.9311584,-2.0775852,0.49101213,0.6416554,0.6248232,-0.24877323,0.36746493,2.7815108,-0.15936694,-0.45582145,0.50278044,-0.2925047,-1.2591752,-0.32591808,-0.660256,1.7998384,-2.3223605,2.0510445,-0.36223578,-0.33491164,2.8348262,-0.880721,-1.7066572,1.2321332,0.22502281,-0.90178925,2.7198844,1.9410067,-0.06630471,-2.0832524,-0.84780085,-0.72437316,0.9210572,-1.7386537,0.4905541,-1.9953431,2.482037,-0.36706308,0.73682284,1.2667689,-1.1523792,-0.52666974,-0.9753718,-0.8766306,1.4279165,1.094447,1.1818758,2.0026262,0.80396926,-1.6618434,-0.6669872,-0.13033609,0.6283743,0.68572056,-1.148268,-1.2541462,0.33277062,2.4608946,-2.9202847,-0.03373243,0.21489273,-0.17047693,-0.3154202,-1.0168409,0.32013908,-0.15815634,-1.2305725,0.9813295,1.5451977,-0.44288754,1.2046305,0.75190616
HCC1187,0.54926234,0.5749922,0.39895087,-1.1311582,0.36791724,0.27718174,0.081755236,0.25817546,-0.5579329,-1.8477668,0.6783654,-0.21092968,0.5495072,-0.3348102,0.3468507,1.2748499,0.56702954,-0.45630836,0.2016347,-0.97715265,0.009012369,1.4084731,0.5187653,0.9078388,-0.34746182,0.560381,-1.2699578,0.5768242,0.50949323,0.051715687,0.030378098,-0.15163615,1.7993934,-0.49925464,-0.7206273,-0.034473617,-0.75695455,-0.9096329,-0.3390707,-0.5762105,1.3504671,-1.3908712,1.5762817,-0.20082615,0.06332888,1.8425534,-0.87812257,-1.1282709,0.8918974,0.040701292,-0.8687187,1.6706908,1.2472512,0.12643017,-1.5133332,-0.70773625,-0.18675306,0.46325898,-1.2424055,0.2286349,-1.0511489,1.6860291,-0.44645804,0.012365885,0.8465467,-0.48459455,-0.37738696,-0.5218024,-0.6443393,1.0179247,0.830232,0.67537725,0.9773852,0.33215168,-0.99609274,-0.24267086,0.36592203,0.5744554,0.38348687,-0.7601466,-0.7705017,0.28005666,1.6541655,-2.0915463,0.03873246,0.11500193,-0.043318614,-0.45090207,-0.62062347,0.42448652,0.019603264,-0.61891687,0.35963184,1.000474,-0.27525583,0.96939003,0.8151055
Lu-99A,-0.81366324,0.23585439,0.4249845,-0.35617208,-0.69852567,-0.82724214,-1.1224601,-0.9527317,-0.17409758,-0.47100276,2.0406277,-0.76969016,-0.1271457,-1.0609572,0.500152,0.29450217,-0.09690754,0.7371918,-0.23862,-0.50414264,-0.8421961,0.06523991,-0.6999305,-0.36389592,1.282858,0.6243949,-0.71660507,0.86318576,-0.87497693,-0.8947464,-0.009621186,0.2796064,0.26250726,-0.51078975,0.4394382,0.9439798,0.73576313,0.7228362,1.1617323,-0.7959112,1.5891153,-0.16795304,0.35344708,-0.29218918,-1.2702191,-0.31770632,-0.7695584,-0.80828905,0.024266554,1.5462768,-0.56682074,-0.7020433,0.17413333,-0.89193696,-0.101067044,-0.40775234,-0.6800849,0.69699764,-1.2526766,-0.37389594,1.2382579,0.43760663,1.9684347,0.24713308,0.3487819,-0.00378806,-0.782562,0.5136753,-0.3809348,-0.2555221,-0.50478244,-1.1122429,0.057293728,0.3139666,-0.7285194,-1.8077009,-0.63291013,-0.37425524,-0.21103498,1.0340222,0.40906715,-0.09409279,1.0459563,-1.0891801,-0.07500005,0.09799527,0.2199101,-1.030659,0.39425474,0.4106143,0.77290946,0.3908466,1.2305859,0.7795333,0.19515356,-0.1914117,0.6801927
RT112/84,-1.9768537,-1.0009297,1.0629203,-0.6184003,-0.38349447,-0.13761503,-1.4468585,-1.0365865,0.017906357,-0.25069797,2.2076302,-0.76199114,-0.9362431,-2.1501598,1.3599484,0.45218363,-0.17559251,1.5722042,-0.6208591,0.046778783,-1.2475743,-1.3630724,-1.648509,-1.7089546,0.7644057,1.0704939,-0.93954474,0.78001106,-2.3177636,-2.0587687,2.3887289,0.44433925,-1.0965701,0.21936905,0.7733118,0.5483743,-0.7014802,-0.15716743,1.9332227,-1.0070919,1.1318885,1.0219945,1.5565426,0.36845696,-1.8535094,-1.45239,-0.6457652,-0.09914365,0.15507513,1.9852421,-0.6212903,-2.4398537,-0.9912461,-2.203762,0.5093842,0.7684822,-0.13400222,1.5572492,-0.70399934,0.23705906,1.70912,-0.40934932,1.37265,-0.19208664,0.039001282,0.026818994,0.34887862,0.8864761,-1.4026067,-0.5492193,-1.0837231,-1.7327945,-0.814895,1.6931727,-1.3293756,-1.3407958,-0.6162707,-0.78874695,-0.5106831,1.226723,1.2571274,-0.4928242,-1.1153294,-1.5612781,0.8803439,1.3142197,0.8261458,-0.23842344,1.1518182,0.8531716,1.5456734,-0.77543896,1.26653,-0.5152873,-0.3111513,-0.02903426,1.7751787
HLC-1,-0.59705186,-0.4520214,-0.57306576,-0.116118535,1.370971,-0.10352731,0.14088714,0.10299701,-1.0804296,-1.6326262,2.2023675,0.34805676,-1.1993326,-0.16563539,-0.93078005,1.174995,-0.48421854,0.024174761,-0.8284044,-1.3753372,-1.1240323,2.065775,-0.72055054,0.32904652,-0.586077,0.2556961,-2.0658467,-0.26753166,-0.3119669,0.45204434,0.426854,0.9577337,1.3909225,0.7338574,0.68776697,0.80514467,-0.8205551,-0.6606518,-0.167063,0.4442068,1.2249883,-1.1651119,1.4351693,0.061418667,-1.5340475,0.9499159,0.15559968,-0.5586737,0.72873175,0.4212776,-0.8266394,1.4418579,0.91978204,-0.8059114,-0.9416089,0.20697649,-0.9947319,1.7585431,-0.0052054618,0.5213082,-1.4947387,1.3878337,-0.61096877,1.5143956,0.80714154,-0.8710248,0.79010004,-0.55796665,-0.19446814,0.15203361,0.037123047,0.8268199,0.8613058,1.9245408,-1.7216039,-0.59164006,-1.077666,0.46390688,0.5282872,-0.38519987,-0.42853475,-0.31308046,0.94180447,-1.7000828,0.15312997,0.8469728,-0.04019659,1.013594,0.0210804,0.66534257,-0.3534366,-0.67167467,1.2540385,0.6438225,-0.4225505,0.7253273,1.280058
SF172,-2.103651,-1.0774058,1.192786,-0.6572279,-0.43109226,-0.16220042,-1.6096826,-1.140306,0.053173117,-0.25032082,2.356542,-0.7692336,-0.98532784,-2.3047042,1.5624614,0.5106974,-0.10097581,1.6599417,-0.64294064,0.14591624,-1.3460536,-1.5773082,-1.7684655,-1.9048089,0.84202725,1.1709452,-0.94017154,0.7807815,-2.5389767,-2.2691877,2.552281,0.46687284,-1.2297869,0.26875564,0.8467678,0.56405306,-0.7399997,-0.18031256,2.0886674,-1.1028025,1.1976467,1.1411568,1.6395217,0.3711005,-1.9324204,-1.5785918,-0.73596036,-0.0023899302,0.1668459,2.157394,-0.6386518,-2.6815553,-1.1140598,-2.3443909,0.5694521,0.8064588,-0.021834504,1.6134447,-0.7692319,0.2765429,1.9068793,-0.5030919,1.4164513,-0.3149524,0.005732883,0.010430314,0.37515262,1.0052576,-1.5676777,-0.5998716,-1.1718849,-1.9005175,-0.8598085,1.7829243,-1.3985344,-1.4204819,-0.5972495,-0.8622305,-0.58381104,1.3597308,1.3329164,-0.5572366,-1.2976903,-1.7297726,0.96555835,1.4621271,0.924793,-0.31667593,1.1827673,0.88489527,1.7534025,-0.79197466,1.3102635,-0.60729903,-0.35206556,0.049440697,1.8435472
SNU-398,0.017649174,0.12817097,0.6363307,-0.7266979,-0.48382157,-0.81708837,0.06802735,0.44842577,0.62424034,-0.17233448,0.06315598,-0.6284146,0.7309165,0.43391958,-0.01836336,0.19280605,0.35700542,0.78415877,0.59057355,-0.11497629,0.0065275375,-0.036918238,0.90008295,0.17749316,0.6104281,-0.059799988,-0.16479094,0.5004561,0.40138617,-0.70823336,0.031375423,-1.0222843,0.6609067,-0.7494961,-0.62263554,-0.4985292,0.5278997,-0.13078108,-0.060370147,-1.5302464,0.029218256,-0.03717408,0.057020642,-0.10627869,-0.20324565,-0.22232981,-0.29858574,0.0733265,0.42935026,-0.20318551,-0.68250185,0.27444085,0.3014147,0.3968661,-0.29702324,-0.97371614,-0.2626121,-0.54825217,-0.4807001,-0.41416293,0.6656149,0.1223125,0.80698013,0.5836568,0.5692115,0.9408967,-0.31152892,0.49568447,-0.18301368,-0.18254238,0.57928854,-0.25916195,0.36264628,-1.5459678,-0.32919016,-0.6387617,-0.21294522,-0.0963542,-0.07344524,1.2975795,-0.11918038,0.54121715,0.64815235,-0.8668843,-0.19429553,-0.6781261,0.5831981,-0.82023394,-0.5008398,0.15970677,0.054506525,-0.0023104753,0.43898746,-0.21078748,0.51912653,-0.26609135,0.6424171
HuNS1,-1.8421847,-1.2786485,-0.20602933,0.1133253,0.60143566,-0.032227695,-0.597522,-0.4783275,-0.74956805,-1.3612447,2.8983002,-0.33311588,-1.2442924,-1.4710374,0.0111699365,0.8579853,-0.9064686,1.1605101,-1.5654095,-0.9200741,-1.2650967,0.5950678,-1.9525225,-1.0644757,0.3541672,0.2936988,-1.9658818,0.3466894,-1.595684,-0.7464359,1.5908077,0.89099294,0.10085268,0.70933396,1.1239355,1.0582579,-1.0657803,-0.4668552,1.0721301,-0.18371308,1.5147662,-0.040463585,1.7918842,0.05875174,-2.4407952,-0.849824,0.03341747,-0.29564983,0.079787284,1.1632447,-0.87636185,-0.93743247,-0.06828691,-2.1091583,0.14454383,0.99255866,-1.0288614,2.0794353,-0.2807859,0.20673698,0.2608485,0.2646359,0.46068713,0.86070323,0.63844496,-0.4191822,0.87284774,0.3041019,-0.35829473,-0.47404674,-0.83141756,-0.8046943,-0.19553596,2.5172656,-2.0597975,-0.9707041,-1.392581,-0.5131353,0.021147666,0.6210484,1.0217627,-0.89752734,-0.34868723,-1.4152035,0.32233605,1.1868937,0.6912913,0.9413928,1.2049475,1.1575145,0.47629407,-0.47446024,1.8643543,0.1493813,-0.5266483,0.10053983,2.0058966
RPMI-8402,6.3227177,5.7283735,2.5600584,-4.685414,0.8507711,1.9374719,0.21580401,0.5389197,-2.175245,-7.9560266,3.3451433,-1.0839307,4.204892,1.0755032,1.9382349,5.908679,3.9036202,-2.6662362,2.5859885,-5.397991,0.143082,8.381872,5.7343693,5.6080656,-1.7141173,3.8908498,-4.597789,3.318045,4.065327,0.78107715,-1.7898929,-1.0494591,10.526404,-2.8191648,-3.6914384,0.6184434,1.0071975,-4.2411375,-0.29265946,-4.7714934,6.206113,-8.167766,6.392981,-1.993162,0.8025457,11.148678,-4.4078274,-6.9661264,3.8807101,-0.783431,-2.7146778,8.893254,6.642687,1.1156536,-7.2040606,-4.2892046,-1.7358898,-0.35060284,-8.426955,0.25035164,-4.732283,8.651217,0.890424,0.23488227,4.087407,-2.1251519,-4.855907,-3.1302023,-2.8317988,6.0367193,5.3234215,2.6358297,7.620758,-0.75147057,-5.121679,-2.3849826,1.532925,1.4851953,1.3588079,-3.4171846,-4.373508,2.0658646,9.541294,-10.595655,-0.6721438,-2.0894954,0.21216513,-4.057504,-3.9691348,0.12609139,0.20107801,-3.786729,2.588161,5.4579353,0.08419759,4.3424096,1.13992
B-CPAP,1.3794067,1.2006176,0.5924295,-0.8837137,-0.39880162,0.1769973,0.31958398,0.2790467,0.13786313,-1.4219242,0.17089061,-0.45406693,1.5402474,0.21444793,0.42278272,1.132214,0.54896486,-0.07972465,0.5402482,-0.87382734,0.4860907,1.2267987,1.1989498,1.0471284,0.112592936,0.34054506,-0.4101006,0.79081154,1.2647117,-0.15446964,-0.9963862,-0.944949,2.108347,-1.1859457,-1.0299586,-0.004043037,0.6804761,-0.68421936,-0.06756101,-1.4565719,0.78877956,-1.0804112,0.71602356,-0.5024162,0.35270098,1.6800689,-1.0293171,-1.4477994,0.54271495,-0.6606407,-0.57668203,1.4534737,1.2198452,0.5141843,-1.0604914,-1.0221031,-0.21436779,-0.7493703,-1.8666015,-0.60183144,-0.21605249,1.308734,0.63975954,-0.24053565,0.5624854,0.41882676,-1.3277345,-0.27807316,-0.3028397,0.8821755,1.2483568,0.024469044,1.2869538,-1.0767598,-0.97681373,-0.39469793,0.6843581,0.010143053,0.17478845,-0.14508234,-0.56389886,0.4682246,2.0145247,-1.6743252,-0.3751843,-0.9067663,0.36367905,-1.2793901,-0.5650038,-0.060381867,0.06548603,0.0091665555,0.7277233,0.9836083,0.37270156,0.6863465,0.17003289
SNU-886,0.5317832,0.51968765,-0.23564583,0.10273407,0.0648535,-0.109853595,0.021415353,-0.2009648,-0.36866596,-0.85773796,0.8735295,-0.13146085,0.19395989,0.26053894,-0.0779292,0.5291101,0.006472947,0.03734631,-0.045310818,-0.65548456,-0.0028253142,1.050073,0.2307455,0.6945295,0.083859555,0.1504397,-0.15942971,0.25555593,0.40343368,0.24431172,-0.5375653,0.022662789,1.1402428,-0.19898158,0.08444769,0.38226378,0.48050788,-0.09048383,0.15661636,-0.31081936,0.76278514,-0.93595785,0.21373498,-0.5086249,-0.406705,0.8937803,-0.18159123,-0.8189475,0.16347398,-0.17070363,-0.31894422,0.6005817,0.52975905,0.030671243,-0.40179548,-0.120145485,-0.6221963,0.047919262,-0.7594047,-0.21364465,-0.48883894,0.8094532,0.27410352,0.40412837,0.3686907,-0.26002002,-0.58826876,-0.24578722,0.096479885,0.20554672,0.32161385,0.23840253,0.92177486,0.14691903,-0.7787922,-0.50704694,-0.40915608,-0.051793627,0.20693691,-0.2418456,-0.14037049,0.02732006,0.9941966,-0.8765676,-0.40830943,-0.4391833,0.34327072,-0.40504593,-0.048747536,-0.08273422,-0.111925915,0.04895843,0.57365155,0.59489036,0.17939174,0.20162478,0.11592888
CADO-ES1,-1.9141831,-0.9827225,1.0933132,-0.5986798,-0.39946997,-0.14468828,-1.4589151,-1.0369933,0.058224075,-0.22622111,2.1196635,-0.687287,-0.8863869,-2.1063437,1.4285303,0.46096817,-0.081497796,1.515257,-0.5751924,0.1560196,-1.2112399,-1.4634234,-1.5980701,-1.7344714,0.76868385,1.0629488,-0.82765615,0.712252,-2.3099997,-2.0761843,2.3228211,0.41049188,-1.1307428,0.2364896,0.75970477,0.496236,-0.6881582,-0.1757269,1.8881731,-1.002743,1.064691,1.0484378,1.4897954,0.34429115,-1.7381502,-1.4435087,-0.67621315,-0.00021172315,0.15750119,1.9695587,-0.58083206,-2.4609466,-1.0274642,-2.1203272,0.527908,0.7297986,-0.0018599667,1.4558312,-0.6948955,0.25248927,1.7367593,-0.46257105,1.2708465,-0.2983795,-0.0010441802,0.008392289,0.34220025,0.9174417,-1.4400029,-0.54144377,-1.0650326,-1.7345781,-0.7804164,1.6082464,-1.2611654,-1.2831147,-0.5223741,-0.79007435,-0.53385156,1.2368491,1.2116551,-0.50315315,-1.1864452,-1.5785996,0.882624,1.3356622,0.84304005,-0.29763833,1.0660146,0.80972075,1.6030056,-0.70992595,1.1745032,-0.5748653,-0.32819307,0.058717243,1.6718359
CCF-STTG1,-1.2623008,-1.1291138,-0.38028762,0.051421914,0.7901069,0.056554988,-0.1572054,-0.085778914,-0.8458695,-1.5465075,2.1642137,-0.1392942,-1.0194046,-1.1166104,-0.3074933,1.0174911,-0.39864153,0.67282706,-1.2543689,-0.8530194,-0.9765105,0.78453743,-1.5641497,-0.5933419,-0.063876584,0.083199285,-1.6910347,-0.04548905,-1.191004,-0.19947663,1.0712935,0.9748432,0.51997626,0.6189922,0.7767814,0.593649,-1.1811311,-0.613914,0.2829222,0.2215355,1.0843047,-0.33802992,1.7230716,0.0579065,-1.6591086,-0.34684476,-0.062713675,-0.25452667,0.23418453,0.6090359,-0.85630345,-0.32917395,0.30261394,-1.3432145,-0.22544649,0.71911913,-0.8000069,1.922007,-0.0162671,0.24008626,-0.33843446,0.37407085,-0.33147296,0.79758584,0.5328801,-0.6284611,0.8296731,-0.09674674,-0.40434277,-0.23343469,-0.37721407,-0.14214359,0.19822735,2.079703,-1.7281045,-0.41759244,-0.9192118,-0.1254802,0.13972019,0.14128108,0.32826096,-0.6920631,-0.0853336,-1.4984355,0.441754,1.2206358,0.45868486,0.9506527,0.6892611,0.9644458,0.020562183,-0.31052625,1.4268613,0.37560844,-0.5315229,0.4673683,1.7440851
EFO-27,-1.0442023,-0.5149603,0.5626119,-0.22271867,-0.01790178,-0.16439775,-0.92917454,-0.68918175,-0.10815938,-0.050522868,1.4973378,-0.3822989,-0.7206001,-1.0344199,0.6630886,0.43443403,-0.25442225,0.76521343,-0.36831263,-0.10244934,-0.8631489,-0.5755497,-1.0368006,-0.9379556,0.23243067,0.65372795,-0.71213216,0.27170777,-1.2676514,-1.0202006,1.1451317,0.41134498,-0.51607466,0.30644178,0.6236592,0.4792341,-0.14160188,0.02113043,1.2463117,-0.4498313,0.74335885,0.42130828,0.6943743,0.1942215,-1.2216537,-0.6667961,-0.33952275,0.043417618,0.051445127,1.1381565,-0.3621735,-1.1204927,-0.4791105,-1.3249419,0.22446704,0.52057225,-0.06462431,0.9705196,-0.4511276,0.21125263,0.93511397,-0.22224486,0.76905596,0.0024083555,0.012360331,-0.06766921,0.22684504,0.40164658,-0.71837354,-0.29250467,-0.6420958,-0.90006894,-0.40397307,1.1061045,-0.8432906,-0.930866,-0.45933467,-0.3333953,-0.24524704,0.6584922,0.60640603,-0.3063909,-0.5861533,-0.9179075,0.42826396,0.6890641,0.44764745,-0.07574042,0.6656433,0.27096206,0.9656252,-0.41521084,0.83154213,-0.11206077,-0.19459513,0.027590485,0.8750125
SKM-1,2.4464476,2.2434227,1.0419402,-1.8676138,0.286204,0.8942962,0.028887225,0.20302507,-0.97732526,-3.2495766,1.3623307,-0.5044066,1.82326,0.24740742,0.80800205,2.5238829,1.6399261,-1.135891,0.9876154,-2.089065,0.17541772,3.365897,2.1051576,2.2664967,-0.65654916,1.5289686,-1.9647644,1.3395787,1.5683634,0.31773397,-0.8085896,-0.53794706,4.2952156,-1.2597507,-1.5468171,0.2017159,0.28145686,-1.7530377,-0.15681037,-1.9203676,2.4780183,-3.2529156,2.7119727,-0.8643323,0.49729818,4.513028,-1.9209591,-2.884224,1.4998366,-0.33311552,-1.1002012,3.6107516,2.722603,0.38997146,-2.9443984,-1.6622554,-0.579808,-0.1324295,-3.4845407,0.07522508,-1.8982828,3.5076215,0.2575458,-0.07690695,1.6527455,-0.9157642,-2.0694718,-1.1754323,-1.2514161,2.4740863,2.1493332,1.0386477,2.912874,-0.33461586,-2.0257907,-0.8366147,0.79312414,0.5757242,0.6409138,-1.574791,-1.6811044,0.84246063,3.9658356,-4.217405,-0.3124011,-0.81343853,0.08586388,-1.6135314,-1.5123259,0.043599643,0.11590044,-1.5406201,1.0245936,2.3641632,-0.22301772,1.8384632,0.50789654
SK-N-AS,-1.5521098,-0.81511945,0.47750497,-0.41410983,-0.14694932,-0.023663394,-1.0461348,-0.8727863,-0.20786187,-0.7584234,1.9440267,-0.5970317,-0.6650783,-1.8613316,0.9723189,0.47504967,-0.3512907,1.2055863,-0.75884044,-0.21160492,-0.9967593,-0.7138052,-1.3852516,-1.2298104,0.6207705,0.7362943,-0.8883133,0.64453137,-1.6346511,-1.4567078,1.7298564,0.60635227,-0.63837373,0.19056806,0.64854825,0.63040185,-0.7814673,-0.08855763,1.3842418,-0.5107157,1.168176,0.41980553,1.3531303,0.097040646,-1.6402203,-1.090431,-0.5037037,-0.38404113,0.09866738,1.4605231,-0.74543613,-1.8390623,-0.5294149,-1.7854712,0.2507255,0.69138575,-0.32170767,1.4593399,-0.7494423,0.16935605,1.0004252,-0.14027756,0.91802734,-0.04599846,0.12581179,-0.20144896,0.3183818,0.47565565,-0.9307776,-0.40923062,-0.8798621,-1.3610733,-0.54714614,1.6731439,-1.2310357,-1.0995551,-0.6927072,-0.67932296,-0.35857907,0.84244275,1.0298114,-0.6303462,-0.61222965,-1.3221357,0.5810586,1.0765603,0.6001086,0.01639966,1.0157301,0.8277816,0.92637724,-0.4941566,1.1944968,-0.13631895,-0.32389587,0.042158414,1.5550115
Namalwa,-2.0674074,-1.0591552,1.1573653,-0.6280424,-0.41299105,-0.16153228,-1.5834316,-1.1296381,0.046202406,-0.25193405,2.3430653,-0.7671478,-0.98885614,-2.2681487,1.5288078,0.5213332,-0.10725141,1.6295161,-0.64150435,0.123932436,-1.3396358,-1.5312564,-1.7494228,-1.8739729,0.81304866,1.1483649,-0.9564039,0.75921726,-2.494073,-2.222182,2.5128744,0.47846577,-1.2013401,0.27035898,0.8464364,0.56525075,-0.72991276,-0.16218694,2.060995,-1.072023,1.1925788,1.1031119,1.6194087,0.3600651,-1.9137654,-1.5470524,-0.72000766,-0.0109008625,0.15555742,2.119745,-0.63753295,-2.6261342,-1.0681543,-2.3193445,0.55443573,0.80183697,-0.039683875,1.6109403,-0.76415783,0.2743739,1.8687179,-0.49786553,1.3996078,-0.2942663,0.012886863,0.008139398,0.373936,0.9796235,-1.5432715,-0.590502,-1.1576062,-1.8625804,-0.854979,1.7885112,-1.3910239,-1.4039668,-0.6167983,-0.84312683,-0.56475854,1.3302454,1.298218,-0.5465429,-1.2770625,-1.7024777,0.9596489,1.454895,0.8992139,-0.2947924,1.1822562,0.8685404,1.7194321,-0.7822214,1.3069284,-0.5850956,-0.35097888,0.048060082,1.8230722
NCI-H2023,-1.8696666,-0.9453323,1.0692844,-0.5815415,-0.38231605,-0.16654581,-1.4309698,-1.0080636,0.052336488,-0.19280149,2.0800855,-0.6750322,-0.86929536,-2.0308256,1.3838912,0.44626787,-0.07299945,1.4640776,-0.5470672,0.145611,-1.1986982,-1.4111476,-1.5614126,-1.6875256,0.7409245,1.0509498,-0.8308272,0.68721557,-2.2521117,-2.0242944,2.2667456,0.40768453,-1.0890464,0.22328979,0.75763327,0.49493256,-0.6395203,-0.16256714,1.8530914,-0.98575866,1.0392246,1.0213727,1.4416533,0.34435195,-1.704725,-1.4006716,-0.6555029,0.0060823746,0.15707451,1.925826,-0.56594455,-2.38486,-1.0044515,-2.0779285,0.5076815,0.71999997,-0.003926482,1.4215823,-0.6736275,0.2437247,1.6993437,-0.46094093,1.2551141,-0.27600875,0.0043967925,0.0035160775,0.32050186,0.8925951,-1.4068317,-0.52293146,-1.0340061,-1.6818781,-0.7840594,1.5706695,-1.2257805,-1.2698417,-0.52215403,-0.77295876,-0.5228983,1.209514,1.1756269,-0.47537404,-1.146035,-1.5406864,0.86178243,1.283427,0.8191056,-0.29712316,1.0408416,0.7735237,1.5690292,-0.7009248,1.1493272,-0.5391941,-0.31559688,0.03796496,1.6292961
CW-2,-2.0675085,-1.0374901,1.1654274,-0.6513357,-0.38835558,-0.1722987,-1.580972,-1.1353045,0.043320958,-0.25467953,2.3427663,-0.7591052,-0.9848048,-2.266879,1.5126295,0.5207295,-0.124857046,1.6170497,-0.62426615,0.10495359,-1.3398368,-1.5337741,-1.7598488,-1.8749169,0.7750936,1.1746475,-0.9482294,0.76214623,-2.5005593,-2.2533112,2.5367963,0.46038896,-1.2108412,0.2544957,0.8539765,0.5390828,-0.6920792,-0.16241482,2.0761049,-1.088135,1.190772,1.1121334,1.6037233,0.37240744,-1.929359,-1.5392244,-0.7186351,0.00052995235,0.16356584,2.123413,-0.6189173,-2.6139452,-1.1048498,-2.3134825,0.5537833,0.81014204,-0.026568267,1.5916016,-0.763453,0.29079667,1.8877542,-0.49770036,1.4075242,-0.28209588,0.017943162,0.0034854035,0.3442332,0.95885754,-1.5366484,-0.58819896,-1.1525207,-1.8559122,-0.89468277,1.7897696,-1.3360323,-1.4093128,-0.5913768,-0.8429012,-0.5612097,1.3273425,1.3127193,-0.54064244,-1.2511312,-1.7175136,0.9724683,1.4370468,0.8745015,-0.3155271,1.1882908,0.87770975,1.7350757,-0.7951872,1.2938555,-0.5829389,-0.32739356,0.03185889,1.8115824
EoL-1,0.37186536,0.34695613,-0.07367417,-0.5553264,0.95473146,0.104924984,0.15754218,0.13827255,-1.1265688,-1.9695001,1.7907624,0.061950073,-0.1984656,0.063126825,-0.40357772,1.2796782,0.29201314,-0.43141463,-0.2492102,-1.4297012,-0.6315535,2.392298,0.3102259,0.95141053,-0.52756226,0.5140634,-1.9296999,0.16938505,0.21347393,0.65438175,-0.0075807553,0.5246962,2.1379206,0.18518311,0.030420933,0.63408154,-0.524376,-0.9680224,-0.24569106,-0.2182043,1.4500891,-1.7365772,1.7710307,-0.3256703,-0.7895266,1.9346685,-0.46050122,-1.2626121,0.81620973,0.31237295,-0.80082744,2.0385845,1.5523555,-0.26805338,-1.3647598,-0.35951132,-0.89189327,1.0706012,-0.9596254,0.45260385,-1.6635534,1.980001,-0.43049717,0.9698862,1.2151272,-0.9925432,-0.04349488,-0.7638698,-0.4638802,1.0552144,0.592248,0.9535833,1.5138721,1.1280758,-1.5534043,-0.59455633,-0.6004259,0.4134554,0.556984,-0.669365,-0.8519189,0.18454054,1.8184855,-2.1877985,-0.013561318,0.32656312,-0.17075796,0.23166946,-0.6397054,0.45247945,-0.3071367,-0.97686493,0.9746469,1.121646,-0.34695312,0.82465446,0.89933765
HuP-T3,-2.4106004,-1.5090401,1.0494273,-0.7597796,-0.5593176,-0.52287257,-1.3594291,-0.25340593,0.032456674,-0.5745509,3.548081,-1.0725174,-1.0613141,-1.9359714,0.9761705,0.4676584,-0.1385582,1.8206894,-1.4777112,-0.26992702,-1.5205932,-0.82466,-2.1517253,-1.9659702,1.4201379,0.6363882,-2.0270715,0.911648,-2.852003,-1.9230424,2.9413514,0.31201178,-0.5119393,-0.07836134,1.0372976,0.75733244,-1.047875,-0.44788036,1.7824132,-1.9360037,2.0732396,1.1695375,2.7964478,-0.07391426,-2.3486578,-1.9103844,-0.7778158,-0.47889048,0.31207836,2.091374,-0.79246306,-2.6505263,-0.6668811,-2.9613097,0.4050098,0.72208685,-1.0137643,2.0124588,-0.4979966,0.13981023,2.075095,-0.22616918,1.5583826,0.36096305,0.9639313,0.34731206,0.67586654,1.3356594,-1.5149881,-0.48661652,-0.973903,-1.7419043,-0.73634875,1.6725743,-1.9435863,-1.4165423,-1.4610592,-1.2422912,-0.7383511,1.9869816,1.257041,-0.5104541,-0.9888746,-1.8598263,1.0072501,1.5284492,1.506687,-0.0067287087,1.4543791,1.6330366,1.4947774,-0.99354434,2.125479,-0.3360132,-0.2544456,-0.28004092,2.65926
KYSE-150,-1.8375777,-1.3610717,-0.17607889,0.08152491,0.77899677,-0.08082047,-0.59416085,-0.62477016,-0.9233961,-1.7852798,3.2000782,-0.43538675,-1.3331265,-1.7435384,0.0720344,1.0989399,-0.8153465,1.2928823,-1.8052785,-1.2221124,-1.3119423,0.75110555,-2.1230385,-1.0455998,0.32686165,0.38191897,-2.0707417,0.3452043,-1.672177,-0.812668,1.448316,1.2979529,0.34137866,0.792904,1.0084413,1.0830841,-1.0523498,-0.4340293,1.1566609,-0.056519464,1.8250412,-0.22711428,2.0597985,-0.02648592,-2.624807,-0.67539144,-0.09188782,-0.4659445,0.15259841,1.1226857,-1.1219809,-0.97961885,0.15965608,-2.25929,0.012581708,1.2035092,-1.1853669,2.3561974,-0.6065123,0.18290769,0.10850901,0.29001254,0.54787064,0.88720584,0.68796456,-0.76194406,0.92281127,0.23412222,-0.35208678,-0.5191136,-0.8317518,-0.8444554,-0.011862033,2.822966,-2.5237627,-1.0870725,-1.5716244,-0.43359834,0.052761964,0.5046225,1.0725498,-1.1996058,-0.18074743,-1.6220338,0.27347937,1.3665332,0.72868395,0.960706,1.4704098,1.241377,0.33494326,-0.63465166,2.188738,0.43259454,-0.636255,0.16964802,2.1027877
SU-DHL-6,2.6944945,2.4828587,0.85791963,-1.5107617,-0.20799896,0.5629763,0.16551025,0.058861766,-0.51292413,-2.64647,0.9405363,-0.45130908,2.1902847,0.84161407,0.6667435,2.0080569,1.2299492,-0.55680954,1.0079869,-1.74393,0.5197202,2.6796105,2.3159015,2.1061227,-0.17470665,1.2007098,-0.70209986,1.3975914,2.095302,-0.049359374,-1.0949434,-0.91995156,3.940826,-1.3821284,-1.5855889,0.18153998,1.1850804,-1.2055686,0.23946673,-1.9805429,2.0560715,-2.9259202,1.4738907,-1.0056154,0.34441626,3.7949705,-1.4414496,-2.7372217,1.2579007,-0.92666715,-0.82769877,2.8110867,2.0306582,0.7825991,-2.4416997,-1.7177309,-0.74269724,-0.8267157,-3.3252156,-0.6483454,-1.1752517,2.6884065,0.9670643,-0.041309223,1.2545365,-0.11904912,-2.367992,-0.84761655,-0.54802495,1.8500861,2.1542425,0.7717825,2.7898283,-1.1237272,-1.9438466,-1.0109112,0.93958586,0.22127305,0.3301015,-0.80448127,-1.2094407,0.8905201,3.641806,-3.6199632,-0.6102586,-1.5355705,0.3655212,-2.1732674,-1.2030189,-0.2398034,0.029527757,-0.7097432,1.134798,1.8908534,0.59605217,1.2677411,0.10929742
NCI-H1355,4.4896564,3.8957639,1.8131762,-2.7452576,-0.9735193,0.9949884,0.42871526,0.49740726,-0.12917183,-4.2767344,0.8189317,-1.2016896,4.346688,1.0618545,1.3809869,3.3623857,1.8665261,-0.71161324,1.640816,-2.6747139,1.1988559,4.1334133,3.8341894,3.2994668,-0.13273388,1.4414873,-1.218001,2.3981144,3.6657462,-0.32159206,-2.3301342,-2.1466916,6.480162,-2.923943,-3.149529,0.13146304,2.0965,-2.0412683,0.006838307,-3.9149408,2.9094818,-4.043052,2.325377,-1.5395948,1.1402831,5.79872,-2.9700713,-4.5346155,1.8204045,-1.8218598,-1.4549687,4.6977973,3.6374009,1.4260764,-3.8311713,-3.1214352,-0.92840934,-1.8726708,-5.677081,-1.6159458,-1.257905,4.079153,1.7844963,-0.6462953,1.8606648,0.6730393,-3.9547396,-1.2299407,-0.9107448,2.934638,3.8921168,0.70917046,4.187048,-2.697889,-3.0109386,-1.391017,2.0941575,0.34163645,0.48817903,-1.1230085,-1.8082703,1.4800922,5.9942813,-5.4979568,-1.0045532,-2.695751,0.7628922,-3.7923558,-2.01339,-0.29632223,0.0050014528,-0.6639253,2.0173113,3.1473064,0.94825083,1.9957952,0.18731037
NCI-H2052,3.4683294,2.9055026,0.79514843,-1.0850749,-1.1639798,-0.3201781,0.2141313,0.15304819,-0.2699701,-2.9534993,1.0870038,-1.2001332,3.284965,1.8892225,0.4886857,2.0128,1.2946161,-0.0928342,1.24421,-2.0866044,0.81355613,2.973109,3.1512423,2.8797214,0.6256672,0.7691096,0.2890011,1.7201178,2.9985185,0.30868483,-2.080323,-1.4763604,5.166991,-2.322585,-1.752975,0.2450854,2.9209797,-0.71242464,0.76637495,-3.0054245,2.215519,-3.503937,0.79604185,-2.215915,0.04673292,3.5306535,-1.4688977,-3.5038776,0.6799395,-1.964845,-1.1240833,2.4405065,2.5591319,1.4849545,-2.3070848,-2.1220555,-1.2237891,-1.7352997,-3.7962792,-1.8568898,0.013145785,2.486163,2.2933948,0.41538414,1.2998888,0.7135984,-3.7616467,-0.75280917,0.09889788,1.7321521,2.827471,0.00341101,4.109951,-2.7170732,-2.3520737,-1.7705295,0.26601738,-0.25395924,0.07368038,0.36423564,-1.0347183,0.98209643,4.36311,-3.8622153,-0.90970105,-2.981718,1.2682922,-3.416765,-1.3799303,-0.4440786,-0.65518916,0.3798827,1.8913292,2.5217078,1.887833,0.79172206,0.043262422
YD-38,-2.082072,-1.0743163,1.1737497,-0.63238245,-0.40907788,-0.15016398,-1.5750818,-1.1352541,0.03843991,-0.26340568,2.3306003,-0.7570193,-0.9795686,-2.2816882,1.534134,0.5126165,-0.112615876,1.6424526,-0.65196955,0.13080375,-1.3294547,-1.5410222,-1.7582511,-1.8720422,0.82023925,1.1535021,-0.93486047,0.7647247,-2.5086317,-2.2333767,2.519075,0.47949418,-1.2084087,0.27893052,0.83372986,0.5523006,-0.73657674,-0.18407373,2.0658507,-1.0669587,1.1866403,1.1181414,1.6201952,0.3700183,-1.9328972,-1.5559108,-0.7227627,-0.0056247413,0.16564842,2.112976,-0.6437618,-2.6323738,-1.0960917,-2.3227785,0.5679639,0.81663084,-0.02596156,1.6094264,-0.75897527,0.27087292,1.871918,-0.49363592,1.3979064,-0.29437834,0.0005901195,0.0039448324,0.3851682,0.98449725,-1.5297526,-0.6027646,-1.1571953,-1.8612493,-0.836548,1.780893,-1.404477,-1.404327,-0.5941485,-0.84085476,-0.56883746,1.3258759,1.315756,-0.5679254,-1.2781585,-1.706985,0.94752014,1.4405816,0.90982985,-0.30033985,1.1896532,0.87049866,1.7174678,-0.7843614,1.3092592,-0.5866828,-0.35431048,0.053950567,1.8231968
MEG-01,-0.97424424,-0.28104144,0.8991991,-0.5741116,-0.47353098,-0.48339644,-0.82445633,-0.40077138,0.262633,0.2578213,1.0260878,-0.4035616,-0.2264339,-0.9316226,0.6913076,0.031199161,0.19843508,0.89612955,0.07256126,0.33439165,-0.57168853,-0.99662215,-0.5369896,-0.858618,0.7293738,0.59244794,-0.3602255,0.46687135,-1.1290712,-1.2400897,1.0711927,-0.21363562,-0.6330128,-0.16943991,0.18856181,0.24872608,0.010729611,0.005881535,0.87112594,-0.95772636,0.37733424,0.80330056,0.5418513,0.1807866,-0.6207269,-0.89044076,-0.49433255,0.012121864,0.18311232,1.2494273,-0.26323092,-1.2434721,-0.5054376,-0.80667406,0.23716699,-0.10016003,0.09379034,0.4285714,-0.39946842,0.06606504,1.143693,-0.24696913,0.9958637,-0.0633437,0.065244585,0.2488345,-0.018990839,0.78689736,-0.9693846,-0.30227825,-0.48876056,-0.8969695,-0.40729982,0.1567492,-0.34464717,-0.9035158,-0.17320286,-0.42880964,-0.3082147,1.0607997,0.5015661,0.16572323,-0.36074454,-0.67237467,0.43562415,0.62513936,0.42051095,-0.55081224,0.20292862,0.37920994,0.9100835,-0.37344134,0.46441907,-0.4766055,-0.12329289,-0.20388766,0.81185603
NCI-H1869,4.042273,3.6386292,1.809396,-2.9830277,-0.008168878,1.236398,0.14169586,0.4151097,-0.8776623,-4.4890285,1.4808713,-0.74524766,3.0850306,0.71599466,1.4096558,3.4358025,2.2577996,-1.4153808,1.6517882,-2.9621878,0.5329474,4.4991736,3.5410163,3.2726061,-0.8371536,2.1436505,-2.2561321,2.0476248,2.8202474,0.09132662,-1.4036834,-1.1378816,6.234982,-2.0815856,-2.6948667,0.1509223,0.8464244,-2.3440058,-0.106134444,-3.1199698,3.5617027,-4.4593554,3.35375,-1.1278067,0.9731571,6.434734,-2.8655307,-4.2228236,2.3191886,-0.8342446,-1.4682735,5.1341434,3.783293,0.9423274,-4.3249087,-2.7357454,-0.83220476,-0.74166816,-5.309201,-0.37392947,-2.4250073,4.8301663,0.8000895,-0.3457526,2.18383,-0.5569557,-3.1862679,-1.5856253,-1.6187652,3.376039,3.430888,1.3484099,4.1796885,-1.2011269,-2.9261796,-1.2605253,1.5027435,0.7800986,0.62954575,-1.9513983,-2.453819,1.4011885,5.798318,-5.9784827,-0.5328518,-1.6539241,0.26067722,-2.9075236,-2.1900184,-0.05964952,0.2056355,-1.9002756,1.5545194,3.2022326,0.284325,2.5003366,0.46229407
WM793,2.6679358,2.33362,1.2881444,-1.9894865,-0.2492571,0.71710813,0.16006291,0.36521983,-0.24189934,-2.7646866,0.6547455,-0.68275905,2.299383,0.42771092,1.0229634,2.2212276,1.4464096,-0.7872338,1.1769226,-1.8133769,0.44884363,2.6574821,2.3816164,2.0222015,-0.44058356,1.2065386,-1.3030978,1.402485,1.9060981,-0.055991523,-1.0420759,-0.97853166,3.9933898,-1.6123852,-1.8433659,-0.035188973,0.71370906,-1.513249,-0.09443743,-2.3027642,2.0468414,-2.6178823,2.0688436,-0.8392502,0.6988658,3.923183,-2.028523,-2.7520366,1.4269079,-0.6766094,-1.0658466,3.0857968,2.487207,0.61205745,-2.5920694,-1.832471,-0.39179856,-0.78174484,-3.5658615,-0.44467968,-1.1280379,2.889267,0.6660815,-0.39611128,1.3543719,-0.1512044,-2.140085,-0.9731956,-1.046399,2.150854,2.2938735,0.5268579,2.589409,-1.1682805,-1.8619189,-0.83239263,1.0801594,0.41870236,0.35401887,-1.0307777,-1.4460278,0.8115616,3.6466002,-3.7241073,-0.32044408,-1.2538993,0.3019607,-2.0919535,-1.3663721,-0.1234573,0.17174532,-0.958327,1.0580361,2.009366,0.25115818,1.6116564,0.27280024
Caki-1,-1.9025767,-0.93284035,1.1054254,-0.60116017,-0.37058824,-0.114097655,-1.4855448,-1.1280545,0.060901955,-0.23089302,2.0233312,-0.6736344,-0.87710214,-2.1685758,1.4789132,0.47593707,-0.09729128,1.5303423,-0.48652393,0.17254779,-1.2115759,-1.5422416,-1.5744818,-1.7097608,0.70926386,1.1299886,-0.7504397,0.7122545,-2.2766676,-2.103462,2.283059,0.46555692,-1.1816044,0.2613352,0.7573584,0.49271598,-0.6448117,-0.17251939,1.9240289,-0.92875814,0.96582067,1.0382366,1.3727263,0.40774184,-1.7296641,-1.3904514,-0.6772237,0.016480189,0.14092839,1.9736061,-0.60099626,-2.4314377,-1.0474682,-2.0627608,0.5397909,0.7659429,0.08214389,1.4004267,-0.74030375,0.3050173,1.7063798,-0.46978924,1.2558837,-0.3347661,-0.08879806,-0.03935974,0.33272666,0.83234364,-1.417787,-0.548447,-1.0782821,-1.7545879,-0.7853945,1.6166575,-1.2375425,-1.309925,-0.430852,-0.73707885,-0.5195435,1.1831199,1.2388835,-0.5180064,-1.159206,-1.5984768,0.8687137,1.3247935,0.7583388,-0.3106489,1.0396851,0.73777467,1.6322877,-0.7023307,1.1043835,-0.58974826,-0.33451998,0.07950765,1.612657
NCI-H1435,-2.355369,-1.4245974,0.8857579,-0.34575337,-0.10903825,-0.10095237,-1.6277553,-1.1815301,-0.27435502,-0.6507578,3.061658,-0.8553493,-1.3748833,-2.4157913,1.3020068,0.7920723,-0.5255594,1.8497258,-1.1665059,-0.26531133,-1.6644975,-1.1344757,-2.2952456,-2.000985,0.6812371,1.0981929,-1.4867598,0.650076,-2.742467,-2.111131,2.7521005,0.99240917,-0.97517717,0.6511106,1.1878513,0.8245136,-0.914909,-0.27619478,2.309136,-0.86986053,1.6027318,0.94688076,2.0254843,0.33781302,-2.5942106,-1.5649701,-0.6934651,-0.100145586,0.2180494,2.0766532,-0.8926512,-2.5517828,-0.9248519,-2.8255286,0.5832236,1.2830583,-0.3562613,2.2779028,-0.7696452,0.28239346,1.7039264,-0.45150688,1.4052111,0.067855775,0.06722103,-0.122197,0.6863358,0.82650656,-1.3742248,-0.725882,-1.2185776,-1.8924031,-0.6889495,2.53422,-2.0848997,-1.5919293,-0.96533585,-0.80431163,-0.51267326,1.1882285,1.4256116,-0.95830303,-1.2577679,-1.9348767,0.96614367,1.5822849,0.9931153,0.068445936,1.6394986,0.9604617,1.5878549,-0.85258174,1.9309725,-0.27552274,-0.44451603,0.11729607,2.2166765
SNU-668,-2.0431807,-1.050809,1.1489146,-0.6270317,-0.40226418,-0.15264884,-1.5579904,-1.1175408,0.046415925,-0.25157425,2.2817786,-0.73966664,-0.95485246,-2.241782,1.5109915,0.50181186,-0.098435536,1.6035904,-0.62845594,0.14132106,-1.3093432,-1.5223817,-1.7203445,-1.8470846,0.8008459,1.135869,-0.91344625,0.74528104,-2.4591334,-2.201722,2.473256,0.46227986,-1.1906824,0.2703279,0.8287492,0.538344,-0.72209907,-0.18057983,2.0246904,-1.0554556,1.1526936,1.1016985,1.5825093,0.36128062,-1.879783,-1.5232606,-0.70883465,-0.0016474873,0.16323392,2.0874655,-0.6271314,-2.6001647,-1.084159,-2.2764266,0.5485945,0.7960457,-0.013583776,1.5754937,-0.73823464,0.26407623,1.8352064,-0.49312875,1.3564132,-0.30864584,0.00015907362,0.0012364234,0.36587185,0.96258545,-1.5179435,-0.58132726,-1.1355704,-1.8392621,-0.8373665,1.7491736,-1.3642193,-1.3752737,-0.5701623,-0.83658975,-0.5630131,1.3026458,1.2888316,-0.546849,-1.2647156,-1.6861019,0.94173944,1.4176488,0.8963761,-0.29978105,1.1533777,0.8550507,1.7029625,-0.7636268,1.2710179,-0.5764905,-0.34422943,0.05900709,1.7883208
AM-38,1.1640409,0.95556283,0.5173633,-0.77436763,-0.4537583,-0.07718548,0.3344752,0.42998108,0.22806305,-1.214608,0.06464586,-0.495539,1.5014623,0.31130397,0.124149755,0.9423869,0.50218076,0.08537465,0.47983122,-0.7530393,0.46810484,1.0967376,1.2041944,0.90870816,0.29898033,0.1510824,-0.32901567,0.77185464,1.243953,-0.20127645,-1.0426219,-1.0963782,1.9887105,-1.1092011,-1.0196941,-0.009032464,0.7571642,-0.52710444,-0.17571777,-1.4385412,0.6460969,-0.9290983,0.48181927,-0.43204975,0.32147092,1.3103312,-0.84552,-1.2213075,0.4328208,-0.7141412,-0.5469981,1.3176254,1.1158658,0.64141333,-0.9775235,-1.1042515,-0.275654,-0.72521985,-1.5352662,-0.77728,-0.042966094,1.0810208,0.74194235,-0.09943861,0.53713137,0.6797691,-1.2663312,-0.14646845,-0.10776442,0.633226,1.2435739,-0.09504676,1.1841695,-1.3592533,-0.82496125,-0.4147877,0.5744539,-0.043984476,0.077982046,0.21741663,-0.5835167,0.56189567,1.8774769,-1.398555,-0.42880395,-0.95324296,0.45421427,-1.189513,-0.55279046,0.043399483,-0.091806665,0.26884592,0.72402656,0.85781854,0.4594667,0.48767516,0.23308057
HCC1419,2.0699635,1.7612048,0.13909997,-1.0298707,0.4452358,0.64788306,0.088473,0.0368678,-1.4116082,-3.523027,2.3896737,-0.5638464,1.3253607,0.11707121,0.31729993,2.509097,1.3044999,-0.94461024,0.3366569,-2.2399354,-0.07151236,4.022221,1.3801211,2.224851,-0.42738283,1.2199476,-1.9762107,0.9797017,1.2846246,0.7115434,-0.92965317,-0.29742065,4.3085284,-0.9700983,-0.7519133,0.7156279,0.22476283,-1.6606649,-0.22899216,-1.4658673,2.5343661,-3.3883817,2.8414118,-1.2304881,-0.08232558,4.278959,-1.4464033,-2.8788576,1.1007928,-0.22314069,-1.1404167,3.26791,2.8247333,0.16453384,-2.450903,-1.0474963,-1.228866,0.13575502,-3.0759227,0.19336933,-2.265736,3.5336032,0.115033485,0.45539066,1.7758132,-1.3296654,-1.9811752,-1.164972,-0.85780007,2.1696846,1.6982691,1.0940719,3.088849,0.41641924,-2.4709868,-0.8898961,-0.012589619,0.38922378,0.8104014,-1.6172234,-1.3396657,0.5449128,3.8834689,-4.0260873,-0.68697757,-0.59419876,0.28225252,-1.0299845,-1.219546,0.23073637,-0.19802862,-1.3208203,1.5581719,2.4500325,-0.44039667,1.598031,0.7280454
MUTZ-5,-2.0385115,-1.1046581,1.1120927,-0.6193731,-0.41026786,-0.15626296,-1.4990577,-1.007195,0.026178926,-0.2917801,2.3530142,-0.75392145,-0.96523833,-2.1843572,1.4435122,0.50557697,-0.09764313,1.5982959,-0.7413251,0.097454265,-1.293265,-1.4476854,-1.7571902,-1.8507612,0.831291,1.040175,-0.9856934,0.7446091,-2.474598,-2.1284175,2.4997635,0.45549145,-1.1050599,0.24795336,0.8356111,0.53052634,-0.7981376,-0.2103345,1.969358,-1.0860766,1.2269031,1.0880648,1.723506,0.31540644,-1.9019293,-1.5526111,-0.7056925,-0.047336526,0.17791755,2.0252616,-0.6394546,-2.5933692,-1.0345321,-2.3269234,0.54475784,0.79924506,-0.108517855,1.6147051,-0.6947641,0.23225898,1.8246846,-0.47020763,1.3177838,-0.25630218,0.08565152,0.025858972,0.40460926,0.9827139,-1.5116973,-0.5768137,-1.0939403,-1.7970477,-0.8097246,1.7419133,-1.4344499,-1.320091,-0.63995767,-0.868092,-0.57505864,1.3376637,1.2715217,-0.5539047,-1.2531426,-1.679502,0.9444363,1.4380063,0.9556035,-0.2485252,1.1955562,0.92513067,1.6392194,-0.7616437,1.3523846,-0.5517903,-0.3415229,0.046387646,1.8667701
JHOS-2,-1.284216,-0.2268991,1.2211595,-0.8110916,-0.5845671,-0.78452885,-1.4163176,-0.6232058,0.088383645,0.26312643,1.9584008,-0.78882045,-0.5014248,-1.1117545,1.002056,0.12515731,0.111466594,1.1683955,-0.051455855,0.0921015,-0.94838893,-0.9414926,-0.80651885,-1.0629089,1.0788494,1.0494395,-0.74722755,0.84367955,-1.486119,-1.5233455,1.390427,0.041084766,-0.5025698,-0.24112639,0.44067782,0.6875057,0.3828664,0.31809828,1.6165271,-1.377277,0.93316144,0.6695195,0.6930143,0.16853534,-1.3456625,-0.98903334,-0.5393108,-0.1347536,0.1392943,1.6851808,-0.39482328,-1.2848861,-0.5363963,-1.4556019,0.16858743,0.0013843626,-0.07124819,0.7421537,-0.7148804,0.052300327,1.6755059,-0.21490717,1.9150848,0.019613195,0.18700835,0.27968165,-0.25712886,0.9981826,-0.9828494,-0.48411015,-0.7280553,-1.2286139,-0.4515239,0.32736757,-0.5749722,-1.6506541,-0.64685833,-0.5036541,-0.4523458,1.5203491,0.8199285,0.05006997,-0.16754843,-0.92242664,0.29703635,0.4885183,0.5513863,-0.7669562,0.436052,0.43174702,1.1962383,-0.66756415,1.0466226,-0.17404987,0.060276046,-0.41325033,1.0344089
MC116,-1.3304957,-0.8216069,0.48036182,-0.21195905,-0.07926908,0.043967195,-0.74932367,-0.60558677,-0.07584248,-0.5096871,1.4608179,-0.43323326,-0.60463744,-1.4263711,0.76594853,0.4541865,-0.22524515,0.98733574,-0.6555331,-0.05109789,-0.7625066,-0.7393819,-1.2184775,-1.079568,0.42452365,0.52041453,-0.67513394,0.40951005,-1.482497,-1.2582686,1.5900321,0.395518,-0.59296954,0.20057169,0.5409397,0.2928602,-0.755235,-0.25646406,1.0905484,-0.4293724,0.7697483,0.53397375,1.1730492,0.114676,-1.3197409,-0.95646423,-0.3720768,-0.09169959,0.15686238,1.0848588,-0.5419233,-1.5572933,-0.58688164,-1.4396706,0.31417,0.6218549,-0.18255225,1.1441665,-0.34557506,0.10483717,0.9108429,-0.25978702,0.59175545,-0.063674144,0.06116227,-0.06287259,0.37937993,0.51494706,-0.7856202,-0.37954468,-0.6602011,-1.0023615,-0.4376192,1.3365006,-1.0834148,-0.7183194,-0.4374997,-0.50874513,-0.2541778,0.6474798,0.8352889,-0.5021265,-0.7264256,-1.1334683,0.58414745,0.93811834,0.6083741,0.020056687,0.8283711,0.66802776,0.82297724,-0.37072882,0.927659,-0.28366452,-0.24128479,0.15622228,1.3399156
NUGC-3,-0.27961576,0.14805129,-0.31416073,0.16530713,0.40190238,-0.3685176,-0.1946722,-0.34308258,-0.4488221,-0.4843436,1.2206001,-0.021808153,-0.4712106,-0.004054204,-0.099401414,0.3587206,-0.5278903,0.11659722,-0.319762,-0.6240727,-0.48721543,0.7658787,-0.51655006,-0.017236643,0.0023314576,0.22190079,-0.58168477,0.053945683,-0.14920148,0.011502415,-0.12821756,0.48842332,0.4053506,0.33932015,0.5826519,0.6838101,0.19325201,0.305157,0.406226,0.025196273,0.75535375,-0.44107217,0.14004269,-0.2398022,-0.9774969,0.16361779,0.015260823,-0.2618037,-0.036338076,0.45872122,-0.27940592,0.25909358,0.2563024,-0.40613347,-0.1295182,0.06859617,-0.5397799,0.5428092,-0.41758913,0.12196345,-0.069631726,0.503357,0.42382237,0.5058073,0.2359674,-0.3399861,-0.064579196,-0.11617795,0.10469913,-0.07024554,-0.3146769,-0.151277,0.1536679,0.7795868,-0.70382595,-0.5987496,-0.7874342,-0.011992067,0.094645895,0.09684143,0.097246096,-0.26653728,0.41781884,-0.505896,-0.2883837,0.17364126,0.19460759,0.15203057,0.20187813,0.059031248,0.08166138,-0.0140682105,0.6916932,0.37041262,-0.02567375,0.0334649,0.27247354
SLR21,-0.6938312,-0.7122382,-0.42992568,-0.18813926,1.253852,0.0027310327,0.20494312,0.24071041,-1.1485735,-1.9792306,2.495002,0.046438515,-1.0475979,-0.48995492,-0.87072486,1.3482418,-0.19588973,0.03769941,-1.0134208,-1.3840326,-1.1851866,2.0313642,-0.97567374,0.17306696,-0.4892894,0.07478312,-2.376953,-0.2990789,-0.7883323,0.5494736,0.6711679,1.0777102,1.5166757,0.65612566,0.6845029,0.63310707,-1.1641668,-1.0233817,-0.2001481,0.2960145,1.3893375,-1.0430841,2.1987383,-0.05147557,-1.6424111,0.7333256,-0.08764124,-0.6928784,0.770747,0.4944325,-0.97366714,1.2256955,1.1514069,-1.17127,-0.9866414,0.3369701,-1.1063169,2.1227043,-0.13783701,0.47453985,-1.2951907,1.3109816,-0.6959151,1.4295168,1.087519,-1.0391963,0.8971358,-0.4961644,-0.4957963,0.33481392,0.13194226,0.6127344,0.947602,1.9754397,-1.9678707,-0.49080634,-1.1098851,0.30125993,0.48511446,-0.22260688,-0.47475696,-0.43950838,0.9283102,-2.0546052,0.47741216,1.0714644,0.082491286,1.0180216,0.109016255,0.9982245,-0.3432131,-0.78494817,1.6268909,0.896681,-0.5802806,0.78399426,1.7341595
Hs 616.T,1.2710906,1.7815638,-0.45605266,0.006245315,-0.089594945,-0.20750305,0.13655719,-0.5154203,-0.59526664,-1.9776325,1.7922887,-0.6231702,1.2962801,0.859082,-0.007981615,1.239146,0.1777749,0.10407365,0.054038525,-1.289626,0.36396572,2.2643054,0.52697116,1.7630935,0.6521953,0.45683756,0.37685972,1.1934371,1.5118971,0.39567015,-1.7505909,-0.23676953,2.8983874,-0.98740876,0.012759518,1.0006521,1.7950553,0.100906014,0.5526961,-0.92087996,1.732189,-2.1745002,0.18708661,-1.3741654,-0.80115455,2.137986,-0.42625687,-1.8901787,0.22074427,-0.91959673,-0.59318566,1.5510478,0.98446906,0.508253,-1.2193514,-0.7837881,-1.3400501,-0.7224599,-2.264923,-1.2822154,-0.44335946,1.4517735,1.6205692,0.35401335,0.7227798,-0.22998011,-2.241441,-0.23258968,0.5240342,0.399798,0.9153708,0.4212064,2.091444,-0.5288383,-1.6801413,-1.4697294,-0.23247205,-0.19872612,0.29670393,-0.16340452,-0.19588739,0.34379598,2.967533,-2.197805,-1.2737117,-1.8432026,0.8183152,-1.7532777,-0.17560594,-0.11240931,-0.46469468,0.5695611,1.5043638,1.7400565,0.87775195,0.4280674,-0.1698632
Panc 08.13,0.31841514,0.46401694,0.1000675,-0.33416933,0.21216896,0.11055403,0.016144056,-0.042364657,-0.19895855,-0.5727343,0.3088074,0.097512566,0.19495407,0.11516622,0.03224577,0.4499217,0.17508562,-0.14986497,0.06867589,-0.3609197,0.024894066,0.6188642,0.37663373,0.37112752,-0.13841666,0.36198035,-0.32836777,0.29593652,0.37836114,-0.031132016,-0.12501644,-0.12494359,0.68633306,-0.10782753,-0.27130428,0.14405164,0.015435111,-0.24094033,0.005949728,-0.18680827,0.5062542,-0.68009603,0.27911487,-0.038320005,-0.06831609,0.77836967,-0.23493439,-0.5135766,0.3325382,0.02910949,-0.1972718,0.6807786,0.30250332,0.0985015,-0.647367,-0.33489645,-0.13498114,0.08003725,-0.510089,0.030785276,-0.4880448,0.67100954,-0.023867609,0.09415646,0.28479913,-0.13682441,-0.1967514,-0.16172232,-0.11760017,0.35386732,0.20431691,0.36590844,0.44622737,0.08596718,-0.37250707,-0.18306012,0.19379556,0.15740494,0.15385899,-0.26648328,-0.3099028,0.19916901,0.69715476,-0.86068714,-0.1573895,-0.10266388,-0.005988214,-0.24925087,-0.20246702,-0.039234973,0.05180074,-0.1434222,0.12900959,0.31874472,-0.06446868,0.3666048,0.035570014
K029AX,-4.339476,-3.5190349,-1.6697054,0.5885052,2.8244085,-0.0047712848,-0.741815,-0.76191753,-2.842833,-4.791103,7.7750072,-0.40490964,-3.7388778,-3.3531387,-1.2516032,3.0454667,-2.2839417,2.3475645,-4.4346595,-3.3736722,-3.5029852,3.3205035,-5.2109556,-2.0302892,-0.072134085,0.43125147,-5.8973427,0.03261798,-3.4813662,-0.6216225,3.147492,3.1778357,1.6138384,2.5060513,3.0494788,2.931485,-3.129196,-1.6213565,1.5225899,0.6322843,3.9885392,-1.2397629,4.9503117,0.09840675,-6.2020407,-0.95339984,0.38112783,-0.80683315,0.36775094,2.2041163,-2.4978502,-0.58318424,1.0099795,-4.598057,-0.4368533,2.5475783,-3.061275,6.1943254,-0.14370073,0.9110845,-1.1989921,1.4454886,-0.34467655,2.8610454,1.7277762,-1.8315477,2.6394875,-0.2160952,-0.52879214,-1.0382648,-1.7105238,-0.929348,0.47480813,7.3187804,-5.867152,-1.8334811,-3.6831787,-0.50597405,0.56327105,0.6163719,1.533088,-2.4786603,-0.19919239,-4.1903195,0.8070069,3.671309,1.401746,3.5522552,2.6191642,3.0631585,0.23699518,-1.077205,4.992824,1.2623397,-1.5860903,0.9543415,5.289045
JM-1,-0.89394414,-0.54949176,-0.14462979,0.05392404,0.6769907,0.00926926,-0.031944953,-0.08473378,-0.33454263,-0.5315515,1.4377197,0.08420565,-0.84570575,-0.33675668,-0.3535289,0.4504086,-0.5899036,0.3939217,-0.6325337,-0.53932375,-0.6494133,0.56426394,-0.777013,-0.16155823,-0.12795824,0.3220648,-0.99306333,0.13791414,-0.4836613,-0.24367046,0.67165905,0.34015438,0.2047709,0.4754215,0.50539917,0.5033692,-0.566039,-0.4001557,0.30914897,0.067986414,0.6287207,-0.058455516,0.6265498,0.24005528,-1.2920333,-0.024772089,0.25106502,0.018303774,0.32105124,0.53733665,-0.32180393,0.16804868,-0.11358213,-0.8614889,-0.15150595,0.3684729,-0.60717714,1.0610521,0.2311077,0.26925886,-0.3427952,0.43369332,0.14849266,0.76645577,0.40585357,0.012456307,0.67659825,0.1435634,0.15264246,-0.23418172,-0.3018984,-0.02591031,0.098183036,1.1717962,-1.047345,-0.48855296,-0.71894103,0.08577402,0.14003573,0.15118891,0.22128166,-0.2653071,0.11181406,-0.7322923,-0.06903261,0.35823584,0.3408329,0.55035126,0.3419556,0.5276934,0.17086299,-0.25554237,0.7746628,-0.07289618,-0.09763417,0.23650093,0.95068866
MOLT-4,-2.3329978,-1.6044021,0.66685116,-0.54787284,0.48813275,-0.5616017,-0.8758366,-0.2721077,-0.18188813,-0.7940355,3.4389668,-0.5237463,-1.4582593,-1.42173,-0.045022827,0.9710164,-0.52071315,1.4012439,-1.405202,-0.74729234,-1.884739,0.07361323,-2.0574732,-1.1446935,0.123433284,0.6910922,-2.2235951,0.1672699,-2.2942333,-0.8708486,2.3813133,0.577637,0.14291745,0.6972038,1.4106256,0.768397,-0.8743394,-1.2748132,1.4188268,-0.933051,1.5936143,0.77601933,2.5021038,0.3691852,-2.8521109,-0.90360624,-0.4569219,-0.16706318,0.7352835,1.4634128,-1.0429205,-1.0677913,-0.369798,-2.7217634,0.19476023,1.0327547,-0.73169386,2.6050134,-0.058230415,0.34708458,0.8684748,0.14588015,0.6197935,1.0978948,0.78985375,0.29159963,1.3205516,0.5120599,-1.2486163,-0.32852918,-0.48750633,-1.1043483,0.39893517,2.1025841,-2.6973984,-1.1229389,-1.2275767,-0.41591576,-0.16494542,1.4751121,0.7016554,-0.755499,-1.0073708,-2.2830334,1.1077135,1.1875329,1.1825686,0.48601845,1.116153,1.3878014,1.2557608,-0.9800459,2.4452512,0.07190251,-0.15733567,0.37092936,2.3896909
ML-1 [Human thyroid carcinoma],-2.826433,-1.9725084,0.09327221,0.007843763,0.78055173,0.016921923,-1.3765582,-1.2472998,-1.0127995,-1.7680538,4.3074775,-0.61096793,-2.0177994,-2.6678848,0.6496651,1.4819449,-1.2547281,1.9577124,-2.1367946,-1.120877,-2.1951423,0.15277976,-3.2047772,-2.0177834,0.28783223,0.84937793,-2.5797307,0.30963892,-2.8464255,-1.7061114,2.7736008,1.6098907,-0.3538871,1.295634,1.7790235,1.424002,-1.4172549,-0.6019944,2.1839185,-0.29315397,2.0815613,0.3242718,2.5242195,0.22122018,-3.6660476,-1.3688551,-0.27962917,-0.2960724,0.14885628,2.0214913,-1.3561196,-1.9705117,-0.4973091,-3.3232086,0.37765202,1.7231468,-1.1293323,3.2512698,-0.6583487,0.48935193,0.9119694,-0.016382301,0.86317074,0.85379577,0.48592928,-0.65087295,1.3093214,0.4582941,-0.9833631,-0.8791806,-1.4297719,-1.6093935,-0.40641347,3.9447525,-3.176412,-1.6281772,-1.6638551,-0.72310096,-0.11199949,0.9388097,1.6797627,-1.5156347,-1.0710357,-2.4541953,0.8100514,2.120512,1.1058929,1.1378698,1.8802655,1.4145598,1.3318534,-0.84757984,2.7889023,0.09075591,-0.8152431,0.3269288,2.8553686
SNU-1,-1.3227055,-0.6044158,0.78243613,-0.3897044,-0.20479323,-0.28307408,-1.1330761,-0.7259472,-0.08330427,0.027297258,1.9030557,-0.5315886,-0.780497,-1.1252483,0.81387055,0.34588563,-0.1873914,0.96335524,-0.4063107,-0.05341989,-0.9773433,-0.7261393,-1.1817433,-1.1578788,0.52550477,0.7786979,-0.8565662,0.46218494,-1.5857127,-1.2521882,1.4125082,0.28595605,-0.61462486,0.22748277,0.6721305,0.5894662,-0.121392906,0.029092925,1.5059885,-0.8280817,0.9924185,0.6209578,0.91873616,0.20511746,-1.3822083,-0.9500369,-0.43225944,0.032785453,0.038353875,1.4410596,-0.36107346,-1.424772,-0.6041733,-1.639044,0.25160906,0.47939125,-0.107441336,1.1138122,-0.5363043,0.17519988,1.3139654,-0.2440378,1.1009768,0.0037596673,0.09844695,0.053128913,0.2300249,0.6757203,-0.91952085,-0.3622486,-0.7843916,-1.1327155,-0.46679536,1.0912349,-0.8969552,-1.1527793,-0.6275808,-0.51208836,-0.3550328,1.0118526,0.7125485,-0.29230922,-0.68658143,-1.0386441,0.47728297,0.71832335,0.6685899,-0.21329984,0.7758935,0.4239618,1.1711693,-0.5428185,1.0011631,-0.19771525,-0.18371412,-0.084903136,1.0930289
OV-90,-1.993411,-1.3321586,0.85743266,-0.34290648,-0.13899285,-0.025704749,-0.8634966,-0.6759013,0.33412215,0.11830221,1.6460161,-0.53745234,-0.8633541,-1.5602772,0.80498195,0.46955684,-0.2003924,1.3949198,-0.64524364,0.11134659,-1.0333824,-1.1526377,-1.3751098,-1.2111998,0.24964224,0.85005516,-0.72808194,0.59862655,-1.9660094,-1.7317483,2.2376156,0.31109345,-0.9399762,0.3768895,0.62865204,0.025242986,-0.8294499,-0.68911135,1.4023929,-0.6925163,0.48843738,1.1320277,1.3396242,0.50795174,-1.6502374,-1.2286006,-0.4595203,0.51691115,0.33688128,1.4277135,-0.5617382,-1.7088175,-1.0483986,-1.6925693,0.5878616,0.87014437,-0.18487972,1.4345332,-0.042431355,0.20218028,1.1721228,-0.7125933,0.7153531,-0.0695454,0.13541621,0.27131137,0.82783645,0.81381243,-1.0783827,-0.5589734,-0.7053692,-1.2483709,-0.29314503,1.353046,-1.3984164,-0.95651203,-0.27847105,-0.28521147,-0.18668234,0.9459816,1.09271,-0.44052896,-1.2665247,-1.4765017,0.77171296,0.93793434,0.96091074,-0.054850087,0.89854836,0.7069236,1.4346297,-0.60716575,1.1326594,-0.70523965,-0.20639718,0.22175626,1.6783667
COV362,-1.8851522,-1.0967386,0.860085,-0.37882984,-0.28651795,-0.0759576,-1.2350037,-0.8282654,-0.011236161,-0.28756863,2.1046238,-0.58547264,-0.9422828,-1.8809048,1.1262785,0.5066472,-0.20664737,1.3959932,-0.7444944,0.058175046,-1.1937732,-1.208616,-1.6988022,-1.6790239,0.63702357,0.77891445,-0.9277911,0.53029096,-2.226179,-1.8149465,2.2989728,0.42142075,-0.95000815,0.31569713,0.892134,0.44606993,-0.82218784,-0.24039814,1.6882703,-0.8917749,0.9741335,1.0225842,1.5842906,0.26225287,-1.7535478,-1.3822061,-0.59017086,-0.002303861,0.19854409,1.7045197,-0.57749516,-2.2428086,-0.93362904,-2.0328317,0.5380892,0.7925711,-0.12671617,1.5068897,-0.46011847,0.21567418,1.5486029,-0.45646524,0.9801637,-0.14389367,0.036584835,0.05633684,0.43866596,0.7620968,-1.3610444,-0.5081839,-0.9354564,-1.533538,-0.6977453,1.6329482,-1.3692697,-1.0586712,-0.52779007,-0.69516295,-0.46828568,1.1393491,1.091498,-0.5610598,-1.2146097,-1.5248224,0.9073147,1.3306918,0.8400906,-0.08307223,1.0614357,0.8670441,1.4151548,-0.60967886,1.2219739,-0.5105807,-0.2904186,0.11103247,1.7434657
RMUG-S,-2.2649033,-0.60791016,1.5378273,-1.218662,-0.6225869,-0.4795764,-2.359878,-1.662294,-0.052209675,-0.27883723,3.0782354,-1.0558822,-1.0459986,-2.831397,1.9740714,0.49429175,-0.19171825,1.8550408,-0.43552452,-0.096444696,-1.710732,-1.6027123,-1.7015724,-2.0681608,1.4396763,1.7577276,-1.2835721,1.3091074,-2.6512651,-2.5192134,2.2953014,0.6319221,-1.2799926,0.13853252,0.9215032,1.2924109,-0.1706465,0.4713056,2.7141035,-1.343169,1.9442357,0.9886977,1.4775718,0.30783987,-2.2166522,-1.6025423,-1.2659252,-0.51213396,0.10805839,3.0871084,-0.79439306,-2.770239,-0.8415415,-2.5668037,0.27745247,0.42561233,-0.05049405,1.8150921,-1.5576719,0.44931298,2.3712032,-0.14829643,2.2852235,-0.4692962,0.14533491,-0.14020221,0.08434005,0.8837785,-1.7511978,-0.6113525,-1.4437363,-2.396997,-0.8398376,1.7855245,-1.2074536,-2.4110055,-0.77418363,-1.0355828,-0.7187895,1.7463797,1.3219724,-0.46628582,-0.6666228,-1.9016423,0.9065996,1.4453413,0.6360424,-0.85878766,1.1476492,0.7294879,2.0909386,-0.850495,1.4921126,-0.14993057,-0.19768396,-0.11271511,1.801483
PaTu 8988s,2.670252,2.2803118,1.103008,-1.7322435,-0.280033,0.50700617,0.15692163,0.17260148,-0.17455935,-2.542488,0.67720926,-0.7469543,2.1856296,0.6962208,0.9827246,1.9551296,1.3368549,-0.6642359,1.2489157,-1.7002779,0.45862222,2.3096852,2.4576087,1.9479523,-0.3395591,1.1431845,-0.9533748,1.2912099,1.7933582,0.10746022,-0.9968831,-0.86696297,3.6853507,-1.5022144,-1.553763,-0.11245655,1.0374653,-1.3021178,0.21011826,-2.261338,1.7795413,-2.5217795,1.7286005,-1.053647,0.46503174,3.496156,-1.7543541,-2.6038008,1.1981659,-0.663569,-1.1095561,2.6461685,2.3056676,0.60433304,-2.2258687,-1.6427987,-0.39413962,-0.7523524,-3.3205485,-0.42440385,-0.7638055,2.4900637,0.9117928,-0.1205847,1.1251682,-0.288633,-2.1376162,-0.9028901,-0.8968031,1.892267,2.0603795,0.32218897,2.6821432,-1.2438952,-1.7011528,-0.97732085,0.7306736,0.24930994,0.27131683,-0.71205413,-1.2508266,0.5643265,3.1664364,-3.42264,-0.19994693,-1.2534207,0.3301521,-2.0795922,-1.3336046,-0.27510732,0.12188645,-0.8325833,1.0177135,1.8662109,0.4056964,1.335449,0.2440773
SNU-878,-2.0273056,-1.0089357,1.151603,-0.6260271,-0.37196308,-0.12112692,-1.5816954,-1.2093853,0.03818442,-0.25793606,2.210209,-0.7233193,-0.96056044,-2.2912817,1.5667045,0.5254896,-0.124609984,1.6171322,-0.55268174,0.15446304,-1.3136222,-1.5868267,-1.7029417,-1.8347679,0.74547374,1.1943579,-0.845731,0.7405332,-2.433743,-2.2260625,2.4345088,0.5141106,-1.2446687,0.30775258,0.8235682,0.54727757,-0.6895081,-0.17155358,2.0642385,-0.9731126,1.0825243,1.0841177,1.4713838,0.41140825,-1.8749181,-1.4875944,-0.7154027,0.025637068,0.14352788,2.0867589,-0.6326315,-2.5750985,-1.1029294,-2.231281,0.55751234,0.82361007,0.06660259,1.5411289,-0.7849179,0.31544724,1.8065876,-0.50144184,1.3482257,-0.34718424,-0.08343984,-0.04425193,0.37022918,0.89559346,-1.503927,-0.59369326,-1.151765,-1.8585868,-0.8320424,1.7691588,-1.3503772,-1.3957956,-0.49613088,-0.7850159,-0.5477443,1.2549896,1.3086885,-0.5752156,-1.262385,-1.7017155,0.92726237,1.4117118,0.8257925,-0.31029078,1.1310062,0.7803939,1.7228537,-0.75859046,1.2159225,-0.5886443,-0.35275704,0.08527158,1.7271727
HCC1937,-0.95982164,-0.2157801,0.74124926,-0.49219173,-0.3451993,-0.44679365,-1.1386112,-0.7461299,-0.087331854,0.10700108,1.5951403,-0.54721296,-0.54160935,-0.93514,0.7693939,0.23680286,-0.11357588,0.76716137,-0.15792364,-0.09038824,-0.7947911,-0.61354995,-0.77590364,-0.9522569,0.715965,0.77815336,-0.6980937,0.5948039,-1.1693617,-1.0401058,0.8306573,0.20874247,-0.43232554,0.024210103,0.5584994,0.6300263,0.2076517,0.40252802,1.3274775,-0.798203,0.9560148,0.34526262,0.536553,0.05650429,-1.0811292,-0.7126186,-0.51853657,-0.113805674,-0.0248109,1.4115275,-0.27368182,-1.0798877,-0.37153974,-1.1895915,0.07434544,0.11749369,-0.067897394,0.81263036,-0.68064106,0.06573295,1.2228386,-0.13504669,1.2544188,-0.065448955,0.12548271,-0.012411237,-0.08856606,0.44469744,-0.757807,-0.2550826,-0.6447132,-1.0249121,-0.29798177,0.6487974,-0.54825866,-1.2910395,-0.5270356,-0.4447336,-0.3575939,0.91836876,0.49625129,-0.11168291,-0.18301772,-0.78995395,0.37217152,0.4867763,0.3824647,-0.5150792,0.44806784,0.17273119,0.98654294,-0.3281856,0.744935,0.08460009,-0.053662695,-0.1801427,0.7346127
MDA-MB-157,3.964433,3.7816443,1.2022779,-2.5504217,0.48061284,0.9252177,0.097374655,-0.019619074,-1.435122,-4.7501884,2.2909582,-0.51781446,2.5549507,0.95266855,1.0609409,3.4154062,2.2028973,-1.3985516,1.6193808,-3.3495271,-0.0685905,5.041766,3.4846883,3.467237,-0.9240285,2.3099873,-2.2618299,1.7717552,2.5373046,0.59590554,-1.3443781,-0.53435713,6.3978615,-1.5651296,-1.8824532,0.5112021,1.1548016,-2.3751004,0.27633324,-2.882726,3.6747172,-5.0124726,3.4092393,-1.576837,0.13404812,6.561902,-2.442858,-4.4898367,2.191967,-0.5397552,-1.6216621,4.9900584,3.9557097,0.7564175,-4.014133,-2.383265,-1.1946627,-0.34457392,-5.259127,0.07726859,-2.6226501,5.0871987,0.8458043,0.43550554,2.2385278,-1.521585,-3.288507,-1.8991121,-1.6526955,3.3814228,3.0341082,1.2795916,4.823971,-0.5495565,-3.282348,-1.6917609,0.547673,0.58336645,0.868801,-1.9041452,-2.326903,1.024002,5.661138,-6.349982,-0.36582243,-1.3108139,0.15087089,-2.6149385,-2.2100587,-0.123540975,0.08557893,-2.0569913,1.781107,3.2973168,0.24526095,2.3852599,0.4974168
EHEB,-1.9629878,-1.0101368,1.1161504,-0.6157532,-0.4026712,-0.15334386,-1.4964951,-1.0606042,0.05119225,-0.23328605,2.1932418,-0.71678215,-0.9172881,-2.1517396,1.4589581,0.47674593,-0.092622235,1.5531081,-0.6017166,0.13848935,-1.2492403,-1.4798276,-1.644841,-1.7724333,0.7878408,1.089419,-0.86659926,0.7377824,-2.3657482,-2.1121733,2.3768797,0.43784747,-1.1390717,0.24131975,0.7863507,0.5191879,-0.69679713,-0.1733769,1.9457321,-1.0261662,1.1087178,1.0657269,1.5365378,0.35190153,-1.8001132,-1.4789075,-0.68965745,-0.007926382,0.15695561,2.0066872,-0.6064946,-2.503768,-1.0405955,-2.190488,0.53299075,0.75835544,-0.01967642,1.5038232,-0.7199573,0.25939918,1.7763846,-0.4713596,1.3133972,-0.29978967,0.0038527735,0.005188554,0.35697326,0.93267196,-1.4644477,-0.5537113,-1.0878593,-1.7777474,-0.795639,1.6524875,-1.3113018,-1.3251582,-0.5533305,-0.8063688,-0.5544996,1.2730764,1.2438868,-0.5155127,-1.2021633,-1.6164306,0.8981877,1.3638045,0.86697906,-0.2943646,1.1077876,0.8294884,1.6345634,-0.73448306,1.2246833,-0.5727459,-0.32993898,0.04807078,1.72517
KLE,1.6437517,1.5162365,0.6368428,-1.0244654,-0.29228187,0.37370375,0.21493316,0.0935025,-0.08928144,-1.603328,0.29526255,-0.42432737,1.5684198,0.37713012,0.5437934,1.2751656,0.7007553,-0.26792008,0.6426418,-1.0082177,0.48062348,1.4406344,1.3636217,1.1823423,-0.048158456,0.5452983,-0.42520687,0.9030173,1.3534578,-0.10102142,-0.9498607,-0.8362277,2.4038575,-1.0749749,-1.0998584,0.07430015,0.82484835,-0.7000228,0.07391258,-1.3870991,1.0566099,-1.4197565,0.79056436,-0.6032502,0.38981304,2.0809236,-1.1061527,-1.7429276,0.6729057,-0.5880484,-0.5587745,1.674903,1.2595595,0.5122408,-1.4310223,-1.1344264,-0.25315827,-0.65276676,-2.1296842,-0.62055963,-0.4149969,1.4719037,0.6717469,-0.24355265,0.5868227,0.13957377,-1.5153841,-0.3609144,-0.38537738,1.0205019,1.411146,0.23003574,1.5418006,-1.0156564,-1.0908713,-0.5478827,0.79719263,0.07308778,0.19308358,-0.4294028,-0.63981575,0.5119846,2.2029264,-2.0396843,-0.3291488,-0.9934132,0.28197342,-1.4759341,-0.66859543,-0.20684291,0.057570096,-0.13205993,0.7368045,1.1970904,0.30109605,0.83033293,0.03560655
KYSE-140,-0.15277323,0.35941753,0.6417597,-0.55451053,-0.7280162,-1.0228767,-0.51736945,-0.23790067,-0.002885289,0.18450831,1.1812611,-0.69650733,0.31597453,-0.107761785,0.075903565,0.19091132,0.23545411,0.59376496,0.44619083,-0.048820134,-0.2784907,-0.15540251,-0.022516161,-0.17825069,1.081398,0.38588983,-0.28406107,0.39984617,-0.23117882,-0.7354805,-0.12595509,-0.6001605,0.3966284,-0.7651079,-0.007264821,0.3938393,1.1327224,0.5270155,0.7889942,-1.0915021,0.5940632,0.19998676,-0.18229225,-0.31094128,-0.6207684,-0.44704527,-0.41997036,-0.34556302,0.16753131,0.73504,-0.3643164,-0.07541815,0.16280358,-0.10647465,-0.2077662,-0.7654903,-0.19565687,-0.009727873,-0.65282416,-0.4679561,1.2553095,0.008403545,1.6197749,0.4827772,0.14588784,0.4917279,-0.820608,0.7486766,-0.32151815,-0.2875826,-0.08073064,-0.44957477,0.0763852,-1.0109203,-0.17558764,-1.4069678,-0.3737679,-0.1313072,-0.30870253,1.5673722,0.118047595,0.64139706,0.9045828,-0.606629,-0.055125616,-0.27613658,0.17379363,-1.1962451,-0.2247207,0.08399808,0.31229806,0.2422392,0.8959192,0.266299,0.39679086,-0.5277369,0.46771798
COLO 775,-2.8547812,-1.4883416,1.508518,-0.88870114,-0.56975037,-0.21085343,-2.104562,-1.4166104,0.031448707,-0.41286978,3.3032794,-1.0941191,-1.3311644,-3.0115967,1.9975511,0.69361764,-0.18836379,2.2346563,-1.0429311,0.059141587,-1.8217402,-1.9302356,-2.4149327,-2.5225897,1.1747291,1.4755143,-1.424466,1.0834382,-3.4049697,-2.9335666,3.4909618,0.6283828,-1.4947903,0.36720634,1.1520352,0.7915597,-1.0437369,-0.27431673,2.7437212,-1.5215541,1.8043587,1.4912488,2.3692427,0.45310467,-2.7027707,-2.1170533,-0.970101,-0.10047735,0.20545772,2.7903996,-0.89123136,-3.5209885,-1.3774388,-3.2289276,0.7144074,1.1073902,-0.21412441,2.2457407,-0.96028066,0.32342184,2.5235088,-0.61890906,1.906381,-0.32849875,0.15464221,0.064563796,0.519102,1.3537217,-2.0027423,-0.81184,-1.5211049,-2.5130546,-1.0997308,2.425301,-1.9749734,-1.8801684,-0.95712906,-1.1963545,-0.7715378,1.8374398,1.822477,-0.7675605,-1.6858438,-2.2672718,1.2785872,1.9409333,1.2908179,-0.3124956,1.6762127,1.3013195,2.2351148,-1.1139369,1.9168577,-0.696905,-0.46162876,0.01158295,2.5930684
HRT-18,-2.0678422,-1.0448604,1.1560078,-0.635323,-0.38638723,-0.16081265,-1.5945072,-1.1465448,0.054819975,-0.2742101,2.3460016,-0.7646965,-0.97801757,-2.2925737,1.5377439,0.5284603,-0.13059203,1.6108997,-0.6246524,0.122163385,-1.3534024,-1.546989,-1.7743274,-1.8855456,0.77134037,1.1777891,-0.9477569,0.75848854,-2.4939635,-2.257273,2.534198,0.5015489,-1.2136947,0.25090933,0.8654161,0.5653181,-0.7104549,-0.17289308,2.0826356,-1.0635374,1.198203,1.1022636,1.6311644,0.36813635,-1.9348726,-1.5310732,-0.7275262,-0.0078843385,0.18913627,2.1311576,-0.64253044,-2.6401196,-1.0953563,-2.3245926,0.5526632,0.8131691,-0.02583823,1.6024947,-0.7647813,0.29408026,1.8800868,-0.51100355,1.3870213,-0.29176316,0.006936472,-0.020162165,0.3427981,0.9518189,-1.539761,-0.5700293,-1.1556827,-1.864752,-0.89422244,1.813951,-1.3752884,-1.4126433,-0.5804295,-0.8384039,-0.5814703,1.3210586,1.3212352,-0.55365026,-1.2645706,-1.7465713,0.97714186,1.456259,0.8739548,-0.2981803,1.1902894,0.8861564,1.7493076,-0.79013973,1.3056724,-0.572597,-0.32982862,0.04368802,1.8284858
NCI-H1666,2.1340363,2.0903115,0.39709806,-0.9616838,0.174425,0.28833783,0.02438703,-0.14453617,-0.81859285,-2.5431268,1.4910436,-0.23552455,1.4117193,0.76313335,0.35952267,1.741123,0.95593613,-0.5171817,0.6944781,-1.8260752,0.12181524,2.80236,1.8210106,1.9965973,-0.2544709,1.0729662,-0.78666776,0.9832013,1.5734134,0.31605318,-0.96193886,-0.32037634,3.5671914,-0.8235598,-0.8712262,0.47305265,1.0000851,-1.0432602,0.32221743,-1.432485,2.0768254,-2.8053517,1.4161206,-1.0785973,-0.11719343,3.467028,-1.1270344,-2.489322,1.0429609,-0.5242555,-0.7681149,2.4214134,1.8975934,0.5036881,-2.01577,-1.2293035,-0.92836213,-0.32499313,-2.8160322,-0.28973532,-1.4084281,2.5990672,0.6940702,0.3774427,1.1458648,-0.68797666,-1.9184829,-0.86981565,-0.50531304,1.6077744,1.6260996,0.6638602,2.7719145,-0.37341604,-2.0023603,-1.0632823,0.17198,0.16560343,0.40222842,-0.8195406,-1.024387,0.49348667,3.1326146,-3.2985559,-0.5669835,-1.0829653,0.38122153,-1.6021155,-1.028423,-0.07190251,-0.1386194,-0.7378498,1.2362406,1.6889298,0.42046756,1.0977728,0.16399631
SUP-M2,1.7372218,1.4991779,0.7061577,-1.1921654,0.06650171,0.50885266,0.07018292,0.20414107,-0.5731304,-2.0832348,0.88269436,-0.34449002,1.2684042,0.2718487,0.5142836,1.6055622,0.95825434,-0.6376485,0.65986145,-1.3641534,0.117198795,2.25789,1.5302504,1.5735235,-0.39831573,0.902667,-1.1086866,0.86033005,1.1468263,0.18488193,-0.63453656,-0.48150936,2.8959022,-0.9731522,-1.0317979,0.13530414,0.28043976,-1.0390209,-0.16436414,-1.3697329,1.5678474,-2.1523852,1.6635463,-0.5769953,0.26924142,2.9295287,-1.2241458,-1.9777536,1.0180405,-0.34781083,-0.6719293,2.2479239,1.8004258,0.3569992,-1.8200477,-1.0522562,-0.51150256,-0.26140985,-2.3491242,-0.09939454,-1.1797398,2.3039854,0.3365867,-0.04969056,1.0744271,-0.3702166,-1.4001409,-0.7619861,-0.76078695,1.604361,1.538118,0.62781763,2.0631878,-0.30255023,-1.403655,-0.65560085,0.37273002,0.31087664,0.33799118,-0.9668395,-1.1268332,0.61349565,2.690603,-2.750019,-0.32094672,-0.748286,0.21564893,-1.2425144,-0.99291605,0.041894644,0.042982947,-0.8886323,0.7671084,1.5256094,0.078503214,1.1602482,0.31804094
IST-Mes1,-1.1709224,-0.8783238,-1.0774939,0.36525387,1.3667051,-0.15619725,-0.06984334,-0.15768133,-1.6549182,-2.4894013,3.2331007,-0.12466797,-1.3314521,-0.9304962,-0.82057184,1.4642891,-0.5888177,0.48554093,-1.6149435,-1.7364182,-1.2341857,2.3709457,-1.598243,-0.12127745,-0.029300744,-0.08074051,-2.618789,-0.15890239,-0.90525925,0.43895006,0.59301525,1.3717492,1.504034,0.9454972,1.1104531,1.2041539,-1.1536151,-0.50772727,0.2146498,0.4609972,1.9861599,-1.4528272,2.1296403,-0.41321254,-2.3876004,0.39571807,0.15524256,-0.8311326,0.23339002,0.5395286,-1.2720832,0.7005584,1.1089557,-1.4087632,-0.6758574,0.7676387,-1.4898968,2.2552836,-0.4969903,0.5270268,-1.2969245,1.2658601,-0.46501917,1.5841442,1.1180704,-1.5044385,0.6522309,-0.43678132,-0.074522644,-0.021023313,-0.3434105,0.16542111,0.5620225,2.6804307,-2.370795,-0.80660564,-1.9004574,-0.2107865,0.50920075,-0.13515334,0.18394728,-0.90904427,0.9011504,-1.8936996,0.0070760753,1.1695448,0.22525387,1.5114137,0.8033703,1.1538147,-0.4851846,-0.5465589,1.9344869,1.0755413,-0.7773554,0.39527148,1.9066767
KE-97,-2.2099452,-1.1352661,1.2296634,-0.68448895,-0.4717283,-0.21452808,-1.6396642,-1.1025409,0.049318276,-0.24347705,2.517652,-0.8530688,-1.0281032,-2.3339796,1.5719714,0.4946902,-0.11492967,1.7369996,-0.74019176,0.09534091,-1.4034467,-1.5581211,-1.8476707,-1.9495939,0.9264829,1.1660858,-1.0439985,0.85723525,-2.6411505,-2.2762032,2.661434,0.4842628,-1.1870502,0.23780069,0.8875904,0.59541726,-0.75683594,-0.19160514,2.1481714,-1.1928024,1.3160294,1.1997046,1.8074911,0.35922152,-2.0369325,-1.6659081,-0.76771486,-0.04926888,0.18961932,2.197899,-0.69415087,-2.7456656,-1.1154386,-2.4756405,0.5797268,0.8503737,-0.11426288,1.7034448,-0.78715754,0.25759935,1.9936309,-0.51393753,1.4971035,-0.28128573,0.06909305,0.04569379,0.40793645,1.0655813,-1.6077176,-0.61347544,-1.1749303,-1.95495,-0.85275614,1.7870136,-1.5027472,-1.4909756,-0.6924821,-0.9170132,-0.6439836,1.4542774,1.3834752,-0.5437756,-1.2736893,-1.7591361,0.9924111,1.494349,1.0012016,-0.3078175,1.2761841,0.9634625,1.7627203,-0.823849,1.4451947,-0.5867636,-0.34808674,-0.008737307,1.9808149
SCC-15,2.3116152,2.0337398,0.91637343,-1.2825704,-0.22579463,0.569192,0.03087513,0.07995512,-0.39177573,-2.3340952,0.7179365,-0.55616426,1.9434248,0.34835535,0.8808542,1.8625731,1.306169,-0.7275313,0.9725927,-1.5014073,0.3199236,2.3360846,1.9195908,1.8252438,-0.33012038,1.0186144,-0.9762792,1.0356398,1.5089377,0.10266323,-0.94007164,-0.7673941,3.3512936,-1.3229179,-1.2849876,0.05003261,0.79796326,-1.2410542,0.17281732,-1.8775052,1.7517973,-2.3022168,1.7308242,-0.9766357,0.44044125,3.3836448,-1.6209217,-2.6167386,0.9909178,-0.55666614,-0.7183204,2.4372866,2.0486372,0.52319103,-2.030789,-1.3539087,-0.41568366,-0.62857145,-2.979624,-0.4158507,-0.9193785,2.4896982,0.70476824,-0.28028172,0.99427444,-0.3246328,-2.1187913,-0.8699002,-0.85067695,1.9357796,1.942181,0.3072499,2.403352,-0.9158501,-1.6315843,-0.72407776,0.6872332,0.15692501,0.32266462,-0.9139298,-1.2193767,0.661057,3.0830069,-3.224129,-0.28913888,-1.060834,0.35458857,-1.8124197,-1.1017792,-0.16220605,0.1122074,-0.7318533,0.91564244,1.826384,0.23693582,1.3607768,0.09343462
MHH-NB-11,1.3110234,1.1974719,0.64567,-1.1316937,0.09277971,0.42808434,0.07812409,0.18624052,-0.2773715,-1.5176675,0.5008421,-0.2112379,0.96423286,0.24129012,0.5034306,1.1741679,0.7894208,-0.49189386,0.57175946,-1.0239617,0.16748996,1.5043656,1.1748918,1.0740014,-0.36790916,0.758628,-0.8888301,0.71236175,0.8943444,0.031025227,-0.46738568,-0.36682442,2.0697992,-0.7231926,-0.92749566,0.02401085,0.13329478,-0.8394406,-0.150547,-1.0389957,1.1793493,-1.4703074,1.2073284,-0.29881907,0.3652914,2.1690702,-1.0377951,-1.380832,0.8659764,-0.18480247,-0.5457548,1.7842582,1.2937608,0.2530822,-1.5492514,-0.944984,-0.21558253,-0.1433649,-1.7774842,-0.06344779,-0.8711873,1.6826969,0.11111907,-0.10475801,0.7670477,-0.24013986,-0.93145657,-0.5401885,-0.6429566,1.1421019,1.1395528,0.52505153,1.3575884,-0.33358756,-0.9640328,-0.44526103,0.5259411,0.33861354,0.2629968,-0.7362104,-0.89630103,0.44394332,1.9430276,-2.082098,-0.1435226,-0.4940191,0.11190814,-0.9399111,-0.7542952,-0.04660008,0.107492566,-0.65942264,0.503526,1.0692693,-0.011316009,0.951819,0.24111983
CAL-85-1,-0.85308766,-0.5491613,0.014629534,0.008063382,0.3883442,0.055756338,-0.26398554,-0.23810628,-0.2113279,-0.37535632,1.0797334,-0.11571403,-0.66397923,-0.6033593,0.02416524,0.43256694,-0.42940402,0.4567858,-0.53062314,-0.3272431,-0.58668506,0.068017244,-0.8108188,-0.43520832,-0.060578607,0.29699865,-0.7072002,0.11614745,-0.6619485,-0.4598853,0.85380507,0.36111233,-0.060031563,0.32130122,0.49515536,0.3490169,-0.49652147,-0.2227579,0.46103907,0.04616662,0.40265316,0.10683392,0.6001007,0.16943842,-1.0498639,-0.26866522,0.011650424,-0.011438407,0.16446161,0.6065518,-0.31427622,-0.37591112,-0.23898397,-0.7967607,0.040690526,0.44582158,-0.37636504,0.90602875,0.09683093,0.14111789,0.07597693,0.05757486,0.14084081,0.33145392,0.13856927,-0.057373658,0.47317764,0.12512153,-0.16295867,-0.22092243,-0.3421471,-0.2778324,-0.14432603,1.0820277,-0.8385435,-0.3956921,-0.45303875,-0.020415954,0.010790014,0.17153437,0.38695383,-0.2571353,-0.22738911,-0.7190132,0.19939993,0.5016589,0.32439083,0.3483506,0.4102983,0.3502839,0.31755924,-0.17373824,0.6215399,-0.08902302,-0.1588434,0.16977993,0.85244703
COR-L311,-1.9746625,-0.99700046,1.1522171,-0.6462982,-0.42063296,-0.16239378,-1.5265414,-1.0707266,0.0686308,-0.20962302,2.2091398,-0.7228894,-0.91219723,-2.1619337,1.4885486,0.46059886,-0.07314554,1.5662085,-0.5843446,0.15712398,-1.2545979,-1.510049,-1.6408623,-1.7913237,0.8151116,1.1201619,-0.87428874,0.7547371,-2.398262,-2.1551912,2.4041479,0.41118458,-1.1702203,0.22939593,0.7738057,0.52032155,-0.67876923,-0.17432831,1.9589033,-1.0670525,1.1192408,1.0870085,1.5414828,0.3529362,-1.8061165,-1.4983374,-0.69060266,0.005140424,0.16459957,2.057625,-0.60533595,-2.534244,-1.060254,-2.2019634,0.5357244,0.720748,-0.0074114315,1.4936042,-0.73121536,0.26297355,1.815897,-0.4692552,1.3577622,-0.3010583,0.016424607,0.013317887,0.34738526,0.9802714,-1.4784817,-0.56061065,-1.1029842,-1.7903284,-0.80934155,1.6385893,-1.2862004,-1.3555698,-0.5582328,-0.8305218,-0.561861,1.3054343,1.2557374,-0.49455786,-1.2039793,-1.6176709,0.8984421,1.3637834,0.87706554,-0.32297525,1.1008838,0.8363447,1.677661,-0.75595576,1.219356,-0.5897264,-0.33559677,0.042005032,1.7243944
Daoy,5.9163404,5.3181157,3.0661547,-5.08548,0.19549343,2.0192003,0.17721927,0.85649467,-1.2998668,-7.216812,2.3921175,-1.5559914,4.646823,0.4825879,2.43716,5.625392,3.9398308,-2.5842602,2.887459,-4.724659,0.49640897,6.860581,5.304672,5.055676,-1.4435863,3.3214352,-4.3116593,3.1042576,3.7141724,0.40414235,-1.7790184,-1.4096961,9.750842,-3.2245681,-3.9787276,-0.11741338,0.6506606,-4.1071696,-0.4326592,-4.9673247,5.464615,-6.785239,6.223933,-1.9041107,1.5746988,10.149581,-4.9215894,-6.4760227,3.7713377,-0.80742943,-2.757288,8.144409,6.4069614,1.0119251,-6.70719,-4.1875567,-0.9627075,-0.6850515,-8.4472065,0.08836817,-3.664654,7.7776365,0.74013275,-0.6144159,3.6830294,-1.715288,-4.5330267,-2.7675233,-3.121119,5.6681333,5.2266526,1.5585592,6.5239215,-1.521477,-4.6061044,-1.9779499,2.040764,1.4158368,1.1953185,-3.2683444,-3.8847892,1.7813076,8.821393,-9.448078,-0.16754949,-2.0117774,0.16909724,-4.1262903,-3.5674481,0.009387756,0.536921,-3.5594316,2.1778817,5.138049,-0.18785,4.2414875,1.2410524
KMS-20,3.7961447,3.4440327,1.4575081,-2.4975288,-0.179813,1.0150189,0.22329842,0.29551646,-0.66673064,-3.7886388,1.2183201,-0.6891342,3.0086813,0.9829476,1.1397942,3.005225,1.8911033,-1.0061305,1.5697813,-2.578064,0.6519828,3.810795,3.2407575,2.8884761,-0.54076535,1.7992256,-1.4633512,1.9309354,2.836672,-0.09283455,-1.4151788,-1.2471265,5.603127,-2.0044944,-2.4096813,0.153874,1.3288692,-1.8971494,0.1374076,-2.9351418,2.953461,-3.9670408,2.5056143,-1.2168552,0.74579257,5.5529313,-2.3616595,-3.8110862,1.9503362,-1.099296,-1.2666097,4.2784038,3.1267319,0.9271624,-3.681472,-2.513842,-0.78632176,-1.062798,-4.7815723,-0.6316865,-1.8063077,3.972904,1.0939101,-0.26430506,1.81065,-0.2623791,-3.1249409,-1.3001554,-1.1077639,2.7758534,3.1046805,1.1366951,3.7659407,-1.5123644,-2.6716645,-1.2922734,1.4631618,0.48268566,0.51273644,-1.4617592,-1.9343301,1.2284683,5.156557,-5.2097774,-0.63301235,-1.9125576,0.35722572,-2.9359555,-1.7537223,-0.3312359,0.12688255,-1.3299512,1.4930825,2.7587714,0.5352062,2.0377238,0.23465052
TIG-3 TD,-1.8965037,-0.9433522,1.10249,-0.60831153,-0.41039193,-0.1616883,-1.4672307,-1.0357826,0.073807895,-0.18230902,2.0820363,-0.68239075,-0.86953896,-2.0767937,1.4250585,0.43791926,-0.07614968,1.5019145,-0.5305959,0.16441596,-1.2040231,-1.4701142,-1.5642401,-1.7121525,0.76715654,1.0766207,-0.80982274,0.7202477,-2.2857335,-2.0735192,2.2919273,0.3902664,-1.1356971,0.22237799,0.7509735,0.50344276,-0.64312595,-0.15870644,1.8814383,-1.0133779,1.0345954,1.0511092,1.4405173,0.3514676,-1.7055295,-1.4247404,-0.67050457,0.01370953,0.15260291,1.9800327,-0.56104475,-2.4298072,-1.0303111,-2.0801997,0.52110845,0.7005686,0.01622573,1.4139298,-0.696463,0.25817055,1.7395458,-0.46167985,1.2934799,-0.3015182,-0.010368425,0.018127017,0.31892926,0.91772246,-1.4303893,-0.53293586,-1.0600733,-1.7218087,-0.7836438,1.5625155,-1.2122631,-1.2910873,-0.5112171,-0.77169275,-0.52540946,1.237574,1.2027671,-0.46880388,-1.1650974,-1.5510883,0.866961,1.3079103,0.8217155,-0.3197387,1.0315315,0.7819291,1.6074321,-0.710233,1.1381772,-0.58047754,-0.31722233,0.042700775,1.6353487
NCI-H1341,4.315935,4.1346445,1.8746562,-3.7759774,0.8876555,1.4686189,0.07188629,0.3157022,-1.7051749,-5.679341,2.4585536,-0.58401054,2.6332045,0.8627639,1.5069581,4.230675,2.8376217,-1.9624294,1.8670245,-3.973443,0.03880424,5.842844,3.7635744,3.9093392,-1.4931209,2.9064753,-3.6083903,2.2231169,2.7279634,0.63648105,-1.2888135,-0.47840187,7.4018526,-1.8818944,-2.668909,0.3788238,0.5084659,-3.0361536,-0.27086556,-3.2049158,4.422386,-5.7160335,4.621262,-1.26751,0.74164134,8.003509,-3.176206,-4.832098,2.994988,-0.2942778,-1.9643638,6.6740274,4.7463427,0.711177,-5.493468,-3.0602264,-0.91294384,0.14902967,-6.0256352,0.4638958,-3.6301284,6.1731563,0.23241124,0.11924346,2.854767,-1.9785144,-3.1437485,-2.1437886,-2.4010942,4.08935,3.6629324,2.1605074,5.1576214,-0.30973774,-3.5119152,-1.6354299,1.2120187,1.323435,1.206147,-2.9630883,-3.056116,1.3228661,6.7054434,-7.5283475,-0.1940395,-0.9568929,-0.1201355,-2.704839,-2.7991085,0.0530624,0.2848357,-2.9311326,1.6835662,3.9625669,-0.4197449,3.2994833,0.944031
KATO III,-2.0877354,-1.0378921,1.2078869,-0.6608045,-0.4567548,-0.18734398,-1.6158948,-1.1553451,0.06764126,-0.19193314,2.3368664,-0.7594081,-0.9751264,-2.27454,1.5517726,0.48289672,-0.100061454,1.648324,-0.59554726,0.1565671,-1.3403908,-1.5832078,-1.7453798,-1.8833983,0.8505714,1.1815431,-0.9162052,0.79412794,-2.5216029,-2.2696452,2.52847,0.42935926,-1.2390082,0.25676274,0.8436643,0.56587803,-0.67272407,-0.1607258,2.0996485,-1.1210517,1.168541,1.1493539,1.5767913,0.37759876,-1.8932023,-1.5682796,-0.7314329,0.017351843,0.15951937,2.1764946,-0.6018291,-2.6464207,-1.1174057,-2.3178885,0.565295,0.7819563,-0.0053264685,1.5752565,-0.7674729,0.28238553,1.9334229,-0.5065892,1.4484656,-0.31085184,-0.010808591,0.02503587,0.34233272,1.0189279,-1.5741156,-0.59592927,-1.1796713,-1.8887807,-0.8653987,1.7260997,-1.3279829,-1.4356351,-0.5965741,-0.8560367,-0.57948655,1.3700417,1.325453,-0.5175795,-1.2645072,-1.6862271,0.957869,1.4285752,0.90135556,-0.34721693,1.1428562,0.860401,1.7670091,-0.7944783,1.2801145,-0.61721236,-0.3552147,0.03526847,1.7814693
ALL-SIL,-1.9495515,-0.93721503,1.1426172,-0.6319253,-0.39442405,-0.15017316,-1.5360558,-1.154538,0.061111934,-0.1986532,2.105249,-0.70693195,-0.90199715,-2.1941564,1.5145015,0.47362182,-0.10847111,1.5586388,-0.49293694,0.15735815,-1.2612803,-1.5469586,-1.6091152,-1.7408408,0.74733573,1.1625217,-0.7878999,0.7569741,-2.3262897,-2.1430223,2.3148804,0.47436377,-1.1873634,0.25874725,0.7861958,0.5312906,-0.61865807,-0.14889883,1.9943926,-0.9644592,1.0126046,1.0682694,1.3915427,0.40883237,-1.7737038,-1.4354697,-0.69830966,0.015674591,0.14330538,2.026235,-0.60305077,-2.4580433,-1.0603325,-2.1275837,0.53357404,0.765963,0.06435706,1.4358946,-0.77085143,0.3125954,1.7666221,-0.48713154,1.3287035,-0.3512877,-0.09431665,-0.04299011,0.3365263,0.8657208,-1.4584489,-0.5515292,-1.1099995,-1.8013973,-0.7977452,1.6249509,-1.2616231,-1.3658228,-0.48002303,-0.7505793,-0.5534329,1.2402234,1.2647016,-0.4976899,-1.1561643,-1.6167411,0.87446964,1.3350646,0.7863144,-0.3273437,1.0561966,0.74229264,1.6753172,-0.73546237,1.1501521,-0.5877341,-0.3273304,0.056564044,1.6374665
NCI-H1915,-2.0259955,-1.012969,1.147326,-0.6269838,-0.37271905,-0.119935624,-1.574523,-1.2034495,0.03910599,-0.2627762,2.2032163,-0.72308755,-0.95529026,-2.2923355,1.5631913,0.5247272,-0.1210803,1.618135,-0.5585432,0.15366945,-1.3074826,-1.5858072,-1.6973616,-1.82986,0.74759173,1.188843,-0.8429635,0.7437028,-2.4298704,-2.2216573,2.4334517,0.5145532,-1.2385172,0.30462375,0.8180031,0.5408039,-0.6973204,-0.17832068,2.0546207,-0.97192466,1.0803299,1.083012,1.477903,0.40955305,-1.8716912,-1.4867039,-0.71484566,0.020787947,0.14670888,2.0788498,-0.6381725,-2.5749025,-1.098187,-2.2276297,0.55761576,0.8233166,0.06217074,1.5410885,-0.78266317,0.3118978,1.7993476,-0.4999105,1.340258,-0.34804267,-0.08059052,-0.044634596,0.3740148,0.8938165,-1.5003138,-0.5921956,-1.1466634,-1.856998,-0.8265508,1.7661788,-1.3545249,-1.3897034,-0.49408656,-0.7862181,-0.54857475,1.2520415,1.3088617,-0.5747336,-1.2576509,-1.6985887,0.92760724,1.4137686,0.8271932,-0.30684614,1.1331651,0.7866498,1.7165363,-0.7573151,1.2166265,-0.5901513,-0.35336605,0.08516614,1.731537
NCI-H1648,0.4543125,0.35147372,0.13501158,-0.17112643,0.030970009,-0.16395527,0.0190718,0.10656413,-0.2962801,-0.86225015,0.81699675,-0.32073584,0.2955783,0.2592633,-0.057098936,0.5385258,0.18372403,-0.11128143,0.08754002,-0.70748997,-0.10508829,0.9961755,0.49918637,0.681045,-0.03452712,0.05545621,-0.50583214,0.083385974,0.22688006,0.34111977,-0.2981485,0.011811376,1.2135719,-0.27360183,-0.05496926,0.1756091,0.18695074,-0.39213493,0.012257542,-0.54944944,0.67897975,-0.76793283,0.7342193,-0.42878532,-0.289271,0.9576214,-0.47935563,-0.87439007,0.30311486,-0.1415222,-0.41995996,0.68998426,0.8489741,-0.08739992,-0.5319868,-0.21326847,-0.47808164,0.095489874,-0.695926,-0.010729214,-0.39602113,0.90852505,0.17620713,0.34556347,0.5486674,-0.18853632,-0.28516096,-0.3431315,-0.20794195,0.5586804,0.637342,0.15387878,1.2080986,0.010103848,-0.8051805,-0.4030739,-0.44090843,0.011933345,0.116008624,-0.14858101,-0.45028055,0.015612446,0.9512705,-1.0772429,-0.042771302,-0.38893896,0.2782571,-0.36667594,-0.28738177,0.08298341,-0.22212413,-0.23047015,0.5902092,0.66049606,0.24628282,0.26170504,0.3091361
OVMANA,2.861417,2.7185392,0.43953598,-1.3174493,0.19125052,0.694744,0.016046602,-0.17301542,-1.2114359,-3.6878746,2.3826554,-0.5632976,1.8326739,0.6764666,0.67961234,2.6381888,1.4966156,-0.8736307,0.8653377,-2.5159194,0.14217962,4.130016,2.0632017,2.835505,-0.4525443,1.5797065,-1.3864033,1.1622101,1.7435051,0.6576335,-1.2753173,-0.23790166,4.956805,-1.3097285,-1.095063,0.6356524,1.040282,-1.7212982,0.25899172,-1.8571899,2.8177352,-3.7708364,2.4904377,-1.5738524,0.061066736,4.9869194,-1.7729887,-3.4486537,1.2666651,-0.5137246,-0.9926287,3.407132,2.9522133,0.4356677,-2.7583194,-1.2873095,-1.2697537,-0.37712336,-3.9741056,-0.07535196,-2.0544865,3.6949162,0.6776201,0.31784287,1.6154926,-1.372268,-2.681973,-1.268295,-0.9752424,2.3307185,2.0768566,0.9680858,3.723787,-0.14972685,-2.8177977,-1.2209095,0.0018914491,0.22782119,0.6833154,-1.7274019,-1.3468559,0.5506222,4.4318504,-4.499436,-0.72427213,-1.1204659,0.49578053,-1.900937,-1.352571,-0.0051978994,-0.12163474,-1.3267038,1.7679024,2.6574614,0.121098734,1.5955256,0.33660287
G-402,-2.0849621,-1.0441502,1.1783412,-0.64819217,-0.3773675,-0.12561044,-1.6118743,-1.2381458,0.034882247,-0.28433606,2.2773461,-0.7556741,-0.9795778,-2.3697746,1.6024798,0.5415621,-0.13553555,1.6721141,-0.5847607,0.13364641,-1.3432368,-1.6180812,-1.7507818,-1.879031,0.7760753,1.2209193,-0.8659772,0.7805304,-2.4949996,-2.274977,2.4940119,0.55095327,-1.2536263,0.30498874,0.8448975,0.5616226,-0.70985824,-0.17749408,2.1192522,-0.9925308,1.1237279,1.1071683,1.5354587,0.4223007,-1.9402144,-1.5299044,-0.73934126,0.0012478903,0.14803489,2.1266856,-0.67286664,-2.6287992,-1.1152714,-2.2971919,0.5725755,0.86110175,0.046441358,1.5863832,-0.81781167,0.32495517,1.8503683,-0.50448155,1.3917187,-0.35000566,-0.08239065,-0.04873068,0.38513857,0.8995314,-1.5247718,-0.60917234,-1.1752149,-1.9109756,-0.8415714,1.8178351,-1.4086982,-1.4411701,-0.51519376,-0.79560435,-0.5705781,1.2802825,1.3522867,-0.5985116,-1.2662181,-1.7439185,0.94622034,1.457105,0.83777976,-0.3023694,1.1787862,0.8158463,1.7495391,-0.78173614,1.2677647,-0.5943109,-0.35992232,0.07621762,1.7916847
BT-549,-0.33455124,0.014226168,-0.4918651,0.24953091,0.5808193,-0.38350594,-0.047582068,-0.18309611,-0.7282919,-0.9799823,1.769394,-0.0787725,-0.63911176,0.027431035,-0.2878686,0.6620271,-0.34632394,0.14029485,-0.54634416,-0.8857185,-0.60384566,1.3221486,-0.52447385,0.1883186,-0.08460846,0.059020575,-1.179235,-0.034779318,-0.26769993,0.3780395,-0.1931684,0.5973657,0.87954235,0.45969906,0.6379843,0.76823586,0.016174484,-0.18844835,0.36523217,0.0017250106,1.1417942,-0.6728972,0.7701524,-0.36851293,-1.2098175,0.45875633,-0.025082108,-0.6151466,-0.001300009,0.35458505,-0.42407578,0.6118137,0.6398469,-0.6108187,-0.46332714,0.29083717,-0.7428169,0.84057605,-0.39329812,0.30233848,-0.53714323,0.8713714,0.06625133,0.8225696,0.5586073,-0.6627258,0.15305172,-0.25987968,0.040710144,0.17752707,-0.084456705,0.12633187,0.6027919,1.0415956,-1.1341006,-0.6117169,-0.9972619,-0.12916212,0.25447676,0.017035019,-0.22752973,-0.36722374,0.5987825,-0.97212696,-0.12812454,0.282404,0.2593711,0.393329,0.18068679,0.26974645,-0.08418782,-0.21192978,0.8964677,0.6118661,-0.13694102,0.17888018,0.5679908
GR-M,-2.2777102,-1.2795379,1.1706729,-0.62555414,-0.3983701,-0.17437321,-1.5923384,-1.0694848,-0.027550176,-0.3920604,2.7215416,-0.8362813,-1.1080165,-2.3614523,1.4994264,0.58528495,-0.17128968,1.761546,-0.941745,-0.002170574,-1.4586926,-1.4570919,-2.0167017,-2.0237908,0.92279947,1.0815281,-1.2163357,0.80340886,-2.7518299,-2.281615,2.7646828,0.5515766,-1.1320257,0.3175304,0.9667588,0.61982787,-0.90537155,-0.25824544,2.1656537,-1.1923045,1.449363,1.1718564,1.977211,0.3077891,-2.2118979,-1.7155473,-0.73943233,-0.07325779,0.2092731,2.1847215,-0.7483903,-2.7731278,-1.0768379,-2.634743,0.5861837,0.9233086,-0.2330912,1.8640783,-0.728682,0.23721811,1.9737577,-0.4808653,1.4614272,-0.1765738,0.15134285,0.036423035,0.49990296,1.0796769,-1.5756893,-0.6548983,-1.1984962,-1.9189479,-0.8419742,1.9919608,-1.6871742,-1.456441,-0.8115977,-0.9437351,-0.61058396,1.4501559,1.4062078,-0.6507341,-1.33453,-1.8336776,1.0198314,1.5800314,1.0737497,-0.18877657,1.3938683,1.0653379,1.7369424,-0.85503936,1.6134975,-0.53172266,-0.37760875,0.03383246,2.1306775
HMCB,3.6591668,3.4189293,1.5614221,-3.0484498,0.78000295,1.1809523,0.14034736,0.27463087,-1.4659855,-4.789889,2.1181562,-0.44063604,2.1675916,0.7823917,1.0782145,3.5186124,2.28009,-1.5816574,1.4930485,-3.3417723,-0.0694986,5.078306,3.3854842,3.3875737,-1.2337189,2.408157,-2.9958916,1.8666784,2.4087791,0.5392535,-1.1189787,-0.4089198,6.3394055,-1.5802057,-2.2155578,0.37437642,0.469573,-2.4604118,-0.29385126,-2.6428347,3.7676313,-4.905025,3.827808,-1.0785141,0.52307475,6.7157645,-2.5867846,-4.1258235,2.5437746,-0.32268336,-1.6103135,5.607648,3.9943035,0.5766676,-4.5313854,-2.6084142,-0.99275744,0.11080752,-5.0432973,0.36197266,-3.155855,5.2652774,0.31512526,0.16454078,2.4628448,-1.4702333,-2.6368952,-1.8821636,-1.8730065,3.4729824,3.1215045,1.7471004,4.47024,-0.21719216,-3.0088718,-1.3772742,0.83494437,1.0490615,0.9424956,-2.35226,-2.653478,1.2282416,5.7697344,-6.3520193,-0.31209418,-0.93538994,-0.027758002,-2.212532,-2.3794808,0.0771678,0.15716441,-2.4446607,1.5445721,3.3131454,-0.19066027,2.735327,0.7441292
JURL-MK1,-1.8789886,-0.9351399,1.072289,-0.5873133,-0.33914205,-0.12222157,-1.4558531,-1.1137973,0.035110265,-0.2409747,2.0314353,-0.6763543,-0.88130325,-2.1265504,1.4502999,0.48900932,-0.11947674,1.5055033,-0.52207583,0.12549374,-1.2084901,-1.4710739,-1.5679817,-1.6773375,0.6934709,1.1031686,-0.7760134,0.70761436,-2.2446475,-2.0463688,2.2405071,0.4971111,-1.1236808,0.27223492,0.7545832,0.4981219,-0.64216715,-0.16364363,1.9045542,-0.888939,0.99480236,1.0003633,1.3707609,0.3885498,-1.7464253,-1.37702,-0.66966593,0.002981402,0.13411823,1.9115603,-0.61494035,-2.3681996,-1.009512,-2.067397,0.515577,0.7784368,0.04974645,1.4263645,-0.738967,0.29362196,1.6583717,-0.464422,1.2475041,-0.32845008,-0.08071113,-0.05184323,0.35791233,0.8091037,-1.3805704,-0.54210836,-1.0534203,-1.7198913,-0.7532518,1.6230727,-1.2747564,-1.2983608,-0.45991737,-0.7139173,-0.52001226,1.1625533,1.2158858,-0.52459586,-1.1371248,-1.5706538,0.8491611,1.304584,0.76570565,-0.28323457,1.0631539,0.7252355,1.5809581,-0.7012967,1.135758,-0.540992,-0.3231056,0.070273995,1.6135695
MM1.S,-4.857572,-3.4671397,-0.48962295,0.13857318,1.9047774,0.09329764,-1.7338165,-1.682551,-1.9547956,-3.4843981,7.387085,-0.8073645,-3.524571,-4.1278887,0.3080437,2.5809846,-2.3165116,3.0897877,-3.861481,-2.2844083,-3.5466812,1.1446196,-5.299634,-2.832171,0.23962383,1.2614138,-4.8964148,0.62639433,-4.2487054,-2.2473083,4.291095,2.7739627,0.015234157,2.2832668,2.9673429,2.579014,-2.694577,-1.420366,3.0655034,-0.09359335,3.575582,0.14736244,4.308685,0.46997494,-6.323641,-1.9258419,0.015530467,-0.40450868,0.26457393,3.0207992,-2.221715,-2.3833165,-0.4035314,-5.3243566,0.36202484,2.8275986,-2.3184094,5.6824245,-0.5791811,0.73846626,0.51580226,0.4232103,0.89729863,1.8692638,1.1406325,-1.1420935,2.5020266,0.5748733,-1.031339,-1.3797207,-2.2723198,-2.1969576,-0.39668575,6.9747424,-5.550772,-2.3527231,-2.9927206,-0.9688527,0.08639487,1.3593738,2.6129656,-2.4936478,-1.3126808,-4.0845017,1.0962063,3.5048676,1.8073143,2.4917712,2.9497914,2.669107,1.6494982,-1.3526071,4.746574,0.26668614,-1.2512403,0.66599184,5.0403776
MOLT-13,-2.0192406,-1.0065901,1.127815,-0.6136869,-0.36911485,-0.1244852,-1.5580533,-1.1828399,0.028048359,-0.28878212,2.2085476,-0.7104839,-0.93437195,-2.3168712,1.5443237,0.5282101,-0.12269639,1.6139194,-0.56948644,0.14175677,-1.3264949,-1.5730498,-1.7130483,-1.8150418,0.7488181,1.167169,-0.83425033,0.74210054,-2.414799,-2.2099004,2.439556,0.5274117,-1.213634,0.2897259,0.8369486,0.54136,-0.7037401,-0.15999413,2.031306,-0.9540863,1.0825666,1.0683222,1.4862628,0.3935339,-1.8711742,-1.4776222,-0.7204429,-0.014059752,0.16556686,2.052713,-0.64341354,-2.5623655,-1.0831313,-2.2257416,0.5557838,0.83373046,0.054294784,1.5461404,-0.7797662,0.3060959,1.76993,-0.49986246,1.3275057,-0.32421684,-0.07995285,-0.04497333,0.3595153,0.87074274,-1.50941,-0.5898305,-1.1271706,-1.8421478,-0.8243399,1.7529807,-1.349899,-1.400814,-0.50042045,-0.7807818,-0.5507825,1.2531145,1.3192778,-0.5732151,-1.2155411,-1.694593,0.9386832,1.408341,0.8194382,-0.31932923,1.1389891,0.79571605,1.6912427,-0.7485143,1.2304163,-0.5714611,-0.3568332,0.06903984,1.7303787
Hs 706.T,-2.7480881,-2.1436996,-3.096534,0.6323161,4.9156384,-0.6468877,0.38827035,-0.13143048,-4.5287232,-6.453433,9.299274,0.7776689,-4.7288284,-1.1636518,-3.5219855,4.0779185,-2.2795944,0.8192671,-3.9011745,-5.315261,-4.277321,8.0666065,-3.9496253,0.5541199,-1.2311633,0.31521577,-8.063663,-1.115411,-1.6776494,2.0435688,1.1353446,3.8978367,4.580155,3.4632885,3.5655003,3.765297,-2.6867952,-2.1692767,0.28699324,1.942168,5.370173,-4.0513487,5.3018937,-0.40083295,-6.762981,2.6903105,0.98121953,-1.8742387,1.3782817,1.8262308,-2.7848594,4.4996133,3.7147148,-3.5607617,-2.6680725,1.6176106,-4.269389,6.7353797,-0.3675277,2.087132,-5.113472,4.720643,-1.9241747,5.441209,2.899884,-3.9603195,2.5757408,-1.7276739,-0.04705494,0.25477403,-0.8312038,2.003524,2.5607557,7.7288585,-6.727184,-2.2817428,-4.9949875,0.641089,2.0686922,-0.93610185,-0.77532816,-1.9744359,2.920881,-5.543714,0.07534212,3.3757021,0.18336459,4.5409217,0.92801917,2.863156,-1.2957814,-1.9853233,5.3328977,2.800146,-1.7531184,1.7817037,4.8458085
RT-4,4.0537434,3.4190192,1.7907629,-2.6447663,-0.827814,0.82713515,0.31151208,0.5309787,-0.14691147,-3.8352249,0.7537369,-1.2084546,3.7544541,0.8096306,1.3546163,3.0378299,1.8968512,-0.82515484,1.6644579,-2.4771354,0.8295151,3.6667464,3.6484714,2.9582977,-0.28353304,1.4766989,-1.3598223,2.0218499,3.0532792,-0.14338943,-1.7784863,-1.7648432,5.85285,-2.5916765,-2.722357,-0.12552634,1.5906209,-1.9779091,0.04020226,-3.6570637,2.6476295,-3.7124662,2.527933,-1.4791908,0.9183981,5.3363357,-2.820075,-4.038692,1.7899377,-1.3684872,-1.5670475,4.143267,3.5396688,1.119221,-3.3518405,-2.7156506,-0.7295525,-1.5611833,-5.200955,-1.0694351,-1.1006826,3.8229902,1.5255529,-0.52868307,1.8466907,0.28408694,-3.455221,-1.2966807,-1.196428,2.880361,3.421239,0.38955182,3.937186,-2.2651606,-2.7056477,-1.2977638,1.5073206,0.34335384,0.38984922,-0.9952134,-1.7885433,1.1564437,5.261787,-5.0938096,-0.63865745,-2.2468274,0.6075034,-3.293905,-1.9422752,-0.2358067,0.14803067,-0.99854827,1.6973006,2.8571947,0.7543556,1.9034725,0.3019286
H4,2.0921814,2.0754633,0.47086626,-1.8412567,0.75697184,0.7915772,0.056558438,0.0741946,-1.7401607,-3.9818285,2.3785474,-0.41299236,1.2836994,-0.12183367,0.43833473,2.7454662,1.6087528,-1.2516932,0.57440025,-2.587092,-0.3176423,4.2643924,1.4203521,2.3305964,-0.930625,1.5054961,-2.7001734,0.9067325,1.2363057,0.8530646,-0.6893844,0.005944304,4.674838,-0.9665311,-1.1079326,0.52283573,-0.15731034,-1.9843222,-0.33093503,-1.4267962,2.9316719,-3.642403,3.4237776,-1.1495762,0.050777446,4.75811,-1.7945188,-3.1842816,1.6373087,-0.036871877,-1.269899,3.9958715,3.2068646,0.0627228,-3.1750805,-1.3720108,-0.82077426,0.8432057,-3.4335968,0.54568285,-2.7215502,3.8664136,-0.2652412,0.41395465,1.8697716,-1.9166572,-1.8312668,-1.4140192,-1.6274717,2.4769814,1.9897989,1.3424215,3.1376464,0.5380849,-2.5098543,-0.85782176,0.18311621,0.6590126,1.0088942,-1.9871167,-1.7049304,0.59329355,4.188819,-4.636135,-0.11695053,-0.016514711,-0.12961125,-0.98535836,-1.4199556,0.5164361,-0.12796856,-1.8253652,1.4869431,2.7953367,-0.8498235,1.8047924,0.9506079
SNU-308,2.3844104,1.9728013,1.2639596,-1.893307,-0.29852125,0.59537804,0.20542279,0.47446755,-0.18084314,-2.539627,0.5527779,-0.7484503,2.1344872,0.20407884,0.9292446,2.0734823,1.3533775,-0.7278762,1.0810596,-1.6681429,0.32752958,2.471313,2.2410002,1.8697773,-0.37300396,1.0341043,-1.3544816,1.291891,1.6047688,-0.043046795,-0.90405345,-0.879835,3.7478259,-1.5444441,-1.6979685,-0.16390026,0.49789068,-1.4204957,-0.20967299,-2.2606857,1.8236281,-2.3369226,2.1530151,-0.7795818,0.6106031,3.6121695,-2.000974,-2.5193253,1.3326783,-0.5737828,-1.119194,2.8105702,2.4478157,0.47492647,-2.2680612,-1.6857897,-0.36074737,-0.69895494,-3.3490767,-0.31708688,-0.9788618,2.7614493,0.60950786,-0.41232684,1.3836173,-0.11028668,-1.9001088,-0.9598867,-1.083543,2.087285,2.1632001,0.29622132,2.4635134,-1.0570239,-1.7244952,-0.74165106,0.85322857,0.4015592,0.32208878,-0.85179245,-1.3996124,0.7702856,3.3810585,-3.4700859,-0.2263428,-1.1157892,0.29941267,-1.8557693,-1.3318923,-0.044347838,0.1869606,-1.0114654,0.9867869,1.8563927,0.23801291,1.49215,0.34796384
SJSA-1,-1.0994296,-0.6478296,0.40010017,-0.21995397,-0.08183387,-0.07485919,-0.75413364,-0.48205096,-0.07528266,-0.21673006,1.3591427,-0.38673314,-0.62715536,-1.1174613,0.574156,0.35035947,-0.21921402,0.84219176,-0.49146572,-0.06659691,-0.7390221,-0.5936166,-1.0241264,-0.9314304,0.30657044,0.50121164,-0.6883862,0.37590387,-1.2193589,-1.0005556,1.2826777,0.32002267,-0.44794154,0.21223527,0.55766565,0.40645415,-0.481621,-0.105742835,1.0021694,-0.44912705,0.6519205,0.43259054,0.91879314,0.15478112,-1.0968407,-0.7444029,-0.3476996,-0.06596616,0.090123385,1.032211,-0.31785706,-1.244389,-0.45713457,-1.2890095,0.22942594,0.53564817,-0.1731444,1.0131161,-0.29781896,0.10407901,0.77319,-0.1943247,0.625289,0.00601298,0.09924331,-0.0021243966,0.25616282,0.40345544,-0.73449594,-0.27159494,-0.58415914,-0.8942878,-0.40794346,1.1047653,-0.8645864,-0.69108045,-0.4751765,-0.42168948,-0.21173179,0.6412423,0.6675247,-0.33591777,-0.59141934,-0.9130819,0.46845117,0.7328984,0.45705587,-0.004010655,0.6671767,0.4755838,0.7419157,-0.36815137,0.798696,-0.19518778,-0.19869763,0.062060267,1.0636461
UACC-893,3.2134018,3.266064,0.7308618,-1.8384436,0.5617899,0.7038449,0.030997923,-0.26595503,-1.2344458,-3.8235536,2.0975835,-0.21715726,1.8998022,1.0025955,0.8020677,2.7996738,1.6814926,-1.0275271,1.1382891,-2.734997,0.083481595,4.1393857,2.619935,2.8473465,-0.7341976,1.9175283,-1.5125699,1.4732759,2.2009897,0.4351368,-1.2840494,-0.39443782,5.1329145,-1.1126498,-1.3766679,0.63402313,1.2431213,-1.7818205,0.37648645,-2.0467603,3.023166,-4.120995,2.3844092,-1.348426,0.02560601,5.419222,-1.6774035,-3.6396236,1.644853,-0.46973455,-1.1688949,4.002985,2.8828351,0.71620154,-3.3510506,-1.9507349,-1.0456308,-0.27885887,-4.1703672,-0.043925755,-2.2908742,3.9908485,0.715054,0.42772034,1.649327,-1.350841,-2.7116513,-1.3871317,-1.0218245,2.4310968,2.2574532,1.2830564,3.7810283,-0.33672482,-2.830281,-1.427983,0.558047,0.43390045,0.6989589,-1.6718878,-1.6798178,0.7539638,4.5756946,-5.002516,-0.5888192,-0.9856679,0.1473153,-2.0880628,-1.6782982,-0.17686087,0.046412807,-1.4291838,1.529719,2.60781,0.18548802,1.8643264,0.23334792
BJ1-hTERT,-1.8824053,-0.9347338,1.1004984,-0.6092884,-0.41207564,-0.16508299,-1.4595054,-1.0222247,0.07380688,-0.17762184,2.0789087,-0.6821601,-0.86461043,-2.054055,1.4150906,0.43132627,-0.072982974,1.488792,-0.53038335,0.16153324,-1.1951244,-1.4537904,-1.5521535,-1.6988301,0.77066165,1.0695808,-0.81212854,0.7197465,-2.2715735,-2.05661,2.2744184,0.3820225,-1.1220765,0.21396664,0.7411668,0.5031403,-0.63272107,-0.15534608,1.8690372,-1.0165629,1.0372776,1.0420489,1.4367201,0.34555674,-1.6948051,-1.4160358,-0.6669004,0.009784255,0.15201509,1.9702805,-0.5565353,-2.4103787,-1.0198873,-2.0727575,0.51329553,0.68860316,0.0091357045,1.405149,-0.6929453,0.25337026,1.7333268,-0.455116,1.2955192,-0.2940023,-0.0016009696,0.019332081,0.3159979,0.9214508,-1.4200565,-0.52766067,-1.0513496,-1.7060853,-0.7753752,1.5435765,-1.2010589,-1.2894921,-0.5169232,-0.7740949,-0.52592266,1.2391973,1.1917729,-0.45911968,-1.1498086,-1.5386461,0.85774124,1.293005,0.8234977,-0.32160872,1.0261381,0.7789,1.5982138,-0.7084938,1.1359947,-0.57228035,-0.31427428,0.036664464,1.6249197
SH-10-TC,6.9842467,6.162891,2.8373525,-4.5049973,-0.450134,1.6796417,0.25397867,0.39737606,-1.0634892,-7.084729,2.258848,-1.7461182,5.4233565,1.538854,2.3603785,5.461896,3.7803361,-2.052539,3.1467955,-4.8417826,0.9428837,6.9273148,6.276118,5.463786,-1.0831375,3.304758,-2.8881755,3.2999225,4.6461143,0.385743,-2.4247503,-1.9052393,10.18781,-3.6373343,-4.0740047,-0.059835933,2.4298909,-3.6623385,0.45876905,-5.544798,5.323907,-7.2579007,5.059951,-2.6163049,1.1948577,10.121294,-4.68122,-7.1099176,3.355764,-1.7400608,-2.622023,7.573105,6.207844,1.4627239,-6.3733854,-4.3488836,-1.2824485,-1.6761527,-8.937966,-0.8326134,-2.9914355,7.2946124,2.1100712,-0.29216483,3.3245623,-1.0462546,-5.76679,-2.6482332,-2.4670696,5.3724437,5.5934854,1.3083067,7.2840915,-2.735356,-4.821095,-2.382441,1.9695619,0.7912167,0.90538603,-2.4393075,-3.568068,1.8357067,9.03395,-9.620573,-0.63997895,-3.1422098,0.60507387,-5.2103286,-3.5104306,-0.43678528,0.15555541,-2.787854,2.7904568,5.1657505,1.0148103,3.7487643,0.60397875
EFO-21,2.1907945,1.9235805,0.8058433,-1.2342336,-0.28287837,0.35577798,0.09298239,0.07769983,-0.23422644,-2.0169876,0.5515851,-0.4486612,1.8755568,0.67559403,0.6068638,1.4962627,1.021479,-0.43212327,0.8417541,-1.3369436,0.4219266,1.8890887,1.9950286,1.5827199,-0.09140425,0.813883,-0.5234336,1.0897803,1.600551,-0.058985278,-0.8813406,-0.82287323,3.0469544,-1.150446,-1.3032451,0.03967964,1.0016074,-0.957511,0.22247529,-1.7141337,1.5141981,-2.1960926,1.114978,-0.84343934,0.2954223,2.7774487,-1.1988904,-2.137014,0.9183624,-0.71228135,-0.77019846,2.1527913,1.6141117,0.63474715,-1.8469808,-1.4503487,-0.43867403,-0.63080615,-2.6042507,-0.60476476,-0.69109666,1.986502,0.80933815,-0.026640512,0.90650624,0.0047314386,-1.8544606,-0.67335474,-0.4738139,1.418933,1.7525147,0.4465031,2.2886422,-1.1158046,-1.4388146,-0.80226445,0.74941593,0.18985207,0.25177786,-0.4712478,-1.0073615,0.63595986,2.6471436,-2.8368099,-0.40893996,-1.22901,0.34111905,-1.7456833,-0.9922858,-0.3038936,-0.016433071,-0.3704719,0.8587602,1.4698402,0.48508796,1.0138295,0.14921992
C2BBe1,5.4944086,5.3416452,1.5038517,-3.4071922,1.0502768,0.8138152,-0.0034039784,-0.027526136,-2.2469985,-7.2885,4.209031,-0.75706947,3.2796896,1.797323,0.9453829,4.9596624,2.9593477,-1.9137286,2.1613846,-5.3197627,-0.53765893,7.9480143,5.293207,5.3517632,-1.2908591,3.1749272,-3.5304859,2.4872036,3.7502234,1.3188493,-1.8244255,-0.3268246,9.713393,-1.6388772,-2.3148205,1.1507592,1.9595088,-3.6390982,0.6299994,-4.0189404,5.8084188,-7.7086554,5.010414,-2.4604802,-0.5595294,9.811018,-3.3473773,-6.6894,3.267847,-0.6820728,-2.6530638,7.3819056,5.9855933,0.97743237,-5.893233,-3.598034,-2.28826,-0.020709913,-7.449728,0.23248446,-4.2786074,7.7186365,1.2552431,1.4429479,3.6496513,-2.3949094,-4.375315,-3.0629714,-1.9610384,5.044573,4.4615884,1.7658713,7.705449,-0.45785257,-5.3519683,-2.7332542,0.18307944,0.8865382,1.3308496,-2.2896059,-3.493666,1.2623249,8.290768,-9.528866,-0.6461584,-2.003844,0.37902623,-3.535454,-3.4403214,0.14111687,-0.23379554,-3.03369,3.1693397,4.6917,0.8233311,3.3163366,0.9235633
L-363,-0.12535575,-0.28784886,-0.40628263,-0.5228238,1.5215964,0.082316816,0.25165457,0.25815073,-1.6064396,-2.7617872,2.8150563,-0.07628061,-0.840399,-0.41998032,-0.78727204,1.7905523,0.24963671,-0.38389206,-0.7141371,-1.8510278,-1.2309985,2.8671308,-0.68926513,0.6803135,-0.66028523,0.26758623,-2.9797606,-0.28563634,-0.5406527,0.8496998,0.4774742,1.2823498,2.4163942,0.5071886,0.5110538,0.6585575,-1.1940222,-1.3755608,-0.39106438,0.16744897,1.8282727,-1.811705,2.8551579,-0.31440836,-1.5148875,1.7442205,-0.43822905,-1.3023462,1.0880091,0.5060836,-1.2466601,2.1164546,1.9819357,-0.9912095,-1.5473763,0.038211063,-1.1358924,2.2163138,-0.8122876,0.7392563,-1.925347,2.0323129,-0.88162756,1.6645797,1.5255293,-1.6827593,0.57229644,-0.87646806,-0.7985813,0.89547426,0.5240432,1.0008092,1.490864,2.0339813,-2.3156586,-0.60169774,-1.1817917,0.47333637,0.7512057,-0.64071995,-0.8772196,-0.29841998,1.7470404,-2.8121274,0.502163,1.1549209,-0.1911165,0.88188875,-0.31740522,1.0293764,-0.5263252,-1.1793265,1.8433459,1.4617803,-0.820352,1.0726376,1.8325608
A-204,-2.0374637,-1.0090115,1.1654375,-0.6395406,-0.37504253,-0.11992293,-1.5900527,-1.2176481,0.040962175,-0.25738573,2.2243028,-0.7329623,-0.96075785,-2.3127398,1.5751271,0.5261586,-0.124416776,1.6300846,-0.5446663,0.15218936,-1.3156289,-1.6004418,-1.7104249,-1.8475525,0.755256,1.2067465,-0.84273726,0.7532009,-2.446484,-2.2437818,2.4447684,0.5132884,-1.2529273,0.29820338,0.8262151,0.55285966,-0.6812815,-0.17072111,2.0796266,-0.9831208,1.0831014,1.0919467,1.4805179,0.42253435,-1.8837003,-1.4962227,-0.719574,0.017937686,0.1413974,2.1051598,-0.63475716,-2.5846264,-1.1096027,-2.243542,0.5627441,0.82707566,0.064734206,1.5385605,-0.7935751,0.32325637,1.8252782,-0.49654803,1.3668754,-0.3414581,-0.08319017,-0.04302798,0.36382604,0.8961894,-1.5080061,-0.5961893,-1.1593164,-1.8692151,-0.84090394,1.7723057,-1.3485032,-1.4127736,-0.4962713,-0.78954273,-0.5519312,1.2618126,1.3209342,-0.5753186,-1.2571257,-1.7116625,0.9279763,1.4186964,0.81861967,-0.31026933,1.1326311,0.7870316,1.7364646,-0.76808834,1.2194148,-0.5963116,-0.3554162,0.07710114,1.7348969
RKO,-1.4815668,-1.0389525,0.29062018,-0.10892697,0.36902,-0.022143198,-0.5490405,-0.46008444,-0.18288505,-0.43955636,1.7586569,-0.27117187,-0.9742136,-1.1369109,0.26360482,0.68989193,-0.42479107,0.9019942,-0.9136797,-0.30155832,-1.0035901,-0.3018393,-1.4446415,-0.92639405,-0.03493191,0.4596944,-1.0524391,0.20654096,-1.5175875,-0.86709785,1.5119865,0.6184781,-0.32106596,0.5962464,0.82035965,0.34651792,-0.7381116,-0.52504164,0.98095137,-0.19411767,0.73430616,0.5408539,1.2328906,0.35987836,-1.6232412,-0.7317232,-0.22719839,0.12283406,0.2523769,0.9324951,-0.58895594,-0.96897733,-0.4789198,-1.5531993,0.28274766,0.822387,-0.3984335,1.5067822,-0.015286334,0.17798918,0.5317083,-0.23817919,0.29736856,0.32402384,0.22773139,-0.028364595,0.7854755,0.31734285,-0.62898517,-0.371925,-0.511373,-0.68610495,-0.12851712,1.5764078,-1.4648589,-0.6934726,-0.4581167,-0.22336881,-0.12107242,0.49616864,0.66977453,-0.51794195,-0.67607874,-1.2169356,0.5923249,0.94065964,0.65880245,0.3732153,0.81602335,0.6295813,0.8204375,-0.4403187,1.2394282,-0.09249766,-0.21826765,0.32046783,1.3919852
YAPC,3.167799,2.72723,1.4907784,-2.2979236,-0.36203432,0.8175821,0.16878575,0.4353348,-0.2672685,-3.2167397,0.7402974,-0.8196657,2.747979,0.48762396,1.2235174,2.5474825,1.6714162,-0.9273053,1.371951,-2.094346,0.48130256,3.1222005,2.7974796,2.365097,-0.4986487,1.3496892,-1.4936596,1.5723598,2.2463198,-0.015102118,-1.2839099,-1.1953607,4.6697383,-1.9408642,-2.1160114,-0.008049121,0.87674326,-1.7498003,-0.081546426,-2.7371771,2.3514829,-3.0184517,2.4030967,-1.0610968,0.85041183,4.55373,-2.372502,-3.2830412,1.621293,-0.8104598,-1.208535,3.5859659,2.973985,0.7330434,-2.9413111,-2.1402535,-0.46069974,-0.9292955,-4.2097235,-0.57366043,-1.2613108,3.3728514,0.8454726,-0.51365364,1.5093018,-0.14495085,-2.596053,-1.1869416,-1.2777282,2.5357456,2.7226603,0.4643162,3.0664828,-1.4183205,-2.185061,-0.9618905,1.2077154,0.45079163,0.40137663,-1.2125206,-1.6961964,0.93683517,4.2543483,-4.3298483,-0.35647097,-1.4514087,0.37670058,-2.454091,-1.62119,-0.12493305,0.19105415,-1.0620457,1.2420537,2.398912,0.31452477,1.8462466,0.27145287
PK-45H,-2.0423272,-1.0164462,1.1657815,-0.6401473,-0.38193178,-0.12861212,-1.5899833,-1.2132099,0.04179714,-0.25885358,2.2219758,-0.72845674,-0.9542664,-2.3052733,1.5756621,0.5160385,-0.11530828,1.6301692,-0.5568987,0.15611027,-1.3161005,-1.59838,-1.7030805,-1.8383101,0.76313037,1.1957313,-0.8387836,0.7589308,-2.441713,-2.237143,2.4426117,0.51141244,-1.2412668,0.29921407,0.82000613,0.5456581,-0.6914786,-0.18035015,2.0725164,-0.9924507,1.0860546,1.0982496,1.4845676,0.41382152,-1.8732563,-1.5009377,-0.7242111,0.01570097,0.14669864,2.0988274,-0.64089,-2.5890071,-1.1064497,-2.2398305,0.5590311,0.8207755,0.06350468,1.5442525,-0.7867947,0.3125232,1.8181661,-0.50331885,1.3576994,-0.36106429,-0.081830025,-0.04439307,0.373167,0.90072113,-1.5087677,-0.59546804,-1.1504936,-1.8731642,-0.8246654,1.7584076,-1.3556814,-1.4048247,-0.49033982,-0.7912676,-0.55697626,1.2673019,1.3131737,-0.5664922,-1.2566848,-1.7072563,0.93141204,1.4198605,0.8329852,-0.31309363,1.1358948,0.79688364,1.7333734,-0.7621145,1.2221292,-0.5963565,-0.3521558,0.0832621,1.7386336
CPC-N,-1.3757668,-0.68663853,0.75512785,-0.35384262,-0.1558061,-0.2289632,-1.1191206,-0.6929749,-0.08392745,-0.039487828,1.947156,-0.49370587,-0.8377143,-1.1922036,0.8187947,0.37976724,-0.1936056,0.9957419,-0.48385754,-0.061017107,-1.0074456,-0.71684176,-1.2697833,-1.1681354,0.4851041,0.7630607,-0.90075827,0.40148258,-1.6259329,-1.2656945,1.5063769,0.3261529,-0.60615253,0.28750876,0.6749184,0.5717655,-0.21850193,-0.07947068,1.4656278,-0.76918375,0.9861809,0.6338648,0.9899521,0.23457535,-1.4356102,-0.9290656,-0.43770343,0.02410575,0.06607812,1.4081435,-0.36810634,-1.465822,-0.6041645,-1.722127,0.28430498,0.57852864,-0.12733068,1.2086961,-0.48140898,0.18901135,1.2309855,-0.24753052,1.0169957,0.054734055,0.120430246,0.03192921,0.31708562,0.6883156,-0.9308767,-0.3988019,-0.78111273,-1.1159415,-0.44584557,1.157531,-0.99575156,-1.120707,-0.6341108,-0.5413357,-0.33778834,1.0130168,0.76232255,-0.36761844,-0.7462196,-1.0941187,0.51615447,0.75379294,0.6947908,-0.1675232,0.842545,0.46635485,1.1731256,-0.52996945,1.0546504,-0.20083347,-0.23053783,-0.021073155,1.1409591
IA-LM,-1.1176759,-0.4457953,0.7829908,-0.35570353,-0.18399885,-0.23336992,-1.0819145,-0.7920462,-0.05904693,0.13082612,1.5273231,-0.47339022,-0.69826114,-1.1048883,0.8046933,0.3383817,-0.17330961,0.8850122,-0.21085125,-0.009819809,-0.8626213,-0.8153886,-0.99210876,-1.0208238,0.4201099,0.79171973,-0.6649999,0.43531343,-1.3653193,-1.1859847,1.2576376,0.29561934,-0.6411799,0.19519663,0.57836,0.47644526,0.006734062,0.10192588,1.4215951,-0.6537595,0.7095212,0.53488266,0.6206556,0.24106234,-1.2240213,-0.7984103,-0.37232524,0.08407794,0.02460107,1.3101095,-0.34780157,-1.2537243,-0.6119847,-1.3864384,0.25759065,0.42394835,0.057208277,0.92119586,-0.52897763,0.20025937,1.170015,-0.27524596,1.0775371,-0.08904949,-0.03970512,-0.012961686,0.12677568,0.54538435,-0.8548712,-0.35521102,-0.7175758,-1.0403199,-0.45966,0.94717014,-0.7385679,-1.0884848,-0.45790458,-0.4044574,-0.33270383,0.8400463,0.66664004,-0.21661496,-0.59016025,-0.9170112,0.44407594,0.6422805,0.4441427,-0.2506757,0.6299415,0.24526021,1.1166835,-0.48723274,0.7814699,-0.17602229,-0.1784052,-0.088128984,0.8678681
NCI-H508,-0.19377416,-0.13420622,-0.48129398,-0.066495635,1.0185124,-0.107432954,0.14890766,0.058225308,-0.90729785,-1.3359866,1.6950368,0.19966765,-0.7197758,-0.061530743,-0.6312716,0.9475312,-0.18171689,-0.070695214,-0.5211923,-1.0981243,-0.74766713,1.7254993,-0.42755526,0.36693743,-0.39343008,0.17598578,-1.6024284,-0.20899503,-0.1264632,0.49676132,0.13316602,0.6741174,1.1996387,0.517644,0.48834336,0.6378756,-0.52386004,-0.5840285,-0.10675064,0.32968336,1.0326658,-1.0745406,1.1655906,-0.10526395,-1.0273759,0.89841324,-0.0074919164,-0.63306266,0.48620206,0.3318621,-0.5950196,1.2222818,0.9062946,-0.5362593,-0.8366494,0.08317866,-0.766306,1.2822402,-0.24927945,0.4281718,-1.266125,1.1711963,-0.47272414,1.0993891,0.73033124,-0.87394345,0.39216524,-0.4366462,-0.20685947,0.31875053,0.084088154,0.6804692,0.7321515,1.2906799,-1.2706845,-0.43094012,-0.7702653,0.248688,0.49028218,-0.35375103,-0.4615608,-0.1612571,0.94481224,-1.3610964,0.06396177,0.622536,-0.10454182,0.63920724,-0.08773044,0.49546283,-0.33032653,-0.5277805,0.94822985,0.6544146,-0.3993043,0.5086084,0.83247244
HuT 102,-2.083339,-1.086363,1.1798594,-0.6445741,-0.43104056,-0.17212003,-1.5848258,-1.0985084,0.044109777,-0.23914677,2.3801472,-0.77076524,-0.991446,-2.2521954,1.5215143,0.5055367,-0.09730068,1.6378839,-0.66772133,0.13365072,-1.3399619,-1.5295078,-1.7662882,-1.8924167,0.85003644,1.1389302,-0.9639208,0.7698206,-2.523823,-2.2199383,2.528479,0.45561764,-1.1890576,0.2598062,0.8491678,0.5682311,-0.7306796,-0.17469317,2.0689247,-1.1138301,1.2196887,1.1295482,1.6623574,0.35516524,-1.9241334,-1.5743679,-0.7283895,-0.008495517,0.16698693,2.1276097,-0.6286719,-2.6465697,-1.0912308,-2.3521276,0.5613414,0.8031255,-0.05062299,1.6175061,-0.74825263,0.26097614,1.9001212,-0.49666592,1.4071782,-0.29033324,0.03395362,0.020627227,0.37614316,1.0135138,-1.5536299,-0.59355754,-1.1532319,-1.8714447,-0.84508467,1.7591969,-1.4003884,-1.4059448,-0.6249485,-0.8688877,-0.5864456,1.368425,1.3072685,-0.5489874,-1.2829763,-1.7091889,0.95273733,1.4421474,0.9409985,-0.302064,1.1865293,0.88820505,1.725467,-0.7873527,1.3300868,-0.5866689,-0.34823608,0.03915362,1.8438386
CAL-12T,1.2832012,1.054244,0.3432227,-0.52761894,-0.7662073,-0.3428565,0.31851813,0.3983555,0.15769717,-1.1243176,0.42745358,-0.7325051,1.5439388,0.47736546,-0.1978694,1.0611968,0.6038845,0.047817975,0.4939735,-0.8163833,0.50185883,1.2302164,1.1468668,1.0861033,0.66402763,0.109584555,-0.1491856,0.64825594,1.341392,0.04083202,-1.3437525,-1.2019011,2.2271106,-1.4841663,-0.84103566,0.03981953,1.413114,-0.20046267,-0.110441804,-1.6283236,0.6790051,-1.0075234,0.14042823,-0.787244,0.14182523,1.1862537,-0.7091104,-1.418899,0.21540922,-0.7550958,-0.48925936,1.1642714,1.1944261,0.86453086,-0.8381865,-1.159141,-0.51242834,-0.92925566,-1.3437866,-1.0575273,0.2664729,0.9889109,1.1998608,0.23139092,0.40954867,0.74803776,-1.7848977,0.004541157,0.20263925,0.4666473,1.217067,-0.16971906,1.3869388,-1.7178794,-0.7523734,-0.6723988,0.19860552,-0.1253056,-0.11240469,0.5823532,-0.5019372,0.6186935,2.1318724,-1.2832711,-0.4918923,-1.3045331,0.6625252,-1.3740585,-0.6271226,-0.08967846,-0.3493384,0.62015295,0.7950226,1.081587,0.73713833,0.28440014,0.20032302
HDLM-2,-2.1159823,-1.0847328,1.1758637,-0.62818074,-0.37057716,-0.11485374,-1.6197293,-1.2522593,0.024860531,-0.30056322,2.3250637,-0.7548911,-1.0128126,-2.3910272,1.6104254,0.5590822,-0.14178759,1.6816367,-0.6189158,0.14275123,-1.3705144,-1.6140819,-1.7957946,-1.909596,0.76765126,1.2236125,-0.90269744,0.7569512,-2.5279763,-2.298533,2.5461066,0.5591242,-1.2717158,0.33023283,0.8654275,0.5611945,-0.7410636,-0.18825696,2.141384,-0.99022484,1.1483129,1.1176131,1.5625274,0.41670835,-1.9768625,-1.546755,-0.73493993,0.015528671,0.15296558,2.1423347,-0.67621475,-2.6737995,-1.1313014,-2.350138,0.58049065,0.88634753,0.04447178,1.6420274,-0.8068775,0.31742567,1.8592967,-0.52008873,1.3817887,-0.34366986,-0.07749227,-0.05214824,0.40200913,0.917299,-1.554102,-0.62109685,-1.1974747,-1.9276929,-0.8589204,1.8769048,-1.444439,-1.4422208,-0.53415,-0.8200474,-0.57204825,1.2895783,1.361041,-0.62891436,-1.3177906,-1.7740362,0.9707356,1.4752448,0.8672414,-0.29521778,1.2068152,0.8304926,1.767148,-0.78495944,1.2989111,-0.5901841,-0.37207052,0.09668553,1.818569
U-118MG,-1.5975792,-1.2104424,-0.0044182166,0.05407322,0.36261737,-0.24261671,-0.686105,-0.4466886,-0.66165096,-1.2088283,3.0588427,-0.4973973,-1.1904274,-1.3547302,0.17091373,0.95712423,-0.5689756,1.0630964,-1.5468243,-0.78870255,-1.3897079,0.45447657,-1.950215,-1.2125726,0.29502335,0.13537504,-1.8983381,0.1161885,-1.897938,-0.6464111,1.361497,1.0354549,0.1683349,0.73794156,1.0887699,0.99043274,-0.7908297,-0.49463972,1.095104,-0.46747932,1.6526958,0.16243428,2.0073118,-0.06927262,-2.1416783,-0.8577265,-0.42002463,-0.4761348,0.11841269,1.1998187,-0.8840672,-1.102163,0.09736079,-2.1652815,0.07540396,1.0060608,-0.8905306,2.1847804,-0.407213,0.16141433,0.6250796,0.14506182,0.3981562,0.72362566,0.5949016,-0.38700148,0.9089083,0.20012455,-0.6385165,-0.35407662,-0.5798448,-0.7839485,0.11848274,2.3262918,-2.0389442,-0.99045527,-1.2677181,-0.5098952,-0.1736088,0.66026,0.5597343,-0.9668006,-0.4765991,-1.5317346,0.62987703,1.2832595,0.8218499,0.6777334,1.2762141,1.0313853,0.5814726,-0.41236052,1.9787326,0.41734475,-0.5295413,0.18767214,1.8292117
NCI-H1836,0.7398298,0.79929084,-0.09975639,-0.54318655,0.57134604,0.19623315,0.016859973,-0.025903154,-1.0911816,-2.007158,1.4934186,-0.012856146,0.3183273,-0.08375724,-0.08254987,1.2924358,0.5133179,-0.4475065,-0.049551092,-1.2781605,-0.26033103,2.3060558,0.41845903,1.0772986,-0.3861992,0.64870626,-1.4727347,0.3174387,0.544343,0.44931012,-0.31202033,0.09890672,2.225731,-0.2215164,-0.23961616,0.52779984,-0.23414056,-0.8431844,-0.12446253,-0.4100355,1.5483481,-1.9432745,1.5175151,-0.60776407,-0.38183373,2.141789,-0.6041211,-1.4683576,0.6831642,0.076646835,-0.637405,1.8752009,1.4422876,0.017422736,-1.4351754,-0.4491483,-0.7027202,0.58960915,-1.4727771,0.26697865,-1.5422986,1.9195752,-0.21710655,0.48734906,0.9955128,-1.0727735,-0.7701458,-0.6515632,-0.56519455,1.1431769,0.6362135,0.7596668,1.4178463,0.70975804,-1.3241735,-0.45774415,-0.19052216,0.22428004,0.53724384,-0.86511177,-0.70129204,0.27810365,2.0178418,-2.2214243,-0.2625958,0.03594993,-0.03254439,-0.20427507,-0.54010546,0.36659938,-0.13077115,-0.78485703,0.83528984,1.2623671,-0.43732044,0.8115702,0.5309122
SUIT-2,4.2912307,3.8709996,1.5755346,-2.615518,-0.042320415,0.82346797,0.13476898,0.089399405,-0.97039646,-4.5123253,1.5609736,-0.74996305,3.2000701,1.1382457,1.2968334,3.2688594,2.3085036,-1.2684776,1.8067665,-3.0253742,0.25944197,4.5715065,3.9797027,3.4354608,-0.6505132,2.1339254,-1.8008541,1.9757134,2.9570682,0.29967156,-1.4370937,-1.0378995,6.3118343,-1.9302326,-2.359728,0.19751161,1.5018927,-2.2512212,0.43462643,-3.298642,3.5103693,-4.810231,3.0322804,-1.667332,0.41400823,6.322847,-2.5877748,-4.5584846,2.1261127,-0.97802913,-1.6096563,4.767324,3.790713,1.0256222,-4.016957,-2.7088623,-0.9671912,-0.81516397,-5.389884,-0.45247844,-2.061768,4.75532,1.2595601,0.0765183,2.0504653,-0.76655483,-3.5604382,-1.7539166,-1.550352,3.4120395,3.362846,0.93323,4.725849,-1.4654447,-3.0641294,-1.5913613,1.0352834,0.47362807,0.64433026,-1.4383643,-2.3933814,1.210355,5.6162796,-6.2356033,-0.4581456,-1.7996567,0.37365073,-3.2002158,-2.2194312,-0.24313064,0.07189523,-1.6095042,1.7529354,3.1928985,0.67311287,2.3198655,0.29915264
Ku812,-1.6853945,-0.28509283,1.4938343,-0.94413483,-0.68467474,-0.800025,-1.7285172,-1.1131034,0.13572812,0.48874167,2.1541781,-0.8496585,-0.5717156,-1.5018808,1.2607443,0.10306318,-0.01324654,1.4237648,0.10916813,0.24514383,-1.1724186,-1.3717443,-1.0931975,-1.4428272,1.0951356,1.2447423,-0.7580384,0.94218504,-1.8665376,-2.000354,1.7495064,-0.041868858,-0.95150435,-0.042997498,0.5815784,0.7910232,0.40401456,0.296056,2.0807376,-1.4516367,0.85159993,1.0991411,0.6474404,0.27057433,-1.5661193,-1.3148546,-0.6617371,0.050088502,0.15086482,2.1651378,-0.36870348,-1.7457277,-0.88059735,-1.6766212,0.28361365,0.027480364,0.1191667,0.9917261,-0.80725706,0.117307045,2.0419037,-0.4468979,2.119725,-0.11254689,-0.015644241,0.27213633,-0.17378448,1.153103,-1.3480626,-0.570905,-1.0023818,-1.5847594,-0.62372893,0.47955534,-0.6578079,-1.919914,-0.5182399,-0.56966853,-0.45437974,1.7091836,0.99329233,0.22704048,-0.53115463,-1.1906137,0.5609599,0.7716758,0.54971343,-0.9294082,0.48059338,0.42186058,1.5985404,-0.7206204,1.031249,-0.43823984,-0.09798127,-0.5000914,1.1955991
NCI-H2081,3.3166358,2.7657042,1.3454139,-2.0516987,-0.97866297,0.2860082,0.62471306,0.6617566,0.32445744,-3.1997156,0.37464747,-1.2912396,3.6925566,0.8843815,0.72275156,2.538844,1.4577326,-0.17792293,1.3530364,-2.0577734,1.1814747,2.7807405,3.1360583,2.3768837,0.39523163,0.8132383,-0.880006,1.9423124,2.9967809,-0.27112836,-2.2077427,-2.1539052,5.077981,-2.5922172,-2.4584467,-0.17778042,2.0014784,-1.5482684,-0.16452482,-3.4782178,1.8250659,-2.7461061,1.4656509,-1.2161456,0.8023902,3.9561238,-2.1995997,-3.1800601,1.1216015,-1.6334062,-1.3304573,3.3958127,2.8959258,1.3934404,-2.5511074,-2.6569457,-0.65950817,-1.7937237,-4.1751413,-1.5709147,-0.3124854,2.728413,1.7324778,-0.3336847,1.4200404,1.0678335,-3.1572473,-0.6478321,-0.33754545,1.8553172,2.9826698,0.062889814,3.3185215,-2.7899811,-2.2483697,-0.9795835,1.4968759,0.109996215,0.196284,-0.03353902,-1.2478391,1.0621511,4.5585036,-3.7501407,-0.8625678,-2.2576942,0.88458604,-2.9171424,-1.5257908,-0.138868,-0.06653512,-0.008639639,1.7285866,2.2598302,0.97467476,1.2515535,0.3338597
MeWo,-1.2330786,-1.0038856,-0.4450321,0.2620308,0.7730814,-0.18101192,-0.26814127,-0.10937362,-0.8805981,-1.3690653,2.5899372,-0.20707826,-1.0822303,-0.8815912,-0.38632986,0.9976896,-0.6295154,0.6267394,-1.3655363,-1.0179332,-1.1655251,1.1098559,-1.6427565,-0.6644735,0.016658237,-0.107993506,-1.9254966,-0.16259103,-1.2601135,-0.05204009,0.84832007,0.98230535,0.61187124,0.7633104,1.1169691,0.9547331,-0.83509225,-0.483792,0.5125327,0.043999925,1.2741333,-0.33748627,1.6800034,-0.14560279,-1.8410783,-0.3248001,-0.1504756,-0.4475629,0.13168666,0.7136884,-0.77801144,-0.18329132,0.42678645,-1.53687,-0.17063977,0.8072399,-0.9915496,1.9991468,-0.1214368,0.2346532,-0.11670921,0.42515838,-0.096044034,0.93889785,0.57244486,-0.58232886,0.8140125,-0.140778,-0.36816102,-0.14721586,-0.3642561,-0.21965711,0.2184299,2.054842,-1.8247759,-0.6289638,-1.2225132,-0.24548264,0.14402544,0.2544109,0.20274995,-0.7324327,-0.07784511,-1.4048127,0.3817223,1.1538255,0.49772298,1.0011679,0.7977205,0.9142756,0.1142409,-0.29106092,1.7689648,0.6072708,-0.50154793,0.21543424,1.6022538
AML-193,-1.5831919,-0.7401045,0.971582,-0.5486217,-0.36311418,-0.1636425,-1.2675952,-0.8530109,0.091336295,-0.07138923,1.7341397,-0.5702082,-0.7210954,-1.7290967,1.2031037,0.3386741,-0.042597562,1.2687442,-0.36871108,0.15854576,-1.0191444,-1.2625707,-1.2799413,-1.4166753,0.66293645,0.9346295,-0.6790088,0.626057,-1.8956664,-1.7514813,1.9048654,0.28569433,-0.9455745,0.14436871,0.6233934,0.43126068,-0.4604952,-0.10796802,1.5592554,-0.87451637,0.81915766,0.88827616,1.1621004,0.34309375,-1.4006143,-1.1638005,-0.57366,0.0053581223,0.13153875,1.6857332,-0.42918792,-2.0084143,-0.87707245,-1.7441491,0.41904384,0.57774913,0.037592452,1.1382663,-0.5817257,0.22921039,1.4514073,-0.38260686,1.1375698,-0.22421932,0.005275909,0.030242987,0.23075764,0.77742535,-1.2248002,-0.44130176,-0.8562492,-1.4210215,-0.6581526,1.2152405,-0.9504122,-1.1478331,-0.42402464,-0.65774703,-0.43445587,1.0737895,1.0243833,-0.3329435,-0.91263807,-1.2756068,0.72499967,1.0513535,0.6622498,-0.313856,0.8327886,0.61704004,1.373453,-0.6024964,0.91782826,-0.49080792,-0.28452924,-0.0030714534,1.3297459
NCI-H2286,0.94664675,0.9843848,-0.48977476,-1.0541475,1.9808384,0.22324109,0.23691674,0.170013,-2.4602797,-4.1009955,3.8342524,0.14569736,-0.37556666,-0.031622093,-0.72674054,2.6657093,0.7833499,-1.0355315,-0.41584194,-2.8608863,-1.284225,4.829848,0.19519772,1.7309928,-1.0488379,0.9865131,-3.9388611,0.04907752,0.3445323,1.3551065,-0.09893505,1.1899468,4.2382803,0.4557354,0.17086568,1.178099,-0.8590684,-1.9068329,-0.39364043,-0.3436597,3.0508084,-3.4812977,3.6035845,-0.8633265,-1.4679826,3.846356,-0.9226818,-2.519371,1.6103805,0.5419624,-1.5693389,3.9978437,3.1789591,-0.5764627,-2.8442929,-0.67188716,-1.6426519,2.2558126,-2.1534982,1.0665101,-3.3274612,3.7471259,-0.8615319,1.9519733,2.111938,-2.563503,-0.3580057,-1.4636573,-1.1460388,1.9228092,1.166427,1.7798407,2.8474817,2.1913974,-3.0693896,-1.0827053,-1.1722264,0.70498866,1.2005041,-1.5382099,-1.6426973,0.094452985,3.5251887,-4.30346,0.15095098,1.0101662,-0.34966254,0.59370947,-1.0850022,0.938688,-0.5824365,-1.986694,2.1169093,2.4459786,-1.0509655,1.5650299,1.7030371
HCC44,2.6878052,2.4775784,0.9901868,-1.8829163,0.4205466,0.6344825,0.15973201,0.13004261,-0.7464734,-3.1223643,1.3873566,-0.3819219,1.6323069,0.8305949,0.6730528,2.2423372,1.4166723,-0.85486305,1.0643086,-2.2900927,0.03218095,3.3625886,2.516379,2.3121538,-0.710024,1.5320641,-1.5822827,1.3512313,1.7866753,0.3544509,-0.8164402,-0.33244812,4.2892065,-1.0998029,-1.4290589,0.2671919,0.6138707,-1.5624422,-0.044900507,-1.9092234,2.4571319,-3.3528242,2.2600267,-0.8941357,0.15656804,4.461039,-1.7083806,-2.83742,1.6333623,-0.46845883,-1.1181728,3.4863844,2.5958183,0.43884513,-2.837481,-1.8304721,-0.82631826,-0.18460788,-3.4298944,0.048763976,-1.9584745,3.4233468,0.4488787,0.32107463,1.6823127,-0.6874718,-1.8789573,-1.2320645,-1.0122079,2.2034054,2.1827967,1.0827447,3.284774,-0.40113604,-2.166288,-1.1112145,0.46526945,0.5924208,0.5226443,-1.196719,-1.7221417,0.8231379,3.804786,-4.274006,-0.408351,-1.0253534,0.20371193,-1.7404078,-1.5948035,-0.110404894,0.025403406,-1.4042821,1.2400832,2.1155014,0.33906102,1.6820804,0.52166295
SNU-449,1.4892004,1.357517,0.5685603,-0.90336376,-0.22810553,0.28661862,0.14049047,0.019550819,-0.101904355,-1.3438059,0.38999426,-0.37547654,1.2585971,0.5039842,0.38287017,1.0800254,0.5912723,-0.19802102,0.621076,-0.92690045,0.41736424,1.2731476,1.345399,1.1193194,-0.062317435,0.60833323,-0.2670346,0.81538874,1.1566739,-0.024020117,-0.6928309,-0.5766861,2.1471856,-0.90273273,-0.9317152,-0.008270888,0.7954774,-0.6076405,0.13330357,-1.1692154,0.90414953,-1.4713373,0.6707871,-0.5504409,0.19750412,1.8931848,-0.8614197,-1.4627469,0.613539,-0.54802805,-0.5360222,1.4262168,1.0807521,0.40482056,-1.2430528,-0.9788166,-0.30715436,-0.54447293,-1.8402871,-0.43956125,-0.451989,1.2609161,0.6729684,-0.004428692,0.64423525,0.040260382,-1.2823927,-0.3681653,-0.2695213,0.86606646,1.1589218,0.36117554,1.4874616,-0.8225403,-1.0244237,-0.5731102,0.5394601,0.07843304,0.14423499,-0.2892367,-0.5521475,0.43317705,1.9062947,-1.8348212,-0.2982356,-0.9325294,0.20436218,-1.240256,-0.5924548,-0.22884308,-0.01607807,-0.30814224,0.65414506,0.9864958,0.39372775,0.6020779,0.11568759
JHUEM-3,-2.0410125,-1.0149337,1.1619785,-0.63398886,-0.37950227,-0.12261491,-1.5921224,-1.2144694,0.042283595,-0.26021686,2.2181306,-0.72617865,-0.96201825,-2.3103228,1.5806525,0.52637994,-0.11882705,1.6297054,-0.55437654,0.1613262,-1.319408,-1.6060168,-1.7103302,-1.8486317,0.7534229,1.2005719,-0.8438867,0.7454473,-2.4512403,-2.2445507,2.4539964,0.5142914,-1.2563635,0.30720064,0.824866,0.54592943,-0.6989059,-0.1772026,2.0730684,-0.98309636,1.0850773,1.0967731,1.4842056,0.41372186,-1.8800884,-1.4986655,-0.72249436,0.02496083,0.14690101,2.103116,-0.6373521,-2.6003947,-1.1124992,-2.2403686,0.56480825,0.8248774,0.07033332,1.5471195,-0.7895003,0.31819224,1.8199003,-0.5060416,1.3520223,-0.35509804,-0.0844996,-0.044535667,0.37201607,0.9017646,-1.5185686,-0.5964416,-1.1582807,-1.8737766,-0.837931,1.7762823,-1.3566717,-1.4006671,-0.49196452,-0.79110223,-0.5526529,1.2647613,1.3177745,-0.57820237,-1.2743115,-1.7137191,0.9368704,1.4259646,0.83195543,-0.3150492,1.1349636,0.78905785,1.7366643,-0.7620319,1.2191205,-0.5993861,-0.35591057,0.08675416,1.7391503
NCI-H1339,2.3996856,2.3185196,0.9427863,-1.8814176,0.5831655,0.7160965,0.041971087,0.12521489,-1.0758661,-3.3182344,1.7040842,-0.2567894,1.412185,0.49862838,0.5896432,2.4321642,1.4751686,-1.0759873,0.9664942,-2.3459387,-0.20710725,3.6133912,2.2446551,2.357969,-0.79118526,1.6382576,-2.0475552,1.2124206,1.5528604,0.471429,-0.7316418,-0.19102266,4.366216,-0.9203441,-1.3303713,0.39851844,0.37763646,-1.7523947,-0.08883318,-1.7535323,2.5619223,-3.4817586,2.6436133,-0.792461,0.11609565,4.6047096,-1.7012175,-2.893716,1.6823391,-0.109271824,-1.13863,3.714076,2.7753212,0.33575663,-2.9766397,-1.6505426,-0.7648153,0.113406256,-3.4137368,0.29456815,-2.1896365,3.6556876,0.24114819,0.38094443,1.7613201,-1.176736,-1.7835326,-1.3475714,-1.2526673,2.4090192,2.0272179,1.1493452,3.1751618,0.0007974487,-2.2034557,-1.0249547,0.36320418,0.60796434,0.6956022,-1.5037757,-1.7505739,0.7733515,3.9601173,-4.4064097,-0.21167,-0.6284358,-0.04337004,-1.4337219,-1.5940015,0.0780387,0.062266212,-1.6804332,1.1243098,2.2167225,-0.11575302,1.7956518,0.50941294
FTC-238,6.698132,6.245769,2.398166,-4.6904516,0.98403955,1.7429385,0.14940688,0.17084938,-2.285305,-8.170922,3.7781785,-1.0237535,4.1551385,1.5981004,1.881247,5.9650993,3.9114769,-2.5420518,2.8415358,-5.821056,-0.11176185,8.6180935,6.0789227,5.899442,-1.8187027,3.9724445,-4.2840824,3.1944199,4.283361,1.029272,-2.0595076,-0.8174581,10.995194,-2.6069136,-3.4165492,0.7866531,1.7346889,-4.2059293,0.21637022,-4.8741636,6.4102254,-8.508266,6.1421027,-2.383503,0.4219817,11.50153,-4.3817277,-7.4496384,4.0033855,-0.8257476,-2.7889233,8.892559,6.8642573,1.1348732,-7.2780848,-4.38691,-1.8445283,-0.37624824,-8.851868,0.27181378,-4.8222733,8.804825,1.2116671,0.6338295,4.069717,-2.513302,-5.203802,-3.256159,-2.8829176,5.919929,5.408172,2.4019926,8.198649,-0.89551055,-5.5322814,-2.730929,1.1757877,1.3156928,1.4635855,-3.3593404,-4.2491107,1.8295664,9.687845,-10.950518,-0.5393052,-2.1327858,0.18034051,-4.382607,-4.0373464,-0.05249565,0.113329366,-3.7722275,2.9753726,5.5750217,0.3708047,4.361628,0.98316747
IGR-37,-2.4052951,-1.768135,-0.100180805,0.04293331,0.75895524,0.022265192,-0.97866446,-0.81468475,-0.91571635,-1.6803917,3.6315167,-0.44920522,-1.6890049,-2.1815526,0.288605,1.3092902,-1.0391971,1.5670556,-1.9384446,-0.98005503,-1.7948816,0.3113253,-2.7114546,-1.606904,0.19049005,0.53988457,-2.3486104,0.23962198,-2.3372366,-1.2370406,2.2725272,1.3681221,-0.09027678,1.0765562,1.4871123,1.1859741,-1.3753104,-0.6718934,1.5525851,-0.15209591,1.7415313,0.19078317,2.3148324,0.20964229,-3.0460112,-1.1477642,-0.19208029,-0.26435977,0.13638431,1.5614588,-1.1319827,-1.5140764,-0.28119507,-2.7429955,0.25051942,1.4393966,-1.03377,2.8779078,-0.34501565,0.33081263,0.5332551,0.029184712,0.4565031,0.82930744,0.50999635,-0.5224583,1.2009554,0.31488988,-0.7923971,-0.67039746,-1.0693209,-1.1562046,-0.23904704,3.3975399,-2.718434,-1.1774917,-1.3853931,-0.5794693,-0.045964442,0.764117,1.2662793,-1.2395358,-0.84414184,-2.1111906,0.7290137,1.8555955,0.9614003,1.0891471,1.5391711,1.3289517,0.8988985,-0.61115825,2.4032598,0.1424233,-0.6888305,0.34983152,2.5573716
SK-ES-1,-1.4352725,-1.0883993,0.08285318,-0.13283485,0.21230723,0.13019073,-0.45076546,-0.31431952,-0.34927297,-1.0537294,1.6548928,-0.35695022,-0.7292083,-1.42801,0.35071898,0.66688937,-0.32032782,0.93532574,-1.0522,-0.3270128,-0.78209853,-0.21656638,-1.4196262,-0.90797114,0.23543812,0.2788425,-1.0026164,0.29940534,-1.3990835,-0.9015072,1.5351862,0.6583273,-0.16338721,0.30004832,0.55770165,0.31729656,-1.1258534,-0.48449287,0.67627084,-0.11297779,0.834508,0.24332571,1.5269972,0.07009569,-1.4773555,-0.8739405,-0.17970477,-0.1593949,0.15444122,0.81697166,-0.7410059,-1.2822785,-0.29588392,-1.4139953,0.1514097,0.74267745,-0.47263655,1.4775681,-0.11905966,0.08661013,0.42625296,-0.1185368,0.12435935,0.22861305,0.29147878,-0.24073772,0.64854354,0.28749081,-0.5798142,-0.3627493,-0.5267368,-0.6902259,-0.18725649,1.7111127,-1.4268029,-0.50783414,-0.5742266,-0.38916922,-0.111932404,0.45743093,0.79145265,-0.6575448,-0.5512515,-1.2346368,0.5750034,1.0670652,0.6830787,0.4522036,0.864009,0.8809035,0.4481395,-0.29884976,1.1358104,-0.05532722,-0.38511974,0.28056642,1.6496379
MDA-MB-231,2.1747823,1.8801594,0.8619891,-1.343441,-0.06792481,0.38369212,0.10108061,0.046404857,-0.28198144,-2.1073797,0.6880549,-0.49698913,1.5965273,0.6834325,0.6342941,1.5476335,1.0313314,-0.50377226,0.9298058,-1.520142,0.32911256,2.0941043,2.047114,1.7087622,-0.32666847,0.9943268,-0.7169385,1.0263954,1.4981197,0.1436204,-0.7231475,-0.52922195,3.0820003,-1.0380247,-1.2056386,-0.010647466,0.81908685,-1.0492793,0.17490515,-1.6123207,1.578495,-2.2929504,1.390431,-0.8164024,0.21828951,2.9712012,-1.327715,-2.1218212,1.0376972,-0.58688504,-0.8496959,2.215637,1.7720386,0.47556603,-1.9245657,-1.3756012,-0.4570421,-0.44389436,-2.6567101,-0.309587,-0.90083885,2.1442654,0.71631116,0.07962744,1.0175383,-0.2361706,-1.6655486,-0.7703328,-0.64543396,1.5358325,1.6769884,0.46946675,2.3362672,-0.87132406,-1.4892997,-0.8193257,0.4865024,0.23484497,0.25181457,-0.5658142,-1.0664529,0.54378724,2.669367,-2.9260182,-0.2800468,-1.0173885,0.29702812,-1.6784916,-1.1045194,-0.16729939,-0.068771124,-0.7426316,0.9582892,1.4791863,0.45966214,1.092321,0.2492975
M059K,6.4301734,5.67725,2.332504,-3.6384983,-0.73087645,1.4812537,0.23710465,0.2875146,-1.0189843,-6.296285,1.9422382,-1.5939825,5.2610283,1.3196768,2.2081864,4.8710537,3.3224514,-1.7184458,2.7287304,-4.114072,0.9116009,6.1011176,5.4503493,4.901837,-0.72602594,2.8088686,-2.10867,2.9111776,4.4213643,0.17427024,-2.4743502,-2.0908828,9.164903,-3.5581841,-3.6165698,0.029837633,2.5315979,-3.0765321,0.66039383,-5.186752,4.6220713,-6.396839,4.2180867,-2.7279975,1.069945,8.879523,-4.063507,-6.7076206,2.721298,-1.8455158,-2.160309,6.3916254,5.4444337,1.5715771,-5.300288,-3.7342296,-1.3309516,-1.967486,-8.141408,-1.1057987,-2.260217,6.4030533,2.2339368,-0.5382565,2.6475227,-0.73555857,-5.8079624,-2.269942,-2.0356429,4.7525573,5.0988836,0.8503621,6.5901012,-2.7922986,-4.357301,-2.1972952,1.8647667,0.35838118,0.79354465,-2.0902393,-2.994436,1.7203311,8.212199,-8.470076,-0.75642896,-3.1576684,0.7786737,-5.045056,-2.908366,-0.59577954,0.28329068,-2.0550795,2.4689796,4.774608,1.0597882,3.205923,0.296062
NCI-H196,1.4258058,1.2365917,0.67000395,-1.0398065,-0.28471696,0.23916239,0.25416008,0.23317587,0.055168387,-1.3958228,0.21107632,-0.3999698,1.3869681,0.33750713,0.44809854,1.1299932,0.6527854,-0.20532914,0.6366874,-0.86646193,0.30393407,1.2831869,1.3415095,0.99920046,-0.052606024,0.5489619,-0.4657889,0.7844454,1.1887732,-0.14673047,-0.7509925,-0.77818894,2.1319852,-1.0155507,-1.069745,-0.08631296,0.6015349,-0.6938395,-0.03537321,-1.4416884,0.8621726,-1.2468449,0.8090122,-0.45119315,0.35048738,1.8257682,-1.0379175,-1.4249694,0.6779651,-0.510901,-0.6503183,1.488682,1.2509148,0.41029495,-1.2177271,-1.0671562,-0.23166811,-0.6319538,-1.8972337,-0.42110825,-0.3010322,1.3448244,0.5971201,-0.1962679,0.6872269,0.23334768,-1.2085155,-0.38955787,-0.4527834,0.975711,1.2296784,0.115567155,1.3473884,-0.9468256,-0.9647077,-0.4739213,0.63602525,0.085501924,0.16558817,-0.2429242,-0.68686146,0.43719757,1.9820915,-1.8487846,-0.23842973,-0.83338237,0.24587013,-1.2191076,-0.6427861,-0.12855217,0.11819572,-0.27991694,0.6126182,0.9717587,0.29408005,0.6955465,0.12375972
NCI-H510A,0.23379171,0.34606287,0.08297298,-0.1549765,-0.27909768,-0.19301441,0.07775053,0.015583918,0.060587138,-0.3530097,0.26440853,-0.16435355,0.5003735,-0.0183864,-0.17521477,0.3054022,0.14212132,0.14481905,0.11651988,-0.13671549,0.11061423,0.35871914,0.18651424,0.2753568,0.36212862,0.016368205,0.028449558,0.25890514,0.3800831,-0.14140776,-0.56431425,-0.509125,0.6213312,-0.5475935,-0.23758058,0.17667304,0.49181286,0.079787135,0.0044914186,-0.36665693,0.25274754,-0.17127231,-0.07539276,-0.2063968,0.0063827336,0.2523492,-0.22643857,-0.5579454,0.14224412,-0.14234373,-0.04933901,0.3469751,0.25042212,0.19868352,-0.4231591,-0.43383536,-0.20103113,-0.1969289,-0.41546518,-0.5350117,0.118153654,0.3409822,0.47852382,0.07883759,0.08278182,0.33501264,-0.60177916,0.15101591,0.03940364,0.036069334,0.35932338,-0.075641796,0.28097945,-0.59668493,-0.2079398,-0.36043704,0.16997601,-0.11038737,0.013551408,0.29823807,-0.17865811,0.31287006,0.9060572,-0.43606865,-0.17938535,-0.40261745,0.12318912,-0.5653275,-0.10979815,0.047210336,-0.12976108,0.3492362,0.37838182,0.33526894,0.22711998,0.1577244,0.10955381
SNU-C2A,2.281046,1.9612756,0.974993,-1.7017286,0.16387464,0.8169206,0.039853357,0.3291281,-1.1610284,-3.2983072,1.4497318,-0.68610704,1.86201,-0.13531277,0.731062,2.4666991,1.6201925,-1.2068989,0.7763181,-1.9994994,0.06117717,3.4995694,1.9099354,2.2323904,-0.5515257,1.2791429,-2.2101212,1.2287463,1.4330161,0.43406555,-0.6629239,-0.52274615,4.364752,-1.3171675,-1.4230497,0.22791529,-0.010221701,-1.8651339,-0.23497266,-1.9482348,2.567444,-3.2366793,3.0285797,-1.0218426,0.34213248,4.4548407,-1.8798171,-3.006403,1.4252607,-0.33459994,-1.0946282,3.4725165,2.8765686,0.36133093,-2.7556882,-1.548844,-0.75132287,-0.016977187,-3.379925,0.079506494,-1.9539002,3.5736048,0.20032774,-0.1838643,1.8406686,-0.96825475,-2.057047,-1.1628627,-1.3289958,2.680806,2.1883986,0.8823266,2.9676645,-0.2029368,-2.131848,-0.78508806,0.69948804,0.45812353,0.6103244,-1.405642,-1.6818107,0.9274528,4.007531,-4.2654395,-0.29374698,-0.7695172,0.19416541,-1.505224,-1.5600686,0.27469465,0.073383436,-1.4495252,1.0611666,2.4822006,-0.28168085,1.7811708,0.7696381
SK-MEL-5,2.4503455,2.3868408,1.0150912,-2.0687158,0.70469713,0.77585256,0.049212493,0.14825307,-1.1580777,-3.4509385,1.753916,-0.23496808,1.3651679,0.4831414,0.599454,2.586626,1.6086446,-1.1793133,1.0168661,-2.5031323,-0.2655468,3.7363384,2.261641,2.3670778,-0.8963879,1.7345395,-2.3253493,1.2378181,1.5106374,0.5194252,-0.6979928,-0.11342371,4.5172114,-0.89517343,-1.3648278,0.39482114,0.3081479,-1.8778619,-0.10444077,-1.794152,2.6804013,-3.5841331,2.8852553,-0.7642456,0.13063158,4.777674,-1.7969662,-2.96562,1.8144263,-0.0080688335,-1.2668217,3.9904265,2.925242,0.2548478,-3.1911259,-1.7426221,-0.69548976,0.27805448,-3.4783142,0.4113862,-2.3202765,3.8167267,0.14381452,0.42274496,1.8468217,-1.3536114,-1.751009,-1.4246265,-1.4176117,2.5022457,2.1297884,1.272602,3.279833,0.052156404,-2.2676501,-1.0707363,0.41181332,0.71739596,0.8053858,-1.6466663,-1.8960105,0.76275307,4.063563,-4.6243496,-0.08290322,-0.51163715,-0.15480779,-1.4382503,-1.6853552,0.062227726,0.07183264,-1.8367369,1.1379025,2.3513,-0.25536987,1.9569293,0.59928626
SW480,1.2856219,1.153974,0.52354324,-1.1279688,0.27873778,0.19583973,-0.01708196,0.098733895,-0.507538,-1.6626472,0.7591372,-0.21870182,0.70280427,0.23336427,0.46075127,1.2673218,0.8035249,-0.5458177,0.60489935,-1.2287741,-0.3077645,1.7389481,1.1779332,1.118735,-0.47246468,0.73795444,-1.2417325,0.51626813,0.72639436,0.32424796,-0.35699266,-0.106940694,2.1967452,-0.5574979,-0.6091938,0.13704197,0.15375757,-0.93217224,0.014240522,-1.0502026,1.201636,-1.7235376,1.5317693,-0.51691484,0.02084874,2.1752706,-1.0341064,-1.5955343,0.9268526,0.03240006,-0.787667,1.7941433,1.6081867,0.07837024,-1.4996179,-0.7750999,-0.27022198,0.20965087,-1.8131349,0.22388166,-0.88255197,1.861085,0.09262374,0.18654671,0.7687288,-0.7543557,-0.89574635,-0.7930061,-0.9740451,1.3447466,1.1205803,0.35904002,1.6932415,-0.101162605,-1.03865,-0.615255,0.018001333,0.28555855,0.44199228,-0.70468146,-1.0545055,0.2973614,1.8745688,-2.4365814,0.17994504,-0.17505585,-0.029507086,-0.888486,-0.8174887,0.037364043,0.113009006,-0.798907,0.5935073,1.2208942,-0.08999972,1.0111781,0.31176132
EB2,2.4049454,2.1673822,1.06621,-1.8784289,0.14282854,0.687141,0.12078821,0.22356512,-0.48094743,-2.581152,0.8367507,-0.34049273,1.6943823,0.6054844,0.8631059,1.9749303,1.3127097,-0.7894706,1.0500592,-1.8105966,0.27570567,2.551215,2.1380115,1.8654034,-0.6037879,1.289498,-1.339909,1.2012312,1.6537415,0.045424305,-0.81279397,-0.5842897,3.5785,-1.1710081,-1.5619222,0.07414044,0.48914662,-1.311386,-0.06967332,-1.8396764,2.0269604,-2.594448,1.8824575,-0.6267484,0.5265251,3.705769,-1.6881688,-2.414082,1.4579281,-0.42948076,-0.919748,3.0081573,2.185211,0.49022686,-2.5736666,-1.658037,-0.44064462,-0.3529992,-3.091929,-0.187087,-1.4113508,2.7984755,0.41713694,-0.116366535,1.2581539,-0.4196059,-1.7255504,-0.9407576,-1.0029202,1.905522,1.9904194,0.83268595,2.415034,-0.69059813,-1.6814175,-0.82847685,0.8291383,0.5080211,0.39130583,-1.1495459,-1.4793125,0.7478764,3.2831013,-3.5621169,-0.2412197,-0.91555315,0.16554794,-1.7413313,-1.2601719,-0.13724233,0.13848537,-1.0994247,0.9081145,1.8123053,0.16090497,1.5467523,0.28115225
LXF 289,-2.0470612,-1.058042,0.6030504,-0.4827401,-0.008964421,-0.043432206,-1.5275569,-1.0490057,-0.14364968,-0.63114846,2.3099663,-0.7898776,-0.9584376,-2.161107,1.2714579,0.7360404,-0.42364588,1.4151422,-0.7729865,-0.118000686,-1.2738351,-1.0547622,-1.8074933,-1.50858,0.43931565,1.0777267,-1.1875318,0.74308264,-2.061435,-1.9288437,2.2800407,0.75846547,-0.8301693,0.42367995,0.9055513,0.6962443,-0.9072856,-0.24703264,1.9189072,-0.5521754,1.2144102,0.6108033,1.5297958,0.26869273,-2.1331778,-1.29582,-0.52750075,-0.06282939,-0.035928085,1.6897407,-0.71813405,-2.1837199,-0.83287394,-2.2367628,0.31008798,1.0477958,-0.19280753,1.6427844,-0.7459377,0.19899473,1.2736194,-0.41103274,1.058366,-0.23853722,0.09884526,-0.20723438,0.47318083,0.68059677,-1.1213682,-0.48300847,-1.1140695,-1.7831953,-0.7712866,2.1207325,-1.6696632,-1.2796025,-0.82320356,-0.770508,-0.3719425,1.0541598,1.4154255,-0.71194893,-1.0936631,-1.8624505,0.6886601,1.2717464,0.819844,0.016662568,1.1681926,0.8356671,1.3372524,-0.6504507,1.4108994,-0.3433863,-0.25792146,0.15461823,1.8954921
OE19,0.28607598,0.4531203,-0.14459333,-0.09315612,0.31647068,0.0066449083,0.07691926,-0.08815178,-0.43900043,-0.7233235,0.8445272,0.13810086,0.024686843,0.17292193,-0.1663243,0.51424325,-0.009552376,-0.1822866,-0.02879064,-0.5610128,-0.13527137,1.0288167,0.19290052,0.5074516,-0.022246663,0.32838506,-0.42275503,0.23539455,0.32757238,0.14804235,-0.19903663,0.10650394,0.957922,0.009440973,0.012077164,0.3608782,0.10372597,-0.24288866,0.06941533,-0.13739875,0.66944045,-0.8952907,0.37531906,-0.21683131,-0.42862183,0.8944525,-0.08124483,-0.6061508,0.24242775,0.08003062,-0.28509846,0.7370261,0.44538036,0.0057204105,-0.48978326,-0.19968513,-0.47076672,0.21462461,-0.5581593,0.07457904,-0.6066437,0.8326063,0.10085613,0.4278581,0.49933192,-0.36768374,-0.31312108,-0.21247838,0.00023801252,0.33326313,0.16703123,0.3537252,0.6491655,0.35602704,-0.6834883,-0.42229253,-0.24857554,0.04989967,0.23924598,-0.2226285,-0.24068,0.12460308,0.9097212,-0.86173314,-0.23329356,-0.14966168,0.052120134,-0.10444322,-0.16104098,0.0277171,-0.043360833,-0.26682675,0.3628468,0.39618093,-0.012364902,0.24630538,0.16154
HMEL,-1.3163065,-0.58597964,0.8887361,-0.42137623,-0.22470795,-0.18265995,-1.1775633,-0.88291675,-0.02206641,0.058410913,1.6398964,-0.5004493,-0.7398464,-1.321231,0.99638563,0.34894463,-0.14217195,1.0308263,-0.27258897,0.07064594,-0.94655824,-0.99130774,-1.1316917,-1.2046279,0.49378565,0.8968119,-0.67846423,0.49270034,-1.6170512,-1.4284732,1.4747318,0.33044752,-0.78680146,0.22619075,0.61649764,0.49307534,-0.14992952,0.03726308,1.5522165,-0.72579277,0.7549239,0.6782779,0.7901267,0.30281502,-1.3357393,-0.96234196,-0.45051926,0.1117762,0.04167057,1.4723113,-0.3586691,-1.5212493,-0.7512628,-1.5603108,0.3282229,0.50726235,0.074720666,1.0313562,-0.56168824,0.22280568,1.3213753,-0.34570676,1.1221285,-0.16113009,-0.052005474,-0.00045034336,0.20387048,0.6370783,-0.9826076,-0.40299475,-0.7971225,-1.204438,-0.52137125,1.0942297,-0.83508575,-1.1283357,-0.42306507,-0.4946923,-0.37584236,0.9303705,0.795451,-0.28554928,-0.7642091,-1.076549,0.51126,0.7838683,0.5571654,-0.28348395,0.71014374,0.3247729,1.2547877,-0.54684925,0.8405933,-0.29203042,-0.22506261,-0.014595758,1.0232432
CHP-126,3.1550405,2.815677,1.2851474,-2.404745,0.50842667,0.58811826,0.11709756,0.19886038,-0.8864537,-3.8575025,1.7936116,-0.60998493,1.9358933,0.9695074,0.7771217,2.6918883,1.7753776,-1.1134614,1.3687277,-2.864939,-0.16355589,4.000577,3.2722852,2.859147,-0.8817425,1.7668141,-2.1820862,1.5129901,2.0094748,0.6097749,-0.8553611,-0.3142191,5.192503,-1.1137747,-1.6505527,0.26084253,0.7469443,-2.108196,0.0875767,-2.4669993,3.0263422,-4.0101147,2.9562216,-1.0603094,-0.0011739209,5.288339,-2.1279578,-3.511662,2.0697424,-0.33461297,-1.600711,4.2514696,3.3786366,0.5008131,-3.4498973,-2.2452946,-0.9827366,0.04926384,-4.0561805,0.14863792,-2.2283268,4.1879144,0.5492251,0.6319945,2.0889502,-0.98064494,-2.128623,-1.6848447,-1.3344047,2.8400464,2.6982784,1.075223,4.2238455,-0.5614836,-2.6249793,-1.4126886,0.3575241,0.7259045,0.6204604,-1.1781759,-2.2461722,0.8206277,4.4427047,-5.282471,-0.14187966,-1.1222955,0.1416731,-2.0619705,-2.110861,0.02355242,-0.0491481,-1.8165463,1.5112319,2.5453155,0.45883194,2.01182,0.686219
LS513,-1.4537612,-1.1521049,-0.19282244,-0.06145136,0.4860344,0.13466546,-0.28873852,-0.19834958,-0.6122499,-1.4128401,1.918543,-0.28675443,-0.8168303,-1.3722378,0.01290736,0.8352941,-0.42246583,0.84974706,-1.2442538,-0.61418974,-0.8359244,0.27733025,-1.5074412,-0.7519368,0.17424862,0.19277811,-1.3297493,0.2223923,-1.2839733,-0.6426067,1.4063962,0.7720929,0.19456737,0.4068092,0.6099832,0.4366919,-1.2586066,-0.55204374,0.469457,0.06213869,1.0176048,-0.054769903,1.649615,0.034796372,-1.6320425,-0.7027188,-0.065941446,-0.21349418,0.16938978,0.70988286,-0.86042804,-0.90341073,-0.05094106,-1.3810782,-0.03379484,0.7345106,-0.701245,1.6975203,-0.034641802,0.12936462,0.050748046,0.11366058,-0.062187314,0.5097821,0.45448112,-0.3856751,0.7479008,0.15007508,-0.39370802,-0.3611441,-0.4982702,-0.455123,-0.047280863,1.9835382,-1.6073647,-0.4401639,-0.78981984,-0.2755741,0.019723535,0.3004458,0.67629194,-0.7054314,-0.3067758,-1.3501216,0.46155825,1.1526012,0.6294592,0.7612158,0.84462315,0.994203,0.195899,-0.2975148,1.2690202,0.109227404,-0.46788433,0.33243477,1.8345468
ES-2,4.61647,4.227986,1.8346882,-2.9547534,0.14088672,1.2039512,0.04371023,0.059948567,-1.2349968,-5.276672,2.0206811,-0.9531006,3.3698392,0.87057954,1.5492824,3.9145317,2.8171258,-1.6371104,1.9905564,-3.5403528,0.43899852,5.3649564,4.1330056,3.919276,-0.88990694,2.5296197,-2.4574902,2.2741919,2.9756362,0.45492014,-1.5330997,-0.9608226,7.17546,-2.0826428,-2.589931,0.26235175,1.3066009,-2.789971,0.23698032,-3.4192767,4.1610937,-5.4324775,3.9714246,-1.6482368,0.62583846,7.53991,-3.1410794,-5.0734625,2.4191315,-0.8384876,-1.6705443,5.6522017,4.350986,0.922296,-4.7756257,-2.9352126,-1.0281888,-0.6411572,-6.066988,-0.3149825,-2.7624578,5.588529,1.1163578,-0.017818086,2.50802,-1.2720562,-3.8810387,-1.9501865,-1.812722,4.076536,3.7571843,1.354563,5.222832,-1.1582628,-3.560532,-1.5953544,1.2535375,0.6663946,0.7989833,-2.0488687,-2.7487094,1.3544176,6.4583025,-7.121491,-0.51659244,-1.7783133,0.34210473,-3.346527,-2.6078236,-0.03958047,0.05143721,-2.2038307,1.9379339,3.6699708,0.3614228,2.8310182,0.44163397
Caov-4,0.6450771,1.1826348,-0.58201385,-0.4254822,1.5086478,0.026675634,0.15951446,-0.3477601,-1.6248491,-2.7417734,2.967368,0.48261335,-0.42717227,0.4497755,-0.66820323,1.6365509,-0.013516927,-0.47774935,-0.27295318,-2.077363,-0.83140266,3.591821,0.4544063,1.5522045,-0.4670862,1.0932534,-2.018904,0.43167442,0.8040039,0.72039264,-0.5090768,0.84839255,2.9878364,0.6623277,0.17576008,1.2626687,0.017536763,-0.9450732,0.18160039,-0.11434735,2.451124,-2.776934,1.4432564,-0.50396293,-1.5072335,2.8711097,-0.17124039,-1.5928345,0.8395248,0.36942726,-0.9985114,2.7536528,1.6987692,-0.14291103,-1.8106877,-0.55187863,-1.5591483,1.1596793,-1.7169608,0.6514522,-2.4729452,2.8781457,-0.07456242,1.577602,1.528072,-1.5507528,-0.47836214,-0.81562567,-0.048359305,1.0143538,0.39927405,1.2075995,2.065081,1.7217875,-2.3205025,-1.1590776,-0.9912443,0.40924272,0.8932346,-0.82044077,-0.87901056,0.10542689,2.598417,-2.7670832,-0.6629296,0.14841853,-0.032559603,0.2689524,-0.69053596,0.3888139,-0.27269545,-1.2238458,1.2321494,1.1580614,-0.33968696,0.88441056,0.73961675
NCI-H1734,-1.3707364,-1.0745664,0.065860994,0.045590993,0.2508656,-0.028739952,-0.51098424,-0.4727587,-0.38906842,-0.70967984,1.9364735,-0.30823785,-0.9530945,-1.25292,0.23024681,0.6281755,-0.5086674,0.9394689,-1.1704092,-0.4201557,-0.96817124,-0.015619114,-1.4451684,-1.0164385,0.2533665,0.28214377,-1.1404015,0.2098092,-1.4333556,-0.7961399,1.3131131,0.65669763,-0.19798405,0.59366864,0.80189353,0.5745846,-0.7878409,-0.32938105,0.87625235,-0.2527952,0.9084439,0.2809416,1.3274143,0.12764989,-1.6091236,-0.73714286,-0.23264882,-0.11953961,0.13271233,0.9556741,-0.64097524,-1.0291331,-0.2754025,-1.5920827,0.2564258,0.77094865,-0.57644206,1.5983491,-0.16778372,0.08991455,0.57513714,-0.07605909,0.36336264,0.40323716,0.2998642,-0.11694038,0.66682607,0.29357526,-0.5027561,-0.41000417,-0.5770669,-0.6993241,-0.082101904,1.7788463,-1.4343115,-0.7236152,-0.6877222,-0.3514063,-0.10264629,0.48911077,0.6743289,-0.6660903,-0.51499796,-1.0097677,0.45926443,0.9666039,0.6249017,0.5381801,0.937609,0.706123,0.57396024,-0.39425144,1.3125309,0.079594,-0.3917508,0.20344628,1.3947158
GCIY,-0.73350275,-0.6421488,-0.9877458,0.0755999,1.3212134,-0.008566046,0.16847928,0.028985176,-1.4384341,-2.2592618,2.2681625,0.033333644,-0.9955812,-0.6574308,-0.87330437,1.3163254,-0.5267641,0.20457752,-1.1321118,-1.5188398,-0.9151262,2.272277,-1.0934095,0.25908735,-0.27365148,0.069236405,-2.2300627,-0.22611935,-0.3842733,0.4176591,0.52844614,0.98205894,1.5033079,0.56487894,0.77552474,0.8131074,-1.1615689,-0.5125436,-0.36639738,0.5764352,1.496301,-1.4886988,1.7248542,-0.29381716,-1.5936226,0.7717355,0.118186,-0.73729545,0.47338906,0.35564315,-0.9854875,1.2179258,1.1192875,-0.70277256,-0.84462935,0.37338257,-1.2359153,1.8275143,-0.23730323,0.5889839,-1.5374317,1.3117132,-0.76911634,1.3937914,0.9160368,-1.190408,0.6274418,-0.57162356,-0.07577202,0.11878497,-0.1262121,0.6595124,0.6756874,2.2110066,-1.8017554,-0.48728645,-1.3486383,0.3075262,0.5436147,-0.41713777,-0.053928304,-0.4590545,1.0204153,-1.7040893,-0.015948715,0.9755263,0.045735497,1.204182,0.21489109,0.9319778,-0.62395215,-0.5086496,1.3143736,0.84597445,-0.75176466,0.52321815,1.6100603
NCI-H1930,-2.0275888,-0.99930316,1.1616385,-0.6288605,-0.37735978,-0.13843696,-1.5916369,-1.2098899,0.03686756,-0.23995706,2.2247095,-0.7278708,-0.9612279,-2.2824159,1.5664802,0.51922303,-0.11969677,1.6115503,-0.53673166,0.15474062,-1.3234987,-1.5869704,-1.7037495,-1.8358585,0.7528229,1.2049593,-0.8529313,0.7428964,-2.4334962,-2.232225,2.4377449,0.51061994,-1.243265,0.29855722,0.82963806,0.5588523,-0.6684366,-0.16292924,2.0766394,-0.98776925,1.0893954,1.0874535,1.4655868,0.41562426,-1.8714457,-1.4928234,-0.72246027,0.024817053,0.14839295,2.1005554,-0.6241475,-2.5715528,-1.1045907,-2.2347026,0.5538365,0.8193124,0.06307985,1.5374496,-0.78659415,0.3141756,1.821676,-0.5065637,1.371254,-0.34056464,-0.080427736,-0.046753008,0.35720217,0.90148866,-1.5102422,-0.5928923,-1.1483483,-1.8601462,-0.8437221,1.7630026,-1.3386421,-1.4124192,-0.5025373,-0.7895532,-0.5536684,1.2632004,1.3053393,-0.55977136,-1.2483453,-1.703559,0.9315695,1.4020644,0.8187541,-0.3216322,1.1277806,0.77692586,1.730227,-0.7653074,1.2123944,-0.58403426,-0.3487297,0.07251845,1.7214742
SUP-HD1,-2.055534,-1.0518625,1.1797059,-0.6392402,-0.41914928,-0.15768823,-1.5772706,-1.1311806,0.05473863,-0.24355859,2.3113463,-0.750129,-0.9724872,-2.2644908,1.5403763,0.5061078,-0.10638281,1.6304706,-0.6197415,0.15199488,-1.3203692,-1.5579551,-1.733409,-1.8725717,0.81943303,1.158249,-0.91158056,0.76506215,-2.4863474,-2.2268863,2.494095,0.4590247,-1.2174886,0.26561037,0.8320469,0.55495125,-0.7126388,-0.1746681,2.0572295,-1.0742006,1.1725962,1.119374,1.5951716,0.37308753,-1.8908135,-1.5426484,-0.7300842,0.0022344813,0.1621499,2.1190984,-0.6233794,-2.6255891,-1.0952632,-2.2977283,0.5650245,0.7959714,-0.0074725114,1.5721203,-0.76153594,0.28223342,1.8739257,-0.49796626,1.3855798,-0.31410214,-0.004691083,0.0032432373,0.3669656,0.98032516,-1.5425727,-0.58959043,-1.1535141,-1.8666736,-0.8401349,1.7461703,-1.360378,-1.3991222,-0.57559997,-0.84190345,-0.57437456,1.3330363,1.3037446,-0.55101633,-1.2714714,-1.7023858,0.94643545,1.4339492,0.8952845,-0.31880552,1.1588256,0.8573576,1.7274644,-0.7713202,1.2750349,-0.6040826,-0.34673837,0.055138588,1.7921131
NCI-H2073,2.7993526,2.5520911,1.0223029,-1.5908802,-0.16878155,0.6547726,0.117694795,0.12445184,-0.5633019,-2.906285,0.89836663,-0.52537626,2.3495224,0.6148186,0.83911556,2.2632995,1.592549,-0.77610165,1.1383333,-1.8695242,0.44824606,2.8855312,2.3638544,2.133496,-0.27453128,1.3130449,-1.0529224,1.4514661,2.0428793,-0.039784554,-1.0791144,-1.0148096,4.155804,-1.4234164,-1.6253781,0.12655258,1.042372,-1.4692305,0.23119865,-2.1620305,2.3238087,-2.9809477,1.9383849,-1.0312606,0.46680665,4.184131,-1.7905977,-3.0229635,1.3386381,-0.76886094,-0.91380346,3.0715466,2.2664595,0.6656529,-2.728835,-1.81585,-0.5883732,-0.74833757,-3.5485184,-0.5509826,-1.2739483,2.9908566,0.8902903,-0.19342956,1.3411726,-0.30218947,-2.5244255,-1.0015802,-0.74823356,2.2377226,2.3474903,0.66321343,2.9121559,-1.1608173,-2.0241575,-0.91488576,1.0811925,0.23098646,0.4051466,-0.9661718,-1.4906342,0.9139354,3.893203,-3.9772754,-0.4928184,-1.4687233,0.37425935,-2.2274578,-1.3293123,-0.19987641,0.1380075,-0.8549446,1.1528157,2.0856826,0.37619317,1.6245172,0.045352053
NCI-H2085,-1.9734355,-0.94673234,1.1600583,-0.6375649,-0.396005,-0.14064203,-1.563968,-1.1732582,0.062478535,-0.19964205,2.1314013,-0.70793545,-0.91807246,-2.2192152,1.5395362,0.4804227,-0.1022661,1.5777142,-0.49181223,0.17387636,-1.274934,-1.5802104,-1.6299007,-1.7798672,0.7481251,1.1890173,-0.8000141,0.7425661,-2.3669634,-2.1895466,2.361631,0.4595625,-1.2305387,0.27227515,0.7886357,0.5417278,-0.62998575,-0.15380889,2.017193,-0.9873446,1.0298215,1.0827228,1.400592,0.4145471,-1.7940688,-1.4500916,-0.7049327,0.032634243,0.14148122,2.0740073,-0.5927927,-2.5092764,-1.0889766,-2.1481447,0.5465031,0.7653575,0.08277924,1.4573861,-0.7671063,0.31607798,1.7955399,-0.4860683,1.3526149,-0.3481154,-0.084160164,-0.028188873,0.3320681,0.89553505,-1.4781221,-0.5700168,-1.1286294,-1.817356,-0.81860834,1.6653633,-1.2609658,-1.3788583,-0.4774319,-0.7661172,-0.53822863,1.2489153,1.2733917,-0.51594335,-1.2128415,-1.6423554,0.8919423,1.3553098,0.796683,-0.34114197,1.0633746,0.74870646,1.7073797,-0.7475815,1.147209,-0.5990316,-0.33816707,0.06705657,1.6528786
NCI-H226,-2.731472,-2.1969082,-0.6284566,0.2653322,0.946514,-0.1873996,-0.91615736,-0.838165,-1.4160593,-2.6653666,4.914589,-0.65488166,-2.027383,-2.491042,0.0202475,1.56432,-1.1939816,1.8986849,-2.9315922,-1.7103684,-2.1387084,1.2449592,-3.239795,-1.8588285,0.5858784,0.23595212,-3.173261,0.21096002,-2.7171018,-0.9264243,2.1413577,1.8566188,0.436982,1.3537713,1.7894865,1.7623937,-1.7505041,-0.6462704,1.4844073,-0.2586276,2.804667,-0.28849897,3.191619,-0.23952903,-3.7363973,-1.2162482,-0.32946566,-0.7189938,0.102342576,1.7237962,-1.6870873,-1.5682613,0.38860273,-3.3407352,0.07777937,1.6786705,-1.8088049,3.7557316,-0.7081911,0.30226013,0.4248143,0.4291243,0.5253448,1.318242,0.9969177,-0.9960907,1.3659002,0.22026472,-0.6305766,-0.7799009,-1.298463,-1.2120851,0.19446282,4.298692,-3.549645,-1.5204929,-2.3079834,-0.7724245,-0.06679645,0.75829935,1.2526895,-1.8743055,-0.5102322,-2.3529534,0.65782136,2.2622824,1.1778071,1.59854,2.170994,1.9065238,0.5223188,-0.6418766,3.3283637,0.831353,-1.0952692,0.29245347,3.2172294
Raji,-2.6076243,-1.55892,1.1842268,-0.66941774,-0.42141375,-0.16299805,-1.7665621,-1.1812615,-0.11966829,-0.51866865,3.2744932,-0.9392385,-1.3010367,-2.6579697,1.5530893,0.7301552,-0.2795519,1.9994005,-1.2611804,-0.1172844,-1.6946666,-1.4764365,-2.3322322,-2.297657,1.0547634,1.1332315,-1.6079184,0.9210025,-3.1458762,-2.421963,3.1363544,0.66053265,-1.1598678,0.42870986,1.1330305,0.75797737,-1.0972799,-0.33861947,2.4119077,-1.3737075,1.7990384,1.2698231,2.4254184,0.28811893,-2.5820875,-1.9324578,-0.82897985,-0.15792856,0.25335687,2.4655066,-0.917402,-3.1070213,-1.0543433,-3.0570745,0.60439825,1.1059268,-0.417415,2.251884,-0.8247499,0.23306876,2.1178794,-0.51462954,1.5878345,-0.1041038,0.27733847,0.057079956,0.62044895,1.1795402,-1.7305269,-0.70785743,-1.3026078,-2.1621408,-0.84084094,2.3928702,-2.030256,-1.6618351,-1.0246701,-1.165062,-0.7141032,1.6456752,1.5888766,-0.76764894,-1.4093455,-2.0575652,1.1766539,1.7811556,1.2164782,-0.07799479,1.7104914,1.3105257,1.9182817,-0.99966323,1.973214,-0.48584878,-0.47812912,0.05964326,2.5105367
NCI-H854,-2.1382103,-1.1188319,1.1839778,-0.65350384,-0.4080034,-0.14939618,-1.6100812,-1.1556746,0.024635706,-0.30014563,2.3981128,-0.78198475,-1.0057247,-2.3515022,1.5638554,0.547637,-0.12411637,1.6863555,-0.68795866,0.1263664,-1.3675919,-1.5770966,-1.8157867,-1.9279087,0.82679224,1.1683933,-0.95988697,0.77704346,-2.573028,-2.2873385,2.6022356,0.50260115,-1.2297938,0.2912562,0.86412376,0.5590531,-0.78045243,-0.20380513,2.113917,-1.0801873,1.2202759,1.1450284,1.6893804,0.37309438,-1.9874932,-1.5988773,-0.7417046,-0.012536943,0.17154057,2.143173,-0.67545307,-2.7105634,-1.1199921,-2.391401,0.57950354,0.8497731,-0.03675207,1.6624918,-0.7762668,0.2789448,1.9061421,-0.5080672,1.4051063,-0.30693498,0.0051691793,0.00088025583,0.40112287,0.99219626,-1.5805082,-0.61330974,-1.1803479,-1.9150208,-0.8639683,1.8548547,-1.4724143,-1.414312,-0.6026145,-0.85976905,-0.5800572,1.3547765,1.3569496,-0.5985992,-1.3275552,-1.7690932,0.9868813,1.4995621,0.93614334,-0.28766555,1.2297449,0.9090705,1.7505019,-0.81001496,1.3575922,-0.6017799,-0.36058584,0.06103407,1.9002221
A3/Kawakami,-1.0015388,-0.1545732,0.7857501,-0.5362125,-0.32659474,-0.34301937,-0.8926089,-0.5807152,0.1687733,0.15083213,0.9632691,-0.42937183,-0.2472492,-1.0244455,0.7480278,0.08191076,0.016205592,0.78402895,0.19817702,0.25897294,-0.57082546,-0.93946034,-0.55394006,-0.73321044,0.59726256,0.6475876,-0.33609188,0.5117427,-0.9898057,-1.2430323,1.0484508,-0.049571373,-0.63588417,-0.07945334,0.23492245,0.37129176,0.0111059435,0.057899952,1.0280612,-0.65690386,0.326555,0.71496767,0.38414013,0.28119484,-0.71808213,-0.7688129,-0.42718244,-0.086767554,0.08504092,1.2110859,-0.3048316,-1.0892751,-0.48894063,-0.84685177,0.16201344,-0.03596982,0.072752535,0.47782832,-0.46263364,0.10992267,1.0245645,-0.16468166,0.97748315,-0.1026316,-0.06580415,0.054611992,0.048758008,0.6377744,-0.7868759,-0.27949375,-0.52809614,-0.90060186,-0.4804569,0.291856,-0.3289351,-0.9638003,-0.14406808,-0.37121713,-0.21077923,0.89579445,0.5675677,0.18199718,-0.25301176,-0.75422746,0.36456326,0.52239335,0.28756532,-0.51060665,0.20432173,0.27618292,0.8488562,-0.35198689,0.42063954,-0.46648,-0.022833183,-0.18108371,0.777512
PK-59,4.590768,4.0781198,1.6765757,-2.7887766,-0.2513908,0.94070095,0.20535815,0.09307466,-0.67307997,-4.403264,1.3515184,-1.0275339,3.4435203,1.2560331,1.5071441,3.3635378,2.31822,-1.1459574,2.048411,-3.1274652,0.59226656,4.2521353,4.0573545,3.4436252,-0.69060475,2.018299,-1.5486083,2.0691984,3.101431,0.25340745,-1.661667,-1.269628,6.403863,-2.3181775,-2.492696,0.015395666,1.8305025,-2.1800609,0.47530222,-3.5678642,3.273097,-4.5757117,2.8969781,-1.86184,0.62333363,6.224549,-2.8513095,-4.603765,2.1029372,-1.1702147,-1.6781015,4.5733404,3.860089,0.9600291,-3.94323,-2.7333713,-0.78295326,-1.1363002,-5.6574135,-0.6302301,-1.7085968,4.507713,1.4858629,-0.099728614,1.9081594,-0.68738896,-3.8022127,-1.6449318,-1.5293695,3.227802,3.4860654,0.75628304,4.6780963,-1.887631,-3.0428395,-1.6718216,1.1138912,0.3963963,0.5662786,-1.4461509,-2.1694925,1.0767666,5.56943,-6.0692687,-0.4006702,-2.0605254,0.44395852,-3.5095968,-2.1280231,-0.4711967,0.112752184,-1.5281854,1.8272849,3.267612,0.75488806,2.331358,0.27531734
U-178MG,-1.9498696,-0.93184406,1.1514614,-0.6365917,-0.39440182,-0.14041793,-1.5456734,-1.1579771,0.066090055,-0.19761258,2.09776,-0.7003701,-0.90060604,-2.1971095,1.5266628,0.4720376,-0.09759124,1.5612826,-0.48240232,0.17337959,-1.2567804,-1.5699797,-1.6047661,-1.7553201,0.743319,1.1749705,-0.78218186,0.7390996,-2.3363225,-2.1633701,2.331242,0.45597842,-1.2125235,0.2637468,0.77487594,0.5307237,-0.6239499,-0.15465616,1.9887986,-0.97528625,1.0115944,1.0732528,1.3847119,0.41306192,-1.7691541,-1.4325716,-0.7005249,0.026673764,0.14101285,2.047906,-0.5921582,-2.48084,-1.0752612,-2.1184416,0.5404758,0.7551582,0.08341488,1.4338938,-0.7626336,0.315679,1.7723559,-0.4811449,1.3332498,-0.351538,-0.08618766,-0.03168513,0.33060044,0.8801679,-1.4620605,-0.5604425,-1.1117039,-1.7989997,-0.8055653,1.6353924,-1.2461466,-1.3632262,-0.46433502,-0.7553469,-0.5367014,1.2372675,1.2601113,-0.50613016,-1.1907243,-1.6233381,0.8802848,1.3411286,0.7869958,-0.3399409,1.0487201,0.74005276,1.6883099,-0.73613644,1.1292642,-0.5970285,-0.33401665,0.06505742,1.6342742
SUP-T1,-1.6922517,-1.0837764,0.7115063,-0.4012853,-0.1977229,0.024534464,-1.0421959,-0.74865067,-0.08542087,-0.5551649,1.8790157,-0.5490854,-0.7722224,-1.8641322,1.0658145,0.56019735,-0.1113729,1.3229886,-0.8425493,0.032476373,-0.99222887,-1.1114262,-1.5602877,-1.4643741,0.53958005,0.681479,-0.82132864,0.50059366,-2.005599,-1.6536001,2.087457,0.52119565,-0.7810478,0.28623614,0.64282554,0.29626426,-0.95426226,-0.4102281,1.4365759,-0.6431211,0.9402837,0.7851338,1.5877407,0.21533383,-1.6232492,-1.2452053,-0.53970313,-0.07196266,0.20473798,1.4131709,-0.6460111,-2.1298738,-0.77800024,-1.8901095,0.4391075,0.8251953,-0.14089213,1.4859794,-0.46255663,0.12419961,1.2413001,-0.4268642,0.73975986,-0.17796345,0.09281963,-0.08329579,0.5080676,0.6779729,-1.1652809,-0.4744581,-0.7781648,-1.352594,-0.51322377,1.6565812,-1.4404917,-0.89579,-0.43193746,-0.69531953,-0.40513906,0.92664033,1.0698189,-0.64544326,-1.0613068,-1.4978671,0.81596947,1.2492718,0.83950824,-0.035979435,1.076348,0.85919464,1.1944956,-0.5408772,1.202575,-0.39921153,-0.35567644,0.19710606,1.6883413
SNU-61,1.9993516,2.0682805,0.8890866,-1.5397134,-0.16234113,0.7431471,0.12918112,0.15638366,-0.29466173,-2.4629097,0.7790023,-0.62599534,2.0062654,0.12498787,0.9171589,2.0182314,1.1692132,-0.68337464,0.92775124,-1.3915453,0.5323165,2.162989,1.6038828,1.6810837,-0.24806929,1.1551259,-0.93194836,1.2254257,1.5635753,-0.094247736,-0.96835965,-0.8981235,3.408125,-1.3440508,-1.4786174,0.056464113,0.61891824,-1.301502,0.042835757,-1.6771082,1.811355,-2.025727,1.7150958,-0.82012856,0.6282684,3.3228216,-1.7459166,-2.5419729,1.0333754,-0.5421915,-0.8659477,2.5603373,1.9199338,0.49559742,-2.2149773,-1.4083849,-0.3101715,-0.61412567,-2.979033,-0.2910265,-0.95787257,2.4939766,0.48673588,-0.46923766,1.0155569,-0.21267928,-1.9882646,-0.6429536,-0.72899204,1.7093358,1.6543776,0.51760536,2.0840967,-0.8937008,-1.6250985,-0.60236233,1.0972456,0.2571159,0.38623902,-0.9789082,-0.9897098,0.66389644,3.1934493,-3.022198,-0.31365502,-0.9897117,0.18007413,-1.6667225,-0.96664613,-0.14630453,0.22205648,-0.7832073,0.875374,1.8189504,0.076825455,1.3635244,0.11944239
KNS-42,1.3023727,1.3509912,0.23403907,-1.2876787,0.9936973,0.42749947,0.10878708,0.16296963,-1.3471652,-2.799245,1.9366426,0.1349841,0.4048512,0.24282202,-0.036285605,1.9677074,0.78759795,-0.83662826,0.21102919,-1.992648,-0.49597612,3.2801602,1.0407711,1.6499698,-0.81273377,1.1644529,-2.2220285,0.6452601,0.9497048,0.65097463,-0.3292146,0.29420897,3.271075,-0.27591294,-0.60195714,0.6576713,-0.29015276,-1.3266593,-0.35954317,-0.7734444,2.1227415,-2.794775,2.2431498,-0.5212149,-0.32922608,3.365372,-0.919116,-2.0059395,1.3609515,0.20129077,-0.9977627,3.1461089,2.2080605,0.0714753,-2.3907733,-0.998968,-0.8631169,0.85850483,-2.0873036,0.51658857,-2.286788,2.922228,-0.3511926,0.7478547,1.3872856,-1.3027005,-0.801725,-1.1198667,-0.93664104,1.659663,1.163226,1.3283248,2.287669,0.94479954,-1.8993781,-0.7713366,-0.12976095,0.7479141,0.785602,-1.4400651,-1.3460064,0.4359028,2.9465415,-3.335996,-0.16465485,0.1695488,-0.14274058,-0.42291772,-1.1199005,0.29838368,-0.14794002,-1.3638588,1.0529592,1.7605399,-0.5520881,1.3236765,0.77024436
SK-N-SH,-1.9682066,-1.0515816,1.1585784,-0.63620275,-0.4304761,-0.2036547,-1.5204464,-1.0142909,0.038986485,-0.19431514,2.272654,-0.72468036,-0.96626574,-2.1572795,1.4473522,0.49083784,-0.032649644,1.5831075,-0.65912753,0.15117507,-1.3003707,-1.4875503,-1.6760746,-1.8209153,0.78791803,1.0664268,-0.9315868,0.7119673,-2.4360216,-2.0896099,2.4360485,0.49202147,-1.1185772,0.24591017,0.798172,0.501294,-0.7022394,-0.18115424,1.9598937,-1.0786078,1.1696606,1.0970433,1.641557,0.363994,-1.8333857,-1.511709,-0.73404944,-0.018309683,0.16899996,2.0318072,-0.61780673,-2.5897338,-1.0317702,-2.2599113,0.5871743,0.809415,-0.04980487,1.5635976,-0.734018,0.2467134,1.8154905,-0.52001905,1.3213242,-0.2811971,0.056566853,0.008470181,0.38301358,0.9134983,-1.5466437,-0.5438756,-1.0754712,-1.7761761,-0.7930928,1.687769,-1.3714393,-1.3325177,-0.5733543,-0.8217647,-0.59601694,1.3292745,1.2122941,-0.5281861,-1.2666254,-1.628148,0.96357524,1.3937145,0.9009985,-0.3071627,1.1768179,0.828739,1.662589,-0.74307305,1.2867817,-0.5601037,-0.3524536,0.02041547,1.7669543
HT-55,-0.7071303,-0.3002269,0.4973091,-0.3032695,-0.20217772,-0.12272147,-0.55199844,-0.32539994,0.1156736,0.031012967,0.63052815,-0.23611908,-0.24171035,-0.766555,0.52111906,0.11052179,0.055209346,0.57231104,-0.072660506,0.18603729,-0.38755015,-0.693858,-0.46094272,-0.60369265,0.31917366,0.41956612,-0.18889554,0.29814485,-0.8246391,-0.8407707,0.8123619,0.02135434,-0.45540047,-0.014915782,0.18679425,0.11724289,-0.2250857,-0.080514535,0.6249914,-0.4230326,0.2462152,0.47623014,0.48179725,0.17110771,-0.4840563,-0.5508711,-0.31754982,-0.0016749315,0.09595529,0.7928903,-0.20097885,-0.96592844,-0.42100817,-0.6761409,0.20772551,0.16138281,0.089452446,0.39972818,-0.24774717,0.085963294,0.66958344,-0.17297135,0.46450654,-0.1380977,0.004979007,0.040577285,0.09219754,0.39434245,-0.6341879,-0.15678523,-0.3524757,-0.64035845,-0.30162293,0.42059544,-0.33857235,-0.46150577,-0.108808234,-0.29916808,-0.1887822,0.507505,0.4077106,-0.05758762,-0.39374626,-0.5796227,0.3298407,0.46053016,0.31794304,-0.235125,0.2795082,0.27277315,0.6244865,-0.2465254,0.30050746,-0.33223546,-0.12847826,0.027948538,0.58404744
NCI-H2291,2.480866,2.2577786,1.2478688,-2.3063896,0.40823105,0.87190044,0.07833728,0.34120482,-0.86486715,-3.2967427,1.3881351,-0.5620239,1.6793298,0.3639977,0.8790203,2.5359218,1.6702967,-1.1288084,1.1552716,-2.2873025,0.08357882,3.3464253,2.261304,2.3252234,-0.8192074,1.5166003,-2.2235,1.3539126,1.4910593,0.39228082,-0.75212854,-0.3505552,4.455887,-1.282479,-1.597711,0.038850516,0.126915,-1.8599651,-0.3143499,-2.021077,2.4568045,-3.2168083,2.9890256,-0.7650306,0.4818198,4.594044,-2.0690033,-2.8663788,1.7855867,-0.2366882,-1.2521797,3.8190331,2.9073749,0.31272858,-3.1133566,-1.7704151,-0.5571775,0.06201719,-3.5937452,0.2139002,-2.0209723,3.6118612,0.17119022,-0.0052926317,1.7886534,-1.0309602,-1.7755978,-1.2819784,-1.4635704,2.489526,2.3135548,1.0514528,3.0843465,-0.33053562,-2.1321602,-0.93017936,0.6660176,0.73572606,0.64827985,-1.669886,-1.8356165,0.782102,4.0268917,-4.344732,-0.07994977,-0.6904055,0.011204403,-1.6346207,-1.6723588,0.091641225,0.106591955,-1.8266524,1.075901,2.3735447,-0.18345958,1.9342213,0.6999248
RD-ES,0.41832,0.61911386,-0.22930244,-0.32020986,0.91344213,-0.0015307404,0.108216554,-0.030248623,-0.90970796,-1.6066607,1.6039816,0.270418,-0.21711156,0.34238616,-0.38967052,0.9792646,0.09397033,-0.24364245,-0.115422234,-1.2544069,-0.55199826,2.1232705,0.35488656,0.9127075,-0.45909247,0.5773268,-1.3668939,0.22043394,0.49970162,0.45028603,-0.22662681,0.3824751,1.7795967,0.2884903,0.10150595,0.7708057,-0.097742274,-0.6814123,-0.06973186,-0.14692208,1.3551875,-1.6218288,1.0160439,-0.2682783,-0.7290275,1.7803978,-0.22209233,-1.1068239,0.66568124,0.21618599,-0.52220076,1.7021198,1.0815684,-0.070593394,-1.2391698,-0.36421114,-0.86488944,0.7408403,-0.9069977,0.359862,-1.5309169,1.7885619,-0.2502648,0.88899577,0.91048104,-0.7679829,-0.18436669,-0.598858,-0.2049852,0.77578604,0.41872653,0.7948325,1.3143877,0.9874629,-1.3179377,-0.6215228,-0.49524945,0.32411933,0.48170114,-0.5927276,-0.75502086,0.14488071,1.5996053,-1.855619,-0.34737304,0.08869504,0.01343964,0.03663685,-0.5596185,0.24557927,-0.16749302,-0.6367218,0.78728,0.81705254,-0.18203956,0.6945224,0.4775353
SNU-423,-1.2162822,-0.7355119,-0.62474114,0.28010744,1.1745001,-0.41868544,-0.44849855,-0.5447625,-1.110475,-1.4057783,3.052755,0.0051083285,-1.4899949,-0.7424842,-0.4100955,1.0506862,-0.91699487,0.67874986,-1.2407297,-1.4130746,-1.4640939,1.5218412,-1.7158931,-0.43884182,-0.19364877,0.3099618,-2.1083744,-0.22997935,-1.0183524,0.029453833,0.4851061,1.2401916,0.67349064,1.1199278,1.339269,1.376441,-0.39714432,-0.33086482,0.87098044,0.20239624,1.6580538,-0.5784874,1.2287705,-0.06816522,-2.3214955,0.08610946,0.0019637942,-0.38916647,0.037729695,0.96119666,-0.7370026,0.2540927,0.5565599,-1.62356,-0.29649082,0.8602597,-1.0291663,2.0845904,-0.42381522,0.5136839,-0.5421716,0.8593196,0.09485725,1.2080824,0.58722764,-0.86521596,0.75360566,-0.2748164,-0.1423742,-0.24175693,-0.6464438,-0.17569798,0.3904221,2.466886,-2.094397,-0.92782956,-1.4932662,-0.09124042,0.3495305,0.1814785,0.2378674,-0.87993085,0.1692554,-1.4651048,0.09094773,1.1126064,0.32896215,1.0480248,0.8483489,0.6723473,0.28979492,-0.39585483,1.8054795,0.6412599,-0.40681168,0.2631013,1.3825545
Hs 939.T,-1.4144331,-1.2017119,-0.1209809,-0.029584456,0.48962104,0.13303015,-0.35862952,-0.31708807,-0.6109577,-1.3757571,1.8934846,-0.29058832,-0.875157,-1.4802368,0.1703086,0.9070541,-0.3380374,0.87338597,-1.1685213,-0.57468694,-0.88504785,0.11371674,-1.5949395,-0.8327277,0.13745084,0.24778248,-1.2400132,0.120247655,-1.3755025,-0.69857603,1.3991178,0.91182166,0.114299625,0.46289018,0.62751085,0.39558455,-1.1967617,-0.52363783,0.56258726,0.102937356,0.9661752,-0.029640123,1.6339937,0.07506549,-1.5844191,-0.7071042,-0.19149777,-0.18318513,0.13560507,0.704974,-0.90746284,-1.0258965,-0.066356525,-1.439637,0.02402846,0.8302755,-0.5666428,1.7459439,-0.14295985,0.17737941,0.13494599,0.034579568,-0.1348352,0.42227745,0.33017644,-0.48917648,0.7440548,0.098838195,-0.547513,-0.3845777,-0.51118386,-0.51629466,-0.031708393,1.9984769,-1.639925,-0.5069143,-0.68177533,-0.28757265,0.02659159,0.2796,0.6689014,-0.7982155,-0.4299255,-1.4633198,0.5856287,1.252357,0.605084,0.66635394,0.8617402,0.8991233,0.26455808,-0.26029322,1.268853,0.118720174,-0.50334585,0.4034774,1.7436861
SK-MEL-1,2.7051141,2.6753345,0.7624369,-1.7741157,0.5662039,0.43229055,0.1037987,-0.0057131005,-1.1357093,-3.619171,2.2953749,-0.42924654,1.625268,0.9575284,0.35482815,2.525724,1.4336214,-0.95987445,1.2038693,-2.6744392,-0.24612996,3.9473052,2.6450937,2.7277327,-0.6433509,1.6733863,-1.7909483,1.2429916,1.8067489,0.72284377,-0.8702432,-0.04172962,4.9516783,-0.8616303,-1.1692301,0.4842368,1.0232693,-1.9193817,0.35233033,-2.0131292,2.8155534,-3.8931463,2.575887,-1.2073586,-0.40680957,4.8958693,-1.7301114,-3.3257134,1.6864167,-0.2971976,-1.4989247,3.6944714,3.0750382,0.35950336,-2.8818977,-1.7383237,-1.1191357,0.022596885,-3.7129464,0.18519968,-2.029709,3.8385663,0.6698407,0.98767745,1.9019822,-1.3213222,-2.1433449,-1.5152341,-0.991014,2.4720376,2.1570323,0.9855521,3.9651349,-0.19353679,-2.8059356,-1.4885261,-0.06600268,0.4391594,0.6914637,-1.0840467,-1.6979692,0.54841906,4.1772976,-4.7944055,-0.22412926,-1.0593923,0.14061406,-1.7086279,-1.6998854,-0.041400872,-0.13882811,-1.725409,1.6359019,2.3426425,0.41194704,1.5986874,0.60193795
Calu-6,-1.6788514,-0.63723254,0.8980656,-0.55069315,-0.2639546,-0.09215425,-1.256504,-1.0220264,0.057575822,-0.16726133,1.666639,-0.66573197,-0.676397,-1.7774187,1.2299372,0.30920961,-0.24310672,1.2950908,-0.28938663,0.062161725,-1.0019394,-1.2000352,-1.2382938,-1.2459205,0.59483296,1.0367022,-0.6475166,0.77188283,-1.750866,-1.7871201,1.8195162,0.35308945,-0.96952975,0.16092414,0.58856344,0.52870643,-0.4255115,-0.08220966,1.6845753,-0.7188977,0.78081906,0.8134505,0.94796807,0.37814575,-1.5186471,-1.1130894,-0.5029403,-0.07612836,0.099631935,1.6740842,-0.49776012,-1.837105,-0.8544806,-1.6717175,0.3285682,0.5724165,-0.017228302,1.1166946,-0.642749,0.26170397,1.3646555,-0.30650038,1.2570803,-0.21443138,-0.1109658,-0.016676266,0.23431738,0.7219271,-1.0095404,-0.4845408,-0.9436593,-1.4568936,-0.65674686,1.2685531,-0.9522842,-1.2465154,-0.43537527,-0.56864667,-0.3503681,0.9452358,1.0925995,-0.31314546,-0.7224695,-1.2862594,0.56947696,0.9233741,0.5595321,-0.29781964,0.7887015,0.58202744,1.2951249,-0.6333124,0.8808221,-0.4622764,-0.191722,-0.020792007,1.3241425
DMS 273,3.2261982,3.1908412,1.4469118,-3.243097,1.0544994,1.1206229,0.016044972,0.2889626,-1.6569548,-4.9695935,2.354442,-0.44637978,1.8616325,0.45850143,1.0712256,3.700068,2.3458235,-1.6842672,1.4180213,-3.5335698,-0.22063622,5.0134096,2.7670183,3.1641946,-1.4112222,2.4198287,-3.457303,1.7093849,1.9006118,0.7190318,-0.83915037,-0.036926188,6.204194,-1.3142496,-2.0456798,0.24083097,-0.013977552,-2.7044117,-0.37978125,-2.4176123,3.7248492,-4.840015,4.2828,-0.9951831,0.3745627,6.624209,-2.7110083,-3.9352129,2.6463282,0.004705284,-1.8880218,5.69345,4.1022987,0.3216341,-4.644048,-2.3884983,-0.73161125,0.7328462,-4.870879,0.65731347,-3.2912872,5.1438966,-0.2366708,0.32448646,2.4558008,-2.153921,-2.2582507,-1.8999201,-2.197623,3.355088,2.9656107,1.9385065,4.268153,0.19421093,-3.1225348,-1.3437042,0.8124258,1.2884847,1.2150772,-2.6401458,-2.5870807,0.90468335,5.4766736,-6.3577056,0.13020046,-0.29108077,-0.2544096,-1.8757478,-2.2584138,0.28107077,0.17410995,-2.7261317,1.5503579,3.3722544,-0.7158792,2.7368913,1.103764
SK-MEL-30,2.8924532,2.5289435,1.156235,-2.0041914,0.021759285,0.44756174,0.21448398,0.34132776,-0.558329,-3.0613685,1.1639564,-0.45945963,2.1416156,1.073795,0.6332041,2.1418154,1.3255899,-0.75177187,1.1451557,-2.1110616,0.1653482,3.2678936,2.9430568,2.4191847,-0.50951576,1.4238802,-1.2618814,1.4609573,2.2200756,0.17681405,-0.8473108,-0.65425265,4.439183,-1.2874256,-1.7637967,0.14629799,0.85474044,-1.5493836,0.044891506,-2.2899199,2.3815386,-3.4206543,2.023581,-0.9547151,0.15880212,4.3050976,-1.6647174,-2.9265854,1.6639568,-0.7716736,-1.2394036,3.4399514,2.5983467,0.76318544,-2.8226526,-2.074347,-0.91337925,-0.50617176,-3.5217595,-0.33213395,-1.586651,3.2907643,0.8381829,0.27034894,1.6935083,-0.091963835,-2.0764997,-1.2383902,-0.85064477,2.26785,2.4143307,0.87768084,3.4205723,-0.9918376,-2.2091584,-1.242109,0.6521883,0.49169222,0.3508954,-0.72511286,-1.7641263,0.95187324,3.9722152,-4.2697673,-0.51018685,-1.4802291,0.3728212,-2.141597,-1.6721318,-0.048546053,-0.080217645,-1.159462,1.343264,2.0807476,0.7508509,1.483006,0.46579775
SR,3.649007,3.1946957,1.3174305,-2.074682,-0.59809405,0.8079527,0.19705948,0.22993496,-0.37880316,-3.4348392,0.9063897,-0.86331105,3.1937394,0.8496718,1.1283879,2.7000947,1.657452,-0.7836308,1.409469,-2.1872377,0.7225049,3.3458965,3.0355449,2.6770275,-0.2194636,1.4189852,-0.93763745,1.7516451,2.7762032,-0.09006689,-1.6273755,-1.5429575,5.1332474,-2.1581795,-2.1988425,0.12157297,1.615305,-1.6360083,0.24353334,-2.9255342,2.449541,-3.4611259,2.0400405,-1.3750685,0.7662718,4.7752943,-2.221263,-3.704679,1.5137147,-1.2490158,-1.1225808,3.6085827,2.8754268,1.054157,-3.0738761,-2.2773552,-0.74914813,-1.3556852,-4.509883,-1.0153959,-1.1486952,3.3779566,1.4026701,-0.4240052,1.4375228,0.034510642,-3.2708085,-1.0873355,-0.87378377,2.4695497,2.9765415,0.5963704,3.46703,-1.873974,-2.4341507,-1.1883355,1.4395839,0.16316351,0.3832088,-1.1092635,-1.5327241,1.1001259,4.7321787,-4.5169573,-0.64736784,-2.0413742,0.53306574,-3.0042324,-1.5780809,-0.34480864,0.0917843,-0.7403587,1.4982325,2.6364865,0.67388767,1.7217002,0.08585414
SNU-899,-0.042487882,0.18379584,-0.47114715,-0.15176934,0.7761736,0.049874626,0.048296317,-0.15078005,-0.7697377,-1.259752,1.266549,0.19923982,-0.38020393,-0.09915809,-0.38755777,0.8305936,-0.15761764,-0.028810002,-0.359706,-0.8983277,-0.35605448,1.4928918,-0.19538605,0.47401568,-0.19943783,0.41275132,-1.007489,0.115555234,0.20568332,0.23890698,-0.06393688,0.3214366,1.0601176,0.21156788,0.23619941,0.54300714,-0.3152413,-0.3426478,-0.16134018,0.17985009,0.990754,-1.1681184,0.7013973,-0.18769234,-0.72661793,0.9980747,0.0071276464,-0.55373836,0.35653177,0.1671578,-0.47213244,1.0071447,0.6247214,-0.19250844,-0.73815054,-0.06704586,-0.6267438,0.6732441,-0.51908743,0.38333338,-1.1656526,1.1097283,-0.25059453,0.7043115,0.60820776,-0.7453852,-0.0005641524,-0.31533092,-0.01745986,0.21963239,-0.019376397,0.55736476,0.61399454,1.031012,-0.9689881,-0.38400882,-0.53899044,0.19019558,0.4180478,-0.4757658,-0.1281098,-0.09696266,0.97014207,-1.121498,-0.24288854,0.25845164,-0.027371429,0.37593535,-0.028276559,0.27416706,-0.24798594,-0.44236958,0.5502214,0.54056245,-0.42187917,0.37568438,0.52146935
L3.3,3.6864312,3.5690265,0.7587373,-1.4794666,-1.0963713,0.31344938,0.59904087,0.39348462,-0.38892025,-3.5159502,1.0699689,-0.744543,3.755836,1.361851,0.7649961,2.510795,1.4115351,-0.44101906,1.0932566,-2.1124003,0.8404664,3.63956,2.8197722,3.0185657,0.42720035,0.9292297,0.13375841,1.8125674,3.3609068,-0.12597701,-2.5502033,-1.9875664,5.5915537,-2.6876585,-2.1606274,0.60052,2.6148782,-0.98178846,0.6317078,-3.398515,2.3099532,-3.498287,1.0732116,-2.016609,0.69038904,4.150157,-1.8476318,-4.037416,0.9771242,-2.004916,-0.90455836,3.3005779,2.7250829,1.5462164,-2.5450819,-2.2787833,-1.4823176,-1.7965875,-4.628721,-2.0325658,-0.2626,2.981408,2.2999303,-0.37481463,1.0883697,0.7441896,-4.332251,-0.9088129,-0.41430584,2.0881302,3.0500195,0.22030069,3.7657769,-2.8226094,-2.3059916,-1.6153562,1.331746,-0.12700848,0.37708414,-0.47903648,-1.3530262,1.3692863,5.281012,-4.2496753,-1.1072369,-2.7968817,1.1481376,-3.6439207,-1.3017755,-0.58560586,-0.273725,0.432068,1.9483202,3.2041204,1.5588003,1.3404893,-0.33584312
Hs 944.T,0.6860149,0.66881984,0.50660735,-0.6169375,-0.1660666,0.035620607,0.087270245,0.15171762,0.09932888,-0.7872358,0.07348514,-0.3928052,0.95070875,0.27072892,0.16132876,0.64238995,0.44321027,0.021920867,0.40806407,-0.5520314,0.36043325,0.62988156,0.8739589,0.6111488,0.049663723,0.27143392,-0.26774,0.5797875,0.67379713,-0.1660063,-0.38490155,-0.49176428,1.2793607,-0.53795135,-0.7170333,-0.18864341,0.45025945,-0.47470704,-0.10808251,-0.8344934,0.48034927,-0.70577186,0.39765468,-0.16801849,0.08911207,1.0038234,-0.6128427,-0.73159283,0.38030925,-0.30967972,-0.44343242,0.83525485,0.6250161,0.29069912,-0.77341425,-0.762836,-0.15049256,-0.35985038,-1.0300866,-0.4299288,-0.10224916,0.637225,0.4545103,0.043270748,0.4835044,0.20586698,-0.6804499,-0.09217951,-0.05859268,0.42650434,0.7277212,0.17922188,0.84139365,-0.7809435,-0.6559429,-0.3333493,0.4357425,0.055535253,0.043477595,0.100252055,-0.31019908,0.3047802,1.1274391,-1.0619522,-0.19908231,-0.65350574,0.25972444,-0.76772785,-0.39555076,-0.011472974,-0.047954854,-0.09389333,0.49748525,0.42949712,0.21014482,0.2801975,0.16212505
Hs 934.T,0.21961394,0.5544649,0.2860627,-0.30332577,-0.6115563,-0.7403746,-0.16265786,-0.028589588,0.07344195,-0.085245654,0.67135346,-0.6321071,0.7075343,0.31161427,-0.2497622,0.15327539,0.116938345,0.47517493,0.5251434,-0.098844066,0.043147296,0.3196733,0.30821046,0.27898642,0.7325923,0.10819012,0.012863635,0.40757445,0.47382778,-0.4230507,-0.5474845,-0.7847237,0.84084415,-0.7689272,-0.22654593,0.25470564,1.200483,0.3410804,0.40076715,-0.8300904,0.27135536,-0.09643251,-0.43620417,-0.34664494,-0.35577098,-0.08183701,-0.14813712,-0.38012648,0.15003087,-0.077662975,-0.23525235,0.5344671,0.3302044,0.2935999,-0.4686869,-0.7499664,-0.388486,-0.18792784,-0.60681695,-0.7598442,0.7294934,0.074972875,1.3597957,0.6101098,0.22509533,0.6694748,-0.9383659,0.5106839,0.16899136,-0.16632007,0.3269763,-0.20864163,0.31538075,-1.3729081,-0.19505744,-1.055938,-0.18396199,-0.08250095,-0.08972149,1.201643,-0.045942128,0.78081256,1.197611,-0.5730712,-0.3378545,-0.77382666,0.14361784,-1.079796,-0.37561753,0.02212908,-0.18233593,0.4004013,0.8167681,0.41217312,0.53301656,-0.45569444,0.36263072
KCI-MOH1,-0.1857824,0.2365335,0.44989368,-0.37105733,-0.3228652,-0.5638151,-0.24578953,-0.20612416,0.051583886,0.15350166,0.58469963,-0.4120018,0.24087681,-0.06509554,0.07293597,0.05435833,0.091832764,0.41654563,0.4006816,0.06418565,-0.12882438,-0.17891154,-0.025644489,-0.094433516,0.60545766,0.24624053,-0.13551521,0.28503308,-0.07752273,-0.54686856,0.012174243,-0.41154328,0.18294099,-0.4413462,-0.033662543,0.17080818,0.6402033,0.1853531,0.46626842,-0.5493983,0.10501663,0.23833501,-0.18390383,-0.042579733,-0.40795678,-0.3668947,-0.17157874,-0.13692328,0.1239877,0.4004299,-0.23871538,0.03514792,-0.009301329,-0.044800516,-0.124170475,-0.44711176,-0.08267239,-0.008002572,-0.36121687,-0.2294849,0.6760087,-0.054243207,0.97463053,0.3659318,0.03447065,0.27825657,-0.4101755,0.51678133,-0.19413877,-0.254222,-0.06674372,-0.2104895,-0.019325927,-0.6808365,-0.08475233,-0.84634036,-0.1407406,-0.06350138,-0.10851475,1.0019617,0.11521752,0.4897875,0.5694427,-0.37818998,-0.07389906,-0.19914852,0.06437539,-0.6713489,-0.18259868,0.0633069,0.1743776,0.0660613,0.56224954,-0.0062587145,0.2374329,-0.35060507,0.36480114
NCI-H1618,-1.9606196,-0.9594936,1.1434474,-0.6305866,-0.37346107,-0.13635816,-1.556439,-1.1780775,0.04633621,-0.22182119,2.1489203,-0.7177596,-0.92947537,-2.220793,1.5352379,0.5040025,-0.11656045,1.5717051,-0.51825225,0.14262627,-1.2810178,-1.5524337,-1.6370714,-1.774266,0.7416623,1.1788038,-0.81848913,0.74206793,-2.3578262,-2.150925,2.3414257,0.5089924,-1.1896709,0.28039503,0.8006949,0.54323524,-0.6352411,-0.1473582,2.017652,-0.9580332,1.0527549,1.0546271,1.4173224,0.41257435,-1.8185211,-1.4419945,-0.71045816,0.012100264,0.13370825,2.0356867,-0.6218376,-2.486766,-1.0590523,-2.1715991,0.53395796,0.7950447,0.062707946,1.4812446,-0.78440076,0.3186421,1.7656366,-0.4885246,1.3340868,-0.35444865,-0.086359575,-0.053651765,0.35841274,0.8605506,-1.4626634,-0.56642777,-1.1141796,-1.8166871,-0.80118054,1.6829622,-1.3030545,-1.3859686,-0.48589385,-0.7597926,-0.5556555,1.2401888,1.272071,-0.53326845,-1.1880594,-1.6475697,0.88822573,1.3609233,0.79996204,-0.31631097,1.092777,0.7404187,1.6861838,-0.7421128,1.173102,-0.57094175,-0.33666483,0.06365925,1.6668986
MDA-MB-134-VI,-1.9522878,-1.0177435,1.0973995,-0.60725313,-0.3880708,-0.1376403,-1.4807259,-1.0597333,0.037201926,-0.25829393,2.1742845,-0.70588064,-0.9199884,-2.164728,1.4468839,0.49192795,-0.10231608,1.5490743,-0.61460876,0.12603661,-1.2385778,-1.464693,-1.6393355,-1.7624348,0.7611417,1.0848472,-0.87851083,0.7313147,-2.3683257,-2.1189964,2.372517,0.44336963,-1.1427239,0.24691975,0.7737259,0.49793032,-0.7118081,-0.17365173,1.9300573,-1.0082684,1.1088526,1.0542746,1.5360967,0.3464154,-1.8069396,-1.4830432,-0.6811547,-0.0055380277,0.14953396,1.9924593,-0.60899186,-2.5015106,-1.034728,-2.1735535,0.5354864,0.7638526,-0.016206253,1.5071052,-0.7222433,0.25758594,1.7618493,-0.4645652,1.2925854,-0.2990261,0.0069872104,0.0028073373,0.36101255,0.9209681,-1.461011,-0.5524411,-1.0965743,-1.7685405,-0.8012647,1.6784587,-1.2999077,-1.3090008,-0.54736304,-0.8036108,-0.5380379,1.2501246,1.2448685,-0.53395396,-1.2051226,-1.6163343,0.89474916,1.3693235,0.8539799,-0.29111204,1.1190312,0.82751936,1.6203827,-0.7311924,1.2212068,-0.569865,-0.32690725,0.062436983,1.7243774
NH-6,-2.020165,-1.285808,0.85952216,-0.40586036,-0.14244856,0.056670025,-1.2175851,-0.9272467,-0.029602211,-0.45500222,2.1548064,-0.61234546,-1.0014273,-2.1336849,1.1873051,0.64875335,-0.19202544,1.5192482,-0.87078005,0.03709747,-1.2297151,-1.2679045,-1.8299885,-1.6398399,0.5129319,0.87187696,-0.96542245,0.57340926,-2.3050694,-1.9253756,2.4763284,0.63596123,-0.96149075,0.39972252,0.8234376,0.35718688,-0.973683,-0.46794203,1.7215528,-0.69811416,0.9434459,0.9776545,1.6834067,0.3665095,-1.9501607,-1.3858556,-0.5501996,0.071054414,0.24091093,1.647683,-0.7055682,-2.3373032,-0.9761343,-2.2117236,0.5700683,1.018321,-0.1602203,1.7059346,-0.46812052,0.19900413,1.4023488,-0.5307427,0.8724174,-0.16723299,0.038778793,-0.05196702,0.61617565,0.7310681,-1.3008312,-0.5926717,-0.93736,-1.5505297,-0.6321197,1.9142487,-1.6539223,-1.0829785,-0.50749624,-0.67538536,-0.41135654,1.041958,1.2816833,-0.7297365,-1.2776841,-1.697262,0.93191147,1.4030313,0.9067882,-0.0037865043,1.2261577,0.88513774,1.4449333,-0.65649855,1.3493277,-0.52812546,-0.39901894,0.2089158,1.8903415
SW1463,3.1032157,2.7590249,1.0316072,-1.6751099,-0.22343232,0.45621797,0.13037537,-0.00987428,-0.46342295,-2.879836,0.878867,-0.6402489,2.354007,1.0217701,0.9372302,2.1120296,1.4497907,-0.6284599,1.2963163,-2.0429792,0.388264,2.8020635,2.7506413,2.3152971,-0.37007606,1.2432863,-0.7524785,1.3667513,2.1687706,0.16958314,-1.1791506,-0.88318926,4.21988,-1.5434908,-1.5894145,0.09579325,1.4014121,-1.33145,0.43282473,-2.331605,2.1420734,-3.0816658,1.6843779,-1.4065948,0.2946752,3.9935699,-1.7325531,-3.1372306,1.3163906,-0.92208385,-1.0459661,2.8614395,2.4200532,0.7724877,-2.5585344,-1.8246385,-0.61959505,-0.8128533,-3.6872,-0.59178466,-1.0444626,2.9052937,1.135201,0.000999134,1.2021911,-0.32428095,-2.6310825,-1.0493326,-0.85185504,2.0824668,2.3626943,0.46439022,3.2241127,-1.3618789,-2.0372515,-1.1822121,0.646949,0.16964793,0.3220178,-0.78680664,-1.4044014,0.73259485,3.6808963,-4.0130877,-0.37459448,-1.523678,0.45297217,-2.4965565,-1.3964303,-0.30595967,-0.024596084,-0.7546229,1.3040161,2.1376734,0.7179053,1.4524034,0.13297391
786-O,0.5397173,0.64708,-1.0955927,-1.5371959,4.2628675,0.05447807,0.7721017,0.54936624,-4.0383234,-6.706686,7.07875,0.7778613,-2.1244583,0.30868515,-2.269975,4.368904,0.26897573,-1.2485288,-1.3687187,-5.2488213,-3.0803332,8.446134,-0.13060792,2.7140634,-2.1135147,1.4435791,-7.26184,-0.25756064,0.171369,2.4019504,0.46699905,2.7007957,6.6912613,1.804014,0.91394776,2.3878846,-2.0005896,-3.2903118,-0.7640089,0.28155282,5.173011,-5.6552014,6.0061874,-0.63106656,-3.686349,5.887428,-0.8359231,-3.4442098,2.9637055,1.2471305,-2.8297117,7.04143,5.044637,-1.4999688,-4.662043,-0.84304833,-3.3341923,4.808027,-2.371278,2.1946027,-6.0927258,6.4372478,-1.8474886,4.422067,3.905896,-3.686255,1.0560461,-2.579658,-1.2986075,2.6372025,1.4476564,3.333222,4.787467,4.844551,-5.7260184,-2.0387592,-2.67207,1.7864709,2.107149,-2.0722206,-2.79784,-0.17717654,5.451621,-7.158444,0.28074583,2.1710217,-0.76006234,1.9022862,-1.6959414,2.059424,-1.3014798,-3.210373,3.9439135,3.5328124,-1.3634104,2.778702,3.5261111
BL-41,-2.069301,-1.0784531,1.1586359,-0.6326412,-0.41070747,-0.15625754,-1.5726715,-1.1077286,0.03739644,-0.25976074,2.3445036,-0.7606668,-0.98209316,-2.2585688,1.5172179,0.5171794,-0.106486626,1.6277155,-0.6617973,0.128702,-1.3308231,-1.5238001,-1.7586037,-1.8775985,0.82384247,1.1346712,-0.9514393,0.756198,-2.503946,-2.2119224,2.513901,0.47222707,-1.1887721,0.27384984,0.845384,0.55870575,-0.74321574,-0.17887056,2.0534472,-1.0769434,1.2003939,1.1103655,1.6404297,0.3564886,-1.9220294,-1.5548841,-0.7216337,-0.010876633,0.16478108,2.1026227,-0.6347519,-2.631507,-1.0853796,-2.328802,0.5575203,0.81069374,-0.04113579,1.6123817,-0.7471343,0.26370615,1.8656398,-0.49354252,1.380723,-0.29356667,0.019633953,0.007936586,0.3809106,0.9876279,-1.5371622,-0.59349525,-1.1473972,-1.858615,-0.8437813,1.7762338,-1.4047114,-1.3889832,-0.6062196,-0.8524618,-0.57256085,1.3358812,1.3057901,-0.56093645,-1.2806407,-1.7075073,0.9498604,1.4419495,0.9246985,-0.29174188,1.1835381,0.8762174,1.7090569,-0.77945316,1.3164685,-0.5793668,-0.34795454,0.050277688,1.8342543
CAL-78,-1.9178874,-0.9510548,1.0915191,-0.5961321,-0.35369825,-0.1124089,-1.4914593,-1.1401824,0.0431672,-0.2487095,2.0657148,-0.6783903,-0.89489543,-2.1769667,1.4869752,0.49541506,-0.11187537,1.5330096,-0.51599455,0.15593044,-1.232552,-1.5193238,-1.6014781,-1.7297449,0.705177,1.1263001,-0.78039044,0.70337325,-2.2978132,-2.1103573,2.3024247,0.48319378,-1.178478,0.2854337,0.7698911,0.50395185,-0.66633457,-0.17269076,1.9379231,-0.91395223,1.0038452,1.030299,1.3912647,0.39396352,-1.7629822,-1.406038,-0.68120015,0.018502414,0.14062816,1.9697624,-0.60573184,-2.4445207,-1.0481626,-2.0966878,0.5317934,0.7783299,0.07268971,1.4473237,-0.7417288,0.30046153,1.7003435,-0.47603294,1.2581735,-0.33891082,-0.084677204,-0.045765992,0.3528914,0.8407501,-1.4271244,-0.55841315,-1.0839068,-1.759371,-0.78456193,1.6630344,-1.2752002,-1.3110758,-0.45267713,-0.7404493,-0.51793647,1.1843861,1.2397695,-0.5413586,-1.1907269,-1.612449,0.87799114,1.3401808,0.78035635,-0.2977688,1.0635604,0.74043024,1.6290902,-0.70997727,1.1380093,-0.5703076,-0.33651218,0.087228455,1.6355953
SK-BR-3,5.426586,5.1371017,1.7709849,-3.7376435,0.9469817,1.4786749,0.1787638,0.041185025,-2.0261927,-6.71411,3.2477825,-0.6881713,3.2366037,1.2817446,1.5317047,4.8817716,3.1316307,-2.0465512,2.2464736,-4.7510543,-0.068923526,7.1136355,4.6832743,4.8577595,-1.5791162,3.33942,-3.4957702,2.5063367,3.4502916,0.8516729,-1.7213908,-0.5808793,8.890261,-2.1956909,-2.7491877,0.7214113,1.3562351,-3.3266864,0.06396203,-3.7905345,5.126435,-6.949762,4.956886,-2.0277328,0.3449833,9.36619,-3.511297,-6.03821,3.251563,-0.6364687,-2.2282836,7.2317567,5.55265,0.89615256,-5.9074955,-3.3012066,-1.582293,-0.26236805,-7.236898,0.34464917,-3.991838,7.2069645,0.8333673,0.50721574,3.1650596,-2.272274,-4.2735233,-2.6138663,-2.3646052,4.7591796,4.2098427,2.1545384,6.54369,-0.35399014,-4.448849,-2.2988064,0.7298187,1.090552,1.2412901,-3.0410538,-3.374386,1.4826643,7.9384785,-8.906725,-0.46497342,-1.6193933,0.12174684,-3.4458764,-3.0646825,-0.15818468,0.17337914,-3.1213055,2.4122362,4.6093264,0.040979557,3.5357754,0.77306724
Hs 578T,-1.3025712,-1.1642709,-0.6681743,0.11791817,1.2629914,-0.1374788,0.04576593,0.21481717,-1.3301672,-2.215908,3.397714,-0.23908009,-1.3192842,-0.84257996,-0.9270281,1.4487497,-0.48714447,0.43853703,-1.5691113,-1.5507119,-1.5139984,2.1151617,-1.6543971,-0.21318823,-0.2064559,-0.20128325,-2.8791788,-0.24984945,-1.3651549,0.60828006,0.88480157,1.2526766,1.472355,0.9299398,1.2662585,1.1113704,-1.2680496,-1.0554031,0.18767649,0.15680468,1.7351674,-0.8269804,2.6551123,-0.30554283,-2.2823615,0.29958084,-0.13467692,-0.90031093,0.49304312,0.6999622,-1.0317218,0.7464733,1.1825756,-1.745078,-0.77090716,0.76494426,-1.4836868,2.6300035,-0.091412716,0.4307443,-0.9305793,1.1516589,-0.49764076,1.5229315,1.2378383,-1.0474905,1.075549,-0.45881516,-0.5355263,0.21180227,-0.028880194,0.16452226,0.93207407,2.5567782,-2.4883094,-0.6848353,-1.6880263,-0.07578164,0.38609445,0.11063232,-0.26436198,-0.7746551,0.61476344,-2.1817918,0.54840714,1.353027,0.40966827,1.3918116,0.60633427,1.3344146,-0.30943012,-0.6898477,2.1957402,1.1403214,-0.5936002,0.57085377,2.2089672
HL-60,-2.3488076,-1.3244872,1.0889008,-0.60843855,-0.23864786,-0.08125875,-1.7596576,-1.3210045,-0.10686662,-0.47386402,2.8774927,-0.80205166,-1.3047858,-2.548592,1.6121094,0.7638276,-0.31729376,1.7973348,-0.8801987,-0.026421234,-1.613109,-1.4815212,-2.1503193,-2.1272779,0.75396174,1.2113769,-1.2608157,0.73147166,-2.7497118,-2.3928504,2.8192437,0.707233,-1.2591953,0.50384545,1.136313,0.78753614,-0.89448905,-0.2117892,2.3718333,-1.0410141,1.3854588,1.0657085,1.8298521,0.39317524,-2.3526654,-1.658592,-0.7076497,-0.02724576,0.1450734,2.286418,-0.79145026,-2.8126938,-1.1504887,-2.7560058,0.5511149,1.0207577,-0.17132464,2.0373538,-0.8255073,0.33038956,1.8971372,-0.49528494,1.3895265,-0.21177748,0.011440959,-0.104036674,0.54656214,0.94617206,-1.6406728,-0.6868566,-1.3048621,-2.0857286,-0.97196144,2.3090775,-1.792749,-1.5683501,-0.7411633,-0.9539444,-0.5715997,1.4301615,1.5142736,-0.76974773,-1.4427177,-2.0123544,1.074446,1.6730975,1.0077307,-0.07495795,1.3885727,0.98355186,1.8754687,-0.9030559,1.6078622,-0.5331044,-0.40614983,0.12130022,2.1196067
JHUEM-7,0.16325521,-0.022563446,0.5518489,-0.8408547,0.35477015,0.03263067,0.22356781,0.57163966,-0.14250086,-1.2570937,1.0391394,-0.35303617,0.10602312,0.006293275,-0.17519113,0.93883735,0.16576658,-0.18020317,-0.18408282,-1.0649439,-0.45933005,1.3286364,0.7157921,0.7485832,-0.3488819,0.3398716,-1.4340335,0.5603738,-0.029868713,0.2063173,0.48749542,0.21730822,1.6063457,-0.090894364,-0.30555534,-0.044675007,-0.6980479,-1.0179363,-0.47901487,-0.75288236,0.96805346,-1.0217565,1.7437407,0.09407489,-0.6810229,1.191795,-0.69303644,-0.6228081,1.0482391,0.11420432,-0.9526167,1.3503126,1.0718538,-0.31457132,-0.9445499,-0.49633628,-0.76192725,0.9271848,-0.5827871,0.08406354,-0.77417475,1.3069797,-0.15434615,0.8067837,1.20736,0.09426164,0.23119536,-0.47311214,-0.43813032,0.83593863,0.7230166,0.4702686,1.5175931,0.47894466,-1.3411245,-0.56561536,-0.23464365,0.6003049,0.1329977,-0.00025280006,-0.6973488,0.06611721,1.1983664,-1.9128118,0.10555452,-0.14747454,0.2901104,-0.13679379,-0.6379359,0.54659,-0.09360652,-0.786185,0.9830833,0.6722202,0.18946686,0.6164982,1.2200443
MDST8,5.46937,5.0234365,2.2378757,-4.3046684,0.89877856,1.4733894,0.17788891,0.44035435,-1.9967046,-7.0929914,3.2889378,-0.9522885,3.4091759,1.1310624,1.5816164,5.0997524,3.356149,-2.2975545,2.3681002,-5.012327,-0.3667988,7.4747634,5.171888,5.0308766,-1.6960582,3.4031477,-4.2901964,2.6113334,3.3779156,1.0548252,-1.4970729,-0.5273016,9.366566,-2.2438831,-2.9680207,0.518126,0.9564546,-3.8479497,-0.08464831,-4.2494893,5.399775,-7.204701,5.7843904,-1.8631818,0.3696528,9.7128935,-3.9200683,-6.331816,3.562548,-0.43780684,-2.5847423,7.8234177,6.1960425,0.8427185,-6.288235,-3.6442242,-1.5767137,0.011611484,-7.405217,0.5420517,-4.156046,7.6838183,0.78996265,0.63198996,3.6808918,-2.2188485,-4.0372334,-2.9995067,-2.7936058,5.3123817,4.6800923,2.0568223,7.0297995,-0.5738878,-4.6177526,-2.2626414,0.7955437,1.2253848,1.3199565,-2.9156883,-3.8954613,1.5716051,8.299756,-9.495449,-0.16003746,-1.5245582,0.035431974,-3.4518156,-3.6294975,0.16129701,0.14485784,-3.6026952,2.4660373,4.8569965,0.12224705,3.7888803,1.1163989
PL45,2.6875174,2.2717004,1.0528855,-1.5222006,-0.56545377,0.40040138,0.19356081,0.214704,-0.12131451,-2.4506044,0.5193009,-0.8288236,2.4663663,0.6956436,0.7876662,1.9155947,1.1903292,-0.4218043,1.103162,-1.6008918,0.56752867,2.2896113,2.434637,1.9423069,-0.05057252,0.9489866,-0.5986549,1.2990581,2.0110826,-0.030889928,-1.1869873,-1.1496605,3.7860506,-1.68751,-1.6513829,-0.070701845,1.3350866,-1.1413926,0.20204186,-2.347424,1.6517814,-2.484406,1.3993084,-1.1156306,0.43692064,3.268052,-1.6362191,-2.6778932,1.0153886,-1.0081009,-1.011261,2.4459743,2.1518948,0.7894218,-2.0533333,-1.6665082,-0.5433424,-1.0499783,-3.280654,-0.82511896,-0.54248154,2.292225,1.1976326,-0.15329346,1.1004231,0.18218787,-2.3943698,-0.7889104,-0.60156566,1.7574089,2.1976697,0.2215582,2.7320323,-1.593265,-1.7488317,-0.93693465,0.8454136,0.08943178,0.22915556,-0.4345434,-1.0840505,0.7280645,3.3215373,-3.2552485,-0.4470459,-1.6271645,0.52243596,-2.2524054,-1.170931,-0.2905978,-0.015481192,-0.47525305,1.1356143,1.8201959,0.64501303,1.1103511,0.14454578
LC-1F,-1.9762818,-0.95473397,1.1461389,-0.6279054,-0.38867563,-0.13365139,-1.5656917,-1.1831847,0.061210766,-0.22951257,2.1391435,-0.7072495,-0.92588735,-2.2417214,1.5464385,0.49208066,-0.119231485,1.5743359,-0.5077174,0.16150403,-1.2857971,-1.5752228,-1.6504134,-1.7839732,0.73306936,1.1895686,-0.8150531,0.73530203,-2.374242,-2.1960847,2.3759189,0.48634508,-1.2290783,0.26722094,0.79954714,0.5462022,-0.6459042,-0.15749346,2.0230339,-0.96707356,1.0513332,1.0709873,1.4250098,0.40247107,-1.8145868,-1.4502058,-0.7133317,0.024637073,0.1480382,2.0754569,-0.6065033,-2.527569,-1.0791938,-2.1635764,0.5440395,0.7736938,0.07479639,1.4766531,-0.76917005,0.32465157,1.7956461,-0.4905591,1.3329179,-0.35189977,-0.083875716,-0.03959579,0.33317652,0.88519317,-1.4863851,-0.5585863,-1.1338538,-1.8199444,-0.8298382,1.7004287,-1.2812222,-1.3771857,-0.47911668,-0.7659771,-0.54219615,1.2462156,1.2818638,-0.5318898,-1.2261541,-1.6630268,0.9085274,1.3768202,0.7994978,-0.3293739,1.0805147,0.76417834,1.7080778,-0.74190146,1.1606365,-0.58954316,-0.33595014,0.07011072,1.6682161
GOS-3,0.24048313,0.17971943,0.14868517,-0.3285141,0.11681531,-0.24224058,0.22622879,0.4807787,-0.5651409,-1.2396919,1.3049712,-0.1443076,0.1629773,0.25826883,-0.47064063,0.73186374,0.0009892862,-0.2901263,-0.11197473,-0.90413743,-0.432449,1.6249498,0.5352574,0.8394214,0.18511553,0.29385406,-1.0520936,0.16529498,0.39681613,0.3891536,0.06058243,-0.015460089,1.7439152,-0.30462417,-0.109566,0.31297255,-0.11629082,-0.5344443,-0.087994255,-0.73530304,1.0147593,-1.3139675,1.1425502,-0.4579609,-0.7717465,1.2038149,-0.38347563,-0.9335278,0.50135416,-0.06659782,-0.71274364,1.205932,1.222253,-0.14420803,-0.5604905,-0.33869177,-0.8574233,0.17659797,-0.7631455,0.1775778,-0.4760983,1.4060534,0.24066032,0.8542907,1.1993192,-0.030885782,-0.22674401,-0.4416417,-0.057256036,0.78096616,0.5967075,0.28501755,1.3436289,0.08845366,-1.1644082,-0.5957948,-0.7169619,0.019947618,0.27531487,0.2445234,-0.4979946,0.20879544,1.474944,-1.477431,-0.10258528,-0.53916544,0.31298053,-0.17335898,-0.39047134,0.37425262,-0.23879074,-0.5209521,0.739379,0.7086677,0.34567937,0.23822384,0.6764718
KYM-1,-1.9812993,-0.9963378,1.143652,-0.6349643,-0.42806023,-0.16157275,-1.5207461,-1.0778167,0.07173581,-0.21267566,2.1809628,-0.7150434,-0.90635693,-2.1716115,1.488151,0.45702946,-0.08072765,1.5698093,-0.56863475,0.16786703,-1.252192,-1.5245929,-1.6369632,-1.7858831,0.8065539,1.1146946,-0.8433979,0.7533584,-2.3813894,-2.159294,2.3924284,0.40756965,-1.1794956,0.23153302,0.77902514,0.5222012,-0.6832154,-0.17430198,1.960438,-1.052458,1.0905303,1.0946941,1.5156305,0.36070138,-1.7814976,-1.4923794,-0.6979041,0.007449601,0.16048183,2.0544488,-0.5914263,-2.5342205,-1.0687284,-2.176359,0.5413412,0.73358333,0.007950414,1.4814751,-0.7246939,0.2670643,1.810717,-0.47568578,1.3419917,-0.31458315,-0.0057169534,0.015996851,0.33826232,0.957804,-1.4845414,-0.5581529,-1.1049471,-1.7993444,-0.80759877,1.6331133,-1.2755859,-1.340435,-0.5356076,-0.8132738,-0.5507511,1.2890453,1.2570977,-0.49861264,-1.2137673,-1.6212156,0.9029952,1.3662242,0.8622768,-0.3251066,1.0825411,0.8303141,1.6681714,-0.7406851,1.1973112,-0.60152924,-0.3323383,0.049724035,1.7122308
PCM6,-1.693414,-1.0929078,0.87713706,-0.56589323,-0.3664977,-0.07963493,-0.8451286,-0.37247998,0.2704994,-0.24775407,1.3973681,-0.48880166,-0.6165265,-1.5643365,0.9994549,0.40191767,0.13601553,1.2409229,-0.58197683,0.28800666,-0.8353699,-1.315938,-1.2612486,-1.3226922,0.52955765,0.5918791,-0.53089404,0.5131802,-1.9698677,-1.6884217,2.1221507,0.26677075,-0.8172674,0.039434142,0.47586256,-0.09147661,-0.9695565,-0.5540653,1.092756,-0.8631606,0.529426,1.0350505,1.4605805,0.30299366,-1.2881544,-1.3315252,-0.49162775,0.2547458,0.28699985,1.3696193,-0.6175509,-2.0736156,-0.9623101,-1.5445136,0.5428391,0.58062845,-0.046980973,1.0632426,-0.21251924,0.13922483,1.2752968,-0.58941054,0.48807043,-0.3521389,0.15077941,0.101825714,0.5532661,0.74533653,-1.286479,-0.4468783,-0.67860675,-1.2982045,-0.5801603,1.1050158,-1.1787438,-0.64181256,-0.20701748,-0.5340249,-0.35356545,1.0122708,0.9948834,-0.43891397,-1.1741245,-1.4462867,0.85259086,1.1352701,1.0021377,-0.21395372,0.74906397,0.8689329,1.3111362,-0.49973387,0.90534914,-0.75990343,-0.25293317,0.19867271,1.5987896
RL95-2,-1.9014258,-0.886732,1.0711083,-0.5665252,-0.33886722,-0.15045497,-1.4851286,-1.1408516,0.034525078,-0.22118935,2.0748026,-0.69347787,-0.91361886,-2.149311,1.4363915,0.4988828,-0.17993496,1.490731,-0.48388442,0.11577693,-1.2622528,-1.4670513,-1.6141142,-1.6952122,0.6426592,1.1465312,-0.81073004,0.7128916,-2.2479186,-2.0936093,2.3019538,0.50992554,-1.1663413,0.24866766,0.81892174,0.53056175,-0.58575374,-0.1095362,1.9667906,-0.8965093,1.0128397,1.0163199,1.3587736,0.3923465,-1.7618083,-1.3709031,-0.6946647,-0.0037145875,0.16324678,1.9734837,-0.58690757,-2.3912969,-1.0147197,-2.0754638,0.5309363,0.76812625,0.030509386,1.4249072,-0.75030637,0.31604362,1.7052307,-0.49514726,1.3032181,-0.29064897,-0.09316413,-0.057174966,0.29453886,0.79205906,-1.4355068,-0.528293,-1.0928158,-1.73053,-0.83437425,1.652556,-1.2261189,-1.3362559,-0.48797584,-0.7007167,-0.5231693,1.1702603,1.2455473,-0.5015584,-1.1149625,-1.5994573,0.9035969,1.3236678,0.711112,-0.3021295,1.0557266,0.73116547,1.6039723,-0.7259761,1.1387004,-0.53850776,-0.29261455,0.038858894,1.6052876
DMS 153,1.1484474,1.3031944,-0.007339284,-0.59065807,0.6978589,0.10988758,0.12752335,-0.24465925,-0.60904664,-1.6220965,1.3866086,0.10816251,0.27877364,0.64966404,-0.03503446,1.2172908,0.38698056,-0.28106478,0.36567265,-1.3584787,-0.19005626,1.9538939,0.9295383,1.1835552,-0.38111097,0.8799156,-0.7465892,0.53812397,0.883813,0.34411657,-0.53081673,0.21148443,2.1355653,-0.026867978,-0.2583088,0.47994375,0.5396672,-0.6785747,0.2405501,-0.5664923,1.3989271,-1.8638496,0.8521678,-0.46451294,-0.4858724,2.1571918,-0.49344194,-1.3729541,0.70909977,-0.10614282,-0.70652366,1.751529,1.0941937,0.15007313,-1.3948046,-0.70855206,-0.6924269,0.25404385,-1.564351,0.17652854,-1.243733,1.7540407,0.17624696,0.71023,0.7596974,-0.75619805,-0.7641318,-0.5521851,-0.20327407,0.74969876,0.7063947,0.7598888,1.6577532,0.346299,-1.4289571,-0.880018,-0.13333118,0.24749462,0.42358345,-0.60910994,-0.6489763,0.10962224,1.8693644,-2.0939264,-0.34213337,-0.28281057,0.07481354,-0.56163096,-0.6314329,-0.17967385,-0.10466039,-0.64929235,0.8206532,0.91669065,0.08488766,0.71892554,0.2513219
Hep-G2,-0.8509066,-0.2765695,0.33331174,-0.19217439,0.014356164,-0.5565075,-0.8150533,-0.47005054,-0.24570757,-0.082390934,1.8751428,-0.40340334,-0.61093813,-0.35269815,0.22180948,0.36853567,-0.3697126,0.5724801,-0.29328805,-0.41904864,-0.8355783,0.12195359,-0.8631215,-0.5520467,0.3709896,0.45765132,-0.84716916,0.2395625,-0.77504104,-0.4461404,0.5724768,0.16266248,0.051884577,0.22862762,0.71304685,0.6950745,0.30510214,0.12953645,1.140889,-0.6709995,1.0487436,0.069633335,0.45584807,-0.055953354,-1.2728215,-0.39545122,-0.27357426,-0.10596179,-0.048218653,0.8779177,-0.37096646,-0.45174032,-0.056050897,-1.1790613,0.018751513,0.22825237,-0.3167737,0.882778,-0.4786262,0.14985365,0.8334276,0.12693733,0.88166875,0.43193915,0.29188275,0.013945878,0.07153514,0.3208588,-0.32361084,-0.23971166,-0.47760338,-0.6804722,-0.010066896,0.6821527,-0.8813787,-1.1221386,-0.8294221,-0.22612245,-0.16934946,0.9288547,0.35660648,-0.19351748,-0.12596573,-0.77025265,0.097252205,0.15806884,0.5094331,-0.17604402,0.47559768,0.2152172,0.6838813,-0.24417335,1.0195068,0.2600442,0.025537863,-0.1881813,0.6914547
COR-L23,-0.50081843,-0.048653986,0.5969065,-0.42953897,-0.40309793,-0.5451473,-0.57670736,-0.27482378,0.09696399,0.30072287,0.79925317,-0.3902332,-0.069409415,-0.31196278,0.29149947,0.038996052,0.094349615,0.5358526,0.18079759,0.12867536,-0.32915136,-0.4534482,-0.21465476,-0.42066807,0.51855844,0.40241975,-0.2559029,0.30339244,-0.52256787,-0.64638084,0.50240725,-0.28771225,-0.18207379,-0.23116907,0.13718617,0.18220487,0.37216273,0.18573673,0.7022003,-0.7741879,0.27927893,0.3579751,0.13633972,-0.00023606047,-0.48918304,-0.54356986,-0.27213526,0.03699787,0.101437174,0.72867423,-0.21705517,-0.5197785,-0.22220771,-0.42863935,0.094700985,-0.16968937,0.04185841,0.20846722,-0.30166143,-0.050241694,0.87275195,-0.18840493,0.9158118,0.13611975,0.07167485,0.26213092,-0.19263604,0.53099215,-0.525066,-0.21296676,-0.28934783,-0.47909236,-0.14023295,-0.21154222,-0.15535875,-0.8290441,-0.26522267,-0.19578573,-0.22672917,0.92957443,0.25642526,0.26796713,-0.017396286,-0.42698804,0.16946259,0.12180975,0.27505928,-0.5577494,0.0501914,0.118603654,0.5192695,-0.18803693,0.43055928,-0.13326333,0.046629727,-0.33647627,0.47831097
CFPAC-1,-0.65737194,-0.16258742,0.6707856,-0.45879847,-0.40927097,-0.571191,-0.46126056,-0.14067188,0.26242602,0.29610163,0.6614452,-0.3552833,-0.021544259,-0.43476442,0.3376471,-0.03924818,0.17930052,0.69055706,0.22782166,0.28353462,-0.34034613,-0.6354663,-0.24987043,-0.5152788,0.6051882,0.32282338,-0.24748768,0.31036437,-0.6401719,-0.89722973,0.6408168,-0.38460997,-0.33446226,-0.28024304,0.038118307,0.08409743,0.1556564,-0.00073350035,0.51605415,-0.854812,0.14796892,0.6240367,0.2215697,0.092421964,-0.4069872,-0.6907717,-0.3151929,0.04903692,0.1849739,0.8106584,-0.2209236,-0.69378185,-0.31688336,-0.3724836,0.13985585,-0.2741287,0.035299957,0.1459501,-0.22613494,-0.048381127,0.8500989,-0.19191453,0.80433893,0.12340841,0.10460439,0.3424506,-0.091149285,0.69830865,-0.68639386,-0.27419096,-0.26219714,-0.519729,-0.2921648,-0.2925728,-0.15075694,-0.70630276,-0.15655245,-0.23266311,-0.17143151,0.9630122,0.2559225,0.2998869,-0.08612849,-0.43502206,0.23059645,0.3020199,0.3276506,-0.51453996,-0.021778855,0.28725657,0.597484,-0.26051557,0.35904995,-0.39592543,0.027077287,-0.27089873,0.5825819
NCI-H596,-0.4007746,-0.44245413,-1.2081151,-0.6109101,2.6855748,0.14485466,0.4548204,0.30243003,-2.7952788,-4.4185247,4.7562995,0.3265411,-1.7052952,-0.50481457,-1.585919,2.8414087,-0.07712769,-0.49830526,-1.4894685,-3.1154687,-1.9154474,4.9736853,-1.2271124,1.1271724,-1.1699138,0.62101865,-4.7620974,-0.4827837,-0.46667516,1.3881812,0.64208555,2.034291,3.715268,1.1929578,0.9598028,1.4662621,-1.8734721,-1.9173706,-0.61117756,0.7280716,3.1445315,-3.1484106,3.94388,-0.40963966,-2.6517725,2.8031297,-0.23921302,-1.8218179,1.6164722,0.84583133,-1.9298098,3.7020786,2.961194,-1.2899966,-2.5772326,0.0784139,-2.1525412,3.6758704,-0.941508,1.240072,-3.602339,3.3384137,-1.52975,2.9091234,2.1555243,-2.660351,0.9647569,-1.3438318,-0.75408566,1.0687386,0.42893377,2.0099502,2.1744797,3.6855628,-3.668571,-1.0350235,-2.0191078,1.0168214,1.2209456,-1.2349231,-1.1625025,-0.5268791,2.8785827,-4.174499,0.40523538,1.9567901,-0.4034528,1.8479066,-0.47959447,1.6463877,-1.0315329,-1.8180221,2.786305,2.1757898,-1.3385175,1.5006987,2.7295983
COLO 205,2.1390486,2.0984406,0.42638063,-1.078876,0.31531858,0.320742,0.019079974,-0.090112306,-0.8668496,-2.731658,1.7243344,-0.2553052,1.302237,0.8055089,0.26995182,1.8610523,0.9466893,-0.55705017,0.64947766,-1.974461,0.028965821,3.059911,1.9236345,2.149268,-0.3215482,1.1453137,-0.9791181,1.0344267,1.6007863,0.42105436,-0.9034911,-0.24207368,3.8181932,-0.806442,-0.88962823,0.51476794,0.9503514,-1.186136,0.22100037,-1.4501058,2.2260723,-2.9995563,1.586299,-1.0405663,-0.23529272,3.753185,-1.1836236,-2.5066319,1.1889173,-0.5348049,-0.874945,2.6504588,2.0809467,0.40412802,-2.1301706,-1.3168753,-1.0399808,-0.23128398,-2.874581,-0.16090558,-1.6655589,2.84513,0.6195654,0.5136212,1.383526,-0.70808834,-1.8320254,-0.9655294,-0.5039497,1.6743013,1.6965138,0.8118276,2.9612339,-0.23641995,-2.1929257,-1.1261655,0.08448033,0.24280925,0.4186862,-0.8350782,-1.0968237,0.49864727,3.321671,-3.4904153,-0.6430058,-1.1223454,0.39537382,-1.5179263,-1.1340648,0.015460411,-0.19869488,-0.9341371,1.3561411,1.7672707,0.4327171,1.1442161,0.29408327
OVK18,-2.3159468,-0.99118245,1.1597986,-0.68185276,-0.31335616,-0.110821,-1.7154577,-1.4041122,0.032562062,-0.32460776,2.459358,-0.9011152,-1.0349604,-2.47662,1.6604608,0.49488202,-0.38106805,1.7731141,-0.5604647,0.010364678,-1.4504827,-1.5265073,-1.844978,-1.7933348,0.79849654,1.3772879,-1.0400336,1.0072398,-2.4810083,-2.4278822,2.5842848,0.5667128,-1.3083389,0.29213554,0.91120344,0.76887274,-0.6550373,-0.11671844,2.357539,-0.9789449,1.2408739,1.0662196,1.4553709,0.4521107,-2.2095125,-1.5677917,-0.6838107,-0.082947664,0.12602505,2.2836366,-0.7069805,-2.5616329,-1.1441996,-2.4295971,0.47147316,0.85203624,-0.1079804,1.6796627,-0.8908095,0.34785163,1.8842052,-0.4182966,1.6970783,-0.23773387,-0.087094724,-0.033895064,0.3609832,0.9928368,-1.3963307,-0.66086596,-1.3324327,-2.0281992,-0.948272,1.9310937,-1.4333123,-1.6853695,-0.7050098,-0.8172063,-0.5018799,1.3165798,1.5248287,-0.53581405,-1.1001844,-1.7966202,0.83802587,1.3611616,0.79995453,-0.30507693,1.2103537,0.879321,1.7694964,-0.8990147,1.3397262,-0.5618634,-0.2813886,-0.0090195015,1.8904389
JHUEM-1,-2.5825555,-1.3114613,1.4273736,-0.7727716,-0.39963925,-0.17257914,-2.0147452,-1.5308069,-0.03222502,-0.40768793,3.0266082,-0.99222016,-1.3062211,-2.8938315,1.955711,0.7321017,-0.22884172,2.0394526,-0.80161226,0.05001992,-1.7489462,-1.8714154,-2.2655852,-2.3579502,0.94768304,1.5007117,-1.2445287,0.92990154,-3.114778,-2.745027,3.1317327,0.77538836,-1.4969317,0.4179581,1.1318346,0.7853231,-0.84361,-0.15714139,2.7023585,-1.234881,1.5611875,1.3047118,1.9682466,0.48394912,-2.5260632,-1.8834325,-0.907048,-0.030837648,0.17540817,2.610549,-0.8620937,-3.1976812,-1.3273889,-2.9620626,0.66892004,1.1137328,-0.02988116,2.0662093,-1.0506983,0.40495437,2.3006818,-0.6074913,1.7809631,-0.35821357,-0.051005308,-0.08966834,0.48492557,1.0955358,-1.878643,-0.77042174,-1.4525727,-2.3669376,-1.0727553,2.358998,-1.8240817,-1.8409618,-0.75944525,-1.0067321,-0.7325519,1.6026264,1.6649146,-0.78544563,-1.5455652,-2.187355,1.1887351,1.7982742,1.0463234,-0.3193042,1.55119,1.0170807,2.1473258,-1.0102874,1.7074269,-0.60728055,-0.4274298,0.049790896,2.267302
SW1353,1.4645723,1.2946516,0.52395743,-0.7978163,-0.21528186,0.21371672,0.10234745,0.08362511,-0.15089314,-1.3290749,0.34468156,-0.27889377,1.292641,0.52677184,0.34451127,1.019921,0.6148258,-0.21809414,0.54693466,-0.87523115,0.32544348,1.31466,1.309512,1.0858661,-0.05652453,0.49278146,-0.29711556,0.7629508,1.1628767,-0.06207425,-0.6831942,-0.6117831,2.0612037,-0.83160263,-0.90939415,0.07393846,0.7235485,-0.6039279,0.09740535,-1.143659,0.9696151,-1.456885,0.6736961,-0.54074854,0.21829547,1.8385907,-0.79552495,-1.4711909,0.6402325,-0.5859815,-0.44014996,1.4184432,1.0606605,0.45668882,-1.2707739,-0.97078234,-0.33904305,-0.5130551,-1.7369537,-0.5294046,-0.47391504,1.3116494,0.59805053,-0.03580378,0.62405574,0.14351954,-1.2611299,-0.39632884,-0.24594575,0.93760467,1.2282393,0.33007616,1.4608549,-0.797421,-0.9862665,-0.53309375,0.53167236,0.0863855,0.14207627,-0.31056714,-0.6336832,0.49287802,1.902888,-1.8503954,-0.354708,-0.9281729,0.2784199,-1.262317,-0.6226026,-0.1421386,-0.040255588,-0.18931141,0.65839785,0.98668474,0.3761753,0.6612071,0.055473868
LNCaP clone FGC,-1.83555,-0.8728626,1.0765045,-0.581745,-0.3633581,-0.13738894,-1.454312,-1.1118461,0.06531409,-0.18711133,1.9703158,-0.6427211,-0.85687035,-2.096256,1.4267198,0.46306798,-0.11544559,1.4621041,-0.44976544,0.15732317,-1.1881293,-1.4861583,-1.5322233,-1.6583999,0.67194456,1.1137902,-0.7362256,0.68685234,-2.2148201,-2.0583017,2.2129016,0.43784168,-1.1606123,0.24140188,0.7575754,0.4865646,-0.57185197,-0.14605513,1.893827,-0.89499044,0.94692147,1.0054219,1.2999877,0.3895154,-1.6789238,-1.3406843,-0.665491,0.025895715,0.13787742,1.94217,-0.55398273,-2.3453677,-1.0179981,-2.0030675,0.5181732,0.7311118,0.08250223,1.3525435,-0.71207935,0.3150939,1.6851428,-0.4625956,1.2342576,-0.3237815,-0.09050706,-0.035611507,0.28471723,0.81317407,-1.401129,-0.51034725,-1.0633198,-1.6909385,-0.79493564,1.5737884,-1.1591276,-1.2815341,-0.43032485,-0.71478236,-0.5026734,1.1498898,1.1952688,-0.48236156,-1.1341591,-1.5376331,0.86152524,1.2804838,0.7230371,-0.31444,0.9929183,0.6990736,1.6048506,-0.69289637,1.0641204,-0.55697924,-0.32184064,0.06248354,1.5220964
A-549,1.082649,0.95172465,0.54786783,-0.8193514,-0.1895838,0.21956494,0.11607322,0.18925819,0.006208723,-1.0587742,0.16277698,-0.26194975,1.023776,0.22619759,0.38481656,0.87140965,0.4980569,-0.2071464,0.4366952,-0.69452137,0.23528197,1.0273763,1.0099287,0.78997403,-0.104608916,0.4146254,-0.44742313,0.593834,0.859461,-0.10289105,-0.5472924,-0.5588062,1.6165406,-0.7513419,-0.82412094,-0.014979651,0.35187444,-0.5661953,-0.09322617,-1.0145631,0.7185986,-1.0079975,0.70154506,-0.31775093,0.29219463,1.4759746,-0.84388983,-1.1193466,0.5863019,-0.3550142,-0.45789176,1.2124676,0.9666468,0.29244396,-1.031769,-0.8122418,-0.15898117,-0.38671464,-1.4170002,-0.32089254,-0.38878334,1.1217071,0.34009647,-0.14778885,0.5353421,0.15008959,-0.867638,-0.34962633,-0.368085,0.7906874,0.9648346,0.19446181,1.0133685,-0.6283752,-0.76188254,-0.34341288,0.48823875,0.13497268,0.13797255,-0.31619078,-0.57132757,0.35957703,1.5328776,-1.4889373,-0.21705863,-0.6080146,0.18428154,-0.9033327,-0.5202058,-0.06833114,0.06260138,-0.21435252,0.46602026,0.7558113,0.16421476,0.5930776,0.122214764
HT-1376,-1.7291735,-1.0660332,0.38644335,-0.15917237,0.12648092,-0.1305323,-1.194221,-0.87844414,-0.42759776,-0.7209309,2.7024608,-0.5626326,-1.2220331,-1.6849419,0.7354958,0.76958,-0.62836504,1.2461544,-1.1026992,-0.4985641,-1.3863609,-0.31611037,-1.8950241,-1.4663346,0.38125655,0.6699802,-1.4746964,0.32899347,-1.9502642,-1.3059901,1.8228278,0.90010977,-0.45750272,0.6492192,1.0926294,0.94741917,-0.6598425,-0.12909019,1.6791265,-0.5317807,1.4235394,0.41197228,1.5635948,0.11204664,-2.1600337,-1.0648545,-0.4334357,-0.17615664,0.04770936,1.5690445,-0.7374617,-1.6384811,-0.4492465,-2.2045481,0.27255526,0.9728821,-0.5320794,1.8956984,-0.6194311,0.23852617,1.0474386,-0.18895727,0.8922788,0.22698566,0.21635363,-0.3086344,0.61502963,0.43783817,-0.91348076,-0.47027743,-0.9591407,-1.2864324,-0.49171862,2.1942918,-1.7514535,-1.2516916,-0.99798745,-0.61052686,-0.30156294,0.8509557,0.9923284,-0.8227226,-0.83115876,-1.5494598,0.6230544,1.2457774,0.7441023,0.3093058,1.1928967,0.7677558,1.0628073,-0.52602893,1.662922,0.011694582,-0.36596984,0.084420264,1.7015619
HCC1500,-1.76721,-0.8618448,1.0444405,-0.55706793,-0.3885573,-0.23298034,-1.368979,-0.9987272,0.0332933,-0.097137675,2.1084158,-0.65585625,-0.83488053,-1.8235112,1.2729667,0.3544462,-0.10542543,1.3758438,-0.51384884,0.07279804,-1.1949437,-1.210462,-1.489261,-1.6086711,0.78842753,1.0090842,-0.862641,0.68512154,-2.1447403,-1.8721983,2.0078661,0.3353044,-1.0069723,0.21877518,0.7796638,0.58643055,-0.4732679,-0.028118713,1.8151338,-1.0009078,1.088975,0.95832133,1.3138076,0.2764619,-1.6352144,-1.3728878,-0.64581823,0.0079867095,0.14303324,1.9230908,-0.4835268,-2.1500995,-0.92643905,-1.9904418,0.42503348,0.60787773,-0.055669595,1.3559169,-0.66276085,0.20738664,1.7046994,-0.36791256,1.3296765,-0.19570382,0.04929992,0.087079495,0.27451703,0.90898746,-1.291437,-0.50728685,-0.9909207,-1.5527593,-0.69922876,1.4275407,-1.0789806,-1.2970697,-0.6023848,-0.7325155,-0.47963685,1.2030025,1.0500659,-0.36835116,-0.97975415,-1.3557713,0.7450224,1.1492519,0.7791253,-0.33238533,0.9563214,0.6794492,1.4758608,-0.6654713,1.120537,-0.43388548,-0.2989963,0.010132125,1.4888568
JIMT-1,-0.097788595,0.13543434,-0.82776064,0.24187247,1.1914048,-0.4387423,0.11471783,-0.2566243,-1.2334204,-1.8277655,2.7030525,-0.003959162,-1.0227977,0.22976078,-0.76938695,1.1481755,-0.39000076,0.1656121,-0.6119084,-1.6726913,-0.96913713,2.4776063,-0.5979211,0.75008976,-0.35428026,0.12346198,-1.8469622,-0.22523044,-0.07368635,0.85261524,-0.39911485,1.0078359,1.7011431,0.81806225,0.9146124,1.1029277,-0.0033092834,-0.6125422,0.23403063,0.26466757,1.8352152,-1.423444,1.2410464,-0.3851515,-1.7065241,1.3228389,0.037432447,-1.0496242,0.32153258,0.35292217,-0.7737573,1.4811897,1.3251146,-0.728976,-0.976633,0.31459987,-1.3113633,1.3803173,-0.74374384,0.53848875,-1.5406598,1.7595164,-0.16173358,1.5935335,0.95972806,-1.1989468,0.2661779,-0.5577033,0.09490245,0.30808026,0.11046423,0.67622316,1.3895428,1.7497234,-1.9961638,-0.90541315,-1.5534449,0.10346581,0.6030885,-0.36227688,-0.5546998,-0.47924036,1.3561803,-1.6641207,-0.24888693,0.35808718,0.25814122,0.5960059,0.02523135,0.49190676,-0.42010853,-0.54355836,1.4856868,1.0167707,-0.16994056,0.48300275,0.87080956
EFE-184,0.77794135,0.76512194,0.04091598,-0.24852557,-0.0031972863,-0.15100184,-0.021919897,0.071136214,-0.522855,-1.1307404,1.125906,-0.31700346,0.45443124,0.48566672,0.101428896,0.79513496,0.21602494,-0.25742045,0.15826596,-0.9913284,-0.20409445,1.4942839,0.5366365,0.98104995,-0.09455434,0.27510372,-0.49262914,0.08683271,0.44737527,0.37528202,-0.44720423,0.042675875,1.619147,-0.41998416,-0.08245331,0.27328086,0.43690383,-0.31844157,0.256816,-0.8043705,0.9837376,-1.17164,0.9111052,-0.8140795,-0.36730897,1.193561,-0.65200734,-1.3263924,0.3099776,-0.18734622,-0.5594002,0.954469,1.1495614,-0.0051516555,-0.6778376,-0.14913079,-0.695672,0.054951314,-1.2082059,0.080042765,-0.2077002,1.2029784,0.32853198,0.38085756,0.54080695,-0.50051725,-0.69452935,-0.48415205,-0.35850206,0.688782,0.65458643,0.1710745,1.3936987,-0.036732696,-0.94572586,-0.6629525,-0.5921008,-0.025510285,0.31401798,-0.31976092,-0.475213,-0.08360289,1.2782351,-1.4490029,0.053048797,-0.45464456,0.41726434,-0.6846216,-0.29854593,-0.05408289,-0.19259863,-0.3281785,0.76535237,1.0720701,0.21161973,0.30875906,0.15725926
HT-1080,-5.037428,-3.7525165,0.125014,0.13936792,0.93471587,-0.3013263,-1.9885229,-1.4322906,-1.5854534,-3.0570028,7.8645325,-1.440099,-3.3017752,-4.2124195,0.623232,2.128699,-2.117889,3.516498,-4.404314,-2.1220117,-3.6776614,0.6622714,-5.43883,-3.4780633,1.1182753,0.8236588,-4.778828,0.8593767,-5.1057706,-2.4523184,4.72144,2.735544,-0.14589468,2.0698752,3.000598,2.5707562,-2.6421402,-1.0808709,3.330324,-1.0589893,4.2389417,0.8101153,5.169938,0.14287414,-6.3542223,-2.7269294,-0.6865382,-0.74807674,0.36552006,3.217871,-2.4072175,-3.3510404,-0.3185903,-5.9728494,0.78460485,2.9838352,-2.6710296,5.7889423,-0.97205114,0.3542712,1.8583882,-0.05731631,1.84206,1.714573,1.3344649,-0.65543324,2.4239397,1.015586,-1.3832372,-1.3893051,-2.1700487,-2.7753112,-0.29051185,6.47461,-5.695067,-2.8213184,-3.329025,-1.2189512,-0.38074073,1.8262525,2.637918,-2.7578137,-1.5581211,-3.6905296,1.2909635,3.2192504,2.23215,1.929747,3.7126372,2.8890996,1.6880636,-1.4124919,5.4184136,0.5581803,-1.2939769,0.25037095,5.3583136
NU-DHL-1,3.833535,3.6378255,1.3736732,-2.5914164,0.3490295,1.1014721,0.12690654,0.10232467,-1.1613544,-4.312932,1.7299329,-0.43111688,2.6300988,0.9647591,1.1393467,3.278427,2.127523,-1.3145814,1.5095614,-2.9592454,0.34489667,4.5429296,3.3124433,3.1707692,-0.8244624,2.2514584,-1.9590634,1.9542725,2.7454886,0.15231895,-1.298328,-0.8461014,5.9690514,-1.6706374,-2.2632601,0.4042936,1.0519919,-2.0883229,0.121436715,-2.701095,3.4878545,-4.617732,2.9497173,-1.2007611,0.54332733,6.3062277,-2.343334,-4.033126,2.1816676,-0.747549,-1.3437307,4.867019,3.3958635,0.8432101,-4.084891,-2.5315328,-0.99193084,-0.6066598,-4.971088,-0.21611893,-2.545075,4.701384,0.7968947,-0.01475108,2.0690386,-0.9319442,-3.0906014,-1.5388442,-1.3905692,3.0913222,3.0094943,1.5272992,4.127236,-0.8021095,-2.95992,-1.3914467,1.235506,0.7176407,0.74306214,-1.8670068,-2.2415247,1.2794793,5.469027,-5.8865647,-0.669578,-1.486255,0.22449265,-2.690988,-2.0012696,-0.23141322,0.17026158,-1.7823557,1.5250615,2.9755516,0.24312374,2.3563669,0.32246253
VMRC-LCP,-0.21187583,0.10526107,0.3409074,-0.23828717,-0.22718717,-0.3693827,-0.2899907,-0.23242979,-0.0038666609,0.19900933,0.5841626,-0.307368,-0.018003229,-0.07493859,0.113038465,0.041262995,-0.009727379,0.27807057,0.16897859,-0.050123733,-0.16823113,-0.11943264,-0.09356665,-0.12256314,0.3642833,0.26849118,-0.13943209,0.24707302,-0.18023825,-0.29632807,0.12578218,-0.1514591,0.061312087,-0.22721103,0.08397066,0.1699259,0.40773904,0.20397177,0.4920321,-0.4506836,0.23404643,0.063492194,-0.050557822,-0.027769744,-0.44689924,-0.23736624,-0.1186368,-0.07318066,0.037198372,0.36246428,-0.16898218,-0.12892899,-0.054444004,-0.25707853,-0.006864385,-0.14812669,-0.07502803,0.13964498,-0.26106277,-0.08526266,0.57280695,-0.05791276,0.7227628,0.2340382,0.08663182,0.14274012,-0.22326103,0.2990938,-0.1573316,-0.13703659,-0.14135604,-0.18794236,0.0012861893,-0.24303564,-0.110555775,-0.6638728,-0.27716893,-0.06412178,-0.1242984,0.6416135,0.1305646,0.24041927,0.22489068,-0.26973286,-0.042194545,-0.12667812,0.11389051,-0.43980256,0.025571361,-0.0036344472,0.2517738,-0.015839158,0.38208258,0.07348551,0.15033379,-0.28459692,0.26021928
KCL-22,-1.8875211,-1.0074321,0.9718255,-0.55216134,-0.34849855,-0.11978609,-1.3440095,-0.9387842,0.027127404,-0.34551227,2.1488824,-0.7009189,-0.8563782,-2.0258038,1.3206366,0.47694653,-0.13526508,1.4660572,-0.7132082,0.06304473,-1.1713417,-1.3179948,-1.6158208,-1.6808589,0.7586983,0.94141823,-0.90150875,0.7135001,-2.2638035,-1.9730724,2.3160603,0.4128365,-1.0112423,0.23183206,0.7692667,0.47128615,-0.7810577,-0.19071107,1.7840028,-0.97598827,1.1421579,0.9674052,1.5888854,0.2671668,-1.7794219,-1.4170308,-0.6394751,-0.06412269,0.1764621,1.8322804,-0.61231786,-2.3762677,-0.94065416,-2.1172621,0.47551632,0.72580415,-0.12040518,1.4909106,-0.63777375,0.2046024,1.6537894,-0.4212233,1.1990699,-0.2162844,0.087550744,0.029632434,0.37000054,0.9085613,-1.3426524,-0.5359375,-0.9969573,-1.6463147,-0.7398048,1.6236866,-1.3066188,-1.203381,-0.5913691,-0.80660427,-0.5111257,1.1930683,1.1911771,-0.51520807,-1.0909246,-1.5407989,0.8624624,1.3161333,0.87622726,-0.22157568,1.109201,0.8997046,1.4755852,-0.69265115,1.2450218,-0.4873273,-0.30868363,0.062304698,1.7372693
OUMS-23,0.89897263,0.8171842,0.3252269,-0.48214686,-0.28724068,0.047856636,0.15916258,0.112939,0.0588018,-0.81792504,0.1703114,-0.37755355,1.0126938,0.2720668,0.103366956,0.71394193,0.40648586,-0.030819532,0.37879542,-0.525302,0.377663,0.73901796,0.8471415,0.70001537,0.1935112,0.26770216,-0.14796999,0.5551834,0.82047045,-0.030919868,-0.64590985,-0.6157605,1.4475123,-0.7244495,-0.637512,-0.060426697,0.6881973,-0.34998223,0.01657715,-0.8838432,0.46947393,-0.80529624,0.3101096,-0.36825788,0.15330365,1.0212659,-0.527033,-0.9425044,0.22934663,-0.45429212,-0.37286893,0.82978797,0.71394,0.37727937,-0.6737557,-0.72060984,-0.23750883,-0.4731285,-1.0771884,-0.50109136,-0.022717398,0.691469,0.58811235,0.012920234,0.33851907,0.2780473,-0.9740064,-0.116877645,0.005164318,0.4667578,0.76473826,0.053977847,0.96098524,-0.8251584,-0.5962982,-0.33356798,0.38850158,-0.049372766,0.027308287,0.0783721,-0.31233,0.35006943,1.3091903,-1.0082506,-0.27850288,-0.7350125,0.30951756,-0.85764694,-0.36764747,-0.12215612,-0.084110804,0.09951608,0.51259696,0.66950375,0.2973271,0.3043834,0.083254114
SK-MES-1,2.2449932,1.9562991,0.907793,-1.6351924,0.19496253,0.5012095,0.15101883,0.32491487,-0.53796744,-2.4966671,0.9234084,-0.33677906,1.61282,0.70975107,0.57099086,1.8747094,1.1842228,-0.7242835,0.90122956,-1.775717,0.15321034,2.7008212,2.1387043,1.8722821,-0.5412705,1.1708735,-1.2704715,1.2280304,1.6363308,0.100212105,-0.6595348,-0.53931475,3.5240707,-1.0351986,-1.3618327,0.20074815,0.46067595,-1.3420011,-0.16227548,-1.77134,1.9907373,-2.7089696,1.888326,-0.62665844,0.244249,3.5786283,-1.4719672,-2.2977765,1.3924093,-0.47500986,-0.96649635,2.8928127,2.0923223,0.47326607,-2.465704,-1.6210486,-0.58256346,-0.307798,-2.7936196,-0.15191972,-1.4307612,2.733241,0.44079536,0.10531965,1.3906114,-0.24434908,-1.5787244,-1.0103303,-0.7761313,1.8943274,1.9410582,0.8921472,2.6053305,-0.5844604,-1.7196558,-0.9285175,0.6280021,0.49111715,0.3298748,-0.8831044,-1.5302118,0.7571452,3.2478075,-3.4807389,-0.40336564,-1.0615945,0.2552477,-1.6183627,-1.3451568,-0.033698104,0.004761887,-1.0269165,1.0185517,1.7720133,0.28334525,1.4327146,0.36606273
LN-229,4.8666215,4.954892,1.0615087,-3.4608467,2.116376,1.259016,0.027811406,-0.001273985,-3.3469856,-8.077028,5.212467,-0.208414,2.2344337,1.0559671,0.7152323,5.499312,3.0379207,-2.37218,1.5183018,-5.7408714,-1.0774677,9.145203,4.0272784,5.2790885,-1.9235649,3.4836872,-5.3496385,2.10207,3.0555696,1.7144992,-1.6531149,0.4338562,9.957475,-1.1528032,-1.9936188,1.8081108,0.68632025,-4.021908,-0.11623163,-3.1713326,6.3062325,-8.131773,6.1533275,-2.1723435,-0.53377545,10.429485,-3.2126706,-6.6365633,3.5084677,0.11306958,-2.5808775,8.626734,6.5191407,0.5215388,-6.646398,-3.2253432,-2.4193451,1.2290461,-7.273556,1.1146097,-5.7841134,8.5366535,0.10849825,1.6841133,3.9593103,-3.783624,-3.7737355,-3.156973,-2.595612,5.299721,4.004154,2.8888516,7.3203464,1.3278985,-5.5567727,-2.4613464,-0.08691405,1.4067351,1.9524044,-3.6852098,-3.7843392,1.3616353,8.814849,-9.983528,-0.57777953,-0.577733,-0.19312002,-2.3250751,-3.4915307,0.5941676,-0.20618622,-3.8073096,3.0396552,5.165308,-0.73183334,3.8964713,1.4023204
Hs 600.T,-1.954747,-1.0094713,1.1110053,-0.6072415,-0.40092844,-0.14682564,-1.4893903,-1.0597445,0.050422043,-0.23457044,2.1807704,-0.70643264,-0.9155874,-2.1470177,1.4527866,0.47785518,-0.08862944,1.5458546,-0.5980503,0.14882259,-1.2440246,-1.4803194,-1.6414514,-1.7739781,0.7797686,1.0836673,-0.85946864,0.7220797,-2.3616943,-2.1106553,2.371784,0.42972,-1.1476822,0.24911958,0.7828859,0.512764,-0.7009956,-0.17634319,1.9354048,-1.0199201,1.0999866,1.0645721,1.5276787,0.34966707,-1.7872372,-1.4726577,-0.6884291,-0.0006725937,0.15817395,2.0047903,-0.5953197,-2.505865,-1.0432148,-2.1770844,0.5371433,0.7552306,-0.010120664,1.4991802,-0.7102044,0.256964,1.7718805,-0.4722033,1.2983555,-0.29845017,0.0017343424,0.0069100778,0.3538975,0.93262357,-1.4669361,-0.55500275,-1.0878756,-1.7687582,-0.79615474,1.6557542,-1.3008109,-1.3115441,-0.54271394,-0.80548596,-0.54549897,1.2621464,1.2350391,-0.5213074,-1.2142707,-1.6137528,0.9009827,1.3639631,0.86331284,-0.29529965,1.0987881,0.8243721,1.6327864,-0.7278657,1.2126812,-0.5754477,-0.33449402,0.05803193,1.7131029
BDCM,-1.9504805,-1.0124362,1.1101935,-0.61784464,-0.42591918,-0.1757673,-1.4679447,-0.9928245,0.06278066,-0.21271333,2.2029846,-0.716394,-0.90089154,-2.0888972,1.4165479,0.44716254,-0.07435056,1.5325637,-0.6255697,0.13724586,-1.2294532,-1.4392802,-1.6287388,-1.7578928,0.819276,1.0460442,-0.88753456,0.7387343,-2.3561373,-2.077609,2.3653793,0.38915625,-1.1030045,0.21104923,0.77378494,0.51087785,-0.6975398,-0.17728063,1.8984648,-1.0710709,1.1257893,1.0721267,1.5734321,0.32202315,-1.7692865,-1.4844223,-0.682135,-0.015447922,0.1669536,1.9918196,-0.5867304,-2.4855323,-1.0234079,-2.1800027,0.5252404,0.7218044,-0.05588122,1.4889711,-0.6861439,0.23232347,1.7832454,-0.4619086,1.3114227,-0.2738102,0.051373925,0.03981036,0.34841827,0.97016966,-1.4584924,-0.54345196,-1.0646074,-1.7426968,-0.7824567,1.5966283,-1.2868403,-1.3000705,-0.584309,-0.8263135,-0.5526197,1.298736,1.2182779,-0.4837553,-1.1851313,-1.5819801,0.8892097,1.3449473,0.8946504,-0.29717928,1.0937911,0.8557175,1.6092837,-0.7279523,1.2304739,-0.5714457,-0.32198077,0.02979833,1.7322364
CA46,-1.6843259,-1.1006867,0.5276876,-0.19056451,-0.026493462,0.07476381,-0.8037911,-0.5975785,-0.055172957,-0.5685397,1.7879333,-0.46714604,-0.825369,-1.6064303,0.77712184,0.56868285,-0.3390881,1.1684561,-0.8740398,-0.10995741,-0.9507735,-0.75359035,-1.5229907,-1.278887,0.4454418,0.53080773,-0.8702617,0.46724072,-1.8198477,-1.4194937,1.9637535,0.506414,-0.6548294,0.31507346,0.7387369,0.34460226,-0.96008086,-0.3691477,1.1982579,-0.5004877,0.7971568,0.70242286,1.4615253,0.17760168,-1.6416575,-1.1596379,-0.35708156,-0.016911834,0.20916864,1.2324901,-0.6355773,-1.7046412,-0.72748995,-1.696783,0.41921267,0.76374006,-0.33885995,1.4473987,-0.23672803,0.14244756,1.0274906,-0.3383767,0.62699515,0.010458779,0.06637211,-0.015777415,0.5644887,0.5857144,-0.86189616,-0.47840062,-0.7487711,-1.1277435,-0.49178666,1.6089019,-1.3720924,-0.7806257,-0.53332794,-0.47392648,-0.2437914,0.73966295,0.97132695,-0.5998255,-0.9230705,-1.3177204,0.67658293,1.154289,0.7903075,0.16364263,0.9513958,0.83255154,0.95506984,-0.44799232,1.1545237,-0.3649112,-0.2639393,0.22255664,1.6796615
HK-2 [Human kidney],-1.9836315,-0.996889,1.1415181,-0.6329129,-0.4277268,-0.16129506,-1.5274817,-1.0815672,0.07210663,-0.20531902,2.1917796,-0.7198988,-0.9119662,-2.1703873,1.4846457,0.4620221,-0.081535555,1.5658981,-0.5730717,0.16279028,-1.2584742,-1.5176347,-1.6394838,-1.7889109,0.8077945,1.1187339,-0.8611748,0.75421244,-2.3875341,-2.1575727,2.395345,0.41096318,-1.1769967,0.23497269,0.78380376,0.52746785,-0.6775868,-0.16874729,1.9648226,-1.0585151,1.1023837,1.0893455,1.5198619,0.35927737,-1.7912188,-1.4887588,-0.6985266,0.00825233,0.15832484,2.0612068,-0.5919211,-2.5365672,-1.0643308,-2.1847405,0.5373477,0.734552,0.00089860335,1.490091,-0.72727275,0.26217514,1.8131669,-0.47885478,1.3496387,-0.30831453,-0.0031948946,0.01688148,0.3398416,0.9630578,-1.4848852,-0.55869913,-1.1081917,-1.7968488,-0.8113943,1.6418493,-1.2770978,-1.3506893,-0.54260963,-0.8167991,-0.5510541,1.2904772,1.258499,-0.49698877,-1.211298,-1.623016,0.90645295,1.3677009,0.8647433,-0.32639387,1.0880862,0.8255358,1.6727595,-0.7425305,1.2045621,-0.59424216,-0.33168495,0.044678804,1.717283
JHH-7,1.1781403,1.1818701,0.35571688,-1.0669305,0.78915805,0.25098544,0.08535922,0.10290686,-0.79171056,-1.99772,1.3808402,0.07875991,0.32750535,0.47669408,0.019985769,1.3947358,0.62594366,-0.5715176,0.37646794,-1.565878,-0.44275966,2.3728073,1.1586019,1.3299735,-0.6628711,0.9221112,-1.5365199,0.52784586,0.8220071,0.4690149,-0.2977241,0.19391161,2.5123801,-0.15702558,-0.5012931,0.47607598,0.028971199,-1.0498291,-0.13444504,-0.73784995,1.5921016,-2.091924,1.5592217,-0.33240336,-0.30764845,2.6052635,-0.8126967,-1.6005278,1.1425663,0.1285444,-0.7745748,2.294084,1.6527874,0.085782126,-1.8226478,-0.9051093,-0.69771856,0.5396494,-1.6551088,0.38262057,-1.617857,2.2551434,-0.10460063,0.6574786,1.0852289,-0.7994603,-0.57227784,-0.8534314,-0.67283267,1.3070608,1.0313878,0.9197926,1.9571998,0.47541252,-1.4513105,-0.7357973,-0.109247714,0.50920874,0.5076711,-0.857416,-1.180559,0.34934488,2.2229552,-2.6711323,-0.10963056,-0.10070309,-0.04014729,-0.55372286,-0.9692274,0.117747955,-0.042933676,-0.9929838,0.8433052,1.2404922,-0.067133665,1.0936464,0.5034463
SW403,1.4406892,1.6403503,-0.14994314,-0.6549083,0.99430966,0.15094897,0.043203503,-0.24806024,-1.2509389,-2.6041727,2.0793717,0.1991448,0.4009713,0.59477925,-0.06320386,1.7686719,0.7254402,-0.50818235,0.29470322,-1.9921468,-0.49315688,3.1448429,1.01931,1.6353593,-0.5764728,1.0965248,-1.575761,0.55237985,1.0546479,0.555475,-0.7085403,0.27757677,3.146164,-0.013572663,-0.24053526,0.93328846,0.5032235,-1.0845985,0.19154006,-0.7503277,2.2050996,-2.7242188,1.557087,-0.81587154,-0.5872727,3.2532713,-0.7538955,-2.1599424,0.9985271,0.048047062,-0.8128665,2.622035,1.8320615,0.14791118,-2.0923123,-0.8775346,-1.0226502,0.51785725,-2.2158825,0.32954764,-2.080667,2.7762506,0.039996706,0.8909496,1.1687866,-1.3692582,-1.1688051,-0.8899185,-0.5744723,1.416899,1.0534791,1.0053082,2.3191054,0.7475568,-2.0633752,-1.0098152,-0.31018174,0.334439,0.70369834,-1.1692656,-1.1047083,0.23435093,2.7974308,-3.1925082,-0.45781493,-0.13315192,0.08033734,-0.6607089,-0.91489756,0.06944095,-0.11529286,-0.9495683,1.2192113,1.5811704,-0.2056897,1.2510413,0.29935485
RT-112,-1.0034598,-0.3469282,0.59455144,-0.31803912,-0.064912304,-0.38866296,-1.0358537,-0.7588108,-0.1870151,0.10828635,1.8040313,-0.50953174,-0.7331174,-0.759369,0.53372204,0.4141498,-0.34885478,0.76016676,-0.27139384,-0.26806659,-0.91541904,-0.3906036,-1.0055122,-0.8577923,0.34229544,0.7089855,-0.76782274,0.3497853,-1.1082706,-0.8447054,0.95903563,0.3070983,-0.34616974,0.28685558,0.70982033,0.63503945,0.26362786,0.17897116,1.469079,-0.6185422,0.9334829,0.30578732,0.4774506,0.11962671,-1.391213,-0.6046691,-0.30028933,0.04227066,-0.0016379524,1.1347648,-0.41939056,-0.8655816,-0.37621832,-1.3549322,0.14704666,0.37387222,-0.1270729,0.9524546,-0.55637366,0.20745927,1.0631189,-0.08232278,1.0585673,0.17449977,0.08255795,-0.04511562,0.103771776,0.44191548,-0.5963741,-0.3481315,-0.6617886,-0.92651296,-0.27894747,0.9079983,-0.9016735,-1.2329865,-0.66781133,-0.2841909,-0.30473822,0.93086195,0.5801792,-0.23247778,-0.34389114,-0.87693316,0.25294048,0.39213192,0.46172488,-0.2023336,0.5838828,0.1626682,0.99641657,-0.41509932,0.9884288,0.09534623,-0.059494637,-0.18384574,0.80262136
LS1034,2.2280006,1.9581964,0.7462684,-1.1997966,-0.20666163,0.2807065,0.10841207,0.03202996,-0.31078172,-2.089782,0.6347371,-0.4663448,1.7915235,0.74780536,0.61174107,1.495485,1.0197521,-0.40982252,0.9182444,-1.4303111,0.29305956,2.0280669,2.021043,1.66552,-0.19082707,0.88874847,-0.4950422,1.0068676,1.6237253,0.07099276,-0.8651642,-0.7103281,3.0813706,-1.1428298,-1.1929226,0.056365713,0.99913555,-0.9628803,0.27857584,-1.710369,1.5669819,-2.2374146,1.1769096,-0.9840486,0.20050187,2.8198264,-1.2275163,-2.2590687,0.94563615,-0.7195894,-0.77010286,2.043204,1.7204438,0.6039238,-1.8326524,-1.3358079,-0.5166017,-0.61964923,-2.6412911,-0.5110394,-0.72205245,2.0900311,0.8489325,0.018000387,0.90965265,-0.096177444,-1.9115528,-0.73299843,-0.54959786,1.4953927,1.7435651,0.33219486,2.3885064,-1.0405669,-1.495811,-0.86684376,0.50322735,0.10092969,0.21898736,-0.4507523,-1.0374898,0.5765083,2.7149122,-2.8760207,-0.34004933,-1.213185,0.41428208,-1.8220348,-1.0140021,-0.20488043,-0.03342143,-0.48609817,0.9743505,1.5254408,0.58308035,1.0065309,0.106927134
Li-7,3.2432837,3.0624352,1.3167791,-2.7304182,0.7884651,0.97779596,0.050504945,0.19572785,-1.3650199,-4.413425,2.2026958,-0.4490286,1.8073967,0.6522603,0.9146321,3.208335,2.0617597,-1.463821,1.3677915,-3.2083206,-0.31796166,4.70459,2.9478216,3.0608122,-1.1571708,2.1120105,-2.9212286,1.5341935,1.910047,0.7354255,-0.9317226,-0.17787376,5.7759404,-1.2769235,-1.7308004,0.44974557,0.47976062,-2.4153864,-0.123645976,-2.40451,3.381361,-4.4380426,3.7017927,-1.0734496,0.21144588,6.0454936,-2.38918,-3.8183856,2.3272963,-0.07042539,-1.6232848,5.005795,3.8161385,0.35401383,-4.026811,-2.223774,-0.8746967,0.30539715,-4.4987216,0.48274094,-2.8318634,4.8346887,0.2605111,0.4816027,2.2799373,-1.6481463,-2.3042467,-1.8083603,-1.854482,3.1869698,2.8038611,1.4793248,4.2615137,-0.09216127,-2.8876908,-1.368241,0.4314785,0.8612817,0.9652243,-2.0485983,-2.4136283,0.91096646,5.1444864,-5.894868,-0.08253105,-0.6823063,-0.101455584,-1.9357553,-2.2026331,0.104792066,0.07403691,-2.307112,1.5413499,3.0468402,-0.2134909,2.474253,0.77104735
OVKATE,-1.3569932,-0.44228444,0.6104183,-0.43272138,-0.11632748,-0.2186639,-1.0833634,-0.6394913,-0.017641675,0.030421082,1.6427592,-0.5643997,-0.6740699,-1.2024884,0.7404516,0.23021616,-0.36235029,0.9555138,-0.2573233,-0.14107013,-0.91962886,-0.625855,-1.078333,-0.90318805,0.4783768,0.7830593,-0.8914724,0.6479671,-1.2511219,-1.2425714,1.4109337,0.3063987,-0.54063785,0.13709956,0.64750105,0.6770858,-0.21675694,0.14112847,1.3779025,-0.6245556,0.79396045,0.45158702,0.7645452,0.27898505,-1.3900707,-0.7962503,-0.28991935,-0.13062346,-0.027606072,1.3769411,-0.34541377,-1.212704,-0.58041346,-1.4813848,0.1504048,0.44148654,-0.27727062,1.0210763,-0.54767853,0.17461665,0.99646616,-0.14752364,1.2226644,0.060884964,0.12814063,-0.025179766,0.13154164,0.5732705,-0.7271713,-0.29728043,-0.7815077,-1.1860958,-0.6760025,1.05424,-0.8276704,-1.1554227,-0.7165739,-0.40812016,-0.23718546,0.8787039,0.89469045,-0.17846958,-0.42838782,-0.97280324,0.31096333,0.6130818,0.40137804,-0.13576521,0.6435367,0.45196348,0.9177547,-0.5704601,0.8685168,-0.21501939,-0.082787186,-0.19342878,1.1112279
J82,0.18076998,0.42770606,0.030962005,-0.10083088,-0.21034665,-0.87621504,-0.2079587,-0.15141687,-0.11497577,-0.49087894,1.2955167,-0.49609196,0.15610038,0.72771436,-0.1803716,0.28542814,-0.1877344,0.2051693,0.18637742,-0.6395198,-0.15508777,0.82191,0.23913966,0.52546835,0.46445614,0.12366928,-0.25751328,0.2745974,0.30935323,0.23492599,-0.44004163,-0.23771456,1.1844841,-0.27500856,0.2798969,0.38548797,1.0440801,0.26297203,0.6256006,-0.8830421,0.97153413,-0.6022351,0.01488996,-0.6875432,-0.7490893,0.3823151,-0.28421035,-0.5441246,-0.047132783,-0.09174378,-0.45658195,0.49197218,0.5960549,-0.06967491,-0.3421709,-0.35721362,-0.49953723,0.120655075,-0.5327856,-0.20720702,0.5225742,0.5135372,0.91314125,0.7454177,0.5490659,0.40264818,-0.57870126,-0.0511234,0.39062744,0.16045555,0.28047717,-0.33420599,0.98011285,-0.44921857,-0.75320834,-0.99064916,-0.8025701,-0.20243512,-0.098835275,0.9376121,-0.09737681,0.1262065,0.73707867,-0.7255199,-0.33284682,-0.8262903,0.5847183,-0.5524614,-0.15733768,0.03549853,-0.107256494,0.19282837,0.8670692,0.5920547,0.64186716,-0.18626437,0.28309968
NCI-H1436,0.1691648,0.7840916,0.08571883,-0.044718556,-0.8120397,-0.7668223,-0.71947867,-0.53095806,-0.29177466,-0.79820937,1.961347,-0.7672122,0.40488994,-0.06482487,0.35235217,0.67464215,0.35786867,0.18475987,-0.11241317,-0.64916754,-0.3819485,0.6009619,-0.12210927,0.4009304,1.1821098,0.23657377,-0.25905475,0.643128,-0.10433359,-0.109787904,-0.9609099,0.024719872,1.3039353,-0.7780394,0.35320285,0.80269194,1.1518048,0.7166286,0.8112795,-1.0579275,1.656235,-0.8336448,0.054124117,-0.9734317,-0.8861082,0.5608898,-0.6893463,-1.4491613,-0.09872384,0.58682334,-0.45419437,-0.18578312,0.6913351,-0.3457826,-0.42631873,-0.631074,-0.9617738,0.049662855,-1.2719263,-0.8274759,0.82135653,0.71303576,1.7339225,0.2968062,0.4532012,-0.09056228,-1.5254297,0.26783574,-0.0214272,0.18308945,0.14621788,-0.7537041,0.76933587,-0.33837193,-0.88662165,-1.4177947,-0.5694705,-0.30078322,-0.29391193,0.67289233,-0.08237724,-0.09919487,1.6817164,-1.1985545,-0.34736827,-0.66794795,0.62642473,-1.3076917,0.09289068,-0.14211294,0.3446379,0.8280807,1.0181298,1.1876417,0.4210725,-0.017770834,0.17295346
GI-1,3.1436303,2.8410668,1.2923934,-2.168743,0.12473121,0.81479484,0.09829886,0.14206819,-0.80988246,-3.476398,1.2660993,-0.54638135,2.2232594,0.70065194,1.0108721,2.6399515,1.801424,-1.0936755,1.3669951,-2.3678777,0.19985753,3.5660386,2.900464,2.613945,-0.65238255,1.7233952,-1.6589136,1.5295053,2.113217,0.23622867,-1.0454984,-0.7353278,4.829256,-1.4641013,-1.841019,0.147201,0.8282821,-1.7646143,0.096965745,-2.3799098,2.7202027,-3.6764653,2.5636888,-1.0050036,0.45726433,4.996031,-2.0921447,-3.3633642,1.7693468,-0.5650119,-1.1968994,3.8479772,2.9458282,0.6523795,-3.2341084,-2.0297666,-0.6790056,-0.49491102,-4.0932155,-0.16749673,-1.8704168,3.7900927,0.7428947,-0.005308222,1.7043661,-0.71108055,-2.4993057,-1.3268602,-1.3037337,2.6526773,2.566597,0.9408141,3.4678295,-0.8336267,-2.3182971,-1.1299899,0.84696394,0.511388,0.54146075,-1.4110851,-1.9054424,0.9729768,4.3987694,-4.7829556,-0.3155962,-1.2412255,0.15894869,-2.260506,-1.7007961,-0.11524596,0.101797506,-1.513261,1.2356377,2.4718018,0.2784772,1.9201443,0.33406553
CAMA-1,2.9561567,2.6616445,1.4665923,-2.3978028,0.44033563,0.9509124,0.15393078,0.36729068,-0.9518617,-3.8313875,1.5874109,-0.5024047,2.0698814,0.586699,0.85746056,2.8603835,1.869394,-1.3389767,1.2646997,-2.5850952,0.1830299,4.073966,2.9246206,2.7531643,-0.84978455,1.9612855,-2.3289807,1.7557269,2.0340447,0.30254072,-0.692697,-0.45430982,5.1238976,-1.3297977,-1.9832008,0.18309118,0.29143786,-2.167826,-0.25277585,-2.2892637,3.0344384,-3.9989793,3.1270256,-0.7490514,0.34010696,5.513094,-2.1917818,-3.2757657,1.9989512,-0.3633207,-1.3275315,4.485732,3.1795099,0.53629565,-3.6392708,-2.2664227,-0.8219713,-0.14708339,-3.9829972,0.06914666,-2.3865683,4.2205067,0.4074541,0.13855872,2.2076285,-0.790251,-2.09107,-1.5056319,-1.26262,3.016405,2.6253805,1.4659066,3.6791208,-0.35282215,-2.5685606,-1.1648239,0.9300554,0.80680966,0.5788569,-1.4935298,-2.2391522,1.126938,4.735649,-5.179054,-0.36782077,-1.1414288,0.13327622,-1.9561137,-2.0761423,0.14172526,0.059352856,-1.9081131,1.2695401,2.5387669,0.12401884,2.1311908,0.6525359
1321N1,6.450775,5.6323547,2.0957677,-3.0274749,-1.6143029,0.9876732,0.25833976,0.18932372,-0.6429269,-5.951623,1.9502876,-2.1113553,5.660322,1.6252638,2.0924304,4.588241,3.0868266,-1.3970833,2.5532053,-3.8638363,1.1625947,5.9209085,5.5070343,5.158961,-0.06268661,2.4891956,-0.9269629,2.87851,4.641118,0.3421182,-2.8632007,-2.2859843,9.158271,-4.3498206,-3.4715097,-0.094363704,3.7064652,-2.6144779,1.0756369,-5.526533,4.1697555,-6.1687503,3.4190953,-3.5213234,0.8224449,8.052347,-3.8385212,-6.8772125,1.8937674,-2.3646748,-2.0506854,5.3693414,5.371116,1.8762534,-4.315091,-3.3962336,-1.7852778,-2.72457,-7.9824715,-1.8773502,-1.0665413,5.62939,3.2196555,-0.4964101,2.3842957,-0.19759643,-6.5073266,-2.1053689,-1.4688876,4.417293,5.1256347,0.1571537,6.9804325,-3.667401,-4.365445,-2.5122187,1.2996191,-0.029711884,0.55730367,-1.2200899,-2.398383,1.4508059,7.971374,-7.9161534,-0.83721787,-3.936074,1.5891701,-5.569896,-2.599184,-0.85783595,-0.11280356,-1.0940588,2.6982727,4.9404936,1.8389149,2.4978418,0.01629074
HD-MY-Z,1.6710663,1.6012247,0.7701417,-1.4389598,0.21574655,0.5662883,0.07545505,0.16304953,-0.46491504,-1.995652,0.71408,-0.21126911,1.1448281,0.36219865,0.64303255,1.5247551,1.0319302,-0.67752403,0.7547999,-1.3706324,0.1371696,1.9930137,1.4760075,1.4145628,-0.5179625,1.0582896,-1.1649731,0.8752082,1.1398169,0.0692953,-0.5719191,-0.3806545,2.6533685,-0.83016133,-1.1405371,0.08345944,0.20739408,-1.0667062,-0.11747735,-1.2694283,1.5910898,-1.9821814,1.5438774,-0.39826292,0.4096809,2.8824475,-1.2774681,-1.8095675,1.1283444,-0.18296185,-0.6843381,2.3565476,1.6728716,0.31293938,-2.036754,-1.2047755,-0.26690876,-0.116173774,-2.2942562,0.0064849015,-1.2020112,2.2172973,0.11876143,-0.081181094,0.96479255,-0.47978058,-1.2042332,-0.7035067,-0.8717927,1.474508,1.4107683,0.73626226,1.7877227,-0.33300713,-1.2460929,-0.5994558,0.6324755,0.46856764,0.4003376,-1.0149297,-1.1644701,0.54658973,2.5022986,-2.7402601,-0.1339642,-0.5514862,0.0675692,-1.1717345,-0.94445795,-0.062041335,0.14936335,-0.90840375,0.60065496,1.3886206,-0.045151256,1.2400423,0.28306833
Calu-1,1.7427083,1.568274,0.62493664,-0.9432812,-0.21709852,0.3265158,0.06066095,0.030966166,-0.2358148,-1.6622407,0.4928123,-0.4204736,1.431392,0.42006797,0.5699039,1.3063757,0.84807754,-0.3792662,0.7213104,-1.0987413,0.2876393,1.5938056,1.4944371,1.301636,-0.1480958,0.75404936,-0.47105142,0.82389414,1.2287222,0.02616074,-0.7197472,-0.6179628,2.4513078,-0.98150337,-0.9666448,0.017647637,0.77560884,-0.78750217,0.21768418,-1.3644571,1.2105671,-1.718558,1.0416515,-0.75567,0.2395701,2.2921803,-1.0747949,-1.8481085,0.72149706,-0.5202083,-0.5998998,1.6259512,1.3659651,0.41032267,-1.443604,-1.0063428,-0.34337848,-0.53160983,-2.1750145,-0.38746917,-0.5594698,1.6702918,0.660863,-0.09614788,0.66676766,-0.16505343,-1.5861332,-0.56103784,-0.50093,1.237049,1.3733197,0.24069808,1.7678373,-0.8168093,-1.1682553,-0.6282257,0.514856,0.0355268,0.21865827,-0.48264638,-0.7835727,0.4704285,2.2080317,-2.284284,-0.24275236,-0.9352301,0.29884136,-1.4559475,-0.74551827,-0.20991684,0.05280709,-0.42211813,0.7230064,1.2448822,0.3250145,0.8698303,0.055995382
BICR 6,-1.2677149,-0.5930362,0.7506549,-0.38475418,-0.2086924,-0.27562338,-1.0793362,-0.70345926,-0.067041874,0.01337116,1.8216839,-0.5356232,-0.75207895,-1.0986124,0.8212146,0.33810952,-0.16013643,0.95225817,-0.4231641,-0.066875026,-0.9339147,-0.710095,-1.1268396,-1.1260983,0.53313667,0.7596072,-0.8406505,0.45750058,-1.5584683,-1.1958351,1.3564718,0.28826582,-0.60114086,0.20587316,0.636689,0.5472332,-0.14783062,0.02116424,1.4289703,-0.8030751,0.9743192,0.5900093,0.9141208,0.19637607,-1.3402001,-0.928848,-0.4249606,0.023885157,0.037419796,1.3981535,-0.37027803,-1.3963058,-0.5676286,-1.5860906,0.23192328,0.4765873,-0.108322054,1.0732104,-0.52347195,0.15700616,1.2755404,-0.23133415,1.0434598,-0.010278545,0.10267052,0.037757218,0.23827654,0.66562146,-0.8855604,-0.35140255,-0.75273573,-1.0926976,-0.4463365,1.0607004,-0.8637861,-1.1122645,-0.61759037,-0.5202423,-0.36198866,0.9701468,0.6976691,-0.28435886,-0.6381926,-0.99997437,0.47289732,0.6962682,0.6632962,-0.20927809,0.77564657,0.41467586,1.1198682,-0.51640207,0.96654755,-0.18122841,-0.18848237,-0.084217474,1.0649078
CL-34,3.7682588,3.1132815,1.1942718,-1.9049038,-0.35764807,0.1460689,0.13293463,0.21464014,-0.62355894,-3.8756118,1.78942,-1.2919505,2.9573872,1.6178308,0.79427195,2.5519743,1.5666804,-0.71719056,1.7072212,-2.8300385,0.33995965,3.9947903,3.7199857,3.3617601,-0.31969568,1.3566294,-1.0669267,1.6778402,2.7003973,0.7639569,-1.2808498,-0.7614902,5.7458286,-1.915536,-1.7451167,0.1914487,1.8058391,-1.8325294,0.44323692,-3.0972295,2.9573858,-4.1052613,2.4703012,-1.9419405,-0.14846452,5.201968,-2.1681871,-4.15654,1.7208614,-1.2369075,-1.5902463,3.5289016,3.598644,0.963398,-2.916332,-2.1355066,-1.4445158,-0.9532867,-4.460972,-0.7283587,-1.3032357,3.8854234,1.6216208,0.5717989,1.9563762,-0.35045838,-3.0764735,-1.503894,-0.7868939,2.8432205,3.1432164,0.54133904,5.0202065,-1.570462,-3.048732,-1.8335295,-0.014881775,0.31509975,0.34650877,-0.52948123,-1.9236206,0.817811,4.6770625,-5.1437035,-0.5416165,-2.3670092,0.9510438,-3.168129,-2.0571508,-0.14399783,-0.4626329,-1.1121937,2.1654289,2.7453961,1.4995923,1.4601555,0.5170359
HEC-265,-2.031964,-1.0159047,1.1283939,-0.59744483,-0.36621088,-0.11731506,-1.5612975,-1.2167096,0.040099464,-0.29022413,2.214713,-0.7284552,-0.95554763,-2.322347,1.5510567,0.5267792,-0.15136306,1.6022154,-0.57028115,0.15076275,-1.338239,-1.5748158,-1.7190614,-1.829326,0.71938014,1.1978576,-0.86575425,0.742908,-2.417372,-2.2240872,2.4519665,0.52119434,-1.2410929,0.28659698,0.84776604,0.5459085,-0.69062537,-0.16536012,2.0710077,-0.95237803,1.1108619,1.0768468,1.502221,0.38971627,-1.8874661,-1.4727576,-0.72230434,0.008825164,0.17066641,2.0809827,-0.6374752,-2.5860672,-1.0951157,-2.2333941,0.55678004,0.8285414,0.060819667,1.5513995,-0.77963823,0.32331637,1.8032055,-0.50793356,1.3226434,-0.3252603,-0.079273924,-0.051292516,0.35506365,0.8799172,-1.5051794,-0.5750274,-1.1459496,-1.8577378,-0.8452018,1.8055084,-1.3363544,-1.3886172,-0.5064674,-0.7974095,-0.55982494,1.2486069,1.3137164,-0.5729073,-1.2475964,-1.7212174,0.94830614,1.410269,0.8231778,-0.31003553,1.148192,0.8110466,1.7210028,-0.74494904,1.2229459,-0.57802117,-0.34209254,0.078093566,1.7375441
KP-4,2.647359,2.382776,1.3701816,-2.2150595,0.06769914,0.81690323,0.09747197,0.3564511,-0.52212125,-3.0756314,0.9913385,-0.64074785,2.0191603,0.34126288,1.0711277,2.4161325,1.6706741,-1.072257,1.343055,-2.053622,0.21194115,2.992091,2.4564977,2.1975777,-0.649876,1.498298,-1.7781894,1.3524191,1.7066551,0.16653594,-0.8174515,-0.64569247,4.26381,-1.438103,-1.7490878,-0.054648697,0.4106577,-1.7156463,-0.12784687,-2.196712,2.335867,-3.0007415,2.5978405,-0.7984203,0.64548135,4.3944674,-2.1514976,-2.8422902,1.6857857,-0.38028792,-1.1746806,3.4810584,2.7566931,0.4695719,-2.9237483,-1.8194845,-0.41481695,-0.33358973,-3.7075408,-0.045056887,-1.5694278,3.3314672,0.42941335,-0.2052289,1.5385461,-0.70848244,-2.0277104,-1.2011428,-1.3799629,2.4576888,2.3008003,0.6763669,2.8732867,-0.74802387,-1.9968698,-0.909357,0.8678747,0.5621302,0.50758785,-1.3663139,-1.738865,0.81486106,3.8569455,-4.1812215,-0.07419809,-0.92341167,0.12872377,-1.9259754,-1.5612161,-0.07371801,0.22248636,-1.4665802,1.0089724,2.1636589,0.017949104,1.8526692,0.46434572
HCT 116,-2.0558727,-1.0373821,1.1756244,-0.6644082,-0.45250505,-0.1932902,-1.5385765,-1.0195593,0.084395304,-0.18416816,2.3317974,-0.751263,-0.95588446,-2.1860654,1.4465758,0.43671098,-0.06816932,1.622171,-0.62832713,0.11305739,-1.3047287,-1.5079244,-1.7320912,-1.8442683,0.85731673,1.1042893,-0.93355197,0.77099824,-2.4627519,-2.17066,2.5435085,0.3762699,-1.1391866,0.20957208,0.8306123,0.52956605,-0.6744492,-0.19464621,1.9729257,-1.149877,1.165944,1.150467,1.6472981,0.36959136,-1.8572162,-1.5264351,-0.71071994,-0.021007232,0.1900628,2.0857902,-0.5842688,-2.5803149,-1.0863595,-2.3028266,0.54849964,0.76294696,-0.07042198,1.5622002,-0.69405097,0.2555598,1.8705728,-0.47163105,1.4011866,-0.23713362,0.07584728,0.06720779,0.34173873,1.0078645,-1.5392755,-0.59270287,-1.0908464,-1.8020868,-0.84086865,1.6215674,-1.3188436,-1.3831913,-0.6188162,-0.86004734,-0.5516936,1.376752,1.3051109,-0.48453444,-1.211075,-1.632373,0.9744586,1.409427,0.89692706,-0.3135727,1.153599,0.90797675,1.6831125,-0.7783513,1.301235,-0.59768,-0.35720733,-0.0051277913,1.8035748
SNU-1040,-1.1957356,-0.4687491,0.7904102,-0.38894492,-0.2342427,-0.35591298,-1.0681102,-0.653893,-0.022649255,0.10394122,1.6459681,-0.4981867,-0.6588223,-0.9867308,0.7217244,0.2921535,-0.16085623,0.88013524,-0.27328333,-0.010478098,-0.880124,-0.73524475,-1.0186362,-1.0364118,0.46903244,0.772957,-0.7598268,0.45185772,-1.4435583,-1.1943464,1.323875,0.14909801,-0.5805074,0.11450151,0.59359044,0.47516197,0.026288692,0.089500844,1.4121307,-0.83485615,0.84552634,0.5816286,0.75873756,0.15626284,-1.2243307,-0.8602153,-0.3901853,0.059590355,0.055350915,1.3285879,-0.29564124,-1.2620693,-0.6069521,-1.409632,0.23027042,0.351582,-0.048646007,0.9279271,-0.4542023,0.17828847,1.2941935,-0.2705663,1.0823174,0.013983257,0.103845865,0.11430194,0.09271659,0.6561895,-0.89125663,-0.3189516,-0.6973565,-1.01955,-0.4772532,0.8780243,-0.6641853,-1.0722895,-0.5374348,-0.47190726,-0.31654236,0.97892916,0.65757865,-0.16301802,-0.6045522,-0.92557627,0.4430962,0.59424925,0.58516157,-0.3213905,0.6332954,0.36913332,1.1153512,-0.5156222,0.8504603,-0.20451757,-0.12440274,-0.16614643,0.9393927
D341 Med,-1.8914869,-0.8762674,1.0196558,-0.5702744,-0.3191572,-0.08463931,-1.4265227,-1.1356792,0.02830021,-0.2555497,1.9992956,-0.7051737,-0.8660917,-2.1000748,1.4025048,0.44602665,-0.20244977,1.4925221,-0.46386757,0.09866005,-1.1916466,-1.3964431,-1.5374299,-1.5984924,0.6744288,1.1268575,-0.790978,0.7568737,-2.1521645,-2.0390723,2.207463,0.44067356,-1.138169,0.2528961,0.7484712,0.5476718,-0.5963517,-0.12817352,1.9121602,-0.85373616,0.97492635,0.9636872,1.2710804,0.40773898,-1.7563317,-1.3433652,-0.61145604,-0.02793771,0.122433886,1.9075502,-0.58468944,-2.2726777,-0.9991571,-2.0235064,0.46320155,0.7408783,0.012946043,1.3866407,-0.72100335,0.28759927,1.6133136,-0.407263,1.3123795,-0.25748968,-0.0882332,-0.023156915,0.3066001,0.8159513,-1.2957842,-0.5499264,-1.0748445,-1.6958932,-0.77422756,1.5960069,-1.1962264,-1.328346,-0.49395508,-0.71231085,-0.4603673,1.108508,1.2371886,-0.479555,-1.0369318,-1.5260184,0.78482926,1.2092179,0.7032649,-0.27733332,1.0180297,0.7191712,1.523573,-0.7161689,1.1028553,-0.5140017,-0.2960976,0.04538517,1.5747926
HT-29,1.1149462,1.2520809,-0.0731495,-1.0258886,1.7104243,0.081981935,0.17680809,0.08712546,-1.7214837,-3.2440307,2.9201655,0.29252648,-0.25008956,0.42944485,-0.48616186,2.2363734,0.62369156,-0.7594743,0.02939818,-2.578305,-1.1620216,4.0514956,0.8087588,1.7452502,-1.0699359,1.1127766,-2.971659,0.25013608,0.7081394,1.0919112,-0.26624152,0.9235794,3.6541197,0.3820529,-0.026468396,1.1109412,-0.28540292,-1.6214854,-0.19276707,-0.49457964,2.558897,-3.1485338,2.6214907,-0.56492585,-1.0917606,3.5840979,-0.8954296,-2.3000154,1.4784609,0.40977338,-1.2492635,3.5046625,2.6197343,-0.27517396,-2.6038332,-0.8242803,-1.3885791,1.627846,-2.0335674,0.8849009,-2.8219604,3.4092288,-0.48612177,1.6427407,1.7523254,-1.8190199,-0.36808252,-1.3530657,-0.92960715,1.7741868,1.1518681,1.497304,2.7468212,1.6393542,-2.5924318,-1.1108985,-0.82817256,0.7216104,1.0140495,-1.2657151,-1.6338788,0.20761414,3.1042764,-3.8831809,-0.015142338,0.5653578,-0.2544288,-0.017066091,-1.2080564,0.58094984,-0.38143337,-1.5787992,1.6545877,1.9143878,-0.4524391,1.4713156,1.0993226
HuT 78,-2.7528043,-1.5841243,0.9836155,-0.7422866,0.05918801,-0.23972371,-1.8544611,-0.79788697,-0.24272795,-0.7478696,3.4707782,-0.8240438,-1.4368029,-2.4684644,1.2745162,0.9538435,-0.41486052,1.8628103,-1.1734427,-0.17502677,-1.9993362,-1.1466271,-2.7107573,-2.1181753,0.47524384,1.1627254,-1.8915133,0.5805646,-2.8980742,-2.2808983,3.2373953,0.87699133,-0.85401225,0.54903954,1.4691155,0.95278007,-1.204847,-0.6114022,2.3376203,-0.91070795,1.4769595,1.1117303,2.3377287,0.4319713,-2.8965752,-1.8011912,-0.55526245,-0.031034037,0.2502694,2.2154653,-0.733356,-2.7647986,-1.1607375,-3.1174023,0.4348212,1.2664627,-0.43069088,2.4240508,-0.53456396,0.35285658,1.6427014,-0.54240084,1.1809953,-0.0677518,0.29658714,-0.11030398,0.7902139,0.916668,-1.7808918,-0.5515259,-1.1878456,-2.0427139,-1.0510352,2.6453156,-2.4116843,-1.3884668,-0.9670998,-0.8726885,-0.43099266,1.661975,1.5372134,-0.8270509,-1.6992177,-2.5932305,1.2109827,1.7485975,1.3341789,0.049154863,1.4366984,1.3318155,1.9337646,-0.9112861,2.1730351,-0.41919288,-0.30894664,0.22453025,2.5940535
Jurkat E6.1,-1.0471731,-0.47232285,0.6830501,-0.36408055,-0.2807199,-0.14004415,-0.804597,-0.5192284,0.10954271,-0.004414987,1.0501606,-0.3561827,-0.42406914,-1.1101489,0.7753396,0.17865759,0.009419708,0.8399625,-0.22298193,0.16615081,-0.6138303,-0.90141445,-0.7753646,-0.91677254,0.47586423,0.59160954,-0.3668033,0.43389994,-1.2657526,-1.1721269,1.2417303,0.11343642,-0.64365125,0.05033625,0.3473984,0.23611136,-0.33332604,-0.097856335,0.9742199,-0.6253232,0.48071316,0.64105916,0.7694677,0.21819524,-0.8393066,-0.8010377,-0.40446803,0.0085893385,0.11855438,1.1462244,-0.29037094,-1.3728752,-0.6132101,-1.0681764,0.31592712,0.30841565,0.050975077,0.69367146,-0.35467896,0.13151406,0.9942112,-0.26367953,0.7350635,-0.17196718,0.0018841214,0.049777977,0.15686181,0.56539327,-0.83171254,-0.27752888,-0.55390865,-0.9242078,-0.42234835,0.7179476,-0.57184726,-0.70967805,-0.24068572,-0.43357536,-0.29241893,0.7263817,0.640192,-0.16979489,-0.6058935,-0.8130612,0.46662167,0.694558,0.47148293,-0.24832745,0.5035749,0.4199516,0.9057077,-0.375336,0.5461751,-0.4000399,-0.18387163,0.009922337,0.87350553
JL-1,-3.4051757,-2.9477222,-1.0799057,0.5243361,1.9071728,-0.13067289,-0.50349504,-0.41934288,-2.0710866,-3.5167768,6.1716185,-0.504575,-2.8101423,-2.477414,-0.9794137,2.1584826,-1.6451021,1.9911177,-3.6902015,-2.4891107,-2.726338,2.4434092,-4.1000414,-1.7041066,0.13265203,0.02063858,-4.4424543,-0.068127245,-3.0675,-0.39663672,2.3889515,2.4153152,1.217414,1.9868591,2.3745954,2.1321187,-2.4204724,-1.3042947,1.202335,0.24251898,3.2110045,-0.53762513,4.1382475,-0.011987478,-4.730302,-0.98436594,0.043718502,-0.67891747,0.40937105,1.6376834,-1.995452,-0.68583876,0.8368014,-3.8022387,-0.19319841,2.077867,-2.4797332,4.9202476,-0.15283053,0.5152356,-0.49573487,0.91978645,-0.08401122,2.2030926,1.4325166,-1.1864994,2.200631,0.016506009,-0.48200554,-0.8346177,-1.1876187,-0.7736502,0.5840067,5.3907075,-4.6346526,-1.4303195,-2.9408214,-0.45356748,0.28483152,0.5702514,1.0282629,-2.0357535,-0.22449599,-2.9699812,0.73259,2.7080085,1.3912047,2.547483,2.2713516,2.4518657,0.15236773,-0.823375,4.2526636,1.1728494,-1.2242836,0.72596127,4.1174564
KS-1 [Human glioblastoma],-0.99110085,-0.74371517,-0.13947612,0.14801343,0.6380608,-0.10623977,-0.06283177,0.0063785436,-0.30608907,-0.62333363,1.6215335,0.062390983,-0.8616951,-0.35611296,-0.4149072,0.55360997,-0.55958533,0.42278564,-0.825395,-0.55542177,-0.79660517,0.67742676,-1.0122604,-0.347422,-0.043370515,0.16558641,-1.19076,-0.035964437,-0.7427365,-0.13096097,0.75195277,0.28992954,0.28878486,0.57203764,0.71603286,0.5684364,-0.58209264,-0.4939709,0.328365,-0.044939034,0.7798718,-0.009675369,0.9332422,0.13956362,-1.3728067,-0.17471373,0.09821305,-0.04370448,0.3049542,0.5311997,-0.38411722,0.105638765,-0.027090106,-1.0582411,-0.13576919,0.47120953,-0.6008756,1.2001005,0.29380468,0.24491984,-0.13181578,0.4229336,0.044445183,0.8547293,0.48529375,0.04981726,0.74105996,0.1811681,-0.036896873,-0.21549132,-0.25059578,-0.032286108,0.2466584,1.1773932,-1.191938,-0.5200524,-0.7425807,-0.073912665,0.1537038,0.30660918,0.15212835,-0.31712332,0.0043073,-0.86539704,0.11128256,0.47515517,0.44111294,0.5708964,0.4154052,0.63397115,0.18309681,-0.22581902,1.043703,0.11751674,-0.13941927,0.3013611,1.0344951
SU-DHL-10,-2.0920465,-1.079352,1.1771572,-0.6389524,-0.4043665,-0.15383652,-1.5907106,-1.1454215,0.04190043,-0.27260217,2.3502142,-0.7614638,-0.9844074,-2.3016362,1.5473541,0.52358794,-0.11591866,1.6510651,-0.6522684,0.13510188,-1.3427243,-1.554522,-1.7708821,-1.8929253,0.82002825,1.1586782,-0.9410929,0.769165,-2.522459,-2.2501454,2.5336585,0.48245016,-1.2190541,0.2850086,0.8481243,0.5578125,-0.7435261,-0.18799296,2.0785067,-1.0767373,1.1983417,1.1239372,1.632176,0.3689919,-1.9365805,-1.5592057,-0.73543954,-0.008706249,0.16608402,2.1276498,-0.64501524,-2.654865,-1.1027435,-2.3347623,0.5672937,0.8208074,-0.021316368,1.6163901,-0.7630161,0.27399614,1.8768,-0.503982,1.3909762,-0.31330597,-0.00023558363,0.000999413,0.3845165,0.9847564,-1.5493723,-0.6060775,-1.1609849,-1.8806257,-0.84549206,1.7991958,-1.4082828,-1.406627,-0.58609337,-0.8470524,-0.56991136,1.3349851,1.3197024,-0.5703593,-1.2918681,-1.7293937,0.9636502,1.461383,0.9132866,-0.3030593,1.1935582,0.87927914,1.734875,-0.78291655,1.3119221,-0.5941829,-0.3486996,0.05971434,1.8392595
Calu-3,1.7393583,1.8152025,0.31550086,-0.65853137,-0.16010174,0.44680902,0.0027491935,-0.31228912,-0.5419176,-2.0337572,1.0605456,-0.4925264,1.4754877,0.3050059,0.52107966,1.5572331,1.0340972,-0.4315542,0.5528513,-1.346789,0.38869134,2.1430802,1.2825416,1.5593381,0.02887416,0.940647,-0.46253258,1.0048553,1.1820918,0.108809985,-1.0322543,-0.52332604,2.8985636,-0.93653077,-0.7537759,0.24360655,1.0393614,-0.85798454,0.35323802,-1.2257007,1.654346,-2.138133,1.1996198,-1.0121416,0.04413395,2.819157,-1.1353068,-2.3013933,0.60866183,-0.38810927,-0.4976698,1.8311,1.3327149,0.483279,-1.6005962,-1.0144004,-0.67349786,-0.49780273,-2.5302436,-0.53321815,-0.86656916,1.9734297,0.7469781,-0.12099029,0.74459964,-0.62333477,-2.0582995,-0.55817086,-0.4030563,1.3037688,1.3313584,0.3081625,2.1057568,-0.607993,-1.5707376,-0.69245213,0.5492308,-0.04979737,0.3707887,-0.7910059,-0.6590876,0.41041768,2.7072875,-2.6602626,-0.48878482,-1.0193025,0.43261153,-1.5012558,-0.68980753,-0.20231321,0.06705941,-0.37682572,0.97361195,1.5532321,0.18013188,1.0535424,-0.0898345
Hs 737.T,-2.0449839,-1.0334505,1.1276193,-0.6124448,-0.3526982,-0.09999339,-1.5655972,-1.218434,0.024190947,-0.29923508,2.225878,-0.7312699,-0.967463,-2.312712,1.5595444,0.53815603,-0.14932656,1.6269931,-0.57737744,0.13915895,-1.3157824,-1.5669334,-1.723723,-1.8312157,0.73751754,1.1854869,-0.8568956,0.74618006,-2.4299388,-2.2255907,2.450667,0.5329518,-1.2369701,0.31738985,0.82888013,0.54746866,-0.72141975,-0.1829402,2.0697334,-0.94643545,1.0948901,1.071434,1.4903295,0.41060388,-1.9053025,-1.4930751,-0.7053931,0.011309434,0.14278425,2.065917,-0.6513172,-2.5742881,-1.0973552,-2.2523727,0.5533784,0.84612334,0.048623573,1.5694021,-0.7831364,0.3108176,1.7852257,-0.4951034,1.3370088,-0.33556357,-0.08446352,-0.049635284,0.38651606,0.8848807,-1.4868814,-0.60281307,-1.1564559,-1.8631693,-0.8287233,1.805245,-1.3840222,-1.3910694,-0.5058364,-0.78631836,-0.54031163,1.2388595,1.3217634,-0.5984986,-1.2596296,-1.7140313,0.9246102,1.4176399,0.8279715,-0.2856136,1.1530838,0.7977268,1.7010492,-0.75735235,1.2417972,-0.58109975,-0.35359043,0.0949363,1.7547731
Ki-JK,-1.7602893,-0.9895047,1.013225,-0.4902187,-0.4285512,-0.15716487,-1.2356757,-0.829651,0.10424273,-0.17774916,1.8867631,-0.5992016,-0.76111084,-1.839506,1.2371508,0.34940755,-0.0116546415,1.3930304,-0.6342024,0.1661353,-1.0148152,-1.3144655,-1.4117167,-1.5296941,0.8153767,0.86721087,-0.72432977,0.6512564,-2.0876868,-1.8399687,2.087266,0.27319512,-0.93988335,0.18562505,0.6116857,0.3613651,-0.634774,-0.2514751,1.5767677,-0.9804671,0.9381123,0.98796076,1.4255885,0.26765728,-1.5096647,-1.2995266,-0.648003,0.0193565,0.19761904,1.7159495,-0.5279249,-2.177267,-0.9104601,-1.8749658,0.5026253,0.6537383,-0.03362902,1.3037773,-0.5497557,0.13542214,1.5739226,-0.41792083,1.1221792,-0.20967242,0.05754831,0.0740563,0.3498926,0.9496272,-1.2897767,-0.51735675,-0.90253377,-1.4884882,-0.5688361,1.294123,-1.1376933,-1.1171178,-0.47198266,-0.74880946,-0.47763667,1.1498011,1.0964881,-0.4571442,-1.0048257,-1.3560956,0.7992704,1.1895164,0.8108551,-0.27295688,0.9757777,0.8070051,1.3953904,-0.6156951,1.0690538,-0.5420861,-0.35720816,0.07308613,1.51035
OVTOKO,2.7622674,2.3037524,1.1463215,-1.6546557,-0.6021473,0.4461438,0.20799741,0.27610105,-0.06414605,-2.5087843,0.45755157,-0.83959484,2.5270655,0.6621257,0.8544864,1.9995155,1.2135571,-0.42360687,1.1010244,-1.6755719,0.5978096,2.3683262,2.5062156,1.9849672,-0.09721061,0.9326371,-0.71232826,1.340417,2.093021,-0.060455337,-1.2643067,-1.228034,3.88603,-1.7775191,-1.7564424,-0.08257344,1.2794789,-1.2215184,0.11832574,-2.4502156,1.6565067,-2.5045385,1.492373,-1.0812244,0.5186407,3.4006836,-1.794641,-2.7262256,1.0864518,-1.0259769,-1.0505452,2.5826876,2.28034,0.7838444,-2.1191409,-1.7564509,-0.49060225,-1.090385,-3.432427,-0.8517573,-0.58016914,2.3948667,1.1741314,-0.24024633,1.1506292,0.25292194,-2.3936129,-0.83476627,-0.7041254,1.8361841,2.2795286,0.20365702,2.7045062,-1.6362216,-1.7953508,-0.913418,0.92714506,0.13805628,0.24799971,-0.52420306,-1.1207855,0.7547841,3.437431,-3.3582456,-0.46519884,-1.61261,0.49611115,-2.2880824,-1.2069104,-0.24994057,0.03982163,-0.49393708,1.1822933,1.8523728,0.6127441,1.1801943,0.17952293
BT-20,0.78401846,0.88849276,0.12636279,-0.25304234,-0.08824912,0.008564252,0.08032152,-0.22487307,-0.21065098,-0.877379,0.59984773,-0.3097773,0.6868546,0.3588509,0.06490801,0.68796426,0.34553933,-0.08928306,0.35208845,-0.681954,0.223425,0.91071826,0.7008237,0.77601826,0.20044331,0.43727162,-0.057412576,0.53207916,0.57016706,0.1545986,-0.5663183,-0.15823144,1.4165217,-0.39437956,-0.33086553,0.05382459,0.7294815,-0.20755123,0.29510418,-0.5709239,0.72872555,-1.0395513,0.34203526,-0.46383977,-0.19121228,1.1422833,-0.386847,-0.9863735,0.17260188,-0.24966311,-0.3787849,0.7906559,0.60158837,0.21520993,-0.6650252,-0.54781586,-0.37973884,-0.2552453,-1.1124569,-0.3276073,-0.19525231,0.8013424,0.57777584,0.22676672,0.44248366,-0.22058886,-0.9353989,-0.16229714,0.044462383,0.46999052,0.57554215,0.16442919,1.1156019,-0.38405055,-0.787501,-0.51581067,0.06344055,-0.053023353,0.09975215,0.04727915,-0.23930213,0.17461517,1.2693887,-1.136,-0.24483895,-0.7201486,0.285483,-0.75402844,-0.32514068,-0.19849256,-0.096292734,-0.111071475,0.47917122,0.62209624,0.3219273,0.2561461,0.020095684
NCI-H1155,-1.9742334,-1.0546162,0.97968346,-0.6121864,-0.3166944,-0.043274686,-1.5132428,-1.251123,-0.076820925,-0.5226845,2.3466017,-0.7531996,-0.97949284,-2.3547065,1.5113307,0.60267204,-0.20679374,1.5737472,-0.71901757,0.015166922,-1.3128188,-1.3687474,-1.7345299,-1.815285,0.760017,1.1145891,-0.9678288,0.72815645,-2.3385453,-2.0860355,2.3333304,0.66326946,-1.1303445,0.34862453,0.82803017,0.6029171,-0.79752344,-0.124037296,2.0033896,-0.8539852,1.3015895,0.8878992,1.5862625,0.31499457,-1.9358801,-1.4370904,-0.7706301,-0.17243576,0.14295483,2.0273418,-0.7596829,-2.554549,-0.91693115,-2.2858257,0.45390096,0.8278912,-0.075803876,1.7179847,-0.8816744,0.27580118,1.6574895,-0.41811216,1.2318538,-0.31514904,-0.035568032,-0.14204839,0.4411839,0.7525472,-1.442197,-0.5638879,-1.1257802,-1.8316905,-0.75511223,1.938514,-1.440664,-1.4172355,-0.530798,-0.8454604,-0.54634315,1.1649,1.2432972,-0.68988615,-1.1214789,-1.746337,0.9445843,1.4578912,0.79210097,-0.2218213,1.2371761,0.8177131,1.5765359,-0.6750019,1.3402144,-0.39443633,-0.35548612,0.124440014,1.8190262
KYSE-30,5.2176757,4.5764303,1.9764664,-3.3084054,-0.3403587,1.0754664,0.2833437,0.29396904,-0.7849081,-5.0381017,1.5508288,-1.0309855,4.022847,1.5240476,1.5484893,3.798306,2.5264452,-1.2578717,2.1814713,-3.5211105,0.7506766,4.967145,4.685083,3.9366524,-0.70714325,2.317016,-1.7940403,2.4524963,3.7507772,0.09725144,-1.8180113,-1.5407041,7.387795,-2.6099467,-3.1124966,0.06786187,1.9082761,-2.4939282,0.37004176,-4.0333147,3.876628,-5.357189,3.2435923,-1.8665985,0.807773,7.208321,-3.0876224,-5.0736127,2.5588121,-1.4734819,-1.8838243,5.4926114,4.275932,1.2985606,-4.6879907,-3.3204894,-1.1167976,-1.346048,-6.3825984,-0.82801163,-2.1560576,5.213679,1.6536603,-0.1612373,2.3799179,-0.39006355,-4.190489,-1.811967,-1.5481567,3.6920803,4.125164,1.196773,5.3034062,-2.1230536,-3.5296373,-1.8599825,1.5355645,0.59437245,0.6115496,-1.6215626,-2.5730283,1.4779955,6.592688,-6.9296293,-0.7054093,-2.541199,0.5337048,-3.975375,-2.4883444,-0.41201702,0.07049076,-1.7332703,2.09359,3.6536417,0.9958975,2.5784853,0.40806815
RERF-LC-A1,-1.5474985,-1.3102044,-0.4718709,0.08608207,0.6295981,0.119000204,-0.4401016,-0.546711,-0.87513256,-1.881892,2.2613246,-0.47376102,-0.89711046,-1.8590225,0.183501,1.1091539,-0.5843733,1.0372328,-1.4822179,-0.9113025,-0.97572434,0.4493126,-1.8280015,-0.91091484,0.3040788,0.29555357,-1.4750959,0.22606531,-1.4715893,-0.6913285,1.4556907,1.1239221,0.2336864,0.47909623,0.7870252,0.6865661,-1.370509,-0.4034934,0.63661844,0.18239805,1.3822478,-0.34743,1.9066087,-0.20790242,-1.9043124,-0.7640646,-0.2017672,-0.43239498,0.031647354,0.801181,-1.1827948,-1.1579927,0.10039896,-1.5599339,-0.025759596,1.0516158,-0.765759,1.9933627,-0.38102186,0.16815063,0.08248801,0.20687014,-0.06227012,0.5060067,0.39534897,-0.71529603,0.66758317,0.03797528,-0.45929307,-0.4060155,-0.71089625,-0.72326547,-0.0357353,2.5284357,-2.0054998,-0.60490686,-1.0440263,-0.4305172,0.042722054,0.2894707,0.9543292,-1.0308574,-0.28293294,-1.6677514,0.5243422,1.4890459,0.64452344,0.90786684,1.0775028,1.1022533,0.083808675,-0.2457568,1.5303136,0.31009948,-0.6333604,0.31875452,2.0738842
MKN74,-0.8063058,-0.4375326,0.26157707,-0.26557237,-0.07882235,-0.22779706,-0.70944756,-0.47714782,-0.19634657,-0.34129608,1.4400979,-0.37026364,-0.48925722,-0.73473454,0.4736751,0.30049905,-0.1826354,0.6200701,-0.45838293,-0.18379548,-0.66279244,-0.15076801,-0.7606445,-0.7321781,0.4413294,0.40428504,-0.7719696,0.30451697,-0.9973033,-0.61292416,0.62261754,0.25333795,-0.2125426,0.22318989,0.47296357,0.48997977,-0.15517126,0.08707254,0.79765165,-0.43452504,0.88120437,0.14024228,0.6573886,0.0058599487,-0.9463552,-0.5695692,-0.4137389,-0.1394405,-0.018036446,0.94163233,-0.34414178,-0.8597911,-0.10036655,-1.0664215,0.0345935,0.27210635,-0.2673513,0.86372197,-0.44143853,0.06381428,0.69585794,0.03201592,0.6086471,0.06370967,0.3050017,-0.082557656,0.17048278,0.23952048,-0.49422553,-0.17512909,-0.41853452,-0.715304,-0.08335653,0.89750624,-0.68242675,-0.7762987,-0.5422824,-0.42311105,-0.19576052,0.5587962,0.32055873,-0.3025753,-0.23872148,-0.71042657,0.22516784,0.44037163,0.46676826,-0.050218534,0.547291,0.28331244,0.6036633,-0.22806358,0.7245745,0.14492351,-0.20964488,0.053014487,0.7642686
COLO 680N,-1.9040481,-0.9876622,1.0631034,-0.5769831,-0.38542214,-0.14283623,-1.4300256,-1.01448,0.04655919,-0.24153355,2.1105988,-0.6876104,-0.88018495,-2.0837526,1.3924272,0.46400297,-0.09510618,1.4976424,-0.6069818,0.12581903,-1.202952,-1.4121915,-1.5958871,-1.7048876,0.7599582,1.030707,-0.83977616,0.70743877,-2.2859702,-2.031713,2.2960393,0.42819414,-1.086753,0.23891109,0.75869304,0.49036327,-0.6956456,-0.17443512,1.8609567,-0.97769856,1.0771967,1.0244924,1.5019475,0.33156526,-1.7477618,-1.4269989,-0.6720979,-0.019173041,0.15763135,1.9217645,-0.5979648,-2.4175,-0.9978616,-2.1101809,0.51825887,0.74461865,-0.03034756,1.4659973,-0.688922,0.23956645,1.7025752,-0.45447373,1.253107,-0.27967617,0.005933922,0.010855563,0.35690963,0.8946065,-1.4067286,-0.53630584,-1.0432265,-1.7016685,-0.756981,1.6063595,-1.2836294,-1.267354,-0.5355415,-0.7735029,-0.5298929,1.2158376,1.1970865,-0.50564045,-1.1597314,-1.5581064,0.8709407,1.3256054,0.8414482,-0.27661192,1.0836743,0.8074699,1.5579907,-0.69841266,1.1940835,-0.5451766,-0.3216699,0.05224792,1.6798867
NALM-1,-1.9734366,-1.0021898,1.1163085,-0.611814,-0.35503584,-0.11274563,-1.5268719,-1.1729641,0.033887163,-0.26541135,2.145082,-0.70097655,-0.93427837,-2.2415903,1.5219551,0.5211407,-0.11723375,1.5832728,-0.5579192,0.14742142,-1.2708513,-1.5492197,-1.65935,-1.7882031,0.7230394,1.1488107,-0.8150148,0.72488374,-2.368899,-2.152323,2.3705795,0.51966864,-1.194691,0.29987663,0.7935737,0.51542664,-0.6958231,-0.18432647,1.9990296,-0.93283105,1.0488713,1.0545886,1.4594783,0.4030913,-1.8303015,-1.4555691,-0.69936275,0.016454801,0.1416035,2.0106049,-0.6435,-2.5091453,-1.0609199,-2.178949,0.54963356,0.8174567,0.061075512,1.5121864,-0.76987463,0.30897325,1.7448717,-0.49225983,1.2877669,-0.34801754,-0.08230007,-0.053289365,0.380445,0.85106164,-1.4625826,-0.57251066,-1.1124508,-1.815108,-0.7961482,1.7254267,-1.3458903,-1.3461859,-0.4727437,-0.7584441,-0.5458176,1.2185439,1.2718847,-0.5683805,-1.2262557,-1.6580408,0.90504616,1.388833,0.80673087,-0.28593737,1.1192447,0.77053654,1.6695563,-0.7340998,1.1979129,-0.57756126,-0.35053465,0.09277483,1.7012143
LC-1/sq-SF,-2.3960598,-2.1204631,-1.5869756,0.38907325,2.6104374,-0.056442805,-0.012249241,-0.1877602,-2.6597364,-4.140798,5.965041,-0.0041486155,-2.7486582,-1.7173917,-1.5493529,2.6397152,-1.2142462,0.97978836,-3.0104713,-2.9400399,-2.6136773,3.8286264,-3.2496624,-0.5858266,-0.52594554,0.09621775,-4.8944387,-0.49487892,-2.1117556,0.5867752,1.4648716,2.603607,2.27251,2.025068,2.1767964,2.1285512,-2.1970942,-1.4192183,0.554513,0.83856237,3.2216456,-1.8208214,3.9890194,-0.22800155,-4.2864146,0.48077458,0.26686692,-1.0851059,0.6742433,1.2299379,-2.0221934,1.2280909,1.7606958,-2.8927708,-1.2107298,1.507171,-2.4827962,4.754262,-0.24295308,0.87249345,-2.0991077,1.9788355,-1.0482546,2.7577949,1.562762,-2.2033262,1.8590617,-0.69710714,-0.4975074,-0.14859752,-0.6103494,0.35128152,1.131625,5.084628,-4.3979645,-1.2554193,-2.8159373,-0.08222951,0.793577,-0.08700495,0.06107889,-1.6494682,0.86075336,-3.6183596,0.5528212,2.665998,0.65932214,2.8595946,1.2745222,2.1579282,-0.3911089,-1.0839239,3.699949,1.6776026,-1.3335297,1.0897624,3.6914363
SK-CO-1,4.5901756,3.8132572,2.2491448,-3.6841521,-0.33425903,0.9150913,0.3651549,0.8022529,-0.26163256,-4.548563,1.0963159,-1.097106,3.7214355,1.2668751,1.4782063,3.4326787,2.2831197,-1.1163638,2.0671697,-3.2329428,0.6329612,4.420836,4.595447,3.4333591,-0.81795526,2.0365186,-2.1916032,2.3661456,3.2906125,-0.00865484,-1.442162,-1.3614119,6.6616707,-2.499591,-3.1879702,-0.23670807,1.1465126,-2.5180442,-0.28578797,-4.033016,3.3172479,-4.6936126,3.2999225,-1.2517648,0.89733857,6.39389,-3.1976588,-4.1328564,2.6370544,-1.1660132,-2.126635,5.2949605,4.2624183,1.1064944,-4.3365717,-3.3353562,-0.92105305,-1.0882318,-5.749219,-0.6658378,-1.8757999,4.728097,1.1858268,-0.15808086,2.5613265,-0.05970657,-3.1757348,-1.7969466,-1.6180342,3.3856337,3.8844097,1.049914,4.702268,-1.9419627,-3.1206522,-1.7177918,1.472472,0.9621763,0.5000771,-1.4046658,-2.5393014,1.264164,5.846925,-6.2732754,-0.46197328,-2.1635406,0.46914196,-3.3967683,-2.5765882,-0.1635885,0.10377391,-1.8064958,1.8625048,3.160973,0.7797503,2.4273393,0.82231605
ABC-1,-0.89484155,-0.3965655,-0.03607437,-0.091134466,0.13179743,-0.22502065,-0.6739728,-0.5787488,-0.4094221,-0.71221775,1.7530735,-0.36380962,-0.6327654,-0.95637095,0.3293394,0.38734153,-0.46458533,0.6063507,-0.7225772,-0.6154631,-0.77690923,0.2982333,-0.93399704,-0.6468427,0.4062808,0.39752096,-0.9695678,0.33883056,-0.9300866,-0.498809,0.5696288,0.634914,-0.029856779,0.25911343,0.6446066,0.7356874,-0.311537,0.19827455,0.77800506,-0.23846424,1.1978072,-0.25456652,0.8082115,-0.11363296,-1.4036825,-0.43748897,-0.2710601,-0.36575776,-0.08523324,0.9460782,-0.65533835,-0.70900995,0.10921946,-1.1560313,0.054888166,0.3830756,-0.592542,1.0615652,-0.6976183,0.12254926,0.44960907,0.24637973,0.7072615,0.33373702,0.32432172,-0.45168477,0.15899353,0.10607116,-0.28894183,-0.24469708,-0.6675385,-0.72429293,-0.17813256,1.3075585,-0.9833054,-0.9507881,-0.9064244,-0.40527788,-0.14320582,0.36224228,0.4887274,-0.5653547,0.043641478,-0.81191975,0.1031927,0.5957178,0.29624945,0.26687577,0.7195936,0.45347178,0.44551614,-0.20742005,1.0932078,0.30797738,-0.23695648,-0.07801224,0.95402235
SNU-738,-2.0542905,-1.0153481,1.1645613,-0.63537216,-0.37341416,-0.13364981,-1.6049218,-1.220701,0.027920261,-0.26397124,2.2412546,-0.7308523,-0.97866404,-2.324514,1.5838925,0.5361377,-0.13532445,1.6346292,-0.55545926,0.13620777,-1.3350816,-1.5987488,-1.7281018,-1.8552352,0.73968065,1.2144748,-0.8688335,0.74932706,-2.4745028,-2.2726228,2.4760225,0.52657884,-1.2621933,0.3033314,0.8348307,0.5494521,-0.69230694,-0.16252351,2.0964355,-0.9906397,1.1025279,1.1017877,1.4906076,0.41565168,-1.9058717,-1.5241731,-0.7272396,0.024845466,0.14187567,2.118313,-0.64083844,-2.6031919,-1.1202915,-2.2490299,0.5673832,0.83631945,0.06149522,1.5593771,-0.8046328,0.32383332,1.8435025,-0.50901794,1.378953,-0.3494989,-0.08194314,-0.047230046,0.3669614,0.8953653,-1.5338707,-0.5964832,-1.1720203,-1.8837221,-0.86779684,1.8015723,-1.3512142,-1.420151,-0.50495034,-0.7877334,-0.55368745,1.2717254,1.3274347,-0.5805371,-1.2711413,-1.7280798,0.9437297,1.4342705,0.8186599,-0.32267442,1.1543161,0.79030794,1.7418644,-0.7726839,1.2300599,-0.5984173,-0.3416167,0.07595964,1.7547796
SH-4,-1.8470181,-0.9386394,1.0740187,-0.58406776,-0.36796847,-0.17384228,-1.4503101,-1.009103,0.013311911,-0.15880567,2.197505,-0.70037764,-0.9234267,-1.9702551,1.3398823,0.45639917,-0.12459775,1.447157,-0.5699964,0.086408004,-1.2291315,-1.3246561,-1.595,-1.68477,0.7428016,1.0627959,-0.89860487,0.68954253,-2.250471,-1.966753,2.2294607,0.40502712,-1.0494947,0.23235881,0.7793574,0.56115305,-0.55144405,-0.10838401,1.9046797,-1.0005256,1.1178967,0.98639137,1.4363842,0.33784205,-1.7511939,-1.3956052,-0.6519239,0.005708404,0.13576812,1.9231704,-0.5461186,-2.2992797,-0.96652853,-2.147625,0.4771884,0.72027934,-0.047238234,1.45586,-0.6863913,0.24419034,1.7271582,-0.42554095,1.3386168,-0.20817465,0.039275866,0.029179838,0.31237566,0.909535,-1.3807979,-0.53213364,-1.0397513,-1.6444967,-0.7623348,1.5659562,-1.228163,-1.3216625,-0.61299,-0.7687331,-0.51824176,1.2488481,1.1549519,-0.46641886,-1.1126179,-1.5149584,0.82563925,1.2414724,0.8204449,-0.28527564,1.0714797,0.7403306,1.5564406,-0.7357302,1.212383,-0.48331252,-0.31257647,0.008953676,1.615188
YD-10B,2.2141764,2.0714865,0.72685957,-1.2622727,0.052868664,0.5197526,0.041299492,-0.042165022,-0.65247595,-2.4802861,1.0274522,-0.40750334,1.6247878,0.44489837,0.6951136,1.8506565,1.2732544,-0.7068311,0.90632993,-1.6750968,0.15909229,2.566249,1.9091718,1.8700173,-0.36922178,1.1685017,-1.0241979,1.0237579,1.449252,0.18701577,-0.8651212,-0.55863017,3.4164422,-1.0541304,-1.1229059,0.20004798,0.7396872,-1.2241821,0.17559078,-1.6526566,1.9108764,-2.5973058,1.7535777,-0.92384094,0.20525461,3.4912887,-1.4265215,-2.5184026,1.091836,-0.43803668,-0.78424025,2.5245929,2.0278556,0.4610638,-2.1281428,-1.287711,-0.554077,-0.40206772,-2.9323785,-0.1901475,-1.2430578,2.636396,0.5831445,0.010467496,1.0971426,-0.62343484,-1.9875283,-0.9192676,-0.86025226,1.8385752,1.7266536,0.5621759,2.5290926,-0.5824559,-1.716991,-0.8290652,0.4929167,0.19040889,0.40583286,-0.9737468,-1.2356387,0.609361,3.0971065,-3.364989,-0.31881893,-0.90497667,0.21562697,-1.6252253,-1.1149915,-0.117647685,0.07452747,-0.8966663,0.94862765,1.7837391,0.17701879,1.3006889,0.15320179
OVCAR-4,2.664227,2.3193643,1.2858689,-2.1822963,0.27638042,0.7043303,0.12351999,0.28691792,-0.6519376,-3.050814,1.1321706,-0.4742907,1.7934399,0.6795814,0.8290797,2.2419794,1.4517612,-0.9992302,1.1790195,-2.215791,0.15489188,3.1303482,2.6660595,2.275714,-0.722492,1.4892296,-1.7538992,1.376233,1.7858117,0.18026668,-0.65928656,-0.46560743,4.2916107,-1.1554258,-1.7063661,0.10432102,0.48905,-1.6353846,-0.103564814,-2.0963352,2.413633,-3.2417235,2.3935018,-0.76647377,0.29804313,4.3563657,-1.8449218,-2.7733822,1.7803768,-0.3441501,-1.2848737,3.6013918,2.6214223,0.5110805,-2.9625058,-1.9698648,-0.63716525,-0.12173587,-3.4339702,-0.018622631,-1.7587539,3.3460267,0.4600212,0.18463655,1.5932695,-0.64079815,-1.8108295,-1.2578679,-1.1798809,2.3021288,2.2811573,1.0528768,3.2213573,-0.6327969,-2.011779,-1.0932319,0.66540545,0.6540932,0.43021157,-1.1937648,-1.8306426,0.8423567,3.7440073,-4.2592607,-0.18748552,-1.0129422,0.12212205,-1.8676447,-1.6839284,-0.09043042,0.088477686,-1.483096,1.0967691,2.0970914,0.21473122,1.7377964,0.502861
SW1990,0.6411933,0.8217157,-0.09859143,-0.11434449,0.044537164,0.0317061,0.029836796,-0.19916362,-0.3617124,-0.8991372,0.7024397,-0.04473032,0.5195297,0.30723274,-0.0060906988,0.62104195,0.2328788,-0.056957517,0.0823368,-0.61111516,0.11230774,1.0802724,0.44968876,0.71597743,0.08835243,0.332067,-0.09504933,0.47322986,0.62288153,0.07817996,-0.607154,-0.19095418,1.3047006,-0.3092491,-0.14312655,0.3700755,0.53396523,-0.18225947,0.18552107,-0.4026526,0.77439415,-1.0876609,0.25902328,-0.47691238,-0.23590846,1.1140069,-0.27254033,-0.96348375,0.23593247,-0.20079568,-0.20938316,0.79526615,0.43998048,0.23608339,-0.66677797,-0.38225967,-0.49287647,-0.1523885,-1.0108854,-0.38163945,-0.48578894,0.87165326,0.39457572,0.16392282,0.36702517,-0.23442212,-0.8764,-0.22274886,0.019942913,0.38838807,0.45291257,0.21806563,0.9386112,-0.095501445,-0.7867916,-0.49343383,0.05301687,-0.046495173,0.20009853,-0.25934133,-0.2114564,0.21608754,1.2771893,-1.1644989,-0.46545383,-0.60521466,0.28989774,-0.6379434,-0.18797629,-0.07352835,-0.050205123,0.03175065,0.5679758,0.6845856,0.17411491,0.37549466,-0.060608678
COR-L47,-2.6017306,-2.1392717,-0.6746611,0.29088223,1.23064,0.03712538,-0.40786764,-0.37744707,-1.2985389,-2.4794238,4.115693,-0.44207788,-1.9302049,-2.069179,-0.48703432,1.4747975,-1.2056409,1.5901955,-2.6158342,-1.6127627,-1.8282866,1.3446397,-2.9065006,-1.3124537,0.20128663,0.1985294,-2.9267318,0.18660836,-2.2393231,-0.6545643,2.0768754,1.6203262,0.6150451,1.2123235,1.5552486,1.336215,-1.9013855,-0.8608708,0.8477794,0.15823969,2.1209965,-0.22907166,2.8950593,0.04646109,-3.3734176,-0.9177806,0.078041434,-0.43700647,0.29064932,1.2015172,-1.4685756,-0.923126,0.30813822,-2.7100966,0.012648003,1.5225865,-1.6779118,3.3697975,-0.07083655,0.33006132,-0.17720495,0.4652358,0.046398968,1.4330943,0.9609369,-0.6870379,1.530732,0.1404951,-0.29604435,-0.75461406,-0.9658597,-0.72591007,0.22499445,3.8742535,-3.2040095,-1.0015225,-1.9740936,-0.34222758,0.13486958,0.4450546,1.0795876,-1.4710069,-0.2772535,-2.040147,0.53734833,1.930889,1.0994567,1.7370557,1.7172053,1.7673557,0.16447447,-0.62694067,2.8077428,0.6049492,-0.8980128,0.45523155,3.0885553
DEL,-1.9475467,-0.973885,1.1041846,-0.60752475,-0.35860708,-0.114763424,-1.5109314,-1.1504692,0.04222403,-0.26149812,2.0989547,-0.6902016,-0.90855795,-2.21511,1.5095744,0.5071499,-0.11006867,1.559326,-0.534995,0.15503065,-1.250557,-1.5420742,-1.6280895,-1.7584552,0.7164494,1.1351113,-0.79405326,0.7138039,-2.3351688,-2.1370738,2.3437696,0.50047797,-1.1883878,0.28892168,0.780835,0.50534326,-0.6900315,-0.18173131,1.9619377,-0.9263656,1.0234522,1.0459478,1.4299672,0.3960417,-1.7915602,-1.4297469,-0.6934056,0.012370303,0.14430304,1.9911983,-0.624308,-2.4895573,-1.0591735,-2.133337,0.54187036,0.7956185,0.067742005,1.4776808,-0.7544924,0.3038501,1.7201816,-0.4859646,1.2660102,-0.34984523,-0.08318877,-0.050312173,0.36619282,0.8461792,-1.4521933,-0.56448436,-1.094954,-1.7902676,-0.7936261,1.6942121,-1.309759,-1.3235419,-0.45747364,-0.75169736,-0.53155637,1.2031116,1.259098,-0.5552353,-1.213102,-1.6403378,0.8975898,1.370564,0.797752,-0.29584095,1.088194,0.7599449,1.649118,-0.71896994,1.1636978,-0.5788086,-0.34082583,0.08811352,1.6731617
DM-3,-1.8215523,-0.87456435,1.0828073,-0.5887983,-0.37067518,-0.12235495,-1.4508783,-1.0865071,0.07180186,-0.1707285,1.9335485,-0.64141977,-0.83906645,-2.0587237,1.4365119,0.43972895,-0.07647994,1.4548182,-0.42573676,0.19809406,-1.1683897,-1.498661,-1.4911361,-1.6448245,0.67997545,1.1045462,-0.7079666,0.67037094,-2.1824372,-2.038121,2.1848326,0.41148493,-1.1548179,0.24959162,0.72798437,0.4728014,-0.5856599,-0.15391725,1.8537152,-0.90651107,0.90489686,1.0179476,1.2764933,0.402685,-1.6329193,-1.3373007,-0.64884484,0.044743463,0.13278182,1.9174982,-0.543628,-2.3428898,-1.0286934,-1.9717245,0.51484853,0.7129038,0.11222966,1.3248096,-0.6985968,0.3016347,1.658282,-0.46426168,1.2123122,-0.34571102,-0.09578088,-0.03719145,0.30681366,0.82286257,-1.3909211,-0.5160193,-1.0395986,-1.6907018,-0.7646782,1.522599,-1.1471994,-1.2620693,-0.40604824,-0.71882415,-0.5050819,1.1526365,1.1767198,-0.47527814,-1.1382536,-1.5329893,0.83080155,1.2502537,0.7386568,-0.32628706,0.9609366,0.67762864,1.6031146,-0.67772985,1.0277308,-0.5801523,-0.31852373,0.07851173,1.5092541
NCI-H2196,-3.5865378,-2.59532,0.6163594,-0.07958133,0.31155485,-0.15274316,-1.7733685,-1.2506933,-0.82643986,-1.7107315,5.3176594,-1.0421104,-2.2746322,-3.2200084,1.0329366,1.4637588,-1.1915141,2.5707805,-2.7668962,-1.0235181,-2.6211054,-0.3741223,-3.873685,-2.8650131,0.91329277,0.884666,-3.0164814,0.58218205,-3.9614067,-2.316846,3.7642462,1.672324,-0.69052577,1.3451146,2.0856419,1.5840125,-1.7718076,-0.74682045,2.7513752,-1.0042926,2.8331378,1.01037,3.5756133,0.18801309,-4.2564225,-2.2188928,-0.7703378,-0.31685913,0.2991837,2.6450071,-1.4955181,-3.0304022,-0.7109809,-4.3596334,0.70410657,2.0124116,-1.3382764,3.9026487,-0.714284,0.3077569,1.912591,-0.37409836,1.4606488,0.74186647,0.6816961,-0.30079794,1.5424864,1.0099494,-1.493437,-1.0462472,-1.6068772,-2.2213094,-0.52993566,4.290956,-3.7150862,-2.0883088,-1.9774482,-1.0950035,-0.4515211,1.5280602,1.8970557,-1.7776462,-1.6056218,-2.7929425,1.277725,2.4183466,1.6590066,0.8644242,2.5549226,1.8508157,1.7136543,-1.0053233,3.5540636,0.100168824,-0.83325076,0.33677652,3.6186676
HCC95,-1.1760296,-1.1842256,-0.6058042,-0.18675935,1.5636976,-0.263607,0.12109031,0.55609685,-1.7107627,-2.912228,4.0786886,-0.27123234,-1.3830392,-0.8554367,-1.2734977,1.9984426,-0.3077387,0.0762851,-1.6162195,-2.0539904,-1.9827294,3.040552,-1.4775703,0.14823864,-0.4436631,-0.16864991,-3.7786543,-0.39477643,-1.3433841,1.0984919,1.036397,1.4461157,2.43066,0.9451855,1.3114705,1.1530741,-1.6390347,-1.6885124,-0.070861906,0.040061623,2.2243278,-1.3876523,3.6468673,-0.39408368,-2.559078,0.9002035,-0.38325676,-1.2880383,0.9561004,0.76915,-1.4864743,1.5370961,2.029092,-2.0400743,-1.3315867,0.5866157,-1.885391,3.2764695,-0.33133495,0.6213417,-1.4764973,1.9734834,-0.7664425,2.070916,1.818429,-1.4539485,1.2726562,-0.8328365,-0.9049894,0.76149017,0.33916876,0.4670866,1.644771,2.8782263,-3.0862184,-0.8787841,-2.0037434,0.1262817,0.67302203,0.12444524,-0.8279441,-0.6722933,1.3379285,-3.1869535,0.8893241,1.5064576,0.2629431,1.4479659,0.321639,1.7306856,-0.5272575,-1.1101271,2.710026,1.5529543,-0.68386084,0.8886402,2.7459478
SW1417,4.0009527,3.7587814,1.4308665,-2.8126414,0.66902316,0.8173539,0.08565882,0.07199157,-1.3796589,-5.003419,2.484135,-0.6600539,2.4376783,1.1104673,1.0242842,3.5561752,2.3298514,-1.4686509,1.7609029,-3.6516428,-0.25552124,5.259683,3.8684626,3.6455514,-1.1153183,2.349528,-2.6803215,1.839838,2.532999,0.8156569,-1.2084237,-0.34921724,6.7006283,-1.4021268,-1.9184424,0.47193325,1.1372441,-2.646255,0.29134953,-3.0142496,3.9124594,-5.202581,3.7659976,-1.5239217,-0.031003501,6.9028726,-2.6633017,-4.6536207,2.4565983,-0.40980786,-1.8531195,5.3160315,4.285103,0.6201761,-4.3601723,-2.6549401,-1.227675,-0.057190347,-5.289711,0.24280688,-2.882674,5.389703,0.7876489,0.7111603,2.5524213,-1.6134392,-3.0389779,-2.1269681,-1.7346945,3.6592932,3.3116736,1.2832214,5.244142,-0.5498552,-3.4653707,-1.7764556,0.42435414,0.7164164,0.88946474,-1.7722073,-2.6597965,0.983508,5.7943273,-6.761361,-0.17996319,-1.2784725,0.1369242,-2.6327684,-2.5320666,0.030807054,0.0017747106,-2.3442178,1.9580015,3.3523767,0.39727738,2.568372,0.66273946
HEK TE,-1.279617,-0.5072636,0.8067139,-0.46295798,-0.27443686,-0.13606189,-1.0397004,-0.7724459,0.074748755,-0.020940088,1.292859,-0.47901285,-0.5465041,-1.383694,0.9993363,0.24566844,-0.08829611,1.0244721,-0.18802889,0.13612722,-0.79716575,-1.064434,-0.96328753,-1.0607347,0.49952868,0.8300295,-0.47688654,0.563538,-1.4607973,-1.4287044,1.4413985,0.23616531,-0.7889657,0.11871303,0.46693105,0.37671274,-0.2966416,-0.05727253,1.3197395,-0.6533873,0.5695599,0.7080509,0.76982147,0.32500088,-1.1220477,-0.9031559,-0.44921666,0.004235696,0.08036317,1.3755981,-0.36412683,-1.5325509,-0.721341,-1.3221529,0.31427485,0.4386114,0.08846888,0.84679294,-0.5154685,0.2199246,1.1716617,-0.29564974,0.97512716,-0.22414976,-0.08590567,-0.004326713,0.17314886,0.5963078,-0.9267325,-0.35094753,-0.72258914,-1.1595792,-0.51620597,0.92509437,-0.705955,-0.9690794,-0.29229373,-0.4649513,-0.32898393,0.8325248,0.8171824,-0.21014026,-0.6543024,-1.0181794,0.49730358,0.768816,0.47336656,-0.30451626,0.60646915,0.41292676,1.1182011,-0.4877069,0.6647175,-0.41507035,-0.18994862,0.00040419772,1.0053099
KE-37,-2.163733,-1.14712,1.1891632,-0.64199895,-0.3958239,-0.14582479,-1.6204177,-1.1753818,0.013914432,-0.31530237,2.4587607,-0.7846192,-1.0345694,-2.3694162,1.576458,0.5628831,-0.12724969,1.7040262,-0.7208923,0.11133681,-1.3934525,-1.5609738,-1.8533895,-1.9461999,0.83795995,1.1720061,-0.99895364,0.7770006,-2.6041903,-2.2962496,2.6160321,0.52737314,-1.2318932,0.30313486,0.8857762,0.57682794,-0.79101384,-0.19476935,2.1391387,-1.083543,1.2625271,1.1341164,1.7197875,0.37181026,-2.044776,-1.616993,-0.73950493,-0.014477655,0.17073153,2.1582541,-0.69136274,-2.7231796,-1.1189458,-2.4445763,0.5874276,0.87837267,-0.04751649,1.7086897,-0.785523,0.2739695,1.9133558,-0.50787956,1.4230605,-0.2920217,0.012828525,0.00069259806,0.41814423,1.0021693,-1.5694135,-0.6271486,-1.1963668,-1.9235058,-0.86100066,1.8882508,-1.50572,-1.4493282,-0.6329613,-0.87174606,-0.58941925,1.363377,1.3648815,-0.62059647,-1.3306998,-1.7821256,0.98773783,1.504759,0.95336914,-0.28163862,1.2654843,0.9156468,1.7596606,-0.8105342,1.4010981,-0.5784412,-0.36936647,0.06370762,1.9180633
M-07e,-1.903423,-0.9344732,1.0810156,-0.5916923,-0.36210617,-0.11525866,-1.4640367,-1.1128391,0.047999278,-0.24693897,2.0190403,-0.6648172,-0.86244553,-2.156087,1.460863,0.47984567,-0.10641211,1.5194358,-0.49794763,0.16473806,-1.2122282,-1.507412,-1.5708079,-1.6937847,0.7033784,1.0972487,-0.74982554,0.7025018,-2.2568831,-2.0850956,2.2755625,0.46605703,-1.1647816,0.2603439,0.75612277,0.48941043,-0.6705902,-0.17002028,1.8993309,-0.9053606,0.9754621,1.0241662,1.3817282,0.393408,-1.735269,-1.39232,-0.6724683,0.00656794,0.13880739,1.9404434,-0.6042796,-2.4190145,-1.0377244,-2.0556715,0.5380195,0.7657474,0.076375365,1.4114785,-0.72811866,0.2989022,1.672459,-0.46704698,1.2354742,-0.33774582,-0.087758705,-0.03413963,0.3414629,0.8180397,-1.4061629,-0.54163945,-1.0662335,-1.7357827,-0.77458775,1.6211268,-1.250335,-1.2886704,-0.4359008,-0.72050184,-0.50936496,1.1681274,1.2213825,-0.5226047,-1.1686499,-1.5873044,0.86550874,1.3190815,0.769487,-0.3041855,1.0384234,0.7386053,1.6010957,-0.69315886,1.1125296,-0.5770821,-0.32900783,0.07698889,1.6153766
DV-90,-1.5091635,-0.67265344,0.8960704,-0.5326821,-0.3486219,-0.16491061,-1.1420095,-0.7944477,0.078117095,-0.078053966,1.5969919,-0.57636404,-0.6537905,-1.6210154,1.0729874,0.27209145,-0.07414583,1.1985866,-0.33652353,0.1186502,-0.93488103,-1.1357309,-1.1609709,-1.2586088,0.6108553,0.872052,-0.64263064,0.6585772,-1.7299083,-1.6232607,1.7924198,0.25513119,-0.86493635,0.081473045,0.5348495,0.41491362,-0.4432154,-0.113799244,1.479419,-0.8275974,0.7657582,0.8385454,1.0925128,0.3293838,-1.3137301,-1.1074839,-0.509873,-0.06743471,0.13236235,1.5920568,-0.44662094,-1.8750379,-0.800542,-1.617582,0.38155705,0.4984319,-0.03428063,1.093441,-0.53998727,0.19004379,1.3464459,-0.3254921,1.1009221,-0.19119373,0.009870049,0.029623095,0.21101521,0.70713156,-1.1059176,-0.38540375,-0.81358975,-1.3315437,-0.64022905,1.1540647,-0.8911242,-1.0585151,-0.41128826,-0.5979399,-0.39940816,0.984378,0.9456706,-0.25614387,-0.8063027,-1.1684505,0.6545695,0.946377,0.6090446,-0.28581926,0.79515016,0.61051416,1.2358854,-0.59014523,0.86445725,-0.46155465,-0.2166358,-0.051118646,1.2928969
MCAS,2.954361,2.562686,1.2566037,-1.9863646,-0.42533576,0.58581334,0.23079512,0.36866623,-0.1709442,-2.7691343,0.57545453,-0.64326483,2.552328,0.8218178,0.9568558,2.1586096,1.2625147,-0.5620542,1.1698552,-1.8041537,0.52836317,2.696194,2.6631994,2.1034093,-0.33325228,1.1598948,-0.96502143,1.4565942,2.2912695,-0.12797618,-1.2486435,-1.1607907,4.1541796,-1.7871451,-2.0308654,0.021488814,1.1192498,-1.3568794,0.030041315,-2.5390284,1.9288162,-2.7746465,1.6744769,-1.0220101,0.6555652,3.8281639,-1.874612,-2.863045,1.3936183,-1.0161154,-1.0857539,3.0629666,2.4999018,0.8048645,-2.524246,-1.9814154,-0.5540798,-1.0379233,-3.6765394,-0.7360596,-0.94650996,2.765791,0.9981846,-0.33949184,1.2840621,0.18094586,-2.39633,-0.9645251,-0.8796739,1.986057,2.4327335,0.5076294,2.7683172,-1.5079355,-1.9260166,-0.9934768,1.0890877,0.32961875,0.34261996,-0.8583394,-1.3733774,0.8616083,3.7571564,-3.7641616,-0.47346848,-1.5528831,0.40921128,-2.3721917,-1.3306657,-0.24352106,0.08663271,-0.7168848,1.1791221,2.0298853,0.5568758,1.3704531,0.16761339
HCC1395,-1.9875278,-0.9619326,1.1577673,-0.64399385,-0.39208043,-0.13413697,-1.5619754,-1.1752869,0.061919175,-0.22817123,2.1300347,-0.7135146,-0.9135591,-2.249796,1.5534016,0.49083903,-0.10247298,1.5928627,-0.50877196,0.16893113,-1.2753463,-1.5943514,-1.6385717,-1.785402,0.7514582,1.1830815,-0.79451793,0.75073636,-2.3766584,-2.1958482,2.38011,0.48121962,-1.2250315,0.2729718,0.78874433,0.529545,-0.6626658,-0.16958743,2.0146482,-0.97677326,1.0322131,1.0869586,1.4281588,0.41553503,-1.8090633,-1.4593136,-0.7117326,0.016431049,0.14550413,2.0640686,-0.6204027,-2.5311027,-1.0879006,-2.1583486,0.5512025,0.78128725,0.0767905,1.470764,-0.7769905,0.31981933,1.7855371,-0.49052557,1.3334376,-0.3641627,-0.08886081,-0.040666606,0.34965113,0.881144,-1.4828774,-0.5705242,-1.125612,-1.8352711,-0.81533235,1.6813755,-1.2936862,-1.3733362,-0.46693242,-0.7669043,-0.5485422,1.2483109,1.2875266,-0.5299048,-1.2148223,-1.6594133,0.90141374,1.3786721,0.8044675,-0.33069396,1.0802233,0.76592535,1.704871,-0.74475163,1.1599914,-0.6057991,-0.3396156,0.071893156,1.6817402
MDA-MB-361,0.14562514,0.28537917,-0.11111559,-0.048757903,0.40251765,-0.07965925,-0.015301188,-0.23066503,-0.33552304,-0.5798613,0.7709745,0.06479265,-0.2957571,0.11284511,-0.100228876,0.46916157,0.0060970467,0.05372903,-0.029767722,-0.5800243,-0.2691347,0.7778499,0.033563122,0.3672358,-0.12062695,0.24361536,-0.43883982,0.03175854,0.1531168,0.1851564,-0.23851137,0.2400187,0.59890735,0.13824445,0.19853702,0.33115932,0.16481908,-0.1364852,0.1598783,0.03389088,0.57346344,-0.64423805,0.23473635,-0.072422534,-0.4418652,0.65020275,-0.10229878,-0.4911154,0.20743018,0.16528139,-0.23828992,0.47840682,0.3511162,-0.16283403,-0.47617534,-0.029345978,-0.31371766,0.34625578,-0.4851869,0.12700805,-0.5960951,0.6708308,0.06891384,0.39841264,0.3003415,-0.42647964,-0.13924831,-0.15695328,-0.12102163,0.2269058,0.07069021,0.1957595,0.36984095,0.4572581,-0.63584715,-0.3173589,-0.34443593,-0.009638809,0.18682899,-0.24886368,-0.15513307,-0.046532143,0.6598454,-0.7483461,-0.10065299,0.030116804,0.06730226,-0.040524438,-0.036301803,0.027840292,-0.034443323,-0.1855121,0.41909447,0.377926,-0.013495337,0.25320315,0.058012553
Hs 852.T,-1.5589921,-0.8187335,0.29591784,-0.37332004,-0.14492498,0.03738939,-1.0665479,-1.131718,-0.23519309,-1.1564239,2.1049736,-0.725204,-0.7034261,-2.0870857,0.9952815,0.52052724,-0.50224906,1.2166994,-0.94110197,-0.2984327,-1.0808058,-0.5347273,-1.3754374,-1.2665546,0.7516285,0.79980594,-0.9120558,0.7043809,-1.607804,-1.4571029,1.4840893,0.80935717,-0.6312592,0.26872912,0.6782524,0.7778401,-0.8332409,0.094041795,1.3896585,-0.404089,1.4364945,0.2247678,1.3411154,-0.0012099855,-1.8146712,-1.0743119,-0.5261824,-0.46308163,0.002244575,1.5274442,-0.9776426,-1.8970838,-0.36051378,-1.7209177,0.19324373,0.6698381,-0.4759407,1.6008915,-0.95849425,0.12226238,0.97442913,-0.052611917,0.83056384,-0.07793255,0.10468586,-0.3639729,0.33147445,0.37559423,-0.7950208,-0.44972232,-1.0744879,-1.5638171,-0.43208465,1.9805566,-1.2751194,-1.2646691,-0.7053732,-0.71598256,-0.34606808,0.7711407,1.0415709,-0.8488508,-0.44249249,-1.4541901,0.47805217,1.1323595,0.6187315,0.105967194,1.022439,0.8341269,0.8680445,-0.30128363,1.2463269,-0.002688272,-0.27816415,0.10905063,1.6682339
HT,-1.9371294,-1.0229962,1.0515625,-0.56112295,-0.36849123,-0.15089515,-1.4132571,-1.0169591,0.024631567,-0.26103717,2.185138,-0.71053386,-0.9055221,-2.0867631,1.3647554,0.4781274,-0.111847736,1.5079511,-0.6606094,0.086174294,-1.2252227,-1.3689176,-1.634659,-1.7208726,0.76895815,1.0273434,-0.9098239,0.7090816,-2.3111634,-2.0259812,2.3341153,0.44394854,-1.0620348,0.2467053,0.7820766,0.5062364,-0.7049967,-0.17963907,1.8795432,-0.98710597,1.1382515,1.0201688,1.5463974,0.3222248,-1.8042954,-1.4393495,-0.67368495,-0.038532645,0.17261308,1.9281987,-0.60828257,-2.420111,-0.9819735,-2.1648533,0.5141711,0.77830803,-0.08519971,1.5279728,-0.6695305,0.20803307,1.7126076,-0.45008597,1.276017,-0.23021945,0.04414348,0.019956224,0.3571828,0.90371853,-1.4014455,-0.55050075,-1.0536816,-1.6947972,-0.76546544,1.6653367,-1.3258592,-1.2861506,-0.5941982,-0.7959015,-0.5215006,1.2122627,1.2044407,-0.52721196,-1.1502125,-1.5647722,0.8840971,1.325597,0.8515715,-0.25791532,1.1261661,0.8314091,1.5392897,-0.7173925,1.243678,-0.50318766,-0.33368775,0.042645935,1.7221103
NCI-H1385,-0.3609503,-0.007965241,-0.69810694,-0.12808557,1.2277831,0.03957892,0.100875884,-0.063547745,-1.081698,-1.7338734,2.00762,0.34326205,-0.85102755,-0.07631802,-0.74585783,1.1045893,-0.45874465,-0.06153528,-0.70508933,-1.2845612,-0.6733398,2.1405118,-0.38685688,0.61598873,-0.30567384,0.46628135,-1.7724046,0.11020802,0.168921,0.34967816,0.09031376,0.59773105,1.4207507,0.5212069,0.46248308,0.8581917,-0.6846318,-0.5404924,-0.22175857,0.36890408,1.3701628,-1.4642751,1.0491565,-0.07522864,-1.3943623,1.2769475,0.26373208,-0.57329595,0.5650039,0.35895905,-0.6772484,1.5237439,0.84146404,-0.4284026,-0.9572029,-0.021010049,-1.0476604,1.186899,-0.34924373,0.6035454,-1.6889966,1.5711514,-0.41777268,1.2683065,0.99164975,-0.9177346,0.41757944,-0.44726118,0.2269699,0.1992161,-0.14141871,0.81878847,0.8009753,1.7523745,-1.4252412,-0.58844966,-0.9703083,0.37395903,0.53052723,-0.4897447,-0.21465272,-0.121506736,1.2906142,-1.4000795,-0.34521732,0.37836647,-0.04715386,0.8516985,-0.03922647,0.5828522,-0.3142618,-0.7168023,0.8088699,0.5666204,-0.5067252,0.44741595,0.9769773
23132/87,-2.11799,-1.0709162,1.1727071,-0.6165775,-0.3689955,-0.12935814,-1.6209364,-1.2582461,0.021204624,-0.3179828,2.324547,-0.7551413,-1.0116053,-2.3949845,1.5891668,0.56788504,-0.15150623,1.6770617,-0.6217153,0.13414282,-1.3759103,-1.6030924,-1.8104513,-1.9003065,0.7617603,1.2154552,-0.89755875,0.7557826,-2.5391583,-2.3001657,2.5497124,0.55046165,-1.2634405,0.3383741,0.86879903,0.5574416,-0.7297598,-0.18282148,2.143793,-0.97838926,1.1567171,1.111708,1.5511435,0.41291648,-1.9702901,-1.5492924,-0.7308059,0.0021390617,0.15128714,2.1355164,-0.66254795,-2.6522691,-1.1192163,-2.343021,0.5734652,0.8939631,0.03264684,1.6433564,-0.79508555,0.31333035,1.859148,-0.52382857,1.3811836,-0.32642308,-0.0849044,-0.044869404,0.39388296,0.9221158,-1.5604831,-0.6325942,-1.2087475,-1.9173877,-0.8633718,1.8859737,-1.4269276,-1.4302124,-0.5415104,-0.8248128,-0.55347276,1.2812841,1.3643281,-0.6281957,-1.297071,-1.7560816,0.983375,1.4733083,0.8562543,-0.2983419,1.204834,0.8322552,1.7481595,-0.78481567,1.3050491,-0.59382486,-0.38132626,0.08982109,1.8017888
Mel JuSo,-3.0222552,-2.6346211,-1.4299164,0.6864797,2.3311815,-0.241988,-0.5705271,-0.78171873,-2.5364053,-4.135387,6.660579,-0.511659,-2.934829,-2.4496462,-1.0495849,2.4836657,-1.4458886,1.835607,-3.6095586,-3.0297627,-2.788762,3.2534423,-3.9646957,-1.1500983,-0.016511614,0.040500842,-4.755485,-0.21809536,-2.7911553,0.034846112,1.7140915,2.94181,1.8119875,2.1111948,2.3875737,2.3966994,-2.0199575,-1.2211337,1.2447568,0.4813787,3.7419233,-1.3458159,4.178908,-0.37768835,-4.957347,-0.35649896,-0.032826483,-1.08957,0.31523502,1.5172287,-2.278884,-0.23071611,1.4858568,-3.9189665,-0.5632764,2.2240996,-2.683926,4.9986835,-0.8693063,0.6938768,-1.293963,1.5429312,-0.29316717,2.6184096,1.6273102,-2.0925126,1.9469323,-0.33636418,-0.31896138,-0.6288488,-1.0824445,-0.58593166,0.8890107,5.677097,-5.0588193,-1.630646,-3.4835937,-0.5816753,0.44552973,0.2574515,0.90164053,-2.2843482,0.48399335,-3.2844949,0.5280877,2.6608553,1.1100266,2.6421418,2.4218483,2.3171697,-0.17381184,-1.0544894,4.369708,1.6930681,-1.4131289,0.71062976,3.9046292
T84,2.058755,1.968754,0.5525705,-1.3047962,0.27093896,0.59608245,0.031679027,-0.02487583,-0.8089886,-2.4965236,1.0778725,-0.2567518,1.3033577,0.30469936,0.7128883,1.8934731,1.1836139,-0.7545398,0.7154305,-1.6656886,0.023687368,2.6607926,1.5582398,1.7543219,-0.5194117,1.2238611,-1.238209,0.9472484,1.2884456,0.2275278,-0.8244283,-0.48483348,3.2484536,-1.0140276,-1.0483785,0.35320082,0.50135535,-1.1605638,0.015466556,-1.4178843,1.8970809,-2.551861,1.8311696,-0.83597,0.3379849,3.4808135,-1.3587822,-2.3411324,1.0819687,-0.29073513,-0.76728773,2.610305,2.0156837,0.3603744,-2.1618745,-1.1268227,-0.48497224,-0.15703247,-2.7895527,0.06869935,-1.4699088,2.6524713,0.2489775,-0.057234406,1.0291806,-0.8571562,-1.7743222,-0.8794172,-0.9986812,1.7732308,1.5510321,0.8228102,2.2834737,-0.24880067,-1.5394504,-0.76448643,0.46445227,0.33316043,0.59495234,-1.3152092,-1.2065445,0.6222328,2.9688706,-3.3046107,-0.34700337,-0.54557705,0.12239708,-1.3676627,-0.973589,-0.14304726,0.16524401,-0.9165805,0.80692333,1.8400605,-0.16201931,1.3962176,0.224742
CHP-212,-1.7279781,-0.7625655,0.84975415,-0.5187043,-0.30942136,-0.12501557,-1.2271458,-0.864512,0.047812816,-0.20208983,1.8920801,-0.6277275,-0.7340408,-1.8008823,1.1549294,0.28377402,-0.22441185,1.3341597,-0.45444143,0.035787288,-1.0572526,-1.0928065,-1.3699913,-1.3152901,0.674886,0.9246729,-0.80934703,0.76407146,-1.8187925,-1.7942175,1.9968129,0.31317264,-0.8853911,0.12346292,0.6400933,0.56665194,-0.54375595,-0.12522574,1.6150248,-0.82991636,0.9222323,0.81188565,1.210867,0.3257028,-1.5764546,-1.1910427,-0.50277114,-0.14274284,0.13413408,1.6923835,-0.47153476,-1.9498887,-0.8327149,-1.8671105,0.3458239,0.604371,-0.16711801,1.2719941,-0.6012369,0.19203478,1.3506502,-0.26302683,1.273343,-0.05597201,0.06643279,0.04127057,0.23929252,0.811667,-1.097189,-0.47892782,-0.93561614,-1.4565698,-0.71297115,1.3005311,-1.0268587,-1.2563063,-0.62932014,-0.6751722,-0.34394455,1.0738243,1.1546592,-0.34698498,-0.7640459,-1.2989379,0.6525369,1.00184,0.63132334,-0.25135309,0.9133052,0.75109595,1.2354672,-0.64965224,1.032846,-0.45979515,-0.2545895,-0.054599073,1.4555538
KYSE-180,1.3659971,1.1048709,0.3820745,-0.5114272,-0.53565127,0.16114184,0.17438278,0.2663383,-0.09925982,-1.341252,0.38142806,-0.4046933,1.4464186,0.13748503,0.32282767,1.1121404,0.458824,-0.18730588,0.2903635,-0.79804504,0.48063537,1.3986254,0.92054516,1.2557998,0.16525838,0.29319334,-0.20431653,0.6480234,1.1883986,-0.021807939,-1.0234367,-0.8821339,2.1177633,-1.2764736,-0.8983786,0.14174896,0.7622183,-0.5192676,0.027284615,-1.3199179,0.8508193,-1.0981958,0.66076964,-0.7143378,0.3948858,1.6296847,-0.97279274,-1.6390736,0.38017493,-0.68069315,-0.35997808,1.2645694,1.1800025,0.52626973,-0.8064595,-0.71922785,-0.46938625,-0.73004246,-1.7143774,-0.7952667,-0.2421107,1.3034827,0.7782652,-0.22531873,0.41639397,0.42370722,-1.5929778,-0.30618104,-0.2542332,0.935538,1.2798316,0.022715062,1.3764887,-1.026992,-0.9597284,-0.48828056,0.47202098,-0.10700065,0.11292611,-0.3433346,-0.51812947,0.5241794,2.120064,-1.6079453,-0.44897836,-1.0515829,0.5326861,-1.2910826,-0.49008614,-0.06873914,-0.0454695,0.16389275,0.72500956,1.2621135,0.50263053,0.60438955,0.058884718
K-562,-2.058135,-1.0391766,1.1481566,-0.6176761,-0.3703785,-0.11781285,-1.586076,-1.2221642,0.030185767,-0.28024405,2.2408805,-0.72914696,-0.9773462,-2.3336308,1.5697855,0.54303855,-0.13565958,1.6361251,-0.5802769,0.1486805,-1.3362451,-1.5860527,-1.7403983,-1.8560699,0.74684054,1.1896214,-0.8644746,0.7455349,-2.4666507,-2.2471209,2.4698465,0.53847486,-1.2530426,0.32512146,0.84432495,0.5443791,-0.72046125,-0.17956309,2.0856614,-0.9657581,1.094467,1.0954283,1.5057218,0.40661973,-1.9069532,-1.5064776,-0.7226002,0.018060148,0.154274,2.0943687,-0.6454841,-2.6090055,-1.1087574,-2.26501,0.5690553,0.84768116,0.052724425,1.5783573,-0.78983873,0.3104568,1.8159359,-0.5161197,1.340677,-0.34604183,-0.092268616,-0.052608266,0.384969,0.8941802,-1.5298567,-0.6016337,-1.170337,-1.8784641,-0.8418828,1.8142555,-1.3905805,-1.3967173,-0.5075492,-0.7909282,-0.5548438,1.2583332,1.3280637,-0.59487826,-1.2746382,-1.7237548,0.94891936,1.4408755,0.8371273,-0.2953697,1.1553999,0.79818064,1.7312971,-0.76457185,1.2497,-0.5913538,-0.35895905,0.0924828,1.7594353
SW948,1.5241388,1.6406631,0.0010736585,-1.2195749,1.6838717,0.21872514,0.13873512,-0.051981475,-1.6979424,-3.4387841,2.901002,0.249858,-0.011913616,0.578535,-0.27955258,2.4111555,0.8567377,-0.85540324,0.26920718,-2.7086458,-1.0293865,4.1458,1.0853995,1.9444455,-1.0936955,1.3581768,-2.8792183,0.4399049,0.9329266,1.0341018,-0.45127803,0.83027154,3.9306815,0.24675941,-0.20857976,1.0926023,0.026666585,-1.6802316,-0.073480025,-0.729233,2.7184703,-3.3740904,2.6532521,-0.69147915,-0.91112447,4.0127454,-1.0238509,-2.549412,1.5850654,0.36323744,-1.2982796,3.7045312,2.7377086,-0.1429973,-2.855447,-1.0331253,-1.304105,1.3874451,-2.456847,0.870743,-2.8847039,3.616857,-0.35212743,1.5596671,1.708383,-1.9820504,-0.7188478,-1.3476833,-1.0318873,1.864735,1.3170562,1.5583961,2.9533255,1.4293149,-2.6668694,-1.2139566,-0.653809,0.7238699,1.0146762,-1.4784746,-1.6911644,0.23852438,3.373916,-4.1687655,-0.037608758,0.46419543,-0.26924348,-0.29249892,-1.3278148,0.3755174,-0.30535305,-1.6849061,1.6270149,2.0887585,-0.493356,1.6421722,0.9641798
HEC-1-A,-1.4507391,-0.7668534,0.691147,-0.47169447,-0.11145465,-0.071245074,-1.1207609,-0.8311554,-0.17526065,-0.6350405,1.89128,-0.5197715,-0.73451203,-1.8196186,1.0953382,0.54428613,-0.22706619,1.2152067,-0.6231942,-0.1203977,-1.0532448,-0.94549847,-1.4652797,-1.370532,0.509436,0.78216946,-0.7455862,0.44700757,-1.7425588,-1.5788461,1.8222903,0.63977015,-0.7353289,0.23753667,0.66923,0.5315034,-0.70262647,-0.10553749,1.4647348,-0.5166749,1.0124215,0.5890941,1.3051838,0.19938195,-1.534504,-1.0625174,-0.5492996,-0.26382,0.16313945,1.4453475,-0.6510289,-1.9141455,-0.6737119,-1.8000432,0.29845452,0.6703821,-0.08972208,1.4084642,-0.6926719,0.27664775,1.1342841,-0.24984965,0.89710563,-0.16504714,0.0046200566,-0.22232865,0.3305977,0.4513637,-1.1154672,-0.443629,-0.78021526,-1.3231499,-0.61005795,1.6168908,-1.2590048,-1.011479,-0.48016793,-0.5561497,-0.37094346,0.8742437,0.93281156,-0.62648493,-0.8323628,-1.41481,0.7335754,1.169763,0.61082315,-0.067624316,1.0019518,0.71403253,1.0838307,-0.5132788,1.149654,-0.19412534,-0.2691037,0.13830315,1.4702265
T-47D,2.144771,1.9933878,0.55146,-0.9943926,-0.6029294,0.33880988,0.3000405,0.20298418,-0.104284815,-2.065809,0.524358,-0.5795835,2.2327964,0.5447746,0.5089754,1.6386791,0.8887388,-0.2289657,0.69358265,-1.1925459,0.6385887,1.9961385,1.6234435,1.6344831,0.20548674,0.64048755,-0.19699325,1.156589,1.8870142,-0.08179267,-1.4805847,-1.250904,3.2336073,-1.5984062,-1.3170207,0.20180726,1.4019227,-0.81990755,0.17852694,-1.867948,1.2931693,-1.8431784,0.77765566,-1.0052314,0.46494925,2.6084554,-1.2593933,-2.390689,0.6167198,-1.0568181,-0.5149848,2.0159101,1.627707,0.82726526,-1.6166627,-1.4184372,-0.56207347,-1.0794652,-2.6800375,-1.1176189,-0.3105349,1.8022656,1.1965787,-0.333897,0.68580437,0.49081796,-2.3868382,-0.45322058,-0.23193586,1.2424846,1.880236,0.11001733,2.053341,-1.5810009,-1.4458256,-0.73054636,0.9999864,-0.12027927,0.19376555,-0.38704774,-0.76911515,0.7714127,3.1418715,-2.4435275,-0.62365055,-1.5074863,0.6641337,-2.0031729,-0.77499604,-0.22791481,-0.061229277,0.19417453,1.1632127,1.7438012,0.64960194,0.9532661,-0.049719617
LCLC-97TM1,-2.1614623,-1.1056345,1.201314,-0.65348756,-0.37255588,-0.11827048,-1.6606578,-1.2844001,0.020862043,-0.30586234,2.3815181,-0.7764169,-1.0290729,-2.4364076,1.6385951,0.5624439,-0.14764065,1.7192127,-0.6370106,0.13045421,-1.3978286,-1.6333942,-1.82861,-1.9414258,0.78903526,1.2521052,-0.9307737,0.7900538,-2.5847414,-2.3467977,2.5882154,0.5649064,-1.2934731,0.344988,0.8729939,0.577994,-0.7457019,-0.19450727,2.1853282,-1.0236219,1.1867036,1.1356404,1.593941,0.41822654,-2.0235615,-1.5827119,-0.75353205,0.014844447,0.1563804,2.190262,-0.6872365,-2.7137592,-1.1455935,-2.392722,0.5860041,0.8869692,0.03350332,1.6764089,-0.8217574,0.31184337,1.8964161,-0.5234918,1.435401,-0.3491504,-0.06694451,-0.0410297,0.41479743,0.9529807,-1.5650947,-0.64566267,-1.2202057,-1.9568381,-0.85808426,1.9096974,-1.4736001,-1.4781307,-0.54884386,-0.8348639,-0.57080346,1.3132962,1.3873416,-0.6292903,-1.3280296,-1.7935784,0.97875196,1.4999716,0.88348234,-0.2998612,1.2346603,0.85111296,1.80316,-0.8133378,1.3312763,-0.5937331,-0.3782781,0.09734586,1.8591267
HEC-1-B,10.594515,8.984655,4.0898147,-6.0867915,-1.8435692,1.9630239,0.5600033,0.8643756,-0.8482645,-9.829163,2.385013,-2.9901807,9.164216,2.5552127,3.2733486,7.5729,4.894006,-2.1420503,4.343117,-6.5727544,1.9587828,9.47101,9.377425,7.814771,-0.79761446,3.9262664,-2.8335643,4.9778028,7.6742306,0.0886383,-4.1645737,-3.88877,14.780299,-6.196675,-6.3312798,-0.06897102,4.6606245,-4.870797,0.7420622,-8.844298,6.958625,-10.046926,6.1587477,-4.34546,1.8272932,13.660483,-6.4962807,-10.414058,4.319728,-3.6753109,-3.7758987,10.115535,8.744498,2.8210924,-8.372923,-6.4471292,-2.1493654,-3.7245595,-13.055068,-2.5771782,-2.948183,9.549893,4.1420436,-0.8180088,4.505109,0.0055077816,-9.205666,-3.483816,-2.7115595,7.306226,8.566813,1.2401,10.532713,-5.413131,-6.9346957,-3.6225755,3.2648935,0.68883306,0.94790024,-2.5888577,-4.4743257,2.8291628,13.001194,-13.102524,-1.5272504,-5.8412447,1.5320294,-8.497246,-4.841614,-0.81074923,0.034775745,-2.6387165,4.3843384,7.421621,2.3568187,4.610296,0.58609265
KYSE-450,1.5436797,1.3868831,0.7858215,-1.4041268,0.21183857,0.47201803,0.10968316,0.25079346,-0.4493917,-1.9706712,0.6858181,-0.2979307,1.0653934,0.21967156,0.5953317,1.5269262,0.99909073,-0.67018634,0.7316956,-1.3481724,0.050768264,1.9569827,1.4122262,1.3879508,-0.49362296,0.8718105,-1.3026276,0.8342902,0.9907341,0.16612497,-0.47365886,-0.33559522,2.617795,-0.8416937,-1.0382516,0.064003855,0.05214004,-1.1189214,-0.2189029,-1.2691504,1.4521928,-1.9262995,1.7465824,-0.44626695,0.35874438,2.7358642,-1.2778679,-1.7421515,1.1432955,-0.13749507,-0.77122843,2.2675977,1.7607642,0.23860228,-1.9198163,-1.1068615,-0.27964938,-0.016269606,-2.1677332,0.06444607,-1.1469752,2.197116,0.063166104,-0.040379226,1.0142738,-0.54308724,-1.0919424,-0.7788505,-0.9229674,1.5777906,1.4019653,0.5983769,1.7910674,-0.234914,-1.2258009,-0.59209335,0.42620784,0.440555,0.36747178,-0.9860896,-1.1688527,0.51228094,2.4253778,-2.657439,-0.038197093,-0.44755214,0.02474353,-1.0856748,-0.9706574,0.032669246,0.14496218,-0.9604721,0.59056056,1.4026514,-0.09156105,1.2042931,0.38784355
COLO 320,-1.1659875,-0.5608699,0.5422238,-0.20235325,0.019866614,-0.04349319,-0.8168822,-0.6681404,-0.0030387384,-0.040428523,1.3096634,-0.38467044,-0.61793375,-1.0300994,0.6742814,0.31137574,-0.22774169,0.82053745,-0.35188553,0.020236608,-0.76997566,-0.61991656,-0.9588688,-0.82986134,0.2879522,0.67562,-0.6267506,0.4208878,-1.1996472,-1.092312,1.1986008,0.31264532,-0.52937806,0.32609716,0.5238788,0.41454017,-0.24830481,-0.120663,1.1437812,-0.38739544,0.59002626,0.48028582,0.6549309,0.3075109,-1.2288598,-0.6573195,-0.26861468,0.097722575,0.05948724,1.0237123,-0.29908332,-1.0796385,-0.5665624,-1.2937124,0.22155443,0.50580424,-0.06243797,0.8989123,-0.33308664,0.14801092,0.8192135,-0.21778196,0.76209337,0.02403227,0.0015232749,-0.020770043,0.30922714,0.53127223,-0.5738376,-0.3819104,-0.62518007,-0.9262214,-0.35403118,0.9864489,-0.83239156,-0.8890192,-0.39277142,-0.38333967,-0.20439991,0.64109576,0.7198914,-0.28827158,-0.51531744,-0.8540369,0.2993436,0.5559181,0.45370167,-0.0814939,0.6263127,0.3023444,0.9166809,-0.420258,0.7829466,-0.22925834,-0.21548232,0.079916045,0.87718296
TC-71,-1.8981935,-0.93184465,1.0715888,-0.6324945,-0.38524795,-0.1494976,-1.4438369,-1.0240983,0.038978253,-0.19825032,2.1156552,-0.72647816,-0.8941901,-2.0741384,1.3704712,0.43671453,-0.13402073,1.5108452,-0.5348505,0.089916974,-1.2114451,-1.3823456,-1.5636677,-1.6542472,0.7372429,1.0809667,-0.8841077,0.7689913,-2.2421088,-2.0309577,2.3028655,0.41306177,-1.0889628,0.18677199,0.7343246,0.5364859,-0.6460695,-0.14522365,1.904996,-0.9926882,1.065526,1.0010244,1.4560218,0.37390232,-1.7670316,-1.4090698,-0.6237668,-0.06260747,0.1388172,1.9546844,-0.58323133,-2.381331,-0.9835713,-2.1334276,0.4867377,0.7040067,-0.07517846,1.4712971,-0.7000273,0.25242203,1.6805433,-0.41245046,1.3529865,-0.23588738,0.021178622,0.012453914,0.3186097,0.8781697,-1.3751168,-0.5188597,-1.0608579,-1.6930358,-0.8077638,1.6129156,-1.2470891,-1.3105582,-0.5814938,-0.75835806,-0.50191694,1.2262777,1.2115767,-0.4415667,-1.1132568,-1.5285676,0.837754,1.263427,0.80791146,-0.27665335,1.0806327,0.7961271,1.5494659,-0.75713754,1.1846168,-0.5407697,-0.28688583,-0.023201618,1.6871026
KMM-1,9.43384,8.362942,3.5446022,-5.960025,-0.29287887,2.3607593,0.36326948,0.43041533,-1.8962839,-9.732562,3.3393023,-1.9041878,7.0902314,2.1875136,3.0731025,7.375589,5.0793715,-2.8122602,4.0572534,-6.560088,1.1100707,9.72499,8.182124,7.389652,-1.5229435,4.553984,-3.947861,4.4523168,6.4180865,0.45351803,-3.270759,-2.4683743,13.833127,-4.6622987,-5.396017,0.34971172,3.0364635,-4.9277987,0.5897167,-7.187063,7.4649777,-10.0724945,6.778076,-3.398172,1.50768,13.955695,-5.9479837,-9.669877,4.6697254,-2.2633133,-3.2773337,10.436471,8.283484,2.1779559,-8.770333,-5.812704,-2.0136814,-2.1638467,-11.879303,-1.1241193,-4.5274477,10.193431,2.6356409,-0.3721012,4.437002,-1.489156,-7.873082,-3.5518134,-3.2325857,7.2750525,7.4329047,2.2778182,9.863386,-3.1905327,-6.6765394,-3.2108092,2.698197,1.1805385,1.2983457,-3.6746602,-4.931015,2.7739754,12.400842,-13.153351,-1.1150427,-4.086439,0.76888126,-6.95726,-4.649532,-0.5861457,0.26267582,-3.7314475,3.7349513,7.030964,1.3146774,5.1116405,0.75103724
MOLM-16,-1.9113857,-0.97689116,1.0895653,-0.61320084,-0.4167096,-0.16557166,-1.4672478,-1.0139667,0.053799104,-0.20858213,2.156199,-0.7083026,-0.8825075,-2.0832365,1.4114653,0.45581344,-0.078441516,1.5015516,-0.5920828,0.14236327,-1.2208744,-1.4334699,-1.5900738,-1.7299819,0.78938764,1.0594139,-0.8713952,0.74005544,-2.3108635,-2.0529716,2.3123398,0.40588906,-1.1018969,0.21441016,0.75771654,0.51848453,-0.66566116,-0.15680608,1.8913498,-1.0363716,1.1113429,1.035879,1.5211428,0.32341176,-1.7439086,-1.4446985,-0.6822703,-0.01813995,0.15558961,1.980055,-0.5868276,-2.4511247,-1.0029833,-2.1385272,0.50784427,0.7138195,-0.032121647,1.461877,-0.7090186,0.23749632,1.7501824,-0.45489934,1.3036706,-0.2811378,0.033700068,0.026146095,0.32709438,0.93123275,-1.438987,-0.52734274,-1.0542005,-1.727511,-0.77692175,1.5986996,-1.254971,-1.3031574,-0.5577204,-0.80616087,-0.5446627,1.2648796,1.1998495,-0.4782079,-1.1609918,-1.5691465,0.8744544,1.3190662,0.85787535,-0.30668336,1.0740188,0.8160298,1.5967152,-0.71973526,1.1993068,-0.54866076,-0.32125533,0.032649785,1.6919445
NCI-H1963,-1.7368492,-0.7615103,0.9362561,-0.5425617,-0.34633076,-0.15072328,-1.2706379,-0.91264534,0.07611571,-0.14633842,1.8436402,-0.66629946,-0.7349954,-1.7625865,1.2029663,0.29489416,-0.18999179,1.3355153,-0.4166943,0.071504906,-1.044919,-1.1851948,-1.3425708,-1.3841745,0.7159494,0.9795569,-0.76269317,0.7606046,-1.9249706,-1.8482889,1.9852797,0.26561162,-0.98172617,0.1276108,0.6466716,0.53437614,-0.5065404,-0.08804476,1.6826054,-0.9077203,0.92170835,0.89061075,1.1817807,0.31421298,-1.5479091,-1.2520474,-0.5064049,-0.03901522,0.12371551,1.7609868,-0.4842307,-1.9956608,-0.8978379,-1.8101193,0.37350726,0.5431522,-0.085196316,1.2107965,-0.6036293,0.20338424,1.5188537,-0.33412594,1.3182261,-0.13899502,0.017211314,0.073149085,0.23275019,0.87436485,-1.1228838,-0.48637483,-0.9582679,-1.483028,-0.7131925,1.306222,-0.9870747,-1.2295903,-0.5697392,-0.6686716,-0.39356127,1.1018132,1.1111977,-0.30969682,-0.85074514,-1.2936798,0.6545442,1.0161209,0.6985879,-0.28747717,0.88009524,0.72150564,1.3372941,-0.6713766,1.0024052,-0.49508885,-0.21297273,-0.054645542,1.4601312
NCI-H747,2.1118324,2.2770627,0.06504968,-1.1052629,0.96582365,0.38550025,-8.53166e-05,-0.1297132,-1.8286844,-3.8586576,2.8903904,-0.079028875,0.9842508,0.4400385,0.15315165,2.566152,1.3143529,-0.98957914,0.47718847,-2.7369127,-0.55955786,4.5653853,1.5833553,2.4910176,-0.7361351,1.5161309,-2.4335902,0.8224925,1.3676507,0.854809,-0.962262,0.24940535,4.7186856,-0.4539622,-0.6558312,1.0958666,0.47011486,-1.8096247,0.13312612,-1.3531328,3.1212811,-3.889211,2.7691414,-1.3120925,-0.51172984,4.772593,-1.3825873,-3.3146803,1.3730699,0.1119082,-1.157738,3.7821877,3.0105257,0.180534,-2.9302413,-1.2190399,-1.4208878,0.6211932,-3.4018292,0.40669447,-2.7507846,4.041263,0.11228811,0.9595196,1.8270112,-1.9958904,-1.9503005,-1.4202347,-1.0735414,2.445203,1.7138394,1.2200154,3.4643378,0.7982286,-2.843388,-1.2400259,-0.36226404,0.40349546,0.9875621,-1.6984093,-1.651728,0.5042599,4.1817575,-4.6704783,-0.46937242,-0.360812,0.11478015,-1.0016524,-1.380156,0.34205416,-0.16431077,-1.5610273,1.6669407,2.4860072,-0.35712266,1.7006782,0.55963457
EFM-192A,1.826785,1.7406373,1.1247652,-1.7710524,-0.289455,0.17929009,0.22040117,0.44063583,0.26558656,-1.8253543,0.3328921,-0.62317467,1.7934487,0.9031187,0.67210364,1.4249586,0.7576986,-0.12566105,0.89451593,-1.2423636,0.5088397,1.5346314,2.149686,1.4883474,-0.22580642,0.68378097,-0.6855287,1.1705701,1.6653947,-0.273323,-0.81435394,-0.850832,2.9043324,-1.2480905,-1.7046028,-0.20860638,0.8543096,-0.97532296,-0.23684648,-1.9938531,1.1429604,-1.7087868,0.9555182,-0.4932778,0.2795383,2.4334695,-1.3602332,-1.648066,1.0350659,-0.7186013,-1.0217752,2.1681209,1.7169222,0.6526848,-1.8426311,-1.7170681,-0.32996666,-0.7358635,-2.3569858,-0.5170235,-0.46582144,1.7735933,0.8473368,-0.067324966,1.1366558,0.4794707,-1.3047386,-0.5581198,-0.3969938,1.045009,1.5431625,0.393566,1.8846793,-1.3589385,-1.3479472,-0.73870295,0.7623476,0.45239252,0.12395836,-0.27435863,-0.9085137,0.49597642,2.5401456,-2.4701202,-0.3798513,-1.052658,0.26546407,-1.5666258,-1.0404329,-0.11355967,0.07594406,-0.5535234,0.88353795,1.0673505,0.4986203,0.7888711,0.39976946
MDA-MB-415,2.2477667,2.0042489,0.87524337,-1.4171381,-0.19555752,0.41472033,0.11816045,0.06836481,-0.25365758,-2.0346844,0.5086492,-0.41009414,1.7469223,0.73631024,0.7284716,1.5737606,0.99061567,-0.43146086,0.923888,-1.4608998,0.41447,1.9615823,1.9801658,1.5895103,-0.29646802,0.9305796,-0.6599704,1.0613927,1.6680818,-0.0064899176,-0.8882608,-0.7587068,3.0627437,-1.1761281,-1.3652753,0.0406304,0.93223256,-0.9605178,0.20446967,-1.7376778,1.5340798,-2.148274,1.180377,-0.80372757,0.36645988,2.8764548,-1.3048956,-2.1835356,1.0517563,-0.6607798,-0.7568285,2.22801,1.692427,0.5790995,-1.9767331,-1.4216448,-0.39561364,-0.6241505,-2.705949,-0.5100467,-0.79278076,2.0921345,0.77130616,-0.12837265,0.8913796,-0.09954701,-1.7893927,-0.68195,-0.6277296,1.4813089,1.7503216,0.47984242,2.1280026,-1.0487732,-1.4313025,-0.7631377,0.73405844,0.2061919,0.2555363,-0.64478195,-1.0134643,0.6162042,2.7243233,-2.8717623,-0.3293637,-1.1253322,0.29923683,-1.8287299,-0.9755798,-0.25681788,0.05522247,-0.55550265,0.9005864,1.5022066,0.4195474,1.0853677,0.08119722
OUMS-27,-1.9789263,-0.99912703,1.1432333,-0.6270156,-0.41646504,-0.16056922,-1.5277478,-1.0874951,0.06086482,-0.20969069,2.206784,-0.7198294,-0.92652166,-2.1668215,1.4828428,0.46744362,-0.09050382,1.5663022,-0.57531446,0.1537956,-1.2642636,-1.5070187,-1.6511343,-1.7900457,0.799424,1.1202781,-0.8658846,0.74532866,-2.3857794,-2.1510468,2.3910086,0.42242745,-1.172865,0.242053,0.79177564,0.5350085,-0.67229396,-0.16175497,1.9771473,-1.0474108,1.1070638,1.0833629,1.514609,0.36446154,-1.8008224,-1.4885142,-0.69534945,0.007862382,0.1550445,2.0544474,-0.58887845,-2.5251536,-1.0624545,-2.1984725,0.5376723,0.7466618,5.9965998e-05,1.500048,-0.7286037,0.268021,1.8106804,-0.4746826,1.3518019,-0.30411664,-0.0067815147,0.010026373,0.3436243,0.95531917,-1.482905,-0.56209725,-1.1101454,-1.7963245,-0.8110463,1.651721,-1.2867413,-1.3534029,-0.5527975,-0.81323946,-0.55334234,1.2884305,1.254146,-0.5065954,-1.2121245,-1.6242578,0.9027147,1.36408,0.8623131,-0.31778082,1.0964255,0.81984144,1.6694663,-0.74462795,1.2128564,-0.5848725,-0.33131227,0.046910577,1.7105147
MOR/CPR,-0.68741834,-0.23660804,-0.19674301,0.05141961,0.22993748,-0.20607302,-0.44517606,-0.40933546,-0.3158885,-0.54439807,1.2915164,-0.1766951,-0.47406414,-0.61254007,0.10697232,0.290972,-0.45472422,0.39635193,-0.4899349,-0.47237906,-0.5526351,0.38339305,-0.69303757,-0.35098687,0.28672096,0.29044726,-0.74119455,0.26627398,-0.53840137,-0.26305276,0.34720787,0.372304,0.061221797,0.20430985,0.5590409,0.611933,-0.22050744,0.17568365,0.47050664,-0.06741076,0.82238257,-0.27224678,0.43596807,-0.1364185,-1.0799575,-0.22636734,-0.083233565,-0.21059412,-0.07686014,0.6435372,-0.41189688,-0.30742458,0.062479086,-0.7883949,-0.022860056,0.24506116,-0.48539972,0.73919266,-0.39749935,0.08881849,0.1669866,0.25522998,0.45805645,0.3542964,0.3103244,-0.29321364,0.08681782,0.09162299,-0.027160687,-0.16777343,-0.49584544,-0.47086078,-0.109145835,0.9921368,-0.672463,-0.69320774,-0.7791428,-0.26254377,0.026291301,0.25344,0.40279245,-0.32591504,0.11885317,-0.5483239,-0.10342838,0.3032596,0.21609844,0.26191783,0.4281228,0.3336477,0.26903886,-0.104710974,0.7320223,0.18574247,-0.13764673,-0.029067952,0.6521169
ZR-75-30,-2.2681797,-1.5421045,0.09464014,-0.073875055,0.34648004,-0.16649595,-1.1105161,-0.9950855,-0.7394008,-1.5844691,3.5083096,-0.73673236,-1.3653095,-2.2814,0.62012154,0.9960068,-0.96494794,1.669739,-1.8613476,-0.9740555,-1.6083188,0.086091295,-2.4406571,-1.638066,0.6505336,0.641657,-1.9814094,0.5486912,-2.2628636,-1.3909199,2.141747,1.2528974,-0.22096708,0.77564096,1.2586297,1.2515255,-1.2067407,-0.29291576,1.7361387,-0.42581788,2.067009,0.1713278,2.195732,-0.09128344,-2.9043195,-1.3064127,-0.40955946,-0.51116383,0.05878946,1.6444919,-1.2610325,-1.8637006,-0.20092955,-2.7354252,0.29208893,1.3600497,-1.1555352,2.6019893,-0.8081047,0.16318308,0.95066977,0.007217286,0.9952213,0.6076145,0.5282461,-0.5309379,0.837772,0.43817502,-0.73452556,-0.66508204,-1.2319044,-1.4768229,-0.32693383,3.0810688,-2.4989152,-1.4721804,-1.5789034,-0.71438056,-0.22882216,0.8744468,1.4003342,-1.3179356,-0.6763837,-1.7975551,0.5755474,1.573484,0.9493201,0.74097157,1.7242031,1.3668418,0.8317579,-0.63638175,2.3282993,0.23197308,-0.6509282,0.07131432,2.4638944
ST486,0.5870411,0.7183435,-0.0039386004,-0.86078954,1.2092426,0.26175943,0.131285,0.08231578,-1.2011269,-2.3449008,1.9841131,0.24740975,-0.20784797,0.22167231,-0.39850643,1.5949109,0.3982678,-0.532448,-0.11124395,-1.7270049,-0.6114375,2.8019555,0.5710051,1.246105,-0.7155273,0.9124713,-2.13633,0.37309486,0.5464237,0.6016838,-0.07249601,0.58324796,2.5147536,0.22299135,-0.22594108,0.691125,-0.4539089,-1.1173927,-0.2722168,-0.24218482,1.8576841,-2.2730026,1.8130227,-0.19887805,-0.7377297,2.5753584,-0.51321363,-1.3647959,1.1532274,0.32213876,-0.8805932,2.6161487,1.6863525,-0.16282126,-1.9701304,-0.67113006,-0.94460243,1.1569265,-1.3210998,0.59574157,-2.20176,2.3895774,-0.4912991,1.0690875,1.3205087,-1.1473569,-0.12019801,-0.8795943,-0.5180723,1.1540111,0.68279284,1.2935182,1.7491126,1.2698015,-1.7683142,-0.6808958,-0.3408001,0.6659702,0.67022794,-0.9634943,-1.052158,0.2003058,2.2524478,-2.6669285,-0.14300607,0.3373775,-0.20362368,0.10094765,-0.8497081,0.44707146,-0.2684512,-1.1975266,1.0201848,1.2210392,-0.44920096,1.0625752,0.8564294
SUP-B15,-1.8920099,-1.029003,0.8413603,-0.51610595,-0.18611811,-0.06167625,-1.3838922,-1.0313057,-0.0989313,-0.37873927,2.309262,-0.6688186,-1.0584086,-2.0368216,1.2346147,0.5969276,-0.2956041,1.45472,-0.69552433,-0.06866959,-1.2827333,-1.1390958,-1.7308682,-1.6694942,0.5730032,0.97548157,-1.0796145,0.62196404,-2.1821454,-1.8873078,2.2775662,0.54899436,-0.98801816,0.36023057,0.8929695,0.63308066,-0.7368776,-0.17503336,1.8860958,-0.8125795,1.1152922,0.8272419,1.4875563,0.3233894,-1.916193,-1.3338612,-0.5381192,-0.06636551,0.11838792,1.8615482,-0.6478681,-2.2565134,-0.90713215,-2.222061,0.41513303,0.819218,-0.19074014,1.6466433,-0.6560566,0.26698273,1.47712,-0.3592788,1.1353198,-0.12271142,0.06125092,-0.09359865,0.42872962,0.74589074,-1.3013462,-0.5143879,-1.0587143,-1.6572745,-0.8262061,1.8734293,-1.4304004,-1.266946,-0.6640464,-0.7959036,-0.44916186,1.1424265,1.2329923,-0.57997715,-1.0944749,-1.6040974,0.83857447,1.2963886,0.7751766,-0.042873412,1.1294459,0.81148714,1.4703172,-0.7338748,1.2988666,-0.4073683,-0.32099172,0.06348029,1.7418337
MOLP-2,1.2298013,1.1979849,0.71988434,-1.284803,0.4541216,0.35358012,0.102721095,0.35238028,-0.6036612,-1.9843428,0.8958708,-0.056034908,0.8676392,0.24683754,0.25079378,1.4827516,0.9409954,-0.7320564,0.610339,-1.3691256,-0.28796795,2.1516087,1.4979216,1.2743567,-0.50676167,1.0071616,-1.5210904,0.81419086,0.9148816,0.1901311,-0.09355284,-0.13048667,2.6109407,-0.4271829,-0.8575777,0.17570297,-0.10473572,-1.2276964,-0.11778717,-1.1392502,1.5819247,-2.122955,1.7755837,-0.27294463,-0.126433,2.6717253,-1.0757471,-1.6470115,1.1918526,0.07130871,-0.85607016,2.3984213,1.7086184,0.16390033,-1.9138101,-1.1217792,-0.43959093,0.23114903,-1.7981901,0.2640336,-1.2903175,2.284272,0.049125306,0.34207258,1.2614902,-0.539277,-0.7881939,-0.98759097,-0.7862901,1.6405474,1.2577038,0.71216387,1.957268,-0.010074055,-1.3513793,-0.70328707,0.31562912,0.47589555,0.41359878,-0.62729585,-1.3560793,0.5482189,2.361289,-2.8826656,0.0063327905,-0.35811913,-0.04963088,-0.83714485,-1.0941129,0.12501259,0.102538824,-1.016169,0.6565441,1.271612,-0.024179356,1.2100022,0.42633665
KMS-12-BM,-2.0730317,-1.0599622,1.180958,-0.645057,-0.42256972,-0.15816975,-1.5919698,-1.1414032,0.048715014,-0.2383275,2.328127,-0.7578232,-0.98056364,-2.2718062,1.544812,0.50465554,-0.104951,1.638144,-0.62350297,0.14736532,-1.3313639,-1.5594714,-1.7444695,-1.8796161,0.8248798,1.1664895,-0.92229784,0.7700963,-2.5009708,-2.238773,2.5068407,0.4616721,-1.2206812,0.26955116,0.8384687,0.56375325,-0.7130902,-0.17113072,2.07594,-1.0822068,1.1762938,1.1239829,1.5978868,0.3753152,-1.905468,-1.5558982,-0.7255993,0.0065811686,0.15946466,2.1339538,-0.6243433,-2.636291,-1.1031462,-2.3145924,0.5618041,0.80104226,-0.010564316,1.5887401,-0.76259273,0.278726,1.8873061,-0.4974306,1.4048504,-0.31064215,-0.0044937767,0.0067075114,0.36766064,0.98857516,-1.5446917,-0.59327126,-1.162183,-1.8776286,-0.8464538,1.7581477,-1.3721668,-1.4114255,-0.5860647,-0.84792376,-0.57670844,1.3390021,1.313183,-0.5503588,-1.2784768,-1.7073749,0.94653106,1.4331299,0.9040486,-0.3151956,1.163534,0.8596712,1.7366055,-0.78189796,1.2880884,-0.59728956,-0.34957993,0.052690677,1.8034672
NCI-H716,-2.0521495,-1.0044868,1.1764445,-0.6411178,-0.3855233,-0.1352616,-1.6101235,-1.229897,0.044687845,-0.23938325,2.2388833,-0.7294345,-0.9612822,-2.3079326,1.579042,0.5183885,-0.12033828,1.6336122,-0.54572785,0.15258007,-1.3285695,-1.6100274,-1.7183856,-1.8505847,0.76539934,1.2130271,-0.84735537,0.75472075,-2.465006,-2.2600489,2.4688141,0.49357596,-1.2574574,0.30796143,0.83464664,0.5554035,-0.67027295,-0.17105511,2.0952964,-1.0085258,1.0965556,1.1026669,1.4664451,0.4161482,-1.8889807,-1.5048645,-0.726645,0.026166905,0.13889425,2.1254785,-0.62341326,-2.596993,-1.1176206,-2.2537627,0.5597219,0.82192355,0.06715937,1.5512112,-0.78353465,0.31875262,1.8412253,-0.50360936,1.3863958,-0.35324648,-0.07823084,-0.028845735,0.35742962,0.9246327,-1.5190629,-0.609306,-1.1648278,-1.8758429,-0.84618646,1.7693794,-1.3363318,-1.420177,-0.5025286,-0.7994829,-0.54394126,1.2768108,1.3208346,-0.5622549,-1.269408,-1.7006444,0.94000953,1.4208691,0.83320653,-0.32790315,1.1308898,0.79374737,1.7534051,-0.77436185,1.219482,-0.59737575,-0.3617052,0.079419896,1.7290778
MOLM-13,-1.6992345,-0.7883004,1.0485075,-0.5866042,-0.40785927,-0.19255081,-1.365767,-0.8948263,0.10908209,-0.06462835,1.8898705,-0.6262943,-0.8062009,-1.8017398,1.2852776,0.3431095,-0.041369118,1.3539534,-0.4006283,0.18884291,-1.0945244,-1.3520205,-1.3752457,-1.5564423,0.71883905,0.98934484,-0.729986,0.64808863,-2.0663216,-1.8668517,2.0575943,0.27317518,-1.0489882,0.16832596,0.6821868,0.47709197,-0.49157828,-0.10080643,1.6959615,-0.98726726,0.90613073,0.9953255,1.2558194,0.33537042,-1.4700162,-1.2931631,-0.6171757,0.03154953,0.136765,1.8432844,-0.44370592,-2.1907809,-0.9624586,-1.8612394,0.46191117,0.56490403,0.031619746,1.221763,-0.60710335,0.24320367,1.6250123,-0.4267519,1.2101177,-0.27393544,0.008587297,0.04152079,0.25581437,0.8835469,-1.3511648,-0.4675392,-0.94148076,-1.5649902,-0.7298881,1.2904631,-1.0034838,-1.1978848,-0.44964164,-0.72272694,-0.49565232,1.1761999,1.0674347,-0.34387943,-1.0346143,-1.3689896,0.78587097,1.1337032,0.74889815,-0.34526578,0.86776733,0.6699886,1.4931914,-0.64437324,0.9825491,-0.54318506,-0.26942593,0.0008351691,1.4287943
D283 Med,-1.975324,-0.97033566,1.1303174,-0.61530393,-0.3810438,-0.120712936,-1.5324683,-1.1682206,0.05875165,-0.2329498,2.1048553,-0.69551015,-0.908459,-2.229186,1.5253545,0.491874,-0.1066039,1.5766283,-0.51248544,0.17237481,-1.2608167,-1.5730927,-1.6335298,-1.7739514,0.7354966,1.1598909,-0.7899439,0.73158246,-2.3589425,-2.1785593,2.3667831,0.47023442,-1.2238525,0.28432325,0.7889708,0.51528054,-0.6721733,-0.17602305,1.9888992,-0.9603429,1.0174009,1.0754867,1.4173113,0.40732253,-1.795566,-1.4505383,-0.695524,0.03152837,0.14478672,2.0389473,-0.61053973,-2.5116107,-1.0867335,-2.1342077,0.55198294,0.7813957,0.07833482,1.4641601,-0.754417,0.30893677,1.7649295,-0.4899192,1.3022003,-0.3496378,-0.08862281,-0.03270709,0.34929803,0.87908024,-1.4646453,-0.5722519,-1.1199973,-1.8111521,-0.81232953,1.6834669,-1.283244,-1.3453748,-0.46026868,-0.75983083,-0.5284062,1.2207013,1.2773606,-0.53700614,-1.2218454,-1.6436288,0.89824873,1.3723433,0.79599965,-0.31711018,1.0721307,0.763528,1.6816487,-0.73159885,1.1492506,-0.6049744,-0.342113,0.082707524,1.6701509
Hs 742.T,0.83122087,0.869847,0.51508915,-1.0212024,0.37414694,0.36164021,0.053431764,0.19121568,-0.5161774,-1.541176,0.68505067,-0.045312427,0.5494894,0.14303483,0.21965916,1.1398193,0.64992094,-0.5060099,0.30867824,-0.9985586,0.012306591,1.5299264,0.9258842,0.94788855,-0.44290176,0.8191779,-1.1015011,0.60905516,0.70289975,0.06804568,-0.15268993,-0.1059579,1.8245608,-0.3703294,-0.777087,0.05701585,-0.20511192,-0.80621904,-0.18986166,-0.65535116,1.2179297,-1.5306704,1.148803,-0.097306475,0.050573315,2.060432,-0.7394948,-1.0891259,0.91282046,0.023550635,-0.56670076,1.8201998,1.1184573,0.14344813,-1.5480094,-0.82201314,-0.29270065,0.23337121,-1.3064083,0.15261644,-1.1900493,1.658773,-0.15744576,0.115728736,0.8667945,-0.4016984,-0.517033,-0.5378843,-0.50694996,1.0233364,0.8234206,0.78633535,1.216136,0.10860461,-0.9366021,-0.37369776,0.47467828,0.5147195,0.37540594,-0.74419564,-0.8823968,0.4066003,1.7482896,-2.0413263,-0.12954456,-0.1886924,-0.008735552,-0.55541587,-0.7912834,0.12420877,0.04886472,-0.6967055,0.37521663,0.9012218,-0.17634845,0.92445177,0.3515824
TCC-PAN2,3.7285585,3.2422514,1.5076721,-2.33321,-0.36698726,0.798564,0.17894399,0.2457489,-0.46872884,-3.6636484,1.0725472,-0.95327467,3.0106354,0.8397685,1.207313,2.8285367,1.920589,-0.985645,1.6529963,-2.4821284,0.5055464,3.567668,3.4210656,2.8911905,-0.48707423,1.6587793,-1.3842779,1.7356775,2.544915,0.14787072,-1.3052921,-1.1393566,5.343486,-2.0376287,-2.1898756,-0.06534191,1.3660334,-1.9016964,0.25901523,-3.0502727,2.689134,-3.787203,2.543482,-1.4533937,0.58648205,5.158399,-2.4550867,-3.7852056,1.738928,-1.0025263,-1.4513103,3.8391645,3.275603,0.81379443,-3.206389,-2.271402,-0.69676304,-0.99743825,-4.7244077,-0.5661733,-1.3708076,3.7386298,1.2228061,-0.13901715,1.7124281,-0.36451128,-3.1152182,-1.396569,-1.278573,2.800694,2.9787834,0.5717081,3.8790615,-1.594826,-2.5332012,-1.3432837,1.0041643,0.33291617,0.43846893,-1.126354,-1.856865,0.98598933,4.7310524,-5.006216,-0.37196055,-1.8111502,0.41081923,-2.8539479,-1.8075248,-0.28577483,0.08244851,-1.3288474,1.5070924,2.707673,0.6418084,1.8820261,0.31609026
NUGC-2,-0.38312435,0.28209478,-0.69996065,0.34096676,0.5680109,-0.5967859,-0.22529718,-0.4089325,-0.92890227,-1.1994324,2.459751,-0.061037533,-0.7886464,-0.09096879,-0.10440685,0.7094945,-0.7859976,0.21955799,-0.6866862,-1.3481505,-0.75887895,1.6690315,-0.97615397,0.028679613,0.28423068,0.19960882,-1.1288514,0.027651427,-0.4245724,0.21630308,-0.31818092,0.82668084,0.87620056,0.45946783,0.9754059,1.1909499,0.17370242,0.42910525,0.5855197,-0.032430742,1.6772379,-1.0799357,0.5300347,-0.6904687,-1.650666,0.35164455,-0.09636545,-0.64093536,-0.09416769,0.6906452,-0.6084569,0.46226445,0.6837907,-0.8331686,-0.18926449,0.18546692,-1.1773047,0.951537,-0.91091007,0.18808483,-0.14235288,1.0321889,0.6888108,0.9198034,0.581397,-0.8809387,-0.2921302,-0.11009696,0.163575,-0.08044786,-0.48069245,-0.15769072,0.31746113,1.4146214,-1.3434391,-0.98427296,-1.5581086,-0.16138323,0.25784189,0.012352897,0.16701604,-0.6264036,0.836855,-1.0987747,-0.3886647,0.31169635,0.43989694,0.3101019,0.52141696,0.15508333,0.022334393,0.019029954,1.2966517,0.8741991,-0.11922592,-0.043244522,0.4971447
DB,2.815355,2.7004402,0.9376046,-2.4455514,1.316338,0.68488955,0.08531241,0.3331095,-1.9675804,-4.8375688,3.1216152,-0.32431352,1.278084,0.5651149,0.37635443,3.366519,1.8696975,-1.5188483,0.9383411,-3.5341866,-0.8615454,5.4704785,2.5161326,3.1052082,-1.3229575,1.8995694,-3.7661219,1.1902105,1.5498005,1.24552,-0.7266582,0.3840502,6.033554,-0.7400329,-1.2194357,0.8706126,0.03103171,-2.6660454,-0.28005257,-2.0824142,3.656049,-4.6779094,4.296991,-1.1690842,-0.41500053,6.116381,-2.2043846,-4.0320525,2.3422027,0.19155213,-1.7923623,5.3253784,4.275554,0.057044085,-4.090892,-1.9379098,-1.3891058,1.1130146,-4.1510725,0.8251263,-3.3662183,5.1978927,-0.10644818,1.1263785,2.6401684,-2.16186,-1.7919044,-2.0842752,-1.8573415,3.348635,2.677549,1.7148253,4.596649,0.7420971,-3.320246,-1.4704185,-0.22312374,0.94585544,1.1995409,-2.0647345,-2.650432,0.8342159,5.243842,-6.1556916,0.019810615,-0.20673159,-0.1760116,-1.3205384,-2.285688,0.5101828,-0.19252841,-2.5283813,1.9398587,3.249962,-0.38294092,2.4256916,1.2179842
NCI-N87,-2.0429003,-1.034871,1.1626775,-0.6341408,-0.4051928,-0.15142828,-1.5772628,-1.1316481,0.051736336,-0.24232656,2.2954168,-0.74781,-0.9642749,-2.2518897,1.5297425,0.50855714,-0.111266494,1.6056167,-0.611398,0.14520454,-1.321248,-1.5417,-1.7264626,-1.855885,0.792887,1.1571939,-0.91645396,0.75294584,-2.466118,-2.219666,2.4774547,0.4671503,-1.2084657,0.26902106,0.8301534,0.55394614,-0.704935,-0.1601181,2.0525477,-1.0594662,1.1594926,1.1035343,1.5752108,0.3685472,-1.8877281,-1.5233438,-0.7164836,0.0047660805,0.16454722,2.1028638,-0.61427605,-2.6072972,-1.0879252,-2.2839606,0.55192393,0.79260135,-0.006150048,1.5727853,-0.75861955,0.28066146,1.8533726,-0.49921754,1.3836426,-0.3032976,-0.0067613386,-0.0045275805,0.36123848,0.96638316,-1.5235053,-0.58490175,-1.1427193,-1.8483956,-0.8440707,1.7538135,-1.3515052,-1.3902626,-0.5790099,-0.8321826,-0.5696925,1.3150991,1.2981601,-0.5456146,-1.2598612,-1.6957086,0.93774587,1.4176207,0.8878763,-0.31032085,1.1529537,0.8476744,1.7220573,-0.7736806,1.2677976,-0.5847337,-0.34004205,0.050186522,1.780143
HEC-50B,-1.7463726,-1.2444144,0.17019963,-0.014965545,0.4337845,0.114604585,-0.5971069,-0.58205676,-0.24375829,-0.77083594,2.0216062,-0.3058766,-1.0047867,-1.3796386,0.4030126,0.6446746,-0.57095087,1.0860091,-1.1109089,-0.36442497,-0.9904846,-0.16203855,-1.615299,-1.0025436,0.23597531,0.5238061,-1.2661865,0.3881926,-1.5801134,-1.0907453,1.6898837,0.55083156,-0.35524327,0.5960789,0.8344887,0.5304227,-0.9502692,-0.57967424,1.0378768,-0.20120606,0.8961232,0.4291986,1.2954187,0.24690332,-1.9090174,-0.870656,-0.09449737,0.08731065,0.13312992,1.0639001,-0.62697923,-1.1162279,-0.5065452,-1.8346459,0.29242972,0.91948634,-0.5297917,1.5709238,-0.06321714,0.13939613,0.48924235,-0.10068211,0.4102012,0.37373483,0.34189507,-0.06141205,0.821088,0.5481749,-0.44823405,-0.5185913,-0.6982717,-0.8585755,-0.25244513,1.8155549,-1.5929773,-0.7571385,-0.75890577,-0.51039016,-0.04756902,0.61844563,1.0065219,-0.646914,-0.5850676,-1.1776655,0.35564485,0.8876204,0.764987,0.48786256,1.0109578,0.84339106,0.78627735,-0.48001838,1.3357546,-0.15489046,-0.3621233,0.33057058,1.5628657
NCC-StC-K140,-2.0357773,-1.0743097,1.1433938,-0.65242934,-0.4567898,-0.21067357,-1.5052626,-0.9493972,0.061168894,-0.23279211,2.3628912,-0.7624347,-0.93855083,-2.123317,1.4219402,0.45687315,-0.07129005,1.5942311,-0.73372746,0.09659974,-1.2772955,-1.446323,-1.7296351,-1.832095,0.8906943,1.0225943,-0.9989366,0.7782538,-2.4814448,-2.125123,2.51396,0.3877644,-1.0769873,0.19337177,0.81567293,0.5308172,-0.7570426,-0.2010016,1.9461294,-1.1720326,1.2465425,1.1124307,1.7399108,0.29059333,-1.8687342,-1.567612,-0.7072295,-0.053536676,0.18333417,2.049637,-0.6192717,-2.5802295,-1.0274627,-2.3201044,0.53672516,0.7362212,-0.1369983,1.5855612,-0.67882866,0.21751583,1.8678743,-0.46046937,1.3727593,-0.23963797,0.13608284,0.07398838,0.37715405,1.047465,-1.5191079,-0.5691753,-1.0712638,-1.7788199,-0.81073385,1.6529171,-1.378739,-1.3268614,-0.6766994,-0.88714045,-0.5821822,1.3991517,1.2582297,-0.48999685,-1.2219244,-1.6264653,0.9402911,1.4121132,0.9805502,-0.28958556,1.1690835,0.95528847,1.6428647,-0.7755647,1.3457981,-0.56471014,-0.3270157,0.0038930662,1.8649805
MJ,-1.9064343,-1.017067,1.046169,-0.5666393,-0.39420873,-0.15228128,-1.3948375,-0.95664966,0.052916538,-0.23542514,2.1479902,-0.6957297,-0.8827547,-2.0306196,1.3440566,0.45345005,-0.08092049,1.4868016,-0.65554196,0.1197975,-1.1974862,-1.3738025,-1.6009562,-1.7012782,0.7842582,0.98867214,-0.8901269,0.71704054,-2.2894444,-1.999264,2.3013225,0.4008676,-1.0453594,0.21844462,0.7694682,0.49369988,-0.71328956,-0.18858692,1.8342558,-1.0200241,1.1060313,1.0263273,1.5632231,0.31062734,-1.7494473,-1.4423906,-0.652218,-0.01889766,0.16352841,1.8967283,-0.5861312,-2.4130101,-0.9805609,-2.1340368,0.5099454,0.7348441,-0.078463554,1.4678617,-0.65198344,0.20721973,1.7093812,-0.45330703,1.2300634,-0.2459124,0.059920777,0.03879609,0.36007097,0.9352576,-1.3988645,-0.533963,-1.0270778,-1.6812532,-0.75239056,1.5862322,-1.2894398,-1.2467856,-0.579159,-0.8137316,-0.53262377,1.2428784,1.1936266,-0.49325693,-1.146887,-1.5513465,0.8670853,1.3106109,0.87319046,-0.2595944,1.0851059,0.8481743,1.5406325,-0.6923741,1.2258842,-0.5385202,-0.31408793,0.040107787,1.7163732
PaTu 8988t,2.2161674,1.8978033,1.0244434,-1.560603,-0.2206083,0.5473698,0.1283089,0.28665364,-0.27132094,-2.274035,0.6421135,-0.5700129,1.8790286,0.38425058,0.7297111,1.8074689,1.1958097,-0.66846913,0.98678726,-1.483064,0.3137982,2.245247,2.0709925,1.7379986,-0.31829634,1.0362762,-1.057744,1.1227399,1.5497899,0.017237805,-0.7718679,-0.7615776,3.3385286,-1.2759827,-1.4761423,-0.0633345,0.61046547,-1.2473465,-0.01826214,-1.8857483,1.7045003,-2.3094587,1.7298515,-0.71765804,0.48176354,3.2447124,-1.5927985,-2.2700922,1.1817244,-0.55620384,-0.9187584,2.5150602,2.052603,0.493863,-2.0974019,-1.4575834,-0.4191719,-0.5804833,-2.9036238,-0.3306859,-0.96241474,2.400181,0.6324132,-0.1675844,1.1612787,-0.13382523,-1.8068954,-0.8455323,-0.8505395,1.8117491,1.898164,0.44309425,2.2960193,-0.91729265,-1.551938,-0.7502079,0.75782984,0.2891939,0.27328032,-0.7785781,-1.2484047,0.7094019,3.0472379,-3.1068766,-0.26466918,-1.0939358,0.24304278,-1.691378,-1.161358,-0.109135486,0.104306936,-0.8893584,0.8843409,1.6673295,0.27101022,1.2536234,0.2686344
SW620,1.8764212,1.7974573,0.5689511,-1.1498305,0.112262905,0.4784922,0.06933633,-0.03883047,-0.5580544,-2.024409,0.77943915,-0.22254346,1.2741411,0.40846568,0.577634,1.5163423,0.9996957,-0.5578409,0.69666165,-1.3856164,0.13855241,2.0939176,1.5304728,1.4713539,-0.3271122,1.016927,-0.8322693,0.8587692,1.2715333,0.08221609,-0.7663202,-0.52154624,2.792239,-0.8990523,-0.99857247,0.17964606,0.59139556,-0.879313,0.11317885,-1.3024505,1.5755908,-2.140934,1.3069117,-0.6847295,0.2724461,2.8554277,-1.1482575,-2.0205636,0.9678147,-0.3837915,-0.6117134,2.1289542,1.6028137,0.38384843,-1.7924654,-1.0931245,-0.46764675,-0.3351714,-2.438671,-0.15765952,-1.0997275,2.1798139,0.42955512,-0.058906913,0.8386948,-0.5011655,-1.6188502,-0.68441933,-0.74565244,1.4017324,1.4178004,0.573514,1.952529,-0.4680603,-1.3405429,-0.6710085,0.5137199,0.21066031,0.40347126,-0.9005319,-0.9846558,0.5631256,2.5587103,-2.7539725,-0.3030517,-0.7416332,0.15023026,-1.3583431,-0.8182113,-0.2035406,0.1208515,-0.70294774,0.7314748,1.4702408,0.08728052,1.1303216,0.0951047
KNS-81-FD,-3.220001,-2.5727997,-0.72548175,0.22172856,1.5475507,0.045242287,-0.8663245,-0.6907533,-1.702646,-3.023269,5.245716,-0.44254518,-2.4412863,-2.765952,-0.30168244,2.0369852,-1.4024259,1.9211199,-2.9741435,-1.872848,-2.4856844,1.3964179,-3.8153028,-1.861761,0.115813725,0.36883593,-3.79643,0.0762525,-2.9246383,-1.0125893,2.7105927,2.1027925,0.5903778,1.6320189,2.0921667,1.8056605,-2.2384913,-1.1412935,1.4435048,0.15812963,2.575793,-0.3274014,3.549975,0.14794546,-4.2263546,-1.2020621,-0.024847671,-0.47217506,0.23046246,1.8332239,-1.680514,-1.3183541,0.22800595,-3.491369,-0.023695437,1.8805106,-1.7775172,4.305216,-0.20906174,0.5373492,-0.11720898,0.5049517,-0.0024130181,1.5347011,1.0012063,-1.0586606,1.8301018,0.075030535,-0.82225406,-0.82661664,-1.2886782,-1.0518236,0.05247928,5.0109205,-3.9862137,-1.3120002,-2.2272136,-0.60980886,0.16905314,0.7214837,1.3464135,-1.7543396,-0.7178418,-3.0254755,0.88550913,2.7375226,1.1918474,2.0738177,1.9672096,2.1252942,0.61080074,-0.69893265,3.4890804,0.6170073,-1.0820457,0.6454206,3.745458
LAMA-84,-2.091966,-1.0468045,1.1933241,-0.6593349,-0.3866645,-0.13847797,-1.6333203,-1.2346874,0.03909669,-0.26906073,2.2884798,-0.7598238,-0.9884395,-2.364594,1.6213002,0.5437259,-0.12508644,1.6749452,-0.5872106,0.14036413,-1.3557729,-1.6328864,-1.7554352,-1.886433,0.7810008,1.2256991,-0.87846345,0.7812185,-2.5118525,-2.2789533,2.5106432,0.55402327,-1.254275,0.30450863,0.85014343,0.56108177,-0.7142694,-0.1783533,2.12932,-1.0095103,1.1302844,1.1187938,1.5455911,0.42117238,-1.9460305,-1.5410172,-0.7436081,0.0103251785,0.14714749,2.135409,-0.67927617,-2.6506248,-1.1219583,-2.3149815,0.5728936,0.85888124,0.049980987,1.5961212,-0.82498085,0.32901037,1.8609877,-0.5199833,1.3927647,-0.37181038,-0.082041234,-0.055180226,0.39680746,0.91071504,-1.546632,-0.60436827,-1.1751885,-1.9284415,-0.8457355,1.8145013,-1.4222515,-1.445019,-0.52015483,-0.80587786,-0.5893817,1.307981,1.3538929,-0.5882615,-1.2834548,-1.7544233,0.95505065,1.4632984,0.8620006,-0.31248003,1.1849576,0.8161144,1.7716175,-0.787172,1.2747682,-0.6008191,-0.3553163,0.072682336,1.8022764
G-361,2.2846718,2.243675,0.46404067,-2.2164342,1.96729,0.74100465,0.22747698,0.3161219,-2.4503129,-5.2191,3.799464,-0.0035244953,0.61486155,0.415011,-0.19797078,3.6974916,1.5749245,-1.5640136,0.38316935,-3.7832112,-1.0531032,6.0645533,1.7877117,2.9231405,-1.4539024,1.8727987,-4.451193,1.0131747,1.3972747,1.3570408,-0.45180404,0.7849967,6.06464,-0.25511476,-0.9021167,1.1665599,-0.53075075,-2.6449907,-0.59953445,-1.4442319,3.9706664,-4.985502,4.509133,-1.0123664,-0.8789093,6.115003,-1.8153688,-3.694155,2.5382254,0.36287016,-1.946483,5.769898,4.2619257,-0.1566452,-4.360726,-1.7679251,-1.6710387,1.8358152,-3.6921458,1.055682,-4.1877575,5.3267636,-0.6639609,1.6456958,2.7700536,-2.5446095,-1.2499623,-2.0783515,-1.7190752,3.0839005,2.2473636,2.3745039,4.3361087,1.751164,-3.697336,-1.4547414,-0.45217162,1.2793394,1.4211419,-2.3911414,-2.5773213,0.64490205,5.309843,-6.1723466,-0.05800551,0.40512466,-0.34760088,-0.5700276,-2.081621,0.72455615,-0.39648157,-2.6861773,2.1964898,3.2888243,-0.9133554,2.478361,1.607577
NCI-H647,2.9138854,2.4529788,1.4050765,-2.0331273,-0.5245303,0.42282408,0.17001666,0.5028099,-0.1532906,-2.7444026,0.5237664,-0.7191669,2.622156,0.8425135,0.9151955,2.0771306,1.3717362,-0.5828319,1.2428561,-1.8142185,0.44526556,2.7098875,2.9430428,2.1093192,-0.29701138,1.1066612,-0.9963141,1.4290892,2.3252473,-0.11904245,-1.0874906,-1.1863332,4.2303147,-1.6829731,-2.0768209,-0.045791224,1.0314984,-1.3997937,-0.005858153,-2.6837428,2.018637,-2.936726,1.7856109,-0.97172785,0.5738559,3.7885122,-1.8857744,-2.8144588,1.474613,-0.9676503,-1.2166321,3.0423055,2.530151,0.9187069,-2.6202323,-2.0136256,-0.5811186,-0.9524332,-3.6202848,-0.784816,-0.9026619,2.8165104,1.0501308,-0.24193624,1.4561459,0.2935254,-2.3435733,-1.0390108,-0.925891,2.1419792,2.5391672,0.37615073,2.93562,-1.5913937,-1.8865831,-1.0642622,1.0091206,0.3534306,0.267654,-0.70374995,-1.5010862,0.8399263,3.751671,-3.7824864,-0.43913302,-1.6219282,0.4475761,-2.4396095,-1.4869051,-0.12949646,0.06663234,-0.80114007,1.206662,1.9658638,0.60743535,1.3877909,0.29024044
TE-5,-2.0457542,-0.9997208,1.32324,-0.69737726,-0.6081041,-0.3365684,-1.4721482,-0.90440357,0.17267874,-0.092031375,2.2175858,-0.7407713,-0.82059085,-2.1305673,1.4332805,0.28098276,0.05215195,1.6465226,-0.6555093,0.16355082,-1.2113152,-1.5311531,-1.5671246,-1.7343594,1.0254676,1.0627658,-0.82078856,0.8809161,-2.4428086,-2.1748722,2.4481707,0.32128176,-1.07088,0.06985838,0.6360918,0.45825398,-0.6100393,-0.21420205,1.8495452,-1.2909616,1.1520451,1.2336977,1.6903827,0.33403802,-1.7197275,-1.5325568,-0.78645813,-0.071219265,0.25410107,2.1110117,-0.621201,-2.5533276,-1.0380567,-2.1541097,0.6205203,0.6298805,-0.08797552,1.4573718,-0.69772017,0.18353152,1.9276689,-0.44903937,1.5289577,-0.21200982,0.11870359,0.12762542,0.32559,1.0835862,-1.5043113,-0.5684476,-1.0394721,-1.7235309,-0.70721143,1.3773444,-1.2375091,-1.4163512,-0.6029701,-0.7992455,-0.5834671,1.4127978,1.2448598,-0.41225582,-1.0700378,-1.4880298,0.91088444,1.3680156,0.9131128,-0.4309909,1.1222978,0.9466741,1.6108117,-0.7788268,1.2571079,-0.64132494,-0.35030958,-0.07922539,1.7473338
AsPC-1,0.41226843,0.48053136,-0.42246723,-0.3732726,1.1913288,-0.01755584,0.19170702,0.11470602,-1.4535408,-2.2355793,2.2767043,0.16341524,-0.35418212,0.14954555,-0.5750615,1.4219768,0.19449696,-0.5149075,-0.35969192,-1.7062712,-0.8344175,2.89591,0.014090102,0.9856719,-0.55267245,0.518304,-2.2142596,0.022385364,0.22658204,0.83402646,-0.099911235,0.7488716,2.3668566,0.37048563,0.23759189,0.8705834,-0.4175811,-0.95265645,-0.16822949,-0.13833699,1.6879202,-2.0138571,1.9050263,-0.53736824,-1.0164543,2.080095,-0.41183683,-1.4759302,0.8522915,0.3544884,-0.86084765,2.190388,1.7849628,-0.32069865,-1.4643077,-0.2626257,-1.1034253,1.2573339,-1.0706264,0.5394173,-1.8438683,2.1764047,-0.46320173,1.2582005,1.1936419,-1.4140323,-0.112157986,-0.8598875,-0.6364824,1.0123551,0.5675116,0.9942585,1.6910677,1.365257,-1.8362753,-0.72102445,-0.94898236,0.37643626,0.7373072,-0.881243,-0.90333235,-0.0024943426,1.9913124,-2.4357529,0.01528622,0.52665937,-0.12080431,0.3738561,-0.5372895,0.44689742,-0.3552022,-0.96331984,1.2360533,1.3642755,-0.53123325,0.84134156,0.92892283
COLO 678,2.2231655,2.027998,0.7094509,-1.4140974,0.21722387,0.5402143,0.053490415,0.13195969,-0.74950576,-2.52281,1.0366687,-0.2340907,1.4258691,0.4925057,0.6908955,1.915043,1.2258861,-0.77675253,0.82215756,-1.746768,-0.02522861,2.754713,1.8803006,1.8401757,-0.5336292,1.1634974,-1.2361768,0.99390227,1.4988484,0.20323429,-0.8574158,-0.5844074,3.4779637,-1.0849105,-1.1277637,0.36480466,0.5663788,-1.1745852,-0.030408088,-1.6140871,1.9542261,-2.688986,1.847504,-0.8205232,0.30579033,3.6112823,-1.4070991,-2.467626,1.2470568,-0.37312973,-0.7883066,2.7610154,2.1117399,0.44327942,-2.330411,-1.3163673,-0.54523003,-0.26606086,-2.8717105,-0.07644183,-1.5062333,2.791228,0.37630126,0.0126727745,1.1406367,-0.63265336,-1.8408996,-0.9747011,-0.9793008,1.8704562,1.7889972,0.7528921,2.4754488,-0.4087961,-1.6438823,-0.8450815,0.46507084,0.35717258,0.46447363,-1.242479,-1.3813986,0.7214288,3.190918,-3.475017,-0.36469164,-0.7605053,0.18240158,-1.5387018,-1.1299945,-0.10873238,0.09805597,-0.92018294,0.94348747,1.8768283,0.055913635,1.4507324,0.24337882
MDA-MB-436,-4.13968,-2.8447335,0.32659745,-0.1733635,0.65723735,0.02206061,-2.2745693,-1.953893,-1.1903605,-2.4466658,6.0648236,-1.3078465,-2.675321,-4.1724954,1.3781211,2.0375922,-1.6560658,2.9775703,-3.0300653,-1.2967846,-3.0660734,-0.30146024,-4.4597588,-3.1902645,0.7216664,1.3360829,-3.4508233,0.766359,-4.3060427,-2.7435167,4.2977715,2.2965946,-0.7664033,1.6361232,2.4626904,2.016574,-2.1000383,-0.7506332,3.4281158,-0.7292869,3.165935,0.6519455,3.8643732,0.23239224,-5.169725,-2.3276436,-0.6594045,-0.44474182,0.08991325,3.1005526,-1.9953693,-3.513272,-0.8412895,-4.800431,0.642371,2.4958172,-1.5718898,4.6405873,-1.098981,0.46121788,1.8334143,-0.36488512,1.4883575,0.71753895,0.54467714,-0.8297718,1.6792073,0.7497225,-1.6068251,-1.1676086,-2.1674707,-2.7896833,-0.80481625,5.644576,-4.4583125,-2.4439893,-2.2334428,-1.2175926,-0.4015983,1.57897,2.5823295,-2.1749122,-1.8701364,-3.664087,1.3450762,3.168864,1.7411996,1.2917248,2.788489,2.062967,1.9925131,-1.1533929,3.940654,-0.014951287,-1.0491308,0.33138117,4.36585
Mono-Mac-6,-1.6714466,-0.765929,0.9889524,-0.6209351,-0.43182856,-0.17555666,-1.3264964,-0.8821501,0.09997429,-0.20217678,1.8815731,-0.6414727,-0.72413105,-1.8705897,1.2688191,0.32164884,-0.07172434,1.3391871,-0.44113347,0.10375503,-1.0538696,-1.2769245,-1.318123,-1.485206,0.80120105,0.9472496,-0.7127799,0.7395707,-1.9665948,-1.8314406,1.9882094,0.3104633,-0.9524236,0.096298374,0.61623454,0.52482873,-0.5487802,-0.06480028,1.6328366,-0.95481265,1.0085937,0.9121414,1.293086,0.27735558,-1.4461391,-1.2636828,-0.66652274,-0.14275172,0.17037427,1.8228163,-0.51813626,-2.158557,-0.84061754,-1.8295602,0.39861226,0.4864807,-0.054508854,1.2464046,-0.6707512,0.21988308,1.5250586,-0.30698925,1.23241,-0.2549256,0.050578896,0.027595632,0.22409381,0.8114203,-1.27673,-0.4467624,-0.9155761,-1.542775,-0.68943757,1.288808,-0.98925364,-1.1991131,-0.5029978,-0.7149758,-0.4790309,1.150809,1.0438027,-0.35569286,-0.87830526,-1.3325837,0.75885934,1.1535407,0.701852,-0.33808976,0.87555516,0.740809,1.3650788,-0.6220811,0.99271905,-0.4849682,-0.24707922,-0.003505908,1.4674242
NCI-H1437,2.5211818,2.2426603,1.0710025,-1.6047738,-0.5955335,0.4671153,0.35561302,0.3594696,0.02753491,-2.4790916,0.3643521,-0.7036644,2.724647,0.6447672,0.7460064,1.9729815,1.1043123,-0.35146356,0.95426,-1.5085262,0.76420915,2.3052206,2.2843874,1.8463485,0.06272143,0.7400067,-0.74171305,1.4850569,2.1866186,-0.274562,-1.4913199,-1.4397708,3.7639184,-1.7121733,-1.9375803,0.030760849,1.2151257,-1.193206,-0.054141946,-2.3939164,1.6306901,-2.2529833,1.2504318,-0.8259551,0.73132366,3.2706285,-1.727823,-2.605646,1.0867935,-1.1025172,-0.9408027,2.769544,2.0944204,0.9149558,-2.259281,-1.9524037,-0.54814243,-1.1501105,-3.2874258,-1.0650537,-0.58966625,2.3135953,1.0794381,-0.396836,1.1164374,0.59852463,-2.2559001,-0.5792803,-0.4557104,1.6547284,2.2963758,0.39942056,2.3992069,-1.7634418,-1.6851243,-0.7875996,1.3679011,0.2056582,0.28164,-0.53497696,-1.1073959,0.9066209,3.542906,-3.154259,-0.6440548,-1.6491288,0.4508565,-2.246969,-1.1805085,-0.14833987,0.02159845,-0.21099499,1.1842123,1.8241419,0.52759427,1.1728373,0.13509041
HCC2279,-2.0760558,-1.0280664,1.184823,-0.6468903,-0.3946504,-0.12868908,-1.6179825,-1.2289994,0.05207102,-0.25749183,2.2493894,-0.73900855,-0.9718971,-2.3482528,1.6071852,0.5257985,-0.11309633,1.6539398,-0.55880356,0.17096837,-1.3404621,-1.635454,-1.7328315,-1.8795229,0.76992655,1.2249755,-0.85573155,0.75743663,-2.4877553,-2.2885356,2.5009449,0.511746,-1.2799095,0.30139318,0.8392952,0.5514867,-0.70545995,-0.1797447,2.1033185,-1.0080873,1.0973752,1.122954,1.5065863,0.42007476,-1.9044598,-1.5211993,-0.728999,0.025577854,0.15437256,2.146913,-0.64688057,-2.6486228,-1.133927,-2.2746856,0.57319367,0.831105,0.071715355,1.567183,-0.7974759,0.32324904,1.8541785,-0.51290566,1.3753471,-0.36026272,-0.082215935,-0.042704266,0.36627203,0.9199359,-1.5477632,-0.5993867,-1.1809987,-1.9083896,-0.8631781,1.799253,-1.3665727,-1.4250163,-0.5025273,-0.81149983,-0.5659311,1.2882776,1.3415908,-0.5802706,-1.2945744,-1.7403305,0.9550115,1.4454775,0.84581935,-0.32599995,1.145762,0.807249,1.77087,-0.77635866,1.2308676,-0.61107147,-0.3609861,0.08449164,1.7645092
IGR-39,-2.5347097,-1.8917009,-1.5448697,0.6245454,2.6987906,-0.53501445,-0.2032146,-0.26082915,-2.568173,-3.9072328,6.8137336,-0.06409107,-3.0800066,-1.4204087,-1.6703972,2.6058104,-1.4534069,1.1147342,-3.003939,-3.2950675,-3.0453703,4.195095,-3.4570622,-0.4396589,-0.4094557,0.022883628,-5.2434278,-0.6682609,-2.3990798,0.88119805,1.2801071,2.5369954,2.3513484,2.346254,2.738938,2.5938103,-1.5755652,-1.5789503,0.99235845,0.54157245,3.725621,-1.6347295,4.003443,-0.45228136,-4.799321,0.65019673,0.074228734,-1.304177,0.5892208,1.537188,-1.8954123,1.4273251,1.9556493,-3.480607,-1.14039,1.727704,-2.6337848,4.818725,-0.43898442,1.091944,-1.9008589,2.364199,-0.6285307,3.1796029,1.890656,-2.0984902,2.0525544,-0.6892867,-0.4517637,-0.12761274,-0.66612405,0.23398556,1.5275133,5.113739,-4.8409247,-1.7327276,-3.353722,-0.2119979,0.95346403,0.09785292,-0.112269685,-1.8466653,0.9322412,-3.6317356,0.53882277,2.453291,0.7109801,2.7466462,1.5808978,2.0901759,-0.20622422,-1.136259,4.2614675,1.9715174,-1.1214378,0.9325072,3.5404108
CGTH-W-1,-0.124913715,0.11100352,0.23424725,-0.24899168,-0.22616078,-0.3321087,-0.18718013,-0.1235164,0.056584373,0.100592926,0.36968255,-0.28916994,0.15801482,-0.11099882,-0.035965994,0.10973278,0.06784841,0.27566183,0.21179657,-0.009864669,-0.038431257,-0.106649965,0.05078935,-0.03557213,0.3818721,0.1909954,-0.18611428,0.29347196,-0.04257103,-0.32014143,-0.013619186,-0.2877656,0.1730838,-0.3178883,-0.06477284,0.06654084,0.3343568,0.1130279,0.2491726,-0.33601955,0.14611012,0.034795962,0.017868556,0.00952146,-0.21668024,-0.14994268,-0.13339959,-0.17619012,0.06846685,0.25667128,-0.1991885,-0.048598114,0.052944124,-0.1069646,-0.12828411,-0.30869472,-0.09302384,-0.011530552,-0.24203087,-0.15765984,0.34892282,0.03053178,0.57820755,0.20843671,0.13375433,0.17740555,-0.2391363,0.28998855,-0.08491613,-0.09594139,0.00018505601,-0.15371612,0.048266202,-0.3456857,-0.12929714,-0.486775,-0.12906927,-0.101723954,-0.06276772,0.57483435,0.07958858,0.300121,0.3754782,-0.25606433,-0.053959973,-0.13976982,0.10030489,-0.40197107,-0.07429761,0.06466516,0.14013661,-0.0038198177,0.354457,0.042041488,0.12882027,-0.18750958,0.27237406
NCI-H1755,1.3608562,1.4105252,-0.5238549,-1.4784918,2.7314804,0.23249924,0.34803608,0.27338904,-3.1801763,-5.536235,5.1284485,0.17691447,-0.49424392,0.23339327,-1.054736,3.6615322,1.0116208,-1.2985988,-0.44334024,-4.118864,-1.8272777,6.7045712,0.5909919,2.5897362,-1.4953349,1.3691676,-5.3760037,0.21447079,0.58133566,1.9813694,-0.18609555,1.6473064,5.839621,0.6427973,0.18446037,1.6925575,-1.0305928,-2.726179,-0.5995931,-0.60941017,4.192432,-4.8313828,4.91811,-1.0849158,-1.9976783,5.441148,-1.3062127,-3.5547214,2.2457612,0.71194994,-2.1482804,5.5991015,4.485283,-0.7353611,-3.957451,-0.96745,-2.3931499,2.976849,-2.9954684,1.4670756,-4.578312,5.3037186,-1.1359683,2.741833,3.022014,-3.2692914,-0.36343735,-2.0945108,-1.4915111,2.7164335,1.710201,2.4386775,4.2003193,2.981325,-4.2922854,-1.6195043,-1.6435435,1.1574743,1.6696577,-2.0672321,-2.4155092,0.17958406,4.9019384,-5.981354,0.14606991,1.2319118,-0.50599366,0.62617016,-1.660526,1.2779347,-0.88213736,-2.7497141,2.898462,3.3106894,-1.1697261,2.16699,2.2927127
Becker,0.5993634,0.64463043,-0.301413,-0.8218101,1.6293801,0.1299982,0.21041068,0.10961103,-1.7291337,-2.9798799,2.8261006,0.2153007,-0.47881493,0.06932904,-0.6572281,2.0101402,0.49004018,-0.6735299,-0.2547633,-2.2198265,-1.0787956,3.5957184,0.19063246,1.3419333,-0.8905883,0.75794303,-3.022611,0.024891732,0.23974009,1.0363609,0.00017646141,1.0075481,3.0900548,0.43214348,0.16344869,0.93646735,-0.65894836,-1.4908782,-0.3386572,-0.15579425,2.2322311,-2.5921884,2.6349523,-0.4627465,-1.1793002,2.841561,-0.67314553,-1.8152962,1.2898667,0.49643013,-1.1887947,3.054041,2.3456063,-0.50420207,-2.171145,-0.49789596,-1.2184945,1.8443921,-1.4727216,0.84180874,-2.5788064,2.8253415,-0.7035321,1.6174408,1.6089637,-1.8136977,-0.032669812,-1.1392238,-0.8566739,1.3997532,0.8252432,1.4233127,2.1708598,1.7732145,-2.339361,-0.8396768,-0.9255104,0.68052685,0.9248751,-1.105165,-1.3055311,0.029312583,2.5795746,-3.265298,0.1251869,0.8234492,-0.3310929,0.4504288,-0.87019664,0.7149132,-0.46585616,-1.4864653,1.6300331,1.7430686,-0.7195286,1.2622194,1.2971432
DK-MG,-1.72638,-1.427557,0.15176754,-0.1707197,0.35004604,0.104446985,-0.60404193,-0.4124483,-0.51700246,-1.3561201,2.1873224,-0.41717932,-0.97558284,-1.7880111,0.5017655,0.9677176,-0.2886486,1.1485236,-1.2894075,-0.4298049,-1.0919139,-0.30064875,-1.9110763,-1.2234437,0.20887367,0.30254018,-1.2952696,0.20277031,-1.8444755,-1.058894,1.8325257,1.0416697,-0.13334824,0.50458217,0.767484,0.37826633,-1.3592385,-0.62449497,0.9158187,-0.115886405,1.0428756,0.28675923,1.9980011,0.130959,-1.815157,-1.0499295,-0.33849758,-0.16486771,0.1853496,0.97805035,-0.9774817,-1.5661469,-0.28851843,-1.8012296,0.1748875,0.97944653,-0.521299,1.9893637,-0.24477921,0.15002792,0.55504596,-0.20582761,0.03206963,0.23454006,0.30691153,-0.45853534,0.8738535,0.2370414,-0.8595967,-0.4336669,-0.5902365,-0.86037475,-0.15991223,2.216268,-1.9064919,-0.6458518,-0.6208327,-0.42442974,-0.12282921,0.53331906,0.8587694,-0.9005375,-0.7935633,-1.7287042,0.8538192,1.5075248,0.8177199,0.55914545,1.0687275,1.0526736,0.5915512,-0.3417807,1.5225128,-0.00978942,-0.50871027,0.44237745,2.0217595
HEC-151,-1.9293422,-0.9549859,1.0677652,-0.55383664,-0.31432888,-0.13473123,-1.454171,-1.1230056,0.038248006,-0.29547954,2.0741923,-0.6856114,-0.8963768,-2.1888075,1.4269305,0.5300255,-0.13050689,1.5099864,-0.53695685,0.12570967,-1.2543025,-1.4608799,-1.6272068,-1.7007482,0.65257066,1.1107148,-0.80818576,0.7019103,-2.2735245,-2.1043975,2.3131917,0.5214856,-1.14587,0.26606387,0.78978705,0.496931,-0.66347975,-0.15798315,1.9268165,-0.88248396,1.0138563,1.0011733,1.4221667,0.39125478,-1.78977,-1.3773288,-0.6552118,-0.01795771,0.16562141,1.9304566,-0.62084854,-2.4001768,-1.0179173,-2.1031241,0.52649325,0.81783956,0.026913118,1.4690008,-0.73069537,0.28912014,1.6602517,-0.49146727,1.2450395,-0.26841772,-0.075798616,-0.059003934,0.33092177,0.7913797,-1.4058516,-0.54789394,-1.0848478,-1.7265605,-0.8187604,1.7167416,-1.2807639,-1.302841,-0.46231037,-0.7194972,-0.5049636,1.1404717,1.2427224,-0.5470756,-1.1351932,-1.6179738,0.9092217,1.3381033,0.7377898,-0.2814619,1.1029661,0.76053053,1.58469,-0.7135845,1.1749011,-0.539161,-0.32345858,0.053720083,1.650109
HuTu 80,-2.0911295,-1.1335285,1.1545026,-0.667622,-0.4854741,-0.21727261,-1.4974618,-0.9147058,0.05482138,-0.25648052,2.4489741,-0.7997681,-0.95981336,-2.1514254,1.4060189,0.43774626,-0.07154001,1.638868,-0.8066096,0.07824521,-1.3036308,-1.4189981,-1.76444,-1.8572395,0.9424866,1.00911,-1.0505193,0.81799525,-2.5241232,-2.1283162,2.5586488,0.39162752,-1.0551516,0.17411482,0.8163673,0.5441934,-0.7985713,-0.22097498,1.9578978,-1.2192492,1.3179071,1.1408153,1.8536838,0.27666825,-1.9135801,-1.6106724,-0.7237593,-0.0853331,0.20615557,2.0741744,-0.64388937,-2.6242309,-1.0189723,-2.3880801,0.54978096,0.7394288,-0.1971969,1.6386288,-0.6808991,0.19643168,1.8947419,-0.44727996,1.4087242,-0.20782503,0.18088773,0.08545506,0.40872568,1.0759455,-1.525478,-0.5728026,-1.0825746,-1.7997156,-0.7913993,1.6698136,-1.4412447,-1.3505515,-0.7333227,-0.91559213,-0.6039523,1.4378365,1.2802341,-0.4922216,-1.2059664,-1.6495796,0.9474753,1.4346079,1.0237634,-0.27046674,1.2242692,1.0131096,1.6258634,-0.7832715,1.4172275,-0.5670513,-0.32838845,-0.022402424,1.9505079
NCI-H727,1.942246,1.6679991,0.856135,-1.2893717,-0.42833602,0.40808848,0.3133359,0.3394007,-0.041190866,-2.0748315,0.38433668,-0.6329909,2.0308754,0.13037163,0.74233663,1.7141939,0.8745832,-0.3887229,0.82453275,-1.2455915,0.4756686,1.86359,1.6136736,1.5100324,-0.07980127,0.6345577,-0.6812208,1.0730683,1.6132995,-0.1547488,-1.0886028,-1.1447675,3.004525,-1.5403732,-1.3381947,0.012501815,0.76021594,-1.0611386,-0.06284827,-1.9663883,1.2894529,-1.6737368,1.3942645,-0.79865164,0.4941876,2.7496161,-1.6223174,-2.1762588,0.9052559,-0.69112885,-0.84076774,2.017607,1.8592006,0.5758053,-1.5695575,-1.2533793,-0.2789462,-0.9655165,-2.7524753,-0.53799605,-0.5109122,2.0535202,0.7049436,-0.38534692,0.9020228,0.20363174,-1.8496938,-0.56286937,-0.65926135,1.5314821,1.7315512,0.050244898,1.9256889,-1.1748106,-1.4223951,-0.6387668,0.835569,0.080686495,0.22867128,-0.5530482,-0.8308805,0.6234063,2.8647742,-2.5956347,-0.33060846,-1.1509963,0.32584876,-1.7150023,-0.8942959,-0.111182414,0.23125903,-0.36752087,0.8837422,1.5033771,0.39069164,1.1237243,0.1682266
NUGC-4,-0.8904527,-0.971987,-0.47271228,-0.055248305,0.6256749,0.10458589,-0.10650578,-0.13620077,-1.0150546,-1.9268675,1.9207219,-0.33696568,-0.60823286,-1.3322124,-0.19294867,1.0996532,-0.03862486,0.48188713,-1.0912944,-0.8972317,-0.7525486,0.9580913,-1.2642081,-0.29127094,0.07953624,-0.002530505,-1.6276213,-0.033794098,-0.95283914,0.0024400428,0.8745961,0.9896681,0.8792348,0.31166407,0.5762012,0.462808,-1.2602646,-0.5167288,0.11402543,0.2285747,1.2392647,-0.6764511,1.9945881,-0.33184636,-1.337716,-0.080980256,-0.27176487,-0.68915915,0.20672315,0.44335315,-1.0650028,-0.26242527,0.7669599,-1.0962281,-0.4944693,0.6594949,-0.74100065,1.8895947,-0.42805892,0.23270276,-0.47324523,0.567952,-0.40462893,0.67886746,0.6999743,-0.9614106,0.4586499,-0.28838617,-0.4947145,0.012112247,-0.19325988,-0.17483859,0.26802704,1.8870142,-1.6713449,-0.32112536,-1.0118132,-0.21948834,0.18589863,0.09853889,0.26487637,-0.66201186,0.31089616,-1.6133665,0.44809172,1.1968843,0.21641874,0.8021233,0.57448393,1.0486815,-0.29403138,-0.3709134,1.3237358,0.650516,-0.6785921,0.4182487,1.752989
HCC1954,5.430467,5.117225,1.9277966,-3.5177746,0.33831066,1.5759156,0.14785409,0.021622006,-1.4315807,-5.867514,2.3978887,-0.74847823,3.7360318,1.4288343,1.7226714,4.521697,2.9861493,-1.7555921,2.2034144,-4.0059533,0.6739088,5.9884295,4.5808887,4.386044,-1.1154968,3.0147989,-2.4812162,2.7037861,3.6748214,0.3145144,-1.8900957,-1.1364235,8.1699505,-2.4177816,-3.0615158,0.45459256,1.7123997,-2.9313357,0.30520403,-3.7878273,4.6208467,-6.2283816,3.9890225,-1.8558685,0.80666494,8.594481,-3.332022,-5.629155,2.8758771,-1.1481334,-1.8058498,6.584645,4.699778,1.1666023,-5.508474,-3.4609575,-1.2450453,-0.93484133,-6.897779,-0.40734002,-3.214164,6.2566905,1.2292161,-0.01552099,2.6814787,-1.3448921,-4.4723854,-2.0809135,-1.8251375,4.166175,4.132337,1.958901,5.700252,-1.2702001,-4.1015525,-1.9219074,1.6213084,0.9148471,0.8683168,-2.5686677,-2.8968294,1.6081961,7.428656,-7.9433084,-0.80309767,-2.077167,0.2609846,-3.776611,-2.6882277,-0.38244188,0.17549513,-2.428829,2.146746,4.174035,0.4100172,3.1249604,0.43913004
SNU-1105,-2.404933,-1.5125139,1.0606823,-0.7781111,-0.57263446,-0.51487803,-1.378686,-0.2541163,0.03233463,-0.5807039,3.540682,-1.0771164,-1.0611911,-1.9694885,0.99628943,0.48387262,-0.1150012,1.830072,-1.4738872,-0.2538548,-1.5230898,-0.8547628,-2.1493423,-1.9854026,1.4292094,0.6414102,-2.0185716,0.90592885,-2.87627,-1.9387093,2.9581082,0.32027015,-0.52351654,-0.08074116,1.0359299,0.75252634,-1.0629928,-0.45284262,1.7785554,-1.9292668,2.0855727,1.1713523,2.8248067,-0.07300568,-2.3367136,-1.9322776,-0.7981961,-0.48065305,0.3077178,2.1030016,-0.8038545,-2.6984982,-0.6736016,-2.9760058,0.41315413,0.72620964,-0.9994894,2.0123923,-0.52034533,0.14361931,2.0837088,-0.2242607,1.5428995,0.33048862,0.9648228,0.33847943,0.6752129,1.3263499,-1.5549026,-0.48058698,-0.9825038,-1.7747916,-0.75094265,1.6854496,-1.960491,-1.4105852,-1.449446,-1.2551285,-0.7523204,1.9963186,1.264465,-0.5286234,-1.0161022,-1.8824546,1.0310602,1.5588984,1.5177929,-0.019754991,1.4479412,1.6236957,1.4896055,-0.9937717,2.1281738,-0.34138668,-0.27370548,-0.2668809,2.6627443
SNU-216,1.7608656,1.3965719,0.66326797,-0.88494503,-0.54002297,-0.058639165,0.15375465,0.21495765,0.060222827,-1.4716377,0.30867115,-0.7511056,1.6698844,0.54617727,0.3878299,1.1576796,0.7921819,-0.1676094,0.75867915,-1.0804044,0.40435144,1.3929447,1.776037,1.3215575,0.16734865,0.54733306,-0.255614,0.7892686,1.3273581,0.09636905,-0.85328144,-0.86974293,2.498192,-1.3265394,-1.0236129,-0.19282956,1.1771365,-0.61898714,0.1254004,-1.7494075,0.9526345,-1.5398996,0.74234074,-0.9657489,0.15483756,1.8104132,-1.0244501,-1.7214427,0.44956207,-0.71332175,-0.77216727,1.2901537,1.4699538,0.5907194,-1.0321654,-1.0234308,-0.39045995,-0.81872493,-1.9817289,-0.617302,0.053757038,1.3242372,1.0020511,0.10646312,0.7195854,0.30837923,-1.6608328,-0.48039016,-0.26064393,1.0318198,1.4102464,-0.14374928,1.9766791,-1.3546264,-1.0517001,-0.734257,0.17497571,-0.060072757,0.0151686575,0.159686,-0.6370307,0.3592702,2.0180686,-1.9768789,-0.23507044,-1.2247876,0.5865538,-1.5363377,-0.7892442,-0.23950374,-0.1594441,-0.09845201,0.74513626,1.2136328,0.6202466,0.48959094,0.15039122
NCI-H2122,1.9307114,1.9278659,0.42463887,-0.80881923,-0.3686577,0.5148033,0.1224466,-0.16854388,-0.28384206,-2.0094275,0.7875542,-0.52552766,1.7896204,0.32864448,0.6229167,1.5716957,0.9832147,-0.4005876,0.617906,-1.1821797,0.52180415,1.9606408,1.3463453,1.5445861,0.099701844,0.82557875,-0.23501845,1.0436672,1.4437383,0.041457437,-1.222154,-0.87963575,2.9403985,-1.2768855,-0.93845576,0.20811369,1.2136203,-0.77569073,0.32877168,-1.4101135,1.4714411,-1.8850847,0.9638943,-1.026124,0.30571583,2.6953266,-1.1932575,-2.3565276,0.6195444,-0.6778456,-0.44001257,1.8415244,1.4255778,0.59694886,-1.5608034,-1.1271935,-0.6296842,-0.7752556,-2.5378704,-0.7954686,-0.61524504,1.8701721,0.9449918,-0.33853498,0.6020054,-0.1790696,-2.273775,-0.44226855,-0.37110758,1.2555205,1.5785012,0.21816479,1.9855336,-1.0471157,-1.4813943,-0.6774855,0.8113325,-0.10042709,0.33480987,-0.73717684,-0.6700937,0.54333544,2.7933922,-2.5212789,-0.49931738,-1.1970153,0.5419139,-1.7643629,-0.64234877,-0.2890509,0.06036474,-0.050692193,0.9950796,1.7056038,0.34331727,1.0837786,-0.12629065
Kasumi-1,1.0429839,1.0247413,0.47274584,-0.7280995,-0.12710965,0.3045311,0.05920597,0.03469436,-0.08819477,-1.1620692,0.29026264,-0.31070393,1.0136466,0.06838611,0.50211394,0.95824236,0.56586295,-0.3170479,0.45655206,-0.67752814,0.27870455,1.0137062,0.78788286,0.79901624,-0.09583727,0.5090302,-0.45015404,0.5990734,0.76886505,-0.0301994,-0.58115226,-0.5005205,1.6289763,-0.74432683,-0.70775515,0.0061751325,0.36749983,-0.57908374,0.045782015,-0.87392485,0.79676586,-0.9241136,0.7904447,-0.43129957,0.32383406,1.5527859,-0.8932698,-1.2910311,0.4590643,-0.25213903,-0.40557262,1.194062,0.9054427,0.24132514,-0.9909359,-0.6639298,-0.076989114,-0.3441176,-1.5337774,-0.2356354,-0.37669784,1.1622386,0.33195937,-0.2822908,0.44320223,-0.08912659,-0.99051183,-0.2811722,-0.4387219,0.8611682,0.91551065,0.1112012,0.9852269,-0.5564467,-0.7568446,-0.29274476,0.5309871,0.063311115,0.20574294,-0.43414217,-0.4945165,0.3142843,1.5356803,-1.4811953,-0.15447259,-0.51701355,0.16822203,-0.9302772,-0.45266005,-0.104989596,0.1188996,-0.23656398,0.41867384,0.89514166,0.024286453,0.7397519,0.04124131
AMO1,2.4995842,2.1547086,1.0149939,-1.5227962,-0.5342015,0.47926825,0.18640864,0.3342269,-0.20779437,-2.337036,0.4554156,-0.60183305,2.3808777,0.5782916,0.81317097,1.7899725,1.0398151,-0.46360606,0.97148985,-1.4571917,0.45167133,2.3161893,2.2232547,1.847835,-0.17260665,0.8411891,-0.62746286,1.1727599,1.9845914,-0.14356971,-1.153951,-1.1482425,3.658064,-1.6210947,-1.6591679,0.0855391,1.0836284,-1.0688854,0.12266314,-2.26289,1.5859137,-2.3104959,1.3444414,-1.0218412,0.55554813,3.131755,-1.6159384,-2.5902739,1.0524032,-0.99000347,-0.86545175,2.4879856,2.0864131,0.760327,-1.9899708,-1.5892701,-0.44824475,-0.97322243,-3.1733162,-0.83666813,-0.61829334,2.3124187,1.0358117,-0.34212404,1.0051521,0.2886791,-2.3319397,-0.801722,-0.7385251,1.696186,2.185191,0.22385952,2.474394,-1.5118184,-1.647414,-0.8748981,0.9324726,0.09063123,0.2869081,-0.61960137,-1.0870236,0.78675556,3.3112948,-3.1164029,-0.49373955,-1.4701263,0.47917002,-2.1813505,-1.1332519,-0.21635444,0.03505558,-0.46112627,1.0956937,1.8429991,0.56540364,1.1646962,0.09047525
Kasumi-6,-2.095095,-1.0623199,1.2041645,-0.67382216,-0.42723188,-0.15705368,-1.6242852,-1.1630007,0.058091268,-0.24604613,2.344978,-0.7676371,-0.98184043,-2.3158724,1.5855203,0.50833786,-0.095275596,1.6643478,-0.6214639,0.15567607,-1.3437271,-1.5997202,-1.7556357,-1.9077402,0.8381062,1.1965075,-0.9269767,0.7885711,-2.5396762,-2.2869463,2.548479,0.46610847,-1.2500732,0.26897392,0.8366269,0.5632476,-0.72622865,-0.1802333,2.0968049,-1.099713,1.1888807,1.139672,1.6188908,0.37950927,-1.929869,-1.5788926,-0.733531,0.0066720806,0.16764493,2.173821,-0.6424668,-2.6851106,-1.1207083,-2.3387637,0.56765914,0.7913637,-0.0011008717,1.600614,-0.7834619,0.28727818,1.909899,-0.49955133,1.4286785,-0.32705837,-0.0013121702,0.0012702565,0.37005538,1.0099338,-1.564344,-0.6006462,-1.1795365,-1.9099786,-0.8629838,1.7812722,-1.3844879,-1.4339147,-0.5841547,-0.865724,-0.5882143,1.3581485,1.3383846,-0.55230254,-1.2920773,-1.729696,0.9591016,1.4565535,0.91187847,-0.32748446,1.1746427,0.8756295,1.7750088,-0.8008569,1.2955526,-0.61182535,-0.3555755,0.057037577,1.827647
SK-MEL-31,2.882912,2.849398,0.42919266,-3.151972,3.0343962,0.75214136,0.3238741,0.32705265,-3.6796181,-7.377811,5.64342,0.091934875,0.27834746,0.45899394,-0.3867695,5.0424614,2.1942039,-2.124196,0.39119697,-5.424463,-1.9116573,8.498881,2.0503836,3.8946,-2.2728844,2.4910145,-6.645076,0.9270401,1.5532974,2.1668553,-0.57839185,1.6997113,8.281561,-0.006252669,-0.9190475,1.664971,-0.9786136,-3.7761602,-0.8034841,-1.7168494,5.4898186,-6.720902,6.471048,-1.3177332,-1.4580476,8.1982155,-2.4773483,-5.097489,3.521307,0.7886104,-2.7470877,8.026443,6.097858,-0.40126672,-6.0058293,-2.2156777,-2.3791237,3.2727196,-4.950326,1.6782274,-5.9343915,7.2352724,-1.1659954,2.6669636,3.7972972,-3.9789712,-1.2505739,-2.9775438,-2.6669927,4.1166444,3.0535975,3.332191,5.9216366,2.8319664,-5.2543154,-2.002946,-1.0133991,1.8191974,2.1021836,-3.2803159,-3.6116796,0.64011073,7.0221076,-8.533302,0.32574242,1.2407345,-0.7964247,-0.40727594,-2.876961,1.2363461,-0.6440925,-3.9202137,3.2747846,4.6306195,-1.4465898,3.3591647,2.5295026
MFE-280,1.0791483,1.250742,0.046929277,-0.31199026,-0.35514957,-0.14681959,0.18649277,0.08699861,-0.21681702,-0.94365513,0.5242362,-0.27182338,1.0988927,0.6912699,0.074836224,0.7975726,0.36999935,-0.13498357,0.38764018,-0.67441887,0.26459166,1.2193629,0.7407441,1.0758771,0.21670574,0.262337,0.26698196,0.6149973,1.2003489,0.04870815,-0.9957636,-0.62159634,1.8766075,-0.8837831,-0.58232695,0.3273397,1.1220802,-0.08544503,0.3049013,-1.016876,0.712595,-1.1939638,0.09289065,-0.78412384,0.04220557,1.194156,-0.43075034,-1.2672911,0.22321355,-0.59854716,-0.32477835,0.8829418,0.60829127,0.4983368,-0.8205086,-0.7732434,-0.59109807,-0.5285724,-1.4459848,-0.81897247,0.17352578,0.7778779,1.0075614,-0.06825167,0.25321904,0.2077092,-1.4970918,-0.18639743,0.02640301,0.5192315,0.9054372,0.073047355,1.1687837,-1.0190145,-0.7268987,-0.7654404,0.33670008,-0.016883928,0.07191982,0.03421911,-0.38375443,0.4070634,1.7839534,-1.2436713,-0.43800613,-1.1332806,0.56763136,-1.3828151,-0.3926084,-0.24973775,-0.23903786,0.2758308,0.64437044,1.084381,0.65274423,0.28117093,-0.24989888
SNU-1272,2.3544867,2.1449876,0.89911765,-1.4118601,-0.54184073,0.56396776,0.26936248,0.22044197,-0.106393985,-2.3684323,0.4868116,-0.66435343,2.4009662,0.33612156,0.78528726,1.9183097,1.1130491,-0.49534276,0.9075122,-1.3977668,0.61193395,2.1813958,1.9016057,1.7432019,0.036668696,0.85575384,-0.68941647,1.2697557,1.921829,-0.1561707,-1.343626,-1.2915875,3.5132692,-1.6331004,-1.5692844,0.05466765,1.1173798,-1.1444612,0.05969044,-2.1072412,1.5843543,-2.03996,1.3298528,-0.8930695,0.64825684,3.176981,-1.690699,-2.6513493,0.9403834,-0.84245443,-0.7932268,2.4836783,1.9552504,0.73378015,-1.9800062,-1.6125059,-0.42382362,-1.000498,-3.1242607,-0.84308994,-0.57456845,2.2671661,0.98106605,-0.42073393,0.9272744,0.24762924,-2.3061914,-0.6092558,-0.5990838,1.6719038,2.0398085,0.18638468,2.2232873,-1.481076,-1.5959578,-0.6952606,1.2146598,0.06509757,0.3155373,-0.6398213,-0.9793112,0.77070177,3.353651,-2.9804602,-0.4657529,-1.4093293,0.4316895,-2.0206833,-1.0432881,-0.22014458,0.14753631,-0.25454807,1.0447631,1.8229274,0.4021279,1.2710576,0.045312323
OPM-2,3.2916267,3.0663214,1.0933886,-2.1833797,0.49325195,0.9843146,0.13682805,0.2058059,-1.2322189,-4.0413647,1.8615761,-0.35748023,2.19551,0.72715324,0.8331766,3.0865269,1.8614043,-1.2456108,1.2117462,-2.7547748,0.15606341,4.43866,2.8793766,2.9029014,-0.7609193,2.015328,-2.0319912,1.7673767,2.3418057,0.2906391,-1.0524412,-0.6849247,5.48004,-1.4500003,-1.8314049,0.527791,0.6802531,-2.030844,-0.103168026,-2.326077,3.2538934,-4.3902664,2.9774773,-1.0702245,0.30223653,5.8033457,-2.053237,-3.5969753,1.9734222,-0.56992567,-1.2998241,4.4798293,3.202639,0.62213576,-3.6778705,-2.1676292,-1.0461508,-0.38344115,-4.3726816,0.001840746,-2.5458226,4.4581175,0.53101236,0.15248317,2.0873692,-0.9982273,-2.6446455,-1.50622,-1.2133512,2.9371784,2.629737,1.4651829,3.8560104,-0.33113,-2.7854874,-1.3382503,0.8611973,0.6746158,0.70306337,-1.7737697,-2.1027515,1.1477317,5.067919,-5.4050455,-0.66277754,-1.2949797,0.23148195,-2.1744535,-1.8442101,-0.032132484,0.09800242,-1.717926,1.4327681,2.7642736,0.10608248,2.1989782,0.47986194
HEY A8,2.1515255,2.020118,0.39798546,-0.697996,-0.9802892,-0.011437692,0.37795344,0.33897442,-0.047796622,-2.0751014,0.81121516,-0.9026101,2.4990804,0.80753887,0.09926982,1.716161,1.0241776,-0.12479795,0.7121256,-1.2619561,0.79295063,2.0943956,1.6239746,1.8950891,0.7867636,0.44115794,0.18678252,1.2565618,2.1540477,0.065873094,-1.9197905,-1.5027748,3.6729374,-1.9987593,-1.310569,0.21612924,2.1010168,-0.509224,0.261909,-2.155653,1.3649434,-1.9784735,0.36067277,-1.3592188,0.33247474,2.4238095,-1.102166,-2.4906762,0.29345155,-1.3745823,-0.53919494,1.8707923,1.7031589,1.0989732,-1.5273404,-1.6180114,-0.95775497,-1.4141951,-2.5661952,-1.6494086,0.09591421,1.7049131,1.7577959,-0.0029047132,0.73764056,0.7849141,-2.949558,-0.28998828,0.24214709,1.0292706,1.9720027,0.01534088,2.409012,-2.2176104,-1.4369361,-0.98272437,0.7485946,-0.24259946,0.06998704,0.16043742,-0.733745,0.9345571,3.5265982,-2.400828,-0.88542444,-2.093266,1.0333273,-2.2993777,-0.7976583,-0.27944252,-0.37533563,0.79430294,1.3415409,1.9809111,1.164077,0.749834,0.012073025
Ishikawa (Heraklio) 02 ER-,-1.6631223,-0.77600527,1.0140333,-0.5494583,-0.35117304,-0.20414096,-1.3430562,-0.90146697,0.057269275,-0.120743304,1.9165521,-0.6339916,-0.81099117,-1.8025117,1.2390794,0.41100016,-0.1220515,1.2956537,-0.46025223,0.08013454,-1.1082155,-1.2536157,-1.4093219,-1.4970998,0.64031124,0.9920253,-0.7896592,0.6699736,-2.038856,-1.8411208,2.0167735,0.39336082,-0.97227263,0.14428556,0.69908077,0.4988627,-0.45686284,-0.056709006,1.7359159,-0.93274784,0.9719211,0.91430455,1.2945851,0.30391848,-1.5691048,-1.2496561,-0.60893345,-0.005160004,0.12585627,1.773875,-0.5036884,-2.0953236,-0.8910508,-1.8863075,0.45566034,0.6111207,-0.018223077,1.2421111,-0.6708883,0.26756173,1.609452,-0.4186685,1.2313432,-0.22333995,0.0053262822,0.006240293,0.23926379,0.80587,-1.28814,-0.43147036,-0.9601179,-1.5040045,-0.75193894,1.391918,-1.0477695,-1.2102611,-0.5304828,-0.6459927,-0.4926852,1.1524556,1.0628301,-0.38250408,-0.9699381,-1.3915648,0.74967796,1.1381701,0.7062067,-0.30120447,0.93937325,0.6720252,1.4530243,-0.6634049,1.0564386,-0.47880024,-0.22424752,-0.037419196,1.452001
Huh-7,-2.0457506,-1.0391297,1.1588635,-0.6332957,-0.42346084,-0.16342193,-1.5660616,-1.1205312,0.054422032,-0.22990137,2.2778459,-0.74237645,-0.9566778,-2.2450242,1.5146128,0.49397418,-0.10452946,1.6107808,-0.60950553,0.14843541,-1.3141122,-1.5323128,-1.7179265,-1.8461622,0.8129711,1.1413494,-0.9075654,0.76460576,-2.4659433,-2.2122617,2.4679766,0.4515848,-1.20657,0.26559713,0.8305039,0.54787004,-0.7075886,-0.16745129,2.0378487,-1.0638272,1.143925,1.1131692,1.5704181,0.36310917,-1.8676132,-1.5331113,-0.71559954,0.004122611,0.16578418,2.1038744,-0.60854125,-2.601756,-1.0878347,-2.2683606,0.5537381,0.78143144,-0.013890747,1.5581152,-0.7486654,0.26752925,1.85836,-0.49867383,1.377067,-0.3067607,-0.011782784,0.007119063,0.35607356,0.9741352,-1.5351671,-0.57892936,-1.1504128,-1.8464873,-0.8415035,1.7285202,-1.3441936,-1.3819596,-0.57844925,-0.83308065,-0.56593645,1.3169158,1.2988782,-0.53003407,-1.2488176,-1.6758635,0.9391867,1.4138846,0.8887176,-0.31371877,1.1365473,0.8469855,1.7101756,-0.7685711,1.2650187,-0.5939897,-0.3420383,0.049479846,1.7743962
NCI-H838,0.27163056,0.41606477,0.17454359,-0.21992819,-0.40616444,-0.6731632,-0.14740019,-0.059426095,0.037974108,-0.16180831,0.6480928,-0.47753567,0.40158057,0.51952636,-0.079742596,0.17497955,0.09504186,0.14867754,0.35438067,-0.25154153,-0.014470527,0.35388297,0.41262016,0.26143128,0.5089718,0.17232972,0.00543929,0.2107372,0.32586387,-0.08719512,-0.39576393,-0.46313933,0.78296626,-0.5187878,0.023415629,0.117888674,0.97279376,0.366996,0.41097543,-0.83586645,0.4902211,-0.3662358,-0.22870746,-0.5379337,-0.2827503,-0.048509676,-0.1840378,-0.29479226,-0.035020024,-0.08247276,-0.32247007,0.2695119,0.33286625,0.15222417,-0.3336099,-0.44906092,-0.29235342,-0.19835371,-0.44998357,-0.33774644,0.72601783,0.09019654,0.9182756,0.48864716,0.3078698,0.40742454,-0.66733193,0.19929704,0.09758336,0.030946614,0.19416536,-0.2563833,0.46069896,-0.87977797,-0.17924201,-0.7840698,-0.46057236,-0.13725793,-0.23075488,0.9437202,-0.08121362,0.37530178,0.6901724,-0.45919576,-0.20215043,-0.65316874,0.3739838,-0.7741785,-0.3213229,-0.08666316,-0.06171899,0.21755463,0.4741733,0.35479295,0.47361544,-0.31894454,0.17224619
P3HR-1,-2.0499291,-1.0206234,1.1633043,-0.6333411,-0.3739946,-0.13509634,-1.5901892,-1.2122251,0.037310727,-0.27635807,2.239559,-0.7354833,-0.96540713,-2.3221676,1.5852367,0.53592,-0.12669057,1.6356256,-0.5622316,0.15185678,-1.328217,-1.6062753,-1.7242372,-1.856646,0.7549333,1.1995606,-0.85566026,0.7531781,-2.4578362,-2.2499363,2.4750426,0.5306314,-1.2513373,0.3008928,0.8333478,0.54655,-0.708983,-0.18348569,2.0806563,-0.98466873,1.1069521,1.0972496,1.5119027,0.4125759,-1.8941653,-1.5068662,-0.73476505,0.009571798,0.15590584,2.1012774,-0.6540998,-2.6095953,-1.1095403,-2.2536929,0.5675193,0.83705413,0.05563191,1.5579171,-0.7992652,0.31992143,1.8224882,-0.51509225,1.3522644,-0.3548778,-0.080396235,-0.053809706,0.3749674,0.8924683,-1.5280188,-0.5962166,-1.1511862,-1.8835115,-0.8469064,1.7943246,-1.373906,-1.4060581,-0.49541932,-0.7932979,-0.56276405,1.2702885,1.3196572,-0.5815726,-1.2662842,-1.730814,0.95308304,1.440194,0.82893723,-0.31486064,1.1554774,0.804418,1.733245,-0.7626145,1.2335933,-0.59842545,-0.34848174,0.07825406,1.762768
SW1710,-2.0950336,-1.1092097,1.1682339,-0.652322,-0.43964306,-0.18739152,-1.5679867,-1.032451,0.03615266,-0.24984187,2.442304,-0.7923823,-0.99655175,-2.2155883,1.4851526,0.5020749,-0.09776364,1.6339468,-0.7383071,0.09588745,-1.344785,-1.4793898,-1.7938536,-1.9002079,0.8750219,1.0923353,-1.0309199,0.7817117,-2.5474892,-2.1885085,2.5620775,0.45253953,-1.1331255,0.24156496,0.86190224,0.5750695,-0.76395637,-0.18588671,2.048103,-1.1578755,1.2800864,1.1271242,1.756305,0.32687318,-1.957071,-1.5927114,-0.72486687,-0.039302975,0.17669651,2.1126232,-0.6431661,-2.6449995,-1.0643811,-2.3950374,0.5509843,0.7983827,-0.12046051,1.6491,-0.72735596,0.23845142,1.909063,-0.4834855,1.4139516,-0.25132737,0.094875276,0.043182947,0.3935308,1.0332314,-1.552972,-0.58814573,-1.1318986,-1.8507521,-0.8413891,1.7596987,-1.4467071,-1.3969584,-0.68394744,-0.88905644,-0.6002269,1.406305,1.3026147,-0.5377716,-1.2700838,-1.7076662,0.95855,1.4559684,0.98418045,-0.27665856,1.2184367,0.93418944,1.7015893,-0.79919857,1.3922421,-0.5625598,-0.3385187,0.012792226,1.9073164
MOLP-8,-1.6045811,-0.68126994,0.6914993,-0.43229008,-0.25656503,-0.14270088,-1.1057881,-0.80775046,0.04834322,-0.20615628,1.6472591,-0.6487987,-0.6216754,-1.5709486,1.0073389,0.28437155,-0.2950243,1.1983637,-0.43719867,0.0069448277,-0.91693795,-0.95076084,-1.2012045,-1.145324,0.62744206,0.8470648,-0.7397738,0.785709,-1.60844,-1.5945799,1.7280551,0.24912408,-0.79702747,0.10019428,0.6138994,0.5523355,-0.50060004,-0.060576513,1.4875628,-0.7369709,0.86739147,0.6778599,1.0477659,0.23098953,-1.4557753,-1.0913388,-0.4260263,-0.094969764,0.09229541,1.5235046,-0.466254,-1.6884154,-0.7586503,-1.591456,0.27309588,0.5357397,-0.16918628,1.0892373,-0.5447287,0.13947558,1.2395643,-0.24009262,1.1784788,-0.07977633,0.04606751,0.07666245,0.19101042,0.75501573,-0.8791617,-0.41923136,-0.8835393,-1.3508525,-0.63677126,1.2058342,-0.9175518,-1.1227578,-0.6134683,-0.5882463,-0.29547334,0.9209225,1.0599233,-0.2702327,-0.62422997,-1.1624238,0.5062076,0.8392856,0.5928049,-0.20595726,0.76910734,0.6805005,1.072166,-0.5758626,0.91739625,-0.39834118,-0.16498008,-0.05580375,1.3588977
TE 159.T,-1.9847709,-1.0282748,1.144305,-0.6422173,-0.45427263,-0.20350015,-1.5019149,-0.9776641,0.07073165,-0.1883725,2.2795815,-0.74382734,-0.9219258,-2.0928032,1.426246,0.43978003,-0.06394894,1.5560488,-0.64962316,0.13319814,-1.2572572,-1.4485958,-1.6567824,-1.7924644,0.8628445,1.0553011,-0.93371546,0.7651162,-2.4079797,-2.101062,2.41281,0.3794324,-1.1004096,0.19374946,0.788031,0.53424853,-0.68964994,-0.17009097,1.9338096,-1.135183,1.1774776,1.0994558,1.6322032,0.31528324,-1.7987446,-1.5193814,-0.69724405,-0.020790875,0.17277732,2.0408528,-0.5899348,-2.5245376,-1.0312994,-2.2373514,0.5299841,0.71269166,-0.08234948,1.517203,-0.6946152,0.22656344,1.841775,-0.4666818,1.3654742,-0.2631743,0.082795694,0.05678073,0.348165,1.0146711,-1.4913045,-0.547201,-1.0754368,-1.7681675,-0.7962147,1.5971746,-1.3039678,-1.3349229,-0.62625074,-0.852305,-0.5765058,1.3584757,1.2307378,-0.46931726,-1.1943479,-1.5985522,0.9028174,1.3604234,0.9303492,-0.3099935,1.1148349,0.88169616,1.6405385,-0.7513137,1.272286,-0.5748903,-0.3185834,0.0055021346,1.7752085
KNS-62,1.8644899,1.7008439,0.45200753,-0.81933826,-0.31021315,0.25340205,0.10601258,0.078934886,-0.47961038,-1.8496456,0.79578596,-0.36423826,1.508521,0.46768054,0.5710611,1.3688488,0.82555914,-0.4712484,0.5566802,-1.1938368,0.098935194,2.0810702,1.4314573,1.5479547,-0.09626983,0.73795134,-0.32167804,0.6997405,1.315216,0.15899745,-0.8828923,-0.6228618,2.7621353,-1.2056893,-0.8944217,0.21082492,0.8715937,-0.63717896,0.307745,-1.614825,1.3279223,-1.9324741,1.0760288,-1.0855596,0.21553354,2.4066005,-1.1595745,-2.102859,0.6445151,-0.64056706,-0.58040154,1.7009759,1.6436698,0.52706355,-1.2564257,-0.8042413,-0.6590846,-0.66122246,-2.3970501,-0.4484931,-0.4669761,1.8710104,0.83110964,-0.21694848,0.69575214,-0.19418244,-1.9426444,-0.7033348,-0.6853739,1.3717805,1.4392549,0.17448065,2.0933406,-0.81419694,-1.3066809,-0.8232729,0.19827688,-0.040267766,0.31031042,-0.68145704,-0.82835317,0.46543953,2.552809,-2.5004928,-0.33274198,-1.020084,0.47226298,-1.6231291,-0.62757474,-0.25484222,0.058469098,-0.3331972,0.8797177,1.6878556,0.39409268,0.85327524,-0.053925067
HLF,-1.6470819,-0.6515997,-0.5161757,0.3376503,0.8068296,-0.88079315,-1.1612837,-0.91173685,-1.1085025,-1.2744653,3.8928807,-0.37341827,-1.6048639,-0.84232193,0.056120653,0.91761523,-1.2752081,0.9322474,-1.3027636,-1.5112145,-1.7495005,1.5251272,-2.0511644,-0.77096117,0.3020198,0.5309692,-2.2945104,0.25629053,-1.3534901,-0.31593812,0.43704826,1.2200584,0.5432414,1.1393985,1.8220936,1.9863012,0.0037964024,0.23307702,1.502771,-0.26074898,2.3382947,-0.5675975,1.022325,-0.37649345,-2.8965714,-0.22697248,-0.17609936,-0.3387329,-0.37650612,1.5488622,-0.7900135,-0.10017529,0.49929228,-2.0993106,-0.18243769,0.6677013,-1.2268523,2.0204473,-0.9457666,0.38602287,0.26766774,0.90261215,1.012944,1.056083,0.71071696,-0.7580161,0.48623562,-0.05847222,0.03580247,-0.37790477,-1.0456176,-0.9611795,0.1789275,2.6040368,-2.2405071,-1.6873692,-2.0480692,-0.36950433,0.08073904,0.74817777,0.6127392,-0.9419828,0.11273904,-1.4150537,-0.26357192,0.79416996,0.738501,0.8073113,1.0842077,0.5915978,0.6439999,-0.29408556,2.141747,0.7429771,-0.26978695,-0.08510095,1.4139504
WSU-DLCL2,1.8851867,1.6805689,0.6032594,-0.89685607,-0.7181528,0.1619047,0.31631446,0.3699232,0.03816265,-1.8952845,0.3570037,-0.6889027,2.255376,0.33366108,0.33277524,1.5371405,0.85763437,-0.15268733,0.6214889,-1.1225935,0.6511871,1.8180085,1.5914307,1.4958812,0.37027377,0.40899932,-0.38435304,1.1046594,1.8210013,-0.13894351,-1.5445808,-1.4822012,3.0672328,-1.6139252,-1.3508478,0.14610024,1.3034728,-0.80218226,-0.07416791,-1.9547145,1.1603825,-1.5507685,0.7711626,-0.86282647,0.49730325,2.2815928,-1.2416908,-2.241229,0.54400694,-0.980965,-0.54974586,1.8890367,1.6139741,0.9143499,-1.455218,-1.4430737,-0.5115061,-1.0552728,-2.3639069,-1.1880934,-0.20666768,1.7526942,1.1330808,-0.25753543,0.6874371,0.7840234,-2.2193432,-0.3371911,-0.12864155,1.1341586,1.8381362,-0.09025857,1.9472395,-1.7376508,-1.262434,-0.5894453,0.9143808,-0.12934229,0.1212534,-0.12254865,-0.7715962,0.7823301,2.964223,-2.1763167,-0.60963076,-1.4687313,0.7018478,-1.815004,-0.8361465,-0.063198835,-0.09549714,0.34959486,1.0650033,1.5831875,0.62254083,0.8381282,0.07267383
SLR23,0.6722655,0.78622615,-1.0156314,-1.5522983,3.86969,0.19292551,0.5830547,0.5163437,-3.9595387,-6.54326,6.6256185,0.6784677,-1.7028055,0.17708549,-2.042304,4.2757316,0.4082085,-1.2828028,-1.2064031,-4.9585476,-2.6757169,8.157837,0.04021212,2.7566292,-1.8477476,1.507286,-6.804093,-0.0725338,0.43504238,2.2801328,0.31414345,2.3930938,6.585142,1.4443069,0.67148393,2.28192,-1.8987112,-3.0726066,-0.85533094,0.17157526,5.0165563,-5.648916,5.6945853,-0.7310108,-3.2254605,5.907706,-0.8548225,-3.4386237,2.7980509,1.0932708,-2.6874113,6.8037624,4.90984,-1.2377326,-4.5393167,-0.90956074,-3.1499305,4.3537183,-2.6017342,1.9442495,-5.9433184,6.2255964,-1.7362726,3.9619744,3.7097905,-3.6935668,0.5921057,-2.4998872,-1.2741889,2.6371913,1.3711908,3.2302554,4.5404425,4.5042005,-5.3770967,-1.891943,-2.3915348,1.7388233,2.067137,-2.197029,-2.5938165,-0.006843183,5.497274,-6.7738743,0.13440356,1.931745,-0.73586303,1.6689565,-1.6653917,1.9045824,-1.2807143,-3.1417167,3.6548564,3.4447942,-1.4210955,2.5652108,3.2185268
NCI-H526,-2.0324965,-1.042743,1.1514297,-0.62900215,-0.40736368,-0.15071297,-1.556119,-1.1128472,0.04715563,-0.24569213,2.274211,-0.7389741,-0.9576591,-2.2335289,1.5124027,0.50232744,-0.10192741,1.6047126,-0.6195805,0.14274485,-1.3034253,-1.5290451,-1.7139448,-1.8437517,0.80235744,1.1355478,-0.9061328,0.7472287,-2.4560723,-2.1943798,2.4641347,0.45939505,-1.1939429,0.26958543,0.8221793,0.543334,-0.7176177,-0.17476721,2.022751,-1.052648,1.1509417,1.0990633,1.5765307,0.36449575,-1.8731536,-1.5229325,-0.71285677,0.0016002655,0.16028446,2.083167,-0.6185018,-2.592555,-1.0807127,-2.267574,0.55292445,0.7904584,-0.012003135,1.5635418,-0.7446095,0.2704159,1.8385614,-0.48973832,1.3611462,-0.30522564,-0.0025401227,0.00398856,0.36712494,0.96415585,-1.5174861,-0.58222634,-1.134818,-1.83619,-0.83122736,1.7355813,-1.3572445,-1.3728473,-0.5707145,-0.8302873,-0.5616098,1.3066562,1.2880727,-0.5468776,-1.2599883,-1.6782548,0.93449515,1.4146154,0.8904472,-0.30393156,1.1465384,0.8463085,1.6979522,-0.7624294,1.2645814,-0.58552027,-0.34492534,0.056011632,1.7785888
Panc 10.05,-3.0107362,-2.0525675,0.7072231,-0.19096394,0.12639919,-0.15697286,-1.5287218,-1.0929714,-0.5840859,-1.2476224,4.2501082,-0.9546686,-1.7834942,-2.7350109,1.0009466,1.0432767,-0.91920793,2.2600768,-2.1304023,-0.79483205,-2.099723,-0.56812716,-3.0399368,-2.314537,0.8542684,0.876722,-2.3280706,0.7229393,-3.3262358,-2.0769744,3.195932,1.3787326,-0.68331397,0.96991193,1.5587698,1.2032553,-1.4107937,-0.5355781,2.447292,-0.967679,2.3100493,0.95904595,2.906578,0.23076813,-3.514558,-1.8953835,-0.6907184,-0.30924633,0.27052447,2.2700412,-1.2767527,-2.6424613,-0.6954081,-3.596225,0.67041314,1.6736529,-1.07505,3.1312091,-0.7449952,0.22192706,1.7392339,-0.36437857,1.5258439,0.5426079,0.48822874,-0.1724049,1.1671188,0.9026515,-1.2621574,-0.8951903,-1.3781354,-1.9756417,-0.4794664,3.4047844,-2.999143,-1.8413028,-1.6049677,-0.8567224,-0.46661115,1.3387895,1.6511881,-1.3849813,-1.2680367,-2.2086744,1.0060426,1.9032563,1.3369216,0.5800111,2.2140532,1.515874,1.4605818,-0.96848464,2.8676512,-0.025056912,-0.6077952,0.13367355,3.0145967
TT2609-C02,2.4971018,2.2170773,1.3612719,-2.1005964,-0.16869323,0.792813,0.13296154,0.38093206,-0.2872392,-2.813287,0.7585908,-0.68313265,2.081091,0.26358294,1.0272845,2.196388,1.5035802,-0.9224434,1.1852385,-1.8192226,0.2818075,2.6880612,2.3309212,2.0306456,-0.5124096,1.2969934,-1.5441751,1.2996851,1.6645062,0.06606106,-0.9432197,-0.81805986,3.9459019,-1.5432705,-1.7714151,-0.084992774,0.4446058,-1.5603318,-0.16296326,-2.1833525,2.0812426,-2.5997427,2.310182,-0.7529435,0.7164886,3.9727492,-2.1003094,-2.6805096,1.5089502,-0.44067344,-1.0842023,3.193323,2.6126606,0.48362637,-2.631528,-1.782519,-0.35158253,-0.54060674,-3.5613186,-0.19015193,-1.3179861,3.0301814,0.49767816,-0.33842757,1.4231291,-0.37775278,-1.9236919,-1.0659044,-1.272159,2.2067277,2.1917531,0.46593004,2.5976176,-0.9330155,-1.8429077,-0.77662635,0.9080652,0.48964348,0.37133706,-1.1456565,-1.5506765,0.7941332,3.629675,-3.7629237,-0.14091581,-1.0176045,0.13525316,-1.830077,-1.4295287,-0.039359294,0.20825405,-1.2428124,0.9435447,2.0077896,0.11608391,1.6324066,0.38583282
SK-MEL-28,1.793855,1.524555,0.77025115,-1.0519795,-0.33414704,0.22479191,0.0892563,0.1603443,-0.14411695,-1.7116944,0.43028143,-0.5125639,1.6001631,0.46346527,0.5170507,1.3156854,0.84984136,-0.36797416,0.7746842,-1.1103737,0.25934044,1.6735758,1.7645612,1.4211719,-0.12815015,0.7245352,-0.50194025,0.85027504,1.3201545,0.02842749,-0.6832815,-0.67867255,2.6038687,-1.0880034,-1.1192498,-0.053051002,0.76949555,-0.8675427,0.12212972,-1.5708635,1.2234939,-1.8346484,1.0907815,-0.7701809,0.23634605,2.3167887,-1.1442469,-1.877337,0.77416,-0.6154741,-0.7390176,1.6924909,1.5399042,0.48272675,-1.4426782,-1.0883312,-0.39383498,-0.5902272,-2.2437408,-0.45374334,-0.48134452,1.7101675,0.7385437,-0.05304067,0.85561514,0.061007373,-1.5582875,-0.6454726,-0.5318205,1.3471974,1.4917464,0.16837268,1.9440007,-0.9450012,-1.2203538,-0.6983735,0.43886602,0.07192238,0.16102695,-0.31346217,-0.87245274,0.5057506,2.3127823,-2.3548858,-0.26309475,-1.0646955,0.34658635,-1.5070764,-0.8622189,-0.097818844,-0.021462556,-0.49314553,0.78007966,1.2631117,0.47599432,0.80201674,0.1317517
HT-144,-2.1878657,-1.1654198,1.2079947,-0.71215284,-0.44663632,-0.20133507,-1.647025,-1.0940877,0.0085687,-0.32107314,2.5559933,-0.8385322,-1.0423534,-2.3799493,1.5711119,0.5503069,-0.111136414,1.7286004,-0.79509836,0.063768506,-1.4140846,-1.5486841,-1.8774437,-1.9721301,0.9051455,1.1481165,-1.0483935,0.8505953,-2.648731,-2.2802122,2.6690571,0.5447052,-1.1461782,0.24244761,0.9020903,0.60916126,-0.8105996,-0.18495749,2.1560102,-1.1664581,1.3553622,1.1611266,1.8655521,0.34209168,-2.0618517,-1.6644702,-0.78813314,-0.09752988,0.18615718,2.1746962,-0.7246756,-2.7762713,-1.0878216,-2.521397,0.5717496,0.8617986,-0.13711065,1.7457818,-0.81569767,0.27228558,1.9665891,-0.48592457,1.4645252,-0.31000456,0.07457782,0.008894168,0.42774257,1.007185,-1.6224811,-0.5953426,-1.1736212,-1.9706395,-0.87497157,1.8636519,-1.5693184,-1.4626247,-0.7047814,-0.9162055,-0.65907097,1.454893,1.3786314,-0.5848972,-1.3038723,-1.8070691,1.0101469,1.5604551,1.0148222,-0.2677241,1.3076167,0.99398685,1.7567681,-0.8345941,1.4960744,-0.56940836,-0.3519732,0.012088932,2.0233915
CAL-33,-2.097855,-1.0786133,1.1679604,-0.63863754,-0.42437303,-0.17472294,-1.5986334,-1.1170837,0.05604732,-0.25105262,2.389138,-0.78505677,-1.0020784,-2.2795372,1.5336055,0.5225526,-0.10129172,1.6452978,-0.66666895,0.11833809,-1.3580623,-1.5386906,-1.7786982,-1.8978677,0.82755405,1.1551715,-0.99096036,0.771964,-2.527036,-2.2483299,2.5681214,0.47956082,-1.2003872,0.25647667,0.86503994,0.56736207,-0.74221915,-0.16589713,2.0765235,-1.1083951,1.2219007,1.1177195,1.667959,0.35772735,-1.9464022,-1.5667747,-0.7174125,-0.010820784,0.16697586,2.148292,-0.6517613,-2.6620834,-1.0820464,-2.3633893,0.5552359,0.80558217,-0.061816763,1.6387398,-0.76585335,0.27067626,1.9012011,-0.5023896,1.4223684,-0.28202173,0.037649196,0.010158651,0.37326318,1.0002784,-1.5623648,-0.5845766,-1.1724197,-1.881533,-0.88323027,1.804319,-1.409799,-1.4233888,-0.6386806,-0.86165434,-0.57739747,1.3571422,1.3210521,-0.54191864,-1.28673,-1.7264315,0.980872,1.4752748,0.91953117,-0.29765558,1.2067574,0.9000225,1.7410204,-0.8019901,1.3443002,-0.58377975,-0.3488241,0.040003873,1.8652449
Pfeiffer,3.3184404,3.2755117,1.016428,-1.8488019,-0.71869045,0.7165081,0.48502302,0.2879144,-0.19656491,-3.32599,0.8275159,-0.80791295,3.4980571,0.9198755,0.82433575,2.6049314,1.3858777,-0.4359883,1.1621552,-1.9286423,0.9592449,3.2102463,2.6581337,2.5600297,0.16353159,1.0578115,-0.51458454,1.9720802,2.9983058,-0.28633842,-2.1076527,-1.8737661,5.0759997,-2.2109303,-2.3203168,0.39281055,2.003699,-1.4215721,0.15649611,-2.7685645,2.2463741,-3.1107037,1.3095316,-1.277541,0.8686859,4.3522825,-1.964029,-3.7289999,1.2261299,-1.6205246,-0.900442,3.5340497,2.5420265,1.2771206,-3.0535512,-2.4548578,-0.8641003,-1.4975952,-4.244049,-1.5940635,-0.8923137,3.0251799,1.5701725,-0.5043639,1.2599072,0.6520241,-3.410873,-0.7753261,-0.384262,2.0711882,2.912505,0.61178833,3.1251755,-2.289314,-2.3198009,-1.0949049,1.8818334,0.076965705,0.45998085,-0.8550683,-1.3281056,1.3591834,4.924801,-4.1389246,-0.9731017,-2.267609,0.638925,-3.0365498,-1.3208972,-0.32597387,-0.08305988,-0.021185404,1.6963739,2.594305,0.89192444,1.5132877,-0.06832148
HCC70,4.674344,4.2325835,1.8965523,-3.1637626,0.019536136,1.3887894,0.13948971,0.2615143,-1.027271,-4.9943185,1.7473689,-0.88820803,3.4566064,0.9058989,1.6649456,3.8778367,2.661337,-1.6243943,2.0174708,-3.3630998,0.5649133,4.9948006,3.9915168,3.7125027,-0.92868817,2.4386733,-2.332523,2.2595527,3.0866826,0.1849078,-1.6753527,-1.2121408,7.015627,-2.3388894,-2.8094802,0.17440948,1.283323,-2.5548308,0.13716966,-3.5880766,3.856481,-5.0332074,3.6947417,-1.5529206,0.95787627,7.2453685,-3.214109,-4.8997626,2.4476252,-0.9579278,-1.6113102,5.562471,4.2505994,0.9702288,-4.6419034,-2.9573631,-0.87019885,-0.9290922,-6.048931,-0.41164374,-2.5183132,5.3508577,1.0923961,-0.30782053,2.3007956,-0.9267038,-3.8463335,-1.7836776,-1.8424102,3.7593877,3.7882774,1.309407,4.836299,-1.436314,-3.3143969,-1.5179198,1.524114,0.69368386,0.73427045,-2.1672199,-2.6368594,1.3857177,6.389117,-6.7582836,-0.51938504,-1.8753469,0.28851032,-3.3780098,-2.3776379,-0.29362145,0.2361088,-2.1102798,1.7466471,3.6546352,0.318167,2.8085575,0.39031917
JHH-6,2.538495,2.3241646,1.0780694,-1.8640182,0.19200514,0.68726814,0.0800071,0.07056712,-0.7096873,-2.903204,1.1241573,-0.39280614,1.7141844,0.5596138,0.8630671,2.1050072,1.4613844,-0.93542784,1.0897602,-1.9664564,0.12107051,2.943584,2.348088,2.13169,-0.60773695,1.502737,-1.4998908,1.2034838,1.6386905,0.24681458,-0.81546956,-0.44830376,3.931805,-1.1038747,-1.5178627,0.10909423,0.5718197,-1.4582855,0.06845423,-1.8810617,2.2641776,-2.990813,2.1488657,-0.797522,0.35201302,4.0750003,-1.7223865,-2.7246423,1.4951307,-0.3600834,-0.9863894,3.242742,2.4367886,0.52842474,-2.6927466,-1.6302632,-0.5760191,-0.21141152,-3.3220966,-0.055160545,-1.5986226,3.1428642,0.50887275,0.06224134,1.3584962,-0.7116769,-1.9556708,-1.0757402,-1.1623931,2.1648288,2.0254517,0.8523765,2.8603137,-0.5501335,-1.8485368,-0.9253976,0.6158164,0.4596679,0.47257426,-1.2108221,-1.5880047,0.7659447,3.542374,-3.958007,-0.1857477,-0.832569,0.07888655,-1.7628514,-1.4591918,-0.10018623,0.12163563,-1.3464168,0.9757192,2.0118656,0.13477129,1.5816475,0.31982908
HPAF-II,1.9441475,1.655487,0.5566328,-0.88471514,-0.6054327,0.017557703,0.394583,0.33100486,0.041196413,-1.7372389,0.25775823,-0.5867408,2.0262053,0.7129182,0.38038835,1.2710565,0.69622666,-0.01342287,0.7028182,-1.1583346,0.5771562,1.6359773,1.7101084,1.4605347,0.26893997,0.2944216,-0.14915213,0.9347321,1.7985737,-0.11694427,-1.4446577,-1.2586653,2.8254988,-1.5541277,-1.2582955,0.1478519,1.3955511,-0.48565838,0.13787358,-2.0151434,0.9166156,-1.5809256,0.47719443,-0.96446526,0.31777638,1.8703463,-1.0177555,-1.8725736,0.4749972,-1.0616151,-0.6782389,1.6249809,1.5436349,0.87005544,-1.1827674,-1.2895626,-0.48915184,-1.0588201,-2.2961447,-1.022895,0.032566052,1.408349,1.1663916,-0.0938946,0.57403344,0.6489434,-2.0512471,-0.37444785,-0.17911538,0.8798631,1.6502923,-0.038548984,1.901697,-1.6745243,-1.0983124,-0.8006491,0.5519168,-0.058132187,0.08797799,0.08022927,-0.67743266,0.627093,2.4910214,-2.0452082,-0.5782623,-1.4290757,0.6195821,-1.8385342,-0.7307477,-0.27589142,-0.17481095,0.3663839,0.9755928,1.4350523,0.80012304,0.63267773,0.11283868
KP-3,-0.977214,-0.38448963,-0.2796868,-0.0041018054,0.2535364,-0.41317296,-0.8251367,-0.65015054,-0.57235837,-0.9295971,2.0415192,-0.36794922,-0.71058166,-1.0056233,0.28995362,0.5037271,-0.5618139,0.6251479,-0.866759,-0.7182213,-0.9479946,0.5063694,-1.0959376,-0.5828422,0.3106877,0.36476156,-1.1274533,0.31763035,-0.90133107,-0.45615286,0.45792454,0.83050126,0.15216915,0.3840997,0.86189413,0.9822429,-0.30705026,0.2939424,0.8181097,-0.14248428,1.3671963,-0.43977436,0.77191335,-0.26611996,-1.5740728,-0.335468,-0.2992455,-0.44566688,-0.16794546,1.0401973,-0.6413304,-0.6481003,0.2332663,-1.1961025,-0.03378354,0.4890464,-0.7584503,1.2638276,-0.78603715,0.09799471,0.26073575,0.34920594,0.66119754,0.3793804,0.40397185,-0.58102775,0.070871286,-0.04004768,-0.2969144,-0.20193712,-0.68068016,-0.8658521,-0.0872415,1.6190637,-1.185055,-1.0367295,-1.0229691,-0.3997732,-0.048268527,0.33214387,0.50693315,-0.6455022,0.10197961,-0.990092,0.03189049,0.68992794,0.34324247,0.31603143,0.71902955,0.484528,0.39336652,-0.08703821,1.186014,0.50319934,-0.2622881,-0.046884943,1.0325342
NCI-H2171,-1.2478176,-0.5053318,1.0622256,-0.60439765,-0.52187026,-0.41145527,-1.101489,-0.618251,0.22250064,0.21340603,1.4067367,-0.49089754,-0.43706328,-1.1863676,0.97011024,0.108321756,0.16310665,1.0466108,-0.14935562,0.2991313,-0.7735581,-1.1422762,-0.8372972,-1.1122979,0.78186977,0.80404705,-0.48546416,0.54933065,-1.5406796,-1.472366,1.4069593,-0.036531344,-0.75886774,-0.055204123,0.35094142,0.31680462,-0.12015997,-0.033889428,1.2595215,-1.0815325,0.6214202,0.84834164,0.8097889,0.19463955,-0.95493674,-1.052606,-0.5348289,0.092118666,0.1358971,1.5245146,-0.329281,-1.6114532,-0.705323,-1.252496,0.35698575,0.14149705,0.117897585,0.70944273,-0.50427175,0.14447919,1.4416722,-0.34717998,1.1293752,-0.20668834,0.055955317,0.16917504,0.08489115,0.8643975,-1.1054783,-0.34870985,-0.7134988,-1.1456342,-0.47025356,0.57133985,-0.5403342,-1.0407617,-0.3133884,-0.55356795,-0.41296744,1.1432446,0.71601284,-0.06140889,-0.66307366,-0.9329019,0.50574815,0.751037,0.64623624,-0.5153152,0.45784634,0.4565272,1.2494884,-0.5246542,0.65886295,-0.49659932,-0.2129454,-0.11394501,0.9755151
KYSE-70,-0.8299849,-0.5603422,-0.056455478,0.07486863,0.1930169,-0.10410578,-0.49521914,-0.38530424,-0.3566797,-0.52685535,1.387801,-0.23108877,-0.5893914,-0.81326,0.09885803,0.4877628,-0.41983384,0.50713414,-0.66444004,-0.40740317,-0.6879823,0.13341811,-0.99260443,-0.6258712,0.14109197,0.19897841,-0.88867384,0.13554929,-0.8317974,-0.4164569,0.7658436,0.51874584,-0.017975576,0.3007165,0.61991245,0.5958718,-0.41956803,-0.026288087,0.6696064,-0.16334006,0.77505994,-0.033917807,0.83634794,-0.0266231,-1.1327193,-0.45788974,-0.19804442,-0.21940263,-0.008270757,0.69489294,-0.48199016,-0.6548859,-0.04127761,-1.0308068,0.09381201,0.5458285,-0.42662373,1.0719653,-0.31311494,0.052971378,0.35867596,0.022689752,0.2972222,0.30366233,0.21365574,-0.24396245,0.27971128,0.05175408,-0.34557065,-0.1546923,-0.45210528,-0.4993196,-0.21073265,1.2568965,-0.94479436,-0.596219,-0.66814065,-0.257151,-0.059232026,0.32935524,0.44088447,-0.41051602,-0.24493726,-0.7760546,0.2691099,0.657739,0.30085027,0.30679417,0.6282248,0.4239489,0.31795523,-0.18781212,0.9262677,0.14047289,-0.26562458,0.018434025,0.9426385
AN3-CA,-1.101512,-0.19304208,0.5646701,-0.6006269,-0.2234851,-0.42671007,-1.1847305,-0.8501881,-0.13018386,-0.19983466,1.6830841,-0.6709823,-0.47908124,-1.236745,0.7988242,0.33682612,-0.19216964,0.89653283,-0.20878573,-0.23449185,-0.8333454,-0.47094226,-0.7714462,-0.759919,0.7425735,0.88546777,-0.93042284,0.8718677,-1.0843043,-1.0342764,0.8010742,0.33976522,-0.30125898,-0.04788308,0.5196008,0.67640316,0.09119783,0.26647317,1.3210464,-0.56178486,1.1234635,0.15230042,0.7067117,0.13471457,-1.2771009,-0.5687489,-0.44656393,-0.32013905,0.01528923,1.4173809,-0.47643474,-1.0552737,-0.24473631,-1.2825923,-0.029509379,0.19721012,-0.23529029,0.8522075,-0.8989685,0.07096113,1.0056669,-0.00096289255,1.2844911,-0.049088962,0.26010153,-0.1685191,-0.055025235,0.37633404,-0.6236154,-0.2718259,-0.6321082,-1.1686549,-0.25786233,0.8800154,-0.77916026,-1.3922503,-0.56513005,-0.551505,-0.24742496,0.8333379,0.6940828,-0.20899895,0.090061076,-0.9182274,0.23959914,0.36617053,0.33167386,-0.48103648,0.57541645,0.30352736,1.002703,-0.34293464,0.9196991,0.17793576,-0.06057509,-0.13004825,0.89685196
NCI-H1563,3.4913645,3.3220334,0.75191563,-1.4088982,-1.1571976,0.65377903,0.5092004,0.23300308,-0.23567577,-3.4832265,1.1014073,-1.0593963,3.6875768,0.6745947,0.80977094,2.8262384,1.5341916,-0.50527066,1.0459368,-2.0407336,1.1213623,3.37939,2.3945146,2.8311143,0.5544541,1.0288676,-0.17646572,1.9409969,3.0945303,-0.049643584,-2.6868973,-2.175833,5.4497633,-2.8310769,-2.0597517,0.42680395,2.4901204,-1.2750274,0.35726598,-3.041737,2.2878098,-2.9591558,1.2706654,-1.8909137,0.82671785,4.4235835,-2.1096265,-4.2230816,0.8757561,-1.6808056,-0.6949357,3.253576,2.699714,1.4018427,-2.5071886,-2.282373,-1.1669831,-1.8424991,-4.4316425,-2.0272424,-0.5363173,3.0673413,2.180191,-0.66766846,1.0058528,0.66447324,-4.280712,-0.7223722,-0.28586555,2.0417237,3.114165,0.04499633,3.5164495,-2.7163434,-2.4730244,-1.2066938,1.6608926,-0.20088747,0.3510857,-0.8013989,-1.1711572,1.2444968,5.3441133,-4.041948,-1.052801,-2.5685525,1.2094631,-3.3295286,-1.195393,-0.4406997,-0.09969798,0.6210766,1.889781,3.102204,1.2008629,1.575838,-0.20178935
HCC366,-0.21313003,-0.019615883,-0.6020583,0.12619957,1.0315889,-0.2549558,0.016155085,-0.2528913,-0.85379165,-1.1427377,1.6632032,0.21030399,-0.89417875,0.015137119,-0.53232795,0.80101395,-0.41473114,0.11586934,-0.4576031,-1.074073,-0.7593031,1.610453,-0.50024253,0.28515697,-0.42425528,0.29402238,-1.3769007,-0.10075815,-0.061709993,0.40207255,-0.04038383,0.77371764,0.9397577,0.6552702,0.66582865,0.78939104,-0.14013633,-0.30213472,0.1530656,0.3195464,1.0607679,-0.99103886,0.7430715,-0.084748104,-1.1684163,0.7482361,0.11201945,-0.5348534,0.22974724,0.4044201,-0.56256497,0.9676318,0.62643313,-0.42126268,-0.70935124,0.19596434,-0.71976995,1.1493485,-0.3171977,0.42355776,-1.0869609,1.0912602,-0.24558419,1.0595366,0.45744514,-0.80250674,0.2871752,-0.4520302,-0.042873353,0.20804828,-0.13489637,0.44595474,0.6310112,1.4440813,-1.2004789,-0.56805784,-0.8757955,0.10107814,0.41894615,-0.30465066,-0.34600288,-0.27951318,0.73269707,-1.2596468,-0.106431946,0.5413589,-0.0034586638,0.6099632,-0.040508185,0.29125673,-0.1834056,-0.35959798,0.8718942,0.5477989,-0.26785517,0.43246284,0.61470884
8305C,-2.0648456,-1.0294585,1.1681597,-0.64449716,-0.3754918,-0.125866,-1.6093255,-1.2234958,0.027801484,-0.2821906,2.2561882,-0.7430262,-0.9719986,-2.3409503,1.5882801,0.54826736,-0.13215308,1.6430883,-0.57313687,0.15111944,-1.340059,-1.6112016,-1.7373236,-1.8647401,0.75361305,1.2102705,-0.8600259,0.75814235,-2.4739783,-2.263369,2.4895923,0.5331829,-1.2556612,0.3063764,0.83735335,0.55461174,-0.7092386,-0.17934735,2.1019847,-0.98571193,1.1105952,1.1030084,1.5201191,0.41292477,-1.9141783,-1.5150319,-0.73281133,0.011857513,0.14742231,2.1102064,-0.66214305,-2.626834,-1.1154344,-2.2775416,0.5663192,0.8414169,0.05919974,1.5705748,-0.809707,0.32361096,1.8345077,-0.50892496,1.3661413,-0.35377762,-0.08200255,-0.047745805,0.37600815,0.89999163,-1.5362537,-0.59673333,-1.167673,-1.8946137,-0.8491704,1.8138165,-1.3944687,-1.4127408,-0.5039622,-0.79434556,-0.56121814,1.2778872,1.3353425,-0.5917817,-1.2848827,-1.7440327,0.9502164,1.447537,0.83793026,-0.31020752,1.1606337,0.8080466,1.7453521,-0.7791409,1.2511994,-0.5975214,-0.3541828,0.08351824,1.7777662
SK-LMS-1,0.7732393,0.5864456,0.55346686,-0.776945,-0.27490917,-0.2089341,-0.016841462,0.29662448,0.20320645,-0.77559716,0.29188183,-0.63621795,0.69705826,0.10710339,0.33636117,0.7844165,0.6345664,-0.15415445,0.4956518,-0.6075838,-0.08665452,0.6219578,1.0405804,0.6779823,0.053132754,0.3776866,-0.45970893,0.2534797,0.4747604,0.13826305,-0.37613407,-0.49398166,1.2970904,-0.85730594,-0.39104727,-0.32839376,0.40076047,-0.5234284,-0.034638055,-1.1839396,0.54805267,-0.6410829,0.9234395,-0.5326812,-0.12732577,0.97580546,-0.84544015,-0.9192661,0.3646776,-0.0645614,-0.6843051,0.54912424,1.0563536,0.038397003,-0.52182794,-0.53023654,-0.06985527,-0.30191132,-1.0903393,0.00870497,0.23811878,0.8062525,0.47752064,0.09580155,0.5531935,-0.04009544,-0.6444749,-0.42335856,-0.5056046,0.7253768,0.66001546,-0.42869788,1.1259298,-0.6983627,-0.60814464,-0.3903103,-0.14756598,-0.045825686,-0.08067917,0.30347446,-0.5159132,0.003139753,0.96407646,-1.2998191,0.24160752,-0.39173967,0.369116,-0.75460446,-0.45406976,0.03983569,0.1552198,-0.26505965,0.2882661,0.5416861,0.2794547,0.31476855,0.32809564
TO 175.T,-1.9370792,-0.9195169,1.1361923,-0.624136,-0.393957,-0.13880295,-1.5292658,-1.1577047,0.06387918,-0.19046347,2.101857,-0.7008113,-0.90428084,-2.1622286,1.5000881,0.45575145,-0.111816965,1.5480977,-0.47640368,0.16402535,-1.2472852,-1.5307865,-1.5922033,-1.7361774,0.744405,1.1712195,-0.78403217,0.74232763,-2.3055842,-2.1417298,2.2977853,0.44211057,-1.1983384,0.25807494,0.77277094,0.5489727,-0.593036,-0.1344555,1.9835553,-0.9769783,1.0192353,1.056515,1.3555708,0.41253024,-1.7570773,-1.4215772,-0.68841493,0.025323361,0.13209811,2.0390391,-0.57204324,-2.4403608,-1.0602641,-2.1061893,0.5246815,0.7403858,0.071075454,1.4234731,-0.7523582,0.3055535,1.7655525,-0.46218008,1.349821,-0.3298952,-0.07954916,-0.018198326,0.31629795,0.88374317,-1.4357239,-0.5613764,-1.1161475,-1.7801191,-0.8007993,1.6117194,-1.2155447,-1.369353,-0.48095965,-0.7517979,-0.52246183,1.2232922,1.2425902,-0.4997003,-1.1613939,-1.5988152,0.85896724,1.3114005,0.77100617,-0.33992586,1.0335106,0.7275276,1.6626158,-0.729459,1.1230274,-0.5779404,-0.3273117,0.060422447,1.605992
HCC15,-2.0594542,-1.0154716,1.177743,-0.65446556,-0.3895514,-0.13826427,-1.6042172,-1.2122886,0.044250816,-0.25623795,2.2314394,-0.73478174,-0.9607197,-2.3183649,1.5849391,0.5203714,-0.10578703,1.6380383,-0.5553465,0.16440527,-1.3366737,-1.6065052,-1.7120607,-1.8477204,0.76412016,1.2149419,-0.8505158,0.7563626,-2.4513834,-2.2520592,2.4650006,0.5041408,-1.2552317,0.28691265,0.83402234,0.5460597,-0.690645,-0.1687138,2.0813384,-0.99681664,1.0932665,1.1036494,1.4957552,0.4152413,-1.8984919,-1.499761,-0.7254993,0.018325575,0.1469731,2.114937,-0.6443006,-2.6093671,-1.1174132,-2.2621827,0.56341434,0.8255319,0.070999205,1.548429,-0.7971803,0.3223111,1.8259251,-0.5024683,1.3661625,-0.35590115,-0.07741824,-0.03732575,0.36323178,0.89950126,-1.5226572,-0.5875629,-1.1588397,-1.8854799,-0.8460169,1.7716775,-1.3586566,-1.4205719,-0.50400937,-0.8016049,-0.563362,1.2829788,1.3214862,-0.5603245,-1.2643166,-1.7237805,0.9450938,1.4158416,0.8485864,-0.33086276,1.1388979,0.7972728,1.7464241,-0.7668861,1.2218281,-0.595432,-0.35206947,0.06968661,1.7445668
ONS-76,4.1360235,4.0995293,1.1730285,-3.215191,1.8407198,0.88374156,0.137628,0.30160135,-2.404828,-6.533196,4.2805524,-0.09956634,1.804172,1.4065944,0.28987277,4.446361,2.2272582,-1.8560617,1.3925248,-4.866578,-1.100479,7.517162,4.030105,4.448626,-1.6347126,2.944624,-4.2767057,1.9029471,2.7954195,1.4558427,-1.1029961,0.36857417,8.35274,-0.76070994,-1.7450752,1.354414,0.64445,-3.3647943,-0.0622838,-2.8855498,5.1909623,-6.8379855,4.9033456,-1.5067097,-0.8472128,8.628955,-2.677048,-5.3726826,3.2524686,0.008609589,-2.4216642,7.169608,5.432493,0.46382952,-5.446756,-3.0328207,-2.2487166,0.9630792,-5.8408914,1.0006486,-4.698064,7.1902347,0.24098305,1.8029668,3.6188855,-2.531208,-2.6657875,-2.810414,-1.9017423,4.3703966,3.5044959,2.347915,6.5015607,0.85861504,-4.7341757,-2.3202493,-0.23370288,1.3117838,1.4504752,-2.4532518,-3.3771868,1.1692251,7.2496996,-8.435923,-0.43677562,-0.8623428,-0.08605807,-2.0548937,-3.12558,0.4392839,-0.18384488,-3.2549324,2.6443362,4.062825,0.11700731,3.1928515,1.345602
NCI-H1299,2.1915596,1.8072491,1.1068354,-1.6365261,-0.4911393,0.07349024,0.297527,0.50781286,0.12209718,-2.0361972,0.12192437,-0.66828036,2.150676,0.6988485,0.6748771,1.5606698,0.9724564,-0.25656563,1.0182426,-1.3559144,0.31398612,1.8956522,2.3302753,1.5282106,-0.10782097,0.662231,-0.70012844,1.0878482,1.8499038,-0.16166803,-1.0375926,-1.2037495,3.195819,-1.5038432,-1.6910839,-0.17407349,0.98510164,-0.961295,-0.049436986,-2.4280064,1.2775527,-1.9771394,1.1845087,-0.80841964,0.4273219,2.6083186,-1.4997607,-2.0835662,1.0537877,-0.8351145,-1.1305991,2.1709108,1.9737997,0.70600116,-1.7777747,-1.6958979,-0.31515402,-0.97509974,-2.8588204,-0.65258867,-0.23070194,1.9905062,1.0404105,-0.20903757,1.0834383,0.4769477,-1.8060942,-0.6885122,-0.72477347,1.4757429,1.9333215,-0.022771738,2.2087166,-1.6405174,-1.3784409,-0.82117945,0.7089678,0.21903937,0.16505332,-0.14627147,-1.1344806,0.60658085,2.7740393,-2.7984607,-0.2839184,-1.2895877,0.39602113,-1.9732589,-1.0939516,-0.08839746,0.08166466,-0.44265437,0.88460094,1.4340978,0.600366,0.94967556,0.19947308
RERF-LC-KJ,2.0983727,1.8824744,0.91450554,-1.5640731,0.09737445,0.6699485,0.108102776,0.24032122,-0.5227739,-2.3802264,0.8394955,-0.36733055,1.5973061,0.36664835,0.6851381,1.8979132,1.2311126,-0.7914177,0.89551705,-1.5826384,0.245564,2.4565063,1.8718777,1.7294282,-0.46157217,1.1897013,-1.2719651,1.130026,1.4663751,0.050020494,-0.6847717,-0.6002142,3.305421,-1.0805463,-1.384171,0.10300197,0.36778632,-1.3020808,-0.11516334,-1.6484486,1.9022428,-2.453843,1.8710613,-0.55218816,0.45016706,3.4478507,-1.5064417,-2.2200453,1.2687923,-0.37979582,-0.8470223,2.7440734,2.0062203,0.42209476,-2.3097527,-1.4249749,-0.43355435,-0.35766196,-2.7788155,-0.13544355,-1.3251823,2.6291075,0.3625308,-0.108305395,1.244294,-0.3561563,-1.6456498,-0.8660744,-0.87389,1.8448715,1.7923158,0.7932792,2.2453105,-0.5204118,-1.575853,-0.7309876,0.77588224,0.4238023,0.3806563,-1.0551633,-1.3581798,0.7362916,3.1147501,-3.2444263,-0.29168126,-0.9008841,0.160245,-1.4922533,-1.1529424,-0.075657,0.13370839,-1.0504175,0.79918176,1.7154013,0.05787818,1.405527,0.30636573
HOS,0.3443818,0.4148242,0.16099185,-0.18667845,-0.23427294,-0.2975424,0.060910963,-0.033250246,0.03627503,-0.18581131,0.21848659,-0.31001452,0.52344793,0.3618247,-0.112116575,0.22618343,0.1593908,0.17382085,0.340497,-0.17812245,0.1557915,0.2372011,0.41163054,0.28159478,0.32342207,0.030417137,0.059716176,0.25991082,0.43800485,-0.06442408,-0.4627454,-0.42970997,0.6732304,-0.47808224,-0.20301014,0.039240934,0.7068629,0.1380335,0.19201627,-0.4865944,0.14119384,-0.27224845,-0.25111997,-0.25688982,-0.18274061,0.128593,-0.07731946,-0.30349898,0.1069678,-0.25308394,-0.2376728,0.35210344,0.26864886,0.2590168,-0.34614718,-0.47485903,-0.20576298,-0.22662722,-0.412752,-0.42977008,0.35677576,0.07470114,0.65303594,0.2942041,0.13459541,0.26851124,-0.5925357,0.16740945,0.16364092,-0.065385506,0.3099618,0.016314968,0.39072073,-0.7368033,-0.17429073,-0.5196898,-0.08028075,-0.03212763,-0.049661122,0.55271536,-0.12123689,0.3595663,0.708794,-0.43388173,-0.26584896,-0.5979946,0.13534355,-0.6482768,-0.2088082,-0.117841564,-0.1228776,0.26848054,0.38792998,0.261294,0.32161665,-0.14737812,0.1568929
8505C,-1.1819264,-1.1755519,-0.7420078,0.022673659,0.9326024,0.118369706,-0.072742395,-0.0977628,-1.3120669,-2.446313,2.465706,-0.29196185,-0.85032225,-1.4482379,-0.3711178,1.3513556,-0.32258588,0.6339883,-1.5214893,-1.2282856,-0.9291969,1.4179366,-1.6297832,-0.4048345,0.06711923,0.008341062,-2.0581,-0.051818773,-1.1443158,-0.0065175667,1.0845582,1.1814321,1.0803719,0.49677956,0.7684436,0.6459245,-1.5750965,-0.55134034,0.10573907,0.39026368,1.6481451,-0.9049511,2.314317,-0.35145855,-1.8064564,-0.16122094,-0.14993347,-0.7159018,0.28055948,0.50062865,-1.3315791,-0.10210225,0.8498086,-1.2769548,-0.6147486,0.76716495,-1.0739542,2.2710505,-0.36186802,0.34663272,-0.6863016,0.7162676,-0.48864883,0.9418793,0.83776486,-1.1127582,0.705451,-0.2634926,-0.34226435,-0.09530208,-0.329183,-0.10765712,0.33965176,2.4410834,-2.0858543,-0.42692035,-1.3201458,-0.20368819,0.24707322,0.0022628177,0.37347454,-0.825975,0.38064653,-1.8690221,0.43687525,1.4194398,0.3592465,1.1758771,0.7460342,1.3112857,-0.40010238,-0.42358938,1.6533135,0.8032806,-0.8103382,0.4776716,2.2181795
COR-L279,-2.0429187,-1.0472727,1.1546123,-0.62943786,-0.40635806,-0.15982926,-1.5655543,-1.1134008,0.039346945,-0.24906713,2.2939746,-0.73791224,-0.9616175,-2.2366388,1.5156099,0.5120938,-0.10167002,1.6086371,-0.6271757,0.14055926,-1.3183949,-1.522998,-1.7239656,-1.8453032,0.803194,1.1348168,-0.91771454,0.74651474,-2.462463,-2.1986787,2.4678268,0.46751568,-1.1930335,0.2649862,0.83168554,0.5515586,-0.71660095,-0.16408673,2.0306284,-1.0563029,1.1633856,1.0917798,1.5869027,0.36115795,-1.8929039,-1.5258543,-0.7150372,-0.00084640086,0.15538949,2.0849679,-0.62382823,-2.5956087,-1.0812882,-2.2847137,0.5554804,0.80136776,-0.010901216,1.5736538,-0.75123143,0.2706995,1.8377248,-0.49225935,1.3716756,-0.30127338,0.0013331659,0.010269463,0.36503997,0.96115595,-1.518113,-0.5800961,-1.1355472,-1.8337209,-0.8313449,1.7436378,-1.3663241,-1.38793,-0.5770711,-0.82649255,-0.56223303,1.3130989,1.2864512,-0.5495447,-1.264947,-1.6849577,0.93868744,1.4130143,0.8971959,-0.31177154,1.1553743,0.8463231,1.700431,-0.7640966,1.2762295,-0.57385194,-0.34370115,0.04865578,1.7832559
HCC202,4.6273446,4.7760105,1.7377532,-4.43869,1.5620086,1.777441,-0.027707988,0.3063266,-2.7817442,-7.74226,4.026787,-0.60948014,2.622388,0.61420137,1.2353668,5.7243595,3.1954226,-2.5609298,1.6313658,-5.169172,-0.13252398,8.053607,4.054646,5.0509057,-2.0689375,3.6726565,-4.96733,2.6479144,3.2886965,1.2141289,-1.430518,-0.28644207,9.398522,-1.8961736,-3.0384946,0.9658019,0.14171499,-3.9297194,-0.65045536,-3.1310503,5.9953504,-7.691908,6.034992,-1.4942228,0.47903675,10.254381,-3.5925443,-5.917936,3.6824288,-0.043931324,-2.6429663,8.703653,6.043192,0.7379191,-7.196884,-3.5502052,-1.4603643,1.1072656,-6.9658127,0.94155914,-5.512327,7.9122005,-0.41511458,0.7017697,3.630632,-3.083912,-3.6373549,-2.76274,-2.6894693,5.0079603,3.9153094,3.320428,6.3818135,0.782454,-4.773586,-1.9605725,1.283666,2.0429769,1.7948203,-4.1965046,-3.5952485,1.4525427,8.482712,-9.427057,-0.4045099,-0.49312007,-0.35211778,-2.4470453,-3.4166203,0.6630484,0.012024951,-3.8334107,2.3681664,5.075342,-1.0563316,3.8484237,1.4806633
KP-N-SI9s,-0.6199032,-0.4910441,-0.5817508,0.04360965,0.89422697,0.039857388,0.11297989,0.0005657682,-0.9068298,-1.4670911,1.6400914,0.10086819,-0.7537809,-0.44413602,-0.6065677,0.8607701,-0.3771806,0.1578804,-0.8233157,-0.9526983,-0.6350044,1.4057858,-0.7791317,0.05850913,-0.18763746,0.10535579,-1.5171732,-0.106749,-0.3315999,0.22510102,0.39501917,0.666021,0.8907579,0.45245504,0.5034988,0.5443042,-0.8274139,-0.40297633,-0.10281348,0.3830597,1.0127351,-0.8677016,1.1518302,-0.08506009,-1.2286295,0.38222745,0.16406552,-0.35987124,0.34835666,0.3136236,-0.69477135,0.6836751,0.6196854,-0.6211479,-0.5546485,0.2879426,-0.8127967,1.3278567,-0.05523681,0.366141,-0.9893362,0.833558,-0.4590012,0.97029257,0.63999635,-0.7629889,0.5141717,-0.2409377,0.0053516664,-0.007864198,-0.19435862,0.42040908,0.36730024,1.541757,-1.2370838,-0.34914595,-0.89542437,0.12236169,0.34217942,-0.20604913,0.021252625,-0.35404992,0.5849609,-1.1271672,0.024149073,0.66986895,0.055377096,0.86059105,0.23822805,0.6520133,-0.31351134,-0.3672004,0.8902293,0.4904839,-0.49051884,0.36915132,1.1472657
L-1236,-3.2986324,-1.9657767,1.3934853,-0.94839764,-0.5445353,-0.065897495,-2.2333052,-1.6106421,0.028600767,-0.8996447,3.50972,-1.2081418,-1.4205709,-3.681635,2.2813938,0.9412844,-0.203242,2.5746877,-1.2800968,0.14127629,-1.9667654,-2.315388,-2.8480084,-2.8757412,1.2045513,1.4238958,-1.472321,1.1011373,-3.7404442,-3.376805,4.049595,0.8222628,-1.7206911,0.46164238,1.3629758,0.7606573,-1.7174375,-0.5911637,2.9366505,-1.413205,1.7731456,1.6048535,2.8094816,0.3853436,-2.85322,-2.4089506,-1.0831034,-0.14603399,0.31891763,2.9797447,-1.1096687,-4.2246103,-1.5822301,-3.518338,0.77477926,1.3342234,-0.2774277,2.6524966,-0.95003134,0.26884598,2.5239828,-0.74630386,1.5372654,-0.5587076,0.12534304,-0.097415596,0.7617979,1.3462474,-2.3749661,-0.83724,-1.6375616,-2.9070048,-1.2901298,3.0660338,-2.4705722,-1.752315,-0.7416285,-1.3771886,-0.79115975,1.915179,2.2248645,-1.053325,-2.0976534,-2.8535051,1.6049645,2.4171488,1.5478332,-0.1896486,1.7981281,1.6597415,2.3784945,-1.0762458,2.0406933,-0.9162903,-0.5072823,0.25206774,3.1975338
COLO 704,-1.9611342,-0.95218813,1.1139336,-0.6005685,-0.33701426,-0.1448889,-1.5370272,-1.1795312,0.022816673,-0.2525493,2.1661477,-0.717437,-0.9372814,-2.2236946,1.5175557,0.52890676,-0.159495,1.5547115,-0.52992415,0.115361035,-1.289951,-1.5264523,-1.6759189,-1.7588978,0.6942747,1.177862,-0.8460568,0.7360793,-2.3386965,-2.1459224,2.3657641,0.54963267,-1.1750135,0.2605896,0.829456,0.5466711,-0.6416552,-0.14375369,2.0283387,-0.9221916,1.072192,1.0345796,1.4357212,0.40151834,-1.845384,-1.4339596,-0.714574,-0.005581297,0.14844275,2.0264945,-0.6388655,-2.4701655,-1.0385813,-2.18065,0.5381504,0.8162036,0.039699104,1.4942325,-0.7890555,0.32714504,1.75318,-0.5023337,1.3321776,-0.332737,-0.089585304,-0.07395708,0.34185874,0.82704824,-1.4618927,-0.55297804,-1.1185308,-1.8013539,-0.83202845,1.7175585,-1.3192968,-1.3823086,-0.5055071,-0.7382883,-0.5565736,1.2285154,1.2791682,-0.5395644,-1.1700863,-1.669327,0.91032815,1.378017,0.7743289,-0.30136436,1.1123105,0.7645942,1.6602235,-0.7432988,1.1996219,-0.55196995,-0.3170013,0.059700295,1.6850204
NCI-H1793,3.9520884,3.4569178,1.4059513,-2.28438,-0.41645637,0.7770998,0.18381694,0.14827794,-0.5371518,-3.7050714,1.0523112,-0.8838053,3.1187322,1.0092673,1.2733927,2.8516874,1.8919102,-0.8995598,1.6471263,-2.544074,0.56574255,3.5784929,3.4038157,2.9113684,-0.45541203,1.611353,-1.1593299,1.7554259,2.764597,0.107826136,-1.5411922,-1.3181283,5.468452,-2.1519191,-2.1834607,0.049929246,1.6333973,-1.7557287,0.4145993,-3.115525,2.6998796,-3.8525622,2.3251367,-1.6437625,0.60496384,5.1958537,-2.3891282,-3.9702291,1.7151562,-1.1625137,-1.3626623,3.8043754,3.2169244,0.95191073,-3.233628,-2.3021054,-0.73962855,-1.1782842,-4.85333,-0.74121,-1.326651,3.7522244,1.3810221,-0.220292,1.572274,-0.34596226,-3.4150295,-1.3356292,-1.2095846,2.7229278,3.0739806,0.56220084,3.922782,-1.7754185,-2.5878057,-1.384048,1.0646861,0.21894364,0.45021838,-1.1794167,-1.7796464,1.0204824,4.835356,-5.072366,-0.4862786,-1.9505883,0.47756535,-3.1224806,-1.7290885,-0.40349656,0.13173752,-1.0895293,1.5643557,2.8263617,0.722377,1.9197276,0.17956963
KOPN-8,-1.3436103,-1.0117279,0.28697377,-0.13285032,-0.04867994,-0.026845071,-0.75967187,-0.47244632,-0.2926002,-0.9294353,1.840755,-0.44940045,-0.7176078,-1.5245442,0.5994792,0.62246954,-0.36352035,0.99698395,-0.95739675,-0.28690138,-0.92213315,-0.43716493,-1.4977059,-1.2475493,0.49217933,0.25295544,-0.8928762,0.25469372,-1.576103,-1.068663,1.588028,0.644669,-0.3207201,0.2724062,0.7241923,0.49860415,-0.97278696,-0.20358366,0.96476436,-0.36270896,1.0268354,0.38145217,1.5661345,-0.07439074,-1.4180398,-1.0395005,-0.4586309,-0.3652536,0.12781002,1.0697037,-0.70658493,-1.5920488,-0.35483247,-1.52357,0.27857605,0.68290657,-0.40806836,1.5272311,-0.39292106,0.09954885,0.8291242,-0.17753717,0.42535892,0.07491428,0.15501727,-0.2248461,0.49111524,0.3065166,-0.88671094,-0.315307,-0.6042772,-0.969321,-0.34527746,1.6261334,-1.3726802,-0.6648759,-0.5831058,-0.4744607,-0.2770735,0.6770705,0.74835354,-0.6653506,-0.71204454,-1.2686558,0.71481436,1.238916,0.6894425,0.25594154,0.94347537,0.844048,0.62644476,-0.25083107,1.1984714,-0.08718875,-0.30267596,0.18343054,1.630712
JVM-3,-1.8409045,-0.9102913,1.0935969,-0.61971474,-0.4051799,-0.176067,-1.4637238,-1.0024954,0.05867356,-0.16197573,2.072275,-0.6782733,-0.8755454,-2.0205698,1.3952218,0.4423558,-0.08549292,1.45859,-0.5123733,0.14165923,-1.1903034,-1.4278065,-1.5288035,-1.6813632,0.7367062,1.0704681,-0.81714666,0.71054274,-2.2481909,-2.0337534,2.2360864,0.38126203,-1.1000879,0.19810176,0.7389168,0.504884,-0.5929337,-0.124806955,1.8649865,-1.0112365,1.0306938,1.0288755,1.4125468,0.3477459,-1.6722432,-1.4070418,-0.6679232,0.011447288,0.13027036,1.9485385,-0.5390055,-2.3729355,-1.000014,-2.054738,0.5018183,0.68017775,0.008646909,1.3757691,-0.7057828,0.26856324,1.7278429,-0.44843152,1.2939751,-0.30070394,0.0012583621,0.0154127665,0.29836088,0.8925156,-1.4327052,-0.50114006,-1.050745,-1.6926755,-0.7899693,1.5229892,-1.1679317,-1.2843995,-0.51753914,-0.7577841,-0.5270844,1.2431815,1.1729065,-0.44903046,-1.1361741,-1.5314537,0.8428916,1.27896,0.7987331,-0.32626718,1.0123281,0.75404143,1.5887322,-0.7080925,1.1214929,-0.56792504,-0.2913142,0.024045676,1.6018317
Hs 675.T,-2.103565,-1.0956247,1.1785948,-0.63553137,-0.41471395,-0.15347907,-1.5982862,-1.1486288,0.03867729,-0.26109144,2.3789937,-0.7705305,-1.0045245,-2.3043137,1.5485333,0.5240997,-0.112597205,1.6556324,-0.66102886,0.13705488,-1.3562752,-1.5532008,-1.7849131,-1.9088585,0.829388,1.1702744,-0.957923,0.76498044,-2.5352774,-2.2554607,2.5502963,0.4827263,-1.2201141,0.28057677,0.8638741,0.5692407,-0.7389084,-0.17708756,2.1000085,-1.0835518,1.2075973,1.1295769,1.641433,0.3720711,-1.9530278,-1.5728732,-0.72659945,-0.00234586,0.16712223,2.1442468,-0.64506894,-2.6688433,-1.1079985,-2.3672922,0.5662478,0.83201987,-0.02819341,1.6388369,-0.76175153,0.2744146,1.8960533,-0.5017137,1.4053706,-0.2986848,0.0054237656,0.000872578,0.3788688,0.994296,-1.5595225,-0.6021824,-1.1770545,-1.8969771,-0.8627664,1.8127112,-1.4176499,-1.4227132,-0.611144,-0.8662685,-0.58395493,1.3463899,1.3306805,-0.57624257,-1.3006217,-1.7371147,0.96442574,1.4558786,0.92535347,-0.29779777,1.1988705,0.8811557,1.744893,-0.793362,1.3269788,-0.585442,-0.35726312,0.05663974,1.846218
SNU-201,1.3625546,1.1730148,0.4518839,-0.7055645,-0.18413852,0.19768187,0.11991483,0.21576053,-0.22499162,-1.3987201,0.48006108,-0.33328822,1.2982222,0.3796724,0.2866137,1.1197253,0.6766628,-0.30919293,0.52917325,-0.8387523,0.26533192,1.4409622,1.2295089,1.0952392,-0.01978192,0.57484156,-0.31233522,0.7926295,1.0860543,-0.104115665,-0.5549404,-0.5998129,2.1391802,-0.8578274,-0.81572354,0.067989014,0.5956596,-0.661781,0.037017148,-1.1922457,1.0531998,-1.5468754,0.8957439,-0.5863975,0.14247973,1.8972322,-0.8347186,-1.4078641,0.6027438,-0.5690999,-0.5565628,1.3676176,1.0633897,0.36193436,-1.2244693,-0.85748845,-0.36117774,-0.5551991,-1.7368,-0.387059,-0.467018,1.3536719,0.5637699,-0.0069315806,0.7855317,0.08548497,-1.2897296,-0.43813542,-0.2400474,1.0220553,1.1850853,0.30152732,1.5583165,-0.6985917,-1.0201044,-0.6102219,0.4494136,0.025962826,0.13957083,-0.22590388,-0.69403636,0.46540916,2.017943,-1.898911,-0.36714473,-1.0164367,0.33668935,-1.1865515,-0.6248317,-0.093434386,-0.041365806,-0.35587317,0.63859254,1.0187542,0.36621934,0.6851704,0.11197388
TYK-nu,0.027663887,-0.026637424,-0.6706256,-0.64313895,1.8868401,0.07422417,0.3060674,0.21380602,-1.9890847,-3.1841967,3.1928668,0.21599357,-0.9945156,-0.23619479,-0.9334848,2.0508163,0.13223481,-0.4969297,-0.8661538,-2.2573678,-1.2585913,3.6288693,-0.5205395,1.014648,-0.91851836,0.58517534,-3.3824902,-0.23300226,-0.17112444,0.9977522,0.3374835,1.3558576,2.840663,0.7207845,0.4891204,0.96036386,-1.2637874,-1.4232684,-0.46934742,0.3068067,2.2892547,-2.4294994,2.851919,-0.31131667,-1.6302172,2.3370416,-0.38846704,-1.4838297,1.2666647,0.5750539,-1.363803,2.886672,2.2418158,-0.7200953,-2.0277627,-0.15333731,-1.4384496,2.442596,-0.90843636,0.89421505,-2.624668,2.5696843,-1.047337,1.8881043,1.539537,-1.8589753,0.5302144,-1.0267409,-0.70268637,1.0391737,0.5070464,1.5730486,1.7833521,2.3886197,-2.506764,-0.7643667,-1.2246162,0.777752,0.90039474,-0.9907092,-1.0788698,-0.1951954,2.2290204,-3.1880383,0.24030736,1.2811271,-0.3079477,1.0077877,-0.6146978,1.0644425,-0.63308746,-1.3623804,1.895384,1.6625539,-0.9013728,1.1900134,1.8273257
MCF-7,6.2469807,5.2891273,2.377399,-3.639335,-0.9853767,0.8766001,0.34420338,0.42917734,-0.32192722,-5.759221,1.5017594,-1.7918476,5.2782555,1.8605496,1.8120607,4.342344,2.6963463,-1.0726101,2.5928137,-3.866501,1.0894253,5.359493,5.8450546,4.7398176,-0.41039094,2.3247666,-1.4706899,2.8379035,4.4328523,0.2237457,-2.3781018,-2.1535962,8.616181,-3.5581255,-3.5891705,-0.17404224,2.9047637,-2.792763,0.58624536,-5.1905403,3.9524727,-5.999584,3.4095318,-2.6956987,0.84806436,7.771612,-3.6943343,-5.958235,2.4993505,-2.1920528,-2.5512326,5.8285522,5.222092,1.5909733,-4.7947164,-3.7708206,-1.3292103,-2.0366669,-7.49841,-1.3293903,-1.5543023,5.4469504,2.5029943,-0.058713764,2.6766071,-0.015728317,-5.2524934,-2.1750147,-1.5283283,4.043731,4.8180547,0.6987746,6.468429,-3.2107015,-4.0763226,-2.3653674,1.4159597,0.39753544,0.48999804,-1.1592149,-2.6236022,1.4614588,7.4113097,-7.625341,-0.8007187,-3.3803725,0.84954333,-4.819737,-2.826676,-0.48689377,-0.13279803,-1.6383296,2.6255958,4.3068266,1.6724232,2.5428429,0.51747066
NCI-H1568,0.98939717,0.9484936,0.06145744,-0.15204987,-0.324979,0.04114496,0.14785536,0.054376815,-0.2798454,-1.0662893,0.6115135,-0.16579995,0.977443,0.27279684,0.21748029,0.8217966,0.36364406,-0.26399502,0.10467693,-0.752789,0.23105296,1.2415103,0.46966794,0.93432444,0.14731751,0.32334724,0.07633738,0.40834576,0.8063482,0.09177026,-0.90903795,-0.46238473,1.600701,-0.87897605,-0.43343398,0.34141585,0.60654324,-0.15367314,0.14643869,-0.984725,0.80123633,-0.94962233,0.5220029,-0.85601497,0.16881688,1.306957,-0.7383616,-1.3836513,0.2671055,-0.4999398,-0.25016797,0.87018454,0.817984,0.33994314,-0.53934675,-0.3074547,-0.55385,-0.4557348,-1.3091842,-0.61899316,-0.11645766,0.97791874,0.66393507,-0.15177186,0.2506959,0.024672069,-1.3871272,-0.19900672,-0.27085295,0.67290777,0.84523684,0.073029615,1.1699955,-0.62783587,-0.7865196,-0.51496625,0.08868462,-0.08848511,0.20634896,-0.4977564,-0.39261967,0.2241169,1.6703581,-1.3447548,-0.35091087,-0.7662191,0.47394443,-1.0978394,-0.22578676,-0.1822984,-0.010648471,0.22872305,0.5897322,1.2058322,0.30833554,0.50914663,-0.11814997
YMB-1,2.8583446,2.8532948,0.8462567,-1.5899192,-0.17273046,0.84027314,0.090707816,-0.07439677,-0.6665261,-3.1077557,1.059353,-0.4310793,2.4455192,0.45252115,0.88909096,2.4141247,1.5365824,-0.8085009,0.9801671,-1.9449718,0.5385994,3.1428175,2.1540337,2.238683,-0.18260713,1.4397148,-0.95528,1.5065389,2.1623225,-0.03107953,-1.3905537,-1.1925638,4.340447,-1.5172552,-1.6045398,0.33364904,1.2167556,-1.4311904,0.25479957,-2.0583453,2.4517248,-3.0918896,1.8052646,-1.0974193,0.5562119,4.372714,-1.8571615,-3.2954774,1.2893138,-0.8243039,-0.7770397,3.2636585,2.2663968,0.79649,-2.7858045,-1.8406343,-0.67999727,-0.8370713,-3.8099084,-0.6904224,-1.3986398,3.173934,0.8546194,-0.39289966,1.2053926,-0.37486368,-2.8630998,-0.83476704,-0.7963143,2.1536658,2.2621613,0.8098118,2.8180964,-1.13608,-2.1054614,-0.8870637,1.4004196,0.17318805,0.54504734,-1.3116486,-1.303264,1.0128539,4.139651,-4.1028695,-0.6564397,-1.4401699,0.32642376,-2.3398015,-1.1879051,-0.24918142,0.21038088,-0.6544352,1.2340127,2.3729467,0.25437593,1.7263063,-0.070141174
RCC10RGB,4.4639597,4.2030215,1.9283767,-3.7861261,0.8399781,1.5960634,0.13410082,0.44313255,-1.9971285,-6.2049885,2.8314903,-0.65064526,2.8794038,0.6711666,1.3095765,4.5561657,2.8798516,-2.1136503,1.7289749,-4.1048875,0.03580778,6.46905,3.97757,4.2117276,-1.4208142,3.0850513,-3.8778963,2.4244936,2.9462643,0.69495714,-1.2477562,-0.5542182,8.023116,-2.0227568,-2.8576422,0.47336528,0.35134348,-3.2356339,-0.3680708,-3.3230863,4.824201,-6.280854,5.0037932,-1.3248523,0.617654,8.48249,-3.1902406,-5.12248,3.073276,-0.37054121,-2.095247,7.1167026,5.0333233,0.8015098,-5.7148175,-3.2017822,-1.2519809,0.13921523,-6.2679133,0.4309512,-3.9628007,6.6866837,0.31338197,0.18233703,3.187289,-1.9156302,-3.3994663,-2.3347762,-2.328378,4.4704804,3.812823,2.3344004,5.560389,-0.071253985,-3.8656209,-1.6785221,1.2183088,1.335225,1.2211834,-2.979122,-3.2362342,1.5537927,7.3270717,-7.951298,-0.41023913,-1.191435,-0.030299544,-2.6974835,-3.031094,0.22771847,0.18610282,-3.1662292,1.8209189,4.2040286,-0.39847723,3.3267546,1.0957336
Kuramochi,1.6111314,1.5640304,0.69915825,-1.6447489,0.8984323,0.35387325,0.20852843,0.31352374,-0.8137205,-2.6153047,1.7009101,-0.026082037,0.624457,0.7331203,0.026689466,1.824994,0.81754595,-0.7427766,0.6058032,-2.049262,-0.4838442,3.0667243,1.9227763,1.8421075,-0.810204,1.2587147,-1.9536859,0.9059836,1.187836,0.56991404,-0.24589369,0.20377114,3.469315,-0.25435954,-0.9163896,0.40101364,0.053273942,-1.4750862,-0.16757864,-1.1921129,2.1007936,-2.8059964,2.114955,-0.34419948,-0.46400428,3.513223,-1.1577095,-2.0248823,1.588928,0.026784802,-1.1670216,3.1718183,2.244026,0.15896752,-2.4397357,-1.4237499,-0.90824056,0.59573585,-2.2082596,0.45956948,-1.9980026,2.966187,0.012207875,0.8805381,1.679226,-0.7364167,-0.67490715,-1.1858672,-0.74887997,1.7723966,1.5483848,1.1779977,2.8085918,0.33956268,-1.9597099,-1.0503007,-0.018574305,0.7303397,0.5597046,-0.80375266,-1.5793225,0.5199292,2.9836755,-3.562896,-0.12605217,-0.4097225,-0.041190043,-0.84331155,-1.4221647,0.19316374,-0.07921137,-1.432326,1.1246312,1.5546718,0.22777024,1.3845485,0.80217195
OCI-M1,0.98099613,0.9773055,0.2690255,-0.6637303,0.2134882,0.045853138,0.119090594,0.29430276,-0.32720375,-1.0178272,0.54204714,0.10532344,0.5761136,0.64012307,0.10698685,0.7723298,0.21616088,-0.28603494,0.25722975,-0.69320494,-0.18196896,1.3685294,0.96516424,0.8592194,-0.3531035,0.42801532,-0.4162779,0.45530343,0.9849179,0.046950288,-0.3683234,-0.24664855,1.5679439,-0.4544412,-0.5819395,0.32347584,0.25657538,-0.34615543,-0.125532,-0.79853463,0.73099166,-1.2692655,0.49544176,-0.3817067,-0.017796595,1.4054921,-0.40234992,-1.0380445,0.68522584,-0.31126186,-0.3961947,1.2627218,0.84681404,0.36501867,-0.9885403,-0.6561872,-0.49382263,-0.1192404,-1.0756155,-0.1319231,-0.64392394,1.2022307,0.2507644,0.25317913,0.60199577,0.13211505,-0.6107051,-0.50271726,-0.23940319,0.63625455,0.80172634,0.45291483,1.1516185,-0.22872797,-0.74689394,-0.557886,0.03665802,0.33001977,0.20416991,-0.354762,-0.7036292,0.37764007,1.4846126,-1.5817313,-0.33424896,-0.44701064,0.19135301,-0.77269506,-0.5905958,-0.06658981,-0.053795304,-0.22186103,0.40949988,0.74580514,0.31351987,0.47588623,0.16130248
SH-SY5Y,-2.1494691,-1.901208,-1.1083736,0.32385665,1.7442225,0.027328823,-0.18521683,-0.22829333,-1.8032951,-2.9220986,4.242051,-0.10274409,-2.0513144,-1.6919,-0.949524,1.8591524,-1.0135115,1.0390874,-2.3632605,-1.9549568,-1.9087456,2.2303977,-2.744526,-0.846934,-0.24043415,0.13730848,-3.4612024,-0.19119449,-1.7945797,0.016188778,1.5044113,1.8506244,1.2124203,1.3999239,1.627821,1.5222001,-1.8956414,-1.0049198,0.46125123,0.53420043,2.2140715,-1.0309852,2.8836055,0.008405164,-3.2166777,-0.20329532,0.16687699,-0.5476986,0.35556,1.0763172,-1.4740033,0.13644138,0.8769455,-2.2849247,-0.59258157,1.2763084,-1.7374399,3.5675359,-0.007996002,0.57382214,-1.1400856,1.0616795,-0.63575476,1.7704133,1.043204,-1.3023467,1.4473001,-0.32899997,-0.3869293,-0.36637855,-0.73918974,-0.07222658,0.50034314,4.0067587,-3.1745234,-0.86842704,-1.9942671,-0.16746482,0.44686097,0.0993562,0.4319595,-1.2452406,0.19794114,-2.5988624,0.47466585,2.1025715,0.64842266,2.0564854,1.1361177,1.7076532,-0.13596164,-0.5711546,2.6954422,0.9266468,-0.93055195,0.7775473,2.9444385
HCC1569,3.1970327,3.1147187,1.1336462,-2.5331051,1.0784032,0.7472007,0.1332985,0.19695663,-1.4683381,-4.522948,2.5428724,-0.17807405,1.6098496,1.0626591,0.52672625,3.1042485,1.7469367,-1.3111168,1.1931301,-3.3773057,-0.5099158,5.0671926,3.1750698,3.1709318,-1.2001481,2.1447325,-2.8307607,1.5636303,2.1841137,0.82027394,-0.8607167,0.0024652705,5.903143,-0.849278,-1.596259,0.7474647,0.52166605,-2.3395917,-0.092057064,-2.2564907,3.6344953,-4.7570596,3.3506813,-1.035502,-0.24672082,6.196286,-2.066685,-3.8354285,2.4151514,-0.14776516,-1.6120337,5.1174397,3.7528749,0.49302286,-4.0001855,-2.3682408,-1.3933632,0.40793735,-4.2935786,0.48980868,-3.178889,5.0234575,0.25362706,0.8846067,2.4850981,-1.4474378,-2.0960734,-1.9371194,-1.4456702,3.153235,2.7304325,1.6813552,4.5635066,0.22193563,-3.1404293,-1.5644568,0.18540613,0.9458206,0.8810468,-1.7423155,-2.4928412,0.95231867,5.2015653,-6.021812,-0.3725574,-0.8414631,0.027736029,-1.8472881,-2.3201652,0.19768915,-0.022205431,-2.1970267,1.7375578,2.8605595,0.1887326,2.3560042,0.78351295
COR-L95,-1.7877761,-0.9087381,1.0339742,-0.582824,-0.41267812,-0.18288353,-1.3303826,-0.84062356,0.074986696,-0.1641796,2.0153086,-0.6568054,-0.83353627,-1.8838753,1.2577784,0.38251704,-0.053076856,1.4099034,-0.5738354,0.12518477,-1.1212468,-1.3139174,-1.47937,-1.6033716,0.7656333,0.9194274,-0.8387815,0.67929006,-2.1665337,-1.8752719,2.192455,0.32337767,-0.9969537,0.16042235,0.6957937,0.4595184,-0.64201486,-0.15911807,1.696567,-1.0197755,1.0262367,1.013938,1.4780971,0.29432333,-1.5979923,-1.3611382,-0.6327685,-0.050302587,0.17116629,1.8362036,-0.53184307,-2.2868824,-0.93469906,-1.9933386,0.49115923,0.6278818,-0.08188635,1.3566128,-0.5983689,0.20865953,1.6368783,-0.41555807,1.2035809,-0.22386351,0.08079471,0.05917217,0.32258266,0.89632976,-1.3692623,-0.4817151,-0.93787086,-1.5773176,-0.7173835,1.4115617,-1.1735328,-1.1791706,-0.53791636,-0.76443774,-0.517529,1.2139494,1.1050355,-0.39985102,-1.0706547,-1.419754,0.8410891,1.2258826,0.82626855,-0.28075096,1.0023298,0.80355924,1.4644591,-0.6743929,1.1223481,-0.5198346,-0.28387722,-0.0054821298,1.6055781
BFTC-909,4.146109,3.7499514,1.7165148,-2.897665,-0.07533713,1.1332417,0.1707545,0.27912417,-0.8232642,-4.287471,1.4107809,-0.72038114,3.1240304,0.9890852,1.3663838,3.3034148,2.2026215,-1.2809877,1.7763774,-2.9087596,0.53757805,4.2652082,3.640028,3.2180147,-0.7474322,2.1248689,-1.9116983,2.012429,2.921185,0.0659702,-1.4434869,-1.1487598,6.1405244,-2.0490131,-2.6301484,0.09442535,1.2174015,-2.1632118,0.1781255,-3.1943579,3.3704047,-4.4053397,2.9870372,-1.2750319,0.8247693,6.21097,-2.7000966,-4.207562,2.2326527,-0.94445235,-1.456855,4.887066,3.6217287,0.9551127,-4.1229773,-2.737996,-0.79239804,-0.8927041,-5.3014727,-0.46472305,-2.1299636,4.5692053,1.0760144,-0.2513397,2.0216951,-0.5613306,-3.3059306,-1.5264784,-1.5130963,3.186795,3.3560338,1.1982607,4.217462,-1.4461929,-2.893889,-1.3694437,1.4545484,0.6190419,0.6040521,-1.7117293,-2.2885797,1.3025504,5.614566,-5.8690624,-0.48320994,-1.805616,0.25681925,-3.071487,-2.0564375,-0.27910903,0.18765046,-1.7552829,1.5595115,3.0815816,0.46085936,2.357783,0.31731126
MSTO-211H,-2.7737417,-1.5555114,1.4206834,-0.7598582,-0.50361645,-0.19993684,-1.9646804,-1.3267502,-0.025982805,-0.4658876,3.2743459,-1.0370783,-1.337073,-2.917597,1.8509147,0.6989075,-0.20574702,2.1696124,-1.1152617,0.030263169,-1.7857172,-1.8264929,-2.4383638,-2.4748423,1.1092312,1.3461157,-1.4436619,0.98396885,-3.3375502,-2.7916691,3.3882828,0.6771579,-1.411514,0.3932364,1.175956,0.7505764,-1.0867808,-0.31463227,2.659083,-1.4412044,1.7382089,1.4434705,2.3829536,0.39609832,-2.6602771,-2.0749183,-0.9006928,-0.07551831,0.25032726,2.6540024,-0.88734365,-3.3906555,-1.3243446,-3.178371,0.72888434,1.1401554,-0.24407327,2.2551134,-0.8940853,0.29775,2.4034753,-0.608278,1.7885339,-0.24013373,0.14185423,0.042125758,0.5919213,1.2991112,-1.9346445,-0.8096897,-1.4615952,-2.3803065,-1.0285418,2.4288688,-2.0325944,-1.7660638,-0.94221634,-1.1366363,-0.7473488,1.7500154,1.7330252,-0.8005701,-1.6498364,-2.234657,1.2522731,1.9197516,1.2813678,-0.24700198,1.684616,1.27871,2.1287222,-1.0517688,1.9399718,-0.66629386,-0.45932588,0.035561763,2.5714266
BHT-101,-1.4237984,-1.5022211,-0.43638688,-0.3460452,1.10938,0.21879417,0.10085559,0.24835172,-1.3452262,-2.797657,2.9878027,-0.33048165,-1.0815085,-1.4286169,-0.50037247,1.663228,-0.018023996,0.46210387,-1.5709746,-1.3407567,-1.2367618,1.6442542,-1.7667269,-0.396675,-0.25957346,-0.05256423,-2.7641258,-0.13533701,-1.5445424,0.14169231,1.4275898,1.4739614,1.483606,0.5799872,0.7976378,0.43289545,-2.0879595,-1.25099,-0.099552885,0.19649616,1.7599506,-0.8058532,3.2187538,-0.09015472,-2.058327,0.08005646,-0.30749938,-0.62338835,0.7385812,0.605998,-1.5551203,0.2990918,1.1181072,-1.6392527,-0.94938266,0.6864291,-1.2186266,2.8295395,-0.18334717,0.43153763,-0.8813232,0.96213007,-0.92160505,1.1950277,1.2322011,-1.2031004,1.1623068,-0.37693036,-0.75546753,0.1674548,-0.046717256,0.23951004,0.7393421,2.6955223,-2.5181074,-0.38755304,-1.2177634,0.12869118,0.32740304,-0.07401531,-0.1169301,-0.8325663,0.43652344,-2.6397035,0.80972695,1.7155803,0.43633842,1.2609382,0.49256137,1.5745653,-0.24465398,-0.7837575,1.939736,0.8302179,-0.9009922,0.92488015,2.7852168
Hs 229.T,-0.46827105,-0.04234172,0.5554226,-0.36026114,-0.33192858,-0.3963482,-0.6682333,-0.37694666,-0.036942314,0.18622786,0.8825247,-0.34504133,-0.20916559,-0.45029643,0.41075307,0.13704085,0.041935936,0.46145874,0.025802549,0.037839714,-0.39468092,-0.43571326,-0.3157331,-0.51656127,0.4631891,0.45277774,-0.28740546,0.3276224,-0.615833,-0.61454946,0.42397666,-0.05050523,-0.19768383,-0.09483332,0.22901711,0.31072694,0.26772052,0.2570913,0.77627516,-0.57686734,0.4495217,0.24479806,0.20019476,0.008780412,-0.5739706,-0.43503606,-0.32807893,-0.024690598,0.03671448,0.82147706,-0.18150291,-0.5785824,-0.22060037,-0.56281555,0.039705344,-0.040585995,0.084260225,0.36558384,-0.38092238,-0.019418431,0.8245291,-0.102835365,0.80757123,-0.018195178,0.026746567,0.09213282,-0.16440736,0.34391013,-0.51422024,-0.13968764,-0.35531974,-0.5362548,-0.0935859,0.108160555,-0.21307547,-0.81811965,-0.24984501,-0.19083615,-0.2319979,0.7158606,0.23618005,0.08353023,-0.050160475,-0.46600017,0.2106817,0.20977032,0.24610934,-0.4816347,0.158479,0.04147602,0.5683837,-0.131403,0.4292537,-0.0010521524,-0.0035814196,-0.17498834,0.38854173
KNS-60,6.9508686,6.2489896,2.6937456,-4.2288704,-0.51964253,1.8663024,0.13203101,0.2596879,-1.2575891,-7.1269555,2.360203,-1.676822,5.483107,1.2587694,2.5331452,5.556819,3.8960276,-2.1914148,3.0657659,-4.6530614,0.8960517,6.930905,5.892842,5.436581,-0.9991657,3.3260548,-2.773924,3.1868615,4.579987,0.2848393,-2.6032977,-2.040036,10.220015,-3.7195568,-3.9581635,0.08496454,2.4939854,-3.5648112,0.644623,-5.5000963,5.282803,-7.1579843,5.0305405,-2.7679281,1.2706546,10.20224,-4.6837573,-7.353841,3.1067574,-1.7289271,-2.3253162,7.4737735,6.1757417,1.5085281,-6.1684685,-4.1143475,-1.2159696,-1.8878578,-9.051657,-0.8792784,-2.957702,7.343832,2.1566114,-0.61001635,3.1115584,-1.2227597,-6.1726227,-2.5471623,-2.537422,5.3850384,5.5279775,1.1887518,7.174638,-2.6888566,-4.8547106,-2.2918596,2.1177714,0.56591874,1.0097173,-2.7047515,-3.4210413,1.8789917,9.127932,-9.543043,-0.6967469,-3.0917144,0.55339736,-5.257948,-3.2954068,-0.56569326,0.3449593,-2.697561,2.5801587,5.3126826,0.7914209,3.8134632,0.375257
Hs 343.T,-1.5409118,-0.47848424,1.3331511,-0.7416995,-0.6334488,-0.6305717,-1.7856904,-1.0458438,-0.11474286,0.23857765,2.5697615,-0.7929205,-0.9756806,-1.4616753,1.2490195,0.27687022,-0.2148244,1.2546326,-0.28435263,-0.12262778,-1.3335351,-1.0711688,-1.3289398,-1.6534123,0.9651271,1.1592306,-0.9341859,0.6306883,-2.0244348,-1.6605692,1.6562959,0.3945212,-0.8736172,0.09215467,0.86509323,0.9728262,0.2464489,0.61725396,2.1737297,-1.4175864,1.3948284,0.77563614,0.8519225,0.08153221,-1.6192805,-1.2697294,-0.8715941,-0.14954944,0.018898888,2.1880665,-0.3668341,-1.8949772,-0.6677593,-1.9532351,0.32811993,0.305623,-0.10904062,1.350412,-0.9377018,0.28615853,2.0834324,-0.26620927,1.9013414,-0.1741494,0.056205984,0.06719786,-0.09225701,0.7177409,-1.442717,-0.43846816,-1.1216661,-1.5897107,-0.6496611,1.043923,-0.7989512,-1.8729552,-0.7519007,-0.5633536,-0.6472709,1.4918587,0.74767876,-0.22276852,-0.73114055,-1.2645769,0.7210322,0.99100107,0.66235036,-0.6421652,0.7606464,0.34241405,1.583976,-0.57071424,1.1047412,-0.06260092,-0.0783603,-0.35695237,1.1816405
SU-DHL-8,0.55906606,0.64305365,-0.24094483,-0.38399714,0.98458016,-0.09387563,0.15500887,0.06465722,-1.114954,-1.9677682,2.103432,0.022171402,-0.20145999,0.30650386,-0.43092385,1.3577778,0.28120965,-0.4037132,-0.091014326,-1.5722178,-0.7342235,2.5295632,0.3868335,1.056544,-0.48273948,0.5575402,-1.7636701,0.10877125,0.30255637,0.7124879,-0.19553608,0.6066218,2.30459,0.31939512,0.16535515,0.71936685,-0.040867362,-0.9668143,0.09411898,-0.27854684,1.6374063,-1.8908314,1.6760819,-0.51300174,-1.0114853,2.0161963,-0.50311387,-1.427839,0.73116416,0.24427351,-0.8895259,1.9594016,1.6053467,-0.34698406,-1.4499704,-0.30336064,-0.9408178,0.9520603,-1.2148869,0.53018934,-1.5029883,2.084136,-0.17001306,1.1710681,1.1592206,-1.1779466,-0.22562985,-0.7367882,-0.36720747,1.0028301,0.64299655,0.74487793,1.791779,1.0119423,-1.7587818,-0.81967014,-0.80446184,0.2135442,0.6355434,-0.53686935,-0.9321574,-0.0024236813,1.8647951,-2.351171,-0.02522953,0.19531503,0.043387465,0.05290322,-0.5740235,0.34131432,-0.31883004,-0.90978086,1.1562203,1.1448663,-0.20552373,0.8414329,0.71942437
CAL-120,2.197274,2.0494287,0.44433603,-0.72185266,-0.8364656,-0.11463803,0.13694657,-0.03778338,-0.118117236,-1.9410229,0.7721686,-0.91157955,2.0971074,1.0318934,0.38400397,1.4242089,0.9459555,-0.08089694,0.79249716,-1.3855299,0.56390417,1.8968571,1.9575042,1.8442795,0.50349075,0.5777225,0.24460658,1.1306983,1.8612047,0.25365767,-1.4881252,-1.0059204,3.3688366,-1.5688301,-1.0604538,0.09666268,2.030296,-0.39997163,0.61146456,-1.9367687,1.4660937,-2.1699874,0.47633803,-1.491582,-0.0073029734,2.2624097,-0.99822164,-2.3850083,0.33715308,-1.1234691,-0.71260095,1.467197,1.6121504,0.86518496,-1.4233282,-1.3677218,-0.7989885,-1.1395024,-2.5283659,-1.2436517,0.14165945,1.5642672,1.5921597,0.13530758,0.7275621,0.28593874,-2.6219857,-0.45978877,0.021656469,1.0490272,1.76521,-0.14432648,2.6038513,-1.8520899,-1.4653482,-1.156281,0.24756391,-0.22368042,0.07099935,0.22482915,-0.63091254,0.5013359,2.8586447,-2.4372463,-0.5595972,-1.915611,0.9285364,-2.243805,-0.7612731,-0.49583367,-0.33341488,0.39649144,1.1903389,1.752079,1.1031075,0.5677097,-0.054558888
TOV-112D,-0.69344366,0.05524866,0.72268945,-0.76225704,-0.55445,-0.81226575,-0.37807244,-0.079478405,0.37843013,0.0077420287,0.67593646,-0.5621816,0.32139733,-0.6152353,0.31896862,0.05608503,0.27307728,0.8166605,0.5623516,0.30820113,-0.34335288,-0.5596422,-0.19665404,-0.33920568,0.908417,0.24913087,-0.28359058,0.43099135,-0.43911058,-1.1378032,0.435801,-0.71399283,-0.093889445,-0.57984746,-0.13432261,0.08411614,0.35018146,-0.020391895,0.45964855,-0.90510046,0.17080271,0.7296002,0.17342998,0.07052048,-0.401506,-0.7786954,-0.47456038,-0.21541221,0.24895945,0.8023798,-0.44296545,-0.47283617,-0.1359036,-0.18597971,-0.12989677,-0.6244642,0.014022674,-0.10094462,-0.45674232,-0.1443727,0.88899624,0.08620799,0.96712464,0.23509015,0.20209493,0.51528305,-0.25320798,0.88315684,-0.6134344,-0.39588466,-0.1122425,-0.5931752,-0.2954833,-0.8138496,-0.21209443,-0.92846745,-0.006750065,-0.27361283,-0.08524716,1.3337452,0.22772838,0.56128496,0.514206,-0.64984727,0.21596244,0.18259248,0.25772387,-0.87342,-0.2295327,0.42193604,0.40434435,-0.037323304,0.49693808,-0.39609605,0.1731892,-0.16465521,0.7233503
HCC1428,4.851348,4.4013515,1.8540452,-3.0939882,-0.3054194,1.180783,0.20921743,0.20240554,-0.65323406,-4.665821,1.4211266,-0.84073174,3.7927952,1.4292334,1.5568647,3.6328669,2.4046285,-1.2108701,2.0085793,-3.1751766,0.7978694,4.5614324,4.165906,3.5814555,-0.6445561,2.2054071,-1.6441962,2.336597,3.534132,0.007679686,-1.8986745,-1.5653906,6.8011284,-2.5162897,-2.9253438,0.17341794,1.9130481,-2.364575,0.36015123,-3.7194262,3.5198207,-4.840438,2.8664327,-1.6552773,0.92507476,6.723109,-2.9195194,-4.818929,2.2886097,-1.3504922,-1.5484519,5.251386,3.9215875,1.2013644,-4.471393,-3.1935945,-0.81945384,-1.3484172,-5.9670267,-0.89369005,-1.9757233,4.751873,1.4964252,-0.31380174,2.0488164,-0.3834202,-3.9890323,-1.6401434,-1.3891482,3.3341815,3.7500167,1.2152469,4.649424,-2.0754702,-3.2803597,-1.5939615,1.7880495,0.55953383,0.6016601,-1.7459483,-2.2997491,1.3749584,6.1807895,-6.354113,-0.6685829,-2.2661083,0.3560949,-3.6605215,-2.1897404,-0.51183254,0.16352512,-1.4354552,1.857437,3.4377513,0.72662765,2.4797328,0.20969287
NALM-6,-1.9146835,-0.9112896,1.1261375,-0.62051326,-0.3867907,-0.15140894,-1.5044329,-1.1244082,0.05947146,-0.20682156,2.0487587,-0.67745054,-0.86544174,-2.152796,1.493937,0.46253136,-0.08292334,1.5226375,-0.46789482,0.18030338,-1.2336334,-1.5374875,-1.569722,-1.7084281,0.72597665,1.1415219,-0.7552765,0.71423346,-2.2704437,-2.1211479,2.2867084,0.4495879,-1.1809968,0.2392076,0.760508,0.50834835,-0.61926574,-0.1532495,1.933748,-0.9483243,0.9812865,1.048816,1.3624752,0.40323538,-1.7297956,-1.4012339,-0.6876564,0.013219245,0.14767042,1.9963864,-0.5933571,-2.4316187,-1.0544769,-2.0707972,0.53255826,0.7508425,0.08820827,1.4003562,-0.74465793,0.3081416,1.7241179,-0.47631967,1.2901419,-0.34347948,-0.08529599,-0.036139306,0.31280708,0.8418016,-1.4359024,-0.53592074,-1.0761395,-1.7572502,-0.7959553,1.5977452,-1.2190841,-1.3357242,-0.442384,-0.740486,-0.5333165,1.2057436,1.223086,-0.4926874,-1.1556298,-1.5982994,0.87323946,1.305461,0.76723796,-0.34567145,1.0249913,0.7328646,1.6472087,-0.70930827,1.0991201,-0.5765146,-0.3261519,0.061642922,1.5983193
YKG-1,2.114255,2.1561403,0.6725505,-1.8493967,1.0784858,0.66770977,0.0566051,0.042598058,-1.3808038,-3.4752207,2.1364696,0.004105972,0.8438992,0.54915124,0.32844135,2.49876,1.3380381,-1.0831444,0.7144537,-2.5841637,-0.4549144,3.9245646,1.8175405,2.2592258,-1.0299592,1.6584673,-2.4847274,1.0013134,1.3650721,0.6732285,-0.6493902,0.21204114,4.316031,-0.5269859,-1.0430939,0.663295,0.15300554,-1.7535723,-0.20206636,-1.3488033,2.7297924,-3.5577116,2.705194,-0.7124101,-0.11083962,4.599141,-1.4558891,-2.734755,1.787372,0.11603145,-1.2066284,4.00414,2.782055,0.19471563,-3.196014,-1.5514106,-0.8965224,0.6856717,-3.1150901,0.5713502,-2.7022262,3.7334223,-0.1392616,0.7144573,1.7517895,-1.5846024,-1.3839529,-1.3690877,-1.2867225,2.2146153,1.7896186,1.5464803,3.1020246,0.6199503,-2.3637204,-1.0524992,0.15684289,0.8297843,0.9119402,-1.7733568,-1.7597225,0.5883857,3.846382,-4.4238453,-0.1647408,-0.09848947,-0.17676295,-0.9994184,-1.5755364,0.16284198,-0.038796652,-1.8039273,1.2517294,2.2592888,-0.46118173,1.846476,0.68744165
RPMI-7951,0.0020715594,0.27944207,-0.649667,-0.13162674,1.4628898,-0.12803589,0.18260947,-0.13528669,-1.3011045,-1.9902625,2.4330328,0.35909766,-0.8828046,0.19607267,-0.79191655,1.2628115,-0.25297394,-0.185619,-0.52053016,-1.6555825,-0.90986973,2.7166467,-0.21989794,0.8780255,-0.5222383,0.5603654,-2.033945,0.02385099,0.21619867,0.7064428,-0.09276212,0.90546393,1.9145669,0.76862925,0.5371763,1.0447277,-0.35674456,-0.7513786,-0.049563758,0.27686593,1.6982337,-1.8596296,1.3332179,-0.20989041,-1.4837798,1.7286098,0.024640322,-0.99688303,0.6302414,0.40643746,-0.83663017,1.9827952,1.2811506,-0.43282953,-1.28487,-0.06769775,-1.1920404,1.3983966,-0.7602574,0.6291945,-1.9395808,2.0277376,-0.43499547,1.522486,1.0960486,-1.2458962,0.21339028,-0.6597356,-0.08387649,0.5695854,0.0962234,1.001582,1.3341386,1.8264694,-1.8272725,-0.82827306,-1.0877137,0.38823378,0.701416,-0.5749601,-0.6669056,-0.113333076,1.6223336,-1.9943134,-0.2765858,0.5178284,-0.08774124,0.68700075,-0.33286315,0.48496354,-0.4125043,-0.8573957,1.1404382,0.8542015,-0.4183528,0.6959471,0.9102787
P12-Ichikawa,-0.91898423,-0.3068725,0.28543803,-0.22896235,-0.042898275,-0.14238235,-0.72601473,-0.61798435,-0.15707189,-0.3918694,1.3445318,-0.44403377,-0.4341883,-1.0738208,0.56623286,0.31765032,-0.30027854,0.6382235,-0.42072937,-0.24119046,-0.6874664,-0.27643952,-0.78758144,-0.713518,0.5202561,0.52572244,-0.639882,0.5009572,-0.9413335,-0.8058437,0.8117689,0.36820978,-0.32000196,0.123740695,0.505454,0.52892476,-0.28414184,0.19370276,0.91144735,-0.30864027,0.9084272,0.07933129,0.67947745,0.013198927,-1.1734698,-0.51794714,-0.35816163,-0.26962692,0.03172539,1.0066313,-0.48379,-0.8815899,-0.21861319,-1.0266938,0.075645864,0.31222767,-0.25274065,0.78032786,-0.595151,0.10542595,0.6690515,0.04194382,0.8219817,0.0933743,0.16459438,-0.17563446,0.07430736,0.28428575,-0.4253104,-0.26080343,-0.5922072,-0.8449822,-0.27920684,0.968199,-0.69529897,-0.9304395,-0.5804648,-0.3720856,-0.22440834,0.49562836,0.59356236,-0.35745814,-0.06321613,-0.75485504,0.20457685,0.5011455,0.26670587,-0.0354615,0.56005865,0.38730106,0.5966077,-0.27465853,0.7912206,0.09994791,-0.11798747,-0.030773375,0.8272083
CMK-11-5,1.363923,1.2785475,0.5630762,-0.9992978,0.01670259,0.23748925,0.08294134,0.15790994,-0.20499653,-1.3411453,0.4680035,-0.11811635,0.9687666,0.53030676,0.38995126,0.98929316,0.5604813,-0.30905443,0.50930345,-0.9295197,0.15596479,1.4229558,1.309659,1.0711547,-0.29797402,0.6393701,-0.58085084,0.671499,1.1069543,0.0018942952,-0.502244,-0.41194764,2.0064578,-0.6745573,-0.9158599,0.10515343,0.40048108,-0.63858336,-0.023607098,-1.0374774,1.0356054,-1.4833581,0.7837946,-0.41193324,0.2041186,1.9425498,-0.81212735,-1.3763916,0.7942781,-0.35187295,-0.48286873,1.5768987,1.1203054,0.38340354,-1.3918082,-0.9329815,-0.3815127,-0.21175195,-1.6003915,-0.2516672,-0.7699921,1.5115205,0.34310526,-0.000103551894,0.6773342,0.04706079,-0.9615086,-0.5032296,-0.453524,0.98762745,1.1198158,0.47338843,1.3793645,-0.48667035,-0.9315834,-0.5400491,0.3841954,0.25024092,0.17574856,-0.50803566,-0.8466776,0.47615847,1.8294895,-1.9386146,-0.28983414,-0.5883803,0.17325824,-1.0300573,-0.69534737,-0.0744348,0.040087607,-0.45573574,0.568184,0.9572733,0.25653055,0.7098405,0.12875462
MDA-MB-435,-0.48105004,-0.42831352,-0.55118936,0.11626178,0.97677076,-0.058216777,0.05663415,-0.16487369,-0.8811999,-1.3464125,1.992045,-0.0005919393,-0.9240315,-0.29916734,-0.51484793,0.9859291,-0.33306324,0.19980058,-0.8027513,-1.05691,-0.83512175,1.4933897,-0.86305994,0.015580018,-0.33312714,0.089383766,-1.6606569,-0.17415528,-0.59824085,0.3524285,0.24963859,0.84013504,0.92438614,0.7465686,0.7217068,0.65771115,-0.47312662,-0.53066725,0.23458481,0.23031206,1.152874,-0.7810025,1.3284712,-0.13944358,-1.3799957,0.46951178,-0.041935228,-0.5098727,0.23371711,0.4448644,-0.69863707,0.745884,0.75537884,-0.8834892,-0.6297042,0.4324397,-0.7539588,1.4928063,-0.23706198,0.4176113,-0.829567,0.8930296,-0.36711445,1.0072557,0.5035141,-0.8782617,0.56465095,-0.31337878,-0.2326811,0.14587423,-0.09983338,0.28186315,0.666687,1.5581096,-1.4309067,-0.5020717,-0.90340734,0.010833781,0.3284375,-0.18086605,-0.27296114,-0.4742933,0.4631201,-1.4164286,0.17303017,0.83058107,0.16604355,0.7906375,0.21148764,0.5144561,-0.12507538,-0.4230749,1.2168127,0.6865238,-0.42857584,0.49958104,1.0531921
OV7,-1.2296038,-0.55290943,0.77825063,-0.43746293,-0.2908206,-0.0974298,-0.9879294,-0.72525424,0.08187348,-0.07240936,1.2007891,-0.41338325,-0.5070566,-1.4025118,0.9927562,0.25732115,-0.004421873,0.97950816,-0.22242635,0.1971846,-0.7402644,-1.1007006,-0.9324789,-1.0695962,0.47830388,0.7617912,-0.39044887,0.48604617,-1.4503636,-1.4035283,1.4288901,0.23141769,-0.79363894,0.12929016,0.4233614,0.28105015,-0.39032993,-0.121909946,1.2197576,-0.6179588,0.5272981,0.71485376,0.81254673,0.29397577,-1.013857,-0.8878867,-0.4889236,0.016192976,0.105491474,1.3327017,-0.36263606,-1.6143943,-0.7115867,-1.2568648,0.35732237,0.4431265,0.13280323,0.81808424,-0.47667575,0.19617811,1.1250248,-0.31986272,0.8126851,-0.28289467,-0.08909385,-0.029522669,0.19793336,0.5569875,-0.9672534,-0.32301176,-0.687556,-1.1351628,-0.48943704,0.9268998,-0.7039682,-0.86146474,-0.20173673,-0.4828706,-0.34018797,0.7806971,0.7770354,-0.2558601,-0.73032796,-1.0297912,0.5483646,0.8275673,0.4895475,-0.28851345,0.59092736,0.43987775,1.0980096,-0.42581123,0.61360216,-0.44770277,-0.23344913,0.07420684,0.9861083
SCaBER,5.3080783,4.4600763,1.9436159,-2.567534,-1.2469617,1.099512,0.15423115,0.34105372,-0.63179046,-5.251432,1.79538,-1.8285706,4.895602,0.9698562,1.6796685,3.968135,2.6330454,-1.2600418,2.0602684,-3.2476673,1.1927793,5.243606,4.5679164,4.4054112,-0.112416975,2.098245,-1.2854488,2.5722575,3.8026037,0.17573118,-2.212454,-1.9112759,7.933619,-3.4802752,-3.1309073,-0.051265776,2.4602537,-2.6109307,0.54710186,-4.4124413,3.7858458,-5.3791447,3.438902,-2.5816097,0.8663741,7.339431,-3.3501532,-5.6897883,1.9199774,-2.033124,-1.7645042,4.9729443,4.5681686,1.57186,-3.9767873,-2.995533,-1.5974807,-2.1046574,-6.7274446,-1.5029839,-1.5693117,5.173797,2.297707,-0.40437302,2.3945978,-0.047917724,-5.238795,-1.7644746,-1.163023,4.015244,4.4823284,0.6256287,5.9009995,-2.6252673,-3.9758072,-1.9417447,1.3885372,0.10376546,0.48481348,-1.3188223,-2.1671655,1.5369731,7.0333705,-6.9226723,-1.035657,-3.3205295,1.17595,-4.3716745,-2.516883,-0.35073268,-0.13153273,-1.3172579,2.4037068,4.0546165,1.4044741,2.260868,0.39954913
MG-63,-0.8016189,-0.49686372,0.4194599,-0.3102063,-0.2001896,-0.03796736,-0.39355144,-0.2424232,0.06801549,-0.50448626,0.5617849,-0.25718027,-0.13442208,-1.0238576,0.641524,0.3117865,0.13185185,0.580731,-0.19605237,0.18630655,-0.34282956,-0.74244815,-0.6110832,-0.59066546,0.30778915,0.2583166,-0.106119744,0.27421242,-0.89379257,-0.8858124,0.9270663,0.2789751,-0.29124093,-0.026619546,0.07834043,-0.13776708,-0.6968684,-0.28759506,0.4434713,-0.31376496,0.34382924,0.48432922,0.8846255,0.10034139,-0.5547919,-0.5892267,-0.47392645,-0.12029074,0.15961066,0.65003127,-0.5693407,-1.1570463,-0.37796685,-0.64606667,0.19648108,0.27612665,0.15351143,0.55872434,-0.29322913,0.084263004,0.5064689,-0.16234249,0.0055237985,-0.2921292,0.06826801,-0.094700724,0.29159808,0.26131207,-0.69660914,-0.17022252,-0.21537304,-0.68800235,-0.20746113,0.6393392,-0.6766774,-0.27350467,0.04776027,-0.24125215,-0.118976004,0.41741338,0.41588277,-0.33636087,-0.4806705,-0.9221527,0.52060467,0.67332965,0.49796903,-0.21639326,0.35170186,0.4499298,0.55651015,-0.10724824,0.31294066,-0.4059372,-0.16222572,0.28232178,0.8865651
SK-N-DZ,1.8657277,1.9287764,-0.07434644,-1.1304923,1.5172684,0.3030954,0.1530782,0.023780826,-1.8945059,-4.065764,3.501263,0.025145577,0.38055137,0.76874435,-0.38015342,2.6584256,0.8235709,-0.8217135,0.28334874,-3.1142983,-0.844232,4.992484,1.4485713,2.6622717,-0.881026,1.4017897,-2.8065565,0.7375731,1.3546382,1.1677676,-0.7613551,0.63377327,4.929005,-0.03249473,-0.31151322,1.3398418,0.24068412,-1.8627057,-0.15718922,-1.0340464,3.3151026,-4.0516243,2.876872,-1.0394909,-1.0486497,4.8555613,-1.1883668,-3.0472558,1.6385571,-0.010329422,-1.3730417,4.096193,3.1942432,-0.04015096,-2.9932232,-1.1803881,-1.8626953,0.9884712,-3.0829184,0.63246447,-3.2536979,4.3373675,-0.058001332,1.6117289,2.159815,-1.8597647,-1.2117869,-1.4591761,-0.72720563,2.1815753,1.692952,1.6875451,3.793947,1.4535856,-3.3345094,-1.4772048,-0.92859995,0.6945393,0.99138564,-1.6442307,-1.7724289,0.39881474,4.270742,-4.6544595,-0.628878,-0.2902469,0.2222542,-0.705261,-1.4319497,0.46157232,-0.5369144,-1.7922397,2.0337827,2.359624,-0.18528211,1.7293013,1.0194862
NCI-H2452,-0.5375524,-0.4588451,-1.197062,-0.12488164,2.3326132,-0.18504527,0.36499852,0.11030788,-2.2704244,-3.3721435,4.1768765,0.3381916,-1.736656,-0.24723728,-1.5391499,2.1332474,-0.37427366,-0.16155308,-1.3090049,-2.6038547,-1.8353899,4.215867,-1.1405648,0.87736255,-0.8757057,0.27404675,-3.93484,-0.51550514,-0.44962823,1.3397233,0.31417984,1.7102213,2.843194,1.2909325,1.2181302,1.4994907,-1.2549416,-1.4360335,-0.30917057,0.6933956,2.5513473,-2.4570532,2.902042,-0.34312952,-2.529201,2.111317,0.013093621,-1.4164536,1.1130881,0.7626392,-1.4010861,2.8753085,2.3294513,-1.284048,-1.8830771,0.27711976,-1.9041067,3.0294278,-0.59842604,1.0799644,-2.9654973,2.7776935,-1.1751314,2.593241,1.7537494,-2.112452,0.9314242,-1.0392742,-0.45311508,0.71955955,0.13580763,1.4642034,1.8322519,3.1825035,-3.044127,-0.9680346,-1.9991252,0.62267303,1.1050454,-0.8006408,-0.9978693,-0.55655175,2.1873083,-3.1622205,0.15904257,1.4967787,-0.22117059,1.6781216,-0.2615174,1.2788393,-0.825589,-1.2985994,2.3708575,1.6568934,-0.9522025,1.1860995,2.0865564
PE/CA-PJ34 (clone C12),-2.1190376,-1.1018975,1.1827095,-0.6401271,-0.41205883,-0.14986417,-1.6040183,-1.1557491,0.03590934,-0.27103272,2.377483,-0.7699286,-1.0039778,-2.3224049,1.5585374,0.5297591,-0.1162648,1.6709243,-0.6658732,0.13309416,-1.3585683,-1.5682849,-1.7958863,-1.9145092,0.8290268,1.1691463,-0.9559651,0.7702886,-2.5543308,-2.2715209,2.5686238,0.4893532,-1.232207,0.29155698,0.86113447,0.56492776,-0.7566636,-0.18758735,2.1036487,-1.0843221,1.206393,1.1372927,1.6517477,0.37363166,-1.966646,-1.5830789,-0.73175645,-0.00040355325,0.16826104,2.14727,-0.6521914,-2.683108,-1.1174561,-2.3669746,0.57599366,0.8367265,-0.026696015,1.644648,-0.7672041,0.2758216,1.9014026,-0.5058231,1.4080373,-0.30325186,-0.00015396997,0.0050106565,0.39116716,0.9975165,-1.563913,-0.61329544,-1.1781892,-1.9013555,-0.8587899,1.8246349,-1.4339929,-1.4192324,-0.6032329,-0.85773325,-0.5771284,1.3480078,1.3405057,-0.58412683,-1.3133832,-1.7430384,0.9716373,1.4737346,0.92723197,-0.29609686,1.2084377,0.8877759,1.7489808,-0.79734015,1.3334101,-0.59705293,-0.35900506,0.058670543,1.8625373
CCK-81,3.7425997,3.3714566,1.499444,-2.4902632,-0.13294668,1.0244932,0.15686885,0.22596073,-0.6178411,-3.8070009,1.1768897,-0.75981754,2.8485155,0.8285041,1.3124394,2.9980788,1.9585164,-1.0883307,1.5586197,-2.613367,0.5877048,3.7317781,3.1274934,2.8118148,-0.6574255,1.7742231,-1.6265296,1.803386,2.590686,0.042339414,-1.4807767,-1.1356275,5.4351125,-1.991501,-2.2788486,0.12062526,1.2065717,-1.8663014,0.13650556,-2.8971622,2.8953822,-3.7822893,2.6354613,-1.2373511,0.81820935,5.4661794,-2.5397642,-3.8263466,1.8452877,-0.935993,-1.2804861,4.2118607,3.238789,0.79149026,-3.5680373,-2.4187827,-0.6390987,-0.9205448,-4.805162,-0.5148072,-1.7938777,3.96073,0.9713189,-0.33243874,1.7065881,-0.48583913,-3.0304947,-1.3203186,-1.317958,2.7820647,3.0058413,0.92138207,3.6445243,-1.4426492,-2.5634928,-1.1780844,1.3228834,0.478753,0.5325396,-1.54323,-1.947275,1.079173,4.96306,-5.165711,-0.4821063,-1.6609505,0.29656076,-2.8114398,-1.7340711,-0.29713404,0.12718503,-1.3683611,1.4135783,2.7887807,0.4051235,2.1529062,0.22817856
RERF-LC-Sq1,1.2084014,1.0434493,0.32938755,-0.5336202,-0.24237622,0.12539035,0.12348989,0.06590333,-0.14442044,-1.0601642,0.2728024,-0.20307583,1.0350928,0.3703785,0.3688386,0.7957388,0.4096259,-0.16733584,0.36042702,-0.69503736,0.17022453,1.0781608,0.95120466,0.8919505,-0.028622758,0.29777873,-0.07244789,0.4661472,0.93503636,-0.025887206,-0.67704105,-0.577974,1.619816,-0.8282935,-0.62651926,0.14454243,0.6243545,-0.30778366,0.18483108,-1.0666043,0.70447606,-1.0466814,0.47199082,-0.61847943,0.18621914,1.287487,-0.69222903,-1.2855804,0.40717757,-0.49977314,-0.3832115,0.9723253,0.8953781,0.3620705,-0.76380306,-0.58958095,-0.30919078,-0.4563696,-1.4369938,-0.44073483,-0.15187182,1.0171219,0.5306277,-0.107051104,0.34385186,0.108429626,-1.1703999,-0.37956133,-0.34240332,0.7184429,0.9682041,0.08248955,1.1763192,-0.7244109,-0.70698225,-0.50113714,0.24339496,-0.053005032,0.13088068,-0.25688216,-0.50100106,0.34949094,1.4826018,-1.4266136,-0.26577425,-0.74156976,0.31451726,-1.1017786,-0.36782065,-0.23748448,0.029024903,0.004371356,0.52142227,0.9458284,0.36925638,0.55374056,-0.031579398
Hs 863.T,-2.0030723,-0.98770165,1.1500673,-0.63652414,-0.37548524,-0.12775266,-1.5635073,-1.1905655,0.045456782,-0.25197357,2.1709259,-0.7253317,-0.93408656,-2.2680597,1.5581225,0.5090855,-0.122268766,1.6058877,-0.5367432,0.14620054,-1.2905031,-1.5790346,-1.6688741,-1.7942975,0.75040096,1.1838802,-0.81821686,0.7580192,-2.3883061,-2.1911027,2.3929093,0.5139625,-1.2093009,0.2830028,0.8061898,0.53870195,-0.6734907,-0.16980132,2.0386727,-0.9617741,1.0593957,1.0763605,1.4522582,0.4172454,-1.8495786,-1.471544,-0.71168447,0.008166667,0.14077993,2.0506086,-0.64301807,-2.5291815,-1.0806928,-2.2013552,0.54631644,0.8150891,0.06106997,1.5057738,-0.7897588,0.32165146,1.782208,-0.49159876,1.337381,-0.3591363,-0.08952953,-0.052869197,0.36983672,0.87126315,-1.4774336,-0.5781329,-1.1292824,-1.8486763,-0.80951935,1.7139796,-1.3375806,-1.3882798,-0.4879287,-0.76983094,-0.55913347,1.2510067,1.3004842,-0.55181587,-1.2115865,-1.6774657,0.90216047,1.3876448,0.8124727,-0.31081882,1.1142379,0.77489984,1.6992887,-0.74977344,1.1983119,-0.5892972,-0.34154078,0.07464124,1.7081171
RKN,9.128912,7.9894843,3.263773,-4.732395,-1.5490563,1.8530489,0.22666085,0.1778894,-1.1863683,-8.783489,3.0601354,-2.996157,7.537266,2.1020322,3.0997956,6.743588,4.5404534,-2.1082838,3.9468217,-5.939217,1.7395622,8.583113,7.8569183,7.403208,-0.76122165,3.7605484,-2.1788213,4.199132,6.2459364,0.6105279,-3.5465941,-2.712797,13.09428,-5.40713,-4.905202,-0.06558758,4.3425345,-4.2940307,1.2045633,-7.2155876,6.419031,-9.101237,5.723493,-4.477152,1.1826385,12.413425,-5.675356,-9.572668,3.4794242,-2.9865942,-3.131197,8.307668,7.7375445,2.2309308,-7.038506,-4.999199,-2.2763765,-3.11189,-11.511984,-1.9187919,-2.706669,8.649005,3.7889972,-0.5340309,3.7146683,-1.0902348,-8.498862,-3.1194105,-2.3531547,6.613449,7.263724,1.0171497,9.926727,-4.184426,-6.531846,-3.5195096,1.971201,0.30178148,0.88559675,-2.4818115,-3.7101128,2.1341047,11.325836,-11.698595,-1.1451874,-5.123281,1.7037616,-7.506931,-4.1554375,-0.70768166,-0.15527399,-2.664349,3.9585454,6.688798,2.1943674,3.9421449,0.5428729
L-540,-2.0556655,-1.0070081,1.1784868,-0.6449512,-0.38669202,-0.12692866,-1.6113316,-1.226714,0.05001539,-0.2534559,2.246969,-0.74175537,-0.9659531,-2.3247828,1.5957493,0.523006,-0.12751882,1.6343833,-0.5464778,0.16331278,-1.3357396,-1.6178681,-1.7203813,-1.8575228,0.75626034,1.2217513,-0.8520439,0.7636175,-2.4572742,-2.267539,2.4655864,0.51198465,-1.2645903,0.29608458,0.83158326,0.56131035,-0.6807475,-0.1621304,2.1057024,-1.0004159,1.0977441,1.1073574,1.4877288,0.42015886,-1.8924382,-1.5051993,-0.72678673,0.02196934,0.15286358,2.1252196,-0.63216066,-2.6103551,-1.1176732,-2.2603176,0.56211203,0.8229039,0.067827955,1.5508834,-0.80208707,0.32792544,1.8429822,-0.51023114,1.3838427,-0.350338,-0.08356534,-0.048147667,0.36197817,0.91039634,-1.5219536,-0.5973636,-1.1669531,-1.8906232,-0.8479303,1.7773556,-1.3463608,-1.4228268,-0.50809395,-0.798439,-0.56545854,1.2833072,1.3300934,-0.56805354,-1.261024,-1.7280111,0.9331931,1.423427,0.8316557,-0.3230232,1.1383979,0.7985851,1.759249,-0.77458334,1.2251031,-0.60252476,-0.34980455,0.07576756,1.7425356
Loucy,1.7878475,1.7263948,0.0878537,-1.5588161,2.0364628,0.27557513,0.26334766,0.28883496,-2.2364314,-4.805054,4.256108,-0.13615431,0.04966725,0.67156166,-0.6530852,3.1700935,1.000299,-1.0482372,0.17392209,-3.68776,-1.2767054,5.7541356,1.3904893,2.894536,-1.2967631,1.3131185,-4.018964,0.55237144,0.99782693,1.6296144,-0.50892645,1.1154453,5.589076,0.1974073,-0.21498847,1.353323,-0.28056914,-2.4655528,-0.45136788,-1.0373216,3.7857478,-4.2909718,4.053544,-0.9647007,-1.4176341,5.2853465,-1.5257626,-3.3690143,2.1256576,0.20568755,-1.8101983,4.9066515,3.9831607,-0.40435636,-3.6070054,-1.2202811,-2.1165912,1.8860477,-3.162402,1.0187907,-3.8690293,4.9256196,-0.38011563,2.1890838,2.720904,-2.2862663,-0.66585004,-1.750912,-1.0546016,2.5178845,2.0134523,2.034347,4.420444,1.9542832,-3.9219372,-1.5563878,-1.2554342,0.99801797,1.192506,-1.7617525,-2.2796226,0.3225636,4.7319407,-5.290886,-0.19604857,0.15819167,0.017978761,-0.3693739,-1.7608696,0.9060562,-0.8403584,-2.4231257,2.5898137,2.819728,-0.3057548,2.0485048,1.7422221
NCI-H522,0.15928209,0.40309548,0.14244802,-0.5329467,0.11723927,0.09733959,-0.030950205,-0.045628656,-0.07730213,-0.9095694,0.26046786,-0.076410316,0.3163907,-0.38365075,0.38029242,0.54992026,0.32284966,-0.13295108,0.075167365,-0.2659352,0.0750101,0.36688378,0.10202915,0.2891882,0.072202615,0.38052142,-0.3680322,0.28607807,0.28209487,-0.15964827,-0.05841814,-0.13465643,0.6918535,-0.26222137,-0.34901866,-0.002228694,-0.24030454,-0.34210643,-0.021034786,-0.3200897,0.5686175,-0.42267108,0.6098745,-0.054305717,0.039067063,0.6992303,-0.5429574,-0.67395484,0.23947525,0.051434632,-0.4621279,0.5290774,0.38843113,-0.043368306,-0.6303444,-0.31341353,0.12581788,0.19805846,-0.7316527,0.1327423,-0.23149835,0.71504503,-0.19035606,-0.091320336,0.22116257,-0.23233779,-0.28135064,-0.18657348,-0.3602179,0.3478728,0.24238884,0.07673906,0.304868,0.06579082,-0.4006567,-0.12896447,0.356754,0.0100775175,0.2528207,-0.16165398,-0.15872316,0.021275299,0.6656821,-1.0230191,0.08351153,0.14888059,-0.029611737,-0.17663027,-0.06718595,0.039725594,0.1471779,-0.08247197,0.14084032,0.3584682,-0.12821823,0.47446084,0.2654051
COLO 829,2.8961403,2.6777174,1.3019941,-2.3493292,0.45406684,0.89332336,0.09127692,0.14967139,-0.9341497,-3.5821548,1.4963253,-0.44837093,1.830683,0.61518747,0.9228495,2.646289,1.8159071,-1.2045467,1.3125887,-2.5224028,0.055526845,3.6886017,2.7123013,2.5772061,-0.8583765,1.8742546,-2.1206295,1.4918594,1.8530422,0.35185987,-0.82280326,-0.37548372,4.79281,-1.2161658,-1.7578722,0.16699551,0.4942275,-1.9339112,-0.05832918,-2.1459572,2.81084,-3.6809938,2.8739452,-0.806648,0.37206906,5.0790815,-2.1130047,-3.1730502,1.9047173,-0.2453281,-1.2520024,4.106306,3.017802,0.45459533,-3.4025838,-1.9928137,-0.6385131,-0.056778546,-3.8987553,0.16316278,-2.1875172,3.9149733,0.43961948,0.18756664,1.8735012,-1.056074,-2.0877764,-1.3624471,-1.4440655,2.6881402,2.4227989,1.2213762,3.4752092,-0.42029592,-2.3009427,-1.1040361,0.72443414,0.67701685,0.6373967,-1.5737826,-2.002787,0.88216364,4.3318076,-4.859836,-0.1473006,-0.8978546,-0.03186333,-1.9339755,-1.8411658,-0.020169517,0.12834306,-1.8706659,1.1541958,2.4320388,0.01728645,2.0633974,0.48899165
HH [Human lymphoma],-2.0233223,-1.0529801,1.1102118,-0.62948006,-0.42101252,-0.17343077,-1.4741269,-1.0092448,0.04505564,-0.24680424,2.2598653,-0.75370544,-0.9375415,-2.1567554,1.4148959,0.46004376,-0.09444014,1.5834831,-0.67871106,0.09878586,-1.2682092,-1.4346731,-1.6768383,-1.7820122,0.83193725,1.0619488,-0.93619907,0.78204954,-2.4030535,-2.097724,2.4370909,0.41651577,-1.1061519,0.22257501,0.8007467,0.52159774,-0.7261382,-0.1868415,1.9362915,-1.0728638,1.172605,1.0972108,1.6444883,0.3295163,-1.8477944,-1.5119047,-0.6948097,-0.047391064,0.17952327,2.0098455,-0.6340611,-2.5255003,-1.0324962,-2.242886,0.5332882,0.76358163,-0.09734972,1.5492095,-0.702897,0.23014408,1.7947179,-0.4609339,1.3375695,-0.2529556,0.05691309,0.045014318,0.3739866,0.9633343,-1.4656155,-0.5636784,-1.0728496,-1.7837949,-0.78872937,1.6529914,-1.3638523,-1.3327402,-0.6103531,-0.84013593,-0.56144273,1.3057728,1.2653495,-0.49699616,-1.1769848,-1.6126583,0.92243797,1.378106,0.9104041,-0.27212942,1.1612879,0.8980371,1.6029422,-0.75120604,1.3011649,-0.5516327,-0.32503974,0.010913461,1.8144548
GP2d,-2.045277,-1.0232793,1.1251261,-0.6181212,-0.37273327,-0.17496616,-1.5457667,-1.1189803,0.020141553,-0.26215553,2.3181088,-0.7501761,-0.9590618,-2.2414994,1.4690131,0.5298728,-0.13680558,1.5837053,-0.63597506,0.11328398,-1.3365836,-1.5220755,-1.762582,-1.8507516,0.7489488,1.1376072,-0.93870306,0.7557052,-2.4511375,-2.2036722,2.5367184,0.47255722,-1.1787394,0.2514808,0.8809209,0.5237546,-0.7037671,-0.16680855,2.0506015,-1.0512851,1.1662086,1.0940168,1.5993555,0.3542061,-1.8946453,-1.5132972,-0.71293926,-0.019648314,0.19019896,2.0887642,-0.62209296,-2.582489,-1.0784465,-2.2817135,0.5556824,0.7921634,-0.037741352,1.5719444,-0.7430634,0.27932718,1.8429972,-0.51219356,1.3798622,-0.26423785,0.0071332343,-0.01791438,0.3365067,0.92850274,-1.5325483,-0.5735135,-1.1345843,-1.8240885,-0.89171815,1.7663825,-1.3444303,-1.3734039,-0.5849813,-0.8255302,-0.5682303,1.3032607,1.3086964,-0.51832354,-1.2110146,-1.7027084,0.9848247,1.4339737,0.8560801,-0.29837194,1.1613525,0.8859012,1.7003495,-0.7958324,1.2989328,-0.56686336,-0.32844976,0.040852465,1.8006462
CAL-27,-1.1894153,-0.6490994,0.08062148,-0.21296693,0.04939445,-0.3149506,-1.1055536,-0.7056871,-0.5622115,-0.9251251,2.5001185,-0.5429722,-0.8159722,-1.3517909,0.60326177,0.64616466,-0.38921002,0.90795124,-0.9546177,-0.60492635,-1.1472609,0.08713132,-1.3767262,-1.0304729,0.46974072,0.48823053,-1.4462655,0.3487428,-1.4594055,-0.8376388,1.0655454,0.9650722,-0.093096234,0.35913253,0.8695739,0.98322994,-0.44165072,0.13946946,1.2364535,-0.5457424,1.5632566,-0.1325904,1.3445415,-0.21466891,-1.714164,-0.70041806,-0.5711429,-0.5519816,-0.10943639,1.3742629,-0.74897367,-1.2916526,0.15754166,-1.7612612,0.056213833,0.6545862,-0.64465344,1.6224588,-0.9292832,0.159778,0.73030704,0.0944961,0.8257201,0.20094256,0.4589504,-0.5467182,0.23695433,0.08768717,-0.78437036,-0.22819753,-0.7244499,-1.1278536,-0.29096842,1.8691244,-1.3950015,-1.1416293,-1.1155776,-0.5918995,-0.2780531,0.64622563,0.56312895,-0.7492371,-0.28360194,-1.3442339,0.4750072,1.0721216,0.5003467,0.25547433,1.0155966,0.68255496,0.68000877,-0.36130688,1.4500991,0.43856847,-0.35794196,-0.051248994,1.3536093
Karpas-299,-2.110361,-1.1540109,1.3135133,-0.76446426,-0.5051793,-0.20977676,-1.6935899,-1.0534132,0.046517722,-0.18923965,2.4925141,-0.76537335,-1.0919313,-2.3257453,1.5920159,0.539881,0.03883689,1.7306596,-0.73281014,0.19643858,-1.423461,-1.6902575,-1.8386178,-2.053279,0.8342951,1.1566129,-1.0108523,0.71168005,-2.6988082,-2.263386,2.6740596,0.5499746,-1.2113315,0.27790478,0.85611105,0.54793465,-0.8027626,-0.23452613,2.1251671,-1.2150362,1.2646451,1.226712,1.8487296,0.38831073,-1.9271021,-1.6202823,-0.8349649,-0.036482364,0.19154452,2.2454886,-0.6404193,-2.895504,-1.1039631,-2.4977944,0.6517344,0.85690165,-0.032867726,1.7258188,-0.7937654,0.29212636,2.0086458,-0.5737814,1.3648072,-0.38195226,0.06705722,-0.022692874,0.45979717,0.97422725,-1.7993954,-0.56402737,-1.1429989,-1.9601884,-0.862804,1.8402551,-1.5361706,-1.4013381,-0.5448109,-0.8913053,-0.6855384,1.4954745,1.2882572,-0.6036941,-1.486424,-1.8219621,1.1072394,1.6058316,1.0182717,-0.33327013,1.2678064,0.8917452,1.8824952,-0.7889266,1.3867137,-0.6625405,-0.39612323,0.04283693,1.9563129
Malme-3M,6.1202316,5.615183,3.0890253,-6.1190042,1.7891096,1.9057238,0.35023364,0.99965703,-2.2305176,-8.42506,3.9784539,-0.7557751,3.4310484,1.5921257,1.5573126,6.1362514,3.751458,-2.772029,2.719561,-6.279156,-0.7338125,8.9575815,6.366768,5.8766923,-2.3182704,4.3185143,-5.924409,3.2899232,3.9156358,1.2138728,-1.1851918,-0.2065759,11.175999,-2.2598011,-3.8130953,0.38444337,0.30303547,-4.7401114,-0.6370324,-4.939664,6.5448885,-8.575037,7.2303267,-1.504047,0.22304894,11.593712,-4.7178006,-6.8562374,5.026564,-0.16730362,-3.5104806,10.1094265,7.5225472,0.80764115,-7.9543304,-4.7521415,-1.922702,0.640919,-8.480321,1.1919562,-5.5066814,9.389062,0.42520735,1.0622864,5.121005,-2.4725146,-3.5233598,-3.740799,-3.4849749,6.082357,5.603256,3.0457506,8.375578,-0.29537004,-5.600846,-2.804254,1.0639315,2.176159,1.6653,-3.5682411,-5.020932,1.8558213,9.894875,-11.380144,0.115050286,-1.5148864,-0.3778184,-3.672685,-4.5920744,0.2808495,0.20802237,-4.982363,2.8018522,5.6171737,0.12480802,4.828453,1.9956717
OCI-Ly3,-2.0994227,-1.097698,1.1757054,-0.6417835,-0.4180964,-0.15462196,-1.5908699,-1.1303401,0.03751734,-0.2671942,2.3756773,-0.7690971,-0.99686074,-2.293847,1.5431165,0.5224951,-0.1069302,1.6541793,-0.6705819,0.1343547,-1.3458595,-1.5505557,-1.7816435,-1.905435,0.8344981,1.1510751,-0.9542361,0.76729244,-2.5363307,-2.243442,2.5479941,0.4779971,-1.2108095,0.27885345,0.8529652,0.5612491,-0.7538147,-0.18555072,2.0832338,-1.0895143,1.2131623,1.129818,1.660615,0.364335,-1.9432114,-1.5788643,-0.7313055,-0.0065706074,0.1664052,2.1314352,-0.64469534,-2.6701884,-1.102572,-2.3592517,0.5690866,0.82541734,-0.036762577,1.632839,-0.7599248,0.2695613,1.8947885,-0.50168085,1.3943683,-0.30289677,0.0140812285,0.007903021,0.38812017,0.99756354,-1.559873,-0.60165817,-1.1652025,-1.8900632,-0.85028785,1.7982488,-1.4224313,-1.4068154,-0.60781395,-0.86487305,-0.58461684,1.3530756,1.3233336,-0.57445407,-1.3014925,-1.7312975,0.9643875,1.4636463,0.9337478,-0.29585144,1.1998643,0.89026,1.7346268,-0.78640056,1.3327243,-0.592798,-0.35587043,0.056060888,1.8545799
TE 125.T,3.1237931,2.6675487,1.3479583,-1.9411173,-0.40326452,0.4933583,0.15355141,0.18493122,-0.30799952,-3.027591,0.7767448,-0.85582983,2.656248,0.8360324,0.8985791,2.2488031,1.5875542,-0.71385777,1.3741951,-2.0505757,0.47441414,2.9071755,3.078126,2.3735168,-0.259956,1.3798573,-1.0355891,1.5024427,2.227196,0.10351577,-1.0892309,-1.023048,4.4505267,-1.6069376,-1.932149,-0.13014363,1.2583907,-1.5866681,0.24251291,-2.609415,2.310396,-3.1876147,1.9651047,-1.1720374,0.42704684,4.1425147,-1.9356037,-3.1389444,1.4302026,-0.89085186,-1.2993809,3.1672657,2.6394243,0.8042292,-2.6726482,-2.0624847,-0.66989505,-0.7955604,-3.8641906,-0.6554711,-1.0069349,3.0197945,1.1729437,-0.005132079,1.4699271,-0.1421712,-2.5919204,-1.1027517,-0.93580794,2.3141453,2.5122445,0.43076283,3.3708935,-1.5618945,-2.0912998,-1.1421684,0.90196043,0.28104657,0.313615,-0.6042335,-1.5506448,0.8399813,3.9110963,-4.147618,-0.32581767,-1.6455467,0.4327947,-2.4605236,-1.6109564,-0.17608058,-0.028912392,-0.9920229,1.2772638,2.154649,0.71167356,1.4362425,0.2558229
C32 [Human melanoma],-1.9768691,-1.8500155,0.10619517,-0.588478,1.1535337,0.22902045,0.1489828,0.3777975,-0.6835795,-2.1730907,2.9164345,-0.1788298,-1.5144176,-1.3189405,-0.50228995,1.5343117,-0.29402545,0.7831853,-1.6289997,-1.2121831,-1.576502,1.1257563,-1.8183969,-0.49173385,-0.45109636,0.2193687,-2.6385565,0.1291354,-1.8356715,-0.26062346,2.079532,1.377013,1.0531256,0.7001635,0.8306665,0.2335616,-2.300351,-1.4636637,-0.0046893954,-0.0135380775,1.4972878,-0.29170394,3.0422363,0.5210182,-2.4386964,-0.101459265,-0.17983225,-0.123704985,1.2165406,0.9456154,-1.481865,0.16471499,0.44777545,-1.9752535,-0.7298801,0.6112181,-1.3429736,2.9293253,0.3673247,0.2917014,-0.7374419,0.8492577,-0.7173222,1.2579172,1.242509,-0.5082539,1.5889331,-0.17290334,-0.9534472,-0.024532495,-0.118928574,0.140567,0.716333,2.7731836,-2.7503161,-0.5865372,-0.97373253,0.49112996,0.23475562,0.17670093,-0.092847705,-0.7850689,0.063205495,-2.8345068,0.9957227,1.5638477,0.75548565,1.1393222,0.40235978,1.615713,0.27132672,-0.8491581,1.9673599,0.35411915,-0.41689232,1.1900498,2.9177291
F-36P,-0.46165818,-0.07577379,-0.22236249,0.1053005,0.16970943,-0.3248303,-0.4614234,-0.33732978,-0.5964579,-0.81047577,1.7764415,-0.23976012,-0.50177336,-0.43010738,0.16132121,0.53796196,-0.23830926,0.27280888,-0.54438967,-0.6439762,-0.6320479,0.65662515,-0.6948244,-0.32011765,0.19105043,0.12514053,-0.9434774,0.100264795,-0.65061766,-0.098373406,0.057229772,0.623424,0.3742337,0.2652972,0.6004012,0.70027035,-0.0086231455,0.121197484,0.54944193,-0.2426936,1.1672477,-0.48272234,0.7259398,-0.33745998,-1.113085,-0.00064927153,-0.26782724,-0.5169158,-0.09402028,0.64933085,-0.4439398,-0.27342018,0.42203566,-0.87578696,-0.1448181,0.23329982,-0.5715053,0.88203555,-0.63352627,0.11084909,0.094453625,0.4554546,0.44398367,0.4088246,0.40138578,-0.6151578,-0.0151725095,-0.10667953,-0.2117433,-0.017097605,-0.26949707,-0.3686599,0.12747632,1.0165055,-0.92720973,-0.72697824,-0.83140963,-0.3094224,0.021708071,0.17042378,0.049047336,-0.52943116,0.25143218,-0.8925059,0.05367416,0.4736163,0.30808908,0.13143739,0.4822222,0.21485221,0.24870595,-0.037632488,0.94239056,0.52647746,-0.20673701,-0.012566607,0.5613883
KMS-11,2.5382066,2.5074837,0.85835433,-2.0163677,0.9014011,0.85157627,0.08344867,0.105978854,-1.3359032,-3.7262814,2.0908895,-0.04288832,1.334753,0.66817194,0.45009908,2.6985867,1.5410947,-1.1966062,0.89765155,-2.640983,-0.21000955,4.189854,2.354684,2.515306,-0.92373735,1.9095001,-2.3691766,1.385463,1.8060029,0.5125839,-0.74748176,-0.11494929,4.816404,-0.76710844,-1.4159696,0.63999397,0.28261328,-1.9461399,-0.11581419,-1.6781863,3.049223,-3.998366,2.8047087,-0.7204177,-0.04435105,5.194399,-1.6445568,-3.0251672,1.9463577,-0.045196522,-1.2313884,4.333211,2.9205058,0.378019,-3.452385,-1.9252292,-1.0266662,0.29960144,-3.541446,0.38773507,-2.7603567,4.1274,0.100377016,0.5416348,1.9851395,-1.3495727,-1.8061521,-1.4292969,-1.170987,2.619122,2.0654151,1.5953697,3.4518752,0.31173,-2.5702982,-1.1955827,0.5351909,0.830395,0.80448973,-1.6893551,-1.97715,0.8747294,4.3845577,-4.918318,-0.4074885,-0.63484615,-0.06329489,-1.4016675,-1.7891651,0.1294354,0.06285073,-1.7651911,1.2533563,2.368183,-0.21470988,2.0519106,0.59718394
Mel Ho,2.4647481,2.2598317,1.3147442,-2.6183493,0.9503086,0.7279968,0.11639986,0.4611699,-1.0676732,-3.7019932,1.8636789,-0.3539713,1.2979374,0.56677574,0.65145797,2.7705455,1.6437571,-1.2260758,1.1307775,-2.8464606,-0.47074088,3.9670296,2.5288239,2.4846041,-1.1027613,1.7476385,-2.944172,1.3322585,1.4226024,0.6715587,-0.39961398,0.086369894,4.8565865,-0.89510167,-1.4570298,0.20572346,-0.10289095,-2.1876054,-0.37440735,-2.0533483,2.8035638,-3.6866703,3.4978695,-0.69629383,-0.06046827,4.982797,-2.1326206,-3.0351393,2.2306328,0.07508214,-1.6361791,4.423857,3.4031763,0.15008856,-3.4905565,-1.9062016,-0.78475666,0.63950485,-3.5681384,0.65291363,-2.4439116,4.1242347,-0.052735902,0.57901454,2.2647355,-1.3575844,-1.320056,-1.7034277,-1.6991494,2.6892216,2.4219368,1.3634838,3.6768463,0.09790903,-2.519008,-1.2332556,0.2844355,0.98669714,0.873175,-1.6245792,-2.2912335,0.69785345,4.2267194,-5.0839386,0.20174862,-0.37095886,-0.17875051,-1.477789,-2.002311,0.23331785,0.060513984,-2.2037954,1.3284287,2.5175107,-0.10980433,2.1981118,1.0377376
NCI-H2444,0.51978546,0.46021286,0.37158698,-0.76201254,0.24819392,0.06769777,0.03268165,0.19286497,-0.31197932,-1.1361529,0.70280135,-0.2999888,0.29122078,-0.012374243,0.14708236,0.87476903,0.5061635,-0.38424242,0.22909018,-0.7486903,-0.24721983,1.0703305,0.58426815,0.6283527,-0.2820236,0.38644826,-1.0483911,0.2825332,0.103890546,0.24543658,-0.007699346,0.08229334,1.4257557,-0.24062273,-0.29290256,-0.06441058,-0.16757005,-0.78194726,-0.0821623,-0.6230632,0.7733683,-0.9322461,1.373388,-0.24762757,-0.2611339,1.2352729,-0.69913507,-0.8512132,0.61917543,0.15352575,-0.719645,1.0575454,1.0620246,-0.19533758,-0.8526824,-0.38639167,-0.22750679,0.378035,-1.0178189,0.269637,-0.4760395,1.0995332,-0.045406684,0.32264796,0.7371071,-0.5762096,-0.19607231,-0.4787685,-0.6192243,0.7925614,0.6463528,0.19016646,1.0997943,0.0635472,-0.901417,-0.42124718,-0.09998035,0.15620561,0.224218,-0.22821267,-0.65101665,0.06929381,1.08196,-1.5375059,0.27053192,0.030948833,0.0167249,-0.30286574,-0.486889,0.20404285,0.05729289,-0.67760485,0.5323902,0.7331095,-0.13197455,0.5939829,0.5659468
Hs 274.T,-2.012244,-1.5669627,-1.0408561,0.3699364,1.9319619,-0.2687741,-0.23099983,-0.31422246,-1.6963532,-2.4843764,4.418272,0.104039356,-2.2754412,-1.2223805,-1.1246389,1.7009032,-1.3244406,0.9119191,-2.1683753,-2.0849135,-2.1024344,2.504786,-2.562256,-0.58613497,-0.339975,0.26487625,-3.4908278,-0.25270385,-1.4868518,0.19013,1.1367935,1.7600465,1.2897309,1.6085869,1.8499196,1.8301278,-1.3245722,-0.9182475,0.7339465,0.5481944,2.277162,-0.9536192,2.4142592,0.057459965,-3.4193377,0.1533078,0.32435504,-0.5230557,0.39995247,1.1378703,-1.2212702,0.674879,0.8557792,-2.3107312,-0.56343,1.2367085,-1.6970066,3.346448,-0.0101964045,0.67639214,-1.2653867,1.3278764,-0.33329475,2.0022314,1.0171443,-1.1488849,1.4392043,-0.33689412,-0.17367712,-0.2994688,-0.7219202,0.013009399,0.6184559,3.8322833,-3.2526188,-1.0700136,-2.1447031,-0.06351374,0.5533779,0.19846775,0.26333803,-1.1800016,0.33379972,-2.2914045,0.24237376,1.7242144,0.55233496,1.969287,1.119866,1.4232973,0.036247056,-0.65589666,2.7726257,0.912623,-0.7257087,0.6531092,2.5624275
NCI-H1944,-1.5391692,-0.6576198,0.7712568,-0.43011826,-0.1829298,-0.02014464,-1.0368569,-0.8462589,0.0569416,-0.13706023,1.4377042,-0.5790603,-0.632187,-1.566592,1.026282,0.317984,-0.20602894,1.1389521,-0.3191396,0.094637156,-0.86915296,-1.062327,-1.1197952,-1.0623513,0.44080913,0.903776,-0.6002268,0.65830547,-1.5525613,-1.586739,1.7097708,0.3135581,-0.86213267,0.17001551,0.4817041,0.36326844,-0.4377872,-0.17816974,1.4385948,-0.5750445,0.6264672,0.7494816,0.88333493,0.38357413,-1.3771484,-0.9723145,-0.38622278,0.013217874,0.11215511,1.4066544,-0.45173132,-1.6312273,-0.79941654,-1.4923073,0.3302324,0.5769385,-0.035280626,0.99966973,-0.4589014,0.19999018,1.1309754,-0.32776156,1.0299294,-0.1499018,-0.08883311,-0.0022692983,0.28953487,0.6759476,-0.87148184,-0.4505447,-0.8056182,-1.239483,-0.53641045,1.1706375,-0.93181026,-1.0535918,-0.352448,-0.5059963,-0.28664666,0.7617664,1.0161045,-0.31758332,-0.6990799,-1.16452,0.5070478,0.79545677,0.5515652,-0.20189363,0.753595,0.52268493,1.1259788,-0.5777054,0.82223,-0.43184948,-0.21518016,0.00014971569,1.2225202
A4/Fukuda,-1.8734179,-1.6117783,0.03980654,-0.1392278,0.45967567,0.13779718,-0.5471794,-0.35091615,-0.6274491,-1.5821526,2.4071035,-0.4473046,-1.084182,-1.8825014,0.358773,1.0742661,-0.34431866,1.200185,-1.4925184,-0.56191736,-1.1836718,-0.11769365,-2.065364,-1.2284766,0.21957566,0.24150275,-1.5397131,0.20842707,-1.9396662,-0.9733839,1.8892347,1.1507214,0.011585459,0.5907773,0.85533303,0.4501528,-1.5431874,-0.70831877,0.8322984,-0.07238568,1.164902,0.21441922,2.2300096,0.110299066,-1.9847329,-1.0632725,-0.30545163,-0.20339212,0.19283809,0.97475433,-1.0880635,-1.5138748,-0.17325437,-1.9084458,0.119917914,1.042649,-0.66443396,2.2188444,-0.20220841,0.15015787,0.44640598,-0.13214973,-0.05723898,0.3556144,0.38698506,-0.51491046,0.99343467,0.19056757,-0.8407439,-0.45973796,-0.60581875,-0.85180515,-0.09543451,2.440489,-2.1068034,-0.6282891,-0.7657241,-0.41297284,-0.093434595,0.52440315,0.8639746,-0.97731304,-0.7269948,-1.8381848,0.86729425,1.6464624,0.8691177,0.7418852,1.1332321,1.1928766,0.5042729,-0.34804755,1.6875986,0.06322883,-0.56308997,0.49899316,2.2692738
OVCAR-8,-0.9346925,-0.41242686,0.5655773,-0.38144714,-0.2823367,-0.4606753,-0.7524058,-0.39036745,-0.035363745,0.06780407,1.4907231,-0.557844,-0.5871756,-0.74484885,0.5229845,0.20194648,-0.066066846,0.80063736,-0.31896606,-0.19324908,-0.55425185,-0.38163194,-0.6700175,-0.6393253,0.60492253,0.55702484,-0.67320025,0.60082173,-0.9406187,-0.75323606,0.85528153,0.09366768,-0.2171589,-0.02183926,0.34728408,0.38945973,0.056259263,-0.026031686,1.0704609,-0.7652719,0.7953211,0.2991023,0.6988145,0.18089798,-0.9745664,-0.50852966,-0.39643905,-0.11731574,0.067238286,0.98597896,-0.3224838,-0.8486274,-0.14732951,-1.2121198,0.15590696,0.30598348,-0.27461246,0.8219561,-0.3919267,-0.0028277691,0.90664387,-0.07432142,0.9988603,0.22369081,0.22359641,0.032638334,0.11849734,0.5668271,-0.5728234,-0.2701692,-0.49039295,-0.72059774,-0.0865502,0.5271913,-0.6975421,-1.0800778,-0.6239835,-0.4041562,-0.22774628,0.8108717,0.51141006,-0.11147913,-0.15917753,-0.64683473,0.26287106,0.3581432,0.52503455,-0.27729926,0.6436662,0.3800695,0.7426431,-0.3485605,0.7960712,0.020258794,-0.025368951,-0.2804492,0.91440165
PE/CA-PJ15,-1.9779316,-1.0493673,1.0811234,-0.6043144,-0.40615848,-0.1705704,-1.446052,-0.98106915,0.041617032,-0.25611487,2.2225597,-0.73591757,-0.897299,-2.1215827,1.3929503,0.4699623,-0.094219126,1.5485913,-0.6904425,0.09230524,-1.2411577,-1.402151,-1.6543763,-1.7399442,0.81717974,1.0239077,-0.92901117,0.7682203,-2.364138,-2.05328,2.3847153,0.4417058,-1.0534693,0.21459919,0.783294,0.50642794,-0.7391069,-0.19066669,1.8944205,-1.0481863,1.1655825,1.0553513,1.64059,0.3142268,-1.8293914,-1.490609,-0.6821804,-0.052933387,0.17260143,1.9485273,-0.64302623,-2.4809458,-0.99297154,-2.2130914,0.52242726,0.77204186,-0.10148908,1.5356754,-0.69858485,0.21725012,1.7489592,-0.4586575,1.300194,-0.2578035,0.063256875,0.035675522,0.37565592,0.94310516,-1.4335775,-0.5472425,-1.0518415,-1.741052,-0.7622566,1.6441853,-1.3649063,-1.2981069,-0.6141536,-0.81691206,-0.5590283,1.2849107,1.2351342,-0.5069392,-1.1609168,-1.5904256,0.89006,1.3625926,0.90474194,-0.25960055,1.1549087,0.8842833,1.5685372,-0.732136,1.2976617,-0.53691965,-0.3205094,0.022845287,1.7969043
NCI-H441,6.2711554,5.211224,2.6819432,-4.208248,-0.370084,1.3717341,0.33247963,0.6591654,-1.1315666,-6.618635,1.9629489,-1.536979,4.8778343,1.0923228,2.1458292,4.9023275,3.3600082,-1.9854757,2.7298162,-4.4357004,0.29698297,6.668777,5.9224296,5.0911393,-1.0430365,2.8338776,-3.064072,2.8621624,4.0754333,0.49084675,-1.9594117,-1.7251399,9.326898,-3.3696473,-3.6651287,-0.012413038,1.5989786,-3.4577117,0.0548968,-5.2886834,4.846275,-6.8016953,5.101113,-2.3228257,1.0056483,9.148039,-4.2857842,-6.5510716,3.2508664,-1.446379,-2.57917,6.970434,6.1251845,1.4061822,-5.6322985,-3.7921538,-1.3774806,-1.3346153,-8.097209,-0.4888816,-2.8297184,7.0421724,1.6759211,-0.21178189,3.2509522,-0.8786884,-4.995313,-2.8185945,-2.619151,5.2932873,5.2382665,0.99816436,6.935651,-2.1844378,-4.3208504,-2.2040431,1.3191196,0.84717625,0.82019746,-2.2941906,-3.58052,1.8750708,8.284995,-9.024338,-0.45654705,-2.660429,0.54552585,-4.6102986,-3.419305,-0.18475397,0.1857117,-2.7173674,2.4445658,4.886964,0.905356,3.4537508,0.78137076
OVCAR-3,3.6391313,3.1039455,1.2654858,-1.9379244,-0.7619341,0.5222688,0.2719654,0.26892275,-0.16759065,-3.2733076,0.6966393,-1.0104487,3.3879158,1.1325225,0.9162971,2.4948683,1.481797,-0.4278428,1.378785,-2.1067622,0.91766995,3.0898328,3.1859024,2.6441286,-0.010022359,1.0877911,-0.5528484,1.8743905,2.861898,-0.10119083,-1.7186745,-1.600166,5.0903897,-2.2226703,-2.2441373,0.03336118,1.9613401,-1.4716647,0.25578192,-3.0019214,2.2038183,-3.3975244,1.606039,-1.466473,0.59401107,4.3270373,-2.0117562,-3.4922957,1.2895585,-1.5859829,-1.2127323,3.3350067,2.7085006,1.1882906,-2.8356698,-2.3670378,-0.79506934,-1.5065159,-4.3528953,-1.3568027,-0.74543285,2.9399369,1.6762555,-0.2096312,1.4226664,0.41001272,-3.2774596,-0.9468652,-0.49573603,2.150257,2.999135,0.5289965,3.6292865,-2.2176833,-2.429677,-1.2925498,1.3401837,0.120978,0.28833723,-0.5415226,-1.3309845,1.0858084,4.504113,-4.231334,-0.8249853,-2.3600383,0.725348,-3.1266096,-1.460365,-0.36558118,-0.14828925,-0.37403977,1.6889555,2.4398801,0.9792239,1.3672397,0.14999968
U-138MG,-2.1302068,-1.0919423,1.2097139,-0.6641967,-0.4300341,-0.15800598,-1.6284066,-1.1696376,0.05553569,-0.2607524,2.3761466,-0.77805597,-0.9975815,-2.3506198,1.5911119,0.5274505,-0.10514306,1.6872388,-0.6456195,0.1546469,-1.3625232,-1.6108942,-1.7885576,-1.9296653,0.84112483,1.1968224,-0.9494497,0.79721177,-2.5709522,-2.30419,2.5855393,0.47944757,-1.25881,0.27583084,0.85552883,0.5657816,-0.74714357,-0.19086784,2.1195312,-1.1077311,1.2110573,1.1532463,1.6560555,0.38442248,-1.9604375,-1.5924071,-0.747429,0.0032546967,0.16699794,2.1840746,-0.65502256,-2.7197495,-1.1292144,-2.3705668,0.5820653,0.82495993,-0.009402666,1.6275262,-0.7891359,0.2885589,1.9242212,-0.5163806,1.4218875,-0.3273693,-0.0028313883,0.0027171108,0.38176948,1.0116507,-1.5861455,-0.6098608,-1.1911894,-1.9315883,-0.86908835,1.8173978,-1.4144672,-1.4383776,-0.5894715,-0.8726657,-0.58827984,1.3683888,1.3557569,-0.57064694,-1.315834,-1.7609617,0.98091084,1.4863106,0.92446744,-0.32539037,1.203863,0.89258385,1.7827051,-0.80061364,1.3206108,-0.6199258,-0.3577973,0.056429297,1.8632389
AGS,-2.1071403,-1.0914063,1.1797662,-0.67847764,-0.43524528,-0.19326365,-1.5869939,-1.0737232,0.044219904,-0.23968479,2.4263518,-0.7910814,-0.9902956,-2.2371771,1.4913675,0.49462596,-0.08875299,1.6487578,-0.69949806,0.09920649,-1.3436633,-1.5148522,-1.7898462,-1.902179,0.866819,1.1275971,-0.9959361,0.7947444,-2.5491443,-2.2225227,2.5766747,0.4298658,-1.1636419,0.24173018,0.8591836,0.56109166,-0.72972745,-0.1913566,2.0687408,-1.1631339,1.2558109,1.1337193,1.7151968,0.34612417,-1.9479481,-1.584468,-0.7255082,-0.022061907,0.16885738,2.138655,-0.6283356,-2.6493392,-1.0939,-2.3853226,0.5498028,0.7950289,-0.09080872,1.6321632,-0.73448753,0.25206262,1.9276543,-0.4811977,1.4356985,-0.2610496,0.08051795,0.048130557,0.3713013,1.032559,-1.549023,-0.5984523,-1.13978,-1.8621668,-0.86101764,1.7540976,-1.4050086,-1.4096559,-0.64739287,-0.8882038,-0.5784169,1.3967801,1.3158152,-0.5221648,-1.2657675,-1.7068979,0.97617847,1.4555603,0.9628002,-0.29572847,1.2087786,0.93338,1.7262179,-0.8098028,1.3724608,-0.5760394,-0.34694764,0.016127603,1.8842096
LN-18,0.038711466,-0.017906364,0.082568154,-0.47829372,0.4699439,-0.14682394,-0.008472636,0.23970711,-0.63562953,-1.3220686,1.3847064,-0.27390397,-0.14652668,-0.24599494,-0.16422883,1.0225263,0.32677785,-0.27528846,-0.13661636,-0.8859786,-0.7317003,1.3096457,-0.08522009,0.4000969,-0.33274117,0.11606024,-1.5860052,-0.07970617,-0.34156388,0.49474794,0.26694873,0.4498048,1.3638104,0.040363587,0.19783607,0.17750162,-0.5414894,-0.93675,-0.066413075,-0.37154007,0.9635087,-0.85302174,1.8526807,-0.32173824,-0.74679214,0.8701,-0.6045306,-0.8892229,0.53565073,0.35780504,-0.8277023,0.9309854,1.2142208,-0.64775884,-0.848994,-0.04488168,-0.5107512,1.0867406,-0.7143896,0.4332798,-0.50044423,1.1524912,-0.21392302,0.6395997,0.8715666,-0.79905266,0.1968788,-0.57430595,-0.75164336,0.79003006,0.51555526,0.17658584,1.0687723,0.722937,-1.1504257,-0.42506304,-0.62017053,0.07015261,0.32528514,-0.070868745,-0.7811039,-0.11758581,0.8832045,-1.8209949,0.56010795,0.43674487,0.030995933,0.07421783,-0.19676767,0.5604451,-0.090775564,-0.6760042,1.0007609,0.8704551,-0.2612998,0.5569046,0.95968544
SALE,-1.9283911,-0.96698684,1.1176131,-0.61144024,-0.40232107,-0.16715944,-1.4866856,-1.0517955,0.055418827,-0.2030225,2.1577394,-0.7039614,-0.9021778,-2.1026888,1.4372872,0.45364663,-0.09157326,1.5269046,-0.56815726,0.13824663,-1.2343045,-1.4549217,-1.6100558,-1.7428688,0.7819759,1.0914395,-0.85515326,0.72606176,-2.3295233,-2.0902996,2.327296,0.4182293,-1.1331394,0.23632035,0.7726176,0.5268713,-0.6499687,-0.1480174,1.9251301,-1.0244508,1.0906246,1.0517198,1.4799861,0.34821284,-1.7656938,-1.44748,-0.6838622,1.2733042e-05,0.15428215,2.0030794,-0.5761922,-2.451995,-1.0296966,-2.142674,0.5225596,0.72496176,-0.007984303,1.466424,-0.7126084,0.25652385,1.7687815,-0.45841292,1.3319129,-0.28581583,0.0019620173,0.016523302,0.3328016,0.9325291,-1.441981,-0.55070186,-1.0787197,-1.7384275,-0.7879731,1.6117384,-1.258377,-1.324594,-0.5527413,-0.78373533,-0.5339997,1.2553564,1.213363,-0.49215317,-1.1749326,-1.5749453,0.875502,1.3263655,0.8421409,-0.31326133,1.0726665,0.79555404,1.618067,-0.72795016,1.1890931,-0.5574227,-0.3232119,0.040447876,1.6723057
SNU-1079,-0.2522842,-0.0083865,-1.05705,0.1494029,1.3856188,-0.21206215,0.033874616,-0.1408467,-1.9791512,-2.86335,2.9515662,-0.07218613,-0.7247183,-0.49208868,-0.84323484,1.6905603,-0.14707308,-0.03901558,-1.0087651,-1.9605417,-0.9703474,3.170192,-0.7716419,0.86455864,-0.3311341,0.14327241,-2.5045905,-0.16276796,-0.059793845,0.71538264,-0.024718,1.0691622,2.311479,0.6532546,0.6322008,1.0662289,-0.82328624,-0.7573354,-0.18706423,0.28849146,2.2835758,-2.1626427,2.0736585,-0.9143836,-1.7668514,1.6702526,-0.19738384,-1.4501328,0.5329387,0.22218283,-1.070716,1.7119536,1.6233139,-0.7416995,-1.3049994,0.29631948,-1.4659601,1.8187511,-1.0737174,0.6116581,-2.0813093,2.007069,-0.5646874,1.5683517,1.3721076,-1.8246716,-0.034344167,-0.7671135,-0.14285555,0.6694255,0.20282856,0.75944805,1.3216745,2.1304781,-2.2457104,-0.82542986,-1.6191106,0.10182591,0.73668593,-0.80066836,-0.37298936,-0.49555033,1.9346691,-2.3501112,-0.18347064,0.6232617,0.07239568,0.8874072,0.15702118,0.9847069,-0.56712365,-0.88647103,1.6240141,1.4444171,-0.7655457,0.59066886,1.3841453
JHOM-1,4.885779,4.477807,1.9360766,-3.2656946,0.12099013,1.3795296,0.121906534,0.17979965,-1.3198631,-5.528699,2.125055,-0.9925256,3.4999137,0.869366,1.6793294,4.1838045,2.956459,-1.8058374,2.1914628,-3.688403,0.27255905,5.6303444,4.309841,4.1189876,-1.0363824,2.714155,-2.6707702,2.3043513,3.1053479,0.50206083,-1.6795044,-1.0361297,7.599905,-2.3801312,-2.732056,0.21320955,1.3614357,-2.8794942,0.22217734,-3.7342951,4.188656,-5.6593814,4.228229,-1.7631856,0.75522536,7.87453,-3.4062989,-5.3737197,2.5978992,-0.8490467,-1.7775391,5.9488444,4.767894,0.95179754,-4.9198647,-2.993486,-0.99485767,-0.8119572,-6.5049415,-0.17526944,-2.8365517,5.9167776,1.172301,-0.071632855,2.606474,-1.3759683,-4.1267133,-2.092274,-2.1560996,4.2310305,3.9581175,1.2641342,5.426405,-1.2540818,-3.6683993,-1.701379,1.2284126,0.6796747,0.8984754,-2.3244708,-2.8647764,1.3828274,6.9113936,-7.475149,-0.37614098,-1.7978755,0.22397542,-3.4591687,-2.6452653,-0.14697807,0.1958118,-2.4833765,1.9378994,4.015856,0.2891956,2.9918327,0.4868796
TE-10,-2.9503179,-2.3477976,-0.38065398,0.06549303,0.841989,0.029690862,-1.1551218,-0.9635277,-1.3238242,-2.6310885,4.810825,-0.71020156,-1.9605213,-2.9073505,0.316319,1.7039433,-1.1354388,2.0272248,-2.75709,-1.4192412,-2.2058945,0.7010974,-3.4318187,-2.1173584,0.5415646,0.32647872,-3.1528604,0.29569387,-3.0443094,-1.3508694,2.7151241,1.8220767,0.120435715,1.2934974,1.8239133,1.599764,-1.9884688,-0.8476967,1.7482045,-0.3036627,2.5902534,-0.086514845,3.403215,-0.077058144,-3.777904,-1.6019707,-0.34415635,-0.58124864,0.058781803,1.9106096,-1.6424311,-2.102519,0.025601238,-3.4881387,0.13192523,1.7836293,-1.5174643,3.829863,-0.6706459,0.2985856,0.66878164,0.12442809,0.42252147,1.0012875,0.89170295,-0.91905993,1.4404922,0.3084528,-1.0257181,-0.761142,-1.3055997,-1.510452,-0.15795442,4.440862,-3.533193,-1.4334975,-1.9671311,-0.9434754,-0.11375154,0.97721916,1.5566084,-1.7478951,-0.94660497,-2.7523537,0.95639145,2.5540104,1.2456372,1.4893833,2.089109,1.986867,0.8171609,-0.68731356,3.262618,0.48592633,-1.0301477,0.37088877,3.465015
KMS-26,1.7112327,1.5196319,0.67914605,-1.0697509,-0.15103613,0.30724886,0.08336727,0.22428648,-0.28958976,-1.7012746,0.4384042,-0.27905276,1.504134,0.46701536,0.48003086,1.3441896,0.87914515,-0.4230402,0.67735547,-1.1036825,0.2479987,1.754975,1.5292897,1.2680886,-0.20864272,0.6924097,-0.63545513,0.88722736,1.3554775,-0.11712581,-0.70448446,-0.73696464,2.536248,-0.9403552,-1.1128205,0.11617224,0.6032612,-0.838504,0.003886968,-1.4210845,1.3604519,-1.8013803,1.1032072,-0.5713982,0.33786994,2.419425,-1.1175318,-1.7915773,0.8921674,-0.5321397,-0.5785494,1.8746175,1.3917732,0.4801649,-1.7144735,-1.1585681,-0.33558148,-0.52601916,-2.1407573,-0.45906052,-0.73248744,1.7950875,0.53502494,-0.16116495,0.8483101,0.057165615,-1.4604927,-0.56734234,-0.48916328,1.3337257,1.5386362,0.4127621,1.7346592,-0.7950199,-1.1713133,-0.6104799,0.6840488,0.18684623,0.20961836,-0.5603146,-0.97971916,0.5960866,2.399088,-2.3895528,-0.35994723,-0.9929434,0.29405612,-1.4635669,-0.81647605,-0.0694422,0.043610673,-0.42532867,0.7220647,1.2749531,0.26995373,1.0190122,0.04841793
BV-173,-1.94428,-0.95868886,1.0628691,-0.6208519,-0.39440462,-0.16997638,-1.4016885,-0.9816009,0.026265487,-0.20131117,2.170762,-0.7644917,-0.93314207,-2.0614002,1.3063227,0.4046823,-0.16511063,1.5549458,-0.6155669,0.033112016,-1.2082133,-1.3091904,-1.5820236,-1.6496507,0.77304703,1.0531268,-0.9504822,0.792878,-2.2589765,-1.9728018,2.330661,0.41341862,-1.053143,0.19290254,0.7511441,0.5337333,-0.6300555,-0.14105362,1.8826597,-1.01297,1.1147455,1.0243407,1.518654,0.36553717,-1.8063095,-1.4256586,-0.64175665,-0.106049344,0.15618539,1.9420925,-0.59667987,-2.3584628,-0.9549928,-2.153377,0.4998583,0.74055934,-0.15756994,1.495347,-0.68128335,0.22526741,1.6996949,-0.41075033,1.3823478,-0.17668863,0.058678497,0.052417547,0.34264338,0.88364404,-1.3715798,-0.53252435,-1.044518,-1.6831193,-0.76531804,1.5747783,-1.2827822,-1.3456935,-0.6295972,-0.7820594,-0.51804084,1.2082405,1.2217145,-0.4394324,-1.0438602,-1.4773015,0.85322905,1.2528323,0.7984385,-0.24772406,1.1330527,0.83469903,1.4982543,-0.75696254,1.2436891,-0.48554918,-0.30604595,-0.06539458,1.719963
NCI-H2405,-1.8932201,-1.0084138,1.0356479,-0.5692728,-0.36602038,-0.13127197,-1.4065988,-0.97781,0.028904758,-0.25881934,2.137873,-0.68536335,-0.89334476,-2.0548172,1.3611203,0.47848946,-0.09687756,1.4869754,-0.64412487,0.11116247,-1.2022991,-1.3810858,-1.6176044,-1.7145457,0.74241716,0.99641305,-0.87961984,0.6861681,-2.2936535,-2.0033,2.3127651,0.42602593,-1.0627763,0.24537039,0.7699775,0.4862403,-0.72877276,-0.19640441,1.8391528,-0.9783325,1.0933908,1.0111927,1.546058,0.31650227,-1.7624692,-1.4308922,-0.65267444,-0.023655333,0.16384609,1.8910034,-0.5944665,-2.4133039,-0.98519754,-2.1337028,0.51344097,0.7491242,-0.05791219,1.489099,-0.65408325,0.22658199,1.6815803,-0.44764268,1.2221967,-0.25412548,0.04290575,0.014838565,0.36706638,0.89974934,-1.4052106,-0.53696203,-1.031204,-1.6749527,-0.763802,1.6321946,-1.3145547,-1.232717,-0.55488765,-0.78667694,-0.5205823,1.217975,1.1883454,-0.51876765,-1.1777805,-1.5634588,0.87398475,1.3294818,0.8596067,-0.24211079,1.095238,0.8274195,1.5401876,-0.7072556,1.221265,-0.5298926,-0.32273123,0.057258364,1.7116566
SF126,-0.92188615,-0.3623915,0.7819754,-0.5448859,-0.30731493,-0.12399475,-0.98752314,-0.6276568,-0.013080109,-0.16006942,1.2743429,-0.3893159,-0.4787683,-1.3107136,0.9578416,0.3425327,0.099641405,0.80127484,-0.20775838,0.17921129,-0.7088282,-0.95262176,-0.71905446,-1.0059831,0.51637954,0.72706187,-0.42312637,0.40871903,-1.2669549,-1.1430563,1.1218435,0.38379082,-0.6029974,0.057182588,0.30079624,0.35592476,-0.25335497,0.067319214,1.1206439,-0.59887445,0.7414694,0.5207445,0.84561926,0.20175353,-0.85943013,-0.69491476,-0.61894,-0.20791474,0.088592224,1.2880445,-0.42302534,-1.5098583,-0.44580132,-1.1911645,0.25196806,0.28210136,0.1446637,0.8219034,-0.66848284,0.27230084,1.0146232,-0.18923405,0.71252185,-0.33549702,-0.02504208,-0.18371475,0.14031895,0.31600645,-0.9820804,-0.17870383,-0.5567416,-1.103406,-0.34380272,0.8669957,-0.61910903,-0.91368717,-0.14244105,-0.4507654,-0.46697068,0.81138575,0.47062737,-0.3149026,-0.53689164,-1.0233727,0.5453347,0.8158579,0.41208845,-0.34597915,0.55835474,0.28213242,1.0376852,-0.35284245,0.5856132,-0.22061221,-0.18736222,0.041885823,0.8273418
RERF-LC-Ad2,0.71084356,0.8338011,-0.013448007,0.012598839,-0.6048898,-0.26143444,-0.059012502,-0.04037494,-0.07355392,-0.8190749,0.80256397,-0.42931604,0.8522116,0.26419508,-0.018872026,0.6515062,0.41393986,0.025703777,0.12728563,-0.5355607,0.20769536,0.85722345,0.33707163,0.72690433,0.6024592,0.055092752,0.12564957,0.44103417,0.6873877,0.1583828,-1.1516558,-0.5485911,1.4607223,-0.879591,-0.1869001,0.31920606,0.99684805,0.2290718,0.31054518,-0.76988924,0.8627658,-0.81593615,-0.04386852,-0.8087315,-0.11636554,0.8649873,-0.43004516,-1.2386739,0.0381585,-0.2769166,-0.17310905,0.5028313,0.6180289,0.33374906,-0.66980106,-0.5910537,-0.5846526,-0.42588794,-0.96127814,-0.9508332,0.17885062,0.7699317,0.9694376,0.10692577,0.26761705,0.25511387,-1.4591675,0.023574363,0.18932071,0.3373513,0.69875455,-0.25359058,0.9768079,-0.8058561,-0.682598,-0.62380517,0.0030625165,-0.14690417,-0.019234592,0.09538979,-0.3472147,0.24147627,1.5570713,-0.9919656,-0.37809488,-0.960266,0.6065143,-1.1106919,-0.14719196,-0.14761746,-0.12127595,0.774735,0.6007881,1.0395609,0.500708,0.37186077,-0.09932735
DMS 114,-1.7342491,-1.3712125,0.28610033,-0.20126562,0.18109511,0.107355855,-0.7130269,-0.57039,-0.40254775,-1.189597,2.0878055,-0.4546978,-0.89509827,-1.8924481,0.688274,0.85449225,-0.2738189,1.2305297,-1.2157371,-0.30734912,-1.0789915,-0.54092467,-1.8470377,-1.3158449,0.30967012,0.38585895,-1.1022432,0.27684283,-1.9212745,-1.2707368,1.9291096,0.9516253,-0.34992912,0.44661403,0.7365714,0.34894124,-1.2854257,-0.5660594,1.0601866,-0.21381988,1.0278112,0.42305848,1.903296,0.1022688,-1.7832217,-1.1704998,-0.40606487,-0.1688452,0.16572273,1.0702738,-0.9307489,-1.8205131,-0.43627304,-1.8504114,0.292324,0.99591744,-0.40734532,1.8735547,-0.33580345,0.114514016,0.7721487,-0.30005005,0.20060559,0.09844163,0.23026879,-0.35084715,0.7720204,0.35805842,-0.9241851,-0.46915984,-0.64829504,-1.0221392,-0.23421398,2.1353738,-1.8320956,-0.7182944,-0.5583471,-0.51897174,-0.20655145,0.6221492,0.985204,-0.902619,-0.89172024,-1.6289935,0.8729942,1.4347161,0.8483233,0.3971686,1.1341246,0.9792905,0.73231554,-0.37664747,1.441001,-0.109982245,-0.49310157,0.37958017,1.9449952
HCC2157,-1.9297539,-0.5993625,1.3394203,-0.7550179,-0.63245314,-0.51185083,-1.8651644,-1.212716,0.049377933,0.056479808,2.5569925,-0.81956077,-0.9577443,-1.9512298,1.5105878,0.22976999,-0.24911481,1.5042057,-0.33113018,-0.02241563,-1.4277017,-1.3518968,-1.5165595,-1.7946556,1.1195993,1.2620492,-0.9268274,0.8777419,-2.318549,-2.1183355,2.0555522,0.3942372,-1.1528748,0.12863445,0.89695954,1.0667778,-0.072668836,0.45164993,2.2555964,-1.3850982,1.4117961,1.0750062,1.1276964,0.16264878,-1.7067837,-1.476969,-0.9551827,-0.22444442,0.10968447,2.4730895,-0.4097583,-2.269525,-0.88811123,-2.097422,0.3881089,0.34796274,-0.08794089,1.4173616,-0.96172696,0.32034194,2.1618764,-0.30150333,2.0135942,-0.23840103,0.03762157,0.10094608,0.0041511524,0.9673974,-1.5387645,-0.58505553,-1.2026134,-1.8499014,-0.82469606,1.2360208,-0.8615091,-1.8871384,-0.7390722,-0.7044826,-0.60246444,1.5423545,1.0033679,-0.26059654,-0.8452818,-1.4205061,0.8203842,1.2077698,0.6734788,-0.6344441,0.83588034,0.63018525,1.661607,-0.6925507,1.1407467,-0.33025104,-0.11152599,-0.22372356,1.4481059
SNU-520,-1.1938574,-1.2745304,-0.4884444,-0.43504393,1.289722,0.21919784,0.108108014,0.14070058,-1.4325197,-2.9341125,2.8953643,-0.2764961,-1.1418538,-1.338462,-0.45668674,1.78969,0.06860829,0.31797802,-1.4084786,-1.5121838,-1.2333119,1.8806474,-1.660626,-0.17794317,-0.4802611,0.11627385,-2.7879066,-0.25701648,-1.3233079,0.19815195,1.291091,1.574379,1.6223168,0.5439272,0.7081566,0.3906417,-1.9727379,-1.2550194,-0.21641253,0.3428876,1.8083161,-1.1114466,3.105949,-0.08133003,-1.8933673,0.4890414,-0.37577006,-0.73885506,0.84449995,0.5786866,-1.5796069,0.64546216,1.3174622,-1.4505903,-1.1373175,0.5815408,-1.1223099,2.8065555,-0.2739692,0.5862571,-1.224042,1.1801207,-1.1332891,1.3125472,1.1911949,-1.4025443,1.0787593,-0.51040775,-0.7630401,0.23985909,-0.008287441,0.5205146,0.8124183,2.6794622,-2.4972048,-0.39782545,-1.138946,0.3000931,0.40082014,-0.35993484,-0.20119135,-0.80770344,0.6626789,-2.8510716,0.79060334,1.7547164,0.24693087,1.2272058,0.31898713,1.4796263,-0.2841633,-0.7982619,1.8519815,0.97787833,-0.9410624,1.0201925,2.623244
GSU,-3.9394352,-2.6218636,-0.28066468,0.1378325,1.3701619,-0.081739806,-1.8348618,-1.734899,-1.5517337,-2.631539,6.2279954,-0.85709226,-2.9355736,-3.5287724,0.5793798,2.045447,-2.1364038,2.638218,-3.0181742,-1.8906398,-3.129833,0.78413373,-4.430703,-2.5787852,0.3308743,1.2412268,-3.8798811,0.53882337,-3.538161,-2.054362,3.5390987,2.2763221,-0.21127222,1.8716027,2.6721487,2.3665855,-1.8739899,-0.71145016,2.981051,-0.22466317,3.0637512,0.12792115,3.2738419,0.1810865,-5.3369913,-1.5993229,-0.15444878,-0.43178004,0.09734291,2.816128,-1.839161,-2.21665,-0.41454142,-4.467135,0.38638803,2.348394,-1.8719214,4.552889,-0.8875734,0.7140324,0.8540752,0.2851254,1.2645135,1.4006053,0.7768754,-1.0099318,1.7968467,0.4285385,-0.9603764,-1.1659828,-2.173568,-2.1789126,-0.5243678,5.7364297,-4.5034347,-2.306596,-2.6868086,-0.8185032,-0.021872709,1.25251,2.3507326,-2.1056151,-1.1849393,-3.3248954,0.77720094,2.8260126,1.3967566,1.8523203,2.5322726,2.0114336,1.6135871,-1.1315085,3.916429,0.24392208,-1.0417523,0.32826248,3.9476008
HSC-2,1.491708,1.241779,0.4589034,-0.6641026,-0.38385138,0.08796622,0.07888509,0.09342978,-0.088737756,-1.2717324,0.35581908,-0.44215143,1.3000247,0.46347797,0.4129772,1.0060674,0.6180104,-0.20384052,0.548527,-0.90303683,0.2930473,1.2642553,1.2739252,1.1185408,0.02183075,0.4835779,-0.14369136,0.61732525,1.1058457,0.052423008,-0.7387292,-0.64178026,2.0345206,-1.0442842,-0.7793291,0.0015936643,0.87934804,-0.5259453,0.20344248,-1.3262016,0.84214914,-1.3422865,0.6510797,-0.83008075,0.17361034,1.6458638,-0.8572501,-1.5316987,0.43677592,-0.5804843,-0.49888456,1.1054518,1.140261,0.4437906,-0.9210525,-0.7587007,-0.36203155,-0.6418666,-1.7531611,-0.54753935,-0.14719804,1.203327,0.75251985,-0.063249476,0.48233572,0.12888125,-1.4546938,-0.45414847,-0.33278048,0.9014518,1.1762751,-0.00020689517,1.5657245,-0.96013546,-0.9449472,-0.58846265,0.24558075,-0.065721564,0.095383056,-0.18028252,-0.55121064,0.3222199,1.772917,-1.7432119,-0.26776987,-0.9513169,0.47570366,-1.308617,-0.530887,-0.24609862,-0.047125563,-0.061768465,0.66809934,1.0989095,0.44670585,0.5579291,0.035923332
COLO 849,1.9272902,1.8293034,0.9686595,-1.8865921,0.6673655,0.5993489,0.07189454,0.2307265,-1.0002393,-3.0141277,1.6292707,-0.33409292,1.0607048,0.33377182,0.4299814,2.2109613,1.3788325,-1.0111121,0.8112516,-2.1746795,-0.2625078,3.1572278,1.9435543,2.0136034,-0.77771777,1.4089931,-2.2217872,1.0572343,1.1001712,0.5458386,-0.4512569,0.06329309,3.9057484,-0.6772821,-1.1685656,0.22599159,0.047199536,-1.7428627,-0.15055217,-1.518658,2.3075728,-2.9758725,2.7316844,-0.5943192,-0.062146686,3.994113,-1.6189227,-2.4723675,1.6255,0.054209214,-1.213316,3.4236727,2.6099656,0.08168444,-2.735152,-1.4410139,-0.61451584,0.46296945,-2.8478508,0.44550282,-1.9903172,3.2497783,0.07551656,0.48242104,1.7747039,-1.1979264,-1.2238753,-1.2130834,-1.2353597,2.155719,1.8300717,1.0830328,2.8994277,0.088372424,-2.0359383,-0.92346793,0.25798118,0.6358289,0.6639541,-1.2448663,-1.6975204,0.60273683,3.4108784,-3.9335911,0.09622205,-0.38325393,-0.14930242,-1.1234256,-1.5179121,0.20826283,-0.01527484,-1.7748212,1.0295885,1.9810791,-0.17393804,1.636548,0.736182
A-673,-2.3330057,-1.1932133,1.2976799,-0.7288739,-0.45449084,-0.189064,-1.8526744,-1.3537375,0.04399676,-0.29116404,2.6242847,-0.8838152,-1.1133999,-2.6212106,1.7754698,0.625319,-0.15211152,1.8656358,-0.69351363,0.13679154,-1.5302322,-1.7917211,-1.973385,-2.143477,0.9020689,1.3667068,-1.0023402,0.884959,-2.7926228,-2.51874,2.7879329,0.61605567,-1.36293,0.3378437,0.98825127,0.68833923,-0.7762734,-0.15516862,2.4087937,-1.1579086,1.3467685,1.2298304,1.7569003,0.4309386,-2.1451962,-1.7213948,-0.8687955,0.011486683,0.15495858,2.3936806,-0.71826744,-2.9560046,-1.2135879,-2.61032,0.61963075,0.9739968,0.025463734,1.8031398,-0.91910666,0.33136728,2.112407,-0.5713002,1.5748534,-0.42403215,-0.05976962,-0.01663842,0.3990794,1.0320224,-1.7508386,-0.660716,-1.3248835,-2.190962,-0.9349211,2.045426,-1.5920722,-1.6101229,-0.6401927,-0.8956218,-0.6546426,1.4684483,1.5087717,-0.67950916,-1.4498903,-1.9608631,1.0841327,1.6473747,0.9664013,-0.3522632,1.30227,0.9230943,1.9486308,-0.8623122,1.4512705,-0.6306142,-0.37719104,0.08607392,2.0219576
SCC-25,2.931286,2.4742923,1.0014639,-1.4054635,-1.12753,0.21206576,0.5942494,0.6290215,0.19671333,-2.9116979,0.45737892,-1.2814268,3.548733,0.56264687,0.45174238,2.3500454,1.2793653,-0.11452792,1.0567783,-1.8389285,1.2336526,2.6934981,2.522209,2.33073,0.66503114,0.5023898,-0.6385335,1.7830853,2.824212,-0.25092593,-2.3863454,-2.2466981,4.7725883,-2.6112978,-2.137058,0.08133562,2.0852795,-1.2650739,-0.22550738,-3.1236615,1.6605706,-2.3648744,1.2076082,-1.2935824,0.7186796,3.4615607,-1.8944396,-3.1914444,0.75948447,-1.6336697,-0.986911,2.9241912,2.5902627,1.466652,-2.0950763,-2.3136358,-0.80193675,-1.745092,-3.625844,-1.7547475,-0.25306195,2.5214376,1.7901827,-0.24980605,1.0497959,1.1911861,-3.3267496,-0.43983182,0.0026919395,1.568203,2.7589555,-0.02052242,3.080396,-2.76547,-1.9798928,-0.9176604,1.318678,-0.11431658,0.09839628,0.013805928,-1.050203,1.1887789,4.4195137,-3.221919,-0.9914895,-2.3108435,0.9869446,-2.7605333,-1.3216236,-0.08661113,-0.28227493,0.5013325,1.6802951,2.279565,1.0518304,1.0488873,0.27678955
HEC-108,-2.7080617,-1.8183464,1.249758,-0.9519625,-0.62745315,-0.5228883,-1.5962248,-0.26923364,0.036697727,-0.81208897,4.2148857,-1.2366244,-1.3052772,-2.4336514,1.1948808,0.8620778,0.054459073,2.0644417,-1.777106,-0.18903777,-1.852301,-1.1520811,-2.5354393,-2.4510226,1.4678658,0.6653429,-2.3842258,0.804219,-3.5311415,-2.1339383,3.488356,0.45796156,-0.56188786,-0.01401782,1.3238267,0.70173347,-1.2664572,-0.75803494,1.9806339,-2.1814947,2.43142,1.3804685,3.5887103,-0.13240777,-2.6266243,-2.1893344,-1.2049394,-0.5878905,0.47237873,2.4331803,-0.97435117,-3.351283,-0.7109195,-3.5437977,0.511489,0.9661742,-0.9351049,2.4947708,-0.58635527,0.2887377,2.4555342,-0.33669773,1.3472582,0.26870054,1.1151032,0.24864633,0.89131624,1.293708,-2.0990064,-0.44760293,-1.0384623,-2.1771917,-0.74027795,2.1247962,-2.451506,-1.4421417,-1.4160846,-1.4187862,-1.0056129,2.3236327,1.3701468,-0.8285977,-1.464052,-2.533972,1.5288559,2.0604496,1.8623847,-0.030598477,1.6705681,1.9255825,1.900809,-1.1271297,2.492596,-0.3467461,-0.49797818,-0.09668735,3.0494866
A2780,-1.9279829,-0.8079227,1.0091321,-0.5751797,-0.30239967,-0.108849384,-1.4213257,-1.1526376,0.038626377,-0.22534916,1.9909194,-0.7491702,-0.83108526,-2.0529819,1.3742993,0.4082265,-0.28199548,1.47937,-0.40383944,0.06681317,-1.1903229,-1.3471384,-1.501316,-1.4911059,0.6615875,1.1596193,-0.79359055,0.83854693,-2.063742,-2.0550685,2.1666768,0.4326681,-1.1201116,0.21544087,0.7293389,0.59264827,-0.52507997,-0.10599765,1.9462464,-0.8417789,0.9559959,0.94074297,1.1887102,0.4136501,-1.7756441,-1.3062091,-0.58158195,-0.0547693,0.12961724,1.9057716,-0.57439166,-2.148284,-0.9919821,-1.9737158,0.41533545,0.6990218,-0.047657225,1.3381561,-0.7360964,0.2899959,1.5988901,-0.3828883,1.4064041,-0.20816787,-0.107385695,-0.019587968,0.27636412,0.82150763,-1.2105255,-0.5481348,-1.0949312,-1.6729804,-0.7911699,1.5512062,-1.1437589,-1.3890902,-0.5253042,-0.65765625,-0.4198036,1.0854326,1.2590424,-0.41325063,-0.8999999,-1.5054097,0.72213346,1.1274781,0.6464584,-0.29675516,0.9718053,0.70899904,1.4898572,-0.74824363,1.0807915,-0.5270952,-0.23826042,-0.008333985,1.5630268
Hs 695T,-2.0161724,-1.0262623,1.1513441,-0.63816303,-0.39451763,-0.15495616,-1.5530189,-1.1092445,0.037187893,-0.24488243,2.2703717,-0.7443793,-0.95219994,-2.2227292,1.495359,0.51140505,-0.11311185,1.5930346,-0.60345286,0.13168351,-1.2986139,-1.5197034,-1.7062467,-1.8338636,0.78812724,1.1409401,-0.8911223,0.7483918,-2.43689,-2.1842005,2.446018,0.46129164,-1.1829679,0.25694564,0.82190746,0.5495482,-0.68880266,-0.16708049,2.0270984,-1.0425049,1.1381074,1.0919147,1.566377,0.37222254,-1.8666914,-1.5092528,-0.7095611,-0.0053879395,0.15436193,2.0678248,-0.61977357,-2.5622087,-1.076488,-2.2576663,0.5477038,0.79071337,-0.013089579,1.5405176,-0.7518794,0.28147238,1.8360641,-0.48105794,1.3696175,-0.2912486,-0.00641058,0.004307437,0.3506136,0.9442689,-1.5062696,-0.57423514,-1.1277044,-1.8237787,-0.8362481,1.7293329,-1.3507434,-1.372783,-0.5650989,-0.8129616,-0.5586115,1.2990634,1.2849497,-0.5432455,-1.241703,-1.677334,0.9249029,1.4046639,0.86689734,-0.297253,1.1387345,0.83759356,1.6895425,-0.773891,1.2620006,-0.5796924,-0.33764037,0.044141013,1.7705079
SU-DHL-1,7.2647333,6.669355,2.3298347,-3.841246,-0.80683637,1.6826124,0.3015185,0.072979994,-1.31777,-7.1472864,2.427503,-1.7136266,5.881484,1.6226999,2.3661542,5.4986563,3.7849927,-1.861379,2.9322333,-4.691919,1.0220637,7.0611067,5.9814196,5.5567517,-0.5908134,3.1950512,-2.0045319,3.418711,5.1088414,0.22495279,-3.0171235,-2.3510382,10.44051,-4.031762,-3.8973894,0.3180826,3.33575,-3.331638,0.91675663,-5.6150503,5.26924,-7.3611193,4.417846,-3.2407036,1.0248228,10.107092,-4.338381,-7.7864904,2.9787157,-2.1743205,-2.1767967,7.0952344,5.953236,1.8850844,-5.965633,-4.22725,-1.6893908,-2.358288,-9.190167,-1.48064,-2.642427,7.140653,2.71985,-0.59765553,2.8967423,-0.96113485,-6.9591227,-2.4753492,-2.07309,5.165148,5.691696,1.0477797,7.511438,-3.1319854,-5.03496,-2.5056782,2.173495,0.34113154,0.9762889,-2.477002,-3.2070382,1.98978,9.412756,-9.6331215,-1.0209012,-3.6605034,0.95091903,-5.803748,-3.0720122,-0.7587368,0.2690273,-1.9790837,2.9263856,5.49407,1.3093642,3.5781372,0.0881928
JHOS-4,-1.0111772,-0.50138634,0.17855375,-0.11077693,0.18490393,-0.12960258,-0.77923566,-0.5552986,-0.26379508,-0.28933758,1.572213,-0.24824516,-0.8234995,-0.88519055,0.40183955,0.44134903,-0.48796368,0.62875175,-0.53421175,-0.28250924,-0.8607765,-0.09115392,-1.0397748,-0.7693463,0.13608487,0.5077985,-0.8421266,0.2534541,-0.9837084,-0.7650213,0.84950525,0.44835368,-0.2593967,0.42016426,0.6849484,0.6599283,-0.26618853,0.013846399,1.0414722,-0.22712621,0.6793546,0.15412712,0.64427036,0.1161187,-1.2839341,-0.45772904,-0.16098434,-0.0885503,-0.0076550785,1.0258367,-0.3045217,-0.67893624,-0.3152445,-1.1771892,0.087957576,0.46384564,-0.29540098,1.0404335,-0.35604283,0.20455278,0.47130534,0.048917145,0.6543502,0.2145747,0.105400205,-0.22730188,0.33538276,0.24803166,-0.47090137,-0.24129789,-0.62577665,-0.7717681,-0.3142925,1.2553927,-0.97053355,-0.7890169,-0.60720026,-0.28931302,-0.10414548,0.5665375,0.5669962,-0.3515033,-0.3717836,-0.8441887,0.20416692,0.62795997,0.37483144,0.23308134,0.5522504,0.34250206,0.69507533,-0.34906602,0.8726299,-0.012679713,-0.14401782,0.07725218,0.8315948
TGBC11TKB,-2.08385,-1.0708477,1.1529918,-0.6192294,-0.40657863,-0.15667704,-1.578083,-1.1364475,0.042416412,-0.26352254,2.3204608,-0.75543344,-0.9693644,-2.2935133,1.5198799,0.51656485,-0.1112957,1.6275688,-0.64267015,0.13751386,-1.3478205,-1.5469209,-1.7654961,-1.8782535,0.8044973,1.1470387,-0.9404084,0.7577628,-2.503288,-2.2429183,2.5356224,0.47819057,-1.2145164,0.2826464,0.8663479,0.5428939,-0.73792386,-0.17308065,2.0625594,-1.0657756,1.1694381,1.1175268,1.6104578,0.36223322,-1.9168146,-1.5478446,-0.71120083,-0.0008744821,0.17938907,2.1214373,-0.6332095,-2.6404614,-1.1116521,-2.3044178,0.5606682,0.8092475,-0.020432275,1.6031553,-0.74766636,0.26588005,1.873097,-0.511902,1.3791,-0.29688564,-0.010283355,-0.009124365,0.36674583,0.9737025,-1.552225,-0.5861217,-1.1662192,-1.870186,-0.8707511,1.786806,-1.3779345,-1.3982471,-0.5752139,-0.84218395,-0.5709082,1.3137542,1.3251592,-0.5495773,-1.271531,-1.7153306,0.96978116,1.4443593,0.9002047,-0.3064919,1.1731422,0.87286806,1.7333156,-0.7820375,1.3080367,-0.5818321,-0.34713748,0.058465093,1.8219407
OAW42,4.651708,4.216456,1.6386342,-2.8777077,-0.2311921,1.1483994,0.21922688,0.12701383,-0.7588722,-4.539722,1.6449493,-0.8974335,3.505401,1.4169588,1.424067,3.5403173,2.2441847,-1.1652117,1.9417057,-3.138637,0.83118796,4.4820843,3.9144669,3.5791028,-0.64403045,2.1820104,-1.4705548,2.2857804,3.3577392,0.085526265,-1.7887064,-1.3110553,6.692216,-2.38516,-2.6875563,0.18698971,1.883052,-2.2270863,0.35965434,-3.4347396,3.4416523,-4.8114476,2.8482246,-1.6679837,0.7419328,6.614607,-2.7365963,-4.6106887,2.233205,-1.3507746,-1.4938326,4.963964,3.7363534,1.0965221,-4.2725444,-2.9034295,-0.9665913,-1.2972342,-5.7340045,-0.77195334,-2.0412366,4.645092,1.4809769,-0.13347606,2.0320914,-0.53028315,-3.8981643,-1.5115374,-1.2380571,3.1538613,3.5593781,1.3360002,4.6681714,-1.7881205,-3.2881217,-1.6668615,1.4905953,0.52301717,0.538363,-1.6895428,-2.1368847,1.302439,6.0364656,-6.171543,-0.7152812,-2.269453,0.42060286,-3.560656,-2.0986016,-0.45112607,0.08449532,-1.5799844,1.8842999,3.3090448,0.8080947,2.3452907,0.27451044
Reh,-0.33211663,-0.2027158,-0.47998393,0.09228771,0.76448923,-0.12524852,0.08048173,-0.01963545,-0.6924451,-0.9701949,1.2564753,0.123893514,-0.670815,-0.13551286,-0.46167943,0.6495323,-0.35001588,0.087791406,-0.5427839,-0.78011787,-0.5514202,1.1384765,-0.5164994,0.09908001,-0.23421764,0.08293483,-1.1060315,-0.14063185,-0.15608665,0.24231833,0.083341226,0.5281162,0.71011996,0.4428024,0.46696126,0.5351483,-0.427218,-0.23827943,-0.023416467,0.328255,0.7371367,-0.6936017,0.7200421,-0.058023334,-0.9103465,0.4136449,0.10566181,-0.32227337,0.23095088,0.25156578,-0.44460565,0.65447235,0.46675226,-0.39255506,-0.45036513,0.20065996,-0.6276567,0.9494071,-0.07203492,0.2958797,-0.8088534,0.71602064,-0.32888356,0.8070481,0.37237135,-0.61804795,0.3575418,-0.24191259,0.0016731769,0.04240506,-0.111852735,0.39423996,0.34567642,1.0914077,-0.905357,-0.33419678,-0.6764095,0.0847283,0.28650793,-0.19400129,-0.14198324,-0.22354111,0.5032119,-0.83300924,-0.05503659,0.48223674,0.05404142,0.59779346,0.09923929,0.33145395,-0.18223345,-0.22457895,0.69889516,0.3975045,-0.3137324,0.26731983,0.69298726
HCC33,-2.0758162,-1.0756445,1.1668732,-0.63894105,-0.40710804,-0.15626347,-1.5803354,-1.1273981,0.03630783,-0.26508772,2.3427634,-0.7633771,-0.9854095,-2.2744222,1.5314988,0.5177796,-0.111630954,1.6374149,-0.65909934,0.119983286,-1.3347833,-1.5308862,-1.7597865,-1.875204,0.82344323,1.1479583,-0.9455941,0.7664139,-2.505144,-2.2210827,2.5125854,0.48804584,-1.1921872,0.27551284,0.84401107,0.55918056,-0.73758113,-0.17454359,2.064391,-1.0686009,1.1991036,1.1101766,1.6318752,0.36644024,-1.9320072,-1.5559692,-0.72384596,-0.012914635,0.16287723,2.106876,-0.64567643,-2.6315043,-1.0861502,-2.3328502,0.5590261,0.8187634,-0.037691962,1.6168075,-0.763428,0.27070266,1.8663472,-0.49343285,1.3894612,-0.30255482,0.006029088,0.00034218235,0.38714737,0.97650856,-1.5350766,-0.59659386,-1.1517061,-1.8687524,-0.83873874,1.7807999,-1.4118277,-1.4034232,-0.60324484,-0.84654754,-0.57926476,1.3342757,1.3122729,-0.56590164,-1.2716017,-1.7095386,0.95093256,1.4454683,0.91655374,-0.29423124,1.1926111,0.8714432,1.7146727,-0.77934134,1.3182544,-0.5768305,-0.34599015,0.049650602,1.8315428
EWS-502,-2.0510828,-1.0639834,1.1874142,-0.679905,-0.4955628,-0.2410498,-1.5441924,-0.94468284,0.092418,-0.17540379,2.3803308,-0.784975,-0.93636346,-2.1152687,1.440911,0.42477006,-0.05121242,1.6037956,-0.6995949,0.12625216,-1.292037,-1.4672813,-1.7016907,-1.8393401,0.9360216,1.0530186,-1.0033135,0.81433904,-2.4937394,-2.1502588,2.5008798,0.3605264,-1.0956867,0.16364199,0.80385333,0.5578088,-0.711443,-0.17801952,1.9681922,-1.2305624,1.2526038,1.1470178,1.7389876,0.29629678,-1.8451391,-1.585012,-0.7192646,-0.038402736,0.19055252,2.105717,-0.6056545,-2.5990295,-1.0446556,-2.3192773,0.5372582,0.69249773,-0.13208282,1.5621034,-0.6988891,0.20986968,1.9179095,-0.470961,1.4337503,-0.24775973,0.13992494,0.088247076,0.3578837,1.0902245,-1.5376779,-0.557609,-1.0856168,-1.8072339,-0.8149205,1.6033981,-1.3424459,-1.369115,-0.68662226,-0.89592886,-0.6044439,1.4463197,1.2638667,-0.44846722,-1.2079507,-1.6243409,0.9288007,1.3938437,0.9926582,-0.32615688,1.1491882,0.9453068,1.6761745,-0.78544635,1.3344293,-0.59094363,-0.31039032,-0.026967105,1.8648045
DMS 454,-1.9972423,-1.0215164,1.1444848,-0.64017975,-0.44383755,-0.1945565,-1.5203186,-1.0128554,0.06770569,-0.195046,2.2720387,-0.74673444,-0.92467797,-2.1233377,1.447204,0.45042852,-0.0780453,1.5642112,-0.6317121,0.13266632,-1.2681823,-1.4634699,-1.6646186,-1.797115,0.8500058,1.0822965,-0.9280246,0.7673156,-2.4132543,-2.1278908,2.4206262,0.39299333,-1.1245017,0.20933276,0.7956868,0.54217976,-0.6856246,-0.16349085,1.9568832,-1.1169149,1.1697384,1.0957092,1.6063027,0.3265412,-1.8173602,-1.5154297,-0.69654715,-0.013968714,0.16733901,2.0550566,-0.5939301,-2.5314162,-1.0445085,-2.2366734,0.5283861,0.7251018,-0.066096306,1.5219465,-0.70996684,0.23498315,1.8407094,-0.4695175,1.3793631,-0.27056244,0.059895273,0.04879681,0.34361413,1.0074862,-1.4902405,-0.5549586,-1.0931786,-1.7831391,-0.8097123,1.6253239,-1.3050673,-1.3516985,-0.6183031,-0.8430448,-0.566837,1.3438765,1.2475015,-0.47896993,-1.2014104,-1.6114938,0.90407884,1.3651786,0.91731876,-0.3136829,1.1164869,0.8682414,1.6524296,-0.75608295,1.2664832,-0.57534903,-0.3205761,0.011075193,1.7721078
U-87MG ATCC,-1.6699771,-1.0588803,0.48282537,-0.2890938,0.19550851,-0.106579654,-0.94556576,-0.62536335,-0.20863391,-0.5295526,2.3135397,-0.49150193,-0.9671315,-1.4378235,0.6139549,0.7368257,-0.35367012,1.1387669,-0.9498136,-0.26331884,-1.1725264,-0.46873158,-1.6682922,-1.238254,0.27942395,0.632218,-1.34144,0.3685799,-1.8487488,-1.1683781,1.7282907,0.5943358,-0.41413152,0.5067501,0.86131114,0.58002555,-0.6386532,-0.5234355,1.4209256,-0.53590643,1.161998,0.6340867,1.5331553,0.27679306,-1.8994229,-1.0145015,-0.37080815,-0.0640006,0.12053938,1.274894,-0.62291336,-1.4724778,-0.5224403,-2.0341828,0.27344266,0.93626475,-0.36280885,1.6405978,-0.32734868,0.20169145,0.94764405,-0.21600099,0.590778,0.22769414,0.29859313,-0.10171719,0.719486,0.55073977,-0.84462976,-0.3676792,-0.6775213,-1.1039518,-0.28553084,1.7436762,-1.6391593,-0.957383,-0.7159419,-0.6155319,-0.26632947,0.9334804,0.8766919,-0.58385295,-0.83821887,-1.5029893,0.6662194,1.0183537,0.84251946,0.16399148,1.0384649,0.77771914,1.110758,-0.561933,1.4809126,-0.11409256,-0.2959653,0.18597908,1.5345795
Detroit 562,-2.115419,-1.1120938,1.173312,-0.6510631,-0.42802757,-0.18142062,-1.5896969,-1.077653,0.034409843,-0.2578918,2.451425,-0.797856,-1.0141382,-2.2509007,1.5068192,0.5155255,-0.11298903,1.6533369,-0.72434294,0.09088084,-1.3608496,-1.5010185,-1.8108357,-1.9093331,0.86145926,1.1275644,-1.0300357,0.7873572,-2.559393,-2.223503,2.5801272,0.47223577,-1.16439,0.2572634,0.8732847,0.58256555,-0.7544037,-0.1763983,2.082508,-1.1447071,1.2772202,1.1239641,1.7297859,0.3423366,-1.9835202,-1.5930622,-0.72619843,-0.025288798,0.17674878,2.1363182,-0.6490775,-2.6577613,-1.0837698,-2.4077835,0.5526346,0.8136986,-0.10406946,1.6646634,-0.7473255,0.24881467,1.9219991,-0.4871818,1.438848,-0.25543937,0.07389721,0.029498141,0.3914439,1.0284667,-1.5538446,-0.59686065,-1.1580882,-1.8688546,-0.85766554,1.7904742,-1.4467051,-1.421978,-0.6727292,-0.8791025,-0.5889371,1.3914686,1.3252153,-0.55027616,-1.2770666,-1.7265825,0.96839076,1.4649878,0.9640416,-0.28424442,1.231046,0.9259824,1.7220124,-0.8127451,1.3955568,-0.5606523,-0.3420985,0.025050856,1.9052337
VM-CUB-1,-0.97251606,-0.5100187,0.5091497,-0.25351107,-0.19261639,-0.09272807,-0.63162535,-0.41432464,0.036217846,-0.08528073,1.0738299,-0.34223294,-0.44238457,-0.9630631,0.5842217,0.21354672,-0.05114145,0.7361389,-0.37655333,0.034501947,-0.57634497,-0.6355587,-0.7866833,-0.8007582,0.39612666,0.45717227,-0.51366615,0.38942024,-1.1418375,-0.9698039,1.1640846,0.13652721,-0.47375298,0.05852998,0.36408514,0.20390572,-0.3735681,-0.10929936,0.83439326,-0.52725446,0.5367056,0.4971369,0.83003676,0.1548911,-0.90110826,-0.7240789,-0.30520305,-0.042582866,0.12298283,0.9470185,-0.32564765,-1.1716899,-0.47358048,-1.0828929,0.24536249,0.35406202,-0.09262358,0.75305736,-0.2739522,0.068539605,0.83475465,-0.20544729,0.6308321,-0.018558163,0.09884706,0.06068041,0.19243705,0.5090553,-0.6802724,-0.24935512,-0.48417744,-0.7452054,-0.3572701,0.75157213,-0.633599,-0.6348067,-0.34764123,-0.434358,-0.23800778,0.62075114,0.5740069,-0.17554323,-0.49314737,-0.73144674,0.43361455,0.62543607,0.44613045,-0.12407091,0.5858668,0.45591837,0.7367323,-0.35669932,0.6493478,-0.24459879,-0.1823287,0.013226345,0.89353776
BICR 31,-0.35310915,-0.10585874,0.44421405,-0.21395503,-0.45287138,-0.57517713,-0.31492388,-0.1662118,0.10600859,0.12497266,0.83088285,-0.4874419,-0.03462726,-0.22161801,0.20128205,0.13743685,0.13769616,0.4573404,-0.16092211,-0.07515313,-0.12468843,-0.19258134,-0.119477876,-0.22500113,0.6118608,0.30182847,-0.24916656,0.38801768,-0.44817516,-0.33560172,0.12106371,-0.19375098,0.0503177,-0.36379755,0.016849156,0.122360244,0.38131544,0.15710008,0.51973945,-0.76427555,0.4715952,0.108294085,0.19766061,-0.14712694,-0.4452243,-0.33979267,-0.44556504,-0.10865317,0.038286075,0.55072695,-0.27280375,-0.38817927,0.094521195,-0.29084736,0.09455493,-0.09883807,-0.12634918,0.14902191,-0.31101674,-0.22100645,0.86693865,-0.09569984,0.85791177,0.26281387,0.21870969,0.30104512,-0.2353027,0.5015974,-0.30677927,-0.2062592,-0.19539136,-0.22146992,0.1749646,-0.2600811,-0.1633854,-0.79575235,-0.43147516,-0.16702849,-0.2108853,0.68049455,0.18192428,0.11387372,0.25512674,-0.2745246,0.09276326,0.02804679,0.2950036,-0.57501197,0.11633751,0.16334987,0.2829533,0.04838995,0.476183,0.12836367,0.07762188,-0.290301,0.41539508
OE21,2.9325278,2.46571,0.7969858,-1.6456472,0.043563902,0.2635078,0.1996523,0.56080675,-0.8685994,-3.129029,1.3794518,-0.37084302,1.9993784,0.897224,0.58299476,2.146742,1.0401764,-0.8211161,0.7695454,-2.180255,-0.15883929,3.6176882,2.504129,2.440148,-0.54094476,1.1264689,-1.3249869,1.0341316,2.0941741,0.39445856,-1.0727215,-0.7544274,4.385854,-1.4340187,-1.3793392,0.4980879,0.7086958,-1.261362,-0.16261742,-2.4050434,2.3184433,-3.351031,2.0922797,-1.2635696,0.19364716,4.04399,-1.6453527,-3.0690873,1.4349061,-0.854938,-1.2360768,3.3227644,2.8304589,0.7537432,-2.3357203,-1.5113091,-1.2177762,-0.50466806,-3.4953434,-0.26473245,-1.3421743,3.390316,0.6919696,0.28126937,1.4144876,-0.25571418,-2.2244635,-1.3553284,-1.013958,2.2146468,2.2780933,0.8162446,3.4495108,-0.64411896,-2.1393385,-1.3537537,0.09450409,0.4470668,0.45335585,-1.1107166,-1.7188056,0.8456852,3.8996308,-4.2070084,-0.5844844,-1.2913054,0.5090189,-2.0201712,-1.457603,-0.1288628,-0.11604215,-0.9003864,1.3657496,2.477899,0.55117434,1.363451,0.51031196
CAL-54,-2.0281422,-1.0224547,1.135814,-0.60819507,-0.36516857,-0.1206444,-1.5566837,-1.1988243,0.027753562,-0.2775667,2.2027085,-0.72247934,-0.946822,-2.2965982,1.5525559,0.52595085,-0.12287589,1.6128753,-0.56195784,0.15511788,-1.311127,-1.5897627,-1.7030215,-1.8307675,0.74594456,1.1754937,-0.8437552,0.7348501,-2.4244306,-2.2167926,2.4496472,0.5135108,-1.2342763,0.30242243,0.8278612,0.5287567,-0.70832676,-0.1826814,2.0476189,-0.96391034,1.079748,1.0826133,1.487116,0.40671277,-1.8652083,-1.4959917,-0.7109262,0.015514351,0.15761778,2.066252,-0.64041376,-2.5728612,-1.1047682,-2.2151816,0.56153303,0.8299813,0.059468705,1.53918,-0.7723209,0.3073108,1.7981669,-0.5109163,1.3288554,-0.33722404,-0.08432251,-0.051639475,0.37464207,0.89007705,-1.5036094,-0.592249,-1.1338944,-1.85804,-0.8318363,1.7700367,-1.3495151,-1.3831058,-0.48294836,-0.79289067,-0.55657685,1.2426742,1.3073707,-0.5742059,-1.2487936,-1.701738,0.9366033,1.4075911,0.8224895,-0.30838206,1.1351162,0.79625565,1.7097752,-0.7499177,1.2180322,-0.58889544,-0.3540606,0.08330512,1.7370154
CAS-1,5.838375,5.2707243,2.4045482,-4.222274,0.38607436,1.5826548,0.16442168,0.29692852,-1.580469,-6.6604104,2.548745,-1.1177107,3.9561388,1.1533858,1.9954554,4.9872985,3.5069346,-2.1807287,2.6386878,-4.636233,0.13140172,6.815565,5.3208003,4.9328504,-1.430294,3.276465,-3.5327728,2.7175884,3.6883438,0.6742852,-1.8367268,-1.066218,9.092364,-2.692337,-3.2777376,0.24419804,1.3812212,-3.5323007,0.10867113,-4.483634,5.110825,-6.8601213,5.230801,-1.9703456,0.8300262,9.437223,-4.096045,-6.3217564,3.3553085,-0.8284608,-2.354082,7.3522162,5.8412623,1.0287822,-6.0924487,-3.6904612,-1.2006351,-0.6516395,-7.7120028,0.017222242,-3.5756898,7.2277045,1.1826974,0.11489668,3.242966,-1.7721258,-4.575107,-2.6679583,-2.7443788,5.105293,4.7677884,1.6712444,6.6329303,-1.3464954,-4.327914,-2.1397643,1.2937253,1.0201308,1.1065558,-2.8361073,-3.626697,1.6227564,8.190832,-9.119726,-0.26069084,-1.9720207,0.1449806,-4.0104575,-3.3262668,-0.14733678,0.22006644,-3.1743166,2.278562,4.7926874,0.32407305,3.692956,0.742075
8-MG-BA,1.5167173,1.2849079,0.75422865,-1.0474151,-0.2891342,0.2910676,0.11267961,0.2131139,-0.057293914,-1.4663827,0.30377138,-0.46806732,1.4074832,0.2932577,0.5085708,1.2139654,0.7465878,-0.35287425,0.66532844,-0.9437133,0.31015265,1.4084448,1.463608,1.1676346,-0.13689017,0.6123322,-0.5885414,0.8134664,1.1135445,-0.04592256,-0.6227842,-0.65287924,2.282541,-0.98982346,-1.0726286,-0.09293955,0.5417471,-0.7932665,-0.0074012503,-1.399548,1.0090697,-1.4836104,1.0537903,-0.5343808,0.33503073,2.0754507,-1.1251707,-1.5617805,0.7348275,-0.48033386,-0.66102237,1.6016212,1.3618891,0.37952763,-1.3204958,-1.0238498,-0.2565522,-0.53630936,-2.0020616,-0.3647949,-0.45818168,1.5089837,0.5572104,-0.16835165,0.7843941,0.08000095,-1.2590337,-0.5128028,-0.5107245,1.1753589,1.3043635,0.19520058,1.5339295,-0.82555383,-1.0393184,-0.5052603,0.5493637,0.1295724,0.15419531,-0.37182507,-0.74569416,0.46642,2.051222,-2.014398,-0.23210676,-0.8544832,0.22506732,-1.2592615,-0.76036,-0.087417796,0.06387083,-0.46920192,0.6389345,1.0890586,0.25355133,0.7711953,0.16051814
OAW28,5.682357,4.6680136,2.4718366,-3.4089568,-1.477212,0.9826512,0.25862548,0.6770244,-0.14332794,-5.3829427,0.8866507,-1.9430718,5.7220807,1.0899175,1.7576759,4.18216,2.7582886,-1.1034847,2.209732,-3.3570614,1.4613316,5.0384445,5.2117453,4.195776,-0.01735478,1.8433031,-1.7603469,2.9933357,4.480959,-0.2794944,-2.6863627,-2.8818035,8.266086,-3.5487947,-3.9257927,-0.24147485,2.5677927,-2.7715075,0.073655546,-5.1969256,3.8423116,-5.22106,3.3278978,-2.0194216,1.3855785,7.359372,-3.7722154,-5.786478,2.2703357,-2.0329688,-2.107432,5.7818418,4.6980386,1.9586308,-4.720631,-4.045368,-1.2494417,-2.2172632,-7.1738544,-2.0574577,-1.3586849,5.152258,2.4968464,-0.6810782,2.4796417,0.72430825,-5.1085024,-1.6018887,-1.1616256,4.005467,4.9892697,0.47537756,5.8320007,-3.6648955,-3.7608094,-1.7158425,2.4996998,0.41707668,0.46695635,-1.0689265,-2.4050972,1.7534727,7.3903522,-6.9445043,-1.1177751,-3.513209,1.1264604,-4.802742,-2.8802629,-0.13476762,0.027759459,-0.9798926,2.4265282,3.9435408,1.1430228,2.48844,0.29955336
NCI-H841,-2.1179602,-1.1060661,1.1747999,-0.64277005,-0.4158565,-0.16336033,-1.5969553,-1.1283675,0.033701837,-0.27759016,2.3845851,-0.77261853,-0.99461716,-2.3096654,1.5489091,0.52829885,-0.102207966,1.6608682,-0.6768183,0.13351156,-1.3562229,-1.5622563,-1.7987715,-1.9168113,0.83302504,1.1508131,-0.9636477,0.76651883,-2.55394,-2.2642915,2.580919,0.48850748,-1.215075,0.27982652,0.86041206,0.55707455,-0.7733885,-0.19913566,2.0879207,-1.094477,1.2192122,1.1382228,1.6841158,0.36356634,-1.9551829,-1.5922488,-0.73817,-0.01006227,0.17725581,2.1383026,-0.6547482,-2.6940904,-1.1120919,-2.367068,0.57368857,0.8363163,-0.042700138,1.6456062,-0.7597513,0.26544034,1.9013026,-0.5137519,1.3938928,-0.30191126,0.017802756,0.0038148346,0.38977766,0.9971676,-1.5745461,-0.6048493,-1.1602288,-1.8994414,-0.86613923,1.8223658,-1.4425291,-1.4055728,-0.6036134,-0.86926436,-0.5869699,1.355147,1.3320339,-0.57717985,-1.3108569,-1.7502373,0.98559994,1.4802849,0.93685913,-0.2957644,1.2127439,0.9053222,1.7394081,-0.79043794,1.3427048,-0.5939347,-0.35490236,0.053343,1.8806492
SW1271,1.605464,1.2942947,0.6699669,-0.8584755,-0.5203572,0.10436379,0.0592466,0.11659541,-0.028241435,-1.5054013,0.42796907,-0.7557779,1.5058893,0.35409632,0.45086342,1.1809714,0.8351385,-0.29306704,0.6765316,-1.0029753,0.33836183,1.4788353,1.6890559,1.3568699,0.13299485,0.62216,-0.3546982,0.7280202,1.2565008,0.12828845,-0.85568756,-0.83408463,2.4479556,-1.2313608,-1.0809095,-0.18509565,1.0242289,-0.6589818,0.14707434,-1.5636594,0.9936539,-1.5478743,0.87521976,-0.8013694,0.25979513,1.948242,-1.0755659,-1.778913,0.46052083,-0.5567036,-0.65762895,1.3188748,1.4827466,0.4806369,-1.0868444,-0.9577127,-0.4496392,-0.7064871,-2.0465088,-0.5336978,-0.19060946,1.4318287,0.9044029,-0.041869022,0.7398144,0.14032273,-1.54215,-0.47665462,-0.36413017,1.1039468,1.3666877,-0.09040715,1.8635278,-1.1744766,-1.0326513,-0.609038,0.3216157,-0.03986327,0.071388185,-0.04057253,-0.6592772,0.42778867,2.0628984,-2.019402,-0.21744448,-1.0833625,0.4520548,-1.3993816,-0.7543285,-0.13594416,-0.12625393,-0.19096203,0.66922766,1.1927644,0.50857365,0.5449131,0.08175976
HCC1195,3.7999513,3.3436186,1.5589466,-2.4802325,-0.265455,0.91701144,0.13344651,0.26911217,-0.52163005,-3.760977,1.0388831,-0.8759978,2.973303,0.8141674,1.4049349,2.969059,1.976951,-1.0797049,1.6796594,-2.5714388,0.4917815,3.625399,3.2670612,2.8519876,-0.6357549,1.6815058,-1.5435349,1.7140123,2.5659404,0.111313574,-1.494524,-1.1851705,5.4424934,-2.1380234,-2.1882522,0.040415123,1.3231801,-1.8609041,0.19230656,-3.127313,2.723399,-3.7613509,2.6634014,-1.4354964,0.7747145,5.3472586,-2.6330216,-3.8957787,1.8188974,-0.96149206,-1.3674588,4.0257645,3.3796337,0.78243184,-3.3492806,-2.339106,-0.5717088,-1.059482,-4.927269,-0.54907197,-1.4931496,3.8792827,1.1273751,-0.35813802,1.6411935,-0.50548536,-3.1574323,-1.3926625,-1.4931968,2.8310878,3.0738933,0.5729349,3.7746773,-1.5632343,-2.559588,-1.2821809,1.1132544,0.37976333,0.5019385,-1.4459902,-1.9190804,0.97821456,4.847069,-5.163401,-0.34596896,-1.6689534,0.3365438,-2.9084134,-1.7762191,-0.3128791,0.16430433,-1.3243884,1.4282266,2.852268,0.44546422,2.1080189,0.25829822
Hs 604.T,-2.0310354,-1.0619509,1.1381121,-0.61804885,-0.39743108,-0.14382091,-1.5411149,-1.1061684,0.03403826,-0.26128083,2.290243,-0.7384371,-0.96719325,-2.2293282,1.4991227,0.5122812,-0.1057,1.6029627,-0.64259934,0.13471124,-1.303156,-1.5105878,-1.7255535,-1.8451304,0.7966316,1.1192303,-0.9158052,0.73713255,-2.4551349,-2.1756635,2.4645557,0.4708899,-1.1791675,0.27702564,0.82504386,0.53917783,-0.7323995,-0.1823544,2.0191298,-1.0409402,1.1622179,1.0910318,1.5970157,0.36007386,-1.8820599,-1.5244578,-0.709242,-0.0026178136,0.15999292,2.062146,-0.62649894,-2.5877728,-1.0723908,-2.2818115,0.5541373,0.80770636,-0.022686686,1.5820388,-0.7385765,0.26568496,1.8280401,-0.4894975,1.3410575,-0.2977211,0.0031546988,1.7206185e-06,0.38004965,0.95584095,-1.5129575,-0.5838377,-1.1292301,-1.829877,-0.8231127,1.7499908,-1.3795834,-1.361265,-0.57643336,-0.8319935,-0.5630457,1.302163,1.2815148,-0.5630982,-1.2659241,-1.6819874,0.9352452,1.4187427,0.89830387,-0.28651398,1.1624248,0.8522183,1.6831545,-0.7580156,1.2844088,-0.5763344,-0.34870395,0.06238552,1.7906908
NCI-H1838,-1.1151503,-0.40706733,0.90823245,-0.5323838,-0.39525074,-0.3698697,-1.1093043,-0.6430293,0.050627254,0.23979616,1.4679312,-0.50691605,-0.51393294,-0.9642836,0.8204206,0.19193725,0.004196545,0.8724497,-0.11045899,0.13384302,-0.79404676,-0.8702079,-0.8370028,-1.0177952,0.58923584,0.76108956,-0.57680905,0.48705813,-1.3633195,-1.2281382,1.227677,0.02009911,-0.62365246,-0.000847619,0.46936372,0.42368135,0.059909377,0.1103766,1.3348982,-0.93631816,0.67796385,0.6320162,0.6523173,0.16494916,-1.0299618,-0.9096732,-0.40231013,0.085498005,0.028495183,1.3663096,-0.27717716,-1.3311434,-0.6489626,-1.2772322,0.23186056,0.21291822,0.06680004,0.7510263,-0.49862078,0.15821242,1.3471788,-0.30935752,1.1055609,-0.13857631,0.046391618,0.12984812,0.031953774,0.7114332,-0.9583477,-0.3008047,-0.665078,-1.0337417,-0.44131666,0.6071535,-0.5282013,-1.045863,-0.39653903,-0.48968795,-0.36106333,1.0603031,0.64804137,-0.04564072,-0.60264486,-0.8858649,0.43824995,0.5733633,0.58988136,-0.4396878,0.4649664,0.3121234,1.1644642,-0.47916424,0.6917009,-0.28009355,-0.14158785,-0.18709561,0.8678507
SNU-1077,-2.0612457,-1.0240976,1.1734047,-0.63990784,-0.38330245,-0.12593569,-1.6093805,-1.2260503,0.04108122,-0.2591525,2.2489743,-0.7369762,-0.97481483,-2.3276556,1.5929286,0.5300366,-0.12376068,1.6444601,-0.56093156,0.15739116,-1.3353624,-1.6133639,-1.7294614,-1.8657277,0.76287353,1.2143338,-0.860368,0.7554824,-2.474511,-2.264218,2.4767506,0.51805246,-1.2652799,0.30896023,0.8360547,0.55799675,-0.6981891,-0.17354469,2.0983987,-0.9964576,1.1031849,1.105156,1.4977462,0.41692966,-1.9030923,-1.5138271,-0.7273973,0.025056623,0.14661038,2.1250532,-0.6407055,-2.619086,-1.120546,-2.2678993,0.56647724,0.8320712,0.06495896,1.5644175,-0.7975956,0.32008153,1.840756,-0.5082789,1.375588,-0.3526732,-0.081672296,-0.042140726,0.37300926,0.9143347,-1.5298122,-0.6027698,-1.171164,-1.8905227,-0.8469861,1.7932017,-1.3687642,-1.42009,-0.5068847,-0.79984504,-0.5578532,1.2799056,1.3308579,-0.5810486,-1.2822281,-1.727752,0.9429553,1.4347674,0.84013516,-0.31773782,1.1475884,0.7964998,1.7524235,-0.7731469,1.2354755,-0.59989125,-0.35735938,0.08300592,1.7556667
A-375,2.310692,1.8596529,0.88090205,-1.261987,-0.5556672,0.31550333,0.21154344,0.31625766,-0.07871896,-2.0928054,0.33244818,-0.6141498,2.2271366,0.55083865,0.72252864,1.5859045,0.8960672,-0.29251328,0.80185556,-1.324721,0.4824505,2.031006,2.0636644,1.674654,-0.07209519,0.61203665,-0.52347255,1.0789759,1.8078991,-0.13502151,-1.1706029,-1.152283,3.1990182,-1.550283,-1.5082756,0.043621942,1.0366096,-0.9441591,0.09940036,-2.1506212,1.3548506,-2.03641,1.1604538,-0.97448516,0.49603486,2.7177503,-1.4390194,-2.327779,0.8769633,-0.96655464,-0.83642924,2.1249733,1.9177579,0.74488014,-1.6624467,-1.4194226,-0.4654054,-0.96605414,-2.8593326,-0.81920713,-0.44637975,2.0316865,0.9496623,-0.2523704,0.90009457,0.394115,-2.0647407,-0.6836711,-0.5807453,1.5045712,1.975853,0.13948858,2.2434309,-1.4363998,-1.4346471,-0.7680483,0.74124604,0.09469172,0.22563732,-0.42839387,-0.96812665,0.70009637,2.8749263,-2.7690806,-0.5224749,-1.3931789,0.5022846,-1.9722394,-1.007079,-0.21090186,0.017217048,-0.23769602,1.0193403,1.6193266,0.62742996,1.0028819,0.1292718
MEC-2,2.2103064,1.8517184,0.84797215,-1.1201681,-0.5409133,0.1909805,0.106631234,0.16145955,-0.08209343,-2.0336845,0.54864424,-0.8150789,2.0241058,0.50006014,0.7001706,1.5593336,1.0939628,-0.41758472,0.9263447,-1.3869338,0.3967866,1.932942,2.0779579,1.7026076,-0.0037706797,0.81585586,-0.50683755,0.96305275,1.5848604,0.11696646,-1.026416,-0.9416996,3.1135051,-1.550152,-1.2187712,-0.14108749,1.2158662,-0.953628,0.2214188,-2.0389538,1.4123846,-2.0141015,1.2492776,-1.1484673,0.2828267,2.6312177,-1.4054674,-2.3282754,0.69037527,-0.73583406,-0.845731,1.8074112,1.8923192,0.6543056,-1.49401,-1.2182783,-0.47506088,-0.8625795,-2.6879432,-0.6161822,-0.2942014,1.9361426,1.0491846,-0.07099288,0.90226346,0.08612108,-2.056265,-0.74467856,-0.55045944,1.526815,1.8062369,-0.07150173,2.4702642,-1.352713,-1.4049213,-0.861167,0.35267973,-0.0007136129,0.11444927,-0.23661263,-0.95006406,0.46924278,2.6751409,-2.7417574,-0.27038518,-1.3438655,0.60459,-1.8539146,-1.0176018,-0.21788293,-0.06554758,-0.348598,0.9042972,1.6117859,0.6238294,0.9008753,0.119554065
CAL-29,-2.0546587,-1.044685,1.1649377,-0.6440586,-0.41798323,-0.16109836,-1.578206,-1.1210836,0.056663945,-0.24037078,2.2961335,-0.75183094,-0.9641264,-2.2494447,1.5285907,0.5010537,-0.10198006,1.6203499,-0.61565155,0.14206424,-1.316604,-1.5479658,-1.7257448,-1.8577149,0.8128348,1.1537358,-0.91386,0.7646113,-2.476815,-2.2243624,2.4958687,0.45906842,-1.2091396,0.26189822,0.82929987,0.5509335,-0.7159935,-0.16912378,2.0429752,-1.0781126,1.1642593,1.1100127,1.5883545,0.36922145,-1.8889194,-1.5369582,-0.71661043,0.0065257624,0.16382967,2.1148508,-0.62330055,-2.6190305,-1.0976354,-2.284294,0.553899,0.78480244,-0.015440743,1.5729108,-0.75827956,0.27403826,1.8677459,-0.4930783,1.391453,-0.30738673,0.0017744787,0.005293518,0.3612672,0.97706187,-1.5292805,-0.5794099,-1.1529367,-1.8573215,-0.8504427,1.7388496,-1.3541965,-1.395488,-0.5728803,-0.8330484,-0.56470317,1.3223351,1.3064742,-0.53876615,-1.2640136,-1.6922742,0.94681627,1.428611,0.89244854,-0.3172523,1.1549411,0.8594768,1.7185962,-0.7774619,1.2783831,-0.5934844,-0.34058332,0.050975587,1.796722
OCI-AML-5,-2.1453266,-1.0316801,0.9547211,-0.5625632,-0.3150152,-0.13572976,-1.4629353,-1.1111187,-0.028900433,-0.36441,2.3906834,-0.83880913,-0.9695594,-2.1904092,1.3398563,0.452957,-0.37312388,1.625993,-0.7199172,-0.06714761,-1.3036917,-1.2016003,-1.7513317,-1.6795737,0.8286811,1.1009697,-1.1125219,0.9212446,-2.3119183,-2.1003864,2.4273937,0.4523448,-1.0694264,0.2425741,0.8594603,0.7049885,-0.7160282,-0.12201069,2.0446627,-0.9837916,1.2805037,0.9418182,1.5553826,0.31031126,-2.0802696,-1.5206866,-0.5767002,-0.13167155,0.12477924,2.0462737,-0.6889012,-2.3548203,-0.9924091,-2.301032,0.4356283,0.80892974,-0.27913624,1.6339263,-0.7406024,0.21568497,1.7049836,-0.32782075,1.5452429,-0.055330396,0.08392073,0.043792374,0.35964763,0.9739201,-1.2476709,-0.58801234,-1.2043284,-1.8025048,-0.84628516,1.7928228,-1.3934181,-1.4859312,-0.83478326,-0.83938843,-0.45390365,1.2261623,1.4062287,-0.514409,-0.96655685,-1.5820082,0.771302,1.2501925,0.8149542,-0.17347205,1.2010933,0.93644005,1.4797244,-0.81834924,1.3762766,-0.45181072,-0.29812953,-0.0508908,1.8813658
UACC-257,-0.5173126,-0.31729376,0.036083866,0.028423056,0.22921792,-0.060043357,-0.23611867,-0.23198976,-0.207787,-0.249316,0.8407077,-0.066678435,-0.42448854,-0.40044385,0.039010834,0.29633808,-0.30358577,0.32287306,-0.3612274,-0.22769088,-0.4268514,0.07501286,-0.59369355,-0.3205552,-0.010128701,0.18174458,-0.5130076,0.05968193,-0.4872491,-0.26102406,0.4051959,0.28029308,-0.014957521,0.26066104,0.35998306,0.30574605,-0.2090763,-0.09167157,0.4165759,-0.010620594,0.36386004,0.03893209,0.4005952,0.09652432,-0.72485477,-0.20259926,-0.07833708,-0.07016049,0.050808206,0.41087696,-0.23540393,-0.26834625,-0.102162935,-0.6384883,0.0418602,0.34340382,-0.19389723,0.6255406,-0.108866006,0.09653484,0.11572095,0.050096072,0.17283653,0.23831128,0.10202263,-0.10318338,0.26735657,0.085309945,-0.19500789,-0.12008423,-0.26216328,-0.2291805,-0.057893865,0.7178434,-0.5914654,-0.3489704,-0.35451972,-0.10239589,0.005157036,0.18979867,0.2231579,-0.22835714,-0.12396996,-0.4586227,0.10344486,0.32673627,0.20073877,0.18186831,0.33432966,0.20072755,0.26137453,-0.14189732,0.5325241,0.036239162,-0.14321485,0.1002669,0.4893081
NCI-H2029,-0.17537189,-0.11802694,-0.20339267,-0.11541836,0.66433406,-0.028036388,0.06981974,-0.025858376,-0.49462485,-0.7729457,0.9537977,0.19323589,-0.5238281,-0.04410269,-0.35842624,0.5821512,-0.10943578,-0.028392158,-0.31160048,-0.61103684,-0.48862973,0.97973084,-0.1969078,0.21241124,-0.2986888,0.25105798,-0.9760025,-0.058669016,-0.09809615,0.21260843,0.15501165,0.41487238,0.63186765,0.32046515,0.23707122,0.35494477,-0.35116914,-0.32425705,-0.052777115,0.20724818,0.5818153,-0.6466729,0.62223107,0.059827857,-0.65463203,0.54208004,0.01605314,-0.2963917,0.39065936,0.27464673,-0.3740098,0.7298717,0.43454933,-0.31282777,-0.5784871,0.029119626,-0.3969773,0.8166302,-0.0396446,0.2553205,-0.7949245,0.70884794,-0.31203386,0.65687025,0.40153068,-0.42342508,0.32152098,-0.26002464,-0.15124235,0.17004253,0.009853711,0.47895342,0.3792082,0.8720546,-0.7163904,-0.25358456,-0.38406366,0.19371349,0.26488918,-0.2164424,-0.27299714,-0.07425906,0.51494604,-0.9420283,0.030426538,0.36731678,-0.07541338,0.37777904,-0.07750675,0.2552234,-0.09768881,-0.29555136,0.5129679,0.30822688,-0.22560054,0.39418933,0.5399174
HGC-27,2.6565988,2.4547653,1.1598289,-1.8136275,-0.62428534,0.6677786,0.3154352,0.41536677,-0.11690128,-2.8926952,0.58887696,-0.85115516,2.8484535,0.098032996,1.0401027,2.3575366,1.3257282,-0.68308234,1.05959,-1.6294035,0.6505226,2.6177773,2.1203754,2.061061,-0.058548335,1.0904747,-1.0379162,1.4810933,2.176762,-0.20194739,-1.4493766,-1.51662,4.130477,-1.9368849,-1.9437102,-0.05919368,0.9452439,-1.4961898,-0.029633284,-2.544634,1.9814926,-2.3111799,1.902008,-0.9871925,0.83773077,3.8751402,-2.1727362,-3.0836825,1.1916575,-0.87792456,-1.0728593,2.9964387,2.4512606,0.812093,-2.3560898,-1.8484405,-0.43112496,-1.1364948,-3.7909002,-0.74606425,-0.73563856,2.8904696,1.0016357,-0.69825673,1.2514971,0.23748267,-2.5883358,-0.7382551,-0.8615889,2.1807623,2.381715,0.12588489,2.5341947,-1.632404,-1.9008856,-0.7472729,1.4404122,0.15847674,0.3889931,-0.8047722,-1.230962,0.9281953,4.0474634,-3.541514,-0.4550332,-1.5222195,0.458898,-2.3147922,-1.2911266,-0.02949672,0.29552972,-0.5762081,1.1372206,2.1794412,0.40998808,1.5573399,0.103775196
SNU-466,-0.8354756,-0.58227885,0.09649111,0.038382217,0.36326608,-0.061203472,-0.15410599,-0.28884366,-0.10039076,-0.21443257,1.0898726,-0.08168061,-0.6328573,-0.44072104,-0.029074717,0.35551995,-0.3837176,0.51425236,-0.5635777,-0.24783242,-0.5547485,0.07274167,-0.7143749,-0.39069566,-0.013382556,0.3159488,-0.64934653,0.200617,-0.69838816,-0.38756654,0.7142558,0.18995616,-0.12148473,0.42980373,0.41706553,0.25941488,-0.38752434,-0.3740715,0.51577306,-0.129596,0.43553945,0.22867641,0.55939394,0.23526917,-1.0608842,-0.2902396,0.0058892816,0.12347773,0.19012898,0.5234882,-0.3239012,-0.21812215,-0.2937346,-0.85656774,0.06358114,0.37469605,-0.34362423,0.9025623,0.10923108,0.12565377,0.13504964,0.060967766,0.18271445,0.44969583,0.27778518,0.110388234,0.5551714,0.24833754,-0.057316862,-0.20223278,-0.2743718,-0.22709693,0.09031926,0.8473731,-0.87679315,-0.48613,-0.37983716,-0.06234938,0.009207213,0.34800926,0.31650084,-0.20072052,-0.21427964,-0.62378484,0.08909933,0.28545588,0.38575,0.3160195,0.45558938,0.373764,0.4217437,-0.25956273,0.6976698,-0.081908815,-0.03904649,0.16930279,0.8003805
SNU-410,3.4902322,3.4529333,1.1452477,-2.7971835,1.1497982,1.0476605,-0.0018477868,0.08547125,-2.0419824,-5.330841,3.0481713,-0.4103951,1.8589845,0.5786006,0.82168007,3.8257134,2.3497314,-1.7422811,1.3301692,-3.7815385,-0.47334516,5.782271,2.9043176,3.4937565,-1.3438587,2.4111025,-3.6162844,1.583539,2.0194151,1.0207132,-1.0964206,0.053193055,6.7195396,-1.2108247,-1.7028637,0.77209556,0.43229043,-2.7996051,-0.12649578,-2.440715,4.0695324,-5.28379,4.4306736,-1.3876101,0.04667333,7.0597444,-2.5328727,-4.509495,2.4853656,0.03593384,-1.8010144,5.8434653,4.4632697,0.31020465,-4.6530805,-2.3291411,-1.1871076,0.67861485,-5.08814,0.69410354,-3.5875819,5.598984,0.092496924,0.74338186,2.642035,-2.4479313,-2.666452,-2.1117449,-2.0870898,3.6261818,3.0145066,1.8694758,4.881206,0.3905063,-3.5035381,-1.5320152,0.32557207,0.9707603,1.2921854,-2.609846,-2.6468081,0.95428866,5.9434886,-6.7586956,-0.09521747,-0.46204275,-0.20949772,-1.8652853,-2.3874338,0.27139035,-0.011787641,-2.718298,1.8736846,3.636674,-0.5925866,2.7400978,0.9526088
RCC4,-2.082762,-1.0636237,1.1852965,-0.65051746,-0.42578873,-0.16325152,-1.5996212,-1.13528,0.05118937,-0.23901698,2.3389325,-0.7627271,-0.98128575,-2.2782776,1.5483819,0.50653654,-0.1019134,1.6429703,-0.63195735,0.14435042,-1.3374774,-1.5620952,-1.7526373,-1.8880386,0.83168036,1.1663648,-0.9342838,0.77237046,-2.5165741,-2.2476137,2.523275,0.46279863,-1.2207732,0.26866445,0.84193355,0.5642191,-0.7214597,-0.17271313,2.0770113,-1.0935353,1.1865606,1.1294872,1.6156037,0.3706311,-1.9159979,-1.5622314,-0.72929883,0.003080964,0.162683,2.1422222,-0.62886214,-2.650967,-1.1055872,-2.324493,0.5633529,0.8000326,-0.017687801,1.5976013,-0.7641237,0.27596176,1.8944185,-0.49989024,1.4109709,-0.30998358,0.0031991564,0.010493647,0.3697209,0.99721044,-1.5534587,-0.59487283,-1.1633575,-1.8816016,-0.85255903,1.7658228,-1.3813952,-1.4141396,-0.5935495,-0.8525452,-0.5784293,1.348979,1.3182966,-0.5497707,-1.2851886,-1.712993,0.9538107,1.4431312,0.91438097,-0.31674865,1.1705674,0.8678221,1.7421587,-0.78649914,1.2973039,-0.5983118,-0.34879404,0.047728185,1.8200569
TOV-21G,-2.0400913,-0.9940248,1.1695409,-0.639802,-0.36803147,-0.15476257,-1.603707,-1.2222174,0.035986796,-0.27133584,2.2515554,-0.74767274,-0.9797781,-2.3036175,1.5535403,0.52695656,-0.13714637,1.6165875,-0.55068326,0.13338217,-1.3489908,-1.5599073,-1.7222326,-1.8298303,0.7428602,1.2182329,-0.8619583,0.7687899,-2.4343822,-2.2274144,2.434712,0.52814734,-1.2265736,0.29546982,0.8427438,0.5669543,-0.6506395,-0.14375305,2.0988426,-0.9771391,1.119039,1.0800434,1.474384,0.4162717,-1.8883654,-1.4824361,-0.7230692,-0.0017293543,0.14909783,2.1029189,-0.6338148,-2.5509274,-1.0911853,-2.2568183,0.5383771,0.82204145,0.045094308,1.551845,-0.8024868,0.32011688,1.816956,-0.5024655,1.3821881,-0.33636293,-0.087229565,-0.058591805,0.35904312,0.87882984,-1.5102255,-0.58917385,-1.1708293,-1.872571,-0.84550494,1.7784436,-1.341791,-1.4255362,-0.51650286,-0.7877509,-0.5522084,1.2665642,1.311799,-0.5517753,-1.2115145,-1.71212,0.9442504,1.4064126,0.81210953,-0.3183538,1.1501364,0.78402233,1.718575,-0.77143013,1.2451977,-0.5778803,-0.336638,0.060198344,1.7269795
NCI-H82,-0.4683555,-0.23738165,-0.6185767,0.107537515,1.0222428,-0.089296095,0.09928413,-0.13660942,-0.83095586,-1.2170236,1.6723872,0.18487492,-0.8893643,-0.13223165,-0.69356346,0.82071424,-0.5754166,0.15735818,-0.67596895,-1.0286062,-0.6313766,1.600596,-0.53896457,0.327798,-0.21344373,0.2325727,-1.3879104,-0.034804873,-0.0976299,0.28601456,0.0707722,0.6453243,0.94654465,0.6154959,0.5998303,0.7428454,-0.4704126,-0.3198723,-0.0665228,0.40450457,1.0387895,-0.9277109,0.78046346,0.010778956,-1.3205087,0.6958842,0.32354152,-0.3388812,0.30117777,0.29169375,-0.567234,0.9578734,0.5652735,-0.5150455,-0.54045564,0.25693226,-0.8583102,1.0930684,-0.15136059,0.4040768,-1.1460886,1.0415877,-0.2957663,1.096996,0.61480063,-0.6926775,0.45167968,-0.2925891,0.2506824,0.025364654,-0.20593806,0.50469655,0.51742464,1.5080345,-1.2255712,-0.52817637,-0.9435445,0.16509837,0.41063637,-0.23957016,-0.0664698,-0.24822456,0.7664029,-0.9516895,-0.2976614,0.38195825,0.08355367,0.7946626,0.12428169,0.44631374,-0.25072134,-0.46885306,0.81146693,0.35812303,-0.34474757,0.3367343,0.8551129
SIG-M5,-1.9203678,-0.95704657,1.0923798,-0.60120696,-0.3514282,-0.11247816,-1.4898113,-1.1376302,0.032545578,-0.26560187,2.0784824,-0.6829138,-0.8968537,-2.185219,1.4818498,0.5065614,-0.119316466,1.5348595,-0.52342147,0.15480763,-1.2348448,-1.5198901,-1.6086727,-1.733595,0.70050937,1.1234432,-0.77309895,0.7024237,-2.2967916,-2.1117039,2.3162186,0.48783013,-1.174227,0.28089827,0.76957387,0.501732,-0.6724695,-0.17725867,1.9441943,-0.90967095,1.0087074,1.0340028,1.4088094,0.39317924,-1.7660297,-1.4107647,-0.68701136,0.008557878,0.14167994,1.9622536,-0.6164219,-2.4533477,-1.047017,-2.1066453,0.5349312,0.7824019,0.06775072,1.4513994,-0.74748933,0.30459183,1.7032046,-0.4749475,1.2540327,-0.3377722,-0.0847632,-0.04820624,0.35296553,0.83189386,-1.4372581,-0.5541886,-1.0846533,-1.7642032,-0.7878253,1.6744263,-1.2911292,-1.3049468,-0.4504394,-0.7363697,-0.52065796,1.1861715,1.2416761,-0.5511139,-1.196829,-1.6258286,0.8847656,1.3514868,0.7776158,-0.29278755,1.0704812,0.75202495,1.6239455,-0.7154145,1.1485418,-0.5758585,-0.33516398,0.08828354,1.6497735
CAL-148,1.2133898,1.089205,0.06769565,-0.8370841,1.0853133,0.05564495,0.22192994,0.33784068,-1.2475015,-2.8257453,2.5676959,-0.12921616,0.11769972,0.5805851,-0.47248062,1.8499793,0.41157895,-0.5851202,0.089122936,-2.2946305,-0.7827051,3.5510578,0.9719117,1.8036039,-0.6965791,0.7078818,-2.232696,0.30873993,0.67505884,1.0347953,-0.35034448,0.5211338,3.4773853,-0.033712804,-0.079728834,0.87861884,-0.09115546,-1.3742048,-0.34984714,-0.811128,2.1867673,-2.604668,2.3815193,-0.77859074,-0.8835268,3.1763184,-0.9827019,-2.117414,1.2439287,-0.0172102,-1.1187227,2.838528,2.5168374,-0.20600173,-1.9376749,-0.70408255,-1.4355103,0.98757786,-1.8796444,0.5436608,-2.1380389,3.0375085,-0.15669227,1.3902099,1.7262368,-1.1387725,-0.44815758,-1.1609257,-0.5456882,1.5330029,1.3043954,1.1642394,2.9138722,1.0672424,-2.3952253,-1.0488492,-1.0527768,0.5494263,0.71088535,-1.041871,-1.4066616,0.24925417,2.8694937,-3.1739173,-0.20359652,-0.10689498,0.23066649,-0.31559604,-1.0225561,0.41088837,-0.5003669,-1.3143551,1.6029547,1.7628056,0.05115684,1.1511208,1.1236862
ECC12,-0.6821797,-0.18306348,0.44014132,-0.3723305,-0.38342178,-0.39218703,-0.47322235,-0.31854498,0.23013656,-0.0018918738,0.7288118,-0.36467636,-0.10830895,-0.7575214,0.34222504,0.07709096,0.08554662,0.69889027,-0.03580096,0.13751286,-0.3501088,-0.4784094,-0.31925687,-0.48788086,0.6780156,0.33363572,-0.29270566,0.48258427,-0.67165077,-0.85441023,0.46737784,-0.2529606,-0.2887903,-0.24657753,0.042376317,0.27606192,0.019653726,0.087834805,0.48613513,-0.6123419,0.4213761,0.42216855,0.43341455,0.09115122,-0.35874823,-0.59858257,-0.5290258,-0.22295535,0.10883145,0.89896,-0.25573704,-0.73922503,-0.17238343,-0.41545832,-0.05569113,-0.20028324,-0.096362695,0.38052458,-0.38624066,-0.09097694,0.7150299,0.0538029,0.76800877,0.044937775,0.15408584,0.3206584,-0.055668063,0.5766698,-0.49673143,-0.19380765,-0.26942742,-0.5964477,-0.18489873,0.016539356,-0.1784937,-0.70443624,-0.11741687,-0.35358703,-0.0862144,0.7143891,0.30235207,0.23489991,0.14463687,-0.48943472,0.23098859,0.4118014,0.19221716,-0.42101064,0.12522532,0.42054752,0.38220763,-0.09908112,0.39336315,-0.14342026,-0.015381806,-0.029937942,0.642399
NCI-H460,0.67592466,0.76065505,0.3054473,-0.5542919,-0.068868816,0.21390808,0.13295197,0.086716026,-0.001366043,-0.8138795,0.18143255,-0.16925034,0.8019789,0.15915675,0.23886368,0.664603,0.34294468,-0.08445216,0.29809088,-0.4711375,0.26934478,0.73601294,0.613029,0.59258974,-0.011605326,0.32930458,-0.25296357,0.50787455,0.65201247,-0.1925525,-0.48595202,-0.494903,1.1372298,-0.5191714,-0.6310577,0.022836657,0.30907264,-0.41597137,-0.07578936,-0.6658906,0.56931,-0.6629347,0.34988979,-0.18500464,0.22854541,1.0359691,-0.53759193,-0.8185213,0.39525837,-0.25491226,-0.31487092,0.8866427,0.5455816,0.23439384,-0.8804796,-0.617646,-0.15077509,-0.2672299,-0.99338955,-0.2670877,-0.3245654,0.7918397,0.23206495,-0.08360189,0.37947845,0.12975086,-0.5999344,-0.11319962,-0.09464834,0.40842125,0.6364937,0.31658208,0.6691138,-0.5083101,-0.53032917,-0.25371733,0.53830576,0.10679722,0.13347787,-0.2446224,-0.36836123,0.31345406,1.1831355,-1.0851344,-0.24809474,-0.52687305,0.12827957,-0.6558783,-0.2793907,-0.06007705,0.0360512,-0.0749326,0.33256918,0.54542184,0.1165606,0.40364102,0.06570144
KG-1,-2.2914908,-0.6088872,1.7370331,-1.1954695,-0.7543879,-0.6546851,-2.3690696,-1.4829113,0.13883671,0.14545217,3.057246,-1.0699979,-1.1248193,-2.3927524,1.8384107,0.2698331,-0.17408173,1.9205911,-0.2913823,-0.011689458,-1.6592127,-1.7452648,-1.7051347,-2.1456282,1.4800248,1.688518,-1.2156205,1.2136978,-2.764483,-2.5907035,2.48098,0.38568535,-1.3822609,0.08549782,0.95799977,1.2596916,0.03476909,0.54897946,2.6979408,-1.7432395,1.6975356,1.2835457,1.3505527,0.28811842,-2.0733027,-1.7600389,-1.1279862,-0.27307245,0.14505483,3.0957854,-0.5595117,-2.7048225,-1.0513508,-2.5273516,0.3713742,0.2681961,-0.09600951,1.6699448,-1.2562133,0.37916523,2.6223385,-0.2950699,2.533542,-0.34281632,0.11865787,0.09835639,0.006707253,1.2540436,-1.8137339,-0.7187686,-1.418157,-2.323399,-0.95985144,1.4011912,-0.9992021,-2.3353097,-0.879826,-0.90452063,-0.69428974,1.9509465,1.3157592,-0.19185832,-0.85923743,-1.653398,0.9375539,1.4024041,0.7575854,-0.8852651,0.97671205,0.72601086,2.048478,-0.9976665,1.3763034,-0.34862697,-0.15119898,-0.2904758,1.7257581
ACC-MESO-1,-2.4813416,-1.6806524,-0.31704405,0.42884552,1.0916883,-0.41338512,-1.3228513,-1.0666149,-1.3261665,-1.8259058,4.967151,-0.44233608,-2.2144263,-1.8438362,0.22264498,1.5926399,-1.5025648,1.4829564,-2.302765,-1.5736212,-2.3784208,1.246409,-3.314426,-1.8092985,0.22910966,0.48820502,-3.0487707,-0.098535255,-2.5246694,-0.9301101,1.8027754,1.7097704,0.26245463,1.6054796,2.1984677,2.052526,-0.882662,-0.36014935,2.0086722,-0.27539644,2.5841537,-0.08995396,2.3177838,-0.12992945,-3.78985,-0.89741117,-0.34931025,-0.416028,0.019957898,1.8855668,-1.2190502,-0.9911385,0.094594866,-3.247701,0.048366234,1.566177,-1.3640884,3.2065556,-0.696589,0.54860646,0.59166324,0.5032047,0.75826395,1.1993347,0.7085359,-0.84411514,1.2673645,0.19383886,-0.65195465,-0.71088064,-1.270429,-1.244755,-0.05292401,3.8100822,-3.2915888,-1.7664735,-2.1446638,-0.61536425,-0.025951827,0.9199601,1.1526214,-1.5656251,-0.5585596,-2.363341,0.48307207,1.9041419,1.0365691,1.2827936,1.6997962,1.295748,1.0261003,-0.58523315,3.1035836,0.71007055,-0.70753086,0.29487178,2.4144244
KMRC-20,-7.0776367,-5.766569,-1.7234378,0.5343364,4.249808,0.2464695,-1.069248,-0.90449363,-3.467807,-6.1449842,11.140085,-0.42194566,-6.0883365,-4.95858,-1.7624749,4.6776896,-3.1455045,3.4230998,-6.3912206,-4.320057,-5.5420485,3.9843204,-7.837007,-2.9804103,-0.6186082,1.1463437,-8.632177,0.15633927,-5.7027264,-1.485668,5.895089,4.6110754,1.7817241,3.9058692,4.49393,3.8437588,-5.0307817,-3.2495985,2.3513632,0.7930999,5.197409,-0.66561025,7.2730765,1.0930682,-9.346639,-1.5391126,0.6641605,-0.39846313,1.3212134,3.5215821,-3.5262432,-0.99190116,0.52040255,-7.142705,-0.48005983,3.8337603,-4.1955633,9.504539,0.92701215,1.266259,-1.6026529,1.896581,-0.74867076,4.2570815,2.202938,-1.8860369,4.4935308,-0.04077552,-1.1493382,-1.5813731,-2.456226,-1.1384546,0.5029742,10.649094,-8.784133,-2.5928352,-4.63039,-0.29665598,0.70849246,1.0050015,2.0963552,-3.355978,-0.97188693,-6.54356,1.7618761,5.423615,2.5054722,4.991325,3.4590328,4.535279,1.0560677,-1.8313617,7.35046,1.22047,-1.8725083,1.9354899,8.122853
KMS-28BM,-1.8886749,-1.2211237,0.5949643,-0.30610776,0.014098605,0.05706139,-0.8602064,-0.55495846,0.016279086,-0.4026609,1.8782235,-0.52618754,-0.91559017,-1.62799,0.76761323,0.5520578,-0.31018072,1.2534323,-0.9259595,-0.058368657,-1.0310044,-0.8472434,-1.5814209,-1.2908379,0.4072091,0.6400837,-0.9637986,0.58947337,-1.9515668,-1.5317957,2.18148,0.45042908,-0.71816397,0.31713402,0.7942133,0.31667882,-0.97107315,-0.50371337,1.3035531,-0.58993626,0.71014816,0.8670961,1.5110508,0.31339502,-1.7866793,-1.210552,-0.30237123,0.13282415,0.2386328,1.3408072,-0.5793244,-1.7115579,-0.8732035,-1.8356751,0.4512157,0.8036741,-0.34632403,1.4679439,-0.10620458,0.11516573,1.0777,-0.40457925,0.71025044,0.0032066852,0.15376265,0.108087406,0.6162492,0.7030678,-0.9079229,-0.5070156,-0.75570905,-1.2070811,-0.51563877,1.6280723,-1.4644587,-0.7806471,-0.5535078,-0.50229317,-0.2598303,0.84928155,1.099519,-0.5428997,-1.0205975,-1.3916237,0.70762795,1.0791173,0.8961801,0.17244229,0.9725467,0.8909796,1.1227847,-0.5948462,1.2362505,-0.40438437,-0.25312895,0.22057718,1.769241
KYO-1,1.6903044,1.4284215,0.7540973,-1.1187099,-0.19300677,0.3646138,0.08495046,0.23012531,-0.17519501,-1.7227572,0.4357618,-0.52104646,1.514714,0.16847275,0.65884084,1.4465864,0.94807255,-0.5240074,0.73446363,-1.1691924,0.27733186,1.6861049,1.4612873,1.344845,-0.24199975,0.65316194,-0.83333004,0.8640458,1.1623008,0.0021449924,-0.74226,-0.733989,2.560772,-1.1183267,-1.0177733,-0.047922634,0.48711267,-0.99437386,-0.07738651,-1.5211282,1.2455033,-1.6077459,1.4095122,-0.6388146,0.3883837,2.5102382,-1.3538551,-1.8647268,0.84602964,-0.3915998,-0.6795277,1.8278375,1.6237608,0.35225862,-1.5216838,-1.1026065,-0.22684357,-0.54337853,-2.3104217,-0.31673956,-0.63212526,1.8527583,0.5122532,-0.32070133,0.8542262,-0.114581965,-1.4429088,-0.6427793,-0.67537147,1.4326506,1.5307591,0.1523799,1.7556309,-0.77370656,-1.2122532,-0.5567285,0.5696579,0.19879957,0.19093126,-0.6462655,-0.92675567,0.49010152,2.3669155,-2.3272004,-0.23425671,-0.8259265,0.28331047,-1.3675756,-0.87513626,-0.008619865,0.10744389,-0.5453445,0.71573555,1.3422761,0.15543059,1.0696489,0.15690553
Hs 172.T,-2.1577544,-1.1690317,1.1913998,-0.6805041,-0.47694772,-0.21427101,-1.5832263,-0.987923,0.04404622,-0.26847917,2.5457504,-0.82359326,-1.0115134,-2.2414176,1.4925667,0.49259272,-0.08415388,1.6825832,-0.8162441,0.08650604,-1.3688576,-1.4880475,-1.8512332,-1.9533137,0.9430607,1.0668818,-1.092247,0.81882846,-2.626353,-2.2216613,2.6471071,0.43939295,-1.1165626,0.21486688,0.8815319,0.5810116,-0.8207208,-0.21265297,2.063354,-1.2364821,1.3526083,1.170156,1.8876644,0.299864,-1.9975723,-1.6640773,-0.7451564,-0.06672944,0.19615717,2.153137,-0.66462445,-2.72359,-1.0696728,-2.4817712,0.56258965,0.79873836,-0.17682585,1.7006075,-0.7197124,0.22199029,1.96714,-0.4862272,1.4424998,-0.24099815,0.15568376,0.06705808,0.41824204,1.0946985,-1.5969965,-0.5959068,-1.1364753,-1.88615,-0.8442398,1.7714165,-1.5043638,-1.4062638,-0.7385562,-0.9457264,-0.630932,1.4799017,1.3309861,-0.53468335,-1.286366,-1.7415603,0.98712176,1.5014814,1.0505753,-0.2734824,1.2618308,1.0163293,1.7205783,-0.8187802,1.4640192,-0.5744987,-0.34176788,-0.00026516244,2.0046985
QGP-1,2.9609065,2.9089148,0.8346409,-2.7776845,1.7658099,1.0823145,0.151357,0.4407464,-2.6124136,-5.9956484,3.947697,-0.1833412,1.3682504,0.4068762,0.15061678,4.317722,1.9889752,-1.9356707,0.6641816,-4.0879884,-0.7965585,6.7819757,2.4844007,3.5346138,-1.5031264,2.4282377,-4.6161466,1.5900848,2.031934,1.2976708,-0.64910674,0.37737414,7.155258,-0.73590416,-1.5140694,1.1156988,-0.43660387,-3.0649676,-0.5899166,-2.0317535,4.5624013,-5.876286,5.043201,-1.1843722,-0.58309275,7.359455,-2.2613409,-4.3407555,2.7974916,0.2223651,-2.1873734,6.6084876,4.8378654,0.12570538,-5.1235576,-2.3020225,-1.705006,1.4478792,-4.5668635,0.9604861,-4.5138907,6.1727324,-0.5106075,1.2922089,3.1141708,-2.6444278,-2.0671935,-2.339811,-1.8956537,3.8303726,2.7363405,2.5745866,5.0057154,1.4559529,-4.05508,-1.6573997,0.05755645,1.4283934,1.5232378,-2.8260362,-2.9296033,0.9753214,6.398915,-7.156077,-0.25670975,0.01298416,-0.28484297,-1.1477218,-2.5186448,0.74695075,-0.27575007,-2.9859438,2.2117145,3.818032,-0.97639894,2.8563669,1.5597705
SNU-1214,5.0707297,4.3472986,1.8632584,-2.7491965,-1.0351394,0.93168545,0.30728772,0.29942936,-0.32188147,-4.6260996,1.056359,-1.5205855,4.6090627,1.1745574,1.5963452,3.631423,2.2691708,-0.88672715,2.03422,-3.0345938,1.0844607,4.344196,4.347258,3.669749,-0.18090732,1.7570959,-1.1663232,2.4046605,3.7674105,-0.015065126,-2.3122237,-2.14804,7.039914,-3.1934342,-2.9672604,-0.041096624,2.554176,-2.1855986,0.4379927,-4.2915816,3.154241,-4.5579634,2.6745424,-2.2145052,0.8990358,6.3035603,-3.0809872,-5.1506586,1.8471543,-1.8360162,-1.6955773,4.6366906,4.054547,1.4881096,-3.8319104,-3.0928354,-0.98342645,-2.0315259,-6.245903,-1.5111092,-1.1136571,4.377449,2.1969583,-0.49046013,1.922768,0.16528879,-4.6380596,-1.508166,-1.1311139,3.3104792,4.1317325,0.37587065,5.018139,-2.875076,-3.3049686,-1.6733854,1.668081,0.16422518,0.45348015,-1.1213182,-1.9599662,1.3332502,6.2350373,-6.1038227,-0.81285995,-2.9235773,0.9313557,-4.187621,-2.1648452,-0.5562254,0.058426242,-0.8360785,2.1169333,3.5464208,1.1121687,2.1811874,0.16128719
Hep 3B2.1-7,4.59752,4.1100593,1.7855735,-3.0088196,-0.14345591,1.1951202,0.14264765,0.16786918,-0.7990442,-4.6796865,1.567902,-1.0346326,3.453566,1.0247636,1.6611179,3.6200778,2.5458345,-1.4298728,2.1083906,-3.173701,0.57558507,4.5021,3.9988818,3.523582,-0.783499,2.2897367,-1.9660612,2.164993,3.0131013,0.23376718,-1.6135908,-1.2028152,6.632296,-2.30444,-2.6046357,0.0060588904,1.5293275,-2.3783634,0.3749798,-3.5956616,3.5230782,-4.7553463,3.335967,-1.6972519,0.78866875,6.646883,-3.079091,-4.7025943,2.2217507,-0.9759412,-1.7101833,4.9926996,4.0462813,0.928424,-4.232673,-2.7980585,-0.7685653,-1.007606,-5.870713,-0.44347712,-2.0096447,4.83348,1.3009633,-0.19438858,2.0342286,-0.9253124,-3.8085961,-1.6981982,-1.7244262,3.4815514,3.548989,0.934569,4.7363677,-1.6913266,-3.13773,-1.6020676,1.3403453,0.5018962,0.6647854,-1.7489063,-2.366073,1.1431572,5.8801856,-6.336986,-0.3315927,-1.9287382,0.31840235,-3.4179716,-2.2385306,-0.43860412,0.23885633,-1.8909694,1.6989585,3.414307,0.46143588,2.565163,0.3614713
PE/CA-PJ49,2.5111659,2.2173285,1.0475903,-1.6400834,-0.17257121,0.6209993,0.10172558,0.21280438,-0.46066052,-2.5584347,0.81620634,-0.54080456,1.983466,0.5487723,0.7664614,2.0454533,1.3185189,-0.7110348,1.0511444,-1.7375158,0.37120155,2.5963967,2.2324831,1.987367,-0.3852261,1.1767831,-1.0544815,1.2133927,1.792029,0.026862293,-0.9136655,-0.7997038,3.773193,-1.3633456,-1.5722178,0.062278286,0.8033822,-1.3101265,0.077642426,-1.9848785,1.982217,-2.6946661,1.8228672,-0.82684505,0.46279243,3.7252784,-1.6508518,-2.622063,1.3228472,-0.6739875,-0.90785843,2.8270218,2.1806717,0.5820754,-2.405032,-1.6267267,-0.5248243,-0.6526695,-3.231656,-0.40539643,-1.2031391,2.7464962,0.73027176,-0.142321,1.2604597,-0.21616161,-2.0953918,-0.9310193,-0.85850316,1.9673165,2.114987,0.6301341,2.5959404,-0.9607173,-1.8285058,-0.86226666,0.8397652,0.28197202,0.3304306,-0.950034,-1.3507901,0.8149763,3.4685214,-3.5438387,-0.37232593,-1.2828467,0.2723598,-1.9386569,-1.2196065,-0.14068341,0.05880345,-0.9485446,1.0416132,1.8734381,0.36812088,1.4060982,0.22547024
SK-N-BE(2),-1.7612418,-0.8340801,0.9085146,-0.5275193,-0.33318156,-0.109696366,-1.2741742,-0.9469292,0.05777602,-0.21336517,1.8606524,-0.66502565,-0.7555472,-1.8648566,1.222118,0.3643289,-0.18399741,1.3624191,-0.4814134,0.08126188,-1.060223,-1.2222486,-1.3936536,-1.4341059,0.69132525,0.97166365,-0.7823449,0.75597143,-1.9731977,-1.860594,2.048598,0.320703,-0.985603,0.16890651,0.66412425,0.49808148,-0.58862466,-0.13927597,1.6998696,-0.8688561,0.939296,0.88044566,1.2582409,0.3261075,-1.602623,-1.2711074,-0.5329765,-0.046600103,0.1262746,1.747139,-0.5287461,-2.0824733,-0.9025841,-1.8672827,0.40094432,0.62370574,-0.078838915,1.2779545,-0.6133075,0.19361477,1.4916868,-0.34654063,1.2359462,-0.17501813,0.010264512,0.044334598,0.26769456,0.8372838,-1.1588362,-0.48708352,-0.9704531,-1.5247173,-0.7182641,1.4148343,-1.0800449,-1.1984087,-0.54166436,-0.69449854,-0.40521368,1.0679896,1.1455269,-0.38228428,-0.9171941,-1.3652804,0.7012686,1.089753,0.7100258,-0.24962494,0.93467927,0.7414242,1.3505484,-0.66610134,1.0459728,-0.49118268,-0.249549,-0.0014824979,1.5162475
SNU-840,0.5131445,0.78198,-0.39719942,0.18120229,0.08552385,-0.21186301,-0.06316018,-0.3363795,-0.54398453,-1.1288067,1.196421,-0.121224284,0.2151537,0.23399843,0.0021094866,0.7124961,0.1435312,-0.028756764,-0.1010574,-0.8172749,-0.092684165,1.3692797,0.15123771,0.7011789,0.13912728,0.26854804,-0.29173812,0.38759872,0.4004432,0.24277392,-0.77342236,0.103097804,1.3133739,-0.13255435,0.23747419,0.54578835,0.6475735,0.006048085,0.34966686,-0.37154278,1.1124487,-1.1647762,0.34434032,-0.679756,-0.59156966,1.0566822,-0.2395623,-1.1112316,0.037363168,0.016657213,-0.31552944,0.6831808,0.5737394,0.07090525,-0.55991286,-0.26841462,-0.73739403,0.044025514,-1.0708816,-0.29793233,-0.56510234,0.9930977,0.49551514,0.35412768,0.37711534,-0.52554923,-0.91142875,-0.3077515,0.0716886,0.3501991,0.30766606,0.030615669,1.0595367,0.20688611,-0.95493615,-0.66040874,-0.44905287,-0.13804404,0.2701797,-0.29497668,-0.24288382,-0.068148375,1.3211982,-1.2606709,-0.45220754,-0.44918537,0.4266894,-0.550658,-0.05831581,-0.04022465,-0.042489987,0.15935542,0.70363814,0.87784487,0.13713235,0.4041576,-0.05240526
Hep-G2/C3A,-0.72760767,-0.21968311,0.34221074,-0.1674162,-0.046759173,-0.52450264,-0.7047595,-0.39512968,-0.1786241,-0.03978509,1.6037002,-0.40782243,-0.47163245,-0.28940386,0.20377478,0.29343754,-0.30917168,0.5117019,-0.22951348,-0.34235108,-0.6836029,0.05561025,-0.7233247,-0.4459743,0.3620948,0.4140405,-0.68128073,0.2304918,-0.6642939,-0.38765496,0.48509878,0.114147596,0.07296795,0.13796261,0.59655166,0.5737471,0.29641342,0.14824778,0.9948522,-0.61920154,0.92021334,0.06723367,0.3711772,-0.07209117,-1.0999315,-0.35214257,-0.2550437,-0.08217128,-0.037211567,0.7333431,-0.33910447,-0.40394667,-0.042440526,-0.9899676,0.026851406,0.19814977,-0.2553672,0.71782666,-0.41556716,0.099594645,0.7757004,0.08736627,0.833136,0.38914174,0.2463642,0.06944966,0.016712802,0.3136563,-0.2622047,-0.23115925,-0.4064441,-0.57298714,0.04455591,0.51711696,-0.75476456,-1.0033156,-0.72966886,-0.16571169,-0.16604862,0.8327514,0.29635143,-0.14755557,-0.0881118,-0.6544524,0.05271907,0.07986379,0.48045576,-0.23488644,0.41743302,0.17052983,0.58443546,-0.18369475,0.8964645,0.24646613,0.061706252,-0.17047301,0.62029076
T.T,1.503081,1.213864,0.5057426,-0.5516604,-0.6590771,0.32433656,-0.024814365,0.3629699,-0.41011557,-2.0282383,0.66270745,-0.40936744,2.0620131,-0.24252608,0.4294439,1.553019,0.8350974,-0.59472203,0.29762083,-1.0740516,0.3280941,2.1582437,1.0568887,1.5632133,0.108170986,0.6019931,-0.6976581,0.8597214,1.3841594,0.001695618,-1.1351677,-1.1582879,2.8455608,-1.4902118,-1.1090026,0.2890391,0.35874453,-0.93250054,-0.092566356,-1.731336,1.492867,-1.5841076,1.5598882,-1.1106886,0.7144872,2.6393642,-1.4552937,-2.3593154,0.6805263,-0.5563859,-0.47955537,1.8848077,1.8106531,0.6501142,-1.2657579,-0.8012114,-0.67311954,-0.8310326,-2.3816059,-0.7694174,-0.6876036,2.182085,0.64374906,-0.51514506,0.8947234,0.26353386,-2.052672,-0.5572511,-0.5583321,1.6281652,1.7537737,-0.0062691346,1.9917291,-0.86746275,-1.4054728,-0.46058804,0.60978425,-0.047150686,0.26077792,-0.9092708,-0.8486796,0.735947,3.0554311,-2.529433,-0.5456958,-1.1575521,0.6427311,-1.4428003,-0.85508054,0.17273663,0.19220518,-0.23775351,0.80204195,1.9322834,0.28923914,1.1687726,0.09107359
PK-1,0.08750181,0.17406374,0.15298375,-0.14490536,-0.20562863,-0.29936257,-0.09831831,-0.035961024,0.0078115347,-0.013710499,0.29814926,-0.23286946,0.16607603,0.15458114,-0.01370316,0.1277755,0.06806744,0.10265041,0.14980179,-0.10001701,-0.01594683,0.06888895,0.16109069,0.050776105,0.23219456,0.08077888,-0.034964114,0.104611725,0.056690335,-0.10070542,-0.17612703,-0.24083886,0.30114788,-0.29795966,-0.027478104,0.025920032,0.41510665,0.16929296,0.18115143,-0.39123484,0.20659262,-0.120202586,-0.08008376,-0.21183006,-0.18920179,-0.035543893,-0.1535025,-0.16424583,0.03307928,0.06251061,-0.16669986,0.020229809,0.12538159,0.030086111,-0.10960339,-0.21312651,-0.06992209,-0.0681348,-0.2097195,-0.14907965,0.37991437,0.023451012,0.42979258,0.19425288,0.1125558,0.1716457,-0.2863089,0.13422197,-0.046411645,-0.019152867,0.08200004,-0.09360729,0.21009997,-0.38020983,-0.05864844,-0.40929377,-0.19184028,-0.04128316,-0.11914424,0.45368326,-0.019269694,0.15221247,0.29687333,-0.2502352,-0.052827694,-0.24250352,0.16037539,-0.4065827,-0.07688704,-0.07726188,0.034574483,0.13164954,0.2315832,0.14930181,0.16670206,-0.12296894,0.09733214
HLF-a,-2.0589526,-1.0518967,1.1638465,-0.6328046,-0.36726627,-0.11946782,-1.590491,-1.2067751,0.042221293,-0.26891297,2.2112463,-0.72605234,-0.9666411,-2.3356647,1.5892278,0.54127944,-0.11716887,1.6531951,-0.5739955,0.16172168,-1.3217092,-1.6307386,-1.7344784,-1.8516394,0.7387649,1.1881493,-0.8344229,0.74994224,-2.4688733,-2.247825,2.4871926,0.5434313,-1.2435652,0.3105834,0.8313185,0.51907223,-0.73545307,-0.2129377,2.074321,-0.9681088,1.0631533,1.1159198,1.5274155,0.42395616,-1.9081593,-1.5204161,-0.7163557,0.033363894,0.15130389,2.069695,-0.674549,-2.617625,-1.1234324,-2.2642975,0.5873859,0.8659298,0.073778555,1.5684903,-0.79041696,0.32802856,1.8101768,-0.5259292,1.3215871,-0.37470028,-0.09489478,-0.057404816,0.40700334,0.8865345,-1.5241315,-0.5956652,-1.1497152,-1.8960981,-0.8304086,1.7932773,-1.4199635,-1.3789097,-0.48023015,-0.78036577,-0.57414323,1.2713405,1.3375293,-0.59220654,-1.2959341,-1.7308437,0.9433515,1.4478024,0.84519106,-0.2923576,1.1637574,0.81108207,1.7460939,-0.7687721,1.2469906,-0.6203579,-0.35624108,0.09615141,1.780525
ACHN,3.9169087,3.9474523,0.5042225,-3.9166377,3.9289684,1.0545099,0.40342355,0.4527741,-4.7660084,-9.672183,7.430822,0.2191398,0.61453897,0.8324959,-0.588941,6.5902915,2.6599865,-2.780157,0.4942768,-7.1354976,-2.4087532,11.396383,2.9603717,5.317648,-2.7844167,3.3975587,-8.3935,1.5025477,2.3708358,2.7510839,-0.8171257,1.901936,11.015588,-0.009645112,-1.2411021,2.4812624,-1.0189594,-4.8482804,-0.96810156,-2.3572512,7.3377757,-9.107424,8.198902,-1.8407553,-1.9828117,11.019093,-3.1009345,-6.73687,4.502013,0.88371676,-3.5759983,10.60809,7.9211545,-0.30905387,-7.802131,-3.051651,-3.392321,3.7793193,-6.6062937,2.142033,-7.8076496,9.817558,-1.322045,3.4346611,5.073172,-4.9875774,-1.9889512,-3.9254258,-3.0869544,5.5752892,3.883441,4.335954,7.973805,3.6800468,-6.97601,-2.7503312,-1.2927532,2.3354847,2.7457469,-4.2941184,-4.6471043,1.0454746,9.47564,-11.22673,0.0037069004,1.2031362,-0.8288455,-0.60544086,-3.8040352,1.4541281,-0.86691535,-4.978577,4.2055683,5.9997115,-1.675901,4.3707,3.073359
TC-32,-2.071157,-1.0569656,1.1817298,-0.64788,-0.4239001,-0.16237983,-1.5909271,-1.1285276,0.05432296,-0.23851553,2.3186562,-0.7553983,-0.9739558,-2.2679057,1.5419707,0.50146455,-0.09771756,1.6347177,-0.62548643,0.14602824,-1.3271668,-1.5573808,-1.7413023,-1.8762379,0.8289723,1.1582333,-0.9235174,0.76613647,-2.5024536,-2.239632,2.5104084,0.45713603,-1.2160058,0.26591638,0.8358737,0.55654913,-0.72170144,-0.17424569,2.0610359,-1.0868973,1.1738573,1.1262215,1.6053054,0.37134022,-1.900698,-1.5546262,-0.72412527,0.002834957,0.16358998,2.1311767,-0.62415266,-2.6412807,-1.1022278,-2.3083909,0.56251466,0.7928914,-0.01525097,1.5868838,-0.7576583,0.27535537,1.8813752,-0.49674198,1.3983355,-0.312399,0.00010824576,0.008495703,0.36986735,0.9933677,-1.5466262,-0.59193885,-1.1571395,-1.872582,-0.84874445,1.7519606,-1.371439,-1.4029962,-0.5861083,-0.8496714,-0.57597476,1.3402421,1.3117108,-0.5457764,-1.2775575,-1.702701,0.95090276,1.4385382,0.9095818,-0.31580514,1.1624407,0.8647515,1.7344269,-0.7795223,1.2860291,-0.5992097,-0.3458105,0.049477123,1.8066593
NCI-H524,-0.7484728,-0.12200394,0.86602074,-0.5947531,-0.4801814,-0.6143785,-0.6779601,-0.33667833,0.20437367,0.26847154,0.85642815,-0.37895724,-0.075442426,-0.66678274,0.5444132,0.030086752,0.23119006,0.8000554,0.23916306,0.30991372,-0.450393,-0.81580764,-0.33880258,-0.66479063,0.7003618,0.47813314,-0.27471426,0.3417366,-0.8090067,-1.08517,0.7254001,-0.34326866,-0.42347297,-0.26628807,0.08442095,0.16898446,0.24439135,0.0758321,0.7744384,-0.87503564,0.20821354,0.72760946,0.2711411,0.118801616,-0.57043284,-0.7510448,-0.4506463,0.01860018,0.2061745,1.0571796,-0.30010784,-0.85189414,-0.3593299,-0.514388,0.17818105,-0.27031153,0.1473617,0.24841635,-0.4185878,-0.0071277376,1.0412772,-0.21907164,0.9472657,0.0399744,0.024355192,0.23512803,-0.13178389,0.70400214,-0.8286278,-0.31659955,-0.39042294,-0.7154405,-0.29866606,-0.2085815,-0.22424687,-0.94515425,-0.09045704,-0.2792659,-0.23921907,1.12538,0.3346715,0.3035997,-0.09187098,-0.60811657,0.33254114,0.4191203,0.2868487,-0.64762545,0.041773368,0.24992764,0.7689504,-0.2287789,0.44138458,-0.42235333,-0.02873911,-0.24912557,0.66411984
YH-13,-1.3027688,-1.3192251,-0.05796647,-0.4103269,0.4256199,0.20057094,-0.0055553075,0.122175194,-0.6698808,-2.0351212,1.8333032,-0.4475885,-0.6035712,-1.5213948,0.12341362,1.12734,0.13572809,0.6352542,-1.1315647,-0.64858264,-0.72326505,0.43733758,-1.3992239,-0.49248606,0.11560371,-0.032069977,-1.616077,0.18285468,-1.3773897,-0.32915938,1.4412925,0.9492795,0.7886298,0.11322003,0.3921549,-0.006424495,-1.8535203,-0.89253336,0.02122517,-0.067177705,1.1840603,-0.21382302,2.5698366,-0.05692537,-1.3635486,-0.37679932,-0.46104953,-0.43992713,0.50191534,0.56428105,-1.3001946,-0.5544963,0.50740564,-1.2570515,-0.5209496,0.5758879,-0.6312752,1.96796,-0.19062108,0.17236368,-0.11653034,0.42616552,-0.5983849,0.40705803,0.8599302,-0.61284935,0.80669785,-0.0913057,-0.7659602,0.015857032,-0.06669489,-0.22884117,0.2488401,1.8803735,-1.7981101,-0.23860347,-0.6654516,-0.11070688,0.039891593,0.13440801,0.25928468,-0.6547553,0.02871047,-1.9074687,0.80875653,1.346866,0.5060787,0.67532253,0.55319417,1.3266433,0.013641817,-0.48729557,1.2369215,0.34255207,-0.56596404,0.7131247,2.26226
AZ-521,-2.137326,-1.1102536,1.2034748,-0.67610383,-0.45645827,-0.17541221,-1.6092888,-1.1074078,0.049701348,-0.2432746,2.4380085,-0.7955371,-1.006644,-2.3001494,1.5411655,0.49264652,-0.091426544,1.6794393,-0.6890914,0.12922703,-1.3638049,-1.5503923,-1.7999034,-1.9255874,0.8801371,1.1618963,-0.98624456,0.80364114,-2.570142,-2.262591,2.5952773,0.44088838,-1.2069815,0.24921077,0.8570998,0.57431096,-0.7442389,-0.18786357,2.1025364,-1.1517469,1.2570424,1.1602371,1.7158682,0.3581478,-1.9621482,-1.6067011,-0.74372804,-0.015286788,0.17627086,2.1752865,-0.63366866,-2.7023618,-1.1083429,-2.406883,0.5688686,0.80515945,-0.06707789,1.6473929,-0.7605522,0.25985223,1.9418154,-0.49108088,1.4440899,-0.28598377,0.055028763,0.03632186,0.38147083,1.0432419,-1.5808016,-0.60587114,-1.1750972,-1.9082453,-0.8632075,1.7764847,-1.4220438,-1.4369217,-0.65493435,-0.89895314,-0.59450006,1.4117935,1.3417718,-0.543271,-1.2927649,-1.7379639,0.9781255,1.4696082,0.96719784,-0.30968222,1.2158581,0.92673504,1.7500396,-0.8024173,1.3618466,-0.60787004,-0.35773078,0.024674678,1.8915246
WM1799,-1.2807745,-1.0315326,-0.14934334,-0.0683023,0.49462974,0.15025371,-0.2804005,-0.2607168,-0.57164156,-1.3570117,1.6837821,-0.23510922,-0.8014879,-1.3193419,0.08547552,0.83928216,-0.33259466,0.7510502,-1.0449762,-0.59223133,-0.7667326,0.20733392,-1.3878108,-0.63502413,0.08365736,0.27098635,-1.1252283,0.14749287,-1.1210783,-0.62303245,1.2464484,0.81289077,0.18805082,0.3763398,0.50821924,0.34055138,-1.1104453,-0.46971533,0.41420978,0.16148709,0.8935202,-0.11245696,1.4295763,0.07812081,-1.4406314,-0.5360226,-0.1208179,-0.19518344,0.18092,0.61276835,-0.8302457,-0.78961855,-0.032423228,-1.2317774,-0.06612556,0.7126421,-0.5502325,1.5597063,-0.07876917,0.1817825,-0.047780458,0.13976115,-0.15802677,0.4600319,0.33703634,-0.44231567,0.67740047,0.07421866,-0.40564746,-0.35114744,-0.45997795,-0.37709266,-0.019980162,1.8210438,-1.468025,-0.4276794,-0.6453989,-0.17002249,0.07413105,0.18887272,0.6125872,-0.70303977,-0.26577973,-1.3638331,0.4835705,1.0951518,0.50456893,0.6529492,0.7468054,0.8126576,0.16645238,-0.25404635,1.063907,0.110590406,-0.4448543,0.39009178,1.6161871
HCC1897,-1.9603555,-0.97142565,1.1357691,-0.629881,-0.43073744,-0.16819015,-1.5142881,-1.0692619,0.07820666,-0.18635124,2.1534874,-0.7098714,-0.89357764,-2.139999,1.4691793,0.4449964,-0.0787506,1.5488771,-0.5475962,0.16686274,-1.2429034,-1.5105491,-1.6105059,-1.7631223,0.80153173,1.1122447,-0.84133565,0.75427496,-2.3558843,-2.1397104,2.3639138,0.39589623,-1.1696174,0.22383219,0.7743753,0.5245669,-0.6547418,-0.16008319,1.944315,-1.0557549,1.0768182,1.0838974,1.4874419,0.35837317,-1.760227,-1.4714422,-0.6890873,0.01385127,0.15659979,2.0481465,-0.57937247,-2.5017083,-1.0594902,-2.145624,0.53217983,0.7139039,0.009872485,1.4543406,-0.7212895,0.2639537,1.8006098,-0.4719604,1.345881,-0.30776992,-0.0063623153,0.023407158,0.3228035,0.954997,-1.4682624,-0.54938,-1.0966135,-1.7780591,-0.8079555,1.604658,-1.2417842,-1.3390433,-0.53416264,-0.80136615,-0.54168826,1.279909,1.2445519,-0.47724324,-1.1911675,-1.5955111,0.88945895,1.3443904,0.8461222,-0.3322123,1.0612884,0.8117043,1.6569918,-0.73608613,1.1759382,-0.5969551,-0.32433906,0.037587404,1.687587
Hs 840.T,-2.0409133,-1.054316,1.1561382,-0.6303511,-0.4095949,-0.15448892,-1.5583558,-1.1104587,0.042026468,-0.24805328,2.297742,-0.74428594,-0.9661144,-2.236017,1.5137832,0.5032969,-0.10080182,1.6121149,-0.6308776,0.14133692,-1.3101242,-1.5273896,-1.7255839,-1.8518436,0.808176,1.1349397,-0.91525865,0.75033265,-2.465906,-2.1952505,2.4740863,0.4622063,-1.1898439,0.26815695,0.8264529,0.5479212,-0.72024244,-0.17671888,2.0338914,-1.0596879,1.1629395,1.1035959,1.5937046,0.36410308,-1.8817508,-1.5336432,-0.7155596,-0.00058785826,0.16084816,2.0860097,-0.62088305,-2.6001108,-1.0812681,-2.287099,0.55531496,0.7989614,-0.018505279,1.5747102,-0.7457698,0.2693764,1.8481241,-0.49014091,1.3659599,-0.30225077,0.0043861233,0.0053700986,0.37066787,0.9701285,-1.5242122,-0.58435786,-1.1359651,-1.8430464,-0.8300116,1.739963,-1.3691441,-1.3785706,-0.5813632,-0.8377354,-0.5684916,1.3179394,1.2898735,-0.5510954,-1.2642142,-1.6843278,0.93565226,1.4175798,0.9002917,-0.30111253,1.1569371,0.8553394,1.6999669,-0.76603633,1.2798152,-0.58466464,-0.34832278,0.055811998,1.7886767
SNU-489,-2.0542848,-1.0957161,1.1221526,-0.6054538,-0.37357903,-0.12592739,-1.5066963,-1.1076667,0.02078107,-0.3227187,2.2993891,-0.7410444,-0.9696701,-2.2690456,1.4921561,0.53462756,-0.1311005,1.6276531,-0.6942033,0.10974899,-1.3000108,-1.4928,-1.755453,-1.8422352,0.79047906,1.1021937,-0.9383089,0.7411076,-2.4701695,-2.1822612,2.4926376,0.49680075,-1.1731219,0.2901029,0.82064134,0.5184147,-0.7832702,-0.2134228,2.0036287,-1.0118861,1.1813909,1.0839188,1.6400217,0.35414773,-1.9253685,-1.529088,-0.710935,-0.026241355,0.17116295,2.0347862,-0.6645171,-2.5959198,-1.0612437,-2.300177,0.5629002,0.8347159,-0.048003275,1.6179366,-0.73709434,0.25921613,1.8010952,-0.48760337,1.3169247,-0.28130355,0.009679761,-0.008195143,0.41289222,0.9454392,-1.4973853,-0.60194653,-1.1264312,-1.8177165,-0.8070918,1.8004068,-1.431952,-1.3474888,-0.5805789,-0.8282917,-0.54565364,1.2825502,1.298666,-0.59604824,-1.263476,-1.6970289,0.9455168,1.4425889,0.90274125,-0.26224497,1.2083313,0.88249636,1.6549757,-0.7605922,1.3155599,-0.56698054,-0.35256854,0.07305808,1.8361263
KO52,-2.089641,-0.51479715,1.6178334,-1.0769868,-0.67907846,-0.6658277,-2.1738298,-1.3625132,0.07317325,0.100897685,2.8269281,-0.97112906,-1.0032667,-2.1737685,1.7041494,0.26067105,-0.18219544,1.7347791,-0.24982232,-0.04219569,-1.5346586,-1.5543851,-1.5711514,-1.9415156,1.3661833,1.5071886,-1.1293268,1.087423,-2.525835,-2.383533,2.208485,0.3741651,-1.2212148,0.04904332,0.893222,1.1727986,0.060439724,0.5754071,2.491411,-1.5826737,1.5347613,1.153883,1.1938981,0.22798644,-1.947156,-1.6230445,-1.0518728,-0.29460296,0.12901635,2.8064263,-0.5330178,-2.413371,-0.9413538,-2.3055737,0.3364652,0.24273276,-0.09762864,1.5118955,-1.1585907,0.37050354,2.3927176,-0.26781854,2.3908873,-0.26925516,0.08451775,0.060591698,-0.030261783,1.1280345,-1.645914,-0.6690842,-1.3003985,-2.0712807,-0.8900544,1.2221382,-0.90228045,-2.2056577,-0.82375383,-0.7950557,-0.61656505,1.8157641,1.1499932,-0.16274765,-0.71113366,-1.5496604,0.8024531,1.26787,0.6717892,-0.8512776,0.8799423,0.67558676,1.8457916,-0.87580055,1.281464,-0.2789231,-0.099668406,-0.3128428,1.5648463
SK-OV-3,-2.0476346,-1.0582834,1.151397,-0.6252875,-0.403228,-0.15484345,-1.5592643,-1.1005278,0.044648923,-0.25338244,2.3069422,-0.75501,-0.9601362,-2.248373,1.5017046,0.51201826,-0.10346057,1.6132367,-0.63353133,0.13484326,-1.3189386,-1.5393485,-1.7383085,-1.8657149,0.8129201,1.1334661,-0.92666286,0.7506994,-2.4790802,-2.205628,2.5003192,0.46085188,-1.1910372,0.26339045,0.84631145,0.54727423,-0.7204079,-0.1697214,2.032676,-1.0705287,1.1685339,1.1029174,1.6131715,0.36381137,-1.8935795,-1.5347369,-0.7080649,-0.0032043234,0.17006437,2.0933988,-0.6223579,-2.6020253,-1.0974522,-2.281588,0.5582153,0.7965085,-0.023732964,1.5714214,-0.7414411,0.27121085,1.8643599,-0.49282634,1.3787689,-0.27899292,0.009162139,0.0040358747,0.36311394,0.9760907,-1.5225296,-0.5844372,-1.1384393,-1.8447963,-0.8507664,1.7437284,-1.3580965,-1.3859496,-0.57105535,-0.8370214,-0.56625247,1.3153473,1.3059886,-0.5458856,-1.2551225,-1.6935618,0.94478285,1.4254009,0.8949528,-0.30290863,1.1587992,0.864531,1.7097777,-0.7768164,1.2950785,-0.58211565,-0.34533614,0.04763468,1.8074691
SNB-19,-0.1491649,-0.106005445,-1.2269521,-0.5954867,2.7414486,0.06742226,0.45558348,0.24287325,-2.8022387,-4.3440022,4.746436,0.4134774,-1.5913352,-0.24581866,-1.5909668,2.8096933,-0.118935965,-0.60246,-1.3153951,-3.165796,-1.8520813,5.217359,-0.9557779,1.3395663,-1.1259415,0.7205695,-4.635915,-0.38947394,-0.1800179,1.426755,0.4115385,1.8714942,3.8863516,1.2559992,0.93911666,1.6190438,-1.601485,-1.8387821,-0.5082481,0.6698775,3.2382407,-3.384387,3.7428403,-0.47521853,-2.6125429,3.1451623,-0.20393524,-1.916069,1.5982591,0.807451,-1.8588002,3.972036,2.962106,-1.1106199,-2.6681614,-0.11849378,-2.172928,3.383932,-1.1321722,1.2624989,-3.7814128,3.6134286,-1.4153856,2.8568397,2.1341145,-2.693282,0.7449525,-1.3562126,-0.6336442,1.1784266,0.43685836,2.104555,2.345939,3.5641117,-3.6374693,-1.1703367,-1.9818356,0.9990031,1.3311813,-1.307629,-1.3184152,-0.4082185,3.1001797,-4.1418037,0.17062531,1.7640347,-0.39788854,1.7161177,-0.6138406,1.441095,-0.97853637,-1.8242774,2.6642404,2.13799,-1.2706131,1.506119,2.437169
