target_variable,target_class,target_class_label,layer,name,importance,explainer
Erlotinib,0,,cnv,MIR298,0.0005533379,IntegratedGradients
Erlotinib,0,,cnv,LUZP6,0.00019735748,IntegratedGradients
Erlotinib,0,,cnv,SNORA22,0.0017112673,IntegratedGradients
Erlotinib,0,,cnv,NUPL2,0.00030408934,IntegratedGradients
Erlotinib,0,,cnv,KIAA0586,0.0003226631,IntegratedGradients
Erlotinib,0,,cnv,RNASEH2C,0.00033888163,IntegratedGradients
Erlotinib,0,,cnv,SLC24A4,0.00025483477,IntegratedGradients
Erlotinib,0,,cnv,SNF8,0.0005964181,IntegratedGradients
Erlotinib,0,,cnv,RGN,0.00033892287,IntegratedGradients
Erlotinib,0,,cnv,DEFB116,0.00017979625,IntegratedGradients
Erlotinib,0,,cnv,HKR1,0.0093536945,IntegratedGradients
Erlotinib,0,,cnv,RNF19A,0.0009453119,IntegratedGradients
Erlotinib,0,,cnv,RBMY1A3P,0.0009345088,IntegratedGradients
Erlotinib,0,,cnv,GNAS-AS1,0.00050844974,IntegratedGradients
Erlotinib,0,,cnv,MIR296,0.0004064526,IntegratedGradients
Erlotinib,0,,cnv,NPEPL1,0.0005181768,IntegratedGradients
Erlotinib,0,,cnv,STX16,0.00048122596,IntegratedGradients
Erlotinib,0,,cnv,LOC100506384,0.0002681919,IntegratedGradients
Erlotinib,0,,cnv,APCDD1L-DT,0.0007802631,IntegratedGradients
Erlotinib,0,,cnv,RAB22A,0.00040793515,IntegratedGradients
Erlotinib,0,,cnv,APCDD1L,0.00095374684,IntegratedGradients
Erlotinib,0,,cnv,VAPB,0.000526841,IntegratedGradients
Erlotinib,0,,cnv,BCAS4,0.0005293523,IntegratedGradients
Erlotinib,0,,cnv,PARD6B,0.00073167094,IntegratedGradients
Erlotinib,0,,cnv,LINC00494,0.00049735606,IntegratedGradients
Erlotinib,0,,cnv,ZNF217,0.0009835757,IntegratedGradients
Erlotinib,0,,cnv,SUMO1P1,0.00068593933,IntegratedGradients
Erlotinib,0,,cnv,DOK5,0.00017712063,IntegratedGradients
Erlotinib,0,,cnv,GNAS,0.0007959962,IntegratedGradients
Erlotinib,0,,cnv,SULF2,0.000510755,IntegratedGradients
Erlotinib,0,,cnv,BCAS1,0.00053988723,IntegratedGradients
Erlotinib,0,,cnv,PPP4R1L,0.0008503691,IntegratedGradients
Erlotinib,0,,cnv,BMP7,0.00013571637,IntegratedGradients
Erlotinib,0,,cnv,MIR4756,0.0006406513,IntegratedGradients
Erlotinib,0,,cnv,FAM209A,0.00040086082,IntegratedGradients
Erlotinib,0,,cnv,FAM209B,0.000276678,IntegratedGradients
Erlotinib,0,,cnv,AURKA,0.00064890954,IntegratedGradients
Erlotinib,0,,cnv,CSTF1,0.00087644986,IntegratedGradients
Erlotinib,0,,cnv,CASS4,0.0013426316,IntegratedGradients
Erlotinib,0,,cnv,FAM210B,0.0006116299,IntegratedGradients
Erlotinib,0,,cnv,ADNP,0.0006700649,IntegratedGradients
Erlotinib,0,,cnv,GCNT7,0.00042735031,IntegratedGradients
Erlotinib,0,,cnv,RIPOR3,0.0001864704,IntegratedGradients
Erlotinib,0,,cnv,MIR645,0.00012881894,IntegratedGradients
Erlotinib,0,,cnv,RTF2,0.00032928362,IntegratedGradients
Erlotinib,0,,cnv,PREX1,0.00040633173,IntegratedGradients
Erlotinib,0,,cnv,NCOA3,0.000759053,IntegratedGradients
Erlotinib,0,,cnv,LOC100131496,0.0006830031,IntegratedGradients
Erlotinib,0,,cnv,DPM1,0.000527308,IntegratedGradients
Erlotinib,0,,cnv,CYP24A1,0.00067137525,IntegratedGradients
Erlotinib,0,,cnv,ATP9A,0.0017308778,IntegratedGradients
Erlotinib,0,,cnv,MOCS3,0.00027479825,IntegratedGradients
Erlotinib,0,,cnv,PFDN4,0.000403938,IntegratedGradients
Erlotinib,0,,cnv,PMEPA1,0.00064204354,IntegratedGradients
Erlotinib,0,,cnv,KCNG1,0.00085604074,IntegratedGradients
Erlotinib,0,,cnv,ZBP1,0.0005937076,IntegratedGradients
Erlotinib,0,,cnv,SPO11,0.0009580086,IntegratedGradients
Erlotinib,0,,cnv,MTRNR2L3,0.0010987828,IntegratedGradients
Erlotinib,0,,cnv,RAE1,0.00074716273,IntegratedGradients
Erlotinib,0,,cnv,MIR4325,0.00069924333,IntegratedGradients
Erlotinib,0,,cnv,PCK1,0.0006525426,IntegratedGradients
Erlotinib,0,,cnv,CBLN4,0.0011525116,IntegratedGradients
Erlotinib,0,,cnv,C20orf85,0.0014658098,IntegratedGradients
Erlotinib,0,,cnv,PTPN1,0.00030721416,IntegratedGradients
Erlotinib,0,,cnv,MC3R,0.00078346144,IntegratedGradients
Erlotinib,0,,cnv,RBM38,0.000869248,IntegratedGradients
Erlotinib,0,,cnv,MIR3194,0.0040392466,IntegratedGradients
Erlotinib,0,,cnv,CTCFL,0.00061803067,IntegratedGradients
Erlotinib,0,,cnv,SALL4,0.0008538109,IntegratedGradients
Erlotinib,0,,cnv,GMEB2,0.00032613042,IntegratedGradients
Erlotinib,0,,cnv,TSHZ2,0.0010235857,IntegratedGradients
Erlotinib,0,,cnv,NFATC2,0.0013304717,IntegratedGradients
Erlotinib,0,,cnv,SRMS,0.0005067742,IntegratedGradients
Erlotinib,0,,cnv,FNDC11,0.00035580058,IntegratedGradients
Erlotinib,0,,cnv,KCNQ2,0.0003916512,IntegratedGradients
Erlotinib,0,,cnv,NELFCD,0.00073152053,IntegratedGradients
Erlotinib,0,,cnv,ZNF831,0.00092936703,IntegratedGradients
Erlotinib,0,,cnv,ABHD16B,0.0005296026,IntegratedGradients
Erlotinib,0,,cnv,TPD52L2,0.00044973343,IntegratedGradients
Erlotinib,0,,cnv,ARFGEF2,0.0005127324,IntegratedGradients
Erlotinib,0,,cnv,HELZ2,0.00034201253,IntegratedGradients
Erlotinib,0,,cnv,LINC01270,0.00050240103,IntegratedGradients
Erlotinib,0,,cnv,TUBB1,0.0009463645,IntegratedGradients
Erlotinib,0,,cnv,SLMO2-ATP5E,0.00102151,IntegratedGradients
Erlotinib,0,,cnv,ATP5F1E,0.0007130916,IntegratedGradients
Erlotinib,0,,cnv,PRELID3B,0.00074815255,IntegratedGradients
Erlotinib,0,,cnv,RTEL1,0.00038335117,IntegratedGradients
Erlotinib,0,,cnv,RTEL1-TNFRSF6B,0.0004902034,IntegratedGradients
Erlotinib,0,,cnv,SLC2A4RG,0.00039539026,IntegratedGradients
Erlotinib,0,,cnv,ZBTB46,0.0004441414,IntegratedGradients
Erlotinib,0,,cnv,LIME1,0.0003883304,IntegratedGradients
Erlotinib,0,,cnv,ARFRP1,0.0003365495,IntegratedGradients
Erlotinib,0,,cnv,TNFRSF6B,0.0003890321,IntegratedGradients
Erlotinib,0,,cnv,ZGPAT,0.0004214566,IntegratedGradients
Erlotinib,0,,cnv,FAM217B,0.00091006793,IntegratedGradients
Erlotinib,0,,cnv,PPP1R3D,0.0006464391,IntegratedGradients
Erlotinib,0,,cnv,CDH26,0.0009401358,IntegratedGradients
Erlotinib,0,,cnv,PPDPF,0.00020526431,IntegratedGradients
Erlotinib,0,,cnv,PTK6,0.00027068434,IntegratedGradients
Erlotinib,0,,cnv,CTSZ,0.00068468414,IntegratedGradients
Erlotinib,0,,cnv,EEF1A2,0.00033210247,IntegratedGradients
Erlotinib,0,,cnv,DNAJC5,0.00035461993,IntegratedGradients
Erlotinib,0,,cnv,MIR941-3,0.00061609194,IntegratedGradients
Erlotinib,0,,cnv,MIR941-1,0.00038635006,IntegratedGradients
Erlotinib,0,,cnv,SYCP2,0.00085386,IntegratedGradients
Erlotinib,0,,cnv,STMN3,0.00037770125,IntegratedGradients
Erlotinib,0,,cnv,LINC01260,0.0005377358,IntegratedGradients
Erlotinib,0,,cnv,ZMYND8,0.00068489945,IntegratedGradients
Erlotinib,0,,cnv,CSE1L,0.00030163047,IntegratedGradients
Erlotinib,0,,cnv,GDAP1L1,0.0006156819,IntegratedGradients
Erlotinib,0,,cnv,FITM2,0.00033381072,IntegratedGradients
Erlotinib,0,,cnv,DDX27,0.0012154875,IntegratedGradients
Erlotinib,0,,cnv,STAU1,0.00076615275,IntegratedGradients
Erlotinib,0,,cnv,SERINC3,0.00035785098,IntegratedGradients
Erlotinib,0,,cnv,PKIG,0.00026558497,IntegratedGradients
Erlotinib,0,,cnv,EDN3,0.00032570542,IntegratedGradients
Erlotinib,0,,cnv,TTPAL,0.00058030116,IntegratedGradients
Erlotinib,0,,cnv,RNF114,0.00055219646,IntegratedGradients
Erlotinib,0,,cnv,NUP205,0.00018368782,IntegratedGradients
Erlotinib,0,,cnv,SPATA2,0.000945043,IntegratedGradients
Erlotinib,0,,cnv,STMP1,0.00048599436,IntegratedGradients
Erlotinib,0,,cnv,SLC13A4,0.00025592966,IntegratedGradients
Erlotinib,0,,cnv,FAM180A,0.00026164018,IntegratedGradients
Erlotinib,0,,cnv,HCK,0.00054261356,IntegratedGradients
Erlotinib,0,,cnv,CHRNA4,0.0008062854,IntegratedGradients
Erlotinib,0,,cnv,PHACTR3,0.000680053,IntegratedGradients
Erlotinib,0,,cnv,ADA,0.00020123277,IntegratedGradients
Erlotinib,0,,cnv,MIR3646,0.00027696445,IntegratedGradients
Erlotinib,0,,cnv,CCT6P1,0.0018684317,IntegratedGradients
Erlotinib,0,,cnv,ZFAS1,0.0012036709,IntegratedGradients
Erlotinib,0,,cnv,ZNFX1,0.0016807733,IntegratedGradients
Erlotinib,0,,cnv,GPNMB,0.0004612677,IntegratedGradients
Erlotinib,0,,cnv,CEBPB,0.00077289477,IntegratedGradients
Erlotinib,0,,cnv,SNAI1,0.0006489881,IntegratedGradients
Erlotinib,0,,cnv,UBE2V1,0.0007262919,IntegratedGradients
Erlotinib,0,,cnv,TMEM189-UBE2V1,0.00042499963,IntegratedGradients
Erlotinib,0,,cnv,VKORC1L1,0.001326915,IntegratedGradients
Erlotinib,0,,cnv,TRA2A,0.00050062465,IntegratedGradients
Erlotinib,0,,cnv,ZFP64,0.00032866024,IntegratedGradients
Erlotinib,0,,cnv,R3HDML,0.00044043968,IntegratedGradients
Erlotinib,0,,cnv,CNOT4,0.00046426427,IntegratedGradients
Erlotinib,0,,cnv,IGF2BP3,0.0004946859,IntegratedGradients
Erlotinib,0,,cnv,MALSU1,0.000505391,IntegratedGradients
Erlotinib,0,,cnv,TYW1,0.0004983711,IntegratedGradients
Erlotinib,0,,cnv,SBDS,0.0005056549,IntegratedGradients
Erlotinib,0,,cnv,AGBL3,0.0001798932,IntegratedGradients
Erlotinib,0,,cnv,CCM2L,0.0011567333,IntegratedGradients
Erlotinib,0,,cnv,EYA2,0.00019258108,IntegratedGradients
Erlotinib,0,,cnv,RPS2P32,0.0005353155,IntegratedGradients
Erlotinib,0,,cnv,XKR7,0.00097567466,IntegratedGradients
Erlotinib,0,,cnv,TMEM248,0.0006481091,IntegratedGradients
Erlotinib,0,,cnv,HNF4A,0.0005523449,IntegratedGradients
Erlotinib,0,,cnv,GTF2IRD1P1,0.00019622211,IntegratedGradients
Erlotinib,0,,cnv,TMEM189,0.00062299386,IntegratedGradients
Erlotinib,0,,cnv,TRERNA1,0.0008104682,IntegratedGradients
Erlotinib,0,,cnv,KLHL7,0.00053720886,IntegratedGradients
Erlotinib,0,,cnv,STK31,0.0006477441,IntegratedGradients
Erlotinib,0,,cnv,FAM221A,0.000561357,IntegratedGradients
Erlotinib,0,,cnv,CALD1,0.0005934429,IntegratedGradients
Erlotinib,0,,cnv,CLK2P1,0.0004739242,IntegratedGradients
Erlotinib,0,,cnv,CCDC126,0.00060997205,IntegratedGradients
Erlotinib,0,,cnv,OR2F1,0.00020458383,IntegratedGradients
Erlotinib,0,,cnv,TPK1,0.0004516419,IntegratedGradients
Erlotinib,0,,cnv,ANKRD9,0.0006693952,IntegratedGradients
Erlotinib,0,,cnv,SNORD93,0.00025465316,IntegratedGradients
Erlotinib,0,,cnv,TOMM7,0.00034882166,IntegratedGradients
Erlotinib,0,,cnv,CRCP,0.0008232181,IntegratedGradients
Erlotinib,0,,cnv,FAM126A,0.00037227318,IntegratedGradients
Erlotinib,0,,cnv,MIR124-3,0.00076193444,IntegratedGradients
Erlotinib,0,,cnv,YTHDF1,0.0004752785,IntegratedGradients
Erlotinib,0,,cnv,SLC9A8,0.00068538747,IntegratedGradients
Erlotinib,0,,cnv,MIR3196,0.0006313738,IntegratedGradients
Erlotinib,0,,cnv,BIRC7,0.0004722605,IntegratedGradients
Erlotinib,0,,cnv,NKAIN4,0.00073211535,IntegratedGradients
Erlotinib,0,,cnv,COL20A1,0.00055696943,IntegratedGradients
Erlotinib,0,,cnv,LOC100506178,0.00041654642,IntegratedGradients
Erlotinib,0,,cnv,MIR4309,0.00086434704,IntegratedGradients
Erlotinib,0,,cnv,OR6B1,0.00022599623,IntegratedGradients
Erlotinib,0,,cnv,INTS4P2,0.002030197,IntegratedGradients
Erlotinib,0,,cnv,LOC441242,0.0016839287,IntegratedGradients
Erlotinib,0,,cnv,IL6,0.0005238268,IntegratedGradients
Erlotinib,0,,cnv,TFAP2C,0.00042372412,IntegratedGradients
Erlotinib,0,,cnv,FRMD6,0.0009975058,IntegratedGradients
Erlotinib,0,,cnv,ARID4A,0.00017530003,IntegratedGradients
Erlotinib,0,,cnv,TOMM20L,0.0002207542,IntegratedGradients
Erlotinib,0,,cnv,PSMA3,0.0004098324,IntegratedGradients
Erlotinib,0,,cnv,TIMM9,0.00017607032,IntegratedGradients
Erlotinib,0,,cnv,PSMA3-AS1,0.00019165558,IntegratedGradients
Erlotinib,0,,cnv,MIR4326,0.00024853458,IntegratedGradients
Erlotinib,0,,cnv,ARFGAP1,0.0006083329,IntegratedGradients
Erlotinib,0,,cnv,BGLAP,0.0007116782,IntegratedGradients
Erlotinib,0,,cnv,PAQR6,0.00049701845,IntegratedGradients
Erlotinib,0,,cnv,PMF1-BGLAP,0.0004962426,IntegratedGradients
Erlotinib,0,,cnv,SMG5,0.00042779316,IntegratedGradients
Erlotinib,0,,cnv,PMF1,0.00050204067,IntegratedGradients
Erlotinib,0,,cnv,NTSR1,0.00065777486,IntegratedGradients
Erlotinib,0,,cnv,SLCO4A1,0.00030045555,IntegratedGradients
Erlotinib,0,,cnv,SLCO4A1-AS1,0.0002100975,IntegratedGradients
Erlotinib,0,,cnv,NOBOX,0.0009832284,IntegratedGradients
Erlotinib,0,,cnv,JKAMP,0.0009476296,IntegratedGradients
Erlotinib,0,,cnv,L3HYPDH,0.00046334494,IntegratedGradients
Erlotinib,0,,cnv,CCDC175,0.0008331942,IntegratedGradients
Erlotinib,0,,cnv,HAR1B,0.001283339,IntegratedGradients
Erlotinib,0,,cnv,GUSB,0.0006718936,IntegratedGradients
Erlotinib,0,,cnv,NPY,0.00060500036,IntegratedGradients
Erlotinib,0,,cnv,ASL,0.00082607387,IntegratedGradients
Erlotinib,0,,cnv,OR2A2,0.00035390933,IntegratedGradients
Erlotinib,0,,cnv,OR2A12,0.00031200028,IntegratedGradients
Erlotinib,0,,cnv,GPR135,0.00036161684,IntegratedGradients
Erlotinib,0,,cnv,UCKL1,0.00031084102,IntegratedGradients
Erlotinib,0,,cnv,UCKL1-AS1,0.00036344558,IntegratedGradients
Erlotinib,0,,cnv,PDRG1,0.0009795177,IntegratedGradients
Erlotinib,0,,cnv,SAMD10,0.00044593494,IntegratedGradients
Erlotinib,0,,cnv,ZNF512B,0.0003649072,IntegratedGradients
Erlotinib,0,,cnv,PRPF6,0.00020528884,IntegratedGradients
Erlotinib,0,,cnv,DACT1,0.0002828701,IntegratedGradients
Erlotinib,0,,cnv,C20orf197,0.0008221592,IntegratedGradients
Erlotinib,0,,cnv,GLMP,0.0006032307,IntegratedGradients
Erlotinib,0,,cnv,TMEM79,0.0006474538,IntegratedGradients
Erlotinib,0,,cnv,VHLL,0.000763767,IntegratedGradients
Erlotinib,0,,cnv,CCT3,0.0009042486,IntegratedGradients
Erlotinib,0,,cnv,OR2F2,0.0041879904,IntegratedGradients
Erlotinib,0,,cnv,KAT5,0.0002524957,IntegratedGradients
Erlotinib,0,,cnv,TSACC,0.0011156191,IntegratedGradients
Erlotinib,0,,cnv,DAAM1,0.00050099834,IntegratedGradients
Erlotinib,0,,cnv,LINC00659,0.0005846231,IntegratedGradients
Erlotinib,0,,cnv,C1orf61,0.0009472415,IntegratedGradients
Erlotinib,0,,cnv,STRA8,0.0006757686,IntegratedGradients
Erlotinib,0,,cnv,MIR9-1,0.00094648974,IntegratedGradients
Erlotinib,0,,cnv,AKR1B1,0.0015517292,IntegratedGradients
Erlotinib,0,,cnv,OR2A5,0.00029998238,IntegratedGradients
Erlotinib,0,,cnv,DIDO1,0.000857243,IntegratedGradients
Erlotinib,0,,cnv,TTLL9,0.0013786057,IntegratedGradients
Erlotinib,0,,cnv,COL9A3,0.00085185375,IntegratedGradients
Erlotinib,0,,cnv,DPH3P1,0.0005532075,IntegratedGradients
Erlotinib,0,,cnv,TCFL5,0.00090678025,IntegratedGradients
Erlotinib,0,,cnv,DUSP15,0.0014652382,IntegratedGradients
Erlotinib,0,,cnv,FOXS1,0.0009876109,IntegratedGradients
Erlotinib,0,,cnv,RHBG,0.0008700605,IntegratedGradients
Erlotinib,0,,cnv,MIR4533,0.0012775026,IntegratedGradients
Erlotinib,0,,cnv,LINC00029,0.0009296295,IntegratedGradients
Erlotinib,0,,cnv,LINC01056,0.0009884114,IntegratedGradients
Erlotinib,0,,cnv,LINC01749,0.0013950099,IntegratedGradients
Erlotinib,0,,cnv,OGFR,0.0007412709,IntegratedGradients
Erlotinib,0,,cnv,MRGBP,0.00085041637,IntegratedGradients
Erlotinib,0,,cnv,OGFR-AS1,0.0009025349,IntegratedGradients
Erlotinib,0,,cnv,MPP6,0.00069531414,IntegratedGradients
Erlotinib,0,,cnv,WDR91,0.00035369242,IntegratedGradients
Erlotinib,0,,cnv,RCOR1,0.0011525172,IntegratedGradients
Erlotinib,0,,cnv,TRAF3,0.00032340246,IntegratedGradients
Erlotinib,0,,cnv,PLXNA4,0.0011283349,IntegratedGradients
Erlotinib,0,,cnv,AP5B1,0.00023466184,IntegratedGradients
Erlotinib,0,,cnv,CBFA2T2,0.00045569026,IntegratedGradients
Erlotinib,0,,cnv,OR6W1P,0.00065348664,IntegratedGradients
Erlotinib,0,,cnv,OR6V1,0.00039911017,IntegratedGradients
Erlotinib,0,,cnv,PTGIS,0.00021583805,IntegratedGradients
Erlotinib,0,,cnv,TMEM140,0.00018826273,IntegratedGradients
Erlotinib,0,,cnv,CCT6P3,0.0009814474,IntegratedGradients
Erlotinib,0,,cnv,TRIM9,0.00060272566,IntegratedGradients
Erlotinib,0,,cnv,CYREN,0.00026903528,IntegratedGradients
Erlotinib,0,,cnv,CLCN1,0.00046744753,IntegratedGradients
Erlotinib,0,,cnv,C11orf68,0.00057835784,IntegratedGradients
Erlotinib,0,,cnv,DRAP1,0.0004033034,IntegratedGradients
Erlotinib,0,,cnv,IGFBP1,0.0001636174,IntegratedGradients
Erlotinib,0,,cnv,BPGM,0.00039415865,IntegratedGradients
Erlotinib,0,,cnv,MIR646HG,0.0010465957,IntegratedGradients
Erlotinib,0,,cnv,TSGA10IP,0.00026043877,IntegratedGradients
Erlotinib,0,,cnv,IGFBP3,0.0005485943,IntegratedGradients
Erlotinib,0,,cnv,TAS2R40,0.0005858298,IntegratedGradients
Erlotinib,0,,cnv,TAS2R41,0.00077533483,IntegratedGradients
Erlotinib,0,,cnv,SOS2,0.0008722946,IntegratedGradients
Erlotinib,0,,cnv,EPHA1-AS1,0.00045251256,IntegratedGradients
Erlotinib,0,,cnv,EPHA1,0.00054155075,IntegratedGradients
Erlotinib,0,,cnv,TAS2R60,0.0006406303,IntegratedGradients
Erlotinib,0,,cnv,SSSCA1,0.00075176294,IntegratedGradients
Erlotinib,0,,cnv,EHBP1L1,0.001014526,IntegratedGradients
Erlotinib,0,,cnv,FAM89B,0.0008387309,IntegratedGradients
Erlotinib,0,,cnv,SSSCA1-AS1,0.0009202002,IntegratedGradients
Erlotinib,0,,cnv,RIMS4,0.00067467784,IntegratedGradients
Erlotinib,0,,cnv,KCNK15,0.00047295255,IntegratedGradients
Erlotinib,0,,cnv,LTBP3,0.00067587016,IntegratedGradients
Erlotinib,0,,cnv,MYLK2,0.00034283442,IntegratedGradients
Erlotinib,0,,cnv,RGS19,0.00036429724,IntegratedGradients
Erlotinib,0,,cnv,RD3L,0.0001778322,IntegratedGradients
Erlotinib,0,,cnv,SCYL1,0.00043986965,IntegratedGradients
Erlotinib,0,,cnv,WISP2,0.0007144246,IntegratedGradients
Erlotinib,0,,cnv,TCEA2,0.00023535638,IntegratedGradients
Erlotinib,0,,cnv,SOX18,0.00033765673,IntegratedGradients
Erlotinib,0,,cnv,DDHD1,0.000328279,IntegratedGradients
Erlotinib,0,,cnv,FAM131B,0.00047323565,IntegratedGradients
Erlotinib,0,,cnv,ZYX,0.00071123574,IntegratedGradients
Erlotinib,0,,cnv,B4GALT5,0.00085862336,IntegratedGradients
Erlotinib,0,,cnv,DMAC2L,0.00030127418,IntegratedGradients
Erlotinib,0,,cnv,ERV3-1,0.00049073086,IntegratedGradients
Erlotinib,0,,cnv,ZNF117,0.00043304713,IntegratedGradients
Erlotinib,0,,cnv,NEAT1,0.0003515959,IntegratedGradients
Erlotinib,0,,cnv,EFEMP2,0.0003391893,IntegratedGradients
Erlotinib,0,,cnv,MUS81,0.00034256384,IntegratedGradients
Erlotinib,0,,cnv,SART1,0.00031682436,IntegratedGradients
Erlotinib,0,,cnv,MIR196B,0.00030716512,IntegratedGradients
Erlotinib,0,,cnv,HOXA10-AS,0.00025480494,IntegratedGradients
Erlotinib,0,,cnv,HOXA9,0.00074655435,IntegratedGradients
Erlotinib,0,,cnv,HOXA10,0.0003742325,IntegratedGradients
Erlotinib,0,,cnv,HOXA11,0.000589638,IntegratedGradients
Erlotinib,0,,cnv,HOXA10-HOXA9,0.00058926415,IntegratedGradients
Erlotinib,0,,cnv,POLE2,0.0010967271,IntegratedGradients
Erlotinib,0,,cnv,GSDME,0.000557263,IntegratedGradients
Erlotinib,0,,cnv,CFL1,0.00022029597,IntegratedGradients
Erlotinib,0,,cnv,HOXA1,0.0006512971,IntegratedGradients
Erlotinib,0,,cnv,HOXA2,0.0006530412,IntegratedGradients
Erlotinib,0,,cnv,HOXA4,0.000411269,IntegratedGradients
Erlotinib,0,,cnv,HOTAIRM1,0.00046626924,IntegratedGradients
Erlotinib,0,,cnv,HOXA-AS3,0.00052548636,IntegratedGradients
Erlotinib,0,,cnv,HOXA7,0.0003130297,IntegratedGradients
Erlotinib,0,,cnv,HOXA6,0.00065095496,IntegratedGradients
Erlotinib,0,,cnv,HOXA5,0.00023822614,IntegratedGradients
Erlotinib,0,,cnv,HOXA3,0.00031681816,IntegratedGradients
Erlotinib,0,,cnv,CASP2,0.00080764096,IntegratedGradients
Erlotinib,0,,cnv,TMEM139,0.00061890006,IntegratedGradients
Erlotinib,0,,cnv,KCNB1,0.00029698882,IntegratedGradients
Erlotinib,0,,cnv,FRMD6-AS2,0.00019409864,IntegratedGradients
Erlotinib,0,,cnv,MAPRE1,0.0008415142,IntegratedGradients
Erlotinib,0,,cnv,VCPKMT,0.00056612125,IntegratedGradients
Erlotinib,0,,cnv,LINC01599,0.0007526407,IntegratedGradients
Erlotinib,0,,cnv,SEMA4A,0.0006350786,IntegratedGradients
Erlotinib,0,,cnv,TDRD9,0.00017200843,IntegratedGradients
Erlotinib,0,,cnv,SKAP2,0.00049019133,IntegratedGradients
Erlotinib,0,,cnv,C7orf71,0.0006203244,IntegratedGradients
Erlotinib,0,,cnv,OPRL1,0.000394966,IntegratedGradients
Erlotinib,0,,cnv,CYCS,0.00018148182,IntegratedGradients
Erlotinib,0,,cnv,AKR1B10,0.00087437686,IntegratedGradients
Erlotinib,0,,cnv,MIR4650-2,0.000456669,IntegratedGradients
Erlotinib,0,,cnv,GHRHR,0.0007295758,IntegratedGradients
Erlotinib,0,,cnv,LINC01588,0.0009110709,IntegratedGradients
Erlotinib,0,,cnv,ADCYAP1R1,0.0011971144,IntegratedGradients
Erlotinib,0,,cnv,TMX1,0.0006934281,IntegratedGradients
Erlotinib,0,,cnv,LINC00174,0.0008660922,IntegratedGradients
Erlotinib,0,,cnv,KCTD7,0.00024326668,IntegratedGradients
Erlotinib,0,,cnv,RABGEF1,0.00045201994,IntegratedGradients
Erlotinib,0,,cnv,CTSW,0.000445602,IntegratedGradients
Erlotinib,0,,cnv,CCDC85B,0.0005910844,IntegratedGradients
Erlotinib,0,,cnv,FIBP,0.00023736795,IntegratedGradients
Erlotinib,0,,cnv,FOSL1,0.0005703474,IntegratedGradients
Erlotinib,0,,cnv,LINC00640,0.00053113175,IntegratedGradients
Erlotinib,0,,cnv,AKR1B15,0.0006742839,IntegratedGradients
Erlotinib,0,,cnv,GSTK1,0.0009230608,IntegratedGradients
Erlotinib,0,,cnv,SLC17A9,0.0011480269,IntegratedGradients
Erlotinib,0,,cnv,NT5C3A,0.0012125773,IntegratedGradients
Erlotinib,0,,cnv,GS1-124K5.11,0.0005078695,IntegratedGradients
Erlotinib,0,,cnv,KIAA0087,0.000662947,IntegratedGradients
Erlotinib,0,,cnv,OR9A2,0.00035903207,IntegratedGradients
Erlotinib,0,,cnv,CHN2,0.0007790668,IntegratedGradients
Erlotinib,0,,cnv,LGALS3,0.0003884688,IntegratedGradients
Erlotinib,0,,cnv,DLGAP5,0.00014645956,IntegratedGradients
Erlotinib,0,,cnv,MYO1G,0.0003111789,IntegratedGradients
Erlotinib,0,,cnv,NPBWR2,0.0002678983,IntegratedGradients
Erlotinib,0,,cnv,FBXO34,0.00013608676,IntegratedGradients
Erlotinib,0,,cnv,OSBPL3,0.0003937235,IntegratedGradients
Erlotinib,0,,cnv,ATP5MPL,0.0003808352,IntegratedGradients
Erlotinib,0,,cnv,SPDYE7P,0.00071652967,IntegratedGradients
Erlotinib,0,,cnv,POM121,0.0011638096,IntegratedGradients
Erlotinib,0,,cnv,LINC00605,0.0012530088,IntegratedGradients
Erlotinib,0,,cnv,C7orf31,0.00045690563,IntegratedGradients
Erlotinib,0,,cnv,LINC00637,0.00034476919,IntegratedGradients
Erlotinib,0,,cnv,GID8,0.0012008046,IntegratedGradients
Erlotinib,0,,cnv,SNORA28,0.00016757281,IntegratedGradients
Erlotinib,0,,cnv,EIF5,0.00013828564,IntegratedGradients
Erlotinib,0,,cnv,NFE2L3,0.00028491503,IntegratedGradients
Erlotinib,0,,cnv,POLR2J2,0.00030222617,IntegratedGradients
Erlotinib,0,,cnv,SPDYE2B,0.00018969699,IntegratedGradients
Erlotinib,0,,cnv,RASA4,0.0002858996,IntegratedGradients
Erlotinib,0,,cnv,KEL,0.00066988147,IntegratedGradients
Erlotinib,0,,cnv,LLCFC1,0.0005125485,IntegratedGradients
Erlotinib,0,,cnv,DPY19L1,0.0007764937,IntegratedGradients
Erlotinib,0,,cnv,FAM185A,0.00040357115,IntegratedGradients
Erlotinib,0,,cnv,FOXN3,0.0016989356,IntegratedGradients
Erlotinib,0,,cnv,CBX3,0.0003420273,IntegratedGradients
Erlotinib,0,,cnv,HNRNPA2B1,0.0005520551,IntegratedGradients
Erlotinib,0,,cnv,TRIL,0.00052619644,IntegratedGradients
Erlotinib,0,,cnv,FLJ40288,0.0003443296,IntegratedGradients
Erlotinib,0,,cnv,POU6F2,0.00022919761,IntegratedGradients
Erlotinib,0,,cnv,MYT1,0.00019499498,IntegratedGradients
Erlotinib,0,,cnv,DNMT3B,0.00041835464,IntegratedGradients
Erlotinib,0,,cnv,TM9SF4,0.00052020786,IntegratedGradients
Erlotinib,0,,cnv,SLC25A44,0.0007864308,IntegratedGradients
Erlotinib,0,,cnv,PROX2,0.0011693873,IntegratedGradients
Erlotinib,0,,cnv,LOC441204,0.00051148504,IntegratedGradients
Erlotinib,0,,cnv,POU6F2-AS1,0.0006609723,IntegratedGradients
Erlotinib,0,,cnv,YLPM1,0.0007933147,IntegratedGradients
Erlotinib,0,,cnv,TBPL2,0.0008693093,IntegratedGradients
Erlotinib,0,,cnv,LOC100130673,0.0009170586,IntegratedGradients
Erlotinib,0,,cnv,COMMD7,0.0010181236,IntegratedGradients
Erlotinib,0,,cnv,TRPV5,0.00059029466,IntegratedGradients
Erlotinib,0,,cnv,LSM5,0.001184514,IntegratedGradients
Erlotinib,0,,cnv,PODXL,0.00042133083,IntegratedGradients
Erlotinib,0,,cnv,WIPF3,0.00042573,IntegratedGradients
Erlotinib,0,,cnv,DPY19L2P3,0.00014876526,IntegratedGradients
Erlotinib,0,,cnv,GARS-DT,0.00047840844,IntegratedGradients
Erlotinib,0,,cnv,NPSR1,0.0011801083,IntegratedGradients
Erlotinib,0,,cnv,NOD1,0.00081512524,IntegratedGradients
Erlotinib,0,,cnv,GGCT,0.0007158413,IntegratedGradients
Erlotinib,0,,cnv,C20orf203,0.00090571615,IntegratedGradients
Erlotinib,0,,cnv,SNORA5B,0.000216739,IntegratedGradients
Erlotinib,0,,cnv,RPS6KL1,0.0006336171,IntegratedGradients
Erlotinib,0,,cnv,MIR550A3,0.00024917955,IntegratedGradients
Erlotinib,0,,cnv,TPST1,0.0007134809,IntegratedGradients
Erlotinib,0,,cnv,DLK1,0.0001025746,IntegratedGradients
Erlotinib,0,,cnv,VPS41,0.00060191494,IntegratedGradients
Erlotinib,0,,cnv,DLST,0.00097560027,IntegratedGradients
Erlotinib,0,,cnv,MAPK1IP1L,0.00019656937,IntegratedGradients
Erlotinib,0,,cnv,OVOL1,0.0003491648,IntegratedGradients
Erlotinib,0,,cnv,GTF2IRD2P1,0.0004551004,IntegratedGradients
Erlotinib,0,,cnv,GARS,0.00056581607,IntegratedGradients
Erlotinib,0,,cnv,SNORD114-28,0.00039095074,IntegratedGradients
Erlotinib,0,,cnv,MIR376B,0.0001749177,IntegratedGradients
Erlotinib,0,,cnv,MIR376A1,0.00045860873,IntegratedGradients
Erlotinib,0,,cnv,MIR379,0.00021858395,IntegratedGradients
Erlotinib,0,,cnv,MIR494,0.00028520028,IntegratedGradients
Erlotinib,0,,cnv,SNORD114-26,0.00027108932,IntegratedGradients
Erlotinib,0,,cnv,SNORD114-25,0.0001146784,IntegratedGradients
Erlotinib,0,,cnv,MIR376C,0.00017536966,IntegratedGradients
Erlotinib,0,,cnv,SNORD114-29,0.00048380223,IntegratedGradients
Erlotinib,0,,cnv,SNORD114-30,9.128875e-05,IntegratedGradients
Erlotinib,0,,cnv,MIR323A,0.00042500725,IntegratedGradients
Erlotinib,0,,cnv,MIR300,0.00023280969,IntegratedGradients
Erlotinib,0,,cnv,SNORD114-17,0.00038050354,IntegratedGradients
Erlotinib,0,,cnv,SNORD114-16,0.00014481564,IntegratedGradients
Erlotinib,0,,cnv,SNORD114-31,0.00019780725,IntegratedGradients
Erlotinib,0,,cnv,MIR758,9.7360884e-05,IntegratedGradients
Erlotinib,0,,cnv,SNORD114-9,0.0003067502,IntegratedGradients
Erlotinib,0,,cnv,MIR495,0.00030760703,IntegratedGradients
Erlotinib,0,,cnv,SNORD114-12,0.00020563835,IntegratedGradients
Erlotinib,0,,cnv,SNORD114-11,0.000137809,IntegratedGradients
Erlotinib,0,,cnv,MIR329-1,9.5148345e-05,IntegratedGradients
Erlotinib,0,,cnv,MIR329-2,0.00016415461,IntegratedGradients
Erlotinib,0,,cnv,MIR411,0.00016530852,IntegratedGradients
Erlotinib,0,,cnv,SNORD114-10,0.0005332146,IntegratedGradients
Erlotinib,0,,cnv,SNORD114-13,0.00014864071,IntegratedGradients
Erlotinib,0,,cnv,SNORD114-27,0.00029575307,IntegratedGradients
Erlotinib,0,,cnv,MIR654,9.760752e-05,IntegratedGradients
Erlotinib,0,,cnv,SNORD114-15,0.0002022563,IntegratedGradients
Erlotinib,0,,cnv,SNORD114-19,0.00011155152,IntegratedGradients
Erlotinib,0,,cnv,SNORD114-18,0.00016891619,IntegratedGradients
Erlotinib,0,,cnv,SNORD114-24,0.00015718325,IntegratedGradients
Erlotinib,0,,cnv,SNORD114-21,0.00023976326,IntegratedGradients
Erlotinib,0,,cnv,MIR380,0.00015052786,IntegratedGradients
Erlotinib,0,,cnv,SNORD114-20,0.00012408025,IntegratedGradients
Erlotinib,0,,cnv,SNORD114-22,0.00015675763,IntegratedGradients
Erlotinib,0,,cnv,SNORD114-23,0.00013222607,IntegratedGradients
Erlotinib,0,,cnv,MIR299,0.00022211335,IntegratedGradients
Erlotinib,0,,cnv,MIR1197,0.00041844285,IntegratedGradients
Erlotinib,0,,cnv,MIR543,0.00015747335,IntegratedGradients
Erlotinib,0,,cnv,SNORD114-14,0.00018709704,IntegratedGradients
Erlotinib,0,,cnv,MIR376A2,0.00012054158,IntegratedGradients
Erlotinib,0,,cnv,MIR1193,0.0002587338,IntegratedGradients
Erlotinib,0,,cnv,EPHB6,0.00029525836,IntegratedGradients
Erlotinib,0,,cnv,SNORD113-5,0.00014328379,IntegratedGradients
Erlotinib,0,,cnv,SNORD113-2,0.0001729809,IntegratedGradients
Erlotinib,0,,cnv,SNORD113-6,0.0003257217,IntegratedGradients
Erlotinib,0,,cnv,MIR433,0.0004431965,IntegratedGradients
Erlotinib,0,,cnv,MIR432,0.00013306004,IntegratedGradients
Erlotinib,0,,cnv,MIR493,0.00022606234,IntegratedGradients
Erlotinib,0,,cnv,MIR136,0.00013412678,IntegratedGradients
Erlotinib,0,,cnv,MIR337,0.00019122726,IntegratedGradients
Erlotinib,0,,cnv,MIR127,9.115255e-05,IntegratedGradients
Erlotinib,0,,cnv,MEG8,0.00018410414,IntegratedGradients
Erlotinib,0,,cnv,MIR770,0.00035965396,IntegratedGradients
Erlotinib,0,,cnv,SNORD113-4,0.00013608694,IntegratedGradients
Erlotinib,0,,cnv,MIR665,0.00038309718,IntegratedGradients
Erlotinib,0,,cnv,RTL1,0.000110446286,IntegratedGradients
Erlotinib,0,,cnv,MIR431,0.0002435594,IntegratedGradients
Erlotinib,0,,cnv,SNORD113-1,0.00018809926,IntegratedGradients
Erlotinib,0,,cnv,MEG3,0.00020090729,IntegratedGradients
Erlotinib,0,,cnv,MIR2392,0.00015413524,IntegratedGradients
Erlotinib,0,,cnv,NCOA6,0.00046729416,IntegratedGradients
Erlotinib,0,,cnv,TP53INP2,0.00072883256,IntegratedGradients
Erlotinib,0,,cnv,SNORD114-4,0.00021825157,IntegratedGradients
Erlotinib,0,,cnv,SNORD114-2,0.00019851846,IntegratedGradients
Erlotinib,0,,cnv,SNORD114-5,0.00029415163,IntegratedGradients
Erlotinib,0,,cnv,SNORD114-3,0.00016426688,IntegratedGradients
Erlotinib,0,,cnv,SNORD114-1,0.0001987395,IntegratedGradients
Erlotinib,0,,cnv,SNORD113-9,0.0003181114,IntegratedGradients
Erlotinib,0,,cnv,SNORD114-6,0.00033576426,IntegratedGradients
Erlotinib,0,,cnv,SNORD114-8,0.00019898202,IntegratedGradients
Erlotinib,0,,cnv,SNORD114-7,0.0005064443,IntegratedGradients
Erlotinib,0,,cnv,DKFZP586I1420,0.00059135986,IntegratedGradients
Erlotinib,0,,cnv,TBX20,0.0008792757,IntegratedGradients
Erlotinib,0,,cnv,PCNX4,0.00015072334,IntegratedGradients
Erlotinib,0,,cnv,FKBP9,0.0012229474,IntegratedGradients
Erlotinib,0,,cnv,MINDY4,0.00094836403,IntegratedGradients
Erlotinib,0,,cnv,INMT-MINDY4,0.001019046,IntegratedGradients
Erlotinib,0,,cnv,PRR15,0.00023352742,IntegratedGradients
Erlotinib,0,,cnv,STAG3L4,0.00078610843,IntegratedGradients
Erlotinib,0,,cnv,LOC646762,0.00033603638,IntegratedGradients
Erlotinib,0,,cnv,SNX10,0.00059876917,IntegratedGradients
Erlotinib,0,,cnv,ARF6,0.0012577426,IntegratedGradients
Erlotinib,0,,cnv,PPP1R17,0.0013806474,IntegratedGradients
Erlotinib,0,,cnv,CRHR2,0.000441879,IntegratedGradients
Erlotinib,0,,cnv,RP9P,0.0011025711,IntegratedGradients
Erlotinib,0,,cnv,EEPD1,0.0008159708,IntegratedGradients
Erlotinib,0,,cnv,AOAH,0.00096200756,IntegratedGradients
Erlotinib,0,,cnv,MEF2D,0.0011710487,IntegratedGradients
Erlotinib,0,,cnv,PGF,0.00060650345,IntegratedGradients
Erlotinib,0,,cnv,SCRN1,0.0007622398,IntegratedGradients
Erlotinib,0,,cnv,TOX2,0.0012353519,IntegratedGradients
Erlotinib,0,,cnv,AOAH-IT1,0.0010887841,IntegratedGradients
Erlotinib,0,,cnv,RPL13AP3,0.000464292,IntegratedGradients
Erlotinib,0,,cnv,LINC00520,0.0002204972,IntegratedGradients
Erlotinib,0,,cnv,ATG14,0.0001671086,IntegratedGradients
Erlotinib,0,,cnv,DHRS7,0.0002809088,IntegratedGradients
Erlotinib,0,,cnv,PPM1A,0.00018690844,IntegratedGradients
Erlotinib,0,,cnv,ZMIZ2,0.00071450375,IntegratedGradients
Erlotinib,0,,cnv,PLAGL2,0.00024313795,IntegratedGradients
Erlotinib,0,,cnv,TSPY26P,0.0003003116,IntegratedGradients
Erlotinib,0,,cnv,POFUT1,0.00034795422,IntegratedGradients
Erlotinib,0,,cnv,MIR148A,0.00033430711,IntegratedGradients
Erlotinib,0,,cnv,DPY19L2P1,0.0006455589,IntegratedGradients
Erlotinib,0,,cnv,SH2B2,0.00027564206,IntegratedGradients
Erlotinib,0,,cnv,LOC646999,0.00032582093,IntegratedGradients
Erlotinib,0,,cnv,RALA,0.00061719306,IntegratedGradients
Erlotinib,0,,cnv,YAE1,0.00044615383,IntegratedGradients
Erlotinib,0,,cnv,KIAA0895,0.00081159465,IntegratedGradients
Erlotinib,0,,cnv,TRPV6,0.00078646606,IntegratedGradients
Erlotinib,0,,cnv,MARK3,0.00014719932,IntegratedGradients
Erlotinib,0,,cnv,SNORA9,0.00033251263,IntegratedGradients
Erlotinib,0,,cnv,SNHG15,0.0004258254,IntegratedGradients
Erlotinib,0,,cnv,CCM2,0.00034265092,IntegratedGradients
Erlotinib,0,,cnv,ITPRID1,0.0015648259,IntegratedGradients
Erlotinib,0,,cnv,EFCAB11,0.0022564447,IntegratedGradients
Erlotinib,0,,cnv,PTPN21,0.0010507397,IntegratedGradients
Erlotinib,0,,cnv,OGDH,0.0004155838,IntegratedGradients
Erlotinib,0,,cnv,PPIA,0.00052475755,IntegratedGradients
Erlotinib,0,,cnv,RNU6-16P,0.0002583663,IntegratedGradients
Erlotinib,0,,cnv,AQP1,0.0011682977,IntegratedGradients
Erlotinib,0,,cnv,ANLN,0.0007576768,IntegratedGradients
Erlotinib,0,,cnv,STARD3NL,0.0010328684,IntegratedGradients
Erlotinib,0,,cnv,H2AFV,0.0008165811,IntegratedGradients
Erlotinib,0,,cnv,PURB,0.00057464454,IntegratedGradients
Erlotinib,0,,cnv,TIGD3,0.00048384065,IntegratedGradients
Erlotinib,0,,cnv,TNFAIP2,0.0008520165,IntegratedGradients
Erlotinib,0,,cnv,SLC2A10,0.0004215993,IntegratedGradients
Erlotinib,0,,cnv,FAM183BP,0.0005370387,IntegratedGradients
Erlotinib,0,,cnv,MIR550A2,0.0006769297,IntegratedGradients
Erlotinib,0,,cnv,MIR550B2,0.0007448006,IntegratedGradients
Erlotinib,0,,cnv,ZNRF2P1,0.00071543315,IntegratedGradients
Erlotinib,0,,cnv,LINC00997,0.00055628724,IntegratedGradients
Erlotinib,0,,cnv,MIR381,0.00018431451,IntegratedGradients
Erlotinib,0,,cnv,MIR134,0.00017614815,IntegratedGradients
Erlotinib,0,,cnv,MIR412,0.0002625066,IntegratedGradients
Erlotinib,0,,cnv,MIR485,0.00014684944,IntegratedGradients
Erlotinib,0,,cnv,MIR1185-2,0.00019124089,IntegratedGradients
Erlotinib,0,,cnv,MIR889,0.00010590051,IntegratedGradients
Erlotinib,0,,cnv,MEG9,0.00014815733,IntegratedGradients
Erlotinib,0,,cnv,MIR539,0.00022907835,IntegratedGradients
Erlotinib,0,,cnv,MIR541,0.00022725495,IntegratedGradients
Erlotinib,0,,cnv,MIR154,0.00033460621,IntegratedGradients
Erlotinib,0,,cnv,MIR369,0.00018038723,IntegratedGradients
Erlotinib,0,,cnv,MIR410,0.00011240681,IntegratedGradients
Erlotinib,0,,cnv,MIR496,0.00018184917,IntegratedGradients
Erlotinib,0,,cnv,MIR487B,0.00020993143,IntegratedGradients
Erlotinib,0,,cnv,MIR377,0.00013246898,IntegratedGradients
Erlotinib,0,,cnv,MIR668,0.00028837175,IntegratedGradients
Erlotinib,0,,cnv,MIR656,0.00021040805,IntegratedGradients
Erlotinib,0,,cnv,MIR409,0.00028097432,IntegratedGradients
Erlotinib,0,,cnv,MIR323B,0.00022761352,IntegratedGradients
Erlotinib,0,,cnv,MIR382,0.00027591857,IntegratedGradients
Erlotinib,0,,cnv,MIR655,0.00012507601,IntegratedGradients
Erlotinib,0,,cnv,MIR487A,0.00022407314,IntegratedGradients
Erlotinib,0,,cnv,LOC100289561,0.00029214358,IntegratedGradients
Erlotinib,0,,cnv,SPDYE6,0.0002447022,IntegratedGradients
Erlotinib,0,,cnv,LOC100630923,0.00015307176,IntegratedGradients
Erlotinib,0,,cnv,INMT,0.0004738804,IntegratedGradients
Erlotinib,0,,cnv,NPSR1-AS1,0.0010186784,IntegratedGradients
Erlotinib,0,,cnv,MIR550B1,0.00046496038,IntegratedGradients
Erlotinib,0,,cnv,ZNRF2,0.0003758869,IntegratedGradients
Erlotinib,0,,cnv,MIR550A1,0.00058316026,IntegratedGradients
Erlotinib,0,,cnv,PLEKHA8,0.0005326923,IntegratedGradients
Erlotinib,0,,cnv,FKBP14,0.00042069357,IntegratedGradients
Erlotinib,0,,cnv,BPIFB6,0.0006956864,IntegratedGradients
Erlotinib,0,,cnv,BPIFB2,0.00094315765,IntegratedGradients
Erlotinib,0,,cnv,KLHDC1,0.0010303748,IntegratedGradients
Erlotinib,0,,cnv,PMS2P4,0.00020050077,IntegratedGradients
Erlotinib,0,,cnv,LINC00265,0.0006042559,IntegratedGradients
Erlotinib,0,,cnv,RP9,0.0013724555,IntegratedGradients
Erlotinib,0,,cnv,EXOC3L4,0.001275099,IntegratedGradients
Erlotinib,0,,cnv,KLHDC2,0.0014199899,IntegratedGradients
Erlotinib,0,,cnv,TOMM34,0.00029534294,IntegratedGradients
Erlotinib,0,,cnv,SNX32,0.0003537772,IntegratedGradients
Erlotinib,0,,cnv,BPIFB3,0.0009231546,IntegratedGradients
Erlotinib,0,,cnv,BPIFB4,0.00070581376,IntegratedGradients
Erlotinib,0,,cnv,CYP3A7,0.0005752024,IntegratedGradients
Erlotinib,0,,cnv,CYP3A7-CYP3A51P,0.00029440643,IntegratedGradients
Erlotinib,0,,cnv,OCSTAMP,0.00032120795,IntegratedGradients
Erlotinib,0,,cnv,SEMG2,0.0003141939,IntegratedGradients
Erlotinib,0,,cnv,SEMG1,0.0002698879,IntegratedGradients
Erlotinib,0,,cnv,OSER1,0.0002964749,IntegratedGradients
Erlotinib,0,,cnv,SPATA7,0.0011070356,IntegratedGradients
Erlotinib,0,,cnv,FBXL13,0.0007021965,IntegratedGradients
Erlotinib,0,,cnv,LOC349160,0.0006380311,IntegratedGradients
Erlotinib,0,,cnv,MIR490,0.0007353484,IntegratedGradients
Erlotinib,0,,cnv,CHRM2,0.000736175,IntegratedGradients
Erlotinib,0,,cnv,PRSS37,0.00024381097,IntegratedGradients
Erlotinib,0,,cnv,ZNF124,0.0012018054,IntegratedGradients
Erlotinib,0,,cnv,C1orf229,0.0013379384,IntegratedGradients
Erlotinib,0,,cnv,ZNF669,0.0011297248,IntegratedGradients
Erlotinib,0,,cnv,KCNK13,0.00023615826,IntegratedGradients
Erlotinib,0,,cnv,SLC25A45,0.00028004666,IntegratedGradients
Erlotinib,0,,cnv,FRMD8,0.00032176584,IntegratedGradients
Erlotinib,0,,cnv,YY1,0.00024408092,IntegratedGradients
Erlotinib,0,,cnv,TP53RK,0.00027225242,IntegratedGradients
Erlotinib,0,,cnv,MIR1257,0.00057723257,IntegratedGradients
Erlotinib,0,,cnv,CDH4,0.0014152776,IntegratedGradients
Erlotinib,0,,cnv,CBLL1,0.00020758838,IntegratedGradients
Erlotinib,0,,cnv,CUX1,0.00046353677,IntegratedGradients
Erlotinib,0,,cnv,ADSSL1,0.0005136553,IntegratedGradients
Erlotinib,0,,cnv,KBTBD2,0.00072974095,IntegratedGradients
Erlotinib,0,,cnv,NEUROD6,0.0014016774,IntegratedGradients
Erlotinib,0,,cnv,MIR499B,0.0008353941,IntegratedGradients
Erlotinib,0,,cnv,TRPC4AP,0.00046399597,IntegratedGradients
Erlotinib,0,,cnv,MIR499A,0.00039948383,IntegratedGradients
Erlotinib,0,,cnv,SLC26A3,0.00019707726,IntegratedGradients
Erlotinib,0,,cnv,TDP1,0.00027664704,IntegratedGradients
Erlotinib,0,,cnv,ZBTB42,0.0005319962,IntegratedGradients
Erlotinib,0,,cnv,PABPC1L,0.00014813046,IntegratedGradients
Erlotinib,0,,cnv,MTURN,0.0005723387,IntegratedGradients
Erlotinib,0,,cnv,PI3,0.00013489513,IntegratedGradients
Erlotinib,0,,cnv,EIF1AD,0.00030610012,IntegratedGradients
Erlotinib,0,,cnv,BANF1,0.00039020082,IntegratedGradients
Erlotinib,0,,cnv,TTC8,0.0021704948,IntegratedGradients
Erlotinib,0,,cnv,SUN5,0.000973797,IntegratedGradients
Erlotinib,0,,cnv,AKT1,0.0005637874,IntegratedGradients
Erlotinib,0,,cnv,SIVA1,0.00058383023,IntegratedGradients
Erlotinib,0,,cnv,MIR4710,0.0006326661,IntegratedGradients
Erlotinib,0,,cnv,INF2,0.00044360725,IntegratedGradients
Erlotinib,0,,cnv,TAS2R5,0.00023203461,IntegratedGradients
Erlotinib,0,,cnv,EXOC4,0.00080587063,IntegratedGradients
Erlotinib,0,,cnv,YWHAB,0.00017395895,IntegratedGradients
Erlotinib,0,,cnv,OSER1-DT,0.0003296616,IntegratedGradients
Erlotinib,0,,cnv,DEGS2,0.00043293682,IntegratedGradients
Erlotinib,0,,cnv,HERPUD2,0.00064278574,IntegratedGradients
Erlotinib,0,,cnv,FKBP6,0.000279943,IntegratedGradients
Erlotinib,0,,cnv,STAG3L3,0.00065780204,IntegratedGradients
Erlotinib,0,,cnv,SLC25A47,0.00026640625,IntegratedGradients
Erlotinib,0,,cnv,SLC25A29,0.00016336872,IntegratedGradients
Erlotinib,0,,cnv,WARS,0.00022020933,IntegratedGradients
Erlotinib,0,,cnv,MIR345,0.00021000976,IntegratedGradients
Erlotinib,0,,cnv,JPH2,0.0002535648,IntegratedGradients
Erlotinib,0,,cnv,SS18L1,0.0008136044,IntegratedGradients
Erlotinib,0,,cnv,LSM14B,0.0003184813,IntegratedGradients
Erlotinib,0,,cnv,PSMA7,0.00088578643,IntegratedGradients
Erlotinib,0,,cnv,TMED4,0.0001597549,IntegratedGradients
Erlotinib,0,,cnv,LOC401324,0.00087718695,IntegratedGradients
Erlotinib,0,,cnv,APOPT1,0.00024707516,IntegratedGradients
Erlotinib,0,,cnv,ZFYVE21,0.00023547182,IntegratedGradients
Erlotinib,0,,cnv,KLC1,0.00012682898,IntegratedGradients
Erlotinib,0,,cnv,XRCC3,0.00025513986,IntegratedGradients
Erlotinib,0,,cnv,PPP1R13B,0.00020923189,IntegratedGradients
Erlotinib,0,,cnv,CKB,0.00015966932,IntegratedGradients
Erlotinib,0,,cnv,TRMT61A,0.00016197664,IntegratedGradients
Erlotinib,0,,cnv,BAG5,0.00014864956,IntegratedGradients
Erlotinib,0,,cnv,RAMP3,0.00044438877,IntegratedGradients
Erlotinib,0,,cnv,MGAM2,0.00030105995,IntegratedGradients
Erlotinib,0,,cnv,PCMTD2,0.0004683889,IntegratedGradients
Erlotinib,0,,cnv,ZNF496,0.00021486254,IntegratedGradients
Erlotinib,0,,cnv,CINP,0.0009055335,IntegratedGradients
Erlotinib,0,,cnv,EML5,0.0014924668,IntegratedGradients
Erlotinib,0,,cnv,NOL4L-DT,0.00019548024,IntegratedGradients
Erlotinib,0,,cnv,GGT7,0.00055242504,IntegratedGradients
Erlotinib,0,,cnv,HMGB3P1,0.0003532598,IntegratedGradients
Erlotinib,0,,cnv,ZNF839,0.0006065056,IntegratedGradients
Erlotinib,0,,cnv,MTG2,0.00077261403,IntegratedGradients
Erlotinib,0,,cnv,BPIFA3,0.00079403457,IntegratedGradients
Erlotinib,0,,cnv,ZC3H14,0.0014668878,IntegratedGradients
Erlotinib,0,,cnv,MIR4468,0.00036518785,IntegratedGradients
Erlotinib,0,,cnv,LRRC17,0.00055681553,IntegratedGradients
Erlotinib,0,,cnv,CLEC5A,0.00043139738,IntegratedGradients
Erlotinib,0,,cnv,TAS2R38,0.00036337393,IntegratedGradients
Erlotinib,0,,cnv,OR9A4,0.00031938934,IntegratedGradients
Erlotinib,0,,cnv,MGAM,0.0002861798,IntegratedGradients
Erlotinib,0,,cnv,CHCHD3,0.0006305127,IntegratedGradients
Erlotinib,0,,cnv,TAF4,0.0008210702,IntegratedGradients
Erlotinib,0,,cnv,TBRG4,0.00023524452,IntegratedGradients
Erlotinib,0,,cnv,NACAD,0.0003326127,IntegratedGradients
Erlotinib,0,,cnv,HRH3,0.00075837265,IntegratedGradients
Erlotinib,0,,cnv,ELMO1,0.0010036689,IntegratedGradients
Erlotinib,0,,cnv,MIR5580,0.00022044196,IntegratedGradients
Erlotinib,0,,cnv,SP4,0.0004738701,IntegratedGradients
Erlotinib,0,,cnv,NRCAM,0.00025640015,IntegratedGradients
Erlotinib,0,,cnv,ARMC10,0.00080480403,IntegratedGradients
Erlotinib,0,,cnv,KIAA1147,0.00034437428,IntegratedGradients
Erlotinib,0,,cnv,NME8,0.0010911427,IntegratedGradients
Erlotinib,0,,cnv,SFRP4,0.001099984,IntegratedGradients
Erlotinib,0,,cnv,STEAP1B,0.0002201737,IntegratedGradients
Erlotinib,0,,cnv,C14orf39,0.00016200329,IntegratedGradients
Erlotinib,0,,cnv,LOC100129148,0.00022633973,IntegratedGradients
Erlotinib,0,,cnv,GSS,0.0002345348,IntegratedGradients
Erlotinib,0,,cnv,SLC13A3,0.00039657913,IntegratedGradients
Erlotinib,0,,cnv,DPF2,0.00038055875,IntegratedGradients
Erlotinib,0,,cnv,MYH7B,0.00074351375,IntegratedGradients
Erlotinib,0,,cnv,ACSS2,0.00034661844,IntegratedGradients
Erlotinib,0,,cnv,KIF3B,0.00065328245,IntegratedGradients
Erlotinib,0,,cnv,HSP90AA1,0.0006813603,IntegratedGradients
Erlotinib,0,,cnv,KLRG2,0.0002110921,IntegratedGradients
Erlotinib,0,,cnv,C7orf55-LUC7L2,0.00046595017,IntegratedGradients
Erlotinib,0,,cnv,FMC1,0.0002136308,IntegratedGradients
Erlotinib,0,,cnv,LUC7L2,0.0004922118,IntegratedGradients
Erlotinib,0,,cnv,ALKBH4,0.00037502643,IntegratedGradients
Erlotinib,0,,cnv,ZSCAN25,0.0006649163,IntegratedGradients
Erlotinib,0,,cnv,WEE2,0.0004620889,IntegratedGradients
Erlotinib,0,,cnv,WEE2-AS1,0.000589334,IntegratedGradients
Erlotinib,0,,cnv,BCAP29,0.0002934385,IntegratedGradients
Erlotinib,0,,cnv,DUS4L,0.00037917754,IntegratedGradients
Erlotinib,0,,cnv,PDIA4,0.00021901504,IntegratedGradients
Erlotinib,0,,cnv,EPDR1,0.0011841411,IntegratedGradients
Erlotinib,0,,cnv,BUD31,0.00080391543,IntegratedGradients
Erlotinib,0,,cnv,PPP2R5C,0.00038059452,IntegratedGradients
Erlotinib,0,,cnv,CYP3A4,0.00064859405,IntegratedGradients
Erlotinib,0,,cnv,BPIFA4P,0.001062465,IntegratedGradients
Erlotinib,0,,cnv,BPIFA2,0.00085663097,IntegratedGradients
Erlotinib,0,,cnv,STK4-AS1,0.00019252047,IntegratedGradients
Erlotinib,0,,cnv,STK4,0.00013866993,IntegratedGradients
Erlotinib,0,,cnv,RAPGEF5,0.0004923849,IntegratedGradients
Erlotinib,0,,cnv,AVL9,0.0010483563,IntegratedGradients
Erlotinib,0,,cnv,MIR3916,0.0008261046,IntegratedGradients
Erlotinib,0,,cnv,DYNC1H1,0.00042430894,IntegratedGradients
Erlotinib,0,,cnv,GCSAML-AS1,0.0005055766,IntegratedGradients
Erlotinib,0,,cnv,OR2C3,0.00037742578,IntegratedGradients
Erlotinib,0,,cnv,GCSAML,0.0002627587,IntegratedGradients
Erlotinib,0,,cnv,TMEM179,0.00019416527,IntegratedGradients
Erlotinib,0,,cnv,CYP3A5,0.00083778595,IntegratedGradients
Erlotinib,0,,cnv,KIAA1549,0.000183514,IntegratedGradients
Erlotinib,0,,cnv,OR2W5,0.0003942625,IntegratedGradients
Erlotinib,0,,cnv,NDUFB1,0.00029877582,IntegratedGradients
Erlotinib,0,,cnv,CPSF2,0.0005039885,IntegratedGradients
Erlotinib,0,,cnv,CATSPER1,0.00034372957,IntegratedGradients
Erlotinib,0,,cnv,SIX6,0.00035861463,IntegratedGradients
Erlotinib,0,,cnv,TAS2R4,0.00033662573,IntegratedGradients
Erlotinib,0,,cnv,TAS2R3,0.0002569359,IntegratedGradients
Erlotinib,0,,cnv,SSBP1,0.00039956986,IntegratedGradients
Erlotinib,0,,cnv,OR2B11,0.00033765138,IntegratedGradients
Erlotinib,0,,cnv,NLRP3,0.00053400017,IntegratedGradients
Erlotinib,0,,cnv,EIF2B2,0.00034610715,IntegratedGradients
Erlotinib,0,,cnv,MLH3,0.00014945847,IntegratedGradients
Erlotinib,0,,cnv,ZC2HC1C,0.00033798988,IntegratedGradients
Erlotinib,0,,cnv,ACYP1,0.00020576023,IntegratedGradients
Erlotinib,0,,cnv,DLD,0.00014915418,IntegratedGradients
Erlotinib,0,,cnv,TECPR2,0.00057112164,IntegratedGradients
Erlotinib,0,,cnv,SLC26A4,0.00018932625,IntegratedGradients
Erlotinib,0,,cnv,SLC26A4-AS1,0.00023068614,IntegratedGradients
Erlotinib,0,,cnv,CDCA4,0.00032771996,IntegratedGradients
Erlotinib,0,,cnv,ZNF655,0.00043404984,IntegratedGradients
Erlotinib,0,,cnv,ZNF394,0.00053639384,IntegratedGradients
Erlotinib,0,,cnv,TMEM225B,0.0005558871,IntegratedGradients
Erlotinib,0,,cnv,FAM200A,0.00049203966,IntegratedGradients
Erlotinib,0,,cnv,ZKSCAN5,0.00068447663,IntegratedGradients
Erlotinib,0,,cnv,UBE2Z,0.00065665966,IntegratedGradients
Erlotinib,0,,cnv,AKR1D1,0.0006237231,IntegratedGradients
Erlotinib,0,,cnv,SEPT7P2,0.00047961343,IntegratedGradients
Erlotinib,0,,cnv,SLC35B4,0.00084615743,IntegratedGradients
Erlotinib,0,,cnv,ORAI2,0.00015588768,IntegratedGradients
Erlotinib,0,,cnv,MOK,0.00056384876,IntegratedGradients
Erlotinib,0,,cnv,CDC42EP2,0.0006935372,IntegratedGradients
Erlotinib,0,,cnv,PRKRIP1,0.0004294729,IntegratedGradients
Erlotinib,0,,cnv,CCZ1P-OR7E38P,0.00026761732,IntegratedGradients
Erlotinib,0,,cnv,CASTOR2,0.00027551284,IntegratedGradients
Erlotinib,0,,cnv,GTF2IP1,0.00032020078,IntegratedGradients
Erlotinib,0,,cnv,PTCD1,0.000526795,IntegratedGradients
Erlotinib,0,,cnv,ATP5MF,0.00024135475,IntegratedGradients
Erlotinib,0,,cnv,ZNF789,0.00068523124,IntegratedGradients
Erlotinib,0,,cnv,ATP5MF-PTCD1,0.0005870576,IntegratedGradients
Erlotinib,0,,cnv,CPSF4,0.00063643197,IntegratedGradients
Erlotinib,0,,cnv,NRDE2,0.00035351425,IntegratedGradients
Erlotinib,0,,cnv,PSMC1,0.0006626656,IntegratedGradients
Erlotinib,0,,cnv,HIPK2,0.0002983515,IntegratedGradients
Erlotinib,0,,cnv,CDK13,0.0003112774,IntegratedGradients
Erlotinib,0,,cnv,ADCY1,0.00043714468,IntegratedGradients
Erlotinib,0,,cnv,LAMB1,0.00048533504,IntegratedGradients
Erlotinib,0,,cnv,TNS3,0.00028100266,IntegratedGradients
Erlotinib,0,,cnv,DDX56,0.00028002486,IntegratedGradients
Erlotinib,0,,cnv,LINC00239,0.00044900595,IntegratedGradients
Erlotinib,0,,cnv,CLEC2L,0.00024819706,IntegratedGradients
Erlotinib,0,,cnv,ZNF777,0.00039463272,IntegratedGradients
Erlotinib,0,,cnv,ATP5MC1,0.00052199623,IntegratedGradients
Erlotinib,0,,cnv,ZNF467,0.0005682188,IntegratedGradients
Erlotinib,0,,cnv,SSPO,0.00032801757,IntegratedGradients
Erlotinib,0,,cnv,ZNF862,0.00033446358,IntegratedGradients
Erlotinib,0,,cnv,NPC1L1,0.00016984805,IntegratedGradients
Erlotinib,0,,cnv,KCNS1,0.00021615256,IntegratedGradients
Erlotinib,0,,cnv,ZNF282,0.00036455717,IntegratedGradients
Erlotinib,0,,cnv,NEK9,0.00025757187,IntegratedGradients
Erlotinib,0,,cnv,MIR5191,0.00148671,IntegratedGradients
Erlotinib,0,,cnv,SIX1,0.00019786147,IntegratedGradients
Erlotinib,0,,cnv,WFDC5,0.0001081018,IntegratedGradients
Erlotinib,0,,cnv,LOC155060,0.0005533304,IntegratedGradients
Erlotinib,0,,cnv,ZNF783,0.0008230183,IntegratedGradients
Erlotinib,0,,cnv,ZNF212,0.0005016807,IntegratedGradients
Erlotinib,0,,cnv,SEPT7,0.0007901324,IntegratedGradients
Erlotinib,0,,cnv,CNTNAP2,0.0006266853,IntegratedGradients
Erlotinib,0,,cnv,SIX4,0.0001974013,IntegratedGradients
Erlotinib,0,,cnv,PGAM2,0.0002561905,IntegratedGradients
Erlotinib,0,,cnv,YKT6,0.00027474551,IntegratedGradients
Erlotinib,0,,cnv,GCK,0.00028218052,IntegratedGradients
Erlotinib,0,,cnv,SPDYE1,0.00028768566,IntegratedGradients
Erlotinib,0,,cnv,LINC00957,0.00012505343,IntegratedGradients
Erlotinib,0,,cnv,CAMK2B,0.0002708498,IntegratedGradients
Erlotinib,0,,cnv,MYL7,0.00046264296,IntegratedGradients
Erlotinib,0,,cnv,MIR4649,0.00014045584,IntegratedGradients
Erlotinib,0,,cnv,POLM,0.0002869626,IntegratedGradients
Erlotinib,0,,cnv,RASA4CP,0.00014623255,IntegratedGradients
Erlotinib,0,,cnv,DBNL,0.00025648248,IntegratedGradients
Erlotinib,0,,cnv,POLD2,0.00025804507,IntegratedGradients
Erlotinib,0,,cnv,AEBP1,0.00027348695,IntegratedGradients
Erlotinib,0,,cnv,ZNF398,0.0002507221,IntegratedGradients
Erlotinib,0,,cnv,ZNF786,0.0005842426,IntegratedGradients
Erlotinib,0,,cnv,ZNF425,0.0004948224,IntegratedGradients
Erlotinib,0,,cnv,NGB,0.00022548361,IntegratedGradients
Erlotinib,0,,cnv,POMT2,0.00055564824,IntegratedGradients
Erlotinib,0,,cnv,ABCB5,0.0004959397,IntegratedGradients
Erlotinib,0,,cnv,GSTZ1,0.0005440969,IntegratedGradients
Erlotinib,0,,cnv,TMED10,0.0005109612,IntegratedGradients
Erlotinib,0,,cnv,KRBA1,0.0005000998,IntegratedGradients
Erlotinib,0,,cnv,MNAT1,0.00078993686,IntegratedGradients
Erlotinib,0,,cnv,ZNF746,0.000245382,IntegratedGradients
Erlotinib,0,,cnv,ZNF334,0.00044697593,IntegratedGradients
Erlotinib,0,,cnv,CUL1,0.00028598055,IntegratedGradients
Erlotinib,0,,cnv,ASXL1,0.0004818068,IntegratedGradients
Erlotinib,0,,cnv,ZNF663P,0.00039449116,IntegratedGradients
Erlotinib,0,,cnv,MKRN7P,0.00047447352,IntegratedGradients
Erlotinib,0,,cnv,PTGDR,0.0003648064,IntegratedGradients
Erlotinib,0,,cnv,NOL4L,0.00029626917,IntegratedGradients
Erlotinib,0,,cnv,MIR644A,0.0011539373,IntegratedGradients
Erlotinib,0,,cnv,POLR2J4,0.00015415858,IntegratedGradients
Erlotinib,0,,cnv,VASH1,0.00048723043,IntegratedGradients
Erlotinib,0,,cnv,ZNF3,0.00022392879,IntegratedGradients
Erlotinib,0,,cnv,SAMD15,0.0005493992,IntegratedGradients
Erlotinib,0,,cnv,TMED8,0.00038300376,IntegratedGradients
Erlotinib,0,,cnv,CREB5,0.00054822123,IntegratedGradients
Erlotinib,0,,cnv,LINC01220,0.00040804915,IntegratedGradients
Erlotinib,0,,cnv,GPR141,0.0011891217,IntegratedGradients
Erlotinib,0,,cnv,ZSCAN21,0.00038457545,IntegratedGradients
Erlotinib,0,,cnv,THAP5,0.00041576204,IntegratedGradients
Erlotinib,0,,cnv,VIPAS39,0.00068969326,IntegratedGradients
Erlotinib,0,,cnv,NOXRED1,0.0005763311,IntegratedGradients
Erlotinib,0,,cnv,COG5,0.00020911623,IntegratedGradients
Erlotinib,0,,cnv,HBP1,0.00036308303,IntegratedGradients
Erlotinib,0,,cnv,CGRRF1,0.00020246723,IntegratedGradients
Erlotinib,0,,cnv,SAMD4A,0.0002123225,IntegratedGradients
Erlotinib,0,,cnv,FRMD6-AS1,0.0003961758,IntegratedGradients
Erlotinib,0,,cnv,STAG3,0.00022333476,IntegratedGradients
Erlotinib,0,,cnv,NUDCD3,0.00016359998,IntegratedGradients
Erlotinib,0,,cnv,GPC2,0.0004340409,IntegratedGradients
Erlotinib,0,,cnv,LAMTOR4,0.00019829955,IntegratedGradients
Erlotinib,0,,cnv,GAL3ST4,0.00024591872,IntegratedGradients
Erlotinib,0,,cnv,C7orf43,0.00014189696,IntegratedGradients
Erlotinib,0,,cnv,MIR4658,0.00014506509,IntegratedGradients
Erlotinib,0,,cnv,COPS6,0.00013447247,IntegratedGradients
Erlotinib,0,,cnv,MCM7,0.0005067039,IntegratedGradients
Erlotinib,0,,cnv,PRSS58,0.00077273743,IntegratedGradients
Erlotinib,0,,cnv,GPR68,0.00010937686,IntegratedGradients
Erlotinib,0,,cnv,CCDC88C,0.00032088585,IntegratedGradients
Erlotinib,0,,cnv,ANGEL1,0.0003491711,IntegratedGradients
Erlotinib,0,,cnv,CDK14,0.0003030305,IntegratedGradients
Erlotinib,0,,cnv,JDP2,0.00025028526,IntegratedGradients
Erlotinib,0,,cnv,UBE2D4,0.00033110942,IntegratedGradients
Erlotinib,0,,cnv,MOXD2P,0.0007816679,IntegratedGradients
Erlotinib,0,,cnv,SERPINA13P,0.0008504086,IntegratedGradients
Erlotinib,0,,cnv,TPX2,0.00027472168,IntegratedGradients
Erlotinib,0,,cnv,SERPINA3,0.0008391282,IntegratedGradients
Erlotinib,0,,cnv,LRRC74A,0.00025393136,IntegratedGradients
Erlotinib,0,,cnv,STAG3L2,0.00054498576,IntegratedGradients
Erlotinib,0,,cnv,PMS2P5,0.0003573816,IntegratedGradients
Erlotinib,0,,cnv,CLBA1,0.00061444734,IntegratedGradients
Erlotinib,0,,cnv,JAZF1-AS1,0.0005118795,IntegratedGradients
Erlotinib,0,,cnv,LINC00642,0.00044103633,IntegratedGradients
Erlotinib,0,,cnv,TBXAS1,0.00020681867,IntegratedGradients
Erlotinib,0,,cnv,NID2,0.00037978453,IntegratedGradients
Erlotinib,0,,cnv,RPL19P12,0.0005716179,IntegratedGradients
Erlotinib,0,,cnv,DPY19L2P2,0.0005801136,IntegratedGradients
Erlotinib,0,,cnv,MYL10,0.0005019112,IntegratedGradients
Erlotinib,0,,cnv,EML1,0.00055504753,IntegratedGradients
Erlotinib,0,,cnv,NRXN3,0.00037565015,IntegratedGradients
Erlotinib,0,,cnv,SERPINA4,0.00070190546,IntegratedGradients
Erlotinib,0,,cnv,MMP24,0.00061953824,IntegratedGradients
Erlotinib,0,,cnv,DPY19L1P1,0.0010425416,IntegratedGradients
Erlotinib,0,,cnv,MIR106B,0.00034051083,IntegratedGradients
Erlotinib,0,,cnv,MIR93,0.00016450329,IntegratedGradients
Erlotinib,0,,cnv,MIR25,0.0001379299,IntegratedGradients
Erlotinib,0,,cnv,TAF6,0.0003510894,IntegratedGradients
Erlotinib,0,,cnv,AP4M1,0.00024446173,IntegratedGradients
Erlotinib,0,,cnv,CNPY4,0.00050702953,IntegratedGradients
Erlotinib,0,,cnv,SERPINA5,0.0006258183,IntegratedGradients
Erlotinib,0,,cnv,SPTLC2,0.0006528428,IntegratedGradients
Erlotinib,0,,cnv,AHNAK2,0.0010248045,IntegratedGradients
Erlotinib,0,,cnv,PLD4,0.0009096223,IntegratedGradients
Erlotinib,0,,cnv,PIGU,0.001134298,IntegratedGradients
Erlotinib,0,,cnv,DYNLRB1,0.00077117933,IntegratedGradients
Erlotinib,0,,cnv,MAP1LC3A,0.0010353365,IntegratedGradients
Erlotinib,0,,cnv,MIR4650-1,0.002601887,IntegratedGradients
Erlotinib,0,,cnv,POM121C,0.00040365092,IntegratedGradients
Erlotinib,0,,cnv,NSUN5P1,0.0007418848,IntegratedGradients
Erlotinib,0,,cnv,TYW1B,0.0019232498,IntegratedGradients
Erlotinib,0,,cnv,AREL1,0.0004957484,IntegratedGradients
Erlotinib,0,,cnv,MMP24OS,0.00073184737,IntegratedGradients
Erlotinib,0,,cnv,EIF6,0.0007734306,IntegratedGradients
Erlotinib,0,,cnv,MIR4308,0.0003254652,IntegratedGradients
Erlotinib,0,,cnv,GCH1,0.0003312373,IntegratedGradients
Erlotinib,0,,cnv,PTN,0.0011457689,IntegratedGradients
Erlotinib,0,,cnv,CDCA7L,0.00028006267,IntegratedGradients
Erlotinib,0,,cnv,FCF1,0.001326622,IntegratedGradients
Erlotinib,0,,cnv,DCAF4,0.00020246608,IntegratedGradients
Erlotinib,0,,cnv,NAPEPLD,0.0002896639,IntegratedGradients
Erlotinib,0,,cnv,RCC1L,0.0005538266,IntegratedGradients
Erlotinib,0,,cnv,CDKN3,0.0005782304,IntegratedGradients
Erlotinib,0,,cnv,CNIH1,0.00039824005,IntegratedGradients
Erlotinib,0,,cnv,FAM83C,0.000565525,IntegratedGradients
Erlotinib,0,,cnv,URGCP,0.00034136654,IntegratedGradients
Erlotinib,0,,cnv,MRPS24,0.00034919154,IntegratedGradients
Erlotinib,0,,cnv,URGCP-MRPS24,0.00026287668,IntegratedGradients
Erlotinib,0,,cnv,CALM1,0.00014412201,IntegratedGradients
Erlotinib,0,,cnv,C7orf65,0.0005331042,IntegratedGradients
Erlotinib,0,,cnv,ZNF767P,0.00059593,IntegratedGradients
Erlotinib,0,,cnv,GMFB,0.0005491859,IntegratedGradients
Erlotinib,0,,cnv,GTF2IRD2B,0.00048277006,IntegratedGradients
Erlotinib,0,,cnv,ATP8B2,0.00014311221,IntegratedGradients
Erlotinib,0,,cnv,SLC35C2,0.0005177918,IntegratedGradients
Erlotinib,0,,cnv,BMP4,0.00018651468,IntegratedGradients
Erlotinib,0,,cnv,ZNF335,0.00021675609,IntegratedGradients
Erlotinib,0,,cnv,SYNDIG1L,0.0010106807,IntegratedGradients
Erlotinib,0,,cnv,RTRAF,0.00026707433,IntegratedGradients
Erlotinib,0,,cnv,LINC00648,0.0016051731,IntegratedGradients
Erlotinib,0,,cnv,ADCK1,0.00030798157,IntegratedGradients
Erlotinib,0,,cnv,CPVL,0.00026250136,IntegratedGradients
Erlotinib,0,,cnv,FOXN3-AS2,0.0018731367,IntegratedGradients
Erlotinib,0,,cnv,FOS,0.00037066848,IntegratedGradients
Erlotinib,0,,cnv,LAMB4,0.00050595775,IntegratedGradients
Erlotinib,0,,cnv,PTGER2,0.000541591,IntegratedGradients
Erlotinib,0,,cnv,VRTN,0.0011223829,IntegratedGradients
Erlotinib,0,,cnv,FERD3L,0.0009797898,IntegratedGradients
Erlotinib,0,,cnv,ASNS,0.00034663297,IntegratedGradients
Erlotinib,0,,cnv,SUGCT,0.00041392134,IntegratedGradients
Erlotinib,0,,cnv,GSC,0.001297473,IntegratedGradients
Erlotinib,0,,cnv,TMEM229A,0.0002802253,IntegratedGradients
Erlotinib,0,,cnv,TWIST1,0.0008109659,IntegratedGradients
Erlotinib,0,,cnv,IQGAP3,0.0012296981,IntegratedGradients
Erlotinib,0,,cnv,TAC1,0.0012690484,IntegratedGradients
Erlotinib,0,,cnv,RPS6KA5,0.00049819093,IntegratedGradients
Erlotinib,0,,cnv,ESRRB,0.0003543682,IntegratedGradients
Erlotinib,0,,cnv,CHGA,0.00082398625,IntegratedGradients
Erlotinib,0,,cnv,ASB15,0.00067045004,IntegratedGradients
Erlotinib,0,,cnv,LINC00525,0.0005937139,IntegratedGradients
Erlotinib,0,,cnv,NCOA5,0.00073635107,IntegratedGradients
Erlotinib,0,,cnv,WDHD1,0.0002744333,IntegratedGradients
Erlotinib,0,,cnv,LOC100506497,0.00017810344,IntegratedGradients
Erlotinib,0,,cnv,HOXA11-AS,0.000463745,IntegratedGradients
Erlotinib,0,,cnv,MALAT1,0.0003601373,IntegratedGradients
Erlotinib,0,,cnv,CASTOR3,0.00020041796,IntegratedGradients
Erlotinib,0,,cnv,SOCS4,0.000565054,IntegratedGradients
Erlotinib,0,,cnv,C7orf33,0.00021334186,IntegratedGradients
Erlotinib,0,,cnv,MIR1247,0.00013460052,IntegratedGradients
Erlotinib,0,,cnv,DIO3,0.00018691826,IntegratedGradients
Erlotinib,0,,cnv,SNW1,0.0004102495,IntegratedGradients
Erlotinib,0,,cnv,SLIRP,0.00058386324,IntegratedGradients
Erlotinib,0,,cnv,TMEM30B,0.0008042101,IntegratedGradients
Erlotinib,0,,cnv,INHBA-AS1,0.000757558,IntegratedGradients
Erlotinib,0,,cnv,LGMN,0.00044264656,IntegratedGradients
Erlotinib,0,,cnv,GNG2,0.0003249968,IntegratedGradients
Erlotinib,0,,cnv,CYP3A43,0.00073834765,IntegratedGradients
Erlotinib,0,,cnv,KTN1-AS1,0.0010661042,IntegratedGradients
Erlotinib,0,,cnv,KTN1,0.00050027476,IntegratedGradients
Erlotinib,0,,cnv,ING3,0.0011539974,IntegratedGradients
Erlotinib,0,,cnv,GOLGA5,0.0005692437,IntegratedGradients
Erlotinib,0,,cnv,NDUFA5,0.00033225276,IntegratedGradients
Erlotinib,0,,cnv,ISCA2,0.0008732191,IntegratedGradients
Erlotinib,0,,cnv,NPC2,0.0007867535,IntegratedGradients
Erlotinib,0,,cnv,LTBP2,0.0009272654,IntegratedGradients
Erlotinib,0,,cnv,GLI3,0.00046583824,IntegratedGradients
Erlotinib,0,,cnv,PRKCH,0.00091408635,IntegratedGradients
Erlotinib,0,,cnv,AGK,0.00029194547,IntegratedGradients
Erlotinib,0,,cnv,AZGP1P1,0.0006976497,IntegratedGradients
Erlotinib,0,,cnv,ZKSCAN1,0.00045938618,IntegratedGradients
Erlotinib,0,,cnv,TRIM4,0.000562219,IntegratedGradients
Erlotinib,0,,cnv,GJC3,0.0004356955,IntegratedGradients
Erlotinib,0,,cnv,INHBA,0.00051467627,IntegratedGradients
Erlotinib,0,,cnv,AAR2,0.00059294276,IntegratedGradients
Erlotinib,0,,cnv,TTC7B,0.00033880878,IntegratedGradients
Erlotinib,0,,cnv,STK17A,0.00019297714,IntegratedGradients
Erlotinib,0,,cnv,COA1,0.00021363991,IntegratedGradients
Erlotinib,0,,cnv,KIF26A,0.00031806392,IntegratedGradients
Erlotinib,0,,cnv,TRIM24,0.0006728291,IntegratedGradients
Erlotinib,0,,cnv,SERPINA1,0.00080571923,IntegratedGradients
Erlotinib,0,,cnv,GPR132,0.00032311515,IntegratedGradients
Erlotinib,0,,cnv,ASPG,0.00046969252,IntegratedGradients
Erlotinib,0,,cnv,MIR203B,0.00046056786,IntegratedGradients
Erlotinib,0,,cnv,MIR203A,0.0005799863,IntegratedGradients
Erlotinib,0,,cnv,ITPK1,0.00089774875,IntegratedGradients
Erlotinib,0,,cnv,MMP9,0.00032169643,IntegratedGradients
Erlotinib,0,,cnv,CPED1,0.0011154971,IntegratedGradients
Erlotinib,0,,cnv,FOXN3-AS1,0.0013935836,IntegratedGradients
Erlotinib,0,,cnv,TNPO3,0.0003191857,IntegratedGradients
Erlotinib,0,,cnv,SLC38A6,0.00028797888,IntegratedGradients
Erlotinib,0,,cnv,TRMT5,0.0007583955,IntegratedGradients
Erlotinib,0,,cnv,FAM71F1,0.0005053369,IntegratedGradients
Erlotinib,0,,cnv,HYAL4,0.00045134983,IntegratedGradients
Erlotinib,0,,cnv,HYAL6P,0.00027280033,IntegratedGradients
Erlotinib,0,,cnv,SPAM1,0.0006510034,IntegratedGradients
Erlotinib,0,,cnv,WASL,0.00016308003,IntegratedGradients
Erlotinib,0,,cnv,CD40,0.00047575383,IntegratedGradients
Erlotinib,0,,cnv,FAM71F2,0.00028518523,IntegratedGradients
Erlotinib,0,,cnv,MIR3173,0.000696222,IntegratedGradients
Erlotinib,0,,cnv,DICER1-AS1,0.00068279175,IntegratedGradients
Erlotinib,0,,cnv,CLMN,0.0005922107,IntegratedGradients
Erlotinib,0,,cnv,DICER1,0.000813355,IntegratedGradients
Erlotinib,0,,cnv,UQCC1,0.00069403637,IntegratedGradients
Erlotinib,0,,cnv,C7orf69,0.0005970677,IntegratedGradients
Erlotinib,0,,cnv,RIN3,0.0003304018,IntegratedGradients
Erlotinib,0,,cnv,LMOD2,0.00029326932,IntegratedGradients
Erlotinib,0,,cnv,LINC00871,0.0013465298,IntegratedGradients
Erlotinib,0,,cnv,PCIF1,0.00016756995,IntegratedGradients
Erlotinib,0,,cnv,IQUB,0.00055551226,IntegratedGradients
Erlotinib,0,,cnv,DNAH11,0.00014494912,IntegratedGradients
Erlotinib,0,,cnv,TPI1P2,0.00031846255,IntegratedGradients
Erlotinib,0,,cnv,OR2AE1,0.00091433676,IntegratedGradients
Erlotinib,0,,cnv,PKD1L1,0.00051700626,IntegratedGradients
Erlotinib,0,,cnv,SNORA11B,0.0002787873,IntegratedGradients
Erlotinib,0,,cnv,C14orf178,0.00040968944,IntegratedGradients
Erlotinib,0,,cnv,IRF5,0.00023020823,IntegratedGradients
Erlotinib,0,,cnv,BPIFA1,0.0009087889,IntegratedGradients
Erlotinib,0,,cnv,TSPAN12,0.0012965199,IntegratedGradients
Erlotinib,0,,cnv,SLC12A5,0.0002490502,IntegratedGradients
Erlotinib,0,,cnv,PLTP,0.00016559515,IntegratedGradients
Erlotinib,0,,cnv,TMEM178B,0.00034666903,IntegratedGradients
Erlotinib,0,,cnv,SYNJ2BP-COX16,0.0010319412,IntegratedGradients
Erlotinib,0,,cnv,COX16,0.0009749239,IntegratedGradients
Erlotinib,0,,cnv,CTSA,0.000395386,IntegratedGradients
Erlotinib,0,,cnv,CYP46A1,0.000446966,IntegratedGradients
Erlotinib,0,,cnv,MIR5698,0.0005273617,IntegratedGradients
Erlotinib,0,,cnv,ZDHHC22,0.00043890602,IntegratedGradients
Erlotinib,0,,cnv,CDC14C,0.00088232727,IntegratedGradients
Erlotinib,0,,cnv,NEURL2,0.00032487695,IntegratedGradients
Erlotinib,0,,cnv,ZSWIM1,0.00017252886,IntegratedGradients
Erlotinib,0,,cnv,SPATA25,0.00020250291,IntegratedGradients
Erlotinib,0,,cnv,ITCH,0.0013256762,IntegratedGradients
Erlotinib,0,,cnv,ATP6V0A4,0.0004566877,IntegratedGradients
Erlotinib,0,,cnv,CDH22,0.00022006527,IntegratedGradients
Erlotinib,0,,cnv,SNTA1,0.0003130278,IntegratedGradients
Erlotinib,0,,cnv,SNX13,0.0009811735,IntegratedGradients
Erlotinib,0,,cnv,PNPLA8,0.00028866256,IntegratedGradients
Erlotinib,0,,cnv,SERPINA6,0.00018927689,IntegratedGradients
Erlotinib,0,,cnv,SEMA3A,0.0015451263,IntegratedGradients
Erlotinib,0,,cnv,VWC2,0.0013929785,IntegratedGradients
Erlotinib,0,,cnv,UBN2,0.00046790933,IntegratedGradients
Erlotinib,0,,cnv,TTC26,0.0006072478,IntegratedGradients
Erlotinib,0,,cnv,GPATCH2L,0.0002512706,IntegratedGradients
Erlotinib,0,,cnv,PRPS1L1,0.00089320313,IntegratedGradients
Erlotinib,0,,cnv,DGLUCY,0.000106577776,IntegratedGradients
Erlotinib,0,,cnv,HDAC9,0.0009985088,IntegratedGradients
Erlotinib,0,,cnv,IRF2BPL,0.00063495274,IntegratedGradients
Erlotinib,0,,cnv,AZGP1,0.0009456066,IntegratedGradients
Erlotinib,0,,cnv,LINC01347,0.00029483635,IntegratedGradients
Erlotinib,0,,cnv,CATSPERB,0.00057736674,IntegratedGradients
Erlotinib,0,,cnv,ZC3HAV1L,0.0005007329,IntegratedGradients
Erlotinib,0,,cnv,BATF,0.0008647983,IntegratedGradients
Erlotinib,0,,cnv,EPPIN,0.00038872368,IntegratedGradients
Erlotinib,0,,cnv,WFDC6,0.0003849743,IntegratedGradients
Erlotinib,0,,cnv,EPPIN-WFDC6,0.00053812115,IntegratedGradients
Erlotinib,0,,cnv,OPN1SW,0.00014369668,IntegratedGradients
Erlotinib,0,,cnv,CCDC136,0.00020855539,IntegratedGradients
Erlotinib,0,,cnv,SYNJ2BP,0.00068609713,IntegratedGradients
Erlotinib,0,,cnv,TMEM213,0.00018157292,IntegratedGradients
Erlotinib,0,,cnv,ZNF853,0.0007658901,IntegratedGradients
Erlotinib,0,,cnv,C7orf77,0.0006466438,IntegratedGradients
Erlotinib,0,,cnv,CIPC,0.000645824,IntegratedGradients
Erlotinib,0,,cnv,SPINT3,0.00031551445,IntegratedGradients
Erlotinib,0,,cnv,ACOT8,0.00036883957,IntegratedGradients
Erlotinib,0,,cnv,SNX21,0.00038270725,IntegratedGradients
Erlotinib,0,,cnv,ZSWIM3,0.00031358452,IntegratedGradients
Erlotinib,0,,cnv,ADAM21P1,0.0008006509,IntegratedGradients
Erlotinib,0,,cnv,SYS1-DBNDD2,0.00021240093,IntegratedGradients
Erlotinib,0,,cnv,TP53TG5,0.00015758834,IntegratedGradients
Erlotinib,0,,cnv,LOC101409256,0.00026150205,IntegratedGradients
Erlotinib,0,,cnv,AUTS2,0.00020422463,IntegratedGradients
Erlotinib,0,,cnv,SLC13A1,0.0007337182,IntegratedGradients
Erlotinib,0,,cnv,SVOPL,0.00031607837,IntegratedGradients
Erlotinib,0,,cnv,ZNF12,0.0003257563,IntegratedGradients
Erlotinib,0,,cnv,HIP1,0.0005562818,IntegratedGradients
Erlotinib,0,,cnv,PMS2P3,0.00031847303,IntegratedGradients
Erlotinib,0,,cnv,SPDYE5,0.00061266246,IntegratedGradients
Erlotinib,0,,cnv,C7orf26,0.00069772836,IntegratedGradients
Erlotinib,0,,cnv,TMEM63C,0.0006087845,IntegratedGradients
Erlotinib,0,,cnv,MAP3K9,0.0004451199,IntegratedGradients
Erlotinib,0,,cnv,BLVRA,0.00013512802,IntegratedGradients
Erlotinib,0,,cnv,WFDC8,0.0002114635,IntegratedGradients
Erlotinib,0,,cnv,ATP6V1F,0.0001515495,IntegratedGradients
Erlotinib,0,,cnv,ATP6V1FNB,0.00029095667,IntegratedGradients
Erlotinib,0,,cnv,KCP,0.00023750773,IntegratedGradients
Erlotinib,0,,cnv,FLNC,0.00014254905,IntegratedGradients
Erlotinib,0,,cnv,WFDC10A,0.00025727722,IntegratedGradients
Erlotinib,0,,cnv,TAS2R16,0.0009343213,IntegratedGradients
Erlotinib,0,,cnv,ADAM20P1,0.00047225243,IntegratedGradients
Erlotinib,0,,cnv,DEFB124,0.0002879394,IntegratedGradients
Erlotinib,0,,cnv,GDF5,0.00058759627,IntegratedGradients
Erlotinib,0,,cnv,HM13,0.00033205966,IntegratedGradients
Erlotinib,0,,cnv,UBE2C,0.00027265167,IntegratedGradients
Erlotinib,0,,cnv,WFDC11,0.0002928163,IntegratedGradients
Erlotinib,0,,cnv,ZNF273,0.0005050548,IntegratedGradients
Erlotinib,0,,cnv,ID1,0.00035030762,IntegratedGradients
Erlotinib,0,,cnv,MIR3193,0.0004895739,IntegratedGradients
Erlotinib,0,,cnv,GTPBP10,0.00091877655,IntegratedGradients
Erlotinib,0,,cnv,WFDC9,0.0003326484,IntegratedGradients
Erlotinib,0,,cnv,POT1,0.00046119746,IntegratedGradients
Erlotinib,0,,cnv,HOTTIP,0.0005567606,IntegratedGradients
Erlotinib,0,,cnv,CDHR3,0.000299688,IntegratedGradients
Erlotinib,0,,cnv,HM13-AS1,0.0002459472,IntegratedGradients
Erlotinib,0,,cnv,DLGAP4,0.00038259197,IntegratedGradients
Erlotinib,0,,cnv,GTF2IRD2,0.00032197812,IntegratedGradients
Erlotinib,0,,cnv,TGFB3,0.00019889751,IntegratedGradients
Erlotinib,0,,cnv,ZC3HAV1,0.0004441292,IntegratedGradients
Erlotinib,0,,cnv,LOC100287792,0.0006950165,IntegratedGradients
Erlotinib,0,,cnv,CTNNBL1,0.0004885464,IntegratedGradients
Erlotinib,0,,cnv,IMPDH1,0.00069079373,IntegratedGradients
Erlotinib,0,,cnv,PRRT4,0.00027281579,IntegratedGradients
Erlotinib,0,,cnv,DNTTIP1,0.00046015435,IntegratedGradients
Erlotinib,0,,cnv,PROCR,0.00073569844,IntegratedGradients
Erlotinib,0,,cnv,RBM28,0.000491537,IntegratedGradients
Erlotinib,0,,cnv,MGC27345,0.0004753486,IntegratedGradients
Erlotinib,0,,cnv,WFDC3,0.00067561143,IntegratedGradients
Erlotinib,0,,cnv,CCL26,0.0006977377,IntegratedGradients
Erlotinib,0,,cnv,CLDN12,0.00044455263,IntegratedGradients
Erlotinib,0,,cnv,HECW1,0.00074216246,IntegratedGradients
Erlotinib,0,,cnv,LINC00489,0.0005892457,IntegratedGradients
Erlotinib,0,,cnv,IFT43,0.00014021105,IntegratedGradients
Erlotinib,0,,cnv,WFDC10B,0.00050934014,IntegratedGradients
Erlotinib,0,,cnv,WFDC13,0.00029662816,IntegratedGradients
Erlotinib,0,,cnv,PSEN1,0.00040116644,IntegratedGradients
Erlotinib,0,,cnv,TRIP11,0.00042643378,IntegratedGradients
Erlotinib,0,,cnv,PMS2CL,0.00024802863,IntegratedGradients
Erlotinib,0,,cnv,SPDYE3,0.00012801257,IntegratedGradients
Erlotinib,0,,cnv,PMS2P1,0.00015685726,IntegratedGradients
Erlotinib,0,,cnv,PILRB,0.00020218876,IntegratedGradients
Erlotinib,0,,cnv,CDK5RAP1,0.0003978698,IntegratedGradients
Erlotinib,0,,cnv,PCNX1,0.0005939899,IntegratedGradients
Erlotinib,0,,cnv,TWISTNB,0.0005832383,IntegratedGradients
Erlotinib,0,,cnv,LINC01000,0.00024797284,IntegratedGradients
Erlotinib,0,,cnv,CEP170B,0.0009413045,IntegratedGradients
Erlotinib,0,,cnv,TMEM196,0.00048110416,IntegratedGradients
Erlotinib,0,,cnv,MIR3146,0.0005742146,IntegratedGradients
Erlotinib,0,,cnv,ATXN3,0.00015818745,IntegratedGradients
Erlotinib,0,,cnv,ADAM20,0.00042559492,IntegratedGradients
Erlotinib,0,,cnv,LEP,0.00064793444,IntegratedGradients
Erlotinib,0,,cnv,TSGA13,0.00037923895,IntegratedGradients
Erlotinib,0,,cnv,PPP1R35,0.0002277802,IntegratedGradients
Erlotinib,0,,cnv,C7orf61,0.0005885098,IntegratedGradients
Erlotinib,0,,cnv,TSC22D4,0.00015349775,IntegratedGradients
Erlotinib,0,,cnv,MEPCE,0.00015117983,IntegratedGradients
Erlotinib,0,,cnv,ZCWPW1,0.0002860684,IntegratedGradients
Erlotinib,0,,cnv,C7orf25,0.000408832,IntegratedGradients
Erlotinib,0,,cnv,PSMA2,0.00037944544,IntegratedGradients
Erlotinib,0,,cnv,MRPL32,0.00034787695,IntegratedGradients
Erlotinib,0,,cnv,NME1-NME2,0.00078190834,IntegratedGradients
Erlotinib,0,,cnv,NME1,0.0006136321,IntegratedGradients
Erlotinib,0,,cnv,METTL2B,0.0003693647,IntegratedGradients
Erlotinib,0,,cnv,HILPDA,0.0007123981,IntegratedGradients
Erlotinib,0,,cnv,SUPT4H1,0.0007853784,IntegratedGradients
Erlotinib,0,,cnv,NME2,0.00082887284,IntegratedGradients
Erlotinib,0,,cnv,TNNC2,0.00023603425,IntegratedGradients
Erlotinib,0,,cnv,BEGAIN,0.00016877982,IntegratedGradients
Erlotinib,0,,cnv,LINC00523,0.0002132708,IntegratedGradients
Erlotinib,0,,cnv,OCM2,0.00048646686,IntegratedGradients
Erlotinib,0,,cnv,TMEM209,0.00026036182,IntegratedGradients
Erlotinib,0,,cnv,KLHDC10,0.00045305458,IntegratedGradients
Erlotinib,0,,cnv,SNORA5C,0.0006205142,IntegratedGradients
Erlotinib,0,,cnv,MIR335,0.00034927178,IntegratedGradients
Erlotinib,0,,cnv,MESTIT1,0.00042370317,IntegratedGradients
Erlotinib,0,,cnv,COPG2,0.00042906695,IntegratedGradients
Erlotinib,0,,cnv,MEST,0.00030077377,IntegratedGradients
Erlotinib,0,,cnv,PILRA,0.00031057253,IntegratedGradients
Erlotinib,0,,cnv,MIR3943,0.00059992546,IntegratedGradients
Erlotinib,0,,cnv,SP8,0.001077516,IntegratedGradients
Erlotinib,0,,cnv,C20orf173,0.0013210175,IntegratedGradients
Erlotinib,0,,cnv,EDEM2,0.00080701394,IntegratedGradients
Erlotinib,0,,cnv,MRPS33,0.00020524085,IntegratedGradients
Erlotinib,0,,cnv,SERPINA11,0.0011360398,IntegratedGradients
Erlotinib,0,,cnv,SERPINA12,0.00091571885,IntegratedGradients
Erlotinib,0,,cnv,MED6,0.00046836265,IntegratedGradients
Erlotinib,0,,cnv,FAM3C,0.0008198589,IntegratedGradients
Erlotinib,0,,cnv,MDGA2,0.0017323148,IntegratedGradients
Erlotinib,0,,cnv,WNT16,0.0011201102,IntegratedGradients
Erlotinib,0,,cnv,EZH2,0.00042147707,IntegratedGradients
Erlotinib,0,,cnv,GPR37,0.0006263834,IntegratedGradients
Erlotinib,0,,cnv,SERPINA9,0.0010991324,IntegratedGradients
Erlotinib,0,,cnv,MIR4736,0.000592993,IntegratedGradients
Erlotinib,0,,cnv,BPIFB1,0.0012941718,IntegratedGradients
Erlotinib,0,,cnv,ELMO2,0.0004906473,IntegratedGradients
Erlotinib,0,,cnv,GPR22,0.00033484944,IntegratedGradients
Erlotinib,0,,cnv,ZNF695,0.0012143793,IntegratedGradients
Erlotinib,0,,cnv,ZNF670-ZNF695,0.0012051862,IntegratedGradients
Erlotinib,0,,cnv,ITPK1-AS1,0.0008224914,IntegratedGradients
Erlotinib,0,,cnv,ADAM21,0.00029502975,IntegratedGradients
Erlotinib,0,,cnv,TC2N,0.00030923967,IntegratedGradients
Erlotinib,0,,cnv,HNRNPU,0.0007546973,IntegratedGradients
Erlotinib,0,,cnv,COX20,0.0008360381,IntegratedGradients
Erlotinib,0,,cnv,CALU,0.00015905799,IntegratedGradients
Erlotinib,0,,cnv,STRIP2,0.00045658424,IntegratedGradients
Erlotinib,0,,cnv,FERMT2,0.0012504751,IntegratedGradients
Erlotinib,0,,cnv,ZNF92,0.00059842196,IntegratedGradients
Erlotinib,0,,cnv,SYS1,0.00012491671,IntegratedGradients
Erlotinib,0,,cnv,SSMEM1,0.00022480247,IntegratedGradients
Erlotinib,0,,cnv,LINC00028,0.000290889,IntegratedGradients
Erlotinib,0,,cnv,REM1,0.00023558429,IntegratedGradients
Erlotinib,0,,cnv,DEFB123,0.00022457707,IntegratedGradients
Erlotinib,0,,cnv,GRM8,0.0007812216,IntegratedGradients
Erlotinib,0,,cnv,NUP210L,0.00021360452,IntegratedGradients
Erlotinib,0,,cnv,CEP170,0.0007230523,IntegratedGradients
Erlotinib,0,,cnv,PARP12,0.0002359434,IntegratedGradients
Erlotinib,0,,cnv,NXPH1,0.0011310192,IntegratedGradients
Erlotinib,0,,cnv,OR6F1,0.0008887533,IntegratedGradients
Erlotinib,0,,cnv,SLC8A3,0.0007794335,IntegratedGradients
Erlotinib,0,,cnv,POU5F1P4,0.00044086296,IntegratedGradients
Erlotinib,0,,cnv,MIR3914-2,0.0011829638,IntegratedGradients
Erlotinib,0,,cnv,MIR3914-1,0.0011112305,IntegratedGradients
Erlotinib,0,,cnv,HAX1,0.0002822375,IntegratedGradients
Erlotinib,0,,cnv,FBLN5,0.0006322738,IntegratedGradients
Erlotinib,0,,cnv,FAM181A,0.00036539976,IntegratedGradients
Erlotinib,0,,cnv,LUARIS,0.0005162099,IntegratedGradients
Erlotinib,0,,cnv,PRKAR2B,0.0004159508,IntegratedGradients
Erlotinib,0,,cnv,CEP41,0.00030882482,IntegratedGradients
Erlotinib,0,,cnv,CPA1,0.00033180634,IntegratedGradients
Erlotinib,0,,cnv,ISM2,0.0008833173,IntegratedGradients
Erlotinib,0,,cnv,TSPAN33,0.0003400494,IntegratedGradients
Erlotinib,0,,cnv,SMO,0.00029809677,IntegratedGradients
Erlotinib,0,,cnv,AHCYL2,0.00030333194,IntegratedGradients
Erlotinib,0,,cnv,NUMB,0.0004228884,IntegratedGradients
Erlotinib,0,,cnv,NRF1,0.00039970208,IntegratedGradients
Erlotinib,0,,cnv,FAM181A-AS1,0.00024806574,IntegratedGradients
Erlotinib,0,,cnv,OR2G2,0.00044277697,IntegratedGradients
Erlotinib,0,,cnv,RUSC1,0.00042674257,IntegratedGradients
Erlotinib,0,,cnv,AHSA1,0.00038210317,IntegratedGradients
Erlotinib,0,,cnv,YWHAEP1,0.0009057664,IntegratedGradients
Erlotinib,0,,cnv,CPA5,0.00013349208,IntegratedGradients
Erlotinib,0,,cnv,ACOT4,0.00060913875,IntegratedGradients
Erlotinib,0,,cnv,ACOT2,0.0007147586,IntegratedGradients
Erlotinib,0,,cnv,ZDHHC4,0.0004068239,IntegratedGradients
Erlotinib,0,,cnv,ACOT6,0.0007358535,IntegratedGradients
Erlotinib,0,,cnv,GALNT17,0.0012479575,IntegratedGradients
Erlotinib,0,,cnv,OR13G1,0.00075528055,IntegratedGradients
Erlotinib,0,,cnv,RNF43,0.0007339773,IntegratedGradients
Erlotinib,0,,cnv,ADCK2,0.00022100902,IntegratedGradients
Erlotinib,0,,cnv,SIPA1L1,0.00013660203,IntegratedGradients
Erlotinib,0,,cnv,LOC145474,0.00014154996,IntegratedGradients
Erlotinib,0,,cnv,GRID2IP,0.0004869276,IntegratedGradients
Erlotinib,0,,cnv,KDM7A-DT,0.00014865784,IntegratedGradients
Erlotinib,0,,cnv,LOC407835,0.00013529357,IntegratedGradients
Erlotinib,0,,cnv,SMKR1,0.00046015362,IntegratedGradients
Erlotinib,0,,cnv,HIBADH,0.00016680559,IntegratedGradients
Erlotinib,0,,cnv,BBOF1,0.00082135457,IntegratedGradients
Erlotinib,0,,cnv,BET1,0.0012063395,IntegratedGradients
Erlotinib,0,,cnv,PDE1C,0.0009024222,IntegratedGradients
Erlotinib,0,,cnv,ZC3HC1,0.00036984726,IntegratedGradients
Erlotinib,0,,cnv,FRG1BP,0.0022805664,IntegratedGradients
Erlotinib,0,,cnv,GNG11,0.0011995549,IntegratedGradients
Erlotinib,0,,cnv,BMPER,0.001417748,IntegratedGradients
Erlotinib,0,,cnv,UBAP2L,0.00026722404,IntegratedGradients
Erlotinib,0,,cnv,MIR555,0.00045815497,IntegratedGradients
Erlotinib,0,,cnv,JAZF1,0.00015481892,IntegratedGradients
Erlotinib,0,,cnv,RPL23P8,0.0011330858,IntegratedGradients
Erlotinib,0,,cnv,C1orf43,0.00029716297,IntegratedGradients
Erlotinib,0,,cnv,OR2W3,0.00071699434,IntegratedGradients
Erlotinib,0,,cnv,RAB19,0.00037192975,IntegratedGradients
Erlotinib,0,,cnv,MKRN1,0.00041805257,IntegratedGradients
Erlotinib,0,,cnv,RGS6,0.00026422777,IntegratedGradients
Erlotinib,0,,cnv,RSPH10B2,0.0003416571,IntegratedGradients
Erlotinib,0,,cnv,VSTM2L,0.0010090965,IntegratedGradients
Erlotinib,0,,cnv,DEFB122,0.00030685103,IntegratedGradients
Erlotinib,0,,cnv,TAX1BP1,0.00072683324,IntegratedGradients
Erlotinib,0,,cnv,CPA2,0.00016890798,IntegratedGradients
Erlotinib,0,,cnv,CHRNB2,0.00052917167,IntegratedGradients
Erlotinib,0,,cnv,ADAR,0.00053079467,IntegratedGradients
Erlotinib,0,,cnv,ASH1L,0.00046201938,IntegratedGradients
Erlotinib,0,,cnv,ENTPD5,0.000579284,IntegratedGradients
Erlotinib,0,,cnv,COQ6,0.00018839649,IntegratedGradients
Erlotinib,0,,cnv,FAM161B,0.00042435277,IntegratedGradients
Erlotinib,0,,cnv,CCDC146,0.0005820256,IntegratedGradients
Erlotinib,0,,cnv,DENND2A,0.00024147196,IntegratedGradients
Erlotinib,0,,cnv,CCDC197,0.00035657434,IntegratedGradients
Erlotinib,0,,cnv,LOC100131257,0.0008591492,IntegratedGradients
Erlotinib,0,,cnv,MAGI2-AS3,0.0007322492,IntegratedGradients
Erlotinib,0,,cnv,PPP4R3A,0.00023593065,IntegratedGradients
Erlotinib,0,,cnv,C1orf189,0.00031831177,IntegratedGradients
Erlotinib,0,,cnv,ALKBH1,0.0006827409,IntegratedGradients
Erlotinib,0,,cnv,DEFB121,0.00034285683,IntegratedGradients
Erlotinib,0,,cnv,LINC01341,0.0013921795,IntegratedGradients
Erlotinib,0,,cnv,SCCPDH,0.001371607,IntegratedGradients
Erlotinib,0,,cnv,OTUB2,0.00035199188,IntegratedGradients
Erlotinib,0,,cnv,CPA4,0.0001728011,IntegratedGradients
Erlotinib,0,,cnv,OR2T8,0.0005072705,IntegratedGradients
Erlotinib,0,,cnv,SLC37A3,0.00035723188,IntegratedGradients
Erlotinib,0,,cnv,TFPI2,0.0017435297,IntegratedGradients
Erlotinib,0,,cnv,KDM7A,0.0005643673,IntegratedGradients
Erlotinib,0,,cnv,ASB2,0.0005036637,IntegratedGradients
Erlotinib,0,,cnv,LINC-PINT,0.0004349331,IntegratedGradients
Erlotinib,0,,cnv,HHIPL1,0.0004739516,IntegratedGradients
Erlotinib,0,,cnv,TTLL5,0.00082112325,IntegratedGradients
Erlotinib,0,,cnv,ERG28,0.00055175816,IntegratedGradients
Erlotinib,0,,cnv,C17orf58,0.00031888895,IntegratedGradients
Erlotinib,0,,cnv,GAL3ST3,0.00043681194,IntegratedGradients
Erlotinib,0,,cnv,TSPAN13,0.0012014086,IntegratedGradients
Erlotinib,0,,cnv,SYPL1,0.00037811577,IntegratedGradients
Erlotinib,0,,cnv,ABCD4,0.00024815777,IntegratedGradients
Erlotinib,0,,cnv,GLCCI1,0.0009591062,IntegratedGradients
Erlotinib,0,,cnv,TPM3,0.00059921516,IntegratedGradients
Erlotinib,0,,cnv,MIR190B,0.00019243782,IntegratedGradients
Erlotinib,0,,cnv,DEFB118,0.00029629757,IntegratedGradients
Erlotinib,0,,cnv,DEFB119,0.0002735402,IntegratedGradients
Erlotinib,0,,cnv,ZNF670,0.0008148622,IntegratedGradients
Erlotinib,0,,cnv,MIR183,0.0001593697,IntegratedGradients
Erlotinib,0,,cnv,MIR182,0.00040726323,IntegratedGradients
Erlotinib,0,,cnv,MIR96,0.00036256883,IntegratedGradients
Erlotinib,0,,cnv,UBE2H,0.00030502107,IntegratedGradients
Erlotinib,0,,cnv,SDC4,0.00028371572,IntegratedGradients
Erlotinib,0,,cnv,ICA1,0.0005124424,IntegratedGradients
Erlotinib,0,,cnv,AMPH,0.002775633,IntegratedGradients
Erlotinib,0,,cnv,FGL2,0.0004532908,IntegratedGradients
Erlotinib,0,,cnv,TTI1,0.00084096944,IntegratedGradients
Erlotinib,0,,cnv,SF3B2,0.00042262333,IntegratedGradients
Erlotinib,0,,cnv,PACS1,0.00040427136,IntegratedGradients
Erlotinib,0,,cnv,RAB13,0.0004587858,IntegratedGradients
Erlotinib,0,,cnv,JTB,0.00033181362,IntegratedGradients
Erlotinib,0,,cnv,EPB41L1,0.0009629012,IntegratedGradients
Erlotinib,0,,cnv,MIR4677,0.0007376628,IntegratedGradients
Erlotinib,0,,cnv,EIF4H,0.0014415865,IntegratedGradients
Erlotinib,0,,cnv,IFI27,0.00038569933,IntegratedGradients
Erlotinib,0,,cnv,IFI27L2,0.0005051259,IntegratedGradients
Erlotinib,0,,cnv,RBPJL,0.00047342645,IntegratedGradients
Erlotinib,0,,cnv,MATN4,0.00060841395,IntegratedGradients
Erlotinib,0,,cnv,DDX24,0.00015383815,IntegratedGradients
Erlotinib,0,,cnv,IFI27L1,0.0005462766,IntegratedGradients
Erlotinib,0,,cnv,NDUFB2,0.00029901942,IntegratedGradients
Erlotinib,0,,cnv,BRAF,0.00034741938,IntegratedGradients
Erlotinib,0,,cnv,OR2G3,0.0007066987,IntegratedGradients
Erlotinib,0,,cnv,CLIP2,0.0013381026,IntegratedGradients
Erlotinib,0,,cnv,RFC2,0.0011700834,IntegratedGradients
Erlotinib,0,,cnv,LAT2,0.001427876,IntegratedGradients
Erlotinib,0,,cnv,NORAD,0.0004976854,IntegratedGradients
Erlotinib,0,,cnv,OR2L13,0.00040876574,IntegratedGradients
Erlotinib,0,,cnv,SND1,0.00018593691,IntegratedGradients
Erlotinib,0,,cnv,KLF14,0.0005502745,IntegratedGradients
Erlotinib,0,,cnv,EVX1,0.0002555204,IntegratedGradients
Erlotinib,0,,cnv,SEMA3E,0.0015730343,IntegratedGradients
Erlotinib,0,,cnv,OR1C1,0.000992598,IntegratedGradients
Erlotinib,0,,cnv,C1orf100,0.0012045788,IntegratedGradients
Erlotinib,0,,cnv,ZNF800,0.0008719756,IntegratedGradients
Erlotinib,0,,cnv,SERPINA10,0.00047804436,IntegratedGradients
Erlotinib,0,,cnv,PPP4R4,0.00055764127,IntegratedGradients
Erlotinib,0,,cnv,SUSD6,0.0015726469,IntegratedGradients
Erlotinib,0,,cnv,ZBTB18,0.00035047912,IntegratedGradients
Erlotinib,0,,cnv,DPF3,0.00038847554,IntegratedGradients
Erlotinib,0,,cnv,WDR25,0.00031610896,IntegratedGradients
Erlotinib,0,,cnv,AGR2,0.001067232,IntegratedGradients
Erlotinib,0,,cnv,ARHGAP40,0.00030282588,IntegratedGradients
Erlotinib,0,,cnv,PHF20,0.0004893399,IntegratedGradients
Erlotinib,0,,cnv,LHFPL3-AS1,0.0006681061,IntegratedGradients
Erlotinib,0,,cnv,KPNA2,0.00045181444,IntegratedGradients
Erlotinib,0,,cnv,PAPLN,0.00037749053,IntegratedGradients
Erlotinib,0,,cnv,BRI3,0.0005682784,IntegratedGradients
Erlotinib,0,,cnv,BAIAP2L1,0.00033379334,IntegratedGradients
Erlotinib,0,,cnv,CREB3L4,0.00030798238,IntegratedGradients
Erlotinib,0,,cnv,SLC39A1,0.000477005,IntegratedGradients
Erlotinib,0,,cnv,TMEM270,0.00092437846,IntegratedGradients
Erlotinib,0,,cnv,MIR1-1HG,0.0007274592,IntegratedGradients
Erlotinib,0,,cnv,MIR1-1,0.00035246034,IntegratedGradients
Erlotinib,0,,cnv,CCDC177,0.0015586173,IntegratedGradients
Erlotinib,0,,cnv,CADPS2,0.00048472523,IntegratedGradients
Erlotinib,0,,cnv,FEZF1-AS1,0.0008976481,IntegratedGradients
Erlotinib,0,,cnv,LIMK1,0.0010531166,IntegratedGradients
Erlotinib,0,,cnv,BPTF,0.0005282723,IntegratedGradients
Erlotinib,0,,cnv,SYT11,0.0006592034,IntegratedGradients
Erlotinib,0,,cnv,LINC01743,0.0013815134,IntegratedGradients
Erlotinib,0,,cnv,NOL11,0.0003389866,IntegratedGradients
Erlotinib,0,,cnv,SNORA38B,0.00041182313,IntegratedGradients
Erlotinib,0,,cnv,MIR4284,0.00019388334,IntegratedGradients
Erlotinib,0,,cnv,DNAJC30,0.00062026875,IntegratedGradients
Erlotinib,0,,cnv,STX1A,0.00045402948,IntegratedGradients
Erlotinib,0,,cnv,ABHD11,0.0005164565,IntegratedGradients
Erlotinib,0,,cnv,ABHD11-AS1,0.00027935972,IntegratedGradients
Erlotinib,0,,cnv,BUD23,0.00036989464,IntegratedGradients
Erlotinib,0,,cnv,GTF2IRD1,0.0012062382,IntegratedGradients
Erlotinib,0,,cnv,ZNF680,0.00026477664,IntegratedGradients
Erlotinib,0,,cnv,CLDN4,0.00064978836,IntegratedGradients
Erlotinib,0,,cnv,METTL27,0.0004818714,IntegratedGradients
Erlotinib,0,,cnv,UBQLN4,0.00029198127,IntegratedGradients
Erlotinib,0,,cnv,KDELR2,0.00063161395,IntegratedGradients
Erlotinib,0,,cnv,DAGLB,0.0007397452,IntegratedGradients
Erlotinib,0,,cnv,MIR592,0.0014554426,IntegratedGradients
Erlotinib,0,,cnv,GIMAP8,0.00079389004,IntegratedGradients
Erlotinib,0,,cnv,FEZF1,0.00090289547,IntegratedGradients
Erlotinib,0,,cnv,C1GALT1,0.00087888923,IntegratedGradients
Erlotinib,0,,cnv,COL1A2,0.0006618263,IntegratedGradients
Erlotinib,0,,cnv,CALCOCO2,0.00046208812,IntegratedGradients
Erlotinib,0,,cnv,LINC00996,0.0008055026,IntegratedGradients
Erlotinib,0,,cnv,VSX2,0.0004363384,IntegratedGradients
Erlotinib,0,,cnv,ELN,0.0008329749,IntegratedGradients
Erlotinib,0,,cnv,GIMAP1,0.0012622603,IntegratedGradients
Erlotinib,0,,cnv,GIMAP1-GIMAP5,0.0011987331,IntegratedGradients
Erlotinib,0,,cnv,CLDN3,0.0003124616,IntegratedGradients
Erlotinib,0,,cnv,REPIN1,0.0008167155,IntegratedGradients
Erlotinib,0,,cnv,LOC728743,0.0010105609,IntegratedGradients
Erlotinib,0,,cnv,RNU6-34P,0.0003494027,IntegratedGradients
Erlotinib,0,,cnv,ZNF775,0.0006595931,IntegratedGradients
Erlotinib,0,,cnv,GIMAP4,0.0013226618,IntegratedGradients
Erlotinib,0,,cnv,GIMAP6,0.0012227967,IntegratedGradients
Erlotinib,0,,cnv,RARRES2,0.0007216258,IntegratedGradients
Erlotinib,0,,cnv,ZBED6CL,0.0007930561,IntegratedGradients
Erlotinib,0,,cnv,ACTR3C,0.0007936215,IntegratedGradients
Erlotinib,0,,cnv,LRRC61,0.00079204515,IntegratedGradients
Erlotinib,0,,cnv,AGR3,0.0011087375,IntegratedGradients
Erlotinib,0,,cnv,RHOJ,0.0005287669,IntegratedGradients
Erlotinib,0,,cnv,ISPD,0.00065386144,IntegratedGradients
Erlotinib,0,,cnv,ZP3,0.00064724754,IntegratedGradients
Erlotinib,0,,cnv,PAX4,0.0002676633,IntegratedGradients
Erlotinib,0,,cnv,TRIM50,0.0003088492,IntegratedGradients
Erlotinib,0,,cnv,GIMAP2,0.0010553935,IntegratedGradients
Erlotinib,0,,cnv,RAC1,0.0006808982,IntegratedGradients
Erlotinib,0,,cnv,FAM220A,0.00065979577,IntegratedGradients
Erlotinib,0,,cnv,COX4I2,0.00024712816,IntegratedGradients
Erlotinib,0,,cnv,BCL2L1,0.0002726092,IntegratedGradients
Erlotinib,0,,cnv,GPR137C,0.00057160424,IntegratedGradients
Erlotinib,0,,cnv,SLC10A1,0.0011448127,IntegratedGradients
Erlotinib,0,,cnv,SRSF5,0.0010335122,IntegratedGradients
Erlotinib,0,,cnv,LOC100289511,0.0012349086,IntegratedGradients
Erlotinib,0,,cnv,IL6R,0.00013275698,IntegratedGradients
Erlotinib,0,,cnv,ARF5,0.00057573686,IntegratedGradients
Erlotinib,0,,cnv,GCC1,0.00026431915,IntegratedGradients
Erlotinib,0,,cnv,FSCN3,0.00036275655,IntegratedGradients
Erlotinib,0,,cnv,RXFP4,0.0014064091,IntegratedGradients
Erlotinib,0,,cnv,ARHGEF2,0.0009814387,IntegratedGradients
Erlotinib,0,,cnv,DCST1,0.0003821302,IntegratedGradients
Erlotinib,0,,cnv,DTX2,0.00059252075,IntegratedGradients
Erlotinib,0,,cnv,SSC4D,0.0004286407,IntegratedGradients
Erlotinib,0,,cnv,CASD1,0.00096928794,IntegratedGradients
Erlotinib,0,,cnv,RBM10,0.00027271136,IntegratedGradients
Erlotinib,0,,cnv,SSR2,0.0014302762,IntegratedGradients
Erlotinib,0,,cnv,CALCR,0.0012454715,IntegratedGradients
Erlotinib,0,,cnv,NAMPT,0.0004197288,IntegratedGradients
Erlotinib,0,,cnv,GIMAP7,0.0010199035,IntegratedGradients
Erlotinib,0,,cnv,GIMAP5,0.0015116441,IntegratedGradients
Erlotinib,0,,cnv,RBM39,0.0012704298,IntegratedGradients
Erlotinib,0,,cnv,ROMO1,0.0012332576,IntegratedGradients
Erlotinib,0,,cnv,SLPI,0.00021164322,IntegratedGradients
Erlotinib,0,,cnv,AKT3,0.00054474175,IntegratedGradients
Erlotinib,0,,cnv,NUDT14,0.00077530293,IntegratedGradients
Erlotinib,0,,cnv,JAG2,0.0004730915,IntegratedGradients
Erlotinib,0,,cnv,PIK3CG,0.00073561544,IntegratedGradients
Erlotinib,0,,cnv,ADAM15,0.0008510105,IntegratedGradients
Erlotinib,0,,cnv,DCST1-AS1,0.00061581604,IntegratedGradients
Erlotinib,0,,cnv,GRB10,0.0015493974,IntegratedGradients
Erlotinib,0,,cnv,EFNA3,0.00055562047,IntegratedGradients
Erlotinib,0,,cnv,TMEM176A,0.0012633875,IntegratedGradients
Erlotinib,0,,cnv,UBA1,0.00018318236,IntegratedGradients
Erlotinib,0,,cnv,USP11,0.00037170103,IntegratedGradients
Erlotinib,0,,cnv,CDK16,0.00080110284,IntegratedGradients
Erlotinib,0,,cnv,INE1,0.0004057775,IntegratedGradients
Erlotinib,0,,cnv,NDUFB11,0.00042846365,IntegratedGradients
Erlotinib,0,,cnv,TMEM176B,0.0011625404,IntegratedGradients
Erlotinib,0,,cnv,HOXA13,0.0006547257,IntegratedGradients
Erlotinib,0,,cnv,ZNF107,0.00025809451,IntegratedGradients
Erlotinib,0,,cnv,BZW2,0.0012579109,IntegratedGradients
Erlotinib,0,,cnv,DESI2,0.0010880299,IntegratedGradients
Erlotinib,0,,cnv,RBM12,0.0013470748,IntegratedGradients
Erlotinib,0,,cnv,NFS1,0.0014059176,IntegratedGradients
Erlotinib,0,,cnv,C7orf66,0.00076655176,IntegratedGradients
Erlotinib,0,,cnv,VPS37D,0.0004240616,IntegratedGradients
Erlotinib,0,,cnv,DCST2,0.0007945947,IntegratedGradients
Erlotinib,0,,cnv,GTF2I,0.00054375874,IntegratedGradients
Erlotinib,0,,cnv,DENND4B,0.00048369414,IntegratedGradients
Erlotinib,0,,cnv,CRTC2,0.00047629356,IntegratedGradients
Erlotinib,0,,cnv,GON4L,0.0005745133,IntegratedGradients
Erlotinib,0,,cnv,CATSPERE,0.0013814223,IntegratedGradients
Erlotinib,0,,cnv,ADSS,0.0015695018,IntegratedGradients
Erlotinib,0,,cnv,PCLO,0.0009560632,IntegratedGradients
Erlotinib,0,,cnv,DNAJB9,0.0005343598,IntegratedGradients
Erlotinib,0,,cnv,CCDC71L,0.00037389703,IntegratedGradients
Erlotinib,0,,cnv,GK,0.0007058773,IntegratedGradients
Erlotinib,0,,cnv,IFT52,0.0009083247,IntegratedGradients
Erlotinib,0,,cnv,RPRD1B,0.0012559269,IntegratedGradients
Erlotinib,0,,cnv,GNGT1,0.0012960121,IntegratedGradients
Erlotinib,0,,cnv,MEOX2,0.00074212736,IntegratedGradients
Erlotinib,0,,cnv,L3MBTL1,0.0014482411,IntegratedGradients
Erlotinib,0,,cnv,KHDC4,0.0006822252,IntegratedGradients
Erlotinib,0,,cnv,PMVK,0.00055601884,IntegratedGradients
Erlotinib,0,,cnv,PYGO2,0.0006088957,IntegratedGradients
Erlotinib,0,,cnv,PBXIP1,0.0005716501,IntegratedGradients
Erlotinib,0,,cnv,SHC1,0.0005860227,IntegratedGradients
Erlotinib,0,,cnv,CXorf21,0.0006686541,IntegratedGradients
Erlotinib,0,,cnv,RIT1,0.000693524,IntegratedGradients
Erlotinib,0,,cnv,ARAF,0.00082027,IntegratedGradients
Erlotinib,0,,cnv,SCARNA4,0.0015081606,IntegratedGradients
Erlotinib,0,,cnv,ASH1L-AS1,0.00017962881,IntegratedGradients
Erlotinib,0,,cnv,ZBTB7B,0.0003641381,IntegratedGradients
Erlotinib,0,,cnv,LENEP,0.00045467055,IntegratedGradients
Erlotinib,0,,cnv,SGCE,0.0010738564,IntegratedGradients
Erlotinib,0,,cnv,KCNN3,0.000319544,IntegratedGradients
Erlotinib,0,,cnv,MKLN1,0.0004339513,IntegratedGradients
Erlotinib,0,,cnv,CKS1B,0.0006159533,IntegratedGradients
Erlotinib,0,,cnv,FLAD1,0.00033672518,IntegratedGradients
Erlotinib,0,,cnv,NDUFA4,0.0004704856,IntegratedGradients
Erlotinib,0,,cnv,DLX6,0.0005054576,IntegratedGradients
Erlotinib,0,,cnv,SNORA11C,0.0006892237,IntegratedGradients
Erlotinib,0,,cnv,DLX5,0.00045883714,IntegratedGradients
Erlotinib,0,,cnv,ZNF41,0.0005782355,IntegratedGradients
Erlotinib,0,,cnv,AOC1,0.0017385886,IntegratedGradients
Erlotinib,0,,cnv,AASS,0.0005896103,IntegratedGradients
Erlotinib,0,,cnv,CDC42BPA,0.0019706346,IntegratedGradients
Erlotinib,0,,cnv,LRRC72,0.0010114374,IntegratedGradients
Erlotinib,0,,cnv,ANKMY2,0.00087189587,IntegratedGradients
Erlotinib,0,,cnv,PTPRT,0.0004884968,IntegratedGradients
Erlotinib,0,,cnv,SYT16,0.00020691284,IntegratedGradients
Erlotinib,0,,cnv,MDH2,0.0006465791,IntegratedGradients
Erlotinib,0,,cnv,SDHAF3,0.000559176,IntegratedGradients
Erlotinib,0,,cnv,MEX3A,0.0005050353,IntegratedGradients
Erlotinib,0,,cnv,LMNA,0.00042728844,IntegratedGradients
Erlotinib,0,,cnv,LOC100128885,0.00014532941,IntegratedGradients
Erlotinib,0,,cnv,LOC641746,0.00024768326,IntegratedGradients
Erlotinib,0,,cnv,ZNF138,0.00047268043,IntegratedGradients
Erlotinib,0,,cnv,PHF14,0.0003109629,IntegratedGradients
Erlotinib,0,,cnv,GNAI1,0.00083065894,IntegratedGradients
Erlotinib,0,,cnv,ERO1A,0.001218828,IntegratedGradients
Erlotinib,0,,cnv,LINC00643,0.00021542967,IntegratedGradients
Erlotinib,0,,cnv,OCM,0.00055528915,IntegratedGradients
Erlotinib,0,,cnv,SMOC1,0.0015554781,IntegratedGradients
Erlotinib,0,,cnv,MIR653,0.0025261464,IntegratedGradients
Erlotinib,0,,cnv,MIR489,0.0027400772,IntegratedGradients
Erlotinib,0,,cnv,ESR2,0.000609493,IntegratedGradients
Erlotinib,0,,cnv,CCZ1,0.00054197677,IntegratedGradients
Erlotinib,0,,cnv,DGKB,0.001055994,IntegratedGradients
Erlotinib,0,,cnv,SNORA14A,0.0008419495,IntegratedGradients
Erlotinib,0,,cnv,POR,0.0010229325,IntegratedGradients
Erlotinib,0,,cnv,MIR4651,0.0009881522,IntegratedGradients
Erlotinib,0,,cnv,RHBDD2,0.0007822252,IntegratedGradients
Erlotinib,0,,cnv,OR2L2,0.00033240294,IntegratedGradients
Erlotinib,0,,cnv,MIR29B1,0.00031598803,IntegratedGradients
Erlotinib,0,,cnv,MIR29A,0.00033786203,IntegratedGradients
Erlotinib,0,,cnv,SRRM3,0.0006456366,IntegratedGradients
Erlotinib,0,,cnv,CHD6,0.00076890225,IntegratedGradients
Erlotinib,0,,cnv,MIR1914,0.0010986743,IntegratedGradients
Erlotinib,0,,cnv,MIR647,0.00090110314,IntegratedGradients
Erlotinib,0,,cnv,CALN1,0.0009689473,IntegratedGradients
Erlotinib,0,,cnv,RGS22,0.00059822766,IntegratedGradients
Erlotinib,0,,cnv,MIR4471,0.0006531453,IntegratedGradients
Erlotinib,0,,cnv,SYN1,0.00023938314,IntegratedGradients
Erlotinib,0,,cnv,TMEM120A,0.0009499369,IntegratedGradients
Erlotinib,0,,cnv,DDC-AS1,0.0024339738,IntegratedGradients
Erlotinib,0,,cnv,C20orf204,0.0071835783,IntegratedGradients
Erlotinib,0,,cnv,RPA3,0.00043509164,IntegratedGradients
Erlotinib,0,,cnv,UMAD1,0.0007582494,IntegratedGradients
Erlotinib,0,,cnv,ELK1,0.0002983339,IntegratedGradients
Erlotinib,0,,cnv,PEG10,0.000857011,IntegratedGradients
Erlotinib,0,,cnv,ZNF815P,0.00055982114,IntegratedGradients
Erlotinib,0,,cnv,SGK2,0.0013561449,IntegratedGradients
Erlotinib,0,,cnv,SHE,0.00043737775,IntegratedGradients
Erlotinib,0,,cnv,STYXL1,0.00080495584,IntegratedGradients
Erlotinib,0,,cnv,UXT,0.0006034401,IntegratedGradients
Erlotinib,0,,cnv,LPIN3,0.0005448653,IntegratedGradients
Erlotinib,0,,cnv,EMILIN3,0.0005173124,IntegratedGradients
Erlotinib,0,,cnv,ZFYVE1,0.000313105,IntegratedGradients
Erlotinib,0,,cnv,ILF2,0.00045465288,IntegratedGradients
Erlotinib,0,,cnv,INTS3,0.0005337504,IntegratedGradients
Erlotinib,0,,cnv,SNAPIN,0.00061808364,IntegratedGradients
Erlotinib,0,,cnv,NPR1,0.00024311681,IntegratedGradients
Erlotinib,0,,cnv,ATP6V0E2-AS1,0.0006625515,IntegratedGradients
Erlotinib,0,,cnv,ATP6V0E2,0.0012491333,IntegratedGradients
Erlotinib,0,,cnv,MAP1LC3C,0.00086962275,IntegratedGradients
Erlotinib,0,,cnv,ITGB8,0.00045374112,IntegratedGradients
Erlotinib,0,,cnv,SNX31,0.00057665777,IntegratedGradients
Erlotinib,0,,cnv,DLX6-AS1,0.00063290604,IntegratedGradients
Erlotinib,0,,cnv,SCAMP3,0.00037265362,IntegratedGradients
Erlotinib,0,,cnv,HCN3,0.0005178702,IntegratedGradients
Erlotinib,0,,cnv,CLK2,0.00048663362,IntegratedGradients
Erlotinib,0,,cnv,FAM189B,0.00029119133,IntegratedGradients
Erlotinib,0,,cnv,ADIG,0.0007275981,IntegratedGradients
Erlotinib,0,,cnv,PTPRZ1,0.00051141315,IntegratedGradients
Erlotinib,0,,cnv,MIR593,0.00057922775,IntegratedGradients
Erlotinib,0,,cnv,ANKRD46,0.00064112997,IntegratedGradients
Erlotinib,0,,cnv,GATAD2B,0.00036055743,IntegratedGradients
Erlotinib,0,,cnv,SLC27A3,0.0002909559,IntegratedGradients
Erlotinib,0,,cnv,RBM25,0.00041126463,IntegratedGradients
Erlotinib,0,,cnv,HEATR4,0.000637094,IntegratedGradients
Erlotinib,0,,cnv,GBA,0.0002313019,IntegratedGradients
Erlotinib,0,,cnv,NR0B1,0.00044434032,IntegratedGradients
Erlotinib,0,,cnv,PCOLCE-AS1,0.0004978912,IntegratedGradients
Erlotinib,0,,cnv,FBXO24,0.00054276927,IntegratedGradients
Erlotinib,0,,cnv,SAP25,0.00040758183,IntegratedGradients
Erlotinib,0,,cnv,AGFG2,0.0003697831,IntegratedGradients
Erlotinib,0,,cnv,GNB2,0.0006433138,IntegratedGradients
Erlotinib,0,,cnv,LRCH4,0.00040430433,IntegratedGradients
Erlotinib,0,,cnv,MOSPD3,0.00028137636,IntegratedGradients
Erlotinib,0,,cnv,GIGYF1,0.00044956777,IntegratedGradients
Erlotinib,0,,cnv,TFR2,0.00035128,IntegratedGradients
Erlotinib,0,,cnv,ACTL6B,0.00031646068,IntegratedGradients
Erlotinib,0,,cnv,PCOLCE,0.00020802303,IntegratedGradients
Erlotinib,0,,cnv,COX6C,0.0007875478,IntegratedGradients
Erlotinib,0,,cnv,AHCTF1,0.0007301586,IntegratedGradients
Erlotinib,0,,cnv,SOSTDC1,0.0009050824,IntegratedGradients
Erlotinib,0,,cnv,DEFB115,0.0013056188,IntegratedGradients
Erlotinib,0,,cnv,SLC26A5,0.0002928887,IntegratedGradients
Erlotinib,0,,cnv,PSMC2,0.00028320568,IntegratedGradients
Erlotinib,0,,cnv,NYX,0.00024505018,IntegratedGradients
Erlotinib,0,,cnv,PLD5,0.00075483014,IntegratedGradients
Erlotinib,0,,cnv,HGF,0.0008848062,IntegratedGradients
Erlotinib,0,,cnv,CXXC1P1,0.0004966958,IntegratedGradients
Erlotinib,0,,cnv,PMPCB,0.00062292244,IntegratedGradients
Erlotinib,0,,cnv,DNAJC2,0.00041264182,IntegratedGradients
Erlotinib,0,,cnv,NOS3,0.0017175879,IntegratedGradients
Erlotinib,0,,cnv,ABCB8,0.00182965,IntegratedGradients
Erlotinib,0,,cnv,ATG9B,0.0017990393,IntegratedGradients
Erlotinib,0,,cnv,KCNH2,0.0017085278,IntegratedGradients
Erlotinib,0,,cnv,VWDE,0.00073901715,IntegratedGradients
Erlotinib,0,,cnv,DDX3X,0.00055697025,IntegratedGradients
Erlotinib,0,,cnv,OR11L1,0.0003079658,IntegratedGradients
Erlotinib,0,,cnv,BRF1,0.00039217062,IntegratedGradients
Erlotinib,0,,cnv,RELN,0.0003209976,IntegratedGradients
Erlotinib,0,,cnv,SND1-IT1,0.00018572652,IntegratedGradients
Erlotinib,0,,cnv,ZNF81,0.00054617744,IntegratedGradients
Erlotinib,0,,cnv,GALNTL5,0.0017478567,IntegratedGradients
Erlotinib,0,,cnv,NYAP1,0.00016530993,IntegratedGradients
Erlotinib,0,,cnv,ETV1,0.0010514206,IntegratedGradients
Erlotinib,0,,cnv,LAMTOR2,0.0003919029,IntegratedGradients
Erlotinib,0,,cnv,CNST,0.0010838255,IntegratedGradients
Erlotinib,0,,cnv,RAB25,0.00044102626,IntegratedGradients
Erlotinib,0,,cnv,TRIM58,0.00047505627,IntegratedGradients
Erlotinib,0,,cnv,FDPS,0.00019854675,IntegratedGradients
Erlotinib,0,,cnv,PKLR,0.00025326628,IntegratedGradients
Erlotinib,0,,cnv,BAZ1B,0.0009953292,IntegratedGradients
Erlotinib,0,,cnv,FZD9,0.0006119895,IntegratedGradients
Erlotinib,0,,cnv,VGF,0.00036182007,IntegratedGradients
Erlotinib,0,,cnv,NAT16,0.00021784953,IntegratedGradients
Erlotinib,0,,cnv,MOGAT3,0.00016767882,IntegratedGradients
Erlotinib,0,,cnv,PLOD3,0.00027121892,IntegratedGradients
Erlotinib,0,,cnv,AP1S1,0.0002116936,IntegratedGradients
Erlotinib,0,,cnv,MIR4653,0.00032639143,IntegratedGradients
Erlotinib,0,,cnv,GNPNAT1,0.0011760395,IntegratedGradients
Erlotinib,0,,cnv,TFB2M,0.0013640784,IntegratedGradients
Erlotinib,0,,cnv,PDAP1,0.0009751387,IntegratedGradients
Erlotinib,0,,cnv,LRRC4,0.00061153877,IntegratedGradients
Erlotinib,0,,cnv,CYTH3,0.0006106185,IntegratedGradients
Erlotinib,0,,cnv,TMEM229B,0.0016602558,IntegratedGradients
Erlotinib,0,,cnv,MYBL2,0.0014875282,IntegratedGradients
Erlotinib,0,,cnv,TRIM56,0.0002817463,IntegratedGradients
Erlotinib,0,,cnv,SERPINE1,0.00030878937,IntegratedGradients
Erlotinib,0,,cnv,SEM1,0.000819601,IntegratedGradients
Erlotinib,0,,cnv,CASK,0.00066636427,IntegratedGradients
Erlotinib,0,,cnv,CFP,0.00035659227,IntegratedGradients
Erlotinib,0,,cnv,OR2AK2,0.00049103773,IntegratedGradients
Erlotinib,0,,cnv,CCL24,0.0011484206,IntegratedGradients
Erlotinib,0,,cnv,MAGEB4,0.0006181762,IntegratedGradients
Erlotinib,0,,cnv,MAGEB3,0.0006194761,IntegratedGradients
Erlotinib,0,,cnv,MAGEB1,0.0006063092,IntegratedGradients
Erlotinib,0,,cnv,DNAL1,0.0006787722,IntegratedGradients
Erlotinib,0,,cnv,MAGEB2,0.0006256887,IntegratedGradients
Erlotinib,0,,cnv,CNBD2,0.00079471077,IntegratedGradients
Erlotinib,0,,cnv,LOC100133091,0.0008035907,IntegratedGradients
Erlotinib,0,,cnv,LINC01734,0.0006232415,IntegratedGradients
Erlotinib,0,,cnv,MUC12,0.000383544,IntegratedGradients
Erlotinib,0,,cnv,HEPACAM2,0.0013488499,IntegratedGradients
Erlotinib,0,,cnv,OR14A16,0.0007716879,IntegratedGradients
Erlotinib,0,,cnv,ZNF157,0.00072886876,IntegratedGradients
Erlotinib,0,,cnv,EPO,0.00010318035,IntegratedGradients
Erlotinib,0,,cnv,OR2L8,0.0005822802,IntegratedGradients
Erlotinib,0,,cnv,TEX47,0.00072197116,IntegratedGradients
Erlotinib,0,,cnv,EPHB4,0.00025813025,IntegratedGradients
Erlotinib,0,,cnv,GTSF1L,0.0008270409,IntegratedGradients
Erlotinib,0,,cnv,TTLL6,0.0003747234,IntegratedGradients
Erlotinib,0,,cnv,PER4,0.0008192356,IntegratedGradients
Erlotinib,0,,cnv,HUS1,0.0005269432,IntegratedGradients
Erlotinib,0,,cnv,GPHN,0.0004949197,IntegratedGradients
Erlotinib,0,,cnv,CCDC196,0.0006427751,IntegratedGradients
Erlotinib,0,,cnv,LIN52,0.00048429528,IntegratedGradients
Erlotinib,0,,cnv,SNAPC1,0.00024651058,IntegratedGradients
Erlotinib,0,,cnv,PMS2,0.00044702977,IntegratedGradients
Erlotinib,0,,cnv,RSPH10B,0.00073592033,IntegratedGradients
Erlotinib,0,,cnv,BAALC-AS1,0.0011469782,IntegratedGradients
Erlotinib,0,,cnv,MIR3151,0.0009811084,IntegratedGradients
Erlotinib,0,,cnv,SRSF6,0.0011846825,IntegratedGradients
Erlotinib,0,,cnv,ALDH6A1,0.00028037862,IntegratedGradients
Erlotinib,0,,cnv,GSAP,0.00037869837,IntegratedGradients
Erlotinib,0,,cnv,STYX,0.0012290609,IntegratedGradients
Erlotinib,0,,cnv,PSMC6,0.0009063203,IntegratedGradients
Erlotinib,0,,cnv,POP1,0.0028244008,IntegratedGradients
Erlotinib,0,,cnv,RIDA,0.002884638,IntegratedGradients
Erlotinib,0,,cnv,VPS50,0.0015205214,IntegratedGradients
Erlotinib,0,,cnv,ZNF804B,0.0008707132,IntegratedGradients
Erlotinib,0,,cnv,KCNK10,0.0014325846,IntegratedGradients
Erlotinib,0,,cnv,BMT2,0.00028268693,IntegratedGradients
Erlotinib,0,,cnv,MYH16,0.0008575314,IntegratedGradients
Erlotinib,0,,cnv,MIR1-1HG-AS1,0.00054217514,IntegratedGradients
Erlotinib,0,,cnv,ARPC1A,0.00069034536,IntegratedGradients
Erlotinib,0,,cnv,LKAAEAR1,0.0070477086,IntegratedGradients
Erlotinib,0,,cnv,MIR129-1,0.0008262214,IntegratedGradients
Erlotinib,0,,cnv,CRNN,0.00209997,IntegratedGradients
Erlotinib,0,,cnv,NSUN5P2,0.0007926923,IntegratedGradients
Erlotinib,0,,cnv,FTHL17,0.00039246088,IntegratedGradients
Erlotinib,0,,cnv,PLCG1,0.0006024757,IntegratedGradients
Erlotinib,0,,cnv,ZHX3,0.00015366044,IntegratedGradients
Erlotinib,0,,cnv,EVL,0.000199205,IntegratedGradients
Erlotinib,0,,cnv,GPR85,0.00031906008,IntegratedGradients
Erlotinib,0,,cnv,GALNT11,0.0013376231,IntegratedGradients
Erlotinib,0,,cnv,FLVCR2,0.002034599,IntegratedGradients
Erlotinib,0,,cnv,ESX1,0.0006169123,IntegratedGradients
Erlotinib,0,,cnv,MLXIPL,0.00037776466,IntegratedGradients
Erlotinib,0,,cnv,SNORD12C,0.0052876864,IntegratedGradients
Erlotinib,0,,cnv,SNORD12B,0.005526925,IntegratedGradients
Erlotinib,0,,cnv,SNORD12,0.0051142704,IntegratedGradients
Erlotinib,0,,cnv,TAB3,0.00046962628,IntegratedGradients
Erlotinib,0,,cnv,FAM47C,0.0009840289,IntegratedGradients
Erlotinib,0,,cnv,EIF2S2,0.000560895,IntegratedGradients
Erlotinib,0,,cnv,FTH1P18,0.0011085361,IntegratedGradients
Erlotinib,0,,cnv,KDM5C,0.00020283063,IntegratedGradients
Erlotinib,0,,cnv,OR2L5,0.00041230244,IntegratedGradients
Erlotinib,0,,cnv,BCL7B,0.0008104328,IntegratedGradients
Erlotinib,0,,cnv,TBL2,0.00074536906,IntegratedGradients
Erlotinib,0,,cnv,CACNG4,0.0025553722,IntegratedGradients
Erlotinib,0,,cnv,TMEM168,0.00049534417,IntegratedGradients
Erlotinib,0,,cnv,THSD7A,0.0010786641,IntegratedGradients
Erlotinib,0,,cnv,SMIM30,0.0002798331,IntegratedGradients
Erlotinib,0,,cnv,BEX5,0.0010754456,IntegratedGradients
Erlotinib,0,,cnv,EFNA1,0.0009880145,IntegratedGradients
Erlotinib,0,,cnv,SLC50A1,0.00038002516,IntegratedGradients
Erlotinib,0,,cnv,AXIN2,0.0010387595,IntegratedGradients
Erlotinib,0,,cnv,POMZP3,0.002094444,IntegratedGradients
Erlotinib,0,,cnv,TCEAL6,0.0010933123,IntegratedGradients
Erlotinib,0,,cnv,RBMY3AP,0.0007812277,IntegratedGradients
Erlotinib,0,,cnv,LOC100132831,0.00044182825,IntegratedGradients
Erlotinib,0,,cnv,GRM3,0.00046255093,IntegratedGradients
Erlotinib,0,,cnv,PAGE5,0.0004735372,IntegratedGradients
Erlotinib,0,,cnv,ZNF182,0.00053475285,IntegratedGradients
Erlotinib,0,,cnv,ZNF630,0.00029403507,IntegratedGradients
Erlotinib,0,,cnv,SLC12A9,0.00038238268,IntegratedGradients
Erlotinib,0,,cnv,TRIP6,0.00040985402,IntegratedGradients
Erlotinib,0,,cnv,SRRT,0.00014565072,IntegratedGradients
Erlotinib,0,,cnv,ZFYVE26,0.0017006085,IntegratedGradients
Erlotinib,0,,cnv,MTRNR2L10,0.0002345277,IntegratedGradients
Erlotinib,0,,cnv,WDR64,0.0006835832,IntegratedGradients
Erlotinib,0,,cnv,YY1AP1,0.00018505707,IntegratedGradients
Erlotinib,0,,cnv,DYNLT3,0.00065417384,IntegratedGradients
Erlotinib,0,,cnv,LMTK2,0.0008333365,IntegratedGradients
Erlotinib,0,,cnv,ARPC1B,0.0006982826,IntegratedGradients
Erlotinib,0,,cnv,AGMO,0.0009604833,IntegratedGradients
Erlotinib,0,,cnv,KIAA1755,0.0012217333,IntegratedGradients
Erlotinib,0,,cnv,ZNF679,0.0006780947,IntegratedGradients
Erlotinib,0,,cnv,MUC17,0.00034014054,IntegratedGradients
Erlotinib,0,,cnv,ZNF735,0.0007913998,IntegratedGradients
Erlotinib,0,,cnv,FAM104B,0.00032062188,IntegratedGradients
Erlotinib,0,,cnv,LINC01005,0.0013362276,IntegratedGradients
Erlotinib,0,,cnv,ZNF727,0.0013589541,IntegratedGradients
Erlotinib,0,,cnv,RALY,0.00061671884,IntegratedGradients
Erlotinib,0,,cnv,TTTY11,0.00088128995,IntegratedGradients
Erlotinib,0,,cnv,PNMA1,0.00074373843,IntegratedGradients
Erlotinib,0,,cnv,ELMSAN1,0.000879897,IntegratedGradients
Erlotinib,0,,cnv,XRCC2,0.0015334073,IntegratedGradients
Erlotinib,0,,cnv,PLEKHD1,0.001744817,IntegratedGradients
Erlotinib,0,,cnv,ZNF733P,0.0009494734,IntegratedGradients
Erlotinib,0,,cnv,CACNG1,0.0017190683,IntegratedGradients
Erlotinib,0,,cnv,DHX35,0.0005428657,IntegratedGradients
Erlotinib,0,,cnv,MIOS,0.0004001942,IntegratedGradients
Erlotinib,0,,cnv,RIBC1,0.000614389,IntegratedGradients
Erlotinib,0,,cnv,HSD17B10,0.00022237955,IntegratedGradients
Erlotinib,0,,cnv,SCARNA20,0.002386412,IntegratedGradients
Erlotinib,0,,cnv,RNF133,0.0015472221,IntegratedGradients
Erlotinib,0,,cnv,RNF148,0.0014113421,IntegratedGradients
Erlotinib,0,,cnv,USP9X,0.0003491675,IntegratedGradients
Erlotinib,0,,cnv,RNF216-IT1,0.00083365233,IntegratedGradients
Erlotinib,0,,cnv,UBE2Q1,0.0007475365,IntegratedGradients
Erlotinib,0,,cnv,PAGE3,0.00044416985,IntegratedGradients
Erlotinib,0,,cnv,LANCL3,0.00086277735,IntegratedGradients
Erlotinib,0,,cnv,ARL4A,0.0006053695,IntegratedGradients
Erlotinib,0,,cnv,HELZ,0.0014306094,IntegratedGradients
Erlotinib,0,,cnv,TTTY19,0.0008955824,IntegratedGradients
Erlotinib,0,,cnv,CGN,0.0007555218,IntegratedGradients
Erlotinib,0,,cnv,MSTO1,0.00028477056,IntegratedGradients
Erlotinib,0,,cnv,TUFT1,0.00050695473,IntegratedGradients
Erlotinib,0,,cnv,OSBPL2,0.0010186749,IntegratedGradients
Erlotinib,0,,cnv,DMD,0.00047808804,IntegratedGradients
Erlotinib,0,,cnv,EIF2S1,0.0016950805,IntegratedGradients
Erlotinib,0,,cnv,PLEK2,0.0017503715,IntegratedGradients
Erlotinib,0,,cnv,GPR173,0.00037870233,IntegratedGradients
Erlotinib,0,,cnv,RNF216,0.0005647503,IntegratedGradients
Erlotinib,0,,cnv,FSCN1,0.0007379273,IntegratedGradients
Erlotinib,0,,cnv,TSPYL2,0.00022646697,IntegratedGradients
Erlotinib,0,,cnv,TECPR1,0.000338361,IntegratedGradients
Erlotinib,0,,cnv,ASIP,0.0014294841,IntegratedGradients
Erlotinib,0,,cnv,HOXB9,0.0005035207,IntegratedGradients
Erlotinib,0,,cnv,S100A10,0.0019717852,IntegratedGradients
Erlotinib,0,,cnv,TEX21P,0.0007740257,IntegratedGradients
Erlotinib,0,,cnv,LAMA5,0.0004356123,IntegratedGradients
Erlotinib,0,,cnv,MIR4758,0.00075183646,IntegratedGradients
Erlotinib,0,,cnv,MIR3185,0.00047615444,IntegratedGradients
Erlotinib,0,,cnv,HOXB13,0.00042689656,IntegratedGradients
Erlotinib,0,,cnv,PRAC2,0.00035496097,IntegratedGradients
Erlotinib,0,,cnv,PRAC1,0.0003836186,IntegratedGradients
Erlotinib,0,,cnv,CABLES2,0.00067673554,IntegratedGradients
Erlotinib,0,,cnv,RPS21,0.00090918655,IntegratedGradients
Erlotinib,0,,cnv,SMC1A,0.00019402483,IntegratedGradients
Erlotinib,0,,cnv,KCNJ2-AS1,0.00097459264,IntegratedGradients
Erlotinib,0,,cnv,KCNJ2,0.0008887395,IntegratedGradients
Erlotinib,0,,cnv,COL26A1,0.00014452629,IntegratedGradients
Erlotinib,0,,cnv,TDRD10,0.00092686125,IntegratedGradients
Erlotinib,0,,cnv,SRPX,0.0005273939,IntegratedGradients
Erlotinib,0,,cnv,TTTY18,0.0009467454,IntegratedGradients
Erlotinib,0,,cnv,RPRD2,0.0020174915,IntegratedGradients
Erlotinib,0,,cnv,WFDC2,0.00028844652,IntegratedGradients
Erlotinib,0,,cnv,CHMP4B,0.0008075313,IntegratedGradients
Erlotinib,0,,cnv,RBBP8NL,0.0009962817,IntegratedGradients
Erlotinib,0,,cnv,SEMA3C,0.0018434555,IntegratedGradients
Erlotinib,0,,cnv,PIGT,0.00015158489,IntegratedGradients
Erlotinib,0,,cnv,THBS3,0.00030774157,IntegratedGradients
Erlotinib,0,,cnv,MTX1,0.00032681285,IntegratedGradients
Erlotinib,0,,cnv,MTHFD1,0.00023146876,IntegratedGradients
Erlotinib,0,,cnv,YWHAG,0.0008111502,IntegratedGradients
Erlotinib,0,,cnv,USP42,0.00071352464,IntegratedGradients
Erlotinib,0,,cnv,NNAT,0.0017737888,IntegratedGradients
Erlotinib,0,,cnv,BLCAP,0.0018214672,IntegratedGradients
Erlotinib,0,,cnv,PPP1R3A,0.00037485693,IntegratedGradients
Erlotinib,0,,cnv,C7orf57,0.0004226983,IntegratedGradients
Erlotinib,0,,cnv,MIR591,0.0009427794,IntegratedGradients
Erlotinib,0,,cnv,UPP1,0.0006835147,IntegratedGradients
Erlotinib,0,,cnv,SUN3,0.00058386923,IntegratedGradients
Erlotinib,0,,cnv,IFT22,0.0002658498,IntegratedGradients
Erlotinib,0,,cnv,TTTY20,0.0008972865,IntegratedGradients
Erlotinib,0,,cnv,RPS7P5,0.002132953,IntegratedGradients
Erlotinib,0,,cnv,EXO1,0.000939348,IntegratedGradients
Erlotinib,0,,cnv,GATA5,0.0007750246,IntegratedGradients
Erlotinib,0,,cnv,SLC38A5,0.00015352864,IntegratedGradients
Erlotinib,0,,cnv,SLC39A9,0.0006259471,IntegratedGradients
Erlotinib,0,,cnv,ERH,0.0005988682,IntegratedGradients
Erlotinib,0,,cnv,ABHD4,0.0020850312,IntegratedGradients
Erlotinib,0,,cnv,SLC25A13,0.0009054689,IntegratedGradients
Erlotinib,0,,cnv,WIPI2,0.00085662334,IntegratedGradients
Erlotinib,0,,cnv,TEX14,0.0019314031,IntegratedGradients
Erlotinib,0,,cnv,SNORA71E,0.0010383205,IntegratedGradients
Erlotinib,0,,cnv,SNHG11,0.000870866,IntegratedGradients
Erlotinib,0,,cnv,RALGAPB,0.0010746556,IntegratedGradients
Erlotinib,0,,cnv,ABCA13,0.0003883029,IntegratedGradients
Erlotinib,0,,cnv,SCIN,0.0005687346,IntegratedGradients
Erlotinib,0,,cnv,HYPM,0.000439278,IntegratedGradients
Erlotinib,0,,cnv,C1orf54,0.0015032261,IntegratedGradients
Erlotinib,0,,cnv,MRPS21,0.0010618508,IntegratedGradients
Erlotinib,0,,cnv,CIART,0.00093475817,IntegratedGradients
Erlotinib,0,,cnv,CDC42BPB,0.00027538466,IntegratedGradients
Erlotinib,0,,cnv,AMN,0.00029250138,IntegratedGradients
Erlotinib,0,,cnv,RBL1,0.001003595,IntegratedGradients
Erlotinib,0,,cnv,ZNF674-AS1,0.00020941092,IntegratedGradients
Erlotinib,0,,cnv,CHST7,0.00038939386,IntegratedGradients
Erlotinib,0,,cnv,SLC9A7,0.0003445705,IntegratedGradients
Erlotinib,0,,cnv,SAMHD1,0.0011370854,IntegratedGradients
Erlotinib,0,,cnv,TGM2,0.0009723406,IntegratedGradients
Erlotinib,0,,cnv,GPR34,0.00023011578,IntegratedGradients
Erlotinib,0,,cnv,TLDC2,0.0010625807,IntegratedGradients
Erlotinib,0,,cnv,BPI,0.0012480862,IntegratedGradients
Erlotinib,0,,cnv,FIS1,0.00019511329,IntegratedGradients
Erlotinib,0,,cnv,CLDN15,0.00035012022,IntegratedGradients
Erlotinib,0,,cnv,PRPF3,0.001217236,IntegratedGradients
Erlotinib,0,,cnv,RBAK-RBAKDN,0.00045838658,IntegratedGradients
Erlotinib,0,,cnv,C20orf144,0.00094964314,IntegratedGradients
Erlotinib,0,,cnv,NECAB3,0.00043438503,IntegratedGradients
Erlotinib,0,,cnv,WNK3,0.0002588462,IntegratedGradients
Erlotinib,0,,cnv,ZNF736,0.00067272375,IntegratedGradients
Erlotinib,0,,cnv,PRRG1,0.00049535837,IntegratedGradients
Erlotinib,0,,cnv,SYTL5,0.0002414497,IntegratedGradients
Erlotinib,0,,cnv,MACC1,0.00044664647,IntegratedGradients
Erlotinib,0,,cnv,E2F1,0.00067271286,IntegratedGradients
Erlotinib,0,,mutation,MSH6,0.0016501455,IntegratedGradients
Erlotinib,0,,mutation,SMARCA4,0.0020042742,IntegratedGradients
Erlotinib,0,,mutation,APC,0.0032861144,IntegratedGradients
Erlotinib,0,,mutation,KRAS,0.0037938866,IntegratedGradients
Erlotinib,0,,mutation,NF1,0.0026540149,IntegratedGradients
Erlotinib,0,,mutation,NF2,0.0016908859,IntegratedGradients
Erlotinib,0,,mutation,TP53,0.0049192132,IntegratedGradients
Erlotinib,0,,mutation,BRAF,0.0059652347,IntegratedGradients
Erlotinib,0,,mutation,PTEN,0.008186642,IntegratedGradients
Erlotinib,0,,mutation,CDKN2A,0.0027864582,IntegratedGradients
Erlotinib,0,,mutation,PIK3CA,0.0036481132,IntegratedGradients
Erlotinib,0,,mutation,STK11,0.0019675822,IntegratedGradients
Erlotinib,0,,mutation,MAP2K4,0.0015226923,IntegratedGradients
Erlotinib,0,,mutation,PIK3R1,0.0015979421,IntegratedGradients
Erlotinib,0,,mutation,CDH1,0.003978297,IntegratedGradients
Erlotinib,0,,mutation,CTNNB1,0.0022799545,IntegratedGradients
Erlotinib,0,,mutation,NRAS,0.0038359882,IntegratedGradients
Erlotinib,0,,mutation,FBXW7,0.0020518836,IntegratedGradients
