sample_id,variable,class_label,probability,known_label,predicted_label,split,method
COR-L105,Erlotinib,,,0.18441914021968842,0.03426596149802208,train,supervised_vae
K029AX,Erlotinib,,,0.0,-0.021275870501995087,train,supervised_vae
NCI-H1793,Erlotinib,,,0.14222055673599243,0.006803457625210285,train,supervised_vae
Hs 695T,Erlotinib,,,0.0027959689032286406,0.08690649271011353,train,supervised_vae
F-36P,Erlotinib,,,0.016780167818069458,0.019818240776658058,train,supervised_vae
Hs 229.T,Erlotinib,,,0.0,0.07713460922241211,train,supervised_vae
OVCAR-8,Erlotinib,,,,-0.022670596837997437,train,supervised_vae
EB1,Erlotinib,,,0.005754662677645683,0.09854432940483093,train,supervised_vae
DBTRG-05MG,Erlotinib,,,0.029529370367527008,0.0,train,supervised_vae
SNU-1077,Erlotinib,,,,0.09470625966787338,train,supervised_vae
NCI-H196,Erlotinib,,,,0.02741432748734951,train,supervised_vae
NCI-H441,Erlotinib,,,0.03614166006445885,0.023077771067619324,train,supervised_vae
MCAS,Erlotinib,,,0.028530478477478027,0.036897335201501846,train,supervised_vae
LC-1F,Erlotinib,,,,0.09680625796318054,train,supervised_vae
OVK18,Erlotinib,,,,0.04099085554480553,train,supervised_vae
JVM-2,Erlotinib,,,,0.061739128082990646,train,supervised_vae
KMBC-2,Erlotinib,,,0.016026489436626434,0.038520388305187225,train,supervised_vae
NCI-H1105,Erlotinib,,,,0.06164340302348137,train,supervised_vae
DMS 79,Erlotinib,,,,0.09834542870521545,train,supervised_vae
M-07e,Erlotinib,,,,0.04212595894932747,train,supervised_vae
NCI-H747,Erlotinib,,,0.08544382452964783,0.08927567303180695,train,supervised_vae
PL-21,Erlotinib,,,,0.10282041132450104,train,supervised_vae
OCI-AML-2,Erlotinib,,,0.02965749055147171,0.04693014174699783,train,supervised_vae
KYSE-270,Erlotinib,,,,0.17791053652763367,train,supervised_vae
SNU-61,Erlotinib,,,,0.03174416348338127,train,supervised_vae
BJ1-hTERT,Erlotinib,,,,0.07220012694597244,train,supervised_vae
Hs 944.T,Erlotinib,,,0.02216356247663498,0.03450950235128403,train,supervised_vae
KYSE-180,Erlotinib,,,0.20234858989715576,0.15304872393608093,train,supervised_vae
A3/Kawakami,Erlotinib,,,,0.05416612699627876,train,supervised_vae
OE33,Erlotinib,,,0.09942173957824707,0.10695353895425797,train,supervised_vae
PANC-1,Erlotinib,,,,0.0516815148293972,train,supervised_vae
KLE,Erlotinib,,,0.08713329583406448,0.058825165033340454,train,supervised_vae
TT2609-C02,Erlotinib,,,0.07642944157123566,0.036964695900678635,train,supervised_vae
TUHR4TKB,Erlotinib,,,,0.07312621176242828,train,supervised_vae
Hs 819.T,Erlotinib,,,,0.05042759329080582,train,supervised_vae
SK-MEL-24,Erlotinib,,,0.017442068085074425,0.0079581830650568,train,supervised_vae
Hs 940.T,Erlotinib,,,,0.10119397938251495,train,supervised_vae
Hs 578T,Erlotinib,,,0.013234484009444714,0.020363345742225647,train,supervised_vae
SW1783,Erlotinib,,,,0.09941889345645905,train,supervised_vae
HCC95,Erlotinib,,,,0.026519548147916794,train,supervised_vae
KYO-1,Erlotinib,,,,0.24152840673923492,train,supervised_vae
DMS 454,Erlotinib,,,,0.0628785490989685,train,supervised_vae
NCI-H647,Erlotinib,,,0.006460372358560562,0.008927743881940842,train,supervised_vae
TOV-112D,Erlotinib,,,0.08457241207361221,0.035765744745731354,train,supervised_vae
SK-ES-1,Erlotinib,,,0.06832186132669449,0.07032956928014755,train,supervised_vae
PSN1,Erlotinib,,,0.035159897059202194,0.02833062969148159,train,supervised_vae
MOLP-8,Erlotinib,,,0.008758941665291786,0.012096825987100601,train,supervised_vae
SU-DHL-1,Erlotinib,,,,0.0,train,supervised_vae
L3.3,Erlotinib,,,0.12835821509361267,0.05000811442732811,train,supervised_vae
SW403,Erlotinib,,,0.12285277247428894,0.08719278872013092,train,supervised_vae
Mel JuSo,Erlotinib,,,,0.0017474628984928131,train,supervised_vae
NCI-H2291,Erlotinib,,,,0.09392620623111725,train,supervised_vae
CPC-N,Erlotinib,,,,0.015749001875519753,train,supervised_vae
CAL-62,Erlotinib,,,,0.1018267273902893,train,supervised_vae
KG-1-C,Erlotinib,,,,0.005905055440962315,train,supervised_vae
AM-38,Erlotinib,,,,0.07765430212020874,train,supervised_vae
Rh41,Erlotinib,,,,0.0,train,supervised_vae
HOS,Erlotinib,,,0.0,0.17258325219154358,train,supervised_vae
RD,Erlotinib,,,0.002177261747419834,0.0066994428634643555,train,supervised_vae
HK-2 [Human kidney],Erlotinib,,,,0.07173097878694534,train,supervised_vae
CAL-54,Erlotinib,,,,0.027469437569379807,train,supervised_vae
23132/87,Erlotinib,,,,0.09829801321029663,train,supervised_vae
KP-3,Erlotinib,,,0.035343848168849945,0.034582898020744324,train,supervised_vae
KMS-26,Erlotinib,,,0.011861918494105339,0.09931816160678864,train,supervised_vae
NCI-H1838,Erlotinib,,,,0.08588440716266632,train,supervised_vae
RT112/84,Erlotinib,,,,0.218662828207016,train,supervised_vae
KMRC-2,Erlotinib,,,0.0557129792869091,0.08015871047973633,train,supervised_vae
SNU-1079,Erlotinib,,,,0.020914101973176003,train,supervised_vae
A-204,Erlotinib,,,0.013244900852441788,0.10357315093278885,train,supervised_vae
MOLT-13,Erlotinib,,,,0.03454393893480301,train,supervised_vae
BEN,Erlotinib,,,,0.18947823345661163,train,supervised_vae
HSC-2,Erlotinib,,,0.07182122021913528,0.06514270603656769,train,supervised_vae
HCC1569,Erlotinib,,,0.006881309673190117,0.0003475148696452379,train,supervised_vae
ME-1 [Human leukemia],Erlotinib,,,,0.05168686807155609,train,supervised_vae
NMC-G1,Erlotinib,,,,-0.01947629451751709,train,supervised_vae
AU565,Erlotinib,,,0.04662146046757698,0.04851679503917694,train,supervised_vae
HCC1428,Erlotinib,,,,0.1012529581785202,train,supervised_vae
HuH-6 Clone 5,Erlotinib,,,,0.10346212983131409,train,supervised_vae
MDA-MB-175-VII,Erlotinib,,,0.15721262991428375,0.13627785444259644,train,supervised_vae
NCI-H2023,Erlotinib,,,0.019692206755280495,0.06901970505714417,train,supervised_vae
RD-ES,Erlotinib,,,,-0.027477599680423737,train,supervised_vae
FTC-133,Erlotinib,,,,0.049674443900585175,train,supervised_vae
T-47D,Erlotinib,,,0.06612788885831833,0.03778425604104996,train,supervised_vae
MOLT-16,Erlotinib,,,0.04553644731640816,0.04251622036099434,train,supervised_vae
DMS 114,Erlotinib,,,0.0,0.05353786423802376,train,supervised_vae
Hs 683,Erlotinib,,,0.011889842338860035,0.07008296251296997,train,supervised_vae
OAW42,Erlotinib,,,,0.049933142960071564,train,supervised_vae
QGP-1,Erlotinib,,,0.06047167629003525,0.10445475578308105,train,supervised_vae
Raji,Erlotinib,,,0.0,0.14758378267288208,train,supervised_vae
P12-Ichikawa,Erlotinib,,,0.04233955964446068,0.03334374725818634,train,supervised_vae
SK-MES-1,Erlotinib,,,0.27235737442970276,0.16588258743286133,train,supervised_vae
LNCaP clone FGC,Erlotinib,,,,0.18603001534938812,train,supervised_vae
BT-474,Erlotinib,,,0.05379260703921318,0.0745927020907402,train,supervised_vae
DLD-1,Erlotinib,,,,0.01014620065689087,train,supervised_vae
NCI-H1436,Erlotinib,,,,0.12033658474683762,train,supervised_vae
JHH-6,Erlotinib,,,0.013065235689282417,0.030515972524881363,train,supervised_vae
NCI-H1435,Erlotinib,,,,0.03639335185289383,train,supervised_vae
NCO2,Erlotinib,,,0.10569243878126144,0.10385444015264511,train,supervised_vae
SK-MM-2,Erlotinib,,,0.17415617406368256,0.14686274528503418,train,supervised_vae
Daoy,Erlotinib,,,0.033018723130226135,0.02969164215028286,train,supervised_vae
MG-63,Erlotinib,,,0.006114600691944361,0.018038373440504074,train,supervised_vae
PK-45H,Erlotinib,,,0.040951505303382874,0.07200661301612854,train,supervised_vae
TE-5,Erlotinib,,,0.026737511157989502,0.031457021832466125,train,supervised_vae
KNS-62,Erlotinib,,,0.0,0.07023065537214279,train,supervised_vae
Hs 739.T,Erlotinib,,,0.0,0.019823387265205383,train,supervised_vae
JHOC-5,Erlotinib,,,,0.0558052733540535,train,supervised_vae
SLR23,Erlotinib,,,,0.026295023038983345,train,supervised_vae
HCC33,Erlotinib,,,,0.05611161142587662,train,supervised_vae
42-MG-BA,Erlotinib,,,0.09109991043806076,0.06148899719119072,train,supervised_vae
NCI-H1355,Erlotinib,,,0.170404314994812,0.12364161014556885,train,supervised_vae
COR-L47,Erlotinib,,,,0.016367247328162193,train,supervised_vae
JHH-7,Erlotinib,,,0.06400319188833237,0.007285561412572861,train,supervised_vae
Kuramochi,Erlotinib,,,0.09344540536403656,0.06232600286602974,train,supervised_vae
T3M-4,Erlotinib,,,,0.0501730777323246,train,supervised_vae
NUGC-3,Erlotinib,,,0.23616647720336914,0.2032952606678009,train,supervised_vae
NCI-H2052,Erlotinib,,,0.08320655673742294,0.046140674501657486,train,supervised_vae
RKN,Erlotinib,,,0.021037394180893898,0.0,train,supervised_vae
RS4;11,Erlotinib,,,,0.06846834719181061,train,supervised_vae
UM-RC-6,Erlotinib,,,,0.103633813560009,train,supervised_vae
NCI-H1341,Erlotinib,,,0.10301274061203003,0.06690777093172073,train,supervised_vae
HCC202,Erlotinib,,,,0.22353754937648773,train,supervised_vae
HEC-151,Erlotinib,,,0.24379590153694153,0.2681211233139038,train,supervised_vae
Karpas-422,Erlotinib,,,0.0,0.08196300268173218,train,supervised_vae
LS411N,Erlotinib,,,0.011920134536921978,0.0,train,supervised_vae
TCCSUP,Erlotinib,,,0.0053850989788770676,0.03725293651223183,train,supervised_vae
JMSU-1,Erlotinib,,,0.11092350631952286,0.07504518330097198,train,supervised_vae
MIA PaCa-2,Erlotinib,,,0.015134925954043865,0.0,train,supervised_vae
SK-N-DZ,Erlotinib,,,0.0023759305477142334,0.02050585299730301,train,supervised_vae
HT-1197,Erlotinib,,,0.05817360058426857,0.10992490500211716,train,supervised_vae
COLO 741,Erlotinib,,,0.1051330491900444,0.07131407409906387,train,supervised_vae
A2780,Erlotinib,,,0.01826312765479088,0.04303833842277527,train,supervised_vae
SU-DHL-8,Erlotinib,,,0.006080465391278267,0.010175615549087524,train,supervised_vae
LCLC-103H,Erlotinib,,,0.018521644175052643,0.0,train,supervised_vae
CCK-81,Erlotinib,,,0.20738886296749115,0.13555896282196045,train,supervised_vae
SLR26,Erlotinib,,,,0.030407510697841644,train,supervised_vae
NALM-1,Erlotinib,,,,0.04252837225794792,train,supervised_vae
NCI-H1915,Erlotinib,,,0.04668029397726059,0.08955096453428268,train,supervised_vae
Caov-4,Erlotinib,,,,0.06019662320613861,train,supervised_vae
697,Erlotinib,,,0.10943935066461563,0.012489994056522846,train,supervised_vae
SK-UT-1,Erlotinib,,,,0.08972589671611786,train,supervised_vae
CAL-148,Erlotinib,,,,0.011219548992812634,train,supervised_vae
A-375,Erlotinib,,,0.034597910940647125,0.017853569239377975,train,supervised_vae
AsPC-1,Erlotinib,,,0.05606233328580856,0.05262894183397293,train,supervised_vae
HPAC,Erlotinib,,,0.06448940932750702,0.07303833961486816,train,supervised_vae
HCT 15,Erlotinib,,,0.051358070224523544,0.10632264614105225,train,supervised_vae
TE 441.T,Erlotinib,,,,0.05713333189487457,train,supervised_vae
1321N1,Erlotinib,,,0.05883492901921272,0.0,train,supervised_vae
EFO-21,Erlotinib,,,0.04438505694270134,0.021734122186899185,train,supervised_vae
Fu97,Erlotinib,,,0.05444095656275749,0.04986349120736122,train,supervised_vae
HCC4006,Erlotinib,,,0.4926633834838867,0.1832583248615265,train,supervised_vae
KP-2,Erlotinib,,,0.03964619338512421,0.014775334857404232,train,supervised_vae
U-937,Erlotinib,,,0.051928505301475525,0.045045673847198486,train,supervised_vae
CMK-11-5,Erlotinib,,,,-0.024574577808380127,train,supervised_vae
VM-CUB-1,Erlotinib,,,,0.11884742975234985,train,supervised_vae
RT-112,Erlotinib,,,0.056365255266427994,0.05658288300037384,train,supervised_vae
SNU-410,Erlotinib,,,,0.029116470366716385,train,supervised_vae
MDA-MB-361,Erlotinib,,,,0.05226963013410568,train,supervised_vae
COLO 678,Erlotinib,,,0.15705744922161102,0.11152207851409912,train,supervised_vae
U-178MG,Erlotinib,,,,0.07793211936950684,train,supervised_vae
NCI-H1944,Erlotinib,,,0.10510390996932983,0.11405151337385178,train,supervised_vae
COLO 829,Erlotinib,,,,0.010178142227232456,train,supervised_vae
NCI-H358,Erlotinib,,,0.1887504607439041,0.13922980427742004,train,supervised_vae
NCI-H524,Erlotinib,,,,0.07155079394578934,train,supervised_vae
HPAF-II,Erlotinib,,,0.06233073025941849,0.07234431058168411,train,supervised_vae
D283 Med,Erlotinib,,,,0.09445399045944214,train,supervised_vae
KNS-60,Erlotinib,,,0.008071512915194035,0.0,train,supervised_vae
KMS-11,Erlotinib,,,0.0,0.037106916308403015,train,supervised_vae
Daudi,Erlotinib,,,,0.08300574868917465,train,supervised_vae
MHH-CALL-4,Erlotinib,,,,0.24930649995803833,train,supervised_vae
NCI-H292,Erlotinib,,,,0.12896649539470673,train,supervised_vae
SK-N-FI,Erlotinib,,,0.0,0.07969372719526291,train,supervised_vae
RCC4,Erlotinib,,,,0.07261963188648224,train,supervised_vae
Ishikawa (Heraklio) 02 ER-,Erlotinib,,,0.218491330742836,0.19452276825904846,train,supervised_vae
YH-13,Erlotinib,,,,0.062396738678216934,train,supervised_vae
NCI-H322,Erlotinib,,,0.30578410625457764,0.3240787386894226,train,supervised_vae
Hs 618.T,Erlotinib,,,,0.05934301018714905,train,supervised_vae
HEC-1-B,Erlotinib,,,0.06732435524463654,0.006264230702072382,train,supervised_vae
Hs 821.T,Erlotinib,,,,0.07311174273490906,train,supervised_vae
HT-1376,Erlotinib,,,0.1141933798789978,0.09807561337947845,train,supervised_vae
HEC-251,Erlotinib,,,0.06929846853017807,0.11790534108877182,train,supervised_vae
MDA-MB-134-VI,Erlotinib,,,,0.06739462912082672,train,supervised_vae
PLC/PRF/5,Erlotinib,,,0.08866620808839798,0.07769835740327835,train,supervised_vae
HRT-18,Erlotinib,,,,0.11139482259750366,train,supervised_vae
GP2d,Erlotinib,,,,0.09162183851003647,train,supervised_vae
SF295,Erlotinib,,,0.054866135120391846,0.09038489311933517,train,supervised_vae
EFM-19,Erlotinib,,,0.004981904290616512,0.0,train,supervised_vae
KNS-42,Erlotinib,,,0.0,0.014663420617580414,train,supervised_vae
SNU-466,Erlotinib,,,,0.08389030396938324,train,supervised_vae
MDA-MB-435,Erlotinib,,,0.0032447248231619596,0.02505320869386196,train,supervised_vae
SU-DHL-6,Erlotinib,,,0.0,0.009728696197271347,train,supervised_vae
SW1353,Erlotinib,,,0.004265821073204279,0.030096834525465965,train,supervised_vae
HPB-ALL,Erlotinib,,,,0.08687195181846619,train,supervised_vae
IPC-298,Erlotinib,,,0.05289856344461441,0.030603457242250443,train,supervised_vae
RPMI-7951,Erlotinib,,,0.010962510481476784,-0.005126413889229298,train,supervised_vae
SNU-1272,Erlotinib,,,,0.05654774606227875,train,supervised_vae
SNU-503,Erlotinib,,,,0.1097293570637703,train,supervised_vae
OCI-Ly19,Erlotinib,,,,0.013047538697719574,train,supervised_vae
143B,Erlotinib,,,,0.0,train,supervised_vae
TE-15,Erlotinib,,,0.2378416657447815,0.18735283613204956,train,supervised_vae
HH [Human lymphoma],Erlotinib,,,0.0,0.04407437890768051,train,supervised_vae
NCI-H2227,Erlotinib,,,,0.0876019224524498,train,supervised_vae
HEC-108,Erlotinib,,,,0.06953326612710953,train,supervised_vae
SNU-216,Erlotinib,,,,0.07715608179569244,train,supervised_vae
Reh,Erlotinib,,,0.007274820003658533,0.001551218330860138,train,supervised_vae
COLO 320,Erlotinib,,,0.06566300988197327,0.09996664524078369,train,supervised_vae
B-CPAP,Erlotinib,,,0.026610318571329117,0.06796856969594955,train,supervised_vae
HN,Erlotinib,,,,0.06516800820827484,train,supervised_vae
LS1034,Erlotinib,,,,0.01189359650015831,train,supervised_vae
NCI-H2073,Erlotinib,,,,-0.004839286208152771,train,supervised_vae
SW480,Erlotinib,,,0.020401477813720703,0.039947208017110825,train,supervised_vae
A4/Fukuda,Erlotinib,,,,0.0445881113409996,train,supervised_vae
OE21,Erlotinib,,,0.3437134325504303,0.3055292069911957,train,supervised_vae
SW1417,Erlotinib,,,0.011907773092389107,0.007716375403106213,train,supervised_vae
ZR-75-30,Erlotinib,,,0.0,0.010772227309644222,train,supervised_vae
HLF-a,Erlotinib,,,,0.0350489616394043,train,supervised_vae
Hs 934.T,Erlotinib,,,,0.03182794898748398,train,supervised_vae
NCI-H1755,Erlotinib,,,,0.054787348955869675,train,supervised_vae
Hs 737.T,Erlotinib,,,,0.07084604352712631,train,supervised_vae
KYSE-30,Erlotinib,,,0.10740166902542114,0.028204085305333138,train,supervised_vae
HuH-28,Erlotinib,,,,0.12475664913654327,train,supervised_vae
RCH-ACV,Erlotinib,,,,0.1501591056585312,train,supervised_vae
NH-6,Erlotinib,,,,0.07680993527173996,train,supervised_vae
SNU-C5,Erlotinib,,,,0.13132545351982117,train,supervised_vae
SNU-719,Erlotinib,,,,0.03919597342610359,train,supervised_vae
TE-11,Erlotinib,,,0.25699689984321594,0.2425781488418579,train,supervised_vae
NCI-H1048,Erlotinib,,,0.03162302449345589,0.01304619014263153,train,supervised_vae
Hs 870.T,Erlotinib,,,,0.1612078696489334,train,supervised_vae
RERF-LC-Sq1,Erlotinib,,,,0.07274968922138214,train,supervised_vae
SK-MEL-30,Erlotinib,,,0.005350062623620033,-0.012869271449744701,train,supervised_vae
IA-LM,Erlotinib,,,0.028218360617756844,0.07639220356941223,train,supervised_vae
CAL-33,Erlotinib,,,,0.10034483671188354,train,supervised_vae
RERF-LC-MS,Erlotinib,,,0.0,0.0,train,supervised_vae
NCI-H1155,Erlotinib,,,0.0644206777215004,0.03847384452819824,train,supervised_vae
OVKATE,Erlotinib,,,,0.1689959615468979,train,supervised_vae
Capan-1,Erlotinib,,,,0.08356722444295883,train,supervised_vae
MFE-319,Erlotinib,,,0.2620878517627716,0.2342294454574585,train,supervised_vae
DoHH2,Erlotinib,,,0.0,0.06719021499156952,train,supervised_vae
TC-32,Erlotinib,,,,0.06948675215244293,train,supervised_vae
SW1271,Erlotinib,,,0.01700293831527233,0.008642641827464104,train,supervised_vae
HCC70,Erlotinib,,,0.08828119933605194,0.028184745460748672,train,supervised_vae
CHP-212,Erlotinib,,,0.016802458092570305,0.0372052825987339,train,supervised_vae
Hs 839.T,Erlotinib,,,,0.1072605699300766,train,supervised_vae
EN,Erlotinib,,,0.00819708313792944,0.0,train,supervised_vae
ECC12,Erlotinib,,,,0.026733990758657455,train,supervised_vae
Hep-G2,Erlotinib,,,0.02846195176243782,0.021852785721421242,train,supervised_vae
Lu-65,Erlotinib,,,,0.0562032125890255,train,supervised_vae
MC116,Erlotinib,,,0.0,0.00923437811434269,train,supervised_vae
Granta-519,Erlotinib,,,0.032702624797821045,0.05662930756807327,train,supervised_vae
COLO 684,Erlotinib,,,,0.02223113551735878,train,supervised_vae
NCI-H2126,Erlotinib,,,,0.023974979296326637,train,supervised_vae
Hs 616.T,Erlotinib,,,,0.03101435676217079,train,supervised_vae
SNU-478,Erlotinib,,,,0.02914564311504364,train,supervised_vae
SUP-M2,Erlotinib,,,0.0,0.10406101495027542,train,supervised_vae
SNU-324,Erlotinib,,,,0.11490163952112198,train,supervised_vae
ES-2,Erlotinib,,,0.02078234776854515,0.006713234819471836,train,supervised_vae
HCC2279,Erlotinib,,,,0.10247424244880676,train,supervised_vae
DMS 153,Erlotinib,,,,0.04871311038732529,train,supervised_vae
KCL-22,Erlotinib,,,0.045496631413698196,0.03615918010473251,train,supervised_vae
P31/FUJ,Erlotinib,,,0.010075471363961697,0.0,train,supervised_vae
IMR-32,Erlotinib,,,0.0,0.06290240585803986,train,supervised_vae
HARA [Human squamous cell lung carcinoma],Erlotinib,,,0.11393557488918304,0.09977152943611145,train,supervised_vae
Mono-Mac-6,Erlotinib,,,,0.02414696477353573,train,supervised_vae
EB2,Erlotinib,,,0.05123785883188248,0.07006031274795532,train,supervised_vae
NCI-H1563,Erlotinib,,,0.02166382037103176,0.0,train,supervised_vae
Hep-G2/C3A,Erlotinib,,,0.020205803215503693,0.0030181228648871183,train,supervised_vae
NUGC-4,Erlotinib,,,0.35449543595314026,0.31420907378196716,train,supervised_vae
TIG-3 TD,Erlotinib,,,,0.06939365714788437,train,supervised_vae
SNU-308,Erlotinib,,,,0.07925758510828018,train,supervised_vae
BT-549,Erlotinib,,,0.019565638154745102,-0.004033215343952179,train,supervised_vae
FTC-238,Erlotinib,,,,0.00700413528829813,train,supervised_vae
SNU-C2A,Erlotinib,,,0.09475236386060715,0.06300736963748932,train,supervised_vae
TE-4,Erlotinib,,,,0.007389571517705917,train,supervised_vae
EFO-27,Erlotinib,,,0.16153484582901,0.09361545741558075,train,supervised_vae
NCI-H2405,Erlotinib,,,,0.05026685446500778,train,supervised_vae
WM1799,Erlotinib,,,0.04316750541329384,0.03918294608592987,train,supervised_vae
Ri-1,Erlotinib,,,,0.0921928808093071,train,supervised_vae
SNU-16,Erlotinib,,,0.047067105770111084,0.04862048476934433,train,supervised_vae
Loucy,Erlotinib,,,,0.04472130537033081,train,supervised_vae
NCI-H1930,Erlotinib,,,,0.07759425044059753,train,supervised_vae
KG-1,Erlotinib,,,0.03685476630926132,0.00419708713889122,train,supervised_vae
HuG1-N,Erlotinib,,,,0.0591721348464489,train,supervised_vae
KE-97,Erlotinib,,,0.0897432342171669,0.0634588897228241,train,supervised_vae
CJM [Human melanoma],Erlotinib,,,,0.024226926267147064,train,supervised_vae
SW1710,Erlotinib,,,,0.058631785213947296,train,supervised_vae
BT-483,Erlotinib,,,,0.07700912654399872,train,supervised_vae
NU-DHL-1,Erlotinib,,,,-0.0021318658255040646,train,supervised_vae
HuP-T4,Erlotinib,,,0.1675354391336441,0.1140303984284401,train,supervised_vae
NCI-N87,Erlotinib,,,0.09161164611577988,0.09890854358673096,train,supervised_vae
RERF-LC-KJ,Erlotinib,,,,0.09626181423664093,train,supervised_vae
HT-1080,Erlotinib,,,0.015392986126244068,0.0,train,supervised_vae
SNU-C1,Erlotinib,,,,0.07787361741065979,train,supervised_vae
TE-14,Erlotinib,,,,0.06866380572319031,train,supervised_vae
CAL-85-1,Erlotinib,,,0.2859991192817688,0.2875933349132538,train,supervised_vae
HT-144,Erlotinib,,,0.05721958726644516,0.02133900672197342,train,supervised_vae
OC 316,Erlotinib,,,0.034157849848270416,0.027193138375878334,train,supervised_vae
NCI-H1963,Erlotinib,,,,0.09165292978286743,train,supervised_vae
TEN,Erlotinib,,,0.0,0.0,train,supervised_vae
Panc 03.27,Erlotinib,,,0.06275393068790436,0.06005598604679108,train,supervised_vae
NCI-H446,Erlotinib,,,,0.04844630882143974,train,supervised_vae
SNU-1196,Erlotinib,,,,0.07810882478952408,train,supervised_vae
LN-18,Erlotinib,,,0.06571833789348602,0.059015147387981415,train,supervised_vae
59M,Erlotinib,,,,0.07687783986330032,train,supervised_vae
NCI-H2030,Erlotinib,,,0.15355055034160614,0.13094305992126465,train,supervised_vae
TALL-1 [Human adult T-ALL],Erlotinib,,,,0.00565662607550621,train,supervised_vae
NCI-H2066,Erlotinib,,,,0.12960144877433777,train,supervised_vae
CGTH-W-1,Erlotinib,,,,0.05061185359954834,train,supervised_vae
8305C,Erlotinib,,,0.029852136969566345,0.0832132026553154,train,supervised_vae
KYSE-410,Erlotinib,,,0.0661153569817543,0.0470777302980423,train,supervised_vae
MOLM-13,Erlotinib,,,,0.12894868850708008,train,supervised_vae
HCC2157,Erlotinib,,,,0.07365082204341888,train,supervised_vae
HMCB,Erlotinib,,,0.11731451749801636,0.07636157423257828,train,supervised_vae
SW948,Erlotinib,,,,0.04298287630081177,train,supervised_vae
KMS-20,Erlotinib,,,,0.0696074515581131,train,supervised_vae
KO52,Erlotinib,,,0.06541673094034195,0.036899369210004807,train,supervised_vae
Hep 3B2.1-7,Erlotinib,,,0.0,0.0,train,supervised_vae
NCI-H929,Erlotinib,,,,0.03203875571489334,train,supervised_vae
TE-9,Erlotinib,,,0.08090578019618988,0.060207102447748184,train,supervised_vae
NCI-H889,Erlotinib,,,,0.21851617097854614,train,supervised_vae
EBC-1,Erlotinib,,,0.04547259956598282,0.03871076926589012,train,supervised_vae
L-428,Erlotinib,,,0.012746384367346764,0.0514540821313858,train,supervised_vae
MUTZ-5,Erlotinib,,,,0.045751653611660004,train,supervised_vae
PE/CA-PJ41 (clone D2),Erlotinib,,,,0.1031699925661087,train,supervised_vae
EHEB,Erlotinib,,,,0.04211980104446411,train,supervised_vae
KOPN-8,Erlotinib,,,,0.05818982422351837,train,supervised_vae
HTK-,Erlotinib,,,,0.0836520716547966,train,supervised_vae
SK-N-SH,Erlotinib,,,0.033035822212696075,0.00891641154885292,train,supervised_vae
ACHN,Erlotinib,,,0.1818314790725708,0.19237017631530762,train,supervised_vae
OE19,Erlotinib,,,,0.11866454780101776,train,supervised_vae
SK-MEL-2,Erlotinib,,,0.0,0.0,train,supervised_vae
MKN1,Erlotinib,,,,-0.014693031087517738,train,supervised_vae
YD-38,Erlotinib,,,,0.07614932209253311,train,supervised_vae
NCI-H1703,Erlotinib,,,0.056992560625076294,0.05757990851998329,train,supervised_vae
L-540,Erlotinib,,,,0.07421880215406418,train,supervised_vae
AMO1,Erlotinib,,,0.04056181013584137,0.02297169342637062,train,supervised_vae
MM1.S,Erlotinib,,,,0.04890228062868118,train,supervised_vae
KPL-1,Erlotinib,,,,0.2052435725927353,train,supervised_vae
PE/CA-PJ49,Erlotinib,,,,0.13412411510944366,train,supervised_vae
HCC366,Erlotinib,,,,0.0006169211119413376,train,supervised_vae
SUP-T1,Erlotinib,,,0.0,0.026653379201889038,train,supervised_vae
COV644,Erlotinib,,,,0.08199779689311981,train,supervised_vae
COLO 800,Erlotinib,,,,0.015357548370957375,train,supervised_vae
SNU-1,Erlotinib,,,0.08571857213973999,0.07008620351552963,train,supervised_vae
NCI-H1373,Erlotinib,,,0.04716647043824196,0.07350612431764603,train,supervised_vae
SUIT-2,Erlotinib,,,0.12975502014160156,0.048981424421072006,train,supervised_vae
HCC44,Erlotinib,,,0.0068970308639109135,0.000250969547778368,train,supervised_vae
NCC-StC-K140,Erlotinib,,,,0.029129818081855774,train,supervised_vae
YKG-1,Erlotinib,,,0.03782465681433678,0.09010057896375656,train,supervised_vae
RPMI-8226,Erlotinib,,,,0.0,train,supervised_vae
SH-SY5Y,Erlotinib,,,,0.061371490359306335,train,supervised_vae
DMS 273,Erlotinib,,,,-0.0057549383491277695,train,supervised_vae
JHH-1,Erlotinib,,,,0.12064377963542938,train,supervised_vae
Hs 343.T,Erlotinib,,,,0.12468414008617401,train,supervised_vae
TYK-nu,Erlotinib,,,7.59855299883351e-15,0.020963679999113083,train,supervised_vae
BV-173,Erlotinib,,,,0.246289923787117,train,supervised_vae
HEC-50B,Erlotinib,,,,0.15080870687961578,train,supervised_vae
KMS-21-BM,Erlotinib,,,,-0.0811992809176445,train,supervised_vae
NCI-H2122,Erlotinib,,,0.0913124531507492,0.05256614834070206,train,supervised_vae
SLR20,Erlotinib,,,,0.0,train,supervised_vae
Kelly,Erlotinib,,,0.0,0.0,train,supervised_vae
HCC-56,Erlotinib,,,0.057098597288131714,0.04491736739873886,train,supervised_vae
SK-MEL-28,Erlotinib,,,,0.03702918440103531,train,supervised_vae
COV362,Erlotinib,,,,0.17129261791706085,train,supervised_vae
NCI-H838,Erlotinib,,,,0.12213258445262909,train,supervised_vae
LS123,Erlotinib,,,0.06874532997608185,0.06624964624643326,train,supervised_vae
SNU-668,Erlotinib,,,,0.09461037814617157,train,supervised_vae
JURL-MK1,Erlotinib,,,,0.054105401039123535,train,supervised_vae
LXF 289,Erlotinib,,,,-0.12953579425811768,train,supervised_vae
SK-MEL-5,Erlotinib,,,0.05582759901881218,0.01963851787149906,train,supervised_vae
SK-N-MC,Erlotinib,,,,0.08877331763505936,train,supervised_vae
JVM-3,Erlotinib,,,0.11290206015110016,0.08959740400314331,train,supervised_vae
TC-71,Erlotinib,,,0.0,0.05433489382266998,train,supervised_vae
MeWo,Erlotinib,,,0.0,-0.0013365410268306732,train,supervised_vae
JHUEM-1,Erlotinib,,,,0.036683693528175354,train,supervised_vae
NB4,Erlotinib,,,,0.05687570199370384,train,supervised_vae
SNU-119,Erlotinib,,,,0.0861172080039978,train,supervised_vae
COLO 775,Erlotinib,,,,0.05911434814333916,train,supervised_vae
BCP-1,Erlotinib,,,,0.0454169325530529,train,supervised_vae
IGR-1,Erlotinib,,,,0.033044327050447464,train,supervised_vae
NCI-H2029,Erlotinib,,,,-0.021604521200060844,train,supervised_vae
PE/CA-PJ34 (clone C12),Erlotinib,,,,0.07347427308559418,train,supervised_vae
DMS 53,Erlotinib,,,,0.08712015300989151,train,supervised_vae
LMSU,Erlotinib,,,,0.048085767775774,train,supervised_vae
G-361,Erlotinib,,,0.07832533121109009,0.07970688492059708,train,supervised_vae
NCI-H460,Erlotinib,,,0.015685027465224266,0.01403306145220995,train,supervised_vae
SK-LU-1,Erlotinib,,,0.04014251381158829,0.01461780071258545,train,supervised_vae
A-253,Erlotinib,,,0.11193941533565521,0.059199921786785126,train,supervised_vae
HCC78,Erlotinib,,,0.007752100471407175,0.005291879177093506,train,supervised_vae
HuP-T3,Erlotinib,,,0.044885557144880295,-0.0034220723900943995,train,supervised_vae
8-MG-BA,Erlotinib,,,0.07423067092895508,0.10709555447101593,train,supervised_vae
BL-70,Erlotinib,,,0.007193997036665678,0.1357983648777008,train,supervised_vae
NCI-H226,Erlotinib,,,0.0059545026160776615,-0.027088377624750137,train,supervised_vae
HGC-27,Erlotinib,,,0.019985539838671684,0.03323666751384735,train,supervised_vae
CAL-29,Erlotinib,,,,0.06697288155555725,train,supervised_vae
SNB-19,Erlotinib,,,,0.17335176467895508,train,supervised_vae
SHP-77,Erlotinib,,,0.0,-0.009656809270381927,train,supervised_vae
NCI-H1395,Erlotinib,,,,0.06835521012544632,train,supervised_vae
NCI-H2347,Erlotinib,,,,0.06658564507961273,train,supervised_vae
SW900,Erlotinib,,,0.032573848962783813,0.042975835502147675,train,supervised_vae
C2BBe1,Erlotinib,,,0.15984268486499786,0.05768275260925293,train,supervised_vae
KNS-81-FD,Erlotinib,,,0.006513525266200304,0.05332585424184799,train,supervised_vae
KALS-1,Erlotinib,,,0.03612568601965904,0.04218374937772751,train,supervised_vae
GCIY,Erlotinib,,,0.16549909114837646,0.19296817481517792,train,supervised_vae
SK-N-BE(2),Erlotinib,,,0.008403939194977283,0.08140452951192856,train,supervised_vae
Calu-3,Erlotinib,,,0.13969959318637848,0.09527583420276642,train,supervised_vae
KE-39,Erlotinib,,,0.1750926673412323,0.14040881395339966,train,supervised_vae
Hs 863.T,Erlotinib,,,,0.03729825094342232,train,supervised_vae
NCI-H1666,Erlotinib,,,0.37953415513038635,0.1938306838274002,train,supervised_vae
Hs 936.T,Erlotinib,,,0.014631255529820919,0.009683199226856232,train,supervised_vae
NCI-H2141,Erlotinib,,,,0.06240219250321388,train,supervised_vae
SW1088,Erlotinib,,,0.05018170550465584,0.0451088473200798,train,supervised_vae
HSC-4,Erlotinib,,,,-0.0024952059611678123,train,supervised_vae
CFPAC-1,Erlotinib,,,,0.029421135783195496,train,supervised_vae
SK-LMS-1,Erlotinib,,,0.09860297292470932,0.0955435186624527,train,supervised_vae
SCC-4,Erlotinib,,,,0.05890093743801117,train,supervised_vae
A-549,Erlotinib,,,0.08121180534362793,0.04636208713054657,train,supervised_vae
KMS-28BM,Erlotinib,,,,0.038410842418670654,train,supervised_vae
A-704,Erlotinib,,,,0.07276015728712082,train,supervised_vae
Hs 611.T,Erlotinib,,,,0.11056673526763916,train,supervised_vae
Huh-7,Erlotinib,,,,0.1237301379442215,train,supervised_vae
Caki-1,Erlotinib,,,,0.1086999848484993,train,supervised_vae
HCC1195,Erlotinib,,,,0.028094129636883736,train,supervised_vae
NCI-H1975,Erlotinib,,,0.04640130698680878,0.0,train,supervised_vae
PaTu 8988s,Erlotinib,,,,0.06398561596870422,train,supervised_vae
RERF-LC-Ad2,Erlotinib,,,,0.05081968754529953,train,supervised_vae
Mono-Mac-1,Erlotinib,,,0.12792180478572845,0.10696709156036377,train,supervised_vae
TE 159.T,Erlotinib,,,,0.052920036017894745,train,supervised_vae
Hs 822.T,Erlotinib,,,,0.057266220450401306,train,supervised_vae
Hs 729.T,Erlotinib,,,0.012469694949686527,0.04341156408190727,train,supervised_vae
MOLT-4,Erlotinib,,,,0.0,train,supervised_vae
SIG-M5,Erlotinib,,,0.12618041038513184,0.06761480122804642,train,supervised_vae
NCI-H661,Erlotinib,,,0.0029913890175521374,0.001312147593125701,train,supervised_vae
NCI-H2228,Erlotinib,,,0.11122030019760132,0.08600785583257675,train,supervised_vae
MDA-MB-468,Erlotinib,,,0.21849147975444794,0.22400274872779846,train,supervised_vae
Pfeiffer,Erlotinib,,,0.1284427046775818,0.08548688888549805,train,supervised_vae
T84,Erlotinib,,,0.06376633793115616,0.06285855919122696,train,supervised_vae
VMRC-RCZ,Erlotinib,,,0.038071174174547195,0.055516794323921204,train,supervised_vae
KMM-1,Erlotinib,,,0.00687357597053051,0.01490157563239336,train,supervised_vae
KP-N-SI9s,Erlotinib,,,0.07291987538337708,0.06244562938809395,train,supervised_vae
RERF-LC-A1,Erlotinib,,,0.039469145238399506,0.058338139206171036,train,supervised_vae
NCI-H2171,Erlotinib,,,,-0.00018308497965335846,train,supervised_vae
CAL-12T,Erlotinib,,,0.2825886905193329,0.2184094786643982,train,supervised_vae
COR-L24,Erlotinib,,,,0.10345859825611115,train,supervised_vae
HCC1599,Erlotinib,,,,0.1417328119277954,train,supervised_vae
TGBC11TKB,Erlotinib,,,,0.07850676774978638,train,supervised_vae
SEM,Erlotinib,,,,0.08352760970592499,train,supervised_vae
NCI-H2170,Erlotinib,,,0.19809652864933014,0.09159400314092636,train,supervised_vae
Mel Ho,Erlotinib,,,0.021324850618839264,0.054147906601428986,train,supervised_vae
COR-L51,Erlotinib,,,,0.08436556905508041,train,supervised_vae
CHL-1,Erlotinib,,,0.13103163242340088,0.1426851451396942,train,supervised_vae
769-P,Erlotinib,,,0.25329986214637756,0.2261439561843872,train,supervised_vae
SNU-489,Erlotinib,,,,0.03423576056957245,train,supervised_vae
Kasumi-1,Erlotinib,,,,0.014798847027122974,train,supervised_vae
NCI-H1781,Erlotinib,,,,0.029502693563699722,train,supervised_vae
CL-40,Erlotinib,,,,0.0985056608915329,train,supervised_vae
AZ-521,Erlotinib,,,0.14559698104858398,0.05498749390244484,train,supervised_vae
LS180,Erlotinib,,,,0.07720693200826645,train,supervised_vae
SK-CO-1,Erlotinib,,,0.13508951663970947,0.11135901510715485,train,supervised_vae
CCF-STTG1,Erlotinib,,,,0.029815787449479103,train,supervised_vae
NCI-H2286,Erlotinib,,,0.09505584090948105,0.06533564627170563,train,supervised_vae
SLR21,Erlotinib,,,,0.02733324095606804,train,supervised_vae
BICR 56,Erlotinib,,,,0.15126261115074158,train,supervised_vae
SW1990,Erlotinib,,,0.05235902965068817,0.03435482084751129,train,supervised_vae
GDM-1,Erlotinib,,,,0.0854407250881195,train,supervised_vae
NCI-H2081,Erlotinib,,,,0.19288420677185059,train,supervised_vae
NCI-H1385,Erlotinib,,,,0.11534670740365982,train,supervised_vae
CML-T1,Erlotinib,,,,0.0792950913310051,train,supervised_vae
PC-14,Erlotinib,,,0.5404548048973083,0.5209376811981201,train,supervised_vae
AN3-CA,Erlotinib,,,0.03363645449280739,0.003189315553754568,train,supervised_vae
SNU-387,Erlotinib,,,0.013762500137090683,0.02131151221692562,train,supervised_vae
NCI-H1650,Erlotinib,,,0.2207937389612198,0.08560731261968613,train,supervised_vae
Hs 746.T,Erlotinib,,,0.028298527002334595,0.01083403266966343,train,supervised_vae
SNU-886,Erlotinib,,,,0.03948575630784035,train,supervised_vae
NCI-H2087,Erlotinib,,,0.07736940681934357,0.07342591881752014,train,supervised_vae
HCC38,Erlotinib,,,,0.02671021595597267,train,supervised_vae
COV434,Erlotinib,,,,0.07633775472640991,train,supervised_vae
PL45,Erlotinib,,,0.06297192722558975,0.0013571123126894236,train,supervised_vae
Kasumi-6,Erlotinib,,,,0.07446639984846115,train,supervised_vae
NCI-H1694,Erlotinib,,,0.0,-0.002367342123761773,train,supervised_vae
UACC-893,Erlotinib,,,,0.22576108574867249,train,supervised_vae
Hs 698.T,Erlotinib,,,,0.1366167664527893,train,supervised_vae
OVISE,Erlotinib,,,,0.15204374492168427,train,supervised_vae
JHOS-2,Erlotinib,,,0.009666142985224724,0.007082426454871893,train,supervised_vae
CMK-86,Erlotinib,,,0.07315269857645035,0.06072120741009712,train,supervised_vae
NCI-H727,Erlotinib,,,0.014224999584257603,0.021654915064573288,train,supervised_vae
NCI-H526,Erlotinib,,,,0.07138106971979141,train,supervised_vae
COLO 680N,Erlotinib,,,,0.055762000381946564,train,supervised_vae
NCI-H2452,Erlotinib,,,0.07825463265180588,-0.02144986018538475,train,supervised_vae
RERF-GC-1B,Erlotinib,,,0.08589732646942139,0.08469715714454651,train,supervised_vae
SU-DHL-5,Erlotinib,,,,0.01662447489798069,train,supervised_vae
MFE-280,Erlotinib,,,0.12208159267902374,0.09970597177743912,train,supervised_vae
BICR 31,Erlotinib,,,,0.11018919944763184,train,supervised_vae
Mino,Erlotinib,,,0.12321418523788452,0.0993587076663971,train,supervised_vae
KYSE-450,Erlotinib,,,0.2088213562965393,0.22594092786312103,train,supervised_vae
Panc 02.03,Erlotinib,,,0.12672166526317596,0.007243715226650238,train,supervised_vae
NCI-H2444,Erlotinib,,,0.05686502158641815,0.04184872284531593,train,supervised_vae
EC-GI-10,Erlotinib,,,,0.05969452112913132,train,supervised_vae
PC-3,Erlotinib,,,0.05190436169505119,0.03465256467461586,train,supervised_vae
RKO,Erlotinib,,,0.004631584510207176,0.026591578498482704,train,supervised_vae
OUMS-27,Erlotinib,,,,0.05740104615688324,train,supervised_vae
SET-2,Erlotinib,,,,0.024208562448620796,train,supervised_vae
T98G,Erlotinib,,,0.023452864959836006,0.05526827275753021,train,supervised_vae
WM793,Erlotinib,,,0.02805124968290329,0.03261442855000496,train,supervised_vae
T.T,Erlotinib,,,,0.18395325541496277,train,supervised_vae
SNU-449,Erlotinib,,,0.058517977595329285,0.0,train,supervised_vae
BICR 22,Erlotinib,,,,0.08555562049150467,train,supervised_vae
MDST8,Erlotinib,,,,0.03750656545162201,train,supervised_vae
SCC-25,Erlotinib,,,,0.1266484409570694,train,supervised_vae
SNU-201,Erlotinib,,,,0.05322542414069176,train,supervised_vae
OCUM-1,Erlotinib,,,0.0,0.009422470815479755,train,supervised_vae
MOG-G-UVW,Erlotinib,,,,-0.0016826875507831573,train,supervised_vae
NCI-H1568,Erlotinib,,,0.19252437353134155,0.16844311356544495,train,supervised_vae
OCI-AML-5,Erlotinib,,,0.04101958125829697,0.21662773191928864,train,supervised_vae
MHH-NB-11,Erlotinib,,,,0.072197824716568,train,supervised_vae
NCI-H2085,Erlotinib,,,0.05294705927371979,0.09065317362546921,train,supervised_vae
EJM,Erlotinib,,,,0.0873604491353035,train,supervised_vae
DND-41,Erlotinib,,,,0.07997085899114609,train,supervised_vae
JK-1,Erlotinib,,,,0.06698127090930939,train,supervised_vae
COR-L279,Erlotinib,,,,0.04807896539568901,train,supervised_vae
RCC10RGB,Erlotinib,,,,0.09449785202741623,train,supervised_vae
HEC-1-A,Erlotinib,,,0.002704528858885169,0.004059452563524246,train,supervised_vae
Ku812,Erlotinib,,,0.03246072307229042,0.033006228506565094,train,supervised_vae
NCI-H1734,Erlotinib,,,,0.17387624084949493,train,supervised_vae
NCI-H1573,Erlotinib,,,0.15496483445167542,0.14184436202049255,train,supervised_vae
LOU-NH91,Erlotinib,,,0.14603012800216675,0.11713214963674545,train,supervised_vae
J82,Erlotinib,,,0.04316093027591705,0.03338278830051422,train,supervised_vae
SW620,Erlotinib,,,0.003228754736483097,0.00017000301158986986,train,supervised_vae
Hs 742.T,Erlotinib,,,,-0.005826745182275772,train,supervised_vae
BICR 18,Erlotinib,,,,0.11812535673379898,train,supervised_vae
GMS-10,Erlotinib,,,0.019054094329476357,0.0011246725916862488,train,supervised_vae
SNU-349,Erlotinib,,,,0.10355252027511597,train,supervised_vae
HuNS1,Erlotinib,,,,0.06099015101790428,train,supervised_vae
ML-1 [Human thyroid carcinoma],Erlotinib,,,,0.2453281581401825,train,supervised_vae
ZR-75-1,Erlotinib,,,0.11372878402471542,0.07018990069627762,train,supervised_vae
Ki-JK,Erlotinib,,,,0.04172135889530182,train,supervised_vae
SNU-620,Erlotinib,,,,0.051170460879802704,train,supervised_vae
NCI-H854,Erlotinib,,,,0.06927543878555298,train,supervised_vae
SBC-5,Erlotinib,,,0.003955003339797258,0.02333620935678482,train,supervised_vae
MOR/CPR,Erlotinib,,,0.050237566232681274,0.014501744881272316,train,supervised_vae
HCC1500,Erlotinib,,,,0.01637154072523117,train,supervised_vae
HLC-1,Erlotinib,,,,0.051583487540483475,train,supervised_vae
LS513,Erlotinib,,,,-0.013899617828428745,train,supervised_vae
BC-3C,Erlotinib,,,,0.04723626375198364,train,supervised_vae
WSU-DLCL2,Erlotinib,,,,0.0721864402294159,train,supervised_vae
SW1573,Erlotinib,,,0.07071369141340256,0.009347780607640743,train,supervised_vae
UM-UC-3,Erlotinib,,,0.0,0.0,train,supervised_vae
NCI-H716,Erlotinib,,,,0.0737546756863594,train,supervised_vae
GOS-3,Erlotinib,,,,0.0717700719833374,train,supervised_vae
BHY,Erlotinib,,,,0.010632198303937912,train,supervised_vae
SUP-T11,Erlotinib,,,,0.13800659775733948,train,supervised_vae
KYSE-520,Erlotinib,,,0.18550874292850494,0.13196124136447906,train,supervised_vae
U2OS,Erlotinib,,,0.04493655636906624,0.04667525738477707,train,supervised_vae
KCI-MOH1,Erlotinib,,,0.16372962296009064,0.08785030990839005,train,supervised_vae
BICR 6,Erlotinib,,,,0.06476585566997528,train,supervised_vae
KMS-18,Erlotinib,,,,-0.018868591636419296,train,supervised_vae
KYSE-140,Erlotinib,,,0.2900695502758026,0.23235823214054108,train,supervised_vae
Hs 852.T,Erlotinib,,,0.06064947322010994,0.029830126091837883,train,supervised_vae
NCI-H2172,Erlotinib,,,,0.0,train,supervised_vae
SK-N-AS,Erlotinib,,,0.01277044229209423,0.016857583075761795,train,supervised_vae
U-87MG ATCC,Erlotinib,,,0.0,0.005544696003198624,train,supervised_vae
SNU-840,Erlotinib,,,,0.006554730236530304,train,supervised_vae
SK-OV-3,Erlotinib,,,0.07924753427505493,0.07209759950637817,train,supervised_vae
KYSE-70,Erlotinib,,,0.17171168327331543,0.14839375019073486,train,supervised_vae
GSS,Erlotinib,,,,0.14204104244709015,train,supervised_vae
PK-59,Erlotinib,,,0.03967913240194321,0.0,train,supervised_vae
SNU-1197,Erlotinib,,,,0.07431609183549881,train,supervised_vae
SNU-283,Erlotinib,,,,0.08974723517894745,train,supervised_vae
WM983B,Erlotinib,,,0.012461467646062374,0.01404724270105362,train,supervised_vae
HCC1395,Erlotinib,,,0.042956769466400146,0.07795515656471252,train,supervised_vae
OV7,Erlotinib,,,,0.05571148917078972,train,supervised_vae
HLE,Erlotinib,,,0.02747679315507412,0.021948618814349174,train,supervised_vae
MDA-MB-415,Erlotinib,,,0.01592852920293808,0.009645882993936539,train,supervised_vae
PE/CA-PJ15,Erlotinib,,,,0.018778109923005104,train,supervised_vae
Hs 766T,Erlotinib,,,0.09911269694566727,0.07754608243703842,train,supervised_vae
SK-MEL-1,Erlotinib,,,,0.0,train,supervised_vae
SNU-738,Erlotinib,,,,0.10606296360492706,train,supervised_vae
SNU-878,Erlotinib,,,,0.09557877480983734,train,supervised_vae
BDCM,Erlotinib,,,0.013226781040430069,0.036432139575481415,train,supervised_vae
HMEL,Erlotinib,,,,0.06985776126384735,train,supervised_vae
LN-229,Erlotinib,,,0.08689193427562714,0.01714477315545082,train,supervised_vae
SNU-1105,Erlotinib,,,,-0.005099378991872072,train,supervised_vae
Capan-2,Erlotinib,,,0.05558851733803749,0.03541093319654465,train,supervised_vae
LUDLU-1,Erlotinib,,,0.21479026973247528,0.12734906375408173,train,supervised_vae
CW-2,Erlotinib,,,,0.11139611899852753,train,supervised_vae
SK-HEP-1,Erlotinib,,,0.022565459832549095,0.04624591022729874,train,supervised_vae
SNU-685,Erlotinib,,,,0.19282418489456177,train,supervised_vae
GCT,Erlotinib,,,0.029750056564807892,0.03576313331723213,train,supervised_vae
CAS-1,Erlotinib,,,0.00462641566991806,0.027148816734552383,train,supervised_vae
RT-4,Erlotinib,,,0.16739684343338013,0.09667091816663742,train,supervised_vae
Sq-1,Erlotinib,,,0.06801863759756088,0.06721176207065582,train,supervised_vae
Lu-99A,Erlotinib,,,0.09351128339767456,0.08545228093862534,train,supervised_vae
HLF,Erlotinib,,,0.019748220220208168,0.02900589443743229,train,supervised_vae
MOLM-16,Erlotinib,,,,0.07068739086389542,train,supervised_vae
COLO 792,Erlotinib,,,,0.06043063476681709,train,supervised_vae
YAPC,Erlotinib,,,,0.14914992451667786,train,supervised_vae
COV318,Erlotinib,,,0.0,0.0,train,supervised_vae
KM-H2,Erlotinib,,,,-0.04327407851815224,train,supervised_vae
HSC-3,Erlotinib,,,,0.10360646992921829,train,supervised_vae
CAL-51,Erlotinib,,,,0.02641463465988636,train,supervised_vae
OUMS-23,Erlotinib,,,,0.14600443840026855,train,supervised_vae
TE 125.T,Erlotinib,,,,0.010900153778493404,train,supervised_vae
IST-Mes1,Erlotinib,,,0.030112499371170998,0.03523438423871994,train,supervised_vae
8505C,Erlotinib,,,0.030876273289322853,0.04309907928109169,train,supervised_vae
MPP 89,Erlotinib,,,0.01904938742518425,0.019596092402935028,train,supervised_vae
HEL,Erlotinib,,,,0.01663244515657425,train,supervised_vae
SK-BR-3,Erlotinib,,,0.05985407158732414,0.0372423380613327,train,supervised_vae
SNU-407,Erlotinib,,,,0.05898719280958176,train,supervised_vae
U266B1,Erlotinib,,,,0.1674385964870453,train,supervised_vae
A-498,Erlotinib,,,,0.035914286971092224,train,supervised_vae
DAN-G,Erlotinib,,,,0.056217122822999954,train,supervised_vae
HCC1187,Erlotinib,,,0.046661943197250366,0.06564886122941971,train,supervised_vae
YMB-1,Erlotinib,,,,0.09726834297180176,train,supervised_vae
JHUEM-7,Erlotinib,,,,0.0640966072678566,train,supervised_vae
ONCO-DG-1,Erlotinib,,,0.1428801268339157,0.08357696235179901,train,supervised_vae
OVCAR-4,Erlotinib,,,0.08904686570167542,0.0602853000164032,train,supervised_vae
EoL-1,Erlotinib,,,,0.010673381388187408,train,supervised_vae
NCI-H1792,Erlotinib,,,0.03543425351381302,0.04547557979822159,train,supervised_vae
CAL-78,Erlotinib,,,0.03013685718178749,0.08753909915685654,train,supervised_vae
COLO 679,Erlotinib,,,0.0172851774841547,0.01153705082833767,train,supervised_vae
HuT 78,Erlotinib,,,0.0,-0.010637760162353516,train,supervised_vae
LP-1,Erlotinib,,,0.0,0.09204421937465668,train,supervised_vae
OVMANA,Erlotinib,,,0.022195594385266304,0.0,train,supervised_vae
Rh30,Erlotinib,,,0.007888833060860634,0.0012095981510356069,train,supervised_vae
SU.86.86,Erlotinib,,,0.05526959151029587,0.07386736571788788,train,supervised_vae
COLO 783,Erlotinib,,,,0.023554116487503052,train,supervised_vae
SF172,Erlotinib,,,,0.07513900846242905,train,supervised_vae
OELE,Erlotinib,,,,0.08960936963558197,train,supervised_vae
RERF-LC-Ad1,Erlotinib,,,,0.0,train,supervised_vae
NCI-H2342,Erlotinib,,,,0.09435757994651794,train,supervised_vae
NCI-H1693,Erlotinib,,,0.19644658267498016,0.15783043205738068,train,supervised_vae
EWS-502,Erlotinib,,,,0.04391957074403763,train,supervised_vae
PF-382,Erlotinib,,,,0.11122854799032211,train,supervised_vae
MHH-CALL-2,Erlotinib,,,,0.10550901293754578,train,supervised_vae
REC-1,Erlotinib,,,,0.03751705214381218,train,supervised_vae
A-673,Erlotinib,,,0.013293544761836529,0.05314682424068451,train,supervised_vae
JHUEM-3,Erlotinib,,,,0.08970312029123306,train,supervised_vae
HCC1954,Erlotinib,,,0.10922294855117798,0.08709166198968887,train,supervised_vae
HuT 102,Erlotinib,,,,0.05356156453490257,train,supervised_vae
NCI-H1618,Erlotinib,,,,0.06015513837337494,train,supervised_vae
HMC-1-8,Erlotinib,,,0.01942284032702446,0.027816345915198326,train,supervised_vae
Karpas-620,Erlotinib,,,0.021312205120921135,0.0801871046423912,train,supervised_vae
NALM-19,Erlotinib,,,,-0.0019404459744691849,train,supervised_vae
Hs 274.T,Erlotinib,,,,-0.04293952137231827,train,supervised_vae
K-562,Erlotinib,,,,0.12863430380821228,train,supervised_vae
UM-RC-2,Erlotinib,,,,0.077402763068676,train,supervised_vae
Panc 10.05,Erlotinib,,,0.05654756352305412,0.021173860877752304,train,supervised_vae
TE-8,Erlotinib,,,,0.11986245959997177,train,supervised_vae
JHOM-2B,Erlotinib,,,,0.042941201478242874,train,supervised_vae
TOV-21G,Erlotinib,,,0.06806977093219757,0.014921422116458416,train,supervised_vae
COR-L311,Erlotinib,,,,0.06861962378025055,train,supervised_vae
L-363,Erlotinib,,,0.030041877180337906,0.05369775742292404,train,supervised_vae
SCC-9,Erlotinib,,,0.2093525528907776,0.14625544846057892,train,supervised_vae
Hs 600.T,Erlotinib,,,,0.05620715767145157,train,supervised_vae
SK-MEL-31,Erlotinib,,,0.022938359528779984,0.041681043803691864,train,supervised_vae
KP-4,Erlotinib,,,0.02275892160832882,0.019089262932538986,train,supervised_vae
NCI-H2196,Erlotinib,,,,0.091373011469841,train,supervised_vae
CADO-ES1,Erlotinib,,,,0.05344816669821739,train,supervised_vae
DM-3,Erlotinib,,,,0.08589106053113937,train,supervised_vae
MDA-MB-453,Erlotinib,,,0.02901134081184864,0.0,train,supervised_vae
DB,Erlotinib,,,,0.10184364765882492,train,supervised_vae
MKN74,Erlotinib,,,0.03447232395410538,0.0643862783908844,train,supervised_vae
SCLC-21H,Erlotinib,,,,0.045121945440769196,train,supervised_vae
MOG-G-CCM,Erlotinib,,,0.0,-0.007310736924409866,train,supervised_vae
IGR-37,Erlotinib,,,0.03262731060385704,0.0634862631559372,train,supervised_vae
Hs 604.T,Erlotinib,,,,0.049140531569719315,train,supervised_vae
NCI-H596,Erlotinib,,,,0.19936388731002808,train,supervised_vae
F5,Erlotinib,,,,0.06090107560157776,train,supervised_vae
NCI-H1184,Erlotinib,,,0.0,0.0,train,supervised_vae
MDA-MB-436,Erlotinib,,,0.06565015763044357,0.05907903611660004,train,supervised_vae
EPLC-272H,Erlotinib,,,,0.1070752963423729,train,supervised_vae
CL-11,Erlotinib,,,,0.12244875729084015,train,supervised_vae
NCI-H1581,Erlotinib,,,0.0,0.019186945632100105,train,supervised_vae
SU-DHL-4,Erlotinib,,,0.05815713480114937,0.036375876516103745,train,supervised_vae
DK-MG,Erlotinib,,,0.02732880227267742,0.043981388211250305,train,supervised_vae
HT-29,Erlotinib,,,0.0008752056746743619,0.006761431694030762,train,supervised_vae
KYM-1,Erlotinib,,,0.0,0.038563139736652374,train,supervised_vae
KMS-34,Erlotinib,,,0.006456402130424976,0.08891396224498749,train,supervised_vae
VCaP,Erlotinib,,,,0.09505046904087067,train,supervised_vae
Jurkat E6.1,Erlotinib,,,0.08020259439945221,0.048958007246255875,train,supervised_vae
VMRC-LCP,Erlotinib,,,,0.0853726863861084,train,supervised_vae
BHT-101,Erlotinib,,,,-0.000413218280300498,train,supervised_vae
JL-1,Erlotinib,,,,-0.0009494582191109657,train,supervised_vae
MSTO-211H,Erlotinib,,,0.04682326689362526,0.010671380907297134,train,supervised_vae
Hs 840.T,Erlotinib,,,0.01480245403945446,0.05239652469754219,train,supervised_vae
SR,Erlotinib,,,,0.01349804550409317,train,supervised_vae
HCC1937,Erlotinib,,,,0.14750833809375763,train,supervised_vae
SW1116,Erlotinib,,,,0.0454937145113945,train,supervised_vae
GSU,Erlotinib,,,,0.19699963927268982,train,supervised_vae
SNU-601,Erlotinib,,,,0.06782041490077972,train,supervised_vae
D341 Med,Erlotinib,,,,0.11406877636909485,train,supervised_vae
Panc 05.04,Erlotinib,,,,0.002673052717000246,train,supervised_vae
RCM-1 [Human rectum adenocarcinoma],Erlotinib,,,,0.11791333556175232,train,supervised_vae
SH-4,Erlotinib,,,,0.03796445578336716,train,supervised_vae
CAMA-1,Erlotinib,,,0.01575651951134205,0.0623074546456337,train,supervised_vae
KATO III,Erlotinib,,,,0.12406027317047119,train,supervised_vae
TT,Erlotinib,,,,0.14726601541042328,train,supervised_vae
SNG-M,Erlotinib,,,0.07452930510044098,0.041709717363119125,train,supervised_vae
U-138MG,Erlotinib,,,,0.02635609172284603,train,supervised_vae
ECC10,Erlotinib,,,,0.05105765163898468,train,supervised_vae
OAW28,Erlotinib,,,,0.056380610913038254,train,supervised_vae
ONS-76,Erlotinib,,,0.02147161215543747,0.0,train,supervised_vae
OCI-Ly3,Erlotinib,,,,0.06395278871059418,train,supervised_vae
TO 175.T,Erlotinib,,,,0.0594768188893795,train,supervised_vae
HCT 116,Erlotinib,,,0.02919105254113674,0.07324254512786865,train,supervised_vae
HuTu 80,Erlotinib,,,,0.020776748657226562,train,supervised_vae
M059K,Erlotinib,,,,0.0,train,supervised_vae
KMRC-3,Erlotinib,,,,0.06157133728265762,train,supervised_vae
NCI-H209,Erlotinib,,,,0.13476383686065674,train,supervised_vae
JHH-2,Erlotinib,,,0.07645614445209503,0.12551526725292206,train,supervised_vae
NCI-H1648,Erlotinib,,,0.0904114693403244,0.07389052212238312,train,supervised_vae
U-118MG,Erlotinib,,,0.007053320296108723,0.00935075432062149,train,supervised_vae
Detroit 562,Erlotinib,,,0.1154157817363739,0.061803918331861496,train,supervised_vae
MCF-7,Erlotinib,,,0.052088651806116104,0.030274523422122,train,supervised_vae
G-401,Erlotinib,,,0.023841170594096184,0.05658961459994316,train,supervised_vae
OPM-2,Erlotinib,,,0.0670311376452446,0.029191283509135246,train,supervised_vae
P3HR-1,Erlotinib,,,0.0,0.023020470514893532,train,supervised_vae
HCC1171,Erlotinib,,,,0.04633118584752083,train,supervised_vae
MDA-PCa-2b,Erlotinib,,,,0.11454349011182785,train,supervised_vae
JM-1,Erlotinib,,,0.036375001072883606,0.028092458844184875,train,supervised_vae
RMUG-S,Erlotinib,,,,0.009885415434837341,train,supervised_vae
DU4475,Erlotinib,,,,-0.02046044170856476,train,supervised_vae
Panc 08.13,Erlotinib,,,,-0.002704482525587082,train,supervised_vae
FU-OV-1,Erlotinib,,,0.11616449058055878,0.11913788318634033,train,supervised_vae
ACC-MESO-1,Erlotinib,,,,0.1439160704612732,train,supervised_vae
NCI-H2110,Erlotinib,,,,0.06506681442260742,train,supervised_vae
JHH-4,Erlotinib,,,0.05468062683939934,0.025430258363485336,train,supervised_vae
MEC-2,Erlotinib,,,,0.024574395269155502,train,supervised_vae
MFE-296,Erlotinib,,,0.10578947514295578,0.06225009635090828,train,supervised_vae
PaTu 8902,Erlotinib,,,0.014206549152731895,0.009230859577655792,train,supervised_vae
COLO 205,Erlotinib,,,0.05243299528956413,0.136282280087471,train,supervised_vae
KP-N-RT-BM-1,Erlotinib,,,,0.059227053076028824,train,supervised_vae
KMS-12-BM,Erlotinib,,,0.0,0.06262966990470886,train,supervised_vae
MDA-MB-231,Erlotinib,,,,0.06640110909938812,train,supervised_vae
NCI-H520,Erlotinib,,,0.0,0.0006908715004101396,train,supervised_vae
JHOS-4,Erlotinib,,,0.12377795577049255,0.00490039587020874,train,supervised_vae
UT-7,Erlotinib,,,,0.04633702337741852,train,supervised_vae
CL-34,Erlotinib,,,,0.10841204226016998,train,supervised_vae
JHH-5,Erlotinib,,,0.2246560901403427,0.06315340101718903,train,supervised_vae
JHOM-1,Erlotinib,,,,0.08100692927837372,train,supervised_vae
KE-37,Erlotinib,,,,0.0314798429608345,train,supervised_vae
MEC-1,Erlotinib,,,0.008480126969516277,0.01746363565325737,train,supervised_vae
UACC-257,Erlotinib,,,0.004973747301846743,0.025117116048932076,train,supervised_vae
L-1236,Erlotinib,,,,0.026486262679100037,train,supervised_vae
NALM-6,Erlotinib,,,,0.04463636502623558,train,supervised_vae
NCI-H1651,Erlotinib,,,0.04277709126472473,-0.007929242216050625,train,supervised_vae
EFM-192A,Erlotinib,,,,0.07744435966014862,train,supervised_vae
A2058,Erlotinib,,,0.020316431298851967,-0.0020937523804605007,train,supervised_vae
NCI-H1876,Erlotinib,,,,0.0827479362487793,train,supervised_vae
SW48,Erlotinib,,,0.3432353436946869,0.23311764001846313,train,supervised_vae
SH-10-TC,Erlotinib,,,0.030011549592018127,0.028711164370179176,train,supervised_vae
NCI-H510A,Erlotinib,,,,0.1365777999162674,train,supervised_vae
C32 [Human melanoma],Erlotinib,,,0.03969797492027283,-0.008630992844700813,train,supervised_vae
HEL 92.1.7,Erlotinib,,,0.017781322821974754,0.006612699944525957,train,supervised_vae
A101D,Erlotinib,,,,0.044614825397729874,train,supervised_vae
SNU-398,Erlotinib,,,0.0,0.011617724783718586,train,supervised_vae
HEC-59,Erlotinib,,,0.02312557026743889,0.027092741802334785,train,supervised_vae
SCaBER,Erlotinib,,,0.2585083246231079,0.14297325909137726,train,supervised_vae
KLM-1,Erlotinib,,,,0.058093830943107605,train,supervised_vae
Ci-1,Erlotinib,,,0.0,0.06945404410362244,train,supervised_vae
SCC-15,Erlotinib,,,,0.0542919859290123,train,supervised_vae
DV-90,Erlotinib,,,0.14565078914165497,0.10955842584371567,train,supervised_vae
BFTC-909,Erlotinib,,,0.02699008584022522,0.0,train,supervised_vae
FaDu,Erlotinib,,,0.20236626267433167,0.18210738897323608,train,supervised_vae
Kasumi-2,Erlotinib,,,0.05147402733564377,0.09338545054197311,train,supervised_vae
KYSE-150,Erlotinib,,,0.08199793100357056,0.09748461842536926,train,supervised_vae
COLO 668,Erlotinib,,,,0.09741675853729248,train,supervised_vae
HT,Erlotinib,,,0.0,0.046323735266923904,train,supervised_vae
TM-31,Erlotinib,,,,0.12741266191005707,train,supervised_vae
COLO 849,Erlotinib,,,,0.005123928189277649,train,supervised_vae
HuCC-T1,Erlotinib,,,0.07585393637418747,0.053255051374435425,train,supervised_vae
SNU-1040,Erlotinib,,,,0.2311401665210724,train,supervised_vae
VMRC-LCD,Erlotinib,,,9.304741628883215e-16,0.000847160816192627,train,supervised_vae
CAL-120,Erlotinib,,,,0.07072348892688751,train,supervised_vae
HCC1419,Erlotinib,,,,0.03989237919449806,train,supervised_vae
OC 314,Erlotinib,,,0.04141521826386452,0.04926881939172745,train,supervised_vae
HDQ-P1,Erlotinib,,,0.20471830666065216,0.1380789875984192,train,supervised_vae
TUHR10TKB,Erlotinib,,,,0.057694900780916214,train,supervised_vae
CHP-126,Erlotinib,,,,0.0,train,supervised_vae
COR-L23,Erlotinib,,,0.00965084321796894,0.048432059586048126,train,supervised_vae
AGS,Erlotinib,,,,0.08031808584928513,train,supervised_vae
Malme-3M,Erlotinib,,,0.0325942300260067,0.04407350346446037,train,supervised_vae
SNU-182,Erlotinib,,,0.12646253407001495,0.06293103098869324,train,supervised_vae
NCI-H1869,Erlotinib,,,0.152424156665802,0.012932715006172657,train,supervised_vae
Panc 04.03,Erlotinib,,,0.11146882176399231,0.06928908824920654,train,supervised_vae
Hs 571.T,Erlotinib,,,,0.018743157386779785,train,supervised_vae
Hs 675.T,Erlotinib,,,,0.07561112195253372,train,supervised_vae
EM-2,Erlotinib,,,0.06069961562752724,0.03579331561923027,train,supervised_vae
BxPC-3,Erlotinib,,,0.11221767216920853,0.1027567908167839,train,supervised_vae
COV504,Erlotinib,,,0.0711984634399414,0.08056880533695221,train,supervised_vae
NCI-H1623,Erlotinib,,,,-0.007836032658815384,train,supervised_vae
HL-60,Erlotinib,,,,0.10693702101707458,train,supervised_vae
HCC2218,Erlotinib,,,,0.052366744726896286,train,supervised_vae
Hs 706.T,Erlotinib,,,,0.040341611951589584,train,supervised_vae
RL,Erlotinib,,,,-0.0067406026646494865,train,supervised_vae
RL95-2,Erlotinib,,,0.21716706454753876,0.19672749936580658,train,supervised_vae
YD-15,Erlotinib,,,,0.09639772027730942,train,supervised_vae
SNU-C4,Erlotinib,,,,0.11049202084541321,train,supervised_vae
HEY A8,Erlotinib,,,0.015455840155482292,0.1371837556362152,train,supervised_vae
MJ,Erlotinib,,,0.0,0.03520135581493378,train,supervised_vae
TE-6,Erlotinib,,,,0.11142239719629288,train,supervised_vae
ST486,Erlotinib,,,,0.029592741280794144,train,supervised_vae
RVH-421,Erlotinib,,,0.0070321024395525455,0.02011580765247345,train,supervised_vae
TUHR14TKB,Erlotinib,,,,0.05896906182169914,train,supervised_vae
SK-MEL-3,Erlotinib,,,,0.005919154267758131,train,supervised_vae
5637,Erlotinib,,,0.2021394670009613,0.16531431674957275,train,supervised_vae
HuH-1,Erlotinib,,,0.04100503399968147,0.12341074645519257,train,supervised_vae
SNU-1214,Erlotinib,,,,0.005177448503673077,train,supervised_vae
NCI-H508,Erlotinib,,,,0.0860852301120758,train,supervised_vae
WM88,Erlotinib,,,0.004658939782530069,0.04091300815343857,train,supervised_vae
OCI-AML-3,Erlotinib,,,,0.030492369085550308,train,supervised_vae
OV-90,Erlotinib,,,0.0,0.07340767234563828,train,supervised_vae
OVSAHO,Erlotinib,,,0.02859368361532688,0.0,train,supervised_vae
S-117,Erlotinib,,,,0.2027786821126938,train,supervised_vae
SW780,Erlotinib,,,0.12238645553588867,0.0699540302157402,train,supervised_vae
Hs 688(A).T,Erlotinib,,,,0.07934215664863586,train,supervised_vae
NCI-H650,Erlotinib,,,0.005011194851249456,0.010359102860093117,train,supervised_vae
RPMI-8402,Erlotinib,,,0.018608050420880318,0.02159382589161396,train,supervised_vae
NCI-H810,Erlotinib,,,0.0,0.0,train,supervised_vae
Li-7,Erlotinib,,,,0.044392216950654984,train,supervised_vae
NCI-H522,Erlotinib,,,0.040344320237636566,0.042498670518398285,train,supervised_vae
SNU-761,Erlotinib,,,,0.0765627771615982,train,supervised_vae
KU-19-19,Erlotinib,,,,0.04600606858730316,train,supervised_vae
NCI-H1339,Erlotinib,,,0.0038380459882318974,0.0292141605168581,train,supervised_vae
HT-55,Erlotinib,,,,0.06545089185237885,train,supervised_vae
COLO 704,Erlotinib,,,,0.03193254768848419,train,supervised_vae
TE-10,Erlotinib,,,,0.037528134882450104,train,supervised_vae
HD-MY-Z,Erlotinib,,,0.0841427892446518,0.07460814714431763,train,supervised_vae
Namalwa,Erlotinib,,,,0.0671536773443222,train,supervised_vae
Hs 281.T,Erlotinib,,,,0.12203741818666458,train,supervised_vae
NUGC-2,Erlotinib,,,,0.058260731399059296,train,supervised_vae
OCI-M1,Erlotinib,,,,0.08083613216876984,train,supervised_vae
EFE-184,Erlotinib,,,0.10355244576931,0.08578827232122421,train,supervised_vae
MHH-ES-1,Erlotinib,,,0.08771762996912003,0.04925394430756569,train,supervised_vae
YD-10B,Erlotinib,,,,0.07191848754882812,train,supervised_vae
HEC-265,Erlotinib,,,0.0,0.004421135410666466,train,supervised_vae
IGROV-1,Erlotinib,,,0.1451892852783203,0.13766485452651978,train,supervised_vae
Hs 606.T,Erlotinib,,,,0.09026265889406204,train,supervised_vae
LC-1/sq-SF,Erlotinib,,,0.11546967923641205,-0.007285846397280693,train,supervised_vae
GI-1,Erlotinib,,,0.021889647468924522,0.012314441613852978,train,supervised_vae
PrEC LH,Erlotinib,,,,0.06561631709337234,train,supervised_vae
SNU-520,Erlotinib,,,,0.14755767583847046,train,supervised_vae
Peer,Erlotinib,,,,0.036157090216875076,train,supervised_vae
H4,Erlotinib,,,0.030391791835427284,0.046884723007678986,train,supervised_vae
KMRC-1,Erlotinib,,,0.1492006480693817,0.10869519412517548,train,supervised_vae
NCI-H2009,Erlotinib,,,0.08123744279146194,0.0945822149515152,train,supervised_vae
NCI-H841,Erlotinib,,,,0.0785118043422699,train,supervised_vae
DU145,Erlotinib,,,0.13559819757938385,0.08406578004360199,train,supervised_vae
SNU-423,Erlotinib,,,0.03534448519349098,0.017505263909697533,train,supervised_vae
NCI-H660,Erlotinib,,,,0.023388037458062172,train,supervised_vae
SU-DHL-10,Erlotinib,,,0.0,0.04188381880521774,train,supervised_vae
CA46,Erlotinib,,,,0.033007241785526276,train,supervised_vae
NCI-H146,Erlotinib,,,,0.016761772334575653,train,supervised_vae
HCC1897,Erlotinib,,,,0.07644496858119965,train,supervised_vae
KHM-1B,Erlotinib,,,0.04921862483024597,-0.07785558700561523,train,supervised_vae
AML-193,Erlotinib,,,,0.10971545428037643,train,supervised_vae
Calu-6,Erlotinib,,,0.02324351668357849,0.056854333728551865,train,supervised_vae
COR-L88,Erlotinib,,,,0.05647295340895653,train,supervised_vae
639V,Erlotinib,,,,0.06898066401481628,train,supervised_vae
NCI-H1437,Erlotinib,,,,0.09691637754440308,train,supervised_vae
DEL,Erlotinib,,,0.037769198417663574,0.08020077645778656,train,supervised_vae
TCC-PAN2,Erlotinib,,,,0.02877240814268589,train,supervised_vae
LCLC-97TM1,Erlotinib,,,,0.08696635812520981,train,supervised_vae
SW1463,Erlotinib,,,,0.03894193097949028,train,supervised_vae
22Rv1,Erlotinib,,,0.005032097455114126,0.027970997616648674,train,supervised_vae
Toledo,Erlotinib,,,0.0,0.00624194135889411,train,supervised_vae
NCI-H1299,Erlotinib,,,0.06268586218357086,0.05108688399195671,train,supervised_vae
BT-20,Erlotinib,,,0.13583120703697205,0.08175159245729446,train,supervised_vae
NCI-H1836,Erlotinib,,,,0.025897091254591942,train,supervised_vae
SNU-8,Erlotinib,,,,0.07049166411161423,train,supervised_vae
SUP-B15,Erlotinib,,,,0.19609612226486206,train,supervised_vae
NCI-H3255,Erlotinib,,,0.5614478588104248,0.09512437134981155,train,supervised_vae
WM115,Erlotinib,,,0.009304008446633816,0.04067177325487137,train,supervised_vae
SALE,Erlotinib,,,,0.06682347506284714,train,supervised_vae
SF126,Erlotinib,,,0.0028855474665760994,0.0208811704069376,train,supervised_vae
Panc 02.13,Erlotinib,,,,0.012736925855278969,train,supervised_vae
SW579,Erlotinib,,,0.01684611104428768,0.0,train,supervised_vae
NCI-H82,Erlotinib,,,,0.11416997760534286,train,supervised_vae
SNU-213,Erlotinib,,,,0.020447956398129463,train,supervised_vae
JIMT-1,Erlotinib,,,,0.05912560224533081,train,supervised_vae
Hs 939.T,Erlotinib,,,0.018996980041265488,0.08800938725471497,train,supervised_vae
MEG-01,Erlotinib,,,0.011870242655277252,0.060942426323890686,train,supervised_vae
Caov-3,Erlotinib,,,,0.0,train,supervised_vae
GA-10,Erlotinib,,,,0.07806405425071716,train,supervised_vae
OVCAR-3,Erlotinib,,,0.1443013697862625,0.04231087118387222,train,supervised_vae
MOTN-1,Erlotinib,,,,0.21131384372711182,train,supervised_vae
OS-RC-2,Erlotinib,,,,0.11138859391212463,train,supervised_vae
ALL-SIL,Erlotinib,,,0.079600028693676,0.06827181577682495,train,supervised_vae
SKM-1,Erlotinib,,,,0.10112035274505615,train,supervised_vae
NCI-H1092,Erlotinib,,,0.0,0.010552223771810532,train,supervised_vae
KS-1 [Human glioblastoma],Erlotinib,,,,0.07226351648569107,train,supervised_vae
SLR25,Erlotinib,,,,0.07707875967025757,train,supervised_vae
HCC15,Erlotinib,,,0.02772621624171734,0.03420425206422806,train,supervised_vae
GR-M,Erlotinib,,,,0.04254430904984474,train,supervised_vae
PCM6,Erlotinib,,,,-0.03204136714339256,train,supervised_vae
SiMa,Erlotinib,,,0.0,0.0,train,supervised_vae
SNU-81,Erlotinib,,,,0.07463271915912628,train,supervised_vae
SW837,Erlotinib,,,,0.07522258907556534,train,supervised_vae
HEK TE,Erlotinib,,,,0.04174530506134033,train,supervised_vae
SUP-HD1,Erlotinib,,,,0.03542212396860123,train,supervised_vae
LOX-IMVI,Erlotinib,,,0.02155059017241001,0.021839452907443047,train,supervised_vae
CAL-27,Erlotinib,,,0.33115506172180176,0.2810470461845398,train,supervised_vae
NB1,Erlotinib,,,,0.0,train,supervised_vae
MOLP-2,Erlotinib,,,,0.043058037757873535,train,supervised_vae
SNU-1076,Erlotinib,,,,0.09137424826622009,train,supervised_vae
SNU-899,Erlotinib,,,,0.02740248292684555,train,supervised_vae
HDLM-2,Erlotinib,,,,0.08026997745037079,train,supervised_vae
IM95,Erlotinib,,,,0.003812788985669613,train,supervised_vae
Becker,Erlotinib,,,,0.023642219603061676,train,supervised_vae
JHUEM-2,Erlotinib,,,0.025869473814964294,0.056430328637361526,train,supervised_vae
NCI-H2106,Erlotinib,,,,0.09298643469810486,train,supervised_vae
KMRC-20,Erlotinib,,,,0.08156804740428925,train,supervised_vae
ABC-1,Erlotinib,,,,0.10264664143323898,train,supervised_vae
SJSA-1,Erlotinib,,,0.0369315966963768,0.041025929152965546,train,supervised_vae
LAMA-84,Erlotinib,,,,0.061881326138973236,train,supervised_vae
COR-L95,Erlotinib,,,,0.11645650863647461,train,supervised_vae
Hs 294T,Erlotinib,,,0.03162425011396408,0.03741053119301796,train,supervised_vae
IGR-39,Erlotinib,,,0.007250509224832058,0.0,train,supervised_vae
PaTu 8988t,Erlotinib,,,,0.06613829731941223,train,supervised_vae
MES-SA,Erlotinib,,,0.002105230698361993,0.0,train,supervised_vae
KM12,Erlotinib,,,,0.1028718426823616,train,supervised_vae
OVTOKO,Erlotinib,,,0.10582002997398376,0.067863330245018,train,supervised_vae
786-O,Erlotinib,,,0.017399881035089493,0.024413520470261574,train,supervised_vae
Hs 172.T,Erlotinib,,,,0.03831407427787781,train,supervised_vae
UACC-812,Erlotinib,,,0.05086470767855644,0.022571220993995667,train,supervised_vae
WM266-4,Erlotinib,,,0.013118494302034378,0.0018006713362410665,train,supervised_vae
NOMO-1,Erlotinib,,,,0.04714695364236832,train,supervised_vae
G-402,Erlotinib,,,0.003593845758587122,0.06891738623380661,train,supervised_vae
NCI-H23,Erlotinib,,,0.012236746959388256,0.0067705269902944565,train,supervised_vae
U-251MG,Erlotinib,,,,0.03357875719666481,train,supervised_vae
HCC1143,Erlotinib,,,,0.011809705756604671,train,supervised_vae
BL-41,Erlotinib,,,0.009598737582564354,0.06577818840742111,train,supervised_vae
Hs 751.T,Erlotinib,,,,0.047280099242925644,train,supervised_vae
PK-1,Erlotinib,,,0.09488140046596527,0.05642905831336975,train,supervised_vae
Karpas-299,Erlotinib,,,0.026572350412607193,0.017209714278578758,train,supervised_vae
SNU-175,Erlotinib,,,,0.05253659188747406,train,supervised_vae
SNU-46,Erlotinib,,,,0.06461343169212341,train,supervised_vae
LoVo,Erlotinib,,,,0.07096686214208603,train,supervised_vae
KYSE-510,Erlotinib,,,0.0072697969153523445,0.048472050577402115,train,supervised_vae
MDA-MB-157,Erlotinib,,,0.06068647652864456,0.0,train,supervised_vae
Calu-1,Erlotinib,,,0.008805246092379093,0.0,train,supervised_vae
A-172,Erlotinib,,,0.020002657547593117,0.007711597718298435,train,supervised_vae
NCI-H1793,Erlotinib,,,0.11268028616905212,0.0,test,supervised_vae
D-263MG,Erlotinib,,,0.043079253286123276,-0.01831050217151642,test,supervised_vae
KMOE-2,Erlotinib,,,0.020199738442897797,-0.018070608377456665,test,supervised_vae
OVCAR-8,Erlotinib,,,0.061797384172677994,-0.023093022406101227,test,supervised_vae
SJNB-7,Erlotinib,,,0.06243514642119408,0.045008912682533264,test,supervised_vae
NCI-H441,Erlotinib,,,0.148940309882164,0.10339269787073135,test,supervised_vae
H9,Erlotinib,,,0.037321895360946655,0.042900361120700836,test,supervised_vae
GR-ST,Erlotinib,,,0.05094308406114578,0.04634540155529976,test,supervised_vae
LC-2/ad,Erlotinib,,,,0.07908255606889725,test,supervised_vae
DMS 79,Erlotinib,,,,0.023732028901576996,test,supervised_vae
NCI-H747,Erlotinib,,,0.21022790670394897,0.06954609602689743,test,supervised_vae
PFSK-1,Erlotinib,,,0.03986416757106781,0.019672997295856476,test,supervised_vae
D-336MG,Erlotinib,,,,0.023575138300657272,test,supervised_vae
A3/Kawakami,Erlotinib,,,0.08846236020326614,0.03404849395155907,test,supervised_vae
ARH-77,Erlotinib,,,0.0,0.10116629302501678,test,supervised_vae
KYSE-180,Erlotinib,,,0.11975494772195816,0.12666350603103638,test,supervised_vae
TUR,Erlotinib,,,0.020698226988315582,0.11886077374219894,test,supervised_vae
IST-SL2,Erlotinib,,,0.11947661638259888,0.19171985983848572,test,supervised_vae
OE33,Erlotinib,,,0.07879529893398285,0.02733752131462097,test,supervised_vae
KLE,Erlotinib,,,0.07138554751873016,0.1281384527683258,test,supervised_vae
SK-MEL-24,Erlotinib,,,0.012962289154529572,-0.0013944117818027735,test,supervised_vae
Hs 578T,Erlotinib,,,0.0,0.012799549847841263,test,supervised_vae
T24,Erlotinib,,,,0.02006484381854534,test,supervised_vae
SW1783,Erlotinib,,,0.030495529994368553,0.05813862383365631,test,supervised_vae
DSH1,Erlotinib,,,0.06761287897825241,0.03597510978579521,test,supervised_vae
Lu-135,Erlotinib,,,0.0,0.07911188900470734,test,supervised_vae
PSN1,Erlotinib,,,0.09509527683258057,0.10448242723941803,test,supervised_vae
MFH-ino,Erlotinib,,,0.07135582715272903,0.09347908943891525,test,supervised_vae
SU-DHL-1,Erlotinib,,,,0.0,test,supervised_vae
Mel JuSo,Erlotinib,,,0.0,0.04330964386463165,test,supervised_vae
NCI-H2291,Erlotinib,,,,0.10848213732242584,test,supervised_vae
CAL-62,Erlotinib,,,0.07042910903692245,0.29725024104118347,test,supervised_vae
AM-38,Erlotinib,,,0.00968497060239315,0.05851031467318535,test,supervised_vae
HOS,Erlotinib,,,0.06404539942741394,0.104550302028656,test,supervised_vae
RD,Erlotinib,,,0.01366574876010418,-0.007382137700915337,test,supervised_vae
CAL-54,Erlotinib,,,0.2791457176208496,0.023119039833545685,test,supervised_vae
LB1047-RCC,Erlotinib,,,,-0.0020411915611475706,test,supervised_vae
NCI-H1838,Erlotinib,,,0.008247661404311657,0.05084816738963127,test,supervised_vae
TGW,Erlotinib,,,0.01655658893287182,0.022534187883138657,test,supervised_vae
MOLT-13,Erlotinib,,,0.002216119086369872,0.07678966224193573,test,supervised_vae
BEN,Erlotinib,,,,0.08159824460744858,test,supervised_vae
MFM-223,Erlotinib,,,0.06430798023939133,0.14600208401679993,test,supervised_vae
HSC-2,Erlotinib,,,0.1270434558391571,0.16136251389980316,test,supervised_vae
HCC1569,Erlotinib,,,,0.0,test,supervised_vae
NMC-G1,Erlotinib,,,,0.19133847951889038,test,supervised_vae
AU565,Erlotinib,,,0.08221040666103363,0.03161560371518135,test,supervised_vae
LB2241-RCC,Erlotinib,,,,0.108196921646595,test,supervised_vae
MZ-MEL-2,Erlotinib,,,,0.024626046419143677,test,supervised_vae
T-47D,Erlotinib,,,0.138447567820549,0.038174714893102646,test,supervised_vae
MOLT-16,Erlotinib,,,0.028037410229444504,0.05583517998456955,test,supervised_vae
DMS 114,Erlotinib,,,0.06039055809378624,0.06779280304908752,test,supervised_vae
OAW42,Erlotinib,,,0.11542242765426636,0.0439944788813591,test,supervised_vae
Raji,Erlotinib,,,0.07333393394947052,0.1509036272764206,test,supervised_vae
OCUB-M,Erlotinib,,,0.08278577029705048,0.09278297424316406,test,supervised_vae
SN12C,Erlotinib,,,0.09116033464670181,0.09081608057022095,test,supervised_vae
NCI-H345,Erlotinib,,,,0.07015088200569153,test,supervised_vae
P12-Ichikawa,Erlotinib,,,0.05652341991662979,0.057272300124168396,test,supervised_vae
SK-MES-1,Erlotinib,,,0.14084932208061218,0.007412628270685673,test,supervised_vae
CaR-1,Erlotinib,,,0.06710944324731827,0.1360192894935608,test,supervised_vae
LNCaP clone FGC,Erlotinib,,,0.020882129669189453,0.06463070958852768,test,supervised_vae
BT-474,Erlotinib,,,0.09029574692249298,0.005090397782623768,test,supervised_vae
NCI-H1304,Erlotinib,,,,0.07063709944486618,test,supervised_vae
NCI-H1436,Erlotinib,,,,0.0,test,supervised_vae
SW962,Erlotinib,,,,0.04881783947348595,test,supervised_vae
SK-MM-2,Erlotinib,,,0.0,-0.01186348032206297,test,supervised_vae
Daoy,Erlotinib,,,0.06870429962873459,0.0713404044508934,test,supervised_vae
MG-63,Erlotinib,,,0.04218766838312149,0.05022197961807251,test,supervised_vae
SNU-C2B,Erlotinib,,,0.052343230694532394,0.11674300581216812,test,supervised_vae
TE-5,Erlotinib,,,0.057409729808568954,0.053397610783576965,test,supervised_vae
KNS-62,Erlotinib,,,0.048180412501096725,0.034028150141239166,test,supervised_vae
KY821,Erlotinib,,,0.0033592425752431154,0.03449457511305809,test,supervised_vae
P30/OHK,Erlotinib,,,0.1530376672744751,0.20793676376342773,test,supervised_vae
H-EMC-SS,Erlotinib,,,0.016833484172821045,0.07862523198127747,test,supervised_vae
A-427,Erlotinib,,,,0.04645281657576561,test,supervised_vae
NCI-H1355,Erlotinib,,,0.06546512246131897,0.022410057485103607,test,supervised_vae
Kuramochi,Erlotinib,,,0.03746925666928291,0.02873176336288452,test,supervised_vae
BB65-RCC,Erlotinib,,,,0.08610812574625015,test,supervised_vae
NUGC-3,Erlotinib,,,0.23977325856685638,0.1630605012178421,test,supervised_vae
NCI-H2052,Erlotinib,,,0.09733337163925171,0.04465051367878914,test,supervised_vae
RS4;11,Erlotinib,,,0.07373012602329254,0.0024458346888422966,test,supervised_vae
SNU-5,Erlotinib,,,0.018421107903122902,0.04191325977444649,test,supervised_vae
LB647-SCLC,Erlotinib,,,,0.030726581811904907,test,supervised_vae
Karpas-422,Erlotinib,,,0.015187690034508705,0.02204439789056778,test,supervised_vae
TCCSUP,Erlotinib,,,0.12909185886383057,0.025399120524525642,test,supervised_vae
MIA PaCa-2,Erlotinib,,,0.020126881077885628,0.06428290903568268,test,supervised_vae
SK-N-DZ,Erlotinib,,,0.1908777505159378,0.0,test,supervised_vae
HT-1197,Erlotinib,,,0.15052659809589386,0.1126704066991806,test,supervised_vae
COLO 741,Erlotinib,,,,0.0692959725856781,test,supervised_vae
A2780,Erlotinib,,,0.04801738262176514,0.02030825801193714,test,supervised_vae
ME-180,Erlotinib,,,0.16112592816352844,0.10130465775728226,test,supervised_vae
LCLC-103H,Erlotinib,,,0.0,0.08829468488693237,test,supervised_vae
SK-PN-DW,Erlotinib,,,0.03464638814330101,0.04149183630943298,test,supervised_vae
SBC-1,Erlotinib,,,,-0.008210133761167526,test,supervised_vae
SW684,Erlotinib,,,0.05497532710433006,0.04197056591510773,test,supervised_vae
IM-9,Erlotinib,,,0.007212891709059477,0.03846050798892975,test,supervised_vae
Caov-4,Erlotinib,,,0.11997713148593903,0.08686644583940506,test,supervised_vae
GAK,Erlotinib,,,0.055071789771318436,0.009055107831954956,test,supervised_vae
697,Erlotinib,,,0.07232151180505753,0.0916469395160675,test,supervised_vae
SK-UT-1,Erlotinib,,,0.004961461294442415,0.06326138973236084,test,supervised_vae
CAL-148,Erlotinib,,,0.07957347482442856,-0.007101868279278278,test,supervised_vae
A-375,Erlotinib,,,0.06326363235712051,-0.0037139616906642914,test,supervised_vae
CCRF-CEM,Erlotinib,,,0.02231111004948616,0.08053722977638245,test,supervised_vae
AsPC-1,Erlotinib,,,0.04372124746441841,0.17592176795005798,test,supervised_vae
RXF 393L,Erlotinib,,,,0.034925952553749084,test,supervised_vae
ACN,Erlotinib,,,,0.0,test,supervised_vae
HCT 15,Erlotinib,,,0.061263903975486755,0.09495947510004044,test,supervised_vae
K5,Erlotinib,,,0.05337323620915413,0.08750325441360474,test,supervised_vae
EFO-21,Erlotinib,,,0.09693414717912674,0.023176511749625206,test,supervised_vae
VM-CUB-1,Erlotinib,,,0.039153724908828735,0.025334717705845833,test,supervised_vae
RT-112,Erlotinib,,,0.0817115306854248,0.0979677066206932,test,supervised_vae
MDA-MB-361,Erlotinib,,,0.10488313436508179,0.028694596141576767,test,supervised_vae
COLO 678,Erlotinib,,,0.1312405914068222,0.04651970416307449,test,supervised_vae
MN-60,Erlotinib,,,0.009549953043460846,0.021739767864346504,test,supervised_vae
COLO 829,Erlotinib,,,0.12192262709140778,0.034900691360235214,test,supervised_vae
NCI-H358,Erlotinib,,,0.10449909418821335,0.15364256501197815,test,supervised_vae
NCI-H524,Erlotinib,,,0.0,0.11208730936050415,test,supervised_vae
HPAF-II,Erlotinib,,,0.09372549504041672,0.12143400311470032,test,supervised_vae
NCI-H292,Erlotinib,,,,0.08522297441959381,test,supervised_vae
SF268,Erlotinib,,,0.0926661416888237,-0.042126934975385666,test,supervised_vae
SK-N-FI,Erlotinib,,,0.05259318649768829,0.08260680735111237,test,supervised_vae
Daudi,Erlotinib,,,0.04123428091406822,0.03369896858930588,test,supervised_vae
YH-13,Erlotinib,,,0.10833051800727844,0.09242504835128784,test,supervised_vae
Onda 11,Erlotinib,,,,0.0453542061150074,test,supervised_vae
LB2518-MEL,Erlotinib,,,,0.04031306877732277,test,supervised_vae
NCI-H64,Erlotinib,,,0.050909120589494705,0.02513926289975643,test,supervised_vae
LB996-RCC,Erlotinib,,,0.24448375403881073,0.026092495769262314,test,supervised_vae
HT-1376,Erlotinib,,,0.16332949697971344,0.021791262552142143,test,supervised_vae
TE-12,Erlotinib,,,,0.0373334102332592,test,supervised_vae
SF295,Erlotinib,,,,0.08426007628440857,test,supervised_vae
EFM-19,Erlotinib,,,0.0027004650328308344,0.11211993545293808,test,supervised_vae
KNS-42,Erlotinib,,,,0.008935949765145779,test,supervised_vae
EW-18,Erlotinib,,,0.029071522876620293,0.17018628120422363,test,supervised_vae
OMC-1 [Human cervical carcinoma],Erlotinib,,,,0.03442782163619995,test,supervised_vae
BALL-1,Erlotinib,,,0.03223979473114014,0.025108808651566505,test,supervised_vae
HH [Human lymphoma],Erlotinib,,,0.0,0.07051961869001389,test,supervised_vae
TE-15,Erlotinib,,,,0.1721634715795517,test,supervised_vae
NCI-H2227,Erlotinib,,,,0.012245306745171547,test,supervised_vae
Reh,Erlotinib,,,0.001760192564688623,0.04877989739179611,test,supervised_vae
B-CPAP,Erlotinib,,,0.12290270626544952,0.11511661112308502,test,supervised_vae
HN,Erlotinib,,,,0.03752337768673897,test,supervised_vae
LS1034,Erlotinib,,,0.08312447369098663,0.018727121874690056,test,supervised_vae
A4/Fukuda,Erlotinib,,,0.024766676127910614,0.07251130044460297,test,supervised_vae
SW1417,Erlotinib,,,0.06162284314632416,0.0,test,supervised_vae
MMAc-SF,Erlotinib,,,,0.030987748876214027,test,supervised_vae
ZR-75-30,Erlotinib,,,0.05904379114508629,0.06290200352668762,test,supervised_vae
GP5d,Erlotinib,,,0.12122190743684769,0.08645585924386978,test,supervised_vae
NCI-H1755,Erlotinib,,,0.11048678308725357,0.04979107901453972,test,supervised_vae
MS-1 [Human lung carcinoma],Erlotinib,,,0.0,0.021806707605719566,test,supervised_vae
HTC-C3,Erlotinib,,,0.07868031412363052,0.13107742369174957,test,supervised_vae
OVCAR-5,Erlotinib,,,0.058288972824811935,0.09334037452936172,test,supervised_vae
TE-11,Erlotinib,,,,0.0893450677394867,test,supervised_vae
MZ-PC-1,Erlotinib,,,,0.0008447945583611727,test,supervised_vae
NCI-H1048,Erlotinib,,,0.06826617568731308,0.0008062676643021405,test,supervised_vae
NCI-H28,Erlotinib,,,0.1465621441602707,-0.04409988597035408,test,supervised_vae
SK-MEL-30,Erlotinib,,,,0.0,test,supervised_vae
ES4,Erlotinib,,,0.14813371002674103,-0.003395959734916687,test,supervised_vae
IA-LM,Erlotinib,,,0.0,0.07706834375858307,test,supervised_vae
CAL-33,Erlotinib,,,0.1472005546092987,0.08563816547393799,test,supervised_vae
RERF-LC-MS,Erlotinib,,,,0.053946226835250854,test,supervised_vae
NCI-H1155,Erlotinib,,,0.20391517877578735,0.052164219319820404,test,supervised_vae
Capan-1,Erlotinib,,,0.11261990666389465,0.08870009332895279,test,supervised_vae
DoHH2,Erlotinib,,,,0.08490035682916641,test,supervised_vae
NCI-H378,Erlotinib,,,,0.06763726472854614,test,supervised_vae
HCC70,Erlotinib,,,0.08587515354156494,0.034973807632923126,test,supervised_vae
CHP-212,Erlotinib,,,0.04677761718630791,0.038375578820705414,test,supervised_vae
Lu-65,Erlotinib,,,0.042142268270254135,0.0048445467837154865,test,supervised_vae
647V,Erlotinib,,,0.11705467849969864,0.09827721863985062,test,supervised_vae
SK-NEP-1,Erlotinib,,,,0.0562891848385334,test,supervised_vae
TK-10,Erlotinib,,,0.1410517692565918,0.046903952956199646,test,supervised_vae
COLO 684,Erlotinib,,,0.027062062174081802,0.019940825179219246,test,supervised_vae
HCC1806,Erlotinib,,,0.17313559353351593,0.1437278538942337,test,supervised_vae
NCI-H2126,Erlotinib,,,,0.013812422752380371,test,supervised_vae
ES1,Erlotinib,,,0.08219873905181885,0.0635874941945076,test,supervised_vae
HEC-1,Erlotinib,,,0.08707618713378906,0.0,test,supervised_vae
DG-75,Erlotinib,,,0.005751616321504116,0.06318239122629166,test,supervised_vae
P31/FUJ,Erlotinib,,,0.0874294564127922,0.0015413813525810838,test,supervised_vae
Mono-Mac-6,Erlotinib,,,0.010475161485373974,0.01867273636162281,test,supervised_vae
EB2,Erlotinib,,,0.0429537370800972,0.017512653023004532,test,supervised_vae
NCI-H1563,Erlotinib,,,0.142215296626091,0.0,test,supervised_vae
SaOS-2,Erlotinib,,,0.0,0.3667604327201843,test,supervised_vae
Hep-G2/C3A,Erlotinib,,,0.0412973091006279,0.025162827223539352,test,supervised_vae
D-566MG,Erlotinib,,,,0.06957968324422836,test,supervised_vae
MRK-nu-1,Erlotinib,,,0.014379004947841167,0.041696999222040176,test,supervised_vae
BT-549,Erlotinib,,,0.0024211981799453497,0.005485910922288895,test,supervised_vae
Lu-165,Erlotinib,,,0.021372659131884575,0.04531487077474594,test,supervised_vae
EFO-27,Erlotinib,,,,0.04516897350549698,test,supervised_vae
NCI-H2405,Erlotinib,,,0.1328354775905609,0.14946378767490387,test,supervised_vae
SNU-16,Erlotinib,,,0.03348880261182785,0.06296451389789581,test,supervised_vae
Loucy,Erlotinib,,,0.1267227679491043,0.006611665710806847,test,supervised_vae
KG-1,Erlotinib,,,0.027053499594330788,0.026289373636245728,test,supervised_vae
ML-2,Erlotinib,,,0.0,-0.025688162073493004,test,supervised_vae
NCI-H748,Erlotinib,,,,0.054169729351997375,test,supervised_vae
SW1710,Erlotinib,,,0.07189112901687622,0.0972219780087471,test,supervised_vae
HuP-T4,Erlotinib,,,0.18272824585437775,0.04287196695804596,test,supervised_vae
NCI-N87,Erlotinib,,,0.0,0.14034393429756165,test,supervised_vae
NCI-H128,Erlotinib,,,,0.07491303980350494,test,supervised_vae
HT-1080,Erlotinib,,,0.10349445790052414,0.02156127616763115,test,supervised_vae
SNU-C1,Erlotinib,,,0.019169718027114868,0.0,test,supervised_vae
CAL-85-1,Erlotinib,,,0.010184268467128277,0.29726094007492065,test,supervised_vae
DJM-1,Erlotinib,,,,0.15617351233959198,test,supervised_vae
EW-1,Erlotinib,,,0.07209478318691254,0.08556465059518814,test,supervised_vae
HT-144,Erlotinib,,,0.009597049094736576,0.0,test,supervised_vae
NCI-H1963,Erlotinib,,,0.00967933889478445,0.07980704307556152,test,supervised_vae
NCI-H322M,Erlotinib,,,0.3159943222999573,0.32576748728752136,test,supervised_vae
Panc 03.27,Erlotinib,,,0.10814817994832993,0.12915337085723877,test,supervised_vae
NCI-H446,Erlotinib,,,0.07927269488573074,0.009359687566757202,test,supervised_vae
SAS,Erlotinib,,,0.13596029579639435,0.0416911318898201,test,supervised_vae
NCI-H2030,Erlotinib,,,,0.14022108912467957,test,supervised_vae
TALL-1 [Human adult T-ALL],Erlotinib,,,,0.01691046915948391,test,supervised_vae
ES3,Erlotinib,,,,0.020084939897060394,test,supervised_vae
KOSC-2,Erlotinib,,,,0.11992839723825455,test,supervised_vae
CGTH-W-1,Erlotinib,,,0.029421018436551094,0.03429349511861801,test,supervised_vae
SW954,Erlotinib,,,,0.053676705807447433,test,supervised_vae
8305C,Erlotinib,,,0.058371976017951965,0.11068694293498993,test,supervised_vae
CTV-1,Erlotinib,,,0.028552794829010963,0.06150207296013832,test,supervised_vae
KYSE-410,Erlotinib,,,0.13976818323135376,0.1250271499156952,test,supervised_vae
HCC2157,Erlotinib,,,0.014490225352346897,0.008499251678586006,test,supervised_vae
SW948,Erlotinib,,,0.02463996224105358,0.050114501267671585,test,supervised_vae
KO52,Erlotinib,,,,0.040961794555187225,test,supervised_vae
MKN45,Erlotinib,,,0.0,0.13650187849998474,test,supervised_vae
MKN7,Erlotinib,,,0.12891434133052826,0.06274507939815521,test,supervised_vae
TE-9,Erlotinib,,,0.1237233430147171,0.07698117941617966,test,supervised_vae
L-428,Erlotinib,,,0.14828163385391235,0.13948380947113037,test,supervised_vae
MZ-MEL-7,Erlotinib,,,,0.010009841993451118,test,supervised_vae
SK-MG-1,Erlotinib,,,0.07043386250734329,0.06453664600849152,test,supervised_vae
ACHN,Erlotinib,,,0.24275849759578705,0.025408532470464706,test,supervised_vae
OE19,Erlotinib,,,0.014224073849618435,0.07277369499206543,test,supervised_vae
ES7,Erlotinib,,,0.04592268913984299,-0.0023907534778118134,test,supervised_vae
SK-MEL-2,Erlotinib,,,0.0,0.0011821928201243281,test,supervised_vae
MKN1,Erlotinib,,,0.12270672619342804,-0.018541350960731506,test,supervised_vae
MKN28,Erlotinib,,,0.05923917144536972,0.06631366163492203,test,supervised_vae
NCI-H1703,Erlotinib,,,0.049256592988967896,0.05677273869514465,test,supervised_vae
HuO-3N1,Erlotinib,,,0.05787477269768715,0.1795065551996231,test,supervised_vae
SUP-T1,Erlotinib,,,0.0627601221203804,0.05519565939903259,test,supervised_vae
NCI-H1993,Erlotinib,,,0.023961970582604408,0.22830569744110107,test,supervised_vae
COLO 800,Erlotinib,,,,0.03221642225980759,test,supervised_vae
SNU-1,Erlotinib,,,0.14582321047782898,0.049324024468660355,test,supervised_vae
YKG-1,Erlotinib,,,,0.03219092637300491,test,supervised_vae
A-388,Erlotinib,,,,0.07103870809078217,test,supervised_vae
RPMI-8226,Erlotinib,,,0.02576533704996109,0.014661267399787903,test,supervised_vae
DMS 273,Erlotinib,,,0.10211563110351562,0.024874931201338768,test,supervised_vae
TYK-nu,Erlotinib,,,0.14256860315799713,0.07059256732463837,test,supervised_vae
BV-173,Erlotinib,,,0.027744125574827194,0.13085810840129852,test,supervised_vae
NCI-H2122,Erlotinib,,,0.1851067692041397,0.05998013913631439,test,supervised_vae
SF539,Erlotinib,,,0.10709715634584427,-0.006673603784292936,test,supervised_vae
NCI-H630,Erlotinib,,,,0.0016634329222142696,test,supervised_vae
D-502MG,Erlotinib,,,,0.024476688355207443,test,supervised_vae
SK-MEL-28,Erlotinib,,,,0.0022192548494786024,test,supervised_vae
NCI-H838,Erlotinib,,,,0.12196151167154312,test,supervised_vae
LS123,Erlotinib,,,0.06422748416662216,0.08005505800247192,test,supervised_vae
ATN-1,Erlotinib,,,0.010383378714323044,0.12122797220945358,test,supervised_vae
BB30-HNC,Erlotinib,,,,0.08973640203475952,test,supervised_vae
LXF 289,Erlotinib,,,0.10419809073209763,0.09214148670434952,test,supervised_vae
EW-13,Erlotinib,,,0.06481175124645233,0.2044694721698761,test,supervised_vae
SK-MEL-5,Erlotinib,,,,0.02533954568207264,test,supervised_vae
JVM-3,Erlotinib,,,0.0436716228723526,-0.019908186048269272,test,supervised_vae
MeWo,Erlotinib,,,0.0031589483842253685,0.04608345776796341,test,supervised_vae
IGR-1,Erlotinib,,,0.028560450300574303,0.033697403967380524,test,supervised_vae
NCI-H2029,Erlotinib,,,,0.1308692991733551,test,supervised_vae
DMS 53,Erlotinib,,,0.08403197675943375,0.02259606122970581,test,supervised_vae
SK-LU-1,Erlotinib,,,0.014437472447752953,0.03261532261967659,test,supervised_vae
G-361,Erlotinib,,,0.1051270067691803,0.09126567095518112,test,supervised_vae
NCI-H460,Erlotinib,,,,-0.016221992671489716,test,supervised_vae
A-253,Erlotinib,,,0.056731969118118286,0.0974361002445221,test,supervised_vae
HuP-T3,Erlotinib,,,0.08198078721761703,0.04880860820412636,test,supervised_vae
8-MG-BA,Erlotinib,,,0.07098349928855896,0.057728707790374756,test,supervised_vae
BL-70,Erlotinib,,,,0.05516082048416138,test,supervised_vae
U-698-M,Erlotinib,,,0.0,0.045370396226644516,test,supervised_vae
NCI-H226,Erlotinib,,,0.07821711152791977,0.013034921139478683,test,supervised_vae
HGC-27,Erlotinib,,,0.10083470493555069,-0.009699253365397453,test,supervised_vae
KINGS-1,Erlotinib,,,0.02772403322160244,0.07788587361574173,test,supervised_vae
SHP-77,Erlotinib,,,0.0519881509244442,0.005618085153400898,test,supervised_vae
NCI-H1395,Erlotinib,,,,0.05232850834727287,test,supervised_vae
NCI-H2347,Erlotinib,,,0.017300009727478027,-0.00911158137023449,test,supervised_vae
HO-1-N-1,Erlotinib,,,0.10734950751066208,0.04010981321334839,test,supervised_vae
SW900,Erlotinib,,,0.034436099231243134,0.030345682054758072,test,supervised_vae
C2BBe1,Erlotinib,,,0.1278989166021347,0.0335022509098053,test,supervised_vae
M059J,Erlotinib,,,0.10154681652784348,0.01881466433405876,test,supervised_vae
KNS-81-FD,Erlotinib,,,,0.11912168562412262,test,supervised_vae
KALS-1,Erlotinib,,,0.06329750269651413,0.05481875315308571,test,supervised_vae
GCIY,Erlotinib,,,0.104588583111763,0.11132800579071045,test,supervised_vae
MLMA,Erlotinib,,,0.04994520917534828,0.2063540369272232,test,supervised_vae
Calu-3,Erlotinib,,,0.03836726024746895,0.044283438473939896,test,supervised_vae
SJNB-6,Erlotinib,,,,0.036553457379341125,test,supervised_vae
NCI-H1666,Erlotinib,,,0.23988838493824005,0.13244600594043732,test,supervised_vae
HCE-4,Erlotinib,,,,0.045591775327920914,test,supervised_vae
NCI-H2141,Erlotinib,,,0.07694056630134583,0.153725266456604,test,supervised_vae
HSC-4,Erlotinib,,,0.1843920350074768,0.10871562361717224,test,supervised_vae
CFPAC-1,Erlotinib,,,0.1968095451593399,0.05992387980222702,test,supervised_vae
SK-LMS-1,Erlotinib,,,0.0,0.09164339303970337,test,supervised_vae
SCC-4,Erlotinib,,,0.0,0.0,test,supervised_vae
SW1088,Erlotinib,,,0.11002412438392639,0.010194600559771061,test,supervised_vae
A-549,Erlotinib,,,0.09358473867177963,0.029225783422589302,test,supervised_vae
Evsa-T,Erlotinib,,,0.08499553799629211,0.16640830039978027,test,supervised_vae
NCI-H69,Erlotinib,,,0.037759799510240555,0.0008816399495117366,test,supervised_vae
NCI-H720,Erlotinib,,,0.029632553458213806,0.018816983327269554,test,supervised_vae
Huh-7,Erlotinib,,,0.05610639229416847,0.1662951111793518,test,supervised_vae
Caki-1,Erlotinib,,,,-0.03420529142022133,test,supervised_vae
RMG-I,Erlotinib,,,0.22536586225032806,0.1270354688167572,test,supervised_vae
NCI-H1975,Erlotinib,,,0.13408710062503815,0.005074010230600834,test,supervised_vae
NCI-H1417,Erlotinib,,,0.07454710453748703,0.05642590671777725,test,supervised_vae
LK-2,Erlotinib,,,0.044205572456121445,0.07296662032604218,test,supervised_vae
A-431,Erlotinib,,,,0.04710735008120537,test,supervised_vae
EW-24,Erlotinib,,,0.003977042622864246,0.08734985440969467,test,supervised_vae
MOLT-4,Erlotinib,,,0.0657527893781662,-0.00154052022844553,test,supervised_vae
SIG-M5,Erlotinib,,,,0.0,test,supervised_vae
Lu-134-A,Erlotinib,,,,-0.0007194164209067822,test,supervised_vae
NCI-H2228,Erlotinib,,,0.009271517395973206,0.12782937288284302,test,supervised_vae
MDA-MB-468,Erlotinib,,,0.10874033719301224,0.0811939388513565,test,supervised_vae
NCI-H661,Erlotinib,,,0.018379157409071922,0.023147832602262497,test,supervised_vae
T84,Erlotinib,,,0.1259821504354477,0.06672206521034241,test,supervised_vae
VMRC-RCZ,Erlotinib,,,0.07882645726203918,0.021198302507400513,test,supervised_vae
NCI-H2171,Erlotinib,,,,0.018562667071819305,test,supervised_vae
GT3TKB,Erlotinib,,,,0.0018967834766954184,test,supervised_vae
CAL-12T,Erlotinib,,,,0.24550071358680725,test,supervised_vae
HCC1599,Erlotinib,,,,0.21492168307304382,test,supervised_vae
TGBC11TKB,Erlotinib,,,0.06950289756059647,0.10947374254465103,test,supervised_vae
NCI-H2170,Erlotinib,,,0.1718304455280304,0.07322461158037186,test,supervised_vae
Mel Ho,Erlotinib,,,,0.09618061780929565,test,supervised_vae
ALL-PO,Erlotinib,,,0.029406465590000153,0.0665256530046463,test,supervised_vae
CHL-1,Erlotinib,,,0.06549322605133057,0.055606916546821594,test,supervised_vae
769-P,Erlotinib,,,0.09986668080091476,0.17685416340827942,test,supervised_vae
Kasumi-1,Erlotinib,,,,0.012941546738147736,test,supervised_vae
COLO 320HSR,Erlotinib,,,0.001803976483643055,0.022895455360412598,test,supervised_vae
SK-CO-1,Erlotinib,,,0.09241043031215668,0.1696750670671463,test,supervised_vae
CCF-STTG1,Erlotinib,,,,0.07822439074516296,test,supervised_vae
UO-31,Erlotinib,,,,0.019417691975831985,test,supervised_vae
SW1990,Erlotinib,,,0.050260279327631,0.015269221737980843,test,supervised_vae
NKM-1,Erlotinib,,,0.050603028386831284,0.06992823630571365,test,supervised_vae
NCI-H2081,Erlotinib,,,,0.021327342838048935,test,supervised_vae
PC-14,Erlotinib,,,0.45215949416160583,0.5076757669448853,test,supervised_vae
AN3-CA,Erlotinib,,,0.007331796456128359,-0.0030171480029821396,test,supervised_vae
NCI-H1650,Erlotinib,,,0.2415136694908142,0.07916878163814545,test,supervised_vae
KP-N-YS,Erlotinib,,,,0.03331786394119263,test,supervised_vae
NCI-H2087,Erlotinib,,,0.052555594593286514,0.08465719223022461,test,supervised_vae
HCC38,Erlotinib,,,0.03727341815829277,0.08924350142478943,test,supervised_vae
DOK,Erlotinib,,,0.352487713098526,0.06209198012948036,test,supervised_vae
NCI-H1694,Erlotinib,,,0.1398337483406067,0.06515002995729446,test,supervised_vae
NCI-H187,Erlotinib,,,,0.2347417175769806,test,supervised_vae
NCI-H727,Erlotinib,,,0.01850019581615925,-0.02057228982448578,test,supervised_vae
NCI-H526,Erlotinib,,,0.022402280941605568,0.1482754647731781,test,supervised_vae
COLO 680N,Erlotinib,,,0.05663193389773369,0.039857037365436554,test,supervised_vae
NCI-H2452,Erlotinib,,,0.0656169205904007,0.010664902627468109,test,supervised_vae
EW-11,Erlotinib,,,0.01660323515534401,-0.020370949059724808,test,supervised_vae
NOS-1 [Human osteosarcoma],Erlotinib,,,0.06144902855157852,0.08759352564811707,test,supervised_vae
MFE-280,Erlotinib,,,0.0,0.10483329743146896,test,supervised_vae
KYSE-450,Erlotinib,,,0.24971424043178558,0.1825321614742279,test,supervised_vae
PC-3,Erlotinib,,,0.03143486753106117,0.022402379661798477,test,supervised_vae
RKO,Erlotinib,,,0.0,0.06279850751161575,test,supervised_vae
T98G,Erlotinib,,,0.01928713358938694,0.0066114189103245735,test,supervised_vae
WSU-NHL,Erlotinib,,,0.0,0.10798108577728271,test,supervised_vae
SNU-449,Erlotinib,,,0.1119994968175888,0.04036613553762436,test,supervised_vae
SNU-475,Erlotinib,,,,0.0,test,supervised_vae
LA-N-6,Erlotinib,,,,-0.0036879247054457664,test,supervised_vae
SCC-25,Erlotinib,,,,0.1324070245027542,test,supervised_vae
LB831-BLC,Erlotinib,,,0.00919275265187025,0.007342463359236717,test,supervised_vae
MHH-NB-11,Erlotinib,,,,0.05646883323788643,test,supervised_vae
RCC10RGB,Erlotinib,,,0.2218848317861557,0.05567392706871033,test,supervised_vae
COR-L279,Erlotinib,,,0.04211466386914253,0.08034385740756989,test,supervised_vae
PA-1,Erlotinib,,,0.12664523720741272,0.022844543680548668,test,supervised_vae
NCI-H1734,Erlotinib,,,,-0.02215033397078514,test,supervised_vae
NCI-H1573,Erlotinib,,,0.19257976114749908,0.03395048528909683,test,supervised_vae
D-247MG,Erlotinib,,,,0.09176666289567947,test,supervised_vae
J82,Erlotinib,,,0.0940096452832222,0.020502442494034767,test,supervised_vae
SW13,Erlotinib,,,0.14095763862133026,0.09420960396528244,test,supervised_vae
SW620,Erlotinib,,,0.0216219462454319,0.09263802319765091,test,supervised_vae
GMS-10,Erlotinib,,,,0.0,test,supervised_vae
SKG-IIIa,Erlotinib,,,0.06559675931930542,0.05352051928639412,test,supervised_vae
TGBC1TKB,Erlotinib,,,0.051035866141319275,-0.13666780292987823,test,supervised_vae
Rh1,Erlotinib,,,0.16460278630256653,-0.06120946258306503,test,supervised_vae
LS513,Erlotinib,,,,0.004099443554878235,test,supervised_vae
SW1573,Erlotinib,,,0.025043154135346413,0.041991595178842545,test,supervised_vae
NCI-H716,Erlotinib,,,0.17845481634140015,0.0,test,supervised_vae
BHY,Erlotinib,,,,0.08186952024698257,test,supervised_vae
KYSE-520,Erlotinib,,,0.29440051317214966,0.05379309505224228,test,supervised_vae
LC4-1,Erlotinib,,,0.04724707081913948,0.027894359081983566,test,supervised_vae
KGN,Erlotinib,,,0.059976451098918915,0.08297603577375412,test,supervised_vae
SK-N-AS,Erlotinib,,,0.034471545368433,0.008814009837806225,test,supervised_vae
U-87MG ATCC,Erlotinib,,,0.10346858203411102,-0.015238753519952297,test,supervised_vae
SNB-75,Erlotinib,,,,0.013909389264881611,test,supervised_vae
IST-MEL1,Erlotinib,,,0.003378000110387802,0.023286905139684677,test,supervised_vae
SK-OV-3,Erlotinib,,,0.13908632099628448,0.07218635082244873,test,supervised_vae
ESS-1,Erlotinib,,,0.0,0.07107721269130707,test,supervised_vae
KYSE-70,Erlotinib,,,0.09285585582256317,0.0640760287642479,test,supervised_vae
HCC1395,Erlotinib,,,0.08629857748746872,0.15642940998077393,test,supervised_vae
SW626,Erlotinib,,,0.046228788793087006,0.010124190710484982,test,supervised_vae
HLE,Erlotinib,,,0.08428549021482468,0.010704727843403816,test,supervised_vae
MDA-MB-415,Erlotinib,,,0.07613129913806915,-0.03236294165253639,test,supervised_vae
SK-MEL-1,Erlotinib,,,0.0,0.00039966008625924587,test,supervised_vae
SW872,Erlotinib,,,0.040219344198703766,0.007529629394412041,test,supervised_vae
Capan-2,Erlotinib,,,0.08827880024909973,0.028496619313955307,test,supervised_vae
ETK-1,Erlotinib,,,0.09622740745544434,0.07401246577501297,test,supervised_vae
CW-2,Erlotinib,,,0.05749534070491791,0.06518206000328064,test,supervised_vae
SK-HEP-1,Erlotinib,,,0.1322633922100067,0.04482155665755272,test,supervised_vae
TGBC24TKB,Erlotinib,,,0.12839221954345703,0.007176144048571587,test,supervised_vae
GCT,Erlotinib,,,0.02226492203772068,0.2164992243051529,test,supervised_vae
CAS-1,Erlotinib,,,0.022647414356470108,0.021757038310170174,test,supervised_vae
RT-4,Erlotinib,,,0.10942468792200089,0.09312781691551208,test,supervised_vae
C-33 A,Erlotinib,,,0.09344276785850525,0.06474680453538895,test,supervised_vae
LN-405,Erlotinib,,,0.03727833181619644,0.04076234623789787,test,supervised_vae
Lu-99A,Erlotinib,,,0.08173374831676483,0.11785949766635895,test,supervised_vae
HAL-01,Erlotinib,,,0.011537827551364899,0.03678904473781586,test,supervised_vae
COLO 824,Erlotinib,,,0.14078915119171143,-0.05500905588269234,test,supervised_vae
YAPC,Erlotinib,,,0.03283406421542168,0.057908378541469574,test,supervised_vae
HSC-3,Erlotinib,,,0.13450530171394348,0.15045590698719025,test,supervised_vae
CAL-51,Erlotinib,,,0.11326133459806442,0.02610103413462639,test,supervised_vae
ChaGo-K-1,Erlotinib,,,,0.018766749650239944,test,supervised_vae
IST-Mes1,Erlotinib,,,0.034140635281801224,0.08537271618843079,test,supervised_vae
8505C,Erlotinib,,,0.09208527207374573,0.25370535254478455,test,supervised_vae
MPP 89,Erlotinib,,,0.12048513442277908,0.19665353000164032,test,supervised_vae
HEL,Erlotinib,,,,0.004639027640223503,test,supervised_vae
U266B1,Erlotinib,,,0.0,0.08681133389472961,test,supervised_vae
Ramos.2G6.4C10,Erlotinib,,,0.037024494260549545,-0.04296271875500679,test,supervised_vae
A-498,Erlotinib,,,0.03605199605226517,0.04734646901488304,test,supervised_vae
HCC1187,Erlotinib,,,0.026996878907084465,0.05007454752922058,test,supervised_vae
NCI-H1792,Erlotinib,,,0.07001805305480957,0.06085675209760666,test,supervised_vae
COLO 679,Erlotinib,,,0.02929946780204773,0.01343781128525734,test,supervised_vae
LP-1,Erlotinib,,,,0.1031840369105339,test,supervised_vae
ES8,Erlotinib,,,0.08162985742092133,0.05334313586354256,test,supervised_vae
NCI-H2342,Erlotinib,,,0.0755230188369751,0.024748047813773155,test,supervised_vae
NCI-H1693,Erlotinib,,,0.19793498516082764,0.08477446436882019,test,supervised_vae
PF-382,Erlotinib,,,0.0,0.04215865582227707,test,supervised_vae
MHH-CALL-2,Erlotinib,,,0.07514236867427826,0.056846488267183304,test,supervised_vae
CP67-MEL,Erlotinib,,,,-0.03077651560306549,test,supervised_vae
A-673,Erlotinib,,,0.05517899990081787,0.0750003531575203,test,supervised_vae
HCC1954,Erlotinib,,,0.058555129915475845,0.04585925489664078,test,supervised_vae
K-562,Erlotinib,,,0.010187202133238316,-0.004331676289439201,test,supervised_vae
Panc 10.05,Erlotinib,,,0.06216586008667946,0.03262307867407799,test,supervised_vae
TE-8,Erlotinib,,,0.1304607391357422,0.13695009052753448,test,supervised_vae
EGI-1,Erlotinib,,,0.05771930143237114,0.06858278065919876,test,supervised_vae
L-363,Erlotinib,,,0.05003935098648071,0.041810330003499985,test,supervised_vae
Jiyoye,Erlotinib,,,0.23150134086608887,0.0102962926030159,test,supervised_vae
SCC-9,Erlotinib,,,0.10254313051700592,0.011664293706417084,test,supervised_vae
KP-4,Erlotinib,,,0.05530988797545433,0.012325023300945759,test,supervised_vae
NCI-H2196,Erlotinib,,,,0.06517674028873444,test,supervised_vae
MDA-MB-453,Erlotinib,,,0.06835882365703583,0.0,test,supervised_vae
DB,Erlotinib,,,0.061203885823488235,0.046683382242918015,test,supervised_vae
HOP-62,Erlotinib,,,0.043344464153051376,0.07123668491840363,test,supervised_vae
NCI-H596,Erlotinib,,,0.0035515206400305033,0.09090834110975266,test,supervised_vae
SW982,Erlotinib,,,0.07955674827098846,0.08898219466209412,test,supervised_vae
EPLC-272H,Erlotinib,,,0.08631063997745514,0.180440753698349,test,supervised_vae
NCI-H1581,Erlotinib,,,0.008676593191921711,0.047764845192432404,test,supervised_vae
DK-MG,Erlotinib,,,0.08783505111932755,0.041313596069812775,test,supervised_vae
HT-29,Erlotinib,,,0.049706488847732544,0.012946606613695621,test,supervised_vae
BHT-101,Erlotinib,,,0.07657819241285324,-0.015113558620214462,test,supervised_vae
Ca Ski,Erlotinib,,,0.17150817811489105,0.10526083409786224,test,supervised_vae
MSTO-211H,Erlotinib,,,0.15538586676120758,0.042650047689676285,test,supervised_vae
HCC1937,Erlotinib,,,0.15212175250053406,0.045589007437229156,test,supervised_vae
HOP-92,Erlotinib,,,0.13806475698947906,0.07628431171178818,test,supervised_vae
SW1116,Erlotinib,,,0.10432963073253632,0.0850725993514061,test,supervised_vae
UMC-11,Erlotinib,,,0.20898011326789856,0.18825329840183258,test,supervised_vae
Lu-139,Erlotinib,,,,0.0634111613035202,test,supervised_vae
RCM-1 [Human rectum adenocarcinoma],Erlotinib,,,0.0764819085597992,0.03016204759478569,test,supervised_vae
SH-4,Erlotinib,,,0.022822653874754906,-0.007254643365740776,test,supervised_vae
CAMA-1,Erlotinib,,,0.024632813408970833,0.04628073424100876,test,supervised_vae
TT,Erlotinib,,,0.054679371416568756,0.0991838127374649,test,supervised_vae
Onda 10,Erlotinib,,,,0.10659219324588776,test,supervised_vae
SNG-M,Erlotinib,,,0.07317743450403214,0.0009590964764356613,test,supervised_vae
OAW28,Erlotinib,,,0.053503479808568954,-0.07925810664892197,test,supervised_vae
ONS-76,Erlotinib,,,0.02610629051923752,0.018013598397374153,test,supervised_vae
HCT 116,Erlotinib,,,0.01290152221918106,0.03350827842950821,test,supervised_vae
HuTu 80,Erlotinib,,,,0.0507725328207016,test,supervised_vae
TE-1,Erlotinib,,,0.24495911598205566,0.014702944085001945,test,supervised_vae
NCI-H209,Erlotinib,,,0.023677058517932892,0.0740564614534378,test,supervised_vae
U-118MG,Erlotinib,,,0.11946503072977066,0.0,test,supervised_vae
NCI-H1770,Erlotinib,,,,-0.010706240311264992,test,supervised_vae
THP-1,Erlotinib,,,,0.08570410311222076,test,supervised_vae
BFTC-905,Erlotinib,,,0.003112225327640772,0.11591390520334244,test,supervised_vae
Detroit 562,Erlotinib,,,0.11305572837591171,0.07236398756504059,test,supervised_vae
OPM-2,Erlotinib,,,0.07492975145578384,-0.010067634284496307,test,supervised_vae
DU4475,Erlotinib,,,0.007942589931190014,0.004915845580399036,test,supervised_vae
Panc 08.13,Erlotinib,,,0.10837885737419128,0.20272782444953918,test,supervised_vae
MFE-296,Erlotinib,,,0.09145545959472656,0.04950721189379692,test,supervised_vae
COLO 205,Erlotinib,,,0.03441523015499115,0.11583130806684494,test,supervised_vae
NCI-H520,Erlotinib,,,0.05442768335342407,0.012685642577707767,test,supervised_vae
KE-37,Erlotinib,,,0.1146736592054367,0.06357067823410034,test,supervised_vae
UACC-257,Erlotinib,,,0.0959194228053093,0.03461579978466034,test,supervised_vae
NALM-6,Erlotinib,,,0.04458443075418472,0.023142307996749878,test,supervised_vae
Karpas-45,Erlotinib,,,0.07555875182151794,0.045665740966796875,test,supervised_vae
NCI-H1651,Erlotinib,,,0.035106759518384933,-0.009064585901796818,test,supervised_vae
A2058,Erlotinib,,,0.07913603633642197,-0.008477951399981976,test,supervised_vae
SW48,Erlotinib,,,0.26832813024520874,0.03607320412993431,test,supervised_vae
CAL-72,Erlotinib,,,0.025858262553811073,0.016865167766809464,test,supervised_vae
C32 [Human melanoma],Erlotinib,,,0.06562075018882751,-0.05188968777656555,test,supervised_vae
NCI-H510A,Erlotinib,,,,0.07367638498544693,test,supervised_vae
A101D,Erlotinib,,,0.104497991502285,-0.010343300178647041,test,supervised_vae
TC-YIK,Erlotinib,,,0.10401031374931335,0.027277987450361252,test,supervised_vae
D-392MG,Erlotinib,,,0.05782357603311539,0.0009697731584310532,test,supervised_vae
HuO9,Erlotinib,,,0.01670854538679123,0.03954894468188286,test,supervised_vae
BFTC-909,Erlotinib,,,0.1099378913640976,0.148368239402771,test,supervised_vae
FaDu,Erlotinib,,,0.0919298529624939,0.15171481668949127,test,supervised_vae
UACC-62,Erlotinib,,,0.004919032100588083,0.022719644010066986,test,supervised_vae
COLO 668,Erlotinib,,,0.07907785475254059,0.047268666326999664,test,supervised_vae
HT,Erlotinib,,,,0.027417128905653954,test,supervised_vae
HuCC-T1,Erlotinib,,,0.15750440955162048,0.03268406167626381,test,supervised_vae
VA-ES-BJ,Erlotinib,,,0.033694617450237274,0.07449530065059662,test,supervised_vae
CAL-120,Erlotinib,,,0.08271375298500061,0.09137073159217834,test,supervised_vae
CTB-1,Erlotinib,,,,-0.0011018447112292051,test,supervised_vae
HCC1419,Erlotinib,,,0.042196717113256454,0.0,test,supervised_vae
OC 314,Erlotinib,,,0.06632290780544281,0.06125655397772789,test,supervised_vae
COR-L23,Erlotinib,,,0.12703728675842285,0.018613429740071297,test,supervised_vae
AGS,Erlotinib,,,0.011950889602303505,0.0690150335431099,test,supervised_vae
WRO,Erlotinib,,,0.018343336880207062,0.12593796849250793,test,supervised_vae
GaMG,Erlotinib,,,0.0,0.09071891009807587,test,supervised_vae
EW-22,Erlotinib,,,0.033467378467321396,-0.00947665423154831,test,supervised_vae
EM-2,Erlotinib,,,0.04536241665482521,0.006324736401438713,test,supervised_vae
BxPC-3,Erlotinib,,,0.05637460574507713,0.14911894500255585,test,supervised_vae
NCI-H1623,Erlotinib,,,0.15927983820438385,0.03537941351532936,test,supervised_vae
D-542MG,Erlotinib,,,,0.20195108652114868,test,supervised_vae
HL-60,Erlotinib,,,0.007114278618246317,0.14976590871810913,test,supervised_vae
HCC2218,Erlotinib,,,,0.019232993945479393,test,supervised_vae
IST-SL1,Erlotinib,,,,0.028880197554826736,test,supervised_vae
RL,Erlotinib,,,,0.03399376571178436,test,supervised_vae
RL95-2,Erlotinib,,,0.09564106166362762,0.12042934447526932,test,supervised_vae
TE-6,Erlotinib,,,0.24535955488681793,0.17774264514446259,test,supervised_vae
BE-13,Erlotinib,,,0.14778153598308563,0.06174686551094055,test,supervised_vae
ST486,Erlotinib,,,0.05474543571472168,0.019990596920251846,test,supervised_vae
RVH-421,Erlotinib,,,,0.0,test,supervised_vae
SK-MEL-3,Erlotinib,,,,0.0,test,supervised_vae
5637,Erlotinib,,,0.16928857564926147,0.05428149178624153,test,supervised_vae
D-423MG,Erlotinib,,,,0.0,test,supervised_vae
SW780,Erlotinib,,,0.03220953792333603,0.07971391081809998,test,supervised_vae
NCI-H650,Erlotinib,,,0.0,0.026895171031355858,test,supervised_vae
RPMI-8402,Erlotinib,,,0.12291455268859863,0.08516708016395569,test,supervised_vae
NCI-H810,Erlotinib,,,0.036988239735364914,0.0,test,supervised_vae
EKVX,Erlotinib,,,,0.08443619310855865,test,supervised_vae
NCI-H522,Erlotinib,,,0.03295173868536949,0.11336007714271545,test,supervised_vae
KU-19-19,Erlotinib,,,0.048150692135095596,0.0,test,supervised_vae
KP-N-YN,Erlotinib,,,0.062270645052194595,0.13723769783973694,test,supervised_vae
HT-55,Erlotinib,,,0.13779161870479584,0.06522398442029953,test,supervised_vae
SW756,Erlotinib,,,0.11999725550413132,0.03663856163620949,test,supervised_vae
TE-10,Erlotinib,,,,0.11515522003173828,test,supervised_vae
HD-MY-Z,Erlotinib,,,0.01965077966451645,0.029165837913751602,test,supervised_vae
SCH,Erlotinib,,,,0.07020147889852524,test,supervised_vae
MHH-ES-1,Erlotinib,,,0.04788264259696007,0.030864965170621872,test,supervised_vae
IGROV-1,Erlotinib,,,0.2687426507472992,0.07717058062553406,test,supervised_vae
H4,Erlotinib,,,0.06207311898469925,0.029080308973789215,test,supervised_vae
BC-3,Erlotinib,,,,0.09619641304016113,test,supervised_vae
NCI-H2009,Erlotinib,,,0.0468892902135849,0.1554085612297058,test,supervised_vae
DU145,Erlotinib,,,0.05042564496397972,0.06956060975790024,test,supervised_vae
CA46,Erlotinib,,,0.06020939350128174,0.028756465762853622,test,supervised_vae
Calu-6,Erlotinib,,,0.07222560048103333,0.0202371533960104,test,supervised_vae
COR-L88,Erlotinib,,,0.02574830688536167,0.04146673530340195,test,supervised_vae
639V,Erlotinib,,,0.11340188980102539,0.08847887814044952,test,supervised_vae
NCI-H1437,Erlotinib,,,,0.11141683906316757,test,supervised_vae
DEL,Erlotinib,,,0.170371413230896,0.009468542411923409,test,supervised_vae
LCLC-97TM1,Erlotinib,,,0.0013339044526219368,0.08758271485567093,test,supervised_vae
CMK,Erlotinib,,,,-0.025321803987026215,test,supervised_vae
SW1463,Erlotinib,,,0.14899715781211853,0.007551040034741163,test,supervised_vae
SJNB-14,Erlotinib,,,0.06771685183048248,0.06111382320523262,test,supervised_vae
22Rv1,Erlotinib,,,0.06973609328269958,0.04749548062682152,test,supervised_vae
NCI-H1299,Erlotinib,,,0.0033601324539631605,0.009518242441117764,test,supervised_vae
BT-20,Erlotinib,,,0.08170372992753983,0.09985385090112686,test,supervised_vae
HCC2998,Erlotinib,,,0.07577911019325256,0.1450546681880951,test,supervised_vae
WM115,Erlotinib,,,0.01671660505235195,0.004768189042806625,test,supervised_vae
SF126,Erlotinib,,,,0.05421828478574753,test,supervised_vae
LB771-HNC,Erlotinib,,,0.09326677024364471,-0.011355430819094181,test,supervised_vae
HMV-II,Erlotinib,,,0.006245903670787811,0.047251179814338684,test,supervised_vae
SJNB-10,Erlotinib,,,0.024565180763602257,0.13245046138763428,test,supervised_vae
NCI-H82,Erlotinib,,,0.037550006061792374,0.017808914184570312,test,supervised_vae
MEG-01,Erlotinib,,,0.044805511832237244,0.046508509665727615,test,supervised_vae
Caov-3,Erlotinib,,,,0.0,test,supervised_vae
OVCAR-3,Erlotinib,,,0.1319362074136734,0.0855722650885582,test,supervised_vae
OS-RC-2,Erlotinib,,,0.07740211486816406,-0.005511060822755098,test,supervised_vae
HT-3,Erlotinib,,,0.08728126436471939,0.04200811684131622,test,supervised_vae
SKM-1,Erlotinib,,,,0.059348683804273605,test,supervised_vae
NCI-H1092,Erlotinib,,,0.046796757727861404,0.06459363549947739,test,supervised_vae
KS-1 [Human glioblastoma],Erlotinib,,,0.005680494010448456,0.04630723223090172,test,supervised_vae
SiMa,Erlotinib,,,0.0,0.09362537413835526,test,supervised_vae
SW837,Erlotinib,,,0.06828158348798752,0.13673833012580872,test,supervised_vae
LOX-IMVI,Erlotinib,,,0.12028055638074875,0.04764677584171295,test,supervised_vae
SiHa,Erlotinib,,,0.10029903799295425,0.018679674714803696,test,supervised_vae
CAL-27,Erlotinib,,,0.164004847407341,0.2076600193977356,test,supervised_vae
EW-12,Erlotinib,,,,0.08518198132514954,test,supervised_vae
ES5,Erlotinib,,,,0.0402120016515255,test,supervised_vae
HDLM-2,Erlotinib,,,0.1491764336824417,0.1073317676782608,test,supervised_vae
Becker,Erlotinib,,,0.055969566106796265,0.005393205676227808,test,supervised_vae
ABC-1,Erlotinib,,,,0.06922197341918945,test,supervised_vae
Ca9-22,Erlotinib,,,0.2045409381389618,0.030658312141895294,test,supervised_vae
LAMA-84,Erlotinib,,,0.02719874680042267,0.05051080510020256,test,supervised_vae
EW-16,Erlotinib,,,0.11820603162050247,0.06484713405370712,test,supervised_vae
MES-SA,Erlotinib,,,0.11685976386070251,-0.0230209119617939,test,supervised_vae
KM12,Erlotinib,,,0.11399415880441666,0.04356234520673752,test,supervised_vae
786-O,Erlotinib,,,0.16353602707386017,0.0006567016243934631,test,supervised_vae
NOMO-1,Erlotinib,,,0.005204362329095602,0.13367997109889984,test,supervised_vae
NCI-H23,Erlotinib,,,0.05381118506193161,0.0,test,supervised_vae
U-251MG,Erlotinib,,,0.11249099671840668,0.15832465887069702,test,supervised_vae
BB49-HNC,Erlotinib,,,0.06490319967269897,0.07978349924087524,test,supervised_vae
BL-41,Erlotinib,,,0.011838492006063461,0.04489289969205856,test,supervised_vae
HCC1143,Erlotinib,,,0.1082848533987999,0.013021075166761875,test,supervised_vae
Karpas-299,Erlotinib,,,0.03932269662618637,0.016973083838820457,test,supervised_vae
LoVo,Erlotinib,,,0.15001340210437775,0.02818877249956131,test,supervised_vae
KYSE-510,Erlotinib,,,,0.03912798687815666,test,supervised_vae
NH-12,Erlotinib,,,0.09296922385692596,0.09977533668279648,test,supervised_vae
A-172,Erlotinib,,,0.039547596126794815,0.03834027051925659,test,supervised_vae
