sample_id,variable,class_label,probability,known_label,predicted_label,split,method
Hep-G2/C3A,Erlotinib,,,0.020205803215503693,0.054361991584300995,train,DirectPred
A-253,Erlotinib,,,0.11193941533565521,0.07853756099939346,train,DirectPred
GCIY,Erlotinib,,,0.16549909114837646,0.09711596369743347,train,DirectPred
COLO 684,Erlotinib,,,,0.05321729555726051,train,DirectPred
NCI-H854,Erlotinib,,,,0.03150652348995209,train,DirectPred
SNU-C2A,Erlotinib,,,0.09475236386060715,0.0789652019739151,train,DirectPred
KE-39,Erlotinib,,,0.1750926673412323,0.05959451198577881,train,DirectPred
YAPC,Erlotinib,,,,0.06095752865076065,train,DirectPred
HCC366,Erlotinib,,,,0.09720826894044876,train,DirectPred
KM12,Erlotinib,,,,0.04517719894647598,train,DirectPred
OUMS-27,Erlotinib,,,,0.030290380120277405,train,DirectPred
Hs 751.T,Erlotinib,,,,0.030493512749671936,train,DirectPred
LS123,Erlotinib,,,0.06874532997608185,0.06283572316169739,train,DirectPred
Peer,Erlotinib,,,,0.04178514704108238,train,DirectPred
MOTN-1,Erlotinib,,,,0.022083915770053864,train,DirectPred
A-498,Erlotinib,,,,0.03904373571276665,train,DirectPred
H4,Erlotinib,,,0.030391791835427284,0.058322474360466,train,DirectPred
PL-21,Erlotinib,,,,0.038706421852111816,train,DirectPred
OE21,Erlotinib,,,0.3437134325504303,0.06426259875297546,train,DirectPred
M-07e,Erlotinib,,,,0.03730695694684982,train,DirectPred
SUP-T11,Erlotinib,,,,0.06484147906303406,train,DirectPred
B-CPAP,Erlotinib,,,0.026610318571329117,0.05912477523088455,train,DirectPred
Hs 274.T,Erlotinib,,,,0.03833688795566559,train,DirectPred
LN-18,Erlotinib,,,0.06571833789348602,0.05930182337760925,train,DirectPred
SU.86.86,Erlotinib,,,0.05526959151029587,0.06663010269403458,train,DirectPred
PK-1,Erlotinib,,,0.09488140046596527,0.07821924984455109,train,DirectPred
RERF-LC-A1,Erlotinib,,,0.039469145238399506,0.04352840036153793,train,DirectPred
SK-MEL-24,Erlotinib,,,0.017442068085074425,0.03363411873579025,train,DirectPred
L3.3,Erlotinib,,,0.12835821509361267,0.10051918029785156,train,DirectPred
Hs 695T,Erlotinib,,,0.0027959689032286406,0.03325144201517105,train,DirectPred
Rh41,Erlotinib,,,,0.06668532639741898,train,DirectPred
Toledo,Erlotinib,,,0.0,0.05621059983968735,train,DirectPred
MDA-MB-453,Erlotinib,,,0.02901134081184864,0.1083267331123352,train,DirectPred
U2OS,Erlotinib,,,0.04493655636906624,0.0298004150390625,train,DirectPred
Lu-99A,Erlotinib,,,0.09351128339767456,0.12365227937698364,train,DirectPred
NCI-H2029,Erlotinib,,,,0.10120733827352524,train,DirectPred
NCI-H2126,Erlotinib,,,,0.046450305730104446,train,DirectPred
HEL,Erlotinib,,,,0.05561663210391998,train,DirectPred
HCC1569,Erlotinib,,,0.006881309673190117,0.04655355215072632,train,DirectPred
SK-MES-1,Erlotinib,,,0.27235737442970276,0.05682764947414398,train,DirectPred
OCI-AML-2,Erlotinib,,,0.02965749055147171,0.02853427454829216,train,DirectPred
Panc 05.04,Erlotinib,,,,0.0602588951587677,train,DirectPred
DM-3,Erlotinib,,,,0.03852631524205208,train,DirectPred
MHH-CALL-2,Erlotinib,,,,0.02786160260438919,train,DirectPred
EN,Erlotinib,,,0.00819708313792944,0.04839438945055008,train,DirectPred
NCI-H2172,Erlotinib,,,,0.06357493996620178,train,DirectPred
NCI-H524,Erlotinib,,,,0.06246093288064003,train,DirectPred
NCI-H1693,Erlotinib,,,0.19644658267498016,0.061510346829891205,train,DirectPred
NCI-H2405,Erlotinib,,,,0.03408908098936081,train,DirectPred
SW1417,Erlotinib,,,0.011907773092389107,0.06112189590930939,train,DirectPred
MHH-CALL-4,Erlotinib,,,,0.053827933967113495,train,DirectPred
Capan-1,Erlotinib,,,,0.06065091863274574,train,DirectPred
HCT 15,Erlotinib,,,0.051358070224523544,0.06310898810625076,train,DirectPred
JVM-2,Erlotinib,,,,0.03080262616276741,train,DirectPred
SNU-878,Erlotinib,,,,0.035707470029592514,train,DirectPred
UACC-257,Erlotinib,,,0.004973747301846743,0.060234434902668,train,DirectPred
NCI-H2347,Erlotinib,,,,0.059506889432668686,train,DirectPred
LMSU,Erlotinib,,,,0.054462358355522156,train,DirectPred
OCI-AML-3,Erlotinib,,,,0.0651889517903328,train,DirectPred
NCI-H2066,Erlotinib,,,,0.06046130880713463,train,DirectPred
AM-38,Erlotinib,,,,0.04764657840132713,train,DirectPred
HEC-1-A,Erlotinib,,,0.002704528858885169,0.042565420269966125,train,DirectPred
1321N1,Erlotinib,,,0.05883492901921272,0.09324311465024948,train,DirectPred
JHH-4,Erlotinib,,,0.05468062683939934,0.06984156370162964,train,DirectPred
SW48,Erlotinib,,,0.3432353436946869,0.06110421195626259,train,DirectPred
BICR 18,Erlotinib,,,,0.035667236894369125,train,DirectPred
KMS-21-BM,Erlotinib,,,,0.056438833475112915,train,DirectPred
SF295,Erlotinib,,,0.054866135120391846,0.036276087164878845,train,DirectPred
NCI-H1299,Erlotinib,,,0.06268586218357086,0.04732585698366165,train,DirectPred
NCI-H1666,Erlotinib,,,0.37953415513038635,0.06446227431297302,train,DirectPred
JHH-6,Erlotinib,,,0.013065235689282417,0.05000840499997139,train,DirectPred
Hs 839.T,Erlotinib,,,,0.04739834740757942,train,DirectPred
TM-31,Erlotinib,,,,0.04546316713094711,train,DirectPred
OAW28,Erlotinib,,,,0.07479332387447357,train,DirectPred
HRT-18,Erlotinib,,,,0.0691046267747879,train,DirectPred
SU-DHL-1,Erlotinib,,,,0.08570249378681183,train,DirectPred
MDA-MB-175-VII,Erlotinib,,,0.15721262991428375,0.06765647232532501,train,DirectPred
UT-7,Erlotinib,,,,0.05716244503855705,train,DirectPred
CPC-N,Erlotinib,,,,0.03981650620698929,train,DirectPred
BDCM,Erlotinib,,,0.013226781040430069,0.0291823111474514,train,DirectPred
SNU-C1,Erlotinib,,,,0.06144605949521065,train,DirectPred
NCI-H1373,Erlotinib,,,0.04716647043824196,0.033642835915088654,train,DirectPred
KMS-34,Erlotinib,,,0.006456402130424976,0.02891799993813038,train,DirectPred
OELE,Erlotinib,,,,0.03751588240265846,train,DirectPred
T3M-4,Erlotinib,,,,0.0991211012005806,train,DirectPred
CAL-120,Erlotinib,,,,0.07412697374820709,train,DirectPred
NCI-H1355,Erlotinib,,,0.170404314994812,0.0720471516251564,train,DirectPred
DEL,Erlotinib,,,0.037769198417663574,0.03677283227443695,train,DirectPred
HEC-50B,Erlotinib,,,,0.03920583054423332,train,DirectPred
MDA-MB-134-VI,Erlotinib,,,,0.027915015816688538,train,DirectPred
SW1271,Erlotinib,,,0.01700293831527233,0.06653209775686264,train,DirectPred
SW579,Erlotinib,,,0.01684611104428768,0.07599454373121262,train,DirectPred
JHH-7,Erlotinib,,,0.06400319188833237,0.054803382605314255,train,DirectPred
HuT 78,Erlotinib,,,0.0,0.01978950947523117,train,DirectPred
Panc 03.27,Erlotinib,,,0.06275393068790436,0.05871791020035744,train,DirectPred
LUDLU-1,Erlotinib,,,0.21479026973247528,0.06598562002182007,train,DirectPred
SNU-1196,Erlotinib,,,,0.03266390785574913,train,DirectPred
Hs 936.T,Erlotinib,,,0.014631255529820919,0.051977500319480896,train,DirectPred
TT2609-C02,Erlotinib,,,0.07642944157123566,0.0559895858168602,train,DirectPred
KYM-1,Erlotinib,,,0.0,0.03031182289123535,train,DirectPred
SLR26,Erlotinib,,,,0.04779784381389618,train,DirectPred
U-118MG,Erlotinib,,,0.007053320296108723,0.0388118177652359,train,DirectPred
EBC-1,Erlotinib,,,0.04547259956598282,0.05222126841545105,train,DirectPred
COLO 741,Erlotinib,,,0.1051330491900444,0.1259629726409912,train,DirectPred
SCC-25,Erlotinib,,,,0.07975313812494278,train,DirectPred
COV644,Erlotinib,,,,0.029051870107650757,train,DirectPred
COLO 783,Erlotinib,,,,0.0404077023267746,train,DirectPred
T.T,Erlotinib,,,,0.08474065363407135,train,DirectPred
YH-13,Erlotinib,,,,0.02224726602435112,train,DirectPred
MHH-ES-1,Erlotinib,,,0.08771762996912003,0.06645427644252777,train,DirectPred
HCC95,Erlotinib,,,,0.029177721589803696,train,DirectPred
A-172,Erlotinib,,,0.020002657547593117,0.057714663445949554,train,DirectPred
HLF,Erlotinib,,,0.019748220220208168,0.06587933748960495,train,DirectPred
HL-60,Erlotinib,,,,0.029312413185834885,train,DirectPred
HCC1171,Erlotinib,,,,0.03986087441444397,train,DirectPred
D283 Med,Erlotinib,,,,0.03663734719157219,train,DirectPred
ECC12,Erlotinib,,,,0.07485800981521606,train,DirectPred
TE-6,Erlotinib,,,,0.12368419021368027,train,DirectPred
U-937,Erlotinib,,,0.051928505301475525,0.04754101485013962,train,DirectPred
NCI-H838,Erlotinib,,,,0.09640395641326904,train,DirectPred
EFM-192A,Erlotinib,,,,0.04113730788230896,train,DirectPred
SW1116,Erlotinib,,,,0.055444926023483276,train,DirectPred
COR-L23,Erlotinib,,,0.00965084321796894,0.07985642552375793,train,DirectPred
SK-HEP-1,Erlotinib,,,0.022565459832549095,0.05244109407067299,train,DirectPred
Hs 600.T,Erlotinib,,,,0.030461445450782776,train,DirectPred
ABC-1,Erlotinib,,,,0.06891391426324844,train,DirectPred
A101D,Erlotinib,,,,0.03031555935740471,train,DirectPred
SNU-478,Erlotinib,,,,0.05563165992498398,train,DirectPred
Hs 939.T,Erlotinib,,,0.018996980041265488,0.046913471072912216,train,DirectPred
SNU-520,Erlotinib,,,,0.052890196442604065,train,DirectPred
SU-DHL-10,Erlotinib,,,0.0,0.04724143445491791,train,DirectPred
SW1353,Erlotinib,,,0.004265821073204279,0.06234448403120041,train,DirectPred
GOS-3,Erlotinib,,,,0.09414428472518921,train,DirectPred
NCI-H650,Erlotinib,,,0.005011194851249456,0.06236518546938896,train,DirectPred
NALM-6,Erlotinib,,,,0.03652667626738548,train,DirectPred
HEC-151,Erlotinib,,,0.24379590153694153,0.07057518512010574,train,DirectPred
CAS-1,Erlotinib,,,0.00462641566991806,0.052327707409858704,train,DirectPred
Hs 604.T,Erlotinib,,,,0.029361706227064133,train,DirectPred
KALS-1,Erlotinib,,,0.03612568601965904,0.07768823206424713,train,DirectPred
NCI-H1694,Erlotinib,,,0.0,0.06345692276954651,train,DirectPred
OUMS-23,Erlotinib,,,,0.0808134600520134,train,DirectPred
SNU-840,Erlotinib,,,,0.09583812952041626,train,DirectPred
EPLC-272H,Erlotinib,,,,0.04006988927721977,train,DirectPred
UM-RC-2,Erlotinib,,,,0.03658466041088104,train,DirectPred
CAL-29,Erlotinib,,,,0.03093763068318367,train,DirectPred
SK-ES-1,Erlotinib,,,0.06832186132669449,0.043448880314826965,train,DirectPred
NCI-H322,Erlotinib,,,0.30578410625457764,0.14252182841300964,train,DirectPred
NCI-H1876,Erlotinib,,,,0.06244191527366638,train,DirectPred
HPAC,Erlotinib,,,0.06448940932750702,0.062009770423173904,train,DirectPred
SNU-489,Erlotinib,,,,0.04810076579451561,train,DirectPred
RD,Erlotinib,,,0.002177261747419834,0.04645780473947525,train,DirectPred
SEM,Erlotinib,,,,0.027509190142154694,train,DirectPred
COLO 800,Erlotinib,,,,0.060294993221759796,train,DirectPred
NCI-H2286,Erlotinib,,,0.09505584090948105,0.0583098940551281,train,DirectPred
SW948,Erlotinib,,,,0.048552222549915314,train,DirectPred
KYSE-140,Erlotinib,,,0.2900695502758026,0.12994281947612762,train,DirectPred
Loucy,Erlotinib,,,,0.05424819141626358,train,DirectPred
NCI-H1437,Erlotinib,,,,0.06330995261669159,train,DirectPred
UACC-893,Erlotinib,,,,0.05688188597559929,train,DirectPred
IGR-37,Erlotinib,,,0.03262731060385704,0.038197409361600876,train,DirectPred
MIA PaCa-2,Erlotinib,,,0.015134925954043865,0.09443654865026474,train,DirectPred
NCI-H661,Erlotinib,,,0.0029913890175521374,0.07438898086547852,train,DirectPred
Ri-1,Erlotinib,,,,0.03855539858341217,train,DirectPred
NCI-H747,Erlotinib,,,0.08544382452964783,0.06384893506765366,train,DirectPred
ACC-MESO-1,Erlotinib,,,,0.033289648592472076,train,DirectPred
A2058,Erlotinib,,,0.020316431298851967,0.04912838339805603,train,DirectPred
SNU-46,Erlotinib,,,,0.031191054731607437,train,DirectPred
NCI-H510A,Erlotinib,,,,0.10814379155635834,train,DirectPred
PSN1,Erlotinib,,,0.035159897059202194,0.05959566682577133,train,DirectPred
Caki-1,Erlotinib,,,,0.032956503331661224,train,DirectPred
UM-RC-6,Erlotinib,,,,0.06535498797893524,train,DirectPred
IM95,Erlotinib,,,,0.05296618491411209,train,DirectPred
GI-1,Erlotinib,,,0.021889647468924522,0.06134839355945587,train,DirectPred
SNU-1197,Erlotinib,,,,0.045107435435056686,train,DirectPred
VMRC-LCP,Erlotinib,,,,0.07379267364740372,train,DirectPred
KP-N-RT-BM-1,Erlotinib,,,,0.04037638381123543,train,DirectPred
SW837,Erlotinib,,,,0.04547465220093727,train,DirectPred
L-540,Erlotinib,,,,0.04379396513104439,train,DirectPred
HuNS1,Erlotinib,,,,0.03858350217342377,train,DirectPred
OV7,Erlotinib,,,,0.045783430337905884,train,DirectPred
HuH-6 Clone 5,Erlotinib,,,,0.04696477949619293,train,DirectPred
NCI-H1581,Erlotinib,,,0.0,0.041837628930807114,train,DirectPred
NCI-H1734,Erlotinib,,,,0.048177339136600494,train,DirectPred
SNU-503,Erlotinib,,,,0.03694542124867439,train,DirectPred
SU-DHL-4,Erlotinib,,,0.05815713480114937,0.05041385442018509,train,DirectPred
Hs 863.T,Erlotinib,,,,0.032374560832977295,train,DirectPred
Hs 822.T,Erlotinib,,,,0.03343654423952103,train,DirectPred
KNS-42,Erlotinib,,,0.0,0.05256211757659912,train,DirectPred
LCLC-97TM1,Erlotinib,,,,0.03393677994608879,train,DirectPred
SW900,Erlotinib,,,0.032573848962783813,0.06696682423353195,train,DirectPred
SNU-719,Erlotinib,,,,0.07407543063163757,train,DirectPred
CCF-STTG1,Erlotinib,,,,0.05215441435575485,train,DirectPred
PLC/PRF/5,Erlotinib,,,0.08866620808839798,0.09250732511281967,train,DirectPred
HCC-56,Erlotinib,,,0.057098597288131714,0.053424347192049026,train,DirectPred
HCC70,Erlotinib,,,0.08828119933605194,0.05655575543642044,train,DirectPred
SK-BR-3,Erlotinib,,,0.05985407158732414,0.06627233326435089,train,DirectPred
SU-DHL-6,Erlotinib,,,0.0,0.06954072415828705,train,DirectPred
NCI-H1963,Erlotinib,,,,0.03697405382990837,train,DirectPred
NCI-H2073,Erlotinib,,,,0.06960352510213852,train,DirectPred
HMC-1-8,Erlotinib,,,0.01942284032702446,0.06468791514635086,train,DirectPred
MFE-319,Erlotinib,,,0.2620878517627716,0.08935493230819702,train,DirectPred
AMO1,Erlotinib,,,0.04056181013584137,0.06487086415290833,train,DirectPred
CAMA-1,Erlotinib,,,0.01575651951134205,0.06103353947401047,train,DirectPred
HCC2157,Erlotinib,,,,0.044852301478385925,train,DirectPred
Sq-1,Erlotinib,,,0.06801863759756088,0.07563017308712006,train,DirectPred
23132/87,Erlotinib,,,,0.08559072017669678,train,DirectPred
BHT-101,Erlotinib,,,,0.024423617869615555,train,DirectPred
LS411N,Erlotinib,,,0.011920134536921978,0.05374564230442047,train,DirectPred
LOU-NH91,Erlotinib,,,0.14603012800216675,0.03521852195262909,train,DirectPred
L-363,Erlotinib,,,0.030041877180337906,0.03746478259563446,train,DirectPred
OPM-2,Erlotinib,,,0.0670311376452446,0.06609940528869629,train,DirectPred
COLO 205,Erlotinib,,,0.05243299528956413,0.064101442694664,train,DirectPred
P31/FUJ,Erlotinib,,,0.010075471363961697,0.023280955851078033,train,DirectPred
MKN1,Erlotinib,,,,0.03449137508869171,train,DirectPred
Hep 3B2.1-7,Erlotinib,,,0.0,0.06185097619891167,train,DirectPred
WM88,Erlotinib,,,0.004658939782530069,0.07304611802101135,train,DirectPred
CHP-212,Erlotinib,,,0.016802458092570305,0.03490086644887924,train,DirectPred
ECC10,Erlotinib,,,,0.05423096939921379,train,DirectPred
Hs 675.T,Erlotinib,,,,0.03190692141652107,train,DirectPred
MOLT-13,Erlotinib,,,,0.036920733749866486,train,DirectPred
NCI-H196,Erlotinib,,,,0.05913800746202469,train,DirectPred
RCC4,Erlotinib,,,,0.032377440482378006,train,DirectPred
OCI-Ly19,Erlotinib,,,,0.041376493871212006,train,DirectPred
MM1.S,Erlotinib,,,,0.008347854018211365,train,DirectPred
HCC1428,Erlotinib,,,,0.058982789516448975,train,DirectPred
TUHR10TKB,Erlotinib,,,,0.028915077447891235,train,DirectPred
PrEC LH,Erlotinib,,,,0.03400437906384468,train,DirectPred
YD-38,Erlotinib,,,,0.03246422857046127,train,DirectPred
LCLC-103H,Erlotinib,,,0.018521644175052643,0.0629621297121048,train,DirectPred
NCI-H2110,Erlotinib,,,,0.05517606809735298,train,DirectPred
NCI-H727,Erlotinib,,,0.014224999584257603,0.06567713618278503,train,DirectPred
CAL-27,Erlotinib,,,0.33115506172180176,0.058891959488391876,train,DirectPred
MOLM-16,Erlotinib,,,,0.033920980989933014,train,DirectPred
Hs 852.T,Erlotinib,,,0.06064947322010994,0.0494990274310112,train,DirectPred
Mel Ho,Erlotinib,,,0.021324850618839264,0.036182645708322525,train,DirectPred
NCI-H2009,Erlotinib,,,0.08123744279146194,0.03462810069322586,train,DirectPred
KMM-1,Erlotinib,,,0.00687357597053051,0.07695439457893372,train,DirectPred
BHY,Erlotinib,,,,0.05978163331747055,train,DirectPred
SK-N-SH,Erlotinib,,,0.033035822212696075,0.026839982718229294,train,DirectPred
Mino,Erlotinib,,,0.12321418523788452,0.034827813506126404,train,DirectPred
JM-1,Erlotinib,,,0.036375001072883606,0.04648187756538391,train,DirectPred
KE-97,Erlotinib,,,0.0897432342171669,0.02517002820968628,train,DirectPred
HT-55,Erlotinib,,,,0.05675052851438522,train,DirectPred
HSC-2,Erlotinib,,,0.07182122021913528,0.06853003054857254,train,DirectPred
NCI-H2291,Erlotinib,,,,0.059396423399448395,train,DirectPred
BT-549,Erlotinib,,,0.019565638154745102,0.06660318374633789,train,DirectPred
TE-15,Erlotinib,,,0.2378416657447815,0.07945551723241806,train,DirectPred
Hs 737.T,Erlotinib,,,,0.03179670497775078,train,DirectPred
EFE-184,Erlotinib,,,0.10355244576931,0.08290193974971771,train,DirectPred
SNU-407,Erlotinib,,,,0.028850454837083817,train,DirectPred
SK-MEL-3,Erlotinib,,,,0.06305002421140671,train,DirectPred
Li-7,Erlotinib,,,,0.05439131334424019,train,DirectPred
Reh,Erlotinib,,,0.007274820003658533,0.09816557168960571,train,DirectPred
SNU-1,Erlotinib,,,0.08571857213973999,0.0417533703148365,train,DirectPred
BJ1-hTERT,Erlotinib,,,,0.035217735916376114,train,DirectPred
JK-1,Erlotinib,,,,0.03160104900598526,train,DirectPred
Namalwa,Erlotinib,,,,0.032164424657821655,train,DirectPred
DK-MG,Erlotinib,,,0.02732880227267742,0.030701998621225357,train,DirectPred
SLR23,Erlotinib,,,,0.05185762047767639,train,DirectPred
GDM-1,Erlotinib,,,,0.03223064914345741,train,DirectPred
NCI-H1048,Erlotinib,,,0.03162302449345589,0.03057727962732315,train,DirectPred
KNS-62,Erlotinib,,,0.0,0.07343898713588715,train,DirectPred
NCI-H1573,Erlotinib,,,0.15496483445167542,0.1389632225036621,train,DirectPred
JMSU-1,Erlotinib,,,0.11092350631952286,0.03245464339852333,train,DirectPred
LC-1F,Erlotinib,,,,0.05370457470417023,train,DirectPred
RCM-1 [Human rectum adenocarcinoma],Erlotinib,,,,0.06422872841358185,train,DirectPred
BT-474,Erlotinib,,,0.05379260703921318,0.0332738496363163,train,DirectPred
OVMANA,Erlotinib,,,0.022195594385266304,0.06075892224907875,train,DirectPred
COR-L105,Erlotinib,,,0.18441914021968842,0.0707719698548317,train,DirectPred
BICR 56,Erlotinib,,,,0.04339760169386864,train,DirectPred
NCI-H1568,Erlotinib,,,0.19252437353134155,0.12957142293453217,train,DirectPred
IST-Mes1,Erlotinib,,,0.030112499371170998,0.0489366389811039,train,DirectPred
WM793,Erlotinib,,,0.02805124968290329,0.051876138895750046,train,DirectPred
SNU-1079,Erlotinib,,,,0.049857791513204575,train,DirectPred
A-549,Erlotinib,,,0.08121180534362793,0.0844484344124794,train,DirectPred
SK-N-AS,Erlotinib,,,0.01277044229209423,0.04059959203004837,train,DirectPred
HCC4006,Erlotinib,,,0.4926633834838867,0.032168637961149216,train,DirectPred
NCI-H1105,Erlotinib,,,,0.03697391226887703,train,DirectPred
JHH-1,Erlotinib,,,,0.06200792267918587,train,DirectPred
CL-34,Erlotinib,,,,0.06598968803882599,train,DirectPred
MOG-G-UVW,Erlotinib,,,,0.02993101254105568,train,DirectPred
Caov-3,Erlotinib,,,,0.04068069905042648,train,DirectPred
8505C,Erlotinib,,,0.030876273289322853,0.0459694042801857,train,DirectPred
RCH-ACV,Erlotinib,,,,0.03865400701761246,train,DirectPred
SNU-1077,Erlotinib,,,,0.035127367824316025,train,DirectPred
HSC-3,Erlotinib,,,,0.11225733160972595,train,DirectPred
Panc 02.03,Erlotinib,,,0.12672166526317596,0.06525345146656036,train,DirectPred
ZR-75-1,Erlotinib,,,0.11372878402471542,0.06258156150579453,train,DirectPred
SNU-349,Erlotinib,,,,0.0626424103975296,train,DirectPred
SK-UT-1,Erlotinib,,,,0.036458563059568405,train,DirectPred
NCI-H1792,Erlotinib,,,0.03543425351381302,0.06413029879331589,train,DirectPred
Hs 688(A).T,Erlotinib,,,,0.05105508491396904,train,DirectPred
KMS-11,Erlotinib,,,0.0,0.05810125917196274,train,DirectPred
G-402,Erlotinib,,,0.003593845758587122,0.030640967190265656,train,DirectPred
SNU-1076,Erlotinib,,,,0.053457338362932205,train,DirectPred
NU-DHL-1,Erlotinib,,,,0.06731683760881424,train,DirectPred
PANC-1,Erlotinib,,,,0.05660229176282883,train,DirectPred
SNU-C4,Erlotinib,,,,0.04772427678108215,train,DirectPred
NCI-H1563,Erlotinib,,,0.02166382037103176,0.1051817238330841,train,DirectPred
DMS 153,Erlotinib,,,,0.05315335467457771,train,DirectPred
Hs 616.T,Erlotinib,,,,0.09230472892522812,train,DirectPred
KNS-60,Erlotinib,,,0.008071512915194035,0.07511844485998154,train,DirectPred
Hs 172.T,Erlotinib,,,,0.023749321699142456,train,DirectPred
42-MG-BA,Erlotinib,,,0.09109991043806076,0.05899027734994888,train,DirectPred
NCI-H1650,Erlotinib,,,0.2207937389612198,0.044412992894649506,train,DirectPred
DAN-G,Erlotinib,,,,0.059475433081388474,train,DirectPred
HCC1187,Erlotinib,,,0.046661943197250366,0.041647277772426605,train,DirectPred
HEC-108,Erlotinib,,,,0.02738063596189022,train,DirectPred
NCI-H2227,Erlotinib,,,,0.0360577255487442,train,DirectPred
RKN,Erlotinib,,,0.021037394180893898,0.08994137495756149,train,DirectPred
KCI-MOH1,Erlotinib,,,0.16372962296009064,0.08056798577308655,train,DirectPred
KYSE-450,Erlotinib,,,0.2088213562965393,0.055222611874341965,train,DirectPred
UM-UC-3,Erlotinib,,,0.0,0.07329484820365906,train,DirectPred
KMRC-2,Erlotinib,,,0.0557129792869091,0.038100071251392365,train,DirectPred
Hs 683,Erlotinib,,,0.011889842338860035,0.03671279549598694,train,DirectPred
Hs 940.T,Erlotinib,,,,0.05437925457954407,train,DirectPred
HDLM-2,Erlotinib,,,,0.03424429893493652,train,DirectPred
HuT 102,Erlotinib,,,,0.02780957520008087,train,DirectPred
SK-MEL-28,Erlotinib,,,,0.0665595531463623,train,DirectPred
TE-14,Erlotinib,,,,0.09797795116901398,train,DirectPred
HD-MY-Z,Erlotinib,,,0.0841427892446518,0.054503992199897766,train,DirectPred
Hs 739.T,Erlotinib,,,0.0,0.02893954887986183,train,DirectPred
KMS-26,Erlotinib,,,0.011861918494105339,0.07137108594179153,train,DirectPred
COLO 775,Erlotinib,,,,0.035719238221645355,train,DirectPred
SUP-B15,Erlotinib,,,,0.03431260213255882,train,DirectPred
SK-OV-3,Erlotinib,,,0.07924753427505493,0.0161016546189785,train,DirectPred
BT-483,Erlotinib,,,,0.04204775020480156,train,DirectPred
SUP-T1,Erlotinib,,,0.0,0.03765317052602768,train,DirectPred
NCI-H1623,Erlotinib,,,,0.05843436345458031,train,DirectPred
TE-8,Erlotinib,,,,0.035431575030088425,train,DirectPred
HLE,Erlotinib,,,0.02747679315507412,0.0821065604686737,train,DirectPred
HuP-T3,Erlotinib,,,0.044885557144880295,0.02408580482006073,train,DirectPred
BT-20,Erlotinib,,,0.13583120703697205,0.0904826819896698,train,DirectPred
KMS-20,Erlotinib,,,,0.06781545281410217,train,DirectPred
Hs 870.T,Erlotinib,,,,0.1123463436961174,train,DirectPred
NCI-H209,Erlotinib,,,,0.04424620792269707,train,DirectPred
BCP-1,Erlotinib,,,,0.0773373544216156,train,DirectPred
HLC-1,Erlotinib,,,,0.04499728977680206,train,DirectPred
639V,Erlotinib,,,,0.07589924335479736,train,DirectPred
KU-19-19,Erlotinib,,,,0.03656359389424324,train,DirectPred
KYSE-510,Erlotinib,,,0.0072697969153523445,0.03298212215304375,train,DirectPred
NCI-H1869,Erlotinib,,,0.152424156665802,0.06657277047634125,train,DirectPred
HTK-,Erlotinib,,,,0.03195369243621826,train,DirectPred
EFO-21,Erlotinib,,,0.04438505694270134,0.06092191860079765,train,DirectPred
KLE,Erlotinib,,,0.08713329583406448,0.06273508071899414,train,DirectPred
59M,Erlotinib,,,,0.03586990386247635,train,DirectPred
RL,Erlotinib,,,,0.04864587262272835,train,DirectPred
NCI-H441,Erlotinib,,,0.03614166006445885,0.07579225301742554,train,DirectPred
IA-LM,Erlotinib,,,0.028218360617756844,0.04790324717760086,train,DirectPred
TE-9,Erlotinib,,,0.08090578019618988,0.07180306315422058,train,DirectPred
EHEB,Erlotinib,,,,0.030171558260917664,train,DirectPred
Pfeiffer,Erlotinib,,,0.1284427046775818,0.07364748418331146,train,DirectPred
HEC-1-B,Erlotinib,,,0.06732435524463654,0.08866289258003235,train,DirectPred
PE/CA-PJ49,Erlotinib,,,,0.05568898096680641,train,DirectPred
U266B1,Erlotinib,,,,0.04047759622335434,train,DirectPred
Hs 343.T,Erlotinib,,,,0.04631103202700615,train,DirectPred
RERF-LC-Ad1,Erlotinib,,,,0.06105350703001022,train,DirectPred
TE-5,Erlotinib,,,0.026737511157989502,0.03085235133767128,train,DirectPred
Karpas-422,Erlotinib,,,0.0,0.037190526723861694,train,DirectPred
Hep-G2,Erlotinib,,,0.02846195176243782,0.05082683637738228,train,DirectPred
COR-L24,Erlotinib,,,,0.033839959651231766,train,DirectPred
COLO 679,Erlotinib,,,0.0172851774841547,0.0374300479888916,train,DirectPred
HT,Erlotinib,,,0.0,0.04420287162065506,train,DirectPred
LNCaP clone FGC,Erlotinib,,,,0.09650354087352753,train,DirectPred
PC-3,Erlotinib,,,0.05190436169505119,0.06757524609565735,train,DirectPred
PCM6,Erlotinib,,,,0.052959345281124115,train,DirectPred
CAL-78,Erlotinib,,,0.03013685718178749,0.0372624546289444,train,DirectPred
CMK-11-5,Erlotinib,,,,0.059418052434921265,train,DirectPred
KCL-22,Erlotinib,,,0.045496631413698196,0.04151691496372223,train,DirectPred
NCI-H647,Erlotinib,,,0.006460372358560562,0.05737490579485893,train,DirectPred
Ci-1,Erlotinib,,,0.0,0.03778405860066414,train,DirectPred
SNU-1040,Erlotinib,,,,0.09794004261493683,train,DirectPred
KO52,Erlotinib,,,0.06541673094034195,0.04821078106760979,train,DirectPred
ALL-SIL,Erlotinib,,,0.079600028693676,0.03292398154735565,train,DirectPred
BL-41,Erlotinib,,,0.009598737582564354,0.03213176876306534,train,DirectPred
NCI-H596,Erlotinib,,,,0.03563722223043442,train,DirectPred
KMS-18,Erlotinib,,,,0.023114681243896484,train,DirectPred
RERF-GC-1B,Erlotinib,,,0.08589732646942139,0.08641862869262695,train,DirectPred
HLF-a,Erlotinib,,,,0.031756818294525146,train,DirectPred
SHP-77,Erlotinib,,,0.0,0.012803807854652405,train,DirectPred
Kasumi-6,Erlotinib,,,,0.03236125782132149,train,DirectPred
YKG-1,Erlotinib,,,0.03782465681433678,0.046383075416088104,train,DirectPred
DoHH2,Erlotinib,,,0.0,0.03221576288342476,train,DirectPred
FaDu,Erlotinib,,,0.20236626267433167,0.06724977493286133,train,DirectPred
QGP-1,Erlotinib,,,0.06047167629003525,0.07008609920740128,train,DirectPred
Capan-2,Erlotinib,,,0.05558851733803749,0.057498496025800705,train,DirectPred
PaTu 8902,Erlotinib,,,0.014206549152731895,0.06062754616141319,train,DirectPred
F5,Erlotinib,,,,0.036835867911577225,train,DirectPred
VMRC-LCD,Erlotinib,,,9.304741628883215e-16,0.057426560670137405,train,DirectPred
Becker,Erlotinib,,,,0.05178555101156235,train,DirectPred
CAL-148,Erlotinib,,,,0.06295093894004822,train,DirectPred
KYSE-270,Erlotinib,,,,0.15740717947483063,train,DirectPred
SW1783,Erlotinib,,,,0.048348527401685715,train,DirectPred
HARA [Human squamous cell lung carcinoma],Erlotinib,,,0.11393557488918304,0.06248317286372185,train,DirectPred
U-178MG,Erlotinib,,,,0.03672419488430023,train,DirectPred
JHUEM-7,Erlotinib,,,,0.0503062978386879,train,DirectPred
RT-4,Erlotinib,,,0.16739684343338013,0.06074787676334381,train,DirectPred
OVISE,Erlotinib,,,,0.06648348271846771,train,DirectPred
TE 125.T,Erlotinib,,,,0.059785395860672,train,DirectPred
OCI-AML-5,Erlotinib,,,0.04101958125829697,0.026147425174713135,train,DirectPred
SCC-15,Erlotinib,,,,0.07168823480606079,train,DirectPred
MOLT-4,Erlotinib,,,,0.02361356094479561,train,DirectPred
Detroit 562,Erlotinib,,,0.1154157817363739,0.028349783271551132,train,DirectPred
U-138MG,Erlotinib,,,,0.04729568585753441,train,DirectPred
TC-71,Erlotinib,,,0.0,0.03340534493327141,train,DirectPred
PF-382,Erlotinib,,,,0.07777556777000427,train,DirectPred
OVKATE,Erlotinib,,,,0.04211733862757683,train,DirectPred
A3/Kawakami,Erlotinib,,,,0.05141128599643707,train,DirectPred
OVSAHO,Erlotinib,,,0.02859368361532688,0.04560227319598198,train,DirectPred
Hs 229.T,Erlotinib,,,0.0,0.06557320058345795,train,DirectPred
L-428,Erlotinib,,,0.012746384367346764,0.02543579414486885,train,DirectPred
HCC38,Erlotinib,,,,0.058214087039232254,train,DirectPred
SK-MEL-1,Erlotinib,,,,0.05946402996778488,train,DirectPred
TGBC11TKB,Erlotinib,,,,0.02709992229938507,train,DirectPred
NCI-H526,Erlotinib,,,,0.0332123339176178,train,DirectPred
Panc 02.13,Erlotinib,,,,0.05601343512535095,train,DirectPred
HCC1395,Erlotinib,,,0.042956769466400146,0.036299582570791245,train,DirectPred
Hs 742.T,Erlotinib,,,,0.04697536304593086,train,DirectPred
CAL-85-1,Erlotinib,,,0.2859991192817688,0.06014767289161682,train,DirectPred
DMS 273,Erlotinib,,,,0.041902776807546616,train,DirectPred
CMK-86,Erlotinib,,,0.07315269857645035,0.03119324892759323,train,DirectPred
CAL-51,Erlotinib,,,,0.048268985003232956,train,DirectPred
Hs 698.T,Erlotinib,,,,0.02885238081216812,train,DirectPred
MEC-1,Erlotinib,,,0.008480126969516277,0.04026719927787781,train,DirectPred
Kasumi-2,Erlotinib,,,0.05147402733564377,0.03506121411919594,train,DirectPred
Daoy,Erlotinib,,,0.033018723130226135,0.055510375648736954,train,DirectPred
Ishikawa (Heraklio) 02 ER-,Erlotinib,,,0.218491330742836,0.09203819185495377,train,DirectPred
HuCC-T1,Erlotinib,,,0.07585393637418747,0.06444449722766876,train,DirectPred
BL-70,Erlotinib,,,0.007193997036665678,0.10058023035526276,train,DirectPred
MSTO-211H,Erlotinib,,,0.04682326689362526,0.022833246737718582,train,DirectPred
REC-1,Erlotinib,,,,0.037151552736759186,train,DirectPred
SNU-668,Erlotinib,,,,0.03316554054617882,train,DirectPred
Hs 821.T,Erlotinib,,,,0.030726786702871323,train,DirectPred
JHUEM-2,Erlotinib,,,0.025869473814964294,0.043032508343458176,train,DirectPred
Ku812,Erlotinib,,,0.03246072307229042,0.04827214032411575,train,DirectPred
COR-L47,Erlotinib,,,,0.050357528030872345,train,DirectPred
YD-15,Erlotinib,,,,0.04872412607073784,train,DirectPred
CML-T1,Erlotinib,,,,0.05746449902653694,train,DirectPred
SH-4,Erlotinib,,,,0.03401279076933861,train,DirectPred
SW1710,Erlotinib,,,,0.029705483466386795,train,DirectPred
HPB-ALL,Erlotinib,,,,0.04168279841542244,train,DirectPred
8-MG-BA,Erlotinib,,,0.07423067092895508,0.06734255701303482,train,DirectPred
LP-1,Erlotinib,,,0.0,0.035727836191654205,train,DirectPred
NCI-H1755,Erlotinib,,,,0.05990411713719368,train,DirectPred
GMS-10,Erlotinib,,,0.019054094329476357,0.07328186929225922,train,DirectPred
NCI-H2452,Erlotinib,,,0.07825463265180588,0.03235746547579765,train,DirectPred
HuH-28,Erlotinib,,,,0.06431615352630615,train,DirectPred
JHOC-5,Erlotinib,,,,0.028906352818012238,train,DirectPred
SNU-620,Erlotinib,,,,0.030663330107927322,train,DirectPred
DND-41,Erlotinib,,,,0.03654861077666283,train,DirectPred
CJM [Human melanoma],Erlotinib,,,,0.06965126842260361,train,DirectPred
SiMa,Erlotinib,,,0.0,0.015875104814767838,train,DirectPred
Kelly,Erlotinib,,,0.0,0.08647646009922028,train,DirectPred
KATO III,Erlotinib,,,,0.048924703150987625,train,DirectPred
KMS-12-BM,Erlotinib,,,0.0,0.029010001569986343,train,DirectPred
MOR/CPR,Erlotinib,,,0.050237566232681274,0.08097518980503082,train,DirectPred
OCI-M1,Erlotinib,,,,0.07715634256601334,train,DirectPred
OVCAR-4,Erlotinib,,,0.08904686570167542,0.05677585303783417,train,DirectPred
DV-90,Erlotinib,,,0.14565078914165497,0.042273420840501785,train,DirectPred
LOX-IMVI,Erlotinib,,,0.02155059017241001,0.05883947014808655,train,DirectPred
HuTu 80,Erlotinib,,,,0.028159886598587036,train,DirectPred
MG-63,Erlotinib,,,0.006114600691944361,0.038757286965847015,train,DirectPred
HCC78,Erlotinib,,,0.007752100471407175,0.06234189495444298,train,DirectPred
NCI-H1395,Erlotinib,,,,0.07299160957336426,train,DirectPred
SNU-738,Erlotinib,,,,0.04031134769320488,train,DirectPred
S-117,Erlotinib,,,,0.032793913036584854,train,DirectPred
Hs 746.T,Erlotinib,,,0.028298527002334595,0.06002349406480789,train,DirectPred
TC-32,Erlotinib,,,,0.032574206590652466,train,DirectPred
Karpas-299,Erlotinib,,,0.026572350412607193,0.02885313332080841,train,DirectPred
NCI-H1975,Erlotinib,,,0.04640130698680878,0.0645473524928093,train,DirectPred
NCI-H226,Erlotinib,,,0.0059545026160776615,0.042231008410453796,train,DirectPred
UACC-812,Erlotinib,,,0.05086470767855644,0.06907127052545547,train,DirectPred
143B,Erlotinib,,,,0.07908659428358078,train,DirectPred
WM1799,Erlotinib,,,0.04316750541329384,0.046526309102773666,train,DirectPred
TE-4,Erlotinib,,,,0.10155580937862396,train,DirectPred
TALL-1 [Human adult T-ALL],Erlotinib,,,,0.0656844973564148,train,DirectPred
TUHR4TKB,Erlotinib,,,,0.02839047461748123,train,DirectPred
SH-SY5Y,Erlotinib,,,,0.03498240187764168,train,DirectPred
RPMI-8226,Erlotinib,,,,0.06232776865363121,train,DirectPred
EFO-27,Erlotinib,,,0.16153484582901,0.08570091426372528,train,DirectPred
ES-2,Erlotinib,,,0.02078234776854515,0.06610631942749023,train,DirectPred
U-251MG,Erlotinib,,,,0.07900484651327133,train,DirectPred
HEC-59,Erlotinib,,,0.02312557026743889,0.060323186218738556,train,DirectPred
BICR 22,Erlotinib,,,,0.03553315997123718,train,DirectPred
NCI-H446,Erlotinib,,,,0.07531646639108658,train,DirectPred
SW780,Erlotinib,,,0.12238645553588867,0.07709245383739471,train,DirectPred
HEL 92.1.7,Erlotinib,,,0.017781322821974754,0.046104349195957184,train,DirectPred
CCK-81,Erlotinib,,,0.20738886296749115,0.06235766410827637,train,DirectPred
HCC15,Erlotinib,,,0.02772621624171734,0.03547355532646179,train,DirectPred
LC-1/sq-SF,Erlotinib,,,0.11546967923641205,0.04848398268222809,train,DirectPred
NCI-H2052,Erlotinib,,,0.08320655673742294,0.07570851594209671,train,DirectPred
CW-2,Erlotinib,,,,0.07688279449939728,train,DirectPred
TE-10,Erlotinib,,,,0.032640211284160614,train,DirectPred
MDA-MB-361,Erlotinib,,,,0.07045352458953857,train,DirectPred
LoVo,Erlotinib,,,,0.049521587789058685,train,DirectPred
NCI-H810,Erlotinib,,,0.0,0.1243610680103302,train,DirectPred
K029AX,Erlotinib,,,0.0,0.018395550549030304,train,DirectPred
RERF-LC-Sq1,Erlotinib,,,,0.06951186805963516,train,DirectPred
SK-MEL-5,Erlotinib,,,0.05582759901881218,0.058699604123830795,train,DirectPred
SK-CO-1,Erlotinib,,,0.13508951663970947,0.05181337893009186,train,DirectPred
ZR-75-30,Erlotinib,,,0.0,0.05276541784405708,train,DirectPred
FU-OV-1,Erlotinib,,,0.11616449058055878,0.0636027604341507,train,DirectPred
HCC1500,Erlotinib,,,,0.03323221206665039,train,DirectPred
COV362,Erlotinib,,,,0.03600173816084862,train,DirectPred
NCI-H2122,Erlotinib,,,0.0913124531507492,0.10467732697725296,train,DirectPred
IGR-1,Erlotinib,,,,0.03590116649866104,train,DirectPred
OV-90,Erlotinib,,,0.0,0.033161383122205734,train,DirectPred
KMRC-20,Erlotinib,,,,-0.009321875870227814,train,DirectPred
ONS-76,Erlotinib,,,0.02147161215543747,0.06018456444144249,train,DirectPred
NCI-H1092,Erlotinib,,,0.0,0.05944328010082245,train,DirectPred
RT112/84,Erlotinib,,,,0.032052893191576004,train,DirectPred
AU565,Erlotinib,,,0.04662146046757698,0.06351032853126526,train,DirectPred
LN-229,Erlotinib,,,0.08689193427562714,0.07146312296390533,train,DirectPred
C32 [Human melanoma],Erlotinib,,,0.03969797492027283,0.005546940490603447,train,DirectPred
COLO 704,Erlotinib,,,,0.061654914170503616,train,DirectPred
EJM,Erlotinib,,,,0.046799711883068085,train,DirectPred
VMRC-RCZ,Erlotinib,,,0.038071174174547195,0.03350101783871651,train,DirectPred
MDA-MB-436,Erlotinib,,,0.06565015763044357,0.012573033571243286,train,DirectPred
DMS 454,Erlotinib,,,,0.031993649899959564,train,DirectPred
Mono-Mac-1,Erlotinib,,,0.12792180478572845,0.06500104069709778,train,DirectPred
NCI-H23,Erlotinib,,,0.012236746959388256,0.103181853890419,train,DirectPred
COLO 668,Erlotinib,,,,0.03549494966864586,train,DirectPred
FTC-133,Erlotinib,,,,0.06758657097816467,train,DirectPred
MUTZ-5,Erlotinib,,,,0.027319591492414474,train,DirectPred
HT-29,Erlotinib,,,0.0008752056746743619,0.049852170050144196,train,DirectPred
LS1034,Erlotinib,,,,0.06732505559921265,train,DirectPred
MEC-2,Erlotinib,,,,0.07007735967636108,train,DirectPred
COLO 320,Erlotinib,,,0.06566300988197327,0.045255567878484726,train,DirectPred
SUIT-2,Erlotinib,,,0.12975502014160156,0.06812018156051636,train,DirectPred
COR-L51,Erlotinib,,,,0.035374436527490616,train,DirectPred
RERF-LC-Ad2,Erlotinib,,,,0.13378751277923584,train,DirectPred
RS4;11,Erlotinib,,,,0.026515208184719086,train,DirectPred
HCC2279,Erlotinib,,,,0.03491799160838127,train,DirectPred
NOMO-1,Erlotinib,,,,0.03284311667084694,train,DirectPred
Hs 706.T,Erlotinib,,,,-0.00779198482632637,train,DirectPred
JHOS-2,Erlotinib,,,0.009666142985224724,0.05089988186955452,train,DirectPred
BFTC-909,Erlotinib,,,0.02699008584022522,0.06204347312450409,train,DirectPred
KMRC-1,Erlotinib,,,0.1492006480693817,0.03330964222550392,train,DirectPred
SNU-761,Erlotinib,,,,0.03121495619416237,train,DirectPred
VCaP,Erlotinib,,,,0.05820868909358978,train,DirectPred
SJSA-1,Erlotinib,,,0.0369315966963768,0.04182707145810127,train,DirectPred
SLR21,Erlotinib,,,,0.042440176010131836,train,DirectPred
Calu-3,Erlotinib,,,0.13969959318637848,0.0692724883556366,train,DirectPred
VM-CUB-1,Erlotinib,,,,0.04646312817931175,train,DirectPred
P3HR-1,Erlotinib,,,0.0,0.05492992326617241,train,DirectPred
PK-45H,Erlotinib,,,0.040951505303382874,0.03404341638088226,train,DirectPred
SNU-8,Erlotinib,,,,0.06925561279058456,train,DirectPred
Hs 944.T,Erlotinib,,,0.02216356247663498,0.07842124253511429,train,DirectPred
PaTu 8988s,Erlotinib,,,,0.05401358753442764,train,DirectPred
SW1573,Erlotinib,,,0.07071369141340256,0.0630573034286499,train,DirectPred
NCI-H2030,Erlotinib,,,0.15355055034160614,0.16406846046447754,train,DirectPred
NCI-H1155,Erlotinib,,,0.0644206777215004,0.05243949964642525,train,DirectPred
COV434,Erlotinib,,,,0.057273831218481064,train,DirectPred
SNU-61,Erlotinib,,,,0.06229079142212868,train,DirectPred
LS180,Erlotinib,,,,0.03215847164392471,train,DirectPred
NCI-H1618,Erlotinib,,,,0.036686673760414124,train,DirectPred
COLO 678,Erlotinib,,,0.15705744922161102,0.05872715637087822,train,DirectPred
MDA-MB-157,Erlotinib,,,0.06068647652864456,0.06857433915138245,train,DirectPred
RCC10RGB,Erlotinib,,,,0.06438665091991425,train,DirectPred
OCI-Ly3,Erlotinib,,,,0.02815140038728714,train,DirectPred
SNU-213,Erlotinib,,,,0.08723632991313934,train,DirectPred
RPMI-7951,Erlotinib,,,0.010962510481476784,0.04794809967279434,train,DirectPred
TCC-PAN2,Erlotinib,,,,0.06426869332790375,train,DirectPred
HDQ-P1,Erlotinib,,,0.20471830666065216,0.04539502039551735,train,DirectPred
NB1,Erlotinib,,,,0.057756662368774414,train,DirectPred
5637,Erlotinib,,,0.2021394670009613,0.0618087574839592,train,DirectPred
JHUEM-1,Erlotinib,,,,-0.009884622879326344,train,DirectPred
L-1236,Erlotinib,,,,0.013443894684314728,train,DirectPred
MES-SA,Erlotinib,,,0.002105230698361993,0.06759285181760788,train,DirectPred
Fu97,Erlotinib,,,0.05444095656275749,0.06396818161010742,train,DirectPred
SLR20,Erlotinib,,,,0.06589606404304504,train,DirectPred
CAL-12T,Erlotinib,,,0.2825886905193329,0.1266515851020813,train,DirectPred
T98G,Erlotinib,,,0.023452864959836006,0.046898253262043,train,DirectPred
KMRC-3,Erlotinib,,,,0.03412505239248276,train,DirectPred
MDA-PCa-2b,Erlotinib,,,,0.04082988575100899,train,DirectPred
P12-Ichikawa,Erlotinib,,,0.04233955964446068,0.08032755553722382,train,DirectPred
NCI-H508,Erlotinib,,,,0.06257709115743637,train,DirectPred
SR,Erlotinib,,,,0.06772680580615997,train,DirectPred
PE/CA-PJ41 (clone D2),Erlotinib,,,,0.04262436926364899,train,DirectPred
NCI-H1930,Erlotinib,,,,0.04856357350945473,train,DirectPred
DB,Erlotinib,,,,0.06478045880794525,train,DirectPred
G-361,Erlotinib,,,0.07832533121109009,0.0582926869392395,train,DirectPred
HEC-251,Erlotinib,,,0.06929846853017807,0.027722075581550598,train,DirectPred
KYSE-70,Erlotinib,,,0.17171168327331543,0.05729580670595169,train,DirectPred
MOLP-2,Erlotinib,,,,0.05274173617362976,train,DirectPred
SK-MEL-30,Erlotinib,,,0.005350062623620033,0.05908096581697464,train,DirectPred
TIG-3 TD,Erlotinib,,,,0.035362664610147476,train,DirectPred
ME-1 [Human leukemia],Erlotinib,,,,0.034973543137311935,train,DirectPred
SCC-9,Erlotinib,,,0.2093525528907776,0.026459060609340668,train,DirectPred
RL95-2,Erlotinib,,,0.21716706454753876,0.0927780270576477,train,DirectPred
WM983B,Erlotinib,,,0.012461467646062374,0.04986783489584923,train,DirectPred
NCI-H2170,Erlotinib,,,0.19809652864933014,0.05596616864204407,train,DirectPred
Hs 934.T,Erlotinib,,,,0.10463996231555939,train,DirectPred
SNU-216,Erlotinib,,,,0.06511914730072021,train,DirectPred
Mel JuSo,Erlotinib,,,,0.040843576192855835,train,DirectPred
AML-193,Erlotinib,,,,0.03882748633623123,train,DirectPred
PC-14,Erlotinib,,,0.5404548048973083,0.06769166141748428,train,DirectPred
SALE,Erlotinib,,,,0.03466436266899109,train,DirectPred
SCaBER,Erlotinib,,,0.2585083246231079,0.09315717965364456,train,DirectPred
22Rv1,Erlotinib,,,0.005032097455114126,0.04219325631856918,train,DirectPred
Caov-4,Erlotinib,,,,0.04274944216012955,train,DirectPred
MDA-MB-231,Erlotinib,,,,0.060737889260053635,train,DirectPred
NCI-H2196,Erlotinib,,,,0.01601623371243477,train,DirectPred
HMCB,Erlotinib,,,0.11731451749801636,0.062688909471035,train,DirectPred
JURL-MK1,Erlotinib,,,,0.037721626460552216,train,DirectPred
OVCAR-8,Erlotinib,,,,0.04917673021554947,train,DirectPred
HCC33,Erlotinib,,,,0.03233489394187927,train,DirectPred
SNU-1105,Erlotinib,,,,0.014483500272035599,train,DirectPred
Hs 281.T,Erlotinib,,,,0.03683170676231384,train,DirectPred
SNU-899,Erlotinib,,,,0.06718439608812332,train,DirectPred
T-47D,Erlotinib,,,0.06612788885831833,0.07775390893220901,train,DirectPred
KP-2,Erlotinib,,,0.03964619338512421,0.06530290842056274,train,DirectPred
NUGC-4,Erlotinib,,,0.35449543595314026,0.08810331672430038,train,DirectPred
RERF-LC-MS,Erlotinib,,,0.0,0.0512080192565918,train,DirectPred
RT-112,Erlotinib,,,0.056365255266427994,0.04933473467826843,train,DirectPred
KG-1,Erlotinib,,,0.03685476630926132,0.05787724629044533,train,DirectPred
SLR25,Erlotinib,,,,0.03629036992788315,train,DirectPred
Karpas-620,Erlotinib,,,0.021312205120921135,0.0407583974301815,train,DirectPred
SH-10-TC,Erlotinib,,,0.030011549592018127,0.059743620455265045,train,DirectPred
TE 159.T,Erlotinib,,,,0.027867179363965988,train,DirectPred
A-704,Erlotinib,,,,0.031441472470760345,train,DirectPred
CA46,Erlotinib,,,,0.04042312502861023,train,DirectPred
SW1990,Erlotinib,,,0.05235902965068817,0.08811338245868683,train,DirectPred
HOS,Erlotinib,,,0.0,0.08606870472431183,train,DirectPred
COLO 792,Erlotinib,,,,0.030707411468029022,train,DirectPred
NCI-H292,Erlotinib,,,,0.0364484079182148,train,DirectPred
Kuramochi,Erlotinib,,,0.09344540536403656,0.04917159304022789,train,DirectPred
BV-173,Erlotinib,,,,0.028508134186267853,train,DirectPred
NCI-H2228,Erlotinib,,,0.11122030019760132,0.07744550704956055,train,DirectPred
HCC1195,Erlotinib,,,,0.05896833539009094,train,DirectPred
HEC-265,Erlotinib,,,0.0,0.09761621803045273,train,DirectPred
697,Erlotinib,,,0.10943935066461563,0.03422144427895546,train,DirectPred
MDA-MB-415,Erlotinib,,,0.01592852920293808,0.05759349837899208,train,DirectPred
RD-ES,Erlotinib,,,,0.05469658970832825,train,DirectPred
EM-2,Erlotinib,,,0.06069961562752724,0.04806317016482353,train,DirectPred
KMBC-2,Erlotinib,,,0.016026489436626434,0.06968843936920166,train,DirectPred
JHH-2,Erlotinib,,,0.07645614445209503,0.0516267865896225,train,DirectPred
WM115,Erlotinib,,,0.009304008446633816,0.03948381543159485,train,DirectPred
A-204,Erlotinib,,,0.013244900852441788,0.031035739928483963,train,DirectPred
MC116,Erlotinib,,,0.0,0.0499349944293499,train,DirectPred
OE19,Erlotinib,,,,0.12748193740844727,train,DirectPred
HSC-4,Erlotinib,,,,0.016434747725725174,train,DirectPred
KYSE-30,Erlotinib,,,0.10740166902542114,0.06001335009932518,train,DirectPred
SK-MM-2,Erlotinib,,,0.17415617406368256,0.061110012233257294,train,DirectPred
GSS,Erlotinib,,,,0.09596255421638489,train,DirectPred
Hs 571.T,Erlotinib,,,,0.08772900700569153,train,DirectPred
DU4475,Erlotinib,,,,0.06541713327169418,train,DirectPred
LXF 289,Erlotinib,,,,0.035221002995967865,train,DirectPred
LAMA-84,Erlotinib,,,,0.03464297577738762,train,DirectPred
MOG-G-CCM,Erlotinib,,,0.0,0.023043997585773468,train,DirectPred
C2BBe1,Erlotinib,,,0.15984268486499786,0.06781227886676788,train,DirectPred
NCI-H660,Erlotinib,,,,0.07643716037273407,train,DirectPred
Granta-519,Erlotinib,,,0.032702624797821045,0.03441915288567543,train,DirectPred
HCT 116,Erlotinib,,,0.02919105254113674,0.03099549561738968,train,DirectPred
ML-1 [Human thyroid carcinoma],Erlotinib,,,,0.0283052921295166,train,DirectPred
HCC2218,Erlotinib,,,,0.0609709694981575,train,DirectPred
NCI-H146,Erlotinib,,,,0.05662914738059044,train,DirectPred
KLM-1,Erlotinib,,,,0.10414387285709381,train,DirectPred
MCF-7,Erlotinib,,,0.052088651806116104,0.06597570329904556,train,DirectPred
DMS 114,Erlotinib,,,0.0,0.04131457582116127,train,DirectPred
PL45,Erlotinib,,,0.06297192722558975,0.06588177382946014,train,DirectPred
MHH-NB-11,Erlotinib,,,,0.0515463724732399,train,DirectPred
NCI-H1781,Erlotinib,,,,0.0734952837228775,train,DirectPred
EWS-502,Erlotinib,,,,0.029215440154075623,train,DirectPred
SNU-201,Erlotinib,,,,0.06929352134466171,train,DirectPred
K-562,Erlotinib,,,,0.035386670380830765,train,DirectPred
Hs 618.T,Erlotinib,,,,0.03130297362804413,train,DirectPred
NCI-H1651,Erlotinib,,,0.04277709126472473,0.05560925230383873,train,DirectPred
NCI-H522,Erlotinib,,,0.040344320237636566,0.07780560106039047,train,DirectPred
IGROV-1,Erlotinib,,,0.1451892852783203,0.07269877940416336,train,DirectPred
Raji,Erlotinib,,,0.0,0.020937900990247726,train,DirectPred
CAL-54,Erlotinib,,,,0.03209541365504265,train,DirectPred
TYK-nu,Erlotinib,,,7.59855299883351e-15,0.03961418569087982,train,DirectPred
KYO-1,Erlotinib,,,,0.06176038086414337,train,DirectPred
769-P,Erlotinib,,,0.25329986214637756,0.016652271151542664,train,DirectPred
LS513,Erlotinib,,,,0.0423944853246212,train,DirectPred
HCC202,Erlotinib,,,,0.06353415548801422,train,DirectPred
ONCO-DG-1,Erlotinib,,,0.1428801268339157,0.07640665769577026,train,DirectPred
GA-10,Erlotinib,,,,0.041676949709653854,train,DirectPred
Hs 840.T,Erlotinib,,,0.01480245403945446,0.029136955738067627,train,DirectPred
SNU-324,Erlotinib,,,,0.04875405877828598,train,DirectPred
NCI-H1944,Erlotinib,,,0.10510390996932983,0.05379843711853027,train,DirectPred
JHH-5,Erlotinib,,,0.2246560901403427,0.08205603063106537,train,DirectPred
NCI-H929,Erlotinib,,,,0.04206336289644241,train,DirectPred
SNU-387,Erlotinib,,,0.013762500137090683,0.05395626649260521,train,DirectPred
SNU-466,Erlotinib,,,,0.06531377136707306,train,DirectPred
SUP-HD1,Erlotinib,,,,0.04149351641535759,train,DirectPred
Kasumi-1,Erlotinib,,,,0.057407595217227936,train,DirectPred
MDA-MB-468,Erlotinib,,,0.21849147975444794,0.047246646136045456,train,DirectPred
OC 316,Erlotinib,,,0.034157849848270416,0.037328414618968964,train,DirectPred
WSU-DLCL2,Erlotinib,,,,0.07499241083860397,train,DirectPred
KS-1 [Human glioblastoma],Erlotinib,,,,0.04537869617342949,train,DirectPred
MDA-MB-435,Erlotinib,,,0.0032447248231619596,0.05527283996343613,train,DirectPred
GSU,Erlotinib,,,,0.022190455347299576,train,DirectPred
SET-2,Erlotinib,,,,0.046991825103759766,train,DirectPred
SU-DHL-8,Erlotinib,,,0.006080465391278267,0.05100998282432556,train,DirectPred
MeWo,Erlotinib,,,0.0,0.06300125271081924,train,DirectPred
SNU-1272,Erlotinib,,,,0.06263954937458038,train,DirectPred
NCI-H520,Erlotinib,,,0.0,0.04457840695977211,train,DirectPred
HGC-27,Erlotinib,,,0.019985539838671684,0.06296791136264801,train,DirectPred
NCO2,Erlotinib,,,0.10569243878126144,0.01940685510635376,train,DirectPred
KYSE-150,Erlotinib,,,0.08199793100357056,0.04091982543468475,train,DirectPred
TCCSUP,Erlotinib,,,0.0053850989788770676,0.046864110976457596,train,DirectPred
NCI-H3255,Erlotinib,,,0.5614478588104248,0.03518267720937729,train,DirectPred
HCC1897,Erlotinib,,,,0.03441871702671051,train,DirectPred
CAL-62,Erlotinib,,,,0.02906932681798935,train,DirectPred
CGTH-W-1,Erlotinib,,,,0.07877251505851746,train,DirectPred
MFE-296,Erlotinib,,,0.10578947514295578,0.03807641565799713,train,DirectPred
HT-1197,Erlotinib,,,0.05817360058426857,0.05454792454838753,train,DirectPred
OS-RC-2,Erlotinib,,,,0.041657596826553345,train,DirectPred
NCI-H358,Erlotinib,,,0.1887504607439041,0.07181580364704132,train,DirectPred
SF172,Erlotinib,,,,0.03201631084084511,train,DirectPred
SNU-283,Erlotinib,,,,0.0444561205804348,train,DirectPred
GCT,Erlotinib,,,0.029750056564807892,0.0926804170012474,train,DirectPred
NCI-H1184,Erlotinib,,,0.0,0.06984391808509827,train,DirectPred
NCI-H889,Erlotinib,,,,0.049816906452178955,train,DirectPred
TOV-21G,Erlotinib,,,0.06806977093219757,0.043807584792375565,train,DirectPred
COV504,Erlotinib,,,0.0711984634399414,0.050421033054590225,train,DirectPred
Calu-1,Erlotinib,,,0.008805246092379093,0.06313806027173996,train,DirectPred
KHM-1B,Erlotinib,,,0.04921862483024597,0.04609878361225128,train,DirectPred
AsPC-1,Erlotinib,,,0.05606233328580856,0.07662883400917053,train,DirectPred
DLD-1,Erlotinib,,,,0.025651399046182632,train,DirectPred
CFPAC-1,Erlotinib,,,,0.05978449434041977,train,DirectPred
MFE-280,Erlotinib,,,0.12208159267902374,0.09826738387346268,train,DirectPred
JVM-3,Erlotinib,,,0.11290206015110016,0.030738219618797302,train,DirectPred
D341 Med,Erlotinib,,,,0.03392470255494118,train,DirectPred
OVCAR-3,Erlotinib,,,0.1443013697862625,0.07564587146043777,train,DirectPred
DMS 53,Erlotinib,,,,0.049303241074085236,train,DirectPred
SU-DHL-5,Erlotinib,,,,0.056414127349853516,train,DirectPred
HMEL,Erlotinib,,,,0.04518536478281021,train,DirectPred
NCI-H82,Erlotinib,,,,0.05878080800175667,train,DirectPred
TUHR14TKB,Erlotinib,,,,0.02840617299079895,train,DirectPred
NUGC-2,Erlotinib,,,,0.09657022356987,train,DirectPred
EC-GI-10,Erlotinib,,,,0.07222422957420349,train,DirectPred
SK-N-BE(2),Erlotinib,,,0.008403939194977283,0.03662129491567612,train,DirectPred
GR-M,Erlotinib,,,,0.026940785348415375,train,DirectPred
Mono-Mac-6,Erlotinib,,,,0.0375182218849659,train,DirectPred
NCI-H2087,Erlotinib,,,0.07736940681934357,0.08938021212816238,train,DirectPred
CHL-1,Erlotinib,,,0.13103163242340088,0.05626814812421799,train,DirectPred
A-375,Erlotinib,,,0.034597910940647125,0.06543903797864914,train,DirectPred
HCC44,Erlotinib,,,0.0068970308639109135,0.05603066086769104,train,DirectPred
SCLC-21H,Erlotinib,,,,0.06075375899672508,train,DirectPred
SNU-182,Erlotinib,,,0.12646253407001495,0.031780652701854706,train,DirectPred
SKM-1,Erlotinib,,,,0.05752351135015488,train,DirectPred
OAW42,Erlotinib,,,,0.05994649976491928,train,DirectPred
SNU-175,Erlotinib,,,,0.08364000916481018,train,DirectPred
JL-1,Erlotinib,,,,0.029555369168519974,train,DirectPred
SW620,Erlotinib,,,0.003228754736483097,0.06441383063793182,train,DirectPred
BxPC-3,Erlotinib,,,0.11221767216920853,0.06019135192036629,train,DirectPred
JHOM-2B,Erlotinib,,,,0.05595972761511803,train,DirectPred
KPL-1,Erlotinib,,,,0.09977631270885468,train,DirectPred
Hs 578T,Erlotinib,,,0.013234484009444714,0.03800399601459503,train,DirectPred
MEG-01,Erlotinib,,,0.011870242655277252,0.054249294102191925,train,DirectPred
SNU-81,Erlotinib,,,,0.09029613435268402,train,DirectPred
HPAF-II,Erlotinib,,,0.06233073025941849,0.06877162307500839,train,DirectPred
NB4,Erlotinib,,,,0.06340700387954712,train,DirectPred
SNB-19,Erlotinib,,,,0.041917260736227036,train,DirectPred
EFM-19,Erlotinib,,,0.004981904290616512,0.06982826441526413,train,DirectPred
Ki-JK,Erlotinib,,,,0.0326019711792469,train,DirectPred
SNU-449,Erlotinib,,,0.058517977595329285,0.06949106603860855,train,DirectPred
NCI-H2342,Erlotinib,,,,0.03075963445007801,train,DirectPred
MKN74,Erlotinib,,,0.03447232395410538,0.05830156058073044,train,DirectPred
PE/CA-PJ15,Erlotinib,,,,0.032207585871219635,train,DirectPred
COR-L311,Erlotinib,,,,0.03341209143400192,train,DirectPred
TOV-112D,Erlotinib,,,0.08457241207361221,0.06684733182191849,train,DirectPred
HCC1937,Erlotinib,,,,0.06459861993789673,train,DirectPred
NCI-H1836,Erlotinib,,,,0.059397414326667786,train,DirectPred
Jurkat E6.1,Erlotinib,,,0.08020259439945221,0.04787420481443405,train,DirectPred
8305C,Erlotinib,,,0.029852136969566345,0.034963686019182205,train,DirectPred
MCAS,Erlotinib,,,0.028530478477478027,0.05845604091882706,train,DirectPred
COR-L88,Erlotinib,,,,0.03649847209453583,train,DirectPred
KP-3,Erlotinib,,,0.035343848168849945,0.07886064052581787,train,DirectPred
COR-L279,Erlotinib,,,,0.03288499638438225,train,DirectPred
M059K,Erlotinib,,,,0.06946250796318054,train,DirectPred
HT-1080,Erlotinib,,,0.015392986126244068,-0.0025244206190109253,train,DirectPred
HuP-T4,Erlotinib,,,0.1675354391336441,0.06013450399041176,train,DirectPred
JIMT-1,Erlotinib,,,,0.06061568483710289,train,DirectPred
NCI-H1648,Erlotinib,,,0.0904114693403244,0.07749751955270767,train,DirectPred
NCI-H1703,Erlotinib,,,0.056992560625076294,0.052281010895967484,train,DirectPred
SK-MEL-31,Erlotinib,,,0.022938359528779984,0.05411495268344879,train,DirectPred
TT,Erlotinib,,,,0.034406792372465134,train,DirectPred
786-O,Erlotinib,,,0.017399881035089493,0.03117953985929489,train,DirectPred
SW480,Erlotinib,,,0.020401477813720703,0.05587263032793999,train,DirectPred
Lu-65,Erlotinib,,,,0.05794055387377739,train,DirectPred
OVK18,Erlotinib,,,,0.06424739956855774,train,DirectPred
SK-LU-1,Erlotinib,,,0.04014251381158829,0.06464368849992752,train,DirectPred
TEN,Erlotinib,,,0.0,0.06191982328891754,train,DirectPred
SK-LMS-1,Erlotinib,,,0.09860297292470932,0.06604784727096558,train,DirectPred
Rh30,Erlotinib,,,0.007888833060860634,0.06908753514289856,train,DirectPred
GP2d,Erlotinib,,,,0.061107177287340164,train,DirectPred
HuG1-N,Erlotinib,,,,0.05485798791050911,train,DirectPred
NCI-H1435,Erlotinib,,,,0.042042747139930725,train,DirectPred
G-401,Erlotinib,,,0.023841170594096184,0.031260889023542404,train,DirectPred
NCI-H1385,Erlotinib,,,,0.049865614622831345,train,DirectPred
NCI-H1915,Erlotinib,,,0.04668029397726059,0.03564160689711571,train,DirectPred
J82,Erlotinib,,,0.04316093027591705,0.08206668496131897,train,DirectPred
KE-37,Erlotinib,,,,0.030936244875192642,train,DirectPred
A2780,Erlotinib,,,0.01826312765479088,0.026606068015098572,train,DirectPred
KYSE-520,Erlotinib,,,0.18550874292850494,0.09553960710763931,train,DirectPred
Hs 819.T,Erlotinib,,,,0.0537586584687233,train,DirectPred
HuH-1,Erlotinib,,,0.04100503399968147,0.05381272733211517,train,DirectPred
SNU-410,Erlotinib,,,,0.06466399878263474,train,DirectPred
CHP-126,Erlotinib,,,,0.05683090537786484,train,DirectPred
PaTu 8988t,Erlotinib,,,,0.05910250172019005,train,DirectPred
ST486,Erlotinib,,,,0.05099043250083923,train,DirectPred
PK-59,Erlotinib,,,0.03967913240194321,0.05886385589838028,train,DirectPred
MOLT-16,Erlotinib,,,0.04553644731640816,0.023902662098407745,train,DirectPred
SCC-4,Erlotinib,,,,0.07044616341590881,train,DirectPred
KG-1-C,Erlotinib,,,,0.006549025885760784,train,DirectPred
Panc 04.03,Erlotinib,,,0.11146882176399231,0.07011277228593826,train,DirectPred
SW1463,Erlotinib,,,,0.06312323361635208,train,DirectPred
Hs 606.T,Erlotinib,,,,0.036371760070323944,train,DirectPred
Hs 294T,Erlotinib,,,0.03162425011396408,0.04315826669335365,train,DirectPred
CADO-ES1,Erlotinib,,,,0.03107999637722969,train,DirectPred
HK-2 [Human kidney],Erlotinib,,,,0.03397307172417641,train,DirectPred
CAL-33,Erlotinib,,,,0.031209997832775116,train,DirectPred
NH-6,Erlotinib,,,,0.031072594225406647,train,DirectPred
Panc 08.13,Erlotinib,,,,0.0721566379070282,train,DirectPred
DMS 79,Erlotinib,,,,0.05098271742463112,train,DirectPred
IMR-32,Erlotinib,,,0.0,0.03340783715248108,train,DirectPred
BC-3C,Erlotinib,,,,0.025581005960702896,train,DirectPred
HN,Erlotinib,,,,0.0361013226211071,train,DirectPred
DBTRG-05MG,Erlotinib,,,0.029529370367527008,0.055697087198495865,train,DirectPred
Malme-3M,Erlotinib,,,0.0325942300260067,0.046224646270275116,train,DirectPred
JHOS-4,Erlotinib,,,0.12377795577049255,0.04680591821670532,train,DirectPred
SK-N-DZ,Erlotinib,,,0.0023759305477142334,0.050450317561626434,train,DirectPred
NCI-H2171,Erlotinib,,,,0.044364213943481445,train,DirectPred
SNG-M,Erlotinib,,,0.07452930510044098,0.052454449236392975,train,DirectPred
TE 441.T,Erlotinib,,,,0.028645046055316925,train,DirectPred
SNU-C5,Erlotinib,,,,0.05422396957874298,train,DirectPred
COLO 680N,Erlotinib,,,,0.03475300967693329,train,DirectPred
COLO 829,Erlotinib,,,,0.05779507756233215,train,DirectPred
NALM-1,Erlotinib,,,,0.03289584442973137,train,DirectPred
NCI-H1436,Erlotinib,,,,0.16721104085445404,train,DirectPred
HCC1419,Erlotinib,,,,0.07119381427764893,train,DirectPred
NCI-H2444,Erlotinib,,,0.05686502158641815,0.07639661431312561,train,DirectPred
HCC1143,Erlotinib,,,,0.07983720302581787,train,DirectPred
Panc 10.05,Erlotinib,,,0.05654756352305412,0.02194179594516754,train,DirectPred
NCI-H460,Erlotinib,,,0.015685027465224266,0.060922469943761826,train,DirectPred
Daudi,Erlotinib,,,,0.03490756079554558,train,DirectPred
F-36P,Erlotinib,,,0.016780167818069458,0.07776166498661041,train,DirectPred
SNU-685,Erlotinib,,,,0.03936097398400307,train,DirectPred
AN3-CA,Erlotinib,,,0.03363645449280739,0.06460900604724884,train,DirectPred
COR-L95,Erlotinib,,,,0.0344015471637249,train,DirectPred
YMB-1,Erlotinib,,,,0.06766615808010101,train,DirectPred
NCI-H1793,Erlotinib,,,0.14222055673599243,0.059737373143434525,train,DirectPred
NCI-H2081,Erlotinib,,,,0.06809171289205551,train,DirectPred
NCI-H716,Erlotinib,,,,0.05180035158991814,train,DirectPred
SF126,Erlotinib,,,0.0028855474665760994,0.07252833247184753,train,DirectPred
HH [Human lymphoma],Erlotinib,,,0.0,0.03229499235749245,train,DirectPred
SNU-1214,Erlotinib,,,,0.07302001118659973,train,DirectPred
MJ,Erlotinib,,,0.0,0.02997463196516037,train,DirectPred
MPP 89,Erlotinib,,,0.01904938742518425,0.04683266207575798,train,DirectPred
SNU-119,Erlotinib,,,,0.0914333388209343,train,DirectPred
RMUG-S,Erlotinib,,,,0.057648323476314545,train,DirectPred
NMC-G1,Erlotinib,,,,0.0325586199760437,train,DirectPred
DU145,Erlotinib,,,0.13559819757938385,0.10974432528018951,train,DirectPred
CL-11,Erlotinib,,,,0.080066978931427,train,DirectPred
RPMI-8402,Erlotinib,,,0.018608050420880318,0.04158635810017586,train,DirectPred
NCI-N87,Erlotinib,,,0.09161164611577988,0.044718269258737564,train,DirectPred
AZ-521,Erlotinib,,,0.14559698104858398,0.030554287135601044,train,DirectPred
EB2,Erlotinib,,,0.05123785883188248,0.05505702272057533,train,DirectPred
WM266-4,Erlotinib,,,0.013118494302034378,0.0585029236972332,train,DirectPred
COLO 849,Erlotinib,,,,0.053708624094724655,train,DirectPred
HT-1376,Erlotinib,,,0.1141933798789978,0.04001395404338837,train,DirectPred
MOLP-8,Erlotinib,,,0.008758941665291786,0.039233990013599396,train,DirectPred
OC 314,Erlotinib,,,0.04141521826386452,0.047281693667173386,train,DirectPred
Hs 766T,Erlotinib,,,0.09911269694566727,0.03930686414241791,train,DirectPred
NCI-H1341,Erlotinib,,,0.10301274061203003,0.05053624510765076,train,DirectPred
NCI-H2085,Erlotinib,,,0.05294705927371979,0.036365970969200134,train,DirectPred
RKO,Erlotinib,,,0.004631584510207176,0.041586071252822876,train,DirectPred
SK-N-FI,Erlotinib,,,0.0,0.017764613032341003,train,DirectPred
SNU-398,Erlotinib,,,0.0,0.046584274619817734,train,DirectPred
NCI-H2023,Erlotinib,,,0.019692206755280495,0.0452672615647316,train,DirectPred
OVTOKO,Erlotinib,,,0.10582002997398376,0.05751257389783859,train,DirectPred
SNU-886,Erlotinib,,,,0.09173145890235901,train,DirectPred
HEY A8,Erlotinib,,,0.015455840155482292,0.08860300481319427,train,DirectPred
TE-11,Erlotinib,,,0.25699689984321594,0.18345746397972107,train,DirectPred
NCI-H2141,Erlotinib,,,,0.03230429068207741,train,DirectPred
CL-40,Erlotinib,,,,0.0364842526614666,train,DirectPred
SNU-308,Erlotinib,,,,0.05525866895914078,train,DirectPred
MOLM-13,Erlotinib,,,,0.03365364298224449,train,DirectPred
SW403,Erlotinib,,,0.12285277247428894,0.05479932576417923,train,DirectPred
IGR-39,Erlotinib,,,0.007250509224832058,0.030623825266957283,train,DirectPred
KM-H2,Erlotinib,,,,0.03080154024064541,train,DirectPred
SK-MEL-2,Erlotinib,,,0.0,0.06290319561958313,train,DirectPred
HCC1599,Erlotinib,,,,0.059613198041915894,train,DirectPred
JHUEM-3,Erlotinib,,,,0.03554479777812958,train,DirectPred
NCC-StC-K140,Erlotinib,,,,0.04897351190447807,train,DirectPred
SK-N-MC,Erlotinib,,,,0.025565631687641144,train,DirectPred
NUGC-3,Erlotinib,,,0.23616647720336914,0.08185676485300064,train,DirectPred
ACHN,Erlotinib,,,0.1818314790725708,0.05749155953526497,train,DirectPred
SUP-M2,Erlotinib,,,0.0,0.06025516986846924,train,DirectPred
KYSE-410,Erlotinib,,,0.0661153569817543,0.04187333211302757,train,DirectPred
NCI-H1838,Erlotinib,,,,0.04480766877532005,train,DirectPred
RVH-421,Erlotinib,,,0.0070321024395525455,0.039950717240571976,train,DirectPred
TO 175.T,Erlotinib,,,,0.03315826505422592,train,DirectPred
Hs 611.T,Erlotinib,,,,0.03336905315518379,train,DirectPred
KYSE-180,Erlotinib,,,0.20234858989715576,0.07421857118606567,train,DirectPred
KP-4,Erlotinib,,,0.02275892160832882,0.05078514665365219,train,DirectPred
YD-10B,Erlotinib,,,,0.06250014901161194,train,DirectPred
T84,Erlotinib,,,0.06376633793115616,0.06273055076599121,train,DirectPred
EoL-1,Erlotinib,,,,0.053097520023584366,train,DirectPred
OCUM-1,Erlotinib,,,0.0,0.04343409836292267,train,DirectPred
AGS,Erlotinib,,,,0.03043016418814659,train,DirectPred
SNU-423,Erlotinib,,,0.03534448519349098,0.05400761216878891,train,DirectPred
NCI-H2106,Erlotinib,,,,0.08712532371282578,train,DirectPred
EB1,Erlotinib,,,0.005754662677645683,0.04165837541222572,train,DirectPred
SIG-M5,Erlotinib,,,0.12618041038513184,0.036911144852638245,train,DirectPred
KP-N-SI9s,Erlotinib,,,0.07291987538337708,0.060781367123126984,train,DirectPred
JHOM-1,Erlotinib,,,,0.05831997096538544,train,DirectPred
KMS-28BM,Erlotinib,,,,0.03446028754115105,train,DirectPred
Hs 729.T,Erlotinib,,,0.012469694949686527,0.07349417358636856,train,DirectPred
HT-144,Erlotinib,,,0.05721958726644516,0.028430286794900894,train,DirectPred
BEN,Erlotinib,,,,0.06821732223033905,train,DirectPred
Huh-7,Erlotinib,,,,0.03311556577682495,train,DirectPred
KNS-81-FD,Erlotinib,,,0.006513525266200304,0.03499393165111542,train,DirectPred
COV318,Erlotinib,,,0.0,0.06491587311029434,train,DirectPred
Calu-6,Erlotinib,,,0.02324351668357849,0.04188262298703194,train,DirectPred
NCI-H1339,Erlotinib,,,0.0038380459882318974,0.05551030859351158,train,DirectPred
SBC-5,Erlotinib,,,0.003955003339797258,0.038253940641880035,train,DirectPred
NALM-19,Erlotinib,,,,0.08477447926998138,train,DirectPred
NCI-H841,Erlotinib,,,,0.04458111897110939,train,DirectPred
BICR 6,Erlotinib,,,,0.042642612010240555,train,DirectPred
SW1088,Erlotinib,,,0.05018170550465584,0.06324950605630875,train,DirectPred
MDST8,Erlotinib,,,,0.06311356276273727,train,DirectPred
KOPN-8,Erlotinib,,,,0.044802114367485046,train,DirectPred
SNU-16,Erlotinib,,,0.047067105770111084,0.05873958021402359,train,DirectPred
A4/Fukuda,Erlotinib,,,,0.038847677409648895,train,DirectPred
U-87MG ATCC,Erlotinib,,,0.0,0.04726991429924965,train,DirectPred
PE/CA-PJ34 (clone C12),Erlotinib,,,,0.032041583210229874,train,DirectPred
OE33,Erlotinib,,,0.09942173957824707,0.06573931872844696,train,DirectPred
HCC1954,Erlotinib,,,0.10922294855117798,0.06884682178497314,train,DirectPred
RERF-LC-KJ,Erlotinib,,,,0.05909194052219391,train,DirectPred
SNU-601,Erlotinib,,,,0.07376958429813385,train,DirectPred
IPC-298,Erlotinib,,,0.05289856344461441,0.06418375670909882,train,DirectPred
FTC-238,Erlotinib,,,,0.0421680212020874,train,DirectPred
BICR 31,Erlotinib,,,,0.08281604200601578,train,DirectPred
HEK TE,Erlotinib,,,,0.04619741439819336,train,DirectPred
A-673,Erlotinib,,,0.013293544761836529,0.03150293603539467,train,DirectPred
Hep-G2/C3A,Erlotinib,,,0.0412973091006279,0.06525976955890656,test,DirectPred
MKN7,Erlotinib,,,0.12891434133052826,0.07043426483869553,test,DirectPred
A-253,Erlotinib,,,0.056731969118118286,0.07163536548614502,test,DirectPred
GCIY,Erlotinib,,,0.104588583111763,0.09384196251630783,test,DirectPred
COLO 684,Erlotinib,,,0.027062062174081802,0.05584675073623657,test,DirectPred
YAPC,Erlotinib,,,0.03283406421542168,0.062213100492954254,test,DirectPred
KM12,Erlotinib,,,0.11399415880441666,0.0656554251909256,test,DirectPred
BB30-HNC,Erlotinib,,,,0.0645090639591217,test,DirectPred
HuO-3N1,Erlotinib,,,0.05787477269768715,0.050734180957078934,test,DirectPred
LS123,Erlotinib,,,0.06422748416662216,0.06351504474878311,test,DirectPred
A-498,Erlotinib,,,0.03605199605226517,0.029194647446274757,test,DirectPred
H4,Erlotinib,,,0.06207311898469925,0.05201824754476547,test,DirectPred
ARH-77,Erlotinib,,,0.0,0.03813666105270386,test,DirectPred
EW-11,Erlotinib,,,0.01660323515534401,0.0548575334250927,test,DirectPred
B-CPAP,Erlotinib,,,0.12290270626544952,0.07352528721094131,test,DirectPred
NCI-H378,Erlotinib,,,,0.04659160599112511,test,DirectPred
SK-MEL-24,Erlotinib,,,0.012962289154529572,0.030840817838907242,test,DirectPred
KMOE-2,Erlotinib,,,0.020199738442897797,0.05810769274830818,test,DirectPred
HuO9,Erlotinib,,,0.01670854538679123,0.06734305620193481,test,DirectPred
SBC-1,Erlotinib,,,,0.04589817672967911,test,DirectPred
HAL-01,Erlotinib,,,0.011537827551364899,0.03654912859201431,test,DirectPred
SJNB-14,Erlotinib,,,0.06771685183048248,0.04722603037953377,test,DirectPred
SNU-5,Erlotinib,,,0.018421107903122902,0.058769211173057556,test,DirectPred
MDA-MB-453,Erlotinib,,,0.06835882365703583,0.10137134790420532,test,DirectPred
Lu-99A,Erlotinib,,,0.08173374831676483,0.11939238011837006,test,DirectPred
NCI-H2029,Erlotinib,,,,0.033558595925569534,test,DirectPred
NCI-H2126,Erlotinib,,,,0.05431535094976425,test,DirectPred
HEL,Erlotinib,,,,0.023339271545410156,test,DirectPred
HCC1569,Erlotinib,,,,0.060596905648708344,test,DirectPred
ES7,Erlotinib,,,0.04592268913984299,0.05574411898851395,test,DirectPred
Ramos.2G6.4C10,Erlotinib,,,0.037024494260549545,0.033030737191438675,test,DirectPred
SK-MES-1,Erlotinib,,,0.14084932208061218,0.06109873577952385,test,DirectPred
MHH-CALL-2,Erlotinib,,,0.07514236867427826,0.031562864780426025,test,DirectPred
NCI-H524,Erlotinib,,,0.0,0.07841741293668747,test,DirectPred
NCI-H1693,Erlotinib,,,0.19793498516082764,0.07168914377689362,test,DirectPred
NCI-H2405,Erlotinib,,,0.1328354775905609,0.03838555887341499,test,DirectPred
SW1417,Erlotinib,,,0.06162284314632416,0.05973093584179878,test,DirectPred
LN-405,Erlotinib,,,0.03727833181619644,0.10154187679290771,test,DirectPred
Capan-1,Erlotinib,,,0.11261990666389465,0.06673257052898407,test,DirectPred
HCT 15,Erlotinib,,,0.061263903975486755,0.033489715307950974,test,DirectPred
MKN28,Erlotinib,,,0.05923917144536972,0.03130635619163513,test,DirectPred
EW-24,Erlotinib,,,0.003977042622864246,0.0661095455288887,test,DirectPred
D-542MG,Erlotinib,,,,0.055128440260887146,test,DirectPred
UACC-257,Erlotinib,,,0.0959194228053093,0.0464458130300045,test,DirectPred
NCI-H2347,Erlotinib,,,0.017300009727478027,0.057260580360889435,test,DirectPred
AM-38,Erlotinib,,,0.00968497060239315,0.060629718005657196,test,DirectPred
SW48,Erlotinib,,,0.26832813024520874,0.04636349156498909,test,DirectPred
SF295,Erlotinib,,,,0.03714315965771675,test,DirectPred
NCI-H1299,Erlotinib,,,0.0033601324539631605,0.040485236793756485,test,DirectPred
NCI-H1666,Erlotinib,,,0.23988838493824005,0.06645233184099197,test,DirectPred
OAW28,Erlotinib,,,0.053503479808568954,0.06194983422756195,test,DirectPred
SU-DHL-1,Erlotinib,,,,0.07246957719326019,test,DirectPred
SJNB-6,Erlotinib,,,,0.026677533984184265,test,DirectPred
SN12C,Erlotinib,,,0.09116033464670181,0.07137048244476318,test,DirectPred
SNU-C1,Erlotinib,,,0.019169718027114868,0.06861841678619385,test,DirectPred
BB65-RCC,Erlotinib,,,,0.036990292370319366,test,DirectPred
SCH,Erlotinib,,,,0.0683215856552124,test,DirectPred
CAL-120,Erlotinib,,,0.08271375298500061,0.04256235808134079,test,DirectPred
NCI-H1355,Erlotinib,,,0.06546512246131897,0.09911762177944183,test,DirectPred
DEL,Erlotinib,,,0.170371413230896,0.0644599050283432,test,DirectPred
ME-180,Erlotinib,,,0.16112592816352844,0.08791156113147736,test,DirectPred
Panc 03.27,Erlotinib,,,0.10814817994832993,0.05800928920507431,test,DirectPred
NKM-1,Erlotinib,,,0.050603028386831284,0.0349130742251873,test,DirectPred
U-118MG,Erlotinib,,,0.11946503072977066,0.0754670649766922,test,DirectPred
COLO 741,Erlotinib,,,,0.06086719036102295,test,DirectPred
SCC-25,Erlotinib,,,,0.09652850031852722,test,DirectPred
YH-13,Erlotinib,,,0.10833051800727844,0.057619087398052216,test,DirectPred
MKN45,Erlotinib,,,0.0,0.05629218369722366,test,DirectPred
NCI-H187,Erlotinib,,,,0.05425475910305977,test,DirectPred
MHH-ES-1,Erlotinib,,,0.04788264259696007,0.033197544515132904,test,DirectPred
A-172,Erlotinib,,,0.039547596126794815,0.03791594132781029,test,DirectPred
HL-60,Erlotinib,,,0.007114278618246317,0.025953121483325958,test,DirectPred
LB2241-RCC,Erlotinib,,,,0.05784114822745323,test,DirectPred
MFH-ino,Erlotinib,,,0.07135582715272903,0.06329666823148727,test,DirectPred
TE-6,Erlotinib,,,0.24535955488681793,0.1027393639087677,test,DirectPred
NCI-H64,Erlotinib,,,0.050909120589494705,0.06923170387744904,test,DirectPred
NCI-H838,Erlotinib,,,,0.11620029807090759,test,DirectPred
NCI-H69,Erlotinib,,,0.037759799510240555,0.014062531292438507,test,DirectPred
SW1116,Erlotinib,,,0.10432963073253632,0.058159418404102325,test,DirectPred
COR-L23,Erlotinib,,,0.12703728675842285,0.056229252368211746,test,DirectPred
EW-13,Erlotinib,,,0.06481175124645233,0.03716548532247543,test,DirectPred
SK-HEP-1,Erlotinib,,,0.1322633922100067,0.04540227726101875,test,DirectPred
ABC-1,Erlotinib,,,,0.0639643445611,test,DirectPred
A101D,Erlotinib,,,0.104497991502285,0.04020875692367554,test,DirectPred
NCI-H650,Erlotinib,,,0.0,0.07844946533441544,test,DirectPred
NALM-6,Erlotinib,,,0.04458443075418472,0.032029200345277786,test,DirectPred
CAS-1,Erlotinib,,,0.022647414356470108,0.05470462888479233,test,DirectPred
KALS-1,Erlotinib,,,0.06329750269651413,0.08969853818416595,test,DirectPred
NCI-H1694,Erlotinib,,,0.1398337483406067,0.05438859015703201,test,DirectPred
ChaGo-K-1,Erlotinib,,,,0.08448200672864914,test,DirectPred
EPLC-272H,Erlotinib,,,0.08631063997745514,0.054779838770627975,test,DirectPred
RD,Erlotinib,,,0.01366574876010418,0.05065895617008209,test,DirectPred
COLO 800,Erlotinib,,,,0.05262267217040062,test,DirectPred
SW948,Erlotinib,,,0.02463996224105358,0.05057833343744278,test,DirectPred
Loucy,Erlotinib,,,0.1267227679491043,0.03253268077969551,test,DirectPred
NCI-H1437,Erlotinib,,,,0.0635051354765892,test,DirectPred
MIA PaCa-2,Erlotinib,,,0.020126881077885628,0.053885411471128464,test,DirectPred
NCI-H661,Erlotinib,,,0.018379157409071922,0.08737974613904953,test,DirectPred
NCI-H747,Erlotinib,,,0.21022790670394897,0.06384550780057907,test,DirectPred
A2058,Erlotinib,,,0.07913603633642197,0.05544295161962509,test,DirectPred
HO-1-N-1,Erlotinib,,,0.10734950751066208,0.07172830402851105,test,DirectPred
NCI-H510A,Erlotinib,,,,0.09930269420146942,test,DirectPred
Caki-1,Erlotinib,,,,0.04204116761684418,test,DirectPred
LA-N-6,Erlotinib,,,,0.03343822807073593,test,DirectPred
PSN1,Erlotinib,,,0.09509527683258057,0.08243861049413681,test,DirectPred
P30/OHK,Erlotinib,,,0.1530376672744751,0.021665163338184357,test,DirectPred
SW837,Erlotinib,,,0.06828158348798752,0.06935061514377594,test,DirectPred
Karpas-45,Erlotinib,,,0.07555875182151794,0.06306811422109604,test,DirectPred
U-698-M,Erlotinib,,,0.0,0.03998973220586777,test,DirectPred
NCI-H1581,Erlotinib,,,0.008676593191921711,0.0796014815568924,test,DirectPred
NCI-H1734,Erlotinib,,,,0.09214606136083603,test,DirectPred
KNS-42,Erlotinib,,,,0.057186394929885864,test,DirectPred
LCLC-97TM1,Erlotinib,,,0.0013339044526219368,0.05600763112306595,test,DirectPred
SW900,Erlotinib,,,0.034436099231243134,0.059534039348363876,test,DirectPred
KP-N-YS,Erlotinib,,,,0.0670883059501648,test,DirectPred
CCF-STTG1,Erlotinib,,,,0.04581405594944954,test,DirectPred
DG-75,Erlotinib,,,0.005751616321504116,0.0315622054040432,test,DirectPred
LB831-BLC,Erlotinib,,,0.00919275265187025,0.061045996844768524,test,DirectPred
THP-1,Erlotinib,,,,0.03365347534418106,test,DirectPred
HCC70,Erlotinib,,,0.08587515354156494,0.053307414054870605,test,DirectPred
KINGS-1,Erlotinib,,,0.02772403322160244,0.0260799340903759,test,DirectPred
Rh1,Erlotinib,,,0.16460278630256653,0.052641354501247406,test,DirectPred
NCI-H1963,Erlotinib,,,0.00967933889478445,0.03507350757718086,test,DirectPred
M059J,Erlotinib,,,0.10154681652784348,0.053706444799900055,test,DirectPred
CP67-MEL,Erlotinib,,,,0.03526894003152847,test,DirectPred
CAMA-1,Erlotinib,,,0.024632813408970833,0.0620606429874897,test,DirectPred
HCC2157,Erlotinib,,,0.014490225352346897,0.059844255447387695,test,DirectPred
BHT-101,Erlotinib,,,0.07657819241285324,0.06280983239412308,test,DirectPred
OPM-2,Erlotinib,,,0.07492975145578384,0.06522419303655624,test,DirectPred
ES8,Erlotinib,,,0.08162985742092133,0.06264104694128036,test,DirectPred
L-363,Erlotinib,,,0.05003935098648071,0.036547087132930756,test,DirectPred
ES4,Erlotinib,,,0.14813371002674103,0.0676063597202301,test,DirectPred
COLO 205,Erlotinib,,,0.03441523015499115,0.06626466661691666,test,DirectPred
P31/FUJ,Erlotinib,,,0.0874294564127922,0.024393729865550995,test,DirectPred
MKN1,Erlotinib,,,0.12270672619342804,0.03480563685297966,test,DirectPred
CHP-212,Erlotinib,,,0.04677761718630791,0.03604612499475479,test,DirectPred
NCI-H1304,Erlotinib,,,,0.05280199274420738,test,DirectPred
MOLT-13,Erlotinib,,,0.002216119086369872,0.03335905447602272,test,DirectPred
LCLC-103H,Erlotinib,,,0.0,0.0663629099726677,test,DirectPred
SiHa,Erlotinib,,,0.10029903799295425,0.04819368198513985,test,DirectPred
NCI-H727,Erlotinib,,,0.01850019581615925,0.0588957816362381,test,DirectPred
CAL-27,Erlotinib,,,0.164004847407341,0.07332645356655121,test,DirectPred
CAL-72,Erlotinib,,,0.025858262553811073,0.05465228110551834,test,DirectPred
ACN,Erlotinib,,,,0.05179964005947113,test,DirectPred
Mel Ho,Erlotinib,,,,0.04730450361967087,test,DirectPred
NCI-H2009,Erlotinib,,,0.0468892902135849,0.035623833537101746,test,DirectPred
BHY,Erlotinib,,,,0.06209811195731163,test,DirectPred
GT3TKB,Erlotinib,,,,0.05420280992984772,test,DirectPred
SJNB-10,Erlotinib,,,0.024565180763602257,0.0570686049759388,test,DirectPred
HT-55,Erlotinib,,,0.13779161870479584,0.0654224306344986,test,DirectPred
HSC-2,Erlotinib,,,0.1270434558391571,0.11674265563488007,test,DirectPred
NCI-H2291,Erlotinib,,,,0.05534452944993973,test,DirectPred
BT-549,Erlotinib,,,0.0024211981799453497,0.09832701832056046,test,DirectPred
TE-15,Erlotinib,,,,0.09530560672283173,test,DirectPred
647V,Erlotinib,,,0.11705467849969864,0.08437297493219376,test,DirectPred
SK-MEL-3,Erlotinib,,,,0.06286227703094482,test,DirectPred
Reh,Erlotinib,,,0.001760192564688623,0.03177287057042122,test,DirectPred
SNU-1,Erlotinib,,,0.14582321047782898,0.04087970778346062,test,DirectPred
MZ-MEL-2,Erlotinib,,,,0.029565200209617615,test,DirectPred
DK-MG,Erlotinib,,,0.08783505111932755,0.035843316465616226,test,DirectPred
BFTC-905,Erlotinib,,,0.003112225327640772,0.05799335241317749,test,DirectPred
NCI-H1048,Erlotinib,,,0.06826617568731308,0.03701912984251976,test,DirectPred
KNS-62,Erlotinib,,,0.048180412501096725,0.07241134345531464,test,DirectPred
Lu-135,Erlotinib,,,0.0,0.0734436884522438,test,DirectPred
NCI-H1573,Erlotinib,,,0.19257976114749908,0.06152689829468727,test,DirectPred
RCM-1 [Human rectum adenocarcinoma],Erlotinib,,,0.0764819085597992,0.0571722686290741,test,DirectPred
BT-474,Erlotinib,,,0.09029574692249298,0.05698246508836746,test,DirectPred
DJM-1,Erlotinib,,,,0.052473243325948715,test,DirectPred
IST-Mes1,Erlotinib,,,0.034140635281801224,0.05009234696626663,test,DirectPred
ATN-1,Erlotinib,,,0.010383378714323044,0.04933805763721466,test,DirectPred
A-549,Erlotinib,,,0.09358473867177963,0.08760832250118256,test,DirectPred
SK-N-AS,Erlotinib,,,0.034471545368433,0.04099038243293762,test,DirectPred
SF539,Erlotinib,,,0.10709715634584427,0.10242282599210739,test,DirectPred
Caov-3,Erlotinib,,,,0.07282169163227081,test,DirectPred
CTV-1,Erlotinib,,,0.028552794829010963,0.0644751712679863,test,DirectPred
SNU-475,Erlotinib,,,,0.0673108696937561,test,DirectPred
8505C,Erlotinib,,,0.09208527207374573,0.08258611708879471,test,DirectPred
HSC-3,Erlotinib,,,0.13450530171394348,0.10591582208871841,test,DirectPred
SK-UT-1,Erlotinib,,,0.004961461294442415,0.03616185858845711,test,DirectPred
NCI-H1792,Erlotinib,,,0.07001805305480957,0.06400206685066223,test,DirectPred
TC-YIK,Erlotinib,,,0.10401031374931335,0.05610356479883194,test,DirectPred
NCI-H1563,Erlotinib,,,0.142215296626091,0.08394274115562439,test,DirectPred
TE-12,Erlotinib,,,,0.06131365895271301,test,DirectPred
NCI-H1650,Erlotinib,,,0.2415136694908142,0.08784493058919907,test,DirectPred
HCC1187,Erlotinib,,,0.026996878907084465,0.04733019694685936,test,DirectPred
NCI-H2227,Erlotinib,,,,0.04999677091836929,test,DirectPred
Lu-139,Erlotinib,,,,0.06733139604330063,test,DirectPred
KYSE-450,Erlotinib,,,0.24971424043178558,0.04661770537495613,test,DirectPred
LB647-SCLC,Erlotinib,,,,0.05358317866921425,test,DirectPred
NCI-H1993,Erlotinib,,,0.023961970582604408,0.06616800278425217,test,DirectPred
SW954,Erlotinib,,,,0.03825332224369049,test,DirectPred
DSH1,Erlotinib,,,0.06761287897825241,0.05427776649594307,test,DirectPred
NCI-H345,Erlotinib,,,,0.0731797143816948,test,DirectPred
SK-MEL-28,Erlotinib,,,,0.049433086067438126,test,DirectPred
HDLM-2,Erlotinib,,,0.1491764336824417,-0.0005758181214332581,test,DirectPred
HD-MY-Z,Erlotinib,,,0.01965077966451645,0.049401819705963135,test,DirectPred
TK-10,Erlotinib,,,0.1410517692565918,0.023283295333385468,test,DirectPred
D-247MG,Erlotinib,,,,0.04506213963031769,test,DirectPred
SK-OV-3,Erlotinib,,,0.13908632099628448,0.04686205834150314,test,DirectPred
SUP-T1,Erlotinib,,,0.0627601221203804,0.03607815504074097,test,DirectPred
NCI-H1623,Erlotinib,,,0.15927983820438385,0.07271004468202591,test,DirectPred
TE-8,Erlotinib,,,0.1304607391357422,0.06438010931015015,test,DirectPred
HLE,Erlotinib,,,0.08428549021482468,0.08672433346509933,test,DirectPred
EW-16,Erlotinib,,,0.11820603162050247,0.032095011323690414,test,DirectPred
BT-20,Erlotinib,,,0.08170372992753983,0.045277148485183716,test,DirectPred
HuP-T3,Erlotinib,,,0.08198078721761703,0.044019971042871475,test,DirectPred
NCI-H209,Erlotinib,,,0.023677058517932892,0.037397269159555435,test,DirectPred
639V,Erlotinib,,,0.11340188980102539,0.08903205394744873,test,DirectPred
KU-19-19,Erlotinib,,,0.048150692135095596,0.05633624270558357,test,DirectPred
KYSE-510,Erlotinib,,,,0.06177937611937523,test,DirectPred
LB1047-RCC,Erlotinib,,,,0.0649561882019043,test,DirectPred
MZ-PC-1,Erlotinib,,,,0.09059756994247437,test,DirectPred
SW962,Erlotinib,,,,0.07295016199350357,test,DirectPred
A-388,Erlotinib,,,,0.042737703770399094,test,DirectPred
VA-ES-BJ,Erlotinib,,,0.033694617450237274,0.030374106019735336,test,DirectPred
EFO-21,Erlotinib,,,0.09693414717912674,0.06555908173322678,test,DirectPred
KLE,Erlotinib,,,0.07138554751873016,0.07316582649946213,test,DirectPred
ALL-PO,Erlotinib,,,0.029406465590000153,0.06618516892194748,test,DirectPred
RL,Erlotinib,,,,0.03648585081100464,test,DirectPred
NCI-H441,Erlotinib,,,0.148940309882164,0.03060072660446167,test,DirectPred
IA-LM,Erlotinib,,,0.0,0.0676247775554657,test,DirectPred
TE-9,Erlotinib,,,0.1237233430147171,0.08085960894823074,test,DirectPred
WSU-NHL,Erlotinib,,,0.0,0.036335259675979614,test,DirectPred
HMV-II,Erlotinib,,,0.006245903670787811,0.061013080179691315,test,DirectPred
U266B1,Erlotinib,,,0.0,0.038330625742673874,test,DirectPred
TE-5,Erlotinib,,,0.057409729808568954,0.07308154553174973,test,DirectPred
Karpas-422,Erlotinib,,,0.015187690034508705,0.08268748968839645,test,DirectPred
HT,Erlotinib,,,,0.048880282789468765,test,DirectPred
PC-3,Erlotinib,,,0.03143486753106117,0.058023467659950256,test,DirectPred
COLO 679,Erlotinib,,,0.02929946780204773,0.0578458271920681,test,DirectPred
LNCaP clone FGC,Erlotinib,,,0.020882129669189453,0.05300156772136688,test,DirectPred
RXF 393L,Erlotinib,,,,0.06219227984547615,test,DirectPred
KO52,Erlotinib,,,,0.05447450280189514,test,DirectPred
BL-41,Erlotinib,,,0.011838492006063461,0.03564129024744034,test,DirectPred
NCI-H596,Erlotinib,,,0.0035515206400305033,0.07205559313297272,test,DirectPred
EW-12,Erlotinib,,,,0.051095277070999146,test,DirectPred
SHP-77,Erlotinib,,,0.0519881509244442,0.06309487670660019,test,DirectPred
YKG-1,Erlotinib,,,,0.042681120336055756,test,DirectPred
DoHH2,Erlotinib,,,,0.05505668744444847,test,DirectPred
FaDu,Erlotinib,,,0.0919298529624939,0.07163136452436447,test,DirectPred
Capan-2,Erlotinib,,,0.08827880024909973,0.05566644296050072,test,DirectPred
MRK-nu-1,Erlotinib,,,0.014379004947841167,0.06264977902173996,test,DirectPred
Becker,Erlotinib,,,0.055969566106796265,0.05181962624192238,test,DirectPred
CCRF-CEM,Erlotinib,,,0.02231111004948616,0.07469230145215988,test,DirectPred
HCC1806,Erlotinib,,,0.17313559353351593,0.04068402945995331,test,DirectPred
CAL-148,Erlotinib,,,0.07957347482442856,0.05461537092924118,test,DirectPred
SW1783,Erlotinib,,,0.030495529994368553,0.04862423613667488,test,DirectPred
ES3,Erlotinib,,,,0.04031650349497795,test,DirectPred
RT-4,Erlotinib,,,0.10942468792200089,0.05814457684755325,test,DirectPred
NCI-H630,Erlotinib,,,,0.05943949893116951,test,DirectPred
MOLT-4,Erlotinib,,,0.0657527893781662,0.03640678524971008,test,DirectPred
KOSC-2,Erlotinib,,,,0.07086700946092606,test,DirectPred
Detroit 562,Erlotinib,,,0.11305572837591171,0.06558123975992203,test,DirectPred
PF-382,Erlotinib,,,0.0,0.039085887372493744,test,DirectPred
A3/Kawakami,Erlotinib,,,0.08846236020326614,0.04549124836921692,test,DirectPred
SW684,Erlotinib,,,0.05497532710433006,0.0708388239145279,test,DirectPred
L-428,Erlotinib,,,0.14828163385391235,0.012801706790924072,test,DirectPred
HCC38,Erlotinib,,,0.03727341815829277,0.07241536676883698,test,DirectPred
SK-MEL-1,Erlotinib,,,0.0,0.05902830511331558,test,DirectPred
TGBC11TKB,Erlotinib,,,0.06950289756059647,0.032469552010297775,test,DirectPred
NCI-H526,Erlotinib,,,0.022402280941605568,0.05644023418426514,test,DirectPred
PA-1,Erlotinib,,,0.12664523720741272,0.03494121506810188,test,DirectPred
HCC1395,Erlotinib,,,0.08629857748746872,0.019626213237643242,test,DirectPred
CAL-85-1,Erlotinib,,,0.010184268467128277,0.05327876657247543,test,DirectPred
DMS 273,Erlotinib,,,0.10211563110351562,0.05290525034070015,test,DirectPred
CAL-51,Erlotinib,,,0.11326133459806442,0.030104558914899826,test,DirectPred
Daoy,Erlotinib,,,0.06870429962873459,0.05700737237930298,test,DirectPred
EW-1,Erlotinib,,,0.07209478318691254,0.057420242577791214,test,DirectPred
HuCC-T1,Erlotinib,,,0.15750440955162048,0.06317780911922455,test,DirectPred
BL-70,Erlotinib,,,,0.04429296404123306,test,DirectPred
ES5,Erlotinib,,,,0.056058887392282486,test,DirectPred
MSTO-211H,Erlotinib,,,0.15538586676120758,0.05239924043416977,test,DirectPred
MS-1 [Human lung carcinoma],Erlotinib,,,0.0,0.034727711230516434,test,DirectPred
SH-4,Erlotinib,,,0.022822653874754906,0.037934012711048126,test,DirectPred
D-566MG,Erlotinib,,,,0.05017443373799324,test,DirectPred
SW1710,Erlotinib,,,0.07189112901687622,0.048237986862659454,test,DirectPred
8-MG-BA,Erlotinib,,,0.07098349928855896,0.07845637202262878,test,DirectPred
D-423MG,Erlotinib,,,,0.07092851400375366,test,DirectPred
LP-1,Erlotinib,,,,0.05975344777107239,test,DirectPred
NCI-H1755,Erlotinib,,,0.11048678308725357,0.05452650785446167,test,DirectPred
GMS-10,Erlotinib,,,,0.07482413947582245,test,DirectPred
NCI-H2452,Erlotinib,,,0.0656169205904007,0.0337933711707592,test,DirectPred
SiMa,Erlotinib,,,0.0,0.057924870401620865,test,DirectPred
OVCAR-5,Erlotinib,,,0.058288972824811935,0.10983561724424362,test,DirectPred
LOX-IMVI,Erlotinib,,,0.12028055638074875,0.06921437382698059,test,DirectPred
MG-63,Erlotinib,,,0.04218766838312149,0.09433594346046448,test,DirectPred
HuTu 80,Erlotinib,,,,0.03295530006289482,test,DirectPred
NCI-H1395,Erlotinib,,,,0.08608368039131165,test,DirectPred
Karpas-299,Erlotinib,,,0.03932269662618637,0.029764246195554733,test,DirectPred
NCI-H1975,Erlotinib,,,0.13408710062503815,0.061599504202604294,test,DirectPred
NCI-H226,Erlotinib,,,0.07821711152791977,0.05846528708934784,test,DirectPred
SW982,Erlotinib,,,0.07955674827098846,0.04557500034570694,test,DirectPred
TALL-1 [Human adult T-ALL],Erlotinib,,,,0.07165118306875229,test,DirectPred
IST-SL1,Erlotinib,,,,0.05090252310037613,test,DirectPred
SW13,Erlotinib,,,0.14095763862133026,0.03356795758008957,test,DirectPred
ES1,Erlotinib,,,0.08219873905181885,0.0579657144844532,test,DirectPred
RPMI-8226,Erlotinib,,,0.02576533704996109,0.05601860210299492,test,DirectPred
EFO-27,Erlotinib,,,,0.0818532407283783,test,DirectPred
U-251MG,Erlotinib,,,0.11249099671840668,0.06812595576047897,test,DirectPred
NCI-H446,Erlotinib,,,0.07927269488573074,0.07627754658460617,test,DirectPred
SW780,Erlotinib,,,0.03220953792333603,0.09967998415231705,test,DirectPred
MMAc-SF,Erlotinib,,,,0.05478274077177048,test,DirectPred
NCI-H2052,Erlotinib,,,0.09733337163925171,0.07804647833108902,test,DirectPred
CW-2,Erlotinib,,,0.05749534070491791,0.04376973584294319,test,DirectPred
TE-10,Erlotinib,,,,0.05649777874350548,test,DirectPred
MDA-MB-361,Erlotinib,,,0.10488313436508179,0.07206614315509796,test,DirectPred
LoVo,Erlotinib,,,0.15001340210437775,0.05105304345488548,test,DirectPred
H-EMC-SS,Erlotinib,,,0.016833484172821045,0.03696077689528465,test,DirectPred
NCI-H810,Erlotinib,,,0.036988239735364914,0.09862399101257324,test,DirectPred
SK-MEL-5,Erlotinib,,,,0.05598378926515579,test,DirectPred
KY821,Erlotinib,,,0.0033592425752431154,0.03301286697387695,test,DirectPred
SK-CO-1,Erlotinib,,,0.09241043031215668,0.049324773252010345,test,DirectPred
SKG-IIIa,Erlotinib,,,0.06559675931930542,0.07094113528728485,test,DirectPred
ZR-75-30,Erlotinib,,,0.05904379114508629,0.08099877089262009,test,DirectPred
LB996-RCC,Erlotinib,,,0.24448375403881073,0.03791838884353638,test,DirectPred
COLO 320HSR,Erlotinib,,,0.001803976483643055,0.04711175709962845,test,DirectPred
GAK,Erlotinib,,,0.055071789771318436,0.05018434673547745,test,DirectPred
IGR-1,Erlotinib,,,0.028560450300574303,0.04742613434791565,test,DirectPred
NCI-H2122,Erlotinib,,,0.1851067692041397,0.1280226856470108,test,DirectPred
BC-3,Erlotinib,,,,0.03726204112172127,test,DirectPred
ONS-76,Erlotinib,,,0.02610629051923752,0.06086599826812744,test,DirectPred
ESS-1,Erlotinib,,,0.0,0.04056739807128906,test,DirectPred
NCI-H1092,Erlotinib,,,0.046796757727861404,0.05485904961824417,test,DirectPred
AU565,Erlotinib,,,0.08221040666103363,0.053922683000564575,test,DirectPred
C32 [Human melanoma],Erlotinib,,,0.06562075018882751,-0.008091777563095093,test,DirectPred
VMRC-RCZ,Erlotinib,,,0.07882645726203918,0.020710427314043045,test,DirectPred
NCI-H23,Erlotinib,,,0.05381118506193161,0.064726322889328,test,DirectPred
UMC-11,Erlotinib,,,0.20898011326789856,0.07566796243190765,test,DirectPred
COLO 668,Erlotinib,,,0.07907785475254059,0.06164101883769035,test,DirectPred
GR-ST,Erlotinib,,,0.05094308406114578,0.04684881120920181,test,DirectPred
HT-29,Erlotinib,,,0.049706488847732544,0.0480748675763607,test,DirectPred
LS1034,Erlotinib,,,0.08312447369098663,0.0669572651386261,test,DirectPred
RS4;11,Erlotinib,,,0.07373012602329254,-0.004435114562511444,test,DirectPred
NOMO-1,Erlotinib,,,0.005204362329095602,0.04959942400455475,test,DirectPred
SNU-C2B,Erlotinib,,,0.052343230694532394,0.036731477826833725,test,DirectPred
BFTC-909,Erlotinib,,,0.1099378913640976,0.053365178406238556,test,DirectPred
D-263MG,Erlotinib,,,0.043079253286123276,0.06943614035844803,test,DirectPred
D-336MG,Erlotinib,,,,0.046986956149339676,test,DirectPred
EKVX,Erlotinib,,,,0.06036163121461868,test,DirectPred
Calu-3,Erlotinib,,,0.03836726024746895,0.06760086864233017,test,DirectPred
T24,Erlotinib,,,,0.07328559458255768,test,DirectPred
VM-CUB-1,Erlotinib,,,0.039153724908828735,0.06237631291151047,test,DirectPred
OCUB-M,Erlotinib,,,0.08278577029705048,0.057424772530794144,test,DirectPred
SW1573,Erlotinib,,,0.025043154135346413,0.06199083477258682,test,DirectPred
NCI-H2030,Erlotinib,,,,0.15518097579479218,test,DirectPred
CTB-1,Erlotinib,,,,0.03813890740275383,test,DirectPred
NCI-H1155,Erlotinib,,,0.20391517877578735,0.06671647727489471,test,DirectPred
LC4-1,Erlotinib,,,0.04724707081913948,0.031080421060323715,test,DirectPred
Ca Ski,Erlotinib,,,0.17150817811489105,0.056699007749557495,test,DirectPred
IM-9,Erlotinib,,,0.007212891709059477,0.04686305671930313,test,DirectPred
K5,Erlotinib,,,0.05337323620915413,0.027536578476428986,test,DirectPred
IST-MEL1,Erlotinib,,,0.003378000110387802,0.0622432567179203,test,DirectPred
COLO 678,Erlotinib,,,0.1312405914068222,0.06146327778697014,test,DirectPred
RCC10RGB,Erlotinib,,,0.2218848317861557,0.03146560862660408,test,DirectPred
HT-3,Erlotinib,,,0.08728126436471939,0.07369890809059143,test,DirectPred
NCI-H1770,Erlotinib,,,,0.055263396352529526,test,DirectPred
NCI-H748,Erlotinib,,,,0.04986346885561943,test,DirectPred
5637,Erlotinib,,,0.16928857564926147,0.056289445608854294,test,DirectPred
LK-2,Erlotinib,,,0.044205572456121445,0.05831294506788254,test,DirectPred
MES-SA,Erlotinib,,,0.11685976386070251,0.022015392780303955,test,DirectPred
SK-NEP-1,Erlotinib,,,,0.05765175819396973,test,DirectPred
SNB-75,Erlotinib,,,,0.05813795328140259,test,DirectPred
TGBC24TKB,Erlotinib,,,0.12839221954345703,0.04203753545880318,test,DirectPred
CAL-12T,Erlotinib,,,,0.09910039603710175,test,DirectPred
T98G,Erlotinib,,,0.01928713358938694,0.022232046350836754,test,DirectPred
D-392MG,Erlotinib,,,0.05782357603311539,0.05967795103788376,test,DirectPred
P12-Ichikawa,Erlotinib,,,0.05652341991662979,0.05321701616048813,test,DirectPred
A-427,Erlotinib,,,,0.07013314962387085,test,DirectPred
OMC-1 [Human cervical carcinoma],Erlotinib,,,,0.09215313196182251,test,DirectPred
DB,Erlotinib,,,0.061203885823488235,0.06133875250816345,test,DirectPred
G-361,Erlotinib,,,0.1051270067691803,0.05999254062771797,test,DirectPred
KYSE-70,Erlotinib,,,0.09285585582256317,0.05980093032121658,test,DirectPred
SK-MEL-30,Erlotinib,,,,0.05853347107768059,test,DirectPred
HTC-C3,Erlotinib,,,0.07868031412363052,0.10745532065629959,test,DirectPred
SCC-9,Erlotinib,,,0.10254313051700592,0.07040661573410034,test,DirectPred
RL95-2,Erlotinib,,,0.09564106166362762,0.036969754844903946,test,DirectPred
NCI-H2170,Erlotinib,,,0.1718304455280304,0.05533990263938904,test,DirectPred
D-502MG,Erlotinib,,,,0.055833619087934494,test,DirectPred
Mel JuSo,Erlotinib,,,0.0,0.047311875969171524,test,DirectPred
PC-14,Erlotinib,,,0.45215949416160583,0.06308432668447495,test,DirectPred
22Rv1,Erlotinib,,,0.06973609328269958,0.06602470576763153,test,DirectPred
Caov-4,Erlotinib,,,0.11997713148593903,0.07472239434719086,test,DirectPred
NCI-H2196,Erlotinib,,,,0.0358879491686821,test,DirectPred
OVCAR-8,Erlotinib,,,0.061797384172677994,0.04823926463723183,test,DirectPred
LB2518-MEL,Erlotinib,,,,0.05966050922870636,test,DirectPred
T-47D,Erlotinib,,,0.138447567820549,0.07931094616651535,test,DirectPred
RERF-LC-MS,Erlotinib,,,,0.06381755322217941,test,DirectPred
RT-112,Erlotinib,,,0.0817115306854248,0.052703212946653366,test,DirectPred
KG-1,Erlotinib,,,0.027053499594330788,0.05068858712911606,test,DirectPred
CA46,Erlotinib,,,0.06020939350128174,0.04037909209728241,test,DirectPred
SW1990,Erlotinib,,,0.050260279327631,0.0651601031422615,test,DirectPred
HOS,Erlotinib,,,0.06404539942741394,0.10339343547821045,test,DirectPred
NCI-H292,Erlotinib,,,,0.06425903737545013,test,DirectPred
Kuramochi,Erlotinib,,,0.03746925666928291,0.048022959381341934,test,DirectPred
BV-173,Erlotinib,,,0.027744125574827194,0.026285085827112198,test,DirectPred
NCI-H2228,Erlotinib,,,0.009271517395973206,0.07627787441015244,test,DirectPred
MDA-MB-415,Erlotinib,,,0.07613129913806915,0.04200560972094536,test,DirectPred
697,Erlotinib,,,0.07232151180505753,0.03031563013792038,test,DirectPred
EM-2,Erlotinib,,,0.04536241665482521,0.05330047383904457,test,DirectPred
NOS-1 [Human osteosarcoma],Erlotinib,,,0.06144902855157852,0.07841186970472336,test,DirectPred
TGBC1TKB,Erlotinib,,,0.051035866141319275,0.06406987458467484,test,DirectPred
MFM-223,Erlotinib,,,0.06430798023939133,0.08213374763727188,test,DirectPred
WM115,Erlotinib,,,0.01671660505235195,0.03411581367254257,test,DirectPred
OE19,Erlotinib,,,0.014224073849618435,0.0628453865647316,test,DirectPred
HSC-4,Erlotinib,,,0.1843920350074768,0.07818970829248428,test,DirectPred
SK-MM-2,Erlotinib,,,0.0,0.031511928886175156,test,DirectPred
LXF 289,Erlotinib,,,0.10419809073209763,0.05921287089586258,test,DirectPred
DU4475,Erlotinib,,,0.007942589931190014,0.05944744870066643,test,DirectPred
LAMA-84,Erlotinib,,,0.02719874680042267,0.06525818258523941,test,DirectPred
C2BBe1,Erlotinib,,,0.1278989166021347,0.06474491953849792,test,DirectPred
HCT 116,Erlotinib,,,0.01290152221918106,0.032671090215444565,test,DirectPred
HCC2218,Erlotinib,,,,0.06770427525043488,test,DirectPred
UO-31,Erlotinib,,,,0.052371904253959656,test,DirectPred
DMS 114,Erlotinib,,,0.06039055809378624,0.07295449078083038,test,DirectPred
MHH-NB-11,Erlotinib,,,,0.06803320348262787,test,DirectPred
K-562,Erlotinib,,,0.010187202133238316,0.041640348732471466,test,DirectPred
BE-13,Erlotinib,,,0.14778153598308563,0.04628126695752144,test,DirectPred
NCI-H1651,Erlotinib,,,0.035106759518384933,0.047181058675050735,test,DirectPred
Onda 11,Erlotinib,,,,0.05129406973719597,test,DirectPred
NCI-H522,Erlotinib,,,0.03295173868536949,0.06543908268213272,test,DirectPred
IGROV-1,Erlotinib,,,0.2687426507472992,0.09456902742385864,test,DirectPred
CMK,Erlotinib,,,,0.058719899505376816,test,DirectPred
HOP-62,Erlotinib,,,0.043344464153051376,0.07853937149047852,test,DirectPred
Raji,Erlotinib,,,0.07333393394947052,0.026258479803800583,test,DirectPred
CAL-54,Erlotinib,,,0.2791457176208496,0.037532541900873184,test,DirectPred
SJNB-7,Erlotinib,,,0.06243514642119408,0.05884470418095589,test,DirectPred
769-P,Erlotinib,,,0.09986668080091476,0.01314101368188858,test,DirectPred
LS513,Erlotinib,,,,0.040684714913368225,test,DirectPred
TYK-nu,Erlotinib,,,0.14256860315799713,0.03397083282470703,test,DirectPred
IST-SL2,Erlotinib,,,0.11947661638259888,0.058787666261196136,test,DirectPred
GP5d,Erlotinib,,,0.12122190743684769,0.03799369931221008,test,DirectPred
Kasumi-1,Erlotinib,,,,0.027066968381404877,test,DirectPred
MDA-MB-468,Erlotinib,,,0.10874033719301224,0.0435636080801487,test,DirectPred
KS-1 [Human glioblastoma],Erlotinib,,,0.005680494010448456,0.05540866777300835,test,DirectPred
MeWo,Erlotinib,,,0.0031589483842253685,0.03392652049660683,test,DirectPred
MZ-MEL-7,Erlotinib,,,,0.06333421170711517,test,DirectPred
CaR-1,Erlotinib,,,0.06710944324731827,0.0807250589132309,test,DirectPred
NCI-H520,Erlotinib,,,0.05442768335342407,0.0373077392578125,test,DirectPred
HGC-27,Erlotinib,,,0.10083470493555069,0.061581000685691833,test,DirectPred
TCCSUP,Erlotinib,,,0.12909185886383057,0.05499281734228134,test,DirectPred
CAL-62,Erlotinib,,,0.07042910903692245,0.055752865970134735,test,DirectPred
CGTH-W-1,Erlotinib,,,0.029421018436551094,0.07225754857063293,test,DirectPred
MFE-296,Erlotinib,,,0.09145545959472656,0.05457901582121849,test,DirectPred
HT-1197,Erlotinib,,,0.15052659809589386,0.055086422711610794,test,DirectPred
OS-RC-2,Erlotinib,,,0.07740211486816406,0.026769207790493965,test,DirectPred
NCI-H358,Erlotinib,,,0.10449909418821335,0.06750252097845078,test,DirectPred
GCT,Erlotinib,,,0.02226492203772068,0.1281338930130005,test,DirectPred
TUR,Erlotinib,,,0.020698226988315582,0.07800155878067017,test,DirectPred
AsPC-1,Erlotinib,,,0.04372124746441841,0.07010000944137573,test,DirectPred
CFPAC-1,Erlotinib,,,0.1968095451593399,0.05904996395111084,test,DirectPred
MFE-280,Erlotinib,,,0.0,0.10786987096071243,test,DirectPred
JVM-3,Erlotinib,,,0.0436716228723526,0.03807021677494049,test,DirectPred
OVCAR-3,Erlotinib,,,0.1319362074136734,0.06623341888189316,test,DirectPred
DMS 53,Erlotinib,,,0.08403197675943375,0.09295858442783356,test,DirectPred
NCI-H82,Erlotinib,,,0.037550006061792374,0.05279451981186867,test,DirectPred
SW872,Erlotinib,,,0.040219344198703766,0.060642730444669724,test,DirectPred
HOP-92,Erlotinib,,,0.13806475698947906,0.06390627473592758,test,DirectPred
Mono-Mac-6,Erlotinib,,,0.010475161485373974,0.045428644865751266,test,DirectPred
NCI-H2087,Erlotinib,,,0.052555594593286514,0.1038050502538681,test,DirectPred
CHL-1,Erlotinib,,,0.06549322605133057,0.059005256742239,test,DirectPred
A-375,Erlotinib,,,0.06326363235712051,0.059254515916109085,test,DirectPred
TE-1,Erlotinib,,,0.24495911598205566,0.0642906129360199,test,DirectPred
SKM-1,Erlotinib,,,,0.05731106549501419,test,DirectPred
OAW42,Erlotinib,,,0.11542242765426636,0.06110072135925293,test,DirectPred
SW620,Erlotinib,,,0.0216219462454319,0.04484814777970314,test,DirectPred
NCI-H128,Erlotinib,,,,0.05156632885336876,test,DirectPred
H9,Erlotinib,,,0.037321895360946655,0.04621473699808121,test,DirectPred
BxPC-3,Erlotinib,,,0.05637460574507713,0.07662530243396759,test,DirectPred
Hs 578T,Erlotinib,,,0.0,0.06403306126594543,test,DirectPred
MEG-01,Erlotinib,,,0.044805511832237244,0.05798574164509773,test,DirectPred
SK-PN-DW,Erlotinib,,,0.03464638814330101,0.040344662964344025,test,DirectPred
HPAF-II,Erlotinib,,,0.09372549504041672,0.07998335361480713,test,DirectPred
EFM-19,Erlotinib,,,0.0027004650328308344,0.09880292415618896,test,DirectPred
Jiyoye,Erlotinib,,,0.23150134086608887,0.0630408376455307,test,DirectPred
SNU-449,Erlotinib,,,0.1119994968175888,0.05584867298603058,test,DirectPred
NCI-H2342,Erlotinib,,,0.0755230188369751,0.039986662566661835,test,DirectPred
MLMA,Erlotinib,,,0.04994520917534828,0.04581623524427414,test,DirectPred
HCC1937,Erlotinib,,,0.15212175250053406,0.06897786259651184,test,DirectPred
8305C,Erlotinib,,,0.058371976017951965,0.08686704933643341,test,DirectPred
COR-L88,Erlotinib,,,0.02574830688536167,0.06862413883209229,test,DirectPred
EW-22,Erlotinib,,,0.033467378467321396,0.036194514483213425,test,DirectPred
NCI-H1417,Erlotinib,,,0.07454710453748703,0.05633004754781723,test,DirectPred
COR-L279,Erlotinib,,,0.04211466386914253,0.057718921452760696,test,DirectPred
HT-1080,Erlotinib,,,0.10349445790052414,0.03212765231728554,test,DirectPred
HuP-T4,Erlotinib,,,0.18272824585437775,0.06575466692447662,test,DirectPred
NCI-H1703,Erlotinib,,,0.049256592988967896,0.04213521257042885,test,DirectPred
TT,Erlotinib,,,0.054679371416568756,0.0336630754172802,test,DirectPred
HCC2998,Erlotinib,,,0.07577911019325256,0.0638599842786789,test,DirectPred
786-O,Erlotinib,,,0.16353602707386017,0.04793395474553108,test,DirectPred
Lu-65,Erlotinib,,,0.042142268270254135,0.047170184552669525,test,DirectPred
SK-LU-1,Erlotinib,,,0.014437472447752953,0.05213039368391037,test,DirectPred
LB771-HNC,Erlotinib,,,0.09326677024364471,0.058757755905389786,test,DirectPred
SK-LMS-1,Erlotinib,,,0.0,0.06103905662894249,test,DirectPred
SW626,Erlotinib,,,0.046228788793087006,0.061770327389240265,test,DirectPred
NCI-H28,Erlotinib,,,0.1465621441602707,0.03671063110232353,test,DirectPred
SK-MG-1,Erlotinib,,,0.07043386250734329,0.04544739052653313,test,DirectPred
J82,Erlotinib,,,0.0940096452832222,0.06596887111663818,test,DirectPred
KE-37,Erlotinib,,,0.1146736592054367,0.04661950469017029,test,DirectPred
A2780,Erlotinib,,,0.04801738262176514,0.04754200577735901,test,DirectPred
KYSE-520,Erlotinib,,,0.29440051317214966,0.07431117445230484,test,DirectPred
ETK-1,Erlotinib,,,0.09622740745544434,0.06336388736963272,test,DirectPred
SaOS-2,Erlotinib,,,0.0,0.025076288729906082,test,DirectPred
ST486,Erlotinib,,,0.05474543571472168,0.03976798057556152,test,DirectPred
MOLT-16,Erlotinib,,,0.028037410229444504,0.03706398978829384,test,DirectPred
SCC-4,Erlotinib,,,0.0,0.06983797997236252,test,DirectPred
SW1463,Erlotinib,,,0.14899715781211853,0.053427837789058685,test,DirectPred
HCE-4,Erlotinib,,,,0.09106767177581787,test,DirectPred
CAL-33,Erlotinib,,,0.1472005546092987,0.07568024098873138,test,DirectPred
Panc 08.13,Erlotinib,,,0.10837885737419128,0.08525276929140091,test,DirectPred
BALL-1,Erlotinib,,,0.03223979473114014,0.039911482483148575,test,DirectPred
KGN,Erlotinib,,,0.059976451098918915,0.03033449873328209,test,DirectPred
DMS 79,Erlotinib,,,,0.04326961934566498,test,DirectPred
WRO,Erlotinib,,,0.018343336880207062,0.06893138587474823,test,DirectPred
GaMG,Erlotinib,,,0.0,0.03525445610284805,test,DirectPred
HN,Erlotinib,,,,0.06703532487154007,test,DirectPred
UACC-62,Erlotinib,,,0.004919032100588083,0.046634089201688766,test,DirectPred
DOK,Erlotinib,,,0.352487713098526,0.10175856202840805,test,DirectPred
HEC-1,Erlotinib,,,0.08707618713378906,0.05999595299363136,test,DirectPred
SK-N-DZ,Erlotinib,,,0.1908777505159378,0.05090641602873802,test,DirectPred
NCI-H2171,Erlotinib,,,,0.07446920871734619,test,DirectPred
SF268,Erlotinib,,,0.0926661416888237,0.04739903658628464,test,DirectPred
SNG-M,Erlotinib,,,0.07317743450403214,0.03530824929475784,test,DirectPred
COLO 680N,Erlotinib,,,0.05663193389773369,0.07951320707798004,test,DirectPred
COLO 829,Erlotinib,,,0.12192262709140778,0.051807951182127,test,DirectPred
NCI-H1436,Erlotinib,,,,0.0512525700032711,test,DirectPred
HCC1419,Erlotinib,,,0.042196717113256454,0.06622141599655151,test,DirectPred
HCC1143,Erlotinib,,,0.1082848533987999,0.08489268273115158,test,DirectPred
Panc 10.05,Erlotinib,,,0.06216586008667946,0.02501019462943077,test,DirectPred
Lu-165,Erlotinib,,,0.021372659131884575,0.0329475961625576,test,DirectPred
NCI-H460,Erlotinib,,,,0.06514615565538406,test,DirectPred
EW-18,Erlotinib,,,0.029071522876620293,0.03698715567588806,test,DirectPred
Daudi,Erlotinib,,,0.04123428091406822,0.06645959615707397,test,DirectPred
AN3-CA,Erlotinib,,,0.007331796456128359,0.04536734148859978,test,DirectPred
NCI-H1793,Erlotinib,,,0.11268028616905212,0.06244867295026779,test,DirectPred
NCI-H2081,Erlotinib,,,,0.04236101731657982,test,DirectPred
NCI-H716,Erlotinib,,,0.17845481634140015,0.052366070449352264,test,DirectPred
NCI-H322M,Erlotinib,,,0.3159943222999573,0.1508285105228424,test,DirectPred
HH [Human lymphoma],Erlotinib,,,0.0,0.03072132170200348,test,DirectPred
SF126,Erlotinib,,,,0.06640157103538513,test,DirectPred
TGW,Erlotinib,,,0.01655658893287182,0.0630369782447815,test,DirectPred
A-431,Erlotinib,,,,0.06618095189332962,test,DirectPred
MPP 89,Erlotinib,,,0.12048513442277908,0.10489779710769653,test,DirectPred
NMC-G1,Erlotinib,,,,0.04310934245586395,test,DirectPred
DU145,Erlotinib,,,0.05042564496397972,0.07026761025190353,test,DirectPred
RPMI-8402,Erlotinib,,,0.12291455268859863,0.08936642110347748,test,DirectPred
NCI-N87,Erlotinib,,,0.0,0.024289362132549286,test,DirectPred
EB2,Erlotinib,,,0.0429537370800972,0.05781412124633789,test,DirectPred
Onda 10,Erlotinib,,,,0.07045356184244156,test,DirectPred
EGI-1,Erlotinib,,,0.05771930143237114,0.0957106426358223,test,DirectPred
HT-1376,Erlotinib,,,0.16332949697971344,0.07100396603345871,test,DirectPred
RKO,Erlotinib,,,0.0,0.04083389788866043,test,DirectPred
OC 314,Erlotinib,,,0.06632290780544281,0.04908107966184616,test,DirectPred
SK-N-FI,Erlotinib,,,0.05259318649768829,0.029561996459960938,test,DirectPred
TE-11,Erlotinib,,,,0.07209163904190063,test,DirectPred
NCI-H2141,Erlotinib,,,0.07694056630134583,0.07249244302511215,test,DirectPred
LC-2/ad,Erlotinib,,,,0.048786818981170654,test,DirectPred
KP-N-YN,Erlotinib,,,0.062270645052194595,0.03071221336722374,test,DirectPred
SK-MEL-2,Erlotinib,,,0.0,0.04939074441790581,test,DirectPred
HCC1599,Erlotinib,,,,0.06368285417556763,test,DirectPred
SAS,Erlotinib,,,0.13596029579639435,0.058041762560606,test,DirectPred
Evsa-T,Erlotinib,,,0.08499553799629211,0.046372320502996445,test,DirectPred
NUGC-3,Erlotinib,,,0.23977325856685638,0.08721348643302917,test,DirectPred
ACHN,Erlotinib,,,0.24275849759578705,0.033173270523548126,test,DirectPred
NCI-H720,Erlotinib,,,0.029632553458213806,0.03403859585523605,test,DirectPred
MN-60,Erlotinib,,,0.009549953043460846,0.04186708852648735,test,DirectPred
KYSE-410,Erlotinib,,,0.13976818323135376,0.03615383803844452,test,DirectPred
NCI-H1838,Erlotinib,,,0.008247661404311657,0.10845087468624115,test,DirectPred
BB49-HNC,Erlotinib,,,0.06490319967269897,0.04799157753586769,test,DirectPred
RVH-421,Erlotinib,,,,0.0526527464389801,test,DirectPred
KYSE-180,Erlotinib,,,0.11975494772195816,0.07127659767866135,test,DirectPred
NH-12,Erlotinib,,,0.09296922385692596,0.02975410223007202,test,DirectPred
PFSK-1,Erlotinib,,,0.03986416757106781,0.056490056216716766,test,DirectPred
Ca9-22,Erlotinib,,,0.2045409381389618,0.1068086102604866,test,DirectPred
KP-4,Erlotinib,,,0.05530988797545433,0.05422723665833473,test,DirectPred
C-33 A,Erlotinib,,,0.09344276785850525,0.03967879340052605,test,DirectPred
T84,Erlotinib,,,0.1259821504354477,0.059601448476314545,test,DirectPred
RMG-I,Erlotinib,,,0.22536586225032806,0.054380614310503006,test,DirectPred
AGS,Erlotinib,,,0.011950889602303505,0.08780711889266968,test,DirectPred
SIG-M5,Erlotinib,,,,0.0556977204978466,test,DirectPred
SW756,Erlotinib,,,0.11999725550413132,0.05400364100933075,test,DirectPred
HT-144,Erlotinib,,,0.009597049094736576,0.05759541317820549,test,DirectPred
Huh-7,Erlotinib,,,0.05610639229416847,0.0541820153594017,test,DirectPred
BEN,Erlotinib,,,,0.06990407407283783,test,DirectPred
KNS-81-FD,Erlotinib,,,,0.04395318403840065,test,DirectPred
Calu-6,Erlotinib,,,0.07222560048103333,0.06574045121669769,test,DirectPred
SW1088,Erlotinib,,,0.11002412438392639,0.05004622042179108,test,DirectPred
SNU-16,Erlotinib,,,0.03348880261182785,0.0560992993414402,test,DirectPred
A4/Fukuda,Erlotinib,,,0.024766676127910614,0.05003013461828232,test,DirectPred
U-87MG ATCC,Erlotinib,,,0.10346858203411102,0.03629806265234947,test,DirectPred
Lu-134-A,Erlotinib,,,,0.09128506481647491,test,DirectPred
OE33,Erlotinib,,,0.07879529893398285,0.07956890761852264,test,DirectPred
HCC1954,Erlotinib,,,0.058555129915475845,0.07030177116394043,test,DirectPred
ML-2,Erlotinib,,,0.0,0.0252067968249321,test,DirectPred
COLO 824,Erlotinib,,,0.14078915119171143,0.043251778930425644,test,DirectPred
A-673,Erlotinib,,,0.05517899990081787,0.04231587052345276,test,DirectPred
