target_variable,target_class,target_class_label,layer,name,importance,explainer
Erlotinib,0,,mutation,MSH6,0.0005312725,IntegratedGradients
Erlotinib,0,,mutation,KRAS,0.00166974,IntegratedGradients
Erlotinib,0,,mutation,APC,0.0007894762,IntegratedGradients
Erlotinib,0,,mutation,SMARCA4,0.00093315146,IntegratedGradients
Erlotinib,0,,mutation,TP53,0.00064421276,IntegratedGradients
Erlotinib,0,,mutation,NF1,0.0010486693,IntegratedGradients
Erlotinib,0,,mutation,CDKN2A,0.00022335272,IntegratedGradients
Erlotinib,0,,mutation,BRAF,0.0007672883,IntegratedGradients
Erlotinib,0,,mutation,PTEN,0.0014458454,IntegratedGradients
Erlotinib,0,,mutation,PIK3CA,0.0013940408,IntegratedGradients
Erlotinib,0,,mutation,NF2,0.0005590964,IntegratedGradients
Erlotinib,0,,mutation,STK11,0.00047536113,IntegratedGradients
Erlotinib,0,,mutation,CDH1,0.0005508648,IntegratedGradients
Erlotinib,0,,mutation,MAP2K4,0.00079369347,IntegratedGradients
Erlotinib,0,,mutation,PIK3R1,0.0006064186,IntegratedGradients
Erlotinib,0,,mutation,CTNNB1,0.00030451434,IntegratedGradients
Erlotinib,0,,mutation,NRAS,0.0006842333,IntegratedGradients
Erlotinib,0,,mutation,FBXW7,0.0010743972,IntegratedGradients
Erlotinib,0,,cnv,MIR298,3.300116e-05,IntegratedGradients
Erlotinib,0,,cnv,LUZP6,8.046426e-05,IntegratedGradients
Erlotinib,0,,cnv,SNORA22,2.3139122e-05,IntegratedGradients
Erlotinib,0,,cnv,NUPL2,2.7335134e-05,IntegratedGradients
Erlotinib,0,,cnv,KIAA0586,1.7610342e-05,IntegratedGradients
Erlotinib,0,,cnv,RNASEH2C,3.232006e-05,IntegratedGradients
Erlotinib,0,,cnv,SLC24A4,2.0189396e-05,IntegratedGradients
Erlotinib,0,,cnv,SNF8,1.3452603e-05,IntegratedGradients
Erlotinib,0,,cnv,RGN,2.9852965e-05,IntegratedGradients
Erlotinib,0,,cnv,DEFB116,3.1917658e-05,IntegratedGradients
Erlotinib,0,,cnv,HKR1,2.770798e-05,IntegratedGradients
Erlotinib,0,,cnv,RNF19A,4.0510997e-05,IntegratedGradients
Erlotinib,0,,cnv,RBMY1A3P,2.0141855e-05,IntegratedGradients
Erlotinib,0,,cnv,GNAS-AS1,2.6758864e-05,IntegratedGradients
Erlotinib,0,,cnv,MIR296,2.4878278e-05,IntegratedGradients
Erlotinib,0,,cnv,NPEPL1,3.176135e-05,IntegratedGradients
Erlotinib,0,,cnv,STX16,2.4416971e-05,IntegratedGradients
Erlotinib,0,,cnv,LOC100506384,2.7106164e-05,IntegratedGradients
Erlotinib,0,,cnv,APCDD1L-DT,2.7531209e-05,IntegratedGradients
Erlotinib,0,,cnv,RAB22A,3.4345343e-05,IntegratedGradients
Erlotinib,0,,cnv,APCDD1L,2.8543931e-05,IntegratedGradients
Erlotinib,0,,cnv,VAPB,2.7615792e-05,IntegratedGradients
Erlotinib,0,,cnv,BCAS4,3.6100842e-05,IntegratedGradients
Erlotinib,0,,cnv,PARD6B,3.5879817e-05,IntegratedGradients
Erlotinib,0,,cnv,LINC00494,2.8873703e-05,IntegratedGradients
Erlotinib,0,,cnv,ZNF217,5.2185223e-05,IntegratedGradients
Erlotinib,0,,cnv,SUMO1P1,4.6929392e-05,IntegratedGradients
Erlotinib,0,,cnv,DOK5,3.2670425e-05,IntegratedGradients
Erlotinib,0,,cnv,GNAS,2.7727665e-05,IntegratedGradients
Erlotinib,0,,cnv,SULF2,3.69304e-05,IntegratedGradients
Erlotinib,0,,cnv,BCAS1,3.8724527e-05,IntegratedGradients
Erlotinib,0,,cnv,PPP4R1L,3.1613392e-05,IntegratedGradients
Erlotinib,0,,cnv,BMP7,2.7329832e-05,IntegratedGradients
Erlotinib,0,,cnv,MIR4756,3.8460832e-05,IntegratedGradients
Erlotinib,0,,cnv,FAM209A,2.749819e-05,IntegratedGradients
Erlotinib,0,,cnv,FAM209B,2.8053188e-05,IntegratedGradients
Erlotinib,0,,cnv,AURKA,3.1703687e-05,IntegratedGradients
Erlotinib,0,,cnv,CSTF1,2.7462036e-05,IntegratedGradients
Erlotinib,0,,cnv,CASS4,2.726865e-05,IntegratedGradients
Erlotinib,0,,cnv,FAM210B,3.2060347e-05,IntegratedGradients
Erlotinib,0,,cnv,ADNP,3.0038133e-05,IntegratedGradients
Erlotinib,0,,cnv,GCNT7,2.9295401e-05,IntegratedGradients
Erlotinib,0,,cnv,RIPOR3,3.2590997e-05,IntegratedGradients
Erlotinib,0,,cnv,MIR645,3.2740172e-05,IntegratedGradients
Erlotinib,0,,cnv,RTF2,2.9655985e-05,IntegratedGradients
Erlotinib,0,,cnv,PREX1,2.7515473e-05,IntegratedGradients
Erlotinib,0,,cnv,NCOA3,3.0772713e-05,IntegratedGradients
Erlotinib,0,,cnv,LOC100131496,3.3642336e-05,IntegratedGradients
Erlotinib,0,,cnv,DPM1,3.3363427e-05,IntegratedGradients
Erlotinib,0,,cnv,CYP24A1,4.0066552e-05,IntegratedGradients
Erlotinib,0,,cnv,ATP9A,3.6775924e-05,IntegratedGradients
Erlotinib,0,,cnv,MOCS3,2.8472681e-05,IntegratedGradients
Erlotinib,0,,cnv,PFDN4,3.6444395e-05,IntegratedGradients
Erlotinib,0,,cnv,PMEPA1,2.157907e-05,IntegratedGradients
Erlotinib,0,,cnv,KCNG1,3.6631478e-05,IntegratedGradients
Erlotinib,0,,cnv,ZBP1,2.8229262e-05,IntegratedGradients
Erlotinib,0,,cnv,SPO11,2.7440878e-05,IntegratedGradients
Erlotinib,0,,cnv,MTRNR2L3,2.2208422e-05,IntegratedGradients
Erlotinib,0,,cnv,RAE1,2.7015472e-05,IntegratedGradients
Erlotinib,0,,cnv,MIR4325,2.5114032e-05,IntegratedGradients
Erlotinib,0,,cnv,PCK1,2.6308528e-05,IntegratedGradients
Erlotinib,0,,cnv,CBLN4,2.576137e-05,IntegratedGradients
Erlotinib,0,,cnv,C20orf85,2.733569e-05,IntegratedGradients
Erlotinib,0,,cnv,PTPN1,3.1934444e-05,IntegratedGradients
Erlotinib,0,,cnv,MC3R,3.2449934e-05,IntegratedGradients
Erlotinib,0,,cnv,RBM38,2.6766702e-05,IntegratedGradients
Erlotinib,0,,cnv,MIR3194,3.8621365e-05,IntegratedGradients
Erlotinib,0,,cnv,CTCFL,2.3043896e-05,IntegratedGradients
Erlotinib,0,,cnv,SALL4,3.2837295e-05,IntegratedGradients
Erlotinib,0,,cnv,GMEB2,3.0910778e-05,IntegratedGradients
Erlotinib,0,,cnv,TSHZ2,4.5424506e-05,IntegratedGradients
Erlotinib,0,,cnv,NFATC2,4.51122e-05,IntegratedGradients
Erlotinib,0,,cnv,SRMS,2.6939406e-05,IntegratedGradients
Erlotinib,0,,cnv,FNDC11,2.287426e-05,IntegratedGradients
Erlotinib,0,,cnv,KCNQ2,2.7330723e-05,IntegratedGradients
Erlotinib,0,,cnv,NELFCD,2.6380825e-05,IntegratedGradients
Erlotinib,0,,cnv,ZNF831,2.7345093e-05,IntegratedGradients
Erlotinib,0,,cnv,ABHD16B,2.3380253e-05,IntegratedGradients
Erlotinib,0,,cnv,TPD52L2,2.219998e-05,IntegratedGradients
Erlotinib,0,,cnv,ARFGEF2,2.7076223e-05,IntegratedGradients
Erlotinib,0,,cnv,HELZ2,2.4917274e-05,IntegratedGradients
Erlotinib,0,,cnv,LINC01270,3.798558e-05,IntegratedGradients
Erlotinib,0,,cnv,TUBB1,2.5570229e-05,IntegratedGradients
Erlotinib,0,,cnv,SLMO2-ATP5E,2.2903423e-05,IntegratedGradients
Erlotinib,0,,cnv,ATP5F1E,2.5747857e-05,IntegratedGradients
Erlotinib,0,,cnv,PRELID3B,2.392901e-05,IntegratedGradients
Erlotinib,0,,cnv,RTEL1,2.376187e-05,IntegratedGradients
Erlotinib,0,,cnv,RTEL1-TNFRSF6B,2.3177343e-05,IntegratedGradients
Erlotinib,0,,cnv,SLC2A4RG,2.6709067e-05,IntegratedGradients
Erlotinib,0,,cnv,ZBTB46,2.3507426e-05,IntegratedGradients
Erlotinib,0,,cnv,LIME1,2.6166303e-05,IntegratedGradients
Erlotinib,0,,cnv,ARFRP1,2.5061561e-05,IntegratedGradients
Erlotinib,0,,cnv,TNFRSF6B,2.396576e-05,IntegratedGradients
Erlotinib,0,,cnv,ZGPAT,2.6699778e-05,IntegratedGradients
Erlotinib,0,,cnv,FAM217B,2.847776e-05,IntegratedGradients
Erlotinib,0,,cnv,PPP1R3D,3.1204483e-05,IntegratedGradients
Erlotinib,0,,cnv,CDH26,3.080558e-05,IntegratedGradients
Erlotinib,0,,cnv,PPDPF,3.098385e-05,IntegratedGradients
Erlotinib,0,,cnv,PTK6,2.8845958e-05,IntegratedGradients
Erlotinib,0,,cnv,CTSZ,2.3568235e-05,IntegratedGradients
Erlotinib,0,,cnv,EEF1A2,2.3948687e-05,IntegratedGradients
Erlotinib,0,,cnv,DNAJC5,2.8609285e-05,IntegratedGradients
Erlotinib,0,,cnv,MIR941-3,3.135691e-05,IntegratedGradients
Erlotinib,0,,cnv,MIR941-1,2.4979247e-05,IntegratedGradients
Erlotinib,0,,cnv,SYCP2,2.0928646e-05,IntegratedGradients
Erlotinib,0,,cnv,STMN3,2.4063851e-05,IntegratedGradients
Erlotinib,0,,cnv,LINC01260,3.1642292e-05,IntegratedGradients
Erlotinib,0,,cnv,ZMYND8,3.22654e-05,IntegratedGradients
Erlotinib,0,,cnv,CSE1L,3.3778317e-05,IntegratedGradients
Erlotinib,0,,cnv,GDAP1L1,2.8816756e-05,IntegratedGradients
Erlotinib,0,,cnv,FITM2,2.55454e-05,IntegratedGradients
Erlotinib,0,,cnv,DDX27,3.1264048e-05,IntegratedGradients
Erlotinib,0,,cnv,STAU1,2.933446e-05,IntegratedGradients
Erlotinib,0,,cnv,SERINC3,2.7375525e-05,IntegratedGradients
Erlotinib,0,,cnv,PKIG,3.0852767e-05,IntegratedGradients
Erlotinib,0,,cnv,EDN3,2.475815e-05,IntegratedGradients
Erlotinib,0,,cnv,TTPAL,2.9526798e-05,IntegratedGradients
Erlotinib,0,,cnv,RNF114,2.946934e-05,IntegratedGradients
Erlotinib,0,,cnv,NUP205,7.140601e-05,IntegratedGradients
Erlotinib,0,,cnv,SPATA2,3.0048637e-05,IntegratedGradients
Erlotinib,0,,cnv,STMP1,7.3808274e-05,IntegratedGradients
Erlotinib,0,,cnv,SLC13A4,7.4841046e-05,IntegratedGradients
Erlotinib,0,,cnv,FAM180A,7.4845244e-05,IntegratedGradients
Erlotinib,0,,cnv,HCK,2.5023519e-05,IntegratedGradients
Erlotinib,0,,cnv,CHRNA4,2.8575398e-05,IntegratedGradients
Erlotinib,0,,cnv,PHACTR3,2.8278188e-05,IntegratedGradients
Erlotinib,0,,cnv,ADA,3.0037083e-05,IntegratedGradients
Erlotinib,0,,cnv,MIR3646,2.6164094e-05,IntegratedGradients
Erlotinib,0,,cnv,CCT6P1,3.0109519e-05,IntegratedGradients
Erlotinib,0,,cnv,ZFAS1,2.764391e-05,IntegratedGradients
Erlotinib,0,,cnv,ZNFX1,2.7648292e-05,IntegratedGradients
Erlotinib,0,,cnv,GPNMB,2.7822307e-05,IntegratedGradients
Erlotinib,0,,cnv,CEBPB,3.239534e-05,IntegratedGradients
Erlotinib,0,,cnv,SNAI1,3.3259745e-05,IntegratedGradients
Erlotinib,0,,cnv,UBE2V1,2.9759438e-05,IntegratedGradients
Erlotinib,0,,cnv,TMEM189-UBE2V1,3.3636785e-05,IntegratedGradients
Erlotinib,0,,cnv,VKORC1L1,2.5251473e-05,IntegratedGradients
Erlotinib,0,,cnv,TRA2A,2.5010937e-05,IntegratedGradients
Erlotinib,0,,cnv,ZFP64,2.714025e-05,IntegratedGradients
Erlotinib,0,,cnv,R3HDML,2.8506083e-05,IntegratedGradients
Erlotinib,0,,cnv,CNOT4,7.7870114e-05,IntegratedGradients
Erlotinib,0,,cnv,IGF2BP3,2.9582958e-05,IntegratedGradients
Erlotinib,0,,cnv,MALSU1,2.6090722e-05,IntegratedGradients
Erlotinib,0,,cnv,TYW1,3.2012613e-05,IntegratedGradients
Erlotinib,0,,cnv,SBDS,2.6960304e-05,IntegratedGradients
Erlotinib,0,,cnv,AGBL3,8.065259e-05,IntegratedGradients
Erlotinib,0,,cnv,CCM2L,2.3799535e-05,IntegratedGradients
Erlotinib,0,,cnv,EYA2,2.4707604e-05,IntegratedGradients
Erlotinib,0,,cnv,RPS2P32,2.5245745e-05,IntegratedGradients
Erlotinib,0,,cnv,XKR7,2.2553864e-05,IntegratedGradients
Erlotinib,0,,cnv,TMEM248,2.8638682e-05,IntegratedGradients
Erlotinib,0,,cnv,HNF4A,3.077976e-05,IntegratedGradients
Erlotinib,0,,cnv,GTF2IRD1P1,3.0381982e-05,IntegratedGradients
Erlotinib,0,,cnv,TMEM189,2.8451288e-05,IntegratedGradients
Erlotinib,0,,cnv,TRERNA1,3.081545e-05,IntegratedGradients
Erlotinib,0,,cnv,KLHL7,2.8806022e-05,IntegratedGradients
Erlotinib,0,,cnv,STK31,2.7784998e-05,IntegratedGradients
Erlotinib,0,,cnv,FAM221A,2.7893402e-05,IntegratedGradients
Erlotinib,0,,cnv,CALD1,8.105581e-05,IntegratedGradients
Erlotinib,0,,cnv,CLK2P1,2.4231555e-05,IntegratedGradients
Erlotinib,0,,cnv,CCDC126,3.0050607e-05,IntegratedGradients
Erlotinib,0,,cnv,OR2F1,0.00010044037,IntegratedGradients
Erlotinib,0,,cnv,TPK1,9.9596546e-05,IntegratedGradients
Erlotinib,0,,cnv,ANKRD9,3.198105e-05,IntegratedGradients
Erlotinib,0,,cnv,SNORD93,2.5366106e-05,IntegratedGradients
Erlotinib,0,,cnv,TOMM7,2.6380501e-05,IntegratedGradients
Erlotinib,0,,cnv,CRCP,2.6549362e-05,IntegratedGradients
Erlotinib,0,,cnv,FAM126A,2.7036152e-05,IntegratedGradients
Erlotinib,0,,cnv,MIR124-3,2.534434e-05,IntegratedGradients
Erlotinib,0,,cnv,YTHDF1,2.397078e-05,IntegratedGradients
Erlotinib,0,,cnv,SLC9A8,3.0056419e-05,IntegratedGradients
Erlotinib,0,,cnv,MIR3196,2.477349e-05,IntegratedGradients
Erlotinib,0,,cnv,BIRC7,2.7600794e-05,IntegratedGradients
Erlotinib,0,,cnv,NKAIN4,3.029454e-05,IntegratedGradients
Erlotinib,0,,cnv,COL20A1,2.5053336e-05,IntegratedGradients
Erlotinib,0,,cnv,LOC100506178,2.2807068e-05,IntegratedGradients
Erlotinib,0,,cnv,MIR4309,2.782343e-05,IntegratedGradients
Erlotinib,0,,cnv,OR6B1,0.00010805017,IntegratedGradients
Erlotinib,0,,cnv,INTS4P2,3.5807447e-05,IntegratedGradients
Erlotinib,0,,cnv,LOC441242,3.1687403e-05,IntegratedGradients
Erlotinib,0,,cnv,IL6,3.0076775e-05,IntegratedGradients
Erlotinib,0,,cnv,TFAP2C,3.0133577e-05,IntegratedGradients
Erlotinib,0,,cnv,FRMD6,1.7070968e-05,IntegratedGradients
Erlotinib,0,,cnv,ARID4A,2.8738736e-05,IntegratedGradients
Erlotinib,0,,cnv,TOMM20L,1.6642485e-05,IntegratedGradients
Erlotinib,0,,cnv,PSMA3,2.350071e-05,IntegratedGradients
Erlotinib,0,,cnv,TIMM9,2.4835806e-05,IntegratedGradients
Erlotinib,0,,cnv,PSMA3-AS1,2.6998167e-05,IntegratedGradients
Erlotinib,0,,cnv,MIR4326,2.8832452e-05,IntegratedGradients
Erlotinib,0,,cnv,ARFGAP1,2.7579996e-05,IntegratedGradients
Erlotinib,0,,cnv,BGLAP,3.3454788e-05,IntegratedGradients
Erlotinib,0,,cnv,PAQR6,3.0254632e-05,IntegratedGradients
Erlotinib,0,,cnv,PMF1-BGLAP,1.9112977e-05,IntegratedGradients
Erlotinib,0,,cnv,SMG5,1.6732654e-05,IntegratedGradients
Erlotinib,0,,cnv,PMF1,1.5967571e-05,IntegratedGradients
Erlotinib,0,,cnv,NTSR1,2.2371822e-05,IntegratedGradients
Erlotinib,0,,cnv,SLCO4A1,2.2494003e-05,IntegratedGradients
Erlotinib,0,,cnv,SLCO4A1-AS1,2.5160922e-05,IntegratedGradients
Erlotinib,0,,cnv,NOBOX,9.635507e-05,IntegratedGradients
Erlotinib,0,,cnv,JKAMP,2.2955519e-05,IntegratedGradients
Erlotinib,0,,cnv,L3HYPDH,2.2382204e-05,IntegratedGradients
Erlotinib,0,,cnv,CCDC175,2.1797514e-05,IntegratedGradients
Erlotinib,0,,cnv,HAR1B,2.6726897e-05,IntegratedGradients
Erlotinib,0,,cnv,GUSB,2.728212e-05,IntegratedGradients
Erlotinib,0,,cnv,NPY,2.2317148e-05,IntegratedGradients
Erlotinib,0,,cnv,ASL,2.6360258e-05,IntegratedGradients
Erlotinib,0,,cnv,OR2A2,0.000109677785,IntegratedGradients
Erlotinib,0,,cnv,OR2A12,9.6651216e-05,IntegratedGradients
Erlotinib,0,,cnv,GPR135,2.4014544e-05,IntegratedGradients
Erlotinib,0,,cnv,UCKL1,2.4451372e-05,IntegratedGradients
Erlotinib,0,,cnv,UCKL1-AS1,2.942165e-05,IntegratedGradients
Erlotinib,0,,cnv,PDRG1,2.5812373e-05,IntegratedGradients
Erlotinib,0,,cnv,SAMD10,2.7034246e-05,IntegratedGradients
Erlotinib,0,,cnv,ZNF512B,2.2937182e-05,IntegratedGradients
Erlotinib,0,,cnv,PRPF6,2.7819842e-05,IntegratedGradients
Erlotinib,0,,cnv,DACT1,2.0276486e-05,IntegratedGradients
Erlotinib,0,,cnv,C20orf197,2.5218415e-05,IntegratedGradients
Erlotinib,0,,cnv,GLMP,2.6977514e-05,IntegratedGradients
Erlotinib,0,,cnv,TMEM79,1.2791274e-05,IntegratedGradients
Erlotinib,0,,cnv,VHLL,2.4624664e-05,IntegratedGradients
Erlotinib,0,,cnv,CCT3,2.2356826e-05,IntegratedGradients
Erlotinib,0,,cnv,OR2F2,8.38734e-05,IntegratedGradients
Erlotinib,0,,cnv,KAT5,2.595884e-05,IntegratedGradients
Erlotinib,0,,cnv,TSACC,1.5270862e-05,IntegratedGradients
Erlotinib,0,,cnv,DAAM1,2.8632421e-05,IntegratedGradients
Erlotinib,0,,cnv,LINC00659,2.8432087e-05,IntegratedGradients
Erlotinib,0,,cnv,C1orf61,2.1184367e-05,IntegratedGradients
Erlotinib,0,,cnv,STRA8,6.9409405e-05,IntegratedGradients
Erlotinib,0,,cnv,MIR9-1,2.484934e-05,IntegratedGradients
Erlotinib,0,,cnv,AKR1B1,7.710642e-05,IntegratedGradients
Erlotinib,0,,cnv,OR2A5,0.000105026906,IntegratedGradients
Erlotinib,0,,cnv,DIDO1,2.584048e-05,IntegratedGradients
Erlotinib,0,,cnv,TTLL9,2.3846289e-05,IntegratedGradients
Erlotinib,0,,cnv,COL9A3,2.2267983e-05,IntegratedGradients
Erlotinib,0,,cnv,DPH3P1,3.5376393e-05,IntegratedGradients
Erlotinib,0,,cnv,TCFL5,2.7817137e-05,IntegratedGradients
Erlotinib,0,,cnv,DUSP15,2.2297769e-05,IntegratedGradients
Erlotinib,0,,cnv,FOXS1,2.2782806e-05,IntegratedGradients
Erlotinib,0,,cnv,RHBG,2.7398044e-05,IntegratedGradients
Erlotinib,0,,cnv,MIR4533,2.8688502e-05,IntegratedGradients
Erlotinib,0,,cnv,LINC00029,2.4691277e-05,IntegratedGradients
Erlotinib,0,,cnv,LINC01056,2.2870287e-05,IntegratedGradients
Erlotinib,0,,cnv,LINC01749,2.470568e-05,IntegratedGradients
Erlotinib,0,,cnv,OGFR,2.1443997e-05,IntegratedGradients
Erlotinib,0,,cnv,MRGBP,2.5895744e-05,IntegratedGradients
Erlotinib,0,,cnv,OGFR-AS1,2.7778175e-05,IntegratedGradients
Erlotinib,0,,cnv,MPP6,2.9986317e-05,IntegratedGradients
Erlotinib,0,,cnv,WDR91,6.448676e-05,IntegratedGradients
Erlotinib,0,,cnv,RCOR1,2.9264855e-05,IntegratedGradients
Erlotinib,0,,cnv,TRAF3,2.4798412e-05,IntegratedGradients
Erlotinib,0,,cnv,PLXNA4,5.334011e-05,IntegratedGradients
Erlotinib,0,,cnv,AP5B1,2.2103339e-05,IntegratedGradients
Erlotinib,0,,cnv,CBFA2T2,2.3352508e-05,IntegratedGradients
Erlotinib,0,,cnv,OR6W1P,0.00010225135,IntegratedGradients
Erlotinib,0,,cnv,OR6V1,0.00010236359,IntegratedGradients
Erlotinib,0,,cnv,PTGIS,2.9767636e-05,IntegratedGradients
Erlotinib,0,,cnv,TMEM140,7.9058715e-05,IntegratedGradients
Erlotinib,0,,cnv,CCT6P3,2.6513382e-05,IntegratedGradients
Erlotinib,0,,cnv,TRIM9,1.3731809e-05,IntegratedGradients
Erlotinib,0,,cnv,CYREN,7.2577015e-05,IntegratedGradients
Erlotinib,0,,cnv,CLCN1,0.0001008597,IntegratedGradients
Erlotinib,0,,cnv,C11orf68,2.7449207e-05,IntegratedGradients
Erlotinib,0,,cnv,DRAP1,3.672095e-05,IntegratedGradients
Erlotinib,0,,cnv,IGFBP1,1.900807e-05,IntegratedGradients
Erlotinib,0,,cnv,BPGM,7.080632e-05,IntegratedGradients
Erlotinib,0,,cnv,MIR646HG,2.3031733e-05,IntegratedGradients
Erlotinib,0,,cnv,TSGA10IP,3.084935e-05,IntegratedGradients
Erlotinib,0,,cnv,IGFBP3,2.070542e-05,IntegratedGradients
Erlotinib,0,,cnv,TAS2R40,0.00011083077,IntegratedGradients
Erlotinib,0,,cnv,TAS2R41,0.00010858566,IntegratedGradients
Erlotinib,0,,cnv,SOS2,2.3556913e-05,IntegratedGradients
Erlotinib,0,,cnv,EPHA1-AS1,9.791846e-05,IntegratedGradients
Erlotinib,0,,cnv,EPHA1,0.00010692314,IntegratedGradients
Erlotinib,0,,cnv,TAS2R60,0.00010979546,IntegratedGradients
Erlotinib,0,,cnv,SSSCA1,2.6685366e-05,IntegratedGradients
Erlotinib,0,,cnv,EHBP1L1,3.344684e-05,IntegratedGradients
Erlotinib,0,,cnv,FAM89B,2.3573388e-05,IntegratedGradients
Erlotinib,0,,cnv,SSSCA1-AS1,3.1740758e-05,IntegratedGradients
Erlotinib,0,,cnv,RIMS4,3.0291758e-05,IntegratedGradients
Erlotinib,0,,cnv,KCNK15,2.8626728e-05,IntegratedGradients
Erlotinib,0,,cnv,LTBP3,2.5003237e-05,IntegratedGradients
Erlotinib,0,,cnv,MYLK2,2.7879203e-05,IntegratedGradients
Erlotinib,0,,cnv,RGS19,2.9379124e-05,IntegratedGradients
Erlotinib,0,,cnv,RD3L,2.1423155e-05,IntegratedGradients
Erlotinib,0,,cnv,SCYL1,3.0478423e-05,IntegratedGradients
Erlotinib,0,,cnv,WISP2,2.615246e-05,IntegratedGradients
Erlotinib,0,,cnv,TCEA2,2.6318312e-05,IntegratedGradients
Erlotinib,0,,cnv,SOX18,2.3924551e-05,IntegratedGradients
Erlotinib,0,,cnv,DDHD1,1.9829915e-05,IntegratedGradients
Erlotinib,0,,cnv,FAM131B,9.689417e-05,IntegratedGradients
Erlotinib,0,,cnv,ZYX,0.00010373832,IntegratedGradients
Erlotinib,0,,cnv,B4GALT5,3.355613e-05,IntegratedGradients
Erlotinib,0,,cnv,DMAC2L,1.8135106e-05,IntegratedGradients
Erlotinib,0,,cnv,ERV3-1,3.1594172e-05,IntegratedGradients
Erlotinib,0,,cnv,ZNF117,2.4395733e-05,IntegratedGradients
Erlotinib,0,,cnv,NEAT1,2.5531983e-05,IntegratedGradients
Erlotinib,0,,cnv,EFEMP2,3.552889e-05,IntegratedGradients
Erlotinib,0,,cnv,MUS81,3.1789274e-05,IntegratedGradients
Erlotinib,0,,cnv,SART1,3.295011e-05,IntegratedGradients
Erlotinib,0,,cnv,MIR196B,2.046627e-05,IntegratedGradients
Erlotinib,0,,cnv,HOXA10-AS,2.9694687e-05,IntegratedGradients
Erlotinib,0,,cnv,HOXA9,2.7214515e-05,IntegratedGradients
Erlotinib,0,,cnv,HOXA10,1.8712017e-05,IntegratedGradients
Erlotinib,0,,cnv,HOXA11,2.5075282e-05,IntegratedGradients
Erlotinib,0,,cnv,HOXA10-HOXA9,2.5703164e-05,IntegratedGradients
Erlotinib,0,,cnv,POLE2,2.0645899e-05,IntegratedGradients
Erlotinib,0,,cnv,GSDME,2.4353016e-05,IntegratedGradients
Erlotinib,0,,cnv,CFL1,2.7504386e-05,IntegratedGradients
Erlotinib,0,,cnv,HOXA1,2.0800282e-05,IntegratedGradients
Erlotinib,0,,cnv,HOXA2,2.4962055e-05,IntegratedGradients
Erlotinib,0,,cnv,HOXA4,2.0949698e-05,IntegratedGradients
Erlotinib,0,,cnv,HOTAIRM1,1.860119e-05,IntegratedGradients
Erlotinib,0,,cnv,HOXA-AS3,2.9402758e-05,IntegratedGradients
Erlotinib,0,,cnv,HOXA7,2.7573176e-05,IntegratedGradients
Erlotinib,0,,cnv,HOXA6,2.738817e-05,IntegratedGradients
Erlotinib,0,,cnv,HOXA5,2.9419854e-05,IntegratedGradients
Erlotinib,0,,cnv,HOXA3,2.874068e-05,IntegratedGradients
Erlotinib,0,,cnv,CASP2,0.00010612412,IntegratedGradients
Erlotinib,0,,cnv,TMEM139,9.4144656e-05,IntegratedGradients
Erlotinib,0,,cnv,KCNB1,2.4733165e-05,IntegratedGradients
Erlotinib,0,,cnv,FRMD6-AS2,2.207406e-05,IntegratedGradients
Erlotinib,0,,cnv,MAPRE1,2.0424097e-05,IntegratedGradients
Erlotinib,0,,cnv,VCPKMT,2.0857864e-05,IntegratedGradients
Erlotinib,0,,cnv,LINC01599,1.5532562e-05,IntegratedGradients
Erlotinib,0,,cnv,SEMA4A,2.4604931e-05,IntegratedGradients
Erlotinib,0,,cnv,TDRD9,1.7719534e-05,IntegratedGradients
Erlotinib,0,,cnv,SKAP2,2.9413095e-05,IntegratedGradients
Erlotinib,0,,cnv,C7orf71,2.1125785e-05,IntegratedGradients
Erlotinib,0,,cnv,OPRL1,2.3635199e-05,IntegratedGradients
Erlotinib,0,,cnv,CYCS,2.4045916e-05,IntegratedGradients
Erlotinib,0,,cnv,AKR1B10,7.20914e-05,IntegratedGradients
Erlotinib,0,,cnv,MIR4650-2,2.9705192e-05,IntegratedGradients
Erlotinib,0,,cnv,GHRHR,2.6575477e-05,IntegratedGradients
Erlotinib,0,,cnv,LINC01588,2.040778e-05,IntegratedGradients
Erlotinib,0,,cnv,ADCYAP1R1,2.912675e-05,IntegratedGradients
Erlotinib,0,,cnv,TMX1,2.0374135e-05,IntegratedGradients
Erlotinib,0,,cnv,LINC00174,2.7119839e-05,IntegratedGradients
Erlotinib,0,,cnv,KCTD7,2.5783851e-05,IntegratedGradients
Erlotinib,0,,cnv,RABGEF1,2.7645e-05,IntegratedGradients
Erlotinib,0,,cnv,CTSW,3.083251e-05,IntegratedGradients
Erlotinib,0,,cnv,CCDC85B,3.369513e-05,IntegratedGradients
Erlotinib,0,,cnv,FIBP,3.6087033e-05,IntegratedGradients
Erlotinib,0,,cnv,FOSL1,2.5794901e-05,IntegratedGradients
Erlotinib,0,,cnv,LINC00640,1.8708539e-05,IntegratedGradients
Erlotinib,0,,cnv,AKR1B15,8.071995e-05,IntegratedGradients
Erlotinib,0,,cnv,GSTK1,0.000108970875,IntegratedGradients
Erlotinib,0,,cnv,SLC17A9,2.6304844e-05,IntegratedGradients
Erlotinib,0,,cnv,NT5C3A,2.5073576e-05,IntegratedGradients
Erlotinib,0,,cnv,GS1-124K5.11,2.4751023e-05,IntegratedGradients
Erlotinib,0,,cnv,KIAA0087,2.9443052e-05,IntegratedGradients
Erlotinib,0,,cnv,OR9A2,0.000104832114,IntegratedGradients
Erlotinib,0,,cnv,CHN2,2.8182938e-05,IntegratedGradients
Erlotinib,0,,cnv,LGALS3,1.8744837e-05,IntegratedGradients
Erlotinib,0,,cnv,DLGAP5,1.8498122e-05,IntegratedGradients
Erlotinib,0,,cnv,MYO1G,2.1005046e-05,IntegratedGradients
Erlotinib,0,,cnv,NPBWR2,2.6133039e-05,IntegratedGradients
Erlotinib,0,,cnv,FBXO34,2.3889188e-05,IntegratedGradients
Erlotinib,0,,cnv,OSBPL3,2.9419833e-05,IntegratedGradients
Erlotinib,0,,cnv,ATP5MPL,2.4782621e-05,IntegratedGradients
Erlotinib,0,,cnv,SPDYE7P,2.1936708e-05,IntegratedGradients
Erlotinib,0,,cnv,POM121,1.9684056e-05,IntegratedGradients
Erlotinib,0,,cnv,LINC00605,3.0761712e-05,IntegratedGradients
Erlotinib,0,,cnv,C7orf31,2.2127908e-05,IntegratedGradients
Erlotinib,0,,cnv,LINC00637,2.2212716e-05,IntegratedGradients
Erlotinib,0,,cnv,GID8,2.7781709e-05,IntegratedGradients
Erlotinib,0,,cnv,SNORA28,3.38592e-05,IntegratedGradients
Erlotinib,0,,cnv,EIF5,3.434765e-05,IntegratedGradients
Erlotinib,0,,cnv,NFE2L3,2.4898603e-05,IntegratedGradients
Erlotinib,0,,cnv,POLR2J2,1.990278e-05,IntegratedGradients
Erlotinib,0,,cnv,SPDYE2B,1.2534811e-05,IntegratedGradients
Erlotinib,0,,cnv,RASA4,1.4956019e-05,IntegratedGradients
Erlotinib,0,,cnv,KEL,0.00011071655,IntegratedGradients
Erlotinib,0,,cnv,LLCFC1,0.00010507754,IntegratedGradients
Erlotinib,0,,cnv,DPY19L1,2.1100372e-05,IntegratedGradients
Erlotinib,0,,cnv,FAM185A,1.9480874e-05,IntegratedGradients
Erlotinib,0,,cnv,FOXN3,4.0980838e-05,IntegratedGradients
Erlotinib,0,,cnv,CBX3,2.6970067e-05,IntegratedGradients
Erlotinib,0,,cnv,HNRNPA2B1,2.3383485e-05,IntegratedGradients
Erlotinib,0,,cnv,TRIL,2.3574657e-05,IntegratedGradients
Erlotinib,0,,cnv,FLJ40288,5.4138673e-05,IntegratedGradients
Erlotinib,0,,cnv,POU6F2,1.3517301e-05,IntegratedGradients
Erlotinib,0,,cnv,MYT1,2.3277964e-05,IntegratedGradients
Erlotinib,0,,cnv,DNMT3B,2.1623146e-05,IntegratedGradients
Erlotinib,0,,cnv,TM9SF4,2.3286739e-05,IntegratedGradients
Erlotinib,0,,cnv,SLC25A44,1.929993e-05,IntegratedGradients
Erlotinib,0,,cnv,PROX2,2.6150627e-05,IntegratedGradients
Erlotinib,0,,cnv,LOC441204,1.895791e-05,IntegratedGradients
Erlotinib,0,,cnv,POU6F2-AS1,1.9533167e-05,IntegratedGradients
Erlotinib,0,,cnv,YLPM1,2.4420224e-05,IntegratedGradients
Erlotinib,0,,cnv,TBPL2,1.7322245e-05,IntegratedGradients
Erlotinib,0,,cnv,LOC100130673,2.4943798e-05,IntegratedGradients
Erlotinib,0,,cnv,COMMD7,2.333682e-05,IntegratedGradients
Erlotinib,0,,cnv,TRPV5,0.000102306774,IntegratedGradients
Erlotinib,0,,cnv,LSM5,3.0535564e-05,IntegratedGradients
Erlotinib,0,,cnv,PODXL,7.3161274e-05,IntegratedGradients
Erlotinib,0,,cnv,WIPF3,2.8672699e-05,IntegratedGradients
Erlotinib,0,,cnv,DPY19L2P3,2.3333461e-05,IntegratedGradients
Erlotinib,0,,cnv,GARS-DT,2.218092e-05,IntegratedGradients
Erlotinib,0,,cnv,NPSR1,2.2387194e-05,IntegratedGradients
Erlotinib,0,,cnv,NOD1,2.3878982e-05,IntegratedGradients
Erlotinib,0,,cnv,GGCT,2.3965871e-05,IntegratedGradients
Erlotinib,0,,cnv,C20orf203,2.0090249e-05,IntegratedGradients
Erlotinib,0,,cnv,SNORA5B,1.9535444e-05,IntegratedGradients
Erlotinib,0,,cnv,RPS6KL1,3.0549858e-05,IntegratedGradients
Erlotinib,0,,cnv,MIR550A3,2.8109773e-05,IntegratedGradients
Erlotinib,0,,cnv,TPST1,2.9860385e-05,IntegratedGradients
Erlotinib,0,,cnv,DLK1,2.6226273e-05,IntegratedGradients
Erlotinib,0,,cnv,VPS41,1.8724699e-05,IntegratedGradients
Erlotinib,0,,cnv,DLST,2.729542e-05,IntegratedGradients
Erlotinib,0,,cnv,MAPK1IP1L,2.009687e-05,IntegratedGradients
Erlotinib,0,,cnv,OVOL1,3.199939e-05,IntegratedGradients
Erlotinib,0,,cnv,GTF2IRD2P1,1.8054665e-05,IntegratedGradients
Erlotinib,0,,cnv,GARS,2.3573635e-05,IntegratedGradients
Erlotinib,0,,cnv,SNORD114-28,2.1130641e-05,IntegratedGradients
Erlotinib,0,,cnv,MIR376B,2.1042539e-05,IntegratedGradients
Erlotinib,0,,cnv,MIR376A1,2.3597957e-05,IntegratedGradients
Erlotinib,0,,cnv,MIR379,2.360953e-05,IntegratedGradients
Erlotinib,0,,cnv,MIR494,2.767434e-05,IntegratedGradients
Erlotinib,0,,cnv,SNORD114-26,2.1329239e-05,IntegratedGradients
Erlotinib,0,,cnv,SNORD114-25,2.5773903e-05,IntegratedGradients
Erlotinib,0,,cnv,MIR376C,2.5912157e-05,IntegratedGradients
Erlotinib,0,,cnv,SNORD114-29,2.1991344e-05,IntegratedGradients
Erlotinib,0,,cnv,SNORD114-30,2.3398565e-05,IntegratedGradients
Erlotinib,0,,cnv,MIR323A,2.1623116e-05,IntegratedGradients
Erlotinib,0,,cnv,MIR300,2.5973473e-05,IntegratedGradients
Erlotinib,0,,cnv,SNORD114-17,2.5759538e-05,IntegratedGradients
Erlotinib,0,,cnv,SNORD114-16,2.5915107e-05,IntegratedGradients
Erlotinib,0,,cnv,SNORD114-31,2.4456474e-05,IntegratedGradients
Erlotinib,0,,cnv,MIR758,2.5992475e-05,IntegratedGradients
Erlotinib,0,,cnv,SNORD114-9,2.7721642e-05,IntegratedGradients
Erlotinib,0,,cnv,MIR495,2.4105268e-05,IntegratedGradients
Erlotinib,0,,cnv,SNORD114-12,2.8663271e-05,IntegratedGradients
Erlotinib,0,,cnv,SNORD114-11,2.5820502e-05,IntegratedGradients
Erlotinib,0,,cnv,MIR329-1,2.3996967e-05,IntegratedGradients
Erlotinib,0,,cnv,MIR329-2,2.5229981e-05,IntegratedGradients
Erlotinib,0,,cnv,MIR411,2.6260119e-05,IntegratedGradients
Erlotinib,0,,cnv,SNORD114-10,2.2805869e-05,IntegratedGradients
Erlotinib,0,,cnv,SNORD114-13,2.4263041e-05,IntegratedGradients
Erlotinib,0,,cnv,SNORD114-27,2.2166609e-05,IntegratedGradients
Erlotinib,0,,cnv,MIR654,2.3560726e-05,IntegratedGradients
Erlotinib,0,,cnv,SNORD114-15,2.4472038e-05,IntegratedGradients
Erlotinib,0,,cnv,SNORD114-19,2.3614877e-05,IntegratedGradients
Erlotinib,0,,cnv,SNORD114-18,2.6131407e-05,IntegratedGradients
Erlotinib,0,,cnv,SNORD114-24,2.2722417e-05,IntegratedGradients
Erlotinib,0,,cnv,SNORD114-21,2.3966788e-05,IntegratedGradients
Erlotinib,0,,cnv,MIR380,2.4709072e-05,IntegratedGradients
Erlotinib,0,,cnv,SNORD114-20,2.26347e-05,IntegratedGradients
Erlotinib,0,,cnv,SNORD114-22,2.6937769e-05,IntegratedGradients
Erlotinib,0,,cnv,SNORD114-23,2.1875656e-05,IntegratedGradients
Erlotinib,0,,cnv,MIR299,2.570611e-05,IntegratedGradients
Erlotinib,0,,cnv,MIR1197,1.9474472e-05,IntegratedGradients
Erlotinib,0,,cnv,MIR543,2.595964e-05,IntegratedGradients
Erlotinib,0,,cnv,SNORD114-14,2.5926418e-05,IntegratedGradients
Erlotinib,0,,cnv,MIR376A2,2.6356929e-05,IntegratedGradients
Erlotinib,0,,cnv,MIR1193,2.3205419e-05,IntegratedGradients
Erlotinib,0,,cnv,EPHB6,9.4583374e-05,IntegratedGradients
Erlotinib,0,,cnv,SNORD113-5,2.561695e-05,IntegratedGradients
Erlotinib,0,,cnv,SNORD113-2,2.568552e-05,IntegratedGradients
Erlotinib,0,,cnv,SNORD113-6,2.4571611e-05,IntegratedGradients
Erlotinib,0,,cnv,MIR433,2.820143e-05,IntegratedGradients
Erlotinib,0,,cnv,MIR432,2.7684775e-05,IntegratedGradients
Erlotinib,0,,cnv,MIR493,2.5115147e-05,IntegratedGradients
Erlotinib,0,,cnv,MIR136,2.5713834e-05,IntegratedGradients
Erlotinib,0,,cnv,MIR337,2.4702415e-05,IntegratedGradients
Erlotinib,0,,cnv,MIR127,2.774016e-05,IntegratedGradients
Erlotinib,0,,cnv,MEG8,2.4154542e-05,IntegratedGradients
Erlotinib,0,,cnv,MIR770,1.9324236e-05,IntegratedGradients
Erlotinib,0,,cnv,SNORD113-4,2.558378e-05,IntegratedGradients
Erlotinib,0,,cnv,MIR665,2.8345998e-05,IntegratedGradients
Erlotinib,0,,cnv,RTL1,2.4267105e-05,IntegratedGradients
Erlotinib,0,,cnv,MIR431,2.3090637e-05,IntegratedGradients
Erlotinib,0,,cnv,SNORD113-1,2.5882715e-05,IntegratedGradients
Erlotinib,0,,cnv,MEG3,2.36405e-05,IntegratedGradients
Erlotinib,0,,cnv,MIR2392,2.3679713e-05,IntegratedGradients
Erlotinib,0,,cnv,NCOA6,3.1921678e-05,IntegratedGradients
Erlotinib,0,,cnv,TP53INP2,3.0397217e-05,IntegratedGradients
Erlotinib,0,,cnv,SNORD114-4,2.7219101e-05,IntegratedGradients
Erlotinib,0,,cnv,SNORD114-2,2.562291e-05,IntegratedGradients
Erlotinib,0,,cnv,SNORD114-5,2.2934513e-05,IntegratedGradients
Erlotinib,0,,cnv,SNORD114-3,2.4542123e-05,IntegratedGradients
Erlotinib,0,,cnv,SNORD114-1,2.5740776e-05,IntegratedGradients
Erlotinib,0,,cnv,SNORD113-9,2.517823e-05,IntegratedGradients
Erlotinib,0,,cnv,SNORD114-6,2.5279376e-05,IntegratedGradients
Erlotinib,0,,cnv,SNORD114-8,2.4019408e-05,IntegratedGradients
Erlotinib,0,,cnv,SNORD114-7,2.3608149e-05,IntegratedGradients
Erlotinib,0,,cnv,DKFZP586I1420,2.4534456e-05,IntegratedGradients
Erlotinib,0,,cnv,TBX20,2.0613355e-05,IntegratedGradients
Erlotinib,0,,cnv,PCNX4,2.8190047e-05,IntegratedGradients
Erlotinib,0,,cnv,FKBP9,2.1189777e-05,IntegratedGradients
Erlotinib,0,,cnv,MINDY4,2.5973013e-05,IntegratedGradients
Erlotinib,0,,cnv,INMT-MINDY4,2.8912253e-05,IntegratedGradients
Erlotinib,0,,cnv,PRR15,2.6835178e-05,IntegratedGradients
Erlotinib,0,,cnv,STAG3L4,2.5551826e-05,IntegratedGradients
Erlotinib,0,,cnv,LOC646762,2.6781616e-05,IntegratedGradients
Erlotinib,0,,cnv,SNX10,2.4730514e-05,IntegratedGradients
Erlotinib,0,,cnv,ARF6,2.3648246e-05,IntegratedGradients
Erlotinib,0,,cnv,PPP1R17,2.275768e-05,IntegratedGradients
Erlotinib,0,,cnv,CRHR2,3.4094934e-05,IntegratedGradients
Erlotinib,0,,cnv,RP9P,2.3443157e-05,IntegratedGradients
Erlotinib,0,,cnv,EEPD1,2.6476784e-05,IntegratedGradients
Erlotinib,0,,cnv,AOAH,1.7771108e-05,IntegratedGradients
Erlotinib,0,,cnv,MEF2D,2.280625e-05,IntegratedGradients
Erlotinib,0,,cnv,PGF,2.8570117e-05,IntegratedGradients
Erlotinib,0,,cnv,SCRN1,2.4286941e-05,IntegratedGradients
Erlotinib,0,,cnv,TOX2,3.266494e-05,IntegratedGradients
Erlotinib,0,,cnv,AOAH-IT1,2.802661e-05,IntegratedGradients
Erlotinib,0,,cnv,RPL13AP3,2.1741265e-05,IntegratedGradients
Erlotinib,0,,cnv,LINC00520,2.0673431e-05,IntegratedGradients
Erlotinib,0,,cnv,ATG14,2.2330165e-05,IntegratedGradients
Erlotinib,0,,cnv,DHRS7,2.6723921e-05,IntegratedGradients
Erlotinib,0,,cnv,PPM1A,2.0939577e-05,IntegratedGradients
Erlotinib,0,,cnv,ZMIZ2,2.0611815e-05,IntegratedGradients
Erlotinib,0,,cnv,PLAGL2,2.7719701e-05,IntegratedGradients
Erlotinib,0,,cnv,TSPY26P,2.4153876e-05,IntegratedGradients
Erlotinib,0,,cnv,POFUT1,2.2820122e-05,IntegratedGradients
Erlotinib,0,,cnv,MIR148A,2.5377018e-05,IntegratedGradients
Erlotinib,0,,cnv,DPY19L2P1,2.3717184e-05,IntegratedGradients
Erlotinib,0,,cnv,SH2B2,1.2118722e-05,IntegratedGradients
Erlotinib,0,,cnv,LOC646999,1.9219093e-05,IntegratedGradients
Erlotinib,0,,cnv,RALA,2.4176734e-05,IntegratedGradients
Erlotinib,0,,cnv,YAE1,1.7661196e-05,IntegratedGradients
Erlotinib,0,,cnv,KIAA0895,2.3894905e-05,IntegratedGradients
Erlotinib,0,,cnv,TRPV6,0.00011083837,IntegratedGradients
Erlotinib,0,,cnv,MARK3,3.2323875e-05,IntegratedGradients
Erlotinib,0,,cnv,SNORA9,2.5331474e-05,IntegratedGradients
Erlotinib,0,,cnv,SNHG15,2.4550356e-05,IntegratedGradients
Erlotinib,0,,cnv,CCM2,2.4973397e-05,IntegratedGradients
Erlotinib,0,,cnv,ITPRID1,2.850443e-05,IntegratedGradients
Erlotinib,0,,cnv,EFCAB11,4.068944e-05,IntegratedGradients
Erlotinib,0,,cnv,PTPN21,4.1373598e-05,IntegratedGradients
Erlotinib,0,,cnv,OGDH,2.2269658e-05,IntegratedGradients
Erlotinib,0,,cnv,PPIA,2.031323e-05,IntegratedGradients
Erlotinib,0,,cnv,RNU6-16P,2.4631545e-05,IntegratedGradients
Erlotinib,0,,cnv,AQP1,2.3241839e-05,IntegratedGradients
Erlotinib,0,,cnv,ANLN,2.0762214e-05,IntegratedGradients
Erlotinib,0,,cnv,STARD3NL,2.366054e-05,IntegratedGradients
Erlotinib,0,,cnv,H2AFV,2.5001747e-05,IntegratedGradients
Erlotinib,0,,cnv,PURB,2.295008e-05,IntegratedGradients
Erlotinib,0,,cnv,TIGD3,3.0410663e-05,IntegratedGradients
Erlotinib,0,,cnv,TNFAIP2,3.1908603e-05,IntegratedGradients
Erlotinib,0,,cnv,SLC2A10,2.7237913e-05,IntegratedGradients
Erlotinib,0,,cnv,FAM183BP,2.1345235e-05,IntegratedGradients
Erlotinib,0,,cnv,MIR550A2,2.8254964e-05,IntegratedGradients
Erlotinib,0,,cnv,MIR550B2,3.0168094e-05,IntegratedGradients
Erlotinib,0,,cnv,ZNRF2P1,2.7355467e-05,IntegratedGradients
Erlotinib,0,,cnv,LINC00997,2.7763996e-05,IntegratedGradients
Erlotinib,0,,cnv,MIR381,2.5689353e-05,IntegratedGradients
Erlotinib,0,,cnv,MIR134,2.8044326e-05,IntegratedGradients
Erlotinib,0,,cnv,MIR412,2.4756178e-05,IntegratedGradients
Erlotinib,0,,cnv,MIR485,2.722723e-05,IntegratedGradients
Erlotinib,0,,cnv,MIR1185-2,2.3915547e-05,IntegratedGradients
Erlotinib,0,,cnv,MIR889,2.2171891e-05,IntegratedGradients
Erlotinib,0,,cnv,MEG9,2.512324e-05,IntegratedGradients
Erlotinib,0,,cnv,MIR539,2.5892537e-05,IntegratedGradients
Erlotinib,0,,cnv,MIR541,2.4565743e-05,IntegratedGradients
Erlotinib,0,,cnv,MIR154,2.704188e-05,IntegratedGradients
Erlotinib,0,,cnv,MIR369,2.6788008e-05,IntegratedGradients
Erlotinib,0,,cnv,MIR410,2.3337774e-05,IntegratedGradients
Erlotinib,0,,cnv,MIR496,2.499189e-05,IntegratedGradients
Erlotinib,0,,cnv,MIR487B,2.7018228e-05,IntegratedGradients
Erlotinib,0,,cnv,MIR377,2.5133211e-05,IntegratedGradients
Erlotinib,0,,cnv,MIR668,2.2392216e-05,IntegratedGradients
Erlotinib,0,,cnv,MIR656,2.4829897e-05,IntegratedGradients
Erlotinib,0,,cnv,MIR409,2.096826e-05,IntegratedGradients
Erlotinib,0,,cnv,MIR323B,2.250791e-05,IntegratedGradients
Erlotinib,0,,cnv,MIR382,2.5700536e-05,IntegratedGradients
Erlotinib,0,,cnv,MIR655,2.3113857e-05,IntegratedGradients
Erlotinib,0,,cnv,MIR487A,2.8279655e-05,IntegratedGradients
Erlotinib,0,,cnv,LOC100289561,1.8225082e-05,IntegratedGradients
Erlotinib,0,,cnv,SPDYE6,1.5958038e-05,IntegratedGradients
Erlotinib,0,,cnv,LOC100630923,2.6743208e-05,IntegratedGradients
Erlotinib,0,,cnv,INMT,2.4325082e-05,IntegratedGradients
Erlotinib,0,,cnv,NPSR1-AS1,1.5660353e-05,IntegratedGradients
Erlotinib,0,,cnv,MIR550B1,2.3706576e-05,IntegratedGradients
Erlotinib,0,,cnv,ZNRF2,2.096562e-05,IntegratedGradients
Erlotinib,0,,cnv,MIR550A1,1.8412573e-05,IntegratedGradients
Erlotinib,0,,cnv,PLEKHA8,1.7644266e-05,IntegratedGradients
Erlotinib,0,,cnv,FKBP14,2.1123567e-05,IntegratedGradients
Erlotinib,0,,cnv,BPIFB6,2.7797172e-05,IntegratedGradients
Erlotinib,0,,cnv,BPIFB2,2.4104007e-05,IntegratedGradients
Erlotinib,0,,cnv,KLHDC1,1.9559075e-05,IntegratedGradients
Erlotinib,0,,cnv,PMS2P4,2.3959292e-05,IntegratedGradients
Erlotinib,0,,cnv,LINC00265,1.9014487e-05,IntegratedGradients
Erlotinib,0,,cnv,RP9,3.1435506e-05,IntegratedGradients
Erlotinib,0,,cnv,EXOC3L4,3.0550385e-05,IntegratedGradients
Erlotinib,0,,cnv,KLHDC2,2.5217496e-05,IntegratedGradients
Erlotinib,0,,cnv,TOMM34,2.8562667e-05,IntegratedGradients
Erlotinib,0,,cnv,SNX32,2.401639e-05,IntegratedGradients
Erlotinib,0,,cnv,BPIFB3,2.4770672e-05,IntegratedGradients
Erlotinib,0,,cnv,BPIFB4,2.2050763e-05,IntegratedGradients
Erlotinib,0,,cnv,CYP3A7,2.343943e-05,IntegratedGradients
Erlotinib,0,,cnv,CYP3A7-CYP3A51P,2.3389981e-05,IntegratedGradients
Erlotinib,0,,cnv,OCSTAMP,2.8043994e-05,IntegratedGradients
Erlotinib,0,,cnv,SEMG2,2.7590875e-05,IntegratedGradients
Erlotinib,0,,cnv,SEMG1,2.9352737e-05,IntegratedGradients
Erlotinib,0,,cnv,OSER1,2.3022021e-05,IntegratedGradients
Erlotinib,0,,cnv,SPATA7,3.7066457e-05,IntegratedGradients
Erlotinib,0,,cnv,FBXL13,1.790443e-05,IntegratedGradients
Erlotinib,0,,cnv,LOC349160,9.441928e-05,IntegratedGradients
Erlotinib,0,,cnv,MIR490,9.2325296e-05,IntegratedGradients
Erlotinib,0,,cnv,CHRM2,8.695858e-05,IntegratedGradients
Erlotinib,0,,cnv,PRSS37,0.00010182223,IntegratedGradients
Erlotinib,0,,cnv,ZNF124,4.4097862e-05,IntegratedGradients
Erlotinib,0,,cnv,C1orf229,2.951434e-05,IntegratedGradients
Erlotinib,0,,cnv,ZNF669,2.307094e-05,IntegratedGradients
Erlotinib,0,,cnv,KCNK13,3.7864636e-05,IntegratedGradients
Erlotinib,0,,cnv,SLC25A45,3.2962635e-05,IntegratedGradients
Erlotinib,0,,cnv,FRMD8,3.3521406e-05,IntegratedGradients
Erlotinib,0,,cnv,YY1,2.9555918e-05,IntegratedGradients
Erlotinib,0,,cnv,TP53RK,3.1313266e-05,IntegratedGradients
Erlotinib,0,,cnv,MIR1257,2.1015365e-05,IntegratedGradients
Erlotinib,0,,cnv,CDH4,2.7267837e-05,IntegratedGradients
Erlotinib,0,,cnv,CBLL1,4.710387e-05,IntegratedGradients
Erlotinib,0,,cnv,CUX1,1.3935136e-05,IntegratedGradients
Erlotinib,0,,cnv,ADSSL1,1.545998e-05,IntegratedGradients
Erlotinib,0,,cnv,KBTBD2,2.0594536e-05,IntegratedGradients
Erlotinib,0,,cnv,NEUROD6,2.10581e-05,IntegratedGradients
Erlotinib,0,,cnv,MIR499B,3.4752782e-05,IntegratedGradients
Erlotinib,0,,cnv,TRPC4AP,3.0904695e-05,IntegratedGradients
Erlotinib,0,,cnv,MIR499A,3.21357e-05,IntegratedGradients
Erlotinib,0,,cnv,SLC26A3,4.9660644e-05,IntegratedGradients
Erlotinib,0,,cnv,TDP1,3.9570747e-05,IntegratedGradients
Erlotinib,0,,cnv,ZBTB42,1.6704797e-05,IntegratedGradients
Erlotinib,0,,cnv,PABPC1L,2.8797802e-05,IntegratedGradients
Erlotinib,0,,cnv,MTURN,1.8784105e-05,IntegratedGradients
Erlotinib,0,,cnv,PI3,3.4311135e-05,IntegratedGradients
Erlotinib,0,,cnv,EIF1AD,2.6715594e-05,IntegratedGradients
Erlotinib,0,,cnv,BANF1,3.2312433e-05,IntegratedGradients
Erlotinib,0,,cnv,TTC8,4.165228e-05,IntegratedGradients
Erlotinib,0,,cnv,SUN5,2.8354021e-05,IntegratedGradients
Erlotinib,0,,cnv,AKT1,1.9429643e-05,IntegratedGradients
Erlotinib,0,,cnv,SIVA1,2.1382803e-05,IntegratedGradients
Erlotinib,0,,cnv,MIR4710,1.5347418e-05,IntegratedGradients
Erlotinib,0,,cnv,INF2,1.9733017e-05,IntegratedGradients
Erlotinib,0,,cnv,TAS2R5,0.000105085746,IntegratedGradients
Erlotinib,0,,cnv,EXOC4,8.40655e-05,IntegratedGradients
Erlotinib,0,,cnv,YWHAB,3.1681673e-05,IntegratedGradients
Erlotinib,0,,cnv,OSER1-DT,3.1522413e-05,IntegratedGradients
Erlotinib,0,,cnv,DEGS2,2.6270025e-05,IntegratedGradients
Erlotinib,0,,cnv,HERPUD2,2.3521534e-05,IntegratedGradients
Erlotinib,0,,cnv,FKBP6,2.0355035e-05,IntegratedGradients
Erlotinib,0,,cnv,STAG3L3,1.896944e-05,IntegratedGradients
Erlotinib,0,,cnv,SLC25A47,2.744475e-05,IntegratedGradients
Erlotinib,0,,cnv,SLC25A29,2.4847108e-05,IntegratedGradients
Erlotinib,0,,cnv,WARS,2.6589945e-05,IntegratedGradients
Erlotinib,0,,cnv,MIR345,2.3076529e-05,IntegratedGradients
Erlotinib,0,,cnv,JPH2,2.8011556e-05,IntegratedGradients
Erlotinib,0,,cnv,SS18L1,2.4699859e-05,IntegratedGradients
Erlotinib,0,,cnv,LSM14B,2.2644066e-05,IntegratedGradients
Erlotinib,0,,cnv,PSMA7,2.0741205e-05,IntegratedGradients
Erlotinib,0,,cnv,TMED4,1.7056665e-05,IntegratedGradients
Erlotinib,0,,cnv,LOC401324,1.517032e-05,IntegratedGradients
Erlotinib,0,,cnv,APOPT1,3.4965204e-05,IntegratedGradients
Erlotinib,0,,cnv,ZFYVE21,2.9775314e-05,IntegratedGradients
Erlotinib,0,,cnv,KLC1,3.380662e-05,IntegratedGradients
Erlotinib,0,,cnv,XRCC3,3.3125667e-05,IntegratedGradients
Erlotinib,0,,cnv,PPP1R13B,3.1294076e-05,IntegratedGradients
Erlotinib,0,,cnv,CKB,4.3331507e-05,IntegratedGradients
Erlotinib,0,,cnv,TRMT61A,3.240552e-05,IntegratedGradients
Erlotinib,0,,cnv,BAG5,3.1756532e-05,IntegratedGradients
Erlotinib,0,,cnv,RAMP3,2.441995e-05,IntegratedGradients
Erlotinib,0,,cnv,MGAM2,0.00010040834,IntegratedGradients
Erlotinib,0,,cnv,PCMTD2,2.7337195e-05,IntegratedGradients
Erlotinib,0,,cnv,ZNF496,3.371794e-05,IntegratedGradients
Erlotinib,0,,cnv,CINP,2.0520592e-05,IntegratedGradients
Erlotinib,0,,cnv,EML5,3.6786532e-05,IntegratedGradients
Erlotinib,0,,cnv,NOL4L-DT,2.2238317e-05,IntegratedGradients
Erlotinib,0,,cnv,GGT7,2.8815693e-05,IntegratedGradients
Erlotinib,0,,cnv,HMGB3P1,3.2233882e-05,IntegratedGradients
Erlotinib,0,,cnv,ZNF839,1.9109651e-05,IntegratedGradients
Erlotinib,0,,cnv,MTG2,2.4141573e-05,IntegratedGradients
Erlotinib,0,,cnv,BPIFA3,2.4635952e-05,IntegratedGradients
Erlotinib,0,,cnv,ZC3H14,4.642975e-05,IntegratedGradients
Erlotinib,0,,cnv,MIR4468,9.3526505e-05,IntegratedGradients
Erlotinib,0,,cnv,LRRC17,1.3797976e-05,IntegratedGradients
Erlotinib,0,,cnv,CLEC5A,0.00010462619,IntegratedGradients
Erlotinib,0,,cnv,TAS2R38,9.771595e-05,IntegratedGradients
Erlotinib,0,,cnv,OR9A4,0.00010404815,IntegratedGradients
Erlotinib,0,,cnv,MGAM,9.878419e-05,IntegratedGradients
Erlotinib,0,,cnv,CHCHD3,5.2732612e-05,IntegratedGradients
Erlotinib,0,,cnv,TAF4,2.3102804e-05,IntegratedGradients
Erlotinib,0,,cnv,TBRG4,2.0526213e-05,IntegratedGradients
Erlotinib,0,,cnv,NACAD,1.9747427e-05,IntegratedGradients
Erlotinib,0,,cnv,HRH3,2.5212317e-05,IntegratedGradients
Erlotinib,0,,cnv,ELMO1,1.828427e-05,IntegratedGradients
Erlotinib,0,,cnv,MIR5580,2.0002153e-05,IntegratedGradients
Erlotinib,0,,cnv,SP4,2.7275391e-05,IntegratedGradients
Erlotinib,0,,cnv,NRCAM,5.1425428e-05,IntegratedGradients
Erlotinib,0,,cnv,ARMC10,1.09161e-05,IntegratedGradients
Erlotinib,0,,cnv,KIAA1147,9.784434e-05,IntegratedGradients
Erlotinib,0,,cnv,NME8,1.982654e-05,IntegratedGradients
Erlotinib,0,,cnv,SFRP4,2.0845479e-05,IntegratedGradients
Erlotinib,0,,cnv,STEAP1B,2.582294e-05,IntegratedGradients
Erlotinib,0,,cnv,C14orf39,2.744548e-05,IntegratedGradients
Erlotinib,0,,cnv,LOC100129148,0.00010860323,IntegratedGradients
Erlotinib,0,,cnv,GSS,3.3410146e-05,IntegratedGradients
Erlotinib,0,,cnv,SLC13A3,2.7257343e-05,IntegratedGradients
Erlotinib,0,,cnv,DPF2,3.332763e-05,IntegratedGradients
Erlotinib,0,,cnv,MYH7B,3.6016354e-05,IntegratedGradients
Erlotinib,0,,cnv,ACSS2,3.552405e-05,IntegratedGradients
Erlotinib,0,,cnv,KIF3B,2.6226855e-05,IntegratedGradients
Erlotinib,0,,cnv,HSP90AA1,2.5944491e-05,IntegratedGradients
Erlotinib,0,,cnv,KLRG2,8.8553716e-05,IntegratedGradients
Erlotinib,0,,cnv,C7orf55-LUC7L2,0.000104802406,IntegratedGradients
Erlotinib,0,,cnv,FMC1,0.00010789548,IntegratedGradients
Erlotinib,0,,cnv,LUC7L2,0.00010180338,IntegratedGradients
Erlotinib,0,,cnv,ALKBH4,2.131267e-05,IntegratedGradients
Erlotinib,0,,cnv,ZSCAN25,1.3777866e-05,IntegratedGradients
Erlotinib,0,,cnv,WEE2,0.00010298867,IntegratedGradients
Erlotinib,0,,cnv,WEE2-AS1,9.708133e-05,IntegratedGradients
Erlotinib,0,,cnv,BCAP29,5.8508693e-05,IntegratedGradients
Erlotinib,0,,cnv,DUS4L,4.5938283e-05,IntegratedGradients
Erlotinib,0,,cnv,PDIA4,0.00011476829,IntegratedGradients
Erlotinib,0,,cnv,EPDR1,2.50324e-05,IntegratedGradients
Erlotinib,0,,cnv,BUD31,1.7762215e-05,IntegratedGradients
Erlotinib,0,,cnv,PPP2R5C,3.3927525e-05,IntegratedGradients
Erlotinib,0,,cnv,CYP3A4,2.5346666e-05,IntegratedGradients
Erlotinib,0,,cnv,BPIFA4P,2.3624092e-05,IntegratedGradients
Erlotinib,0,,cnv,BPIFA2,2.18188e-05,IntegratedGradients
Erlotinib,0,,cnv,STK4-AS1,2.682581e-05,IntegratedGradients
Erlotinib,0,,cnv,STK4,2.9364915e-05,IntegratedGradients
Erlotinib,0,,cnv,RAPGEF5,3.0114295e-05,IntegratedGradients
Erlotinib,0,,cnv,AVL9,2.802088e-05,IntegratedGradients
Erlotinib,0,,cnv,MIR3916,3.2357173e-05,IntegratedGradients
Erlotinib,0,,cnv,DYNC1H1,3.7089063e-05,IntegratedGradients
Erlotinib,0,,cnv,GCSAML-AS1,2.626924e-05,IntegratedGradients
Erlotinib,0,,cnv,OR2C3,3.3553766e-05,IntegratedGradients
Erlotinib,0,,cnv,GCSAML,3.233112e-05,IntegratedGradients
Erlotinib,0,,cnv,TMEM179,2.0658237e-05,IntegratedGradients
Erlotinib,0,,cnv,CYP3A5,1.5831494e-05,IntegratedGradients
Erlotinib,0,,cnv,KIAA1549,9.5742806e-05,IntegratedGradients
Erlotinib,0,,cnv,OR2W5,3.5472152e-05,IntegratedGradients
Erlotinib,0,,cnv,NDUFB1,2.7373811e-05,IntegratedGradients
Erlotinib,0,,cnv,CPSF2,2.4773633e-05,IntegratedGradients
Erlotinib,0,,cnv,CATSPER1,3.6678623e-05,IntegratedGradients
Erlotinib,0,,cnv,SIX6,2.7841555e-05,IntegratedGradients
Erlotinib,0,,cnv,TAS2R4,0.000107518084,IntegratedGradients
Erlotinib,0,,cnv,TAS2R3,9.851155e-05,IntegratedGradients
Erlotinib,0,,cnv,SSBP1,9.526864e-05,IntegratedGradients
Erlotinib,0,,cnv,OR2B11,2.5875304e-05,IntegratedGradients
Erlotinib,0,,cnv,NLRP3,3.276937e-05,IntegratedGradients
Erlotinib,0,,cnv,EIF2B2,2.9561708e-05,IntegratedGradients
Erlotinib,0,,cnv,MLH3,2.7407808e-05,IntegratedGradients
Erlotinib,0,,cnv,ZC2HC1C,3.4012563e-05,IntegratedGradients
Erlotinib,0,,cnv,ACYP1,3.930996e-05,IntegratedGradients
Erlotinib,0,,cnv,DLD,4.923236e-05,IntegratedGradients
Erlotinib,0,,cnv,TECPR2,3.6477864e-05,IntegratedGradients
Erlotinib,0,,cnv,SLC26A4,4.4171687e-05,IntegratedGradients
Erlotinib,0,,cnv,SLC26A4-AS1,4.9228904e-05,IntegratedGradients
Erlotinib,0,,cnv,CDCA4,2.611954e-05,IntegratedGradients
Erlotinib,0,,cnv,ZNF655,1.4930114e-05,IntegratedGradients
Erlotinib,0,,cnv,ZNF394,1.581473e-05,IntegratedGradients
Erlotinib,0,,cnv,TMEM225B,1.1634441e-05,IntegratedGradients
Erlotinib,0,,cnv,FAM200A,1.4816789e-05,IntegratedGradients
Erlotinib,0,,cnv,ZKSCAN5,1.6549942e-05,IntegratedGradients
Erlotinib,0,,cnv,UBE2Z,1.179661e-05,IntegratedGradients
Erlotinib,0,,cnv,AKR1D1,0.00010044584,IntegratedGradients
Erlotinib,0,,cnv,SEPT7P2,1.9202567e-05,IntegratedGradients
Erlotinib,0,,cnv,SLC35B4,7.364738e-05,IntegratedGradients
Erlotinib,0,,cnv,ORAI2,2.1539343e-05,IntegratedGradients
Erlotinib,0,,cnv,MOK,3.0133666e-05,IntegratedGradients
Erlotinib,0,,cnv,CDC42EP2,3.5879373e-05,IntegratedGradients
Erlotinib,0,,cnv,PRKRIP1,2.051306e-05,IntegratedGradients
Erlotinib,0,,cnv,CCZ1P-OR7E38P,1.4853191e-05,IntegratedGradients
Erlotinib,0,,cnv,CASTOR2,3.057374e-05,IntegratedGradients
Erlotinib,0,,cnv,GTF2IP1,2.332649e-05,IntegratedGradients
Erlotinib,0,,cnv,PTCD1,1.5396095e-05,IntegratedGradients
Erlotinib,0,,cnv,ATP5MF,1.8373277e-05,IntegratedGradients
Erlotinib,0,,cnv,ZNF789,1.5163506e-05,IntegratedGradients
Erlotinib,0,,cnv,ATP5MF-PTCD1,1.7643688e-05,IntegratedGradients
Erlotinib,0,,cnv,CPSF4,1.4483848e-05,IntegratedGradients
Erlotinib,0,,cnv,NRDE2,3.7136146e-05,IntegratedGradients
Erlotinib,0,,cnv,PSMC1,4.1442207e-05,IntegratedGradients
Erlotinib,0,,cnv,HIPK2,9.187197e-05,IntegratedGradients
Erlotinib,0,,cnv,CDK13,1.6180786e-05,IntegratedGradients
Erlotinib,0,,cnv,ADCY1,2.1014757e-05,IntegratedGradients
Erlotinib,0,,cnv,LAMB1,4.7457674e-05,IntegratedGradients
Erlotinib,0,,cnv,TNS3,3.0609e-05,IntegratedGradients
Erlotinib,0,,cnv,DDX56,1.8291226e-05,IntegratedGradients
Erlotinib,0,,cnv,LINC00239,3.328984e-05,IntegratedGradients
Erlotinib,0,,cnv,CLEC2L,0.0001018831,IntegratedGradients
Erlotinib,0,,cnv,ZNF777,9.814139e-05,IntegratedGradients
Erlotinib,0,,cnv,ATP5MC1,1.0919765e-05,IntegratedGradients
Erlotinib,0,,cnv,ZNF467,9.7535645e-05,IntegratedGradients
Erlotinib,0,,cnv,SSPO,0.00010878981,IntegratedGradients
Erlotinib,0,,cnv,ZNF862,0.00010128513,IntegratedGradients
Erlotinib,0,,cnv,NPC1L1,2.1206453e-05,IntegratedGradients
Erlotinib,0,,cnv,KCNS1,2.3223658e-05,IntegratedGradients
Erlotinib,0,,cnv,ZNF282,0.00010314714,IntegratedGradients
Erlotinib,0,,cnv,NEK9,3.395592e-05,IntegratedGradients
Erlotinib,0,,cnv,MIR5191,2.3302746e-05,IntegratedGradients
Erlotinib,0,,cnv,SIX1,2.080106e-05,IntegratedGradients
Erlotinib,0,,cnv,WFDC5,2.3616907e-05,IntegratedGradients
Erlotinib,0,,cnv,LOC155060,9.6677264e-05,IntegratedGradients
Erlotinib,0,,cnv,ZNF783,0.00010347243,IntegratedGradients
Erlotinib,0,,cnv,ZNF212,0.00010373578,IntegratedGradients
Erlotinib,0,,cnv,SEPT7,2.1552167e-05,IntegratedGradients
Erlotinib,0,,cnv,CNTNAP2,8.385441e-05,IntegratedGradients
Erlotinib,0,,cnv,SIX4,2.4213781e-05,IntegratedGradients
Erlotinib,0,,cnv,PGAM2,1.7104578e-05,IntegratedGradients
Erlotinib,0,,cnv,YKT6,1.7795222e-05,IntegratedGradients
Erlotinib,0,,cnv,GCK,1.8663533e-05,IntegratedGradients
Erlotinib,0,,cnv,SPDYE1,1.9909523e-05,IntegratedGradients
Erlotinib,0,,cnv,LINC00957,2.2227123e-05,IntegratedGradients
Erlotinib,0,,cnv,CAMK2B,2.1070666e-05,IntegratedGradients
Erlotinib,0,,cnv,MYL7,1.5637437e-05,IntegratedGradients
Erlotinib,0,,cnv,MIR4649,1.7957584e-05,IntegratedGradients
Erlotinib,0,,cnv,POLM,2.1276413e-05,IntegratedGradients
Erlotinib,0,,cnv,RASA4CP,2.3222121e-05,IntegratedGradients
Erlotinib,0,,cnv,DBNL,1.6263952e-05,IntegratedGradients
Erlotinib,0,,cnv,POLD2,2.0802558e-05,IntegratedGradients
Erlotinib,0,,cnv,AEBP1,1.8956543e-05,IntegratedGradients
Erlotinib,0,,cnv,ZNF398,9.1830065e-05,IntegratedGradients
Erlotinib,0,,cnv,ZNF786,0.00010588119,IntegratedGradients
Erlotinib,0,,cnv,ZNF425,0.00010535079,IntegratedGradients
Erlotinib,0,,cnv,NGB,1.7551754e-05,IntegratedGradients
Erlotinib,0,,cnv,POMT2,2.3034674e-05,IntegratedGradients
Erlotinib,0,,cnv,ABCB5,2.7740483e-05,IntegratedGradients
Erlotinib,0,,cnv,GSTZ1,2.3799314e-05,IntegratedGradients
Erlotinib,0,,cnv,TMED10,3.2651777e-05,IntegratedGradients
Erlotinib,0,,cnv,KRBA1,9.622414e-05,IntegratedGradients
Erlotinib,0,,cnv,MNAT1,2.4719617e-05,IntegratedGradients
Erlotinib,0,,cnv,ZNF746,0.000109887704,IntegratedGradients
Erlotinib,0,,cnv,ZNF334,2.9630968e-05,IntegratedGradients
Erlotinib,0,,cnv,CUL1,0.000107079264,IntegratedGradients
Erlotinib,0,,cnv,ASXL1,2.046737e-05,IntegratedGradients
Erlotinib,0,,cnv,ZNF663P,2.8303295e-05,IntegratedGradients
Erlotinib,0,,cnv,MKRN7P,3.1543022e-05,IntegratedGradients
Erlotinib,0,,cnv,PTGDR,2.673648e-05,IntegratedGradients
Erlotinib,0,,cnv,NOL4L,2.2394759e-05,IntegratedGradients
Erlotinib,0,,cnv,MIR644A,2.8646495e-05,IntegratedGradients
Erlotinib,0,,cnv,POLR2J4,1.8487342e-05,IntegratedGradients
Erlotinib,0,,cnv,VASH1,2.1747115e-05,IntegratedGradients
Erlotinib,0,,cnv,ZNF3,2.1301204e-05,IntegratedGradients
Erlotinib,0,,cnv,SAMD15,1.5097468e-05,IntegratedGradients
Erlotinib,0,,cnv,TMED8,1.6323083e-05,IntegratedGradients
Erlotinib,0,,cnv,CREB5,2.1863625e-05,IntegratedGradients
Erlotinib,0,,cnv,LINC01220,3.1286665e-05,IntegratedGradients
Erlotinib,0,,cnv,GPR141,2.1004846e-05,IntegratedGradients
Erlotinib,0,,cnv,ZSCAN21,3.299054e-05,IntegratedGradients
Erlotinib,0,,cnv,THAP5,5.3837484e-05,IntegratedGradients
Erlotinib,0,,cnv,VIPAS39,1.8716377e-05,IntegratedGradients
Erlotinib,0,,cnv,NOXRED1,1.5452732e-05,IntegratedGradients
Erlotinib,0,,cnv,COG5,4.1635813e-05,IntegratedGradients
Erlotinib,0,,cnv,HBP1,3.7834856e-05,IntegratedGradients
Erlotinib,0,,cnv,CGRRF1,1.3701451e-05,IntegratedGradients
Erlotinib,0,,cnv,SAMD4A,1.7943054e-05,IntegratedGradients
Erlotinib,0,,cnv,FRMD6-AS1,1.6617978e-05,IntegratedGradients
Erlotinib,0,,cnv,STAG3,3.493262e-05,IntegratedGradients
Erlotinib,0,,cnv,NUDCD3,1.744838e-05,IntegratedGradients
Erlotinib,0,,cnv,GPC2,2.4690398e-05,IntegratedGradients
Erlotinib,0,,cnv,LAMTOR4,2.6142265e-05,IntegratedGradients
Erlotinib,0,,cnv,GAL3ST4,2.7942653e-05,IntegratedGradients
Erlotinib,0,,cnv,C7orf43,2.74005e-05,IntegratedGradients
Erlotinib,0,,cnv,MIR4658,3.12325e-05,IntegratedGradients
Erlotinib,0,,cnv,COPS6,2.6647354e-05,IntegratedGradients
Erlotinib,0,,cnv,MCM7,2.8182723e-05,IntegratedGradients
Erlotinib,0,,cnv,PRSS58,0.00011734597,IntegratedGradients
Erlotinib,0,,cnv,GPR68,3.256877e-05,IntegratedGradients
Erlotinib,0,,cnv,CCDC88C,3.423147e-05,IntegratedGradients
Erlotinib,0,,cnv,ANGEL1,3.4404457e-05,IntegratedGradients
Erlotinib,0,,cnv,CDK14,4.7517493e-05,IntegratedGradients
Erlotinib,0,,cnv,JDP2,3.2441807e-05,IntegratedGradients
Erlotinib,0,,cnv,UBE2D4,1.8548966e-05,IntegratedGradients
Erlotinib,0,,cnv,MOXD2P,0.00012136918,IntegratedGradients
Erlotinib,0,,cnv,SERPINA13P,2.8875327e-05,IntegratedGradients
Erlotinib,0,,cnv,TPX2,2.4869303e-05,IntegratedGradients
Erlotinib,0,,cnv,SERPINA3,2.6312766e-05,IntegratedGradients
Erlotinib,0,,cnv,LRRC74A,3.000574e-05,IntegratedGradients
Erlotinib,0,,cnv,STAG3L2,2.828841e-05,IntegratedGradients
Erlotinib,0,,cnv,PMS2P5,2.254529e-05,IntegratedGradients
Erlotinib,0,,cnv,CLBA1,1.8847564e-05,IntegratedGradients
Erlotinib,0,,cnv,JAZF1-AS1,1.7997474e-05,IntegratedGradients
Erlotinib,0,,cnv,LINC00642,3.9247232e-05,IntegratedGradients
Erlotinib,0,,cnv,TBXAS1,9.3236806e-05,IntegratedGradients
Erlotinib,0,,cnv,NID2,2.1543643e-05,IntegratedGradients
Erlotinib,0,,cnv,RPL19P12,1.2974874e-05,IntegratedGradients
Erlotinib,0,,cnv,DPY19L2P2,1.3255767e-05,IntegratedGradients
Erlotinib,0,,cnv,MYL10,1.4180836e-05,IntegratedGradients
Erlotinib,0,,cnv,EML1,2.2682132e-05,IntegratedGradients
Erlotinib,0,,cnv,NRXN3,2.0398744e-05,IntegratedGradients
Erlotinib,0,,cnv,SERPINA4,2.6063764e-05,IntegratedGradients
Erlotinib,0,,cnv,MMP24,4.565743e-05,IntegratedGradients
Erlotinib,0,,cnv,DPY19L1P1,1.6926153e-05,IntegratedGradients
Erlotinib,0,,cnv,MIR106B,2.4197718e-05,IntegratedGradients
Erlotinib,0,,cnv,MIR93,2.411303e-05,IntegratedGradients
Erlotinib,0,,cnv,MIR25,2.7555174e-05,IntegratedGradients
Erlotinib,0,,cnv,TAF6,2.0379846e-05,IntegratedGradients
Erlotinib,0,,cnv,AP4M1,2.6637084e-05,IntegratedGradients
Erlotinib,0,,cnv,CNPY4,2.374676e-05,IntegratedGradients
Erlotinib,0,,cnv,SERPINA5,2.5077687e-05,IntegratedGradients
Erlotinib,0,,cnv,SPTLC2,2.3454582e-05,IntegratedGradients
Erlotinib,0,,cnv,AHNAK2,2.1773467e-05,IntegratedGradients
Erlotinib,0,,cnv,PLD4,2.1901937e-05,IntegratedGradients
Erlotinib,0,,cnv,PIGU,3.0336809e-05,IntegratedGradients
Erlotinib,0,,cnv,DYNLRB1,3.0714753e-05,IntegratedGradients
Erlotinib,0,,cnv,MAP1LC3A,2.8529766e-05,IntegratedGradients
Erlotinib,0,,cnv,MIR4650-1,1.9973193e-05,IntegratedGradients
Erlotinib,0,,cnv,POM121C,2.921344e-05,IntegratedGradients
Erlotinib,0,,cnv,NSUN5P1,1.903267e-05,IntegratedGradients
Erlotinib,0,,cnv,TYW1B,2.3611543e-05,IntegratedGradients
Erlotinib,0,,cnv,AREL1,3.4432855e-05,IntegratedGradients
Erlotinib,0,,cnv,MMP24OS,3.9977083e-05,IntegratedGradients
Erlotinib,0,,cnv,EIF6,3.2829535e-05,IntegratedGradients
Erlotinib,0,,cnv,MIR4308,1.5799436e-05,IntegratedGradients
Erlotinib,0,,cnv,GCH1,1.9137167e-05,IntegratedGradients
Erlotinib,0,,cnv,PTN,8.49051e-05,IntegratedGradients
Erlotinib,0,,cnv,CDCA7L,2.2841214e-05,IntegratedGradients
Erlotinib,0,,cnv,FCF1,2.667942e-05,IntegratedGradients
Erlotinib,0,,cnv,DCAF4,1.5952499e-05,IntegratedGradients
Erlotinib,0,,cnv,NAPEPLD,1.6016953e-05,IntegratedGradients
Erlotinib,0,,cnv,RCC1L,3.0026247e-05,IntegratedGradients
Erlotinib,0,,cnv,CDKN3,2.4049372e-05,IntegratedGradients
Erlotinib,0,,cnv,CNIH1,1.6146721e-05,IntegratedGradients
Erlotinib,0,,cnv,FAM83C,3.2913063e-05,IntegratedGradients
Erlotinib,0,,cnv,URGCP,2.2542996e-05,IntegratedGradients
Erlotinib,0,,cnv,MRPS24,1.698603e-05,IntegratedGradients
Erlotinib,0,,cnv,URGCP-MRPS24,2.1476571e-05,IntegratedGradients
Erlotinib,0,,cnv,CALM1,3.683885e-05,IntegratedGradients
Erlotinib,0,,cnv,C7orf65,1.8012048e-05,IntegratedGradients
Erlotinib,0,,cnv,ZNF767P,9.733029e-05,IntegratedGradients
Erlotinib,0,,cnv,GMFB,2.033108e-05,IntegratedGradients
Erlotinib,0,,cnv,GTF2IRD2B,2.8884506e-05,IntegratedGradients
Erlotinib,0,,cnv,ATP8B2,2.202049e-05,IntegratedGradients
Erlotinib,0,,cnv,SLC35C2,2.8654826e-05,IntegratedGradients
Erlotinib,0,,cnv,BMP4,2.0649104e-05,IntegratedGradients
Erlotinib,0,,cnv,ZNF335,3.0841307e-05,IntegratedGradients
Erlotinib,0,,cnv,SYNDIG1L,3.7112357e-05,IntegratedGradients
Erlotinib,0,,cnv,RTRAF,2.3166102e-05,IntegratedGradients
Erlotinib,0,,cnv,LINC00648,2.6045916e-05,IntegratedGradients
Erlotinib,0,,cnv,ADCK1,1.9191326e-05,IntegratedGradients
Erlotinib,0,,cnv,CPVL,2.471349e-05,IntegratedGradients
Erlotinib,0,,cnv,FOXN3-AS2,3.8608712e-05,IntegratedGradients
Erlotinib,0,,cnv,FOS,3.099132e-05,IntegratedGradients
Erlotinib,0,,cnv,LAMB4,5.0608654e-05,IntegratedGradients
Erlotinib,0,,cnv,PTGER2,2.1501663e-05,IntegratedGradients
Erlotinib,0,,cnv,VRTN,3.365185e-05,IntegratedGradients
Erlotinib,0,,cnv,FERD3L,3.1313062e-05,IntegratedGradients
Erlotinib,0,,cnv,ASNS,1.4753467e-05,IntegratedGradients
Erlotinib,0,,cnv,SUGCT,1.51167515e-05,IntegratedGradients
Erlotinib,0,,cnv,GSC,2.8222175e-05,IntegratedGradients
Erlotinib,0,,cnv,TMEM229A,6.9040245e-05,IntegratedGradients
Erlotinib,0,,cnv,TWIST1,2.6576658e-05,IntegratedGradients
Erlotinib,0,,cnv,IQGAP3,1.9442641e-05,IntegratedGradients
Erlotinib,0,,cnv,TAC1,1.600269e-05,IntegratedGradients
Erlotinib,0,,cnv,RPS6KA5,3.482465e-05,IntegratedGradients
Erlotinib,0,,cnv,ESRRB,3.3198543e-05,IntegratedGradients
Erlotinib,0,,cnv,CHGA,2.1980144e-05,IntegratedGradients
Erlotinib,0,,cnv,ASB15,6.877191e-05,IntegratedGradients
Erlotinib,0,,cnv,LINC00525,1.8678973e-05,IntegratedGradients
Erlotinib,0,,cnv,NCOA5,2.6494623e-05,IntegratedGradients
Erlotinib,0,,cnv,WDHD1,2.052599e-05,IntegratedGradients
Erlotinib,0,,cnv,LOC100506497,2.1272157e-05,IntegratedGradients
Erlotinib,0,,cnv,HOXA11-AS,2.257422e-05,IntegratedGradients
Erlotinib,0,,cnv,MALAT1,3.3636134e-05,IntegratedGradients
Erlotinib,0,,cnv,CASTOR3,2.708191e-05,IntegratedGradients
Erlotinib,0,,cnv,SOCS4,1.675241e-05,IntegratedGradients
Erlotinib,0,,cnv,C7orf33,0.000101330785,IntegratedGradients
Erlotinib,0,,cnv,MIR1247,3.8362537e-05,IntegratedGradients
Erlotinib,0,,cnv,DIO3,3.364151e-05,IntegratedGradients
Erlotinib,0,,cnv,SNW1,2.2568578e-05,IntegratedGradients
Erlotinib,0,,cnv,SLIRP,3.0070029e-05,IntegratedGradients
Erlotinib,0,,cnv,TMEM30B,2.2783577e-05,IntegratedGradients
Erlotinib,0,,cnv,INHBA-AS1,1.956817e-05,IntegratedGradients
Erlotinib,0,,cnv,LGMN,2.4235158e-05,IntegratedGradients
Erlotinib,0,,cnv,GNG2,2.1495865e-05,IntegratedGradients
Erlotinib,0,,cnv,CYP3A43,3.1366868e-05,IntegratedGradients
Erlotinib,0,,cnv,KTN1-AS1,2.140566e-05,IntegratedGradients
Erlotinib,0,,cnv,KTN1,1.8114322e-05,IntegratedGradients
Erlotinib,0,,cnv,ING3,6.307315e-05,IntegratedGradients
Erlotinib,0,,cnv,GOLGA5,2.283328e-05,IntegratedGradients
Erlotinib,0,,cnv,NDUFA5,7.0245114e-05,IntegratedGradients
Erlotinib,0,,cnv,ISCA2,3.6736434e-05,IntegratedGradients
Erlotinib,0,,cnv,NPC2,2.3298444e-05,IntegratedGradients
Erlotinib,0,,cnv,LTBP2,3.0488047e-05,IntegratedGradients
Erlotinib,0,,cnv,GLI3,2.142949e-05,IntegratedGradients
Erlotinib,0,,cnv,PRKCH,2.7454975e-05,IntegratedGradients
Erlotinib,0,,cnv,AGK,9.515979e-05,IntegratedGradients
Erlotinib,0,,cnv,AZGP1P1,2.1332276e-05,IntegratedGradients
Erlotinib,0,,cnv,ZKSCAN1,2.8271137e-05,IntegratedGradients
Erlotinib,0,,cnv,TRIM4,3.124783e-05,IntegratedGradients
Erlotinib,0,,cnv,GJC3,2.5810523e-05,IntegratedGradients
Erlotinib,0,,cnv,INHBA,2.1903461e-05,IntegratedGradients
Erlotinib,0,,cnv,AAR2,2.7580238e-05,IntegratedGradients
Erlotinib,0,,cnv,TTC7B,3.534072e-05,IntegratedGradients
Erlotinib,0,,cnv,STK17A,1.7659811e-05,IntegratedGradients
Erlotinib,0,,cnv,COA1,1.7463915e-05,IntegratedGradients
Erlotinib,0,,cnv,KIF26A,2.2574015e-05,IntegratedGradients
Erlotinib,0,,cnv,TRIM24,9.42524e-05,IntegratedGradients
Erlotinib,0,,cnv,SERPINA1,2.5538415e-05,IntegratedGradients
Erlotinib,0,,cnv,GPR132,1.7803392e-05,IntegratedGradients
Erlotinib,0,,cnv,ASPG,2.5216294e-05,IntegratedGradients
Erlotinib,0,,cnv,MIR203B,2.3788807e-05,IntegratedGradients
Erlotinib,0,,cnv,MIR203A,2.4067473e-05,IntegratedGradients
Erlotinib,0,,cnv,ITPK1,2.0749803e-05,IntegratedGradients
Erlotinib,0,,cnv,MMP9,2.9337296e-05,IntegratedGradients
Erlotinib,0,,cnv,CPED1,6.816377e-05,IntegratedGradients
Erlotinib,0,,cnv,FOXN3-AS1,3.2051033e-05,IntegratedGradients
Erlotinib,0,,cnv,TNPO3,3.9097187e-05,IntegratedGradients
Erlotinib,0,,cnv,SLC38A6,2.6956965e-05,IntegratedGradients
Erlotinib,0,,cnv,TRMT5,2.8495424e-05,IntegratedGradients
Erlotinib,0,,cnv,FAM71F1,6.159347e-05,IntegratedGradients
Erlotinib,0,,cnv,HYAL4,7.290665e-05,IntegratedGradients
Erlotinib,0,,cnv,HYAL6P,5.989018e-05,IntegratedGradients
Erlotinib,0,,cnv,SPAM1,6.722363e-05,IntegratedGradients
Erlotinib,0,,cnv,WASL,6.7023706e-05,IntegratedGradients
Erlotinib,0,,cnv,CD40,3.015007e-05,IntegratedGradients
Erlotinib,0,,cnv,FAM71F2,4.2866388e-05,IntegratedGradients
Erlotinib,0,,cnv,MIR3173,2.9210489e-05,IntegratedGradients
Erlotinib,0,,cnv,DICER1-AS1,3.2963457e-05,IntegratedGradients
Erlotinib,0,,cnv,CLMN,3.088026e-05,IntegratedGradients
Erlotinib,0,,cnv,DICER1,2.97503e-05,IntegratedGradients
Erlotinib,0,,cnv,UQCC1,3.3237466e-05,IntegratedGradients
Erlotinib,0,,cnv,C7orf69,2.3103534e-05,IntegratedGradients
Erlotinib,0,,cnv,RIN3,2.2431e-05,IntegratedGradients
Erlotinib,0,,cnv,LMOD2,6.735407e-05,IntegratedGradients
Erlotinib,0,,cnv,LINC00871,2.3618768e-05,IntegratedGradients
Erlotinib,0,,cnv,PCIF1,3.2219807e-05,IntegratedGradients
Erlotinib,0,,cnv,IQUB,6.635741e-05,IntegratedGradients
Erlotinib,0,,cnv,DNAH11,3.1333715e-05,IntegratedGradients
Erlotinib,0,,cnv,TPI1P2,4.609787e-05,IntegratedGradients
Erlotinib,0,,cnv,OR2AE1,3.1017575e-05,IntegratedGradients
Erlotinib,0,,cnv,PKD1L1,2.2697343e-05,IntegratedGradients
Erlotinib,0,,cnv,SNORA11B,3.4592507e-05,IntegratedGradients
Erlotinib,0,,cnv,C14orf178,2.0619853e-05,IntegratedGradients
Erlotinib,0,,cnv,IRF5,4.3106407e-05,IntegratedGradients
Erlotinib,0,,cnv,BPIFA1,2.3326844e-05,IntegratedGradients
Erlotinib,0,,cnv,TSPAN12,6.80249e-05,IntegratedGradients
Erlotinib,0,,cnv,SLC12A5,3.746637e-05,IntegratedGradients
Erlotinib,0,,cnv,PLTP,3.0348017e-05,IntegratedGradients
Erlotinib,0,,cnv,TMEM178B,0.00010197793,IntegratedGradients
Erlotinib,0,,cnv,SYNJ2BP-COX16,1.3685456e-05,IntegratedGradients
Erlotinib,0,,cnv,COX16,1.28086895e-05,IntegratedGradients
Erlotinib,0,,cnv,CTSA,2.8779505e-05,IntegratedGradients
Erlotinib,0,,cnv,CYP46A1,2.445921e-05,IntegratedGradients
Erlotinib,0,,cnv,MIR5698,2.466378e-05,IntegratedGradients
Erlotinib,0,,cnv,ZDHHC22,2.4263394e-05,IntegratedGradients
Erlotinib,0,,cnv,CDC14C,1.8389448e-05,IntegratedGradients
Erlotinib,0,,cnv,NEURL2,2.953372e-05,IntegratedGradients
Erlotinib,0,,cnv,ZSWIM1,3.4060315e-05,IntegratedGradients
Erlotinib,0,,cnv,SPATA25,3.083126e-05,IntegratedGradients
Erlotinib,0,,cnv,ITCH,3.0201467e-05,IntegratedGradients
Erlotinib,0,,cnv,ATP6V0A4,9.06664e-05,IntegratedGradients
Erlotinib,0,,cnv,CDH22,3.435574e-05,IntegratedGradients
Erlotinib,0,,cnv,SNTA1,2.2849043e-05,IntegratedGradients
Erlotinib,0,,cnv,SNX13,3.0852512e-05,IntegratedGradients
Erlotinib,0,,cnv,PNPLA8,5.2601146e-05,IntegratedGradients
Erlotinib,0,,cnv,SERPINA6,2.9548475e-05,IntegratedGradients
Erlotinib,0,,cnv,SEMA3A,3.8973045e-05,IntegratedGradients
Erlotinib,0,,cnv,VWC2,2.510881e-05,IntegratedGradients
Erlotinib,0,,cnv,UBN2,0.000112915965,IntegratedGradients
Erlotinib,0,,cnv,TTC26,0.00010631029,IntegratedGradients
Erlotinib,0,,cnv,GPATCH2L,2.2137583e-05,IntegratedGradients
Erlotinib,0,,cnv,PRPS1L1,2.759473e-05,IntegratedGradients
Erlotinib,0,,cnv,DGLUCY,4.02164e-05,IntegratedGradients
Erlotinib,0,,cnv,HDAC9,3.0979005e-05,IntegratedGradients
Erlotinib,0,,cnv,IRF2BPL,2.1276694e-05,IntegratedGradients
Erlotinib,0,,cnv,AZGP1,2.723182e-05,IntegratedGradients
Erlotinib,0,,cnv,LINC01347,3.946031e-05,IntegratedGradients
Erlotinib,0,,cnv,CATSPERB,3.1145595e-05,IntegratedGradients
Erlotinib,0,,cnv,ZC3HAV1L,0.000102849095,IntegratedGradients
Erlotinib,0,,cnv,BATF,2.4620103e-05,IntegratedGradients
Erlotinib,0,,cnv,EPPIN,3.1026168e-05,IntegratedGradients
Erlotinib,0,,cnv,WFDC6,2.5168798e-05,IntegratedGradients
Erlotinib,0,,cnv,EPPIN-WFDC6,3.4604876e-05,IntegratedGradients
Erlotinib,0,,cnv,OPN1SW,5.283793e-05,IntegratedGradients
Erlotinib,0,,cnv,CCDC136,5.040782e-05,IntegratedGradients
Erlotinib,0,,cnv,SYNJ2BP,1.2420455e-05,IntegratedGradients
Erlotinib,0,,cnv,TMEM213,9.3116054e-05,IntegratedGradients
Erlotinib,0,,cnv,ZNF853,2.388119e-05,IntegratedGradients
Erlotinib,0,,cnv,C7orf77,4.270289e-05,IntegratedGradients
Erlotinib,0,,cnv,CIPC,2.414988e-05,IntegratedGradients
Erlotinib,0,,cnv,SPINT3,2.5727299e-05,IntegratedGradients
Erlotinib,0,,cnv,ACOT8,2.8866074e-05,IntegratedGradients
Erlotinib,0,,cnv,SNX21,2.8504257e-05,IntegratedGradients
Erlotinib,0,,cnv,ZSWIM3,3.176982e-05,IntegratedGradients
Erlotinib,0,,cnv,ADAM21P1,1.7628478e-05,IntegratedGradients
Erlotinib,0,,cnv,SYS1-DBNDD2,2.5400897e-05,IntegratedGradients
Erlotinib,0,,cnv,TP53TG5,2.9488825e-05,IntegratedGradients
Erlotinib,0,,cnv,LOC101409256,3.779581e-05,IntegratedGradients
Erlotinib,0,,cnv,AUTS2,1.832098e-05,IntegratedGradients
Erlotinib,0,,cnv,SLC13A1,6.673923e-05,IntegratedGradients
Erlotinib,0,,cnv,SVOPL,9.095412e-05,IntegratedGradients
Erlotinib,0,,cnv,ZNF12,3.28444e-05,IntegratedGradients
Erlotinib,0,,cnv,HIP1,3.616418e-05,IntegratedGradients
Erlotinib,0,,cnv,PMS2P3,2.7383983e-05,IntegratedGradients
Erlotinib,0,,cnv,SPDYE5,2.8050661e-05,IntegratedGradients
Erlotinib,0,,cnv,C7orf26,2.4944635e-05,IntegratedGradients
Erlotinib,0,,cnv,TMEM63C,2.8245482e-05,IntegratedGradients
Erlotinib,0,,cnv,MAP3K9,1.3363858e-05,IntegratedGradients
Erlotinib,0,,cnv,BLVRA,2.1994781e-05,IntegratedGradients
Erlotinib,0,,cnv,WFDC8,2.9693068e-05,IntegratedGradients
Erlotinib,0,,cnv,ATP6V1F,5.2654857e-05,IntegratedGradients
Erlotinib,0,,cnv,ATP6V1FNB,5.176453e-05,IntegratedGradients
Erlotinib,0,,cnv,KCP,4.6799934e-05,IntegratedGradients
Erlotinib,0,,cnv,FLNC,5.4292166e-05,IntegratedGradients
Erlotinib,0,,cnv,WFDC10A,3.2012005e-05,IntegratedGradients
Erlotinib,0,,cnv,TAS2R16,6.925243e-05,IntegratedGradients
Erlotinib,0,,cnv,ADAM20P1,1.6287418e-05,IntegratedGradients
Erlotinib,0,,cnv,DEFB124,2.562628e-05,IntegratedGradients
Erlotinib,0,,cnv,GDF5,3.759754e-05,IntegratedGradients
Erlotinib,0,,cnv,HM13,2.6667643e-05,IntegratedGradients
Erlotinib,0,,cnv,UBE2C,3.0611198e-05,IntegratedGradients
Erlotinib,0,,cnv,WFDC11,3.443667e-05,IntegratedGradients
Erlotinib,0,,cnv,ZNF273,2.2885662e-05,IntegratedGradients
Erlotinib,0,,cnv,ID1,2.1924578e-05,IntegratedGradients
Erlotinib,0,,cnv,MIR3193,2.8902707e-05,IntegratedGradients
Erlotinib,0,,cnv,GTPBP10,4.8498576e-05,IntegratedGradients
Erlotinib,0,,cnv,WFDC9,2.6102203e-05,IntegratedGradients
Erlotinib,0,,cnv,POT1,6.1597995e-05,IntegratedGradients
Erlotinib,0,,cnv,HOTTIP,3.0569583e-05,IntegratedGradients
Erlotinib,0,,cnv,CDHR3,6.0770235e-05,IntegratedGradients
Erlotinib,0,,cnv,HM13-AS1,1.6912558e-05,IntegratedGradients
Erlotinib,0,,cnv,DLGAP4,2.5032075e-05,IntegratedGradients
Erlotinib,0,,cnv,GTF2IRD2,3.1103642e-05,IntegratedGradients
Erlotinib,0,,cnv,TGFB3,2.582362e-05,IntegratedGradients
Erlotinib,0,,cnv,ZC3HAV1,9.626575e-05,IntegratedGradients
Erlotinib,0,,cnv,LOC100287792,2.2476372e-05,IntegratedGradients
Erlotinib,0,,cnv,CTNNBL1,2.9599863e-05,IntegratedGradients
Erlotinib,0,,cnv,IMPDH1,5.3147964e-05,IntegratedGradients
Erlotinib,0,,cnv,PRRT4,4.360744e-05,IntegratedGradients
Erlotinib,0,,cnv,DNTTIP1,3.2349726e-05,IntegratedGradients
Erlotinib,0,,cnv,PROCR,3.5544115e-05,IntegratedGradients
Erlotinib,0,,cnv,RBM28,4.340257e-05,IntegratedGradients
Erlotinib,0,,cnv,MGC27345,5.214788e-05,IntegratedGradients
Erlotinib,0,,cnv,WFDC3,3.0721996e-05,IntegratedGradients
Erlotinib,0,,cnv,CCL26,3.3188997e-05,IntegratedGradients
Erlotinib,0,,cnv,CLDN12,4.509456e-05,IntegratedGradients
Erlotinib,0,,cnv,HECW1,1.5118673e-05,IntegratedGradients
Erlotinib,0,,cnv,LINC00489,2.9289902e-05,IntegratedGradients
Erlotinib,0,,cnv,IFT43,2.1229424e-05,IntegratedGradients
Erlotinib,0,,cnv,WFDC10B,2.68742e-05,IntegratedGradients
Erlotinib,0,,cnv,WFDC13,3.301001e-05,IntegratedGradients
Erlotinib,0,,cnv,PSEN1,1.4785233e-05,IntegratedGradients
Erlotinib,0,,cnv,TRIP11,2.663256e-05,IntegratedGradients
Erlotinib,0,,cnv,PMS2CL,2.759883e-05,IntegratedGradients
Erlotinib,0,,cnv,SPDYE3,2.3768009e-05,IntegratedGradients
Erlotinib,0,,cnv,PMS2P1,2.8535054e-05,IntegratedGradients
Erlotinib,0,,cnv,PILRB,2.9265833e-05,IntegratedGradients
Erlotinib,0,,cnv,CDK5RAP1,2.9710172e-05,IntegratedGradients
Erlotinib,0,,cnv,PCNX1,1.8765386e-05,IntegratedGradients
Erlotinib,0,,cnv,TWISTNB,2.4198749e-05,IntegratedGradients
Erlotinib,0,,cnv,LINC01000,5.6716493e-05,IntegratedGradients
Erlotinib,0,,cnv,CEP170B,1.939098e-05,IntegratedGradients
Erlotinib,0,,cnv,TMEM196,3.0770836e-05,IntegratedGradients
Erlotinib,0,,cnv,MIR3146,2.695776e-05,IntegratedGradients
Erlotinib,0,,cnv,ATXN3,2.4757568e-05,IntegratedGradients
Erlotinib,0,,cnv,ADAM20,1.876108e-05,IntegratedGradients
Erlotinib,0,,cnv,LEP,5.19309e-05,IntegratedGradients
Erlotinib,0,,cnv,TSGA13,6.268488e-05,IntegratedGradients
Erlotinib,0,,cnv,PPP1R35,1.532168e-05,IntegratedGradients
Erlotinib,0,,cnv,C7orf61,1.7051034e-05,IntegratedGradients
Erlotinib,0,,cnv,TSC22D4,1.8297358e-05,IntegratedGradients
Erlotinib,0,,cnv,MEPCE,1.9911884e-05,IntegratedGradients
Erlotinib,0,,cnv,ZCWPW1,1.7159322e-05,IntegratedGradients
Erlotinib,0,,cnv,C7orf25,1.6987056e-05,IntegratedGradients
Erlotinib,0,,cnv,PSMA2,1.9604779e-05,IntegratedGradients
Erlotinib,0,,cnv,MRPL32,2.2778524e-05,IntegratedGradients
Erlotinib,0,,cnv,NME1-NME2,2.088814e-05,IntegratedGradients
Erlotinib,0,,cnv,NME1,2.2281658e-05,IntegratedGradients
Erlotinib,0,,cnv,METTL2B,5.389296e-05,IntegratedGradients
Erlotinib,0,,cnv,HILPDA,5.4039003e-05,IntegratedGradients
Erlotinib,0,,cnv,SUPT4H1,2.6686288e-05,IntegratedGradients
Erlotinib,0,,cnv,NME2,2.4371573e-05,IntegratedGradients
Erlotinib,0,,cnv,TNNC2,2.9852601e-05,IntegratedGradients
Erlotinib,0,,cnv,BEGAIN,2.8783663e-05,IntegratedGradients
Erlotinib,0,,cnv,LINC00523,2.3388198e-05,IntegratedGradients
Erlotinib,0,,cnv,OCM2,1.6809025e-05,IntegratedGradients
Erlotinib,0,,cnv,TMEM209,5.7393834e-05,IntegratedGradients
Erlotinib,0,,cnv,KLHDC10,6.113848e-05,IntegratedGradients
Erlotinib,0,,cnv,SNORA5C,2.5372046e-05,IntegratedGradients
Erlotinib,0,,cnv,MIR335,6.8770896e-05,IntegratedGradients
Erlotinib,0,,cnv,MESTIT1,6.6090266e-05,IntegratedGradients
Erlotinib,0,,cnv,COPG2,6.358795e-05,IntegratedGradients
Erlotinib,0,,cnv,MEST,6.5303444e-05,IntegratedGradients
Erlotinib,0,,cnv,PILRA,3.3951215e-05,IntegratedGradients
Erlotinib,0,,cnv,MIR3943,1.674615e-05,IntegratedGradients
Erlotinib,0,,cnv,SP8,2.5535752e-05,IntegratedGradients
Erlotinib,0,,cnv,C20orf173,3.0126075e-05,IntegratedGradients
Erlotinib,0,,cnv,EDEM2,3.9652954e-05,IntegratedGradients
Erlotinib,0,,cnv,MRPS33,0.00011040784,IntegratedGradients
Erlotinib,0,,cnv,SERPINA11,2.6743503e-05,IntegratedGradients
Erlotinib,0,,cnv,SERPINA12,3.0113082e-05,IntegratedGradients
Erlotinib,0,,cnv,MED6,1.8159617e-05,IntegratedGradients
Erlotinib,0,,cnv,FAM3C,6.558428e-05,IntegratedGradients
Erlotinib,0,,cnv,MDGA2,1.7512144e-05,IntegratedGradients
Erlotinib,0,,cnv,WNT16,6.8229834e-05,IntegratedGradients
Erlotinib,0,,cnv,EZH2,0.00010486516,IntegratedGradients
Erlotinib,0,,cnv,GPR37,5.93047e-05,IntegratedGradients
Erlotinib,0,,cnv,SERPINA9,2.9233574e-05,IntegratedGradients
Erlotinib,0,,cnv,MIR4736,1.777622e-05,IntegratedGradients
Erlotinib,0,,cnv,BPIFB1,2.2248372e-05,IntegratedGradients
Erlotinib,0,,cnv,ELMO2,3.1184747e-05,IntegratedGradients
Erlotinib,0,,cnv,GPR22,4.323249e-05,IntegratedGradients
Erlotinib,0,,cnv,ZNF695,2.967231e-05,IntegratedGradients
Erlotinib,0,,cnv,ZNF670-ZNF695,2.5512647e-05,IntegratedGradients
Erlotinib,0,,cnv,ITPK1-AS1,2.3747067e-05,IntegratedGradients
Erlotinib,0,,cnv,ADAM21,1.188685e-05,IntegratedGradients
Erlotinib,0,,cnv,TC2N,3.2885626e-05,IntegratedGradients
Erlotinib,0,,cnv,HNRNPU,3.1173302e-05,IntegratedGradients
Erlotinib,0,,cnv,COX20,3.417148e-05,IntegratedGradients
Erlotinib,0,,cnv,CALU,6.0271148e-05,IntegratedGradients
Erlotinib,0,,cnv,STRIP2,4.475796e-05,IntegratedGradients
Erlotinib,0,,cnv,FERMT2,1.3308736e-05,IntegratedGradients
Erlotinib,0,,cnv,ZNF92,2.8147926e-05,IntegratedGradients
Erlotinib,0,,cnv,SYS1,2.6833357e-05,IntegratedGradients
Erlotinib,0,,cnv,SSMEM1,5.6651414e-05,IntegratedGradients
Erlotinib,0,,cnv,LINC00028,2.0961663e-05,IntegratedGradients
Erlotinib,0,,cnv,REM1,2.5903757e-05,IntegratedGradients
Erlotinib,0,,cnv,DEFB123,2.1709111e-05,IntegratedGradients
Erlotinib,0,,cnv,GRM8,5.8924616e-05,IntegratedGradients
Erlotinib,0,,cnv,NUP210L,1.8621073e-05,IntegratedGradients
Erlotinib,0,,cnv,CEP170,2.4518105e-05,IntegratedGradients
Erlotinib,0,,cnv,PARP12,9.687462e-05,IntegratedGradients
Erlotinib,0,,cnv,NXPH1,2.8114191e-05,IntegratedGradients
Erlotinib,0,,cnv,OR6F1,3.6801062e-05,IntegratedGradients
Erlotinib,0,,cnv,SLC8A3,1.7161703e-05,IntegratedGradients
Erlotinib,0,,cnv,POU5F1P4,2.277054e-05,IntegratedGradients
Erlotinib,0,,cnv,MIR3914-2,2.4901428e-05,IntegratedGradients
Erlotinib,0,,cnv,MIR3914-1,2.4648645e-05,IntegratedGradients
Erlotinib,0,,cnv,HAX1,1.7556931e-05,IntegratedGradients
Erlotinib,0,,cnv,FBLN5,3.2837994e-05,IntegratedGradients
Erlotinib,0,,cnv,FAM181A,2.5521203e-05,IntegratedGradients
Erlotinib,0,,cnv,LUARIS,2.2260987e-05,IntegratedGradients
Erlotinib,0,,cnv,PRKAR2B,4.5106917e-05,IntegratedGradients
Erlotinib,0,,cnv,CEP41,5.3829375e-05,IntegratedGradients
Erlotinib,0,,cnv,CPA1,6.3904015e-05,IntegratedGradients
Erlotinib,0,,cnv,ISM2,2.2173685e-05,IntegratedGradients
Erlotinib,0,,cnv,TSPAN33,4.416251e-05,IntegratedGradients
Erlotinib,0,,cnv,SMO,5.5704073e-05,IntegratedGradients
Erlotinib,0,,cnv,AHCYL2,4.7425514e-05,IntegratedGradients
Erlotinib,0,,cnv,NUMB,1.3988274e-05,IntegratedGradients
Erlotinib,0,,cnv,NRF1,6.6536144e-05,IntegratedGradients
Erlotinib,0,,cnv,FAM181A-AS1,2.5322764e-05,IntegratedGradients
Erlotinib,0,,cnv,OR2G2,4.1179213e-05,IntegratedGradients
Erlotinib,0,,cnv,RUSC1,2.7988193e-05,IntegratedGradients
Erlotinib,0,,cnv,AHSA1,1.4596604e-05,IntegratedGradients
Erlotinib,0,,cnv,YWHAEP1,2.621477e-05,IntegratedGradients
Erlotinib,0,,cnv,CPA5,5.9863924e-05,IntegratedGradients
Erlotinib,0,,cnv,ACOT4,2.161842e-05,IntegratedGradients
Erlotinib,0,,cnv,ACOT2,1.4349553e-05,IntegratedGradients
Erlotinib,0,,cnv,ZDHHC4,2.7132122e-05,IntegratedGradients
Erlotinib,0,,cnv,ACOT6,1.2816586e-05,IntegratedGradients
Erlotinib,0,,cnv,GALNT17,2.3048302e-05,IntegratedGradients
Erlotinib,0,,cnv,OR13G1,4.2089458e-05,IntegratedGradients
Erlotinib,0,,cnv,RNF43,2.7352238e-05,IntegratedGradients
Erlotinib,0,,cnv,ADCK2,9.9642784e-05,IntegratedGradients
Erlotinib,0,,cnv,SIPA1L1,2.1161324e-05,IntegratedGradients
Erlotinib,0,,cnv,LOC145474,1.6047887e-05,IntegratedGradients
Erlotinib,0,,cnv,GRID2IP,2.632786e-05,IntegratedGradients
Erlotinib,0,,cnv,KDM7A-DT,0.000100006284,IntegratedGradients
Erlotinib,0,,cnv,LOC407835,4.2800544e-05,IntegratedGradients
Erlotinib,0,,cnv,SMKR1,4.7357942e-05,IntegratedGradients
Erlotinib,0,,cnv,HIBADH,2.3948362e-05,IntegratedGradients
Erlotinib,0,,cnv,BBOF1,1.593462e-05,IntegratedGradients
Erlotinib,0,,cnv,BET1,2.2028813e-05,IntegratedGradients
Erlotinib,0,,cnv,PDE1C,2.0568477e-05,IntegratedGradients
Erlotinib,0,,cnv,ZC3HC1,6.821014e-05,IntegratedGradients
Erlotinib,0,,cnv,FRG1BP,2.2839191e-05,IntegratedGradients
Erlotinib,0,,cnv,GNG11,2.4256877e-05,IntegratedGradients
Erlotinib,0,,cnv,BMPER,2.6772013e-05,IntegratedGradients
Erlotinib,0,,cnv,UBAP2L,1.734874e-05,IntegratedGradients
Erlotinib,0,,cnv,MIR555,2.3518602e-05,IntegratedGradients
Erlotinib,0,,cnv,JAZF1,2.2226604e-05,IntegratedGradients
Erlotinib,0,,cnv,RPL23P8,2.8262119e-05,IntegratedGradients
Erlotinib,0,,cnv,C1orf43,2.395286e-05,IntegratedGradients
Erlotinib,0,,cnv,OR2W3,3.60461e-05,IntegratedGradients
Erlotinib,0,,cnv,RAB19,9.65549e-05,IntegratedGradients
Erlotinib,0,,cnv,MKRN1,9.599564e-05,IntegratedGradients
Erlotinib,0,,cnv,RGS6,1.7503475e-05,IntegratedGradients
Erlotinib,0,,cnv,RSPH10B2,2.3377905e-05,IntegratedGradients
Erlotinib,0,,cnv,VSTM2L,3.0007363e-05,IntegratedGradients
Erlotinib,0,,cnv,DEFB122,2.5371775e-05,IntegratedGradients
Erlotinib,0,,cnv,TAX1BP1,2.1545822e-05,IntegratedGradients
Erlotinib,0,,cnv,CPA2,6.3187115e-05,IntegratedGradients
Erlotinib,0,,cnv,CHRNB2,1.8295157e-05,IntegratedGradients
Erlotinib,0,,cnv,ADAR,1.7988996e-05,IntegratedGradients
Erlotinib,0,,cnv,ASH1L,2.469307e-05,IntegratedGradients
Erlotinib,0,,cnv,ENTPD5,1.4020039e-05,IntegratedGradients
Erlotinib,0,,cnv,COQ6,1.6207472e-05,IntegratedGradients
Erlotinib,0,,cnv,FAM161B,1.207861e-05,IntegratedGradients
Erlotinib,0,,cnv,CCDC146,3.0102396e-05,IntegratedGradients
Erlotinib,0,,cnv,DENND2A,9.758636e-05,IntegratedGradients
Erlotinib,0,,cnv,CCDC197,2.848091e-05,IntegratedGradients
Erlotinib,0,,cnv,LOC100131257,2.918621e-05,IntegratedGradients
Erlotinib,0,,cnv,MAGI2-AS3,2.6653452e-05,IntegratedGradients
Erlotinib,0,,cnv,PPP4R3A,3.533853e-05,IntegratedGradients
Erlotinib,0,,cnv,C1orf189,2.395762e-05,IntegratedGradients
Erlotinib,0,,cnv,ALKBH1,2.82446e-05,IntegratedGradients
Erlotinib,0,,cnv,DEFB121,2.1699983e-05,IntegratedGradients
Erlotinib,0,,cnv,LINC01341,2.4304516e-05,IntegratedGradients
Erlotinib,0,,cnv,SCCPDH,4.025015e-05,IntegratedGradients
Erlotinib,0,,cnv,OTUB2,2.6208521e-05,IntegratedGradients
Erlotinib,0,,cnv,CPA4,5.816421e-05,IntegratedGradients
Erlotinib,0,,cnv,OR2T8,4.064271e-05,IntegratedGradients
Erlotinib,0,,cnv,SLC37A3,9.305154e-05,IntegratedGradients
Erlotinib,0,,cnv,TFPI2,2.3184415e-05,IntegratedGradients
Erlotinib,0,,cnv,KDM7A,0.000103749415,IntegratedGradients
Erlotinib,0,,cnv,ASB2,2.9270934e-05,IntegratedGradients
Erlotinib,0,,cnv,LINC-PINT,7.022776e-05,IntegratedGradients
Erlotinib,0,,cnv,HHIPL1,2.4088233e-05,IntegratedGradients
Erlotinib,0,,cnv,TTLL5,1.3001074e-05,IntegratedGradients
Erlotinib,0,,cnv,ERG28,1.4221189e-05,IntegratedGradients
Erlotinib,0,,cnv,C17orf58,2.8959024e-05,IntegratedGradients
Erlotinib,0,,cnv,GAL3ST3,3.267259e-05,IntegratedGradients
Erlotinib,0,,cnv,TSPAN13,3.7541442e-05,IntegratedGradients
Erlotinib,0,,cnv,SYPL1,5.6842575e-05,IntegratedGradients
Erlotinib,0,,cnv,ABCD4,2.471979e-05,IntegratedGradients
Erlotinib,0,,cnv,GLCCI1,3.1321586e-05,IntegratedGradients
Erlotinib,0,,cnv,TPM3,2.2674029e-05,IntegratedGradients
Erlotinib,0,,cnv,MIR190B,2.7696378e-05,IntegratedGradients
Erlotinib,0,,cnv,DEFB118,2.3258382e-05,IntegratedGradients
Erlotinib,0,,cnv,DEFB119,2.4957266e-05,IntegratedGradients
Erlotinib,0,,cnv,ZNF670,2.7489321e-05,IntegratedGradients
Erlotinib,0,,cnv,MIR183,6.0453298e-05,IntegratedGradients
Erlotinib,0,,cnv,MIR182,5.26822e-05,IntegratedGradients
Erlotinib,0,,cnv,MIR96,6.932547e-05,IntegratedGradients
Erlotinib,0,,cnv,UBE2H,6.1190505e-05,IntegratedGradients
Erlotinib,0,,cnv,SDC4,2.278219e-05,IntegratedGradients
Erlotinib,0,,cnv,ICA1,2.0823514e-05,IntegratedGradients
Erlotinib,0,,cnv,AMPH,2.3362407e-05,IntegratedGradients
Erlotinib,0,,cnv,FGL2,2.7050213e-05,IntegratedGradients
Erlotinib,0,,cnv,TTI1,2.9108447e-05,IntegratedGradients
Erlotinib,0,,cnv,SF3B2,2.6759959e-05,IntegratedGradients
Erlotinib,0,,cnv,PACS1,2.5501135e-05,IntegratedGradients
Erlotinib,0,,cnv,RAB13,2.173412e-05,IntegratedGradients
Erlotinib,0,,cnv,JTB,1.9970843e-05,IntegratedGradients
Erlotinib,0,,cnv,EPB41L1,2.6097265e-05,IntegratedGradients
Erlotinib,0,,cnv,MIR4677,3.425495e-05,IntegratedGradients
Erlotinib,0,,cnv,EIF4H,1.9325062e-05,IntegratedGradients
Erlotinib,0,,cnv,IFI27,2.825136e-05,IntegratedGradients
Erlotinib,0,,cnv,IFI27L2,2.5608488e-05,IntegratedGradients
Erlotinib,0,,cnv,RBPJL,2.5342855e-05,IntegratedGradients
Erlotinib,0,,cnv,MATN4,2.7732374e-05,IntegratedGradients
Erlotinib,0,,cnv,DDX24,2.8551714e-05,IntegratedGradients
Erlotinib,0,,cnv,IFI27L1,2.6951231e-05,IntegratedGradients
Erlotinib,0,,cnv,NDUFB2,0.00010424123,IntegratedGradients
Erlotinib,0,,cnv,BRAF,9.584036e-05,IntegratedGradients
Erlotinib,0,,cnv,OR2G3,3.579782e-05,IntegratedGradients
Erlotinib,0,,cnv,CLIP2,2.6831243e-05,IntegratedGradients
Erlotinib,0,,cnv,RFC2,3.4533918e-05,IntegratedGradients
Erlotinib,0,,cnv,LAT2,3.5700923e-05,IntegratedGradients
Erlotinib,0,,cnv,NORAD,2.9427098e-05,IntegratedGradients
Erlotinib,0,,cnv,OR2L13,3.139498e-05,IntegratedGradients
Erlotinib,0,,cnv,SND1,4.5154942e-05,IntegratedGradients
Erlotinib,0,,cnv,KLF14,7.7565535e-05,IntegratedGradients
Erlotinib,0,,cnv,EVX1,2.4430195e-05,IntegratedGradients
Erlotinib,0,,cnv,SEMA3E,4.6456844e-05,IntegratedGradients
Erlotinib,0,,cnv,OR1C1,3.8973627e-05,IntegratedGradients
Erlotinib,0,,cnv,C1orf100,3.3103333e-05,IntegratedGradients
Erlotinib,0,,cnv,ZNF800,4.018466e-05,IntegratedGradients
Erlotinib,0,,cnv,SERPINA10,2.9613877e-05,IntegratedGradients
Erlotinib,0,,cnv,PPP4R4,2.9436145e-05,IntegratedGradients
Erlotinib,0,,cnv,SUSD6,1.62634e-05,IntegratedGradients
Erlotinib,0,,cnv,ZBTB18,3.557159e-05,IntegratedGradients
Erlotinib,0,,cnv,DPF3,1.1859098e-05,IntegratedGradients
Erlotinib,0,,cnv,WDR25,1.9635982e-05,IntegratedGradients
Erlotinib,0,,cnv,AGR2,2.9519202e-05,IntegratedGradients
Erlotinib,0,,cnv,ARHGAP40,3.2682372e-05,IntegratedGradients
Erlotinib,0,,cnv,PHF20,2.6181973e-05,IntegratedGradients
Erlotinib,0,,cnv,LHFPL3-AS1,2.649378e-05,IntegratedGradients
Erlotinib,0,,cnv,KPNA2,2.541337e-05,IntegratedGradients
Erlotinib,0,,cnv,PAPLN,1.2338958e-05,IntegratedGradients
Erlotinib,0,,cnv,BRI3,2.3565633e-05,IntegratedGradients
Erlotinib,0,,cnv,BAIAP2L1,2.2313274e-05,IntegratedGradients
Erlotinib,0,,cnv,CREB3L4,2.0528465e-05,IntegratedGradients
Erlotinib,0,,cnv,SLC39A1,1.9889714e-05,IntegratedGradients
Erlotinib,0,,cnv,TMEM270,2.7180242e-05,IntegratedGradients
Erlotinib,0,,cnv,MIR1-1HG,2.6211756e-05,IntegratedGradients
Erlotinib,0,,cnv,MIR1-1,3.0532174e-05,IntegratedGradients
Erlotinib,0,,cnv,CCDC177,2.225573e-05,IntegratedGradients
Erlotinib,0,,cnv,CADPS2,7.805606e-05,IntegratedGradients
Erlotinib,0,,cnv,FEZF1-AS1,6.699154e-05,IntegratedGradients
Erlotinib,0,,cnv,LIMK1,3.6243437e-05,IntegratedGradients
Erlotinib,0,,cnv,BPTF,2.593223e-05,IntegratedGradients
Erlotinib,0,,cnv,SYT11,1.918764e-05,IntegratedGradients
Erlotinib,0,,cnv,LINC01743,3.6976093e-05,IntegratedGradients
Erlotinib,0,,cnv,NOL11,3.8527938e-05,IntegratedGradients
Erlotinib,0,,cnv,SNORA38B,4.5135886e-05,IntegratedGradients
Erlotinib,0,,cnv,MIR4284,3.3180328e-05,IntegratedGradients
Erlotinib,0,,cnv,DNAJC30,3.266673e-05,IntegratedGradients
Erlotinib,0,,cnv,STX1A,2.8541208e-05,IntegratedGradients
Erlotinib,0,,cnv,ABHD11,2.783096e-05,IntegratedGradients
Erlotinib,0,,cnv,ABHD11-AS1,3.966153e-05,IntegratedGradients
Erlotinib,0,,cnv,BUD23,2.7910648e-05,IntegratedGradients
Erlotinib,0,,cnv,GTF2IRD1,3.25427e-05,IntegratedGradients
Erlotinib,0,,cnv,ZNF680,2.4100225e-05,IntegratedGradients
Erlotinib,0,,cnv,CLDN4,2.9188795e-05,IntegratedGradients
Erlotinib,0,,cnv,METTL27,2.326696e-05,IntegratedGradients
Erlotinib,0,,cnv,UBQLN4,2.5044817e-05,IntegratedGradients
Erlotinib,0,,cnv,KDELR2,2.5335798e-05,IntegratedGradients
Erlotinib,0,,cnv,DAGLB,2.0677808e-05,IntegratedGradients
Erlotinib,0,,cnv,MIR592,4.990884e-05,IntegratedGradients
Erlotinib,0,,cnv,GIMAP8,0.0001123086,IntegratedGradients
Erlotinib,0,,cnv,FEZF1,6.53636e-05,IntegratedGradients
Erlotinib,0,,cnv,C1GALT1,2.9400273e-05,IntegratedGradients
Erlotinib,0,,cnv,COL1A2,2.8947274e-05,IntegratedGradients
Erlotinib,0,,cnv,CALCOCO2,1.422019e-05,IntegratedGradients
Erlotinib,0,,cnv,LINC00996,0.000114670125,IntegratedGradients
Erlotinib,0,,cnv,VSX2,4.082418e-05,IntegratedGradients
Erlotinib,0,,cnv,ELN,2.549975e-05,IntegratedGradients
Erlotinib,0,,cnv,GIMAP1,0.00011106879,IntegratedGradients
Erlotinib,0,,cnv,GIMAP1-GIMAP5,0.00011577263,IntegratedGradients
Erlotinib,0,,cnv,CLDN3,2.9138986e-05,IntegratedGradients
Erlotinib,0,,cnv,REPIN1,0.0001042994,IntegratedGradients
Erlotinib,0,,cnv,LOC728743,0.000109496985,IntegratedGradients
Erlotinib,0,,cnv,RNU6-34P,0.00010422071,IntegratedGradients
Erlotinib,0,,cnv,ZNF775,0.00011340202,IntegratedGradients
Erlotinib,0,,cnv,GIMAP4,0.00011139228,IntegratedGradients
Erlotinib,0,,cnv,GIMAP6,0.000110203655,IntegratedGradients
Erlotinib,0,,cnv,RARRES2,0.000103659404,IntegratedGradients
Erlotinib,0,,cnv,ZBED6CL,9.704736e-05,IntegratedGradients
Erlotinib,0,,cnv,ACTR3C,0.0001101896,IntegratedGradients
Erlotinib,0,,cnv,LRRC61,0.000110405206,IntegratedGradients
Erlotinib,0,,cnv,AGR3,2.9626282e-05,IntegratedGradients
Erlotinib,0,,cnv,RHOJ,2.207616e-05,IntegratedGradients
Erlotinib,0,,cnv,ISPD,3.287555e-05,IntegratedGradients
Erlotinib,0,,cnv,ZP3,2.22544e-05,IntegratedGradients
Erlotinib,0,,cnv,PAX4,4.1904896e-05,IntegratedGradients
Erlotinib,0,,cnv,TRIM50,2.336225e-05,IntegratedGradients
Erlotinib,0,,cnv,GIMAP2,0.0001097425,IntegratedGradients
Erlotinib,0,,cnv,RAC1,2.7452714e-05,IntegratedGradients
Erlotinib,0,,cnv,FAM220A,2.2661756e-05,IntegratedGradients
Erlotinib,0,,cnv,COX4I2,2.605399e-05,IntegratedGradients
Erlotinib,0,,cnv,BCL2L1,2.3803977e-05,IntegratedGradients
Erlotinib,0,,cnv,GPR137C,2.3184435e-05,IntegratedGradients
Erlotinib,0,,cnv,SLC10A1,1.7857952e-05,IntegratedGradients
Erlotinib,0,,cnv,SRSF5,1.6583337e-05,IntegratedGradients
Erlotinib,0,,cnv,LOC100289511,1.693091e-05,IntegratedGradients
Erlotinib,0,,cnv,IL6R,2.1213287e-05,IntegratedGradients
Erlotinib,0,,cnv,ARF5,4.4973858e-05,IntegratedGradients
Erlotinib,0,,cnv,GCC1,5.3305994e-05,IntegratedGradients
Erlotinib,0,,cnv,FSCN3,5.9414866e-05,IntegratedGradients
Erlotinib,0,,cnv,RXFP4,2.577634e-05,IntegratedGradients
Erlotinib,0,,cnv,ARHGEF2,2.3389552e-05,IntegratedGradients
Erlotinib,0,,cnv,DCST1,2.148187e-05,IntegratedGradients
Erlotinib,0,,cnv,DTX2,2.7403483e-05,IntegratedGradients
Erlotinib,0,,cnv,SSC4D,3.9535822e-05,IntegratedGradients
Erlotinib,0,,cnv,CASD1,2.8203372e-05,IntegratedGradients
Erlotinib,0,,cnv,RBM10,3.5702098e-05,IntegratedGradients
Erlotinib,0,,cnv,SSR2,3.069796e-05,IntegratedGradients
Erlotinib,0,,cnv,CALCR,2.5745596e-05,IntegratedGradients
Erlotinib,0,,cnv,NAMPT,5.7636393e-05,IntegratedGradients
Erlotinib,0,,cnv,GIMAP7,0.00011088752,IntegratedGradients
Erlotinib,0,,cnv,GIMAP5,0.00010782035,IntegratedGradients
Erlotinib,0,,cnv,RBM39,2.6468719e-05,IntegratedGradients
Erlotinib,0,,cnv,ROMO1,2.8058012e-05,IntegratedGradients
Erlotinib,0,,cnv,SLPI,3.3808436e-05,IntegratedGradients
Erlotinib,0,,cnv,AKT3,3.0894444e-05,IntegratedGradients
Erlotinib,0,,cnv,NUDT14,2.3830726e-05,IntegratedGradients
Erlotinib,0,,cnv,JAG2,2.1762091e-05,IntegratedGradients
Erlotinib,0,,cnv,PIK3CG,4.6074e-05,IntegratedGradients
Erlotinib,0,,cnv,ADAM15,1.9182517e-05,IntegratedGradients
Erlotinib,0,,cnv,DCST1-AS1,2.2944636e-05,IntegratedGradients
Erlotinib,0,,cnv,GRB10,2.374785e-05,IntegratedGradients
Erlotinib,0,,cnv,EFNA3,2.9576824e-05,IntegratedGradients
Erlotinib,0,,cnv,TMEM176A,0.00011119664,IntegratedGradients
Erlotinib,0,,cnv,UBA1,2.9614825e-05,IntegratedGradients
Erlotinib,0,,cnv,USP11,2.8266202e-05,IntegratedGradients
Erlotinib,0,,cnv,CDK16,2.9454872e-05,IntegratedGradients
Erlotinib,0,,cnv,INE1,3.0222667e-05,IntegratedGradients
Erlotinib,0,,cnv,NDUFB11,2.9103954e-05,IntegratedGradients
Erlotinib,0,,cnv,TMEM176B,0.00011308581,IntegratedGradients
Erlotinib,0,,cnv,HOXA13,2.7018992e-05,IntegratedGradients
Erlotinib,0,,cnv,ZNF107,2.5182564e-05,IntegratedGradients
Erlotinib,0,,cnv,BZW2,2.8317509e-05,IntegratedGradients
Erlotinib,0,,cnv,DESI2,3.1993197e-05,IntegratedGradients
Erlotinib,0,,cnv,RBM12,2.7085562e-05,IntegratedGradients
Erlotinib,0,,cnv,NFS1,2.5590978e-05,IntegratedGradients
Erlotinib,0,,cnv,C7orf66,5.1053823e-05,IntegratedGradients
Erlotinib,0,,cnv,VPS37D,2.880346e-05,IntegratedGradients
Erlotinib,0,,cnv,DCST2,2.5102001e-05,IntegratedGradients
Erlotinib,0,,cnv,GTF2I,3.5145425e-05,IntegratedGradients
Erlotinib,0,,cnv,DENND4B,2.0220303e-05,IntegratedGradients
Erlotinib,0,,cnv,CRTC2,2.0676685e-05,IntegratedGradients
Erlotinib,0,,cnv,GON4L,2.3751627e-05,IntegratedGradients
Erlotinib,0,,cnv,CATSPERE,3.8501727e-05,IntegratedGradients
Erlotinib,0,,cnv,ADSS,3.1744617e-05,IntegratedGradients
Erlotinib,0,,cnv,PCLO,5.504379e-05,IntegratedGradients
Erlotinib,0,,cnv,DNAJB9,4.7977526e-05,IntegratedGradients
Erlotinib,0,,cnv,CCDC71L,4.516174e-05,IntegratedGradients
Erlotinib,0,,cnv,GK,2.0464951e-05,IntegratedGradients
Erlotinib,0,,cnv,IFT52,3.389565e-05,IntegratedGradients
Erlotinib,0,,cnv,RPRD1B,3.0690353e-05,IntegratedGradients
Erlotinib,0,,cnv,GNGT1,1.9574522e-05,IntegratedGradients
Erlotinib,0,,cnv,MEOX2,3.0225905e-05,IntegratedGradients
Erlotinib,0,,cnv,L3MBTL1,3.3274544e-05,IntegratedGradients
Erlotinib,0,,cnv,KHDC4,2.3757944e-05,IntegratedGradients
Erlotinib,0,,cnv,PMVK,1.7558406e-05,IntegratedGradients
Erlotinib,0,,cnv,PYGO2,1.7632361e-05,IntegratedGradients
Erlotinib,0,,cnv,PBXIP1,1.9428584e-05,IntegratedGradients
Erlotinib,0,,cnv,SHC1,1.7444328e-05,IntegratedGradients
Erlotinib,0,,cnv,CXorf21,3.2141936e-05,IntegratedGradients
Erlotinib,0,,cnv,RIT1,3.6480047e-05,IntegratedGradients
Erlotinib,0,,cnv,ARAF,2.781199e-05,IntegratedGradients
Erlotinib,0,,cnv,SCARNA4,3.084163e-05,IntegratedGradients
Erlotinib,0,,cnv,ASH1L-AS1,1.847766e-05,IntegratedGradients
Erlotinib,0,,cnv,ZBTB7B,2.5497991e-05,IntegratedGradients
Erlotinib,0,,cnv,LENEP,2.4876352e-05,IntegratedGradients
Erlotinib,0,,cnv,SGCE,2.203265e-05,IntegratedGradients
Erlotinib,0,,cnv,KCNN3,2.2748487e-05,IntegratedGradients
Erlotinib,0,,cnv,MKLN1,7.513023e-05,IntegratedGradients
Erlotinib,0,,cnv,CKS1B,1.8361363e-05,IntegratedGradients
Erlotinib,0,,cnv,FLAD1,1.9119685e-05,IntegratedGradients
Erlotinib,0,,cnv,NDUFA4,2.901716e-05,IntegratedGradients
Erlotinib,0,,cnv,DLX6,2.4475128e-05,IntegratedGradients
Erlotinib,0,,cnv,SNORA11C,3.29469e-05,IntegratedGradients
Erlotinib,0,,cnv,DLX5,1.6149907e-05,IntegratedGradients
Erlotinib,0,,cnv,ZNF41,2.9762248e-05,IntegratedGradients
Erlotinib,0,,cnv,AOC1,0.00011027754,IntegratedGradients
Erlotinib,0,,cnv,AASS,7.526212e-05,IntegratedGradients
Erlotinib,0,,cnv,CDC42BPA,3.9512e-05,IntegratedGradients
Erlotinib,0,,cnv,LRRC72,2.8941407e-05,IntegratedGradients
Erlotinib,0,,cnv,ANKMY2,3.088644e-05,IntegratedGradients
Erlotinib,0,,cnv,PTPRT,1.7946184e-05,IntegratedGradients
Erlotinib,0,,cnv,SYT16,2.3415318e-05,IntegratedGradients
Erlotinib,0,,cnv,MDH2,2.9649722e-05,IntegratedGradients
Erlotinib,0,,cnv,SDHAF3,2.4664192e-05,IntegratedGradients
Erlotinib,0,,cnv,MEX3A,2.3143783e-05,IntegratedGradients
Erlotinib,0,,cnv,LMNA,2.7603934e-05,IntegratedGradients
Erlotinib,0,,cnv,LOC100128885,2.6300557e-05,IntegratedGradients
Erlotinib,0,,cnv,LOC641746,2.8185437e-05,IntegratedGradients
Erlotinib,0,,cnv,ZNF138,2.5647027e-05,IntegratedGradients
Erlotinib,0,,cnv,PHF14,3.3554705e-05,IntegratedGradients
Erlotinib,0,,cnv,GNAI1,3.2506243e-05,IntegratedGradients
Erlotinib,0,,cnv,ERO1A,1.6514874e-05,IntegratedGradients
Erlotinib,0,,cnv,LINC00643,2.0932757e-05,IntegratedGradients
Erlotinib,0,,cnv,OCM,2.7178972e-05,IntegratedGradients
Erlotinib,0,,cnv,SMOC1,1.8082428e-05,IntegratedGradients
Erlotinib,0,,cnv,MIR653,2.0819298e-05,IntegratedGradients
Erlotinib,0,,cnv,MIR489,2.3631614e-05,IntegratedGradients
Erlotinib,0,,cnv,ESR2,1.8083281e-05,IntegratedGradients
Erlotinib,0,,cnv,CCZ1,2.9102917e-05,IntegratedGradients
Erlotinib,0,,cnv,DGKB,3.47699e-05,IntegratedGradients
Erlotinib,0,,cnv,SNORA14A,2.1885837e-05,IntegratedGradients
Erlotinib,0,,cnv,POR,2.4878116e-05,IntegratedGradients
Erlotinib,0,,cnv,MIR4651,1.7799377e-05,IntegratedGradients
Erlotinib,0,,cnv,RHBDD2,2.047831e-05,IntegratedGradients
Erlotinib,0,,cnv,OR2L2,2.837661e-05,IntegratedGradients
Erlotinib,0,,cnv,MIR29B1,6.975292e-05,IntegratedGradients
Erlotinib,0,,cnv,MIR29A,7.4880474e-05,IntegratedGradients
Erlotinib,0,,cnv,SRRM3,1.7801081e-05,IntegratedGradients
Erlotinib,0,,cnv,CHD6,2.0222884e-05,IntegratedGradients
Erlotinib,0,,cnv,MIR1914,1.7965345e-05,IntegratedGradients
Erlotinib,0,,cnv,MIR647,2.075411e-05,IntegratedGradients
Erlotinib,0,,cnv,CALN1,2.5466523e-05,IntegratedGradients
Erlotinib,0,,cnv,RGS22,3.9741397e-05,IntegratedGradients
Erlotinib,0,,cnv,MIR4471,3.5578552e-05,IntegratedGradients
Erlotinib,0,,cnv,SYN1,3.052292e-05,IntegratedGradients
Erlotinib,0,,cnv,TMEM120A,3.0111161e-05,IntegratedGradients
Erlotinib,0,,cnv,DDC-AS1,2.4260191e-05,IntegratedGradients
Erlotinib,0,,cnv,C20orf204,3.2304273e-05,IntegratedGradients
Erlotinib,0,,cnv,RPA3,3.1876632e-05,IntegratedGradients
Erlotinib,0,,cnv,UMAD1,2.95958e-05,IntegratedGradients
Erlotinib,0,,cnv,ELK1,2.8613738e-05,IntegratedGradients
Erlotinib,0,,cnv,PEG10,2.3466093e-05,IntegratedGradients
Erlotinib,0,,cnv,ZNF815P,2.0458665e-05,IntegratedGradients
Erlotinib,0,,cnv,SGK2,3.090264e-05,IntegratedGradients
Erlotinib,0,,cnv,SHE,1.9148474e-05,IntegratedGradients
Erlotinib,0,,cnv,STYXL1,2.7110815e-05,IntegratedGradients
Erlotinib,0,,cnv,UXT,3.649211e-05,IntegratedGradients
Erlotinib,0,,cnv,LPIN3,1.969315e-05,IntegratedGradients
Erlotinib,0,,cnv,EMILIN3,2.29798e-05,IntegratedGradients
Erlotinib,0,,cnv,ZFYVE1,1.5136833e-05,IntegratedGradients
Erlotinib,0,,cnv,ILF2,1.677247e-05,IntegratedGradients
Erlotinib,0,,cnv,INTS3,1.3325855e-05,IntegratedGradients
Erlotinib,0,,cnv,SNAPIN,1.9566798e-05,IntegratedGradients
Erlotinib,0,,cnv,NPR1,1.4923471e-05,IntegratedGradients
Erlotinib,0,,cnv,ATP6V0E2-AS1,0.00010757077,IntegratedGradients
Erlotinib,0,,cnv,ATP6V0E2,0.00011272017,IntegratedGradients
Erlotinib,0,,cnv,MAP1LC3C,3.1966527e-05,IntegratedGradients
Erlotinib,0,,cnv,ITGB8,2.2645521e-05,IntegratedGradients
Erlotinib,0,,cnv,SNX31,4.2292235e-05,IntegratedGradients
Erlotinib,0,,cnv,DLX6-AS1,2.2360035e-05,IntegratedGradients
Erlotinib,0,,cnv,SCAMP3,1.8861343e-05,IntegratedGradients
Erlotinib,0,,cnv,HCN3,2.0265728e-05,IntegratedGradients
Erlotinib,0,,cnv,CLK2,2.4053335e-05,IntegratedGradients
Erlotinib,0,,cnv,FAM189B,2.2896886e-05,IntegratedGradients
Erlotinib,0,,cnv,ADIG,2.7971824e-05,IntegratedGradients
Erlotinib,0,,cnv,PTPRZ1,6.676102e-05,IntegratedGradients
Erlotinib,0,,cnv,MIR593,4.7296446e-05,IntegratedGradients
Erlotinib,0,,cnv,ANKRD46,3.9427923e-05,IntegratedGradients
Erlotinib,0,,cnv,GATAD2B,1.7164404e-05,IntegratedGradients
Erlotinib,0,,cnv,SLC27A3,2.166204e-05,IntegratedGradients
Erlotinib,0,,cnv,RBM25,1.3516153e-05,IntegratedGradients
Erlotinib,0,,cnv,HEATR4,1.2115705e-05,IntegratedGradients
Erlotinib,0,,cnv,GBA,2.6445143e-05,IntegratedGradients
Erlotinib,0,,cnv,NR0B1,2.989177e-05,IntegratedGradients
Erlotinib,0,,cnv,PCOLCE-AS1,1.331127e-05,IntegratedGradients
Erlotinib,0,,cnv,FBXO24,1.8389703e-05,IntegratedGradients
Erlotinib,0,,cnv,SAP25,2.055261e-05,IntegratedGradients
Erlotinib,0,,cnv,AGFG2,1.9450603e-05,IntegratedGradients
Erlotinib,0,,cnv,GNB2,2.6698308e-05,IntegratedGradients
Erlotinib,0,,cnv,LRCH4,2.9443256e-05,IntegratedGradients
Erlotinib,0,,cnv,MOSPD3,2.1642712e-05,IntegratedGradients
Erlotinib,0,,cnv,GIGYF1,2.061152e-05,IntegratedGradients
Erlotinib,0,,cnv,TFR2,2.0509417e-05,IntegratedGradients
Erlotinib,0,,cnv,ACTL6B,1.793037e-05,IntegratedGradients
Erlotinib,0,,cnv,PCOLCE,1.6875683e-05,IntegratedGradients
Erlotinib,0,,cnv,COX6C,4.310963e-05,IntegratedGradients
Erlotinib,0,,cnv,AHCTF1,3.568653e-05,IntegratedGradients
Erlotinib,0,,cnv,SOSTDC1,3.250312e-05,IntegratedGradients
Erlotinib,0,,cnv,DEFB115,3.4396035e-05,IntegratedGradients
Erlotinib,0,,cnv,SLC26A5,1.946398e-05,IntegratedGradients
Erlotinib,0,,cnv,PSMC2,2.5089339e-05,IntegratedGradients
Erlotinib,0,,cnv,NYX,3.1417727e-05,IntegratedGradients
Erlotinib,0,,cnv,PLD5,3.724094e-05,IntegratedGradients
Erlotinib,0,,cnv,HGF,4.264975e-05,IntegratedGradients
Erlotinib,0,,cnv,CXXC1P1,3.233777e-05,IntegratedGradients
Erlotinib,0,,cnv,PMPCB,3.0807663e-05,IntegratedGradients
Erlotinib,0,,cnv,DNAJC2,3.853362e-05,IntegratedGradients
Erlotinib,0,,cnv,NOS3,0.00010229105,IntegratedGradients
Erlotinib,0,,cnv,ABCB8,0.000112628026,IntegratedGradients
Erlotinib,0,,cnv,ATG9B,9.688199e-05,IntegratedGradients
Erlotinib,0,,cnv,KCNH2,0.00010796532,IntegratedGradients
Erlotinib,0,,cnv,VWDE,2.8936938e-05,IntegratedGradients
Erlotinib,0,,cnv,DDX3X,3.250904e-05,IntegratedGradients
Erlotinib,0,,cnv,OR11L1,3.3853077e-05,IntegratedGradients
Erlotinib,0,,cnv,BRF1,2.2611302e-05,IntegratedGradients
Erlotinib,0,,cnv,RELN,2.9667712e-05,IntegratedGradients
Erlotinib,0,,cnv,SND1-IT1,4.509434e-05,IntegratedGradients
Erlotinib,0,,cnv,ZNF81,3.1815704e-05,IntegratedGradients
Erlotinib,0,,cnv,GALNTL5,0.00010314656,IntegratedGradients
Erlotinib,0,,cnv,NYAP1,1.3070521e-05,IntegratedGradients
Erlotinib,0,,cnv,ETV1,3.2918902e-05,IntegratedGradients
Erlotinib,0,,cnv,LAMTOR2,2.502337e-05,IntegratedGradients
Erlotinib,0,,cnv,CNST,3.8882434e-05,IntegratedGradients
Erlotinib,0,,cnv,RAB25,2.5765221e-05,IntegratedGradients
Erlotinib,0,,cnv,TRIM58,3.4473243e-05,IntegratedGradients
Erlotinib,0,,cnv,FDPS,1.5013798e-05,IntegratedGradients
Erlotinib,0,,cnv,PKLR,2.3711982e-05,IntegratedGradients
Erlotinib,0,,cnv,BAZ1B,2.0100504e-05,IntegratedGradients
Erlotinib,0,,cnv,FZD9,1.8459343e-05,IntegratedGradients
Erlotinib,0,,cnv,VGF,1.6732865e-05,IntegratedGradients
Erlotinib,0,,cnv,NAT16,1.3081111e-05,IntegratedGradients
Erlotinib,0,,cnv,MOGAT3,2.7157343e-05,IntegratedGradients
Erlotinib,0,,cnv,PLOD3,2.0138983e-05,IntegratedGradients
Erlotinib,0,,cnv,AP1S1,2.572648e-05,IntegratedGradients
Erlotinib,0,,cnv,MIR4653,1.8643677e-05,IntegratedGradients
Erlotinib,0,,cnv,GNPNAT1,1.5668795e-05,IntegratedGradients
Erlotinib,0,,cnv,TFB2M,4.2131913e-05,IntegratedGradients
Erlotinib,0,,cnv,PDAP1,1.4418235e-05,IntegratedGradients
Erlotinib,0,,cnv,LRRC4,5.519792e-05,IntegratedGradients
Erlotinib,0,,cnv,CYTH3,2.3609851e-05,IntegratedGradients
Erlotinib,0,,cnv,TMEM229B,1.6585476e-05,IntegratedGradients
Erlotinib,0,,cnv,MYBL2,2.7775668e-05,IntegratedGradients
Erlotinib,0,,cnv,TRIM56,1.948188e-05,IntegratedGradients
Erlotinib,0,,cnv,SERPINE1,9.085225e-06,IntegratedGradients
Erlotinib,0,,cnv,SEM1,2.1433256e-05,IntegratedGradients
Erlotinib,0,,cnv,CASK,2.8436278e-05,IntegratedGradients
Erlotinib,0,,cnv,CFP,3.067652e-05,IntegratedGradients
Erlotinib,0,,cnv,OR2AK2,3.3098844e-05,IntegratedGradients
Erlotinib,0,,cnv,CCL24,2.4213214e-05,IntegratedGradients
Erlotinib,0,,cnv,MAGEB4,2.8842798e-05,IntegratedGradients
Erlotinib,0,,cnv,MAGEB3,2.8896773e-05,IntegratedGradients
Erlotinib,0,,cnv,MAGEB1,3.084072e-05,IntegratedGradients
Erlotinib,0,,cnv,DNAL1,1.2315254e-05,IntegratedGradients
Erlotinib,0,,cnv,MAGEB2,2.797491e-05,IntegratedGradients
Erlotinib,0,,cnv,CNBD2,2.149719e-05,IntegratedGradients
Erlotinib,0,,cnv,LOC100133091,2.8574179e-05,IntegratedGradients
Erlotinib,0,,cnv,LINC01734,1.784529e-05,IntegratedGradients
Erlotinib,0,,cnv,MUC12,2.9202685e-05,IntegratedGradients
Erlotinib,0,,cnv,HEPACAM2,2.1074766e-05,IntegratedGradients
Erlotinib,0,,cnv,OR14A16,3.216001e-05,IntegratedGradients
Erlotinib,0,,cnv,ZNF157,2.975141e-05,IntegratedGradients
Erlotinib,0,,cnv,EPO,2.2930048e-05,IntegratedGradients
Erlotinib,0,,cnv,OR2L8,3.8249545e-05,IntegratedGradients
Erlotinib,0,,cnv,TEX47,4.7648587e-05,IntegratedGradients
Erlotinib,0,,cnv,EPHB4,2.0331354e-05,IntegratedGradients
Erlotinib,0,,cnv,GTSF1L,3.082415e-05,IntegratedGradients
Erlotinib,0,,cnv,TTLL6,1.2656749e-05,IntegratedGradients
Erlotinib,0,,cnv,PER4,2.4269448e-05,IntegratedGradients
Erlotinib,0,,cnv,HUS1,1.9269777e-05,IntegratedGradients
Erlotinib,0,,cnv,GPHN,1.6714153e-05,IntegratedGradients
Erlotinib,0,,cnv,CCDC196,1.723151e-05,IntegratedGradients
Erlotinib,0,,cnv,LIN52,2.8951477e-05,IntegratedGradients
Erlotinib,0,,cnv,SNAPC1,1.8970044e-05,IntegratedGradients
Erlotinib,0,,cnv,PMS2,2.0876785e-05,IntegratedGradients
Erlotinib,0,,cnv,RSPH10B,2.0444451e-05,IntegratedGradients
Erlotinib,0,,cnv,BAALC-AS1,3.346731e-05,IntegratedGradients
Erlotinib,0,,cnv,MIR3151,2.9856279e-05,IntegratedGradients
Erlotinib,0,,cnv,SRSF6,3.0499947e-05,IntegratedGradients
Erlotinib,0,,cnv,ALDH6A1,2.4416306e-05,IntegratedGradients
Erlotinib,0,,cnv,GSAP,3.537747e-05,IntegratedGradients
Erlotinib,0,,cnv,STYX,1.602985e-05,IntegratedGradients
Erlotinib,0,,cnv,PSMC6,1.7784381e-05,IntegratedGradients
Erlotinib,0,,cnv,POP1,3.9944865e-05,IntegratedGradients
Erlotinib,0,,cnv,RIDA,3.8105358e-05,IntegratedGradients
Erlotinib,0,,cnv,VPS50,2.9622888e-05,IntegratedGradients
Erlotinib,0,,cnv,ZNF804B,5.492824e-05,IntegratedGradients
Erlotinib,0,,cnv,KCNK10,4.0314007e-05,IntegratedGradients
Erlotinib,0,,cnv,BMT2,5.9180107e-05,IntegratedGradients
Erlotinib,0,,cnv,MYH16,1.2583155e-05,IntegratedGradients
Erlotinib,0,,cnv,MIR1-1HG-AS1,2.3245593e-05,IntegratedGradients
Erlotinib,0,,cnv,ARPC1A,1.6305792e-05,IntegratedGradients
Erlotinib,0,,cnv,LKAAEAR1,3.651618e-05,IntegratedGradients
Erlotinib,0,,cnv,MIR129-1,4.999977e-05,IntegratedGradients
Erlotinib,0,,cnv,CRNN,1.5452059e-05,IntegratedGradients
Erlotinib,0,,cnv,NSUN5P2,2.4861509e-05,IntegratedGradients
Erlotinib,0,,cnv,FTHL17,2.7634655e-05,IntegratedGradients
Erlotinib,0,,cnv,PLCG1,2.489453e-05,IntegratedGradients
Erlotinib,0,,cnv,ZHX3,2.251828e-05,IntegratedGradients
Erlotinib,0,,cnv,EVL,2.5752186e-05,IntegratedGradients
Erlotinib,0,,cnv,GPR85,4.6307483e-05,IntegratedGradients
Erlotinib,0,,cnv,GALNT11,9.265157e-05,IntegratedGradients
Erlotinib,0,,cnv,FLVCR2,3.8706068e-05,IntegratedGradients
Erlotinib,0,,cnv,ESX1,3.067128e-05,IntegratedGradients
Erlotinib,0,,cnv,MLXIPL,1.978966e-05,IntegratedGradients
Erlotinib,0,,cnv,SNORD12C,3.8720624e-05,IntegratedGradients
Erlotinib,0,,cnv,SNORD12B,4.0525345e-05,IntegratedGradients
Erlotinib,0,,cnv,SNORD12,4.31213e-05,IntegratedGradients
Erlotinib,0,,cnv,TAB3,3.2436885e-05,IntegratedGradients
Erlotinib,0,,cnv,FAM47C,2.6832993e-05,IntegratedGradients
Erlotinib,0,,cnv,EIF2S2,2.8821247e-05,IntegratedGradients
Erlotinib,0,,cnv,FTH1P18,3.3112734e-05,IntegratedGradients
Erlotinib,0,,cnv,KDM5C,2.8518542e-05,IntegratedGradients
Erlotinib,0,,cnv,OR2L5,3.0106527e-05,IntegratedGradients
Erlotinib,0,,cnv,BCL7B,1.8646566e-05,IntegratedGradients
Erlotinib,0,,cnv,TBL2,1.6959792e-05,IntegratedGradients
Erlotinib,0,,cnv,CACNG4,4.2017207e-05,IntegratedGradients
Erlotinib,0,,cnv,TMEM168,5.2333882e-05,IntegratedGradients
Erlotinib,0,,cnv,THSD7A,2.7440226e-05,IntegratedGradients
Erlotinib,0,,cnv,SMIM30,5.0242816e-05,IntegratedGradients
Erlotinib,0,,cnv,BEX5,3.108492e-05,IntegratedGradients
Erlotinib,0,,cnv,EFNA1,2.9280389e-05,IntegratedGradients
Erlotinib,0,,cnv,SLC50A1,2.3499835e-05,IntegratedGradients
Erlotinib,0,,cnv,AXIN2,4.700894e-05,IntegratedGradients
Erlotinib,0,,cnv,POMZP3,1.9186182e-05,IntegratedGradients
Erlotinib,0,,cnv,TCEAL6,3.241261e-05,IntegratedGradients
Erlotinib,0,,cnv,RBMY3AP,3.4613884e-05,IntegratedGradients
Erlotinib,0,,cnv,LOC100132831,3.3600878e-05,IntegratedGradients
Erlotinib,0,,cnv,GRM3,4.7932335e-05,IntegratedGradients
Erlotinib,0,,cnv,PAGE5,3.2501237e-05,IntegratedGradients
Erlotinib,0,,cnv,ZNF182,3.267509e-05,IntegratedGradients
Erlotinib,0,,cnv,ZNF630,3.206063e-05,IntegratedGradients
Erlotinib,0,,cnv,SLC12A9,1.879903e-05,IntegratedGradients
Erlotinib,0,,cnv,TRIP6,2.5854692e-05,IntegratedGradients
Erlotinib,0,,cnv,SRRT,2.1001957e-05,IntegratedGradients
Erlotinib,0,,cnv,ZFYVE26,1.3117593e-05,IntegratedGradients
Erlotinib,0,,cnv,MTRNR2L10,2.9681298e-05,IntegratedGradients
Erlotinib,0,,cnv,WDR64,2.7266951e-05,IntegratedGradients
Erlotinib,0,,cnv,YY1AP1,2.0649886e-05,IntegratedGradients
Erlotinib,0,,cnv,DYNLT3,2.7748803e-05,IntegratedGradients
Erlotinib,0,,cnv,LMTK2,1.3269827e-05,IntegratedGradients
Erlotinib,0,,cnv,ARPC1B,1.4824522e-05,IntegratedGradients
Erlotinib,0,,cnv,AGMO,2.8167538e-05,IntegratedGradients
Erlotinib,0,,cnv,KIAA1755,2.5986848e-05,IntegratedGradients
Erlotinib,0,,cnv,ZNF679,2.6793945e-05,IntegratedGradients
Erlotinib,0,,cnv,MUC17,2.2653629e-05,IntegratedGradients
Erlotinib,0,,cnv,ZNF735,2.9309263e-05,IntegratedGradients
Erlotinib,0,,cnv,FAM104B,3.0763287e-05,IntegratedGradients
Erlotinib,0,,cnv,LINC01005,2.6890688e-05,IntegratedGradients
Erlotinib,0,,cnv,ZNF727,3.0262987e-05,IntegratedGradients
Erlotinib,0,,cnv,RALY,2.796463e-05,IntegratedGradients
Erlotinib,0,,cnv,TTTY11,3.047172e-05,IntegratedGradients
Erlotinib,0,,cnv,PNMA1,1.41335995e-05,IntegratedGradients
Erlotinib,0,,cnv,ELMSAN1,1.3493003e-05,IntegratedGradients
Erlotinib,0,,cnv,XRCC2,8.383411e-05,IntegratedGradients
Erlotinib,0,,cnv,PLEKHD1,1.2952389e-05,IntegratedGradients
Erlotinib,0,,cnv,ZNF733P,3.0007828e-05,IntegratedGradients
Erlotinib,0,,cnv,CACNG1,4.826365e-05,IntegratedGradients
Erlotinib,0,,cnv,DHX35,2.3390163e-05,IntegratedGradients
Erlotinib,0,,cnv,MIOS,3.420315e-05,IntegratedGradients
Erlotinib,0,,cnv,RIBC1,2.9068404e-05,IntegratedGradients
Erlotinib,0,,cnv,HSD17B10,2.8401648e-05,IntegratedGradients
Erlotinib,0,,cnv,SCARNA20,1.9075844e-05,IntegratedGradients
Erlotinib,0,,cnv,RNF133,6.35362e-05,IntegratedGradients
Erlotinib,0,,cnv,RNF148,6.9522735e-05,IntegratedGradients
Erlotinib,0,,cnv,USP9X,3.1874726e-05,IntegratedGradients
Erlotinib,0,,cnv,RNF216-IT1,2.7008553e-05,IntegratedGradients
Erlotinib,0,,cnv,UBE2Q1,2.286882e-05,IntegratedGradients
Erlotinib,0,,cnv,PAGE3,2.8859207e-05,IntegratedGradients
Erlotinib,0,,cnv,LANCL3,2.8148099e-05,IntegratedGradients
Erlotinib,0,,cnv,ARL4A,2.8059676e-05,IntegratedGradients
Erlotinib,0,,cnv,HELZ,5.5369608e-05,IntegratedGradients
Erlotinib,0,,cnv,TTTY19,3.4029323e-05,IntegratedGradients
Erlotinib,0,,cnv,CGN,1.7983357e-05,IntegratedGradients
Erlotinib,0,,cnv,MSTO1,2.8292045e-05,IntegratedGradients
Erlotinib,0,,cnv,TUFT1,1.9687985e-05,IntegratedGradients
Erlotinib,0,,cnv,OSBPL2,2.439689e-05,IntegratedGradients
Erlotinib,0,,cnv,DMD,3.035043e-05,IntegratedGradients
Erlotinib,0,,cnv,EIF2S1,1.5590382e-05,IntegratedGradients
Erlotinib,0,,cnv,PLEK2,2.180734e-05,IntegratedGradients
Erlotinib,0,,cnv,GPR173,3.112842e-05,IntegratedGradients
Erlotinib,0,,cnv,RNF216,2.5517098e-05,IntegratedGradients
Erlotinib,0,,cnv,FSCN1,2.9213925e-05,IntegratedGradients
Erlotinib,0,,cnv,TSPYL2,3.14576e-05,IntegratedGradients
Erlotinib,0,,cnv,TECPR1,1.5517959e-05,IntegratedGradients
Erlotinib,0,,cnv,ASIP,2.3138067e-05,IntegratedGradients
Erlotinib,0,,cnv,HOXB9,1.01434825e-05,IntegratedGradients
Erlotinib,0,,cnv,S100A10,1.8582197e-05,IntegratedGradients
Erlotinib,0,,cnv,TEX21P,2.2526174e-05,IntegratedGradients
Erlotinib,0,,cnv,LAMA5,2.1855743e-05,IntegratedGradients
Erlotinib,0,,cnv,MIR4758,2.9352268e-05,IntegratedGradients
Erlotinib,0,,cnv,MIR3185,1.37841e-05,IntegratedGradients
Erlotinib,0,,cnv,HOXB13,1.2783465e-05,IntegratedGradients
Erlotinib,0,,cnv,PRAC2,1.1727106e-05,IntegratedGradients
Erlotinib,0,,cnv,PRAC1,1.7613776e-05,IntegratedGradients
Erlotinib,0,,cnv,CABLES2,2.1983513e-05,IntegratedGradients
Erlotinib,0,,cnv,RPS21,2.2315753e-05,IntegratedGradients
Erlotinib,0,,cnv,SMC1A,3.0463061e-05,IntegratedGradients
Erlotinib,0,,cnv,KCNJ2-AS1,2.3025332e-05,IntegratedGradients
Erlotinib,0,,cnv,KCNJ2,2.6856613e-05,IntegratedGradients
Erlotinib,0,,cnv,COL26A1,1.2439462e-05,IntegratedGradients
Erlotinib,0,,cnv,TDRD10,1.9699752e-05,IntegratedGradients
Erlotinib,0,,cnv,SRPX,3.1748215e-05,IntegratedGradients
Erlotinib,0,,cnv,TTTY18,2.7105945e-05,IntegratedGradients
Erlotinib,0,,cnv,RPRD2,1.7863556e-05,IntegratedGradients
Erlotinib,0,,cnv,WFDC2,2.7027882e-05,IntegratedGradients
Erlotinib,0,,cnv,CHMP4B,2.8520772e-05,IntegratedGradients
Erlotinib,0,,cnv,RBBP8NL,2.2167878e-05,IntegratedGradients
Erlotinib,0,,cnv,SEMA3C,4.7634632e-05,IntegratedGradients
Erlotinib,0,,cnv,PIGT,2.5585603e-05,IntegratedGradients
Erlotinib,0,,cnv,THBS3,2.5648527e-05,IntegratedGradients
Erlotinib,0,,cnv,MTX1,2.6392212e-05,IntegratedGradients
Erlotinib,0,,cnv,MTHFD1,2.4322197e-05,IntegratedGradients
Erlotinib,0,,cnv,YWHAG,2.2325561e-05,IntegratedGradients
Erlotinib,0,,cnv,USP42,1.998367e-05,IntegratedGradients
Erlotinib,0,,cnv,NNAT,2.5344023e-05,IntegratedGradients
Erlotinib,0,,cnv,BLCAP,2.9528965e-05,IntegratedGradients
Erlotinib,0,,cnv,PPP1R3A,4.25497e-05,IntegratedGradients
Erlotinib,0,,cnv,C7orf57,1.6055996e-05,IntegratedGradients
Erlotinib,0,,cnv,MIR591,1.76141e-05,IntegratedGradients
Erlotinib,0,,cnv,UPP1,1.5606707e-05,IntegratedGradients
Erlotinib,0,,cnv,SUN3,1.762002e-05,IntegratedGradients
Erlotinib,0,,cnv,IFT22,1.4067776e-05,IntegratedGradients
Erlotinib,0,,cnv,TTTY20,2.6777563e-05,IntegratedGradients
Erlotinib,0,,cnv,RPS7P5,3.7376667e-05,IntegratedGradients
Erlotinib,0,,cnv,EXO1,2.3124587e-05,IntegratedGradients
Erlotinib,0,,cnv,GATA5,2.980969e-05,IntegratedGradients
Erlotinib,0,,cnv,SLC38A5,2.9384326e-05,IntegratedGradients
Erlotinib,0,,cnv,SLC39A9,1.5023471e-05,IntegratedGradients
Erlotinib,0,,cnv,ERH,1.6313965e-05,IntegratedGradients
Erlotinib,0,,cnv,ABHD4,4.2221192e-05,IntegratedGradients
Erlotinib,0,,cnv,SLC25A13,2.0372634e-05,IntegratedGradients
Erlotinib,0,,cnv,WIPI2,2.7948725e-05,IntegratedGradients
Erlotinib,0,,cnv,TEX14,2.3410263e-05,IntegratedGradients
Erlotinib,0,,cnv,SNORA71E,2.8551929e-05,IntegratedGradients
Erlotinib,0,,cnv,SNHG11,2.6388987e-05,IntegratedGradients
Erlotinib,0,,cnv,RALGAPB,3.0432006e-05,IntegratedGradients
Erlotinib,0,,cnv,ABCA13,1.8911047e-05,IntegratedGradients
Erlotinib,0,,cnv,SCIN,3.49881e-05,IntegratedGradients
Erlotinib,0,,cnv,HYPM,2.8126342e-05,IntegratedGradients
Erlotinib,0,,cnv,C1orf54,1.7065944e-05,IntegratedGradients
Erlotinib,0,,cnv,MRPS21,2.7869071e-05,IntegratedGradients
Erlotinib,0,,cnv,CIART,1.9755833e-05,IntegratedGradients
Erlotinib,0,,cnv,CDC42BPB,2.594368e-05,IntegratedGradients
Erlotinib,0,,cnv,AMN,2.9048379e-05,IntegratedGradients
Erlotinib,0,,cnv,RBL1,3.0846237e-05,IntegratedGradients
Erlotinib,0,,cnv,ZNF674-AS1,3.178499e-05,IntegratedGradients
Erlotinib,0,,cnv,CHST7,3.2061314e-05,IntegratedGradients
Erlotinib,0,,cnv,SLC9A7,3.3623448e-05,IntegratedGradients
Erlotinib,0,,cnv,SAMHD1,2.7285505e-05,IntegratedGradients
Erlotinib,0,,cnv,TGM2,3.2407886e-05,IntegratedGradients
Erlotinib,0,,cnv,GPR34,3.09508e-05,IntegratedGradients
Erlotinib,0,,cnv,TLDC2,2.6846745e-05,IntegratedGradients
Erlotinib,0,,cnv,BPI,2.8644847e-05,IntegratedGradients
Erlotinib,0,,cnv,FIS1,2.4237457e-05,IntegratedGradients
Erlotinib,0,,cnv,CLDN15,1.3814971e-05,IntegratedGradients
Erlotinib,0,,cnv,PRPF3,2.1376634e-05,IntegratedGradients
Erlotinib,0,,cnv,RBAK-RBAKDN,3.5098677e-05,IntegratedGradients
Erlotinib,0,,cnv,C20orf144,2.6303844e-05,IntegratedGradients
Erlotinib,0,,cnv,NECAB3,2.5429359e-05,IntegratedGradients
Erlotinib,0,,cnv,WNK3,3.0095976e-05,IntegratedGradients
Erlotinib,0,,cnv,ZNF736,2.6532556e-05,IntegratedGradients
Erlotinib,0,,cnv,PRRG1,2.8707125e-05,IntegratedGradients
Erlotinib,0,,cnv,SYTL5,3.5726534e-05,IntegratedGradients
Erlotinib,0,,cnv,MACC1,2.3169465e-05,IntegratedGradients
Erlotinib,0,,cnv,E2F1,2.5103556e-05,IntegratedGradients
