,E0,E1,E2,E3,E4,E5,E6,E7,E8,E9,E10,E11,E12,E13,E14,E15,E16,E17,E18,E19,E20,E21,E22,E23,E24,E25
Hs 895.T,-0.9685077,-0.55936104,-1.3746136,-0.0021684468,-0.117065705,-0.78623533,0.1389271,0.28973675,-0.8021291,-1.6489297,1.3461673,-0.5094827,0.32163244,-1.2191398,-0.2665048,-0.54553694,1.0791663,0.55144763,0.2529737,1.1656607,1.2432199,-0.17829719,-0.90798455,-0.13484086,-2.0162466,1.591759
NCI-H460,2.8212798,0.59477556,0.78514755,1.710299,-0.8118057,-3.1544452,-2.0777729,1.2248232,0.4810059,-0.87610596,0.8692669,-1.8420382,-0.18272401,0.425095,0.29621184,-1.5677171,1.901612,-0.4058525,0.2803549,-0.4932331,2.1207435,2.619965,1.1651814,1.7726873,-0.09728603,0.31090176
HCC2935,4.049914,1.3729072,-1.0766046,-0.6028849,0.048345298,0.91571796,3.6237597,1.1548383,1.7974454,2.6122012,-1.0842667,-2.4992905,4.91182,-4.001873,-2.1514304,3.600253,-0.93161374,-0.17048812,4.8289294,-1.746259,-3.2531605,-4.3138466,1.1346262,0.11650431,0.73553973,1.8782637
YMB-1,0.7534191,0.26534396,1.1958319,-0.036403317,-0.99866277,0.8199876,-0.043854415,-1.5026779,0.5661975,1.1315337,-1.9642329,0.11524664,3.9049292,-1.3348997,-2.187131,0.0054481877,-0.47313163,-0.70767933,0.40192074,-1.4065545,-0.9433892,-2.964622,0.54200697,0.2727135,3.657879,1.5735242
ME-1 [Human leukemia],-0.69660795,-0.4485945,1.0753073,-0.27001908,1.1392797,0.50405186,1.427155,-1.5024538,-2.5185206,-1.4212204,0.48185128,2.5373569,-1.2313795,3.341513,0.95235234,-1.4130952,2.7080467,0.4746288,-4.353208,-0.94263077,-0.024784043,0.81387234,1.1328392,-1.2009952,0.51240957,2.3662207
OPM-2,-1.0945463,0.5520606,-0.4750334,-0.014053702,-0.7657093,1.2525765,-1.6153768,-0.2220434,-0.48597652,-0.5512265,-0.11570336,1.9716805,1.3935425,1.2741829,-2.9199667,-0.53263664,0.6537631,1.3417817,-2.9038434,-1.4398935,-0.40033737,-2.091049,1.023227,1.5453185,-0.65574557,-1.7775035
LN-229,-1.7780755,-0.97502977,0.47663987,1.1712103,0.56348544,-0.21837229,-0.4435344,0.6919886,0.13874197,-1.1956071,0.7776066,-0.4904122,-0.1569565,0.08251926,0.12811945,-0.54245555,-0.41045302,1.4110614,-0.39252663,1.136816,0.12994589,-0.015698299,-0.05473569,-0.110857986,0.05206739,-0.19974682
CAL-33,2.05867,-0.5373257,-2.3035266,-0.29752806,0.16270801,-1.1672598,1.5157934,1.688211,2.480124,1.7472938,-1.3501215,-2.3449998,4.654348,0.29712516,-0.34218055,0.7616509,-0.89980745,-1.15277,4.258069,-4.493448,-3.1884716,-3.9539545,0.18174544,1.7817032,-1.6602557,-2.2339652
P31/FUJ,0.86454976,-1.8059603,1.2084929,-2.356972,-2.0458775,-0.5260107,-2.3748624,1.0967146,3.4533033,1.8566073,-1.0695598,3.6983683,-2.8623695,2.0801067,0.8402431,-1.8466868,6.2210965,-0.17993654,-5.657407,0.10414297,0.03692031,1.1477373,4.713545,-0.6008283,-0.69097334,-0.5151522
SK-RC-20,-1.454732,-0.33717057,1.3470027,-0.49747992,-0.62632084,-0.0117333755,1.3161262,-1.5867472,0.46513918,-0.88827217,1.1984751,1.0917459,0.57422626,-0.31074426,-0.47975755,-1.0170786,0.13462634,-0.17779715,0.9984149,0.377441,-0.38169765,-0.21361178,-1.5134053,-0.83043253,-1.0004333,0.2121598
HOS,-0.259743,0.8685493,-0.15347059,0.20068558,0.4350091,0.31858614,0.06441842,1.1012268,-1.3263623,-1.4244784,0.1595504,0.7381902,0.1509597,0.25741172,0.9531737,-0.19456714,0.12220843,0.45623016,-0.38693392,2.109793,1.2988355,0.97259665,-1.1846993,0.18540037,-0.47915652,1.3003814
JHUEM-2,1.3740474,-1.5575469,-1.2566684,-0.92673695,-1.4134007,2.9527342,-4.7652864,-1.2382356,-0.06402988,0.57814026,-2.536337,1.0455242,0.60461336,3.5390418,2.215221,-0.6050258,-1.8491094,0.2704547,-0.5461654,1.775559,-0.57892144,-0.2620564,2.160949,1.5239006,-4.0353637,-2.36464
OVTOKO,0.33510864,0.027165476,0.38352758,0.39388612,0.562544,0.36034036,1.2934612,-0.37369132,0.6631814,0.47316098,1.0575293,-0.6028663,0.049688663,-0.71936417,-0.89029473,-0.6580278,-1.348491,-0.34901568,2.916316,0.2071464,-0.2743307,-1.0295205,-1.0897069,-0.34984738,-0.4546254,-0.29373866
Kasumi-1,-0.8695126,-0.7374212,0.8734725,-1.4167974,0.5925628,1.3262395,0.08380365,0.42585477,-2.3010588,-0.12499396,-1.0922841,2.5957582,-0.32923102,0.9183965,-1.0944932,-0.2834494,2.9647622,0.10353331,-3.3769026,-0.890188,0.38787887,-1.3239479,2.2202816,-0.3041532,0.10915506,2.2368307
GB-1,-1.2029749,-1.0347922,1.5626959,0.7751906,1.0981644,0.55391896,0.38235915,0.45844126,0.7633115,-0.45876,-0.3969999,-0.046962567,0.39014632,0.45057014,-0.8382597,-1.7055284,-1.8815627,0.61383754,-0.5400706,1.9060459,0.61265254,-0.34215838,-0.41916898,-0.64274657,-0.8034728,0.47311872
KMRC-20,-0.8377077,0.4748629,0.12146432,0.4203862,-0.31902725,0.51277155,0.110355675,-0.5225941,1.5064186,-0.24497403,1.2848109,0.063078634,0.3038017,-1.2639605,-2.3732529,-0.2831522,0.047515363,-0.0766847,2.2215037,-0.117203206,-0.16502343,-1.5512629,-1.0139177,-0.80396044,-0.67167556,-0.2528124
PK-45H,0.6201295,-0.057059824,-0.15909043,-0.14040396,1.4662834,-1.8122536,0.1214788,0.82901126,0.32434052,0.325567,1.4108164,-1.7077593,-1.2355518,-1.2380207,0.18260412,-0.010235811,0.13276275,0.007290898,1.0654951,0.7677884,0.5555512,2.886243,0.84197146,-0.5681634,-1.4734786,0.81798065
HCC70,0.33339584,0.60688466,0.9048474,-1.1819426,-1.223633,-0.08088889,0.52906203,0.86763763,1.6260968,0.9763111,-1.1218932,0.0648548,2.054112,-1.9489851,0.6719861,1.1906302,0.7685505,-0.26666006,-0.39149305,-0.8682867,-0.8529406,-1.2141172,-0.2692011,-0.5876652,1.9041219,-0.67683077
Hs 766T,0.42381066,-0.14677197,0.04098405,0.40343463,1.608191,-1.9226127,0.69805956,-1.1381087,0.0051350594,0.09853558,2.9022102,-2.6967921,-0.28254107,-1.7061744,0.29290563,-2.7685263,-1.926169,0.23294151,0.17271903,-0.16844545,0.67226386,2.2538073,0.07897539,0.6527832,-0.7678851,-1.0869751
Hs 936.T,-1.3744118,-0.6515404,-2.6743195,1.675921,0.46990296,0.62034214,-3.6827717,0.9241055,-0.20045406,-0.56306547,-0.4296371,-2.0009825,-0.40552762,5.5212173,0.24715567,0.40957692,-0.47101676,-0.30264434,1.31031,-3.0836246,-2.2418747,0.3777522,2.5782564,-1.0340663,-1.4306432,-0.6420573
NCI-H520,-1.9782093,0.08622656,-0.2526964,0.07625337,0.38207835,0.32421228,-1.7412792,0.6109657,0.12063898,0.31713575,-0.59123325,0.30124384,-0.62233233,-0.43967918,-1.1442472,1.5402725,-0.51156807,-0.09946088,-0.47179803,-0.1929947,-0.31818753,1.0397931,0.04110449,1.027033,1.1967807,-1.291508
NCI-H727,-1.140416,1.018985,-0.2797388,-0.080431886,0.49835,-0.2007349,-2.0969718,-1.0989528,0.12081495,-0.3674661,0.7354133,0.29475814,-2.3661044,-1.4105078,0.12974304,5.0723248,-0.4929275,0.39218128,0.0132629825,1.7851983,-1.0362139,3.682723,0.9558247,-1.2914376,0.34084612,0.3291476
Panc 05.04,2.0864403,0.28440118,-0.38331968,-0.84976864,0.61075413,-2.154323,2.1680682,0.44235548,1.8008579,1.825042,0.5671888,-2.3081326,0.39187932,-2.5150268,1.074812,0.79677296,0.056359667,-1.3788129,2.082277,-0.54313344,-1.3602858,1.8134075,0.72905254,-1.0717283,1.0173749,0.24770401
B-CPAP,-0.5986959,-1.0305582,-2.7128751,0.55234116,1.3653935,-0.61856866,0.65666544,-0.35889924,-0.61323977,-1.073715,0.9861536,-1.3088257,0.7467758,1.5913182,-1.2859095,-1.0531846,0.20278138,0.10908682,0.60902554,-1.7874414,-1.0950238,-0.3041106,0.36487848,-1.3315575,-2.6305788,0.1571569
MHH-CALL-2,-1.437464,2.0182781,1.091355,1.4446628,2.7096722,-0.026740275,-0.15971965,-1.0565882,-3.7286987,-2.0137491,0.31991848,3.0554993,-2.8972661,4.517252,3.278543,-2.359974,-0.10824534,1.2156489,-4.7198267,-0.1441237,2.3122509,1.013858,-0.7093797,0.027457565,2.0441604,0.6192079
U266B1,-0.767869,2.1903288,1.1196128,2.1707394,-1.5459061,1.3683794,-0.68794,0.21934104,-0.8491647,-0.59889483,0.7326799,1.9592676,-0.41861072,1.1637567,0.09215945,0.51105714,0.3424275,0.21818171,-2.8460937,0.26861057,-0.15268451,0.6910081,2.1801794,0.13424444,0.109581664,-0.19096269
SCLC-21H,-2.0978475,-0.16491568,-2.396155,1.5308431,1.2557987,0.5274558,-2.631314,1.3216608,-0.070854366,-0.7597167,-1.6876854,-0.39338523,-2.1664047,2.6264129,0.51522017,0.8312904,-0.133131,-1.0208633,0.111382335,-0.22349317,0.0035990998,2.1173754,-0.80157304,-0.6958657,0.5335773,0.5395955
GSS,-1.1164266,-0.84865,-0.6303011,0.36275414,1.4118507,0.62455046,-1.2666042,-0.6663985,-0.36618856,-0.6472227,-2.6128225,0.16490221,1.9356828,2.8369977,-1.8552325,0.8889606,-2.0838473,0.3273265,0.80450803,-2.707296,-0.62363607,-2.1755059,-0.4987438,2.5566468,-0.5205496,-1.2731916
SNU-407,1.6559246,1.6549997,-3.0392828,0.23803459,0.059725896,0.25118858,-2.9567888,-3.386301,-1.0795466,0.2551178,-3.532178,-0.41397983,1.7439497,1.9642329,1.5436181,1.1119609,-2.844112,0.34272635,-0.6332283,-3.5113356,-1.59016,-1.068683,2.854875,0.21302514,-2.4357748,-0.8489111
HuH-1,-1.1543722,0.012006948,1.2035384,0.047170606,-0.8996242,-0.07456556,0.31880957,-0.57954663,0.68187356,-0.48713595,1.4013067,0.9719801,0.5992453,-0.028828755,-1.6331494,2.194668,0.11530765,-0.22553593,1.2903105,0.47972357,-0.7551241,0.53054947,-0.64185375,1.1078032,-0.4492165,-0.6070684
IMR-32,-1.2107058,-2.01408,-1.7207962,-0.36697942,0.56588376,0.2626048,-0.7064315,2.4688666,-0.62782073,-1.1956573,-1.6461833,-0.08033791,-2.954083,2.205531,0.9251658,1.1230891,1.6478931,-0.49064603,-0.6873065,2.2145524,0.9779095,2.1172178,-1.0299344,0.26189163,0.66107064,1.66056
NCI-N87,0.18481755,0.54860365,0.7226647,-1.2020465,-0.5518572,0.4337044,-0.039197683,-0.77009904,0.25750268,1.9199111,-0.30543202,-0.42457336,0.2860453,-3.0198617,1.1784552,1.9106733,-0.89608157,-0.40064812,1.0342185,0.04131429,-1.2984885,0.67798716,-0.2878043,0.21858928,2.4192472,-0.43312493
COLO 775,1.4983052,2.1560774,1.899463,0.9128197,-2.907397,-0.49491054,-2.67056,0.4423193,1.3697135,0.4695167,1.7554945,1.5418485,-3.026809,-0.2680809,0.89314413,-0.952452,2.4421244,0.53551865,-3.9801137,0.8977526,1.3505019,2.8765652,2.0362518,0.017884746,0.2084167,-1.8177302
KYSE-70,0.3005082,0.3512383,0.5237453,1.0293182,-1.3505479,-0.99867845,-1.3654245,1.4272133,0.5722266,-0.27169713,0.31198308,-0.758858,0.8735652,-0.42357507,-1.0096991,-0.17141993,0.30570382,-0.1902434,0.81459665,-1.4777386,0.19519359,-0.28294638,-0.5470783,2.450301,0.05332292,-2.5090892
G-361,-0.59157735,-1.5150245,0.23945999,1.513743,0.62117213,-0.326504,-0.29595593,-0.4747465,0.9163426,0.36480245,0.65849036,-2.00567,-0.6349942,1.920571,-2.886204,-2.608302,-1.3783412,0.2645637,0.8855771,-1.0407844,0.73129773,-2.0499675,0.855107,-0.3246294,0.92515266,-0.74505603
SNU-466,-1.1438807,-0.20886445,1.883432,1.9860014,-1.6052334,-1.1497777,-0.18099642,0.16771337,-0.051856123,-2.064206,2.3944309,-0.5049394,-0.5521346,0.38305962,1.9951006,-3.4002109,-0.19303899,0.94911766,-0.0072688386,2.1736386,1.7937272,0.80837,-0.8508055,0.112334676,1.4885843,-0.8803167
UACC-893,2.724413,1.3098137,1.3615055,-0.104842,-1.25112,0.035764497,1.1641122,0.4662071,1.7127223,-0.29397142,-1.2491812,-1.1064093,3.886636,-1.0442879,-0.071425796,0.23712224,0.45708025,0.11994155,2.3266404,-1.5107594,-0.9081127,-1.2076159,-1.3025784,-0.31283623,3.627579,1.7804141
CMK-11-5,0.009730443,-0.03341894,-1.4877807,-0.73042786,1.584182,0.9650914,0.5228368,-2.5001273,-5.201765,-0.7178448,-0.48817202,1.3463647,-0.1763282,4.7335696,0.25030267,0.7862877,-0.27301037,0.2439357,-2.81568,-1.8500167,-0.21739696,0.37316158,2.4290411,0.07472068,-0.66326714,1.8252798
COV362,-1.0095881,0.5015437,-1.8602812,1.5099629,2.574703,-0.2981585,-0.13378824,-0.6671243,-0.92876,-1.2182729,0.7888487,-1.0783066,-0.022079483,0.47386077,-1.0298707,-0.9652078,-2.1383312,0.572069,0.5640896,-0.67067784,0.3217677,0.037011407,-0.5623492,-0.62533236,-1.3395524,-0.16788422
HLF,-0.7920767,-0.8599119,0.55493885,-0.35471186,0.72727376,0.21912779,-0.26329592,1.0463947,0.5506979,-0.1835501,-0.28338045,0.8485944,-0.83900064,0.15585649,0.68401456,0.0071125007,0.5191895,-0.503721,1.5207046,1.284762,0.4829932,0.006135285,-1.0892631,-0.26148528,-1.6243904,0.53364336
CHL-1,-1.0051212,-0.3797593,1.8723748,1.3687954,0.6821406,1.1273553,-0.19642627,-2.5634646,-1.4066833,-1.405208,1.3773504,-0.8806715,-1.1713014,0.6798309,-0.3956107,-3.5394301,-3.5434523,2.10593,-2.7228556,1.9350673,2.0707288,-1.0017185,0.06352082,-1.164918,2.8878899,-0.13723093
EW-8,-2.187861,-1.5305443,-0.5210012,-0.10108655,1.0141859,0.25035805,-0.3437173,-0.59209645,-2.3238008,-0.4145194,-0.480284,0.17453712,-1.2747229,1.2484818,0.069218144,-2.5186598,-0.37794912,0.14299181,-3.1551018,0.42262718,1.3068055,0.18147337,-0.19085953,0.80805725,1.8999008,-1.3249966
JHH-7,-0.26537672,0.14508915,0.7244546,-0.05875673,-0.13675709,0.37510726,1.4249929,-0.89116776,0.5676006,0.013111908,1.0758688,0.76627195,0.85243577,0.5737308,-3.488219,1.8274677,-0.8408962,0.45140395,1.6331519,1.0438632,0.088718764,-0.75736636,0.19143654,1.4782592,0.12062457,-0.14589846
L3.3,2.5002,1.8141363,-0.29234207,0.41570246,-1.2658067,-0.28476596,1.1312497,-0.5688342,-0.07572653,1.678011,1.7865704,-2.0711458,0.69575006,-3.6332285,-0.5308845,0.28494966,-1.3930335,-0.09954472,-0.096721955,0.5993869,-0.1873013,0.32512194,2.2405026,0.41154155,1.0758412,-0.26015478
CAL-51,3.4859595,0.6385413,1.7693708,0.8522024,-0.6974086,-1.3242322,0.93497753,-0.9446057,2.8724763,-0.5674331,0.5403345,-1.5654169,0.8311265,0.57531613,-3.097512,-4.580793,-1.7967051,0.793561,1.7400185,0.8729222,3.5210752,-1.5363189,-2.0933774,1.0319457,0.0864255,-1.4173356
KALS-1,-0.3193706,1.7092233,1.8362833,1.1241003,-1.4487302,0.8399284,-0.14502278,1.4225675,-0.60341954,-2.3368285,0.5551809,0.944294,0.46541056,-0.22263217,0.9178695,-0.68888795,-0.13756081,0.53655314,-0.3239497,2.9056146,1.4082755,0.8626118,-1.9884453,-1.4002901,-1.0702199,0.07286915
HEL 92.1.7,-1.1942286,-0.4526362,-0.55440474,-0.14816001,1.5622793,0.5019203,0.74846995,-1.4223255,-3.139736,-1.1759686,0.28059343,1.6590308,-0.8912794,4.3890266,0.06879872,0.22003944,1.3435557,-0.21742356,-2.1475594,-1.061031,0.21817619,1.8277353,0.7900153,-0.20663859,0.39066446,2.1897888
OAW28,0.66538286,0.5798094,-0.8736883,-0.067635536,0.3057364,0.4360812,2.5914826,-1.393202,1.0943669,0.9795053,-0.33954325,-0.5089151,1.5067843,-0.9161,-3.1136718,-0.83687913,-1.7864666,0.53560925,2.098802,0.009544173,0.60388637,-3.8120406,-0.300991,0.22116025,1.6376392,-0.5340666
PCM6,0.14590245,1.7819294,0.8233496,0.5233571,-1.4591396,0.4866028,1.6027486,0.5625994,-0.21515687,-0.3460152,1.7788007,2.2406273,-0.21045257,-0.3560835,-2.5526273,0.05207622,1.6178885,1.4321613,-1.9444655,-1.0032321,-0.4112649,-1.2211094,1.1477373,0.6865226,-0.7149887,-1.0890001
SNU-449,0.31815392,-0.12842001,1.5445336,-0.35495433,-0.3415557,0.23876458,0.7159928,0.71526366,2.2355478,-0.14154214,0.18850324,0.36505663,0.02501595,-0.3099423,-0.79561734,-0.24313548,-0.34423015,0.46124443,2.3781836,2.1525722,0.74750984,0.024213746,-1.8177902,-0.5916834,-0.45039028,-0.8252887
Becker,-2.2464383,-0.9947668,0.5435354,0.6676708,-0.045735,0.24428897,-1.3240676,0.59422386,-0.11045511,-0.964265,0.40001804,0.046594393,1.4143486,-0.65590125,-0.34614134,-0.7095407,-0.033050984,0.77324,-0.9706791,0.5446807,-0.2322684,0.21443754,-0.36598793,-0.5315089,-0.6542561,0.4961161
HT-1080,-0.91881895,-0.9131298,0.3119869,-0.29087535,0.80443406,-0.10049236,0.13770999,1.2103107,-0.95565605,-0.41518146,0.053960778,-0.0531191,-1.0378071,0.38173714,0.70033944,0.013990935,0.07463896,-0.2788658,-0.5460827,0.7843525,0.25804698,0.97319937,-0.65590274,-0.41133416,-1.6785874,0.58196765
KMRC-1,-0.19279572,0.45201293,0.44755328,1.3286973,-0.20209178,0.2216134,1.1582515,0.21730745,0.4078772,0.004285328,2.0175862,-1.1815763,0.6343034,-2.4383953,-2.8729064,-0.75913423,-1.3603921,0.005558312,1.7423944,-0.02930725,0.10926568,-2.2261114,-0.21295063,-0.60812145,-2.5451427,0.39223328
OUMS-27,-1.3004663,-0.199369,-1.3197858,0.5062802,0.22703753,-0.59399027,0.39267492,0.37349972,-0.5993043,-1.0709476,1.0695807,-0.61808014,1.3975792,-1.0518737,-0.918598,-0.98417795,-0.019723386,1.055171,-0.4584514,0.959016,0.659574,-0.11166239,-0.04720621,-0.27869964,-1.520676,0.85954493
59M,-1.2487007,-0.7738301,-0.41112223,-0.6139689,0.7131373,0.254744,0.85432434,-0.558175,0.3034031,-0.4843408,1.1107912,-0.062981665,0.19410576,-0.3489731,-1.169501,-1.3751558,-0.56280553,0.59297264,0.012888451,0.88654226,0.3614146,-0.27096003,-0.74354994,-0.69388527,-1.2926108,0.13161564
SNU-81,3.6605392,3.2576878,-1.6329837,-1.5642233,-3.4417815,2.523502,-2.712242,-3.3922114,-3.118153,1.2194031,-1.940522,-1.0812305,0.4734666,0.8411523,3.7808657,3.5453644,-3.7916517,-0.5524544,-0.70665985,-1.5701246,-2.2666495,0.6766928,3.1287127,-0.6283474,-3.2925735,-0.7015784
DND-41,-0.8625392,1.1679937,0.28123292,-0.7410997,1.3778797,-1.1277133,0.799049,-0.38394487,-1.2514716,0.75544244,-0.80174494,2.1586547,-2.3166249,2.701693,2.3511121,-2.760502,1.8580656,0.9303533,-7.3916793,1.3588924,2.9458094,4.5502386,2.5749848,-0.53533745,2.0481439,-1.277384
NCI-H1734,1.8699563,2.0197952,0.73330224,1.7421477,0.47071418,-0.29682136,0.9898146,-0.18931045,0.5057368,-0.9112071,0.655254,-1.7221991,1.443382,-1.7060239,-1.8231454,0.58482194,-1.3567286,0.7511602,0.25812408,0.94464713,0.15296271,-0.12622035,-0.037102744,-1.5942113,-0.19728835,1.6953251
NCI-H1694,-2.02196,-0.8978368,-1.4386259,0.10935086,-0.15349555,0.6428589,-2.4715276,2.2721546,-0.773775,-0.01793896,-1.4217843,0.8614311,-2.4282773,1.252035,0.5230267,1.8762761,1.5699284,-1.1286398,-0.26185012,1.4540801,0.3332475,1.6692661,-0.9901193,0.5660175,1.0795013,-0.005495688
NCI-H2286,1.8355596,-3.111705,0.61385745,-2.0317852,-1.4063872,0.46284476,-2.3404088,0.640064,3.0608826,0.8971616,-1.9564797,1.5397685,0.1632971,-0.666297,0.40047085,-0.9346037,2.3610253,0.05402539,0.5038516,0.94728565,0.19901101,-2.4118967,-0.18018703,2.1084006,-2.3941665,-2.7278016
RCC10RGB,0.872172,0.6633533,-0.3988288,-0.2469238,-0.53889066,1.4028733,2.4245687,-0.48626047,1.2777777,1.0796037,1.6799705,-0.7264564,1.144147,-3.503533,-1.8561252,0.17214414,-1.411035,-0.47167838,4.4253244,1.470422,-0.78663653,-2.8878434,-0.79519016,-1.7387228,-1.4908911,1.2235215
RT-112,1.5280136,0.8172573,0.4207355,-1.4813224,-1.3061564,0.5292717,3.0535007,1.1255746,0.022851467,1.3746557,-0.7852993,-0.9494286,3.4404182,-2.0814257,1.7854717,1.7443888,-0.4557699,-1.4725802,2.2920527,-0.6238012,-2.1641314,-1.5436339,-0.7272438,1.0818312,2.336462,0.787742
VMRC-LCD,-1.9291656,-0.026898151,0.0009867176,-0.18023299,-1.2108375,0.12695228,-2.91243,0.53253067,0.0919821,-0.42898482,-0.49431825,1.2513996,-1.3070682,0.8257497,-1.3409622,3.2114332,1.1855954,-0.9874329,0.4246618,0.070928775,-0.71440417,2.1662724,-0.876026,0.7146723,0.60226697,-0.7782609
OAW42,1.8607757,0.6389484,1.3178622,1.4530717,-0.66636837,-0.9240939,0.4520086,-0.5616621,2.4999506,-0.7284673,0.7600719,-1.0767252,1.1397362,0.6381381,-1.8189083,-2.9107459,-1.0468992,-0.33169937,2.942907,-0.43717873,1.2280976,-1.1277366,-2.0330396,0.66609555,0.68201727,-0.915973
COV504,-0.8610419,-0.90590596,-0.48837453,0.057781354,2.0172935,-0.1927517,0.12360281,-0.26835242,1.102186,-0.58304936,0.9287821,-0.47289655,-0.1791318,-1.3123002,-1.0580701,-0.7479797,-1.2106049,0.9788922,0.44854894,0.49894184,-0.49033755,-0.061181862,-1.8324656,-0.54704267,-1.7416886,-0.8501222
NCI-H358,3.0494807,1.32423,-2.261961,1.0859609,1.5474908,0.8902661,0.12926777,-0.3181374,0.5652216,2.5615013,-0.62852126,-3.805087,1.7350224,-0.33881804,-0.33505428,1.076281,-3.6695948,-0.72348905,2.6097584,-1.3532016,-2.3277702,0.37850824,3.9056332,-0.89142257,-2.2693307,1.4789855
Hs 698.T,-1.7594697,-0.117241904,-2.3681104,-0.88549316,-0.7551553,0.060481623,0.11102228,-0.5559336,-1.6055409,-1.0489265,2.055063,-0.3970424,0.30894804,-1.9250588,0.2256871,-0.6941945,-0.2590524,0.7593309,0.22851068,2.1359398,0.87900096,0.49522895,-0.52886486,-0.61868626,-1.2094922,1.3990141
CJM [Human melanoma],0.6028613,-0.4859729,-0.5966238,-0.8752419,0.13137677,-0.052724853,1.9865929,1.3682709,0.025588587,1.8594978,-0.20427608,-1.085085,1.1182574,-3.1915107,-1.0605234,2.1764328,0.18975118,-0.86144763,1.447149,-1.0480428,-1.6134042,-1.7798247,0.1125428,0.094792545,-1.4107373,-0.8629029
Calu-3,1.4234459,-1.0056207,-0.26746145,-1.3887582,-0.5937589,0.344655,1.9176471,-0.17020625,2.0708933,1.7667372,-1.095531,0.1946482,0.93168503,-0.67571914,-0.83681947,3.1325889,-0.2643386,-0.7215542,2.8296866,-0.34837443,-2.097946,-2.1167126,-0.6600186,0.07499198,-0.074813984,-1.5976987
MKN45,-0.08190043,-0.040519655,0.6329719,-1.0326921,0.15836029,-0.48944017,1.5361607,-1.0945436,-0.030863851,1.2757282,-0.9488343,0.006977396,0.83615977,-1.729306,-1.0550771,2.367811,-0.23613012,-0.49257162,0.54783416,-0.91312927,-0.8837216,-0.47593135,-0.10523969,1.2536364,1.0889487,-0.30602223
Toledo,-0.6785975,1.3284042,0.5131856,1.5385743,2.0176356,-0.8215428,-0.67904127,-0.59320056,-0.7964588,-0.313489,0.32872367,2.312367,-3.4270425,2.3232646,1.16929,-2.4893813,0.2553137,0.74330384,-3.3318052,-0.18891494,2.3410552,1.2993158,1.4024143,0.9497503,1.6154679,-0.3646181
HCC2157,-0.1524743,0.33476293,0.58029574,0.4379922,-0.73097277,0.97391456,-0.018201381,-1.0060496,0.7686131,1.2458583,-0.98474056,-0.23293865,1.649452,-0.9586362,-1.8901979,-1.223784,-1.2002444,-0.48453742,0.26438558,-0.84095186,-0.15366985,-2.6581924,0.27565685,-0.08144778,3.188328,0.17441472
NCI-H1623,0.5956085,-0.36587733,0.16137117,-1.1076777,-1.2675811,0.5803387,1.6229196,0.5511211,0.71053463,2.1756713,-0.61904186,-0.5253615,3.620095,-3.4908571,-1.1210083,1.6253394,0.38258186,-0.6775237,2.914725,-0.8506119,-1.9750524,-2.5113213,0.98507124,1.4792254,2.1183558,1.0519369
Li-7,-0.21906771,0.41690552,0.51544064,0.34419316,0.40718377,-0.46140888,0.9559239,-1.6569842,0.76102173,-1.2345194,1.1657101,-0.014701553,0.9679336,-0.1867578,-2.501768,1.0566518,-1.0431451,0.43366128,1.7696209,1.2185355,0.14966772,0.076686606,-0.56453776,-0.70956767,-0.33643875,0.5910989
SU-DHL-6,-1.9375062,1.2838502,0.99184626,0.9082062,1.8478562,0.6969334,-0.48445344,0.40659726,-0.5895243,0.267628,-0.031398743,3.6526465,-3.3071039,1.8678871,1.3291034,-0.001609534,0.33578187,0.54004407,-1.7573599,-0.98505306,0.4800334,0.33306038,-0.7607,1.1695321,1.2370869,-0.5517552
RERF-LC-Ad1,2.1938055,-1.1776897,-1.3061386,-0.5946679,1.8273989,-2.2555404,0.28816563,0.97339964,3.305137,2.1823666,-0.45867643,-2.5408812,0.9949972,-2.4839673,-2.1485837,0.11155393,1.3060354,-0.5861929,1.8583819,-2.0779717,-1.1703504,0.014783308,1.985927,-1.2559676,-1.262307,0.21675636
NUGC-4,6.1200113,2.1049817,2.463963,-1.4538327,-4.9692497,0.541576,4.566087,-1.0163049,0.9245418,2.4585783,0.70675,-1.521081,3.6836095,-5.2598763,-3.3298688,2.843043,-1.0479631,-0.80982053,2.7501185,0.21702527,-0.5135727,-4.5582905,-0.19127253,2.4344091,1.5355523,0.50919706
SUP-HD1,-0.38443086,1.3537512,-0.5094687,0.5744333,-1.5355304,-0.30342048,0.05129411,2.8286562,-0.18028337,0.3398741,1.0372225,1.5151958,-3.3879316,0.7094351,1.3626558,1.6400682,3.006108,-0.5738502,-0.72714186,1.2612916,0.57458645,2.76871,0.07613018,0.33328617,0.48423854,-1.2563062
HSC-4,2.7207546,0.5439782,-2.522474,0.25149652,-0.83255064,-1.1370848,-1.3940566,0.9969883,2.0510108,0.37948972,-2.0927162,-1.9375727,4.341718,1.3502412,1.1761428,-0.4442336,0.025876254,-0.886654,1.6544291,-3.2453573,-1.9131906,-1.5816222,1.4356205,2.6219547,-2.7743497,-3.292463
HCC44,-0.2738691,0.743752,-0.57945025,-0.36840954,0.12343241,0.7738526,0.23730302,-0.89568245,-0.8382698,0.75060683,1.3941933,-0.0128933415,-1.042546,-2.3503044,0.23950572,1.8284864,-0.4838752,0.09971118,-0.7015987,1.3845241,-0.93857074,1.0064313,1.560236,-1.778594,-0.9645346,1.1552113
Huh-7,-0.71036303,0.59577256,0.45497245,-0.18493141,-0.058315452,1.4063287,2.6431465,-1.8543872,0.554143,0.2292592,1.6602424,0.86398584,1.0985897,-0.54991615,-2.995191,1.7949506,-2.0101223,0.68215036,2.0816157,2.530706,0.028927546,-1.1427727,0.010747882,0.6814193,0.31816345,0.09130811
SNU-216,0.566501,-0.112922035,-0.32032698,-2.0245879,0.16966197,1.3058245,1.8497719,-0.26796457,0.68753797,2.1719522,-0.74746287,0.18748084,1.3309321,-2.9771192,0.792423,1.7298641,-0.33774415,-0.32400355,2.9063556,0.53539324,-2.3187835,-2.0423336,0.13629708,-0.89591116,2.4383595,1.1312212
HCC2814,0.05694297,-0.31468827,0.52248126,-0.23665917,-0.65119135,0.97060484,2.3627176,0.14433898,0.7367823,2.319216,-0.16712172,-1.3615752,3.328641,-2.853739,-3.069481,0.060353912,-2.5578275,-0.46206257,1.6052152,-0.5209512,-1.0788636,-3.3208582,0.5496382,1.967253,0.47052088,-0.17952475
SW403,2.5727398,2.2834005,-0.095923305,0.84553164,0.07081476,-3.1431653,-0.11406542,-3.1312523,-0.26321796,-0.34775814,-0.4821552,-2.0764844,1.495937,0.5906899,-0.79229546,-0.7016064,-1.7866415,0.3168549,-1.423638,-3.2367523,0.83461875,1.9313878,2.0633917,1.7611799,0.46949834,-0.0026699554
KYM-1,-0.95017135,-1.0508776,-0.7309184,-0.15688959,-0.30383804,0.35089567,-1.2644835,1.3153813,-1.654527,-0.2716556,0.7652837,0.29713646,-2.3490312,1.6838554,0.97408044,0.72497493,1.7593313,-0.63057584,1.4855559,1.125868,0.31358245,2.3728652,0.024024174,0.3122636,0.81533426,0.12205304
A101D,-1.5160099,-1.3888003,0.14440423,1.7539139,0.53527284,-1.896088,-1.2287952,0.7956899,0.8665824,-0.9571205,0.92820114,-1.2031893,-0.8151565,1.4210863,-0.23641643,-1.3641213,-0.014023885,0.4166591,-0.2180973,-0.8286467,0.039750107,0.37822032,0.80308527,0.16556104,-0.20133296,-1.0849184
VMRC-LCP,0.22113134,0.15738265,-0.52405465,-0.5560728,-0.68477654,0.32125872,2.459682,0.26463652,1.0466273,1.4191387,-0.26141223,-0.9013151,3.2263608,-2.7225327,-1.7587451,1.4797561,-0.6926941,-0.3277088,1.1893299,-1.0039486,-1.9004864,-1.9671271,0.38774377,0.5248721,1.4469371,-0.7112152
WM266-4,-0.14990485,-3.1990278,0.25200075,-0.15899797,-0.5866612,-2.524697,-3.2477443,0.51787305,3.6225662,1.2228649,0.42453927,-1.5389725,-2.6746747,2.502662,-0.49465337,-2.9663439,1.790942,0.76971716,-1.9172925,-0.20910104,1.1421945,1.2128388,3.4204905,-0.06800583,-0.885889,-3.388907
KS-1 [Human glioblastoma],-0.51809186,1.0040818,0.56002927,1.9594834,-0.54217446,-0.0095489435,0.77507704,0.16494033,-2.1102853,-2.6519442,1.3744382,-0.65943664,0.47082168,0.0846364,0.7073792,-1.6999713,-0.7843204,0.99102587,-0.33910793,1.7614052,1.7115853,-0.75360703,-0.97298735,-0.7495617,-0.29534543,1.4866167
LN-382,-1.8836355,-1.1129893,0.7342035,0.35608286,-0.4529843,0.12231465,0.0040799156,-1.3557519,0.004275266,-1.6968257,1.3742797,-0.30261555,1.9517672,-0.13359873,-2.2340612,-2.3013365,-0.60071474,1.231339,-1.746156,0.2554152,0.28655532,-1.040761,-0.7022903,-0.6729984,-1.2246195,0.42765307
8-MG-BA,-0.15376039,2.4995036,0.011538386,2.4392781,-0.4386736,0.6158675,-0.25765318,-1.196714,-2.6578991,-3.482373,1.1459062,-0.66267127,0.8617093,1.3617339,-0.44550017,-1.0179893,-1.651188,1.5279243,-2.789646,1.0371063,1.2956134,0.57864535,-0.5263657,-2.4665477,-0.65714717,0.8365577
CMK-86,-0.45659357,-0.52317864,0.5286426,-1.6240034,1.631819,0.5589499,1.1079514,-2.4649615,-2.2003553,-0.8262924,0.6719959,2.0107899,-0.17887703,2.4437916,-2.1065378,-1.3142532,0.27597928,0.95557547,-3.8008668,-0.9375124,1.0757998,-0.75846255,0.83529025,0.669313,0.83496505,1.9159043
TCCSUP,0.8803821,-0.10492388,0.18317959,0.5487466,-0.8970305,-1.844638,-0.21780792,1.3699731,0.7878983,-1.9007982,-0.00025323802,-0.08704882,1.3894107,1.5781413,0.343774,-1.3015505,1.9297864,-0.050884444,-0.33359316,-0.015445426,0.7651958,1.7037832,-1.2290862,-0.20528562,-1.1335865,-0.18655635
Hs 819.T,-1.9042882,-0.057547778,-2.0800145,-0.52638036,-1.0797853,-0.5060478,-0.14058071,0.50785893,-1.0282924,-1.3650105,1.7080752,-0.2250377,0.96756077,-1.1807343,0.1544627,-0.5047947,1.5006304,0.2835419,0.7586767,0.9100079,0.74315774,0.5751857,-0.6397754,-0.006335322,-1.5818813,1.1421806
JH-EsoAd1,0.21433358,-1.1829405,0.5058748,-2.185201,1.0102755,-0.23572126,1.3019178,-0.14098684,1.3939903,1.4329922,-1.3152833,0.14086193,0.61121106,-1.77894,0.96204644,0.88348,-0.42191893,-0.7309464,1.4609736,-0.22857195,-1.261297,-0.58878195,-1.0963757,-0.581687,0.39533478,-0.1359916
Hs 939.T,-1.6165785,-1.691153,0.23207538,0.8845127,0.23229578,-1.4930351,-0.6984822,1.1166681,0.76880807,-0.97945845,0.8423701,-1.167463,-0.64602214,1.1001369,-0.7016548,-1.035468,0.5860558,0.56627834,-0.19398321,-1.0343866,-0.10653282,-0.33350593,1.4082005,-0.24985714,-0.5532604,-0.48394057
SW900,0.7943171,-0.15266852,0.6370774,0.3309582,1.1926745,-1.1392305,1.2852385,0.044830065,1.7877413,0.37456235,0.15266809,-1.2930918,0.054118134,-1.5106585,0.13248655,0.17391402,-0.14517085,-0.12254417,0.0017827675,0.121651426,-0.7432502,1.7605776,0.4044506,-1.776904,-0.19383985,0.74289286
D283 Med,-1.2412646,-0.56793344,-0.73648834,0.24560776,0.6702529,0.83000463,-0.8476105,0.50338763,-0.71816623,-0.13326241,-0.12374653,0.3501073,-1.5508465,1.4537828,-1.6218232,-0.17353088,-0.2044588,0.26061684,-0.6574853,0.73156023,1.0632048,0.4232474,-0.13655297,0.6281686,0.7310542,-0.7038134
SK-MEL-3,-1.6410689,-1.5797652,0.46974197,1.0917678,-0.39281148,0.07394948,-0.94910437,0.14380993,0.7778258,0.21499383,0.65443593,-0.8312433,-0.42262688,1.7402692,-1.4789816,-1.8251631,0.11689064,0.1980126,-0.08830264,-1.2631798,-0.20799875,-1.7754118,0.67973197,-0.42768863,1.3439702,-0.46809015
BHY,1.9206095,-0.54576606,-1.2904282,-1.5160196,-0.18466546,0.0904481,4.465538,1.8591372,0.33263236,2.3699367,0.47342604,-1.7299974,2.5742135,-3.7878025,-0.49331376,1.5685579,-0.27043414,-0.9190595,2.9647908,-0.8587022,-2.4701188,-2.6357174,0.51214606,0.045611653,-0.24771555,-0.25382882
MHH-ES-1,-2.9913144,-1.3931626,-1.898591,-1.1174109,1.577953,0.6912221,-1.281677,-0.9540176,-1.661917,-0.5989735,-0.5860288,0.21262978,-2.5341733,0.14774048,0.27725318,-2.4129348,-0.77097404,1.533239,-3.0648763,1.3352329,1.88004,-0.44164938,-0.06554852,-0.96924955,1.7974963,-2.530716
HPAF-II,0.5061669,-0.47811103,0.12735575,-1.7366933,0.13094564,-2.1324034,0.4396606,-0.9534023,0.0638358,1.3610502,0.8562695,-1.3372868,-0.9469024,-1.3554156,2.0599425,2.1220784,0.72191495,-1.5136628,1.7382904,-0.67589086,-1.6785512,3.2452528,0.14233616,-0.349911,1.1285093,-0.92206925
Mono-Mac-1,-0.359399,-0.60265476,1.3194284,-0.55158865,0.25234175,0.9522564,2.710072,-0.253644,-1.3007265,-1.6034052,1.0415596,3.191262,-0.30883038,2.1161013,-0.46455145,-0.46229976,4.3081207,1.2989318,-4.6729364,-2.1475928,-1.0006151,-3.1406324,2.4997034,-1.5244005,-0.8413103,2.7777288
HCC1143,1.1099594,-0.37534332,0.7074318,-0.8172583,-1.2658343,1.5610969,2.9817078,0.7422726,1.6862869,1.4010228,-1.3156054,-0.33001444,4.2963266,-2.1678312,-1.9034469,0.8200912,-0.9846258,-0.23991974,2.571795,-0.8564962,-2.2085958,-4.5063314,-1.1790702,0.22658382,-0.25813818,-0.10657589
RD,-0.33336172,-0.5257899,-0.13750464,0.1877525,0.32559717,0.488813,1.1883962,2.1169853,-1.9451531,-1.5028229,0.40020227,-0.41800308,-0.8637902,1.4143558,1.322565,-0.30245245,0.041572623,1.1679367,-0.2397527,2.9253347,1.4222457,0.8650688,-0.46513504,0.1963572,-0.2935913,1.079819
NH-6,-2.1245635,-2.0475476,-2.0649905,-0.31922635,0.1406351,-0.11020835,-0.5462916,2.6791651,-0.28617513,-1.7438254,-0.55970895,-0.17423421,-2.5249865,1.8351012,2.3253288,1.3278104,2.5464544,-0.5341898,-0.15330158,3.1257515,0.45193076,3.7442977,-1.203521,-0.68687975,0.51494527,1.618739
23132/87,2.6766014,1.1571952,1.3151826,-2.7965658,-2.8355744,1.7700311,0.8861506,-1.8467042,-0.7848105,2.6541553,-0.5985126,0.093765244,0.63498664,-4.802538,-0.27707213,3.4218469,-0.7412467,-0.017224796,1.1675829,0.31024185,-1.0547593,-1.9804374,1.3154993,0.3819979,1.4869394,-0.06920687
MDA-MB-436,-0.8976959,-0.47785655,0.4496156,0.77804136,0.25365955,0.2626084,0.3592084,-1.0089253,-0.5585426,-0.44271728,1.240966,-0.98901665,0.20667295,-1.0342336,-1.3913728,-2.0136006,-1.380824,0.3541612,-0.48627856,-0.22682942,0.38966602,-0.7589489,-0.24162737,-0.25222367,-0.36101604,0.6927407
KNS-60,-1.940146,-0.09386273,-0.48510808,-0.21784768,-0.7068017,0.24993402,-0.11019849,1.0449121,-0.11325293,-0.20106709,0.12766568,0.7724495,0.6960116,-0.3134731,0.059884004,-0.64873445,1.116821,-0.07130775,-0.30114704,1.1892503,0.18853173,0.5053283,-0.13726534,-0.98637587,-1.1328647,0.13462727
MOR/CPR,1.0338376,1.9218318,-3.473998,1.7973663,0.9835811,0.6686255,-3.946,-1.6074644,-2.2254913,0.68664247,-0.63064516,-2.586739,0.7577824,2.9213805,2.213163,1.0350882,-2.730682,-1.2103503,1.3227139,-2.8226771,-2.937051,2.5229552,4.4316425,-1.6707118,-1.2069265,1.015373
DV-90,0.9148585,1.1339053,0.64183664,1.922822,0.2786122,-0.27875957,0.5245805,-2.7422569,-1.7843592,-1.1329035,-1.8425542,-0.537052,2.7733965,1.3676107,0.79338175,0.024320608,-3.2257187,-1.1896939,-0.6838018,-2.4864254,-0.5776459,-0.36910054,-1.1258637,1.0774432,1.3573413,1.2274969
MDA-MB-453,4.627277,1.6378809,4.095697,0.056672074,-4.2136774,-1.5736341,-3.2508802,0.5208628,2.2293139,0.21529561,-1.7004658,-0.19290677,0.16846311,-1.4450818,1.1231571,-2.5764313,2.431524,0.29136035,-2.632795,0.45781696,2.959794,1.2200266,0.20529456,0.6061835,2.752122,-1.3774195
UM-RC-6,-0.30782056,-0.41933042,1.0380701,-0.3954703,-0.4805588,0.97887844,0.6646868,-1.1735386,1.5076208,0.47436884,0.97197735,0.09321792,0.33218548,-0.24319746,-2.6110413,-0.70192486,-0.9879487,-0.18236041,2.4659216,0.3973077,-0.14515269,-1.5180609,-0.9897873,-0.00066027744,-0.42815402,0.14954633
CADO-ES1,-2.758925,-1.1554612,-1.2732978,1.0036412,0.6429233,0.21050438,-2.673795,0.9530725,-1.7643778,-0.82156706,0.04351797,-0.7236744,-2.5407119,1.2090044,1.4758015,-0.3043049,0.248903,-0.29904833,-1.5074422,0.1409173,0.7048878,2.538515,-0.528324,0.29466987,2.4179535,-0.6437564
LN-308,-1.4220116,-0.52325296,1.0283488,0.70792145,0.95967364,0.6322943,0.87654275,-1.4581996,0.7356768,-0.8351671,0.72471046,-0.28044116,1.4139074,0.2199764,-2.3451953,-2.7277222,-2.319952,1.3852558,-0.6681189,1.4981841,0.8534224,-1.0618548,-0.21644634,-0.64961845,0.058086894,0.5006879
OC 316,0.8569819,-0.4748957,1.461536,1.2095469,0.6144676,-1.1568135,-1.9858153,0.91323876,2.1337383,-0.48142496,-1.3092278,-0.4876752,-0.04461753,1.8737066,0.2260983,-2.479863,0.11750028,-0.745555,1.2523719,-1.8513815,0.5395198,0.85200703,-1.8242315,0.3767677,-1.2244651,-1.1764122
NCI-H524,-1.7887366,-1.2149271,-0.7261276,0.14988568,0.18727282,0.9859433,-2.0221577,1.7714295,-0.10096356,-0.4176398,-1.304409,0.81813866,-2.3651414,-0.24684417,-0.5827065,1.3218338,1.2695768,-0.80585945,-1.4679301,1.111591,0.40025297,2.3027935,-0.6139189,0.49781224,1.0302268,0.31665528
Hs 172.T,-1.1338118,-0.4659168,-1.0770305,0.1647205,0.21153745,-0.51191545,0.004196793,0.059216257,-0.37507996,-1.7539825,1.571851,-0.5853564,0.83563477,-0.38149616,-0.4143601,-0.658387,0.59210193,1.0048985,1.1215963,1.2201414,0.7184813,0.16517948,-0.64499354,-0.5272461,-1.3080875,1.0772063
KE-37,-2.4866982,1.1001393,-0.15062463,-0.28603774,2.767292,0.32937112,0.5403798,-0.48387527,-1.8851708,-0.2671489,-1.4857917,3.002797,-0.63661265,2.8444507,1.2365254,-0.78585845,0.833381,0.8217392,-5.877672,0.4983892,1.0792912,2.649457,0.64516616,-0.70807874,1.0848607,-0.08079633
LN-340,-1.7546554,-1.2657552,1.5532286,1.0021371,-0.23551118,0.5600346,0.22298844,-1.0725224,-0.14807454,-1.2997845,0.70785177,-0.49532014,1.4895933,-0.032386616,-1.6765655,-2.8348937,-1.570869,1.0147293,-1.0943329,0.9449372,0.6776643,-1.3309562,-0.37209094,-0.16548093,-0.3290642,0.3141924
U-118MG,-2.066475,-1.5545064,0.38493106,-0.04746954,-0.75445557,0.022443295,-0.47212648,0.7369803,-0.9600769,-0.92280364,0.081606336,-0.10063537,0.7333117,-0.31064597,-0.20396417,-0.16467276,1.1681788,0.5223105,-1.149352,0.78143346,0.20598027,0.035212547,-0.07991828,-0.7776022,-1.1164922,1.4107413
Hs 578T,-1.6505555,0.79375017,-0.24892008,0.20258236,-1.409145,0.3736753,0.033631794,0.29999566,-1.5213345,-1.905417,1.3642292,0.042717963,1.3361895,-0.44250405,0.52735656,-1.453464,0.03734669,0.7134999,-0.2633378,1.5325348,1.2353183,0.6645872,-1.6154993,-0.9170186,-1.3713038,1.1346118
Hs 255.T,-1.5163147,-0.3567327,-2.1149635,-0.40482715,-1.1483219,-0.7016761,-0.6234692,0.89363045,-0.17006786,-1.7783165,1.2828188,0.18730414,0.89742017,-0.8757707,-0.2782271,0.31071633,2.0808382,0.48196682,1.5189399,1.3836737,0.66133857,-0.33670986,-0.53712916,0.5497534,-1.3684163,0.17110188
LOU-NH91,3.2098422,-2.5019476,0.005931232,-0.94660604,-2.0719743,-1.8690833,-2.8061764,1.9424467,5.9576883,2.5006597,-1.017186,-0.90931064,1.8734156,-1.9530467,-0.49533993,-3.3770008,3.0486443,-0.993147,1.6399157,-0.7322211,-0.2532885,-1.1287022,1.6557273,1.9017469,-3.379686,-2.3811624
FaDu,1.01857,-0.32888502,0.07150608,-0.7495471,-0.077698246,0.6086065,2.3223524,0.227254,0.49390632,2.0981598,-0.7841779,-1.1035082,2.3868282,-3.3076801,-1.345898,0.6327701,-1.0672183,-0.57280743,1.6205008,-1.1637954,-1.4267125,-3.1697137,0.2145713,1.6503031,1.4259442,0.03387341
Namalwa,-2.592621,-0.032904238,-0.031032309,0.080859356,1.7631246,0.57517177,-1.7839446,0.039909676,1.7974237,-0.16721393,-1.5836272,3.2451894,-2.1882086,2.3174188,0.7160109,-0.65609634,0.5703518,0.7758942,-2.612649,-1.6806684,0.31244093,-0.83551097,0.2639567,1.9493486,0.4679359,-1.8975827
NCI-H441,1.6680461,0.072807536,0.5583437,-0.36086485,0.8233898,-0.7505947,0.89011383,0.5571253,0.5146092,1.6342292,-0.48290333,-1.4721076,0.3924874,-2.9119413,-0.36082533,0.8873158,0.384185,-0.5469735,1.0809736,-1.2160171,-1.395618,0.53453004,1.1669564,-1.612164,0.53694963,0.49613112
SH-4,-1.1197112,-1.7077327,0.32871896,1.0106379,0.41953903,-0.5642726,-1.3690993,0.71066105,0.65168816,0.12281254,0.71253705,-1.7070608,-1.4670223,1.8655163,-1.8298174,-1.4646672,-0.12561196,-0.05534858,0.69362175,-1.4373822,0.40540904,-0.7413096,0.9346843,-0.6533728,0.40137464,-0.38428783
Calu-6,0.12614985,-1.085671,0.2717531,0.33154967,1.5765771,-1.0082526,-0.47897345,-0.19840737,0.29801527,-0.35323036,1.1956855,-1.2701286,-0.6789068,-0.0735964,-1.0152092,0.052632913,-0.11919305,0.99048036,-0.57733506,1.2071819,0.36581552,2.9502385,0.94140905,0.28555295,-0.08333579,1.0662688
S-117,-0.60273594,1.1547929,0.5034989,-0.017346732,-1.42393,1.8973984,1.1971407,1.0103654,-1.3550595,-0.51050895,0.96454746,0.47484913,-0.38346407,-2.028085,0.30052125,1.1944392,-0.4012394,0.22167397,0.14047027,2.5159104,0.14833724,-0.7617635,-0.3827689,-1.988873,-1.1515073,1.3544227
SW48,5.8066688,3.198313,-1.5891478,0.9168561,-1.7068672,2.8642843,0.14046757,-3.7460911,-3.590058,1.2970893,-3.6341708,-1.8053927,4.802016,0.76492244,0.8504784,0.8192769,-8.094777,-0.9322679,0.5049089,-2.3974965,-1.2562463,-4.312613,2.1588938,1.6255397,-2.266302,1.0749662
JHOS-4,0.37358955,0.74593335,-0.0856376,0.72844917,0.7232411,-0.16475481,1.463831,-2.6500525,1.2596381,-0.019264566,-0.2938504,0.12967819,1.7322975,-0.7086748,-1.5365452,-1.6544491,-2.3530672,0.36098525,0.98077023,0.07444568,0.22338402,-2.4621823,-1.0923839,-0.40342128,2.5067842,-0.67685175
HCC1833,-0.306678,1.4921734,1.4202205,0.8056938,-0.6359963,-0.07209784,-1.9277751,-0.83675665,-0.099092886,-2.4299207,-0.49939817,0.8121831,0.14946333,0.46013647,-1.3524618,2.91062,-0.27681282,0.116494276,-0.38530716,0.42943564,0.099923596,1.996014,-1.9679091,-0.3599807,1.0102555,0.7660488
P12-Ichikawa,-2.2197814,1.206563,0.30162507,-1.9331093,0.46139807,2.0584404,-1.0543087,-0.19054586,-3.2364032,0.24067627,-1.6575209,4.327154,-1.3816779,2.4981775,2.7187095,1.5016749,1.3502572,0.34832364,-5.850166,1.6643186,0.563338,2.1391375,0.5872464,-0.53571355,2.413233,-0.30063266
BFTC-909,-0.43215826,-0.13956708,0.5932892,0.184478,-0.95699763,-0.6640431,-0.25146306,1.2028593,0.34836477,-0.8863394,0.35011595,-0.19429728,0.09180849,0.8546083,-0.55046636,-2.3354275,0.89058495,0.15018114,-1.0062253,-0.42776617,1.3557262,0.16257197,-0.89465135,-0.6392829,-2.4388075,-0.9820495
LN-235,-1.6100161,-0.75116396,0.9656606,0.9028994,-0.69891745,0.9012647,0.84544677,-1.3170059,0.04375372,-1.6804559,1.0176063,-0.40970632,2.228574,-0.20437324,-2.3188066,-3.1897867,-1.4406323,1.0590552,-0.83161265,1.3569788,0.8376055,-1.7980139,-0.35207063,-0.36373842,-0.5059101,-0.07956226
UOK101,-0.6586455,-0.4943065,0.9973905,0.29873484,-0.48718685,0.95035714,1.8104122,-0.97620386,1.1720605,0.19845074,0.944426,-0.26603997,0.5187965,-0.8076904,-2.381492,-1.7762605,-1.539699,-0.15106496,1.5113086,0.96206236,0.2726645,-2.0011823,-0.9974031,-1.0056074,-1.2787391,0.10200978
Panc 02.03,2.3096092,-1.0050437,-0.39102924,-1.515501,0.44618955,-0.558045,1.969131,1.1238215,1.0408001,2.7874382,0.107343316,-2.0580478,-0.5036747,-1.7514967,0.54247284,1.4902363,0.6008472,-1.2348075,2.835843,-0.44204116,-1.745626,0.9929565,0.8639682,-0.60759825,0.6774269,0.4378115
Hs 863.T,-1.9236125,-0.39740634,-1.9429746,-0.42556605,-0.014504731,-0.6027078,0.11359838,-0.3152217,-0.98080707,-1.0817816,1.7809486,-0.83808386,0.54666984,-1.0858463,-0.37189206,-1.8113489,0.5751148,0.78444445,-0.055035666,1.1772866,1.5140843,0.0057650357,-0.7370984,-0.18975444,-1.6697677,1.5604551
JL-1,-0.1051489,-0.415178,-0.82056624,-0.38602147,-0.11578359,0.036907926,0.8286789,-0.66139585,0.4638247,-0.5088881,1.5650707,-0.6941726,1.7849785,-1.4717122,-0.514138,-2.1136665,0.09462705,0.08279984,2.302892,0.45760444,-0.055258203,-0.897831,-0.947349,-0.66265434,-0.9193968,1.3172423
A3/Kawakami,-1.5942259,1.2294381,-0.22248238,0.9938067,-0.4324137,0.763881,-1.7308601,0.9522902,-1.5786065,0.025914706,0.5517491,1.1108701,-0.4289818,1.0505878,-0.9673321,1.3051399,0.79279494,-0.5087575,-1.3134958,-0.05841359,-0.24796793,1.6737832,1.0590153,0.59850276,0.42636818,0.06856746
SLR20,-0.37308568,-1.5752422,0.7100157,-0.43400982,1.1069504,0.28865206,1.4364713,-1.434187,-0.4004268,-0.52215207,0.22863811,0.1434965,-0.41188234,0.46944416,-0.67907995,-1.6731986,-1.3925419,0.36033267,-0.25184113,0.5640687,0.42962977,-0.6478828,-1.3121928,0.075950354,-0.60691345,-0.31157503
FU-OV-1,0.8641872,1.2973814,1.0763047,1.4540765,0.24529868,1.2690239,2.1536298,-1.7245525,0.13633953,-1.0909393,1.1280438,-0.50365365,0.54300106,0.42592144,-2.2485414,-2.1156988,-3.3245904,0.8303508,1.2466501,1.6416469,1.5925903,-1.7967734,-1.9637727,-0.6233254,0.80918765,0.41824755
ONCO-DG-1,-0.31462768,-0.5939002,-0.5124887,-0.7701162,0.44164065,1.3185201,1.5291725,-1.8898337,2.7864947,1.9881638,-0.51681095,-0.018374197,0.9278163,-1.6976256,-3.7791317,-0.7976228,-2.0860207,0.3169891,1.6000769,0.8882989,-0.3923989,-3.8743663,0.2304921,-0.3192648,1.6223713,-0.8965422
Hs 281.T,-1.669566,-0.8676245,-1.4444473,-0.45074543,-0.6146508,-0.6264971,-0.069285646,0.3079949,-1.0456015,-1.521892,1.351966,-0.21409926,0.46496624,-0.55562717,0.15620051,-1.1689293,0.776375,0.4965307,-0.06353978,1.334039,1.2093325,0.20361422,-0.8011215,-0.34448898,-2.0362651,1.3413059
NCI-H660,-1.1573659,1.0326405,-0.46977055,1.2996633,0.8121526,-0.12630036,-1.149328,-0.89165384,0.6983632,-0.86503,-0.6378381,0.1341795,-0.099387944,-0.4483823,-1.8495692,0.5629564,-0.9668436,-0.060336865,-0.6636778,0.15766536,0.60116106,0.034978233,-0.78533834,-0.87791425,1.6880982,0.25582445
COLO 201,-1.5530772,-0.56861824,-0.96806884,0.07123342,2.4699435,-1.886659,-0.8607063,-0.607867,-0.3172298,0.97752136,-0.8939607,-1.3422432,0.05267757,1.841928,1.0413988,1.8087306,-1.4260358,-0.80263096,0.9103371,-3.0667348,-2.0925164,3.5794013,0.6580429,-0.15668938,-0.15464112,-0.18797587
PE/CA-PJ41 (clone D2),1.4172286,-0.090736866,-1.1453366,-0.9520473,-0.634353,0.22342086,3.6792755,1.1909341,1.3621595,2.3225944,0.20025423,-1.310806,3.1199727,-4.4353213,-1.716121,0.66698,-0.3096855,-1.2552463,2.8820682,-0.66233695,-1.531047,-4.388448,0.32493892,0.37399954,-0.8332352,0.12344858
SNU-1196,-1.342804,-1.0060139,0.504947,-1.1639202,1.4233439,-0.3849166,-0.9660527,0.018753044,0.6543775,0.22758573,-0.7203109,-0.032695405,-1.5744367,-0.021392137,1.6032476,1.7272614,-0.21132974,-0.51198775,0.78878367,-0.5297771,-1.5877908,2.1911895,-0.7313614,-0.5021349,1.4075432,-0.731488
NCI-H526,-1.7358073,0.3103732,-0.2811365,0.9032477,0.6543826,0.6651766,-2.3447278,-0.29435858,0.5865348,0.12704891,-1.8354717,1.3925164,-1.1762905,1.3042089,-0.58139473,0.076248154,-0.69842035,-0.50659716,-1.1290532,0.28937513,0.3982586,0.68571687,-1.2033473,0.56210977,2.4326968,-0.8310171
639V,4.386913,2.464281,-0.6473731,0.9439442,-1.8043705,3.6466434,-3.549957,-3.119462,-3.9895298,-1.6071516,-1.8382181,-0.6530471,-0.91758925,3.567093,4.9845424,-0.9977491,-4.776596,0.28306463,-1.7269717,1.8377374,0.36128762,0.5312303,2.1141086,-1.5379183,-4.8073936,1.2580385
WM983B,-1.688153,-2.3322792,0.05968045,0.62152314,0.19457734,-0.77094215,-1.5897908,2.0770905,1.5929464,-0.6684466,-0.60713494,-0.3218811,-1.1118913,2.2856138,-0.64684886,-0.37064308,1.4322902,0.43636253,-0.14408296,-1.4506384,-0.25501427,-1.5033041,0.5241117,0.68191755,-0.97701955,-1.739971
BEN,1.7067422,-1.8607025,-0.03158937,-0.047692724,-2.8513808,-3.260033,-6.891088,1.3400788,5.1853924,-0.16366075,-1.9043857,0.6998181,-1.1874542,1.86131,-1.3678405,1.934432,4.400044,-0.83556855,-0.97295123,-0.7931808,-0.18821725,3.957325,1.3353515,1.6390443,-1.7289356,-4.6958375
MHH-NB-11,-1.5437844,-2.0592031,-1.8905364,-0.6500548,0.32573342,0.37262148,-3.5740662,2.1526775,0.54535663,-1.2389967,-0.56603456,-0.36340088,-3.791582,2.307644,1.8656125,0.899772,2.548864,-0.48267472,-0.47586182,2.038212,0.6047773,3.4202454,-0.7095257,-0.52999616,2.0284944,1.6903491
SET-2,-1.0769521,-0.8947845,0.47491148,-1.7331474,0.7589982,0.7023704,1.4613274,-1.7690115,-1.4120395,-1.0080209,0.97017807,2.7340262,-0.69219637,3.2037153,-1.6802266,0.6090287,1.4568325,0.7892322,-3.0329099,-0.7551057,0.24106905,-0.0011328608,0.803177,0.43713325,0.85215104,1.0711951
PF-382,1.368639,4.104472,2.224896,-1.8429817,-2.6883729,4.377524,-0.87142545,-0.52751327,-4.0216494,-0.66378075,-1.2866395,4.582826,-2.609225,-0.6816949,5.2127705,1.9728247,0.46312076,2.3034072,-7.831704,5.1452775,1.9647299,2.6819487,1.1186421,-1.739857,1.2363403,-0.29849783
SNU-478,2.4291291,0.07528758,1.5227318,-1.778005,-2.4941764,0.20296,1.5532935,0.22959203,2.1947467,1.8851348,-0.5736464,0.25008696,0.99962366,-3.3098316,0.5957677,1.7635758,1.022811,-0.10110746,0.3736394,0.6428931,-1.0285203,-1.3471758,-0.4677577,0.30556086,0.9437003,-1.2539675
IPC-298,-1.4483292,-2.2920177,0.8690754,0.32089147,-0.18404567,0.38010246,-1.0459677,0.6749897,0.4200003,-0.91578597,-0.47862175,-0.20072986,0.010282427,1.8609763,-1.2667563,-0.45402035,0.5927236,0.93297064,-0.80904955,-1.97707,-0.60293484,-3.4020126,0.30438212,0.25684503,-0.42195413,-0.9420221
VMRC-RCW,-1.1490723,0.3991345,0.2841229,0.3427474,-0.4099117,-0.2691865,-1.07964,0.019922532,0.34201947,-0.5569265,1.0412669,0.08668418,-1.0684838,-0.34052837,0.34891656,0.97976774,0.52330863,-0.8542202,1.9297353,-0.0039808825,-0.45006236,1.1686454,-1.0527351,-1.6547765,-0.36699185,0.06968056
CAL-78,-1.7680458,-0.15866579,-0.66036415,0.015279163,-0.7091383,0.20954402,0.09894546,0.50651836,-0.2412938,-0.6905675,0.35789713,0.15998831,1.4001951,-1.2181005,-0.9651535,-1.2170552,0.865602,0.5787416,-1.0516585,0.8413761,0.5970502,-0.88313675,0.10913233,-0.1941232,-1.3382474,0.7930838
CAL-120,0.5497528,-0.51778007,-1.6465629,-0.02186203,1.8237373,-0.24691296,1.231924,0.13764657,-0.57777846,-0.32660303,0.0076023755,-1.0977752,1.456973,0.023961991,-0.1673899,-0.65748173,-0.87571514,0.05006261,2.5959666,-0.0064695803,0.17326258,-1.3114799,-0.15236014,-0.3272198,-1.3398846,2.1247838
HCC1500,0.7190389,0.9552313,0.4499132,0.7907012,-0.090239756,0.4278114,0.46689853,-1.5499051,1.1786271,-3.6343932e-05,-1.7021964,-0.34088507,2.7581172,-1.6055927,-2.3238583,-0.6983132,-0.8296958,-0.007088095,0.67866886,-0.55097204,0.26518783,-2.572921,0.65711313,-1.1955597,2.9493709,2.4083312
Hs 611.T,-1.3349998,2.1005461,0.325767,1.3473078,2.0869849,0.51635903,-0.27154332,0.0062034987,-1.1563607,0.20096537,1.384834,2.7402434,-2.7227714,1.867222,0.38780066,-0.1725164,0.56513906,0.96396357,-2.0753713,-1.0790565,0.16360477,0.61141497,0.62513435,-0.03671347,0.29560474,-0.42654747
IST-Mes2,-0.7461833,-0.32692435,-0.01859712,-0.30247554,0.6439024,0.10271619,-0.90479344,-0.054460622,0.6117632,-0.47949383,0.35337624,0.99391675,0.64845777,-1.1107697,0.37402585,-0.79085356,0.76585585,-0.20737077,0.9925152,0.084300235,-0.59089214,0.39475116,-1.3027941,-0.18357733,-0.9079519,0.304269
J82,0.16359705,0.6019858,-0.470493,1.189891,1.2529608,-0.67402244,-0.2819215,0.073618166,-0.10949853,-1.7184818,-0.0013393518,-0.8137189,1.2776747,1.5560586,0.9790797,-2.3480105,-0.93099374,0.08595222,0.8762624,-0.6592734,0.6997825,0.3130075,-1.1472733,-0.30756763,-2.2669759,1.2606555
LMSU,0.8621045,-0.3354294,1.1194919,-1.3605237,-1.8682436,0.40444997,-0.020223051,0.701707,0.5773082,-0.21456966,0.26655534,0.9238944,-0.174174,-2.5088146,0.048515115,-1.2024335,1.3905863,0.9380736,-2.0035102,2.180434,1.7885579,-1.0314751,-0.6215553,0.37070766,-2.4788918,0.083521694
RKN,-0.7514472,-0.30702257,-0.16547053,-0.21419212,0.52677596,1.067961,0.12122417,-0.08985924,-1.1973147,0.62657934,1.294845,-0.61292213,-2.767501,-1.5382738,0.8944139,0.63918936,-0.9536061,0.15231371,-1.0164596,2.0365345,-0.08182837,0.8545372,1.115742,-1.7273906,-1.5982573,0.5893146
SNU-1272,0.08342922,0.85857445,-0.55321205,0.010430206,0.03798354,0.26318723,1.5119467,0.21280873,1.5993904,0.69836336,1.4828396,-0.9921547,-0.06548715,-2.2829592,-2.0362377,-0.52139366,-0.78273135,-0.34809244,3.6483119,0.5783707,0.28518945,-1.9184456,-0.7751872,-1.713195,-2.11697,0.67444456
WM88,-0.8626119,-0.8168887,-0.25335106,1.0770241,0.13353986,-0.03587936,-1.131199,1.9425247,-0.50898534,-1.6563416,0.16955419,-0.6819045,0.046198554,2.3949366,0.33392456,1.1899146,0.038986504,0.7029864,1.901107,-1.4029303,-0.95003533,-1.2727482,-0.6147381,0.82635254,-0.66833735,-1.4493134
MFE-296,2.6625955,1.121073,1.8662761,1.1265528,-1.0714977,0.8403791,-0.9767518,-2.160425,-1.2683572,-0.6237224,-0.12543572,-1.588183,0.8030878,1.4456201,0.38390917,-4.358098,-3.3972135,0.8971762,-1.4843229,1.2193409,2.6313837,0.8146121,0.11295943,0.14820217,0.0760175,-0.16000864
HD-MY-Z,1.5005077,-1.2958634,1.937894,-0.6169053,-2.0666773,0.45677826,-1.4422582,3.0344527,-0.15026899,-0.29961348,0.26531827,-0.13408193,-1.3932104,-2.5521092,0.15755723,2.2878542,2.6617064,0.7140753,-0.092037454,1.6711063,0.7501924,-1.0382594,-0.025239926,0.8457106,-2.2718194,-0.7754684
NCI-H2023,-1.0118718,0.31534386,-0.16001731,1.1774759,0.56934106,0.2894358,-1.5306038,0.07700986,-0.36304274,-1.6453696,-0.011158717,0.07105462,1.6840229,0.74879396,0.42960352,1.4828497,-0.30165887,-0.53599155,2.7662592,-1.3475947,-1.45391,-0.43935934,-1.3931872,0.63814324,-0.8958218,-0.16720586
OUMS-23,-0.40969846,-0.17980078,-2.3904848,-0.20739263,1.1531981,0.118294425,0.0946812,-2.0019333,-0.34304658,1.3075938,-0.25861526,-0.12794048,1.9015355,1.1608615,0.2874259,-0.6384517,-1.980222,-0.14166236,1.6815233,-0.95539516,-1.3343877,0.063484766,1.8734673,0.5349043,0.99224937,-0.11195944
HEC-50B,0.9711966,1.8203305,-0.22892505,1.4952928,1.2820319,-0.089577645,-0.48571062,0.22136392,-1.4069197,-0.8546166,1.1862478,-2.0922198,-2.2028642,1.5291224,1.2285979,0.35286188,-2.2278976,-0.30150586,1.8425167,1.029993,1.0346434,3.0422225,-0.18593667,-1.9348228,-1.7199724,1.4256666
SNU-387,-2.4382546,0.3719022,-0.14481202,-0.5120314,0.061407395,1.0540055,0.112794966,0.57341385,-0.062287807,-0.32894528,0.95126456,1.0913419,0.1616548,-1.3044983,0.059154283,1.487126,0.025328785,0.1235421,-0.07759749,1.4884987,-0.90015876,0.34388456,-0.041120313,-1.445082,-1.429944,0.19618061
HCC1954,1.6083586,1.2450533,-0.570421,0.8804944,-0.14068256,-0.5606687,0.70903707,0.6920132,1.666012,0.35500595,-1.605228,-1.6164868,3.9650662,0.24876688,0.32610902,0.43571275,-0.76874506,-0.574085,1.6010104,-2.5989847,-1.5619636,-1.1432651,0.21527548,-0.16882896,1.3142709,0.6536362
CL-34,-0.6837257,-0.6363732,-0.76718146,-1.67152,1.3133271,-0.5692644,0.8257691,-4.2406306,0.37647882,2.196697,-1.7516612,0.53298897,0.95129955,-2.1255486,-2.1581786,1.5620534,-2.3411124,-0.17087409,-1.7452886,-2.4428315,-0.8896876,-1.7454903,1.5735803,0.88248533,0.47714722,-0.32341927
TE-5,1.2782364,1.1238995,-1.2383122,1.4248781,0.84196705,-1.4966122,0.17383102,0.92052233,-1.178699,-0.7362545,-0.71441776,-1.298264,2.0972025,1.2923397,2.0531192,1.0005026,-0.34151387,-0.87569195,1.4904038,-2.2230868,-1.2012986,0.35443053,-0.32911274,0.60345167,0.5074204,-0.88268906
Hs 751.T,-1.9993607,-0.030320823,-2.3505428,-0.3907283,-0.20280111,-0.7387077,-0.11831066,0.33529148,-1.1017379,-1.2289095,1.5691441,-0.4737457,0.21155947,-0.77809685,-0.16905175,-0.74030846,0.8220909,0.45898286,0.052557036,1.3948071,1.4230026,0.5495827,-0.45109323,0.16763821,-1.2818068,0.65441084
NCI-H2087,0.48654932,-1.2585611,0.26399508,-0.17405017,1.2376907,-0.22601028,0.5964947,0.24920589,1.9149779,1.1413223,-1.3810124,-0.57127744,2.018962,-1.4875509,-1.8591408,0.97505313,0.19564441,-0.53473216,0.57481605,-2.2125297,-1.8482928,-1.6732843,0.473665,0.031467225,-0.15803656,0.015657514
COLO 668,-0.7251115,0.7765702,-0.45622334,0.751544,0.12054119,-1.6162591,-2.9744117,-0.08505335,1.3546815,-0.8162606,-0.65977895,0.15547475,-2.9833071,1.2683055,-0.52106154,2.022049,0.7144025,-0.65228176,-1.576613,0.15322901,0.95744985,3.6450696,-0.046829633,-0.6587431,1.0625585,-0.7719836
EWS-502,-2.4034197,-1.5060506,-1.0237681,-0.44005352,1.1884811,0.27583277,-0.6090167,-0.23758185,-1.9041612,-0.14597517,-0.8670354,0.24904564,-1.9179108,1.0912334,0.75336057,-2.253231,-0.4260418,0.123489484,-2.836185,0.726508,1.5931858,0.14239736,-0.3636359,0.83359426,2.377819,-1.2227702
L-1236,-1.8085891,1.0237578,-1.2558901,0.8671283,-0.16507632,0.19582775,-1.2528377,2.5229716,-1.5789745,0.14834931,1.0063795,1.965139,-3.5035238,2.0868301,1.9060564,2.1293886,2.5486815,-0.88819414,-0.46039805,0.43975654,-0.4223574,3.2216756,0.3920675,-0.3851085,0.74763596,-0.41016674
LP-1,-2.0671415,1.2409202,0.34904966,1.6091639,-1.0994447,0.9354753,-0.954808,0.2637099,0.5248381,-0.050345182,1.3182954,1.2439343,-0.71639055,0.14844242,-1.5383185,0.6246951,0.7633711,0.27387315,-0.93001235,-0.7193483,-0.75076383,0.06958959,1.0237209,0.39726788,0.5620506,-0.8191813
SUIT-2,1.2798164,-1.9282374,-0.102886245,-0.91288877,0.85904837,-1.5901603,0.12939024,-0.15373778,2.5686886,0.93151563,-0.62184817,-0.8817397,1.1748855,-0.22795545,-3.1386294,0.27247906,-0.3908456,-0.30746385,2.011935,-1.3061765,0.10340572,-1.3231941,-0.25653613,2.829738,-2.327287,-1.9037901
BT-549,-0.84144884,-0.25733808,0.5395953,0.64632064,0.4057286,0.3314164,0.09574319,-0.13721281,-0.23588131,-0.63381445,0.502976,-0.27504694,0.08128077,-0.51124245,-0.400105,-1.7079275,-0.45471734,0.23070304,0.5231004,0.9511035,0.7038711,-0.52999973,-0.08271211,-0.41102412,-0.44243598,1.266413
Hs 737.T,-1.8610489,-0.21667764,-1.7438784,-0.40553868,-0.9035732,-0.63365346,0.121650934,0.15551437,-0.8131283,-0.8872905,1.8236163,-0.54776907,1.0430348,-1.1555924,-0.16211116,-0.9836021,1.170797,0.5330325,0.58902264,0.86482704,0.7660075,0.1717629,-0.28016862,-0.79397565,-1.2871548,1.2179004
CAL-85-1,1.8954822,-0.6137598,0.23383851,-1.1561073,-0.8711148,0.5358403,3.961181,0.6815195,1.9382663,2.0113022,-0.96851665,-0.6949331,4.1033325,-2.6920738,-1.3894215,0.9415803,-0.49819314,-1.0824307,2.6849012,-0.24632815,-2.2804983,-3.584162,-0.3555186,-0.20090224,0.40369785,0.6085769
KMS-18,-1.0983554,1.4702326,0.44214857,0.9347836,1.5555282,0.7180202,1.2813654,-0.22791496,-0.035619773,-0.4116856,0.6833103,3.1911447,-1.4466379,1.4166224,-1.4008332,0.12119722,0.5295565,1.306656,-2.4660645,-1.269415,0.08863649,-0.85862476,0.5974878,0.20243144,-0.22541362,-0.8040296
HEC-6,4.278588,3.852439,0.09775711,0.9532531,-2.2367358,2.2974179,-4.6907125,1.2589898,-1.2322087,-0.78695405,-1.8554611,-0.74481034,-1.7656326,2.6048212,5.82299,1.6971723,-1.9449053,-0.14451848,1.1489252,0.7573221,0.17939079,2.322269,0.17816257,-1.4779487,-3.4980402,0.54804254
YD-8,1.1875162,1.4001571,-0.20850596,0.38522828,-0.6925489,-0.028629608,2.016834,0.71805745,0.3794266,0.10346562,2.1894703,-1.9752223,1.977246,-2.6315882,-0.23747845,-1.3252312,-1.1178735,0.3462652,2.63966,1.5092877,0.23874106,-0.18562324,0.20272067,-0.9162106,-1.3043128,1.3521314
OELE,-0.9091037,-0.94397825,0.3159869,-0.12372422,0.6306782,0.037761766,1.380976,-1.5748234,0.20714653,-0.9789886,0.9980299,0.14905325,-0.29506987,0.30035728,-1.3311777,-1.8984947,-1.628359,0.32291928,-0.2576621,0.9550263,0.9413414,-0.49044043,-1.9422119,-0.7536536,-1.4553155,-1.0203624
SNU-1105,-2.6760128,-0.58113,0.24817966,0.68614185,-0.49168026,0.24612786,-0.6243853,0.85286546,0.21128726,-1.7266958,0.26829863,0.6599828,0.5176806,0.09434576,0.2349757,-1.2470115,0.21178484,-0.020682424,-0.8457525,1.7651267,0.38036585,0.5654345,-0.5682626,-1.1287041,-0.9824021,0.14374363
697,-2.598943,0.57187533,-0.2649658,0.9134546,3.2480953,-0.67619807,1.346198,-2.58095,-2.576236,-1.7408587,-0.005795814,2.6848097,-2.605599,2.7148526,2.3065555,-3.6199253,-0.7398739,1.2979634,-5.330437,-0.003954351,2.6021416,0.127512,-0.19057705,0.8637761,3.3181095,-0.31551066
HMEL,0.27681264,-0.94264233,0.4070038,-1.4174329,-1.4107145,0.5767728,3.5688183,0.3245085,0.3205082,1.5345819,1.0113958,-0.8593799,2.2671587,-1.5916545,-0.7780716,0.14084224,-0.62068266,-1.3608778,1.754161,-0.47094855,-2.0744803,-2.102688,-0.49257752,1.1195302,-0.14391229,-1.609137
NCI-H2227,-2.3746712,-1.9175026,-1.4200234,0.5115418,0.7555783,-0.12417572,-3.7503798,1.4724835,0.77643645,-0.34316626,-1.0296481,0.28979596,-2.3589642,1.6084213,-0.34761366,0.0431422,1.1909192,-0.773096,0.08388381,0.6881355,0.549812,1.5285603,-0.6944219,0.30839217,0.6481599,-0.8790484
BFTC-905,0.95974034,-0.8228344,-0.48307312,-1.3061736,0.1997115,0.115675285,3.1195204,0.61954075,0.46880805,2.6603556,-0.70562,-1.1672568,2.3601782,-3.4670775,-1.5117987,1.7449297,-1.0097201,-0.2515571,0.94987094,-1.2306254,-1.813443,-2.5299766,0.46985126,0.9549333,0.45626163,-0.64485264
ST486,-2.2225146,1.2308055,0.68155056,0.47168747,1.9052323,0.66556495,-2.8339934,-0.5110365,-0.99696815,-0.13321069,-0.9183153,3.0106392,-2.0253372,2.4733915,0.94908816,-1.0877919,-0.021808103,0.54675317,-2.9225302,-0.79765105,1.1682538,-0.25069657,-0.03273797,1.2654144,0.74051106,-0.69206226
AMO1,0.23449358,2.1685965,0.90420395,1.9039031,0.46858725,-0.5001919,-0.2553845,-0.69336975,-2.1372511,0.21652341,1.5534402,0.43071645,-0.51217914,1.494678,-1.9394195,-2.4174402,-0.80490226,0.69912297,-3.1370184,-0.62932837,1.1614983,1.2825674,2.74174,0.31668213,0.49734557,0.19276664
SNU-C4,6.267604,2.1973042,1.3812699,-0.92001265,-3.3991477,-2.0142224,-2.8632505,-3.6040895,1.9092096,1.5324172,-2.4186366,-0.78062457,0.3510814,-1.5655026,0.97175545,-1.1168793,-0.64231956,0.5433972,-3.840687,-1.0117965,2.1546898,0.5272386,3.347857,1.2883801,-1.0948684,-1.9745294
HCC2108,1.1847218,-0.23170744,0.4143261,0.059883393,-0.5329062,0.47468778,-0.96145153,0.87378675,-1.2769872,0.418233,1.6551316,-1.4803851,-3.2306967,-1.5599468,1.483954,1.0138785,1.1030946,-0.084795415,0.16158685,2.2061915,0.26262835,2.8056636,1.8298335,-1.6716131,-0.7275274,0.6534847
TUHR10TKB,-0.29366744,0.6771725,0.58313924,0.27545187,0.0788779,0.18390776,1.0274901,-0.366186,0.7584113,0.08715223,1.3625628,-0.7627082,0.34817547,-2.3839252,-1.9094529,-0.8176099,-1.045512,-0.03691207,2.177983,-0.20528024,0.11918419,-1.7586379,-0.41380718,-1.719514,-1.9036366,0.6836824
SEM,-1.3288014,-1.1405153,0.03732889,-0.026065864,1.6937277,-1.3531852,-0.78639776,0.55927473,0.33802736,-1.6257293,-1.9584153,3.658169,-1.1276705,5.477469,2.1458008,-4.23489,3.7019415,0.66945463,-4.7112966,-2.5871696,1.1861964,0.16054511,-0.5236885,1.7667438,-0.24255145,-2.0658731
ESS-1,2.3762348,1.3943967,1.4851497,1.0117632,-1.2552563,-1.0950568,-0.05420931,1.3745502,0.10680872,-2.4153907,0.86224884,-0.55442643,-0.16173446,-0.4117512,0.73803806,-2.7023895,0.3267032,0.8226713,-1.2731948,0.31094462,2.5950418,0.4857535,-2.7701187,-0.17518418,-2.3516467,-1.3373805
NCI-H1618,-1.7812451,-0.4382869,-0.88262695,1.0575125,0.45038852,0.0331574,-2.5896056,-0.070690066,0.94223386,-1.0262744,-1.7023892,0.7133549,-1.3590163,0.31238478,-0.87501156,1.1562296,0.1491783,-0.4537396,-1.313618,0.54023725,0.5305544,0.15543765,-1.6098266,-0.3839316,1.685186,-0.44625053
COLO 684,-2.0303247,-2.074779,0.42819017,-0.16526358,-0.8929157,1.941658,-2.9666147,1.7096651,-0.04228431,-1.0905738,-1.7800716,2.2484486,-1.95827,1.4487622,-0.16063806,1.575054,1.422291,-0.14274307,-1.3730929,1.6519983,-0.083307646,-0.2550354,-2.7976625,0.90440667,0.750401,-2.0676987
COR-L279,-1.1805099,-0.87596864,-0.9165894,0.6452621,0.43982023,0.39747503,-1.4195337,1.3590022,1.2046862,-1.0310314,-1.9304523,0.73128325,-1.5692626,0.106050014,-1.2122638,1.5875388,0.59740907,-0.57958627,-1.099746,1.1697512,0.015015498,0.6115621,-1.9956324,-0.6957842,0.6967702,0.13328783
HDLM-2,-0.9541184,1.4096271,-2.2036,1.5271621,1.1310043,0.17137152,0.7239444,1.4891771,-2.510658,-0.18102431,1.0759894,1.380948,-2.1992786,2.54252,0.7673366,1.2925496,0.9411316,-0.49712187,-0.2839712,-0.7079035,-0.6085297,2.4743457,0.8913984,-0.8465632,-1.7281984,0.18464231
Karpas-422,-1.7354732,1.1063919,0.66491294,0.654892,1.0729964,0.64044726,-1.9338923,0.86394554,0.79815686,-0.20089498,-0.5578863,3.1990838,-3.0525692,1.4529691,1.8047795,0.91560525,1.3262541,0.06509508,-1.0529367,-0.802021,0.08078797,1.4884403,-0.069937624,1.5812055,0.84245986,-0.43181163
CHP-126,-1.769287,-3.1483533,-1.8061833,-1.4644842,-0.13098846,0.65311575,-2.3633997,2.895655,-0.9023626,-0.64675343,-1.5961505,0.5167465,-3.556837,1.9596174,2.049181,1.8402249,3.1339092,-0.8662954,-0.107195124,2.5921576,0.3056827,2.7184014,-1.7857358,0.22884257,1.9726267,1.3970689
Hs 834.T,-1.8062398,-0.4419278,-2.1344936,-0.49838895,-0.38603073,-0.59857804,0.03491445,-0.49689946,-0.6186629,-0.7262689,2.1035793,-0.8809558,0.91604215,-1.3612033,-0.32067993,-1.706668,0.49046665,0.6601793,0.99441063,1.0467669,1.1250062,0.2881019,-0.94089824,0.06431797,-1.4003732,1.185981
HCC1171,1.9258932,-0.28391257,-0.8382405,-1.1825798,1.1815857,-0.4139169,1.8450334,2.2388933,2.5055432,2.4079635,-0.06555541,-2.280835,0.7690696,-3.1823096,-1.035092,1.063997,0.35642898,-0.37270373,2.7479246,0.3122024,-1.2253991,-0.13230902,1.0319444,-2.0824497,-1.0378777,1.3656371
22Rv1,0.25869855,-0.6795225,0.30906183,-0.71048456,-0.44217238,1.3067406,-1.8090742,-1.3668358,1.2150416,0.81450933,-2.5517492,1.2417024,2.1580648,-0.022615923,-2.8997962,0.9177809,-0.28448096,-0.3019708,0.5206514,-1.1650132,-0.6089437,-2.7862995,0.5168669,1.17658,0.1723852,0.11191386
HuT 102,-1.5539755,1.26015,-1.7056171,0.03216362,0.8742408,-0.18914583,1.1816497,1.5161159,-1.6097883,-0.71652997,1.2150283,3.0994272,-1.7783229,2.2262683,1.3550555,2.1453865,3.2830288,0.27306134,-2.8811648,0.478668,-0.7980209,3.5321412,0.89414775,-1.0590489,-0.25670233,-1.1207198
NCI-H1869,0.6045832,0.12975897,0.16641808,-0.984634,0.4120598,0.045223787,1.1107435,0.64689857,0.99178135,1.3694371,-0.99221545,-0.35572138,1.134022,-2.6844137,-0.5097808,2.2864747,0.5010643,-0.5923135,1.8461227,-1.2477566,-1.9136266,-1.73759,0.18681543,-0.60977465,0.60434,0.12258497
NCI-H2122,4.1660614,0.61844814,1.4378405,-1.0772173,-3.049878,-0.98655486,-0.2725795,-0.003238678,1.9925816,2.6991556,0.5555684,-1.6257695,0.40720135,-5.383043,-0.058009285,1.191225,1.8181198,-0.23639092,0.39070106,0.27373517,-0.2985501,0.08972124,2.1973746,0.7975219,1.2940986,-1.0660282
NCO2,-0.013390303,-0.75431347,0.8770827,-1.1938125,1.2199353,0.5388002,1.5091491,-2.4549422,-2.4139874,-0.94692385,0.06300536,2.31127,0.3484431,2.2518358,-2.694714,-0.6357864,0.8061829,1.111427,-3.8143644,-1.1233577,1.3527837,-2.3715627,0.56954604,1.2660823,0.49416015,1.2518574
RD-ES,-2.5962381,-1.7607913,-1.3056312,-0.26733693,1.3987296,0.17192186,-1.4627328,0.2066897,-2.0834193,-0.6157271,-0.81170607,0.039796136,-2.2398355,1.4308828,0.9960755,-1.5994381,0.34702787,-0.1637018,-2.8571863,0.11292081,0.94070536,1.0233089,-0.28962114,0.5786755,2.5540824,-1.5016754
HCC2218,0.5066192,0.6010055,0.5732697,0.2613449,-0.9220197,0.32127115,0.3566185,-1.1809886,-0.32726905,0.7024138,-1.1113842,-0.42121956,3.3819032,-1.0664237,-1.1062529,0.19384116,-0.35413453,-0.54506147,1.0886694,-0.86577535,-1.1138688,-1.5936468,0.43959743,-0.4206444,3.396565,1.5275607
MV4-11,-0.6743148,-0.5077666,1.32405,-0.51285386,1.0833418,1.0770383,2.8108158,-0.49547827,-0.737923,-0.80681956,0.52633935,2.5235884,-0.54305893,1.4957426,-0.4827273,-1.887078,3.2621613,0.8655752,-4.005825,-1.8498333,-0.1492859,-1.4723202,1.9774916,-1.60836,-0.2690388,2.9380484
COLO 205,-1.3212168,0.46755502,-0.9227024,0.68483573,2.324425,-2.0494015,-1.1437769,-2.000785,-0.6252647,-0.6631011,-1.0730677,-0.5652146,0.07850556,2.125565,-0.40676498,0.89422095,-1.4431851,-0.17018002,-1.57223,-3.4618568,-0.8238185,2.5584064,0.9254061,0.18715993,0.046100624,0.14239086
NU-DUL-1,-1.0701178,1.8256046,-0.033373296,0.93186253,2.5666573,-0.5952369,-1.4188962,-0.53764623,-0.4516062,0.17587385,0.5726045,1.773316,-3.8725233,2.0859349,1.5548899,-2.0600688,0.8345531,1.0638884,-3.266557,-0.6511706,2.2062094,1.4935641,1.8273499,0.5481947,1.5702065,-0.34756598
Pfeiffer,-1.172243,2.082053,-0.061731324,2.3223898,2.5980232,0.24968955,-0.11914257,-0.65417904,-0.53604126,-0.5029408,0.063956514,1.8322811,-1.6002636,3.4183424,0.5636663,-0.97532725,-0.59705067,0.36139354,-1.7091805,-1.7474815,0.26710555,0.6019164,0.9694983,0.6060184,0.07925844,0.53906244
A4/Fukuda,-1.5888394,0.89533806,0.15598431,0.46316925,-0.6961682,1.0662228,-0.93028945,0.5604334,-1.8334992,0.110960886,0.42575544,2.0510635,0.3299759,0.59728795,-1.5473288,1.4293635,1.4957391,0.0703816,-1.9245206,-0.6684854,-0.86640424,0.7996627,0.7128532,0.6450602,0.31457564,-0.49107763
IGR-1,-1.4299697,-1.1696566,-0.059689928,1.1656542,0.52350724,-0.81786865,-0.9538941,1.3838096,0.68839675,0.19362114,0.53224593,-1.2226297,-1.2934284,1.8324598,-1.3499659,-1.2530999,0.13558291,0.020843549,0.667187,-0.838073,0.315799,-0.46982053,1.4133402,-0.30557454,0.07877517,-0.87759954
TIG-3 TD,-1.6374369,-1.6541815,-0.4253641,-0.2821765,-0.26154566,-0.2391124,0.5044827,-0.97196156,-0.6507451,-1.8182621,0.9436746,0.15102614,0.7194921,0.092341304,-0.4166201,-2.3085456,0.3988404,0.94949585,-0.80321515,1.4738636,1.3726354,-0.6830398,-1.2104288,0.006803222,-1.4865128,0.9052178
769-P,1.221097,-0.1603074,0.22100013,-0.041203666,0.04492427,0.9424776,2.5074725,-0.13475294,1.8356097,1.5952672,1.2745105,-1.604957,1.0503824,-2.6285925,-3.5349824,0.11248409,-1.819459,-0.7233205,4.7182693,0.45800295,-0.3811345,-2.5222611,-1.117697,-0.07472205,-1.9475977,0.8096466
THP-1,-1.2006994,-0.7673917,0.9458806,-1.2086599,0.307745,1.1255654,0.0860174,-0.0030893385,-2.2703812,-0.9373868,0.1779908,2.6781049,-0.503069,1.3846105,-0.42969,-1.1448032,3.244073,0.70521975,-3.5844414,-1.3444202,-0.45776907,-1.51255,1.2789867,-1.4668837,0.24314255,2.509696
EB1,-1.9178201,1.7074575,0.9517255,0.57276565,1.7834777,0.7213443,-2.5842257,0.11465597,3.332703,0.5186858,-0.2250418,3.1772575,-3.2644944,1.7325072,0.44865328,0.1921298,1.0551012,1.0282661,-1.938713,-1.3752822,0.09696189,-0.12316943,0.8448215,0.260284,0.3363835,-0.87594056
SK-MEL-1,-0.16681409,-0.23849331,-2.503836,1.8642584,1.5919538,0.45261988,-2.1309414,-1.0052872,-0.99355984,0.04088801,-0.16735554,-2.4551783,0.18832833,4.2134304,-1.1740196,-0.5769386,-2.494817,0.3258741,0.53073525,-2.6180475,-1.1318477,-1.031283,2.9610207,-1.2673366,-1.6244628,0.41903034
ECC12,-1.7310377,-0.5837412,0.1908332,-0.32680795,-0.8183411,0.41411167,-2.125739,1.2395592,-0.24025367,-1.2114731,-0.123782516,1.5797496,-2.0840592,2.1888967,-1.372663,3.2656934,1.6069086,-0.58875895,0.83637345,1.6094877,0.21982309,2.5349498,-0.670087,-0.013731709,-0.012255225,-0.29022342
MKN1,0.21704386,-0.022517923,-0.05805733,0.080387376,0.3436236,-1.1297964,-0.68676245,1.0713806,1.5532762,-0.7522781,0.14036724,-0.67553806,1.6426991,-0.33422938,-0.42547005,-1.293723,0.32939038,0.5108353,0.51925695,-0.48976663,0.18855217,0.4350406,-1.2296618,1.1281106,-0.7462511,-1.2800405
NCI-H1650,1.1577071,-0.6559399,0.3474314,-1.0095912,-1.5041262,1.0675864,2.4012394,1.4169128,1.9783778,1.1088201,-1.5228105,0.22023603,4.5283904,-2.0531273,0.46939403,1.2587451,0.48025537,-0.71565574,3.9990494,-0.7560998,-2.6857312,-4.0132446,-1.292358,1.0960088,1.1318102,0.30459234
SNU-503,1.3508894,1.7788517,-1.2587982,0.8784058,-0.8366497,1.1887903,0.9392365,-0.19915594,-0.9487537,2.18385,0.09324964,-2.559926,2.2970912,-3.3650193,-1.5700337,1.506646,-3.4831443,-0.5042767,1.1199439,-0.64278805,-1.2973387,-1.6463224,2.0830522,1.108089,0.8757611,0.005400384
C2BBe1,0.8942284,1.9019293,-2.7293496,1.3989465,1.7505981,0.13934264,1.0661907,-3.4521096,0.23513615,0.44310975,-0.15830077,-1.5244704,2.7127304,3.538924,0.8121914,0.17071679,-4.997414,-0.44585514,3.261247,-1.0218539,-1.6163559,-0.34410682,2.6165602,0.3418301,-1.0805764,0.73838687
Granta-519,-0.91837615,2.0408397,0.90558696,1.7105316,2.0960345,0.27992368,0.31103778,-1.223851,-1.0136638,-0.70039606,1.1027575,2.2366517,-1.8309121,1.4375283,-1.0329491,-1.1179924,-0.17898326,1.6523725,-2.3972063,-1.6552577,0.5470649,-1.4081128,0.48921683,0.40658912,0.21371302,-0.41133183
SNU-1040,4.262716,2.8056545,0.6069561,-1.9833143,-4.913603,4.8061686,-2.8346624,-5.210306,-2.2858937,1.2323463,-1.4709136,1.7615504,-0.02741147,-2.1335025,3.945364,4.302792,-3.702375,0.95444703,-3.4538808,3.576779,-1.4115545,-1.6567044,2.9378242,-0.21944661,-0.6664096,-0.29627204
U-138MG,-1.5340315,-1.325689,1.0192975,-0.56647575,-1.9789623,0.10672257,-1.27189,1.5077629,-0.85219854,-1.1714144,0.51651305,0.19416973,0.1807486,-0.72746843,0.71192545,-0.6488167,2.4576094,0.69916,-1.2380526,1.3816348,1.1911536,0.6153584,-0.73631585,-0.21738304,-0.82523423,0.7639098
NCC-StC-K140,2.5492883,0.48010498,0.7528768,-1.9843326,-3.1841736,0.5725967,1.8444575,0.29762998,1.5618685,2.484814,-0.40944153,-0.28678507,3.0200632,-3.5543032,0.0405806,0.02277843,0.117468804,-0.354685,1.8031507,0.99528193,-0.5341108,-3.2868285,-0.006335913,1.9325494,2.678112,-0.87729985
SNU-213,1.8890291,-0.3121462,-0.8359575,-1.8885334,0.4324722,-1.3271122,2.3758736,0.7482696,1.0766913,2.637176,0.23302597,-1.9150096,-0.10990319,-2.3498645,0.48409656,1.6191905,0.07383758,-0.8600275,2.660929,-0.4039744,-1.3874047,1.0373596,1.054897,-1.718976,0.016604785,0.23298046
BCP-1,0.7309746,0.90051275,1.2585022,-0.7942257,-2.788616,1.1722534,-0.5848029,1.8158618,-0.33281296,0.66679704,0.013345337,2.316246,-0.54326713,-0.007861078,0.02328676,1.7131348,2.739861,0.4221343,-2.5629551,1.1995424,0.34533268,0.8026372,0.94050455,1.6723374,0.6288918,-1.2998873
CGTH-W-1,-2.413241,-1.6204574,-0.728882,-0.5375204,0.42501086,-0.2709002,-0.3364035,0.92928624,-1.2339782,-1.13481,0.1996673,-0.37833625,0.17180467,-0.62676173,0.06712842,-0.7442962,0.8662908,0.97006625,-2.456819,0.42053574,0.48454902,-0.00034861267,-0.11292447,0.37310663,-1.2620642,0.4424662
GSU,1.0889596,0.11809632,0.45721343,-1.5999187,-0.05519381,-1.6877943,0.99912894,-2.215843,0.70864826,2.1776254,-0.17125085,-1.3438785,0.042724475,-2.324597,-1.1902333,1.2046773,-0.7180394,-1.3044155,-0.034216374,-1.842017,-0.07853416,0.6590619,1.1258582,1.0260314,1.4720473,-0.09149998
JHOM-1,-0.7236274,0.7805499,0.6651599,-0.38796845,-1.7515936,1.5168358,0.42384577,-0.5682196,-0.12691571,-0.77044046,1.1656823,1.0937877,0.7483273,-1.8389117,0.018278675,1.2288142,-0.11471675,0.66536623,0.38502973,2.0381007,-0.33617282,-0.41075736,-0.8612796,-1.4465567,-0.4292461,0.23194256
MKN7,1.2561443,-1.1531346,-0.19833916,-1.6861805,0.29616705,0.5104617,3.1777966,0.6908573,1.6545972,2.2554948,-0.89941496,-0.5753832,2.8199778,-1.7735136,-0.13804975,0.76756763,-0.23228799,-0.8571094,3.0037873,0.27954033,-1.95962,-1.6160723,-0.6083683,0.11784862,0.54585207,1.010453
Mel Ho,-0.34600785,-1.6376945,0.42504257,0.20004481,0.0066292854,-1.3829159,-1.408221,1.4374422,1.7633897,0.646607,0.42541027,-1.4574584,-1.560449,1.9439682,-2.2533922,-1.2281504,1.3268962,0.2774625,0.059492633,-1.5055416,0.5844096,-0.13794078,1.552405,-0.006492826,0.49934584,-1.5203983
TE 125.T,-2.0002077,-0.5230576,-2.638594,-0.9686775,-0.79485446,-0.51300526,-0.60432,0.6157995,-0.6400144,-0.70370543,1.2283938,0.18882687,0.71406054,-1.4677778,0.088248596,-0.7687239,1.5200956,0.39337784,0.47757924,0.9734657,1.1330898,-0.14342955,-0.8603716,0.71666175,-1.6285248,0.40335584
SW1990,1.2375746,-0.5418259,-0.08747811,0.06006311,1.5183957,-1.3696791,0.51699764,0.23093368,0.47742057,0.7546553,1.1330371,-1.9086053,-0.3585651,-1.9455343,-0.07920085,-1.2137083,-0.49495056,-0.116333224,0.32150248,-0.13253292,0.3206577,1.6923263,0.5337211,0.57906085,-0.77791005,0.8212598
SK-MEL-28,-0.9766115,-1.2565196,-0.090255894,1.2085688,-0.18131018,-0.8173398,-2.172847,1.6557437,0.47079286,-0.23417485,0.14823088,-1.4952997,-1.3063747,3.5585337,-0.08337532,-0.05303797,0.53198445,-0.112366706,0.8598281,-1.748213,-0.59611535,0.15047398,1.6337171,-0.7683133,-0.56886005,-1.2073733
IGR-37,-2.0127516,-1.7514627,0.72181994,0.6363695,-0.14002986,0.17955641,-1.405399,0.04743138,0.59415567,0.14252004,0.06269014,-0.5774901,-1.1206999,2.1821887,-0.9427897,-1.4247866,0.44245672,0.09187966,-0.57483816,-1.3437515,-0.23261015,-0.937559,0.90688485,-0.90622354,1.365315,-0.3170413
COLO 783,-1.4469773,-0.5520312,-2.4413915,1.702936,0.9630073,0.3417181,-2.7628121,0.12196129,-1.0151461,-0.8606709,0.18736057,-1.7037718,-0.6103701,4.616734,0.38608295,-0.5151076,-1.4245068,0.46178806,0.62492704,-1.7112772,-1.0638087,-0.28982383,2.6008356,-1.2120137,-2.104245,-0.570778
MEC-1,-1.4707545,1.5129021,0.3914259,1.0555713,1.9315004,0.66201615,3.2528317,0.3705683,-1.7222857,-0.028465386,1.1240135,2.9418445,-2.0983212,0.5909889,-0.24448085,0.061378177,1.2248871,1.1487857,-2.1311302,-0.9896098,0.14015569,-0.45794293,0.60519433,0.45585102,-1.388643,-1.0197736
SW1271,-1.7366503,-3.2008538,1.7741407,-0.66454554,0.90749675,0.63563806,-1.4944057,1.6561593,0.39038312,-0.68424535,-2.0879533,1.6698378,-0.25795975,2.0851665,2.1846123,0.089093424,0.9510461,-0.63842934,0.49196273,-0.64228773,-1.1031413,-0.33462778,-2.0149803,1.4588308,-2.4139385,-0.10333098
BICR 18,1.4167317,2.0534232,-0.71291995,1.3968016,0.32191396,0.5752395,1.8844824,0.23116523,-2.0717692,0.42389357,0.17936237,-2.7954273,3.2884948,-1.30528,-0.4503399,0.4385233,-3.2477129,-0.5505127,1.718992,-1.4482388,-0.8885761,-1.729289,0.16779137,0.7920617,0.9584301,1.057508
F-36P,-0.6345904,-0.87510407,0.57277703,-1.2397337,-0.044659056,0.85402197,1.8621311,-1.3583226,-2.105499,-0.61709374,1.2388499,2.4831402,-0.5022785,2.53761,-1.9475034,-0.40838993,1.9936347,0.40843862,-2.0861857,-0.80516934,0.1253261,-0.42599785,0.08939536,1.0389854,0.29591033,0.6407192
KMS-27,0.046726607,3.1220062,1.7424301,2.4968243,-0.4790434,1.2242408,0.56938773,-0.7608105,-2.7670279,-1.1644645,1.109159,1.2551813,0.9995265,0.49015743,-2.289041,-0.562035,-0.7250071,1.0212923,-3.440996,-1.1079539,0.41479015,-1.2067081,0.8808491,0.37613717,0.46827453,1.1582286
Capan-2,0.89187187,-0.5104068,0.122882254,-0.751881,1.2537963,-1.8833258,-0.60295755,0.2080507,2.295785,1.8800516,0.83889204,-1.8774564,-1.7877926,-0.5161375,2.626399,0.5428858,0.39834145,-1.18466,1.6296818,-0.37607843,-1.2723848,4.324158,0.11866109,-1.3822988,1.213683,-0.33631855
JHH-5,0.9798714,0.16664964,1.0338174,-0.42252168,-1.2196093,0.14752515,3.3194444,-1.2278655,1.2332838,0.810607,1.0384907,0.37068638,2.0660348,-0.72086185,-4.4960113,2.7659664,-0.80256563,0.23044853,2.5983286,0.33053282,-0.4954676,-2.5848029,0.062382914,2.0424185,-0.30347908,0.2430782
MUTZ-5,-2.4890559,1.1509931,-0.026677817,0.46058804,2.5581129,0.021471843,-0.38139465,-1.2147479,-2.199511,-0.8735637,0.011695001,3.1837487,-2.775094,1.4532465,2.7270663,-3.0105429,0.7954327,0.88494396,-4.29779,-0.29690835,1.4141084,1.1113207,0.19683321,0.17046192,2.9143255,-0.14759411
MM1.S,-0.41303712,2.5216818,0.5233387,2.332517,-0.07690176,-0.8711187,-0.5786521,-0.5152015,-1.2766488,-0.13046542,1.6951193,0.74994785,-1.0644647,0.61966074,-0.30072796,-2.0400834,0.81392777,0.4121396,-3.0305037,-0.8198102,0.62703156,2.5603197,2.5287924,-0.4107834,1.0700474,-0.34309357
Panc 10.05,1.8293029,0.3665118,0.58822733,-0.20073283,0.57700264,-0.14830935,0.54335356,0.4191389,-0.45478594,0.80952275,-0.05902925,-1.5528752,-1.7576423,-1.0594276,3.0649595,0.4197282,0.34665263,-1.0996187,1.4112167,-0.18902963,-0.7973429,2.0974119,-0.82441765,-1.7757683,2.127316,1.5398681
RVH-421,-0.8391443,-1.4636366,0.06578812,1.626893,-0.059154358,-1.2743459,-0.69453514,1.1998079,0.7595695,-0.6558663,0.68885684,-1.4039783,-0.18513623,1.4598471,-1.1206074,-0.6695448,0.6398087,0.32940435,0.23703396,-1.2977176,-0.23891751,-0.8593813,1.3934343,-0.15308988,-0.07244295,-0.57648116
EFM-19,2.6119256,0.22357741,2.3687356,-1.0416402,-3.0434859,-0.971318,-2.4346168,0.85631025,1.9659132,-0.123228356,-2.2123024,0.76407343,0.69515365,-0.94438004,2.2356343,-1.3823793,2.7020967,0.23537225,-1.9033161,-0.17449656,1.1010512,1.2418278,-0.4994183,0.60258716,2.6611874,-1.3782922
Hs 229.T,-1.268892,-0.82853377,-0.86875993,-0.25788194,0.3789538,-0.74413747,0.37384793,-0.17260835,-0.91782266,-1.9971609,0.9766628,-0.64499515,0.44282857,-0.9044595,-0.46860763,-1.2977463,0.13613042,0.8164899,-0.39859125,1.1248603,1.4017824,-0.21523686,-0.7387124,-0.19367802,-2.007317,1.9158262
Kasumi-2,-1.5890044,0.99548,-1.0129747,0.22441281,2.386353,-1.3856268,-0.5357355,-0.9811703,-0.9447411,-0.73560894,0.4769279,1.7961152,-3.860425,3.200798,3.2416878,-3.4048908,1.3990899,0.4455138,-4.6870337,0.32599673,2.2631798,2.8831954,1.5789689,0.087468356,3.2369347,-0.4134851
Hs 571.T,-1.8975581,-0.115649134,-3.686841,0.5100878,-0.33094025,0.4652771,-2.2642334,-0.67693585,-1.6473742,-2.3895402,0.62787783,-0.6022843,2.2712662,2.700707,1.4145234,-0.66695035,-0.3073754,0.50760585,0.8116185,-1.1966766,-0.73830014,0.2994482,-0.82226795,0.30548865,-3.4809291,0.2118108
DoHH2,-1.6657922,1.5482928,0.6898464,0.9457779,1.921687,0.8915528,-0.616417,0.03934887,-0.59908193,-0.44711614,0.010200374,2.383834,-3.5629046,1.4311607,2.2548637,-0.66629493,1.089899,0.48136732,-1.712229,-0.79261863,0.41436097,0.6699809,0.3886984,0.8104447,2.3530874,0.3278039
SNU-1041,0.9811435,0.3665805,-0.4146895,-0.5006617,1.0701722,-0.8154966,2.7528505,0.34182033,0.67121977,1.0933207,0.17411736,-1.3622859,2.2980103,-2.7161393,-0.46066773,1.7407203,-1.0921152,-0.4943185,2.52243,-0.381926,-1.2367772,-1.6375573,0.32295385,0.6799725,-0.023140099,-0.47549346
SK-UT-1,0.9692813,0.028660536,1.2756999,0.026500013,-1.2601871,1.9902353,-1.8279488,-0.1684129,-2.2544131,-0.93752605,-1.2947823,1.0479735,-0.27264223,1.508177,2.6855435,-0.48292795,-1.1292356,0.05088555,-0.38958222,1.4603496,0.6328036,-0.14034939,-0.8312467,0.8085064,-1.6293254,-0.058840588
HCC2279,-0.92527115,0.5147427,-0.96109426,0.083816364,1.3511226,0.06919208,0.74255013,0.15912402,0.80893636,-0.70006883,0.81140566,-0.7742361,2.0345411,-0.91256493,-0.9065049,0.49646,-0.388052,0.3329752,1.5456557,-1.4239552,-1.5700967,-0.0016864836,0.45017081,-1.9165207,-2.6137826,1.9119639
Hs 294T,-1.7863965,-1.9626571,0.4032909,1.8181185,0.15946919,-1.7230933,-1.0226033,0.012467511,0.48256016,-1.3086009,1.3560194,-1.3621057,-0.14019641,2.041459,0.068394035,-2.4147313,0.09644201,0.8436523,-0.3080711,-0.7573659,-0.10707804,0.43093425,0.6859756,0.09350115,0.5726104,-0.9704019
OCI-AML-5,-0.48365468,1.1909226,1.1597989,-0.37802115,0.4778889,1.1104218,2.545106,0.0749733,-3.0669775,-1.9294766,1.3853211,2.5738206,-1.7744074,2.5679052,1.1927282,-1.0832555,2.6024625,0.8618188,-3.4911516,-0.6355945,0.32226983,0.71932095,0.92924464,-1.9753866,-0.15833473,2.8459861
TT,-2.1622794,0.41570693,-1.7552454,1.6606094,0.463329,-0.5814229,-3.0686495,-0.14602685,-0.22469753,-2.6979527,0.3974426,-1.2215692,-0.706437,2.6583831,-0.7119634,2.2655447,-0.22446115,-0.5884622,0.35297507,-0.29552376,-1.180122,4.3338857,-0.8573342,-1.3546636,1.2236416,0.6588494
BC-3C,1.023004,0.14597152,0.83105886,0.8691539,-0.09449929,-1.9053426,0.32618555,1.3446368,0.3679154,-0.643736,0.9211263,-1.6611989,1.9393189,-1.1956435,-0.3102251,-1.0065275,-0.45465276,-0.21093513,0.77026075,-1.27792,0.46872833,0.2226471,-1.1902249,1.9476734,-1.4063896,-1.8647404
HCT 116,6.6329074,2.1905591,1.2683758,1.3618921,-1.8289272,-0.7215373,-3.6209083,0.6579979,-0.49545267,0.17070954,-1.6210423,-2.9906006,-1.3792367,1.8893178,4.956657,-0.8262365,-1.172026,-0.7649357,-1.188927,0.23701476,1.1861385,4.253771,1.849365,-0.065352604,-2.491825,0.020007335
DMS 79,-2.0978732,0.58012617,-2.7631567,0.8657075,1.1017898,1.0187373,-1.3446933,0.06660005,0.5328529,-0.59085363,-0.81089735,0.011416167,-1.555088,0.42702076,-0.3286678,2.254744,-0.8671639,-0.061858356,-0.56457466,1.329357,-0.5412832,0.89576083,-0.114352636,-1.4305204,1.8318235,0.50145376
KE-39,0.7557713,1.4052262,-1.9150527,0.4691004,0.8081057,-0.0889862,-0.37434348,-2.7207522,-0.46250898,0.6378191,-0.950389,-1.0227991,1.8873438,1.0529201,-0.15659639,1.4823346,-2.5292687,-0.12833938,1.457547,-2.5621617,-1.716535,-0.72024816,2.1602213,0.7613876,-0.23590778,0.1769362
SR,-1.1550237,-0.93322206,-1.5176132,-1.123198,-0.15576048,0.23950118,1.4438355,3.132341,-1.9306632,0.12833208,0.4137849,1.9233791,-1.5543917,1.6088094,1.2491653,2.6896982,4.3069367,0.34736425,-2.5580187,-0.20047767,-1.1604048,1.245515,1.6099113,0.2584277,-1.1501478,-1.0060393
Hs 944.T,-1.8395507,-1.9318972,2.3976862,0.50375915,-1.6928638,0.2684819,-1.0732007,1.6961055,0.01463877,-2.068748,-1.3510085,1.6194886,-0.7503677,2.6152985,1.9649041,0.692888,1.4811188,0.44930825,-1.7467976,-0.7011029,-0.8523381,-0.9568836,-1.8424864,0.6242231,-1.4271764,-2.1502535
SNU-245,-0.0299711,-0.28806883,0.82124674,-1.5468395,-0.32205555,-0.9371053,2.0795488,-2.8034148,0.29910403,1.4823655,-1.0732439,0.10233916,1.8412066,-1.6727173,-0.5994407,1.999949,-1.8949368,-0.043582737,0.21203427,-1.4538156,-1.1593852,-0.72912425,0.06183641,1.5940509,2.5375876,0.0865342
NCI-H661,-1.0825349,-1.0657897,0.3259938,-0.13853785,0.22633502,1.2218987,-0.76886886,1.5462797,-0.4694947,-0.5492791,-0.50558865,1.1094457,0.3918628,1.4084148,0.051184826,0.118490376,0.0915426,0.31563938,1.9576862,1.1335748,0.1901342,-0.8349461,-1.2881812,1.1221169,-0.3340775,-0.75745714
HCC1588,1.3291092,-0.6674807,-1.3863367,-0.8920668,1.1552764,-4.545459,0.41010672,-2.5912695,1.5897398,2.760463,-0.0941859,-2.7440643,-0.4118252,-1.5784485,-1.2942917,-0.6806983,-0.5139151,-0.762815,-0.007259369,-3.1505275,0.52777183,1.8095083,2.337441,1.0036209,1.2817792,-1.0276041
CL-40,2.2264745,0.98750764,-0.17053795,0.70967525,0.28034362,-4.0591154,-0.6274955,-2.5623138,0.06345175,-0.21358618,-0.50040996,-2.2793968,0.25920677,1.1267928,3.0233064,-0.39384472,-0.5162746,-1.6314143,0.23316836,-2.746976,-0.09267038,4.2687583,0.26026592,0.19506404,0.6409769,-0.9222188
HuH-6 Clone 5,-0.6788043,1.3587233,-1.9564451,0.88987976,1.0901546,0.71711135,-0.8683199,-2.1053548,0.30747643,-0.11018565,0.27170265,-0.4706387,0.84462786,3.1882234,-1.1957687,0.6230692,-3.4598422,0.37166214,1.5969251,-0.7507033,-0.6160935,0.81185263,2.0059485,0.2797094,-1.34649,-0.53543776
GR-M,-1.8022441,-1.7481009,1.4617321,-1.0115479,1.3718296,0.10188219,0.3926121,-0.4810179,0.2958245,-0.2624507,0.60659355,-0.024132194,-0.9459763,-0.027235318,0.15339053,0.19797584,-0.52492774,0.27188346,-0.5623581,0.42106026,-0.6831537,1.7341363,-1.0599822,-0.657954,-1.2429394,0.4146709
KNS-81-FD,-1.4367313,-0.5300378,0.1627959,0.9339072,-0.2742963,-0.2625212,-0.18158604,0.6405865,0.30534232,-1.3337055,-0.10917466,0.8905948,0.5882762,0.21138349,0.37815014,-0.9554914,0.031436592,0.38163322,0.35137522,2.2731807,0.6892048,0.25622016,-0.63610226,-0.685624,-0.5332575,-0.09614085
KMS-11,-2.070125,1.3395574,-0.31459677,1.0171144,-0.173716,0.51267034,-0.7602965,0.83578503,-0.47674492,0.19879603,0.70611644,0.96512973,-0.7043423,0.14286274,-0.39780578,0.6635669,0.5473901,0.226688,-1.4712842,-0.13048308,-0.38147447,1.8043393,1.2016525,0.27597675,1.2053167,-0.2142541
ZR-75-1,1.7951579,1.2046462,1.6404831,0.10870032,-1.4950309,-0.1025417,-0.17209733,-0.4984723,0.6758485,0.89312696,-1.6036723,-0.33744678,2.8603563,-2.0558763,-0.47904882,-0.6724645,0.19061774,-0.2937977,0.2437275,-0.3039151,0.33996502,-2.0576057,0.32143998,-0.0063255588,4.4418044,1.5721391
LK-2,-1.518281,-0.1353955,-1.7041907,0.7195452,1.908331,0.010638171,-1.583754,-0.51483285,0.13382077,-0.08956897,-2.1282208,-0.7982486,1.4246144,1.6234529,-2.4859247,0.27020055,-2.2974436,0.10246875,-1.6756356e-05,-2.5032988,-0.26840302,-1.436621,0.05585918,1.6140143,-0.31078723,-1.1496966
Hep 3B2.1-7,0.26167652,0.27454284,0.18930198,-0.32682434,-0.24536669,0.1412929,2.6131647,-1.0540292,0.9729612,0.3511038,0.9883127,0.39262006,1.6407125,0.1871228,-3.0289237,1.4254946,-0.99168473,0.37883186,2.7590332,1.5529934,0.020960651,-1.3284134,0.119441584,0.8553958,0.41233,-0.31560746
MDA-MB-468,1.7312253,2.2320848,1.8548012,-0.522293,-1.8678706,0.7575482,0.8885589,-0.07431622,-0.14672399,-0.050441295,-1.0356382,-0.14351319,2.9082057,-2.876746,0.8526849,-0.21211617,-0.59996676,-0.076910816,0.3408243,-0.0937234,-0.23881848,-2.176773,-1.0908252,-0.8249405,2.5469265,0.53252107
NCI-H2405,-0.8938064,-1.9294591,0.6389906,-0.84388566,0.87436527,0.11567587,0.22046329,0.22102755,0.2619071,-0.09855531,1.1653779,-0.6300191,-0.2290442,-1.0562296,-1.4332526,2.1765912,-0.2781781,0.13111195,2.0239909,0.021554729,-1.4616227,0.86099166,-0.96254224,0.52937686,-1.4797808,-1.1193669
HCC1395,-1.1937006,-0.5552672,0.38076538,0.10911812,-0.33296826,0.81948805,0.16705917,0.32132024,0.14677364,0.2780527,0.6469163,-0.46432197,1.9679438,-1.2859436,-1.2197528,-1.0791053,-0.6171608,0.43989697,0.09419862,-0.14846373,-0.4873003,-1.1403439,0.08646041,0.3657253,-0.20826668,0.09223259
SK-MM-2,0.1909548,1.1314188,1.3630825,1.4262894,0.29522902,0.971143,1.0330596,-2.0378103,-0.09651333,-0.7080998,-0.7160396,1.6641297,2.8289714,-1.0678352,-4.8239503,-2.3705213,0.17078829,1.513034,-4.7016854,-2.1834328,1.0375413,-4.5623713,1.0906441,1.0825961,-0.13838018,0.24913192
HTK-,0.38703176,-0.11960429,0.82441777,0.5240572,1.1403289,-0.36567208,0.3642234,0.73994434,-2.2456806,-0.953484,0.7444232,-1.4343061,-1.8956689,0.22586125,0.9458665,-0.7978604,-1.0172695,0.849168,-2.4486399,1.5434387,1.7570853,1.9706652,0.027685553,-0.1379922,-1.2033278,1.1334388
SLR23,-0.3083943,-0.89699477,0.84075516,-0.22884777,-0.37872052,0.67538,0.90277344,-0.5140259,0.9733949,0.27811095,0.9722606,-0.09181051,0.02504585,-0.64733845,-1.5079763,-0.9227897,-0.91940546,-0.46933645,2.496539,0.64751506,-0.36832,-0.9028825,-1.6006852,-0.8283545,-1.771216,-0.37473282
GP2d,7.3066115,1.9642084,-2.2057111,-1.8353354,-4.4961867,1.8694799,-6.5501175,-5.450937,1.1078496,3.2359943,-4.419243,0.39655572,0.81265056,0.43867314,3.1680377,1.3164275,-3.6325436,-0.12562773,-3.9361806,-0.25513408,-0.9537161,-1.4443558,8.165011,1.2902832,-4.900632,-2.6745687
MDA-MB-231,2.0040553,-2.1425335,-0.15950185,-0.537409,-0.1117145,-3.268607,-3.64396,0.3885711,4.918837,1.9326961,-0.58222806,-0.97855735,-1.8171238,-0.33122358,1.4177848,-2.7783237,2.589186,-0.5486193,-1.7843792,-0.0854063,0.65015066,3.365222,3.4653113,-0.1656709,-3.6187003,-1.941007
SK-N-MC,-2.0104318,-0.5632905,-1.7331159,0.2011535,1.1324288,-0.20032781,-0.65058917,0.29970983,-2.42426,-0.80880105,-0.3324168,-0.20559919,-1.6879188,1.3417506,0.99100286,-1.6309988,0.0048805363,0.17575014,-2.5653603,0.4757317,1.3969359,0.95006573,0.19307916,0.5239955,1.992347,-0.94174397
Panc 03.27,1.8539634,-0.061220966,-0.45769593,0.20728943,1.5165068,-1.8273647,1.9796702,0.09940841,1.2677011,1.4332142,0.22907898,-1.7594364,-0.99629295,-0.9450786,1.1985308,-0.44146267,-0.31668037,-0.85530436,0.5806946,0.019808125,-0.17897521,2.1852577,-0.20635435,-1.5372921,0.14558683,0.05610045
CMK,-0.35411996,0.0015680809,-1.4210483,-0.015843183,1.6988926,0.9990518,-0.37027088,-3.0666869,-3.612114,-1.065011,-0.120661505,1.7327927,-0.43906888,5.9387975,0.71015143,-0.5826,0.35021675,0.46604478,-3.412601,-1.9161593,-0.33894774,0.8189108,2.606717,-0.42765343,-0.9114136,1.6022316
KNS-62,-1.5777166,-0.4027157,0.27360556,-0.36803502,0.55748093,0.5402159,0.10152857,0.4888834,-1.0872325,0.35873604,0.4177982,0.07463199,-0.7535361,-1.7563006,1.217743,3.8050966,-0.344208,-0.40490532,0.035010993,0.13832575,-2.2314682,1.0314128,-0.47645897,-0.9860419,0.53752434,-1.2704248
SCC-4,0.9954924,0.4306746,-0.25012258,-1.2328851,-0.591144,0.532578,3.3894517,1.5057226,-0.6613528,1.3141888,0.65578324,-1.5139306,2.2099266,-2.7617857,0.18088138,1.3183779,-0.90177125,-0.3995554,1.746808,-0.0946633,-1.6076694,-1.4824771,-0.99258405,0.24458328,-0.7523292,-0.19053406
HuCC-T1,1.7116781,-0.28488582,-0.1716156,-0.7846714,1.1447692,-1.0895995,2.3014152,0.3478646,1.7682283,1.8485712,-0.13505903,-1.364156,-0.4888519,-2.4908104,0.5500711,0.33302075,-0.013117184,-0.9644099,1.2624676,-0.0762414,-0.7358868,0.6914077,0.25543362,-1.4161439,-0.39754665,0.7117235
NCI-H1793,0.1480463,0.23327118,0.27232644,0.9348622,0.142868,0.96003324,0.623464,0.15633649,-0.09191722,-1.0225492,-0.64775884,-0.67646044,3.9109685,-0.2287065,-1.66787,1.0202171,-1.2710459,-0.07100845,2.3457975,-1.6326226,-1.7742611,-2.8055542,-1.1786324,0.42181954,-1.9616085,0.9984657
EHEB,-0.1641674,2.3485317,0.35067743,1.852831,1.2326372,0.09289578,1.8170857,-0.35436928,-0.03528676,-0.29520014,2.2558975,2.6035697,-1.6475683,0.59241307,-1.6853719,-0.4074197,0.9624723,1.2271821,-1.3522117,-1.630955,-0.64534175,-1.1522379,1.0152876,-0.49630633,-1.1011604,-0.38969994
CCF-STTG1,-1.7873178,-1.4430681,-0.4239214,0.9754635,0.2433917,-1.9535178,-2.3206832,0.66132045,2.0960305,-0.94289815,0.84950775,-0.85171384,0.9974832,0.53214806,-1.5077052,-3.6419418,1.4772613,0.91379946,-1.4036715,-0.25959086,1.0682472,1.7943096,0.22972342,-0.19572647,-1.5372924,-1.0679713
U-178MG,-1.7594063,-0.955826,0.34813097,-0.06795326,-1.1602634,0.17618176,0.41633484,0.35831612,-0.53719485,-1.2648139,0.77044743,0.18098241,1.1580454,-0.0004298389,-0.49414158,-1.769065,0.66450036,0.15562183,-0.38545036,1.2484031,0.5156148,-0.73390913,-0.37425837,-0.40300012,-1.4796276,0.55605024
COLO 741,-1.2365627,-1.4641379,0.88857865,1.4525931,-0.061419252,-0.064339496,-0.6608356,-1.8867705,0.57197326,-0.77838874,0.3953371,-0.78706133,0.24701633,1.977625,-2.5746558,-2.895008,-0.9444521,0.58610076,-0.5193421,-1.1438379,0.64923924,-3.1935284,0.5366246,-0.7752865,1.2736775,-0.7294705
PLC/PRF/5,0.88420326,1.0967585,1.5639567,0.43815905,-1.0610518,0.4791287,1.3931023,-0.30655822,-0.75609523,-0.8306862,1.2538451,0.24421036,0.8724804,-0.04084561,-1.2683004,2.13381,-0.44957644,0.10793421,3.085325,1.4054931,0.14069866,-0.33761033,-0.9061803,0.43827066,0.5839477,0.67073375
HuP-T4,2.4206269,0.59017664,0.13086984,-1.2514266,-0.5399355,-0.49856117,1.030561,-0.094512224,0.5840183,2.2567976,-0.29884395,-1.1578369,-1.1104237,-2.2217746,3.050863,1.9161141,0.005903326,-0.8324148,0.54078835,0.9558952,-1.174309,1.8008186,0.9989402,-1.6137458,1.7798594,0.35497564
KMS-20,-0.37380984,1.9853268,0.20701098,1.5735704,0.1875566,-0.1650404,-0.026105791,-0.22663933,0.082396485,0.074083805,1.4312748,0.95501935,-0.25305334,0.5290985,-1.7624931,-1.6026138,0.30459276,0.9111868,-3.315374,-0.91045177,0.60234946,1.1076413,2.251445,-0.28149393,0.43814102,-0.30397853
DM-3,-1.3220203,-0.46032852,-1.8331571,0.35954243,0.2764813,-0.3387954,0.3644601,-0.46059588,-1.4502782,-1.7250655,1.5319929,-1.9487492,1.0839133,0.52159774,0.10967703,-1.3495836,-0.38394147,0.19004692,1.8419217,0.33323982,0.5572482,0.75613207,-0.8262513,-0.68220776,-2.4271047,2.6685145
NCI-H2141,-2.3044863,-0.62579894,-1.3957183,0.20290422,0.81979626,-0.13991174,-2.0325155,0.8236743,0.7093964,-1.0511415,-1.8621384,0.80088085,-2.4752383,0.9906004,-0.3487047,1.6505609,0.29044962,-0.4648683,-1.4489346,1.0489568,0.66371226,1.3501284,-1.8275324,-0.44025567,1.4735851,-0.97605973
OVCAR-8,1.012284,0.591623,-3.1275053,-0.14096287,1.5494462,1.6877173,-1.8313099,-2.0295296,-1.6709774,0.58297294,-0.20197326,-0.5032541,-1.9529848,1.1243223,2.23273,-0.80513245,-2.8964376,-0.057370655,0.15064909,1.7287499,0.097651884,0.3276113,3.030832,-1.6296822,-3.2295246,1.7604692
SNU-C1,-0.10292992,-0.06910492,0.7022361,-1.1055158,0.044307858,-1.0703791,1.7058265,-2.5872002,-0.26572323,0.87428606,-0.71255386,0.084101364,1.3304803,-1.6009784,-1.2151322,1.7627996,-0.3840391,-0.6057478,-0.37221208,-1.349765,-0.6006863,-0.14319429,-0.07112226,1.8143153,2.224544,-0.11433814
NCI-H510A,0.44902575,2.6176834,0.0027821423,1.8833162,-0.6066253,0.93841696,-1.8798985,-0.4211307,-1.9677087,-1.9820575,-0.6103107,-0.3523805,-1.4740599,1.2633547,0.9804656,2.0238113,-2.2656157,-0.13604227,-1.1827741,1.309268,0.634287,2.1184201,-0.6463715,-1.1778684,1.0719924,1.0713677
UT-7,-0.6548802,-0.8623878,0.93075407,-1.4681758,0.8450967,0.63386613,2.17364,-2.1184433,-1.9983882,-0.92280537,0.8193486,2.6531854,-0.30529374,2.7945738,-2.1796253,-0.8701402,0.98077893,1.1233581,-3.3891592,-1.012525,0.6114672,-1.3721911,0.6999965,0.34131685,-0.3415184,1.2093585
NCI-H522,-0.22074209,-0.9944305,0.24239713,0.048504904,0.123238295,1.6743276,-0.66083014,0.51534986,-0.46402064,-0.33358157,-1.032865,0.753315,0.7857466,1.0397205,-0.92968243,-0.50929284,-0.33425862,0.083618924,1.961931,0.41346753,0.3665589,-2.1693559,-1.3915801,1.1274261,0.8147707,-0.56692165
KMS-21-BM,-0.60487103,3.1073275,1.4849455,2.6244123,-1.3228248,1.0817434,0.16034776,0.5159637,-1.6821804,-1.6261573,1.4820071,1.4838784,0.5001954,0.051030993,-0.6903038,0.26534554,0.52377856,0.6478893,-2.6985817,-0.7346052,-0.20524514,0.7754089,0.34378275,-0.22296897,0.5122398,0.48230743
EN,1.6066164,0.8423755,1.0273036,-0.63455427,-2.645496,3.4356935,-2.9307995,-0.4039855,-1.6069573,0.20502387,-0.6725191,0.9486807,-0.75955546,0.7981681,1.569199,0.25774735,-1.984785,0.3084899,-0.27952906,2.6704512,0.48688093,0.19190186,-0.13435745,0.72683877,-0.8719918,-1.2748644
CML-T1,-2.4962254,1.8430806,-1.9939005,0.10253042,1.5959082,1.7386138,-0.6370052,-0.21995464,-1.9568709,-1.5615745,-2.8163447,3.6541321,0.1837706,5.8439245,3.1715257,0.7294137,0.5341295,0.9401978,-5.940935,-0.757584,-0.43691927,2.1800249,0.7779162,-1.02638,-0.123675644,-1.2603709
COR-L88,-1.9898832,-0.20522389,-0.8262051,0.18578187,0.5466155,-0.113924146,-2.4862044,0.3304872,0.5211146,-0.8129296,-1.5927397,0.7352313,-2.062183,0.9515914,-1.0606188,1.8852184,0.4001568,-0.32592475,-0.971468,0.4557034,0.5329423,0.97276926,-1.1349019,-0.5162082,1.2998402,-0.60568315
SNU-308,0.40074307,-0.76785934,0.27443007,-0.62222236,-0.1582446,0.03362787,2.0884128,0.64100623,0.59617364,2.075627,-0.49542344,-1.1883628,1.6591167,-2.8971276,0.04603143,2.3965862,-0.39988464,-0.9776519,1.4701324,-1.0946956,-2.1785128,-1.4673645,-0.10494666,0.8434614,1.5056677,-0.6250954
SW1783,-0.5176804,0.7926213,1.9666944,0.6104106,-1.883501,0.6767047,-0.42641354,1.0893939,-0.9994115,-2.1374788,0.7396242,0.5768521,0.85080796,-0.60924363,0.85666597,-0.45128128,0.93419325,0.8014162,-1.0147476,2.354894,1.13376,0.6584938,-2.1235697,-0.96076655,-1.0713303,0.8495212
MPP 89,0.52273524,-0.7727177,-2.7024205,-0.43175197,0.4598857,-1.1164131,-2.3702946,-0.71260846,2.684706,1.0601401,0.044767406,-0.6263424,-0.27260062,0.33827817,0.23210494,-2.9199064,0.2884736,-0.21259883,-0.27592045,0.69456327,0.2180723,1.6703658,2.9024277,-0.23361583,-2.9305685,-0.8745619
OS-RC-2,1.2908711,2.784946,0.44232318,1.5530258,-1.1076188,0.78948164,0.9669587,0.030497536,-0.4611414,-0.94802123,2.196634,-1.9538592,0.89107776,-1.1326785,0.048226073,0.096203126,-1.8516867,-0.3350379,3.7471275,0.86556005,0.082544975,0.025151646,-1.2292631,-1.8918447,-2.348008,1.851881
ACC-MESO-1,0.3881434,-1.8048363,-0.5751137,-1.5207828,-0.591317,0.0074147508,-2.8875165,1.503711,2.480082,0.21262534,-1.8735456,2.1339257,0.87649393,0.25247085,0.9431709,0.20020092,2.5270941,-0.11883507,0.609763,0.21609563,-0.7653178,-1.0936946,0.2360121,1.3519198,-3.2196498,-1.8967639
CH-157MN,-1.3586389,-1.5540087,0.39928252,-0.45283216,0.42387435,-0.09934842,0.9418945,-0.12757808,-0.9683546,-1.0237917,0.6194617,0.30368367,-0.94053,0.1324247,-0.504375,-0.8566626,0.2997999,0.3825915,-1.8255222,0.7909516,0.70052975,-0.09678482,-0.6797672,-0.0066198334,-2.077326,0.4511506
NCI-H1435,0.89945173,0.60540265,0.50826883,0.18078548,0.6507807,0.20048453,-0.23592919,0.5117113,-1.2405584,-1.0567837,-1.6078714,-0.58560026,1.5838811,1.1923162,2.484346,3.148922,-0.90391576,-1.0300349,2.7798223,-2.2412264,-1.977754,0.681294,-2.4293368,0.34124857,0.56335664,0.44374204
SNU-840,2.4696038,-0.14227423,0.13496394,-0.11439058,-0.96778584,-1.3839278,2.1196623,1.9475124,1.9367455,0.9709035,0.082825065,-1.3390199,2.9537818,-0.92241454,0.8686977,-1.4782363,0.6389991,-0.872803,3.0169318,-0.55327356,-0.4611298,-0.15542568,-1.2514718,0.88960093,-0.41391897,-0.05627614
MOLM-13,-0.6806182,-0.352856,1.4750983,-0.80960447,0.93606,1.2210022,0.4115548,-0.98636556,-2.7020094,-0.8243716,0.46648854,2.5956457,-0.48434833,1.8588488,-1.3996868,-1.1766131,2.6107705,0.93546224,-4.2911158,-1.9243691,-0.24869615,-1.8953451,2.0747416,-1.6650685,0.51449466,3.0395648
M059K,-0.36168206,1.2569817,1.1678344,0.43017754,-1.7543722,0.62153876,-0.28095227,1.3204709,-0.74622023,-2.0241957,0.81713194,0.70253044,0.069164775,-0.47669837,1.4977274,-0.9803004,0.22366932,0.61489874,-0.5521866,2.8270607,1.7837812,0.49851465,-2.4000654,-0.6804246,-0.8953019,0.7585694
SNU-119,0.7863168,1.2486255,-0.08334577,-0.4251195,-0.20611873,0.96016806,1.0865703,-1.8628184,2.309301,1.1837783,0.6016475,-1.1414595,0.89409006,-3.4802485,-1.1987195,-0.24097016,-2.3780658,0.6613067,1.8367295,0.8906866,-0.3284777,-2.0438871,-0.12536637,-1.3350658,2.164095,-0.124254376
KYSE-520,-0.40500778,-0.7132408,-0.24849553,-0.7080924,0.20936112,0.51103985,1.7279949,0.38339287,0.8653172,1.1509038,0.51799494,-0.97406125,3.2274654,-3.0476375,-1.7747394,0.17001003,-1.0735643,0.14688402,1.9450071,-0.22082733,-1.1054413,-2.3208208,-0.38710144,1.7645277,-0.4637648,0.057721853
MFE-319,4.5460286,-2.3674788,-1.4347942,-2.7054346,-3.793464,3.405641,-1.7796549,-4.2824616,4.7128243,4.873691,-3.3167431,2.1138155,2.5993931,-3.4290135,-2.0243263,1.114083,-1.1582254,0.15925522,-0.027922621,2.3995612,-2.3979697,-7.963544,4.7539353,1.7020452,-2.0066164,-2.8103976
NCI-H1975,0.0157938,-0.9672925,-0.4254474,-0.10099618,0.6703314,-0.62349266,-1.4100261,1.4645804,1.8493278,-0.31924927,-1.5822006,-1.0405526,3.3809395,2.455359,-0.2961508,0.026075378,0.4974398,-0.49484575,1.8478537,-3.3524349,-2.3330343,-0.124369726,-0.19015284,-0.20951234,-2.9197,-0.14672959
SNU-869,2.7334864,1.3220487,-2.4199333,1.2300762,0.42570025,-2.476629,-3.1638193,0.10363902,-0.3084026,0.2152177,-0.01901551,-3.1253269,-2.6755013,3.6687276,4.350735,1.0891529,-0.2607633,-0.96677244,1.2681152,-2.3312414,-1.0796826,5.7349443,2.6730974,-1.8145462,-1.9526262,-1.2129987
DMS 273,-0.73966736,-0.03458208,0.7150238,0.24889678,-0.7260868,0.5850981,-1.4480468,1.2011082,0.5693404,-0.2614756,-0.44044042,0.7870666,-1.5039835,1.0044851,-0.9379137,0.06830671,0.50004566,0.071657896,-1.1114817,1.7150352,1.5400982,1.0782024,-0.9332992,0.91319704,1.0790555,-0.6158052
HCC1438,1.3303952,0.7294275,0.94228774,0.6037193,0.15448582,0.8392956,1.2672349,0.66914594,-1.1637939,-0.77830726,0.47943726,-0.48719758,0.81014293,-1.8900102,-1.2483362,0.49419054,-0.43685216,0.495147,0.9934501,0.68961346,0.6326612,-2.1165373,-0.72731775,-0.08570876,-1.1553838,1.2954429
HSC-2,1.5939724,-0.408167,-3.1560316,0.009219132,-0.14950208,-0.33526078,-0.8439882,1.4216887,0.7657727,0.6984377,-2.3902032,-1.9193647,3.7311409,2.7942262,0.54099977,1.0101581,-0.925002,-1.2275943,1.8420041,-4.0784883,-3.1107605,-1.4898634,1.4528364,1.9511453,-4.5350447,-2.9392555
IA-LM,1.0861602,-3.154481,0.6104137,-0.37661284,0.9928736,-1.4124023,-0.79893756,0.6394754,1.4215435,-0.89747447,-1.776331,0.24313395,0.33556366,1.8429385,-0.20734337,-1.7824211,1.489557,-0.18359756,-1.3825288,-1.1877126,0.016496137,-0.049926884,-0.73498493,0.24200118,-3.1906183,-0.59619564
Karpas-299,-0.87897885,-0.7567942,-1.2042826,-0.48491174,-0.16410889,0.28616095,1.1419168,2.3009703,-1.995767,-0.4807431,0.5928585,2.1871667,-0.8867625,1.8662703,0.77011275,1.6580817,3.4505618,0.2641409,-2.475197,-0.48914394,-1.0432785,0.37740037,1.1819047,0.2896816,-0.85622966,-0.77110195
KCL-22,3.2282627,0.2635401,2.8550582,-1.9814636,-2.9870558,0.70243716,-0.5301288,-0.1535222,-2.8501198,-0.9831687,-0.28613025,2.7430086,-2.3257155,2.1081254,2.429194,-2.329771,3.7873359,1.3767413,-7.0993285,2.123161,3.1651254,1.5199553,1.091665,-0.034731753,-0.66534925,-1.0788107
NCI-H1385,0.15609014,0.06359051,-0.8220237,1.757349,-0.7775259,-1.6413448,-3.2555008,1.052906,1.2953974,-0.8470052,0.61738926,-1.6679568,-2.525004,0.28640053,-0.69375265,1.5630069,1.118174,-1.0920535,0.64022905,1.1119026,0.62568724,4.094568,0.11317511,-0.47407186,1.7353786,0.35219902
KG-1,-0.49240336,0.58154035,0.6076073,-1.8878396,0.24273367,1.4765193,1.276321,-0.53948146,-3.1909728,-0.41790265,0.6953136,3.3404121,-2.1161904,1.9488395,1.3269615,0.58411115,3.5129673,1.0753676,-4.2864537,1.0353272,0.43508255,1.3036871,1.3100859,-1.019131,0.35865414,1.5400572
HEC-59,2.6553688,3.1296968,-1.7097145,-0.16205777,-2.83287,4.2945967,-3.8435752,-0.08297041,-1.488442,0.57326746,-1.6716747,0.21400261,-0.764605,2.588664,3.2347958,2.5250235,-3.0611873,-0.28891182,2.1303897,-0.17172728,-1.6318836,-0.60274804,1.3868653,-0.07949801,-3.6730075,-1.6343995
SNU-16,-0.5661332,-0.10767989,1.293327,-0.5772809,-0.08380151,-0.40799493,0.68602765,-2.252964,-0.016186103,0.1640746,-1.4500929,0.68360907,0.5649769,-0.88917726,-0.87981534,1.4861823,-0.42722932,-0.96914387,-1.0992388,-1.4669259,-0.43282312,-0.46690637,-0.5509037,0.788209,2.035239,0.053033248
EC-GI-10,1.4731357,-0.35166547,-0.7106603,-0.82170606,-0.97304964,0.42888403,3.5898468,1.0950158,0.80654687,2.7243268,0.13428065,-1.7119153,3.4444218,-4.450791,-2.8057024,2.4047554,-0.978354,-0.9153449,2.914412,-1.0927088,-2.1255703,-3.8580256,0.3090418,1.226094,-0.14087786,-0.48400667
JHH-4,-0.751693,-0.19291413,0.09181339,-0.2533154,0.28741863,0.16459161,0.56738806,0.8122865,0.9953936,0.2429604,0.18901151,0.30190352,-0.4631964,-0.14694695,-1.2205871,1.8709265,0.027653202,-0.106583476,1.7673235,1.1200218,-0.38976932,0.2324185,-0.852949,-0.95797473,-1.5408356,-0.27938184
RS4;11,-2.2322662,0.3842926,0.26024836,0.3811243,2.650936,-0.0329659,0.9637649,-1.0169328,-2.1171129,-1.3958291,0.42371053,2.893548,-2.9886916,2.5789077,2.5862787,-1.6773353,1.8943026,1.0072834,-4.7842007,-0.47276717,1.3935502,0.95152664,0.37702566,-0.1505369,2.370811,0.61689025
NCI-H1930,-1.1877726,-0.8805584,-0.25681472,0.5910962,0.058119748,0.782914,-1.9360595,1.2034049,0.5379157,-1.669773,-2.3793237,1.4699706,-0.34815586,1.8642206,-0.4951304,2.2338405,0.7362703,-0.114818856,-0.38238913,0.8671318,0.22607177,-0.2902207,-2.5278604,0.8766806,0.348418,-0.44718394
EPLC-272H,1.7955219,1.1929309,0.52454615,-0.39664555,-1.1866386,1.1040492,3.110434,2.392629,-0.7560759,0.56860405,-0.49913076,-1.1430223,3.055048,-2.6961107,0.53960156,1.5020697,-0.59998405,-0.92451507,1.7898299,-0.7560464,-1.8136086,-3.0371208,-1.6117623,0.07934244,-0.7820533,0.8987625
MCF-7,1.9847577,0.74181247,1.4185058,0.95388496,-1.4042755,-1.0518906,-0.50230294,0.2808609,0.8282444,-0.20126207,-1.842836,-0.7866214,3.6159723,-0.57019836,-0.7766696,-1.2211975,1.0563034,-0.5101166,0.2094979,-1.7448206,0.22291717,-0.48113382,-0.007438245,0.37892276,2.3985715,1.1675026
Hs 821.T,-2.307598,0.023938388,-1.7490535,-0.31549153,-0.69846827,-0.2878626,-0.20293362,0.26783514,-0.9928131,-1.2798806,1.8407608,-0.42920607,0.8235514,-0.6573683,-0.047438283,-0.8745032,0.50602555,0.4823909,0.15860906,1.1569337,0.8571827,0.6347027,-0.4362265,-0.27213827,-1.2618012,0.67085963
SW480,0.6765381,0.8452979,-0.65120834,0.40265775,1.3904461,0.22506411,-2.6744587,-1.2196283,-0.9835448,0.34828,0.5128543,-1.664572,-2.0857353,0.21887392,2.78927,0.91167045,-2.1203074,0.03469918,-0.5764993,0.72190094,-0.8842688,3.817758,1.5399101,-1.4105031,-0.1345279,0.87861127
KMS-34,-1.9247428,0.9264637,0.32973468,1.0986313,-0.69580704,0.83383846,-1.9190091,0.8094903,-0.7020583,-0.11727084,0.21153934,2.025816,-0.038815327,0.18913203,-1.2130303,0.6389786,1.1083773,-0.043549873,-2.1890156,-0.72165555,-0.50274354,0.5839746,0.8088646,0.7304173,0.4674648,-0.56205726
WM793,-0.66634375,-2.1502025,-0.11079036,0.596422,0.5354345,-2.5045354,-0.48278138,1.5500491,2.0533502,-0.5297046,1.072058,-1.5398065,-0.9031943,0.24560338,-0.4877725,-2.8224876,0.9468732,0.591257,0.10920948,0.17696223,1.2757301,0.36974996,0.49253646,0.26290944,-1.6617618,-1.1920899
MDA-MB-361,1.1952946,0.13239677,1.7175132,0.5017938,-0.7442074,-0.92379063,-0.7865289,-0.28227663,2.0582764,-0.5815207,-1.793081,-0.38944867,3.3558679,0.3029992,-0.30590504,-1.2431586,-0.0073658694,0.009527396,-0.06150677,-1.6062357,-0.24601951,-0.7063348,-1.148752,0.23251897,1.8372309,0.16396661
TE 441.T,-1.8253253,-0.6072879,-0.1879955,0.36549902,1.0200797,0.9469784,-0.7074199,-1.534473,-0.82184803,-0.38384637,1.0073088,-0.74868315,-0.61307514,1.0660905,-0.98553157,-3.7152486,-1.7894988,0.81265813,-0.3419056,0.80928487,1.6112337,0.16625933,-0.29014415,-0.05505301,1.8121016,0.37645936
RERF-LC-KJ,1.2485936,-0.12684926,-0.20771463,-0.790811,-0.98660517,0.303104,1.9419508,0.3124916,1.3238742,1.8139298,-0.6273522,-0.36299852,3.5872827,-3.6194987,-0.5593223,1.9945556,1.174387,-0.41171148,3.6790419,-1.1858518,-2.4969296,-2.6732695,0.8658185,-0.4030449,1.8113394,1.2914311
TE-8,-1.8409919,0.037679292,-0.4550831,-0.67425466,0.4075869,1.7380992,1.2399651,0.11454467,-0.043462366,1.2827926,1.2209419,-0.6842867,1.266354,-2.7007678,-1.0694206,0.21066044,-1.9713601,0.14839083,1.8147368,1.6356975,-1.0906885,-1.2916154,-0.1030675,-0.37669927,-0.13755468,-0.020556062
HARA [Human squamous cell lung carcinoma],1.4889402,-0.32055914,1.6137884,-0.95947975,-1.930061,0.8503885,0.010920314,1.4908957,0.9692776,1.6308488,-0.38630894,-0.17692904,0.57586277,-3.8553116,-0.29053462,1.0892541,0.08293765,-0.08221481,-0.25826526,0.9219313,-0.27581063,-1.3723131,-0.2880514,2.188157,0.16131127,-1.9087734
CAL-27,2.218435,-0.1788337,-2.1493182,-0.52281547,0.26722994,0.010274265,3.8665297,0.75612056,1.374947,2.1982422,-0.8535193,-2.2010887,5.775001,-2.4506598,-2.9152412,0.48560458,-2.0335047,-0.69506305,4.007519,-4.0380535,-3.051065,-6.9092417,0.8592504,1.9750273,-1.3999411,-0.3785938
LUDLU-1,0.14695181,0.035839275,-0.28249905,-0.7009904,-0.9965291,1.4203084,1.9392681,0.062311508,-0.017307363,2.167259,0.18909055,-0.5400729,3.3801236,-4.2170935,-1.7480881,3.131623,-0.7908091,-0.26726848,1.5359513,-0.47618696,-2.4307373,-3.20283,1.0058023,1.0945697,1.520671,0.12373223
Mino,-1.6569432,1.7508175,1.5031754,0.6801305,2.5623279,1.3632452,0.13029397,-2.734026,-1.6583638,-0.30461866,0.8788789,3.4940886,-1.8820049,0.20781893,-1.0566716,-1.8062676,-1.8922983,2.3196833,-4.566126,-1.0388752,1.139671,-3.6689072,1.3805113,0.9191188,2.1918573,0.16931388
MOLM-16,-0.6641632,-0.9655177,0.802431,-1.5342752,1.2985251,0.88689333,0.81148654,-2.2642407,-2.995226,-0.71855676,0.14050362,1.8024666,0.32453826,2.2486298,-2.3778653,-0.87698865,0.65793157,0.89658374,-3.4344733,-1.0392543,1.3292596,-1.6318716,0.4305435,1.0042928,0.5580439,1.294555
YD-15,1.8088789,0.14939481,0.8239793,-0.67404914,-0.021755422,1.0222353,2.6584017,1.7324872,-0.64292926,0.073417455,-0.96775633,-0.91279566,2.0516489,-2.2641118,0.65017575,1.5064421,-1.1655949,-0.07812436,1.7193999,-0.931275,-1.1175214,-3.2721128,-2.2984884,0.97773206,-1.0635165,-0.1642985
EoL-1,-0.5443276,0.35062388,0.9173082,-0.45014277,0.96288455,0.78095394,1.0653285,-0.4668523,-1.8126299,-0.9276884,0.5212236,3.0864644,-0.7126949,2.103369,-1.1549494,-1.1292558,2.8888614,1.1843822,-4.1973133,-1.5668205,-0.18064043,-1.9175097,2.5587075,-1.1771771,0.3336422,2.119623
OCI-AML-3,-0.5277606,-0.21387157,0.7130848,-0.62183404,0.70593315,0.78304154,1.1854501,-0.164662,-2.1662786,-0.8203448,1.0681623,2.3313756,-0.84883624,1.4318241,-0.8548347,-1.4094722,3.8334644,1.0581603,-3.127264,-1.6605049,-0.61697704,-1.4343352,1.4806657,-1.4428712,-0.51855314,2.5712695
HT-1197,1.8502705,0.228945,-0.010901999,-1.0419965,-0.6378711,-1.6591783,1.7687733,2.198134,0.6159347,1.3323423,-1.4814719,-0.5180218,2.5842395,-0.50910515,1.5918932,-0.7412357,1.1807096,-1.2760307,1.796137,-0.5633752,0.13678552,-0.07531316,-0.29478347,1.5133291,0.25410658,-0.054124705
HuH-28,-0.7438433,0.31186557,0.41988635,0.66947466,-1.3286377,-0.99733835,-1.1494006,1.4467568,1.0651568,-1.5184189,0.17834546,0.3831457,1.5140531,0.64238185,0.42251962,-2.1236818,1.1792061,0.061700527,0.1917781,0.4684529,1.1715009,0.54770356,-1.4765676,0.4840016,-1.526016,-0.8826862
TE-15,1.0514386,-0.3083038,-0.12938036,-0.95137125,0.38143522,-0.28067636,3.017092,0.6079465,1.1213231,2.276993,-0.7021995,-1.6255158,3.295697,-4.1402864,-1.0549893,1.3886966,-1.4951384,0.096265614,2.4386885,-1.0414244,-1.884008,-3.4602005,0.30555928,1.1345427,0.36014158,-0.37384707
U-251MG,-1.3790607,-0.5609396,0.86499035,1.4249885,-0.16186874,0.45550752,-0.64699996,0.7711574,0.3726006,-0.6871652,0.31287748,-0.42266417,0.71268034,0.044213064,-1.16387,-0.5753391,-0.9207068,0.533227,1.1317228,1.6433346,0.104725435,-0.3070375,0.016669108,-0.62886393,0.143792,-0.67854464
HCC-56,0.054121226,0.115550295,0.28518805,-0.48754454,0.4271841,-2.238572,-0.36961517,-2.226121,-0.50007075,0.6272516,0.05034683,-0.6474348,-1.1208609,-0.7354401,0.26158407,1.399586,0.04175085,-0.49996793,-0.68006766,-0.8193867,0.34701374,2.9617436,0.88143694,0.29215056,1.72164,-0.44754353
OCI-M1,-0.8446333,-0.9199933,0.7079959,-1.3328922,-0.26904374,1.2795991,0.8561611,-1.0702732,-1.5831887,-1.6184376,0.12963676,2.832565,0.44963497,3.0607665,-1.7983345,0.6516251,1.6963409,0.8620862,-2.29732,-1.6041431,0.09460063,-1.9150443,-0.61992574,1.4850456,-0.17479758,0.25755417
SW1116,0.7222019,0.30758214,-1.0830026,-0.16052715,1.0379632,-1.730203,0.8248295,-2.0933142,-0.28467444,1.8684843,0.3498598,-1.9935573,-0.14493749,0.55327785,1.5683683,1.3757081,-1.7806739,-1.3868322,1.3866136,-1.5343671,-1.3194015,2.595382,1.1077232,0.11925119,1.0403771,0.26063278
Fu97,-0.9439725,0.6776853,0.1914438,1.2246844,0.5273343,0.2596077,0.84488875,-2.3281987,-1.0376313,-0.8842156,2.177407,-0.31921783,1.2891996,2.8072615,-1.9272555,-0.6703342,-2.5613134,0.20222273,2.2916949,-0.3622452,-0.332025,0.30989724,0.1837056,0.7515236,0.42716104,0.1061463
HCC1187,-0.23654613,1.0498397,-1.5493675,-0.012238637,-0.102057025,0.5647151,0.9535878,-0.1599473,-0.32455152,0.7938728,-0.44249055,-0.36230388,1.3155106,-0.7157432,-1.246624,-0.6160606,-0.3813445,-0.18083042,0.27908596,-0.10959939,-0.08075869,-1.4390522,0.4894738,-1.0149978,2.4969466,0.35129318
Rh30,-1.8154813,-1.5229173,-0.07068045,-0.3171464,0.43183663,0.71452326,-0.08673629,0.97147906,-0.9682377,-0.25694126,-0.5390513,0.56856775,-1.0909389,2.2985954,0.7322193,-0.9872298,0.2741291,0.63869363,-1.230951,2.1372864,0.66522324,1.2483054,0.12470664,0.12939252,0.8151081,0.28931963
Hs 695T,-2.0809457,-1.4437464,-0.28922895,0.8559971,0.7638428,-0.9494865,-1.7783644,1.5480993,0.023355775,-1.1365577,1.0525849,-1.3412629,-0.5698717,2.0640697,1.339486,-0.72779465,0.083381176,0.3769868,0.7696709,-0.58440626,-0.9455365,2.2432818,0.05111383,0.42548624,0.26274976,-0.72284126
MFE-280,0.27561074,0.21625493,1.5815458,2.364942,-0.21501411,-0.59815145,-0.15388551,-1.954814,1.4036303,-1.7318316,-0.5979814,-0.5577653,1.452405,1.764883,-2.015494,-4.121185,-2.363589,0.5891091,-1.2394197,-0.3807398,1.9515343,-1.4768957,-2.2948587,0.25254047,2.0076277,-1.5311267
L-540,-0.6592962,1.1766227,-0.70403075,-0.44625384,-0.325026,1.2849754,1.599849,1.7161273,-3.0022311,0.7429486,1.742745,1.4687396,-3.2139885,0.44691902,1.3737017,1.6823434,2.187964,0.26710314,-1.9311037,1.5272421,-0.1989647,2.3480175,1.3755118,-0.7352224,-0.2594562,-0.23241769
NCI-H596,1.9136416,0.30353424,-0.36450425,-0.08373261,-0.54731166,-1.3571999,1.1984268,1.2216815,1.6161782,-0.2756572,0.48075905,-1.1914854,2.8346722,-2.2640028,-0.9369289,0.089154415,1.2889671,0.092057735,1.9920981,-1.5624543,-0.6012765,-2.2934022,-0.52292854,0.9540487,-0.6917182,-0.9100686
OCI-AML-2,-1.1089526,-0.2634715,0.88531935,-0.006881535,0.9684975,1.0374051,1.5536346,0.055977598,-0.9110435,-0.960349,1.1124653,2.5577612,-1.734225,1.1204609,0.9706453,-0.5855589,3.084216,0.5760831,-3.1498225,-1.3909669,-0.18319769,-0.3738397,1.2139511,-1.6168796,0.14512774,2.2506866
TE-14,0.27959457,0.09446296,-0.49495026,-0.35631263,-0.22534817,-0.13783309,1.4642928,-0.094753556,-0.52679217,1.5071956,-0.55845976,-1.2570217,2.3518336,-2.8433769,-1.6762732,1.5235258,-1.1739768,-0.7910719,0.97273576,-1.2352493,-1.0431421,-2.5599816,0.34600782,1.5881639,1.5374626,-0.9864444
SNU-899,1.1732658,-0.15229422,-1.0548539,-0.97467387,0.42228487,-0.67764604,3.3639677,1.2173241,0.33775213,1.5396398,0.2677966,-1.503548,1.1594248,-2.1398554,0.36381096,1.8493745,-0.46158758,-1.3116604,2.2837102,-0.9149265,-2.2212162,-1.0042529,0.10147795,-0.705768,0.44529527,-0.7758187
OVCAR-3,-0.47844595,-0.71296513,-0.38718665,-0.59515435,0.322159,1.4490887,1.4056159,-1.6048762,3.1990993,2.0585308,-0.5873103,-0.06381608,1.0156446,-2.6508255,-3.2729836,-0.26385653,-1.857654,0.19734335,1.9334152,0.5864965,-0.92465,-3.650931,0.21139818,-0.63920444,1.7853246,-0.81598884
SNU-C5,1.5344068,-1.236242,-1.2217041,0.26210076,2.499772,-2.653841,-0.88179374,0.11822914,1.2913502,0.7104598,-2.7450652,-1.8082747,0.42021334,2.8648536,1.4324446,-0.8515765,-0.21638262,-1.6537509,1.241874,-3.588091,-0.85555357,1.3654519,-0.6692394,0.31062147,-0.48371196,-0.9971639
JHOM-2B,-0.2649954,-0.9333864,-0.6930906,-1.8830836,1.1948818,-2.1107686,0.24640441,-2.0117495,1.2447429,1.4946153,-1.4169452,-0.3693474,1.2686925,-0.7134838,-0.73220867,2.1580331,-0.08467306,-1.3924215,0.8995229,-2.051284,-1.1273527,0.45194307,0.04544066,0.7425053,1.6328068,-0.663768
SU-DHL-1,-0.56761944,-1.5947124,-1.4025977,-1.3630506,-0.45876724,0.66470236,-0.15032446,2.8131008,-2.636632,0.76373947,-0.46054333,1.5014583,-1.353628,2.59733,0.32002226,2.1544347,3.5510917,-0.55547225,-1.7959396,0.0401228,-0.5650111,0.82815635,1.2249207,1.1067058,-0.60149544,-0.50927216
NCI-H1355,1.7141261,0.39535576,0.75290024,0.9834387,0.3987201,-0.21166001,0.1954983,-0.028458029,1.4000292,1.2274076,0.89318824,-1.91776,1.9697734,-3.1775808,-2.1479857,-0.35392013,-0.9251276,-0.27266037,2.8840415,0.23440415,0.14397922,-0.9487159,1.0806167,0.5828054,-0.20056315,0.99049926
PC-14,0.07474807,-1.0827023,0.28489706,-1.6617216,0.14849845,0.05610997,1.5783648,0.4678213,1.582789,1.5560482,-1.1982914,-0.2749665,2.2693753,-2.0532494,0.66967237,1.3879201,0.2117698,-0.9282547,1.4891384,-0.8567105,-2.1355455,-0.8376683,-0.15915191,0.14418559,1.102748,0.4775156
Hs 618.T,-1.6033695,-0.83123726,-0.84026945,-0.25863004,-0.18096215,-0.6497205,-0.18860058,-0.2446278,-0.94079643,-1.8890048,1.3304485,-0.78394,0.6508219,-0.6745055,-0.20832007,-1.0394541,0.72519946,0.8078107,-0.5122087,1.0554726,1.129731,0.38741964,-0.8733286,-0.6197623,-1.9395108,1.6673955
RT112/84,1.7971944,0.90558803,-0.25436383,-1.3461136,-0.9941718,0.38611078,3.1207895,1.2833511,-0.4751264,1.3714554,-0.76016235,-0.7441983,2.948126,-2.866904,0.7276529,2.1524749,-0.316678,-0.40150452,2.1177092,-0.5388492,-1.4131899,-2.0280023,-0.5036157,1.0370493,1.9489188,0.42143765
Rh18,-1.6415895,-0.92053854,-1.4974734,-0.21257505,-0.85883546,-0.24170259,0.45904475,0.9266161,-0.15278105,-1.1501181,0.84802216,0.06550376,1.1022252,0.24320643,-0.08828978,-1.0855992,0.95122975,0.47870183,0.43204516,2.2729132,0.539053,-0.015256971,-0.5978984,-0.28128245,-0.64506847,-0.15413013
RKO,3.1966622,-2.9897301,0.81265134,0.15427761,-1.6412767,-3.3602936,-4.6151094,1.5346472,3.8445857,1.7353623,-2.5517886,-0.67530644,-1.6609211,2.4379802,0.49372938,-3.2522008,3.2738183,-2.021155,-2.055045,-2.067247,1.3486966,2.2338693,2.3175402,3.0782435,-2.3660326,-3.0267603
EFO-21,-0.34036916,0.36820662,-1.0098877,0.9098329,1.4329793,-0.29635054,1.3616545,-1.1987541,0.18858711,-0.10172713,1.8686973,-0.187237,-0.9856651,0.35073602,-0.25100625,-1.2228152,-1.1741034,-0.13343817,1.6462872,0.18737498,-0.03525889,0.37825787,-1.5004876,-0.56933314,0.16403341,-1.4162362
DU4475,-2.612287,-0.39237475,-1.3982071,1.82087,3.1403449,-1.2543644,-3.1185994,-1.007022,-0.73026806,-0.59634614,-1.1326413,-0.6041661,-1.1353297,3.1471288,0.33041516,-0.70837337,-1.8249081,-0.54585636,-1.565056,-2.683662,-0.72668,3.587806,-0.067828156,-0.006203385,0.6850364,-0.6585404
KP-N-RT-BM-1,-0.8854451,-1.7496059,-1.6282922,-2.1289856,-0.5037243,1.1687123,-2.442314,2.541343,0.5734259,-0.973047,-0.21362533,-0.5390004,-4.935181,1.2736756,1.3785334,1.568014,2.0149813,-0.15849295,-0.55319977,3.7496536,1.0690156,3.7054195,-0.92497766,-0.9167796,0.99783444,2.3278608
NCI-H2196,-1.7032443,-0.14906602,-0.16083814,1.3543774,0.036233045,-0.05901782,-2.2051222,-0.3448385,1.0943631,-1.6723697,-0.7405972,0.42606184,-0.6363351,0.3561164,-1.1021713,1.2218897,0.16605492,-0.31620687,-0.9630991,0.35255468,-0.23162487,0.8079164,-1.6224777,-1.0242122,1.398456,-0.54032254
DMS 454,-1.9604703,0.39308837,-0.6656883,-0.09346245,-1.0909625,-0.3697792,-3.4325573,1.3719509,0.51843214,-1.0396636,0.08104442,1.121547,-1.6045367,0.6652624,-1.3662691,4.644389,2.1116173,-0.52786136,1.1573247,0.551954,-0.65282285,2.6153555,-0.13604137,0.15773612,0.5414932,-0.78858054
SK-RC-31,-1.4380326,0.025500467,0.8820117,-0.11908165,-0.617692,0.2864502,-0.24352263,-0.45756316,1.2538502,-0.38025492,1.0707319,0.6194452,-0.3009508,-0.96396756,-1.1043543,-0.23505807,0.23219368,-0.38748795,1.3556167,0.321464,-0.26453272,-0.07256756,-0.94083047,-1.4834288,-1.9566076,-0.11166561
SNU-324,1.0689633,0.22309244,0.016277283,-0.3373266,0.08987504,0.08347318,1.4984899,-0.29390016,0.11092624,1.048187,-0.5348978,-0.71086115,0.96034,-2.587951,-1.2402222,0.8697227,0.48902994,-0.6200321,0.4524932,-2.187531,-1.2194997,-2.011305,0.33410653,-1.2062353,0.75719297,1.3679386
NCI-H2110,1.3123554,0.27942696,-0.43637404,-0.9089023,-0.5745863,0.26492634,2.4337506,0.38323915,1.1100062,1.612201,-0.5296696,-0.83948547,3.6365407,-3.950406,-2.495851,2.3913221,0.20781241,-0.3639657,2.78987,-0.5796576,-1.3925738,-3.7892408,1.2114631,0.57165706,0.8623934,1.2526668
SW1088,-2.4487922,-0.5861018,0.4378923,0.6048901,0.030368194,0.23450476,-1.0188076,-0.26482382,0.32278273,-1.740666,0.93275476,0.081681535,1.1576148,-0.48091096,-0.8667529,-1.7125717,-0.30016237,0.8054974,-1.2526449,0.49906394,0.092147425,-0.2664652,-0.5682812,-1.0058473,-0.92559123,0.4848088
NCI-H146,-0.90214455,-0.34758282,-0.7828317,0.77806705,0.69543666,-0.3493222,-2.8411875,0.75516295,-0.6234609,-1.2815168,-1.2588656,0.24836695,-1.79696,1.6473584,-0.79858327,1.9561167,0.4486925,-0.46163276,-0.9714075,0.8396944,0.63601315,1.3616072,-1.3489468,-0.29987493,1.4720563,0.2821514
RPMI-8226,2.0379655,2.2097695,2.076964,0.81469864,-2.6009212,-0.45338276,-1.8023161,-0.36573866,0.9044466,0.67466676,1.1767457,1.2987458,-2.0949934,-0.84819984,0.04458048,-1.542133,1.3410422,0.70999944,-4.1239576,0.69239783,1.5439678,1.4508067,2.3099737,0.7284034,0.9701201,-1.5758681
SW579,-2.3738136,-1.3074867,-0.054980323,-0.4658249,-0.14040776,0.091973744,-0.3107305,0.3118742,-0.7590865,-0.98549056,0.33429033,-0.09744514,0.9476006,-0.33117023,0.029658869,-0.7958169,0.52358663,0.5246465,-2.1572373,0.71768963,0.28656474,0.5977169,-0.40934202,0.08958908,-1.2757108,0.8324304
MeWo,0.42409822,0.4548363,1.2704328,-0.3594301,-1.9968369,2.8509614,-0.46595615,0.24790457,-0.87241715,0.06797309,0.5437806,0.17697108,-1.1926013,-0.7399774,-0.27301395,2.0471272,-0.85212934,1.1677006,0.19939531,1.7750553,-0.22467391,-2.7113657,1.0241245,-0.9633995,0.26922494,-0.22605896
EFE-184,0.25687304,-0.31653965,-0.1465122,0.0031379312,-0.13940263,0.327161,1.9459797,-0.14491418,1.1302141,0.6824904,0.4261299,-0.0032495204,0.081659995,-0.9453537,-0.60348547,0.00076695794,-0.5479331,-0.87758625,2.5742826,0.033983413,-0.7897451,-1.4386746,-1.3316699,-0.4177158,0.19972885,-0.9652301
GDM-1,-1.1034465,-0.1778938,0.30219692,-0.7977913,1.2390437,0.42767304,1.4966286,-0.5639018,-2.1457345,-1.0401398,0.8378854,2.8332763,-1.6383185,3.283107,0.84229815,-0.64465797,3.3133407,0.44921768,-3.518523,-0.56268495,0.09934856,1.3645389,1.4371316,-0.93549114,0.7205086,1.6101315
HLE,-0.784913,-0.8913059,0.28145474,0.029706702,0.7486061,0.1523565,-0.4736776,1.247541,0.17581633,-0.2341774,-0.06311178,0.6063522,-1.2526633,0.06909671,0.16510794,0.62307394,0.5457854,-0.33644235,1.3448894,1.394519,0.5296282,0.14786482,-0.7152201,-0.26119342,-1.0731064,0.41070342
SW948,3.652952,2.140204,-0.20316161,1.4468998,0.3255737,-3.6061609,0.539713,-2.377502,-0.0056050867,0.31702062,-0.38531202,-3.1594045,1.6670169,0.651196,-0.47240964,-1.1955862,-1.8434331,-0.7068844,0.1850735,-2.403098,1.4870584,2.0952168,1.7658551,1.2576689,0.7853503,0.53973025
KP-N-SI9s,0.58774257,-0.24461296,-1.4856406,1.4299836,0.5215322,-1.6110402,0.04870595,-0.6428651,-0.028677016,-1.2242565,2.0226932,-2.252426,-0.43310592,0.50693536,-1.8511248,-3.047255,-0.754652,0.6243431,-0.35823852,2.5621743,2.296828,2.4640534,0.36038536,-0.6128262,-0.07787418,0.7441779
PaTu 8988t,1.1003213,-0.53253245,0.6189224,0.5514096,1.4506708,-1.102217,-0.14720823,-1.1768788,-0.3331312,0.5319191,0.5714234,-1.3780918,-1.8727579,0.063079745,0.7904809,-3.5362139,-0.83343744,-0.6153951,0.059859477,0.64437735,2.0676048,1.4625549,-0.046108767,-0.5016925,0.13107274,1.0674148
MKN74,0.3830698,1.5502739,-1.1030365,0.53721833,0.9211285,0.14950547,-0.4899125,0.9019153,-2.6495214,-0.032816343,-0.7672994,-1.2104869,-0.14702678,0.31787488,2.810271,1.1478858,-0.7154267,-1.2625552,2.9314117,-1.0120919,-0.71117747,1.1408085,-0.56963754,-1.1142434,1.5593793,1.1306254
KP-N-YN,-0.75607616,-1.2100515,-1.5561172,-0.6059314,-0.48103523,0.40537027,-0.8699157,3.152265,-3.4521122,-2.0137534,-0.800997,-0.26785886,-3.3360918,1.4737114,1.6128151,2.019793,2.429808,-0.5110254,-0.383282,2.877234,1.0196102,3.7578063,-1.3218889,-0.23704794,1.2774022,2.5249252
Panc 02.13,1.554807,-1.0188005,0.45736602,-1.327824,-1.4955347,0.5937321,3.374622,2.2185595,1.3458438,1.2757448,-0.77399623,-0.651401,2.654766,-1.5027847,0.7082721,2.6385384,0.499106,-1.7467028,3.0517018,-0.8444366,-3.336636,-1.8025349,-1.8241189,-0.23067662,-0.87628996,-0.65571094
HCC38,1.7455703,0.44081068,0.8270917,1.1233516,-0.7248006,-0.74195856,1.2393334,0.7689203,2.344059,-0.17163272,-1.3953146,-0.99199736,3.2534225,-0.32096523,-1.5018226,-1.6550441,-0.47196522,-0.11998276,1.374898,-0.53118956,0.46745634,-2.4141831,-0.94579124,-0.20567149,0.56441855,-0.66098255
LS1034,-0.059756458,0.517742,-0.9614606,-0.08200614,1.4907905,-1.7879128,-1.3676351,-2.071607,-1.5928962,0.34169626,0.30149978,-1.3824621,-1.1885923,0.5232961,1.5602012,1.5862122,-1.1857183,-0.37090462,0.11985029,-1.576651,-0.6799119,3.8716292,1.1701297,0.32458004,0.67473984,-0.18875283
SK-CO-1,1.5431945,1.2022308,-1.3529742,-0.2330474,1.234902,-1.8255408,1.5573132,-2.1258168,0.39696723,1.7672217,-0.36259687,-2.8481486,0.9754904,-1.1411039,-0.32125437,1.1253767,-2.6121774,-0.9775071,1.112424,-1.2830222,-0.47381476,1.52282,1.9839118,0.070962995,1.1215088,0.8818459
5637,2.7667468,-2.7470493,-0.46919513,-2.1415184,-1.0231574,-0.6880637,1.2902604,0.69185376,4.665365,3.9507883,-1.9383783,-0.8626207,1.4720956,-3.0491695,-1.2909899,-0.7701799,0.78328764,-0.93121314,-0.6470476,0.14398198,-1.5128566,-2.349985,2.0960839,0.6196945,-1.8170369,-1.7100539
HEC-1-B,3.865384,0.29735222,-0.65348274,1.6472795,0.14418922,-1.6303037,-1.9201784,-1.5992947,2.9554124,1.0725205,0.11358799,-3.0889165,-0.6808655,2.4064972,-1.4586222,-3.8759844,-2.5582485,-0.720557,2.4477823,-0.8331009,1.2556255,1.1802316,1.8779849,0.07222053,-2.0921926,-1.3722788
CL-14,-0.28035346,0.2875033,-0.90877986,-0.7080883,1.4661154,-1.0847192,2.236648,-2.349032,-0.4540235,0.6135235,-0.034834847,-1.033583,1.1168308,-0.045987844,1.0437517,1.152654,-2.2511175,-1.1103368,2.388077,-1.3288426,-1.5061469,1.4046388,-0.37252757,0.33792263,1.5637945,0.25574917
EM-2,-0.67899406,-0.559273,0.9370417,-1.3565973,0.86986184,1.3193545,-0.9429532,-0.120636344,-2.609098,-0.8068486,-0.64429814,3.2574396,-0.2440774,2.145455,-0.57931757,-1.1840777,3.1073263,0.565396,-3.710052,-0.91321576,0.06989538,-1.4395338,1.4127858,-1.0235075,0.725091,2.3031626
GaMG,-1.2336577,-1.0715072,1.2316122,0.59390926,-0.24285603,0.74792457,-0.8039664,1.8953761,-0.10521215,-0.99596125,-0.5279517,0.49633244,0.19014886,0.22403364,0.43966392,1.2096115,0.69010407,0.09690647,0.25309122,0.2919568,-0.70971787,-1.1134031,-1.6519556,-0.11005245,-1.9715942,-0.2219307
HCC1428,-0.017421708,0.6538568,0.5530698,0.25187224,0.021521559,0.15064049,0.15288532,-0.7150464,0.4831109,0.3758533,-1.5625696,-0.19784078,1.5156405,-0.9860685,-0.559834,-0.64383465,-0.09104399,-0.23820259,0.2891538,-0.9038228,-0.158084,-1.1028936,0.6378806,-1.0339348,3.3670483,1.9350595
LAMA-84,-0.7517506,-1.1655592,0.5563302,-1.0721437,1.0413768,0.44554582,1.5200865,-2.3852997,-3.3658748,-1.2598656,1.0294583,2.3857803,-0.96681064,2.5511506,-1.6277995,-0.31823358,1.7926223,0.86255157,-3.5433786,-0.88056177,0.59844595,-0.5311046,-0.1888899,0.12206807,0.483656,0.92572796
RERF-LC-Sq1,-0.24479079,1.5290651,0.85474557,0.74899185,-0.17748834,-0.97922236,-0.7961846,3.3225188,-0.2416715,-1.8776591,0.6270095,-0.55075425,0.34507716,1.0626037,2.2810478,-0.6336979,0.33350366,0.11850662,0.47312102,0.61309916,1.0750736,2.9619195,-2.3304884,-0.43528342,-2.0516853,-0.48885578
COLO 677,-1.6091589,1.2839062,0.5586389,1.3326081,-0.56440234,0.6588024,-0.4832935,0.3436918,0.21322411,-0.35365975,0.8708476,2.039717,-0.83684087,0.20477626,-0.77366066,0.18148217,0.7962204,0.14113936,-1.9905293,-1.0895735,-0.5345604,-0.14525124,0.4802636,0.38790733,0.10635349,-0.77518946
SNU-61,0.8934803,0.58177805,-0.79219115,-0.13448116,1.2876313,-1.6842157,1.3449572,-2.9747052,-0.61662817,0.8055266,-0.23717205,-1.6859889,0.6416509,-0.62274635,0.6502677,0.75927943,-3.059823,-0.44817895,0.49110508,-1.947452,-0.7459567,1.5794113,1.264626,0.20395535,1.1941558,0.79865235
COR-L105,0.5759934,-0.21540806,0.44064236,-1.0395948,-0.17773423,0.21592693,1.2281907,-0.08685955,1.28035,1.2483914,0.19748445,-0.23796779,1.8361588,-2.6699789,-1.05604,1.1861482,0.06291097,-0.39447936,2.7247803,-1.0108473,-1.4785845,-1.935218,-0.301734,0.28942615,-0.13499787,0.6769082
HT-1376,0.43876138,-0.33147663,-0.22214283,-1.4227496,-0.40454045,-0.053808972,2.262753,0.16937259,-0.24687251,1.2301991,-0.7868777,0.033640593,1.5325004,-1.1691866,1.956923,-0.5650379,0.24489415,-0.85707664,2.1723819,-0.83422965,-1.2839404,-2.3337526,-0.149813,0.7679796,2.4285667,-0.34752762
LS180,6.9323025,3.8736663,-1.4475822,2.5034657,-1.2917168,-2.6177433,-3.586205,-4.324843,-1.7890236,-0.041651264,-1.9906883,-3.7307107,1.5299202,3.587226,3.3333936,-2.0808737,-3.5055366,-0.6461535,-1.6151001,-2.8510168,1.0640444,3.3089373,4.538744,0.19033231,-2.6644711,0.21853489
YH-13,-0.3117385,-0.43862504,0.3780274,1.4647356,-0.97866565,-1.7464147,-0.7642388,1.1897532,0.08869188,-2.5607336,0.34927815,-0.52684915,1.2844095,1.4425426,0.40858048,-2.9147122,1.4745265,0.5187264,-1.5958817,0.56037104,1.9161096,1.6291994,-1.3825783,-0.14254062,-1.6329541,-0.023503132
OV-90,-1.8203477,-1.3537455,-0.60519135,-0.83611315,0.50213146,-0.5394451,-0.2855273,-0.5798677,1.3641713,-0.70648617,-0.0940243,1.3224448,1.0635816,2.0817952,-1.6016911,1.6660004,0.21750218,0.3048582,0.9360365,-0.4349263,-1.199083,0.7267726,-0.9942006,1.484503,-0.70993334,-2.5953043
NCI-H1876,-1.3775995,-0.18659502,-1.4379717,0.21189216,0.9011253,-0.058763772,-1.196728,0.567784,1.5207517,-0.67658985,-1.81974,0.4200042,-1.2433678,0.57254165,-0.9939947,0.58159816,-0.3042307,0.04714876,-1.1511717,1.1150117,1.3398875,-0.35984194,-0.97087324,-0.25303236,1.3219275,-0.6534024
OC 314,-0.8073116,-0.52927125,1.3734086,-0.21062902,0.76292646,0.8297088,-0.41958553,-0.73419756,0.8838008,0.47545978,-0.53422326,0.4875118,-0.1557042,-0.40915582,-0.23539798,-0.95532936,-0.8264272,-0.47764835,1.0885103,-0.053709418,-0.5018007,-0.20786662,-1.2253907,-0.94190407,0.17610951,-0.07526043
SUP-T1,-2.7494397,0.2220244,-0.6453463,-0.99222887,1.7599044,0.6924038,-0.394701,0.3895409,-1.6838411,0.5355559,-1.9748895,3.1341212,-0.56840146,2.3986704,1.135914,-0.13837771,1.2265327,0.097838625,-4.7928567,0.47718638,0.6318681,2.4666681,0.6952997,0.09182377,1.9245973,-0.8112545
QGP-1,0.62215495,1.6586607,-1.5413702,2.7222183,0.36347675,-1.3123684,-2.7467544,-1.0770955,0.355352,-1.1534944,-0.21885532,-1.8960367,-0.0674768,0.8296712,-1.5422508,0.9101283,-1.4732169,-0.80118406,-0.10317065,-0.47835204,0.44455594,2.1248858,0.5025573,-0.8844698,0.7648074,0.59721375
NCI-H1838,2.0784767,0.8179095,1.6436843,0.45740595,0.3363713,0.84327924,1.6932837,1.174863,0.41471273,0.35137427,-0.8028079,-0.9822695,1.87944,-2.983138,-0.44010893,2.6249516,-0.9350807,-0.3121264,2.5254047,0.4150795,-1.069478,-1.5322714,-1.3053714,-0.82030827,-0.16049734,1.9986295
SKM-1,1.3602962,-1.6871847,0.14509225,-1.5514413,-0.97493327,-1.5715612,-2.78308,-0.023255691,3.0163183,1.835384,-0.5570478,2.0905921,-3.1432903,2.0488045,0.68865323,-3.164154,5.370917,-0.12385434,-5.5887766,-0.38439506,0.5895039,2.2687027,6.2030516,-1.2399629,-1.590797,-0.0504362
Hs 706.T,-2.1086192,0.03360097,-1.187425,0.011804968,-0.88079995,-0.08140719,-0.23268324,0.9326084,-0.90069586,-0.6290863,0.98609775,0.15244049,0.4010889,-0.2746784,0.48178935,-0.65116835,1.2082092,0.04461676,-0.13028267,1.0982176,0.5869828,1.2333815,-0.07371596,-0.6309139,-0.9971288,1.0304434
HCC33,-2.0214462,-0.60216534,-1.5899282,-0.10068257,0.1938473,0.6220755,-2.9008956,2.4312816,-1.2662231,0.096979804,-2.2554717,1.654876,-3.2297614,0.9819921,0.2013287,1.7619786,1.5150471,-0.79162294,-0.9520898,1.0941705,0.621153,1.8952162,-0.70998913,0.03681641,1.4590913,-0.40088472
BICR 16,-0.04661864,-0.18089938,-0.26691422,-1.1446308,-1.1003319,0.26201418,2.1100154,0.6828222,0.963619,1.6783202,0.34760055,-0.8727635,3.293574,-3.1009946,-0.8820756,-0.009161063,-0.8878821,-0.83071274,1.6421609,-0.5894124,-1.5456861,-2.4942143,0.020775653,0.84405476,-0.15871994,-0.40611005
COV318,-0.16811365,1.4977032,-0.7221965,0.19871414,-0.27307743,1.3843799,-0.42181104,-0.49441862,0.08907184,0.46294215,1.7832533,0.17943126,-0.5949254,-1.2327816,-0.8921195,-0.27773914,-1.0885677,0.5585586,1.1572793,2.2964199,0.30527213,0.41435552,0.05120387,-0.8504423,1.0170105,-0.6799502
EFO-27,2.4088962,-1.3299111,2.658471,-2.2736442,-3.968564,2.4263332,-0.72135997,-0.24239369,1.6415342,0.6148527,-1.7208184,1.9584903,2.213069,-1.6236699,1.9496682,0.42470875,-0.23661034,0.29305816,0.44256935,1.6906886,-1.5286869,-3.2374592,-1.4771192,1.789753,-1.8486159,-2.4380858
TE-4,3.9046166,0.6200743,2.8365266,-1.587852,-3.2175078,0.03051786,1.0699767,0.34450495,2.9294612,1.7716826,-0.7768273,-0.6341417,2.3687224,-5.1457677,-0.95815796,1.4914813,0.5382575,0.49988157,-0.19155394,1.4748901,-0.013353504,-1.4621083,0.0604084,0.93675756,1.2426517,-1.0198026
A-204,-0.2607145,-0.12526204,1.6184577,1.0132899,-0.9398078,1.2643492,-0.69944036,0.84422255,-2.6339505,-1.2982887,0.8856158,-0.6232193,0.066314265,0.6584787,0.8446049,-0.65241617,0.06419906,-0.194018,1.0504093,0.898274,0.39411974,0.540636,-0.7592012,0.16915402,0.74435425,1.9786115
C32 [Human melanoma],-1.7740905,-1.669946,0.14365779,1.3289617,0.25084126,-1.6319036,-1.4757695,1.1160643,0.5988536,-0.938789,0.8240099,-1.2743374,-1.2615625,1.9455242,-0.10638731,-1.07259,0.68585575,0.30530018,-0.04310728,-1.1707082,-0.08636719,0.114458725,1.167475,0.0057637207,0.25675318,-0.99121296
LN-319,-1.5168928,-1.0206567,1.3658514,0.89136094,0.80104524,0.4693151,0.06499972,-0.6354681,0.37408918,-0.74153155,-0.36665076,0.12209208,0.0077559687,1.5599303,-1.499408,-1.8742534,-2.556833,0.86459607,-0.23927431,1.8697425,0.9942363,0.0012461422,-0.84034204,-0.3214271,0.44062582,-1.1035056
HCC95,0.49341714,0.25339562,-0.65622073,0.38594598,0.055532992,0.07354771,1.6397465,0.84786624,-0.06999351,1.4967824,0.08884216,-1.3740988,1.7815453,-2.5630705,-2.3999205,1.3681474,-1.7177341,-0.19019848,1.5631653,-0.37431648,-0.520761,-2.0529227,0.5553847,1.3186237,0.30933356,-0.38362
TGBC11TKB,0.7393746,2.1082609,-1.3576778,-0.16667813,0.6408305,1.1149632,0.61159146,-2.8103585,-0.80331737,1.6190851,-0.1264222,-1.7334324,-0.63673145,-1.6991843,-0.28029373,1.1669397,-3.6282518,-0.0058273524,-0.2159168,-0.63979423,-0.561743,-0.1448865,2.3047566,-0.70106304,0.30292284,1.0407761
CAL-29,1.954423,0.26503345,-0.26524723,-0.69983697,-0.6520696,-1.4486127,2.4613395,2.3579743,1.898724,1.3643601,-1.4162663,-0.86836255,3.4265819,-1.6876477,1.570025,0.4468468,0.7443169,-1.0953597,2.7981682,-0.6793083,-1.1292652,-1.5942975,-1.0704402,1.4318023,0.3797676,-1.1421226
CW-2,8.552908,5.9516,1.5875382,1.5511516,-4.120118,0.5344124,-3.4568787,-4.1596055,-3.150738,-1.8281293,-2.2121496,-1.0885106,1.0416462,2.4169521,5.509472,0.4564602,-4.9029036,-0.3434795,-3.225722,-0.3199278,1.6052922,1.4293249,1.8746202,0.014016627,-2.0367281,0.20464738
AM-38,-0.9610287,-1.8578395,-0.33748007,0.117340356,1.6326909,-1.535808,-0.6990255,1.8489395,0.25053725,-0.097918764,-0.629408,-0.39381886,-1.1946266,1.0916202,0.24841082,-0.39146638,1.2940066,-0.423652,-0.68856615,-0.30425286,0.5703034,1.0116076,0.4068717,0.5036522,-2.2924533,0.21914005
AN3-CA,-0.9578816,-1.5633831,2.466092,-1.4262884,-2.7418091,3.590656,-2.741113,-0.880177,-0.35904294,-0.05284304,-0.46897468,2.4190488,-0.5259867,0.72477883,1.5031694,-0.9550185,-0.03061014,0.84512794,-0.38873717,2.9826508,0.13902397,-0.5851395,-1.0016199,0.4131036,1.4902375,-1.1375606
MDA-MB-435,-1.0521188,-1.6155808,0.5251591,0.9300283,0.54424906,-0.8840645,-0.76838595,0.7737233,0.64765394,-0.4742052,-0.05458583,-0.26733118,0.06380176,0.92987335,-0.89856523,-0.8566432,0.37030917,0.6626699,-0.38497105,-0.99466616,0.044374816,-1.3791503,0.841417,0.3856704,-1.1856718,-0.710974
NCI-H2170,1.1468543,-0.046593625,0.4789908,-0.52440256,-0.08308683,0.737319,1.6534165,-0.52053905,1.7019169,2.0471578,-1.0804888,-0.5016317,1.8894217,-2.4074173,-2.969977,1.62001,-1.0610799,-0.8583282,2.1863415,-0.9611942,-1.355287,-2.881877,0.08075246,0.8121091,1.9285533,0.37504977
OVSAHO,-1.1962817,0.13028638,0.32674313,1.2028679,0.15886611,0.7679328,0.71501017,-1.7212868,0.78396785,-0.5924077,0.80217695,0.07140108,0.70310605,0.40960485,-1.9813157,-2.2586753,-1.7286556,0.34917817,0.20748888,0.24689361,0.21517493,-0.8184854,-1.0375087,-0.38862276,1.8514323,-1.0863245
NCI-H1693,1.2121196,-0.018319622,-0.16521206,-0.47797877,0.32743838,1.0663488,1.0416723,0.8243066,1.2096744,0.30429164,-1.9022926,0.44183105,2.7783966,-1.4889015,-0.86293477,0.72589207,0.17517892,-0.0065634563,1.8988209,-0.045766212,-0.77814573,-3.6814306,-1.4038414,1.0742092,0.2795544,0.5742909
NCI-H1299,-0.0016552992,-1.6469226,1.4424223,0.3695998,1.6614822,0.8235336,0.54456365,0.20495024,-0.46278092,0.38672534,-0.1770261,-1.0140924,-1.0173099,-0.27535683,-0.91061395,-0.71297634,-1.4384292,0.07696478,1.1402931,0.9266425,0.5398041,-0.48310828,-0.63887775,0.07999958,-0.605862,1.6118934
LC-1/sq-SF,-1.5941346,-1.1483207,-0.8384455,-0.67189485,-0.9252223,1.1952909,0.15987852,0.7134177,0.7636572,1.8841534,0.19584653,-0.05616416,1.196467,-2.881556,-2.6455927,1.9589069,0.028942168,-0.099893026,0.8531069,0.04834198,-1.4694928,-2.509413,1.4676882,1.8608639,0.30900034,-1.4721085
HCC1569,-0.655249,0.024225872,1.4415737,0.39151365,-1.525929,0.46699923,-0.7364452,-0.43726248,0.4214036,-0.23531765,0.49311587,0.0049476842,0.6917429,-0.17046377,-0.5483869,-2.0166209,-0.40293598,0.4050507,-0.2988561,0.18338746,0.5428378,-0.98583037,-0.8124767,0.16269019,2.5272577,-1.0258329
MOLT-4,-2.2327654,0.5647026,0.21793725,-0.9362888,1.0287429,0.25574437,-0.9571753,0.42080906,-2.3073416,-0.078858495,-2.115945,3.471592,-0.97415715,2.8262184,1.6031536,-0.6816865,2.1444674,-0.375911,-6.3633685,1.0919943,1.7534143,2.5516841,0.21141744,0.0896475,2.7380383,-1.3195498
CAL-54,2.264126,-0.32608008,0.0102863535,-0.4481023,-0.54229045,0.7211088,3.0596414,-0.18716735,1.7689017,0.42221633,0.3323034,-1.2116592,1.896262,-0.9464592,-2.7967741,1.2476918,-1.2858446,-0.12609096,5.387657,0.29459476,-0.843012,-3.7150288,-2.4276018,-0.662841,-1.9405354,0.052784458
Caki-1,0.94880736,1.2220317,0.41122112,1.142101,-0.48334676,0.30548304,1.6769274,-0.23834142,-0.7691705,-1.5843873,2.0558078,-0.9115088,0.5024886,-1.4647992,-0.8004697,-0.44373083,-1.0407681,-0.018429728,2.306194,0.7630274,0.5985629,-1.2251172,-2.3313916,-0.55826116,-1.2599456,0.6104859
KE-97,-1.0054078,1.8311436,-0.006641254,1.2336477,1.6214752,0.3384916,0.68314445,0.058938522,-0.36316016,-0.1975413,1.3128204,2.924174,-2.0653782,1.2321073,-0.5864643,0.48791158,0.28684807,0.8540706,-1.4950619,-1.4060891,0.17727625,-0.19650295,0.7880047,-0.118357286,-0.77356285,-0.1459833
PE/CA-PJ15,1.4456894,-0.6529245,-0.57880396,-1.3762529,-0.31104502,0.1341318,3.234336,0.9101806,1.2297504,2.0186715,-0.16274321,-1.0304847,3.237345,-3.7818623,-0.69103324,1.8109058,-0.10120787,-0.35104895,3.0678582,-0.75535667,-2.244543,-3.911623,0.30496162,0.884974,0.7210742,-0.11403744
SNU-626,-1.3186641,0.07229224,0.598647,1.4058506,-0.67933965,-0.19793206,-1.4010986,0.88594836,0.8354595,-1.9106374,0.7248385,0.57194173,-0.33208284,0.35573083,0.5641398,-1.3429298,0.6565848,0.7983974,0.014191207,2.5938284,1.256128,1.1746032,-1.3029598,-0.45093012,0.9056804,-1.4637153
KYSE-270,-0.10663077,-0.983035,0.84139955,-1.2330294,-0.32275373,2.2093158,3.1198542,-0.79752135,0.42469862,0.86343116,0.11762326,0.42292106,3.5694387,-2.2567062,-2.3818586,0.98164296,-2.0925066,0.8639403,0.5605713,0.46053165,-1.7008018,-3.9040205,-1.179452,1.3518928,0.327989,-0.5882585
Raji,-2.031592,1.120026,1.1767839,0.47402143,1.3806173,0.8228979,-2.0057282,0.63352203,-0.5697545,0.3450294,-0.29417253,3.7834907,-3.2431865,1.3019356,0.92510235,0.91579413,1.7928818,0.3719375,-1.5101684,-0.87292606,0.060288157,0.7063676,0.40191445,0.93802327,0.1593762,-0.6173861
Hs 675.T,-1.2692193,-0.09251797,-1.8190333,0.7505736,0.6622576,-0.9287165,-0.08912939,-0.7778531,-1.4406407,-2.54907,1.706662,-1.2082993,1.4985195,1.0540193,0.1633641,-1.5338182,-0.40444273,0.48950619,1.2030665,-0.004625406,0.40450087,0.8015577,-0.56195617,-0.8387657,-2.211396,1.6250103
NALM-6,-2.2522075,1.1287934,-0.8292934,1.4438461,3.0643566,0.33298826,0.06997833,-0.6039695,-2.6796346,-2.051355,-1.2906089,3.0542817,-1.0463209,5.038142,3.3238485,-2.6311479,-0.29764092,0.7089753,-3.740783,-1.88315,1.1079799,-0.09452778,-0.903867,1.0524353,0.6298879,0.084162675
SW780,3.5986938,0.42877024,0.95650256,-2.3923512,-2.6722553,-0.2288773,2.1712704,1.0042417,2.0906603,2.7096825,-0.803601,-0.76430696,2.250269,-3.7797318,1.3557914,1.13396,1.1172539,-0.59042346,1.435017,0.5667659,-1.0113322,-1.496839,-0.042867944,1.4294566,2.53197,-0.8029336
MES-SA,-1.1703138,-1.0210268,0.20086966,-0.2667073,-0.80538744,0.75463283,-1.5030658,-0.31783536,-1.4392397,-0.010272076,0.5714602,0.7663016,-0.03626638,0.7567062,-0.12703365,-0.9400958,0.60605216,-0.43053943,0.7310091,0.2155446,0.3346808,0.2914466,-0.34846678,1.8234991,1.1455283,-0.03771404
MHH-CALL-3,-2.5272465,0.7810211,-0.37748647,0.40061712,2.9433126,-0.46199813,-0.60791993,-1.9532137,-0.8785958,-1.6132044,0.0019816533,3.5220878,-3.2519197,1.2291902,3.1815476,-3.0991843,1.0785537,1.0183283,-4.8483524,-0.44681004,1.946501,0.93816733,0.56057453,0.2179594,3.191534,0.041312348
COV434,-0.36689082,-0.08108403,-0.8402635,0.38884175,0.5022048,0.81956375,-0.071483195,-0.29364848,-1.24189,0.5506309,0.8956289,-0.22707969,-0.77606785,0.26435986,-1.8888016,-1.3315779,-0.8154676,-0.22549191,2.2572424,0.93676317,1.6877258,-0.9322667,-0.05682833,1.0112511,0.91532576,-0.14127268
Daoy,-2.1940236,-1.2418141,-1.3259709,-0.9154282,0.26375234,0.86493057,-2.6255846e-05,0.9769573,1.1764326,1.0619916,-0.3403175,0.9254735,0.11016375,-1.4992411,-1.7183664,0.51506674,0.6265446,0.52155155,-1.2022737,1.6012404,-0.49901834,-0.98604983,0.9334933,0.11299285,-1.2643148,-0.3031779
HT-144,-1.5436872,-1.8581905,0.5526248,1.474082,0.5714942,-1.8052166,-0.9658589,0.75208294,0.7650962,-0.92389196,0.7267398,-1.17758,-0.6270273,2.0002558,0.20852965,-1.9681454,0.26076257,0.5050074,-0.30905217,-0.6428941,0.17625563,0.18183355,0.8259832,0.1605643,0.034207862,-0.71577895
LCLC-103H,0.028642254,0.5815003,1.0196028,-0.13173734,-0.04573576,0.3379757,1.0199113,0.6772059,-0.7220017,-1.014836,0.18074265,-0.010615472,0.20404312,-0.4994941,0.99469566,0.33477443,0.14142196,0.043192267,0.6273128,0.9946782,0.19203186,-0.07277434,-1.6761032,-1.8442343,-1.0643858,1.4938164
SH-SY5Y,-1.43141,-2.0952358,-1.6086122,-0.22087735,-0.042152897,0.8223026,-3.243648,2.6506927,-2.148654,-2.4938269,-1.6230514,0.2172445,-1.8509885,2.5380938,0.67913616,1.6961062,2.3276465,0.13035987,0.32380027,1.8671278,0.1813333,1.5364258,-2.239993,-0.08892286,0.26624542,1.4777817
Hs 683,-1.687872,-0.49872,-0.12714651,0.605292,-0.11050555,-0.18872121,-0.18534431,0.38494018,0.13667569,-1.5368372,0.4193426,0.27718136,1.2654289,-0.32278836,-0.794122,-0.3171533,0.6457326,0.7641766,-1.2304424,1.2812514,0.10982351,-0.11520639,-0.35883775,-1.1100036,-1.2127048,0.4214043
NCI-H1373,0.6341203,-1.0013609,0.2298719,-0.71825117,0.8313285,-0.35798702,-0.4400866,1.9222614,0.2298423,0.5534516,-0.6659183,-1.0441108,-0.37547418,-0.581298,0.798025,1.2979989,1.0989844,-0.54206574,0.54971516,-1.4389797,-1.5542673,1.9399855,-0.2916807,-0.9322934,-1.8531251,-0.13521537
TE-6,0.3486058,0.45897132,-0.32073864,0.14123373,0.40795824,0.5912671,1.8230333,0.09743184,0.6112312,1.5820868,-0.344534,-0.7113132,2.6128047,-2.307107,-3.3432112,0.63045067,-1.6782799,-0.047302425,0.4655932,-0.45428777,-0.23913452,-2.966477,0.87248045,1.6543692,0.7918439,-0.4572592
SCaBER,1.0177687,-0.4194653,-0.5487791,-1.367774,-0.42768997,0.388903,3.2695851,1.4647709,1.112942,2.4216826,0.46491107,-1.2785037,3.3883972,-4.420983,-1.9956508,1.5950086,-0.6871461,0.062007964,2.6221924,-0.5676115,-2.0373225,-3.3415558,0.4217276,1.3516161,-1.0698943,-0.14257835
SNU-423,-1.3291451,-0.117788546,0.1661557,-0.12969716,0.7143728,0.17839487,0.5774547,0.729546,0.7942774,-0.1930189,0.083309524,0.63083315,0.015647162,-0.60597694,-0.4187736,-0.16724294,-0.04965563,0.069192715,0.27096203,1.4989911,0.20290282,-0.057050105,-0.5361562,-1.3675499,-1.7851013,0.84182423
UM-UC-3,2.8185506,-0.34831515,2.5987868,0.35048646,-1.9467694,-1.0850952,-2.3181853,2.2790585,0.6792897,0.89662063,0.41377604,-0.874984,-3.9581392,-1.3306829,2.079631,-1.0574247,1.8251058,-0.8605274,-1.3640645,2.5530887,2.4152744,2.8782897,1.273421,-0.058375854,-1.294378,-0.41470125
Malme-3M,-1.7074252,-1.9021882,0.3828655,1.2422963,0.08406344,-1.0460753,-1.0225236,0.631829,0.86309546,-0.017995209,1.0255364,-1.4822412,-1.0867049,2.597986,-0.6059465,-1.1354918,0.46048972,0.3850322,0.39304543,-1.4812243,-0.4953918,0.19112125,1.1672194,-0.6558602,1.0564818,-0.9057641
HPB-ALL,-1.3192494,3.2086737,-2.0462432,0.19229363,1.9362204,2.5438824,-0.4887473,-1.7728086,-4.1709185,-0.7360182,-1.340303,1.9221147,-0.7002635,3.6697786,3.6251357,0.15560894,-2.3550985,1.234272,-5.3909864,1.0658954,0.11497613,3.082738,3.0068405,-2.0391161,0.2814453,0.8098159
Ku812,-0.6922152,-0.7663125,0.54868436,-1.334908,0.9329719,0.72446984,1.4143198,-1.3100598,-3.0461006,-0.6250418,0.17414764,2.1904178,-0.2239894,2.432232,-1.5241985,-0.26378775,1.0895627,0.6546803,-3.1992846,-0.7314841,0.68322766,-0.7816986,1.0705703,0.8486752,1.409138,1.1419936
RCM-1 [Human rectum adenocarcinoma],-0.32585853,0.23953,-1.0090665,0.23964895,1.3266788,-1.6698295,-1.0775414,-1.5871226,-1.4295326,0.9437133,0.2904589,-1.5751021,-2.2732897,1.3173864,3.0231469,1.6140615,-0.79068065,-1.2349511,0.045779824,-1.5657332,-1.4758521,4.788383,0.94675475,-1.2520015,0.6870104,-0.39103442
DB,-1.1298579,1.9808273,1.8520279,1.0446332,0.7447367,1.1095974,-2.0299332,1.3849198,-1.0468585,-1.050692,-0.24338435,2.394339,-3.218959,3.6680455,2.9048262,1.2096236,1.0844164,0.032240964,-1.4418166,0.056508146,0.7336593,1.9006944,-1.0203067,1.1087123,1.6972965,0.5944038
SU.86.86,1.2016071,-0.1251373,-1.1089594,-0.79299533,0.07305749,-1.4379419,1.4385266,0.77302223,1.806941,1.417272,1.1526843,-1.6587273,-0.82631207,-2.0273328,-0.093360364,1.8727523,1.3119485,-0.65431285,1.6010377,-0.63257533,-1.5251043,1.7172629,0.89476526,-1.7811947,-0.06088642,-0.971197
T-47D,1.6521963,0.39521313,1.1867222,0.78762186,-1.0929577,-0.7228623,-1.1222225,-0.37831354,1.5298678,-0.12269878,-2.0473776,-0.3178479,3.3234663,0.028611988,-0.19663393,-1.5724508,0.60976416,-0.24896461,0.93206465,-1.4900315,0.10782054,-1.7462269,-0.37936935,0.70245177,3.1189895,0.4748839
SUP-B15,-1.9887985,1.3517872,-1.2754967,1.2107043,3.7035694,-0.37321952,1.53383,-1.6763635,-2.9237154,-2.2752295,0.04080783,2.072137,-1.888102,3.9787948,2.7710376,-2.859135,0.066288665,0.83457804,-4.0534043,-1.4341456,1.2477452,1.2656378,0.41522408,-0.12042916,1.5443336,0.73287475
TUHR4TKB,0.45855165,0.4559186,0.20185088,0.57181394,-0.48986393,0.2246688,1.8888228,-0.39690644,1.4219838,0.52136415,1.3879217,-0.78716624,0.95385057,-1.9916244,-2.4559448,-0.7878724,-1.2394603,-0.46548036,3.3115482,0.7930062,0.08960663,-2.1054466,-0.7699419,-1.2398485,-1.8753607,0.56554645
SNU-685,-0.3958213,-0.6422373,-1.695919,0.6364523,1.2576746,0.05791813,1.874147,-1.1286094,-0.68818736,-1.5497826,0.58123493,-1.2347405,2.107759,1.2267632,-2.275562,-2.018118,-1.9135073,0.88890874,0.24016666,1.0979439,0.5292696,-0.3139108,-0.07226704,-0.4607627,-1.720221,1.9154787
ECC10,-1.5120559,0.19161406,-1.3468128,1.3243048,2.31303,0.17642048,-0.89561206,-1.4488982,-0.87379396,-0.8326216,-1.0824882,-0.7524158,-0.32658496,1.8056787,-1.1085109,-0.47145367,-2.48225,-0.07272441,-0.47380936,-0.31826484,0.8346837,0.84146225,-0.56500703,0.029245943,1.0144169,0.37267286
Hs 739.T,-1.8538936,-0.14462644,-1.8756391,-0.19056027,-0.83123964,-0.566159,-0.45847738,0.46238768,-0.95733654,-1.2904887,1.316547,-0.13736495,0.99853486,-0.6132298,0.28176197,-0.98747253,1.1758541,0.3422304,-0.3780174,1.1064765,0.89646864,0.71288717,-0.5562073,-0.25390875,-1.3753281,0.9404894
Peer,-2.0297134,-0.009259971,-0.5017958,-1.100757,1.8716902,0.7373291,1.1511637,-0.35354128,-2.6263962,-0.5583713,-1.6980222,3.6494696,0.49892575,2.796354,0.2135065,-0.58434546,1.5034794,0.97661483,-5.1176753,0.018262595,0.52297455,1.4109106,0.94737923,0.39779127,1.8228058,-0.113976836
HK-2 [Human kidney],0.36385003,-0.5977002,0.8309179,-0.41728505,-0.7900537,0.72698617,2.422093,-1.4394287,0.83891106,0.13938572,0.5667922,-0.023600284,0.21527688,0.08488949,-2.3940833,-1.2174015,-1.1147071,-0.2652495,1.5338694,0.49750292,-0.041873265,-1.9166849,-1.047754,-1.5949882,-0.6135626,-0.43909156
HCC1806,1.3941405,0.14364967,-1.1223459,-0.6177151,0.14985296,-0.2083699,3.4328763,0.010519978,0.8853932,1.9122922,0.4055438,-1.6270529,2.4640963,-3.8634524,-0.94390345,0.19385198,-1.3263339,-0.48854387,2.1668808,-1.3504164,-1.2376453,-3.200547,0.7039479,1.0626031,1.4995092,0.016764773
LN-464,-1.5031372,-1.2126899,1.4901426,0.31985438,-0.57080454,0.7123273,-0.2231129,0.59305906,-0.47268993,-0.47712266,0.8341606,-0.5210005,-1.3435738,1.5986336,-1.2147576,-0.26923886,-0.2305842,0.51410246,-0.42564836,-0.13690093,-0.10506028,-1.3131056,0.2215919,-0.9085679,0.22406934,-0.39289412
NCI-H2081,1.2698066,0.7332535,0.8817937,0.11474712,-2.5632248,-0.8078213,-4.184199,2.679636,2.340734,-0.7976488,-0.43104458,0.32336214,-5.329693,-0.5162946,0.3953839,1.5707281,2.8194206,0.015212705,-2.0514004,3.0857403,2.7309797,3.5207818,-1.1980338,-0.33162814,0.80986226,-1.9575676
NUGC-3,2.6100612,-3.0456116,0.09171177,-2.1839237,-0.9871355,-0.75159717,-0.058871925,0.18828304,3.5584776,3.6301186,-2.149933,-0.08398068,-0.401735,-2.0882008,1.0268803,-0.44003457,1.5757545,-1.5588808,-0.33076727,-0.501242,-1.647678,-0.9819819,1.5360918,0.9054547,-0.5680908,-2.2729785
TO 175.T,-2.1257012,0.031075507,-2.3505116,-0.70104885,-0.060343917,-0.7429816,-0.18292102,-0.29964432,-0.7738271,-0.92483926,2.0592828,-0.41498315,0.6648328,-1.317244,-0.36765426,-1.2160627,0.61745006,0.7974402,0.2545203,0.88796484,1.1062261,0.94187856,-0.61396134,-0.1332282,-1.166384,1.2525486
NCI-H69,0.20368677,-0.15860593,-0.28205726,1.0320692,-0.40439934,-0.97417444,-1.8573335,2.4510221,0.7479658,-1.6581832,-2.129742,0.7991775,-1.1269002,2.176393,-0.7310473,1.5653924,1.9406526,-0.5461222,-0.55380017,0.41881347,1.1062672,1.4118018,-2.4056249,0.4694585,0.40360594,-0.9188392
VCaP,0.5932558,1.2605786,0.83918995,-0.21582977,-0.8306295,1.3550932,-1.1928499,-1.8969723,-0.12259613,0.5308573,-0.16965596,0.08738826,-0.4174552,-1.2789503,-2.057234,1.2300794,-0.7691863,0.3326235,0.4588454,0.8596468,0.9292056,-1.0319619,0.622766,-0.6097755,2.3201027,1.2375193
Hs 822.T,-2.0001872,-0.14242765,-2.440572,-0.47643036,-0.8783072,-0.7953644,-0.51947063,0.32035625,-0.9002781,-1.130022,1.914352,-0.42202628,0.7573765,-1.2157141,0.39272207,-1.0378255,1.463488,0.32036057,1.10147,0.80776453,0.89184916,0.82263935,-0.54705995,-0.4036001,-1.3858539,1.1065595
JMSU-1,-0.03815037,-0.4004229,-0.30253732,0.74964184,2.5844712,0.22289497,1.7701623,-1.703965,-0.42948285,-0.71779203,-0.016675852,-1.2412871,0.5921854,0.49914104,-1.1060394,-3.0657575,-2.9815245,0.43779567,0.66411304,0.3274712,1.136805,-1.8261231,-0.18829277,-0.76146954,-1.818078,2.1071708
NCI-H929,-1.3349679,1.5929062,0.71456045,1.5995694,-0.4548959,0.80748373,-0.7139012,0.5259912,-1.4476161,-0.5062463,0.72480094,1.5712758,0.9211998,1.6355869,-1.6069579,-0.36925042,0.616663,0.45300615,-2.8944073,-1.0396895,-0.47409815,0.31912827,1.4972999,-0.16258247,0.43950516,0.1357279
RERF-LC-Ad2,1.8460681,0.24111043,-1.3252134,-1.6995018,-0.49477002,1.0887359,3.2664258,-0.07336172,-0.03569296,3.1721883,-0.10280772,-0.6537817,1.0444782,-4.4493375,1.1431351,1.7807117,-0.61280084,-0.9658363,2.241299,0.782452,-2.0829782,-1.671605,2.2137249,-1.4929005,0.5963474,1.581639
JHUEM-1,3.4424627,2.2848768,2.640861,0.5155875,-2.344168,0.7336886,0.95971483,0.79148465,-0.53864825,-1.5050108,-1.2232337,-0.4096935,1.9563081,0.78499717,0.38494027,-0.49677494,-1.2939562,0.31241497,2.413906,-1.4021883,0.74754506,-3.0074444,-4.283776,0.8283617,1.1892846,-1.1253035
SK-ES-1,-2.753727,-0.7338573,-2.537069,1.1041678,2.5248904,-0.06008719,-1.2899531,0.17344391,-2.9860697,-1.092199,-0.906137,-0.64915824,-2.0725958,2.3558855,1.7992741,-2.1745415,-0.99887216,0.04934016,-2.5534978,-0.46070656,1.2821149,1.8361998,0.15180203,0.13405441,1.5719547,-0.6056587
HCC364,-1.0219151,-1.5539005,1.6285542,-1.0091326,0.88662183,0.49433193,-0.13844714,0.6435641,1.0411351,0.08963761,-0.326278,0.081040256,-0.58724046,-0.19221732,0.4685658,0.81212735,0.42771417,-0.31989342,1.3551532,0.074910045,-1.3111613,0.5230162,-1.2393943,-1.3567903,-1.3787221,0.76988155
JM-1,-1.9895029,1.4258896,0.1596524,0.8391858,2.5188391,0.11254744,-0.7155631,-0.82738113,-1.4705095,-1.0507985,-0.12760457,2.5901673,-2.6974063,2.6471808,1.071176,-1.2971007,0.17991817,0.77627724,-3.0476692,-0.7810316,1.5462759,0.4275937,0.7243462,0.9936375,2.9232588,-0.18110779
HCC202,2.2306693,1.7183305,1.7606158,0.97738063,-1.3498927,0.34113145,1.049247,-0.33412632,0.4972571,-0.39465308,-1.5226605,-1.2744215,3.935441,-0.8532542,-1.1197177,-1.0288388,-0.811936,0.30944663,1.1894809,-1.3128434,0.18243192,-2.2529426,-1.3623614,-0.34327725,3.1237404,1.3188095
SNU-8,1.4157401,0.46809047,-1.4288517,0.3524821,0.7953939,-0.8311892,1.6428065,0.27856255,3.2458978,1.58219,0.6109404,-1.7446539,-0.08914284,-1.8966355,-1.0482495,-0.8415571,-0.7473768,-0.40716463,1.8301058,0.7694364,-0.22498345,0.14731614,0.33687294,-1.7847439,0.07815987,-0.45960212
A-172,-1.8489016,-1.0435268,0.5406181,0.6294981,0.38479483,-0.06160561,-0.7503759,0.09827966,-0.24693532,-1.023016,0.8543782,-0.26354742,-0.30272225,0.7050566,0.9897103,-1.7784872,-0.38062364,-0.1587517,0.27675664,1.4680622,0.5066598,1.744442,-1.1772192,-0.8064564,-0.56146693,0.7460231
HCC827,4.551051,-0.5911037,-0.20115007,-1.6942437,-0.5430613,1.4104551,6.4002247,1.1486324,2.7275596,2.9061174,-0.9100877,-2.039346,4.93193,-6.2724752,-5.034532,2.0197144,-0.37854242,-0.9084458,6.2065606,-0.2912576,-2.0548553,-7.3721333,0.26379147,1.1363611,-1.4510185,2.8032296
OVK18,0.22956681,-0.90272796,0.63575286,-0.8823633,-0.71019095,2.1566217,-1.8095506,-2.669182,0.095768355,1.9220799,0.07091026,-0.052807838,-0.7541516,-1.2479144,-1.4478716,-2.0622633,-1.4117237,0.52909976,-0.009740615,1.9508916,0.9932303,-1.0996488,2.2081192,-0.16907078,1.318616,0.070922546
RERF-GC-1B,0.6033386,0.46770433,1.0648288,-1.797653,-2.4065135,1.6040086,0.32197443,0.5484334,0.88118476,0.30947244,-0.9575302,1.9432027,1.6348665,-1.5827606,0.68066436,1.1275901,0.33582038,0.75076014,0.4790307,0.9539205,-0.23704565,-2.544349,-2.0336306,2.114954,1.5782825,-1.9181415
HCC1359,1.1466899,-2.4759455,-0.17644203,-0.6291507,-1.023857,-0.6190843,-2.3974183,1.6154984,0.98027784,0.50491977,-0.76896936,0.3628153,-2.642775,-0.26592565,1.2627579,-0.027378444,2.510837,0.064816445,-1.2188649,1.2013935,0.88754296,-0.025521703,1.7548096,0.95325756,-3.0987124,-1.4764984
DAN-G,1.4051437,-0.7137551,0.42622834,0.21672194,1.6471162,-1.6294742,0.6850781,0.22026435,-0.21937656,0.8913122,0.15061909,-2.4516132,-0.65420437,-1.7635437,1.082089,-0.3329012,-0.71331894,-0.55502814,-1.3940752,-0.78663415,-0.446507,2.3371072,0.57162565,-0.15756509,0.5625671,-0.11588505
SNU-1066,1.571737,0.6556115,-2.7613304,-0.11813981,0.3485407,-0.77642775,3.6680627,0.5319779,0.28154603,1.2838252,0.37866974,-2.1942499,3.588537,-2.0515542,-0.28325105,1.6270766,-0.6355335,-0.9064875,4.6629653,-1.6236973,-2.0014355,-2.8622673,0.6459602,0.3503824,0.30193165,0.2481947
Hs 870.T,-1.9876846,-0.43929482,-1.7466713,-0.41412663,-0.29850543,-0.5630488,-0.6370674,0.48154625,-0.63594615,-0.8919869,1.0389166,0.0870075,0.39248228,-1.3015646,-0.30278978,-0.44938543,1.3574187,0.5474925,-0.83234197,0.8068784,0.9719449,-0.06043692,-0.46766958,0.62491673,-1.4756378,0.66187763
NCI-H82,-0.47804993,0.5898746,0.31257296,0.256201,-0.06528751,2.4287615,-0.9429356,1.9665428,-2.6505723,-0.46086568,-0.028281007,0.9324336,-3.1782959,1.2742039,1.1403623,2.3906674,-0.16782862,-0.035876825,-0.5446775,3.0376549,0.9472262,1.3437784,-1.12693,-0.18453379,1.3210608,1.2707963
G-402,-0.8604863,0.1541762,1.0952897,0.41897982,-1.0187207,1.150338,-1.4665501,1.5963676,-2.8648124,-0.66383773,1.3171492,-0.21973413,-1.3314259,1.2247856,1.813353,0.09460506,0.05704642,-0.7784868,1.925441,1.319098,0.35102075,2.8741822,-0.9838363,0.66163373,0.7454578,0.64019996
FTC-133,1.2683251,2.6231716,2.7784142,0.38555893,-2.7342458,2.1553905,-0.09276196,-0.45528287,-1.0146753,-1.4116176,1.6416352,-0.32571712,0.5301852,-3.0780196,-0.41396233,-0.099921554,-1.3878682,1.3511913,-1.2776943,2.8300316,1.3846664,-0.6802604,-0.86185026,-2.2063098,-1.6673316,1.2498387
NCI-H2291,1.7136931,-0.14569333,0.3933703,-0.39074275,0.77720857,-0.8643806,1.059581,1.1607866,1.6628319,1.8743634,-0.45024246,-1.889383,0.07176097,-2.5777562,0.39819616,1.5848722,0.17755991,-0.9051064,1.4365984,-0.5293383,-1.1535239,0.4202974,0.6704274,-1.7311748,-0.040738218,0.9156717
NCI-H810,-1.723827,-0.18011546,-0.65513283,-0.2836665,-0.9963663,0.200774,-2.5574515,1.4907174,0.829161,-0.5169439,-0.6122785,1.2464513,-1.8420777,1.7506242,-1.1336906,4.105812,1.8730147,-0.947341,0.9058223,0.7276764,-0.6589742,2.59144,-0.6744027,0.6374111,0.52213204,-0.50081366
BICR 22,0.97314,-0.07752416,-1.1603785,-1.6923386,-1.3039821,0.18373024,3.5318432,1.0870826,0.6360727,2.7101653,0.38620505,-1.4662497,2.7338448,-4.376201,-1.2960422,2.1157923,-0.17754185,-0.51912475,3.5793412,-1.5594999,-2.6602573,-3.542484,0.22747086,0.84982634,0.28386676,-1.1352758
SK-MEL-5,-0.6103245,-0.6305786,-0.37694484,2.5247986,1.2862552,-0.24818932,-0.29149538,-0.3221328,-0.2689093,-0.6948925,0.89935124,-2.7044702,0.4193552,3.136305,-1.989479,-1.4370056,-2.3217974,0.0018013772,1.9097519,-2.1742363,-0.57446766,-1.3279995,1.2404374,-0.7259916,0.3503819,0.3168167
AML-193,-0.09736341,0.7714371,1.7193426,-0.8799217,-0.2302717,1.4909167,1.3255049,0.9477326,-2.8556101,-1.2398915,0.09797292,3.06141,-0.4739555,3.2225103,1.2576654,0.76443744,3.6387727,0.46275356,-3.824763,-0.5487104,-0.26506153,-0.004889557,0.7844506,-1.7437816,-0.2531086,2.8251102
JURL-MK1,-1.2984593,-1.0680436,0.30444786,-1.3108457,0.6711746,0.8561981,0.82545024,-1.1355778,-2.0820408,-0.58615196,0.18393975,2.0340223,-1.0440103,2.1671317,-1.5345205,-0.06978807,1.5347171,0.22930978,-2.7649834,-0.4296311,0.69538236,-0.30604425,0.41721633,0.4211358,0.18852198,0.5638154
YAPC,0.28930113,0.744271,-0.33171305,0.01020623,2.122697,-1.9824572,0.46869802,-0.5528179,1.3311746,0.7216365,0.47094882,-0.6501829,-1.8682772,-0.09417194,0.8864491,0.60532266,-0.18377286,0.56723946,-0.7782636,-0.64202183,-0.18046835,2.5733016,1.0955234,-1.1616528,0.84244204,-0.9515164
Kasumi-6,-0.65982586,-0.34359035,0.45281717,-1.7296052,0.89352864,0.91372603,2.8284075,-0.5614897,-2.1295354,-0.97093016,0.45028734,3.4127693,-0.55547476,2.643376,-1.1164107,0.024358243,3.9479377,1.0367461,-4.1252565,-0.78651327,-0.0061407015,-0.99705195,1.0585599,-1.0053884,-0.17107227,2.368975
NCI-H747,1.3248551,0.4941634,-1.6660658,-0.30945504,1.8633689,-1.0406942,0.45056233,-0.8141911,-0.032809485,1.033306,-0.2996539,-2.183068,0.110785455,-0.21057701,2.6463287,0.58773065,-1.0652597,-1.0752993,2.68194,-1.1894704,-1.6578435,1.5472221,0.71525383,-1.0307326,1.1766541,0.9710874
SW1573,0.26234242,0.07883531,-2.3042336,0.574409,2.882314,0.37120384,-3.792472,-0.56647396,-1.3429368,0.8992917,0.43813407,-2.7516623,-2.466916,2.9282835,2.9798617,-1.7282798,-3.3605103,-0.6181679,2.6048594,0.3774873,-0.105660245,3.9383786,2.3081112,-1.3617182,-3.2385666,0.7623119
NCI-H2228,-0.6414886,-0.061935082,-0.18500613,-0.45632476,0.65723354,0.17504233,0.40798694,0.6250153,1.3940281,0.015848007,0.91209555,-0.19002675,1.9219184,-3.0244198,-1.207521,1.5164905,0.8623119,0.67916,1.1541605,-0.89739406,-1.864937,-0.5654995,0.21680379,-0.53152734,-1.5229919,0.5494685
NCI-H854,-1.7040178,-1.0017157,-0.17005749,-0.4283751,0.33816832,-1.7219167,-2.001408,-0.6339134,1.3301203,0.13973475,-1.1223418,0.127228,-0.089765415,0.50133795,-1.4326544,2.9313543,0.9222669,-0.49565065,-0.6701132,-1.6444974,-1.5887403,2.529621,-0.06410281,0.34973964,0.73287284,-1.2007004
Hs 840.T,-1.2711554,-1.0072836,-0.7462626,-0.2572478,0.14082009,-0.8593809,0.22383158,-0.18860249,-1.01556,-1.6007442,1.4616834,-0.6210333,0.7396928,-1.0711545,-0.26118648,-1.0717467,0.8742372,0.8308107,-0.1316803,1.0904974,0.9484355,-0.058886282,-0.67847747,-0.38527346,-2.0876186,1.8253707
KNS-42,-1.7896551,-0.9312176,0.78067756,1.154365,-0.20441592,0.7579035,-2.5660598,1.6351268,-0.055866078,-2.0125015,-0.66617644,0.96258426,0.2351239,1.5060416,0.244914,1.375683,0.28547493,0.6165685,0.8296338,1.1261727,-0.27278236,0.18779656,-1.7173578,0.57242924,-0.34277028,-1.5526434
RT-4,1.7546909,1.0325993,-0.73652834,-0.5710043,-0.39485812,-0.34431395,3.6275916,-0.76316804,0.77950954,1.9196812,-0.8868666,-1.0871112,3.1124735,-2.7372768,-1.0454341,0.7099676,-1.0050915,-0.6323719,1.4583386,-1.0272677,-1.0435615,-2.916031,0.48568627,1.2927157,2.9061735,0.71805143
PSN1,-1.222826,-0.68613094,0.59044325,-1.1701584,1.0247654,0.72464466,-0.252962,-1.466102,-1.336267,0.22453469,1.2841821,0.0135957375,-2.642231,-0.6912627,1.2967263,2.1641877,-1.2609884,0.23675334,-1.3060435,1.5173284,-1.1329948,3.2104778,0.5178899,-1.4129428,-0.8664609,0.41769573
A-549,0.2856333,0.08105563,1.4617711,1.2064263,-0.5040804,0.3144046,0.40619388,0.6867386,0.2508672,-0.9272293,0.4234945,-0.049454816,1.9315956,-0.19475335,0.4469573,1.3639325,-0.49458647,-1.0349017,3.5662112,0.43876833,-1.1636596,-0.103494406,-2.0493665,1.2299337,-0.84808016,0.09966316
OV56,0.032160845,0.28117254,-0.18219543,-0.8099003,-1.099453,0.79361457,-0.36346686,-1.5884993,0.19139534,1.2417648,1.3541667,-0.017748315,-1.6489575,-2.2749002,-0.40221825,-0.2938185,-0.69397914,-0.0016310215,-0.084747694,1.1554532,0.044426918,-0.6021134,1.3332096,-1.9442213,-1.1834568,-0.75305784
SNU-201,-1.7336277,-0.2245784,1.3648614,0.55514777,-1.7189779,0.1830672,-1.0930425,0.36197788,0.34497327,-1.8292216,1.2007413,0.41317156,0.61124474,0.23062743,0.08305606,-1.922781,0.91034245,0.76859015,-0.5500212,2.1040452,0.97473735,0.61894536,-0.9597046,-1.1455312,0.41790676,-0.9514396
143B,0.40404943,-0.34717113,0.07756326,0.86307657,1.8136841,-1.5593166,-0.23009741,0.558599,-0.36097503,-0.29272017,0.82667506,-1.5089636,-1.8910762,0.04581082,0.35351172,-2.2224994,-0.6706221,0.39567545,-1.6889031,1.3547348,2.4185424,1.947415,0.94354534,0.1146565,-1.1553062,1.0764995
IGR-39,-2.0398314,-1.8479993,0.6292892,-0.13331842,0.45107403,-0.6653268,-1.1358424,1.0929809,1.3729788,-0.47203252,-0.39133483,0.29374403,0.11671214,0.6285957,0.32896346,-1.1036326,0.8107711,-0.13715307,-0.23213646,0.009288773,-0.24113038,0.2722954,-0.13977644,-0.13893443,-1.7196659,0.24582969
TE-1,0.14294104,-0.78073615,0.40522024,-0.774985,0.6978695,0.11758219,1.4683704,-0.033993423,1.6248226,1.0542145,-0.82525676,0.052605458,1.9079032,-1.475135,0.47150803,-0.2371083,-1.0244873,-0.48608604,1.458766,0.4727378,-0.8966911,-1.1874999,-0.86662626,-0.12425062,0.6663768,0.17357361
WM1799,-0.8904439,-0.48722327,-2.276706,2.1710756,1.6204127,-0.22056842,-1.8423744,-0.48118642,-0.86160195,-1.3283082,0.30419415,-2.1991155,-0.42295814,4.7823334,0.5192899,-0.82160676,-2.6316009,0.5987767,1.0581561,-1.3869474,-0.7031297,-0.12907651,2.6615632,-1.2484618,-2.4034991,-0.33486405
Hep-G2,-0.9190482,0.86086446,0.95247453,0.6732693,0.24438028,0.04934018,0.41078117,-1.2711807,-0.3421086,-0.37478322,1.8605089,0.53256,0.54316723,1.2475979,-2.2959554,0.5200548,-1.5637959,0.50997466,1.0307448,0.6740837,0.13115185,0.83539456,0.28539133,0.5662422,0.1457028,-0.63987106
MDA-MB-134-VI,-0.62292856,0.82390845,0.2080869,0.5901428,0.030903699,0.6177035,-2.443192,-0.5662886,0.41115335,-0.19025198,-1.4995295,0.28970653,1.0036477,-0.6784182,-1.133092,-0.4813754,0.43021214,-0.30965203,0.050642237,-0.60289013,0.017800812,-0.36718136,0.27521914,-1.4571989,3.028486,2.2816048
NCI-H650,1.7314365,0.2597736,-0.07710409,0.2805863,-0.57194406,1.2292264,-1.3813608,1.580685,-3.0903976,-0.6617235,-0.2884517,-0.8770489,-2.123554,1.0116063,1.9966342,2.1309311,-0.30678102,-0.42623094,0.7672355,0.2248778,-0.35334745,0.63125587,0.7406452,-0.6257154,-3.53474,0.5918476
AsPC-1,0.7479415,-0.81822646,0.49442032,-1.9741257,-0.20056483,-1.8241354,0.93399096,-0.9290731,0.56190014,0.87305796,1.5276471,-1.350791,-0.78316337,-1.9364406,0.73158383,2.1285849,0.6377028,-0.9268823,2.6496754,-0.84011483,-1.4950832,2.9182334,-0.1893499,0.77826726,-0.1593955,-0.9819412
MDST8,-1.6098785,-2.4684489,-1.0448258,0.391677,1.9731138,-1.6642723,-2.4856465,1.4351048,1.4090877,-0.19832486,-0.5817235,-2.1276677,-0.7248878,2.898857,-0.107415825,-2.600135,0.22472489,0.14764515,-0.41565815,-1.7280227,0.19052164,1.633421,0.1800114,-0.3881067,-3.1066058,-0.59928745
CFPAC-1,0.7207848,-0.48642403,-0.6867217,-0.96156216,0.83887255,-1.6817185,0.4724381,1.1977084,1.7448981,1.4738839,0.7470208,-1.4455763,-1.5043547,-1.5609617,1.7255368,2.3588004,0.9064633,-0.7298836,1.8015598,-0.2729058,-1.8470819,3.1830919,-0.019017264,-1.7467388,-0.0493765,-0.8404123
YKG-1,1.0673794,0.51548994,2.6746833,1.8181725,-2.18494,-1.0517062,-2.0088046,1.380203,-0.5031378,-3.1584413,0.5954051,-1.2992816,0.48657906,1.8291681,0.21479392,-1.4627339,0.43718907,1.4659411,-2.4681067,1.5041658,2.4993546,2.4850097,-2.2093725,-0.2652017,-0.42516267,-0.84989953
MOLM-6,-0.9413843,-0.5208931,0.5946883,-1.2867066,0.86645055,0.92962897,2.9728174,-1.1343553,-2.9008727,-0.6654365,0.16001824,3.2939076,-0.72223663,3.221244,0.5216221,-0.6538143,3.107803,0.6961957,-4.4562845,-1.1367673,0.09046677,-0.7834394,1.1593524,-1.1213607,0.61465096,1.826768
PL-21,-0.011249763,0.17997767,0.64746183,-0.43947142,0.4617062,-0.009473592,1.8016589,-0.19364794,-1.646025,-0.32010376,0.7063635,1.6795006,-1.6280564,0.7166024,-1.0569277,-1.2668355,3.9523315,0.70865434,-4.4700894,-1.3717861,0.80018103,-0.013567135,2.6926696,-1.9595895,-0.36605442,2.3200226
42-MG-BA,-1.0234876,-0.3248581,0.5119195,-0.009635244,-1.0989397,0.1282021,-0.43235108,-0.024141582,-0.2947046,-1.5732721,0.60287297,-0.1368982,1.9041709,-1.9192427,-1.7984579,-2.9537687,0.30642688,1.5775453,-3.4974427,0.6861448,1.613969,-1.2049235,-0.7977445,-0.0494297,-1.6577026,0.5853007
Hs 616.T,-2.1768188,-0.15793294,-2.3287385,-0.29142106,-0.61315835,-0.5849602,-0.28343397,-0.10225522,-1.0167512,-1.1602755,1.9753786,-0.61411154,0.6276616,-0.97401744,0.13936432,-1.1297004,0.4121719,0.43967316,0.29845113,1.0421969,0.98612756,0.9195396,-0.87138414,-0.20556429,-1.2941056,0.75618446
Loucy,-2.7664948,0.0424545,-0.34024173,-1.1815,1.8284341,0.383496,2.2966628,-0.62599057,-2.5045822,-1.6863801,-0.9136894,3.4119482,-0.7671653,2.9195254,1.1834863,-0.50165087,2.2962527,0.49361712,-5.684379,0.4142298,0.763969,2.2496877,1.0500956,-0.5170906,2.4890623,0.030443901
HT,-2.0403247,1.5871446,0.10409115,1.7571017,1.8976978,1.2899942,-2.9433732,0.7460456,-0.59155244,-1.433349,-0.6757498,2.8206549,-1.8000177,3.450571,2.2592447,0.37710923,0.24406177,0.1266087,-0.89953566,-2.4007435,-0.6380687,0.9734974,-0.5989577,1.1490477,0.1416618,-0.02960066
PK-59,1.1064197,-0.005603522,0.08481531,-0.9298497,0.3401801,-1.9816986,0.8715191,0.5082599,0.45276716,1.1508207,0.13605662,-1.5265,-0.45682824,-1.5284883,2.1033924,-0.00940677,0.48821628,-1.213192,0.8126183,-0.3853424,-0.7448422,3.2118914,0.7735858,-0.864007,1.0049694,0.35751122
SUP-T11,-2.1688216,0.45881212,-0.6867779,-0.5874571,1.7991617,0.95732874,0.5757058,0.10765821,-1.8316919,0.57664716,-1.1228067,2.773757,-0.32760602,2.3825197,-0.49422175,-0.49892223,0.74863195,0.803033,-4.224027,0.11455191,0.45580405,1.7071683,0.67745805,0.13591959,1.4821489,-0.8201502
MOLP-8,-1.0202746,1.8095564,0.81476015,1.1140239,-1.7306613,0.045433424,-0.85467184,0.8475045,-1.1767292,-0.60923064,1.3727319,0.96076035,-0.91895556,0.94016623,-0.9430341,-0.08552534,1.0858248,0.47424313,-2.3753617,0.40587553,0.79656047,1.583614,0.8800236,0.66747457,1.0240424,-0.9250539
SLR24,0.058325842,-0.0071412176,0.83102125,-0.21521336,-0.7052941,0.6230928,1.8938328,-0.93564934,1.8640391,0.39530838,0.77777535,0.04822992,0.75136054,-0.69490784,-2.120464,-1.0962069,-0.9891689,-0.39523062,2.6662192,0.71000224,-0.03357958,-2.2298057,-1.3089774,-1.1578951,-1.3253907,0.2669149
SNU-489,-1.5109679,-0.14223272,0.8982293,0.11178142,-2.021051,0.38597912,-0.930786,0.71963876,0.41598856,-1.0194005,1.0081131,0.6761713,0.7544633,-0.48733976,-0.30523416,-1.5467923,2.0982234,0.6605932,-0.98433715,1.4439915,0.52334684,0.82657397,-0.80065733,-1.6070601,-0.31468868,0.026299953
253J,1.752904,0.40670756,0.71869963,1.3499684,-0.9234581,-1.4483469,-0.048341885,1.2345923,1.232608,-0.9214312,0.7985397,-1.2634001,-0.2762881,0.34362477,-0.76519746,-0.93992984,0.8034058,-0.6441123,3.2201116,-0.015771821,1.2904351,-0.18127944,-1.5549607,-0.01289599,-1.1175905,-0.93401873
A2058,-0.60874486,-2.7175534,0.8437381,0.14341128,0.7213342,-1.5275794,-0.65673447,0.68736744,1.9393456,-0.18710193,0.35051304,-0.83544225,-1.1917224,1.4268869,-1.2122519,-1.8161602,0.631573,0.9789227,-0.58643407,-0.30086383,0.64898676,-0.305851,0.49604383,0.6996613,-0.36607647,-1.8184303
Ci-1,-1.9971218,0.09014573,0.06834023,0.23289776,1.741134,-0.33178785,-0.7054202,0.9732712,0.54668,0.14476505,-1.0641159,3.841247,-2.2152798,3.1756349,0.32421374,-0.58369285,2.3164916,0.48976573,-1.4910796,-2.999103,-0.21778804,-0.13306634,0.22257307,1.3891896,-0.8506824,-2.307179
ES-2,-1.2379017,-2.687623,-0.078325704,0.04136004,1.5470929,-1.050453,-0.76062346,1.3116235,0.14159079,-0.968474,-0.6293309,-0.051735435,-1.5003985,0.7735047,-0.29881752,-0.2592681,1.3448652,0.0042087436,-1.2580322,-0.14418535,0.49824205,-0.19657658,-0.2690413,0.5512525,-2.6316833,0.423935
NCI-H1703,-0.95738566,-2.9324436,1.0746471,-0.43380022,-0.023584152,1.5902284,-1.6226693,1.623535,0.70677805,-0.44236925,-2.051624,1.4143325,1.0679554,1.7373676,-0.3396441,-0.13165854,0.9530611,-0.50642943,2.1061738,-0.9596189,-0.9220967,-2.8905642,-2.0722952,1.8647727,-1.6923095,-1.0605724
CCK-81,5.1446843,0.55067676,-2.4401982,0.9726834,-0.5142519,-2.0760727,-3.8099108,-4.845014,2.3517795,1.8261131,-4.035509,-1.4525816,3.3756168,3.8809793,-2.198922,-2.5021791,-4.5697403,-0.5864178,-2.9970984,-5.293727,0.422696,-2.1045077,5.9255776,2.9043915,-4.2005997,-1.9539069
OC 315,-0.8472205,-0.4754392,1.3335682,-0.18622191,1.015073,0.8308765,-0.6660785,-0.40497783,2.1895084,0.57770324,-0.65513945,0.28554899,-0.9628137,-0.6775675,-0.019373272,-0.9295866,-1.3564577,-0.5616643,1.2109659,0.09937791,-0.4840884,-0.042653415,-1.4163113,-1.1017709,-0.5741123,0.11059503
BV-173,-1.0787932,1.6909872,0.6011263,0.73626524,1.9747787,0.29728848,1.3319569,-1.171068,-3.6533647,-2.0858512,0.45155966,2.328883,-2.5084543,2.0632048,2.944457,-3.0850077,0.644943,1.2170794,-4.5020366,-0.21170889,2.1179183,0.7173549,-0.5915215,-0.23554358,2.134224,0.8358674
NCI-H1648,-0.06300631,-0.83226967,0.11021732,-0.71894836,0.12477176,-0.20408733,1.812284,0.75371915,0.63080966,1.2052994,-0.47031567,-0.6758301,0.9119547,-2.1797829,0.6655098,2.486323,0.17415568,-0.9235353,1.345486,-0.8780309,-2.3034356,-0.54503167,-0.30164352,-0.4897353,0.98028976,-0.90766966
T3M-4,0.4798463,0.72471786,-1.4443624,-1.4529117,-0.2968929,0.7023647,1.3137357,-0.24158287,-0.4795211,2.800814,0.74969625,-1.419083,-0.46884528,-4.063382,1.0121535,2.7913702,-0.3921814,-0.5763503,0.581044,0.055646095,-2.242461,-0.06988757,1.6749339,-0.31946838,1.2902975,0.19950531
K029AX,-1.2955451,-1.253033,-0.086175896,1.2381873,-0.013832059,-1.0091801,-1.216539,1.1137964,0.91994035,0.16720742,0.8580514,-1.0860473,-0.59919536,2.0407596,-0.6758717,-0.28223947,0.853644,-0.092730306,1.0405293,-1.3525956,-0.72933865,0.110248886,1.1910719,-0.083995156,1.3177924,-0.8876061
RPMI-7951,-2.1692622,-1.6946394,-1.1279548,-0.35586897,0.8784653,-1.2374556,-1.063549,1.4927695,0.39159372,-1.1180484,-0.1764279,0.018450938,-0.32700923,1.0316769,-0.1417029,0.0007822104,1.4408556,0.5839555,-1.5380495,0.039934773,0.16120411,0.9065178,0.6555397,-0.44741282,-2.0432134,-0.25783885
NCI-H1755,-0.6249438,-1.0931128,-0.924135,-0.11086476,1.4893234,-1.3674363,-0.84600836,0.23916914,1.7809253,-0.5506427,0.11922778,-0.3600023,1.0264239,-0.2533997,-2.0169961,-0.14225404,0.8395487,0.0055828057,0.5659958,-0.31470925,-0.42236993,1.3065718,0.13058758,0.29637867,-1.5741937,0.38261554
OVMANA,2.8745527,0.2913842,0.29802403,0.69170976,-1.0797614,-1.1619194,1.3084507,0.3389437,2.0051477,0.165633,0.919857,-1.4859864,0.7124702,0.28053737,-1.6657856,-0.9064881,0.035054106,-0.68856496,3.9717696,-1.5608888,0.12607902,-1.2646599,-1.2537419,0.5981225,0.7076992,-1.7276226
SU-DHL-10,-0.1233404,2.322267,2.1115534,1.0019649,0.46347243,-0.9065239,-3.3771608,0.69177324,0.72087586,0.7841034,0.8078612,1.9174123,-5.4665475,1.5340883,2.703561,-0.8762491,2.4939294,0.41401666,-3.0770195,0.43317547,1.9712243,3.8308601,0.5935413,0.03650052,1.1913073,-0.77246255
CAL-148,3.5712788,1.2493593,4.028219,-0.41957742,-4.587241,0.5409817,-3.6049962,0.56044996,2.1906176,-1.2214316,-3.3706584,1.6236225,2.235425,-0.34033537,0.3044607,-0.63280374,1.5814302,1.0168068,-1.995816,0.11054805,1.8206714,-1.6991042,-2.75076,1.2492274,2.664934,-2.4451714
CPC-N,-2.1036832,-0.5159319,-1.1552364,0.24422431,-0.41066986,1.0014741,-1.5659662,2.2503939,-0.737566,0.23572256,-1.1680958,0.89569354,-2.4578657,0.79722446,0.028122976,1.4264086,1.8022027,-1.0850929,-0.75353587,1.338768,0.045583967,2.1687343,-0.6152316,0.66759914,0.6312882,-0.26055908
HDQ-P1,1.7799855,-0.2218613,-1.0308795,-1.5460035,-0.07963637,0.36993203,3.5488203,-0.62674356,1.2244129,1.8983382,-0.18461804,-0.75905097,3.2794762,-3.2755935,-2.1025395,-0.26234433,-0.7142773,0.00045226514,2.5508897,-0.24774213,-1.2718083,-3.6451387,0.13127181,-0.021627642,0.6922599,0.7151681
KMS-12-BM,-1.3689963,1.3862755,0.5333281,0.6570681,0.5596208,0.65866005,-1.4398626,0.07912154,-0.4927572,0.061299756,0.89590794,1.9818975,-0.8210398,1.3934714,-0.35910612,-0.14656848,0.93646216,0.33290732,-1.6919146,-0.8809045,-0.29060367,1.2803023,0.8914372,0.4961031,1.705451,0.11626149
NCI-H2085,-0.3773305,-0.5528749,-0.4697404,-1.3688767,0.31467834,0.14969674,1.4952075,0.9549082,0.5438678,1.3038617,-0.95802677,1.2013559,1.6108706,-0.6040658,1.5222073,-0.2540207,0.49605727,-0.5886118,0.9899706,0.87454224,-0.6640036,-0.23643848,-0.44294387,-0.4589991,0.9947972,0.51832974
SNU-1197,0.8029535,-0.038121935,-1.3481293,-0.7597827,1.847352,-1.2841754,0.6747844,-0.019454181,0.230277,1.0288472,0.1561948,-2.3444624,-0.9183322,-0.3603203,2.5259311,1.7047786,-1.0151429,-1.349963,1.8909655,-1.1694161,-2.1139414,2.8084924,0.8609529,-2.2728536,-0.74037886,0.60658735
PC-3,-0.19545558,-1.4286346,1.0480882,-0.24154529,0.38900897,0.3474929,1.6139568,-0.029563967,0.8795261,0.33345354,-0.6953593,-0.3008481,1.2722166,-1.1647146,-0.23190628,0.3686646,-0.3867967,-0.38560855,-0.28563735,0.15824407,-1.6738014,-0.21311855,-0.9420775,-1.0343117,0.25272334,0.7768784
KYSE-150,0.17855752,-0.6483974,0.34211522,-1.346743,0.6949354,0.098413914,1.43911,0.8280837,0.25438523,1.5088085,-0.55291677,-0.1306344,0.36590624,-1.7783772,0.53490114,0.8915443,-0.24662717,-0.92242485,1.9808023,-0.7000403,-1.4799433,-0.80608785,-0.3568772,-0.023992918,0.46367502,-0.6483944
MOTN-1,-2.366371,0.93930256,-1.4087052,-0.41731006,0.9628724,1.4328516,1.1901172,0.70527214,-1.4631356,0.3618177,1.1044142,3.7836134,-1.3394483,2.0140588,0.54950947,2.1068237,2.5636406,1.0927702,-4.1080513,0.9664659,-1.1760631,1.9717755,1.1006469,-1.0727687,-0.18944848,-0.7397213
NCI-H226,-0.48547626,0.2074905,-1.4957694,0.66629237,1.4479518,-0.5613257,0.020348072,0.12874573,-1.2392974,-1.1180226,0.60327005,-0.2816696,0.5154761,0.4304658,1.8834049,-0.70468634,0.12120859,-0.94749933,2.316627,-0.8143972,-0.6179882,1.307861,-0.86895436,-0.48163757,-1.2429688,1.6943208
A-673,-2.3500035,-2.0376244,-2.1259742,0.34037998,2.0937858,-1.3153982,-1.3165038,-0.003977347,-0.6366419,-0.39617974,-0.4434615,-0.9056739,-1.6001083,1.691912,0.026223823,-3.004738,0.07202538,0.40309608,-2.718021,-0.6273706,1.382367,1.5701247,0.5934352,0.6610451,1.1789416,-1.986129
NCI-H1836,-1.7618995,0.38434228,-1.5805305,1.9006896,1.1397443,-0.18295215,-2.3244724,0.16664296,-1.1164285,-1.4502327,-1.5213366,-0.122213475,-1.3634802,2.332758,-0.25369748,1.2260288,-0.73340875,-0.80720496,-0.6119949,-0.49658313,0.25282642,1.2548002,-0.8092874,-0.9309508,1.2536935,0.48054144
HMCB,-2.107468,-1.1473502,0.7641343,1.2190583,1.8951662,0.053578466,-0.0021577775,-2.9937515,-0.6758831,-1.3737288,1.0834955,-0.7173751,-0.70340616,1.4461013,-1.05446,-3.8096163,-3.0839522,1.8703603,-2.4556227,0.74724174,1.7143757,-0.7181362,-0.36817905,-0.5097988,2.2248845,-0.5680653
HuTu 80,0.8062986,-0.09011661,-1.4895275,1.7137942,2.5458167,1.3707057,-1.1830671,-2.6680186,-1.8820412,-0.07499672,-0.53866297,-1.9135418,0.8927909,3.2535617,-0.85264385,-3.1002893,-4.8965254,0.0029233657,2.134823,-0.09783527,1.134048,-1.0174952,1.0972433,0.35817444,-1.2682184,0.7902604
PrEC LH,0.38841218,-1.2672633,-0.29955658,-0.98532313,-0.14633003,0.115437694,2.8981538,1.1164478,0.08688057,1.1480752,0.48949373,-0.5369421,-0.7364176,-0.73790187,-0.355513,0.9168153,-0.052827477,-1.1364906,1.5124028,0.28714642,-1.1834016,-0.73303914,-0.8846667,-0.88206005,-1.5486087,-1.9423187
SNU-601,3.0783558,1.6485075,1.6528885,0.05104138,-1.0170091,-2.3940175,0.91881,-1.1885805,1.0444198,0.39238495,-0.21411204,-1.84076,0.6363393,-1.102812,1.7457387,-1.0142131,-0.6644498,-0.15346897,0.2877122,-1.140244,0.86369467,2.618521,-0.83686453,0.5474582,1.3068467,-0.30876902
D341 Med,-1.3326277,-0.31784558,-1.6547786,0.43761748,-0.8945908,0.50163263,-2.9608624,2.5942585,-1.0973103,-0.2519048,0.35146695,0.045642093,-2.8592324,1.2989205,-0.22183889,2.082751,2.0043383,-0.95685977,0.8453594,0.6471673,-0.044378925,2.6583097,-0.3160588,0.09202953,0.9616946,-0.16644928
T.T,0.26436782,-0.18641977,0.29089364,-0.70296955,-1.4751533,1.1265929,1.3274131,0.92474306,0.107392445,1.4026923,-1.7023112,-0.1405531,3.9323273,-2.447113,-1.645411,2.0730553,-0.36507866,-0.7023588,0.9360193,-2.0243847,-1.9905092,-4.0309997,-0.5184649,2.2743702,1.188896,-1.37819
SHP-77,-0.76204467,0.4524081,-0.8219569,1.5621197,-0.3073294,-1.5043986,-2.0827303,0.99505675,0.38475993,-0.9149917,0.69961023,-0.9781424,-2.9722588,0.9053565,-0.46434033,1.0927337,1.1257949,-0.8931659,-0.8967225,1.0263674,1.1523426,4.1482196,0.37912712,-0.7740548,0.8468518,0.061465986
BDCM,-1.119343,1.8639358,0.10029589,1.3682878,1.2297127,0.53397185,-0.5124191,0.4106471,-1.569245,0.014169675,1.4392986,2.236236,-1.9310144,1.6574531,-0.24523436,-0.25598887,1.0673358,0.7063659,-1.5378326,-1.0150683,-0.43168375,0.7005194,1.0223378,-0.10100713,-1.0857675,-0.5045163
HEC-265,3.3506374,1.0922154,-2.4688845,-0.22734067,0.18936738,2.223408,-2.4734356,-2.128796,-1.4190004,2.7399042,-1.3881425,-1.3773105,-1.6840342,0.15425146,3.0717273,1.6083224,-3.4468303,-0.98362124,1.3504273,0.43364865,-2.2244093,0.32454875,3.9512236,-2.4500356,-2.8014133,0.26482478
VM-CUB-1,1.4654518,-1.4595022,-1.9923402,-0.4016893,0.66956943,-0.91081345,1.3554378,1.6953193,1.1569707,1.986727,-1.6088735,-2.4304595,2.596739,0.23651081,-0.39382538,0.88873947,0.22944805,-1.3176988,3.148322,-3.916605,-2.8341098,-1.2147038,-0.3244667,1.5990549,-2.109059,-2.0221207
WSU-DLCL2,-1.3725966,2.6285791,1.9445211,0.7370395,1.3529413,0.9024155,-0.7187893,0.768686,-1.5141194,-1.1201478,0.24745479,3.1631398,-3.481277,1.8602011,2.7522216,0.4459355,-0.044490635,0.82635474,-1.4024297,-0.6479869,0.7354193,0.99521714,-0.56362766,0.23492274,2.4552553,0.32690725
UACC-62,-0.53085893,-2.126672,1.2863905,1.6617545,0.68328404,-1.856516,-0.96114415,-1.513683,1.8947355,-0.9975713,1.9261022,-2.566404,0.09219003,1.3273373,-2.8957574,-4.9925365,-1.3108639,1.3592466,-0.60772455,-0.9012832,1.8635633,-0.93045217,0.15186688,0.4020161,0.28534,-1.3906901
PaTu 8902,0.6224139,-0.13140562,-0.80685353,0.4682061,2.1686745,-0.6312454,-0.66436046,-0.8030014,-1.2697569,0.80667615,-0.4604284,-1.4936268,-1.4674199,-0.037577838,2.208311,-0.013667357,-1.3248625,-0.95932037,0.10795757,-1.463884,-1.0920942,2.584327,0.9710306,-0.933518,0.15881355,0.6707962
HEK TE,-0.63986164,-0.6449086,0.14281963,-0.25936043,0.44407436,0.3588772,1.6874956,-0.79809296,0.86449647,-0.4946137,0.24409725,0.65237355,0.25729397,0.4125694,-0.8532378,-2.691773,-1.5091136,0.05600775,0.6117239,1.6707493,1.0300896,-0.9439067,-1.79656,-1.074098,-1.8802059,-0.38769013
RPMI-8402,-2.0846949,0.2842583,0.7111145,-1.2163517,0.83332247,0.5710118,0.49372154,-0.0507516,-1.5976553,-0.064043105,-1.8772863,3.2911553,-0.39522925,1.9014338,0.6228235,-1.1753794,1.8778793,1.1366622,-5.8199053,0.97482795,1.6142378,2.0429254,0.48017895,0.51787245,1.302367,-0.73585945
SK-MEL-24,-1.6085619,-1.8589078,-0.25040632,1.9905722,0.46237662,-2.411988,-0.9957794,1.2963592,0.7213539,-1.9144074,1.4973103,-1.5226758,-0.9175658,1.7182943,0.8252863,-0.9956634,0.9304858,0.75568783,0.5614096,-0.58692944,-0.22278966,0.38069776,0.8788087,-0.009170486,0.07449188,-1.1136783
YD-10B,0.5040405,-1.0722688,-0.62010497,-1.5076301,-0.5544932,0.83957833,1.8803805,1.925872,0.57511735,2.0944526,-0.4170317,-1.0265744,3.4490156,-2.1366663,-1.5908943,0.96517277,-0.121564984,-0.28221473,2.3259568,-2.1449358,-2.2465189,-4.1703196,-0.54831743,2.135723,-2.1000803,-2.1223426
SaOS-2,-1.2794392,1.2363116,0.6425815,0.2777212,-0.61392915,1.5932015,-0.14605764,0.7351774,-0.27315947,0.34761482,0.21627194,0.34004444,-0.5759294,-0.6867229,0.9884911,-1.1305293,-0.38514403,0.5052985,-0.68603295,3.5367084,1.0410557,1.7519053,0.6025505,-1.6092309,0.15773197,2.0080843
DMS 153,-0.8996555,0.9853564,-1.3482271,2.2201564,0.8318009,-1.7270327,-3.035255,0.32129744,-0.016250296,-3.1763356,-2.1397257,-0.12410665,-1.2074674,3.470036,1.0903654,1.6415842,-0.14230964,-0.6638233,-1.7486293,-0.9263269,0.4652117,2.9058867,-1.8492135,-0.69710296,0.41291377,-0.7464877
GI-1,-1.5726377,-1.3662922,-0.22175011,-0.028130617,-0.2045168,0.7314222,-0.16760251,-0.13338369,-0.65343285,-0.93622214,0.1398234,0.41613275,0.44323438,0.7263386,-0.95557445,-1.0707347,0.27642867,0.46688074,-1.366856,1.6537288,0.44474748,0.68296796,-0.57689583,-0.32231826,-0.1971188,0.76357865
HCC366,0.23717627,-1.9096588,-0.94775677,-2.8643157,0.103827335,2.5590856,2.1269774,0.8394518,1.5685686,2.037928,-0.8979624,1.524517,1.469146,-3.718823,-1.4326607,3.2951863,0.6094423,0.08331074,2.9850936,0.87903976,-2.4606123,-4.747947,-0.2380066,0.59542704,-1.5709475,-0.05538988
NCI-H2126,2.8075595,0.22427553,0.20273593,-0.90264267,-1.9779851,0.655398,1.968936,0.10116816,1.0462786,0.5377228,-1.2601237,-0.33385137,5.9583673,-2.7313185,-0.7728096,2.3646533,0.6196639,-0.7376109,3.8348637,-1.5588404,-2.7816026,-4.4835434,-0.32319796,0.94021386,2.5694747,1.5774081
SNU-1214,-0.44823688,-0.98378086,-1.3830495,-1.3560624,-0.38688716,-0.24024741,0.63237995,1.0141761,1.9425939,1.327175,-0.609124,-0.7735503,3.314481,-3.184602,-1.4029974,0.43833423,-0.917459,-0.6807454,1.7836591,-2.62833,-2.1814587,-4.3139634,0.019257529,2.5423884,-0.9887549,-2.480357
NCI-H1792,0.30088526,-0.11376499,0.39307025,0.6566004,0.43991023,-0.81543314,0.08275116,0.0654663,0.4256687,-0.028914794,1.1616476,-1.0630417,-0.20888767,-1.137938,-1.3922553,0.054540023,0.084403664,0.120082915,-0.54807353,0.7007546,0.22092095,1.6620959,0.9872701,-0.5072961,-1.2316347,0.8650508
OV7,0.1205637,0.018723145,0.26725492,0.57576466,0.7813433,-1.7733792,-0.29172075,1.0244191,0.51283026,-0.23512672,1.3120464,-1.4596833,-0.8790873,-1.0653404,0.11229721,-0.5236047,0.5302767,-0.20889015,0.22014326,0.9897871,1.0138769,2.4294176,0.5988989,-1.0915608,-2.0318663,1.1617869
TF-1,-1.162327,-1.1540005,0.9341194,-1.4980526,0.78526413,1.0445509,1.4862089,-1.8486272,-1.8764253,-0.66214895,0.5779525,2.0495923,-0.32248223,2.3402207,-1.2879534,-0.9367087,0.9877899,0.46578556,-2.975465,-0.806678,0.63859314,-0.28967342,0.52814245,0.83249354,-0.07090008,0.9116139
UM-RC-2,0.0731809,-0.09734948,0.8154478,0.28279582,-1.247868,0.8830867,0.8439926,-1.3105816,1.034135,-0.15268235,0.7255724,0.19000968,0.82457066,-0.25644332,-3.2535834,-0.63070536,-0.8566491,-0.178779,1.926147,0.28065637,0.32509047,-2.386221,-0.8075047,-0.043998897,0.0032358468,0.14318672
PL45,1.6632897,-0.42935342,-0.12801258,-0.14034875,1.411332,-1.697111,0.108718336,0.31516364,1.920438,1.5169649,0.036335964,-1.9483252,-1.9354825,-1.2541435,2.1709068,-0.64935786,0.5621707,-1.2593781,1.0049132,-0.5131371,-0.19652425,2.3592048,-0.054941,-1.5535856,1.7427434,0.9313707
SNU-5,1.5120082,0.20326091,2.9348032,-1.9392447,-2.8260458,0.81146735,-1.807506,-0.35154358,-0.28179786,-0.013507303,1.2631555,1.2719601,-3.3757544,-2.2375672,2.9631953,3.5133243,1.4560643,0.14058618,-0.27213243,2.137516,-0.27074075,2.4065387,-0.29755682,0.3428351,-0.6204987,-1.1512226
NCI-H1944,1.6757196,0.8946996,-0.0072858064,1.0342484,-0.4998132,-1.5420005,-0.016064793,-0.6624806,0.7872497,0.8032918,1.5482737,-1.4589484,0.30058402,-1.7521893,-1.3733386,-0.3380495,0.0945683,-0.7285527,2.0741901,-0.46341416,0.35690543,0.3988057,0.99740326,0.7105411,0.7580219,0.25346047
Reh,-2.5341737,-0.16497256,-0.15917814,-1.4652991,0.33792025,1.2751099,-1.4501812,0.007828983,-1.4382159,0.93203837,-1.2274256,3.7923908,-3.299531,1.6612036,2.8486776,-0.8980474,2.0195825,-0.6247907,-3.932186,0.656656,0.5913428,0.56865215,0.567951,0.9347444,0.41313326,-1.2519118
SK-MES-1,1.0252461,-0.6763525,0.07387312,-0.9979541,-0.30671483,0.83165926,2.480197,0.73858327,1.3521025,1.2619797,0.92115325,-1.2199436,3.3906565,-3.7600753,-3.5846708,1.5273992,0.20664194,0.48059213,2.2128117,-0.45452243,-1.9472706,-2.9056606,0.5865831,0.61810046,-1.9948803,1.3698782
Hs 839.T,-1.0624517,-0.035340987,-1.224162,-1.102623,-1.5828266,0.3947753,-0.6271706,-0.055110004,-1.2322818,-0.33299795,1.7487235,-0.82988954,0.4262039,-2.6824815,0.14184311,-0.2915836,0.8347542,1.0686244,-0.21181288,1.8161083,1.036816,0.07303707,-0.13603354,0.14898404,-1.6189523,1.2499185
WM115,-1.2096028,-4.0685563,-0.63139284,-1.1628596,-1.0102425,-0.8575397,-4.07698,0.054753035,2.920614,-0.052903265,0.07501064,0.41598037,-2.490604,0.79963905,1.3571746,0.03732915,2.0162694,1.8155831,-2.070162,1.4048342,-0.93862516,-0.08384122,3.1051404,0.5353397,-1.4010068,-3.6667764
P3HR-1,-1.7288704,1.616183,2.46975,0.077286184,0.0584073,1.7326368,-1.4342673,1.3580773,-1.1955111,-0.8758805,-1.1912884,4.3099337,-2.4936712,2.3292067,1.9908439,0.967945,1.9414468,0.9148621,-1.9823452,-1.1162221,0.28115386,-0.01397419,-2.2349374,1.4717302,1.472679,-1.2982186
KMRC-2,-1.2481725,0.59329677,0.13572612,0.7260352,-0.14919963,0.3823514,0.14312474,0.14671706,0.70263624,0.18085887,1.6352664,-0.3897165,-0.76988745,-0.8460602,-1.2989713,-0.49699977,-0.56832933,-0.3043588,1.8306615,0.82753414,0.23836914,0.19976622,-0.584811,-1.7413777,-1.4805007,0.5149447
A-253,1.2675133,0.25296736,0.23557696,-1.0688205,-0.89441764,0.2833608,2.2063098,1.8931996,0.81345725,2.0225916,0.28699124,-1.367383,2.3130782,-4.4657655,-1.966839,0.96583194,-0.43198436,0.15966979,1.4520824,-0.13207918,-0.5685865,-3.1938603,0.33305594,1.9910998,-0.12559268,-1.0221672
BJ1-hTERT,-1.2481521,-1.2174492,-0.7568859,-0.45192528,-0.4600319,-0.2802463,1.0492784,-0.83686936,-0.33021033,-1.5035653,1.1432002,0.23720157,1.4053419,-0.32594508,-0.5515513,-2.3998466,0.27761853,0.7297202,0.05541078,1.5494908,1.2604879,-0.9202872,-1.134416,0.5039088,-1.5750706,0.8308829
Hs 852.T,-1.9167037,-0.19136813,0.29028714,1.7759242,0.3342741,-1.0220319,-0.2635129,-0.34246385,-0.9101503,-2.3854952,1.5112982,-0.5837533,-1.2631755,1.2367215,1.2581854,-1.5272087,-0.13347194,1.218332,-1.2298986,0.33402437,0.9381717,-0.11458735,0.24076043,-0.89963365,1.4630122,-0.16551179
Ri-1,-1.276326,1.0726101,1.6208272,1.2567704,2.2179136,0.40088597,1.6610744,-1.7096667,0.06115546,-0.67081076,-0.0965021,2.9984674,-1.6405772,2.2548892,-0.33879858,-1.5064455,-0.9795656,1.1509485,-2.882485,-1.2084877,1.0131932,-1.6137762,0.28743786,1.1959633,1.5788894,-0.45448452
SLR26,-0.5932125,-0.30480275,1.1474319,0.26673248,-0.5361618,0.91874546,0.8473785,-0.7603472,1.1380024,0.35153288,0.9780333,-0.21172376,0.4520235,-0.81444675,-2.1260836,-1.0723432,-1.0582176,-0.24381581,2.1243737,0.36042714,-0.32380036,-1.4353273,-1.081364,-1.0030546,-1.3253033,-0.34032762
SW1353,-2.14622,-0.35242394,-0.10962106,-0.06633458,-1.1336126,0.0077467933,-0.22719647,0.82877684,0.032512523,-0.57021236,0.23400038,0.84712815,0.8165003,0.07323387,0.52456605,-0.7542586,1.2720294,0.07980074,-0.09520283,1.4381515,0.40971398,0.2341139,-0.51846814,-0.7882654,-0.8689855,0.31039643
LN-215,-1.4220681,-0.58981186,0.8382331,0.20907025,0.09222119,0.68862605,0.67938465,-1.8615875,0.44131547,-1.5115967,0.9910112,0.3687627,1.0454596,0.056899607,-1.4967331,-3.5404432,-1.3077154,0.80708337,-0.8016483,0.99347574,0.6936936,-1.0240744,-0.8658914,-1.3554636,-0.718245,0.13287593
NALM-1,-2.1588128,0.8105102,-0.42415527,0.35308757,3.055558,-0.30480763,-1.1394233,-1.4082869,-3.9290144,-1.5572393,0.17778578,3.0521095,-2.6789768,3.1599185,2.7539659,-3.0168428,1.363229,0.6606133,-4.650862,-0.6734885,1.6979231,0.4490645,0.8858492,0.25364,2.091449,0.14138852
COLO 818,-2.4909966,-2.1926103,-0.25856382,0.97041184,0.9475849,-1.3989761,-1.13063,0.5030881,0.8127347,-1.4180019,1.1469289,-0.9981054,-0.98103654,1.8842418,-0.122595966,-0.9225562,0.1220958,1.1079795,0.2119137,-0.12432611,0.06106423,0.174722,0.26998025,0.26147583,-0.09966782,-1.685703
NCI-H716,1.2165772,0.18307362,1.2337513,-0.44675726,-2.428903,-1.102857,-4.6035748,1.226497,1.1012963,-0.01906956,1.0519567,0.18877473,-3.4787908,-0.49411902,0.3512855,2.2340355,2.7358608,0.11376167,-1.5281031,2.8855746,1.6984098,4.4482646,1.2610546,0.8081608,0.05052571,-1.0144464
KM12,0.16275896,0.8910599,-0.3501682,0.59583443,1.2348987,-0.89198333,-1.0695933,-1.4862028,-0.30551383,0.4436993,-1.2203083,-1.0242387,-0.15406133,0.54850566,-1.2559614,0.8375547,-2.2585216,-0.32983467,-0.777664,-2.2342489,0.30889535,0.40049714,0.43882522,0.73462147,-0.2785281,-0.26862746
MDA-MB-415,-0.6763739,-0.53692734,-0.052403145,-0.8840296,-0.43361977,-1.6581534,-1.6934569,0.3111871,2.9381127,1.0748653,-1.1604226,0.17243609,1.5637382,-0.48877463,-0.80712855,-0.18877319,2.2045095,-0.42347047,1.1119903,-1.6305346,-1.0942299,0.71286833,0.9188782,-0.4708032,1.6884216,-1.2066557
OCI-Ly19,-1.9669317,0.7870132,-0.24869178,0.40212667,2.5754385,-0.042634733,1.080959,-0.6193943,-2.9918835,-0.377154,-0.07725996,2.8811252,-3.1519434,1.9467115,2.559327,-2.0348477,0.8907739,0.96478415,-4.1737623,-0.6084129,1.4848821,0.7914469,0.73355633,0.2724919,0.99369174,-0.04625839
TALL-1 [Human adult T-ALL],-2.9456027,0.6058502,-0.66296554,-0.907372,2.2281606,0.8460328,-0.72434163,0.15922427,-2.0904293,-0.49461,-2.0135772,3.76201,0.290617,2.619385,0.83765817,-0.4678706,1.2460496,0.8060877,-5.6052017,0.1303264,0.8086603,1.8993787,0.948388,0.16634727,0.931579,-0.87671447
JIMT-1,2.0842335,-0.89228344,0.6975839,-0.6732305,-0.76437896,-0.8422784,1.2388521,1.1346476,1.2992172,0.47004926,-1.4901704,-0.51400614,2.6507657,0.3615741,1.9036894,-1.604954,1.6627481,-0.85454655,1.7210245,-0.8552564,-0.7696452,-0.7788191,-1.5267206,-0.06077038,0.92306185,0.28724664
TE-10,0.4962979,-0.43090338,-0.009640772,-0.758976,0.76776534,0.28376776,1.7413582,1.1467159,0.9093416,2.0793872,-1.0310717,-1.1389246,2.3923712,-3.0822976,-0.64070886,1.5318813,-1.2213727,-0.48294902,1.4025083,-0.44741267,-1.7327859,-1.5550756,-0.0026395693,0.56862026,0.19593419,-0.39600834
NCI-H1915,-0.7707871,-1.3423065,0.21692085,-0.7026112,1.1731104,0.41910365,-0.4842301,2.1597974,-0.47805387,0.114091694,-0.39903185,0.20821546,-1.8075039,-0.71850324,-0.5823082,2.3629673,1.6559492,0.0050137118,0.086572394,0.3750771,-0.07913683,0.0046894867,0.08188097,-0.17916109,-2.126281,1.2192336
UACC-257,-1.0547475,-1.3629459,-0.100911036,0.9074575,0.28869095,-0.7312663,-1.1351321,1.3978478,0.6612854,0.40006804,0.55733865,-1.0056819,-1.1718552,2.0660136,-1.2813972,-0.121228,1.084415,-0.05200921,0.5387293,-1.4333926,-0.49751696,-0.08785184,1.6985885,-0.36864358,0.63204604,-0.4737885
HCC1599,0.27343076,0.5572667,-0.20918766,-0.03410302,-0.31893256,0.84721524,1.1870908,-0.2952784,1.2420812,1.5407864,-1.7832165,-0.3731193,1.4794134,-1.7396,-2.408925,-0.37344107,-1.2666942,-0.5436798,0.528511,-0.41634798,0.32197264,-3.3539207,0.38336602,-0.117620535,1.77351,-0.20097208
NMC-G1,-1.0516475,-1.8458347,-0.12758002,1.4222994,2.0489857,-1.7589822,-1.0697695,1.7868251,1.6613945,-0.9847191,-0.34774035,-1.0837924,0.24114703,0.6629954,-0.56812763,-0.2687453,0.55009854,0.07231139,0.61139226,0.51992095,-0.07465041,1.3434644,-0.03429756,-0.88263357,-2.163787,-0.14244063
SLR21,0.33678094,-0.8654485,0.4044639,-0.61263216,-0.76254505,0.33234334,1.5369507,-1.0520867,1.2841684,-0.22224864,1.1735802,-0.26766968,0.49088687,-0.87681675,-1.9817407,0.09364349,-0.2337478,-0.3548536,3.2482855,0.37408227,-0.56592995,-2.001854,-1.2703127,-1.1270415,-0.3310257,-0.5215804
CA46,-2.240893,1.2977909,0.77238894,0.40817752,1.8653322,0.55187416,-0.80020744,-0.2323361,0.6501459,0.086163044,-0.52210534,3.7152333,-2.8812623,2.6503563,1.5670158,-0.7190106,0.35245746,0.67087466,-2.5979674,-1.2166461,0.39759144,0.48685056,0.011623591,1.2420225,0.6652471,-0.7436861
Hs 600.T,-2.0471013,-0.3900815,-2.0104382,-0.19966671,-0.44815627,-0.543203,-0.15550965,0.005995847,-1.0859088,-1.3121729,1.719201,-0.61655647,0.844383,-1.3411492,-0.093119115,-1.0348719,0.9368114,0.59170735,0.7599334,0.8373798,1.0492635,0.6999537,-0.82540125,-0.0899547,-1.6277587,1.1713308
REC-1,-0.55145276,1.1962839,0.8818504,0.6424962,2.0487823,0.69320846,0.7962024,-1.1016816,0.8182442,0.32398754,-0.054273605,2.2722235,-1.4922775,2.089323,-1.0443277,-1.3109615,-0.612969,1.0303816,-2.5993295,-1.3230889,0.9202208,-1.4700837,0.5916737,1.0879785,0.31650102,-0.5642878
T84,2.4376001,0.7105425,-0.23231813,0.8140123,0.30482626,-3.1962888,-0.5200862,-1.6394941,-0.27059093,0.15137726,-0.43381602,-2.30799,0.2991241,1.1402104,2.100289,-0.4579732,-1.073338,-0.96073425,0.37884855,-1.9520864,-0.06267582,3.6475823,0.4409426,0.31932372,0.39167255,-0.32225555
SNU-1077,0.5189306,-0.09780507,-0.5331325,-0.41001314,0.2568576,0.8524344,3.164188,-0.535396,2.8234475,1.1919556,0.24003543,-0.3733099,0.9293398,-0.73538494,-2.4006565,-1.0866107,-1.6076864,-0.14259815,3.012276,1.1006975,-0.15813546,-2.294171,-0.90447426,-1.608299,0.04469459,-0.6188279
Ishikawa (Heraklio) 02 ER-,3.645745,0.77710927,0.13550259,-0.576769,-2.4951766,2.7738976,1.0220264,-3.4636319,1.3019863,1.5096557,-1.658753,1.3047844,2.4050841,-3.0223908,-2.4824455,0.821432,-2.9682317,0.88253254,0.06512343,2.4058394,-0.01775061,-5.889018,1.3102758,0.5385606,0.05177579,-0.7929388
8505C,0.19914299,-3.6131384,-0.24709758,-2.0377767,-0.28792918,-1.1422238,-2.5385146,1.6638579,2.8390515,-0.25716272,-2.7385345,2.063646,-0.63581955,1.3913757,1.8079765,0.19111967,3.0249379,-0.26645672,-0.97999084,-0.23760125,-0.27994078,-1.0241516,-0.8585861,1.3734248,-4.2593503,-2.9898415
NCI-H446,-0.75773907,0.7494649,-0.34253436,1.5374308,-0.2980339,0.92584765,-1.2276365,1.7604522,-1.6222291,-1.8620813,-0.17575279,0.36812913,-1.6846646,0.8767917,0.34004617,0.9724571,0.63207006,0.44705462,-0.67824787,2.2091694,1.2132237,2.2314413,-1.556009,-0.6786881,1.2136686,0.89805275
SNU-668,0.8158966,0.2437338,-1.1438599,0.21368152,0.75680774,-0.07470676,0.051018536,-1.7507095,-0.585911,0.33275148,2.1408982,-2.029907,1.805607,-0.5034626,-0.037119895,-1.6423546,-0.84759086,0.27484936,2.3393328,-0.77247506,-0.86055833,0.8117966,1.9187284,0.37991926,-0.14891863,2.0071359
NCI-H1563,-0.30657282,1.2832686,0.23282446,-0.12547103,-0.7348809,0.79939115,0.11974062,-1.0371323,-0.9914392,-0.009138286,1.966625,-0.25930238,0.2597955,-2.1094925,0.41292953,-0.4447785,-0.60269266,0.27428854,1.2371454,1.227007,0.13947646,0.28523743,0.5097414,-0.83012605,1.1091559,0.93035406
Capan-1,0.7992087,-0.12989105,0.17646025,-0.9602118,0.25198868,-1.7695308,1.4721028,-1.201045,1.0822418,1.5662627,0.22789569,-1.1448011,-1.0177013,-1.2752154,0.9025103,0.6487895,-0.15220657,-1.1163504,0.40408432,-0.7034455,-0.6742287,2.0045304,0.07051038,-0.62873423,1.474922,-0.33955348
PE/CA-PJ49,0.7960957,0.43964994,-0.5664312,-1.2264106,-0.26791716,1.1482985,3.5531619,0.56303036,-0.05900027,2.315098,0.9125251,-1.3313934,2.4971461,-4.630081,-1.126032,1.4901229,-1.5381607,-0.2364192,2.2211542,-0.021745149,-1.9764961,-3.529855,0.8149054,-0.5198392,-0.13928367,0.95123255
SK-LU-1,-0.9062724,0.54770863,-0.8890189,1.4279693,1.0369518,-0.27366892,-1.7056758,-0.036174916,-0.66150916,-0.37180948,1.1148278,-1.5639511,-0.6607119,0.08972539,0.37400612,-0.8498478,-0.5913126,-0.015959881,-0.45629337,-0.9644157,-0.24184123,1.6842723,1.7641044,-1.3018626,-2.0080304,1.6434296
LS411N,0.7187622,0.72650933,0.3415838,0.7379271,0.7303694,-1.4236705,-0.39659894,-2.8506765,-0.8056867,-0.32740074,-1.6018405,-0.5250131,1.5329884,0.7081747,-0.9487838,0.10995151,-1.5005782,-0.25862923,-0.934976,-2.6283336,0.34420574,-0.027721114,0.16381364,1.5468837,0.3707257,-0.124522574
SF767,0.030694418,0.073885456,-0.005913316,-0.9265429,-0.44446713,-0.11213752,1.7208812,-0.15203531,1.1954108,1.7015579,-0.37961355,-0.8052301,2.9025102,-2.83287,-0.60390365,0.63333416,-0.800941,-0.7694866,2.0758905,-1.3129705,-1.329412,-3.3003185,0.1494376,1.8633771,1.6498182,-0.8068577
Karpas-620,-0.45947242,2.4369287,-0.23075642,0.999097,0.9010344,-0.19859464,-1.097871,-0.5441301,0.9757709,0.6562573,1.0443821,2.2163424,-1.5380702,1.1556559,-0.13774562,-1.1403928,0.6047012,0.8688572,-2.9242005,-1.0673418,0.37703735,1.9237138,2.1863139,0.31732404,2.0849895,-0.47964022
GMS-10,-0.7452898,0.24758607,0.5798483,-0.046443373,-0.46006036,-0.33854058,-0.018892303,0.47395623,0.375149,-1.493026,0.44443086,1.0377347,0.40051574,-0.36660182,0.46649808,-1.7068986,1.6164576,0.86852974,-1.3023156,2.2209685,1.2874736,0.14960566,-1.3708115,-1.4386531,-0.7135961,-0.23436883
HEC-251,5.511226,4.6361613,0.72317165,1.6891936,-2.2953246,1.0633333,-0.5421253,0.3935725,-1.1380692,-1.1107101,-0.4165325,-1.6947231,0.12344307,0.39861816,2.2943091,0.5161518,-2.6694512,0.3807452,1.4316609,0.47619313,0.87320757,-0.18862832,-1.1461817,-0.76568806,-0.7133045,-0.8577743
SNU-C2A,5.9616947,2.4556916,1.4398013,-0.19295178,-3.969216,0.61590767,-2.503658,0.49472487,0.18933502,0.18826659,-1.7840157,-0.90954864,1.4537705,-0.84214365,3.8283527,1.0837696,-0.2938193,-0.16855887,0.28582537,-0.079163745,-0.33241516,0.16426788,0.27030244,0.46692887,-0.014219839,-1.6736641
HPAC,2.541277,0.54752207,-0.73836875,-1.3145069,-0.35812387,-1.3791643,2.6693773,-0.17953265,1.0070932,3.1121705,0.58221537,-2.741562,1.2711079,-3.0979064,-0.86134315,0.31297603,-0.46705157,-1.2728307,3.1871736,-0.79136044,-0.8132428,-0.16683893,1.9138131,0.4307887,1.3927311,0.34197316
DMS 114,-1.1217077,-1.199139,-0.09283446,-0.087455705,0.10577668,0.9481401,-1.1329948,0.88303703,-0.7771951,0.20069061,-0.3395618,0.49212223,-0.3258264,0.6269027,0.03905586,-0.75074905,0.63451344,-0.2424918,0.9482562,1.1307434,0.613916,0.011990666,-0.14778286,0.8688513,1.564796,0.62026167
LN-18,-0.96340746,-0.92744625,0.44585913,0.5467698,0.60505605,0.4049191,-0.03896041,-0.93766,-0.25662398,-1.3694938,0.5332456,-0.057019133,1.4250895,-0.55167234,-1.6606528,-1.8645931,-0.66404676,1.118609,-1.4763516,0.4046643,0.37816775,-0.9082174,-0.4336133,0.04825443,-0.7916361,0.7898765
SNU-283,0.64147186,1.3550432,0.040785618,0.31455964,0.911614,-1.4385357,2.027779,-4.014867,-1.3894391,-0.07737408,-0.8190632,-0.88179165,2.6832383,-0.25434354,-0.9683979,0.5320359,-3.045173,-0.50599986,-0.33527336,-2.6727383,-0.45343646,-0.31441668,0.29517734,1.0774218,2.077252,1.4343802
SNU-475,-1.3700228,1.0989919,0.34741294,0.532851,-0.43822375,0.46349293,-0.13195255,0.09791721,-0.60331184,-1.7902691,1.4355108,0.46389997,0.97269005,-0.0428873,-0.04343514,-0.32025978,-0.29161105,0.9074025,0.47409254,1.7163947,0.4951994,0.98700976,-1.4919019,-0.52413833,-0.44130427,0.70858985
IST-Mes1,-1.0262046,-0.05106265,-0.88328886,-0.118981495,0.8544022,-0.06716429,0.043153584,0.23913018,0.68567824,-0.6056282,0.93055755,0.0638799,0.07528502,-0.90537757,0.3154529,-1.2985778,0.52594304,0.12673195,1.6296549,0.83137983,0.38038868,0.28651327,-0.9542138,-0.81569743,-0.71418947,1.0842925
253J-BV,1.6878234,-0.09138797,1.2503643,1.4621544,-0.67806655,-1.4077814,-0.29992524,1.6910578,0.88814425,-0.89917064,0.22145638,-0.9430602,-0.9557152,0.83208764,-0.07351655,-0.671183,0.6963141,-1.0970348,2.4352133,-0.11473651,1.0887579,0.60645145,-1.843825,0.11668468,-1.4669683,-0.9604067
MEG-01,-0.93278325,-1.1078211,0.6235055,-1.2953349,0.19053392,1.1853671,0.25414044,-1.1678486,-1.7729669,-0.06231206,0.23815817,1.7327019,-0.57729864,1.6679984,-0.8215606,-0.9734166,1.3144835,-0.16793244,-1.9953494,-0.5525524,0.27255404,-0.23256145,0.38199213,0.73760813,0.3635375,0.98299354
OCUM-1,1.2108401,1.5293839,-0.3261904,-0.7119025,-1.077958,-0.34700307,-3.510509,-1.6942251,-0.77238727,-0.13787594,-0.77985406,-0.36188555,-2.2417061,0.78166187,3.9374187,3.4867368,-1.099001,-0.06246084,-0.8354458,-0.5750295,-1.5612383,4.427687,1.5076913,-0.27320176,-1.4499184,-1.6398524
OE19,2.3461394,1.1860576,2.85246,-2.3911033,-3.8223956,0.8522761,-0.18487996,-2.074074,0.23320448,1.530959,-0.17810589,0.6806686,-0.25907972,-3.6435022,1.706364,2.8942816,-0.53005505,-0.121188045,-0.47181207,1.2441695,-0.78906935,0.58320755,0.04217565,0.51815283,2.3430781,-1.0733476
CAMA-1,1.853037,1.160297,2.7128148,-1.046566,-3.542138,0.3820941,-2.2047288,0.49607813,2.2243605,0.62285054,-1.1058314,0.9294049,0.50822145,-2.6121716,0.6352848,-0.4578332,2.344838,0.39533007,-1.2253056,1.4417372,1.1668727,0.7206402,0.27395207,-0.15443315,2.5946279,-0.64921707
MOG-G-CCM,-2.5199518,-0.5610357,0.5731009,1.0651067,-0.8506054,0.35798535,-1.173087,0.5853996,0.14438336,-1.4593744,0.021469655,0.8236368,0.90519387,0.829108,0.548616,-1.2509956,0.4240164,0.081627265,-0.20565805,1.6488081,-0.042133145,0.9513282,-0.86030227,-1.5447571,-0.057365656,0.09238427
TE 617.T,0.976995,-1.359757,2.0965981,1.4689811,1.342018,1.4228818,0.6421739,-4.097043,-0.8323999,-1.4367036,-0.30465445,-0.99894917,1.8555456,1.2245585,-2.8913136,-4.4874454,-4.101045,1.1922429,1.5919046,0.4800277,2.4204872,-4.7152815,-2.3713713,0.47307998,1.3920531,0.8732971
UM-UC-1,1.5183433,-0.9160048,-0.4099114,-2.311129,-1.2233908,-0.042851426,3.3558154,0.67691183,1.8107328,2.4189787,-0.79232424,-0.7914192,3.522348,-3.0843477,0.8794929,1.4633883,-0.20845482,-1.4869007,2.935295,-0.747665,-2.8605478,-2.0008745,0.0081606805,0.9821503,1.7861698,-0.2221754
JHUEM-3,0.48427406,-0.42246082,-0.45437354,-0.7996215,0.51050746,-0.028645992,2.3535721,0.029300243,1.7628894,0.19878437,0.016278282,-0.5173204,0.83431834,-0.7303045,-1.0938598,0.52033645,-1.0259147,-0.11328984,2.6233099,0.99061143,-0.70120907,-1.3937904,-1.3157818,-1.6664814,-0.3908897,-0.84745544
HuNS1,-1.0383196,1.7395835,-0.08806848,0.9826917,1.1717844,0.33980352,1.2099825,0.73607314,-2.0976303,-0.06628859,1.2588328,2.523501,-2.3596067,0.99395007,-0.0032841563,1.077228,1.0361547,0.5721414,-1.2735939,-0.83815163,-0.15746713,0.8274414,0.6066255,-0.10730723,-0.5648028,-0.18329331
NCI-H1651,-1.5326282,-0.7838976,-0.5103549,0.7120007,0.7998717,-0.89397866,-0.4536347,-1.1977452,2.1151042,-0.47478145,0.58613205,0.5514341,1.5825739,-0.049092706,-1.3818532,-0.66506076,0.63678765,-0.08120933,1.7075856,-0.15785119,-0.28261384,-0.047989108,-0.5787677,1.0238727,-0.057798903,-0.35712606
NCI-H1963,-1.819456,-1.0061524,-1.501951,0.2620008,0.46055406,0.36206308,-2.8971345,2.4574509,0.9145428,-0.54561645,-1.793528,0.8110612,-3.459392,1.1286926,0.59580714,2.2055664,1.3809161,-0.66730505,-0.75183314,1.6581743,0.2344084,1.7759453,-1.0868273,-0.098641716,1.5479859,-0.11364595
SU-DHL-4,-1.7787904,1.2900571,1.3269734,0.5475043,1.8733326,0.5104108,-2.1868591,-0.22876093,0.36135185,-0.224034,0.15404257,3.7761886,-3.10363,1.9122493,1.1868206,-0.09768152,1.0479383,0.8549534,-2.0272539,-1.2026923,0.2634331,0.39120302,0.69636154,0.8395877,0.16628134,-0.031677756
HCC1937,-0.079888284,-0.224029,0.0044817813,-1.1788081,-0.014710784,0.22567356,1.6467825,-0.14498562,-0.150154,1.5276796,-0.80763626,0.097750194,2.2398732,-1.8369442,0.20432694,0.47513762,-0.03391403,-0.9182836,0.9296191,-1.3702039,-1.8829192,-1.5958784,-0.16009985,0.10080408,1.7014594,0.22459662
NCI-H1048,0.76434743,0.6741988,-0.0779089,0.94610506,0.101613685,-0.8278243,-0.780885,0.85469174,1.234324,-0.57737124,-1.926008,0.2564317,0.634529,1.1935617,-0.8613032,-2.0128522,-0.5049121,0.014293496,-0.46670496,-0.0780101,1.9636141,-0.6981565,-1.266702,1.161318,1.0820917,-1.6924691
KO52,-0.12162641,0.70926356,1.3418097,-1.3956803,0.22489429,1.256317,0.18645835,-1.3490713,-3.3034165,-1.069894,0.9246615,3.9510124,-1.7304659,0.8327198,0.7538141,0.5050251,3.2903616,1.4861033,-4.8990517,0.7820311,0.81594646,0.24853702,2.4645886,-1.7888623,0.3025883,2.061383
G-401,-0.97909826,-0.850322,0.44140473,0.08247138,0.3416005,0.95776904,-0.7980763,0.13104874,-1.6120571,0.036296617,0.56578875,0.41429675,-1.1513644,1.6775368,0.34323865,-1.2798284,-0.2246575,-0.48102334,0.7881685,1.3038007,0.78500694,1.8815203,-0.18076648,0.53753024,1.2872121,0.6301039
KMM-1,0.7510665,3.5400639,0.88528395,1.5464989,-2.0696146,1.3943573,-1.4252542,0.13565513,-2.343849,0.19915432,1.838427,0.66146946,-2.4075358,-0.45034856,1.5937785,1.3464888,-0.51669025,0.5776718,-1.9955757,2.1306565,0.8287776,2.8827505,2.1754706,-0.2156678,1.5547059,1.0100313
U2OS,-0.5427402,0.061074227,-1.9548074,1.219831,1.6056788,1.3069429,-0.8597878,-0.5462828,-1.0277895,0.15711232,-0.4853511,-1.435626,1.1347867,3.378672,1.1355698,-1.7539235,-3.606498,-0.5755743,0.69953185,0.32539517,-0.6538116,1.8836081,1.1762615,-0.89255685,-2.4708388,0.6337565
SNU-175,0.63131946,1.467339,-1.0297599,-0.9957215,-0.77197635,1.6480906,0.26329345,-3.692885,-0.33079064,2.5004501,-0.83971304,-0.38435754,0.2745268,-2.7428246,-2.421981,1.6274283,-3.3973734,-0.28851944,-0.6669332,-0.007828884,-0.14434397,-2.1055825,3.433751,-0.23125717,0.339009,0.84800744
SNU-761,0.10685445,0.77730453,0.06397007,-0.82476926,-0.43985385,-0.01785601,2.8238075,-0.3817883,2.1493719,0.6927978,1.2569757,-0.27334702,1.7891642,-0.67849946,-1.987681,1.4441034,-1.0559306,-0.24777855,4.1740403,1.5369644,-0.76385516,-0.02370932,-0.44473058,-1.0924883,-0.6996175,0.11698979
RMG-I,2.5181055,-0.10301985,0.60873324,0.29495233,-0.7258165,0.69702315,4.0434027,-1.6076577,1.5203139,2.0082045,0.4970054,-1.4215289,1.8598737,-1.6486814,-3.008006,-0.49871635,-2.6878426,-0.761248,3.6751034,-0.7664626,-1.1748321,-4.0092,-0.77770406,-0.42324522,1.4115479,0.2215573
LS513,-0.34845805,-0.0002528727,-1.4117513,-0.56654096,1.3244312,-2.5911932,0.037403047,-2.161215,0.87009394,0.85950077,-0.9822795,-1.176585,0.47443858,-0.4314782,-1.8501867,0.6719616,-0.6206635,-0.8026539,0.03602893,-3.124708,0.15390918,0.58160245,1.0397233,1.5097998,0.79437196,-0.77849925
MOG-G-UVW,-0.628208,0.117663905,1.5611565,0.5324948,-1.0200081,-0.27569044,-0.07185701,0.7806108,-0.3379389,-0.7874658,0.51059973,-0.062286135,0.22114213,-0.43494916,-0.58535254,-1.6870066,0.6538112,0.70614594,-2.3985968,1.548971,1.6388583,0.6054567,-0.37382644,-1.0154607,-0.75897545,0.55488193
MC116,-1.7568082,1.3641459,2.336147,0.034291834,-0.03218452,1.3231134,-2.8139343,1.4816931,0.3532132,-0.3414315,-1.3239509,4.696758,-2.6076033,1.2516116,2.4079485,1.6479347,2.0019035,0.8282926,-2.495473,-0.8277671,0.26177362,-0.31755066,-1.9394454,1.5187987,1.4340948,-1.4742814
SW1463,0.8418195,0.8565987,-0.51998115,0.47661042,0.99122113,-1.810291,0.8557415,-3.7555525,-0.79625016,0.4299051,-0.101402886,-1.4801253,0.45713258,0.14344993,-0.7539192,0.5928457,-2.5732694,-0.078590125,-0.48142987,-1.8429458,-0.07826269,1.4057424,1.3217354,0.5158715,0.8686846,0.6433429
KM-H2,-1.7724397,0.85892516,-1.1948484,0.16049846,0.84653217,-0.14362952,-0.11916858,1.7017857,-1.5533568,-0.0017964244,0.9631804,1.8980209,-3.5289543,2.4468117,1.584316,2.0078316,1.9991148,-0.2736109,-1.0466985,0.6854329,0.20047869,2.8442903,0.58305615,-0.04407825,-0.045299187,-0.72841465
SNU-1,0.118184924,-1.3899355,-0.26873243,0.59462166,1.1127652,-1.7559233,-2.1916986,-0.7470564,0.7935547,1.6086216,0.3772194,-2.1634736,-0.757382,0.5794767,-2.1062756,-5.1192756,-0.34820879,-0.69071937,-0.0069255754,-1.3818076,2.1368725,1.3678455,2.0431347,1.4960322,0.20369713,-0.048610166
Daudi,-2.235671,1.9618714,0.24208003,1.9021443,2.8897521,0.7140109,-0.9519713,0.36893976,-0.79830986,-0.67316103,0.27582625,3.0586283,-2.889017,3.1186092,2.0874276,0.47185585,1.0631341,0.2821595,-1.1251684,-1.9594886,-0.06959054,1.9696121,0.29646203,0.68660414,0.07861304,0.18288167
Sq-1,3.1428409,1.0047908,2.8253777,-1.3513558,-2.1787632,0.40998757,1.2247077,0.98403764,0.3131253,0.2212712,-0.38397807,0.13214238,-1.353632,-1.9074881,3.1270819,1.8274903,0.9897503,-0.42198595,0.17139395,1.8653828,-0.1013418,0.9795705,-1.9492034,-1.5854958,0.4410156,0.45978338
SCC-9,1.3399651,0.99004245,-0.20194404,-0.7167958,-1.8851026,0.8988342,4.395953,1.5790337,-0.9004979,2.0405154,1.0876462,-1.9539462,3.005098,-3.43751,0.04186677,0.80288744,-1.118352,-1.5411754,3.7802522,0.20126449,-1.5742499,-1.9827358,-0.35002092,0.8452875,0.5023001,0.70931846
NCI-H2342,2.146439,1.3828872,0.63564235,-0.38997442,-1.1055685,1.2396952,2.392198,0.3186301,-0.05783701,-0.08216253,-1.6741643,0.2395355,4.298899,-1.6273235,0.21766971,1.7877334,-0.46036518,-0.0032609254,3.2942863,-0.6282923,-1.2325007,-4.057625,-2.016962,0.90505123,2.6268685,1.0515867
MJ,-1.3336399,1.2265579,-1.2704433,0.629678,1.1828954,0.018567085,1.1916646,1.2066882,-2.6419814,-0.26539028,0.5668749,2.6041946,-1.4556177,2.0621984,1.091038,1.4523207,2.3833296,0.28437185,-2.460629,0.682755,-0.3003396,2.7427857,0.76770025,-0.5000438,-0.346966,-0.78292525
Ki-JK,-0.8079287,-0.74496204,-1.7835609,-0.6332764,-0.6132829,0.17672102,0.20060194,3.4650075,-3.6347718,0.017471291,0.5660868,1.3592726,-1.7675836,1.1715846,1.21059,2.393446,4.150364,-0.44527766,-1.8399341,-0.30540252,-1.1654329,2.1765025,1.5060382,0.19936419,-0.45371068,-0.36848295
Panc 08.13,1.5228461,-0.10124877,0.2399449,-0.5382525,1.3632686,-2.1167288,1.1580927,0.0111374855,1.5284681,1.6265056,-0.094057776,-2.1455483,-1.3328302,-1.5858068,1.902446,1.1070683,-0.083554976,-1.5739943,0.5981525,-0.47271338,-0.8706369,3.013965,0.3515321,-1.313529,1.1557841,0.067138106
SBC-5,-0.5565936,-1.5308988,0.489587,-0.019259544,-0.19739924,1.4404651,-1.2122574,0.8370321,-0.95166177,-0.7563034,-0.6584478,0.7841935,0.38000304,1.3789537,-0.66553897,0.5830001,0.45437658,-0.1389768,1.7331493,0.27415982,0.0117445085,-1.0959116,-1.652239,1.4986119,0.4627016,-0.7266664
NCI-H1395,0.99357057,0.10602697,-0.045634817,1.0082535,-1.0934455,-0.87665534,0.3876605,-0.83557135,2.000677,1.3330377,-0.31791604,-0.75730467,3.745226,-1.6063824,-3.8948631,0.4593216,0.71358013,-0.53407156,1.5669556,-2.187497,-0.94570065,-2.3488274,1.4622253,1.2141457,0.9615558,0.84924597
TYK-nu,-0.38914925,-1.0794079,1.2472548,-0.21491458,0.7432993,1.157276,-0.7283517,0.17458093,-2.072028,0.06778252,1.161371,-0.3112872,-3.3558736,-0.561968,1.3776115,0.6467873,0.061320454,0.47487274,-0.8875229,1.7673163,0.7025465,1.2155786,0.09232449,-0.39389852,-0.018379865,1.1218392
OVISE,2.9784143,1.2182739,-1.0185493,1.9873265,-0.17435047,-0.69866604,2.1383686,-0.12838507,1.133872,0.35948345,0.40877107,-2.6897578,2.253228,0.59554553,-0.70519316,-0.77956676,-1.9576477,-1.3330686,4.8111563,-2.2726257,-0.7271073,-1.7405015,-0.832509,0.08900372,0.5326646,-0.3974514
ONS-76,-0.94898885,0.34500197,-1.0528849,1.9734452,1.4316218,0.12447609,0.8538394,0.58018553,-1.1079217,-0.67236483,1.1909251,-1.7916081,1.3069957,1.2529953,-1.0503861,0.6458808,-2.006283,0.10336838,0.8673591,-0.13382983,-1.3335987,1.2970865,0.66525984,-0.62591565,-0.6931996,-0.050504517
HCC827 GR5,2.1719978,-1.4362458,1.14941,-1.6767048,-0.29398346,0.89766675,3.6466155,-0.30034864,1.5651481,2.078572,-0.7735593,-0.73960674,2.5275607,-2.6879606,-1.6000723,1.7661842,-0.7785636,-0.9210541,3.5091538,-1.1187832,-2.4934545,-3.0742729,-0.33772755,0.3767642,0.8185487,1.0333431
SNU-349,-1.3675883,0.6415388,0.30313227,0.47054273,-0.8017235,0.29533964,0.4181761,0.11388165,0.8778879,-0.09012087,1.4578446,-0.06558095,0.6643841,-1.2354872,-0.4389204,-1.4758642,-0.5669377,-0.4619223,2.4238288,0.84332997,-0.14112109,-0.27515593,-1.1197817,-2.0707254,-1.4287326,0.39837044
TM-31,-0.5787873,0.5789165,1.2433598,1.719716,0.6840655,0.085781194,0.60842776,1.0172828,-1.0178654,-1.9787754,0.119794086,-0.12191724,-0.13581401,0.98385954,0.5509736,-0.14372429,-1.7759856,1.2853096,-0.31934863,2.4700127,1.3356575,0.7560736,-1.0865216,-1.419629,-0.68895197,-0.23164131
JHOC-5,1.7067748,-0.14158608,0.36067596,0.11022808,0.92065287,0.5140754,2.492161,0.13645467,1.1761525,1.0200746,0.07954364,-0.99101704,0.09414417,-0.9497331,-1.5351949,-0.105108075,-1.5549759,-0.667077,3.6973,0.33700755,-0.23204893,-2.172172,-1.24865,-0.97094285,-0.9451356,0.080580525
KOPN-8,-1.8948778,1.0697892,0.2256294,0.4004386,3.2554388,-1.4919041,-0.6558442,-2.0311167,-2.1803699,-0.89724267,0.87262434,2.9651198,-4.9498706,3.5983043,3.7620678,-3.406681,1.5571699,1.0840316,-5.2235203,-0.4924507,1.8255424,3.2897549,1.4270508,-1.178292,2.3291008,-0.1202852
786-O,0.2800331,0.034766115,1.9046723,-0.107899435,-0.93745035,0.56504774,0.8540015,-0.016182411,1.553272,0.13419792,0.89839166,-0.034054317,0.12649313,-2.278451,-1.6890984,-1.509617,-0.5701003,-0.04696818,1.2260052,0.73511505,0.83931756,-1.8236419,-1.8183568,-0.48706037,-1.7374581,0.112457484
A2780,-0.4248812,-2.1103377,0.6812905,-2.3113654,-1.3770795,2.8265736,-2.0634422,0.85737526,-2.2996836,0.04925263,-1.9906512,1.945944,0.2789695,2.8146374,-0.3502966,-0.73442495,0.18105455,0.07367736,0.00074361823,0.39884523,0.5963015,-0.7859446,-1.2334881,2.4215224,-1.7943513,-1.9131826
BL-41,-2.1651688,1.3365958,1.1327451,0.27661878,1.8979622,0.88858896,-0.27184343,-0.17309311,-1.5590482,0.5015103,-1.0529684,3.3346934,-2.7868965,1.5208113,0.7157196,-1.0969443,0.07251617,0.6248763,-2.4795232,-0.8619731,0.9119764,-0.0046960562,0.12984142,1.3319206,2.328473,-0.5267033
CAS-1,-1.5178899,-0.89979655,1.55122,0.3769199,-1.6388215,0.23688361,-0.61180586,1.3237616,0.19971603,-1.4482213,0.24479227,0.19590043,0.48797625,0.22990465,-0.24006017,-0.5652523,1.2328281,0.5011985,-1.7860714,2.006272,0.47824198,0.60168666,-1.1974804,-0.910779,-0.37918028,-0.34419018
COLO 849,-1.138484,-2.202978,0.55049837,0.7491823,0.8646453,-0.73790187,0.033818647,-0.92222553,1.0557525,0.025323778,1.1171974,-1.9117181,-0.4404364,2.1992304,-2.0250394,-2.9603534,-1.3285062,0.6139627,0.5060563,-0.931495,0.44820222,-0.9062494,0.431397,-0.18357082,0.5211374,-0.6031465
HCC1897,0.51326466,-1.1412765,0.9964184,-0.75099814,0.37826863,0.8102931,1.562944,-0.73605174,1.2057171,0.6227195,-0.2774685,-0.5635622,1.845296,-1.7031478,-1.9106638,0.17537197,-0.4745595,0.011288181,1.1961946,-0.8647337,-1.4542482,-2.0330522,-0.28974804,-0.50758785,0.5528618,0.53459966
SK-MEL-2,-1.1934059,-0.8141948,1.1100392,0.5193138,-0.8998362,0.5857122,-0.54557604,1.8925569,-0.24963632,-0.19913149,0.6048426,-0.37989366,-1.1863852,0.79825735,-0.12411861,1.4296066,0.752133,0.20170037,0.54730755,-0.2323519,-0.7833988,-0.99265426,0.8996726,-0.37110263,0.5964211,-0.14124219
HT-55,0.46941924,1.3398439,-4.0951843,0.80744445,2.9657428,-1.2205433,-2.021456,-2.7600832,-2.5452456,-0.12074688,-1.3533909,-2.419659,1.4950962,5.0368023,1.2444957,1.6830591,-4.585491,-0.42976043,2.097616,-4.368468,-2.075237,2.0738232,3.1529877,0.48649627,-2.755821,-0.02098953
LCLC-97TM1,2.378721,-0.06591399,-0.06682663,-0.45637047,0.30911392,-0.55604506,1.3508531,0.62246203,0.98604226,2.0094452,-0.57892776,-1.9941933,0.055924416,-2.9649725,-1.4809847,0.9176017,-0.21375401,-0.44344237,0.7799679,-1.3158528,-0.8448627,-0.7696286,1.186332,-1.3914279,-0.078071564,0.3583567
NCI-H196,-2.0464382,0.11659643,0.19552785,0.2488403,-1.068806,0.018449282,-1.3046361,0.76554585,0.5392847,-1.7098981,0.9146496,1.0390621,0.08243947,0.017658528,0.64997023,-1.6887658,1.2068745,0.43997705,-0.9131029,2.5991569,1.5500506,1.9808846,-1.679905,-0.50943464,-0.17971607,-0.08195686
SK-N-FI,-1.8123953,-2.7553897,-0.9928064,-0.9777329,-0.44823426,0.5114277,-2.3561788,2.856019,0.21442837,-1.2515501,-0.84294283,0.03626229,-2.9929938,2.267087,0.95740914,2.2983203,3.046854,-0.57986134,0.3477515,1.8265595,-0.14843193,3.1775188,-1.0856539,0.1288847,0.6016109,1.5945525
SUP-M2,-0.9723582,-0.22503701,-1.7744293,-0.3145797,-0.19518457,0.25719202,0.8119332,2.8080308,-2.055285,0.09778912,0.695064,1.2459309,-1.5170732,0.761882,0.58055395,1.8759915,3.1596284,-0.25572088,-1.6180221,-0.33054343,-0.79420024,1.1952773,1.366893,0.38637298,-0.41502714,-0.8389815
U-87MG ATCC,-0.6294443,0.89494205,2.6802814,0.9386448,-2.3305774,-0.13539521,-0.9930589,1.8031143,-1.918045,-2.0208256,1.1729174,-0.35797015,-0.98667353,-0.5854281,2.3107271,0.32648134,0.7658275,0.09014022,-1.8348343,1.3584642,0.94777805,2.175652,-1.4443789,-0.77162915,-0.5628477,1.1146555
COLO 320,-1.2588218,0.56500465,-1.0894828,1.4868367,1.9926707,0.78290975,-0.116776496,-1.3823651,-1.7494757,-0.2939302,0.06269659,-0.6906771,0.123338595,1.5944648,-1.8865002,-1.616398,-2.275892,0.13276695,-0.28517944,-0.19074567,1.239066,-0.035528228,0.5559545,0.74131846,0.7935417,0.6116683
NCI-H2444,2.1690216,0.24027656,0.8797498,-0.070075125,-1.0687143,-1.323808,1.5793481,0.89378893,1.6427723,1.4868872,0.06465295,-1.5283848,-0.71976763,-2.237722,0.86253697,-0.8622839,0.9608201,-1.0719924,-0.29615,1.1687003,-0.009649368,1.5007222,0.7152798,-2.2471473,0.3170334,-0.09200752
AZ-521,0.8003763,0.20027596,-1.1709807,1.804526,2.7459617,1.2854759,-1.1706102,-3.1962812,-1.8573499,-0.20233713,-0.43772727,-1.8817135,0.82151145,3.2429929,-0.92784953,-3.2807767,-5.512381,0.08504044,1.734811,0.08833133,1.5209801,-1.109081,1.0985456,0.33693898,-1.407787,0.5236314
SF172,0.93093675,-1.8542315,1.1312813,-1.5394428,0.211676,0.30469072,2.6250496,0.46832308,0.017075837,1.5339313,-1.2820706,0.4342331,1.5506878,-0.82403,1.173918,0.4958703,0.04085681,-1.0471308,1.8325902,-0.07796705,-1.6951177,-1.0137938,-0.57183915,0.25843447,0.75873077,0.4337275
LoVo,1.7947934,2.3563871,-0.23152632,1.2336425,1.0715606,-0.72210085,0.39098352,-2.4656844,-1.6043513,-0.027986165,0.26404864,-2.253902,0.65100974,-0.22528931,-0.15741116,0.22733061,-2.6441667,-0.1410913,0.21392234,-0.97293335,0.80925435,1.3002019,0.58393407,0.08922947,0.526246,1.5357988
M-07e,-0.8889438,-0.5799749,0.3116796,-1.1503967,1.7735152,0.42869487,0.87960654,-2.318387,-3.4500153,-0.80737895,0.40159538,1.8701258,-0.52830654,2.720725,-0.6929941,-1.5009135,0.9750657,0.8355223,-3.8439417,-0.6739966,1.3377614,-0.2890172,0.3956815,0.29031268,0.43795922,1.4596463
SW1710,-0.13109589,-0.0756868,0.06548408,0.2461589,-0.45629236,0.7576198,1.4802288,-0.3257208,2.1093004,0.5044536,0.7615006,-0.64207566,0.36889422,-1.5308,-2.9279644,-0.80714744,-1.1895113,-0.05966763,2.77147,1.0098236,0.32331872,-2.43901,-0.8585023,-1.5391016,-1.5529859,-0.015472409
L-363,0.5824153,1.9944903,1.1775309,1.0699388,-2.4774742,0.78242654,-2.4726088,1.4145222,-1.7009069,-0.6916287,0.3204448,1.4286114,-0.89815956,0.9053354,-0.26528385,0.7383769,1.2869475,0.38221166,-2.5861166,-0.039676785,0.92743546,0.9963201,1.1367831,1.2330381,-0.57263094,-0.9702415
NALM-19,-2.2013416,0.8220272,-0.05610687,0.29958475,3.0830731,-0.23091644,0.29248196,-1.525655,-2.626182,-1.5528108,0.1232501,2.9032936,-2.3549364,1.6739781,2.9032555,-2.556501,0.9203974,1.1350344,-4.6305065,-0.5180625,1.5863073,0.50143135,0.31311366,-0.062235817,3.2091863,0.2647649
NCI-H2347,2.0440521,1.4246726,0.99709564,0.6696347,0.61715645,-0.9284328,0.13032317,0.7025952,-0.28560913,0.14571062,0.11804513,-2.0508575,-0.65728116,-1.7244276,1.7982864,0.53399014,-0.56363523,-0.55220264,0.2724651,0.1708153,-0.1952104,2.0332754,-0.22293207,-2.3365645,0.52705026,1.5061239
CL-11,-0.36587834,-0.41812897,-1.4526749,-0.1705472,2.744813,-1.5485181,-2.512005,-0.97341007,-0.7600192,0.8706391,-0.062461942,-1.8417481,-2.0879712,1.6596549,2.445311,0.5429743,-1.6967971,-0.5782582,0.9121117,-0.6702399,-0.6422495,4.21623,0.14141144,-0.9247054,0.12558329,0.11763866
NCI-H292,1.7745801,-0.9826753,-0.5717494,-1.4959981,-0.25229758,0.050652724,4.0041037,0.5371146,1.4646739,2.4642708,-0.5369625,-0.9599899,2.97646,-3.6157923,0.1783443,0.7260393,-0.41312534,-1.0637543,3.0510228,-0.36030883,-2.119606,-3.1686497,-0.80711967,0.23786603,0.2935705,0.093774535
MG-63,-1.8259475,-0.30867812,-0.65173423,0.25085822,0.23160075,-0.52333176,-0.8460364,0.372854,-1.3745059,-1.3004048,0.7835284,0.10891821,-0.6029901,0.031177089,0.7647279,-0.7136466,0.89523876,0.500457,-0.64282864,0.48709863,0.94490427,0.8871299,-0.41206536,0.07638627,-0.63614243,0.9110363
HLC-1,1.1747184,0.23388791,1.0086133,1.7567095,-0.0268501,-0.5662334,-0.5137938,0.5836077,0.096022345,1.7267969,1.3522694,-2.6946304,-0.5095689,-1.7291476,-1.5170588,-1.0865664,-1.5858154,-0.8085361,2.168327,0.2581925,0.77031827,0.74961317,1.588206,1.0940397,0.5920851,-0.7759609
KMRC-3,-0.2016418,0.8578635,-0.48892537,-0.03685993,-0.39450914,-0.2915775,0.86129,0.28427893,1.4741703,0.17122628,1.4038817,-0.20321627,0.68030524,-1.6766926,-0.17931564,-0.0042994097,-0.3325422,-0.66795343,3.814399,0.637236,-0.23691234,-0.61634237,-1.0081347,-1.3828548,-1.3430054,0.13387866
NCI-H2052,-0.68159056,-0.9221853,-0.2625816,-0.35611075,0.8391208,-0.49242002,0.2934726,0.44142148,-0.53800654,-1.1081709,0.6303905,-0.19069631,-0.180171,-0.71462756,0.9531045,-0.93229604,0.5966547,0.10174812,0.49863756,0.4896764,0.3815698,-0.2813172,-1.0790747,-0.2781042,-1.5799422,1.2205156
IGROV-1,3.9994175,-0.7150591,2.354299,-1.5942172,-5.2526197,3.7509882,-1.7953122,-2.4216764,3.080735,1.3230441,-1.8661658,3.0361295,0.99826276,-1.7690802,1.5317376,0.6905207,-0.98856795,0.49864435,0.6200739,2.6034184,-0.9460098,-4.574233,-0.5442807,1.627093,-1.4129138,-3.6238182
NUGC-2,-0.62648535,-0.5499878,-0.075036526,-1.9532993,-0.13623586,0.11040405,2.3406258,-0.020886406,1.2725325,1.8097041,-0.0072500706,-0.6001263,3.665714,-2.5413318,0.5321297,-0.1045105,-0.8836264,-0.44530046,2.2756698,-0.7087385,-2.1284897,-1.3431915,-0.24717954,0.5934734,1.1453899,-0.40617687
Hs 746.T,-1.2275927,-0.5600131,-0.009171365,0.9452728,1.0307165,0.05945184,-0.16351034,1.5105934,-1.2861247,-1.0865661,-0.45861635,-0.72147995,-0.12643734,0.43353528,0.24282292,1.5626134,0.51218355,-0.23328552,-0.46900782,-1.0416495,-0.9344689,0.39586222,0.44298032,-1.5158851,-2.7539327,2.535623
OCI-Ly10,-1.105329,0.97509617,1.6566135,0.23678236,-0.27332047,0.60572803,-3.6794858,1.7752209,-0.17789307,-0.08801533,-0.20550896,3.5403106,-3.5179663,2.1595578,2.104877,1.1429113,2.3872077,-0.041083384,-1.7411417,-0.11038895,0.6622534,2.3530698,-0.9191309,1.51888,1.4213543,-0.79920506
NCI-H2066,-0.7480015,-0.13287617,0.07305705,-0.053258717,-0.74519527,0.4705342,-0.9317161,1.0451164,0.49846235,-0.510552,-0.17898095,1.066257,-0.49882776,0.33568078,-2.1044157,3.2647188,1.3286289,-0.5217882,1.4427882,0.8136494,-0.23193176,0.93978786,-0.37888303,0.6231357,-0.13549112,0.25773013
Hs 742.T,-1.4406891,-0.32502145,-2.0515146,-0.14635651,-1.0719786,-1.0019642,-0.36436597,0.91615546,-1.17057,-0.8351785,1.5070114,0.026653208,0.40036488,-0.8064088,0.6327384,-0.28385246,1.9506506,0.032614455,0.8300207,1.2086232,0.76333654,0.7491506,-0.7906998,-0.22499916,-1.614551,0.6977768
AGS,7.2032313,3.6512048,0.2878659,1.0231459,-2.8106759,-1.6085854,-1.7239386,-1.3931309,0.38147366,0.3593463,-0.62509495,-2.7708807,1.1463807,1.1394151,3.9710793,-0.8633399,-2.1069782,0.030448556,0.23842883,0.16492194,1.347284,3.250893,2.0097644,0.8385451,-1.0262004,-1.0835775
NCI-H1781,2.181047,1.7317449,1.0252186,-0.75578,-1.1377089,1.3410757,1.188993,0.19669813,0.8493698,1.4519908,-0.75691193,-0.49189466,0.5353893,-3.0185122,-0.09087573,2.8020725,-0.0499412,0.37145478,0.47350976,1.053001,-0.80422306,-1.1141442,0.4759112,-1.7551897,1.7321622,0.50790507
COR-L51,-2.3488045,-0.64266217,-1.2938095,0.72296816,0.8864703,-0.10975928,-1.715129,1.2648196,0.8498001,-0.98618305,-1.7791959,0.5394822,-2.7760422,0.36601532,-0.7129267,1.5361694,0.3309281,-0.4696722,-1.2865851,0.6829299,0.6657873,1.1003516,-1.6843894,-0.6904446,1.3397596,-0.5438863
NCI-H841,-0.008431849,-1.0899318,0.20549376,0.18730666,0.53455436,1.4785613,-0.6152186,0.0123690665,-0.36163485,-0.4154494,-0.8682934,0.31289488,1.1660901,0.5549779,-1.5563121,-0.77350205,-0.8322547,0.43555686,2.2629852,0.9536491,0.7593945,-2.451395,-1.7700562,1.1351918,-0.06358173,-0.30541584
Kuramochi,-1.3092932,-0.2110911,0.27188873,0.09698489,0.6251524,2.0968206,0.9125354,-3.04888,1.0893562,0.0804288,2.1097975,-0.5982112,0.51226777,-0.3056404,-2.6110063,-2.1326632,-3.992048,1.1810521,1.8011272,1.896606,0.089166075,-1.5047903,-1.1509445,-1.0955471,1.5469216,-0.85449857
SCC-15,2.8224287,-0.26053405,0.30651003,-2.0046897,-3.343658,0.47970447,2.8270862,2.4918413,1.8876854,2.295151,0.59025383,-0.6558434,2.2392433,-4.9738,-0.626657,1.7239729,0.7028641,0.08983961,1.8832407,1.1991534,-1.2634455,-2.4768908,-0.047109902,0.75309443,-1.2273856,-1.7887361
T1-73,-2.041551,0.05392202,-2.2154007,-0.38561067,-0.63839054,-0.5589798,-0.14481746,0.2563956,-0.92855936,-0.8171118,1.9401845,-0.5212188,0.6184863,-1.5242403,-0.17257473,-0.8348533,1.3559134,0.5441713,0.0863484,0.64529175,0.9200135,0.47108924,-0.42300454,-0.044958986,-1.4362845,1.0513618
Mel JuSo,-0.90917367,1.0878849,1.4075294,2.70591,0.44250047,0.06832827,-0.86139303,0.6593542,-2.6827943,-2.3668652,1.2767286,-1.8900636,-1.287968,2.5652926,1.9418141,-0.085707396,-1.8614345,0.18805668,0.28463322,-0.58245516,0.0027198866,0.8418061,-0.33711654,-1.2590928,0.04505928,1.5537647
SNU-738,-0.47502387,-0.9131164,-0.07982,-1.5434465,-0.3779593,0.98438805,0.46028084,1.4753592,0.1202797,0.11786285,-0.7689228,1.4705999,1.7630599,0.41771123,1.44276,0.04394734,1.1147912,-0.19551143,2.577593,1.0984504,-0.67732114,-1.093697,-1.5312936,0.86001056,-0.4695678,-0.05113507
SJSA-1,-1.2740761,-0.18892534,-0.6071346,0.53816295,0.38338205,-0.0966445,0.23011327,-0.51815516,-0.22360034,-1.9135596,0.88752115,0.032220036,1.2219187,-0.018193029,-0.78957415,-2.1035516,-0.26416463,0.7677484,-0.6861494,1.517445,1.1764317,-0.16085376,-0.62217236,-0.65419334,-0.8969022,1.5868571
DLD-1,3.4092689,0.77728415,1.2461115,1.4214699,0.5703666,-3.4654324,-0.57025313,-0.7891361,1.5701143,0.67542136,-0.97318995,-2.090027,0.10522069,-0.14282522,0.57203704,-2.705533,-0.76679647,-0.9578333,-0.5488877,-1.2402748,2.1739445,2.2867122,0.18877779,0.82806516,1.3695891,-0.3491742
KP-3,1.0280039,-0.3958017,0.46852198,-0.11680452,0.8239423,-1.4507072,-0.37005594,-0.4333662,1.1162972,0.23368177,0.94886595,-0.6474263,-1.780208,-0.9986681,0.9829708,0.7456762,0.85549045,-0.62097245,2.2659147,-0.055879172,-0.09779857,2.617836,0.0063668974,-0.40850472,0.18323126,0.042162225
COR-L95,-1.3287804,0.01089418,-0.6493893,0.7784009,0.39047983,-0.19985041,-1.5022353,-0.57872665,1.0162522,-1.3782992,-1.3385416,0.609717,-1.041592,-0.10631802,-1.7977986,1.0331427,-0.2846334,-0.14073952,-1.5572362,0.23369503,0.5374994,-0.5312722,-1.5272096,-0.46551934,1.4187423,-0.7324075
HEL,-0.9024434,-0.41906297,-0.42496282,-0.8400596,1.8085831,0.44200325,0.30720353,-1.8075689,-3.2066553,-1.4889938,0.2555715,1.6105652,-0.45651728,4.610047,-0.36202782,0.032315403,0.96795094,0.11220864,-2.5082843,-1.1879296,0.38287115,0.77150095,0.23424834,-0.12722594,-0.2896293,2.23912
Hs 729.T,-0.6438096,0.8018848,-0.9131654,0.27246812,-0.39984858,0.1469643,0.59684026,0.5125676,-1.5792911,-2.2195728,0.8049679,-0.054821447,0.9031615,-0.82938844,0.03012948,-0.5969568,0.67268866,1.0660309,-1.5263714,1.7080898,1.466996,0.4787602,-1.1726943,-0.55669874,-1.2639295,1.4531248
JK-1,-0.7881559,-0.34238756,0.7249507,-0.6065229,0.63482165,0.37219945,1.68736,-2.1529996,-3.51868,-1.1722307,1.0918609,2.1174436,-0.6077435,2.0892568,-1.8325399,-0.94350374,1.4424434,0.66506433,-2.8796592,-0.7953167,0.99360937,-0.03109444,0.12200084,0.5987034,0.540695,1.2738938
MDA-MB-175-VII,1.4844989,-0.06742342,0.6531547,-0.47402382,-1.2495493,0.07505842,1.4139363,-1.2953824,0.99087286,1.1669056,-1.8750873,-0.33404407,4.041316,-2.2008464,-0.29922476,0.7286397,-0.19601351,-0.7804215,1.6563859,-1.4756858,-1.9422555,-2.7821138,0.22713846,-0.11096366,4.7328134,1.119573
NCI-H647,0.811533,0.3659508,-0.77190197,0.16925529,0.49343294,-0.9990882,1.1237466,0.5878931,0.15809256,1.0246849,1.2304353,-1.4306087,-0.036779523,-3.0103717,-1.2179857,0.39688855,0.5866988,-0.2234532,-0.07001889,-0.29216403,-0.35415724,0.5856974,1.3463736,-0.63121104,-1.2319638,0.7418054
NCI-H1105,-1.9921956,-0.5173832,-1.561469,0.14568973,0.782078,0.02645053,-1.7189857,1.7994108,0.31068146,-0.6886484,-2.032998,0.8906083,-2.888631,1.18226,0.4784558,2.0968874,0.98739964,-0.49789104,-1.0611042,1.4891692,0.84901565,1.0511771,-1.0880792,-0.3060828,1.5209084,-0.43488884
TC-71,-1.6671838,-1.4135022,-1.0409266,-0.12522745,0.31695893,0.5429018,-0.44603696,0.80871737,-2.057271,-0.06097956,-0.629213,0.17907259,-1.133035,0.76394516,-0.25505638,-0.44611102,0.8624029,0.06651467,-1.9472361,0.3330546,0.5619481,0.70220184,0.07677274,1.126636,1.1176846,-0.6980134
KYSE-180,0.42716807,-0.16205731,-0.12694441,-0.65582,0.5861637,1.5610005,2.6235228,-0.10272616,-0.49323776,2.5727572,0.22457905,-1.4566393,2.1963723,-3.844614,-2.0808172,1.292827,-3.0856283,0.02227224,1.0375246,0.41365558,-1.1272453,-2.8831716,1.061098,1.0895795,0.713649,0.5417352
SNU-1079,0.46183527,0.6057233,-0.21795523,-0.3525037,-0.4145587,0.4478281,1.9747186,-0.027019814,1.1483762,1.0772787,1.1287633,-0.8775594,1.1690282,-1.6593231,-1.5742255,0.97078824,-0.43224296,-0.7479367,4.5454583,0.6467423,-1.0859424,-0.8415549,-0.50793415,-1.1358573,0.3340108,0.7957955
Caov-3,-0.092708714,-0.3464212,0.43550292,-0.071826674,0.1976133,0.20745493,1.1985092,-0.88603956,0.83694565,0.21453816,-0.6863629,0.34015292,1.9905325,-1.2160045,-0.61207056,-0.7584006,-0.84388936,-0.22671893,-0.15795264,-0.4314805,-0.8711482,-1.175051,-0.9412649,-0.30301815,0.9643731,-0.00519903
SNU-520,2.675226,2.7162504,1.1552218,-0.43678176,-1.9702294,0.08525765,0.016726866,-3.2022061,-1.7215734,0.52581155,-0.18763149,-0.6115531,-0.36074403,-2.0897748,-0.5510421,2.1412747,-1.9875574,-0.61879027,-0.5577947,-0.7543731,0.43764675,0.24193282,1.0862015,-0.20291024,-0.0006107297,1.330836
HCC15,-0.26570705,0.9496365,-2.6424577,1.695552,2.4948611,0.33306834,-2.657342,-0.9155328,-2.5610785,-0.7551413,-0.38046294,-1.7010355,0.669658,3.0813906,2.7285948,1.5894676,-1.9731913,-0.619413,2.2306094,-2.2097988,-2.833125,2.7019958,2.525169,-0.9615803,-2.6688645,1.3305508
NCI-H209,-1.1108959,0.8321483,-0.7457334,-0.00037994608,-1.0022336,1.7568367,-1.9021348,0.37822488,-0.9510001,-0.42687938,-1.0113429,0.8968766,-3.3725379,-0.7414596,1.1653131,3.5439322,-0.22981092,-0.5373287,-1.452974,2.813983,0.09066883,1.3853908,-0.39927033,-1.2646474,1.8293875,0.36743438
HT-29,-0.13257635,-0.66060376,-0.6073526,0.88508034,1.0871263,-2.734321,-1.974783,-1.2627293,1.6793951,-0.025695145,-1.2354654,-1.0597469,0.12567233,3.8191447,0.7132703,0.016248718,0.73817617,-1.2627064,0.6714959,-3.5219958,-1.1653504,3.2320004,-0.77829957,0.4126678,0.24054131,-0.9354085
OE33,-0.02331452,-1.0158643,-0.18627563,-1.1732472,0.8626342,-0.16599937,0.5210345,1.085152,0.9069935,1.4654125,-0.86397034,-0.08568642,-0.97025865,-0.6501498,1.5107129,3.109901,0.9855371,-1.2575227,2.3064215,-0.42712915,-1.4963251,0.57909375,-0.7228292,-0.34293178,1.3206733,-0.5183302
SLR25,-1.060626,-0.7371916,0.8942109,-0.6510151,0.7133143,0.29928878,0.50463843,-0.9763155,1.8504629,0.10674296,0.54708195,0.63036627,0.23158874,-0.31913698,0.26141468,-1.4685352,-0.899995,-0.6241704,1.5147456,0.6503299,-0.39627063,0.44190738,-2.167225,-0.7532808,-1.2830712,0.14303362
EBC-1,-0.35761714,-1.2539916,0.8895076,-0.9738163,1.3978738,0.15668556,0.41248733,1.8063428,0.8991841,1.0542747,-1.4635333,0.41907644,0.11601609,-1.2927741,1.7577378,2.793602,0.9430547,-0.7585525,0.27166036,-0.5337186,-2.3021386,1.3652682,-0.63988364,-0.38969618,-0.3020589,0.4477998
COR-L47,-1.0012485,0.33184606,-1.9427452,0.71366805,0.639115,0.55897117,-3.0217774,1.2306068,-0.13277406,-1.1683469,-1.117861,-0.10182295,-1.8597733,2.3751917,-0.67332065,1.7739913,0.15294166,-0.2752333,-0.4725882,0.26592982,0.49185967,1.6590149,-0.8232189,-0.5048918,0.60730535,0.08978489
LS123,0.68163437,0.25075817,-1.776002,-0.37991643,2.0214138,-1.2995259,0.5866164,-0.49861938,0.040635202,1.6677878,-0.65022856,-1.9823122,-0.72117007,0.6190517,3.2633142,0.0017732978,-1.2081664,-1.0337366,1.402882,-0.41103208,-0.8952008,2.8984175,0.83750755,-1.4509224,0.28334796,0.6602556
RL95-2,2.4525201,-2.696146,-0.8286265,-4.1741967,-3.8211012,2.7210426,-3.0795696,-2.3898242,3.509611,4.1293516,-3.9807363,3.2042935,1.9816219,-4.7527847,3.5192866,1.5081352,1.303214,-0.06405093,-0.52549344,0.36464608,-3.4288125,-6.6687794,3.371315,2.0967636,0.49891692,-3.9083948
YD-38,1.2064854,-0.791064,-0.5261291,-1.5415125,0.21833923,0.008742733,3.0814393,1.849984,0.57135373,2.276516,-0.35800594,-1.0200067,1.1390551,-2.8580735,0.042418834,1.573196,-0.022672603,-1.293408,2.5041838,-0.74785477,-1.8320388,-2.8661454,-0.2966313,0.17434865,-0.5689435,-0.47948268
NCI-H211,-0.9971224,0.47121608,-1.1075629,-0.44408727,-0.13297114,0.50296926,-0.6213175,0.50587624,0.14237906,0.8326068,-0.96904725,1.0753747,-0.3476342,0.555128,-1.118869,1.0719857,0.07892687,-0.5861752,-0.052655112,-0.07993686,0.093744285,0.3226862,-0.0734427,1.3779556,1.3220214,-1.2080418
MHH-CALL-4,-0.9479736,1.4059503,-0.23443961,0.7898426,2.755485,-1.6676009,1.5850023,-1.2770694,-0.33603597,-1.0138016,0.71080196,2.5819876,-3.685475,2.1812696,3.1905317,-4.033111,2.1405597,0.4972502,-5.2790027,-0.56988525,2.546747,2.6805804,1.8100767,-0.044078767,1.5039399,0.10928545
NCI-H23,0.909413,-0.609561,1.1837003,-0.2306841,-0.2986956,2.2636726,0.34045866,0.23947379,-0.681711,0.7550778,-0.445637,0.9107783,0.029002696,-1.6864568,0.2229313,1.6147873,-0.6206911,-0.19656551,1.5392191,1.913745,-0.7770702,-1.5880194,-0.20135923,0.68832815,0.035936117,1.3395524
SIG-M5,-0.818553,-1.2134099,0.108524844,-0.36800557,1.6303401,-0.4022615,0.667195,0.40469593,-1.6915673,-0.24045831,0.03620989,1.7922872,-0.8575403,2.289138,-0.8413976,-1.4127872,2.9957714,0.3900485,-3.2791588,-2.4980814,-0.07369916,-0.8790249,2.9627223,-0.7798689,-1.7383417,1.8106143
8305C,-1.7370346,-2.3055289,-0.87912273,-0.59869015,1.3762255,-0.8623588,0.37024716,1.5400457,0.9483858,0.1320588,-0.11595794,-0.73724484,-1.2270147,0.360428,-0.56358945,-0.3637305,0.36854753,-0.18959785,-0.102505855,0.3763572,-0.016789243,0.3300998,-0.34344375,-0.94817084,-2.8671465,-0.48780775
ZR-75-30,1.4132233,0.9483839,1.9081601,-1.6007628,-2.2533233,0.17622547,-1.3900108,-0.050306134,1.1378385,0.91032845,-0.78407514,0.114235215,0.120585166,-2.6333323,0.53689706,0.1736967,1.141693,0.2327492,0.29162878,0.38146263,0.13990541,0.4449067,0.397772,-1.5633742,3.1593585,0.3262825
HuP-T3,1.8890715,0.38100916,0.4857748,-0.6281222,0.2877695,-0.3107187,0.27150506,-0.96542746,0.12508097,1.1931237,0.47754154,-1.1591038,-2.210011,-2.390613,2.1510267,0.92265284,-0.759979,-0.42023924,-0.34891143,1.1135471,-0.29332548,2.2346725,0.57788104,-1.8128476,0.619123,0.66171
KLE,-1.3105557,0.49934986,0.12040329,0.94349957,0.73608166,0.26167157,0.4522358,-1.4436523,1.7585518,-0.48885816,0.8570032,-0.06994778,0.817218,-0.43534407,-1.542764,-1.848404,-2.5198607,0.4128607,0.71866095,1.0321553,-0.102302395,-0.61312836,-1.2116563,-0.14832337,0.85029906,-1.2673047
NCI-H1581,-0.73493105,-0.44869536,-1.0973371,0.7184266,1.504046,0.9023737,-1.1884522,0.0063934624,-2.1759303,-0.11435083,-0.045661077,-0.6870272,-0.10182361,2.256141,-0.88122547,-0.13508104,-0.61747533,-0.25009558,1.4735688,0.32544002,0.6116818,0.9271984,0.79818654,0.38962013,0.4731943,1.2482342
NCI-H2452,0.3336474,-0.35958815,-1.1583676,-0.45986995,0.3325365,-0.028799348,0.1555776,0.7755791,-0.28846592,-0.34593144,1.1106974,-0.20370267,1.236226,-2.1443431,-0.27280277,-0.32434988,1.3683589,-0.13156469,1.9633527,-0.19566458,-0.49399778,-0.6787341,-0.6452255,-0.22612236,-1.7775724,1.1746109
RCC4,0.023732468,-0.20453821,0.91681874,0.017817765,-1.4158916,0.6973073,1.908177,-1.2442981,2.0602422,-0.13348013,1.006661,-0.14093518,0.85025847,-0.9436031,-2.3037205,-1.368965,-1.0453098,-0.44916365,2.746701,0.58003503,-0.09064809,-2.422034,-1.3704432,-1.5077026,-1.4882607,0.039313875
Kelly,-1.354584,-2.7938573,-1.6302612,-0.5722776,-0.33450553,0.4232638,-1.1433698,3.0103765,0.2847575,-0.9478609,-1.5745245,0.7856051,-3.544509,4.0202446,1.2814796,1.9559745,3.114015,-0.74072236,-0.42713663,2.7697034,0.6585296,2.8887162,-1.5644653,0.63556147,2.0340621,1.3789195
NCI-H684,1.4978796,1.9981248,-0.79151195,-0.46425945,0.07832028,-0.90982294,0.022869527,-3.7753088,-1.6991935,1.2644488,0.9684173,-1.2593609,-0.2064189,-0.03468439,1.3617753,1.912954,-2.8690958,-0.09708193,-0.40715733,0.14509663,-0.482564,2.5929983,2.1078236,-0.18976384,1.1996375,0.67303926
VMRC-RCZ,-0.6433387,0.36076063,-0.29326212,0.41059858,-0.22204703,0.111294165,-0.33464712,-0.24160123,0.25958443,-0.24615599,1.2522154,-0.4496017,-0.43433052,-0.3062963,-1.3880308,-0.53415877,-0.42874262,-0.2347923,2.1808925,0.28210497,-0.03472928,-0.24827328,-0.783047,-1.396459,-0.60420823,-0.1924773
Caki-2,0.4189791,0.827387,1.6277429,0.62333965,-0.6081179,1.2342322,0.82924575,-0.91472554,0.9236776,0.5009463,1.830133,-1.2071252,-0.48179778,-2.5022826,-0.7851722,0.32231626,-2.5157595,-0.24475503,2.4443865,1.6284349,-0.30518174,-0.20165953,-0.54148257,-1.4482039,-0.27683783,0.640772
MDA-MB-157,-1.5583968,-0.048111264,-0.8564989,0.31016794,0.7082437,0.8699608,0.2654508,-0.58054733,0.41319773,0.25794008,1.0214262,-0.6580243,1.0504775,-1.2202437,-3.0079968,-1.8443372,-1.1287091,1.1057198,-0.26890287,0.97383696,0.699969,-1.078572,0.3121276,-0.5629678,-0.18772468,0.5198309
NCI-H1568,1.7778734,0.113101065,0.25431776,-1.1851728,-0.9255147,0.95609224,1.8031497,0.29828525,0.7078632,0.76784843,-2.0194669,0.77598846,5.032308,-1.9338614,0.14093612,0.2598044,0.5408168,-0.55491555,3.016928,-1.4049516,-1.7522715,-4.619518,-1.0688438,1.5816178,1.911734,0.8375934
HCC1419,0.40950888,0.6963659,0.97738284,-0.08232607,-0.75973654,0.51275694,-0.21430789,-1.4875066,1.4923298,0.8544012,-2.038443,0.12864785,2.800095,-1.6073476,-1.6241807,-0.18975048,-0.39691234,-0.12612616,0.95961475,-1.0013115,-0.7037904,-2.7895875,0.46028885,-0.79934835,3.5347278,1.5791074
Hs 604.T,-2.0276752,0.2770049,-1.8145773,0.43296105,-0.473602,-0.8594375,-0.4369471,-0.84944445,-0.4836087,-2.0987043,2.1400688,0.23864263,0.25431448,0.711107,0.050455138,-1.5717716,0.8364444,0.66689765,0.09652279,0.47120067,0.6164365,1.0507327,-1.1799934,-1.3186113,-0.6170003,-0.30456716
NCI-H1437,0.019725963,-0.12432238,0.6454847,-0.23526126,-0.52068543,0.13307342,0.2677974,-0.53991425,1.379512,0.453909,-0.43817532,-0.04285735,3.1014404,-2.1075113,-1.0085406,1.7270881,0.37387466,-0.2769751,1.6272428,-1.0967007,-1.8962168,-1.3759809,0.35379738,0.25365168,1.5079639,0.7336488
KU-19-19,1.2108552,-0.99780226,0.023666646,-0.5882781,1.1802799,0.33571255,2.793099,1.2153335,0.38528022,1.4775574,-0.48586577,-1.4150763,1.7238507,-1.954367,-0.87430155,0.697477,-1.2646437,-0.1658614,1.4962481,0.07840823,-1.1602007,-2.2052164,-0.17347768,0.46801278,-0.3909812,0.69284016
COV644,0.09729135,0.61881554,-1.3585789,-1.0507715,0.847776,-0.7293509,1.380401,-0.3653522,0.5968832,0.7698688,0.1121305,-0.30220267,0.83486485,-1.3751895,0.9815059,1.0006148,0.35705224,-0.3847325,2.3467298,0.02030395,-1.1383607,0.27577826,-0.033578217,-0.85755295,2.0360637,0.7645044
Jurkat E6.1,-2.7240202,0.2991486,-0.47638988,-0.65491194,2.5004034,0.46412638,0.9003337,-0.65183246,-2.1091547,-0.104562044,-2.4496434,3.0362961,-0.026769146,2.3805456,1.104148,-1.863204,0.30125153,0.5775044,-6.3822355,0.19209166,1.4394494,0.6954951,0.594748,0.05358264,2.0388412,-0.7754572
KP-4,3.3157547,-0.2565094,2.3790607,0.5743482,-2.0921004,-0.6546611,-1.7375854,1.7801176,1.076947,1.2867787,0.8511947,-1.4032121,-3.2856932,-1.6692508,0.78187597,-0.84619254,0.91668415,-0.621325,0.010153642,2.7538655,2.114799,2.2619476,1.3743863,0.4143412,-0.15692669,-0.7280054
SNU-1076,2.6890824,0.8299725,-0.7725914,-0.5203851,-1.3288938,-2.0855963,2.3670883,2.3557744,1.5219889,1.4569038,0.2735213,-1.7707847,2.5492058,-1.7685665,1.2454739,0.4223735,1.235329,-0.626398,3.844936,-1.7964056,-1.3048879,-0.7476999,-0.2414433,1.116862,0.61508816,-1.2944323
Hs 343.T,-1.4262937,-0.66526747,-1.5177093,-0.22683424,-0.34075135,-0.59177005,-0.3253579,0.24398477,-1.005509,-1.3290924,1.220624,-0.48391348,1.0935518,-1.1446007,-0.38074023,-1.1245283,0.6600318,0.6204335,-0.43448344,1.1474242,1.1105717,0.05269278,-0.6884064,-0.090174064,-2.0142047,1.431464
RCH-ACV,-1.1680113,2.248953,-0.5864902,0.28935286,1.3563848,1.1688367,-0.71539617,-2.7226155,-2.9660735,-0.4022487,1.4002074,1.9858104,-5.001375,-0.6255417,4.6573815,-1.7338289,-1.2370529,2.0987074,-5.7103095,2.864678,2.0996342,1.6671015,2.569596,-1.0018821,2.4339375,0.50792265
COR-L311,-1.2792413,0.5250447,-0.64550346,0.49101907,0.4185459,0.6630787,-1.562072,0.30049464,1.1875372,0.091229826,-1.8688965,1.1571186,-0.8338632,0.67950726,-1.1259893,0.03137355,-0.4536236,-0.3858926,-1.0875906,-0.13582918,0.5578983,-0.07132299,-0.6114365,0.636927,2.4835665,-0.56362236
UACC-812,1.9384997,0.47837755,2.1242049,-1.081324,-2.6777775,-0.036572423,-1.7199023,-0.6556251,2.1321354,0.6113677,-1.3882716,0.38650334,0.8543389,-1.952699,1.2811909,-0.69473416,1.8624785,-0.1386002,-0.107758045,0.77089703,0.107676,0.00010224432,0.25656524,-0.7922264,4.0050154,0.72739714
JHH-6,-0.7657864,1.7603594,-0.09131535,-0.30562538,0.6438817,0.18760946,0.7813314,0.5656901,-1.4036226,-1.0679873,1.4791434,-0.5317207,-0.5514479,-0.6787025,-0.6644031,0.73666906,-0.64908814,0.72540265,0.45805565,0.8637911,1.0469593,0.9443597,-0.5492077,-1.5976746,-1.6264447,1.0067178
SCC-25,-0.51977336,-0.30488402,-0.8375067,-1.1220269,-0.3880827,0.20220958,2.3456404,1.7235641,0.6471976,1.747796,0.68488467,-1.0265503,2.380802,-3.131842,-0.89280856,1.3348403,-0.29381645,-0.35088658,1.3778955,-0.38821733,-1.9390508,-2.27899,0.19242385,0.89651066,-1.6859351,-1.0561212
SNU-398,0.34837848,0.32272762,-2.1679459,1.9824523,1.584339,1.2382727,-1.7038826,-1.5624328,-3.0919294,-0.41781026,-0.6523842,-1.4078822,0.25083828,3.4702625,0.00024305284,-1.380847,-3.1556048,-0.14366099,0.8131123,-0.1434872,0.5773889,0.13394512,1.9070129,0.18131123,-1.158331,1.1268445
A-1207,-1.147691,-1.6622314,1.22154,-0.08483629,0.25964534,-0.0578769,1.0420649,0.05906537,-0.048047595,-1.0401666,0.10356845,0.31664026,-0.1688146,0.0662097,0.2214607,-1.2742262,-0.34824616,0.1937857,0.068834,1.2248507,0.5808644,-0.6767194,-1.1277776,-0.42802823,-1.9224006,0.7195897
GCIY,3.274558,1.3360316,2.6373007,-0.75573075,-3.3686233,2.1523945,1.304065,0.19069345,1.3769255,0.2335705,0.7592926,0.3517592,0.30174294,-2.4573321,-1.7417068,1.6682631,-0.08973962,0.34556237,2.5405262,2.665038,0.73907536,-2.251222,-1.8084075,0.02342619,-0.23906997,0.19913928
H4,-1.3356915,-0.084388316,-0.575979,0.90917027,-0.09880201,0.027825952,-0.17078874,-0.32165772,-0.9036076,-1.2994859,1.4426998,-0.5943693,1.398352,-0.8016537,-1.386899,-1.2393823,0.09167374,0.8437172,-0.99570507,0.12901911,0.028892716,-0.22046503,0.11842418,-0.2691688,0.06737288,0.80961156
OVKATE,0.72408724,0.15628625,-0.35445762,0.69227684,0.1973804,0.21422698,0.6590034,-0.4734773,1.8584666,0.7143785,-0.53315157,-0.70477897,1.7468129,-1.4803,-1.5096654,-0.18506429,-1.379603,-0.22484441,2.5569642,-0.26358464,-0.9302784,-2.5934434,-0.90152735,-0.6349662,2.0260637,-0.6779089
MDA-PCa-2b,1.3992304,1.5527321,1.474455,-1.2676961,-2.2082105,2.57896,-0.39011973,-1.9283044,-0.3126126,2.0761292,-0.914306,-0.046733856,1.4453356,-3.5277371,-2.5933664,0.9965662,-1.7998204,0.041900933,0.89813197,-0.1647274,-0.008280722,-2.930385,0.8724976,-0.6867915,2.122897,1.9452715
SNU-620,-0.435592,0.46133223,0.75940704,-0.6126384,0.13972549,-1.2497439,1.371882,-2.6952984,-0.13693327,0.6657364,-0.74503416,-0.21787094,0.7600268,-1.437596,-0.9891228,1.4285215,-0.7433357,-0.71318936,-0.34899962,-1.7056985,-0.42276883,-0.18248487,-0.22484192,0.19008504,1.9808706,0.30995366
BT-474,1.1480992,-0.61394435,0.46368277,0.3759402,-0.43004754,-2.0400574,-1.9481409,0.033514187,3.3918104,0.60243917,-3.1788259,-0.44170654,2.692407,0.48818207,-1.2182086,-2.3105185,1.2212209,-0.87068564,0.39399582,-2.9586115,0.27188653,-0.97742534,0.4234496,1.0424703,2.769274,-0.53669
SNU-46,-0.6318521,-2.0089605,-0.5365368,-0.9153149,1.2170236,-0.0047174226,0.30085328,0.2490938,1.4448353,-0.16963746,-0.72161835,0.35682487,2.191944,-0.6833407,-1.3430643,-0.23202378,0.17788982,0.5420147,0.23224813,-0.9358046,-1.1445813,-1.7263597,-0.8037817,1.3078481,-1.9945409,-0.5848204
SK-LMS-1,0.7925025,-0.1365466,0.7346475,0.24954893,-0.68726116,0.501827,1.1770093,0.07323237,-1.4945843,-3.0524874,0.9230675,-0.6091251,1.833742,-1.8557152,-1.8442146,-0.06434205,0.5497535,1.3253456,-0.78441805,0.46622476,0.8828432,-2.1251628,-1.1269445,-0.7271957,-2.880884,3.0817444
NCI-H1339,2.575737,-0.35770205,0.9924449,0.32394478,-1.3600132,-1.1149386,-1.1256322,2.0770464,-0.19109541,-0.3515492,-0.2829261,-0.5099603,-1.3027661,0.571298,0.32279596,-0.43954092,1.9117713,-0.02447618,-1.2231954,0.46619108,1.7991829,1.3634722,0.6097729,0.2623501,-2.61122,-0.9586059
HGC-27,-0.17259742,0.3631815,-1.3802832,1.4942105,-0.06908263,-0.19424024,-1.4245428,0.8392244,-1.7174175,-1.5688134,-0.40816706,-0.7675577,1.6741138,2.640194,0.37788862,-0.6558197,0.447213,0.078324296,-0.516127,-0.5991465,0.61382097,1.4235476,0.17114842,1.9229944,-0.082413524,0.82697415
CHP-212,-0.32951364,-1.8229148,-0.82031953,0.07432012,1.0412445,-0.15873173,0.11322862,0.124584876,0.13871092,-1.8454666,0.05965665,-0.796468,0.38386598,1.4352424,-0.18801688,-0.5036512,0.028546937,1.0808059,-0.29985392,2.1311448,0.6734601,1.353097,-0.70903534,0.31071964,0.7171793,1.4211876
TEN,4.0509195,1.207653,0.76508135,0.6637653,-1.223783,-2.9703765,-1.4748962,1.3323555,2.4518058,0.31424776,0.43993467,-1.5277891,-2.3203754,0.2601111,0.6533874,-2.0889883,2.0990238,-0.2358621,0.97461414,-0.4436255,2.0391784,2.338498,-0.46685433,-1.1273674,0.41580686,-2.435612
EFM-192A,2.245262,1.7796791,1.893025,0.87361896,-1.4412651,-0.050655827,0.17733657,0.19385152,0.05286193,-0.9518501,-1.6800045,-0.44503587,3.396469,-0.68927014,0.56715685,-0.7539168,-0.23709,0.12280826,0.96702087,-1.4198935,-0.108106375,-1.23435,-1.6967914,-0.068845645,3.1066594,0.69937027
KHM-1B,0.35699335,2.0086095,0.7423916,1.9740349,-0.22718698,-0.59925836,-1.6689634,0.13359424,-0.18259403,0.021163732,1.0767434,0.3943891,-0.17305861,0.88138646,-1.6834335,-1.6056535,0.028352052,0.37588477,-3.1881645,-0.9930912,0.98210335,1.4884946,2.1936147,0.38812172,0.8855872,0.047914527
RMUG-S,1.160011,-0.04111129,-0.009717105,-1.1784899,-0.74160624,0.09794974,1.5462277,-0.08911462,0.9200455,1.7981427,-0.6889314,0.1485982,3.7426744,-3.1348908,1.1117375,0.331301,0.56991744,-1.0533824,2.4523187,-1.0465945,-2.1534111,-2.104901,-0.10714355,1.3818601,2.6602843,0.7884686
SK-N-DZ,-1.4373984,-1.9575698,-1.4426273,-0.10660529,0.6331194,0.43850338,-1.0765008,2.3238847,-1.8245685,-1.0215536,-1.4040363,0.13015142,-2.8478353,2.1986737,2.229617,0.77060467,1.9239783,-0.88994575,-0.8106475,2.355056,0.8858641,2.9521675,-0.76033294,0.06022117,1.5305806,1.7040219
TE-9,-0.09736514,0.050897747,-0.46847188,-1.0329707,-0.12594837,-0.14838748,1.5330338,0.9821632,0.6605794,1.2270606,-0.3725571,-0.8016043,1.6872252,-2.967414,0.56563884,1.9364451,-0.07933765,-0.80892265,1.3278108,-1.0803046,-2.1247365,-0.68858445,-0.14030477,0.9032213,1.6078205,-1.1400247
GOS-3,-1.0162503,0.55824447,0.65988785,0.9221737,-1.564085,1.3744467,-0.6904417,-0.36446074,-0.79548347,-0.9011167,1.9542313,-0.20510347,0.5319871,-1.5981414,0.14433824,-0.42359754,-1.0177985,1.1706519,0.58078444,2.6581016,0.24635458,-0.60258114,0.22026126,-0.7135537,1.2483335,0.49167854
A-375,-1.3589708,-2.9937124,-0.11201145,0.6417803,1.9456822,-2.0181572,-2.0584722,0.30932564,1.0934206,-1.2666272,0.035719737,-1.1857502,-0.37221864,2.7160423,-0.3126738,-2.1906881,0.19408083,1.1826571,-0.9735441,-1.7900224,0.1149203,0.6475416,-0.082735784,1.418637,-0.64257,-1.4789476
NCI-H2106,-1.5497483,0.51851505,0.15876137,-0.15823776,-1.7644147,2.3947294,-1.5350153,0.9589412,-0.6893199,0.35752594,-1.4223285,1.3182334,-2.0018272,-0.87211496,0.30974212,1.7294793,0.011532198,-0.90601456,-2.05235,2.033137,-0.05073704,0.20520258,-1.0753044,-0.44442952,1.6807978,0.1337894
JHOS-2,0.17095399,1.6113316,-0.12580474,0.32272568,0.57382256,0.040471893,-0.3052257,0.6245197,-0.1124171,-0.78824234,-0.28342462,0.33161798,0.28337806,-0.86168665,1.5196204,0.5238166,-0.5298936,-0.01889043,1.3227708,0.38056436,-0.004303368,0.11280716,-2.0614808,-1.6175499,0.34590644,-0.0834971
NCI-H1092,-2.004607,-0.15796134,-3.8944108,0.9319456,0.52409667,0.6680554,-4.1398153,2.434181,-0.6984348,-2.4062953,-2.6559768,0.5237175,-2.4140787,4.8193507,2.0412672,4.180661,1.080353,-0.7275765,0.78615546,-0.27547294,-0.7479822,2.4237432,-0.9404824,-0.4787938,-1.5693731,-0.66304576
NU-DHL-1,-0.082581475,1.8410562,0.8090915,1.4959462,2.161452,-0.7041775,0.63384867,-1.6126341,0.08347887,0.3828045,1.8056247,2.231074,-2.5037756,2.155406,0.46681777,-1.2075912,0.58549297,1.4275175,-2.9601872,-1.2475532,1.4423124,0.8500657,2.023101,-0.19093737,0.11339933,0.043716162
ABC-1,2.1082633,1.7984312,0.038646404,0.3470778,-0.4635421,0.47728088,2.7811677,-0.21321961,0.22495571,0.62868625,-1.0960429,-0.13168298,2.5260434,-3.209885,0.23208655,0.25803155,-0.9313207,-0.07171322,2.2094226,0.42549166,0.077325046,-3.1177967,-0.63122314,0.48516357,2.462395,1.6380544
GA-10,-2.4523616,1.1693995,1.0180135,0.41828954,2.2106102,0.7866749,-2.3933773,0.06673099,0.44739673,0.282674,-0.7934172,2.3672185,-3.0412097,2.1371608,1.6153424,-0.44559446,0.050300837,0.5989931,-2.6322463,-0.8862634,0.86736435,0.5482272,0.35449362,1.4892626,1.669175,-0.5603079
SH-10-TC,0.5759708,-0.606727,1.7699199,-0.778003,-0.45345202,-1.3942908,-0.42404854,-0.074344315,0.98161864,0.05916836,1.4135919,-0.7799214,-1.9963953,-0.36041933,1.089851,-2.0134985,0.5092712,-0.2145801,-1.0144207,1.6526406,1.6054674,3.5288107,-0.16776542,-0.407967,-1.0805229,0.15574756
TC-32,-2.535524,-1.6072751,-1.0643938,-0.098476246,0.5135406,0.055321425,-1.1153003,-0.07428056,-1.6283103,-0.81246287,-0.24284582,0.10339041,-1.890814,1.3027495,0.5985293,-1.8607271,0.112859055,0.0769013,-2.6080668,0.6131131,1.0901847,1.1496753,-0.49153125,0.5344327,2.1484332,-1.1802869
COR-L23,0.07653576,-1.3170922,1.4386072,0.03475012,0.63413364,0.24786276,0.35682094,1.1117986,-1.3535047,-0.8654273,-1.7911897,0.3508384,-0.8952417,1.3832972,3.8583486,1.4091326,0.36873698,-1.4320198,-0.7287789,-1.16203,-1.5565625,1.7866044,-2.414626,-0.38747984,0.8531307,-0.054297023
HL-60,-0.48522115,0.16089594,0.9796305,-1.0025091,0.5661241,0.9451835,2.2437558,-0.6245091,-2.5795004,-0.63121957,0.14613804,2.5672016,-0.12452705,2.077069,-0.33453304,-0.84793156,2.061742,0.76099014,-3.8628924,-1.2512507,-0.011225466,-1.1948185,1.4784092,-1.3046136,0.6757977,2.8611884
SK-N-SH,-0.4328245,-1.9253368,-0.77968675,0.7812269,0.80214345,0.23761675,-1.2956961,1.0949228,-0.6821658,-3.0037858,-0.57756925,-0.09669146,0.6863624,1.3411313,0.046422817,0.4386083,0.76510936,0.9324224,0.4856003,1.9067804,0.47375846,0.24725229,-2.5114214,0.22998026,-1.3903792,1.3021809
T98G,-0.93321323,0.6177013,-0.3961841,1.2159871,-0.18799603,0.44335917,-1.19327,-0.13543326,-0.9660158,-1.6726589,1.3197049,-0.8315464,1.7572469,0.19101277,-0.54515123,-1.2210904,-0.5339921,1.2599486,-0.20399834,-0.0049095526,-0.18991728,0.13655752,0.17617735,-1.0707941,-1.5180634,0.7274796
SW1417,-2.1776175,-1.4914627,-1.0962876,-0.08230399,2.5808578,-1.4268194,-2.8857155,-0.13487107,-0.35214537,-0.1810951,-1.1242648,-0.99091727,-1.0303771,2.1039686,1.8455116,2.2040443,-0.83365136,-0.9982431,1.2124238,-2.4165573,-2.1176825,3.6559367,-0.42238235,0.32341933,0.018642507,-0.5504794
BHT-101,-0.6342963,-1.5364404,-1.2651181,-0.06093532,0.47598723,-1.425522,0.42359293,0.35369286,0.62421733,-0.19503112,0.9792744,-0.39023635,-0.13844909,0.74197096,-2.3111892,0.96808153,1.7037883,-0.52773046,0.576925,-1.1169775,-0.81112444,1.5572995,0.39218193,-0.7776733,-1.8364297,-1.1459802
HCC78,-0.5435831,-0.39100486,0.1578534,-0.6728819,1.3024657,-0.3377913,0.43845826,0.5666957,0.5443939,0.08892129,-1.1497474,0.415667,-1.4982493,-1.4334204,1.963626,1.9747144,1.2168288,-0.649112,0.068746716,-1.0742737,-1.3300899,0.818215,-0.7988896,-2.3429565,0.24316424,-0.18713939
HuG1-N,-0.13963877,1.8115461,-0.4521442,-0.4657324,0.09508853,-0.11605378,0.14363028,-2.9063811,-1.8059099,0.71968615,0.5148413,-0.91042596,-0.69750273,-1.5483098,0.43639696,1.9896072,-0.92440027,-0.112786874,-0.30069053,-0.765759,-0.81115997,1.4773735,1.1994804,-1.0618465,1.0231735,1.4453055
647V,1.2753154,-0.7669808,-0.6536558,-1.4312862,0.41675875,0.29356867,2.53159,0.8639801,1.9001166,1.6009308,-1.3700085,-0.031369224,1.9450758,-2.0027509,0.46615922,0.30353257,0.1552391,-1.1067195,2.0846286,0.27923805,-1.5333474,-1.7791836,-0.99683255,-0.5335355,0.39768016,0.54031956
Hs 940.T,-2.2183347,-0.2602623,-1.8574015,-0.27455145,-0.49579048,-0.64780843,-0.14136174,-0.40823972,-1.282052,-1.0575607,2.052166,-0.7742233,0.22533797,-0.2616055,0.33016884,-1.9283469,0.3308388,0.66310394,0.19604412,1.1891874,1.1668077,1.109188,-0.95722955,-0.5117862,-1.0434699,0.6001745
MSTO-211H,0.46010503,-0.83216953,-0.3364891,0.4019814,1.0773314,-0.49293506,1.0824562,-0.04514154,-1.1419898,-0.82360774,0.96084017,-0.58259714,-0.35212743,-0.9123114,-0.88861066,-0.4515714,0.0066511035,0.4685862,0.15064645,0.5074537,0.83793306,-1.0220898,-0.29905057,0.4164003,-1.2731978,1.31965
SF126,-0.9335479,0.18455367,0.93455684,0.30179673,-0.8279715,-0.7494085,-0.33957174,1.039485,0.2420913,-1.5287644,0.68975824,0.31994915,0.09008584,-0.31051943,0.94598585,-1.4523686,1.1331798,0.39091486,-1.2723062,2.1829095,1.513033,1.6753037,-0.85814786,-0.7500241,-0.4895694,0.5249118
Evsa-T,2.7245517,1.5462694,3.324593,-0.3412475,-3.8336112,0.4807142,-3.0981715,-0.5452894,2.1856575,0.8277239,-1.429323,1.1793019,0.82343453,-1.9087194,-0.2537938,-0.65968966,1.2357318,0.5034185,-2.0166984,0.608588,1.5042793,-0.96361035,0.12138747,0.51760983,2.797016,-0.7403465
U-937,-1.0318866,-0.30808753,1.9383906,-1.0632536,-0.6220119,0.9704123,1.01911,1.1139871,-0.38266045,-0.89985776,0.4852839,2.856607,-1.7828028,0.9861317,0.905337,-0.44325316,4.119619,0.7491293,-3.8039157,-0.6920634,0.10922125,-0.29113474,1.0230441,-1.6422354,-0.20981291,1.8260487
SNU-719,3.6840274,2.377938,-1.3556782,-0.15296756,-0.93299156,-0.29078868,-0.53584033,-3.2298536,-1.3928727,0.7812093,-0.72094566,-1.9455955,1.5190387,0.6880533,1.528687,2.2345536,-3.3376703,-0.274327,0.6430937,-1.8963094,-1.4338626,0.79642016,2.3967605,0.40748817,-1.3098181,0.28950605
CAL-12T,1.626102,-2.0520625,-0.25483543,-2.4781704,-0.55430984,0.6279264,2.630516,1.1482747,1.501012,2.8377383,-3.1760852,0.18641497,5.2759104,-1.8206626,0.020696908,0.7005778,0.876599,-0.94622445,3.0551531,-2.1799197,-3.099958,-4.308463,-0.3340989,2.3768275,-0.06643723,0.17582193
Lu-99A,2.256505,-0.57474923,0.95394385,1.5826757,1.2901574,-3.1041265,-1.0758346,0.06421813,0.28598583,-1.0923291,0.8779134,-2.2209845,-3.024703,1.6503137,0.64894545,-5.457689,-0.29549417,0.17086154,-2.0938888,-0.11786173,3.9129932,2.4600365,-0.4080555,0.35678253,-1.4168168,-0.19762494
SK-BR-3,-0.83692247,0.009939209,0.41395876,-1.0278006,-0.3863469,0.62930423,0.2573892,-0.4392436,2.1846833,0.7753124,-0.94895804,0.27323985,1.436943,-1.6645641,0.8144752,0.19813412,0.53509754,-0.4359414,1.7198672,-1.4974935,-1.8824118,-0.45030743,-0.00062903017,-1.1618104,3.5097466,0.5213362
KCI-MOH1,2.2689085,0.50975895,-0.80557287,-0.22883058,0.17056826,-1.7243934,2.7479324,-0.49813467,1.689959,1.7819515,1.5041599,-2.4265451,1.4745798,-2.6669116,-1.5607209,0.24833006,-0.6169949,-0.014070302,2.10486,-0.3284793,-0.23779085,0.034061387,1.5718042,0.71040237,0.71570736,0.61229146
HEC-108,5.39533,3.1186645,0.36001238,-1.8863753,-5.491653,5.92536,-2.667194,-2.4427629,-0.2546906,1.8016205,-1.1673111,1.4136118,-0.869929,-2.180878,4.401494,4.090859,-2.8123474,0.47106302,1.6604884,3.976382,-2.0157022,-2.5842204,2.5594816,-1.8697512,-2.321856,-0.6464824
ChaGo-K-1,0.35866678,-0.36022818,-1.372943,-1.5048519,-0.7987367,0.30734417,0.398904,0.7366501,-0.12207987,1.534107,-0.721493,0.08046131,1.5635638,-2.0017369,-0.52850664,1.2185502,1.4464507,-0.4927637,1.9786956,-0.6386725,-0.79232717,-1.6394331,0.9053961,1.5359308,2.438113,0.24514118
MOLT-16,-0.6416117,0.83086234,-0.124516666,-0.23303571,1.175906,-0.6609979,0.78205454,0.32694975,-0.124488354,-1.6541779,-1.5506102,3.2090368,0.4756949,3.8349545,0.6903205,-1.8340917,2.3874617,1.0004714,-6.034471,-1.0163466,1.2171903,2.4557638,0.07793208,0.26424024,1.0781604,-1.6346877
PANC-1,0.03637238,-0.63839114,0.8583021,0.5592267,1.1739978,-0.56145036,-1.255089,1.1172624,0.7799544,0.62011427,0.59263486,-1.0132395,-1.8111061,-0.30578274,0.7146517,0.25042865,0.7106558,-0.43874848,1.2573049,1.1071784,0.10425779,2.6862223,0.7190923,-0.9775099,-0.41436854,0.63759506
PaTu 8988s,1.4655322,1.0179317,0.35870144,0.37379748,0.354256,-2.2886722,2.0050635,-2.2286823,0.7253283,0.9493535,0.61631244,-1.2851987,0.045751527,-0.58633107,-0.7046423,0.24519983,-0.89929914,-0.48677114,-0.107315026,-0.4211077,0.5780906,2.062865,0.96355116,0.4256723,2.075228,0.31469896
NCI-H2029,-1.1534127,0.03595909,-0.3384715,0.4660982,-0.18798062,0.0151625145,-1.1213176,-0.36606514,0.9730053,-0.9650309,-1.3336834,0.74716294,-0.68470496,-0.22610655,-1.9159006,1.4202373,-0.05584671,-0.5205313,-0.82491654,0.020095259,0.11404719,-0.58980066,-1.5065677,-0.19348025,1.4744991,-0.5792649
TUHR14TKB,0.29473892,0.58581424,0.17104787,0.3606782,-0.9817261,0.61826897,1.0684984,0.05139038,1.2573528,0.61898696,1.3149606,-0.73221624,1.403997,-1.9664762,-1.4272878,-0.24741045,-0.5335393,-0.9261526,4.2998595,0.3103299,-0.7687059,-1.5651066,-1.118019,-1.1157246,-0.48212916,0.4540072
NCI-H889,-1.8887146,-0.8916129,-1.0804348,0.17365572,0.018481536,0.08101186,-3.061922,1.2081097,0.47063014,-1.253224,-1.2163342,0.96251416,-2.0137506,1.2195771,-0.75700724,2.480454,1.4608103,-0.51607245,-0.45864764,1.0094377,0.39323026,1.0646623,-1.3281484,-0.35048637,0.8402988,-0.17243443
NOMO-1,1.0311803,0.6031352,0.8081712,0.051479384,0.9927992,-0.8322376,1.6068913,-0.25166824,-0.5245892,-0.73311514,1.9297117,1.0402588,-1.1812116,0.4511333,-1.0027206,-2.3886595,2.2183042,1.2052937,-3.8566756,-1.9794693,1.3341475,-0.5051623,2.8669415,-1.5919414,-0.42234546,2.5825255
COR-L24,-2.0598621,0.64494276,-2.6974778,1.3893262,1.139427,0.3607473,-2.459066,1.1781929,-0.9677236,-0.4284138,-1.5522116,-0.06080945,-1.6937288,1.424214,-0.032986507,0.54778475,-0.7371258,-1.0281001,-0.4590316,0.0020443797,0.47976625,2.0744295,-0.36051556,-0.38397285,0.62638855,0.46845332
HMC-1-8,0.5410706,-1.0763589,0.33353508,0.3533788,-0.29740447,-0.072480515,-0.53860205,1.3454252,-0.9026213,1.3453323,0.75993156,-1.4557773,-1.7016643,-0.45149502,-0.43334207,0.51741844,0.83537257,-0.84180856,1.2526655,0.4786242,0.20505342,1.7209179,1.4243349,0.8588024,-0.02566341,0.2769703
SK-HEP-1,1.4090387,-3.5837598,-0.09990158,-1.1209655,-0.99114454,-1.2535319,-2.4633286,2.603707,2.7033958,0.34876677,-2.6239746,1.5860255,0.04414463,1.5365722,1.3456285,-0.054786786,3.3350475,-0.7262124,0.71579534,-0.39236203,-0.13936488,-1.2073774,0.045594502,2.3698132,-4.244921,-3.0292177
Hs 888.T,-0.674897,-0.99096215,-0.97062856,-0.25758195,-0.14687309,-0.650235,0.9051436,-0.38596147,-0.9246699,-1.7412791,1.3521087,-0.8613634,0.62338537,-0.87272245,-1.0778333,-0.95238507,0.13043332,0.96613234,-0.48425612,1.1145626,1.1897914,-0.69841945,-0.6783997,-0.70063,-2.1192174,1.4659891
DMS 53,-0.8897246,-0.00467686,0.542547,0.5344132,-0.79631835,0.42107794,-2.6619,0.31016165,0.7884311,-1.8338343,-1.4579431,1.5144494,0.8674103,0.5991099,-1.2438774,3.020538,0.93588936,-0.28166685,0.27770996,-0.8232234,-1.2561027,0.12956136,-2.3014123,0.4664254,0.4387436,-0.79762733
HuT 78,-2.355582,0.40302154,-0.80995375,-0.35389587,1.8191109,0.5028993,0.58660847,0.6139336,-1.1677731,0.1020726,-0.14915495,3.4758646,-1.6648047,2.469017,1.333997,1.1085312,2.1140122,0.25814724,-3.8141816,0.250731,-0.3341032,3.0051143,0.51595783,-0.68077946,0.35485646,-0.9093213
NCI-H2009,2.6612146,-0.54523754,0.1889259,-0.58947194,0.4133768,-0.0048781782,2.3713365,1.1716568,2.0546842,2.3275862,-0.38620657,-2.0815794,1.6292912,-2.994355,-1.959328,0.6781551,-0.18850778,-0.5520044,2.1657362,0.0073517933,-0.8767823,-1.4750335,1.0511788,-0.46268794,-0.8443985,1.2689453
SNU-878,-1.5119364,0.30280173,0.6165638,0.61228454,-1.4004256,-0.14168243,0.046332575,-0.33392212,0.62672,-1.0846692,1.1229013,0.8470518,0.60884833,-0.14684674,-1.4855541,1.9332688,0.61267203,-0.19730492,0.5306256,0.47529566,-0.62738335,0.20263575,-0.3921709,-0.07181407,-0.23105429,-0.7216786
COLO 678,2.314709,0.41070542,-0.47915193,-0.15886217,0.5464064,-1.8708998,0.23632538,-0.9439736,0.73168695,1.8689394,-0.25097615,-2.1440456,0.89466155,-1.8646306,0.75507826,-1.1204593,-0.52924186,-0.7630241,1.9320563,-0.5516421,0.21466574,0.7997605,0.8224081,-0.051261332,3.2004201,0.75472844
HLF-a,-1.396298,-0.8970516,-1.0842367,-0.06910096,-0.38490593,-0.89171445,-0.19065416,-0.346589,-0.8467937,-1.0674703,1.5796919,-0.7818435,0.7196892,-0.8366921,-0.47388557,-1.1723936,0.6806052,0.8993217,0.3428268,1.1776379,1.2558091,-0.27061337,-0.8338113,-0.2650899,-2.0643535,1.6159568
Panc 04.03,1.7935708,0.9219425,-0.71841586,-0.3174283,0.60872376,-0.042062048,-0.053360887,-0.8234173,-0.5970595,1.215687,0.1737933,-1.750192,-1.5325831,-0.6640824,3.8572617,1.8246282,-1.7222002,-1.0673447,0.8952918,0.6756046,-1.7130522,3.3223643,1.1990256,-2.1647274,-0.08877733,0.36706024
TCC-PAN2,0.20346612,-0.9354738,0.5421274,-0.66321254,0.2977984,-1.329906,-0.26165298,-0.73711634,1.0294942,0.3892978,1.998391,-1.0702995,-0.77461797,-1.1863766,0.3828477,1.2615851,0.7846164,-0.33923405,1.5231943,-0.57002944,-1.4046348,2.924776,0.11812755,0.25646618,-0.47782102,-0.023500748
JHH-1,1.0529076,1.0408169,-1.3086774,0.4328648,-0.1022205,2.0511625,2.8037288,-2.1198812,1.0197122,1.9711468,1.6884481,-1.5009364,1.7002261,-1.6246736,-1.6490895,0.32026723,-3.1118681,-0.1740962,4.867478,0.15522864,-1.9294235,-2.9526606,0.47348937,-0.51185,2.2387075,1.3551071
SiMa,-1.8701967,-2.3903902,-1.5895292,-0.44295996,-0.15454072,0.26733214,-1.2224464,2.530315,-0.4121874,-2.001476,-1.0852344,-0.22640803,-3.4523313,2.8519902,1.6008116,2.173462,2.6074195,-0.63902175,0.14526144,2.136058,0.29763317,3.2656221,-0.37132037,-0.610715,1.1086835,1.8499347
IOMM-Lee,-1.5849867,-1.8700428,0.94210416,-0.3635211,1.0662451,0.28093654,-0.46899557,-0.2653299,-0.94260895,-0.54153705,-0.11326353,0.4106797,-2.0819747,0.8893983,0.40249583,-1.4310293,-0.25216275,-0.0016449953,-1.5066607,0.5449092,0.9469707,0.31278658,-1.321867,-0.044569228,-1.1792234,0.53284746
NCI-H2030,2.4781394,0.7168972,1.5110028,1.2551888,-0.58089626,0.82603925,0.81648874,1.405656,0.40569368,1.2859671,1.26526,-2.1003873,1.2988011,-2.6518514,-0.10045044,0.5811962,-0.31912643,-0.60211754,4.253199,1.3223114,-0.5858663,-0.11501573,0.22480772,-0.49352166,-0.3659653,2.1217015
FTC-238,2.2947133,1.3670939,2.7583761,-1.712385,-4.322326,3.0676804,-1.6166726,2.0421386,-0.03683671,-0.65720105,-0.17929646,1.9296901,-1.6771394,-2.7042935,1.3846837,2.5538387,1.1970973,1.6962011,-1.5179908,4.208946,1.4570036,-1.630839,-1.4603229,-0.42435482,-2.3090196,-1.2667155
HT115,4.8733373,1.7621816,1.1557546,-0.9728075,-2.4107678,-1.7396699,-1.6792287,-2.4015057,0.80610585,0.6011558,-1.2977824,-1.1537505,-0.39947915,-0.34930187,1.9612906,0.58446187,-0.73611975,-0.38510472,-1.6638609,-0.88631845,1.278928,1.5994922,1.0697668,0.6919262,-0.9537846,-1.1783348
SK-N-AS,-0.68673885,-2.349335,-0.8916217,-0.042793468,0.46926397,-0.008280508,-1.2167081,0.7259613,-0.9761781,-1.7414972,0.5751661,-0.65439487,-0.5758812,1.1658916,-0.2521672,0.73335546,1.5571203,0.3875569,-0.4812766,1.6852978,-0.15915991,2.388885,-0.8127142,0.1408905,0.25590754,2.1292844
Hs 606.T,-1.530133,-0.86214507,-1.6809329,-0.34251478,-1.1699188,-0.60739994,-0.35980624,0.3424882,-0.66574943,-2.4118867,1.1304727,-0.09176834,0.95759255,-1.0310347,-0.4119912,-0.74921733,1.7994076,0.5863024,-0.2590492,1.0590602,0.8345831,-0.21552655,-0.852977,0.07811022,-1.9545689,0.5569749
KYO-1,-0.578614,-0.1023584,-1.2097685,0.6174639,1.0935044,1.2877382,-1.7583768,-3.4092817,-3.102323,-0.73775274,-0.08612707,0.26535016,-0.27300096,4.9409876,0.5953966,-1.4777299,-1.6322283,-0.43819818,-1.7824583,-1.94159,-0.37402385,0.85061175,1.4560161,-0.58864933,-0.3430775,1.252997
SU-DHL-8,-2.4620254,-0.1154177,-0.37792158,0.5572109,2.2509427,-0.27177405,-1.8224462,0.09805372,1.3768307,-0.344235,-1.1616077,3.568247,-2.6748264,3.6138334,1.3517513,-1.0187305,2.067108,0.23254566,-2.763747,-1.4475958,0.66196996,1.3285664,1.2091982,1.4947886,0.90972924,-1.270583
BxPC-3,-0.15522964,-0.97517365,0.06578912,-1.5230044,0.4061034,-0.49130836,2.6546862,-0.09280682,1.1884449,1.264791,-0.07805728,-0.7680119,1.6909335,-2.3655849,1.2972649,1.2973678,-0.3397086,-0.67498666,0.5493144,-1.0933092,-2.4704552,-0.12412826,-0.5337147,0.3457703,0.92417496,-0.83527887
HCT 15,2.8115356,2.1142836,1.0820576,0.25668436,-0.9832175,1.8383412,-2.1844125,-2.9728694,-1.6881195,-0.43226874,-2.391405,0.5506779,0.8146105,-0.016130984,2.6014884,0.66053,-3.185994,0.32972488,-1.2993557,0.22026698,0.061798796,-1.2727139,-0.29272413,0.3784194,0.25056612,0.17377925
DU145,5.0690613,0.8130196,0.41564587,-0.5582545,-2.5456839,2.7770255,-2.605838,0.46967977,-0.21143621,0.35098794,-2.5409548,0.52478683,1.167408,-0.3103099,4.451849,2.901498,-0.49614078,-0.4203237,1.0789359,0.8967829,-2.062214,-1.6084424,0.66618204,-0.15994836,-4.050203,-0.006253857
Lu-65,1.4595275,1.2647796,0.73409176,0.12244495,-0.338754,0.02170619,-0.6805055,-1.5137069,-0.63452643,0.5000855,1.6212647,-0.9058796,-1.0598936,-2.5350869,-0.53024536,1.41541,-0.095427826,0.71881765,-0.97112465,0.91807604,-0.02990712,1.6743295,2.090043,-0.62025344,0.16130504,1.3616484
SK-MEL-31,-2.7146273,-1.0699062,0.37647367,0.51065695,-0.39522722,-0.5943778,-1.0955766,0.8053017,-0.29714605,-1.639009,1.6772367,-0.17869237,-1.0417042,1.2878358,1.0370369,-0.0493711,0.7537511,0.92640543,-0.18144904,0.4941709,-0.24139997,0.29661235,0.05559768,-0.82183313,0.43262047,-0.8025312
HEY A8,0.75836074,-1.9318635,-0.9520434,0.6171556,2.214195,-3.187292,-0.6432045,0.7801904,0.92800653,0.3441584,0.59175897,-1.7636042,-2.6864326,0.72001994,-0.08135977,-3.0929446,1.2034183,-0.6384782,-0.9384868,-0.71438223,1.842384,2.001229,1.2014713,0.3719069,-2.460407,0.013843594
HCT 8,2.4680076,0.4230727,1.7731762,1.3180261,0.3340342,-3.5820143,-0.7704739,-1.5863291,0.9943842,0.043369267,-0.3487809,-1.8633313,-0.27439496,1.345234,0.810358,-3.5350015,-1.190655,-0.799165,-0.741756,-1.1712848,2.2157176,3.2439756,-0.44943556,1.3033179,1.061694,-0.7562729
NCI-H1573,0.47341552,-1.4274253,0.5773454,-1.640649,-1.3062469,1.004167,-1.1340492,-0.42754158,1.534235,1.8939964,-1.681945,0.91279227,2.7043037,-3.1219764,-0.7127569,2.9521463,0.7759026,-1.2041328,2.0592694,-0.9100792,-2.9864902,-2.4568126,0.46303368,1.5214798,1.9376043,-1.3608239
DFCI024,-0.032900352,-1.0546633,0.9595659,-0.8039561,-1.1975033,0.7229057,1.1527652,0.21365009,0.043827713,0.9289849,1.136328,-0.3731629,1.186866,-1.8893876,-1.069902,1.1872666,0.65921885,-0.8063414,2.6609693,-0.6603354,-1.7452176,-0.95917344,-0.05217106,0.9310733,-0.19045152,-0.018108236
JVM-3,0.38242695,1.1644241,0.030645765,1.7117128,2.3317997,-1.0186692,2.3527143,-1.1094853,1.8660507,-0.22639385,2.027043,1.8101261,-0.3392833,1.1290118,-3.8564641,-2.9150312,0.63347715,1.7744055,-2.4345396,-3.6926737,0.14980221,-3.4663374,1.604173,0.77307,-2.106973,-1.3666128
KYSE-140,1.116189,-0.29997858,0.33380187,-0.23272981,0.056270827,1.3642185,2.6472063,0.58801585,1.1240547,1.5612218,-1.6596,-1.2233453,4.544699,-2.6250515,-3.6717896,0.6501597,-2.8742523,0.660012,1.6452284,-0.9408601,-0.9516775,-5.597765,-0.5578487,2.3521745,-0.375149,-0.6930431
MOLT-13,-2.836436,0.70350695,-0.6683736,-1.5414307,2.5351965,1.5519878,1.8688093,-1.344116,-2.8338192,-0.4963833,-1.1525571,3.605043,-0.38855755,2.703321,0.9943476,-0.052078295,0.48784137,1.3854064,-6.169598,0.87017524,0.6096656,0.73298234,1.1374826,-0.57673895,1.5867555,0.3912785
TE 159.T,-1.938798,-0.78174514,-1.9286234,-0.6739063,-0.3215807,-0.5423959,-0.4175483,0.29696223,-0.97797626,-1.1870842,1.778518,-0.78518295,0.7660105,-0.95835215,0.378525,-0.65668875,1.4221146,0.5614656,0.7809795,1.0980114,0.8906418,0.9039641,-0.67290723,0.17546695,-1.3125663,1.3541958
NCI-H508,1.44395,-1.7552984,0.60482883,-0.6165865,-1.0806605,-3.4569752,-0.02722799,-1.2337956,2.8257265,0.35696778,-2.4602413,-0.184162,3.1272376,1.11406,-2.2702348,-0.39839667,2.0135965,-0.89751774,-0.13247931,-4.560832,-0.2895897,-0.6365041,-0.5435796,3.7376187,0.059506178,-3.036833
T3M-10,0.7139704,-0.25877148,0.3999861,-0.34443957,0.0042737946,-0.8941702,0.48268744,-0.17538702,0.8240063,1.1467645,0.72207075,-1.0527084,-0.43738654,-1.5585024,1.1769983,-0.6739955,0.7834673,-0.74668616,0.37145343,-1.0974885,-1.1426423,1.3731122,0.9439863,-1.5412617,0.18218666,0.771537
COLO 829,-0.7204595,-1.7884626,0.6070836,0.5631136,-0.5042633,-0.31457186,-0.9670837,-0.4561257,0.5056114,-0.76202095,1.3590026,-1.6025393,-1.0935116,1.6357576,-0.69250417,-1.3385075,-0.4420401,0.40074804,0.38028616,-0.26230013,-0.16145025,-0.7843802,1.1226625,-0.36863363,0.35813123,-1.0754646
KG-1-C,-1.6528108,-1.779009,-0.51249754,1.3499476,0.56137097,-1.3526454,-1.4614283,0.9916733,1.0627612,-1.1852134,1.0477426,-1.2865138,-0.038253803,0.6778221,-0.719471,-0.7816424,1.2642713,-0.20787747,1.2245947,-0.011431135,-0.28437728,1.4667722,0.053277485,-0.82220924,-1.1190808,-0.30709806
LC-1F,-0.88613194,-1.0449494,-0.576901,-0.9915433,-1.2984025,1.4496541,0.44986787,0.6269269,0.95349324,2.9040906,-0.65379983,-0.29514068,1.5884985,-3.168863,-2.8527184,2.0122182,-0.16148512,-0.6607921,1.1060183,-0.53647685,-1.7079352,-3.125592,1.6816691,2.1137664,1.4128507,-1.0939614
MIA PaCa-2,0.69479734,-1.3673697,1.3099235,-0.045514427,0.65973306,0.039218057,-0.93533504,0.095133945,-0.20927913,1.2527925,0.55479336,-1.4527957,-1.1043234,-0.35898107,0.2606985,-2.1640136,-0.5469801,-0.34138584,1.0919906,0.1217475,0.44282976,1.2132457,0.7462345,0.8072197,0.34772456,0.6309831
NCI-H1155,0.46781838,0.056230683,1.077817,1.8187453,0.21759671,-0.6771375,-2.7806773,-0.2515431,1.0216703,-0.6044779,-0.11379525,-1.3913375,-3.0364294,0.6065349,-1.0784389,-3.0707834,-1.0075946,-0.01768911,-3.0983903,2.0825024,3.307639,2.4244068,-0.6097126,-0.5360086,0.6152814,-0.3278458
SK-MEL-30,-2.8085194,-1.5075419,-0.7367836,-0.4382258,0.31593624,1.686499,-2.0772295,1.3976502,-0.1622585,0.43325067,-0.50821024,-0.29519096,-1.7645372,2.996457,-0.06329958,1.6669766,-0.011397507,-0.10703889,0.90129936,-1.2444553,-1.9901943,-0.6653648,1.8922315,-1.1202695,-0.8514842,-0.49569625
NCI-H2172,0.07086851,0.42212412,-1.4514865,-0.19683625,-0.3647751,0.08552289,0.0069608297,1.2288704,-0.421045,0.32772708,0.8671222,-0.055446044,1.3487204,-1.4387618,-0.51126015,0.88733876,1.4549522,-0.27993098,2.9106855,0.78722453,-0.05665022,-0.47169566,0.6604299,1.4531769,0.4402871,1.270445
OVCAR-4,-0.3890428,-0.3092276,-1.0559449,0.06640828,0.5152006,0.2814904,0.9993298,-0.5793085,3.355836,0.85120845,-1.0015279,0.2195774,1.4025424,0.0015388727,-1.93119,-1.0281337,-0.782689,-0.04159177,2.7960644,-1.3544158,-1.2165107,-2.7702186,-1.0521692,-0.44751257,0.37690473,-1.436971
KYSE-510,3.513112,0.9701235,1.9686939,-0.91466606,-1.8919318,-2.0168486,-0.52192575,1.4384569,2.2624815,0.49045074,-0.40941253,-0.67914885,-0.30430073,-1.6977445,1.2682272,-0.8215644,1.5549526,0.32510895,-0.77754045,-0.208302,1.4289343,0.68502164,-0.2976566,1.3232293,0.8586061,-2.493887
KYSE-450,1.7538712,1.2478588,0.6590308,-0.1745283,-1.2108544,2.1837695,2.8345315,-0.18093008,-1.3218137,1.6542202,0.20280553,-0.668066,2.1760504,-3.7713118,-2.255527,2.140126,-2.377627,-0.1392488,1.5856446,0.80666447,-0.3824701,-3.6762097,0.099156745,1.2767463,0.95865285,0.66322726
BT-20,2.3080873,-0.116341755,1.3524857,-0.28359818,-1.365794,-0.28068456,0.44413045,0.7277744,2.708656,1.1519724,-1.700442,-0.6774991,3.5222938,-1.5617665,0.6346099,-1.4930414,0.5420978,-0.8901595,2.5246022,-1.5070934,-1.0980726,-2.323244,-0.76863605,0.58449,2.0100183,0.16319905
HEC-1-A,3.6662655,1.845253,-1.978066,0.9335556,-0.117568284,0.68222183,-4.6731405,-0.031370733,-0.7560747,-0.46460137,-2.4309063,-1.5186743,-0.55406034,4.5067286,4.9008627,1.52847,-2.183398,-0.8378088,2.9161708,-2.115483,-1.9058274,1.9007075,-0.032826453,-0.7907681,-3.9219432,-1.5733498
JeKo-1,-2.2937553,1.7174748,1.0347496,1.5565004,2.9682896,0.23966375,-0.1774503,-1.6610471,-3.1641283,-1.0717113,0.24568665,2.0768976,-2.98438,1.9658186,0.8277622,-1.8098925,-0.14659998,1.3539553,-3.8484066,-1.1150788,1.5438092,0.42985502,0.12098265,0.67463243,2.2501128,-0.1782478
JVM-2,0.106878616,2.254446,-0.06496662,1.6985424,1.0568929,-0.0783511,2.1656563,-0.47192293,-0.488231,-0.45865867,1.9991242,2.5535457,-1.2974542,0.7887044,-1.747974,0.6473009,0.48994857,1.2024859,-1.3757207,-1.7853403,-0.76001096,-1.3292692,0.9101876,-0.29683316,-0.95379055,-0.524677
EJM,-0.8559754,1.6184613,1.1546612,1.6562326,-0.29122517,0.9446336,-0.40536606,-0.5599177,1.2356728,-0.42666823,0.97100127,2.2598646,0.8792546,0.3612051,-1.953895,0.11584577,-0.5590768,0.96361166,-2.5074065,-1.3151964,-0.63982815,-1.8201675,1.0154878,0.8884754,0.66383076,-0.42607722
NB1,-1.2290231,-2.146164,-0.75021017,0.025341518,0.62263584,0.5338774,-1.2882904,1.3328195,-1.1126875,-1.1892023,-0.80302835,-0.3681911,-2.4739642,2.975421,0.7674595,-0.029579243,0.94699264,-0.077010736,-0.14304084,2.3899586,0.85381067,2.7501976,-0.88863146,-0.38569614,1.1480399,1.349338
A-704,0.27510947,1.0640473,-0.6205406,0.81115353,-0.46853015,-0.14626496,-0.37436107,0.59343857,0.21993174,-0.28149676,0.94228387,0.1554713,-0.60691977,-1.2776928,-1.4736567,1.1262809,1.0194224,-0.6091704,3.1958466,-0.1776971,0.38055357,-1.2682369,-0.36518788,-0.77318007,-1.23979,0.3309604
F5,-0.7925075,-2.3358858,0.97171146,-0.3838151,0.025850061,0.57861376,-0.29949868,-0.2329224,-1.3215445,-0.4854206,0.229842,0.3671913,-0.7670133,1.3970628,0.45179063,-1.2813299,0.08750925,-0.08667893,0.51367337,1.1243571,0.41308948,0.9267613,-1.1146954,0.80091065,0.09113366,0.041736983
NCI-H1666,2.543963,-1.1111019,-1.85872,-1.5802658,-0.4231987,-0.20231989,4.0747433,1.0845438,2.3570337,4.5355897,0.03739109,-3.3529341,5.0294924,-5.0212173,-3.7875094,0.8883771,-0.011517361,-1.4911001,4.2974825,-2.7130253,-3.1773875,-4.7153034,2.2441733,1.4036138,0.06590244,0.6829305
DK-MG,0.2432617,0.084223926,-0.014465965,1.3086939,-2.199133,-2.6250286,-1.2405186,2.3055933,0.150357,-1.9663647,1.0275502,-1.1442151,0.045111775,1.3383594,1.0440049,-2.985438,2.5020506,0.6947557,-1.48279,1.6471561,3.153586,2.146673,-0.9046541,0.7931941,-0.91365206,-1.416422
KMBC-2,1.7801441,-0.3240918,-2.2086163,-0.7416624,0.018799812,-1.4116999,1.9095727,0.29172504,2.1072245,2.1716006,-1.6002074,-1.5527987,3.6638715,-1.1613369,-0.014941188,0.7220375,-0.03676413,-1.7679609,2.3737798,-2.4619765,-1.9484893,-1.678563,1.0976509,1.0666482,1.1592604,-0.7399321
Mono-Mac-6,-0.53897786,-0.89186233,0.7592062,-0.8009727,0.4252541,1.0594792,2.0965116,-0.052719206,-2.761734,-1.0128908,0.3511056,2.5420005,-0.29785532,1.4949144,-1.515499,-0.31597787,3.672233,1.1039119,-3.8979716,-1.4452562,-0.22746824,-2.6518073,1.8192871,-1.1941413,-0.94126874,2.306382
COLO 800,-1.9647484,-1.9603763,0.20751467,1.3595185,1.2903403,-1.5883448,-0.9130095,0.13074204,0.7088275,-1.2700979,1.2768961,-1.6429805,-1.2758434,2.3521178,-0.25826332,-2.217881,-0.39204502,1.0056726,-0.3817846,-0.6208202,0.48267025,0.53222007,0.7630697,-0.31390014,0.10495728,-1.1039729
Hep-G2/C3A,-1.0057863,0.99717236,1.0355165,0.47866064,0.15777011,-0.27775088,-0.24643677,-0.7988374,-0.360923,-0.080076516,1.3064826,0.95428056,0.3044852,1.4436797,-0.9277081,1.2464806,-1.0157049,0.08223611,0.8494446,0.30671993,-0.30210295,1.7119817,-0.15246432,0.47855154,0.11404154,-0.8060166
OCI-Ly3,-0.68397135,1.5172321,0.289876,1.0692118,1.3719232,0.18132913,0.26085007,0.6093602,-0.34588653,0.07544693,0.4232878,2.7462802,-2.797031,1.1009326,-0.15541911,0.5005129,0.6720134,0.5069214,-1.251747,-0.59042424,0.5652238,-0.19868255,0.9640818,0.8205045,0.5112925,-0.071141064
A-498,-0.5506916,0.39947897,1.7753237,1.1961195,-1.5727831,0.6550587,-0.14145598,-0.5680284,0.23840061,-1.6552109,0.9566476,0.21677762,2.009425,0.51937747,0.256899,-0.8408954,-0.78095794,-0.6651198,2.1258178,-0.19963112,-0.6199332,-0.6550039,-2.437748,-0.25023705,-1.0142795,0.24301463
BICR 6,0.46538633,0.3836754,-0.8178796,-1.284807,-0.9085304,-0.08824782,2.9240234,1.1284072,1.0771981,1.9600809,-0.08853829,-0.4216335,1.827359,-2.803581,0.76713294,1.6269611,0.13718939,-1.4947976,2.7133567,-0.6378714,-2.234816,-2.1124916,-0.06503718,0.29566115,0.6529662,-0.79900014
Calu-1,0.2506948,0.35057312,-1.1832858,0.11598176,1.7413664,-1.1635158,-0.56575125,0.6466459,-0.123475656,-0.5941088,0.4643199,-1.6309828,-0.052317094,-0.054639563,1.3529421,-0.21988739,-0.10927971,-0.17055899,0.24589449,-0.19267249,-0.32187214,2.2649302,1.011966,-1.6193932,-2.7070096,2.5969179
LOX-IMVI,-0.4497065,-2.302334,-0.47518325,-0.281875,1.117066,-0.4073444,0.34424242,1.6480263,-1.1152341,-0.18558595,0.22571023,-1.1880039,-1.4854409,0.7160708,-0.26650828,-0.80640805,0.8715827,-0.45923182,0.270756,-0.9275824,0.27953872,-0.22027254,-0.075670935,0.715696,-2.3118777,0.7828932
NCI-H1184,-1.8230172,-1.0526752,-1.2556192,-0.019666903,0.29203713,0.47261775,-2.386449,2.722021,-1.1780183,-0.46655798,-1.6619893,0.9587061,-2.5370932,1.2707833,-0.0032900497,2.4894838,1.5945603,-0.6651942,0.07533482,1.7191025,0.4197721,1.7946048,-0.5486443,0.4917876,0.46706358,0.10155302
RERF-LC-A1,-0.1407861,0.6340197,1.2241814,0.6359485,0.5044413,0.5750682,0.04372496,0.9034432,-1.484974,-2.3577015,-0.3074579,0.40332246,-0.34030393,0.66620076,2.1832013,-0.11186227,-0.91339874,0.44797888,0.5253362,0.70124656,0.8509327,-0.35716763,-3.086579,-0.23215729,-1.2243711,1.2517674
HCC4006,1.168471,0.24544112,-0.6199125,-0.19472234,0.63182545,-0.22801447,2.5246592,0.76054406,1.4912319,1.232827,-0.22819157,-1.4572873,2.4654725,-3.1519434,-1.3153927,2.0995054,-0.35313052,-0.17036533,2.8836057,-0.39758217,-1.5950543,-1.7952198,0.5627969,-1.332775,0.42078343,1.3548625
SNU-1033,0.36274627,0.42673305,-0.7894289,-0.2555768,1.8414384,-1.6875827,0.18643966,-1.7051908,-0.3154657,0.9577013,-0.16671655,-1.8020523,-0.4530348,0.782145,1.1751897,1.7228371,-2.243966,-0.86534643,1.1014429,-0.82001096,-0.8778285,3.5242233,0.735228,-0.66027766,0.17156807,-0.017611578
U-BLC1,1.3113135,-0.32713774,-0.80743915,-0.7609981,0.7020983,0.09980866,3.3015795,0.3146996,1.9212207,1.4080559,-0.7860691,-0.61535203,2.0309114,-1.6612546,-1.8747033,0.9545455,-0.75442266,-0.39490148,2.2101877,1.1479993,-1.125902,-2.1288738,-0.7838837,-1.1091677,0.2564033,0.48047477
LNCaP clone FGC,3.6555884,2.5970764,1.375545,-1.4137199,-3.694068,4.084457,-2.3923311,-3.1506338,-1.6597694,1.5240561,-0.43694165,0.84300977,-0.07844993,-3.166599,-0.08252348,2.0774095,-1.6732134,0.84206975,-0.30176252,2.8948238,0.52751464,-2.7246647,2.4502368,-1.3985513,1.2272874,1.1827452
SF295,-0.6150168,-0.54866487,2.0926,0.5705648,-1.0395932,0.37573904,-0.59456456,0.58171886,0.54677147,-1.031968,0.50051683,-0.14436351,1.1534224,-1.4948062,-1.1728177,-0.7448264,0.63427186,0.75450283,-1.1613706,0.95247096,0.46442872,-0.27367163,-1.0221721,-0.334208,-1.0612305,0.50512457
TE-11,0.9441049,0.17060718,-0.31570855,-0.9683197,0.22050387,1.1553564,3.2332602,0.38580197,-0.31364697,2.6417568,0.1673616,-1.4485312,2.8538065,-5.131886,-1.4908079,2.5149422,-1.889825,-0.36793628,1.5703998,-0.27344874,-1.9620497,-3.7420192,1.3324585,0.45634738,0.48135486,0.70656127
1321N1,-1.6195867,-1.1520069,0.84450346,0.51738375,-0.38567597,0.60628396,-0.36337912,-0.4557712,-0.88699925,-0.7369218,0.12693036,-0.08202165,1.1235578,-0.16916047,-0.9251695,-2.0431478,-0.34253678,0.6545082,-1.6195431,0.924105,0.98366994,-1.110898,-0.1583478,0.30308455,-0.2809789,1.0675627
KYSE-410,0.50287056,-0.13022691,-0.92676306,0.1614215,0.95957816,0.20223477,1.2197278,1.3268524,-0.9130655,0.29562616,-1.3106179,-0.8754068,2.7843108,1.6914506,1.7858186,2.0949976,-1.3145373,-0.88720405,2.1764088,-0.88102055,-2.267366,0.91122204,-0.47333145,0.44139507,-0.6177133,0.33126208
SW837,0.88078004,0.7987285,-2.0535913,0.020908521,1.8055055,-0.8438972,0.3284416,-1.2531902,-0.589971,1.5495346,-0.088775806,-2.0181336,-0.044876534,-0.9230825,0.8278203,0.3703427,-1.5300308,-0.7245086,2.2448835,-0.909529,-0.42650414,1.7880472,1.4485303,-0.339831,1.1289359,0.4869756
DBTRG-05MG,-1.2492098,-1.4158916,-0.016074426,1.1621318,1.6191474,-1.2615477,-0.41931233,0.009122413,1.7068733,-0.933663,0.28634176,-0.9581585,0.8292872,0.7863966,-1.4965317,-2.4148302,-0.9815732,0.60403097,0.6669099,0.46269497,0.4715176,0.62256753,0.058642417,-0.7016854,-1.2831583,-0.568346
JJN-3,-1.5185894,1.7478256,0.43528855,1.3102123,0.5334779,0.37164384,0.24370736,-1.4489076,-1.4259828,-0.97655785,0.90706515,1.7677803,-0.18369967,1.5444065,-0.7120526,-1.4421763,-0.0009642318,1.0837255,-3.7324133,-0.8793478,0.3838525,0.6640506,0.91745675,0.16687265,1.2524893,-0.1607424
BICR 31,0.34954596,0.1844946,-1.7625314,-1.2176564,-0.77730507,-0.07331254,2.854204,0.7858407,1.2748079,1.6174603,0.6640451,-0.854586,2.8750038,-2.8944688,-1.265478,1.2348193,-0.20819661,-0.54991853,2.8450096,-0.57669973,-1.6475843,-3.1194434,0.47398525,0.60883474,0.43771338,-0.7318026
L-428,-1.0095863,0.9552481,-0.9625505,0.33696425,0.743119,0.35999373,1.3062358,1.1551526,-1.0227264,0.26534444,0.6765608,1.8557297,-2.3125196,1.6564397,0.027879655,1.441774,1.1847152,-0.008791439,-0.48888367,0.15641592,0.19000229,1.5826062,0.4595377,0.14966862,-0.030517265,-0.4770805
NCI-H3255,4.5886827,-0.9013578,-0.23007011,-1.6615746,-0.870211,1.5845599,6.3429165,0.9719317,3.7682726,5.376561,-1.7079679,-3.1616297,6.891425,-6.5035086,-4.7179894,2.499488,-0.78583837,-0.76627725,6.0513043,-1.0376469,-3.4315898,-7.6776695,0.6203155,-0.017671697,0.8613342,3.2456062
PK-1,1.4171262,-0.4155854,0.29136637,-0.6161235,0.79081225,-1.3302937,1.6630243,0.41333687,1.556308,2.0825863,-0.2902225,-1.95507,0.5123313,-2.6995876,2.02847,0.23135626,-0.57726544,-1.2120339,1.273292,-0.53059983,-1.2522548,1.0609848,0.3204003,0.10163959,0.92535335,-0.28594407
KMS-26,0.3204576,2.7152753,1.9270123,0.32210788,-3.659698,1.8755686,-2.0818434,0.7665274,-0.6809157,-0.18127415,1.0708958,2.4191706,-2.269862,-1.2678639,0.98958826,1.0247513,0.92707705,1.1524484,-3.8355713,2.1470993,0.82448894,1.1586595,1.4931717,0.4472863,0.84254575,-1.6652981
MOLP-2,-0.86026496,1.9229649,1.2513177,1.3170626,-0.61849225,0.8642074,0.9489355,-0.874757,-0.37489414,-0.34190395,1.1191134,2.6285925,0.64597356,1.297453,-1.9942409,-0.44042447,0.43663898,0.9187427,-2.3507876,-2.1630554,-0.99641156,-1.6672384,1.3756943,0.53974384,0.33531758,-0.39222926
SK-N-BE(2),-1.8594953,-2.96211,-2.0978866,-0.43911165,-0.021000918,0.22852013,-3.4415686,2.8894858,1.3961409,-1.3257877,-1.0059795,0.27170935,-3.4007888,2.4197476,1.9404296,1.9582468,3.4725883,-0.6594213,-0.55335516,2.4763322,0.042379275,3.2077537,-1.1160257,0.24997427,1.1686814,1.3581624
COLO 679,-0.8333976,-1.91948,-0.15946895,0.8189,0.61802953,-0.80624634,-1.0338514,0.88654125,0.8925598,-0.112588376,0.68096143,-1.5512078,-1.1133693,2.2951417,-1.7653563,-0.34311855,0.36440668,0.26807293,0.8515321,-1.2430102,-0.41311696,0.052291185,1.0916555,0.14404373,0.5344377,-0.6639475
BICR 56,0.5896146,0.34821084,-1.5851904,-2.1838646,-2.4558902,1.2410215,3.327548,1.5476644,0.7061453,3.4593606,0.70681566,-1.1206406,2.402537,-5.6520214,-0.26201135,3.6893792,0.14176953,-1.6286381,4.458089,-0.48773602,-3.4551165,-3.3093884,0.5057874,-0.15894812,0.85756576,-0.2849146
SNU-182,-0.8525121,-0.40520272,-0.26613533,0.39353576,1.451193,0.28819862,1.9204916,-2.5632713,1.2048861,-0.7885871,0.9477261,-0.14567769,2.6553912,-0.51127297,-2.0348837,-4.092096,-3.3913875,0.9791398,0.4607786,2.292827,1.653086,-1.5648234,-1.8722829,0.56461513,0.08945615,-0.12646016
NCI-H1341,-0.17486201,0.41620103,-0.08736547,1.8563553,-0.665402,-1.1405323,-1.9079266,2.0311909,0.5794482,-1.2511749,0.085935235,-0.67460275,-0.07291797,0.8802345,-0.1473623,-1.6903803,0.66140455,-0.42355087,-0.75732833,-0.44921884,1.0248225,1.6413746,-0.92645675,1.2363374,0.22403347,-1.1795048
TT2609-C02,-0.8966956,-1.3088368,0.9875899,-0.09157793,2.038651,0.62673897,-0.18043657,-0.827305,0.510564,-0.70307434,-0.07959164,-0.34400216,-0.5378778,-0.43483254,-2.0523663,-1.2900645,-1.6449783,0.8857727,-0.50178576,0.591073,0.7512363,-0.49375862,-1.4322245,-0.90699565,-1.9317989,0.488625
SK-OV-3,1.988008,1.9316051,0.8645187,1.2425579,-0.23379022,-0.6168211,1.0731158,1.1023123,1.2876445,-1.1445512,0.96138,-1.7915713,0.9941639,-0.36937022,-0.63139445,-1.6418443,-1.6736598,0.23083737,3.1626024,-0.14159381,1.164842,-0.4015517,-2.8305604,-0.27553272,-1.1824703,-0.54067796
SNB-19,-1.3410826,-0.57907254,1.1303781,1.2611258,0.84888613,0.50294876,-0.59366274,0.92319834,0.76511073,-0.44368136,0.12096742,-0.13563575,0.6241568,-0.36807704,-0.8950522,-0.55589706,-1.1976684,0.47136605,0.5658443,1.7458912,0.28660005,-0.50734055,-0.24079743,-0.47398007,-0.687282,0.0016471148
ALL-SIL,-2.706243,1.2111759,-0.9660373,-0.96568346,2.613176,1.4218267,1.8841726,-1.3442346,-3.4884648,-0.53363776,-0.9049004,3.4584258,-0.70075107,2.49529,0.4047026,0.10025221,0.046420187,1.4197834,-5.8546352,0.86675256,0.66383916,1.6080009,1.7193149,-1.2966253,2.080931,0.3925469
NB4,-0.21042313,-0.19698483,0.74187356,-0.7192764,0.89725196,0.10975737,0.54647183,0.16287702,-2.3563461,-0.24354614,0.63247645,1.4816678,-1.91749,2.4240694,0.36804295,-1.4072306,2.902877,0.34638548,-4.1715074,-0.74305844,0.9694089,1.1626085,2.293116,-1.0797632,0.44008794,1.5417429
KMS-28BM,0.43265718,3.1545806,0.9392667,2.9286969,-0.87210774,0.08918699,-1.3847846,0.24128419,-1.2106907,-0.88984853,1.5908715,-0.39239335,-0.37066522,-0.52965844,-0.8002134,-1.4056214,-0.60302573,0.4524143,-2.7023017,-0.17010866,1.2239629,1.7262853,1.3076959,-0.1685881,0.9076893,0.4055968
SNU-886,-1.228674,0.0074557066,0.38396254,-0.8204841,-0.4811068,-0.049090233,0.9388458,0.20051765,1.7202047,-0.30656987,0.38281438,0.9578947,1.2486616,-0.4010846,-1.230976,1.2078179,0.6715417,0.32075804,0.9890759,0.9693675,-0.48681912,-0.0023414465,-0.31182045,-1.3658357,-1.7539761,0.32395083
TOV-21G,3.8519588,2.2822943,-0.23656234,0.6511724,-1.5223399,2.344479,-1.8798156,-2.6658847,-0.22085273,0.09605583,0.16013528,-1.4845097,-0.34990072,1.2669073,2.154824,-0.5317808,-4.859791,-0.14104956,2.5876317,1.8747061,-0.34425515,-0.44133967,1.8617781,-2.3891604,-3.8127148,-0.14973775
Caov-4,-0.11449541,0.41741097,-0.4079692,0.5407679,-0.08124222,0.4167799,0.38187778,-0.9997742,1.47321,0.6604812,0.2739204,-0.40831855,0.36533394,-1.6578636,-1.8505743,-0.5954266,-1.4078636,-0.16835609,2.590729,-0.09139304,-0.47583464,-1.6917346,-0.6355184,-0.6616968,2.1440275,-0.8426902
HH [Human lymphoma],-1.0477127,1.474268,-2.9688911,1.4852643,1.3761455,1.2183013,-0.6366915,1.1967686,-2.8435087,0.23460937,-0.7269697,2.038059,-1.2433473,3.7827475,1.9813769,2.0724783,0.73552924,-0.22607179,-1.4409091,-0.6872847,-1.5007993,3.2849393,2.6346562,-0.11371204,-2.3866968,-0.379794
Hs 688(A).T,-1.90568,-0.43850675,-1.9312065,-0.5751883,-0.34432667,-0.5402725,-0.5597093,0.35094443,-1.0415236,-1.0903057,1.477604,-0.21555991,1.0924333,-1.0243635,0.24279757,-1.106067,1.705409,0.44917017,0.20877115,0.9985037,0.81317556,0.5256226,-0.4717031,-0.06601672,-1.3987606,1.5750861
Rh41,-2.0487802,-0.9759008,-2.2617533,0.4026731,1.8087989,0.31587288,-0.6162752,1.5735519,-1.7847674,-0.8253848,-0.14274958,-0.6588708,-1.3745074,4.377127,1.0528514,-0.4956313,-0.30254683,0.35741955,-0.38664055,1.3213065,0.5017991,2.3574245,0.8922226,-0.14980862,0.26486185,0.58882135
JHH-2,-1.7479602,0.17525955,0.069309875,-0.24137428,-0.9576118,0.3335213,0.40294212,1.0441169,0.8470439,-0.6105206,0.5815172,-0.1671938,2.20787,0.15980974,-0.20312056,0.51232445,-0.19147642,-0.2927294,1.9438542,-0.29054207,-1.3389733,0.008044777,-1.3397393,-0.83320284,-2.1603909,-0.25491282
AU565,-0.51059854,0.052065365,0.46086773,-0.75449955,-0.55591494,0.5557451,-0.57198346,-0.46201965,2.7092533,1.0086544,-0.6469386,0.28275853,1.2568256,-1.6296175,-0.04345559,0.64105606,0.7222893,-0.601699,1.6813045,-1.7677128,-1.8977436,-0.6746324,-0.044572547,-0.74257404,2.9277978,0.48479727
DEL,-0.6982635,-1.3882298,-1.5167346,-1.1876242,-0.7447594,0.58015066,1.1016521,2.9901419,-2.5081315,0.3956028,0.6745449,1.2430676,-1.6564802,0.6647338,0.73994744,2.3893418,4.0447764,-0.31610158,-1.0635399,-0.372115,-1.2713412,0.28105593,1.2143506,0.13841876,-0.95861226,-0.5404701
LXF 289,-0.3027217,-0.04845254,-3.6323195,-0.41153246,1.0475636,0.6442384,-0.98403835,0.53754145,0.8253342,0.35957873,-1.142918,-0.73027,1.564211,1.6582893,-0.18489243,0.93435407,-0.8492678,-0.2087732,2.0986137,-1.9715165,-2.3017778,-0.9022243,1.5556332,-1.0238414,-4.78309,-0.27157694
ML-1 [Human thyroid carcinoma],-0.24414723,1.3929633,0.45973977,2.0516896,-0.26189703,0.32483438,0.3749149,-0.92175525,-0.9750832,-2.788929,2.1764607,-0.9600016,1.3183118,-0.33187568,-1.2532997,-1.0577602,-1.740309,0.8633811,0.6710411,1.4701124,0.78878886,0.5435601,-1.7494245,-1.2825233,0.397063,0.38250688
COLO 680N,1.5613859,-0.8741429,-0.79909647,-1.7785342,0.06863543,0.37511405,4.043449,0.78431857,0.98313797,2.3346405,0.2750468,-1.1021477,3.1477098,-2.9030554,-0.76902527,0.66229373,-0.40344045,-0.9504754,3.6004686,-0.27767617,-2.193728,-3.6233156,0.14638151,0.55348015,0.5697514,-0.23469877
HEC-151,5.96382,4.279434,2.7515807,0.32944855,-3.5996857,3.5443404,1.4908954,-0.9017104,-2.6954675,-0.57661057,-1.3982375,-0.060671564,1.3644404,-1.2030377,1.5463399,1.4205344,-3.8749068,0.21411276,1.5137757,0.92657375,0.061591834,-4.1768246,-1.6439449,0.074371785,-1.0819077,0.73391926
SW620,0.42279762,1.1547848,-0.08246903,0.66457224,0.883377,0.18020432,-3.076056,-1.6019415,-1.6285038,0.005864486,0.07186273,-0.8369895,-2.163381,1.0365072,1.7614473,1.569322,-2.5040557,-7.275492e-06,-1.1422403,0.5289699,-0.21687359,3.9336274,1.5567797,-0.20081232,-0.15701322,0.30549824
KATO III,0.7891835,0.91397727,1.6688614,-1.927595,-1.771639,0.97098696,0.37822074,-2.260135,-0.3559677,1.0118693,0.09766931,0.64526975,-0.97055835,-3.441755,2.2670362,2.9671512,-1.2707461,0.20004284,-0.88323617,1.166846,-1.1992126,1.0542437,-0.06579584,0.19086024,1.8355114,-0.6741937
BT-483,1.6616291,2.4983952,-0.027254019,1.5432514,-0.91215867,-0.088996485,-1.8998765,-0.29397592,-0.5974696,-1.954142,-2.03032,-1.1719137,3.297204,1.6463752,1.9343939,-0.60963863,-0.563303,-0.40553364,1.8527813,-1.767453,-0.5640449,-0.26070008,-0.9411329,-1.5079486,2.8627326,2.035111
KYSE-30,1.8380599,0.09266179,-1.3479823,-1.2932146,-0.25367025,0.5367576,2.2998893,0.9601983,-0.65293026,1.4026046,-1.4324361,-1.3988004,4.788359,-1.8414724,0.3402291,2.1667604,-0.43592954,-0.5951888,5.097361,-2.9153311,-3.2879956,-3.5057247,-0.30962938,0.5531214,1.0062029,0.8811274
Hs 274.T,-0.5148019,0.0077172574,-2.4344645,0.12035337,-0.031834237,-2.1239977,-0.45476347,-0.48372093,-0.07085495,-0.84148425,2.8745093,-2.343433,-0.45252633,-1.0995009,-0.12208992,-3.26783,0.37306592,0.6335018,0.06247729,1.2886539,2.4730465,2.140282,0.24734959,-0.5108786,-1.2514697,0.91644216
U-343MGa,-1.5996246,-1.0138928,0.57037544,0.33579382,-0.9955374,0.6133237,0.38515708,-0.66282135,-0.26775682,-1.3118892,1.304112,-0.021424219,1.8513665,-0.20780079,-1.8389215,-2.0293777,-0.25135365,0.76194805,-0.25827706,0.62324786,-0.014254319,-1.1584799,-0.38708997,-0.30340537,-0.8753291,0.1774325
RERF-LC-MS,-1.2674855,-0.84635544,0.8125761,0.8687226,0.023181684,-0.26957205,-0.41130468,0.14106964,-0.38950777,-1.1036074,0.51267624,0.24096096,0.92146397,-0.49841285,-0.43662208,1.2888722,0.21016929,0.30863893,-0.025818165,0.31445408,-0.6804403,0.502173,-0.51521003,-0.007616587,-0.29077047,-0.1887367
ACHN,1.5570865,0.019204125,-0.009675013,0.0708187,0.43176493,0.35890114,2.0895655,0.19413361,1.6968206,0.7869509,0.640838,-1.055476,0.90147126,-1.8902609,-2.2198694,0.12433247,-1.040499,-0.5522365,4.458875,0.7000899,-0.30892527,-2.4122155,-1.2849723,-0.73981035,-1.6294074,0.88319486
KLM-1,2.5520086,0.099060304,0.25708774,0.012483345,0.37931156,-1.3738486,2.3141048,-0.27389798,1.5563859,2.637259,-0.058175378,-2.9799662,2.3505123,-3.3112226,0.35542014,-1.1729301,-1.46357,-1.0002013,1.5392116,-0.8179237,-0.7978453,-0.14077201,1.0432693,0.41000402,2.2876027,0.53939986
K-562,-1.5490324,-0.70035726,0.8169702,-1.0963868,0.13926215,1.9882084,0.13195863,-2.0599587,-1.9194372,-0.08480373,0.935801,1.5449303,-0.8441946,0.7403127,-1.833637,0.374138,-0.052300047,0.20308514,-1.9830275,0.12016575,0.036568526,-0.9326552,0.09767052,0.19120973,1.186302,1.2386526
HCC1195,0.82282716,-0.62407005,0.8789312,-0.43822294,-0.15180251,0.86127335,1.1405964,0.15015125,1.6701503,-0.023724444,-1.5631114,-0.09256029,3.3034258,-1.1998814,-1.7419517,2.0975466,-0.22490437,0.25482488,1.942124,-0.58771455,-1.8249942,-3.049928,-1.0595702,0.0042423625,0.35756266,0.10783234
KP-2,1.050657,-0.12016869,-0.2063422,-0.7665914,0.7052939,-1.420942,-0.172455,0.8134532,1.4206145,1.7752317,-0.38094836,-1.2784537,-0.8236735,-1.0348846,2.4199326,0.24018866,0.49810314,-0.99544597,1.526207,-0.27205402,-0.9125234,2.0924592,0.6183413,-1.14503,1.2044616,-0.40732393
NCI-H1436,-2.5290804,-0.04905939,-1.2148669,0.6696646,0.5659205,1.0330646,-2.006964,0.8740587,-0.042457238,-0.631647,-1.1943345,0.99578524,-3.031802,0.19403148,-0.25636494,2.9719217,0.048620567,-0.44515133,-1.2996317,1.5701518,0.19215572,0.6763916,-1.0812451,-0.9740076,1.2082833,-0.19128297
SNG-M,5.6720767,3.7588463,-1.3272649,2.1791425,-1.8463604,1.0601957,-2.2585104,-1.3658644,-2.3869674,-0.83076143,-0.9201814,-2.6010878,0.5654131,4.649869,5.0480866,-0.82469493,-4.1584764,-0.97922045,2.869174,-0.7583465,-0.5471524,1.3726805,1.4295169,-1.5792015,-3.2108228,-0.6315389
COLO 704,-0.52380276,-3.5038414,-0.805093,-2.059124,-2.5583425,2.24587,-5.111396,2.1012719,2.971034,0.9660696,-3.2036006,3.548946,-2.471866,0.9774049,-0.5829373,2.9417522,3.4324837,-0.23358607,-1.6328726,2.461058,-1.0575976,-0.7437569,0.17899418,2.0560062,-1.9215844,-3.9626358
Detroit 562,2.0075753,-0.25472015,0.1996712,-0.2171917,0.1832904,-1.4718189,1.6803429,1.7418836,1.785488,0.48332062,-0.6552104,-1.0275267,2.1725261,-1.4273075,0.34652513,0.14796469,0.16945417,-0.69375557,1.7120445,-0.9204192,-0.6058227,-1.1221349,-1.4018209,1.0738674,-0.7392911,-1.5035751
NCI-H322,1.1075591,-0.9189124,0.40068513,-0.8461062,0.64340425,0.20147395,1.3958193,1.1976444,0.9068154,1.9213961,-1.3080075,-0.50212955,1.29753,-2.753335,0.2824357,2.408494,0.1598708,-0.8243389,2.3350704,-0.6806907,-2.2074053,-1.3799528,0.012418281,0.36247435,1.0803934,0.4363553
HSC-3,1.0076743,-0.86995894,-0.29061958,-0.880882,0.8625651,0.23980945,2.8909929,1.6688615,0.5140498,1.8524672,-0.6282867,-0.800339,1.4902298,-3.2353122,-0.62976813,0.8498489,-0.7089762,-0.5901829,1.2693633,-0.4349993,-1.104645,-2.5745218,-0.18542291,0.8515441,-1.590556,0.19505766
MCAS,2.4593632,-0.7042039,-0.6341642,1.2715559,1.5821315,-3.8757868,-1.9606192,0.9000331,0.72922665,-0.08289087,-1.9090023,-2.0957963,-0.67084,2.9948874,3.4897199,-1.8965038,0.32715943,-1.909482,-0.13308834,-3.1267066,-0.15162086,4.327417,-0.09863657,-0.02552209,-2.2725418,-2.0741515
NCI-H838,0.2878173,0.06101675,-0.5920488,-0.057989076,0.2815017,0.62180793,-0.22237305,1.0646135,-0.76051116,-0.99945813,-0.17201403,0.49201906,1.6247332,-0.10006069,-0.23615111,0.55991834,0.7600075,0.39383304,1.4243107,0.16457611,0.3482114,-1.6125706,-1.0149099,1.0417861,-0.70300186,0.5439802
MEC-2,-1.2433211,1.7441269,0.8811108,1.084271,1.9696108,0.71455926,1.8103378,-0.28140786,0.96443015,-0.25502345,1.3819493,3.43454,-1.970993,1.9644873,-0.96555245,-0.7732229,0.8463558,1.29778,-2.3714404,-1.5837243,0.20308377,-0.8364881,0.514212,0.032152683,0.37133807,-0.74749476
NCI-H2171,-1.790619,-0.8683091,-0.8191121,0.3150625,-0.017769985,0.6999809,-1.9017503,2.0583813,0.78289616,0.036519594,-1.8017157,0.9789032,-1.6517594,-0.023907244,0.14069045,2.0029087,1.4799134,-1.1410384,-0.92836225,0.52730536,-0.3057625,1.4384489,-1.1635146,0.5198327,1.51545,0.110695764
IM95,3.9159496,1.0935565,3.4663298,-0.47917032,-3.1764288,-2.6038718,-0.33608347,-1.7394016,1.8264121,0.523371,-1.0870618,-0.20993456,0.6270506,-2.2047174,0.24216843,-0.9582311,0.9887681,0.35318917,-2.9483197,-1.3678174,2.0242498,0.2612567,-0.75429165,1.9729093,1.6618416,-1.4616797
PE/CA-PJ34 (clone C12),0.75965846,0.056748956,-0.79899645,-0.9012061,0.21151643,0.09165171,2.9549305,1.9518762,0.9156716,2.3369863,0.06529038,-1.7616066,2.8277376,-4.7566843,-1.6705799,1.7252061,-1.4952638,-0.45493022,2.3546078,-1.001737,-1.8407321,-3.3531036,0.6608684,1.0609511,-0.49375954,-0.5763257
KPL-1,2.6506212,0.6163698,1.5764238,0.34629536,-0.73461384,-1.0832387,0.08031977,-0.15267465,1.6850874,-0.082084835,-2.3214142,-1.3522977,4.034786,-0.62082916,-0.922614,-1.6133924,-0.10900414,-0.36149728,0.7140721,-1.479181,0.36007452,-1.363174,-0.29525152,0.13387284,2.7973776,1.3827891
SALE,0.76401615,-0.85123867,-0.23005913,-1.1431054,-0.71927965,0.06480256,3.5379422,0.45235986,0.4908159,1.6618837,0.030696519,-0.6239461,0.9024091,-0.975312,-0.35606495,0.8857646,-0.19205591,-1.4143007,1.5461539,-0.075628534,-1.6324421,-2.0063465,-0.8122471,-0.08665664,-0.5753123,-1.2941864
CAL-62,2.7777789,-2.833806,-1.0799724,-1.2687812,0.7634067,-1.9516914,-2.4784372,-0.21892232,3.9676576,3.2051015,-0.68053824,-1.502284,-3.8259685,-0.6151343,-0.26835647,-3.570839,1.1420605,-0.40261176,-1.3408484,1.1409211,1.9297336,1.4936725,3.3431792,-0.41665453,-2.2828817,-1.9771733
GCT,-0.69483364,-2.6759326,0.22426671,-0.44816464,0.52165544,-1.5999483,-0.68369967,1.5113041,1.1159161,-0.13695377,-0.33241037,0.073556595,-1.4159663,0.40728745,-0.46705458,-1.4645758,2.1272,0.04222301,-2.0246935,-0.6888985,0.71524054,0.38619578,0.069956355,0.7201684,-2.3777237,-1.1447982
RL,-1.0481912,1.4557228,1.8011621,0.9569733,0.55050963,0.58093774,-0.7957123,1.1025985,-0.92329437,0.25395566,-0.05889859,3.1225328,-3.532229,0.8651058,2.0178552,0.38581175,1.8885224,0.5668258,-2.3126888,-0.5014538,0.75792575,1.1799786,-0.3189482,1.0463037,1.0135763,-0.6572179
LN-428,-1.4750853,-0.7144668,0.98932016,0.39094105,-0.17984407,0.65338296,0.52622503,-1.0391963,0.08256376,-0.781934,0.87544274,0.20497948,1.062262,0.48180458,-1.7159927,-1.9145012,-1.0023935,0.80090195,-0.5672146,0.92876726,-0.004885457,-0.4186727,-0.31464142,-0.8507742,-0.3322529,-0.17777807
SNU-410,1.8340181,-2.2293057,-0.44036496,-1.9692037,-0.41244775,-2.3046548,-2.6247165,-0.9858473,4.6932316,2.9870484,1.0053048,-1.3480891,-1.7739604,-2.1667545,-0.58978945,-2.879828,1.7117624,-0.12155464,-0.6182313,0.14794104,0.069196194,2.662307,3.9563868,-0.19747332,-2.5261707,-2.072478
Hs 934.T,-1.4404978,-0.72211933,-1.8976059,-0.39500254,-0.48911837,-0.53397024,0.49275723,0.19942306,-1.0937824,-1.1946155,1.7699786,-1.0691304,0.84097564,-1.3677002,-0.33297208,-0.9442833,1.1013064,0.660634,0.21458377,0.75898254,1.0835376,-0.16264711,-0.53089327,0.33539748,-1.813073,1.5403736
BL-70,-3.3273466,0.33019903,0.28687978,-0.13638735,1.4118259,1.5053023,0.28208876,0.0883968,-0.19956636,1.5916375,-1.2354124,3.9546173,-3.0586243,0.42660016,1.5674875,0.09491807,1.2720178,0.22161138,-2.3487513,-0.16403475,-0.19572252,0.4018861,1.3037843,1.2735417,1.0112303,-1.230254
LN-443,-2.1022096,-1.7717421,0.5546436,-0.08350636,-0.44635725,0.25531715,-0.27454942,0.3223702,-0.94631463,-1.6908563,-0.09718037,0.1327239,0.49782082,0.13410877,-0.43660873,-1.3832138,0.76560074,0.4099024,-1.8921932,0.7306595,0.6557552,-0.39502704,-0.5907369,-0.14159356,-1.1912091,0.8259497
TOV-112D,0.07192195,-0.7276446,-1.7682147,1.6532847,1.7121695,1.4330734,-1.810979,-1.6131606,-1.906642,-0.6088101,-1.2673523,-1.73247,0.58610207,3.7180583,0.19002488,-2.0894089,-3.4637382,0.29229966,0.20758107,0.047278192,0.5337512,-0.18516412,1.2835509,0.14056474,-0.7213071,0.8117965
COLO 792,-0.23614289,1.2947273,1.3712693,1.3496243,-0.7094442,0.97967046,0.6633246,0.9494074,-1.5916281,-0.58129317,1.3349959,-1.3720284,-1.0138642,0.86720014,0.09920361,0.033524927,-1.2393978,0.34746593,1.3306354,0.27621573,0.5661267,-0.74926543,0.17545463,-1.3488449,1.7997246,0.8836509
RS-5,-1.7831465,-0.7404477,-1.5582482,-0.14453545,-0.6143279,-0.7727062,0.19415489,0.08627953,-0.6476368,-1.5580539,1.5875973,-0.5055901,0.43911147,-0.30389783,0.32343477,-1.1845796,-0.010708511,0.35172498,0.36169255,1.5324807,0.95707035,0.6090328,-0.7801948,-0.7396144,-1.7054958,0.91899353
EB2,-2.7215972,0.67713577,0.08416599,0.22411603,1.3123719,1.2669575,-1.9391351,0.23708804,-0.47470617,1.5574266,-0.028427996,4.293365,-3.1091228,0.6464502,0.1733026,0.8560438,1.2665551,0.5884063,-2.3297143,-1.0997018,-0.44253838,-1.3449781,1.0059419,0.6902895,0.30780196,-1.2938026
SU-DHL-5,-1.3354102,2.1683114,2.255865,1.4717455,0.7572232,-0.25692937,-1.9449027,1.276452,-1.8877591,0.0488189,0.16422695,2.6461663,-4.309923,0.978965,2.1809149,-0.5328461,0.96032345,0.40727255,-2.6021092,-0.11620776,1.7124785,2.139645,-0.047703944,0.709552,1.4624504,-0.5328633
