sample_id,variable,class_label,probability,known_label,predicted_label,split,method
NCI-H1355,Erlotinib,,,0.170404314994812,0.09046527743339539,train,DirectPred
COLO 741,Erlotinib,,,0.1051330491900444,0.08546196669340134,train,DirectPred
KOPN-8,Erlotinib,,,,0.09046527743339539,train,DirectPred
SNU-1197,Erlotinib,,,,0.08546196669340134,train,DirectPred
Pfeiffer,Erlotinib,,,0.1284427046775818,0.027294788509607315,train,DirectPred
JHH-4,Erlotinib,,,0.05468062683939934,0.09113350510597229,train,DirectPred
DMS 114,Erlotinib,,,0.0,0.09113350510597229,train,DirectPred
JHOS-2,Erlotinib,,,0.009666142985224724,0.0716080442070961,train,DirectPred
8305C,Erlotinib,,,0.029852136969566345,0.08546196669340134,train,DirectPred
PaTu 8988t,Erlotinib,,,,0.08139973878860474,train,DirectPred
CAL-120,Erlotinib,,,,0.08546196669340134,train,DirectPred
NCI-H2227,Erlotinib,,,,0.08546196669340134,train,DirectPred
UT-7,Erlotinib,,,,0.09113350510597229,train,DirectPred
Hs 604.T,Erlotinib,,,,0.03350553661584854,train,DirectPred
IST-Mes1,Erlotinib,,,0.030112499371170998,0.03350553661584854,train,DirectPred
SW1271,Erlotinib,,,0.01700293831527233,0.0792773962020874,train,DirectPred
UACC-893,Erlotinib,,,,0.008609279990196228,train,DirectPred
Fu97,Erlotinib,,,0.05444095656275749,0.08546196669340134,train,DirectPred
Panc 04.03,Erlotinib,,,0.11146882176399231,0.0818110853433609,train,DirectPred
DBTRG-05MG,Erlotinib,,,0.029529370367527008,0.055825237184762955,train,DirectPred
EBC-1,Erlotinib,,,0.04547259956598282,0.09113350510597229,train,DirectPred
SUP-T11,Erlotinib,,,,0.09113350510597229,train,DirectPred
ZR-75-1,Erlotinib,,,0.11372878402471542,0.005055851303040981,train,DirectPred
CL-40,Erlotinib,,,,0.07300406694412231,train,DirectPred
HMCB,Erlotinib,,,0.11731451749801636,0.09113350510597229,train,DirectPred
KP-N-YN,Erlotinib,,,,0.029703104868531227,train,DirectPred
Detroit 562,Erlotinib,,,0.1154157817363739,0.05875362828373909,train,DirectPred
SK-MEL-28,Erlotinib,,,,0.04204981029033661,train,DirectPred
Namalwa,Erlotinib,,,,0.08546196669340134,train,DirectPred
SNU-1196,Erlotinib,,,,0.09113350510597229,train,DirectPred
HCC1438,Erlotinib,,,,0.0716080442070961,train,DirectPred
NCI-H727,Erlotinib,,,0.014224999584257603,0.07490186393260956,train,DirectPred
Hs 688(A).T,Erlotinib,,,,0.03350553661584854,train,DirectPred
COV362,Erlotinib,,,,0.08546196669340134,train,DirectPred
KNS-42,Erlotinib,,,0.0,0.08546196669340134,train,DirectPred
Ki-JK,Erlotinib,,,,0.03350553661584854,train,DirectPred
Hs 683,Erlotinib,,,0.011889842338860035,0.09113350510597229,train,DirectPred
MEC-2,Erlotinib,,,,0.09113350510597229,train,DirectPred
LN-308,Erlotinib,,,,0.09113350510597229,train,DirectPred
SK-MEL-2,Erlotinib,,,0.0,0.026321612298488617,train,DirectPred
NUGC-4,Erlotinib,,,0.35449543595314026,0.1278044730424881,train,DirectPred
HCC78,Erlotinib,,,0.007752100471407175,0.09113350510597229,train,DirectPred
Hep 3B2.1-7,Erlotinib,,,0.0,0.09113350510597229,train,DirectPred
Hs 737.T,Erlotinib,,,,0.03350553661584854,train,DirectPred
OPM-2,Erlotinib,,,0.0670311376452446,0.08546196669340134,train,DirectPred
A-172,Erlotinib,,,0.020002657547593117,0.03350553661584854,train,DirectPred
AGS,Erlotinib,,,,0.12095919996500015,train,DirectPred
SCC-15,Erlotinib,,,,0.05821409076452255,train,DirectPred
HuNS1,Erlotinib,,,,0.005612674634903669,train,DirectPred
NCI-H520,Erlotinib,,,0.0,0.09113350510597229,train,DirectPred
SU-DHL-6,Erlotinib,,,0.0,0.09113350510597229,train,DirectPred
F5,Erlotinib,,,,0.09113350510597229,train,DirectPred
ES-2,Erlotinib,,,0.02078234776854515,0.08546196669340134,train,DirectPred
IGR-37,Erlotinib,,,0.03262731060385704,0.08546196669340134,train,DirectPred
KALS-1,Erlotinib,,,0.03612568601965904,0.026860695332288742,train,DirectPred
KMS-26,Erlotinib,,,0.011861918494105339,0.042582184076309204,train,DirectPred
OE19,Erlotinib,,,,0.042582184076309204,train,DirectPred
TIG-3 TD,Erlotinib,,,,0.09113350510597229,train,DirectPred
Capan-2,Erlotinib,,,0.05558851733803749,0.08139973878860474,train,DirectPred
HRT-18,Erlotinib,,,,0.026752373203635216,train,DirectPred
FU-OV-1,Erlotinib,,,0.11616449058055878,0.0716080442070961,train,DirectPred
SW1710,Erlotinib,,,,0.09113350510597229,train,DirectPred
DEL,Erlotinib,,,0.037769198417663574,0.09113350510597229,train,DirectPred
T3M-4,Erlotinib,,,,0.07490186393260956,train,DirectPred
SK-LMS-1,Erlotinib,,,0.09860297292470932,0.0716080442070961,train,DirectPred
SF126,Erlotinib,,,0.0028855474665760994,0.005055851303040981,train,DirectPred
SNU-475,Erlotinib,,,0.06119292601943016,0.0716080442070961,train,DirectPred
FTC-133,Erlotinib,,,,0.10525638610124588,train,DirectPred
NCI-H1755,Erlotinib,,,,0.055825237184762955,train,DirectPred
PANC-1,Erlotinib,,,,0.09046527743339539,train,DirectPred
MFE-319,Erlotinib,,,0.2620878517627716,0.08546196669340134,train,DirectPred
KP-1N,Erlotinib,,,0.023127039894461632,0.08139973878860474,train,DirectPred
CHP-126,Erlotinib,,,,0.09113350510597229,train,DirectPred
BT-474,Erlotinib,,,0.05379260703921318,0.04358908161520958,train,DirectPred
MCF-7,Erlotinib,,,0.052088651806116104,0.013478614389896393,train,DirectPred
SK-BR-3,Erlotinib,,,0.05985407158732414,0.09113350510597229,train,DirectPred
RERF-LC-Sq1,Erlotinib,,,,0.012655206024646759,train,DirectPred
HCC2814,Erlotinib,,,,0.09113350510597229,train,DirectPred
WM266-4,Erlotinib,,,0.013118494302034378,0.04795229062438011,train,DirectPred
NCI-H1930,Erlotinib,,,,0.08546196669340134,train,DirectPred
HCC4006,Erlotinib,,,0.4926633834838867,0.03350553661584854,train,DirectPred
KYSE-520,Erlotinib,,,0.18550874292850494,0.09113350510597229,train,DirectPred
Evsa-T,Erlotinib,,,,0.033362168818712234,train,DirectPred
HSC-2,Erlotinib,,,0.07182122021913528,0.08546196669340134,train,DirectPred
NCI-H441,Erlotinib,,,0.03614166006445885,0.09046527743339539,train,DirectPred
NCI-H1793,Erlotinib,,,0.14222055673599243,0.08546196669340134,train,DirectPred
SUP-HD1,Erlotinib,,,,0.005055851303040981,train,DirectPred
TE 125.T,Erlotinib,,,,0.09113350510597229,train,DirectPred
KG-1-C,Erlotinib,,,,0.055825237184762955,train,DirectPred
MHH-CALL-2,Erlotinib,,,,0.029703104868531227,train,DirectPred
HCC1171,Erlotinib,,,,0.09046527743339539,train,DirectPred
Ci-1,Erlotinib,,,0.0,0.08546196669340134,train,DirectPred
SNU-216,Erlotinib,,,,0.08446957170963287,train,DirectPred
SNU-869,Erlotinib,,,,0.04244203120470047,train,DirectPred
Huh-7,Erlotinib,,,,0.08446957170963287,train,DirectPred
SK-UT-1,Erlotinib,,,,0.04483061283826828,train,DirectPred
BICR 22,Erlotinib,,,,0.09113350510597229,train,DirectPred
Kasumi-2,Erlotinib,,,0.05147402733564377,0.09046527743339539,train,DirectPred
HCC827 GR5,Erlotinib,,,,0.09113350510597229,train,DirectPred
SJSA-1,Erlotinib,,,0.0369315966963768,0.03350553661584854,train,DirectPred
YD-38,Erlotinib,,,,0.09113350510597229,train,DirectPred
Mono-Mac-1,Erlotinib,,,0.12792180478572845,0.09113350510597229,train,DirectPred
NCI-H2172,Erlotinib,,,,0.03350553661584854,train,DirectPred
NCI-H2030,Erlotinib,,,0.15355055034160614,0.06594709306955338,train,DirectPred
COR-L279,Erlotinib,,,,0.026321612298488617,train,DirectPred
COV644,Erlotinib,,,,0.03350553661584854,train,DirectPred
LN-382,Erlotinib,,,,0.09113350510597229,train,DirectPred
KP-3,Erlotinib,,,0.035343848168849945,0.09046527743339539,train,DirectPred
RKN,Erlotinib,,,0.021037394180893898,0.07490186393260956,train,DirectPred
SNU-1041,Erlotinib,,,,0.03350553661584854,train,DirectPred
PK-1,Erlotinib,,,0.09488140046596527,0.09046527743339539,train,DirectPred
YMB-1,Erlotinib,,,,0.09113350510597229,train,DirectPred
ACCS,Erlotinib,,,,0.09113350510597229,train,DirectPred
AN3-CA,Erlotinib,,,0.03363645449280739,0.07075183838605881,train,DirectPred
IPC-298,Erlotinib,,,0.05289856344461441,0.08546196669340134,train,DirectPred
LoVo,Erlotinib,,,,0.07989376038312912,train,DirectPred
Kuramochi,Erlotinib,,,0.09344540536403656,0.08446957170963287,train,DirectPred
LUDLU-1,Erlotinib,,,0.21479026973247528,0.08446957170963287,train,DirectPred
NCI-H1184,Erlotinib,,,0.0,0.09113350510597229,train,DirectPred
SW579,Erlotinib,,,0.01684611104428768,0.09113350510597229,train,DirectPred
Hs 940.T,Erlotinib,,,,0.03350553661584854,train,DirectPred
SK-N-BE(2),Erlotinib,,,0.008403939194977283,0.09113350510597229,train,DirectPred
COLO 699,Erlotinib,,,0.01502471137791872,0.09113350510597229,train,DirectPred
DB,Erlotinib,,,,0.0716080442070961,train,DirectPred
Rh41,Erlotinib,,,,0.08546196669340134,train,DirectPred
NOMO-1,Erlotinib,,,,0.08139973878860474,train,DirectPred
SK-OV-3,Erlotinib,,,0.07924753427505493,0.012655206024646759,train,DirectPred
LS180,Erlotinib,,,,0.08306421339511871,train,DirectPred
NB1,Erlotinib,,,,0.03350553661584854,train,DirectPred
HOS,Erlotinib,,,0.0,0.0716080442070961,train,DirectPred
VMRC-RCZ,Erlotinib,,,0.038071174174547195,0.03350553661584854,train,DirectPred
8505C,Erlotinib,,,0.030876273289322853,0.08546196669340134,train,DirectPred
Hs 571.T,Erlotinib,,,,0.0429367758333683,train,DirectPred
GP2d,Erlotinib,,,,0.23240841925144196,train,DirectPred
JHOC-5,Erlotinib,,,,0.03350553661584854,train,DirectPred
CHP-212,Erlotinib,,,0.016802458092570305,0.005612674634903669,train,DirectPred
BCP-1,Erlotinib,,,,0.05821409076452255,train,DirectPred
HuP-T3,Erlotinib,,,0.044885557144880295,0.08611799031496048,train,DirectPred
JH-EsoAd1,Erlotinib,,,,0.09113350510597229,train,DirectPred
JHUEM-7,Erlotinib,,,,0.0036172857508063316,train,DirectPred
NCI-H1876,Erlotinib,,,,0.09113350510597229,train,DirectPred
OVTOKO,Erlotinib,,,0.10582002997398376,0.03350553661584854,train,DirectPred
RCM-1 [Human rectum adenocarcinoma],Erlotinib,,,,0.08546196669340134,train,DirectPred
DMS 153,Erlotinib,,,,0.04233197495341301,train,DirectPred
CAL-148,Erlotinib,,,,0.04440655931830406,train,DirectPred
HCC202,Erlotinib,,,,0.008609279990196228,train,DirectPred
NCI-H2029,Erlotinib,,,,0.09113350510597229,train,DirectPred
NCI-H23,Erlotinib,,,0.012236746959388256,0.08546196669340134,train,DirectPred
OVMANA,Erlotinib,,,0.022195594385266304,0.013478614389896393,train,DirectPred
SK-LU-1,Erlotinib,,,0.04014251381158829,0.08546196669340134,train,DirectPred
Hs 274.T,Erlotinib,,,,0.08139973878860474,train,DirectPred
LN-229,Erlotinib,,,0.08689193427562714,0.09113350510597229,train,DirectPred
Ishikawa (Heraklio) 02 ER-,Erlotinib,,,0.218491330742836,0.07383091002702713,train,DirectPred
CA46,Erlotinib,,,,0.09113350510597229,train,DirectPred
MES-SA,Erlotinib,,,0.002105230698361993,0.09113350510597229,train,DirectPred
NCI-H716,Erlotinib,,,,0.08641434460878372,train,DirectPred
RL95-2,Erlotinib,,,0.21716706454753876,0.08546196669340134,train,DirectPred
TF-1,Erlotinib,,,,0.026321612298488617,train,DirectPred
Hs 343.T,Erlotinib,,,,0.03350553661584854,train,DirectPred
HCC827,Erlotinib,,,0.5778692364692688,0.09113350510597229,train,DirectPred
SW1088,Erlotinib,,,0.05018170550465584,0.09113350510597229,train,DirectPred
TCCSUP,Erlotinib,,,0.0053850989788770676,0.013478614389896393,train,DirectPred
HCC1500,Erlotinib,,,,0.03350553661584854,train,DirectPred
CAL-62,Erlotinib,,,,0.07523538172245026,train,DirectPred
NH-6,Erlotinib,,,,0.03350553661584854,train,DirectPred
SK-MEL-30,Erlotinib,,,0.005350062623620033,0.08546196669340134,train,DirectPred
AMO1,Erlotinib,,,0.04056181013584137,0.08139973878860474,train,DirectPred
CAL-12T,Erlotinib,,,0.2825886905193329,0.08546196669340134,train,DirectPred
MPP 89,Erlotinib,,,0.01904938742518425,0.03831075504422188,train,DirectPred
NCI-H1568,Erlotinib,,,0.19252437353134155,0.08546196669340134,train,DirectPred
KLM-1,Erlotinib,,,,0.08139973878860474,train,DirectPred
NALM-1,Erlotinib,,,,0.03350553661584854,train,DirectPred
NCI-H1339,Erlotinib,,,0.0038380459882318974,0.08546196669340134,train,DirectPred
EHEB,Erlotinib,,,,0.03350553661584854,train,DirectPred
EB1,Erlotinib,,,0.005754662677645683,0.09113350510597229,train,DirectPred
CAL-33,Erlotinib,,,,0.08546196669340134,train,DirectPred
KMM-1,Erlotinib,,,0.00687357597053051,0.12131348997354507,train,DirectPred
NCI-H1373,Erlotinib,,,0.04716647043824196,0.08546196669340134,train,DirectPred
SK-HEP-1,Erlotinib,,,0.022565459832549095,0.053615812212228775,train,DirectPred
UM-UC-1,Erlotinib,,,,0.09113350510597229,train,DirectPred
MHH-ES-1,Erlotinib,,,0.08771762996912003,0.08546196669340134,train,DirectPred
F-36P,Erlotinib,,,0.016780167818069458,0.09113350510597229,train,DirectPred
HEC-1-A,Erlotinib,,,0.002704528858885169,0.0893360897898674,train,DirectPred
KYSE-410,Erlotinib,,,0.0661153569817543,0.08546196669340134,train,DirectPred
DAN-G,Erlotinib,,,,0.08139973878860474,train,DirectPred
BV-173,Erlotinib,,,,0.029703104868531227,train,DirectPred
NCI-H2286,Erlotinib,,,0.09505584090948105,0.022043220698833466,train,DirectPred
PE/CA-PJ49,Erlotinib,,,,0.10707226395606995,train,DirectPred
MDA-PCa-2b,Erlotinib,,,,0.05018147826194763,train,DirectPred
GSU,Erlotinib,,,,0.09046527743339539,train,DirectPred
HCC70,Erlotinib,,,0.08828119933605194,0.03884132578969002,train,DirectPred
Hs 739.T,Erlotinib,,,0.0,0.03350553661584854,train,DirectPred
NCI-H1437,Erlotinib,,,,0.09113350510597229,train,DirectPred
PE/CA-PJ15,Erlotinib,,,,0.09113350510597229,train,DirectPred
TC-71,Erlotinib,,,0.0,0.09113350510597229,train,DirectPred
HCC2935,Erlotinib,,,0.3644941747188568,0.027786223217844963,train,DirectPred
RT-112,Erlotinib,,,0.056365255266427994,0.0716080442070961,train,DirectPred
NCI-H838,Erlotinib,,,,0.027832038700580597,train,DirectPred
PLC/PRF/5,Erlotinib,,,0.08866620808839798,0.0716080442070961,train,DirectPred
SUP-T1,Erlotinib,,,0.0,0.09113350510597229,train,DirectPred
MDA-MB-361,Erlotinib,,,,0.05875362828373909,train,DirectPred
SLR23,Erlotinib,,,,0.09113350510597229,train,DirectPred
WM88,Erlotinib,,,0.004658939782530069,0.0482400618493557,train,DirectPred
KP-N-RT-BM-1,Erlotinib,,,,0.046091314405202866,train,DirectPred
IGROV-1,Erlotinib,,,0.1451892852783203,0.15971314907073975,train,DirectPred
EFO-21,Erlotinib,,,0.04438505694270134,0.03350553661584854,train,DirectPred
COR-L23,Erlotinib,,,0.00965084321796894,0.06644754856824875,train,DirectPred
FTC-238,Erlotinib,,,,0.05037612468004227,train,DirectPred
NCI-H460,Erlotinib,,,0.015685027465224266,0.03447749465703964,train,DirectPred
SK-MEL-5,Erlotinib,,,0.05582759901881218,0.06882953643798828,train,DirectPred
SUIT-2,Erlotinib,,,0.12975502014160156,0.08546196669340134,train,DirectPred
TC-32,Erlotinib,,,,0.09113350510597229,train,DirectPred
HT-29,Erlotinib,,,0.0008752056746743619,0.04297656565904617,train,DirectPred
NCI-H1573,Erlotinib,,,0.15496483445167542,0.08546196669340134,train,DirectPred
SNU-899,Erlotinib,,,,0.03350553661584854,train,DirectPred
A-253,Erlotinib,,,0.11193941533565521,0.03884132578969002,train,DirectPred
Hs 852.T,Erlotinib,,,0.06064947322010994,0.005612674634903669,train,DirectPred
ZR-75-30,Erlotinib,,,0.0,0.049779701977968216,train,DirectPred
SNU-324,Erlotinib,,,,0.03350553661584854,train,DirectPred
NCI-H2347,Erlotinib,,,,0.03741380572319031,train,DirectPred
HuTu 80,Erlotinib,,,,0.043737396597862244,train,DirectPred
KE-37,Erlotinib,,,,0.005612674634903669,train,DirectPred
OVCAR-4,Erlotinib,,,0.08904686570167542,0.08546196669340134,train,DirectPred
SNU-119,Erlotinib,,,,0.05904772877693176,train,DirectPred
ME-1 [Human leukemia],Erlotinib,,,,0.005612674634903669,train,DirectPred
HEK TE,Erlotinib,,,,0.09113350510597229,train,DirectPred
Raji,Erlotinib,,,0.0,0.09113350510597229,train,DirectPred
KYSE-510,Erlotinib,,,0.0072697969153523445,0.007061436772346497,train,DirectPred
Panc 02.13,Erlotinib,,,,0.08546196669340134,train,DirectPred
JVM-3,Erlotinib,,,0.11290206015110016,0.055825237184762955,train,DirectPred
K029AX,Erlotinib,,,0.0,0.055825237184762955,train,DirectPred
Hs 600.T,Erlotinib,,,,0.03350553661584854,train,DirectPred
COR-L47,Erlotinib,,,,0.027786223217844963,train,DirectPred
OUMS-23,Erlotinib,,,,0.08546196669340134,train,DirectPred
RCC4,Erlotinib,,,,0.09113350510597229,train,DirectPred
RCC10RGB,Erlotinib,,,,0.10707226395606995,train,DirectPred
GLC-82,Erlotinib,,,0.09206514805555344,0.09113350510597229,train,DirectPred
KP-1NL,Erlotinib,,,0.004297301638871431,0.08139973878860474,train,DirectPred
ONCO-DG-1,Erlotinib,,,0.1428801268339157,0.08546196669340134,train,DirectPred
SF295,Erlotinib,,,0.054866135120391846,0.03884132578969002,train,DirectPred
TT2609-C02,Erlotinib,,,0.07642944157123566,0.026321612298488617,train,DirectPred
Capan-1,Erlotinib,,,,0.09046527743339539,train,DirectPred
G-402,Erlotinib,,,0.003593845758587122,0.029703104868531227,train,DirectPred
ONS-76,Erlotinib,,,0.02147161215543747,0.006151611916720867,train,DirectPred
DV-90,Erlotinib,,,0.14565078914165497,0.0794697105884552,train,DirectPred
LK-2,Erlotinib,,,,0.08546196669340134,train,DirectPred
MKN7,Erlotinib,,,0.010533550754189491,0.09113350510597229,train,DirectPred
KYSE-140,Erlotinib,,,0.2900695502758026,0.08546196669340134,train,DirectPred
HCC1195,Erlotinib,,,,0.026785798370838165,train,DirectPred
KP-4,Erlotinib,,,0.02275892160832882,0.04736173525452614,train,DirectPred
SU-DHL-10,Erlotinib,,,0.0,0.05779394134879112,train,DirectPred
SBC-5,Erlotinib,,,0.003955003339797258,0.08546196669340134,train,DirectPred
HT-55,Erlotinib,,,,0.058076903223991394,train,DirectPred
LNCaP clone FGC,Erlotinib,,,,0.13585904240608215,train,DirectPred
NCI-H1666,Erlotinib,,,0.37953415513038635,0.055825237184762955,train,DirectPred
NCI-H69,Erlotinib,,,,0.05875362828373909,train,DirectPred
HEC-265,Erlotinib,,,0.0,0.03154375031590462,train,DirectPred
SEM,Erlotinib,,,,0.08546196669340134,train,DirectPred
SK-N-FI,Erlotinib,,,0.0,0.09113350510597229,train,DirectPred
VMRC-LCP,Erlotinib,,,,0.09113350510597229,train,DirectPred
LS1034,Erlotinib,,,,0.08546196669340134,train,DirectPred
PF-382,Erlotinib,,,,0.24081949889659882,train,DirectPred
CCK-81,Erlotinib,,,0.20738886296749115,0.05499405041337013,train,DirectPred
A3/Kawakami,Erlotinib,,,,0.03350553661584854,train,DirectPred
NCI-H661,Erlotinib,,,0.0029913890175521374,0.08546196669340134,train,DirectPred
TE-6,Erlotinib,,,,0.09113350510597229,train,DirectPred
HCC1897,Erlotinib,,,,0.09113350510597229,train,DirectPred
VCaP,Erlotinib,,,,0.05904772877693176,train,DirectPred
A2780,Erlotinib,,,0.01826312765479088,0.026758486405014992,train,DirectPred
RERF-LC-KJ,Erlotinib,,,,0.09113350510597229,train,DirectPred
1321N1,Erlotinib,,,0.05883492901921272,0.09113350510597229,train,DirectPred
BHT-101,Erlotinib,,,,0.055825237184762955,train,DirectPred
JK-1,Erlotinib,,,,0.03350553661584854,train,DirectPred
NCI-H146,Erlotinib,,,,0.03350553661584854,train,DirectPred
IMR-32,Erlotinib,,,0.0,0.03350553661584854,train,DirectPred
OELE,Erlotinib,,,,0.09113350510597229,train,DirectPred
P31/FUJ,Erlotinib,,,0.010075471363961697,0.04214465990662575,train,DirectPred
SNU-81,Erlotinib,,,,0.027602773159742355,train,DirectPred
Panc 03.27,Erlotinib,,,0.06275393068790436,0.08139973878860474,train,DirectPred
RD,Erlotinib,,,0.002177261747419834,0.03499405086040497,train,DirectPred
LN-319,Erlotinib,,,,0.09113350510597229,train,DirectPred
COR-L105,Erlotinib,,,0.18441914021968842,0.09113350510597229,train,DirectPred
HCC1806,Erlotinib,,,0.20209404826164246,0.03350553661584854,train,DirectPred
M059J,Erlotinib,,,0.009701584465801716,0.09113350510597229,train,DirectPred
J82,Erlotinib,,,0.04316093027591705,0.04233197495341301,train,DirectPred
KYSE-180,Erlotinib,,,0.20234858989715576,0.10707226395606995,train,DirectPred
SNU-1,Erlotinib,,,0.08571857213973999,0.08546196669340134,train,DirectPred
SU-DHL-5,Erlotinib,,,,0.005055851303040981,train,DirectPred
NCI-H889,Erlotinib,,,,0.09113350510597229,train,DirectPred
SW1990,Erlotinib,,,0.05235902965068817,0.08139973878860474,train,DirectPred
NCI-H3255,Erlotinib,,,0.5614478588104248,0.09113350510597229,train,DirectPred
JHOM-1,Erlotinib,,,,0.10536479204893112,train,DirectPred
DMS 273,Erlotinib,,,,0.03884132578969002,train,DirectPred
MDA-MB-468,Erlotinib,,,0.21849147975444794,0.026860695332288742,train,DirectPred
OE33,Erlotinib,,,0.09942173957824707,0.09113350510597229,train,DirectPred
T84,Erlotinib,,,0.06376633793115616,0.07300406694412231,train,DirectPred
MOR/CPR,Erlotinib,,,0.050237566232681274,0.0883478969335556,train,DirectPred
HEY A8,Erlotinib,,,0.015455840155482292,0.08546196669340134,train,DirectPred
Hs 944.T,Erlotinib,,,0.02216356247663498,0.026767317205667496,train,DirectPred
BT-20,Erlotinib,,,0.13583120703697205,0.05875362828373909,train,DirectPred
AsPC-1,Erlotinib,,,0.05606233328580856,0.09046527743339539,train,DirectPred
HEC-1-B,Erlotinib,,,0.06732435524463654,0.08502756059169769,train,DirectPred
OV-90,Erlotinib,,,0.0,0.08546196669340134,train,DirectPred
YH-13,Erlotinib,,,,0.013478614389896393,train,DirectPred
Karpas-620,Erlotinib,,,0.021312205120921135,0.09046527743339539,train,DirectPred
VMRC-RCW,Erlotinib,,,0.009323783218860626,0.03350553661584854,train,DirectPred
SNU-16,Erlotinib,,,0.047067105770111084,0.09113350510597229,train,DirectPred
Kasumi-6,Erlotinib,,,,0.09113350510597229,train,DirectPred
COLO 829,Erlotinib,,,,0.08546196669340134,train,DirectPred
Calu-1,Erlotinib,,,0.008805246092379093,0.08546196669340134,train,DirectPred
CADO-ES1,Erlotinib,,,,0.03350553661584854,train,DirectPred
Panc 08.13,Erlotinib,,,,0.08139973878860474,train,DirectPred
SR,Erlotinib,,,,0.09113350510597229,train,DirectPred
UACC-62,Erlotinib,,,0.10531966388225555,0.02679120935499668,train,DirectPred
COLO 668,Erlotinib,,,,0.09046527743339539,train,DirectPred
COV434,Erlotinib,,,,0.03350553661584854,train,DirectPred
Hs 821.T,Erlotinib,,,,0.03350553661584854,train,DirectPred
D283 Med,Erlotinib,,,,0.09113350510597229,train,DirectPred
COLO 679,Erlotinib,,,0.0172851774841547,0.055825237184762955,train,DirectPred
SaOS-2,Erlotinib,,,0.005337087903171778,0.046091314405202866,train,DirectPred
PK-59,Erlotinib,,,0.03967913240194321,0.08139973878860474,train,DirectPred
SK-MEL-24,Erlotinib,,,0.017442068085074425,0.055825237184762955,train,DirectPred
CMK-86,Erlotinib,,,0.07315269857645035,0.03350553661584854,train,DirectPred
NCI-H1341,Erlotinib,,,0.10301274061203003,0.013478614389896393,train,DirectPred
Hs 255.T,Erlotinib,,,,0.09113350510597229,train,DirectPred
HCC38,Erlotinib,,,,0.05875362828373909,train,DirectPred
SNU-1105,Erlotinib,,,,0.09113350510597229,train,DirectPred
UACC-812,Erlotinib,,,0.05086470767855644,0.049779701977968216,train,DirectPred
HuH-1,Erlotinib,,,0.04100503399968147,0.09113350510597229,train,DirectPred
769-P,Erlotinib,,,0.25329986214637756,0.03350553661584854,train,DirectPred
DOV13,Erlotinib,,,0.0014514935901388526,0.09113350510597229,train,DirectPred
Hs 618.T,Erlotinib,,,,0.03350553661584854,train,DirectPred
REC-1,Erlotinib,,,,0.09113350510597229,train,DirectPred
NCI-H1155,Erlotinib,,,0.0644206777215004,0.05779394134879112,train,DirectPred
Hs 706.T,Erlotinib,,,,0.03350553661584854,train,DirectPred
DU145,Erlotinib,,,0.13559819757938385,0.14512714743614197,train,DirectPred
LN-428,Erlotinib,,,,0.09113350510597229,train,DirectPred
L-540,Erlotinib,,,,0.046091314405202866,train,DirectPred
KYSE-270,Erlotinib,,,,0.08546196669340134,train,DirectPred
MKN74,Erlotinib,,,0.03447232395410538,0.06987651437520981,train,DirectPred
RPMI-8402,Erlotinib,,,0.018608050420880318,0.03884132578969002,train,DirectPred
NCI-H684,Erlotinib,,,,0.0818110853433609,train,DirectPred
NCI-H524,Erlotinib,,,,0.09113350510597229,train,DirectPred
NALM-19,Erlotinib,,,,0.03350553661584854,train,DirectPred
MOLM-16,Erlotinib,,,,0.09113350510597229,train,DirectPred
SUP-M2,Erlotinib,,,0.0,0.03350553661584854,train,DirectPred
SCC-9,Erlotinib,,,0.2093525528907776,0.029703104868531227,train,DirectPred
MOLP-8,Erlotinib,,,0.008758941665291786,0.005244936794042587,train,DirectPred
Caki-1,Erlotinib,,,,0.029703104868531227,train,DirectPred
LC-1/sq-SF,Erlotinib,,,0.11546967923641205,0.08546196669340134,train,DirectPred
JHUEM-1,Erlotinib,,,,3.8584694266319275e-05,train,DirectPred
JHOS-4,Erlotinib,,,0.12377795577049255,0.09113350510597229,train,DirectPred
SNU-410,Erlotinib,,,,0.07523538172245026,train,DirectPred
SNU-1076,Erlotinib,,,,0.013478614389896393,train,DirectPred
LS411N,Erlotinib,,,0.011920134536921978,0.047130849212408066,train,DirectPred
NCI-H510A,Erlotinib,,,,0.10626200586557388,train,DirectPred
KMS-27,Erlotinib,,,,0.03571699932217598,train,DirectPred
NCI-H841,Erlotinib,,,,0.08546196669340134,train,DirectPred
Hs 281.T,Erlotinib,,,,0.03350553661584854,train,DirectPred
SH-4,Erlotinib,,,,0.055825237184762955,train,DirectPred
NCI-H82,Erlotinib,,,,0.15061010420322418,train,DirectPred
SNU-886,Erlotinib,,,,0.09113350510597229,train,DirectPred
253J-BV,Erlotinib,,,,0.013478614389896393,train,DirectPred
SNU-407,Erlotinib,,,,0.08760976046323776,train,DirectPred
Loucy,Erlotinib,,,,0.09113350510597229,train,DirectPred
CAL-85-1,Erlotinib,,,0.2859991192817688,0.09113350510597229,train,DirectPred
EM-2,Erlotinib,,,0.06069961562752724,0.09113350510597229,train,DirectPred
DMS 79,Erlotinib,,,,0.08166904747486115,train,DirectPred
NCI-H1105,Erlotinib,,,,0.09113350510597229,train,DirectPred
OVCAR-3,Erlotinib,,,0.1443013697862625,0.08546196669340134,train,DirectPred
NCI-H446,Erlotinib,,,,0.0716080442070961,train,DirectPred
SNU-C5,Erlotinib,,,,0.04297656565904617,train,DirectPred
Hs 888.T,Erlotinib,,,,0.03350553661584854,train,DirectPred
Hs 895.T,Erlotinib,,,0.04018842801451683,0.03350553661584854,train,DirectPred
TGBC11TKB,Erlotinib,,,,0.08931497484445572,train,DirectPred
U-138MG,Erlotinib,,,,0.03884132578969002,train,DirectPred
KNS-60,Erlotinib,,,0.008071512915194035,0.09113350510597229,train,DirectPred
KLE,Erlotinib,,,0.08713329583406448,0.09113350510597229,train,DirectPred
DND-41,Erlotinib,,,,0.009436935186386108,train,DirectPred
HCC1143,Erlotinib,,,,0.08546196669340134,train,DirectPred
Hs 751.T,Erlotinib,,,,0.03350553661584854,train,DirectPred
MOLT-13,Erlotinib,,,,0.10834451019763947,train,DirectPred
HDQ-P1,Erlotinib,,,0.20471830666065216,0.09113350510597229,train,DirectPred
BICR 16,Erlotinib,,,,0.09113350510597229,train,DirectPred
IGR-39,Erlotinib,,,0.007250509224832058,0.08546196669340134,train,DirectPred
NCI-H2228,Erlotinib,,,0.11122030019760132,0.09113350510597229,train,DirectPred
TO 175.T,Erlotinib,,,,0.03350553661584854,train,DirectPred
UACC-257,Erlotinib,,,0.004973747301846743,0.055825237184762955,train,DirectPred
NMC-G1,Erlotinib,,,,0.055825237184762955,train,DirectPred
MeWo,Erlotinib,,,0.0,0.09770535677671432,train,DirectPred
A4/Fukuda,Erlotinib,,,,0.09113350510597229,train,DirectPred
CCF-STTG1,Erlotinib,,,,0.02679120935499668,train,DirectPred
ECC12,Erlotinib,,,,0.09113350510597229,train,DirectPred
KS-1 [Human glioblastoma],Erlotinib,,,,0.029703104868531227,train,DirectPred
DFCI024,Erlotinib,,,,0.09113350510597229,train,DirectPred
Hs 840.T,Erlotinib,,,0.01480245403945446,0.03350553661584854,train,DirectPred
GCT,Erlotinib,,,0.029750056564807892,0.03262341767549515,train,DirectPred
U-937,Erlotinib,,,0.051928505301475525,0.03884132578969002,train,DirectPred
KCI-MOH1,Erlotinib,,,0.16372962296009064,0.08139973878860474,train,DirectPred
MKN1,Erlotinib,,,,0.05875362828373909,train,DirectPred
Caov-3,Erlotinib,,,,0.09113350510597229,train,DirectPred
SET-2,Erlotinib,,,,0.09113350510597229,train,DirectPred
Hs 172.T,Erlotinib,,,,0.03350553661584854,train,DirectPred
EFM-192A,Erlotinib,,,,0.008609279990196228,train,DirectPred
COR-L88,Erlotinib,,,,0.09113350510597229,train,DirectPred
HPAC,Erlotinib,,,0.06448940932750702,0.08139973878860474,train,DirectPred
SW620,Erlotinib,,,0.003228754736483097,0.0818110853433609,train,DirectPred
SKM-1,Erlotinib,,,,0.07523538172245026,train,DirectPred
Hs 695T,Erlotinib,,,0.0027959689032286406,0.06211988255381584,train,DirectPred
LXF 289,Erlotinib,,,,0.08546196669340134,train,DirectPred
KM-H2,Erlotinib,,,,0.03350553661584854,train,DirectPred
SLR21,Erlotinib,,,,0.09113350510597229,train,DirectPred
U-BLC1,Erlotinib,,,,0.09113350510597229,train,DirectPred
SNU-308,Erlotinib,,,,0.09113350510597229,train,DirectPred
YAPC,Erlotinib,,,,0.09046527743339539,train,DirectPred
Calu-6,Erlotinib,,,0.02324351668357849,0.09046527743339539,train,DirectPred
DU4475,Erlotinib,,,,0.06882953643798828,train,DirectPred
JURL-MK1,Erlotinib,,,,0.09113350510597229,train,DirectPred
TYK-nu,Erlotinib,,,7.59855299883351e-15,0.08307687193155289,train,DirectPred
SW837,Erlotinib,,,,0.08546196669340134,train,DirectPred
CHL-1,Erlotinib,,,0.13103163242340088,0.05904772877693176,train,DirectPred
Hs 729.T,Erlotinib,,,0.012469694949686527,0.0716080442070961,train,DirectPred
JHUEM-3,Erlotinib,,,,0.09113350510597229,train,DirectPred
SU.86.86,Erlotinib,,,0.05526959151029587,0.09046527743339539,train,DirectPred
ALL-SIL,Erlotinib,,,0.079600028693676,0.10707226395606995,train,DirectPred
HLC-1,Erlotinib,,,,0.08139973878860474,train,DirectPred
BDCM,Erlotinib,,,0.013226781040430069,0.03350553661584854,train,DirectPred
OS-RC-2,Erlotinib,,,,0.0278556477278471,train,DirectPred
TOV-21G,Erlotinib,,,0.06806977093219757,0.09440330415964127,train,DirectPred
HCC1395,Erlotinib,,,0.042956769466400146,0.09113350510597229,train,DirectPred
NCI-H526,Erlotinib,,,,0.09113350510597229,train,DirectPred
HuCC-T1,Erlotinib,,,0.07585393637418747,0.09046527743339539,train,DirectPred
SNU-1077,Erlotinib,,,,0.09113350510597229,train,DirectPred
Hs 870.T,Erlotinib,,,,0.09113350510597229,train,DirectPred
HD-MY-Z,Erlotinib,,,0.0841427892446518,0.08139708638191223,train,DirectPred
SNB-19,Erlotinib,,,,0.09113350510597229,train,DirectPred
BEN,Erlotinib,,,,0.034014713019132614,train,DirectPred
SNU-1272,Erlotinib,,,,0.03350553661584854,train,DirectPred
RPMI-8226,Erlotinib,,,,0.08641434460878372,train,DirectPred
KMS-28BM,Erlotinib,,,,0.08259061723947525,train,DirectPred
Hs 611.T,Erlotinib,,,,0.03350553661584854,train,DirectPred
NCI-H1734,Erlotinib,,,,0.06594709306955338,train,DirectPred
RERF-LC-A1,Erlotinib,,,0.039469145238399506,0.028041895478963852,train,DirectPred
SNU-478,Erlotinib,,,,0.05821409076452255,train,DirectPred
T3M-10,Erlotinib,,,0.0519343800842762,0.09046527743339539,train,DirectPred
ECC10,Erlotinib,,,,0.08546196669340134,train,DirectPred
Hs 834.T,Erlotinib,,,,0.03350553661584854,train,DirectPred
TE-4,Erlotinib,,,,0.033362168818712234,train,DirectPred
HCC15,Erlotinib,,,0.02772621624171734,0.04556683823466301,train,DirectPred
BICR 56,Erlotinib,,,,0.08446957170963287,train,DirectPred
RPMI-7951,Erlotinib,,,0.010962510481476784,0.08546196669340134,train,DirectPred
COLO 704,Erlotinib,,,,0.026336925104260445,train,DirectPred
OAW42,Erlotinib,,,,0.013478614389896393,train,DirectPred
CH-157MN,Erlotinib,,,,0.09113350510597229,train,DirectPred
TE-8,Erlotinib,,,,0.08446957170963287,train,DirectPred
OCI-Ly3,Erlotinib,,,,0.03350553661584854,train,DirectPred
TE 441.T,Erlotinib,,,,0.03350553661584854,train,DirectPred
OCI-Ly19,Erlotinib,,,,0.005612674634903669,train,DirectPred
TOV-112D,Erlotinib,,,0.08457241207361221,0.07498715817928314,train,DirectPred
Hs 939.T,Erlotinib,,,0.018996980041265488,0.055825237184762955,train,DirectPred
NCI-H854,Erlotinib,,,,0.08546196669340134,train,DirectPred
TE 159.T,Erlotinib,,,,0.03350553661584854,train,DirectPred
BT-483,Erlotinib,,,,0.022305427119135857,train,DirectPred
KMRC-20,Erlotinib,,,,0.09113350510597229,train,DirectPred
SNU-5,Erlotinib,,,,0.042582184076309204,train,DirectPred
CFPAC-1,Erlotinib,,,,0.09046527743339539,train,DirectPred
HT115,Erlotinib,,,,0.13304921984672546,train,DirectPred
NCI-H1694,Erlotinib,,,0.0,0.09113350510597229,train,DirectPred
HMC-1-8,Erlotinib,,,0.01942284032702446,0.09046527743339539,train,DirectPred
NCI-H810,Erlotinib,,,0.0,0.09113350510597229,train,DirectPred
Peer,Erlotinib,,,,0.09113350510597229,train,DirectPred
HCC1187,Erlotinib,,,0.046661943197250366,0.03350553661584854,train,DirectPred
Hs 934.T,Erlotinib,,,,0.03350553661584854,train,DirectPred
NCI-H2009,Erlotinib,,,0.08123744279146194,0.09046527743339539,train,DirectPred
OC 314,Erlotinib,,,0.04141521826386452,0.09113350510597229,train,DirectPred
RT112/84,Erlotinib,,,,0.0716080442070961,train,DirectPred
CAL-29,Erlotinib,,,,0.05875362828373909,train,DirectPred
GSS,Erlotinib,,,,0.08546196669340134,train,DirectPred
KYSE-30,Erlotinib,,,0.10740166902542114,0.08546196669340134,train,DirectPred
NCI-H196,Erlotinib,,,,0.03884132578969002,train,DirectPred
PCM6,Erlotinib,,,,0.03884132578969002,train,DirectPred
Hs 698.T,Erlotinib,,,,0.10707226395606995,train,DirectPred
PE/CA-PJ34 (clone C12),Erlotinib,,,,0.09113350510597229,train,DirectPred
SNU-46,Erlotinib,,,,0.08546196669340134,train,DirectPred
MFE-280,Erlotinib,,,0.12208159267902374,0.05875362828373909,train,DirectPred
RERF-LC-Ad1,Erlotinib,,,,0.08546196669340134,train,DirectPred
M059K,Erlotinib,,,,0.026860695332288742,train,DirectPred
HT-1376,Erlotinib,,,0.1141933798789978,0.09113350510597229,train,DirectPred
SK-N-AS,Erlotinib,,,0.01277044229209423,0.005612674634903669,train,DirectPred
BICR 18,Erlotinib,,,,0.028838438913226128,train,DirectPred
NCI-H2171,Erlotinib,,,,0.09113350510597229,train,DirectPred
JMSU-1,Erlotinib,,,0.11092350631952286,0.08546196669340134,train,DirectPred
HEC-151,Erlotinib,,,0.24379590153694153,0.08349360525608063,train,DirectPred
P12-Ichikawa,Erlotinib,,,0.04233955964446068,0.06522972881793976,train,DirectPred
CL-11,Erlotinib,,,,0.08546196669340134,train,DirectPred
NCI-H2405,Erlotinib,,,,0.09113350510597229,train,DirectPred
SNU-349,Erlotinib,,,,0.03350553661584854,train,DirectPred
U-178MG,Erlotinib,,,,0.09113350510597229,train,DirectPred
KMS-34,Erlotinib,,,0.006456402130424976,0.09113350510597229,train,DirectPred
L-428,Erlotinib,,,0.012746384367346764,0.03350553661584854,train,DirectPred
PE/CA-PJ41 (clone D2),Erlotinib,,,,0.09113350510597229,train,DirectPred
SK-N-SH,Erlotinib,,,0.033035822212696075,0.02663048915565014,train,DirectPred
A-673,Erlotinib,,,0.013293544761836529,0.055825237184762955,train,DirectPred
CW-2,Erlotinib,,,,0.10900819301605225,train,DirectPred
ACC-MESO-1,Erlotinib,,,,0.016829969361424446,train,DirectPred
AM-38,Erlotinib,,,,0.055825237184762955,train,DirectPred
NCI-H747,Erlotinib,,,0.08544382452964783,0.08546196669340134,train,DirectPred
SNU-620,Erlotinib,,,,0.03350553661584854,train,DirectPred
T-47D,Erlotinib,,,0.06612788885831833,0.05875362828373909,train,DirectPred
Jurkat E6.1,Erlotinib,,,0.08020259439945221,0.09113350510597229,train,DirectPred
SNU-878,Erlotinib,,,,0.09113350510597229,train,DirectPred
C32 [Human melanoma],Erlotinib,,,0.03969797492027283,0.055825237184762955,train,DirectPred
SNU-C2B,Erlotinib,,,0.0494898185133934,0.09113350510597229,train,DirectPred
CAL-78,Erlotinib,,,0.03013685718178749,0.09113350510597229,train,DirectPred
8-MG-BA,Erlotinib,,,0.07423067092895508,0.026275737211108208,train,DirectPred
SK-MEL-3,Erlotinib,,,,0.08546196669340134,train,DirectPred
A101D,Erlotinib,,,,0.055825237184762955,train,DirectPred
Hs 766T,Erlotinib,,,0.09911269694566727,0.08139973878860474,train,DirectPred
CJM [Human melanoma],Erlotinib,,,,0.09113350510597229,train,DirectPred
SALE,Erlotinib,,,,0.09113350510597229,train,DirectPred
647V,Erlotinib,,,,0.09113350510597229,train,DirectPred
NCI-H1581,Erlotinib,,,0.0,0.08546196669340134,train,DirectPred
PL45,Erlotinib,,,0.06297192722558975,0.08139973878860474,train,DirectPred
MOLT-4,Erlotinib,,,,0.0061160605400800705,train,DirectPred
Hs 606.T,Erlotinib,,,,0.09113350510597229,train,DirectPred
Kelly,Erlotinib,,,0.0,0.09113350510597229,train,DirectPred
SW1353,Erlotinib,,,0.004265821073204279,0.09113350510597229,train,DirectPred
Kasumi-1,Erlotinib,,,,0.09113350510597229,train,DirectPred
LN-215,Erlotinib,,,,0.09113350510597229,train,DirectPred
SNU-520,Erlotinib,,,,0.0333382822573185,train,DirectPred
DMS 53,Erlotinib,,,,0.08546196669340134,train,DirectPred
JHH-2,Erlotinib,,,0.07645614445209503,0.08546196669340134,train,DirectPred
A-498,Erlotinib,,,,0.06644754856824875,train,DirectPred
RT-4,Erlotinib,,,0.16739684343338013,0.03350553661584854,train,DirectPred
ST486,Erlotinib,,,,0.09113350510597229,train,DirectPred
SW480,Erlotinib,,,0.020401477813720703,0.0818110853433609,train,DirectPred
RCH-ACV,Erlotinib,,,,0.13229995965957642,train,DirectPred
IGR-1,Erlotinib,,,,0.055825237184762955,train,DirectPred
OVISE,Erlotinib,,,,0.007822015322744846,train,DirectPred
SNU-738,Erlotinib,,,,0.08546196669340134,train,DirectPred
HuT 102,Erlotinib,,,,0.03350553661584854,train,DirectPred
SiMa,Erlotinib,,,0.0,0.03350553661584854,train,DirectPred
MC116,Erlotinib,,,0.0,0.02752653881907463,train,DirectPred
NCO2,Erlotinib,,,0.10569243878126144,0.09113350510597229,train,DirectPred
786-O,Erlotinib,,,0.017399881035089493,0.03884132578969002,train,DirectPred
NALM-6,Erlotinib,,,,0.02668171562254429,train,DirectPred
OVCAR-8,Erlotinib,,,,0.14830850064754486,train,DirectPred
SCC-4,Erlotinib,,,,0.0716080442070961,train,DirectPred
SF8657,Erlotinib,,,0.006604624912142754,0.09113350510597229,train,DirectPred
SNU-761,Erlotinib,,,,0.03350553661584854,train,DirectPred
SU-DHL-8,Erlotinib,,,0.006080465391278267,0.08546196669340134,train,DirectPred
CMK-11-5,Erlotinib,,,,0.07498715817928314,train,DirectPred
AU565,Erlotinib,,,0.04662146046757698,0.09113350510597229,train,DirectPred
SNU-1033,Erlotinib,,,,0.08546196669340134,train,DirectPred
U-118MG,Erlotinib,,,0.007053320296108723,0.09113350510597229,train,DirectPred
KG-1,Erlotinib,,,0.03685476630926132,0.05904772877693176,train,DirectPred
NCI-H2110,Erlotinib,,,,0.09113350510597229,train,DirectPred
JM-1,Erlotinib,,,0.036375001072883606,0.03350553661584854,train,DirectPred
KMS-12-BM,Erlotinib,,,0.0,0.03350553661584854,train,DirectPred
TE 617.T,Erlotinib,,,0.19763614237308502,0.027832038700580597,train,DirectPred
RD-ES,Erlotinib,,,,0.09113350510597229,train,DirectPred
Hs 675.T,Erlotinib,,,,0.027294788509607315,train,DirectPred
JHH-5,Erlotinib,,,0.2246560901403427,0.09113350510597229,train,DirectPred
LN-443,Erlotinib,,,,0.09113350510597229,train,DirectPred
MFE-296,Erlotinib,,,0.10578947514295578,0.008744277060031891,train,DirectPred
WM793,Erlotinib,,,0.02805124968290329,0.02679120935499668,train,DirectPred
697,Erlotinib,,,0.10943935066461563,0.005612674634903669,train,DirectPred
MOG-G-UVW,Erlotinib,,,,0.005055851303040981,train,DirectPred
YD-8,Erlotinib,,,,0.06594709306955338,train,DirectPred
A-549,Erlotinib,,,0.08121180534362793,0.06644754856824875,train,DirectPred
Panc 02.03,Erlotinib,,,0.12672166526317596,0.09046527743339539,train,DirectPred
TE-11,Erlotinib,,,0.25699689984321594,0.10707226395606995,train,DirectPred
HCC95,Erlotinib,,,,0.03350553661584854,train,DirectPred
HT-1197,Erlotinib,,,0.05817360058426857,0.0038129258900880814,train,DirectPred
NU-DUL-1,Erlotinib,,,,0.09046527743339539,train,DirectPred
Lu-99A,Erlotinib,,,0.09351128339767456,0.03447749465703964,train,DirectPred
SNU-245,Erlotinib,,,,0.09113350510597229,train,DirectPred
OC 315,Erlotinib,,,0.05231531709432602,0.09113350510597229,train,DirectPred
HN,Erlotinib,,,,0.09113350510597229,train,DirectPred
TCC-PAN2,Erlotinib,,,,0.09046527743339539,train,DirectPred
NCI-H1944,Erlotinib,,,0.10510390996932983,0.08139973878860474,train,DirectPred
MEC-1,Erlotinib,,,0.008480126969516277,0.09113350510597229,train,DirectPred
Toledo,Erlotinib,,,0.0,0.09046527743339539,train,DirectPred
SNU-1214,Erlotinib,,,,0.08546196669340134,train,DirectPred
LN-235,Erlotinib,,,,0.09113350510597229,train,DirectPred
NCI-H508,Erlotinib,,,,0.08546196669340134,train,DirectPred
RERF-GC-1B,Erlotinib,,,0.08589732646942139,0.08446221798658371,train,DirectPred
PC-3,Erlotinib,,,0.05190436169505119,0.09113350510597229,train,DirectPred
CL-34,Erlotinib,,,,0.08546196669340134,train,DirectPred
SNU-8,Erlotinib,,,,0.09046527743339539,train,DirectPred
MOLT-16,Erlotinib,,,0.04553644731640816,0.05875362828373909,train,DirectPred
OV56,Erlotinib,,,,0.026864413172006607,train,DirectPred
SNU-423,Erlotinib,,,0.03534448519349098,0.09113350510597229,train,DirectPred
M-07e,Erlotinib,,,,0.005612674634903669,train,DirectPred
MSTO-211H,Erlotinib,,,0.04682326689362526,0.03350553661584854,train,DirectPred
T.T,Erlotinib,,,,0.08546196669340134,train,DirectPred
WM1799,Erlotinib,,,0.04316750541329384,0.01932648755609989,train,DirectPred
OCI-Ly10,Erlotinib,,,0.07214845716953278,0.03884132578969002,train,DirectPred
Sq-1,Erlotinib,,,0.06801863759756088,0.1278044730424881,train,DirectPred
5637,Erlotinib,,,0.2021394670009613,0.08491497486829758,train,DirectPred
HCC-56,Erlotinib,,,0.057098597288131714,0.09046527743339539,train,DirectPred
QGP-1,Erlotinib,,,0.06047167629003525,0.08546196669340134,train,DirectPred
SU-DHL-4,Erlotinib,,,0.05815713480114937,0.09113350510597229,train,DirectPred
C2BBe1,Erlotinib,,,0.15984268486499786,0.08391138911247253,train,DirectPred
NCI-H2141,Erlotinib,,,,0.09113350510597229,train,DirectPred
NCI-H1395,Erlotinib,,,,0.055825237184762955,train,DirectPred
SLR26,Erlotinib,,,,0.09113350510597229,train,DirectPred
TE-1,Erlotinib,,,0.0982104241847992,0.09113350510597229,train,DirectPred
HSC-3,Erlotinib,,,,0.09113350510597229,train,DirectPred
Hs 746.T,Erlotinib,,,0.028298527002334595,0.08546196669340134,train,DirectPred
MUTZ-3,Erlotinib,,,,0.08139973878860474,train,DirectPred
LS123,Erlotinib,,,0.06874532997608185,0.08546196669340134,train,DirectPred
DM-3,Erlotinib,,,,0.027294788509607315,train,DirectPred
NCI-H1792,Erlotinib,,,0.03543425351381302,0.09046527743339539,train,DirectPred
SF767,Erlotinib,,,,0.09113350510597229,train,DirectPred
U2OS,Erlotinib,,,0.04493655636906624,0.043737396597862244,train,DirectPred
HDLM-2,Erlotinib,,,,0.027294788509607315,train,DirectPred
T1-73,Erlotinib,,,,0.03350553661584854,train,DirectPred
COLO 680N,Erlotinib,,,,0.09113350510597229,train,DirectPred
KNS-81-FD,Erlotinib,,,0.006513525266200304,0.09113350510597229,train,DirectPred
NCI-H2291,Erlotinib,,,,0.09046527743339539,train,DirectPred
U-251MG,Erlotinib,,,,0.09113350510597229,train,DirectPred
VM-CUB-1,Erlotinib,,,,0.08546196669340134,train,DirectPred
HCT 15,Erlotinib,,,0.051358070224523544,0.08546196669340134,train,DirectPred
LMSU,Erlotinib,,,,0.05821409076452255,train,DirectPred
Li-7,Erlotinib,,,,0.03350553661584854,train,DirectPred
COLO 792,Erlotinib,,,,0.029703104868531227,train,DirectPred
CPC-N,Erlotinib,,,,0.09113350510597229,train,DirectPred
Karpas-422,Erlotinib,,,0.0,0.09113350510597229,train,DirectPred
KNS-62,Erlotinib,,,0.0,0.08446957170963287,train,DirectPred
YKG-1,Erlotinib,,,0.03782465681433678,0.009485132992267609,train,DirectPred
SNU-182,Erlotinib,,,0.12646253407001495,0.09113350510597229,train,DirectPred
U-87MG ATCC,Erlotinib,,,0.0,0.02844061329960823,train,DirectPred
WSU-DLCL2,Erlotinib,,,,0.0716080442070961,train,DirectPred
MHH-NB-11,Erlotinib,,,,0.03350553661584854,train,DirectPred
KMS-21-BM,Erlotinib,,,,0.03571699932217598,train,DirectPred
SH-10-TC,Erlotinib,,,0.030011549592018127,0.05779394134879112,train,DirectPred
COLO 849,Erlotinib,,,,0.055825237184762955,train,DirectPred
ACHN,Erlotinib,,,0.1818314790725708,0.03350553661584854,train,DirectPred
A-704,Erlotinib,,,,0.03350553661584854,train,DirectPred
GMS-10,Erlotinib,,,0.019054094329476357,0.03884132578969002,train,DirectPred
HCC2157,Erlotinib,,,,0.09113350510597229,train,DirectPred
DoHH2,Erlotinib,,,0.0,0.03350553661584854,train,DirectPred
SNU-283,Erlotinib,,,,0.027294788509607315,train,DirectPred
EW-8,Erlotinib,,,,0.09113350510597229,train,DirectPred
HCC44,Erlotinib,,,0.0068970308639109135,0.07490186393260956,train,DirectPred
TM-31,Erlotinib,,,,0.0716080442070961,train,DirectPred
KATO III,Erlotinib,,,,0.13946454226970673,train,DirectPred
NCI-H929,Erlotinib,,,,0.005612674634903669,train,DirectPred
CML-T1,Erlotinib,,,,0.006597285158932209,train,DirectPred
SK-N-DZ,Erlotinib,,,0.0023759305477142334,0.03350553661584854,train,DirectPred
UOK101,Erlotinib,,,,0.09113350510597229,train,DirectPred
KO52,Erlotinib,,,0.06541673094034195,0.08307687193155289,train,DirectPred
NCI-H1975,Erlotinib,,,0.04640130698680878,0.08546196669340134,train,DirectPred
NCI-H322,Erlotinib,,,0.30578410625457764,0.09113350510597229,train,DirectPred
Hs 229.T,Erlotinib,,,0.0,0.03350553661584854,train,DirectPred
MUTZ-5,Erlotinib,,,,0.03350553661584854,train,DirectPred
SK-CO-1,Erlotinib,,,0.13508951663970947,0.08546196669340134,train,DirectPred
P3HR-1,Erlotinib,,,0.0,0.02752653881907463,train,DirectPred
SW1116,Erlotinib,,,,0.08546196669340134,train,DirectPred
NCI-H1915,Erlotinib,,,0.04668029397726059,0.09113350510597229,train,DirectPred
MDA-MB-157,Erlotinib,,,0.06068647652864456,0.09113350510597229,train,DirectPred
SW1783,Erlotinib,,,,0.026860695332288742,train,DirectPred
HCC1599,Erlotinib,,,,0.09113350510597229,train,DirectPred
HTK-,Erlotinib,,,,0.06594709306955338,train,DirectPred
COLO 783,Erlotinib,,,,0.06488555669784546,train,DirectPred
EFM-19,Erlotinib,,,0.004981904290616512,0.03522152081131935,train,DirectPred
KE-39,Erlotinib,,,0.1750926673412323,0.07498715817928314,train,DirectPred
143B,Erlotinib,,,,0.08139973878860474,train,DirectPred
MM1.S,Erlotinib,,,,0.08139973878860474,train,DirectPred
OAW28,Erlotinib,,,,0.09113350510597229,train,DirectPred
HCC33,Erlotinib,,,,0.09113350510597229,train,DirectPred
BICR 31,Erlotinib,,,,0.09113350510597229,train,DirectPred
PC-14,Erlotinib,,,0.5404548048973083,0.09113350510597229,train,DirectPred
CAL-27,Erlotinib,,,0.33115506172180176,0.08546196669340134,train,DirectPred
SNU-489,Erlotinib,,,,0.03884132578969002,train,DirectPred
NCI-H2196,Erlotinib,,,,0.09113350510597229,train,DirectPred
MV4-11,Erlotinib,,,,0.03350553661584854,train,DirectPred
HPAF-II,Erlotinib,,,0.06233073025941849,0.09046527743339539,train,DirectPred
Hep-G2/C3A,Erlotinib,,,0.020205803215503693,0.005612674634903669,train,DirectPred
253J,Erlotinib,,,,0.013478614389896393,train,DirectPred
SNU-201,Erlotinib,,,,0.03884132578969002,train,DirectPred
23132/87,Erlotinib,,,,0.13946454226970673,train,DirectPred
RMUG-S,Erlotinib,,,,0.09113350510597229,train,DirectPred
KMRC-3,Erlotinib,,,,0.03350553661584854,train,DirectPred
DLD-1,Erlotinib,,,,0.03447749465703964,train,DirectPred
SNU-61,Erlotinib,,,,0.08546196669340134,train,DirectPred
NCI-H1650,Erlotinib,,,0.2207937389612198,0.08546196669340134,train,DirectPred
NCI-H1651,Erlotinib,,,0.04277709126472473,0.08546196669340134,train,DirectPred
AML-193,Erlotinib,,,,0.03499405086040497,train,DirectPred
OCUM-1,Erlotinib,,,0.0,0.1140323132276535,train,DirectPred
Caki-2,Erlotinib,,,0.12503495812416077,0.046091314405202866,train,DirectPred
HCC1419,Erlotinib,,,,0.09113350510597229,train,DirectPred
IA-LM,Erlotinib,,,0.028218360617756844,0.08546196669340134,train,DirectPred
HMEL,Erlotinib,,,,0.09113350510597229,train,DirectPred
RMG-I,Erlotinib,,,,0.03350553661584854,train,DirectPred
EFE-184,Erlotinib,,,0.10355244576931,0.09113350510597229,train,DirectPred
NCI-H2023,Erlotinib,,,0.019692206755280495,0.08546196669340134,train,DirectPred
Mono-Mac-6,Erlotinib,,,,0.09113350510597229,train,DirectPred
NCI-H226,Erlotinib,,,0.0059545026160776615,0.027294788509607315,train,DirectPred
SNU-1040,Erlotinib,,,,0.16923129558563232,train,DirectPred
Granta-519,Erlotinib,,,0.032702624797821045,0.03350553661584854,train,DirectPred
TE-10,Erlotinib,,,,0.09113350510597229,train,DirectPred
MOG-G-CCM,Erlotinib,,,0.0,0.09113350510597229,train,DirectPred
SW1417,Erlotinib,,,0.011907773092389107,0.08546196669340134,train,DirectPred
HSC-4,Erlotinib,,,,0.006220715120434761,train,DirectPred
Hs 839.T,Erlotinib,,,,0.05904772877693176,train,DirectPred
RS-5,Erlotinib,,,,0.03350553661584854,train,DirectPred
ML-1 [Human thyroid carcinoma],Erlotinib,,,,0.029703104868531227,train,DirectPred
SNU-719,Erlotinib,,,,0.0835452526807785,train,DirectPred
SW403,Erlotinib,,,0.12285277247428894,0.07300406694412231,train,DirectPred
HK-2 [Human kidney],Erlotinib,,,,0.09113350510597229,train,DirectPred
A2058,Erlotinib,,,0.020316431298851967,0.03262341767549515,train,DirectPred
KMRC-2,Erlotinib,,,0.0557129792869091,0.03350553661584854,train,DirectPred
NCI-H1092,Erlotinib,,,0.0,0.0429367758333683,train,DirectPred
SNU-1066,Erlotinib,,,,0.08546196669340134,train,DirectPred
T98G,Erlotinib,,,0.023452864959836006,0.027786223217844963,train,DirectPred
SNU-466,Erlotinib,,,,0.005055851303040981,train,DirectPred
Daudi,Erlotinib,,,,0.08546196669340134,train,DirectPred
EJM,Erlotinib,,,,0.09113350510597229,train,DirectPred
BL-70,Erlotinib,,,0.007193997036665678,0.08546196669340134,train,DirectPred
HCC1833,Erlotinib,,,,0.0716080442070961,train,DirectPred
Panc 10.05,Erlotinib,,,0.05654756352305412,0.06594709306955338,train,DirectPred
OC 316,Erlotinib,,,0.034157849848270416,0.037720534950494766,train,DirectPred
HEC-251,Erlotinib,,,0.06929846853017807,0.03562299534678459,train,DirectPred
OV7,Erlotinib,,,,0.08139973878860474,train,DirectPred
JJN-3,Erlotinib,,,,0.03350553661584854,train,DirectPred
KMRC-1,Erlotinib,,,0.1492006480693817,0.03350553661584854,train,DirectPred
MDA-MB-134-VI,Erlotinib,,,,0.03350553661584854,train,DirectPred
OCI-AML-5,Erlotinib,,,0.04101958125829697,0.029703104868531227,train,DirectPred
SNU-601,Erlotinib,,,,0.023236725479364395,train,DirectPred
COR-L24,Erlotinib,,,,0.08546196669340134,train,DirectPred
Mel JuSo,Erlotinib,,,,0.03513204678893089,train,DirectPred
SUP-B15,Erlotinib,,,,0.027294788509607315,train,DirectPred
SCaBER,Erlotinib,,,0.2585083246231079,0.09113350510597229,train,DirectPred
UM-RC-2,Erlotinib,,,,0.09113350510597229,train,DirectPred
COR-L95,Erlotinib,,,,0.09113350510597229,train,DirectPred
GR-M,Erlotinib,,,,0.09113350510597229,train,DirectPred
OCI-AML-3,Erlotinib,,,,0.005612674634903669,train,DirectPred
SIG-M5,Erlotinib,,,0.12618041038513184,0.055825237184762955,train,DirectPred
G-361,Erlotinib,,,0.07832533121109009,0.055825237184762955,train,DirectPred
MOTN-1,Erlotinib,,,,0.08446957170963287,train,DirectPred
NCI-H1563,Erlotinib,,,0.02166382037103176,0.046091314405202866,train,DirectPred
HCC1588,Erlotinib,,,,0.08546196669340134,train,DirectPred
NCI-H2342,Erlotinib,,,,0.08546196669340134,train,DirectPred
OCI-AML-2,Erlotinib,,,0.02965749055147171,0.03350553661584854,train,DirectPred
OUMS-27,Erlotinib,,,,0.03350553661584854,train,DirectPred
HARA [Human squamous cell lung carcinoma],Erlotinib,,,0.11393557488918304,0.05821409076452255,train,DirectPred
A-1207,Erlotinib,,,,0.09113350510597229,train,DirectPred
KCL-22,Erlotinib,,,0.045496631413698196,0.045151352882385254,train,DirectPred
PSN1,Erlotinib,,,0.035159897059202194,0.07490186393260956,train,DirectPred
SCC-25,Erlotinib,,,,0.09113350510597229,train,DirectPred
PaTu 8988s,Erlotinib,,,,0.08139973878860474,train,DirectPred
CL-14,Erlotinib,,,,0.08546196669340134,train,DirectPred
HCT 8,Erlotinib,,,,0.03447749465703964,train,DirectPred
KPL-1,Erlotinib,,,,0.013478614389896393,train,DirectPred
KMBC-2,Erlotinib,,,0.016026489436626434,0.04204981029033661,train,DirectPred
Ku812,Erlotinib,,,0.03246072307229042,0.09113350510597229,train,DirectPred
ESS-1,Erlotinib,,,0.0676722377538681,0.009485132992267609,train,DirectPred
HEL 92.1.7,Erlotinib,,,0.017781322821974754,0.08546196669340134,train,DirectPred
BFTC-905,Erlotinib,,,,0.026321612298488617,train,DirectPred
RL,Erlotinib,,,,0.03884132578969002,train,DirectPred
TE-15,Erlotinib,,,0.2378416657447815,0.09113350510597229,train,DirectPred
HEC-59,Erlotinib,,,0.02312557026743889,0.024763425812125206,train,DirectPred
SW1463,Erlotinib,,,,0.08546196669340134,train,DirectPred
CAL-54,Erlotinib,,,,0.027832038700580597,train,DirectPred
LOX-IMVI,Erlotinib,,,0.02155059017241001,0.06211988255381584,train,DirectPred
NCI-H1781,Erlotinib,,,,0.038730330765247345,train,DirectPred
HCC2108,Erlotinib,,,,0.08611799031496048,train,DirectPred
SW1573,Erlotinib,,,0.07071369141340256,0.05337313935160637,train,DirectPred
NCI-H1869,Erlotinib,,,0.152424156665802,0.09113350510597229,train,DirectPred
Mino,Erlotinib,,,0.12321418523788452,0.10834451019763947,train,DirectPred
MJ,Erlotinib,,,0.0,0.03350553661584854,train,DirectPred
HT-1080,Erlotinib,,,0.015392986126244068,0.005612674634903669,train,DirectPred
HuH-6 Clone 5,Erlotinib,,,,0.07498715817928314,train,DirectPred
639V,Erlotinib,,,,0.14362049102783203,train,DirectPred
42-MG-BA,Erlotinib,,,0.09109991043806076,0.03884132578969002,train,DirectPred
PaTu 8902,Erlotinib,,,0.014206549152731895,0.08546196669340134,train,DirectPred
OE21,Erlotinib,,,0.3437134325504303,0.10707226395606995,train,DirectPred
GB-1,Erlotinib,,,0.05240587517619133,0.09113350510597229,train,DirectPred
HCC366,Erlotinib,,,,0.08546196669340134,train,DirectPred
SNU-503,Erlotinib,,,,0.05306495353579521,train,DirectPred
TE-9,Erlotinib,,,0.08090578019618988,0.09113350510597229,train,DirectPred
K-562,Erlotinib,,,,0.08446957170963287,train,DirectPred
59M,Erlotinib,,,,0.09113350510597229,train,DirectPred
GOS-3,Erlotinib,,,,0.05018147826194763,train,DirectPred
JHH-1,Erlotinib,,,,0.10461078584194183,train,DirectPred
Karpas-299,Erlotinib,,,0.026572350412607193,0.09113350510597229,train,DirectPred
NCI-H2122,Erlotinib,,,0.0913124531507492,0.08641434460878372,train,DirectPred
NCI-H2126,Erlotinib,,,,0.027832038700580597,train,DirectPred
NCI-N87,Erlotinib,,,0.09161164611577988,0.05904772877693176,train,DirectPred
PrEC LH,Erlotinib,,,,0.09113350510597229,train,DirectPred
EPLC-272H,Erlotinib,,,,0.028041895478963852,train,DirectPred
SK-MEL-31,Erlotinib,,,0.022938359528779984,0.09113350510597229,train,DirectPred
SW948,Erlotinib,,,,0.0251587126404047,train,DirectPred
HCC2279,Erlotinib,,,,0.08546196669340134,train,DirectPred
JeKo-1,Erlotinib,,,,0.03350553661584854,train,DirectPred
LS513,Erlotinib,,,,0.08546196669340134,train,DirectPred
VMRC-LCD,Erlotinib,,,9.304741628883215e-16,0.09113350510597229,train,DirectPred
LC-1F,Erlotinib,,,,0.08546196669340134,train,DirectPred
SW780,Erlotinib,,,0.12238645553588867,0.049779701977968216,train,DirectPred
LCLC-103H,Erlotinib,,,0.018521644175052643,0.0716080442070961,train,DirectPred
NCI-H1299,Erlotinib,,,0.06268586218357086,0.005612674634903669,train,DirectPred
NCI-H2073,Erlotinib,,,,0.09113350510597229,train,DirectPred
RKO,Erlotinib,,,0.004631584510207176,0.04485010728240013,train,DirectPred
GaMG,Erlotinib,,,0.03627780079841614,0.08546196669340134,train,DirectPred
MOLM-6,Erlotinib,,,,0.09113350510597229,train,DirectPred
OCI-M1,Erlotinib,,,,0.08546196669340134,train,DirectPred
Hep-G2,Erlotinib,,,0.02846195176243782,0.005612674634903669,train,DirectPred
WM115,Erlotinib,,,0.009304008446633816,0.04815520718693733,train,DirectPred
KU-19-19,Erlotinib,,,,0.005612674634903669,train,DirectPred
LCLC-97TM1,Erlotinib,,,,0.09046527743339539,train,DirectPred
SNU-626,Erlotinib,,,,0.03884132578969002,train,DirectPred
HEC-50B,Erlotinib,,,,0.07989376038312912,train,DirectPred
Lu-65,Erlotinib,,,,0.08611799031496048,train,DirectPred
MOLM-13,Erlotinib,,,,0.03350553661584854,train,DirectPred
MIA PaCa-2,Erlotinib,,,0.015134925954043865,0.09046527743339539,train,DirectPred
L-363,Erlotinib,,,0.030041877180337906,0.01839487999677658,train,DirectPred
KP-N-SI9s,Erlotinib,,,0.07291987538337708,0.08139973878860474,train,DirectPred
NCI-H660,Erlotinib,,,,0.03350553661584854,train,DirectPred
HPB-ALL,Erlotinib,,,,0.22441844642162323,train,DirectPred
HuT 78,Erlotinib,,,0.0,0.026321612298488617,train,DirectPred
HLF-a,Erlotinib,,,,0.03350553661584854,train,DirectPred
KM12,Erlotinib,,,,0.047130849212408066,train,DirectPred
SHP-77,Erlotinib,,,0.0,0.08139973878860474,train,DirectPred
LN-464,Erlotinib,,,,0.09113350510597229,train,DirectPred
SNU-C4,Erlotinib,,,,0.10390003025531769,train,DirectPred
TE-5,Erlotinib,,,0.026737511157989502,0.04233197495341301,train,DirectPred
COLO 205,Erlotinib,,,0.05243299528956413,0.06882953643798828,train,DirectPred
SW900,Erlotinib,,,0.032573848962783813,0.09046527743339539,train,DirectPred
Malme-3M,Erlotinib,,,0.0325942300260067,0.055825237184762955,train,DirectPred
Hs 822.T,Erlotinib,,,,0.03350553661584854,train,DirectPred
OVSAHO,Erlotinib,,,0.02859368361532688,0.09113350510597229,train,DirectPred
WM983B,Erlotinib,,,0.012461467646062374,0.08546196669340134,train,DirectPred
NCI-H1048,Erlotinib,,,0.03162302449345589,0.0074609313160181046,train,DirectPred
NCI-H1693,Erlotinib,,,0.19644658267498016,0.08546196669340134,train,DirectPred
MOLP-2,Erlotinib,,,,0.09113350510597229,train,DirectPred
NCI-H1963,Erlotinib,,,,0.09113350510597229,train,DirectPred
COLO 320,Erlotinib,,,0.06566300988197327,0.08546196669340134,train,DirectPred
FaDu,Erlotinib,,,0.20236626267433167,0.09113350510597229,train,DirectPred
NUGC-2,Erlotinib,,,,0.09113350510597229,train,DirectPred
Hs 294T,Erlotinib,,,0.03162425011396408,0.055825237184762955,train,DirectPred
NCI-H2170,Erlotinib,,,0.19809652864933014,0.09113350510597229,train,DirectPred
HCC364,Erlotinib,,,,0.09113350510597229,train,DirectPred
MDA-MB-435,Erlotinib,,,0.0032447248231619596,0.08546196669340134,train,DirectPred
COLO 677,Erlotinib,,,0.009470959194004536,0.09113350510597229,train,DirectPred
EB2,Erlotinib,,,0.05123785883188248,0.08546196669340134,train,DirectPred
HH [Human lymphoma],Erlotinib,,,0.0,0.07498715817928314,train,DirectPred
AZ-521,Erlotinib,,,0.14559698104858398,0.043737396597862244,train,DirectPred
UM-RC-6,Erlotinib,,,,0.09113350510597229,train,DirectPred
TUHR14TKB,Erlotinib,,,,0.03350553661584854,train,DirectPred
HCC2218,Erlotinib,,,,0.03350553661584854,train,DirectPred
SNU-449,Erlotinib,,,0.058517977595329285,0.03884132578969002,train,DirectPred
Daoy,Erlotinib,,,0.033018723130226135,0.08546196669340134,train,DirectPred
TALL-1 [Human adult T-ALL],Erlotinib,,,,0.026321612298488617,train,DirectPred
A-375,Erlotinib,,,0.034597910940647125,0.08546196669340134,train,DirectPred
HT,Erlotinib,,,0.0,0.08546196669340134,train,DirectPred
THP-1,Erlotinib,,,,0.026321612298488617,train,DirectPred
SNU-398,Erlotinib,,,0.0,0.043737396597862244,train,DirectPred
BJ1-hTERT,Erlotinib,,,,0.09113350510597229,train,DirectPred
COLO 800,Erlotinib,,,,0.055825237184762955,train,DirectPred
EFO-27,Erlotinib,,,0.16153484582901,0.08546196669340134,train,DirectPred
KYO-1,Erlotinib,,,,0.07498715817928314,train,DirectPred
Hs 936.T,Erlotinib,,,0.014631255529820919,0.08546196669340134,train,DirectPred
SNU-1079,Erlotinib,,,,0.03350553661584854,train,DirectPred
SNU-C2A,Erlotinib,,,0.09475236386060715,0.09096132218837738,train,DirectPred
NCI-H596,Erlotinib,,,,0.05875362828373909,train,DirectPred
YD-10B,Erlotinib,,,,0.08546196669340134,train,DirectPred
IM95,Erlotinib,,,,0.007061436772346497,train,DirectPred
HCC1937,Erlotinib,,,,0.09113350510597229,train,DirectPred
JHH-6,Erlotinib,,,0.013065235689282417,0.029703104868531227,train,DirectPred
L-1236,Erlotinib,,,,0.03350553661584854,train,DirectPred
SW48,Erlotinib,,,0.3432353436946869,0.1603456437587738,train,DirectPred
NCI-H1838,Erlotinib,,,,0.0716080442070961,train,DirectPred
KYM-1,Erlotinib,,,0.0,0.03350553661584854,train,DirectPred
NCI-H1836,Erlotinib,,,,0.08546196669340134,train,DirectPred
SU-DHL-1,Erlotinib,,,,0.09113350510597229,train,DirectPred
NCI-H209,Erlotinib,,,,0.12165788561105728,train,DirectPred
RERF-LC-MS,Erlotinib,,,0.0,0.09113350510597229,train,DirectPred
COLO 678,Erlotinib,,,0.15705744922161102,0.08139973878860474,train,DirectPred
NCC-StC-K140,Erlotinib,,,,0.05821409076452255,train,DirectPred
SH-SY5Y,Erlotinib,,,,0.027832038700580597,train,DirectPred
Hs 819.T,Erlotinib,,,,0.03350553661584854,train,DirectPred
SK-MES-1,Erlotinib,,,0.27235737442970276,0.09113350510597229,train,DirectPred
KYSE-150,Erlotinib,,,0.08199793100357056,0.09113350510597229,train,DirectPred
JIMT-1,Erlotinib,,,,0.05875362828373909,train,DirectPred
NB4,Erlotinib,,,,0.09046527743339539,train,DirectPred
NCI-H358,Erlotinib,,,0.1887504607439041,0.05337313935160637,train,DirectPred
SNU-175,Erlotinib,,,,0.08546196669340134,train,DirectPred
COR-L51,Erlotinib,,,,0.09113350510597229,train,DirectPred
Becker,Erlotinib,,,,0.09113350510597229,train,DirectPred
EWS-502,Erlotinib,,,,0.09113350510597229,train,DirectPred
OVK18,Erlotinib,,,,0.035706885159015656,train,DirectPred
UM-UC-3,Erlotinib,,,0.0,0.04736173525452614,train,DirectPred
Hs 742.T,Erlotinib,,,,0.03350553661584854,train,DirectPred
COV504,Erlotinib,,,0.0711984634399414,0.09113350510597229,train,DirectPred
COLO 775,Erlotinib,,,,0.08641434460878372,train,DirectPred
SLR25,Erlotinib,,,,0.09113350510597229,train,DirectPred
L3.3,Erlotinib,,,0.12835821509361267,0.044007621705532074,train,DirectPred
LAMA-84,Erlotinib,,,,0.09113350510597229,train,DirectPred
SK-ES-1,Erlotinib,,,0.06832186132669449,0.08546196669340134,train,DirectPred
EC-GI-10,Erlotinib,,,,0.09113350510597229,train,DirectPred
MDA-MB-436,Erlotinib,,,0.06565015763044357,0.03350553661584854,train,DirectPred
HL-60,Erlotinib,,,,0.005612674634903669,train,DirectPred
HCC1428,Erlotinib,,,,0.03350553661584854,train,DirectPred
BC-3C,Erlotinib,,,,0.013478614389896393,train,DirectPred
U266B1,Erlotinib,,,,0.06622710824012756,train,DirectPred
ABC-1,Erlotinib,,,,0.0716080442070961,train,DirectPred
NCI-H522,Erlotinib,,,0.040344320237636566,0.08546196669340134,train,DirectPred
Ri-1,Erlotinib,,,,0.09113350510597229,train,DirectPred
SK-N-MC,Erlotinib,,,,0.03350553661584854,train,DirectPred
CAMA-1,Erlotinib,,,0.01575651951134205,0.033362168818712234,train,DirectPred
JHUEM-2,Erlotinib,,,0.025869473814964294,0.012642388232052326,train,DirectPred
SK-RC-31,Erlotinib,,,,0.09113350510597229,train,DirectPred
LN-18,Erlotinib,,,0.06571833789348602,0.09113350510597229,train,DirectPred
BL-41,Erlotinib,,,0.009598737582564354,0.09113350510597229,train,DirectPred
NCI-H1618,Erlotinib,,,,0.09113350510597229,train,DirectPred
CAL-51,Erlotinib,,,,-0.00934198871254921,train,DirectPred
HLE,Erlotinib,,,0.02747679315507412,0.09113350510597229,train,DirectPred
NUGC-3,Erlotinib,,,0.23616647720336914,0.08491497486829758,train,DirectPred
S-117,Erlotinib,,,,0.13115473091602325,train,DirectPred
EoL-1,Erlotinib,,,,0.03350553661584854,train,DirectPred
MDA-MB-231,Erlotinib,,,,0.07642962038516998,train,DirectPred
NCI-H2452,Erlotinib,,,0.07825463265180588,0.03350553661584854,train,DirectPred
KE-97,Erlotinib,,,0.0897432342171669,0.03350553661584854,train,DirectPred
GI-1,Erlotinib,,,0.021889647468924522,0.09113350510597229,train,DirectPred
RERF-LC-Ad2,Erlotinib,,,,0.07490186393260956,train,DirectPred
KMS-11,Erlotinib,,,0.0,0.03350553661584854,train,DirectPred
IOMM-Lee,Erlotinib,,,,0.09113350510597229,train,DirectPred
Hs 578T,Erlotinib,,,0.013234484009444714,0.0716080442070961,train,DirectPred
SK-MM-2,Erlotinib,,,0.17415617406368256,0.09113350510597229,train,DirectPred
HCC1954,Erlotinib,,,0.10922294855117798,0.04233197495341301,train,DirectPred
NCI-H1703,Erlotinib,,,0.056992560625076294,0.08546196669340134,train,DirectPred
TE-14,Erlotinib,,,,0.09113350510597229,train,DirectPred
COLO 201,Erlotinib,,,0.020721299573779106,0.06882953643798828,train,DirectPred
PL-21,Erlotinib,,,,0.09046527743339539,train,DirectPred
MDA-MB-415,Erlotinib,,,0.01592852920293808,0.03262341767549515,train,DirectPred
A-204,Erlotinib,,,0.013244900852441788,0.029703104868531227,train,DirectPred
Hs 863.T,Erlotinib,,,,0.03350553661584854,train,DirectPred
SNU-C1,Erlotinib,,,,0.09113350510597229,train,DirectPred
Caov-4,Erlotinib,,,,0.09113350510597229,train,DirectPred
HEC-6,Erlotinib,,,0.0,0.06710859388113022,train,DirectPred
KHM-1B,Erlotinib,,,0.04921862483024597,0.00683444831520319,train,DirectPred
BICR 6,Erlotinib,,,,0.09113350510597229,train,DirectPred
BxPC-3,Erlotinib,,,0.11221767216920853,0.09113350510597229,train,DirectPred
MEG-01,Erlotinib,,,0.011870242655277252,0.09113350510597229,train,DirectPred
NU-DHL-1,Erlotinib,,,,0.09046527743339539,train,DirectPred
EN,Erlotinib,,,0.00819708313792944,0.012372252531349659,train,DirectPred
SCLC-21H,Erlotinib,,,,0.08546196669340134,train,DirectPred
NCI-H647,Erlotinib,,,0.006460372358560562,0.09046527743339539,train,DirectPred
NCI-H650,Erlotinib,,,0.005011194851249456,0.08546196669340134,train,DirectPred
CAS-1,Erlotinib,,,0.00462641566991806,0.03884132578969002,train,DirectPred
HCC1359,Erlotinib,,,,0.13148486614227295,train,DirectPred
NCI-H1436,Erlotinib,,,,0.08446957170963287,train,DirectPred
SK-MEL-1,Erlotinib,,,,0.01932648755609989,train,DirectPred
GCIY,Erlotinib,,,0.16549909114837646,0.08978962898254395,train,DirectPred
BFTC-909,Erlotinib,,,0.02699008584022522,0.05875362828373909,train,DirectPred
HGC-27,Erlotinib,,,0.019985539838671684,0.04233197495341301,train,DirectPred
SNG-M,Erlotinib,,,0.07452930510044098,0.03954588621854782,train,DirectPred
SF172,Erlotinib,,,,0.09113350510597229,train,DirectPred
JL-1,Erlotinib,,,,0.03350553661584854,train,DirectPred
LOU-NH91,Erlotinib,,,0.14603012800216675,0.034014713019132614,train,DirectPred
TEN,Erlotinib,,,0.0,0.044507432729005814,train,DirectPred
G-401,Erlotinib,,,0.023841170594096184,0.03350553661584854,train,DirectPred
B-CPAP,Erlotinib,,,0.026610318571329117,0.08546196669340134,train,DirectPred
JHOM-2B,Erlotinib,,,,0.08546196669340134,train,DirectPred
KMS-18,Erlotinib,,,,0.09113350510597229,train,DirectPred
LN-340,Erlotinib,,,,0.09113350510597229,train,DirectPred
MHH-CALL-3,Erlotinib,,,,0.03350553661584854,train,DirectPred
SNU-213,Erlotinib,,,,0.09046527743339539,train,DirectPred
SNU-387,Erlotinib,,,0.013762500137090683,0.10834451019763947,train,DirectPred
MDST8,Erlotinib,,,,0.08546196669340134,train,DirectPred
KMS-20,Erlotinib,,,,0.09046527743339539,train,DirectPred
MHH-CALL-4,Erlotinib,,,,0.08139973878860474,train,DirectPred
NCI-H1648,Erlotinib,,,0.0904114693403244,0.09113350510597229,train,DirectPred
Calu-3,Erlotinib,,,0.13969959318637848,0.08546196669340134,train,DirectPred
H4,Erlotinib,,,0.030391791835427284,0.03350553661584854,train,DirectPred
Rh18,Erlotinib,,,,0.09113350510597229,train,DirectPred
NCI-H292,Erlotinib,,,,0.09113350510597229,train,DirectPred
22Rv1,Erlotinib,,,0.005032097455114126,0.06417375802993774,train,DirectPred
NCI-H2087,Erlotinib,,,0.07736940681934357,0.08546196669340134,train,DirectPred
SK-RC-20,Erlotinib,,,,0.09113350510597229,train,DirectPred
U-343MGa,Erlotinib,,,,0.09113350510597229,train,DirectPred
HCC1569,Erlotinib,,,0.006881309673190117,0.03884132578969002,train,DirectPred
NCI-H2106,Erlotinib,,,,0.10536479204893112,train,DirectPred
HEL,Erlotinib,,,,0.08546196669340134,train,DirectPred
NCI-H2085,Erlotinib,,,0.05294705927371979,0.09113350510597229,train,DirectPred
IST-Mes2,Erlotinib,,,0.025352122262120247,0.09113350510597229,train,DirectPred
MDA-MB-175-VII,Erlotinib,,,0.15721262991428375,0.09113350510597229,train,DirectPred
MDA-MB-453,Erlotinib,,,0.02901134081184864,0.007670368999242783,train,DirectPred
TUHR10TKB,Erlotinib,,,,0.03350553661584854,train,DirectPred
NCI-H2066,Erlotinib,,,,0.09113350510597229,train,DirectPred
D341 Med,Erlotinib,,,,0.03350553661584854,train,DirectPred
KP-2,Erlotinib,,,0.03964619338512421,0.09046527743339539,train,DirectPred
COR-L311,Erlotinib,,,,0.09113350510597229,train,DirectPred
BHY,Erlotinib,,,,0.03350553661584854,train,DirectPred
MCAS,Erlotinib,,,0.028530478477478027,0.08546196669340134,train,DirectPred
SLR20,Erlotinib,,,,0.09113350510597229,train,DirectPred
HCT 116,Erlotinib,,,0.02919105254113674,0.12095919996500015,train,DirectPred
MKN45,Erlotinib,,,0.027027567848563194,0.09113350510597229,train,DirectPred
NCI-H2444,Erlotinib,,,0.05686502158641815,0.05779394134879112,train,DirectPred
NCI-H211,Erlotinib,,,0.0,0.09113350510597229,train,DirectPred
Rh30,Erlotinib,,,0.007888833060860634,0.09113350510597229,train,DirectPred
CGTH-W-1,Erlotinib,,,,0.09113350510597229,train,DirectPred
GDM-1,Erlotinib,,,,0.03350553661584854,train,DirectPred
CMK,Erlotinib,,,,0.07498715817928314,train,DirectPred
JHH-7,Erlotinib,,,0.06400319188833237,0.09113350510597229,train,DirectPred
NCI-H2081,Erlotinib,,,,0.01399630680680275,train,DirectPred
Mel Ho,Erlotinib,,,0.021324850618839264,0.02679120935499668,train,DirectPred
TT,Erlotinib,,,,0.027294788509607315,train,DirectPred
PK-45H,Erlotinib,,,0.040951505303382874,0.08139973878860474,train,DirectPred
SNU-668,Erlotinib,,,,0.08546196669340134,train,DirectPred
COLO 818,Erlotinib,,,,0.08546196669340134,train,DirectPred
GA-10,Erlotinib,,,,0.09113350510597229,train,DirectPred
HLF,Erlotinib,,,0.019748220220208168,0.09113350510597229,train,DirectPred
NCI-H1623,Erlotinib,,,,0.09113350510597229,train,DirectPred
SNU-685,Erlotinib,,,,0.08546196669340134,train,DirectPred
NCI-H2052,Erlotinib,,,0.08320655673742294,0.03350553661584854,train,DirectPred
NCI-H1385,Erlotinib,,,,0.08139973878860474,train,DirectPred
Panc 05.04,Erlotinib,,,,0.08139973878860474,train,DirectPred
TUHR4TKB,Erlotinib,,,,0.03350553661584854,train,DirectPred
LP-1,Erlotinib,,,0.0,0.09113350510597229,train,DirectPred
DK-MG,Erlotinib,,,0.02732880227267742,-0.00934198871254921,train,DirectPred
HuG1-N,Erlotinib,,,,0.05306495353579521,train,DirectPred
ChaGo-K-1,Erlotinib,,,,0.09113350510597229,train,DirectPred
KYSE-450,Erlotinib,,,0.2088213562965393,0.13115473091602325,train,DirectPred
SLR24,Erlotinib,,,,0.09113350510597229,train,DirectPred
COV318,Erlotinib,,,0.0,0.05904772877693176,train,DirectPred
RS4;11,Erlotinib,,,,0.03350553661584854,train,DirectPred
SNU-840,Erlotinib,,,,0.013478614389896393,train,DirectPred
DMS 454,Erlotinib,,,,0.09113350510597229,train,DirectPred
MG-63,Erlotinib,,,0.006114600691944361,0.03350553661584854,train,DirectPred
Hs 616.T,Erlotinib,,,,0.03350553661584854,train,DirectPred
OVKATE,Erlotinib,,,,0.09113350510597229,train,DirectPred
Reh,Erlotinib,,,0.007274820003658533,0.026345618069171906,train,DirectPred
HuH-28,Erlotinib,,,,0.05875362828373909,train,DirectPred
NCI-H1435,Erlotinib,,,,0.08546196669340134,train,DirectPred
HT-144,Erlotinib,,,0.05721958726644516,0.055825237184762955,train,DirectPred
RVH-421,Erlotinib,,,0.0070321024395525455,0.055825237184762955,train,DirectPred
HuP-T4,Erlotinib,,,0.1675354391336441,0.08611799031496048,train,DirectPred
HEC-108,Erlotinib,,,,0.16923129558563232,train,DirectPred
BT-549,Erlotinib,,,0.019565638154745102,0.03350553661584854,train,DirectPred
KYSE-70,Erlotinib,,,0.17171168327331543,0.05875362828373909,train,DirectPred
COLO 684,Erlotinib,,,,0.026289280503988266,train,DirectPred
YD-15,Erlotinib,,,,0.08546196669340134,train,DirectPred
BGC-823,Erlotinib,,,0.055838704109191895,0.09113350510597229,train,DirectPred
JVM-2,Erlotinib,,,,0.03350553661584854,train,DirectPred
NCI-H1355,Erlotinib,,,0.06546512246131897,0.09046527743339539,test,DirectPred
COLO 741,Erlotinib,,,,0.08546196669340134,test,DirectPred
LB2241-RCC,Erlotinib,,,,0.08546196669340134,test,DirectPred
D-502MG,Erlotinib,,,,0.08546196669340134,test,DirectPred
DMS 114,Erlotinib,,,0.06039055809378624,0.08546196669340134,test,DirectPred
8305C,Erlotinib,,,0.058371976017951965,0.08546196669340134,test,DirectPred
CAL-120,Erlotinib,,,0.08271375298500061,0.09113350510597229,test,DirectPred
MZ-PC-1,Erlotinib,,,,0.08546196669340134,test,DirectPred
NCI-H2227,Erlotinib,,,,0.09113350510597229,test,DirectPred
UACC-893,Erlotinib,,,,0.05875362828373909,test,DirectPred
IST-Mes1,Erlotinib,,,0.034140635281801224,0.08546196669340134,test,DirectPred
CP67-MEL,Erlotinib,,,,0.08546196669340134,test,DirectPred
TGBC24TKB,Erlotinib,,,0.12839221954345703,0.08546196669340134,test,DirectPred
DBTRG-05MG,Erlotinib,,,0.13248662650585175,0.08546196669340134,test,DirectPred
KP-N-YN,Erlotinib,,,0.062270645052194595,0.029703104868531227,test,DirectPred
Detroit 562,Erlotinib,,,0.11305572837591171,0.08546196669340134,test,DirectPred
SK-MEL-28,Erlotinib,,,,0.08546196669340134,test,DirectPred
NCI-H727,Erlotinib,,,0.01850019581615925,0.09046527743339539,test,DirectPred
KNS-42,Erlotinib,,,,0.09113350510597229,test,DirectPred
SK-MEL-2,Erlotinib,,,0.0,0.026321612298488617,test,DirectPred
ME-180,Erlotinib,,,0.16112592816352844,0.013478614389896393,test,DirectPred
NCI-H720,Erlotinib,,,0.029632553458213806,0.09113350510597229,test,DirectPred
OPM-2,Erlotinib,,,0.07492975145578384,0.03884132578969002,test,DirectPred
A-172,Erlotinib,,,0.039547596126794815,0.02623431384563446,test,DirectPred
ARH-77,Erlotinib,,,0.0,0.09113350510597229,test,DirectPred
AGS,Erlotinib,,,0.011950889602303505,0.07564385235309601,test,DirectPred
SCC-15,Erlotinib,,,0.18703511357307434,0.09113350510597229,test,DirectPred
SK-PN-DW,Erlotinib,,,0.03464638814330101,0.03884132578969002,test,DirectPred
NCI-H520,Erlotinib,,,0.05442768335342407,0.08546196669340134,test,DirectPred
KALS-1,Erlotinib,,,0.06329750269651413,0.026860695332288742,test,DirectPred
Onda 11,Erlotinib,,,,0.026860695332288742,test,DirectPred
OE19,Erlotinib,,,0.014224073849618435,0.09113350510597229,test,DirectPred
Capan-2,Erlotinib,,,0.08827880024909973,0.08139973878860474,test,DirectPred
NBsusSR,Erlotinib,,,,0.09113350510597229,test,DirectPred
SW1710,Erlotinib,,,0.07189112901687622,0.08546196669340134,test,DirectPred
K5,Erlotinib,,,0.05337323620915413,0.08546196669340134,test,DirectPred
DEL,Erlotinib,,,0.170371413230896,0.09113350510597229,test,DirectPred
SN12C,Erlotinib,,,0.09116033464670181,0.08491497486829758,test,DirectPred
SK-LMS-1,Erlotinib,,,0.0,0.09113350510597229,test,DirectPred
SF126,Erlotinib,,,,0.02623431384563446,test,DirectPred
SNU-475,Erlotinib,,,,0.09113350510597229,test,DirectPred
FTC-133,Erlotinib,,,0.12646326422691345,0.10525638610124588,test,DirectPred
NCI-H1755,Erlotinib,,,0.11048678308725357,0.08546196669340134,test,DirectPred
BT-474,Erlotinib,,,0.09029574692249298,0.05875362828373909,test,DirectPred
MCF-7,Erlotinib,,,0.08461083471775055,0.026211265474557877,test,DirectPred
KYSE-520,Erlotinib,,,0.29440051317214966,0.09113350510597229,test,DirectPred
Evsa-T,Erlotinib,,,0.08499553799629211,0.033362168818712234,test,DirectPred
HSC-2,Erlotinib,,,0.1270434558391571,0.08546196669340134,test,DirectPred
NCI-H441,Erlotinib,,,0.148940309882164,0.09046527743339539,test,DirectPred
ES5,Erlotinib,,,,0.09113350510597229,test,DirectPred
MFM-223,Erlotinib,,,0.06430798023939133,0.05875362828373909,test,DirectPred
EGI-1,Erlotinib,,,0.05771930143237114,0.08546196669340134,test,DirectPred
NCI-H1793,Erlotinib,,,0.11268028616905212,0.08546196669340134,test,DirectPred
MFH-ino,Erlotinib,,,0.07135582715272903,0.054871752858161926,test,DirectPred
MHH-CALL-2,Erlotinib,,,0.07514236867427826,0.08546196669340134,test,DirectPred
SJNB-13,Erlotinib,,,0.0,0.09113350510597229,test,DirectPred
OMC-1 [Human cervical carcinoma],Erlotinib,,,,0.013478614389896393,test,DirectPred
Huh-7,Erlotinib,,,0.05610639229416847,0.09113350510597229,test,DirectPred
Rh1,Erlotinib,,,0.16460278630256653,0.09113350510597229,test,DirectPred
SK-UT-1,Erlotinib,,,0.004961461294442415,0.013800344429910183,test,DirectPred
NCI-H2030,Erlotinib,,,,0.08546196669340134,test,DirectPred
COR-L279,Erlotinib,,,0.04211466386914253,0.09113350510597229,test,DirectPred
SNB-75,Erlotinib,,,,0.09113350510597229,test,DirectPred
AN3-CA,Erlotinib,,,0.007331796456128359,0.027502812445163727,test,DirectPred
IPC-298,Erlotinib,,,,0.08546196669340134,test,DirectPred
LoVo,Erlotinib,,,0.15001340210437775,0.08546196669340134,test,DirectPred
WSU-NHL,Erlotinib,,,0.0,0.08446957170963287,test,DirectPred
Kuramochi,Erlotinib,,,0.03746925666928291,0.09113350510597229,test,DirectPred
KP-N-YS,Erlotinib,,,,0.09113350510597229,test,DirectPred
DB,Erlotinib,,,0.061203885823488235,0.09113350510597229,test,DirectPred
MZ-MEL-7,Erlotinib,,,,0.08546196669340134,test,DirectPred
NOMO-1,Erlotinib,,,0.005204362329095602,0.08546196669340134,test,DirectPred
SK-OV-3,Erlotinib,,,0.13908632099628448,0.08546196669340134,test,DirectPred
D-392MG,Erlotinib,,,0.05782357603311539,0.02623431384563446,test,DirectPred
EW-12,Erlotinib,,,,0.09113350510597229,test,DirectPred
NCI-H322M,Erlotinib,,,0.3159943222999573,0.08546196669340134,test,DirectPred
HOS,Erlotinib,,,0.06404539942741394,0.08546196669340134,test,DirectPred
VMRC-RCZ,Erlotinib,,,0.07882645726203918,0.08546196669340134,test,DirectPred
8505C,Erlotinib,,,0.09208527207374573,0.08546196669340134,test,DirectPred
SW962,Erlotinib,,,,0.09113350510597229,test,DirectPred
ACN,Erlotinib,,,,0.03262341767549515,test,DirectPred
CHP-212,Erlotinib,,,0.04677761718630791,0.005612674634903669,test,DirectPred
HuP-T3,Erlotinib,,,0.08198078721761703,0.08546196669340134,test,DirectPred
RCM-1 [Human rectum adenocarcinoma],Erlotinib,,,0.0764819085597992,0.09046527743339539,test,DirectPred
DMS 153,Erlotinib,,,,0.09113350510597229,test,DirectPred
HuO-3N1,Erlotinib,,,0.05787477269768715,0.09113350510597229,test,DirectPred
CAL-148,Erlotinib,,,0.07957347482442856,0.05875362828373909,test,DirectPred
NCI-H2029,Erlotinib,,,,0.09113350510597229,test,DirectPred
NCI-H23,Erlotinib,,,0.05381118506193161,0.09046527743339539,test,DirectPred
SK-LU-1,Erlotinib,,,0.014437472447752953,0.08546196669340134,test,DirectPred
MES-SA,Erlotinib,,,0.11685976386070251,0.08546196669340134,test,DirectPred
CA46,Erlotinib,,,0.06020939350128174,0.09113350510597229,test,DirectPred
NCI-H716,Erlotinib,,,0.17845481634140015,0.09113350510597229,test,DirectPred
RL95-2,Erlotinib,,,0.09564106166362762,0.03612895682454109,test,DirectPred
SW1088,Erlotinib,,,0.11002412438392639,0.08546196669340134,test,DirectPred
TCCSUP,Erlotinib,,,0.12909185886383057,0.05875362828373909,test,DirectPred
CAL-62,Erlotinib,,,0.07042910903692245,0.08546196669340134,test,DirectPred
GAK,Erlotinib,,,0.055071789771318436,0.005612674634903669,test,DirectPred
SK-MEL-30,Erlotinib,,,,0.026321612298488617,test,DirectPred
NCI-H719,Erlotinib,,,,0.09113350510597229,test,DirectPred
CAL-12T,Erlotinib,,,,0.08546196669340134,test,DirectPred
MPP 89,Erlotinib,,,0.12048513442277908,0.038500938564538956,test,DirectPred
SK-HEP-1,Erlotinib,,,0.1322633922100067,0.08546196669340134,test,DirectPred
SK-MG-1,Erlotinib,,,0.07043386250734329,0.08546196669340134,test,DirectPred
CAL-33,Erlotinib,,,0.1472005546092987,0.08546196669340134,test,DirectPred
J.RT3-T3.5,Erlotinib,,,,0.08546196669340134,test,DirectPred
MHH-ES-1,Erlotinib,,,0.04788264259696007,0.08546196669340134,test,DirectPred
EKVX,Erlotinib,,,,0.09113350510597229,test,DirectPred
KYSE-410,Erlotinib,,,0.13976818323135376,0.09046527743339539,test,DirectPred
Lu-165,Erlotinib,,,0.021372659131884575,0.09113350510597229,test,DirectPred
NCI-H128,Erlotinib,,,,0.03350553661584854,test,DirectPred
SAS,Erlotinib,,,0.13596029579639435,0.09113350510597229,test,DirectPred
BV-173,Erlotinib,,,0.027744125574827194,0.08546196669340134,test,DirectPred
NCI-H1437,Erlotinib,,,,0.08546196669340134,test,DirectPred
CP66-MEL,Erlotinib,,,,0.06405998766422272,test,DirectPred
HCC70,Erlotinib,,,0.08587515354156494,0.03884132578969002,test,DirectPred
SBC-1,Erlotinib,,,,0.03884132578969002,test,DirectPred
RT-112,Erlotinib,,,0.0817115306854248,0.08546196669340134,test,DirectPred
NCI-H838,Erlotinib,,,,0.08546196669340134,test,DirectPred
PLC/PRF/5,Erlotinib,,,,0.08546196669340134,test,DirectPred
SUP-T1,Erlotinib,,,0.0627601221203804,0.08546196669340134,test,DirectPred
LB373-MEL-D,Erlotinib,,,,0.06405998766422272,test,DirectPred
MDA-MB-361,Erlotinib,,,0.10488313436508179,0.026211265474557877,test,DirectPred
NCI-H460,Erlotinib,,,,0.08546196669340134,test,DirectPred
IGROV-1,Erlotinib,,,0.2687426507472992,0.05904772877693176,test,DirectPred
EFO-21,Erlotinib,,,0.09693414717912674,0.09113350510597229,test,DirectPred
COR-L23,Erlotinib,,,0.12703728675842285,0.08546196669340134,test,DirectPred
ES4,Erlotinib,,,0.14813371002674103,0.08546196669340134,test,DirectPred
SK-MEL-5,Erlotinib,,,,0.08546196669340134,test,DirectPred
HT-29,Erlotinib,,,0.049706488847732544,0.04297656565904617,test,DirectPred
NCI-H1573,Erlotinib,,,0.19257976114749908,0.08546196669340134,test,DirectPred
A-253,Erlotinib,,,0.056731969118118286,0.08546196669340134,test,DirectPred
ZR-75-30,Erlotinib,,,0.05904379114508629,0.08374466001987457,test,DirectPred
NCI-H2347,Erlotinib,,,0.017300009727478027,0.005612674634903669,test,DirectPred
NCI-H378,Erlotinib,,,,0.09113350510597229,test,DirectPred
HuTu 80,Erlotinib,,,,0.043737396597862244,test,DirectPred
KE-37,Erlotinib,,,0.1146736592054367,0.06396444141864777,test,DirectPred
OVCAR-4,Erlotinib,,,0.06406882405281067,0.09113350510597229,test,DirectPred
HCC2998,Erlotinib,,,0.07577911019325256,0.08546196669340134,test,DirectPred
Raji,Erlotinib,,,0.07333393394947052,0.09113350510597229,test,DirectPred
KYSE-510,Erlotinib,,,,0.08546196669340134,test,DirectPred
JVM-3,Erlotinib,,,0.0436716228723526,0.055825237184762955,test,DirectPred
RCC10RGB,Erlotinib,,,0.2218848317861557,0.08546196669340134,test,DirectPred
MC/CAR,Erlotinib,,,0.009525349363684654,0.03350553661584854,test,DirectPred
NCI-H1522,Erlotinib,,,,0.03884132578969002,test,DirectPred
A-388,Erlotinib,,,,0.05875362828373909,test,DirectPred
SF295,Erlotinib,,,,0.08546196669340134,test,DirectPred
Capan-1,Erlotinib,,,0.11261990666389465,0.08546196669340134,test,DirectPred
ONS-76,Erlotinib,,,0.02610629051923752,0.06405998766422272,test,DirectPred
DV-90,Erlotinib,,,,0.08139973878860474,test,DirectPred
LK-2,Erlotinib,,,0.044205572456121445,0.08546196669340134,test,DirectPred
MKN7,Erlotinib,,,0.12891434133052826,0.09113350510597229,test,DirectPred
KYSE-140,Erlotinib,,,0.16227829456329346,0.08546196669340134,test,DirectPred
KP-4,Erlotinib,,,0.05530988797545433,0.08546196669340134,test,DirectPred
GR-ST,Erlotinib,,,0.05094308406114578,0.09113350510597229,test,DirectPred
SBC-5,Erlotinib,,,0.08986181765794754,0.08546196669340134,test,DirectPred
HT-55,Erlotinib,,,0.13779161870479584,0.08546196669340134,test,DirectPred
LNCaP clone FGC,Erlotinib,,,0.020882129669189453,0.005055851303040981,test,DirectPred
NCI-H1666,Erlotinib,,,0.23988838493824005,0.08546196669340134,test,DirectPred
NCI-H69,Erlotinib,,,0.037759799510240555,0.05875362828373909,test,DirectPred
SK-N-FI,Erlotinib,,,0.05259318649768829,0.08546196669340134,test,DirectPred
ES1,Erlotinib,,,0.08219873905181885,0.08546196669340134,test,DirectPred
LS1034,Erlotinib,,,0.08312447369098663,0.08546196669340134,test,DirectPred
PF-382,Erlotinib,,,0.0,0.06396444141864777,test,DirectPred
CTV-1,Erlotinib,,,0.028552794829010963,0.07188402861356735,test,DirectPred
TE-6,Erlotinib,,,0.24535955488681793,0.08546196669340134,test,DirectPred
A3/Kawakami,Erlotinib,,,0.08846236020326614,0.08546196669340134,test,DirectPred
NCI-H661,Erlotinib,,,0.018379157409071922,0.08546196669340134,test,DirectPred
NCI-H250,Erlotinib,,,,0.03884132578969002,test,DirectPred
TYK-nu,Erlotinib,,,0.14256860315799713,0.08546196669340134,test,DirectPred
A2780,Erlotinib,,,0.04801738262176514,0.005055851303040981,test,DirectPred
P31/FUJ,Erlotinib,,,0.0874294564127922,0.0061160605400800705,test,DirectPred
BHT-101,Erlotinib,,,0.07657819241285324,0.08546196669340134,test,DirectPred
Panc 03.27,Erlotinib,,,0.10814817994832993,0.08546196669340134,test,DirectPred
RD,Erlotinib,,,0.01366574876010418,0.026321612298488617,test,DirectPred
HCC1806,Erlotinib,,,0.17313559353351593,0.08546196669340134,test,DirectPred
M059J,Erlotinib,,,0.10154681652784348,0.005055851303040981,test,DirectPred
J82,Erlotinib,,,0.0940096452832222,0.021657999604940414,test,DirectPred
MLMA,Erlotinib,,,0.04994520917534828,0.09113350510597229,test,DirectPred
KYSE-180,Erlotinib,,,0.11975494772195816,0.08546196669340134,test,DirectPred
SNU-1,Erlotinib,,,0.14582321047782898,0.08139973878860474,test,DirectPred
Lu-134-A,Erlotinib,,,,0.03884132578969002,test,DirectPred
SW1990,Erlotinib,,,0.050260279327631,0.08546196669340134,test,DirectPred
BC-3,Erlotinib,,,,0.02623431384563446,test,DirectPred
DMS 273,Erlotinib,,,0.10211563110351562,0.09113350510597229,test,DirectPred
MDA-MB-468,Erlotinib,,,0.10874033719301224,0.03884132578969002,test,DirectPred
OE33,Erlotinib,,,0.07879529893398285,0.08546196669340134,test,DirectPred
T84,Erlotinib,,,0.1259821504354477,0.07300406694412231,test,DirectPred
Ramos.2G6.4C10,Erlotinib,,,0.037024494260549545,0.09113350510597229,test,DirectPred
ML-2,Erlotinib,,,0.0,0.08546196669340134,test,DirectPred
BT-20,Erlotinib,,,0.08170372992753983,0.08546196669340134,test,DirectPred
AsPC-1,Erlotinib,,,0.04372124746441841,0.08546196669340134,test,DirectPred
YH-13,Erlotinib,,,0.10833051800727844,0.08546196669340134,test,DirectPred
SNU-16,Erlotinib,,,0.03348880261182785,0.08546196669340134,test,DirectPred
SK-NEP-1,Erlotinib,,,,0.08546196669340134,test,DirectPred
COLO 829,Erlotinib,,,0.12192262709140778,0.08546196669340134,test,DirectPred
Calu-1,Erlotinib,,,,0.08139973878860474,test,DirectPred
Panc 08.13,Erlotinib,,,0.10837885737419128,0.08546196669340134,test,DirectPred
SR,Erlotinib,,,0.0,0.08546196669340134,test,DirectPred
UACC-62,Erlotinib,,,0.004919032100588083,0.08546196669340134,test,DirectPred
COLO 668,Erlotinib,,,0.07907785475254059,0.09046527743339539,test,DirectPred
SaOS-2,Erlotinib,,,0.0,0.09113350510597229,test,DirectPred
COLO 679,Erlotinib,,,0.02929946780204773,0.08546196669340134,test,DirectPred
EW-24,Erlotinib,,,0.003977042622864246,0.05875362828373909,test,DirectPred
SK-MEL-24,Erlotinib,,,0.012962289154529572,0.08546196669340134,test,DirectPred
KMOE-2,Erlotinib,,,0.020199738442897797,0.026321612298488617,test,DirectPred
HCC38,Erlotinib,,,0.03727341815829277,0.08546196669340134,test,DirectPred
769-P,Erlotinib,,,0.09986668080091476,0.08546196669340134,test,DirectPred
NCI-H1155,Erlotinib,,,0.20391517877578735,0.040070317685604095,test,DirectPred
DU145,Erlotinib,,,0.05042564496397972,0.08546196669340134,test,DirectPred
RPMI-8402,Erlotinib,,,0.12291455268859863,0.08546196669340134,test,DirectPred
KYSE-270,Erlotinib,,,0.11800847202539444,0.09113350510597229,test,DirectPred
HO-1-N-1,Erlotinib,,,0.10734950751066208,0.09113350510597229,test,DirectPred
NCI-H524,Erlotinib,,,0.0,0.09113350510597229,test,DirectPred
NCI-H748,Erlotinib,,,,0.09113350510597229,test,DirectPred
SCC-9,Erlotinib,,,0.10254313051700592,0.08546196669340134,test,DirectPred
Caki-1,Erlotinib,,,,0.08546196669340134,test,DirectPred
LS411N,Erlotinib,,,0.0,0.08546196669340134,test,DirectPred
MKN28,Erlotinib,,,0.05923917144536972,0.06987651437520981,test,DirectPred
NCI-H510A,Erlotinib,,,,0.09113350510597229,test,DirectPred
ES6,Erlotinib,,,0.009409919381141663,0.09113350510597229,test,DirectPred
SH-4,Erlotinib,,,0.022822653874754906,0.08546196669340134,test,DirectPred
NCI-H82,Erlotinib,,,0.037550006061792374,0.03350553661584854,test,DirectPred
TGBC1TKB,Erlotinib,,,0.051035866141319275,0.03884132578969002,test,DirectPred
Loucy,Erlotinib,,,0.1267227679491043,0.09113350510597229,test,DirectPred
PFSK-1,Erlotinib,,,0.03986416757106781,0.09113350510597229,test,DirectPred
UMC-11,Erlotinib,,,0.20898011326789856,0.08546196669340134,test,DirectPred
CAL-85-1,Erlotinib,,,0.010184268467128277,0.09113350510597229,test,DirectPred
EM-2,Erlotinib,,,0.04536241665482521,0.08546196669340134,test,DirectPred
DMS 79,Erlotinib,,,,0.09113350510597229,test,DirectPred
SF539,Erlotinib,,,0.10709715634584427,0.03884132578969002,test,DirectPred
IM-9,Erlotinib,,,0.007212891709059477,0.005612674634903669,test,DirectPred
OVCAR-3,Erlotinib,,,0.1319362074136734,0.09113350510597229,test,DirectPred
D-566MG,Erlotinib,,,,0.08546196669340134,test,DirectPred
NCI-H446,Erlotinib,,,0.07927269488573074,0.03884132578969002,test,DirectPred
SW872,Erlotinib,,,0.040219344198703766,0.08546196669340134,test,DirectPred
TGBC11TKB,Erlotinib,,,0.06950289756059647,0.07300406694412231,test,DirectPred
KLE,Erlotinib,,,0.07138554751873016,0.09113350510597229,test,DirectPred
HCC1143,Erlotinib,,,0.1082848533987999,0.09113350510597229,test,DirectPred
TK-10,Erlotinib,,,0.1410517692565918,0.09113350510597229,test,DirectPred
MOLT-13,Erlotinib,,,0.002216119086369872,0.08546196669340134,test,DirectPred
NCI-H2228,Erlotinib,,,0.009271517395973206,0.08546196669340134,test,DirectPred
UACC-257,Erlotinib,,,0.0959194228053093,0.055825237184762955,test,DirectPred
NMC-G1,Erlotinib,,,,0.08546196669340134,test,DirectPred
MeWo,Erlotinib,,,0.0031589483842253685,0.08546196669340134,test,DirectPred
A4/Fukuda,Erlotinib,,,0.024766676127910614,0.09113350510597229,test,DirectPred
CCF-STTG1,Erlotinib,,,,0.005055851303040981,test,DirectPred
ECC12,Erlotinib,,,,0.09113350510597229,test,DirectPred
ES3,Erlotinib,,,,0.09113350510597229,test,DirectPred
KS-1 [Human glioblastoma],Erlotinib,,,0.005680494010448456,0.08546196669340134,test,DirectPred
GCT,Erlotinib,,,0.02226492203772068,0.08546196669340134,test,DirectPred
MKN1,Erlotinib,,,0.12270672619342804,0.05875362828373909,test,DirectPred
Caov-3,Erlotinib,,,,0.09113350510597229,test,DirectPred
A-431,Erlotinib,,,,0.09113350510597229,test,DirectPred
ECC4,Erlotinib,,,,0.09046527743339539,test,DirectPred
COR-L88,Erlotinib,,,0.02574830688536167,0.09113350510597229,test,DirectPred
SW620,Erlotinib,,,0.0216219462454319,0.08546196669340134,test,DirectPred
SKM-1,Erlotinib,,,,0.09113350510597229,test,DirectPred
LXF 289,Erlotinib,,,0.10419809073209763,0.08546196669340134,test,DirectPred
YAPC,Erlotinib,,,0.03283406421542168,0.08546196669340134,test,DirectPred
NCI-H28,Erlotinib,,,0.1465621441602707,0.08546196669340134,test,DirectPred
Calu-6,Erlotinib,,,0.07222560048103333,0.09046527743339539,test,DirectPred
DU4475,Erlotinib,,,0.007942589931190014,0.06882953643798828,test,DirectPred
SW837,Erlotinib,,,0.06828158348798752,0.08546196669340134,test,DirectPred
CHL-1,Erlotinib,,,0.06549322605133057,0.08546196669340134,test,DirectPred
CaR-1,Erlotinib,,,0.06710944324731827,0.08546196669340134,test,DirectPred
OS-RC-2,Erlotinib,,,0.07740211486816406,0.02623431384563446,test,DirectPred
HCC1395,Erlotinib,,,0.08629857748746872,0.08546196669340134,test,DirectPred
NCI-H526,Erlotinib,,,0.022402280941605568,0.09113350510597229,test,DirectPred
HuCC-T1,Erlotinib,,,0.15750440955162048,0.09046527743339539,test,DirectPred
HD-MY-Z,Erlotinib,,,0.01965077966451645,0.08546196669340134,test,DirectPred
BEN,Erlotinib,,,,0.09113350510597229,test,DirectPred
LN-405,Erlotinib,,,0.03727833181619644,0.03884132578969002,test,DirectPred
RPMI-8226,Erlotinib,,,0.02576533704996109,0.09046527743339539,test,DirectPred
NCI-H1734,Erlotinib,,,,0.09046527743339539,test,DirectPred
SW626,Erlotinib,,,0.046228788793087006,0.08546196669340134,test,DirectPred
ECC10,Erlotinib,,,0.1076776459813118,0.027294788509607315,test,DirectPred
GP5d,Erlotinib,,,0.12122190743684769,0.11146242171525955,test,DirectPred
NCI-H1417,Erlotinib,,,0.07454710453748703,0.08546196669340134,test,DirectPred
RPMI-7951,Erlotinib,,,0.022547515109181404,0.08546196669340134,test,DirectPred
OAW42,Erlotinib,,,0.11542242765426636,0.013478614389896393,test,DirectPred
BE-13,Erlotinib,,,0.14778153598308563,0.08446957170963287,test,DirectPred
TE-8,Erlotinib,,,0.1304607391357422,0.08546196669340134,test,DirectPred
EW-11,Erlotinib,,,0.01660323515534401,0.09113350510597229,test,DirectPred
IST-MEL1,Erlotinib,,,0.003378000110387802,0.08546196669340134,test,DirectPred
BALL-1,Erlotinib,,,0.03223979473114014,0.08546196669340134,test,DirectPred
SNU-5,Erlotinib,,,0.018421107903122902,0.08546196669340134,test,DirectPred
CFPAC-1,Erlotinib,,,0.1968095451593399,0.09046527743339539,test,DirectPred
NCI-H1694,Erlotinib,,,0.1398337483406067,0.09113350510597229,test,DirectPred
NCI-H810,Erlotinib,,,0.036988239735364914,0.09113350510597229,test,DirectPred
KOSC-2,Erlotinib,,,,0.08546196669340134,test,DirectPred
VA-ES-BJ,Erlotinib,,,0.033694617450237274,0.08546196669340134,test,DirectPred
HCC1187,Erlotinib,,,0.026996878907084465,0.09113350510597229,test,DirectPred
NCI-H2009,Erlotinib,,,0.0468892902135849,0.09046527743339539,test,DirectPred
LB831-BLC,Erlotinib,,,0.00919275265187025,0.08491497486829758,test,DirectPred
OC 314,Erlotinib,,,0.06632290780544281,0.09113350510597229,test,DirectPred
NKM-1,Erlotinib,,,0.050603028386831284,0.08546196669340134,test,DirectPred
GT3TKB,Erlotinib,,,,0.07616441696882248,test,DirectPred
SW954,Erlotinib,,,,0.09113350510597229,test,DirectPred
MFE-280,Erlotinib,,,0.0,0.05875362828373909,test,DirectPred
SJNB-10,Erlotinib,,,0.024565180763602257,0.029703104868531227,test,DirectPred
HT-1376,Erlotinib,,,0.16332949697971344,0.09113350510597229,test,DirectPred
NCI-H345,Erlotinib,,,,0.09113350510597229,test,DirectPred
SK-N-AS,Erlotinib,,,0.034471545368433,0.005612674634903669,test,DirectPred
BB49-HNC,Erlotinib,,,0.06490319967269897,0.08546196669340134,test,DirectPred
NCI-H2171,Erlotinib,,,,0.08546196669340134,test,DirectPred
SJNB-14,Erlotinib,,,0.06771685183048248,0.09113350510597229,test,DirectPred
P12-Ichikawa,Erlotinib,,,0.05652341991662979,0.06396444141864777,test,DirectPred
CTB-1,Erlotinib,,,,0.08546196669340134,test,DirectPred
PA-1,Erlotinib,,,0.12664523720741272,0.005612674634903669,test,DirectPred
NCI-H2405,Erlotinib,,,0.1328354775905609,0.08546196669340134,test,DirectPred
COLO 320HSR,Erlotinib,,,0.001803976483643055,0.08546196669340134,test,DirectPred
L-428,Erlotinib,,,0.14828163385391235,0.09113350510597229,test,DirectPred
A-673,Erlotinib,,,0.05517899990081787,0.08546196669340134,test,DirectPred
CW-2,Erlotinib,,,0.05749534070491791,0.027968009933829308,test,DirectPred
AM-38,Erlotinib,,,0.00968497060239315,0.08546196669340134,test,DirectPred
NCI-H747,Erlotinib,,,0.21022790670394897,0.08546196669340134,test,DirectPred
T-47D,Erlotinib,,,0.138447567820549,0.05875362828373909,test,DirectPred
EW-1,Erlotinib,,,0.07209478318691254,0.08546196669340134,test,DirectPred
MS-1 [Human lung carcinoma],Erlotinib,,,0.0,0.09113350510597229,test,DirectPred
C32 [Human melanoma],Erlotinib,,,0.06562075018882751,0.08546196669340134,test,DirectPred
Lu-135,Erlotinib,,,0.0,0.09113350510597229,test,DirectPred
SNU-C2B,Erlotinib,,,0.052343230694532394,0.09046527743339539,test,DirectPred
8-MG-BA,Erlotinib,,,0.07098349928855896,0.09113350510597229,test,DirectPred
SK-MEL-3,Erlotinib,,,,0.08546196669340134,test,DirectPred
A101D,Erlotinib,,,0.104497991502285,0.08546196669340134,test,DirectPred
647V,Erlotinib,,,0.11705467849969864,0.08491497486829758,test,DirectPred
NCI-H1581,Erlotinib,,,0.008676593191921711,0.08546196669340134,test,DirectPred
MOLT-4,Erlotinib,,,0.0657527893781662,0.06396444141864777,test,DirectPred
T24,Erlotinib,,,,0.09113350510597229,test,DirectPred
CCRF-CEM,Erlotinib,,,0.02231111004948616,0.08546196669340134,test,DirectPred
Kasumi-1,Erlotinib,,,,0.09113350510597229,test,DirectPred
DMS 53,Erlotinib,,,0.08403197675943375,0.09113350510597229,test,DirectPred
MMAc-SF,Erlotinib,,,,0.055825237184762955,test,DirectPred
A-498,Erlotinib,,,0.03605199605226517,0.08546196669340134,test,DirectPred
Lu-139,Erlotinib,,,,0.09113350510597229,test,DirectPred
RT-4,Erlotinib,,,0.10942468792200089,0.08546196669340134,test,DirectPred
ST486,Erlotinib,,,0.05474543571472168,0.09113350510597229,test,DirectPred
IGR-1,Erlotinib,,,0.028560450300574303,0.08546196669340134,test,DirectPred
SiMa,Erlotinib,,,0.0,0.029703104868531227,test,DirectPred
MC116,Erlotinib,,,,0.03884132578969002,test,DirectPred
786-O,Erlotinib,,,0.16353602707386017,0.08546196669340134,test,DirectPred
NALM-6,Erlotinib,,,0.04458443075418472,0.06405998766422272,test,DirectPred
OVCAR-8,Erlotinib,,,0.061797384172677994,0.09113350510597229,test,DirectPred
SCC-4,Erlotinib,,,0.0,0.08546196669340134,test,DirectPred
AU565,Erlotinib,,,0.08221040666103363,0.05821409076452255,test,DirectPred
U-118MG,Erlotinib,,,0.11946503072977066,0.08546196669340134,test,DirectPred
KG-1,Erlotinib,,,0.027053499594330788,0.09113350510597229,test,DirectPred
MFE-296,Erlotinib,,,0.09145545959472656,0.09113350510597229,test,DirectPred
LB771-HNC,Erlotinib,,,0.09326677024364471,0.08546196669340134,test,DirectPred
697,Erlotinib,,,0.07232151180505753,0.005612674634903669,test,DirectPred
A-549,Erlotinib,,,0.09358473867177963,0.08546196669340134,test,DirectPred
TE-11,Erlotinib,,,,0.08546196669340134,test,DirectPred
HT-1197,Erlotinib,,,0.15052659809589386,0.0038129258900880814,test,DirectPred
Lu-99A,Erlotinib,,,0.08173374831676483,0.08546196669340134,test,DirectPred
RXF 393L,Erlotinib,,,,0.08546196669340134,test,DirectPred
HN,Erlotinib,,,,0.08546196669340134,test,DirectPred
PC-3,Erlotinib,,,0.03143486753106117,0.03884132578969002,test,DirectPred
A-427,Erlotinib,,,,0.08546196669340134,test,DirectPred
MOLT-16,Erlotinib,,,0.028037410229444504,0.08546196669340134,test,DirectPred
MSTO-211H,Erlotinib,,,0.15538586676120758,0.08546196669340134,test,DirectPred
5637,Erlotinib,,,0.16928857564926147,0.09113350510597229,test,DirectPred
C2BBe1,Erlotinib,,,0.1278989166021347,0.08546196669340134,test,DirectPred
SJNB-7,Erlotinib,,,0.06243514642119408,0.09113350510597229,test,DirectPred
NCI-H2141,Erlotinib,,,0.07694056630134583,0.09113350510597229,test,DirectPred
HuO9,Erlotinib,,,0.01670854538679123,0.03350553661584854,test,DirectPred
NCI-H1395,Erlotinib,,,,0.055825237184762955,test,DirectPred
TE-1,Erlotinib,,,0.24495911598205566,0.09113350510597229,test,DirectPred
HSC-3,Erlotinib,,,0.13450530171394348,0.08546196669340134,test,DirectPred
H-EMC-SS,Erlotinib,,,0.016833484172821045,0.038500938564538956,test,DirectPred
NCI-H1792,Erlotinib,,,0.07001805305480957,0.09046527743339539,test,DirectPred
LS123,Erlotinib,,,0.06422748416662216,0.08546196669340134,test,DirectPred
HDLM-2,Erlotinib,,,0.1491764336824417,0.03350553661584854,test,DirectPred
COLO 680N,Erlotinib,,,0.05663193389773369,0.08546196669340134,test,DirectPred
KNS-81-FD,Erlotinib,,,,0.08546196669340134,test,DirectPred
NCI-H2291,Erlotinib,,,,0.09046527743339539,test,DirectPred
U-251MG,Erlotinib,,,0.11249099671840668,0.08546196669340134,test,DirectPred
H9,Erlotinib,,,0.037321895360946655,0.08546196669340134,test,DirectPred
HOP-62,Erlotinib,,,0.043344464153051376,0.08546196669340134,test,DirectPred
HCT 15,Erlotinib,,,0.061263903975486755,0.04694156348705292,test,DirectPred
VM-CUB-1,Erlotinib,,,0.039153724908828735,0.08546196669340134,test,DirectPred
CPC-N,Erlotinib,,,0.004777278285473585,0.09113350510597229,test,DirectPred
Karpas-422,Erlotinib,,,0.015187690034508705,0.03884132578969002,test,DirectPred
KNS-62,Erlotinib,,,0.048180412501096725,0.08546196669340134,test,DirectPred
YKG-1,Erlotinib,,,,0.08546196669340134,test,DirectPred
U-87MG ATCC,Erlotinib,,,0.10346858203411102,0.02623431384563446,test,DirectPred
MHH-NB-11,Erlotinib,,,,0.029703104868531227,test,DirectPred
ACHN,Erlotinib,,,0.24275849759578705,0.08546196669340134,test,DirectPred
HCC2157,Erlotinib,,,0.014490225352346897,0.09113350510597229,test,DirectPred
GMS-10,Erlotinib,,,,0.0716080442070961,test,DirectPred
U-698-M,Erlotinib,,,0.0,0.09113350510597229,test,DirectPred
DoHH2,Erlotinib,,,,0.08546196669340134,test,DirectPred
SK-N-DZ,Erlotinib,,,0.1908777505159378,0.09113350510597229,test,DirectPred
KO52,Erlotinib,,,,0.026321612298488617,test,DirectPred
DG-75,Erlotinib,,,0.005751616321504116,0.09113350510597229,test,DirectPred
NCI-H1975,Erlotinib,,,0.13408710062503815,0.08546196669340134,test,DirectPred
KINGS-1,Erlotinib,,,0.02772403322160244,0.08546196669340134,test,DirectPred
HTC-C3,Erlotinib,,,0.07868031412363052,0.08546196669340134,test,DirectPred
SK-CO-1,Erlotinib,,,0.09241043031215668,0.08546196669340134,test,DirectPred
SW1116,Erlotinib,,,0.10432963073253632,0.08546196669340134,test,DirectPred
MDA-MB-157,Erlotinib,,,0.03252832591533661,0.0716080442070961,test,DirectPred
SW1783,Erlotinib,,,0.030495529994368553,0.03884132578969002,test,DirectPred
HCC1599,Erlotinib,,,,0.09113350510597229,test,DirectPred
EFM-19,Erlotinib,,,0.0027004650328308344,0.08546196669340134,test,DirectPred
P30/OHK,Erlotinib,,,0.1530376672744751,0.08546196669340134,test,DirectPred
OAW28,Erlotinib,,,0.053503479808568954,0.03350553661584854,test,DirectPred
PC-14,Erlotinib,,,0.45215949416160583,0.09113350510597229,test,DirectPred
CAL-27,Erlotinib,,,0.164004847407341,0.08546196669340134,test,DirectPred
NCI-H2196,Erlotinib,,,,0.03884132578969002,test,DirectPred
HOP-92,Erlotinib,,,0.13806475698947906,0.08546196669340134,test,DirectPred
LC-2/ad,Erlotinib,,,,0.08546196669340134,test,DirectPred
HPAF-II,Erlotinib,,,0.09372549504041672,0.08546196669340134,test,DirectPred
HCE-4,Erlotinib,,,,0.09113350510597229,test,DirectPred
EW-18,Erlotinib,,,0.029071522876620293,0.09113350510597229,test,DirectPred
Hep-G2/C3A,Erlotinib,,,0.0412973091006279,0.04917388781905174,test,DirectPred
ATN-1,Erlotinib,,,0.010383378714323044,0.10707226395606995,test,DirectPred
Jiyoye,Erlotinib,,,0.23150134086608887,0.09113350510597229,test,DirectPred
NCI-H1650,Erlotinib,,,0.2415136694908142,0.08546196669340134,test,DirectPred
NCI-H1651,Erlotinib,,,0.035106759518384933,0.08546196669340134,test,DirectPred
CP50-MEL-B,Erlotinib,,,,0.08546196669340134,test,DirectPred
HCC1419,Erlotinib,,,0.042196717113256454,0.09113350510597229,test,DirectPred
EW-13,Erlotinib,,,0.06481175124645233,0.03884132578969002,test,DirectPred
IA-LM,Erlotinib,,,0.0,0.08139973878860474,test,DirectPred
RMG-I,Erlotinib,,,0.22536586225032806,0.08546196669340134,test,DirectPred
EFE-184,Erlotinib,,,,0.09113350510597229,test,DirectPred
Mono-Mac-6,Erlotinib,,,0.010475161485373974,0.03350553661584854,test,DirectPred
NCI-H226,Erlotinib,,,0.07821711152791977,0.08546196669340134,test,DirectPred
TE-10,Erlotinib,,,,0.08546196669340134,test,DirectPred
SW1417,Erlotinib,,,0.06162284314632416,0.08546196669340134,test,DirectPred
HSC-4,Erlotinib,,,0.1843920350074768,0.08546196669340134,test,DirectPred
NCI-H187,Erlotinib,,,,0.09113350510597229,test,DirectPred
Karpas-45,Erlotinib,,,0.07555875182151794,0.07048139721155167,test,DirectPred
A2058,Erlotinib,,,0.07913603633642197,0.03262341767549515,test,DirectPred
NCI-H1092,Erlotinib,,,0.046796757727861404,0.07498715817928314,test,DirectPred
T98G,Erlotinib,,,0.01928713358938694,0.08546196669340134,test,DirectPred
Daudi,Erlotinib,,,0.04123428091406822,0.07498715817928314,test,DirectPred
BL-70,Erlotinib,,,,0.09113350510597229,test,DirectPred
Panc 10.05,Erlotinib,,,0.06216586008667946,0.09046527743339539,test,DirectPred
MZ-MEL-2,Erlotinib,,,,0.06405998766422272,test,DirectPred
SKG-IIIa,Erlotinib,,,0.06559675931930542,0.03350553661584854,test,DirectPred
MDA-MB-134-VI,Erlotinib,,,,0.049779701977968216,test,DirectPred
DSH1,Erlotinib,,,0.06761287897825241,0.08546196669340134,test,DirectPred
Mel JuSo,Erlotinib,,,0.0,0.06405998766422272,test,DirectPred
SIG-M5,Erlotinib,,,,0.055825237184762955,test,DirectPred
G-361,Erlotinib,,,0.1051270067691803,0.08546196669340134,test,DirectPred
NCI-H1563,Erlotinib,,,0.142215296626091,0.08546196669340134,test,DirectPred
NCI-H2342,Erlotinib,,,0.0755230188369751,0.09113350510597229,test,DirectPred
SCC-25,Erlotinib,,,,0.08546196669340134,test,DirectPred
PSN1,Erlotinib,,,0.09509527683258057,0.08546196669340134,test,DirectPred
BB65-RCC,Erlotinib,,,,0.09113350510597229,test,DirectPred
ESS-1,Erlotinib,,,0.0,0.05875362828373909,test,DirectPred
RL,Erlotinib,,,,0.09113350510597229,test,DirectPred
BFTC-905,Erlotinib,,,0.003112225327640772,0.08546196669340134,test,DirectPred
TE-15,Erlotinib,,,,0.08546196669340134,test,DirectPred
SW1463,Erlotinib,,,0.14899715781211853,0.08546196669340134,test,DirectPred
NCI-H1993,Erlotinib,,,0.023961970582604408,0.09113350510597229,test,DirectPred
CAL-54,Erlotinib,,,0.2791457176208496,0.08546196669340134,test,DirectPred
LOX-IMVI,Erlotinib,,,0.12028055638074875,0.08546196669340134,test,DirectPred
SW1573,Erlotinib,,,0.025043154135346413,0.09537379443645477,test,DirectPred
SJNB-6,Erlotinib,,,,0.09113350510597229,test,DirectPred
HT-1080,Erlotinib,,,0.10349445790052414,0.06405998766422272,test,DirectPred
639V,Erlotinib,,,0.11340188980102539,0.05875362828373909,test,DirectPred
SCH,Erlotinib,,,,0.09113350510597229,test,DirectPred
GB-1,Erlotinib,,,0.050166040658950806,0.08546196669340134,test,DirectPred
TE-9,Erlotinib,,,0.1237233430147171,0.08546196669340134,test,DirectPred
K-562,Erlotinib,,,0.010187202133238316,0.08546196669340134,test,DirectPred
SiHa,Erlotinib,,,0.10029903799295425,0.03350553661584854,test,DirectPred
NCI-H2126,Erlotinib,,,,0.08546196669340134,test,DirectPred
Karpas-299,Erlotinib,,,0.03932269662618637,0.09113350510597229,test,DirectPred
NCI-H2122,Erlotinib,,,0.1851067692041397,0.08546196669340134,test,DirectPred
NCI-N87,Erlotinib,,,0.0,0.09113350510597229,test,DirectPred
EPLC-272H,Erlotinib,,,0.08631063997745514,0.09113350510597229,test,DirectPred
SW948,Erlotinib,,,0.02463996224105358,0.0251587126404047,test,DirectPred
LS513,Erlotinib,,,,0.05337313935160637,test,DirectPred
TUR,Erlotinib,,,0.020698226988315582,0.03884132578969002,test,DirectPred
LC-1F,Erlotinib,,,,0.08546196669340134,test,DirectPred
SW780,Erlotinib,,,0.03220953792333603,0.08546196669340134,test,DirectPred
LCLC-103H,Erlotinib,,,0.0,0.08546196669340134,test,DirectPred
NCI-H1299,Erlotinib,,,0.0033601324539631605,0.005612674634903669,test,DirectPred
RKO,Erlotinib,,,0.0,0.006727542262524366,test,DirectPred
GaMG,Erlotinib,,,0.0,0.08546196669340134,test,DirectPred
WM115,Erlotinib,,,0.01671660505235195,0.08546196669340134,test,DirectPred
KU-19-19,Erlotinib,,,0.048150692135095596,0.06405998766422272,test,DirectPred
LCLC-97TM1,Erlotinib,,,0.0013339044526219368,0.08546196669340134,test,DirectPred
ALL-PO,Erlotinib,,,0.029406465590000153,0.09113350510597229,test,DirectPred
OCUB-M,Erlotinib,,,0.08278577029705048,0.05875362828373909,test,DirectPred
HT-3,Erlotinib,,,0.08728126436471939,0.09113350510597229,test,DirectPred
Lu-65,Erlotinib,,,0.042142268270254135,0.08546196669340134,test,DirectPred
IST-SL2,Erlotinib,,,0.11947661638259888,0.03884132578969002,test,DirectPred
MIA PaCa-2,Erlotinib,,,0.020126881077885628,0.08546196669340134,test,DirectPred
L-363,Erlotinib,,,0.05003935098648071,0.0074609313160181046,test,DirectPred
SHP-77,Erlotinib,,,0.0519881509244442,0.09046527743339539,test,DirectPred
TE-5,Erlotinib,,,0.057409729808568954,0.08546196669340134,test,DirectPred
KM12,Erlotinib,,,0.11399415880441666,0.03884132578969002,test,DirectPred
LC4-1,Erlotinib,,,0.04724707081913948,0.08546196669340134,test,DirectPred
COLO 205,Erlotinib,,,0.03441523015499115,0.08546196669340134,test,DirectPred
KY821,Erlotinib,,,0.0033592425752431154,0.026321612298488617,test,DirectPred
SW900,Erlotinib,,,0.034436099231243134,0.08546196669340134,test,DirectPred
MN-60,Erlotinib,,,0.009549953043460846,0.08546196669340134,test,DirectPred
NCI-H2107,Erlotinib,,,,0.03350553661584854,test,DirectPred
NCI-H1048,Erlotinib,,,0.06826617568731308,0.05875362828373909,test,DirectPred
NCI-H1693,Erlotinib,,,0.19793498516082764,0.08546196669340134,test,DirectPred
SW982,Erlotinib,,,0.07955674827098846,0.08546196669340134,test,DirectPred
C-33 A,Erlotinib,,,0.09344276785850525,0.021657999604940414,test,DirectPred
EW-22,Erlotinib,,,0.033467378467321396,0.09113350510597229,test,DirectPred
LB647-SCLC,Erlotinib,,,,0.09113350510597229,test,DirectPred
NCI-H1963,Erlotinib,,,0.00967933889478445,0.09113350510597229,test,DirectPred
FaDu,Erlotinib,,,0.0919298529624939,0.08546196669340134,test,DirectPred
NCI-H2170,Erlotinib,,,0.1718304455280304,0.08546196669340134,test,DirectPred
LB996-RCC,Erlotinib,,,0.24448375403881073,0.08546196669340134,test,DirectPred
EB2,Erlotinib,,,0.0429537370800972,0.09113350510597229,test,DirectPred
TE-12,Erlotinib,,,,0.08546196669340134,test,DirectPred
HH [Human lymphoma],Erlotinib,,,0.0,0.09113350510597229,test,DirectPred
LA-N-6,Erlotinib,,,,0.08546196669340134,test,DirectPred
CAL-39,Erlotinib,,,0.31853675842285156,0.08546196669340134,test,DirectPred
HCC2218,Erlotinib,,,,0.05821409076452255,test,DirectPred
SNU-449,Erlotinib,,,0.1119994968175888,0.08546196669340134,test,DirectPred
Daoy,Erlotinib,,,0.06870429962873459,0.08546196669340134,test,DirectPred
TALL-1 [Human adult T-ALL],Erlotinib,,,,0.026321612298488617,test,DirectPred
A-375,Erlotinib,,,0.06326363235712051,0.08546196669340134,test,DirectPred
HT,Erlotinib,,,,0.03884132578969002,test,DirectPred
THP-1,Erlotinib,,,,0.08546196669340134,test,DirectPred
COLO 800,Erlotinib,,,,0.08546196669340134,test,DirectPred
EFO-27,Erlotinib,,,,0.03884132578969002,test,DirectPred
NCI-H596,Erlotinib,,,0.0035515206400305033,0.05875362828373909,test,DirectPred
HCC1937,Erlotinib,,,0.15212175250053406,0.09113350510597229,test,DirectPred
SW48,Erlotinib,,,0.26832813024520874,0.043737396597862244,test,DirectPred
NCI-H1838,Erlotinib,,,0.008247661404311657,0.08546196669340134,test,DirectPred
ES7,Erlotinib,,,0.04592268913984299,0.09113350510597229,test,DirectPred
SU-DHL-1,Erlotinib,,,,0.09113350510597229,test,DirectPred
NCI-H209,Erlotinib,,,0.023677058517932892,0.09113350510597229,test,DirectPred
RERF-LC-MS,Erlotinib,,,,0.09113350510597229,test,DirectPred
COLO 678,Erlotinib,,,0.1312405914068222,0.08546196669340134,test,DirectPred
SK-MES-1,Erlotinib,,,0.14084932208061218,0.08546196669340134,test,DirectPred
NCI-H1304,Erlotinib,,,,0.05875362828373909,test,DirectPred
NOS-1 [Human osteosarcoma],Erlotinib,,,0.06144902855157852,0.09113350510597229,test,DirectPred
KYSE-150,Erlotinib,,,0.17199501395225525,0.09113350510597229,test,DirectPred
TC-YIK,Erlotinib,,,0.10401031374931335,0.09113350510597229,test,DirectPred
NCI-H358,Erlotinib,,,0.10449909418821335,0.08139973878860474,test,DirectPred
Becker,Erlotinib,,,0.055969566106796265,0.08546196669340134,test,DirectPred
UM-UC-3,Erlotinib,,,0.007154165767133236,0.08546196669340134,test,DirectPred
LAMA-84,Erlotinib,,,0.02719874680042267,0.08546196669340134,test,DirectPred
EC-GI-10,Erlotinib,,,0.21536816656589508,0.08546196669340134,test,DirectPred
HL-60,Erlotinib,,,0.007114278618246317,0.08546196669340134,test,DirectPred
U266B1,Erlotinib,,,0.0,0.08546196669340134,test,DirectPred
ABC-1,Erlotinib,,,,0.09113350510597229,test,DirectPred
Ca Ski,Erlotinib,,,0.17150817811489105,0.013478614389896393,test,DirectPred
NCI-H522,Erlotinib,,,0.03295173868536949,0.09113350510597229,test,DirectPred
COLO 824,Erlotinib,,,0.14078915119171143,0.03350553661584854,test,DirectPred
NCI-H64,Erlotinib,,,0.050909120589494705,0.09113350510597229,test,DirectPred
CAMA-1,Erlotinib,,,0.024632813408970833,0.033362168818712234,test,DirectPred
BL-41,Erlotinib,,,0.011838492006063461,0.09113350510597229,test,DirectPred
KGN,Erlotinib,,,0.059976451098918915,0.08546196669340134,test,DirectPred
NCI-H1618,Erlotinib,,,,0.09113350510597229,test,DirectPred
CAL-51,Erlotinib,,,0.11326133459806442,0.013478614389896393,test,DirectPred
D-263MG,Erlotinib,,,0.043079253286123276,0.08546196669340134,test,DirectPred
HLE,Erlotinib,,,0.08428549021482468,0.09113350510597229,test,DirectPred
NCI-H1770,Erlotinib,,,,0.03884132578969002,test,DirectPred
NUGC-3,Erlotinib,,,0.23977325856685638,0.08491497486829758,test,DirectPred
S-117,Erlotinib,,,,0.08546196669340134,test,DirectPred
EoL-1,Erlotinib,,,0.05597755312919617,0.08546196669340134,test,DirectPred
MDA-MB-231,Erlotinib,,,0.09190887957811356,0.08546196669340134,test,DirectPred
NCI-H630,Erlotinib,,,,0.08546196669340134,test,DirectPred
OVCAR-5,Erlotinib,,,0.058288972824811935,0.08546196669340134,test,DirectPred
NCI-H2452,Erlotinib,,,0.0656169205904007,0.08546196669340134,test,DirectPred
D-336MG,Erlotinib,,,,0.08546196669340134,test,DirectPred
GI-1,Erlotinib,,,0.00535455672070384,0.08546196669340134,test,DirectPred
SW13,Erlotinib,,,0.14095763862133026,0.08546196669340134,test,DirectPred
D-247MG,Erlotinib,,,,0.02623431384563446,test,DirectPred
Hs 578T,Erlotinib,,,0.0,0.08546196669340134,test,DirectPred
ES8,Erlotinib,,,0.08162985742092133,0.08546196669340134,test,DirectPred
HCC1954,Erlotinib,,,0.058555129915475845,0.05875362828373909,test,DirectPred
DJM-1,Erlotinib,,,,0.08546196669340134,test,DirectPred
ETK-1,Erlotinib,,,0.09622740745544434,0.08546196669340134,test,DirectPred
NCI-H1703,Erlotinib,,,0.049256592988967896,0.08546196669340134,test,DirectPred
SK-MM-2,Erlotinib,,,0.0,0.09113350510597229,test,DirectPred
MDA-MB-415,Erlotinib,,,0.07613129913806915,0.03884132578969002,test,DirectPred
NH-12,Erlotinib,,,0.09296922385692596,0.029703104868531227,test,DirectPred
SNU-C1,Erlotinib,,,0.019169718027114868,0.09113350510597229,test,DirectPred
SW684,Erlotinib,,,0.05497532710433006,0.09113350510597229,test,DirectPred
Caov-4,Erlotinib,,,0.11997713148593903,0.09113350510597229,test,DirectPred
BxPC-3,Erlotinib,,,0.05637460574507713,0.08546196669340134,test,DirectPred
MEG-01,Erlotinib,,,0.044805511832237244,0.09113350510597229,test,DirectPred
SCLC-21H,Erlotinib,,,,0.09113350510597229,test,DirectPred
Onda 10,Erlotinib,,,,0.03884132578969002,test,DirectPred
NCI-H650,Erlotinib,,,0.0,0.09113350510597229,test,DirectPred
CAS-1,Erlotinib,,,0.022647414356470108,0.08546196669340134,test,DirectPred
IST-SL1,Erlotinib,,,,0.03350553661584854,test,DirectPred
TGW,Erlotinib,,,0.01655658893287182,0.0716080442070961,test,DirectPred
NCI-H1436,Erlotinib,,,,0.03884132578969002,test,DirectPred
MRK-nu-1,Erlotinib,,,0.014379004947841167,0.049779701977968216,test,DirectPred
SK-MEL-1,Erlotinib,,,0.0,0.01932648755609989,test,DirectPred
GCIY,Erlotinib,,,0.104588583111763,0.05821409076452255,test,DirectPred
BFTC-909,Erlotinib,,,0.1099378913640976,0.08546196669340134,test,DirectPred
HGC-27,Erlotinib,,,0.10083470493555069,0.013800344429910183,test,DirectPred
SNG-M,Erlotinib,,,0.07317743450403214,0.07842475175857544,test,DirectPred
B-CPAP,Erlotinib,,,0.12290270626544952,0.08546196669340134,test,DirectPred
SNU-387,Erlotinib,,,0.027711376547813416,0.08546196669340134,test,DirectPred
SF268,Erlotinib,,,0.0926661416888237,0.08546196669340134,test,DirectPred
HEC-1,Erlotinib,,,0.08707618713378906,0.08572129905223846,test,DirectPred
NCI-H1648,Erlotinib,,,0.23076049983501434,0.08546196669340134,test,DirectPred
Calu-3,Erlotinib,,,0.03836726024746895,0.09113350510597229,test,DirectPred
D-423MG,Erlotinib,,,,0.09113350510597229,test,DirectPred
H4,Erlotinib,,,0.06207311898469925,0.02623431384563446,test,DirectPred
NCI-H292,Erlotinib,,,,0.08546196669340134,test,DirectPred
22Rv1,Erlotinib,,,0.06973609328269958,0.05875362828373909,test,DirectPred
NCI-H2087,Erlotinib,,,0.052555594593286514,0.08546196669340134,test,DirectPred
UO-31,Erlotinib,,,,0.08546196669340134,test,DirectPred
HCC1569,Erlotinib,,,,0.09113350510597229,test,DirectPred
HEL,Erlotinib,,,,0.08546196669340134,test,DirectPred
LB2518-MEL,Erlotinib,,,,0.06405998766422272,test,DirectPred
MDA-MB-453,Erlotinib,,,0.06835882365703583,0.007061436772346497,test,DirectPred
CAL-72,Erlotinib,,,0.025858262553811073,0.08546196669340134,test,DirectPred
WRO,Erlotinib,,,0.018343336880207062,0.08546196669340134,test,DirectPred
EW-16,Erlotinib,,,0.11820603162050247,0.08546196669340134,test,DirectPred
BHY,Erlotinib,,,,0.08546196669340134,test,DirectPred
HCT 116,Erlotinib,,,0.01290152221918106,0.024414794519543648,test,DirectPred
HMV-II,Erlotinib,,,0.006245903670787811,0.08546196669340134,test,DirectPred
MKN45,Erlotinib,,,0.0,0.08546196669340134,test,DirectPred
CGTH-W-1,Erlotinib,,,0.029421018436551094,0.08546196669340134,test,DirectPred
NCI-H2081,Erlotinib,,,,0.005055851303040981,test,DirectPred
CMK,Erlotinib,,,,0.08546196669340134,test,DirectPred
SW756,Erlotinib,,,0.11999725550413132,0.08139973878860474,test,DirectPred
Mel Ho,Erlotinib,,,,0.08546196669340134,test,DirectPred
TT,Erlotinib,,,0.054679371416568756,0.03350553661584854,test,DirectPred
NCI-H1623,Erlotinib,,,0.15927983820438385,0.09113350510597229,test,DirectPred
NCI-H2052,Erlotinib,,,0.09733337163925171,0.08546196669340134,test,DirectPred
BB30-HNC,Erlotinib,,,,0.09113350510597229,test,DirectPred
LP-1,Erlotinib,,,,0.09113350510597229,test,DirectPred
DK-MG,Erlotinib,,,0.08783505111932755,0.026211265474557877,test,DirectPred
KYSE-450,Erlotinib,,,0.24971424043178558,0.08546196669340134,test,DirectPred
ChaGo-K-1,Erlotinib,,,,0.09113350510597229,test,DirectPred
M14,Erlotinib,,,0.0906892940402031,0.08546196669340134,test,DirectPred
RS4;11,Erlotinib,,,0.07373012602329254,0.08546196669340134,test,DirectPred
MG-63,Erlotinib,,,0.04218766838312149,0.08546196669340134,test,DirectPred
Reh,Erlotinib,,,0.001760192564688623,0.08546196669340134,test,DirectPred
HT-144,Erlotinib,,,0.009597049094736576,0.08546196669340134,test,DirectPred
RVH-421,Erlotinib,,,,0.08546196669340134,test,DirectPred
HuP-T4,Erlotinib,,,0.18272824585437775,0.08546196669340134,test,DirectPred
Ca9-22,Erlotinib,,,0.2045409381389618,0.09113350510597229,test,DirectPred
HAL-01,Erlotinib,,,0.011537827551364899,0.06405998766422272,test,DirectPred
D-542MG,Erlotinib,,,,0.02686069719493389,test,DirectPred
BT-549,Erlotinib,,,0.0024211981799453497,0.03884132578969002,test,DirectPred
KYSE-70,Erlotinib,,,0.09285585582256317,0.08546196669340134,test,DirectPred
COLO 684,Erlotinib,,,0.027062062174081802,0.005055858753621578,test,DirectPred
LB1047-RCC,Erlotinib,,,,0.08546196669340134,test,DirectPred
DOK,Erlotinib,,,0.352487713098526,0.09113350510597229,test,DirectPred
