,E0,E1,E2,E3,E4,E5,E6,E7,E8,E9,E10,E11,E12,E13,E14,E15,E16,E17,E18,E19,E20,E21,E22,E23,E24,E25
U-138MG,-1.3653129,0.49905896,-1.3193976,0.8074422,0.6596113,-1.4314895,-1.0198838,1.2899051,-1.6383696,1.7349247,-0.13031974,-1.4187425,-1.0660784,0.3357273,-0.07429003,-0.36275473,1.285368,-0.82373524,-0.23778543,-0.32391083,0.40780807,-1.3145957,-1.3065418,-1.4445648,1.6296353,-0.7283639
HuNS1,3.18568,3.0154762,0.84470826,-4.3887086,1.1356186,2.2346764,0.894444,-0.09169689,1.7179141,-0.87661207,-0.4677986,2.3504915,4.8527403,-1.3994101,-1.9985949,-2.3663545,-3.268443,-0.7735824,-1.7013937,3.3299408,1.3643353,1.598954,-0.6538066,0.90241385,0.16254714,-0.8920064
COLO 679,-0.20563926,0.55901617,-0.15028863,-0.09115034,-0.040416844,0.049274325,0.34995118,0.19873273,0.5833382,0.2162854,0.09181763,-0.421546,-0.0058976635,0.6459028,0.31059346,-0.54851454,-0.32588583,-0.13951254,0.008397602,-0.4992015,-0.14619079,-0.43863657,-0.03714463,-0.28322914,0.0790037,0.052969277
SNU-5,-0.97343886,-0.6852291,0.30143306,1.4956883,0.9854437,-0.06244626,0.13684762,-0.7108596,-0.09315551,-0.037245043,0.0056406856,0.8627173,-0.6509856,-0.1561214,0.45576864,-0.49862134,0.3785866,1.3803862,-0.069764264,0.41827208,-0.94846284,-0.19076218,-0.5453001,-0.9798969,-0.009056166,0.30333996
TE 441.T,0.26358855,0.21853858,0.13345224,-0.22228575,-0.51605546,0.090447426,0.11249054,0.19842032,1.0928903,0.42651337,1.1772451,-0.89075994,0.08404341,0.10423108,0.34776062,-0.61361676,-0.4148832,-1.2732611,-0.056490883,0.46123564,-0.0999756,-0.35163033,0.27228686,0.5583412,-0.090995505,-0.54246664
DND-41,3.285687,2.7952948,0.8762964,-3.9505877,0.7252891,1.852888,0.5944224,-0.19058564,1.9718981,0.21880834,0.30852434,1.747891,5.359671,-1.5989647,-1.4314677,-3.4323936,-3.5054,-1.1123418,-1.5022576,2.8622718,1.5308133,0.7629235,-0.0037751198,1.295072,-0.4208642,-1.4942956
L-428,2.2236276,1.9329783,0.7243166,-2.7327886,0.9705068,1.9518225,0.70314527,-0.088822745,1.0212579,0.05545127,0.77702117,1.8290212,3.1350539,-0.91353744,-1.3109678,-1.368955,-2.7670298,-0.70811045,-0.9157152,2.5390825,0.6977819,0.9804461,-0.7841709,0.9852923,-0.08557008,-0.688079
PaTu 8902,-0.46048197,0.18104094,0.30249637,1.057858,0.574908,0.044073828,0.26038626,-0.021982756,-0.19736058,-0.20474315,-0.41282308,0.4530933,-0.13782969,-0.25520504,0.13249472,0.0225567,0.23293492,0.8510303,0.016665168,0.5799156,-0.457181,0.436184,-0.44016168,-0.5700971,0.3525908,0.78761935
IGROV-1,-0.7816793,-0.14328037,-0.1804542,0.15357107,-0.22465393,-0.23280714,0.05113825,0.4072592,0.019362405,0.36238903,0.058997862,-0.3707364,-0.8508131,0.17111972,0.22427246,0.40349966,0.5224085,0.030387208,0.22822696,0.15914568,0.22021942,-0.40520382,-0.34412545,0.11055018,0.084059596,0.39111412
HCC1897,-1.3759955,-0.6928568,-0.7281791,0.9932868,-0.5088651,-0.5805403,0.18731445,0.3388675,-0.42019185,0.9704058,-0.46942413,-0.8114493,-0.9038846,0.28451794,0.26572612,0.56006837,0.64355886,0.6884747,0.061896928,-0.38288417,-0.3258141,-0.06874593,-0.46369687,-0.2424355,0.09153259,0.08218663
OVMANA,-1.0730721,-0.5105295,-0.59232664,0.87864035,-0.43610612,-0.81704557,-0.29004717,0.1991606,-0.4589482,0.85220325,-0.08333941,-0.15089229,-0.6180472,0.6029913,-0.11051054,0.33910424,0.44833997,0.6376137,0.15280284,0.11470934,-0.44936192,-0.3815444,-0.40750286,-0.40702605,0.5807044,0.43804997
TC-71,0.93378365,0.38767028,0.57081074,-0.9725848,-0.24910739,0.52360564,0.9851432,-0.44995323,1.8396592,-0.35879827,1.4627973,-0.6632439,1.1117262,0.023391679,0.11003467,-1.1461339,-1.1579907,-2.083049,0.9357519,0.7472867,-0.1532949,0.523859,0.6198635,0.9273404,0.5882118,0.05576773
HCT 8,-1.4496583,-1.2455864,1.0859736,1.7995828,0.7155067,-0.09350343,0.5646173,-0.82808876,-0.0069432715,0.36710575,-0.13911657,0.594913,-0.9661816,-0.06777726,0.80029637,-0.5683417,0.9751509,2.0937765,0.27042764,-0.16207606,-1.0041666,0.041148603,-0.87553513,-0.8320834,-0.020735212,1.332527
HCC827 GR5,-1.308973,-0.95557755,-0.16336273,1.4827192,0.08529918,-0.5169285,0.07486059,0.42412052,-0.9232145,0.52354383,-0.6308288,-0.52267224,-0.8121162,0.11650687,0.33841586,0.606127,1.472905,1.5522115,0.058255225,-0.2574817,-0.44370845,0.1204596,-0.9885765,-0.560114,-0.13515474,1.1289408
HEC-6,-0.5828264,0.3694455,-0.11895239,-0.12131085,-0.53525865,0.3950735,0.5911265,0.009153124,0.6393727,0.20562354,-0.24679336,-0.6447122,-0.14237258,-0.1254547,0.2775101,0.6022136,-0.34821078,-0.40509835,0.18039994,0.3016746,-0.049159426,0.0016514733,-0.15116996,0.35780895,-0.027612183,0.43185836
DEL,1.3153204,1.8497393,0.07988044,-1.5953267,0.8927418,0.9129758,-0.32311407,-0.14353819,-0.0062861294,-0.14916092,-0.5482621,1.5774589,1.916123,-0.7741658,-0.93922627,-1.5355394,-0.97367543,0.50827694,-1.0174776,1.8708805,0.97718155,0.17682007,-1.1657404,0.32364374,0.43959785,-0.66560864
OAW28,-0.31744954,-0.343605,0.15764242,0.7904478,-0.73372084,-0.51066625,0.11429691,0.16995779,0.10887872,0.7868369,0.19424307,-0.8128278,-0.58221394,0.39490503,0.49663365,0.8381482,0.21361873,-0.17759359,0.21636891,-0.16282752,-0.28759265,-0.06376311,-0.10037521,0.13759029,0.07093746,0.69292754
Hs 343.T,-2.4309013,-0.36171538,-2.0805683,1.4823923,0.7070843,-2.9662127,-1.8870349,2.4339008,-2.843696,3.453315,-0.19848154,-2.0062299,-1.5526623,1.2138655,-0.43327403,0.0444917,2.4539063,-0.5525635,-0.17944732,-0.35084212,0.27426058,-1.9284563,-2.5370524,-2.211872,2.5228205,-0.7222209
OC 316,-0.33939987,0.14968303,-0.07009719,0.18673033,-0.216878,-0.095704734,0.17958884,0.30608392,0.31241718,0.18071628,0.005195059,-0.401123,-0.14509685,0.023180798,0.055174924,0.049313195,-0.04299892,-0.18349388,0.043549415,0.3400783,0.0057686907,-0.20617399,-0.15804574,0.050513554,0.42373204,0.023995958
SK-OV-3,-1.180445,0.24486497,-0.887959,0.57335734,-0.24790183,-0.84099764,-0.4055516,1.1570188,-0.67164373,1.0366277,-0.2516461,-0.7715243,-0.82281566,0.4928961,-0.008015238,0.31904185,0.72085655,-0.28163147,-0.18636923,0.15767369,0.05296302,-0.7031937,-0.5736043,-0.5159928,1.044817,-0.072324395
8305C,-1.3761331,0.603745,-1.0957074,0.43658602,0.27388787,-0.62564427,-0.63054156,1.2200584,-0.9131494,1.3593936,-0.48978862,-0.95686126,-0.6121236,0.30390543,-0.076619804,0.24682012,0.8394628,-0.913936,-0.38289922,-0.07266009,0.1785537,-1.1104374,-0.75324386,-1.0501208,1.1801677,-0.6235145
MM1.S,2.034811,2.6905198,0.4355001,-3.1771574,0.39944446,1.2989924,1.0487646,0.047662973,1.3283943,-1.0584953,-0.8760443,2.0050786,4.252498,-1.0151404,-1.9982857,-1.9632831,-2.5627873,-0.44644442,-1.9197533,2.4098973,1.308793,1.3557996,-0.39974815,0.47046232,0.016564101,-0.50373095
SK-N-BE(2),1.6793048,-0.25271213,1.8029703,-1.7004938,-0.028399527,1.6399522,1.2659688,-0.6060236,3.8477168,-0.84872335,3.928513,-2.2425632,0.25831932,0.54981554,0.36955273,-0.753942,-2.9583807,-5.1183624,2.0633194,1.5072612,-0.4405144,1.0504175,1.7300861,1.6021352,0.77170324,0.30510712
HT-1197,-1.3074958,-0.40635937,-0.5074043,0.8254971,0.12572259,-0.52999836,-0.5052629,0.8849523,-0.99683714,1.0498899,-1.1711967,-0.6294914,-0.3127865,0.250396,-0.2170839,0.75553495,1.0861249,0.9366138,0.061501935,0.26278615,-0.08358837,-0.09351461,-0.53461814,-0.20187724,0.45607615,0.5141485
EWS-502,0.7076039,0.06425938,0.59936774,-0.7633469,-0.54805815,0.7950593,1.1349989,-0.6213806,2.1037488,-0.13886607,1.8131111,-1.2850399,0.6868151,0.28815925,0.46386603,-0.9655106,-1.5896297,-2.5732794,1.3015658,0.47086596,-0.030747946,0.2817527,0.88903284,1.0963628,0.4019378,-0.22743565
Hs 695T,-0.6297517,0.620892,-0.4762032,0.035782993,0.23119259,-0.39333734,-0.10773576,0.5226079,-0.21492758,0.93709844,-0.20513257,-0.6832169,-0.35290736,0.34632587,0.08866396,-0.30917728,0.074468404,-0.30750638,-0.015774436,-0.2070979,0.0048208684,-0.7664012,-0.37808794,-0.46820438,0.34715474,-0.20631465
LN-382,-1.5350707,0.20059516,-1.4189062,0.80176854,0.39275765,-1.552284,-0.867163,1.1145537,-1.3546374,2.0801039,-0.22741237,-1.4836936,-0.8848009,0.6139798,0.4632684,-0.15126479,1.099683,-0.6522887,0.05205068,-0.5185726,0.32261968,-1.406435,-1.1267831,-1.0663364,1.3352977,-0.7297914
NCI-H1650,-1.3279501,0.16657524,-0.62772405,0.7557027,0.14826605,-0.6001867,-0.3058226,0.98360765,-0.91317225,0.8362328,-1.1430533,-0.9235127,-0.29172713,0.11452049,-0.36788592,0.61479175,1.3421664,0.77932,-0.0041635036,0.29090255,0.07173838,-0.14450032,-0.72316533,-0.22253238,0.7598178,0.4616304
JHH-5,-0.83989984,-1.7533436,0.6673079,1.5863366,0.61394566,0.76680344,0.5378314,-0.75781906,0.60216576,-0.03656435,1.3189852,0.35405636,-1.206843,-0.29054102,1.612682,-0.45176613,0.22543314,0.7172899,1.0821271,0.5156851,-0.24723616,0.72098106,-0.61234945,-0.29278582,-0.2708254,1.0956011
SW1463,-1.7860041,-2.637124,1.7619975,2.7479844,1.4769694,0.5390864,0.81746197,-1.7719042,-0.33540183,-0.020143285,0.11947313,1.3111445,-1.7757775,-0.24356437,1.6058394,-1.2108291,0.98810124,3.0094967,0.97359145,-0.11752321,-1.9979771,0.59296954,-1.0174013,-1.4180773,-0.21228644,1.8481511
JeKo-1,3.270368,2.8897734,0.5038755,-4.913763,0.8466797,2.7463195,1.3438519,0.14374083,2.7974026,-0.81394804,0.15584706,1.7593949,5.617867,-1.6257248,-1.9963378,-2.6901324,-4.2285285,-1.5775993,-1.036092,3.6327705,1.6329987,1.9357272,0.17420357,1.61627,0.080838144,-1.3090456
MOLP-2,2.310388,2.2661812,0.46414042,-3.316996,1.0254695,1.3082914,1.201607,0.3215679,1.1046784,-0.66196215,-0.82135034,2.3879566,4.5620756,-1.135021,-2.2384932,-2.2412474,-2.3880043,-0.27463996,-1.6388972,2.6448424,1.4061214,1.0853797,-0.58003277,-0.054545313,0.31254667,-0.57665867
LP-1,1.5932584,1.7208277,0.36991557,-1.9589186,0.4983294,0.7983872,0.9160329,0.03235385,0.96330124,-0.15417764,-0.24466343,1.3253076,3.0016298,-0.62391305,-1.5020951,-1.7109087,-1.7857461,-0.89619255,-0.9751737,2.358491,0.60866714,0.9671189,-0.011981666,-0.19972,0.59079266,-0.46578848
NCI-H2009,-0.67581517,0.2167152,-0.25247326,0.7968596,0.16991498,-0.01912938,-0.06813415,0.0600282,-0.36482278,-0.020901747,-0.8658778,-0.3589809,-0.0608175,0.062493473,-0.1330741,0.45281854,0.64062196,0.56129897,0.053560607,0.42238745,-0.24031678,0.016353197,-0.40114814,-0.16358638,0.43548092,0.1151118
Daoy,-0.46934348,0.6516017,-0.17879137,-0.0215962,0.3279907,-0.08744487,-0.01875981,0.45206562,-0.37964195,0.41999274,-0.06578706,-0.5481369,-0.22219446,0.3110748,-0.035244256,0.11369484,-0.0053903637,-0.8985657,-0.08485888,0.24174762,0.11614217,-0.53821784,-0.33348468,-0.32597616,0.6303402,-0.27442712
NCI-H2172,-0.32524166,-0.062315937,0.04948926,0.45124114,-0.18474182,-0.46040863,-0.081049465,-0.012420204,-0.19857153,0.58955556,0.18283509,-0.71924365,-0.47827607,0.31676593,0.14980087,-0.13399075,0.11243535,-0.58254766,-0.07236348,-0.43852764,0.07881142,-0.5033126,-0.30467996,-0.06226313,0.32702023,-0.46441364
SiMa,1.7753808,-0.9866605,1.6612825,-2.1336539,-0.44846067,1.9403712,1.6197677,-0.4844098,4.7891393,-0.37907636,4.7705865,-2.7302322,0.3456794,0.66035044,1.122039,-0.5600784,-3.5377452,-6.1749954,2.6199245,1.5229837,-0.47766432,1.1507266,2.1822822,2.1848793,0.66385555,0.22397408
JHUEM-2,-0.09076332,0.4165722,0.4800784,0.17373177,0.0044596866,-0.2008519,0.04797911,-0.1483527,0.54585624,-0.011276081,0.8732232,-0.4850259,-0.6648081,0.026728937,0.3460021,-0.23997648,-0.060860507,-1.0740746,0.09998094,0.21465476,-0.074280486,-0.50186723,0.006733075,0.058440972,0.3960482,-0.4261889
LN-235,-1.4130796,0.13808402,-0.8351468,0.79369986,0.3452838,-1.3208339,-0.64507157,1.1021918,-1.1784431,1.8139151,-0.016050845,-1.487158,-1.078036,0.5296084,0.3543986,-0.14897713,0.89093864,-0.75462794,-0.13510446,-0.69378036,0.5404596,-1.399014,-1.0429434,-1.0700964,1.2851094,-1.0428975
SK-MEL-2,-0.041933924,0.6665019,0.0035999194,-0.17666683,0.36748475,0.37336954,0.29056734,0.2213288,0.5173412,0.11247144,-0.2761819,-0.28462198,-0.12495521,0.3602406,0.19214146,-0.35810626,-0.14990483,0.012084886,-0.3785478,-0.29289335,-0.15889595,-0.55893433,-0.21006608,-0.3589115,0.18069082,0.022500493
JHH-4,-1.0217979,0.15511557,-0.36714292,0.29926538,-0.032580003,-0.27067038,-0.12584072,0.5326352,-0.33294323,0.52116114,-0.3561018,-0.38769358,-0.49450505,0.05944694,0.31580603,0.26009548,0.2784116,-0.45908007,-0.11529736,0.17976648,0.15532832,-0.55304986,-0.5450168,-0.43621686,0.67133963,-0.27493587
HCC1428,-0.7054632,-0.72894573,-0.06511887,0.9907613,-0.79335934,0.0727509,0.8761735,-0.04396545,0.6107745,0.7363001,0.23815747,-1.1040435,-0.3805076,-0.079348296,0.36494744,0.7775367,-0.4050601,0.46802276,-0.4415728,-0.6199914,-0.45899874,0.17249623,-0.3113798,0.53951395,-0.6437775,0.70014805
SNU-C2A,-0.6584803,-0.42267215,0.17122221,1.0968233,0.28779942,-0.10378843,0.57211024,0.20398787,-0.30479565,0.057699528,-0.18171306,-0.13179164,-0.43760052,0.38988453,0.23786974,0.27879107,0.5375063,0.8241668,0.3799451,0.49461612,-0.47718728,0.6397648,-0.19557875,-0.24107382,0.16690706,1.141426
NCI-H1623,-0.9037102,-0.5621684,0.08026214,0.9964509,-0.015829183,-0.31911412,0.16239652,0.5945779,-0.437041,0.70664006,-0.730685,-0.5800686,-0.51179147,0.4940225,-0.15994273,0.2615979,1.1000618,0.8300096,-0.11574924,-0.19738057,-0.3750919,0.31783256,-0.66690683,-0.25261682,0.3303818,0.61257046
DV-90,-0.8250576,-1.2523968,1.3164245,1.9132471,0.8508501,0.37937307,0.7106431,-0.83617353,-0.43430644,0.10666433,-0.018497057,0.5920371,-0.9883191,0.14610049,0.7753421,-0.5917076,0.38557357,1.6390584,0.34721804,0.30756706,-0.8644395,0.19158594,-0.83208996,-0.8599272,-0.08965081,1.4205712
Malme-3M,-0.6007422,0.7108074,-0.46418154,0.041217774,0.13866116,-0.17412643,0.22877955,0.6732916,0.20996208,0.5790856,-0.30835766,-0.7867133,-0.28209764,0.6283634,0.40322942,-0.24354753,-0.10615646,-0.1121712,-0.29719982,-0.6762905,0.06116353,-0.6886364,-0.36668262,-0.49381822,0.32197487,-0.053493902
HCC-56,-1.6459035,-2.3300586,1.5202222,2.4204783,1.1212438,0.3636509,0.8469268,-1.7526094,0.14859213,0.054821536,0.22759625,1.1220163,-1.358221,-0.2870561,1.4658169,-1.3657349,0.60354346,2.6332865,0.69809175,-0.37001207,-2.0979023,0.48963326,-0.7438151,-1.3442221,-0.31019828,1.4945481
CL-11,-1.4845053,-0.7657376,0.20156406,1.8578734,0.4756267,-0.39709693,0.32791957,-0.57053244,-0.29017627,0.030648172,-0.6512782,0.33761778,-0.73375505,0.17848542,0.3620387,-0.27209398,0.7650519,1.5825548,0.36450353,0.2234774,-0.9699105,0.012215704,-0.5852409,-0.70778173,0.17793496,0.44230232
786-O,-1.2535379,0.41939265,-0.84386635,0.08216986,-0.48050508,-0.5895276,-0.28853717,1.0563421,-0.5345079,1.1395135,-0.41700262,-0.6630712,-0.6903963,0.11253967,0.3560012,0.3026482,0.80116427,-0.3283796,-0.078243434,-0.2135342,0.3414997,-0.7783553,-0.6151591,-0.42314053,0.5722357,-0.2847055
8-MG-BA,-0.15991631,0.52812886,-0.14485538,0.040947273,0.7142531,0.034349695,-0.2603604,0.24612582,-0.49436188,0.49457857,-0.08343895,-0.3396432,-0.243799,0.09684398,-0.0018936172,0.039380603,0.12984006,-0.5873169,-0.19122551,0.04617095,0.24332142,-0.40933007,-0.4339296,-0.53136694,0.8142906,-0.42535266
COLO 775,1.7547891,1.9773979,0.47893855,-2.34913,0.5350283,0.9586555,1.0139515,-0.13343467,0.82782674,-0.37717694,-0.8442304,1.8204672,3.4822016,-1.1022351,-1.7806282,-1.9007049,-2.1792293,0.3467704,-1.6168358,1.70544,0.9833833,0.9074529,-0.40097648,0.29462796,-0.03607379,-0.83239424
KP-2,-1.1444507,0.06446462,-0.6069041,1.0935473,0.051020786,-0.42288572,-0.19624415,0.5522633,-0.9179416,0.41702744,-1.0116031,-0.22650409,0.070099786,0.46434942,-0.24914685,0.46828094,0.4225538,0.8393306,0.28817746,0.7209243,-0.69179875,0.0067404285,-0.3849466,-0.3409479,0.62287366,0.47135025
DMS 114,0.27381894,0.350453,0.48100767,-0.14649415,-0.36096418,0.2620927,0.29740536,-0.29997292,1.5465522,0.13846423,1.4397304,-0.63481575,0.0056971908,0.113687724,0.39977282,-0.49384326,-0.6829565,-1.8068979,0.36019528,0.31542987,-0.3356041,-0.09723484,0.54358715,0.6741831,0.3395903,-0.18796098
NCI-H1915,-0.19456804,0.38684848,-0.0008866638,-0.0070974827,0.43766585,0.41018492,0.0724857,0.0876951,-0.20801806,-0.06393766,-0.16846055,-0.28581187,-0.1252777,-0.08009602,0.012224246,-0.0959799,0.15718347,-0.518129,-0.049840502,0.22518334,-0.04545591,-0.2579639,-0.03680807,-0.14132443,0.3440408,-0.4104858
Panc 02.13,-2.1515255,-0.6145791,-1.1595489,1.2755499,0.090358436,-1.2413893,-0.5149476,1.0691593,-1.7178195,1.6687715,-1.5385123,-0.47058496,-0.5222361,0.41670346,-0.2672511,0.8543408,2.0757136,1.5668594,0.25994074,0.28972185,-0.62467706,-0.31081778,-0.93410844,-0.6876848,1.1382856,0.9361073
SK-MEL-28,-0.6895215,0.6502107,-0.3059697,-0.14414108,-0.042568237,0.13533403,0.6097339,0.26813695,0.41566452,0.6076206,-0.33728305,-0.7678082,-0.2045208,0.71197367,0.4017486,-0.4604865,-0.4682815,0.054660246,-0.020725511,-0.65667206,-0.24933034,-0.67250055,-0.30311382,-0.40953964,0.16771275,-0.035280846
TE 159.T,-2.7158556,-0.9352089,-2.5231137,1.9033594,0.42034325,-3.9918818,-2.319122,2.8009129,-3.0216613,4.244669,-0.40288872,-2.2763195,-1.8643283,1.5417353,-0.33747637,0.13649823,2.9330912,-0.3827424,-0.22302511,-0.6572907,0.088512875,-2.124314,-2.7297106,-2.6243532,2.6080422,-0.75268847
GCIY,-0.12714049,-0.41049844,0.35996538,0.681783,0.3821332,-0.30657914,0.07206189,-0.0483967,0.18153092,-0.10740234,0.35956562,-0.0458458,-0.68580115,-0.00044804066,0.60773045,0.19746763,0.35219124,-0.33701083,-0.004916787,0.3735878,0.06331716,-0.1514829,0.038035415,-0.21605423,-0.15543003,0.3003008
TE-10,-0.9076016,-0.47263268,-0.42398587,1.0507487,-0.030278563,-0.5772673,-0.261291,0.7490961,-0.9453603,0.8987263,-1.0765731,-0.6271476,0.03472829,0.37190884,0.013391048,0.7431331,1.1367766,0.9104248,0.03667906,-0.14699373,-0.22610971,0.27400064,-0.38920674,-0.067909285,0.4324624,0.6654788
RD-ES,1.0064408,0.2072249,0.6349018,-1.1372143,-0.4940058,0.77660763,1.073957,-0.4146555,2.226266,-0.37497276,2.0442262,-1.2110212,1.0451872,0.10179592,0.11674635,-1.2079055,-1.5541402,-2.6040235,1.2739296,0.76693785,-0.1537257,0.4574935,1.1104273,1.3094807,0.35077545,-0.07736699
Hs 706.T,-1.6564264,-0.21245617,-1.4691576,0.95369816,0.76533186,-2.0056667,-1.3717791,1.9787611,-2.1088448,2.561373,-0.3201027,-1.3566875,-0.9680698,0.66948843,-0.22407922,0.17036521,1.615629,-0.6072353,-0.33988371,-0.2016083,0.30838457,-1.4558196,-1.6448767,-1.6185995,1.9487164,-0.8554149
KYSE-30,-1.2909687,-0.11681521,-0.6315904,1.6908263,0.24879724,-0.922678,-0.46126002,0.9645932,-1.3344712,0.8596081,-0.8774098,-0.17769775,-0.354873,0.60489035,-0.29579395,0.31188744,0.92351913,1.1819339,0.13232704,0.7048227,-0.8299174,-0.014552618,-0.48820066,-0.82608604,0.5869502,1.2314374
OVISE,-1.0993494,-0.61482954,-0.55835843,1.1779059,-0.20351055,-0.9894314,-0.29120404,0.7883369,-0.57768226,0.80418444,-0.18604967,-0.14801252,-0.9267592,0.6552822,0.2773342,0.77715594,0.66974586,0.6509763,0.20949234,0.32615066,-0.1843634,-0.004176542,-0.8666373,-0.10938202,0.57268286,0.9194554
JHOC-5,-0.9156381,0.1804117,-0.81939304,0.36474195,-0.64384735,-0.48811024,-0.12156932,0.8729124,-0.24638306,0.7392841,-0.41077077,-0.6670309,-0.6128658,0.27713317,0.29685056,0.59666175,0.48943937,0.24625102,-0.17820656,0.105976745,0.18832642,-0.43285382,-0.48311716,0.1288478,0.36268905,0.1251639
JURL-MK1,1.3628505,1.9372549,-0.24554308,-2.2041204,-0.82287097,0.20709975,0.20678557,0.012297317,2.2568524,-0.13200335,0.6959336,0.25617042,3.5574203,-1.4804454,0.0097543895,-2.4799993,-1.8831971,-0.24190617,-1.4917333,0.113671534,1.5992162,0.22386974,0.41704285,0.5830807,-0.6509269,-0.54410684
KNS-81-FD,-1.0746356,0.5572273,-0.73780286,0.51088005,0.4591749,-0.99122083,-0.78654456,1.0639132,-0.840044,1.2413776,0.03287217,-1.3852435,-0.81166166,0.44170552,0.05247448,0.20093864,0.40173954,-0.95511806,-0.46633673,-0.09789254,0.22114255,-0.9353959,-0.8223916,-0.9954107,1.4125519,-0.3460889
SK-MEL-24,-0.53496003,0.7360833,-0.6960931,-0.025036871,0.6483143,-0.24788377,-0.19540991,0.9492073,-0.28869653,0.9312378,-0.32621738,-0.6738644,-0.3953983,0.47214878,0.05812947,-0.27699545,0.24137683,-0.294946,-0.20309252,-0.17155224,0.0069969296,-1.0486364,-0.66424,-0.6376529,0.45219582,-0.4104964
U-343MGa,-1.5966642,0.04916112,-1.5123148,0.95615846,0.10149403,-1.7556244,-0.920619,1.4811163,-1.2692512,2.2234137,-0.16429973,-1.4603089,-0.95392567,0.5819862,0.5378031,-0.12221317,1.2464015,-0.9045701,0.0646849,-0.6256611,0.6302752,-1.4569763,-1.1531665,-1.3261383,1.425694,-1.0114443
NCI-H2106,0.51657146,-1.5008945,0.99282384,-1.4452763,-1.9539034,2.6470754,2.4800134,-0.708627,4.230135,0.96674776,4.466004,-3.4563384,-0.10707486,0.65765643,2.6234975,1.223975,-3.610416,-5.3471184,2.7153928,-0.3398295,-0.23579277,1.1990412,1.6225822,3.4773061,-1.3741534,0.4252037
NMC-G1,-1.2531421,0.7380661,-0.84902376,0.33519503,0.2178964,-0.5867879,-0.44704857,0.9730786,-0.66934407,0.88586986,-0.3670988,-1.2133979,-0.84306574,0.3783276,0.12116506,0.24215417,0.30433872,-0.8326346,-0.22831047,-0.0118854195,0.3078223,-1.1002656,-0.75904673,-0.78778493,0.9097426,-0.4011984
NCI-H2405,-1.2461357,-0.3716237,-0.67845285,0.73356587,0.49596566,-0.8004949,-0.430174,0.48002636,-0.15000448,0.6994232,-0.27889377,-0.5203488,-0.60320395,0.03470929,0.27122748,-0.20885652,0.71135,0.07016547,0.15173523,0.14144225,0.011884466,-0.52057403,-0.64876354,-0.75919795,0.5506729,-0.5032231
NCI-H1105,1.2953027,-1.7053254,1.5102717,-1.5454098,-1.4970303,2.7273207,2.2768965,-0.8564435,5.2466655,0.4127929,4.8360777,-3.6587656,0.31790584,0.77467227,2.5553966,0.6939115,-4.1256065,-6.3767548,2.8032768,0.2475902,-0.028566211,1.3393148,2.297486,3.6794593,-0.63311166,0.065909415
Mel Ho,-0.25478712,0.6087967,-0.0016256385,-0.15057924,-0.028576164,0.18841305,0.28738075,0.04354837,0.55633587,0.14486738,-0.15825525,-0.4451169,-0.1492029,0.6337622,0.44202355,-0.5393658,-0.5001848,-0.03423202,0.1527752,-0.42236418,-0.19443244,-0.43453318,-0.15577292,-0.19041654,-0.028282892,0.15713555
42-MG-BA,-1.0126286,0.7128782,-0.7615701,0.31661212,0.89232075,-0.69950473,-0.5897672,1.3068109,-1.3364813,1.1546633,0.11807838,-1.2420849,-0.6844772,0.2943917,-0.06852293,-0.11069873,1.0063983,-0.8581965,-0.25824672,-0.14230774,0.40562385,-1.0482578,-1.067423,-1.0693078,1.2523218,-0.56560457
MHH-CALL-2,3.430143,2.905752,-0.25778002,-4.628669,-0.02546674,2.2374916,0.9190824,0.41010433,2.7842224,-0.28945166,0.12624937,0.84989524,5.9807134,-1.7000058,-1.1162167,-2.173363,-3.888418,-1.3347495,-1.9347523,2.485856,1.8518229,1.3981103,0.3990613,1.413846,-0.8530868,-1.2532823
NH-6,1.114941,-0.51525587,1.329958,-1.3066527,-0.22733909,1.4325268,0.9918388,-0.17992544,3.217237,-0.3192648,3.5386536,-2.4760084,-0.17029409,0.7200643,0.7207298,-0.10568772,-2.5667882,-4.7717013,1.7548236,1.0545665,-0.32991874,0.74475265,1.483456,1.412903,0.9740605,0.15483963
PLC/PRF/5,-0.43814003,-0.6796098,0.06296017,1.0217171,0.14297368,0.113586985,0.0910718,-0.39059308,0.548145,0.2360635,0.7754994,-0.0958492,-0.5407694,-0.25517893,0.7152288,-0.41519964,0.13952799,0.12465416,0.40579006,0.11784184,0.0178871,-0.17655893,-0.31742853,-0.10341242,0.030638846,0.25695625
SNU-182,-1.1897917,0.13296655,-0.6244422,0.48537946,-0.0445162,-1.238729,-0.8547648,1.2623825,-0.62929666,1.0928551,-0.082758255,-1.164039,-0.9260481,0.60521036,0.22164002,0.37394807,1.1960075,-0.37183154,-0.16987064,0.052083492,0.36375266,-0.81423527,-0.7996717,-0.6608831,0.98258233,-0.19635753
LN-428,-1.2473748,0.0869103,-0.9514476,0.3083578,-0.15543984,-0.99089193,-0.4954608,0.90566415,-0.5407839,1.6484329,-0.242674,-1.0766919,-0.5929979,0.24678406,0.446734,-0.110394105,0.24232882,-0.38779473,-0.08377469,-0.49101806,0.27981004,-1.0301665,-0.5730397,-0.6131434,0.70521814,-0.6355591
TE-11,-0.9253571,-0.4176466,-0.3536228,1.0857785,0.20281234,-0.7785523,-0.4380594,0.94777447,-1.0653393,1.0262424,-1.0289761,-0.5677412,-0.12901312,0.3321116,0.04094504,0.5809685,1.2287282,0.84487915,0.32376337,0.34192312,-0.02111036,0.0039102584,-0.19265556,-0.34943968,0.63144267,1.0632838
KMS-34,1.8865346,2.19119,0.6307649,-2.543133,0.76159984,1.1169802,1.0796069,-0.023978472,1.2692904,-0.8332439,-0.26935634,1.5103524,3.2655497,-0.667658,-1.5209093,-2.121895,-2.382271,-1.2685041,-0.8233927,2.319524,0.7499449,1.2554823,0.21791716,0.171731,0.6153326,-0.45343152
UM-RC-2,-1.3613422,-0.8712983,-0.20167649,0.5047038,-0.7837044,-0.6610813,-0.23562065,0.5433329,0.03960877,1.0238609,0.4159987,-0.8160016,-1.243521,0.54804724,1.2119374,0.6488038,0.59521246,-0.016820177,-0.05310619,-0.5491255,0.4574616,-0.97631556,-0.9446806,0.08030816,-0.23537296,-0.025961868
Hs 742.T,-2.3007073,-0.6343168,-2.1142728,1.5108227,0.6031866,-3.1870732,-2.0112658,2.7970362,-3.0759406,3.654678,-0.24245554,-1.9149146,-1.6690266,1.2263525,-0.49762592,0.20620956,2.6546502,-0.45307052,-0.25040188,-0.26769504,0.2932746,-2.094012,-2.4687815,-2.1859965,2.6047332,-0.7267866
EJM,2.106375,1.9938238,0.34216738,-2.824249,0.7940847,1.2497545,1.291507,0.13258466,0.94195366,-0.77874094,-0.88260365,1.9658865,3.72168,-0.8246515,-2.0500236,-1.7428054,-1.670285,-0.17306362,-1.5782691,2.351094,1.4162626,1.1038661,-0.65360725,0.17661703,0.016979665,-0.69588315
NCI-H508,-1.5334995,-2.8273573,1.4975151,3.1418343,1.4842005,-0.112317115,0.5943282,-1.6664337,-0.8662952,0.39459777,-0.07181873,1.273161,-1.8003198,-0.0593507,1.2631954,-1.6669412,1.3429301,2.9931786,1.0726804,-0.17758559,-2.117832,0.33409488,-0.95926535,-2.175743,-0.27465087,2.1141891
RERF-LC-MS,-0.9461784,0.16476178,-0.5662157,0.4532777,0.32086298,-0.7428337,-0.5548019,0.41798416,-0.32538944,0.66830695,-0.23193933,-0.46188444,-0.46590102,-0.046242297,-0.07035969,-0.21983042,0.4784743,-0.28461418,-0.009466395,-0.15956455,-0.08287896,-0.5833512,-0.43002778,-0.6487118,0.5629376,-0.39022136
TYK-nu,0.090687126,0.5719757,-0.12546656,-0.2104504,0.09912435,0.29146227,0.06602663,-0.095591575,0.5737822,0.0086606,0.20231017,-0.3208996,0.111646704,0.14304909,0.077930555,-0.48267075,-0.23629546,-0.44458365,0.001228489,0.25010708,0.10395188,-0.4888416,-0.06502132,0.016594771,0.27629644,-0.344186
HCC33,1.0708884,-1.4381341,1.1821263,-2.148912,-1.9393868,3.0671058,2.2275229,-0.7279049,5.348789,0.46218708,5.3317223,-4.209238,0.49568284,0.95888424,2.5843303,0.78807384,-4.678026,-6.6437855,3.1073325,0.42918503,0.0049431026,1.4937836,2.3252091,3.965002,-0.8155836,-0.10372737
HuTu 80,0.4540979,0.036931086,0.5485568,-0.0040008165,-0.5428065,0.09670354,-0.14680487,-0.15381694,1.6282306,0.036370505,1.3921815,-0.45914412,-0.40338197,0.29077953,0.5906491,-0.733144,-0.564458,-1.315394,0.093014784,0.076176494,-0.46739042,-0.1650416,0.38105404,0.3135233,0.4353722,0.31469622
RL95-2,-0.74469614,-0.18112919,-0.09857229,0.6022736,0.12692845,-0.5833837,-0.06415082,0.8422395,-0.49878615,0.83188856,-0.56429654,-0.4545917,-0.38209206,0.25556558,0.009355608,0.42015052,0.7801255,0.9455777,0.19268504,0.37680483,0.011554122,0.16970378,-0.23997869,-0.13180904,0.37694037,1.1907296
EFM-19,-0.7020819,-0.80913305,-0.081503525,0.65816736,-0.4027792,0.16632326,0.7445885,-0.109426245,0.3639001,0.5543527,0.1771806,-0.6977927,-0.09571846,0.06466243,0.50746065,-0.07992144,-0.6272741,0.07682387,0.043576855,-0.40068388,-0.41137964,0.1432482,-4.9442053e-05,0.40308458,-0.41806537,0.7716812
KCI-MOH1,-1.0158508,-0.09557117,-0.031020343,1.1737978,0.6211392,-0.27834815,-0.12786806,0.5121984,-0.4135622,0.026070353,-0.36257467,-0.09772138,-0.20132178,0.108196124,0.034714326,0.25074375,0.75455666,0.84221613,0.09624779,0.47484225,-0.45730773,0.019102901,-0.5605626,-0.68585235,0.06323162,0.7354435
MOR/CPR,-0.84485227,-0.75426424,0.40823448,1.1860613,-0.12155807,-0.034223445,0.37596998,-0.45208156,0.27416065,0.3737721,0.04415872,-0.08662326,-0.33677644,0.050363064,0.3938905,-0.41727597,0.18499726,0.96941555,0.027122978,-0.2180779,-0.33237144,0.3245101,-0.10098292,-0.47558185,0.074465685,0.6821771
HEC-265,-0.8747536,-0.0142617375,-0.26731986,0.74091554,-0.3508479,-0.29504392,0.38287264,-0.059532173,-0.5316238,0.48944172,-0.63458836,-0.30073756,-0.46930254,0.18818983,0.3245509,0.52493054,-0.027039178,0.8097912,0.21960258,0.11741404,-0.65580475,-0.15351395,-0.08666599,-0.044579007,0.60393643,0.63129175
NCI-H1436,0.91834223,-2.0626032,1.3202786,-1.2631629,-1.7830762,2.4688716,2.0603802,-0.69210607,4.625824,0.40400738,4.504204,-3.6781368,-0.13296583,0.74181,2.3479755,1.1149684,-3.7678955,-5.8371925,2.8061962,0.03787279,0.026146531,1.2636417,1.738001,3.4058728,-0.72560334,0.06278181
NCI-H1734,-0.7203469,-0.14511272,-0.35298923,0.4870287,0.34007412,-0.3823453,-0.159399,-0.015079049,-0.111991405,0.24302752,-0.38225234,-0.28857324,-0.43182445,0.17997822,0.18499774,0.18178104,0.4097818,0.2579865,-0.000242576,-0.12436028,-0.56547785,0.034721144,-0.28757852,-0.32363006,0.3587551,0.042760476
WM88,-0.3788061,0.52547467,-0.06653274,-0.20227496,0.04929632,0.16338894,0.15434943,0.17197224,0.22128399,0.30713642,-0.05471368,-0.5533717,-0.14167926,0.48259643,0.26541007,-0.2525936,-0.22558734,-0.048678845,-0.06340291,-0.39027947,-0.0631372,-0.5842532,-0.18022668,-0.18369557,0.10894559,-0.054042578
SW1710,-1.7344322,-0.20862308,-1.038756,0.32703343,-0.56434965,-1.0770745,-0.5706529,1.5323781,-1.0043241,1.6658616,-0.33988127,-0.93374664,-1.0181837,0.15258275,0.4334315,0.5969448,1.0536731,-0.008732259,-0.31999984,-0.27669,0.34431088,-1.1625555,-1.05157,-0.61738884,0.83525217,-0.38261592
NCI-H889,1.4031144,-1.8376013,1.4354789,-1.1981459,-1.3322526,2.7794356,2.1509051,-0.6284873,4.8064084,0.2101357,4.8462996,-3.2952223,0.19147871,0.69456244,2.1620505,0.74588376,-3.6991272,-6.1509247,2.82284,0.3580141,-0.16216573,1.4042628,2.152011,3.133716,-0.6385776,0.013335764
NCI-H1341,0.76035476,-0.45750582,1.0288321,-0.3478066,-0.3177861,0.6192037,0.71193624,-0.29983315,1.4964378,0.044204008,1.326702,-1.2316111,-0.6746419,0.48132336,1.2579381,-0.26345912,-1.2497036,-1.8186214,0.99061763,0.43999773,0.2704932,-0.13238177,0.85587907,0.6606347,0.12262386,0.2244461
SCaBER,-1.1540639,-0.30127734,-0.6885974,0.6955193,0.39786878,-0.87032527,-0.69301945,1.4973338,-1.3446484,1.3540664,-1.3208733,-0.4652589,-0.39564836,0.24034023,-0.14713112,0.64092124,1.46464,0.55164176,0.1458844,0.3526206,-0.0453517,-0.168122,-0.49944627,-0.51004297,1.1218958,0.62227637
SW900,-1.0608083,0.111619346,-0.6891806,0.94174457,0.16668642,-0.5477799,-0.38113004,0.3334885,-0.6027236,0.51623386,-0.7819866,-0.52856755,-0.13155457,0.08233324,-0.17351222,0.29011786,0.55773115,0.5804793,-0.20450574,0.25897977,-0.5651431,-0.39037922,-0.56371903,-0.4907319,0.5567274,0.09018503
UM-UC-1,-1.7605703,-0.4546355,-0.98557806,1.4152677,0.1935196,-1.1959658,-0.70305413,1.6867127,-1.5746392,1.6256181,-1.1784586,-0.5378875,-0.36785012,0.5534664,-0.51725256,0.4791857,1.4654974,1.0593182,0.27037874,0.68894565,-0.67375195,-0.032440506,-0.6071037,-1.003616,1.2534688,0.98772657
RCC4,-2.755055,-0.92964673,-1.6725005,0.9921874,-1.0448809,-1.8097454,-0.7427968,1.8168516,-1.2495689,2.8252432,-0.26311582,-1.6764598,-1.7030561,0.8893408,0.8890598,1.0201072,1.3273115,-0.037090987,-0.084792465,-0.8284246,0.43131903,-1.3858118,-1.6229672,-0.56625813,0.7800236,-0.46363375
COV318,-0.26357174,0.18463641,-0.17110753,-0.23225835,-0.29780674,-0.14554666,-0.034775414,0.28751746,0.4753387,0.21661413,0.45645994,-0.5401021,-0.24441808,0.4031051,0.040110998,0.37182966,-0.17276868,-1.0885073,0.11912968,0.3082916,-0.0066701025,-0.08639612,0.1940188,0.1470682,0.40671778,0.2760176
NCI-H2052,-1.2969253,0.36960834,-1.1916248,0.5265858,0.20553875,-0.83042365,-0.6450623,1.4318193,-1.2041016,1.4323573,-0.31665748,-0.99044746,-0.7208338,0.24832843,-0.10587663,0.052602183,1.1646812,-0.58169353,-0.30498618,-0.19818142,0.17538372,-0.9534272,-0.80204296,-0.84248024,0.9634458,-0.40261757
MDST8,-0.82521284,0.6087666,-0.80094683,0.2867449,0.4119462,-0.38441062,-0.2054031,0.8537573,-0.36202174,0.7541591,-0.097384155,-0.8659584,-0.643511,0.16976841,-0.045444068,-0.3160798,0.054649204,-0.78051144,-0.10493526,0.027859267,-0.056324445,-0.9163047,-0.57132024,-0.79986525,0.7438922,-0.4483322
CAL-85-1,-1.4984674,-0.17086065,-0.50273323,0.9418882,0.17608398,-0.6141554,-0.34053987,1.1688992,-0.9316047,0.85643685,-1.1633993,-0.59210306,-0.38602033,0.32915583,-0.11316606,0.89511317,1.3982449,0.8376154,-0.0050108433,0.18369249,-0.40166163,0.016481012,-0.91775495,-0.319023,0.6244945,0.8351865
HCC38,-0.9440586,-0.14285967,-0.35491186,0.6867207,-0.02447632,-0.3526035,0.0073462725,0.6242089,-0.41571072,0.5665059,-0.57857525,-0.9227618,-0.5074129,0.34866995,0.18066555,0.833321,0.71690387,0.17211722,0.021054856,0.017373465,-0.07486831,-0.02963375,-0.6454999,-0.17942676,0.60468227,0.39190537
PE/CA-PJ41 (clone D2),-1.6326,-0.5122316,-1.0933592,0.8254197,-0.08342553,-1.4094701,-0.83064425,1.4054906,-1.6983384,1.8080038,-1.5417966,-0.7420027,-0.7359914,0.3760712,-0.30515078,0.74488914,1.6466777,0.8561016,0.07968947,0.25101516,-0.009296007,-0.3599445,-0.6996673,-0.73617977,1.4542432,0.55631614
SNU-520,-1.6891239,-3.0076637,1.6308495,3.2086623,1.4072074,0.26603952,0.83987045,-1.7857561,-0.42508414,0.34312388,0.14274697,1.5185921,-1.7418851,0.046455644,1.6883509,-1.0505317,1.0158483,3.0261054,0.62457114,-0.28819007,-1.9115885,0.33893055,-1.3366263,-1.6222701,-0.33989227,1.629307
OVKATE,-0.8211634,-0.06464554,-0.2923486,0.9465313,-0.5914748,-0.8272221,0.2542178,0.70311546,-0.28510642,0.41634136,-0.39649194,-0.49629095,-0.77111095,0.6362687,0.23482458,0.96819746,0.63235044,-0.062331352,0.033279277,0.3315698,-0.36784458,-0.12662,-0.22081026,-0.23885268,0.5606798,0.87716055
SW837,-0.9980338,-0.84856975,0.30922255,1.557421,0.2378626,-0.0865553,0.33227667,-0.6308477,-0.08908823,0.0613934,-0.5363182,0.27932942,-0.48435113,-0.027909681,0.49591205,-0.02139375,0.49625877,1.3762484,0.2526268,-0.07597058,-0.7280855,0.17754565,-0.6234476,-0.5655674,-0.014991724,0.88834167
769-P,-1.3508292,0.12808394,-0.4858722,0.23402861,-0.4845367,-0.32371145,-0.22309798,1.1793557,-0.5098034,0.5835491,-0.3596674,-0.3067204,-0.8544301,0.3006258,0.5522902,0.69818527,1.1934421,0.14237767,-0.21808007,-0.19277397,0.4937973,-0.66583496,-0.77860653,-0.04369757,0.3527772,0.027293146
BICR 18,-0.7672234,-0.69629157,-0.016928986,0.8669447,0.0923038,-0.607345,-0.2104717,0.3920507,-0.83993703,0.7725351,-0.53952134,-0.1554805,-0.13599217,0.45820186,0.071745306,0.24665387,0.5016661,0.626999,0.3173662,0.39824757,-0.10982023,0.023692526,-0.088147484,-0.34323564,0.29098284,0.79444176
HCC1806,-1.1145889,-0.63976204,-0.5236337,1.0514326,0.041661,-0.8475412,-0.48481637,1.1002648,-1.2961439,1.4527082,-0.81632286,-0.3402273,-0.27194634,0.7942393,-0.3522174,0.6381697,1.1411719,0.6554016,0.119630754,0.559724,-0.3907547,-0.024477085,-0.5069212,-0.4783835,0.6107233,0.7812022
LNCaP clone FGC,-0.1501229,-1.3175105,0.9366394,0.716766,-0.6853577,0.5160955,1.0345178,-0.6742966,1.3661585,0.53535956,1.290314,-0.6082635,-0.96034884,0.1589285,1.5510868,0.3674368,-0.43953788,-0.2660159,0.24920848,-0.41736266,-0.13203225,0.55265373,0.011930436,0.70026076,-0.86047214,0.6234336
TUHR14TKB,-2.1082711,-0.4999153,-1.3030328,0.70396113,-0.9184135,-1.5187519,-0.5438177,1.8421464,-1.0030779,2.0837631,-0.3896574,-1.0546316,-1.4045639,0.51695985,0.58553195,0.962541,1.6795261,0.028359756,-0.19531083,-0.28470662,0.5733728,-1.169853,-1.3138157,-0.4848744,0.82065105,-0.1902839
SW1353,-1.2931912,0.35215455,-1.4891196,0.69106305,0.26727164,-1.4728951,-0.9235805,1.7648795,-1.3840833,1.9560412,-0.4162253,-1.2489735,-0.76699865,0.5426453,-0.18444711,0.25711808,1.3266189,-0.8218792,-0.33066267,-0.08715035,0.0799517,-1.2144824,-1.1104839,-1.177241,1.7254748,-0.43331853
CHP-126,1.5179513,-0.71621656,1.5691665,-2.2560182,-0.6606072,2.142065,1.7509906,-0.4277196,4.9898996,-0.5473828,4.9942765,-3.0735977,0.1583945,0.7408418,1.1503341,-0.29173276,-3.5600157,-6.265148,2.8726268,1.3285576,-0.31994918,1.2410473,2.1633122,2.6481583,0.39486688,0.3283034
COR-L279,0.70328903,-2.1529982,0.9242673,-0.99758357,-1.7567186,2.9627814,2.129496,-0.6077734,4.8531914,0.53668916,4.710516,-3.8649259,-0.1584636,1.2070189,2.8952222,1.5520096,-3.8250961,-6.1338077,2.9651875,-0.037894532,-0.18212748,1.1807796,2.1681054,3.261519,-0.5909568,0.3582606
GI-1,-0.4127829,0.4688491,-0.23390828,0.31457132,0.363793,-0.37468016,-0.35598087,0.30803218,-0.4322523,0.57039,0.42544857,-0.769613,-0.49204248,0.19335136,0.024638535,-0.27507615,0.053415876,-1.1458477,-0.18154402,-0.043886922,0.08346188,-0.81557596,-0.25353134,-0.7131436,0.85164,-0.54722494
HCC15,-0.8454686,0.113753036,-0.2332773,0.6042985,0.15387316,-0.17355865,0.112080485,0.10216774,-0.0541814,0.13123593,-0.29364932,-0.29100204,-0.17804137,-0.0028298497,-0.09699405,0.04533154,0.29192322,0.52489334,-0.08100945,0.11375687,-0.1611723,-0.050061613,-0.29436767,-0.1970489,0.20668463,-0.079927094
EoL-1,3.523279,3.3084443,0.19984375,-3.940018,0.14077511,0.9871724,0.49821624,-0.43084112,2.22648,-1.4296789,0.12399708,2.1416912,6.1571245,-2.2037778,-1.5928371,-3.8084729,-2.6798716,0.608603,-2.5519526,1.9166627,2.4739335,0.9814651,-0.20130122,0.71742773,-1.1304678,-1.2250459
BT-549,-0.62303835,0.35999918,-0.426892,0.32523072,0.19743131,-0.6385051,-0.4593201,0.5510169,-0.4589616,0.7772663,-0.022750586,-0.7448704,-0.71020436,0.18065226,0.06866189,-0.027666777,0.39894795,-0.64033914,-0.08861924,-0.40785226,0.15080605,-0.68594474,-0.43758565,-0.6067818,0.67603266,-0.4828761
SK-MEL-5,-0.5189266,0.56309795,-0.22246882,-0.27639067,-0.13823712,-0.018545106,0.47070456,0.1395177,0.5445183,0.36812907,-0.04112433,-0.63329417,-0.3649618,0.7891973,0.5970471,-0.43291128,-0.54787886,-0.082547985,0.02900803,-0.51713365,-0.021647759,-0.46326587,-0.16482535,-0.35876057,0.092854775,-0.004155554
COR-L47,1.0506696,-2.1951451,1.4947731,-1.3587832,-1.9442542,2.9787087,2.607765,-0.75254154,5.1164594,0.5291474,4.9720383,-3.743366,0.15725183,0.78093594,2.770444,1.2519602,-3.8988714,-6.4130793,2.9231696,-0.23327585,0.16305676,1.3085054,2.042074,3.7183957,-1.0796572,0.015343547
HSC-3,-0.9572288,0.02489502,-0.59011126,0.4448961,0.18292694,-0.46674222,-0.5211115,0.84233683,-0.9439092,0.8262611,-1.170232,-0.50045824,-0.19984649,0.087374836,-0.2384067,0.6314634,0.8971875,0.46993604,0.042630747,0.5523297,0.059370145,-0.24242207,-0.43451983,-0.21860243,0.8307979,0.15983523
OCI-M1,2.0754352,2.140168,0.039012756,-2.3645382,-0.73522276,0.3359635,0.62260187,0.004308678,1.9302669,-0.3973376,0.44279808,0.83299387,4.155133,-1.5747676,-0.5510353,-2.7684743,-1.8503416,-0.09336424,-1.570461,0.7377224,2.0181525,0.20686695,0.38290617,0.3144322,-0.5404996,-0.7952886
L-540,2.2229776,2.587758,0.51120555,-2.6670573,1.0515753,1.8772074,0.12112433,-0.15704507,1.0786407,0.29248902,-0.61397374,1.8054659,3.734282,-1.1002096,-1.6727307,-2.0483563,-2.2906015,0.26809162,-2.0858247,2.2711787,1.2905507,0.3492904,-1.1411579,0.93816143,-0.106131315,-0.837439
JL-1,-2.1296487,-0.26444364,-1.57211,0.9647368,-0.35526872,-1.9780093,-1.3035294,1.859982,-1.4298878,2.5704544,-0.40331346,-1.1643479,-1.3457699,0.6620996,0.023060277,-0.022608466,1.6067845,-0.28785217,-0.4601288,-0.69365203,-0.08967166,-1.4172579,-1.4769666,-1.255739,1.3639095,-0.69021726
SLR23,-2.1507726,-0.29307085,-1.2305084,0.48223358,-0.7436938,-1.1761696,-0.5206336,1.4998461,-0.9490635,1.9457194,-0.50465727,-1.1370947,-1.1478224,0.6150072,0.6249669,0.51748306,1.2577213,-0.090509996,-0.085368305,-0.46877962,0.5316302,-1.2221491,-1.1999741,-0.43110517,0.8505757,-0.3695746
UOK101,-1.9266145,-0.30042568,-1.2773927,0.58197254,-0.5722349,-1.2428825,-0.6368269,1.4566851,-0.88654685,2.0141268,-0.3634464,-1.1732752,-1.0129521,0.5233713,0.78461564,0.3886696,0.9128312,-0.21408294,0.032461196,-0.8245797,0.42423496,-1.2207648,-1.1758752,-0.5593312,0.93760026,-0.43148267
BEN,-0.6765432,-2.6845496,0.81454396,0.5128391,-1.0989665,1.0628285,1.9354861,-0.79659224,1.9290394,0.53908736,2.678588,-1.6206298,-1.3287547,0.8128822,2.2181327,0.7322293,-1.0528028,-1.892876,1.5782855,-0.8572427,-0.75983596,0.92578644,0.4090551,1.0908617,-0.7320887,0.6029674
Mono-Mac-6,3.186074,2.6646547,0.08650123,-3.4432182,0.062116593,0.616359,0.42594826,-0.61075646,1.8879066,-1.5377924,0.2698756,1.5529027,5.1345253,-2.1211383,-1.1038126,-3.7816358,-1.9932666,0.7027267,-1.7782191,1.1176436,2.0423062,0.8613993,0.031591848,0.53105956,-0.77198184,-1.1719058
Hs 294T,-0.4469559,0.56873286,-0.4082144,-0.021479279,0.50043,-0.25500435,-0.08133093,0.73208106,-0.27850425,0.90673745,-0.2186189,-0.6142208,-0.32004142,0.2993009,0.16292925,-0.18956219,0.25606403,-0.49831522,-0.041212782,-0.3445596,0.06232565,-1.0028119,-0.5021592,-0.55821943,0.44708222,-0.3097076
TCC-PAN2,-1.5928222,-0.58041173,-0.53323907,1.7233768,0.807394,-0.9471233,-0.07429567,0.086211324,-0.4318906,0.40110707,-0.32409063,0.22297828,-0.58592474,-0.057627007,0.25444287,-0.5101556,0.92619896,1.1413846,0.1598779,0.24809437,-0.9284138,-0.4807287,-0.6025393,-1.4321413,0.61018944,0.4256681
Li-7,-1.2819858,-0.8918135,-0.17831364,1.2674226,-0.25270343,-0.56117,-0.24655814,-0.044030845,0.1111509,0.42033553,0.40260226,-0.4328072,-0.9564822,0.08336877,1.1019052,-0.014721967,0.68484175,0.4458096,0.03350737,-0.39879555,-0.27281392,-0.49973634,-0.7426189,-0.3307423,-0.04577525,-0.005478807
Peer,2.7363434,2.5412488,0.49744594,-3.6246781,0.75028753,1.7098593,0.5498758,-0.20129478,2.389368,-0.2801153,0.56510866,1.5479599,5.0599732,-1.4785154,-1.2364373,-3.2247293,-3.2148442,-1.1723597,-1.2290295,2.4646342,1.5670736,0.82877135,0.6031816,1.1845853,-0.40173745,-1.3398257
HCC1419,-1.1602197,-1.0360547,-0.16638525,1.7094146,-0.4838132,-0.15978262,0.8484224,-0.053035922,0.1001986,0.76269424,-0.11832991,-0.91884714,-0.61059594,0.02365385,0.8152326,0.2560693,0.1456478,0.98243463,-0.18404455,-0.89562,-0.77797246,0.06918591,-0.4239045,0.0072785076,-0.6688834,0.9386946
LN-18,-0.46521497,0.689198,-0.15345499,0.019038118,0.44735998,-0.1794045,-0.19568856,0.4042301,-0.21889687,0.44354355,-0.054873377,-0.4670782,-0.3201803,-0.06833312,0.10080432,-0.13635908,0.3198708,-0.55737233,-0.14365415,0.11696398,0.18249212,-0.47354552,-0.4105381,-0.34631515,0.65390325,-0.42252266
NCI-H2126,-1.8348548,-0.78323716,-0.40871838,1.811959,-0.21346413,-0.6173136,-0.055424772,0.822432,-1.1216854,0.9333117,-0.707973,-0.7858365,-0.4803306,0.41703948,-0.24837612,0.62013024,1.4307694,1.7908758,-0.09341174,-0.09352692,-0.3921617,0.19277045,-0.90264356,-0.40233722,0.10307307,0.82405794
COLO 818,-0.8609048,0.5459075,-0.5489032,0.09861313,0.38865474,-0.17143667,-0.050845966,0.58358216,-0.29389155,0.9156282,-0.11468458,-0.7820198,-0.36949405,0.39084256,0.14946486,-0.32261777,-0.018920155,-0.3285404,0.028954245,-0.6266575,-0.094765685,-1.0722681,-0.47907928,-0.51116014,0.3086483,-0.35388926
PK-1,-1.1959373,-0.11161032,-0.39019582,1.1641138,0.4066078,-0.5535928,-0.44877982,0.89279234,-1.0609179,0.6290323,-0.99415773,-0.39472902,-0.15013863,0.26041153,-0.34612152,0.41024542,1.2443757,0.9156235,0.26772234,0.60280997,-0.36395684,0.3031105,-0.6043734,-0.44472292,0.6605551,0.9921105
PSN1,-0.79248506,0.028986668,-0.30433086,0.42065886,-0.025426224,-0.067834735,-0.088708065,-0.0023826472,0.10776491,0.4017685,-0.21256047,-0.30565524,-0.25898024,-0.022102252,0.12320747,-0.33261785,0.42163575,0.29429,0.08932314,0.08293303,-0.27312505,-0.2897289,-0.26257572,-0.27353284,0.2808551,-0.21659365
SU-DHL-10,3.8780537,3.4691331,0.9957291,-5.3162045,1.7737391,2.7333217,1.5070858,0.4850259,1.8574674,-0.73890233,-0.52281594,2.7193549,5.752347,-1.5259113,-2.5826173,-3.2636232,-3.6688142,-1.3516915,-1.4676406,3.881699,1.5209836,1.9527246,-0.09827025,1.0382504,0.35495108,-1.3861129
Hs 600.T,-2.7180858,-0.87513685,-2.4254665,1.7959685,0.7136656,-3.810574,-2.3735108,2.807514,-3.2611187,4.053406,-0.49597153,-2.2336519,-1.7160227,1.3182124,-0.54469365,0.14122818,2.902654,-0.2953894,-0.21277004,-0.53696525,0.20216998,-2.0812652,-2.7768815,-2.4915104,2.7294173,-0.746729
HuP-T4,-1.2651845,-0.16519263,-0.17368677,1.8176637,0.18258283,-0.23030148,-0.016116686,0.51418275,-0.976415,0.26233807,-0.96650195,0.0010171235,-0.13431825,0.26756296,-0.05013776,0.5268379,0.9658902,1.447202,0.16721474,0.5865064,-1.0362741,0.51122606,-0.7474874,-0.6379277,0.26056206,1.0757165
KMRC-1,-1.4574975,0.438955,-0.76251775,0.1747865,0.0060818046,-0.57864356,-0.42776567,1.2478391,-0.81166553,0.832184,-0.54605234,-0.5931529,-0.59252644,0.17485031,-0.08185536,0.29982617,1.1184335,-0.34402075,-0.36797053,0.15980455,0.39912742,-0.7290597,-0.75864345,-0.5584873,1.1186442,-0.25684413
NCI-H1755,-0.5301657,-0.08545484,-0.3424617,0.4167189,0.044715874,-0.35055223,-0.33203176,0.36021674,-0.18851334,0.4540406,0.120983124,-0.79270214,-0.31044763,-0.049081005,0.124123834,0.18536001,0.33218354,-0.3889113,-0.032416027,-0.26552516,0.03263551,-0.42148438,-0.49946147,-0.16797084,0.24540249,-0.36186862
Kasumi-6,3.3207326,3.1192198,-0.015613064,-3.9093733,-0.14922184,0.53261596,0.60817325,-0.19426438,2.2636409,-0.9625829,0.28132302,1.5850472,6.176379,-2.2455611,-1.3600545,-4.033986,-2.2032065,0.5068928,-2.4714794,1.6098366,2.2736573,0.83231163,0.24129218,0.7572653,-0.94362456,-1.2028036
PaTu 8988t,-0.43102172,0.341287,-0.1275101,0.011450227,-0.13384973,-0.06709201,0.03306911,0.10236365,0.16274269,0.1377531,-0.06480974,-0.40901268,-0.18616492,0.057300154,0.063740715,-0.08113687,0.03669509,-0.03775695,-0.016144939,0.07811828,-0.0016641486,-0.2684786,-0.30132675,0.047249746,0.3091415,-0.1516665
CAL-29,-1.4548806,-0.2845925,-0.81489444,1.2239052,0.21800669,-0.892695,-0.5798001,1.1571879,-1.5359073,1.2506981,-1.5898473,-0.7182215,-0.2721111,0.37342307,-0.2965503,0.5869045,1.3520409,1.169877,0.27280393,0.3788306,-0.4086696,-0.17429657,-0.48491737,-0.7033966,1.0757058,0.7425088
D283 Med,0.6471201,-0.23163365,0.5360602,-0.86322546,-0.9400993,0.9827523,0.98650527,-0.44842127,2.478806,0.2181506,2.2705898,-1.6846099,0.21113703,0.27144414,1.1373075,-0.5691503,-1.8680375,-3.1838336,1.3790812,0.1933253,0.16142504,0.5703419,1.2330519,1.5574654,-0.30029517,-0.034601644
NUGC-2,-1.8136792,-0.26407748,-1.2186383,1.3864744,0.039474994,-1.303714,-0.75254595,1.720922,-1.5675375,1.8357171,-1.3255956,-0.7826032,-0.5348853,0.5394368,-0.26441365,0.4238386,1.52647,1.0695839,0.40328667,0.2199808,-0.42263097,-0.23324332,-1.0298172,-0.7488129,1.1748115,0.94973207
OV-90,-1.1554408,-1.0917449,0.15679297,1.5234796,0.10577377,-0.31076476,0.1513767,-0.71436775,0.10723704,0.25413814,0.3223446,-0.083651826,-0.83047366,-0.10704601,0.6311044,-0.34313387,0.4629639,0.89897704,0.37334478,-0.16225684,-0.4422732,-0.09421017,-0.777675,-0.24703096,0.06840155,0.20947216
COLO 783,-0.46764284,0.20861262,-0.29163402,-0.12375025,0.052646905,-0.026468493,0.24748081,0.5759964,0.33593076,0.5141883,0.1494696,-0.8694049,-0.26495004,0.4268425,0.28980264,-0.3916942,-0.16857544,-0.33648372,0.12868461,-0.43450475,0.04635191,-0.6189155,-0.22284618,-0.32979414,0.12694994,-0.06266146
AML-193,3.3195863,3.243091,0.2763823,-3.8326755,-0.22964127,0.5029011,0.47167563,-0.28362018,2.2449427,-1.0524826,0.23660786,1.6037838,5.7836065,-2.071774,-1.3355149,-4.1921053,-2.359364,0.6164068,-2.3226388,1.3940995,2.3590271,0.5850798,0.09953414,0.6815053,-1.1685957,-1.1320804
IOMM-Lee,-0.5276881,0.5184909,-0.0670671,-0.025901277,0.110089414,0.0020832345,0.11990054,-0.015787639,0.10744492,0.39606303,0.11429245,-0.6043226,-0.19476905,0.1353214,0.20735483,-0.21802461,-0.27710027,-0.6649489,0.040917885,-0.1343208,-0.12334242,-0.60762113,-0.018216297,0.0037713964,0.45497268,-0.4732412
TM-31,-0.61608714,0.3374537,-0.72145385,0.34514117,-0.34237576,-0.7574147,-0.5409161,0.5547776,-0.18397802,0.9825047,0.012632713,-1.0679834,-0.967203,0.59882474,0.4392336,0.0684045,0.14663294,-0.7745747,-0.19822729,-0.27276853,0.16959472,-1.1073058,-0.5842982,-0.5711168,0.6386067,-0.39795494
WM266-4,-0.38431993,0.9348918,-0.47652444,-0.19946541,0.32973427,0.2214562,0.19913785,0.6992632,0.48233318,0.38530743,-0.1403518,-0.8560942,-0.17041856,0.47556448,0.17612246,-0.53523153,-0.24496314,-0.46637642,-0.25714058,-0.6666905,-0.23420069,-0.7254831,-0.043949984,-0.36861575,0.32206422,-0.14828621
MFE-280,0.14414153,-0.60161555,0.5467386,0.15023002,-0.40975553,0.012111714,0.66122156,-0.32938826,1.4450352,0.05715873,1.2113504,-0.76210964,-0.7777469,0.08861003,0.85495,-0.24339941,-0.8521771,-1.2748617,0.55461854,0.24199726,-0.15089229,0.31811324,0.61835945,0.4454344,-0.03302513,0.63308024
LK-2,0.31205875,-0.92977643,1.0184976,-0.37042752,-0.46591738,1.1462362,1.2926786,-0.62976223,2.0642934,-0.18855304,1.7009705,-1.080105,-0.20948145,0.1423819,1.4259218,0.33547392,-1.1508015,-1.8787203,1.3487422,-0.02781114,-0.1861917,0.56355095,0.6335962,1.564971,-0.37315834,0.36535913
Hep-G2/C3A,-1.4296626,-1.2582031,0.018851545,1.094896,0.02652365,1.1319925,0.73305506,-0.91395533,1.024965,0.2966563,1.082442,0.12071912,-0.39972904,-0.74636984,1.7899361,-0.56148916,-0.114736825,0.48892343,0.9473635,0.06367315,-0.08459635,0.28041363,-0.7701048,0.34681174,0.05632747,0.088071406
SK-N-AS,0.14657438,0.263217,0.18296638,-0.31222516,0.20968784,-0.063832454,0.0054469313,0.09377445,0.34238487,0.16968141,1.1520597,-0.9822637,-0.46583354,0.37643403,0.1106851,-0.3582576,-0.33669326,-1.7191118,0.27028552,0.173843,0.036639452,-0.2832089,0.07228557,-0.07989855,0.61648244,-0.24303345
EC-GI-10,-1.45233,-0.89221334,-0.5770516,1.4570383,0.029773727,-1.1162457,-0.88934803,1.2525047,-1.4899865,1.3540765,-1.3213573,-0.4656233,-0.5418112,0.30504647,-0.26672292,0.42394185,1.636403,1.0945668,0.02774769,0.31821516,-0.12854917,0.118353546,-0.53922105,-0.78670007,0.76332235,0.39345345
JHH-6,-1.0807496,0.019085549,-0.67324317,0.32624632,-0.30659688,-0.45728818,-0.5251936,0.5223417,-0.57665914,1.0263367,-0.29911283,-0.7821288,-0.56065315,0.22038363,0.23771693,-0.0112606175,0.49257475,-0.25394753,-0.18511131,-0.4554531,-0.047506012,-0.712029,-0.5424212,-0.5722173,0.64681304,-0.44311026
KNS-62,-1.2231234,-0.7661095,-0.6346061,1.5062177,0.1894369,-0.9949626,-0.78226554,0.4517134,-0.9576131,1.1056924,-0.8988348,-0.42059073,-0.0340935,0.5444719,-0.2750542,-0.08110527,0.53370273,0.7988952,0.46692735,0.4737124,-0.6595219,0.024340019,-0.14739686,-0.97587085,0.9454757,0.7156239
HCC1937,-1.0587327,-0.12825155,-0.3517999,1.0328163,0.3571277,-0.24405612,-0.041371405,0.7544502,-0.93282235,0.4993586,-0.9149709,-0.23313414,-0.07822301,0.11564167,-0.19781941,0.6761438,1.056235,0.9348371,0.046807438,0.41304615,-0.4806315,0.2707839,-0.46216124,-0.13444611,0.39593378,0.6555903
NCI-H2291,-1.1205224,0.16427386,-0.37534156,1.1420661,0.20823573,-0.21869466,-0.08058761,0.25070432,-0.634353,0.16041593,-1.1580725,-0.39294958,-0.12834606,-0.063451186,-0.15086482,0.5466398,0.93765706,1.1466478,-0.000519529,0.3205922,-0.39979687,0.007689394,-0.6592032,-0.4500873,0.5637431,0.43264768
NCI-H23,-0.12155606,0.20491874,0.21070498,-0.05470781,-0.04392654,0.032790013,0.12898187,-0.10732657,0.65408975,0.14854792,0.30132017,-0.42684552,-0.13684759,0.145697,0.09185922,-0.38259813,-0.1652844,-0.32444677,0.06631613,0.23890036,-0.14139155,-0.32729268,-0.09916236,0.30779558,0.31111234,-0.10140602
OCI-AML-5,3.0780735,2.975586,0.14594606,-3.4263668,-0.07711765,0.44425902,0.5416165,-0.36538726,2.0730972,-1.5655884,0.3927005,1.5921661,5.6478615,-1.9591419,-1.1087531,-4.16415,-2.2346835,0.736925,-2.2476623,1.3748862,2.0692205,0.78242046,0.16368312,0.6191698,-0.80579996,-1.2652425
KALS-1,-0.77082604,0.79245067,-0.44666225,0.10981332,0.35250846,-0.52050453,-0.557197,0.8314339,-0.6300634,0.7860254,-0.19360813,-0.96162033,-0.5579232,0.38314158,0.067771636,0.23055851,0.5483885,-0.7947314,-0.31400687,-0.2490788,0.27465206,-0.93458235,-0.62001073,-0.7378792,1.1043334,-0.44892997
Hs 746.T,-0.85765123,0.52263343,-0.602636,0.09244481,0.5058039,-0.109613985,-0.19733062,0.58627605,-0.48972195,0.51737785,-0.45825595,-0.66591305,-0.22121172,-0.15240107,-0.023195911,-0.10151976,0.34822354,-0.47148132,-0.27190685,0.16606942,-0.009212028,-0.5875953,-0.6975018,-0.85672843,0.6371558,-0.51275814
KU-19-19,-0.8352197,0.14261469,-0.5559648,0.7476594,-0.16434878,-0.4137442,-0.2844727,0.6083187,-0.6344306,0.7845939,-0.9077018,-0.5737312,-0.25287434,0.5260236,-0.04360753,0.6622117,0.94626707,0.24647468,0.048396293,0.2553677,-0.070320174,-0.13347392,-0.5130389,-0.17681804,0.790745,0.322687
NCI-H146,0.89160997,-1.9883777,1.3958712,-1.355645,-1.4428359,2.8494263,2.2401488,-0.67273486,4.661852,0.33558097,4.5971804,-3.205831,0.22991577,0.6581806,2.3370154,0.87652,-3.8094718,-6.060304,2.547302,-0.056358933,-0.20142558,1.2194264,1.8432872,3.4510684,-0.6372367,0.12356371
SK-MEL-3,-0.1914992,0.38184506,-0.11421359,-0.3068981,0.25336546,0.10144292,0.36261928,0.19628274,0.6867974,0.26724732,0.16806954,-0.56485415,-0.33813053,0.59074736,0.35865062,-0.4983093,-0.28238156,-0.18903501,-0.042555474,-0.020956077,-0.15581393,-0.50980437,-0.23170874,-0.41011512,0.044602793,0.2708296
T1-73,-2.4958074,-0.8621036,-2.1481442,1.6192256,0.7115924,-3.5974047,-2.2626612,2.717466,-3.080913,3.948252,-0.439933,-1.9941,-1.6586423,1.4123101,-0.54719734,0.09744024,2.6897793,-0.33421698,-0.19106784,-0.4949222,0.1982502,-1.994156,-2.655321,-2.484304,2.6761494,-0.66605234
SJSA-1,-0.93994355,0.7753633,-0.7946835,0.42670727,0.6910817,-1.0036128,-0.68685967,1.1214423,-1.2437618,1.2113185,-0.25776166,-0.9837576,-0.5279131,0.5604484,-0.031217828,0.056491114,0.78144705,-0.7999927,-0.37333354,-0.22837144,0.17541242,-1.1262563,-1.0489357,-1.1173874,1.2305579,-0.37682343
HT-144,-0.5185379,0.7927747,-0.2776643,-0.043077156,0.39285666,-0.10143086,0.050703622,0.64938986,0.05421994,0.6031771,-0.3321122,-0.6172746,-0.3305709,0.27440703,0.10055115,-0.32263422,0.13256568,-0.285412,-0.07285699,-0.4414016,0.037075017,-0.8120777,-0.4465417,-0.4623434,0.29803932,-0.2484645
YD-15,-0.8367506,0.024986938,-0.39669052,0.5748842,0.1996892,-0.28113317,-0.31311235,0.6867975,-0.55838084,0.7333831,-0.8723246,-0.45568633,-0.053910293,0.2214669,-0.116928875,0.5878185,0.74264145,0.6690469,0.2495049,0.54162073,0.14277239,-0.071719006,-0.47954583,-0.04618167,0.5696173,0.4742532
ESS-1,-1.0745176,0.79192436,-0.5426052,0.11173873,0.3484752,-0.57935524,-0.5263202,0.62095225,-0.67193544,0.7210946,-0.58962166,-0.5818874,-0.590403,0.15762222,-0.30108806,0.2973009,0.6351503,-0.413387,-0.25931042,0.00028083473,0.1140429,-0.4879678,-0.7147826,-0.3898825,1.0678666,-0.46769837
LS411N,-1.1886593,-1.9808797,1.7414033,2.2008648,1.1345212,0.50963926,0.9614575,-1.6005075,0.213623,-0.19604823,0.11459291,0.8665276,-0.9499844,-0.60743386,1.3848767,-1.110905,0.5694525,2.285759,0.5858853,-0.22030528,-1.3081615,0.583572,-0.9153312,-0.9724513,-0.27655587,1.361154
HT-55,-1.8562641,-2.6659772,1.4037216,2.7201977,1.3374635,-0.011907473,0.33271742,-1.8022742,-0.20010939,0.06216877,-0.09666887,1.1085919,-1.3878046,-0.23138115,1.2252054,-1.0591589,0.93027663,3.058502,0.57409686,-0.5781858,-2.2042356,0.3117264,-0.986305,-1.5947437,-0.29018396,1.3489201
HEC-251,-0.39087093,-0.010337517,0.06908989,0.7163355,0.0005585477,-0.023903966,0.4193289,-0.15832356,-0.08014096,0.21552557,-0.42813432,0.045481317,-0.34241802,0.3897066,0.16580583,0.2492885,0.26338807,0.537711,0.16784641,0.6837228,-0.2121189,0.08627511,-0.111548826,-0.12486642,0.5431956,0.8429059
HH [Human lymphoma],2.753937,2.6476567,1.0468351,-3.298719,1.1742806,2.294032,0.9244448,-0.39596573,1.6714013,0.023694031,0.2819794,1.9951763,4.1518183,-1.0560079,-1.6953139,-2.4773896,-3.0060425,-0.9212731,-1.4678771,3.0833972,1.120961,0.8570567,-0.49620846,0.9912037,0.17141014,-1.2501767
MDA-MB-453,-0.43920434,-0.870188,0.3721013,0.7131794,-0.22566774,0.52917284,1.0087129,-0.20896718,0.70023113,0.40256888,0.2224549,-0.41331142,-0.15611954,-0.19245595,0.83226204,0.1049482,-0.4585364,0.45956987,0.14574847,-0.27480403,-0.45898116,0.36879432,0.1107492,0.7069196,-0.473374,1.1496497
NB1,0.8834669,-0.38545355,1.3393307,-1.2216727,-0.2771945,1.0424153,0.72462994,-0.42060637,2.9274478,-0.505774,2.9798,-1.7889436,-0.1209545,0.375049,0.6476268,-0.6075068,-2.2371702,-3.4326286,1.372597,1.0041299,-0.36379197,0.5425451,1.008907,1.3570925,0.6388745,0.20771018
CH-157MN,-1.0998759,0.6666943,-0.9270134,0.36570176,0.1789851,-0.6771588,-0.43293926,0.69708157,-0.84041214,1.304587,-0.27322173,-0.96852744,-0.5092304,0.2301296,0.11609416,-0.16817698,0.51214695,-0.6101141,-0.16902497,-0.38273022,0.22151795,-0.9931195,-0.715663,-0.69205296,0.81126416,-0.5903554
SW1783,-1.0867102,0.7530021,-0.98312986,0.50506055,0.6940235,-0.90097433,-0.8024799,1.0568478,-1.0183113,1.1537968,-0.26808542,-1.2191533,-0.6127047,0.18331152,-0.11229323,-0.19738978,0.6396559,-0.99501723,-0.24574763,-0.14261898,0.19067633,-1.0077423,-0.85109323,-1.224577,1.4057276,-0.8526155
Hs 578T,-2.0046387,-0.15747358,-2.0480013,1.1631712,0.52935266,-2.7193615,-1.7680023,2.3025112,-2.4726405,3.3661494,-0.4426145,-1.8125833,-1.2694769,1.0835007,-0.19745769,0.18891984,2.0390027,-0.5320881,-0.30268338,-0.50862944,0.18188007,-1.799875,-1.8881595,-2.0464253,2.246403,-0.9002836
Hs 737.T,-2.7990484,-0.97912216,-2.4093568,1.7126758,0.72091544,-3.878541,-2.2511952,3.0371575,-3.1245594,4.2235928,-0.5729662,-2.2653074,-1.8594114,1.4780576,-0.35922545,0.1516128,2.9465523,-0.31386906,-0.21135437,-0.6088904,0.15851553,-2.074857,-2.764074,-2.5327787,2.7165523,-0.65841675
TE-6,-0.031289186,-0.3910377,0.4433965,0.51371336,-0.12300564,0.20136066,0.15176044,0.19111705,0.1287212,0.3876122,-0.04260698,-0.47778606,-0.19557935,0.28416958,0.73735553,0.54903054,0.09263046,0.0033942908,0.23588209,0.09817709,0.10534016,0.21608403,-0.007459024,0.3999425,-0.006661957,0.46462274
SUP-M2,1.8534176,2.1333845,0.7253769,-1.9804525,1.2496985,1.4448816,-0.113515496,-0.33429477,0.58198977,-0.32870144,-0.32346985,1.9302198,2.354847,-1.1346129,-1.2044872,-1.9092366,-1.6516575,0.32140285,-1.3680699,2.4809244,0.8764825,0.4993651,-1.364491,0.6394744,0.20010355,-0.9620091
NCI-H1975,-1.0557358,0.3059208,-0.89570636,0.7838138,0.15438583,-0.57573,-0.14386457,0.5408317,-0.75316447,0.4349188,-1.0325394,-0.34969592,-0.52088124,-0.061820768,-0.13257167,0.15686177,0.74763906,0.3577637,0.10121647,0.15846756,-0.14298044,-0.122639135,-0.5828229,-0.5713801,0.9636794,-0.09661247
HMCB,0.46072227,0.36095184,0.4578484,-0.2144933,-0.09660392,0.11128358,0.1596314,-0.31344366,0.8380846,-0.12326832,0.5860238,-0.31124592,-0.56471604,0.32844985,0.48679805,-0.54650164,-0.36079344,-0.627989,0.092254914,0.051119916,-0.40240335,-0.4276476,0.3941293,-0.36757034,0.14280522,0.2803495
K-562,1.2818135,1.1479175,-0.016370203,-1.4920703,-0.61689776,0.33428028,0.7417866,-0.30981654,1.559044,-0.0546482,0.43508446,0.5941229,2.54252,-1.1508138,0.08267683,-1.8575852,-1.3228798,-0.27692342,-0.9083743,0.32143086,1.298482,0.28327435,0.29826182,0.57484424,-0.6281231,-0.50276077
LCLC-103H,-1.1611037,0.3230325,-0.80604845,0.2121249,-0.054747596,-0.59309757,-0.4685157,1.0024322,-0.7014147,1.1357672,-0.61549765,-0.8075398,-0.5922613,-0.008450173,-0.030822892,0.23369658,0.72147137,-0.19613373,-0.22151068,-0.05045725,0.008713592,-0.5930333,-0.68783796,-0.6294521,0.7786193,-0.37625322
Evsa-T,-0.8263096,-1.4242151,0.54180205,0.96789116,-0.245815,0.63045233,1.1410276,-0.6032954,0.6277976,0.60000885,0.62906164,-0.5315932,-0.54351825,-0.028122187,1.2015693,0.074684694,-0.57685536,0.54405075,0.4562576,-0.5669009,-0.35833102,0.38791275,0.09876372,0.76762867,-0.7927729,0.80287296
Granta-519,3.3332837,3.165309,0.3431445,-4.6302824,1.1231793,1.9892186,0.9376148,0.19138867,1.4859967,-1.0256344,-0.50073224,2.3362646,5.326703,-1.5713041,-2.1637552,-2.4280002,-3.1470907,-0.8464116,-1.8333545,3.7669551,1.6300526,1.815704,-0.46165845,0.66360056,0.24565712,-1.0816929
OVSAHO,-0.31086078,0.21813999,-0.14648442,-0.019499417,-0.4608462,-0.27624866,0.101667725,0.30852747,0.52368605,0.18075407,-0.00067569315,-0.54929817,-0.52408516,0.27377838,0.07057725,0.1712569,-0.30546117,-0.51747084,0.033012882,0.36897224,-0.2415471,-0.13976936,0.05337634,0.16740456,0.09484303,0.25640428
NALM-19,3.5497818,2.8716342,-0.31062678,-4.7527466,-0.09179804,2.1480021,1.148588,0.56111246,2.9767566,-0.18485142,0.03150922,1.0082822,6.252789,-1.7050598,-1.3407633,-2.4302888,-3.9927726,-1.4571023,-1.8213111,2.4144247,1.8760049,1.4253227,0.47683007,1.5510237,-0.7441846,-1.144332
SNU-668,-0.8798466,-0.10920291,-0.39417347,0.52425265,-0.3102775,-0.7203263,-0.33574185,0.78707695,-0.3061298,1.2710209,0.03591869,-0.7049421,-0.30800354,0.033278693,0.07501319,-0.1870269,1.058436,0.1066384,-0.2309233,-0.39013216,-0.023586683,-0.41304842,-0.5844405,-0.35221738,0.35109997,-0.3274871
HT-1080,-0.75360334,0.6877545,-0.42103666,0.12932591,0.35362238,-0.2376851,-0.2126428,0.5233241,-0.36296177,0.54989994,-0.23571,-0.5845591,-0.351255,0.026979327,0.0935066,-0.0009825081,0.18524367,-0.6801382,-0.119801,0.0075225607,0.12078738,-0.6594144,-0.37108842,-0.50194246,0.6123749,-0.48320496
SNU-1066,-1.6138155,-0.7063086,-1.2032189,1.53534,-0.090905555,-1.4276891,-0.8522736,1.198412,-1.658565,1.5023749,-1.3902547,-0.6703438,-0.25052813,0.4455186,-0.24068728,0.39431697,1.4381533,1.2534776,0.2819484,0.26517698,-0.8032484,-0.20021757,-0.6062908,-1.0628371,1.022219,0.74744874
Hs 729.T,-0.86996776,0.43008706,-0.8580539,0.5334699,0.672268,-1.0897064,-1.0455439,1.1318784,-1.3613417,1.3157811,-0.19497672,-1.2002001,-0.56399226,0.62089485,-0.14918399,-0.09192898,0.83546937,-0.7079512,-0.2733829,-0.047222827,0.23049764,-1.1695428,-1.105752,-1.3892769,1.4233496,-0.44192493
SNU-626,-0.66278553,-0.16396736,-0.12312102,0.3822258,-0.10954959,-0.95034003,-0.1549784,0.27935848,-0.042548146,1.1794403,0.658779,-1.6218913,-1.131105,0.7782374,0.7260514,-0.060498707,0.07610555,-1.0154029,0.16495517,-0.722165,0.26540712,-0.99992,-0.36134636,-0.53478926,0.918967,-0.6586076
COLO 829,-0.67760634,0.56696385,-0.4737228,0.01820968,-0.13849351,-0.32499647,0.05107103,0.6825552,0.112501025,0.8846212,-0.22277713,-0.8605873,-0.48533672,0.57442784,0.34230503,-0.61348283,-0.17350364,-0.037500262,-0.27980173,-0.6110359,-0.1907869,-0.9170763,-0.3315106,-0.5956817,0.1973267,-0.35567385
KG-1,3.2664702,3.1924877,0.43172356,-3.85947,0.27457762,0.8683043,0.66488814,-0.10001871,2.3149848,-1.0959139,0.65020585,1.6407924,5.557159,-2.010007,-1.6674373,-4.07911,-2.4557593,0.3018528,-2.3900533,2.087244,1.920932,0.9310668,-0.006994784,0.6958449,-0.9098656,-0.9974669
HCC2935,-1.5571314,-0.7667033,0.18398574,1.5455023,0.07981102,-0.08135229,0.50730246,0.6925965,-1.0997133,0.17157173,-0.9036253,-0.5390223,-0.79101247,0.11564579,0.3412721,1.1347085,1.9442734,1.8557061,0.027047843,-0.12142217,-0.49709994,0.37120026,-1.0582769,-0.13263305,-0.007778704,1.1989169
NCI-H1385,0.7752056,-2.2603753,1.2747918,-0.5460271,-1.2940035,1.768445,1.9428437,-0.49110782,3.5275683,0.4207535,4.065605,-2.776498,-0.33302516,1.0815762,2.099386,0.61736345,-2.8282433,-5.1382523,2.02364,0.15397453,-0.41615266,0.7249732,1.6398544,2.188681,-0.39847144,-0.0016136467
Ku812,2.1140432,2.0901175,0.13400301,-2.56191,-0.36277577,0.2779109,0.68837905,0.04436502,2.1399727,-0.54812074,0.6731573,0.7327225,4.4884934,-1.6169753,-0.6737727,-3.2682233,-1.8120762,0.074180335,-1.5875549,0.6946213,1.7259017,0.41807124,0.44857812,0.30508542,-0.5278547,-0.623801
EBC-1,-0.68706477,0.14931303,0.13003865,0.55276644,0.42749843,0.16243118,0.2855501,-0.06409579,-0.16397461,-0.39256305,-0.7452105,-0.111512624,-0.0452501,-0.14160103,0.091066964,0.31643674,0.5568912,0.7225076,0.02604895,0.42043686,-0.369495,0.25401735,-0.3561199,0.014970039,0.07671383,0.19784367
RS-5,-2.7755067,-0.9053234,-2.6443384,1.6763558,0.65610534,-3.8593845,-2.4001284,2.9713092,-3.3559892,4.5127625,-0.65371853,-2.3415685,-1.9018868,1.324672,-0.42921227,0.4015083,2.8820693,-0.41574404,-0.31986368,-0.5908729,-0.029282063,-2.1794994,-2.6556122,-2.4274812,2.8332086,-0.74857974
NCI-H747,-0.8382169,-0.17691869,-0.2023947,1.3603845,0.27497676,-0.14870651,0.26676565,0.2813269,-0.4987556,0.010141777,-0.4682725,0.10226253,-0.36735994,0.10319403,-0.0069299787,0.10084657,0.623586,1.0636574,0.27354664,0.6169017,-0.65261495,0.47769132,-0.5001593,-0.3028874,0.3264044,0.98171365
Hs 606.T,-2.2400405,-0.33035672,-2.058145,1.4566498,0.81285846,-3.030304,-1.9666924,2.5327775,-2.9653697,3.4583492,-0.2892628,-1.9049398,-1.6270012,1.1413932,-0.49097583,0.085539676,2.4490006,-0.5066808,-0.24960062,-0.20403,0.24915192,-1.8651614,-2.4510088,-2.194122,2.6149306,-0.634243
FaDu,-0.349564,-0.16057475,0.045210116,0.6990637,0.16163893,-0.3219723,-0.03521058,0.52394474,-0.44117653,0.5225039,-0.4586324,-0.10829643,-0.010242019,0.3781598,0.12502833,0.42540598,0.6985675,0.39325202,0.08157326,0.24710098,-0.08124524,0.34785295,-0.17083214,-0.106523685,0.17793143,0.9576437
HCC4006,-1.3685408,-0.3561191,-0.108116046,0.8823246,-0.032923207,-0.510435,0.07185013,1.3267703,-0.6998044,0.22839797,-0.83103085,-1.1250955,-0.9194181,0.08236566,0.23319048,1.4806793,2.7439656,1.3584514,-0.46964383,-0.14498806,0.2173608,0.055493496,-1.4728006,0.005428642,0.051191613,0.875631
TGBC11TKB,-0.82664007,-1.6622248,1.2739894,2.1080718,0.73797745,0.18961535,0.7221319,-0.9308541,-0.3265437,0.18354551,-0.02686309,0.69332695,-1.0958786,0.16861282,1.02934,-0.5954961,0.7120587,1.8897312,0.37630576,0.17818025,-0.7787483,0.46787518,-0.73830694,-1.033936,-0.06813557,1.5033703
COV504,-1.2246737,0.51320297,-0.6179802,0.40584022,0.23733003,-0.5493028,-0.41553527,1.0142193,-0.73404455,0.6740663,-0.66649354,-0.53472495,-0.58884573,0.49538034,-0.15283614,0.38400096,0.6135913,-0.5043945,-0.10300358,0.20736769,0.08879909,-0.6786723,-0.55955213,-0.48032343,0.90718484,-0.13659206
NCI-H1694,1.3424797,-0.90165806,1.3390063,-1.5886081,-0.87235,2.022646,1.7970823,-0.61507434,4.218102,0.25993574,4.315332,-2.779791,0.27048627,0.6745086,1.4391979,-0.27953157,-3.3453777,-5.5707407,2.4789722,1.0566686,-0.28645292,1.0257126,2.1020503,2.486389,0.039670855,0.23274109
RCH-ACV,2.837387,2.1109266,-0.19817129,-3.8085637,-0.22005993,1.9138632,0.6697178,0.2082001,2.5584993,-0.38426563,0.32147378,0.23931558,4.882411,-1.1364195,-1.0668435,-1.9129673,-3.3069668,-0.9865749,-1.1628962,2.2205083,1.3558297,1.0503504,0.24889822,1.4503219,-0.6353,-0.7359239
SaOS-2,-0.53561425,0.50206125,-0.16397497,0.21899104,0.11373066,-0.32688528,-0.036778733,0.4833746,-0.15207724,0.66015255,0.21168655,-0.9976391,-0.39973846,0.36967164,-0.05461017,0.060007866,-0.016432457,-0.9601666,-0.10051906,-0.13312115,-0.08837381,-0.7529453,-0.22059852,-0.35945046,0.70650095,-0.5017989
Hs 944.T,-0.24313137,0.8754214,-0.2725769,-0.13351294,0.31192982,0.23057109,0.087252095,0.4252951,0.100670785,0.39192688,-0.42918366,-0.47793087,-0.16191353,0.33394152,0.13897142,-0.3781346,-0.1891815,-0.14917003,-0.104747616,-0.28651726,-0.12946382,-0.8389097,-0.29587942,-0.4101352,0.3247389,-0.23965378
SUP-HD1,2.163346,1.8467147,0.47152606,-2.124007,0.9919585,1.6237911,0.49175054,-0.08396563,0.79565775,0.47795582,0.08181198,1.450948,2.6213408,-0.59667754,-1.5441308,-1.0366564,-2.1276035,-0.07995236,-1.0463259,2.2595842,0.70533484,0.62830025,-0.77780753,0.87616974,0.14559118,-0.8393825
Becker,-0.87997127,0.68241173,-0.8042002,0.30702972,0.43953818,-0.7510641,-0.53156996,0.84300673,-0.6954323,0.8092997,-0.10593435,-1.0464624,-0.69305646,0.123675704,0.1154505,-0.33015934,0.69056904,-0.9211062,-0.099012226,-0.21511123,0.30989838,-0.8262522,-0.6391472,-1.005234,0.97685385,-0.5229173
MOLM-16,2.0377185,2.1505468,-0.017672092,-2.636335,-0.65480196,0.42089742,0.6690952,0.22094901,2.4341607,-0.42822015,0.4938882,0.7437764,4.611448,-1.6829349,-0.48344082,-3.0989456,-1.7807388,0.039213926,-1.7740674,0.9147874,2.0721123,0.25722542,0.50042766,0.6882536,-0.74649775,-0.63713264
BFTC-909,-1.5269674,0.17518182,-1.0491905,0.5674406,0.107844576,-1.1104394,-0.8958862,1.1657879,-1.2176125,1.7821779,-0.5896826,-0.76957947,-0.8378029,0.15585127,0.1527029,0.122364976,0.93730867,-0.5850222,-0.30066717,-0.49469858,0.27045143,-1.0678853,-0.8628783,-1.1333265,1.3599356,-0.927357
COV362,-0.8888033,0.10766489,-0.34651768,0.3926152,-0.22544852,-0.5661408,-0.34880498,0.47401914,-0.37492216,0.69530505,-0.21610186,-0.6700621,-0.53673077,0.23912182,-0.21973895,0.04533207,0.20207833,-0.4218012,-0.086033106,-0.16030297,-0.04047754,-0.67830837,-0.26789826,-0.21269752,0.54144436,-0.2859881
EW-8,0.73491246,0.3137239,0.51574564,-0.7370417,-0.38454068,0.5644315,0.82874787,-0.63220036,1.7652248,-0.21710299,1.3534956,-0.8181728,0.6984476,0.068902,0.28113493,-1.1286365,-1.1458822,-2.0502193,0.8906849,0.24667823,-0.11878576,0.12982762,0.65169686,0.9014983,0.51025987,-0.14353907
KMS-20,2.0139472,2.3421948,0.5093161,-2.657722,0.57663816,1.4579892,0.8954241,-0.29992366,1.0144784,-0.7078066,-0.6356433,2.02374,3.9455042,-1.139851,-1.7375321,-2.0295272,-2.1408372,-0.21084905,-1.7958398,2.2302246,1.0762814,0.8549415,-0.40802333,0.31567064,0.39715055,-0.6082148
YMB-1,-0.9418945,-1.235052,0.46963945,1.2186842,-0.51822424,0.24047431,1.0495908,-0.34939224,0.271562,0.7926161,0.3800252,-0.9378077,-0.52830344,-0.19933957,0.7746922,0.24831754,-0.26654997,0.58631176,-0.034239985,-0.7248066,-0.37985653,0.25328216,-0.2154369,0.2507761,-0.81975365,0.97639894
SF767,-1.2968612,-1.2582633,-0.50451183,1.4226189,0.06678271,-0.9590051,-0.18020889,1.0746999,-1.2351121,1.7032593,-0.94574344,-0.6217266,-0.4077852,0.8178774,0.3406626,0.27454746,0.9232292,1.0479635,0.5568614,-0.16580167,-0.63836837,-0.17808717,-0.27924886,-0.6153207,0.6752969,0.80485684
COLO 741,-0.27429366,0.42504382,-0.07386005,-0.2568827,-0.083357506,0.014483847,0.3239323,0.15956903,0.86334413,0.25093448,-0.038278162,-0.74077195,-0.44529334,0.55702114,0.5122024,-0.66116387,-0.39899737,-0.05345083,0.020782113,-0.08862172,0.1113358,-0.3308315,-0.07524577,-0.42625135,0.004303649,0.022197422
DK-MG,-1.3328148,-0.06597629,-1.000384,0.9549839,0.80896854,-1.604599,-1.1046346,1.6723421,-2.3171997,2.176408,-0.018914074,-1.6293935,-1.1777855,0.8518093,-0.28142333,-0.04962288,1.4688253,-0.9822637,-0.1061769,-0.22752,0.52980274,-1.5243711,-1.547185,-1.7101544,2.2020345,-0.78123564
UACC-812,-1.0041819,-0.746092,-0.36219102,1.4722953,-0.79464126,-0.3022391,0.45967472,0.2391045,0.28192878,0.85987175,0.08836476,-0.99638903,-0.44450346,0.17915286,0.5127334,0.5009229,-0.34042028,0.75653315,-0.37562677,-0.71083534,-0.4742567,0.11940815,-0.37204486,0.2690034,-0.5659085,1.0403669
NU-DHL-1,3.1873417,3.372285,0.17618771,-4.6456404,0.44228214,1.880364,0.7896324,0.44658744,1.4160508,-0.6152951,-0.55088097,2.142865,5.3320637,-1.998533,-1.9654515,-2.9137,-3.298228,-0.2861338,-2.631816,3.108792,1.9208453,1.1978301,-0.66956556,0.59704316,-0.41103953,-1.2723978
SF172,-1.2899983,0.043735772,-0.663878,0.80064094,-0.08700775,-0.6923565,-0.35167152,0.5769592,-0.6492661,0.9391011,-0.9011287,-0.72025144,-0.2918977,0.34015578,-0.010736205,0.46301273,0.68836856,0.7014835,0.04681945,0.050548665,-0.19073065,-0.029617272,-0.5975554,-0.13730419,0.40864354,0.3850772
D341 Med,0.87111616,-0.44175884,0.81956613,-1.7363743,-1.5135794,1.8558731,1.3267474,-0.20714363,3.8966753,0.24506366,4.0435476,-2.5960135,0.5990089,0.72808313,1.7476294,-0.06815068,-2.99612,-4.9412975,1.7196351,0.52019274,0.24967661,0.8617889,1.5292422,2.339135,-0.5342296,0.010909319
HEC-151,-0.29553968,-0.3967073,0.18169728,0.37070513,-0.26606032,-0.013283692,0.12617458,0.1162629,0.21616147,0.09590338,0.19681823,-0.26301572,-0.9459968,0.15055196,0.54433167,0.38548565,0.43657213,0.68033254,0.06746,0.2591055,0.36706838,0.3022023,-0.4321838,0.009641752,-0.27168635,1.1723925
IGR-1,-0.13710938,0.47116813,-0.06688837,-0.17851289,0.10238473,0.11771193,0.18222636,0.3121694,0.41425455,0.3088713,0.091074154,-0.36354014,-0.27069026,0.6085618,0.26772955,-0.34899288,-0.34703693,-0.0860768,0.061156686,-0.38434952,-0.10260481,-0.65245736,-0.2423511,-0.17151994,0.22818169,-0.058804117
Capan-1,-1.414903,-1.0857755,0.28867853,2.2604213,0.4596274,-0.24317375,0.5260936,-0.3436076,-0.5139376,0.094055146,-0.6614296,0.3392268,-0.87400067,0.1506327,0.3802446,-0.049492702,1.1147748,2.042554,0.17768808,0.01593123,-1.1634257,0.19093789,-0.8187305,-0.966471,0.08401452,1.3824323
LN-308,-0.9651842,0.18657888,-0.2551543,0.17156368,-0.16160975,-0.2878874,-0.026131727,0.33390918,-0.084111646,0.92127866,0.25228834,-1.2371709,-0.8237185,0.2761626,0.8644953,-0.23870549,-0.008399796,-0.9008019,0.22058034,-0.950726,0.40365148,-0.98986065,-0.55220497,-0.13153914,0.27891207,-0.15390112
KMS-27,2.3760865,2.20033,1.075455,-2.964928,0.62147355,1.539247,0.90892446,-0.09721193,1.5094728,-1.0992424,-0.6716626,2.1209311,3.977155,-1.2292206,-1.876266,-2.11956,-2.0011437,-0.68649554,-1.5205965,2.5499012,1.275796,1.225316,-0.24387544,0.3149367,0.03312996,-0.6656442
LN-464,-0.713894,0.56114495,-0.35499963,0.016203314,-0.23773825,-0.120652124,0.4624019,0.30147243,0.34752345,0.87922674,-0.2040126,-0.92290485,-0.25302148,0.7701856,0.55401397,-0.57419944,-0.53386813,-0.21939062,0.039223023,-0.9613459,-0.01929596,-0.69422644,-0.24303696,-0.28800783,0.1862472,0.010589279
ABC-1,-0.4025199,-0.22203246,0.30885538,0.96031237,-0.07506852,-0.06806023,0.0144884195,0.030804265,-0.37308842,0.17953475,-0.5559482,-0.44550273,-0.30709887,0.055421308,-0.03925486,0.57917845,0.6585814,0.7449729,-0.14371121,0.32980794,-0.042081743,0.31011325,-0.155784,0.30934492,-0.124537505,0.66223997
SNU-407,-1.1264277,-1.77051,1.3531271,2.207349,0.8886657,0.15719517,0.5754126,-1.0450573,-0.23176475,0.16742446,-0.07393477,0.7064721,-0.6587758,-0.24200709,0.7876208,-0.7875153,0.54906714,2.115871,0.38942635,-0.07949278,-1.2656889,0.33957583,-0.46045974,-0.9998428,-0.1541634,1.3382905
KMS-21-BM,1.9832724,2.2733266,0.47566813,-2.5086195,0.6827266,1.2059189,0.97102726,-0.37531883,0.87083423,-0.65295863,-0.93390167,2.1161077,3.8087816,-0.9929428,-1.9269245,-1.9941803,-2.1996403,-0.1191749,-1.5773157,2.4202664,1.0035877,0.95036584,-0.3361999,-0.02052699,0.37484765,-0.7917859
BFTC-905,-1.2947268,-0.8320089,-0.3907658,1.3220786,0.07401767,-0.5385639,-0.40512097,0.6423698,-1.1059057,1.0995091,-1.0387204,-0.61979425,-0.08081601,0.2627716,0.08645931,0.67729455,1.0355273,0.90739137,0.2291826,0.2147106,-0.3190626,0.17838152,-0.3694696,-0.05556804,0.3637879,0.7233789
RERF-GC-1B,-0.8038857,-0.48897758,-0.13653691,0.8122673,0.0862079,-0.23394954,0.0008345954,0.29077336,-0.2883078,0.66947794,-0.10087451,-0.4629224,-0.4616079,0.5851948,0.3086866,0.25605994,0.019542865,0.27296513,0.45138153,0.408373,-0.18256718,0.03923838,-0.34008983,-0.15788588,0.39587542,0.739595
THP-1,2.5713444,2.2763193,-0.17555594,-2.7747326,-0.21540837,0.014918186,0.30189604,-0.20247962,1.5363209,-1.2829595,0.49849212,1.0249672,4.6090837,-1.7980196,-0.90628994,-3.4228992,-1.516166,0.56491077,-1.658334,0.5962404,1.6519494,0.4136712,-0.06268617,0.4760784,-0.7709969,-0.8244055
KM12,-0.5607103,-1.36345,1.4572912,1.8854576,0.96717614,0.42433417,0.7625534,-1.2688375,0.06245591,-0.3870497,-0.012835354,0.7919569,-0.37359628,-0.2698997,1.0778571,-1.0317081,0.1172546,1.7610841,0.53033495,0.18741776,-1.0340753,0.7730029,-0.5207871,-1.040027,-0.061173253,1.3182756
Sq-1,-1.0157748,-0.013264719,-0.20045269,0.96667373,0.18026191,-0.017802201,-0.12131217,0.34965408,-0.49542004,0.18427232,-0.49501377,-0.26068842,-0.28258765,-0.080335535,-0.02732997,0.7630013,1.0259166,1.1756437,-0.24500659,0.33625746,-0.48088837,0.13225126,-0.7283887,-0.09419717,0.15418479,0.7067967
MEC-2,3.9122605,3.8621256,0.65606236,-5.137742,1.616089,2.1143882,0.98460984,0.113088846,1.6809559,-1.211952,-0.6369041,2.9262652,5.7938833,-1.84609,-2.4479737,-2.9556274,-3.575387,-0.7684634,-2.2725031,4.2281303,1.7730327,2.1817296,-0.8099936,0.8130989,0.28937915,-1.2959793
KMS-12-BM,2.4743872,2.3563008,0.6985941,-3.198754,1.1260426,1.501899,1.0032489,-0.02332753,1.3166442,-1.1366612,-0.058231413,2.4137816,4.2289906,-0.9864703,-1.8670142,-2.7519486,-2.5824914,-0.638739,-1.1276122,2.868482,0.8780097,1.2215745,-0.1666156,0.41510826,0.34529817,-0.7514506
WSU-DLCL2,3.6717062,3.4246716,0.9217611,-5.2833548,1.6527072,2.7422001,1.5534213,0.6883303,1.8510917,-0.72834647,-0.3388245,2.6194673,5.4510946,-1.3984973,-2.5564463,-3.1067684,-3.7282019,-1.4874966,-1.3012115,3.9971676,1.4937506,2.061594,0.062785074,1.0826979,0.22415787,-1.3234668
COR-L95,0.2992878,-2.657901,1.0496464,-0.40398026,-1.8141904,2.202197,2.4030433,-0.9886424,3.699072,0.7305285,3.8501694,-3.197367,-0.2786528,0.7253468,2.4962523,1.3216269,-3.312901,-4.7251945,2.3924544,-0.86085975,-0.21994627,1.1597573,1.4856021,2.8361375,-1.0464213,-0.14600876
KE-39,-0.8716947,-1.283916,1.3341589,2.0206125,0.83456063,0.277494,0.7370359,-1.0249906,0.17681254,-0.017562013,0.24078631,0.7334418,-0.9496751,-0.36666125,1.0500182,-0.61290246,0.5923576,1.907467,0.4410571,0.13959955,-0.7888291,0.49396306,-0.40426084,-0.9202536,-0.14053799,1.3084093
Hs 766T,-1.1253474,-0.018966101,-0.6610087,0.4622699,0.46242943,-0.59016013,-0.43313685,1.0601628,-0.7964511,1.1554941,-0.76580054,-0.41142136,-0.34421548,0.27825537,-0.33218908,0.38917574,0.8617655,0.027482515,0.21860185,0.493502,-0.097575784,-0.3379161,-0.32467252,-0.42127058,0.9589721,-0.025236756
SU-DHL-4,4.0048957,3.5115225,0.89715743,-5.5372863,1.7150803,2.789752,1.5795485,0.6893939,2.106226,-0.8516515,-0.28053415,2.6149216,5.905388,-1.4647529,-2.517886,-3.3644874,-3.9231453,-1.5509505,-1.2889662,4.2815843,1.5617671,2.2327523,-0.0195688,1.2376266,0.40108284,-1.2914857
HCC1954,-0.9350596,-0.18088499,-0.20294362,1.0775224,0.34454,-0.26934344,0.4238633,0.35893977,-0.62805,0.2667084,-1.0262951,-0.6070689,-0.13626817,-0.027284048,0.006178826,0.42928678,0.6508322,1.1186754,-0.18635064,-0.15189692,-0.604699,0.29724455,-0.5460219,0.025866799,0.2738021,0.6637434
YD-10B,-1.4063787,-0.57129073,-0.87900436,1.0259767,-0.05272861,-1.3234757,-0.66685224,1.2167606,-1.2075614,1.9958882,-1.5579592,-0.53647953,-0.5833726,0.57389855,-0.23251736,0.44367865,1.3626138,0.76447,0.34518167,0.1707573,0.0059141666,-0.56067574,-0.3078157,-0.7289124,1.0894651,0.36149132
M059K,-0.8512869,0.7604487,-0.7977057,0.18403228,0.8420665,-0.88058436,-0.766819,1.0533552,-1.1290878,1.2031078,-0.14557254,-1.068091,-0.6460825,0.43982363,-0.09751804,0.055124648,0.79628277,-0.7695266,-0.2806231,-0.092724696,0.17270143,-0.9116429,-0.8803087,-1.0705073,1.3625844,-0.39434612
LS513,-1.5802218,-2.4161847,1.7650386,2.6125631,1.3388065,0.21826398,0.6379295,-1.759394,-0.44026566,0.15159726,-0.06483549,1.2719806,-1.3638076,-0.14937815,1.3234544,-1.3057082,0.85686237,2.886284,0.6289805,-0.4819187,-1.7522154,0.22383988,-0.98939294,-1.4976807,-0.22570269,1.5478314
NCI-H460,-0.26759398,0.18905407,0.27016753,0.16875823,0.05502913,-0.27290115,0.17631733,-0.24258943,0.27227527,0.29579896,0.28185493,-0.22622779,-0.3612138,0.1830185,-0.015021089,-0.3255534,0.104757234,-0.2935563,-0.18112004,0.070180565,-0.08270983,-0.323414,-0.31052506,-0.12078364,0.1837778,-0.030077584
T84,-2.013116,-2.1267476,1.025559,2.920224,1.3962394,-0.24075495,0.45342356,-1.5462527,-0.7350973,0.12370621,-0.36851943,1.1122395,-1.4245225,-0.112627,1.0904241,-0.97680724,1.2804439,3.355135,0.6788238,-0.031488694,-2.1645532,0.26376176,-1.1840975,-1.6987579,-0.01452788,1.7873892
G-402,-0.24775393,0.10107425,-0.026449295,0.11507523,-0.087344445,-0.16739658,-0.075980306,-0.14928468,0.5645236,0.6260767,0.5589548,-0.3357246,-0.403713,0.17878991,0.34862748,-0.30533105,-0.05919228,-0.749486,-0.19144824,0.06680748,0.27576435,-0.5600526,-0.072604135,-0.074801296,0.43205675,-0.6083038
CCF-STTG1,-1.4849378,0.35143206,-1.0584809,0.6256341,0.5476039,-1.3175005,-0.8648986,1.191046,-1.318536,1.7380092,0.01619652,-1.5347785,-0.9707304,0.5883965,0.3061302,-0.030922715,1.0226673,-0.9970587,-0.12169379,-0.55919605,0.59706473,-1.2668861,-1.1773593,-1.2832069,1.3583546,-0.98726463
MOTN-1,3.4737902,3.7915242,0.7081296,-4.107884,1.1565471,2.0063405,0.7091953,-0.37134343,1.7334535,-0.15657967,-0.64053446,2.6657157,5.6356783,-1.8019841,-2.0152473,-3.3031313,-3.4552712,-0.2147591,-2.6832385,3.204815,1.5609826,0.7412045,-1.0259082,1.341179,-0.5777437,-1.5624751
A-704,-0.86730224,-0.34749347,-0.34345603,0.50153977,-0.12358798,-0.20475592,-0.29044607,0.47003692,-0.42379674,0.60197395,0.0027701184,-0.4202473,-0.4937149,0.17359704,0.55811125,0.46186635,0.28372055,-0.17463195,-0.12315698,0.029942667,0.42034358,-0.51489383,-0.6984986,-0.19363238,0.29495516,-0.17648381
BJ1-hTERT,-2.6418407,-0.46465743,-2.3915117,1.469986,0.2571774,-3.3449109,-1.8785434,2.4013596,-2.670724,4.000503,-0.33121896,-2.2843828,-1.6176153,1.4645346,0.0035486668,0.24479964,2.2714176,-0.53939503,-0.15895101,-0.96830004,0.12992269,-2.0906105,-2.2761512,-2.1835833,2.2483425,-0.60090005
KHM-1B,1.9909073,2.0025356,0.7068652,-2.5849264,0.8442579,1.251154,0.71017694,-0.27588198,1.20749,-0.6540389,-0.48526227,2.0152774,3.9941974,-1.0552601,-1.6398147,-2.226004,-2.2833862,-0.3982358,-1.3131933,2.4003534,1.0203396,0.9958097,-0.11137056,0.24184974,0.37939358,-0.6844154
BICR 56,-2.0373058,-1.2121474,-1.3564903,1.7489014,-0.09267372,-2.3771248,-1.3007102,2.0190978,-2.399524,2.5148358,-1.6175197,-0.76389253,-0.92006946,0.75207514,-0.2461903,0.5361698,2.15297,1.2362409,0.73309946,0.42122617,-0.6418491,-0.42348325,-0.82954115,-1.437045,1.6055624,0.93031585
TIG-3 TD,-2.1474166,0.03882134,-2.0098047,1.2985158,0.38237417,-2.6691537,-1.5766189,1.948273,-2.1507716,3.0349073,-0.18632948,-1.9887446,-1.3842041,1.0135921,0.104522824,-0.039558463,1.8817189,-0.7171658,-0.1220063,-0.5798515,0.3052537,-1.897443,-1.8564146,-1.8832183,2.043898,-0.67026776
A2058,-0.5251188,0.57735044,-0.15868478,-0.054639593,0.06732114,0.056621313,0.18228252,0.19587809,0.25696403,0.4223568,-0.1376325,-0.5687347,-0.2745143,0.35415307,0.3311741,-0.3946057,-0.15037921,-0.20674072,-0.022118129,-0.41687682,-0.12228078,-0.7570952,-0.20366988,-0.25655583,0.17929462,-0.29695037
Panc 04.03,-1.2052462,-0.108156994,-0.14914744,1.5600317,0.6691189,-0.37806022,0.051741444,0.36103576,-0.66284746,-0.03274478,-0.922286,-0.040589616,-0.17404765,-0.040364273,-0.0022425652,0.42046902,1.1452825,1.2719417,0.28781602,0.66218424,-0.5922281,0.41138524,-0.46364197,-0.74382466,0.4974969,0.91629213
SU-DHL-6,3.7202787,3.660436,1.223204,-5.204212,2.3361254,3.0773067,1.7230036,0.1398676,2.1914577,-0.8935248,-0.17766675,2.9202938,5.400288,-1.3835613,-2.2498064,-3.0565143,-3.8322124,-1.6587226,-0.79943913,4.5386353,1.3189334,2.174953,-0.02586317,1.2049468,0.9240216,-1.3083358
EFO-21,-0.9206155,0.26151055,-0.60439426,0.27334338,-0.49622428,-0.649194,-0.32189307,0.551194,-0.25781077,0.60047626,-0.084200546,-0.15436155,-0.61802095,0.432077,0.023398459,0.07674435,0.37530276,-0.098134264,-0.015238598,0.3181308,0.049516633,-0.36535275,-0.25057104,-0.28260946,0.5485848,0.09346904
NCI-H1437,-1.3612881,-1.1143358,0.00973852,1.6906396,-0.24047524,-0.6106986,0.2685046,0.35015061,-0.6104018,0.80478084,-0.5714397,-0.53940505,-0.62132657,0.12729779,-0.09460169,0.2718336,1.2352054,1.3973045,-0.18146755,-0.43592176,-0.5087916,0.14120926,-0.7756813,-0.40866452,0.0010653995,0.93600494
SCC-4,-1.6090164,-0.56548023,-1.1153295,0.99448025,0.17468846,-1.6185895,-1.0229473,1.5801425,-1.808849,1.8555211,-1.6503216,-0.7242526,-0.47532153,0.63638437,-0.50472003,0.6627974,1.7582538,0.76551586,0.28887695,0.49435782,-0.32627964,-0.46457267,-0.71319175,-0.65869755,1.6036366,0.62944686
NCI-H2342,-0.38006666,-0.62406224,0.42555797,1.1032765,-0.19860646,0.08681395,0.37563586,0.27558196,-0.3324989,0.2593871,-0.20813899,-0.42424327,-0.487539,0.29297715,0.44814923,0.65176904,0.68606734,0.7211128,0.2058188,0.1719922,-0.12946965,0.3156445,-0.16067982,0.3379635,-0.13251205,1.1986482
OV56,-1.1600025,0.14536852,-1.0089651,0.40451384,-0.27456966,-0.92802763,-0.5637224,1.050715,-0.85900426,1.4500897,-0.4675563,-0.88534826,-0.7129178,0.3745951,-0.03513193,0.093895555,0.69531,-0.06501286,-0.096033216,-0.2755073,0.14501348,-0.9507626,-0.6515212,-0.70281756,0.91808635,-0.36224636
CFPAC-1,-1.7750349,-0.061628893,-0.657766,1.1703823,0.37518233,-0.5875454,-0.23164684,0.57258,-0.8483217,0.37992394,-1.1112005,-0.3153032,-0.22566587,0.11176036,-0.17980695,0.6467612,0.990379,1.2700323,0.11442052,0.4866788,-0.6614861,-0.035308853,-0.6992514,-0.65421885,0.66441673,0.5861869
SK-LMS-1,-1.0416814,0.46325746,-1.1574225,0.38186136,0.7192374,-0.79149455,-0.7912838,1.4056123,-1.1723077,1.2845259,-0.11290373,-0.9514317,-0.7465377,0.11244111,-0.16940382,-0.13372608,1.0291342,-0.8002578,-0.41635606,-0.11583066,0.07790242,-0.9280319,-0.99752164,-1.1710777,1.2474735,-0.43691054
HT-1376,-0.88777256,-0.3660184,-0.5667253,1.0289845,-0.025044918,-0.35591447,-0.21453427,0.63376695,-1.0342592,1.3280039,-1.063423,-0.5383388,-0.10470876,0.5599592,-0.1633304,0.40371332,0.7066742,0.65674174,0.122565515,0.3503764,-0.42296916,-0.08624196,-0.19824986,-0.26691246,0.60663044,0.8827802
UM-RC-6,-1.4930787,-0.7040577,-0.40043855,0.46502554,-0.9698534,-0.8406987,-0.09076993,0.8098521,-0.22100055,1.3119205,0.08389011,-0.5694662,-0.9274171,0.6360913,1.0064583,0.44096655,0.61352175,0.17381494,-0.019118473,-0.78977776,0.22669913,-0.9863267,-0.82089925,0.1642131,0.023361653,-0.08427411
HTK-,-0.48797208,0.7529131,-0.2978445,0.21388951,-0.049922436,-0.23159932,-0.14464304,-0.0843934,0.06595277,0.42035192,0.069663,-0.72851664,-0.14104599,0.29162064,0.14462952,-0.43730766,-0.2743716,-0.684665,-0.077895306,-0.06530641,-0.0831176,-0.76917416,-0.13980526,-0.31629536,0.34384453,-0.37868333
MUTZ-5,3.45995,2.9207773,-0.498658,-4.928483,-0.06804532,2.0094633,0.8175436,0.762521,2.724658,-0.049073,0.36913192,0.79449594,6.527791,-1.8048501,-1.4511436,-2.8040679,-4.167016,-0.9515005,-2.0267625,2.6676586,1.866703,1.1311897,0.06274565,1.5295162,-1.063769,-1.3590032
SCLC-21H,1.213797,-1.7451054,1.211991,-1.6384101,-1.6865486,3.159125,2.478857,-0.4888878,5.4355254,0.60976654,4.875508,-3.6680074,0.16875446,0.7172361,2.6631556,1.0006841,-3.960618,-6.225544,2.739466,0.2971927,-0.22748455,1.6036118,2.2784166,3.573676,-0.72263587,0.41698092
JHOM-2B,-2.549349,-2.847001,1.0888658,3.4740875,0.89309394,0.14100444,0.72323084,-1.5430927,-0.3932222,0.33810502,-0.3753973,0.69728804,-1.8863401,0.15025616,1.4022365,-0.86710304,1.1866796,3.4824145,0.55873084,-0.6467186,-2.344972,0.44752494,-1.1653324,-1.7112055,-0.21771868,1.4596405
MHH-ES-1,0.9999107,0.16559303,0.23586555,-0.23517814,-0.43826646,0.16956529,0.72641605,-0.5408377,1.088821,-0.1264261,1.1219147,-1.2912501,0.2902255,0.33177242,0.14339311,-0.56792885,-0.79303837,-1.69871,0.2706173,0.5121502,-0.109231725,0.03277086,0.65051305,0.21137133,0.3706441,-0.25812238
Mino,3.7472804,3.1610827,0.5965197,-4.732155,1.2455796,2.4633274,1.0353646,-0.10054332,2.376316,-1.3771889,-0.038523395,2.5601377,5.603024,-1.7910228,-1.8334303,-2.9407172,-3.7635095,-1.0314312,-1.6779543,3.9649456,1.6972483,1.7668058,-0.46415895,0.9888769,0.11318505,-1.388108
DoHH2,3.9059713,3.594074,1.0617511,-5.3695817,1.7558098,2.9125056,1.7825685,0.7925118,2.4248347,-1.0716314,-0.23158142,2.4221787,5.7098217,-1.5682611,-2.5662105,-3.440449,-3.8067665,-1.5590296,-1.0838566,4.300772,1.6246818,2.3327935,0.2817515,1.2888727,0.40354565,-1.0469366
Mono-Mac-1,3.4079423,2.908063,-0.1923926,-3.54158,0.41178325,0.485054,0.44003406,-0.66445035,1.5597439,-1.7219608,0.057091326,1.97034,5.5661182,-2.327778,-1.4841554,-4.1059265,-1.9806368,1.1877842,-2.300054,1.3517047,2.2242348,0.9820875,-0.24308561,0.26465154,-0.80994105,-1.3874106
LXF 289,-1.4865601,0.23219457,-1.2170959,0.7141795,-0.31619284,-1.070236,-0.6569406,1.0120277,-0.97195363,1.5433687,-0.67693746,-0.80714715,-0.6796798,0.2912737,0.10470121,0.2722709,0.89754677,-0.1312931,-0.25193977,-0.13473147,0.24604023,-0.66285294,-0.63960266,-0.7287514,1.1066815,-0.4764981
EN,-0.08452499,0.15126583,0.43427628,-0.34347308,-0.31519574,0.16481133,0.13914724,0.02715598,1.287621,0.44047785,1.33165,-0.81646407,-0.13626198,0.15049301,0.55230534,-0.29036722,-0.5139648,-1.481997,0.35467473,0.3176861,-0.16220766,-0.020407207,0.26529765,0.4606333,0.32632017,0.023884915
NCI-H2081,1.0725219,-2.0691965,1.3333874,-1.2529516,-1.62021,2.826125,2.191678,-0.7138352,4.7058043,0.2188613,4.920326,-3.5784352,-0.252394,0.85743105,2.6847448,0.7936124,-3.9587793,-6.0960274,2.7248871,0.012371823,-0.17710021,1.4408644,2.2007194,3.2316585,-0.6170379,0.15976194
SNU-1272,-1.8416907,-0.29828814,-1.1888396,0.5671891,-0.6851393,-1.1522224,-0.65567034,1.6109289,-1.1002346,1.7364254,-0.6220027,-1.1387944,-1.0669278,0.32460457,0.34926096,0.8317864,1.2474816,-0.02547504,-0.264165,-0.2709811,0.5451129,-1.046411,-1.1418104,-0.43162233,0.7710235,-0.45826432
CAL-78,-1.1140764,0.3390443,-1.1481309,0.55008674,0.55882275,-1.013691,-0.8271822,1.4029696,-1.3305104,1.6417549,-0.37058833,-0.9553124,-0.6975414,0.48789966,-0.2639752,-0.050253704,1.0674715,-0.5408069,-0.23191223,-0.21854493,0.15496828,-1.2039179,-1.1939894,-1.2646111,1.2476349,-0.5747821
CAL-62,-0.65789413,0.37939608,-0.13775676,-0.011212818,-0.2601569,0.15280306,0.047758892,-0.001158163,0.30296198,0.13322546,0.026023097,-0.36814228,-0.43864128,0.12379521,0.21707788,0.25830278,0.067121506,-0.50462234,0.08995008,-0.12461364,0.09564924,-0.29500163,-0.20698798,0.18289663,0.2870958,-0.27483302
IGR-37,-0.15816024,0.51567316,-0.16255692,-0.39627498,0.010195404,0.076707244,0.4055262,0.1819435,0.88390756,0.15406151,0.20591007,-0.54779327,-0.08787148,0.45554212,0.40027434,-0.64548486,-0.4563603,-0.2634919,0.09826468,-0.5034514,-0.06557089,-0.3173297,0.110804945,-0.3685091,0.064357236,0.12982464
HEC-50B,-0.9545902,0.15140602,-0.3537355,0.3925231,-0.20656067,-0.2995844,-0.17699079,0.09972492,-0.05308101,0.4045245,-0.16940144,-0.48255342,-0.39798236,0.12120403,0.35616812,-0.020464022,0.12749638,-0.1243443,-0.18471651,-0.22562644,0.2273452,-0.58105683,-0.42707273,-0.18887153,0.24574083,-0.501558
KP-N-RT-BM-1,1.5745548,-0.93255895,1.6934648,-1.9450119,-0.43269628,2.0866544,1.549542,-0.517266,4.793995,-0.30423942,4.9598804,-3.1436493,0.21870714,0.66511315,1.1586982,-0.34188604,-3.6480021,-6.210903,2.6937644,1.1473176,-0.42488045,1.1320357,2.0948267,2.3227425,0.73516333,0.32337114
MDA-MB-231,-1.2600427,0.4763737,-0.62479764,0.23655376,0.107821025,-0.37267178,-0.38891128,0.54831105,-0.29519984,0.81225646,-0.47058257,-0.6297209,-0.16425471,-0.031792022,-0.15364763,0.12640019,0.53574985,-0.01513584,-0.21597534,0.09000288,-0.31987593,-0.4900408,-0.49422854,-0.6362676,0.54385334,-0.19806814
LUDLU-1,-0.7824935,-0.86725146,0.007859506,0.94044924,0.13608898,-0.31315428,-0.12490393,0.6000339,-0.5012591,0.84876156,-0.41652194,-0.4296592,-0.33269474,0.35774204,0.2517329,0.34799764,0.59063774,0.6723578,0.40631372,0.09803004,-0.11404263,0.20129032,-0.16284916,-0.37810716,0.17298198,0.7481141
NCI-H1618,0.6436298,-1.9724665,1.235729,-1.1302148,-1.513752,2.259191,2.0852852,-0.78054583,4.2751646,0.34458753,4.1845083,-3.2413635,0.031154409,0.6618816,2.2282882,0.8191528,-3.3682823,-5.461708,2.8874512,-0.23912099,0.011502147,1.3586271,1.8211756,3.056712,-0.6151784,0.19775695
Hs 618.T,-2.0146964,0.006016031,-1.9578545,1.2233121,0.73322725,-2.5490453,-1.7246797,2.0287025,-2.2572794,2.9200883,-0.31885833,-1.9355634,-1.2734746,0.82110727,-0.25609952,-0.067864254,1.9499025,-0.56910414,-0.21674177,-0.39852947,0.081696756,-1.6099403,-1.8584678,-1.8795226,2.1418245,-0.59060085
RKO,0.3223446,0.4390602,0.7397945,-0.33295143,0.19891693,0.4578212,0.45690686,-0.3348195,0.7794898,-0.55001956,0.4966601,0.23770374,0.087500274,-0.008344904,0.37326923,-0.82568794,-0.1326825,-0.45232242,-0.055735387,0.7699228,0.041325014,0.18754765,0.035605803,0.044603042,0.20109203,0.33205467
U-BLC1,-0.98548317,-0.23390287,-0.33507457,0.8071591,-0.16545406,-0.03849312,-0.23215798,0.72272265,-0.5031661,0.43789664,-0.8921704,-0.8908528,-0.46795616,0.07919913,0.35206193,1.003408,0.96254474,0.62753296,-0.02703558,0.12457843,-0.08280477,0.31604826,-0.65873635,0.018911805,0.28454483,0.5333595
KYSE-180,-0.24386607,-0.35130396,0.07290421,0.56957555,0.21467438,-0.29429147,-0.1585587,0.5445735,-0.39435768,0.6936495,-0.65303206,-0.3323757,-0.030725954,0.2779455,0.085773595,0.33026266,0.59217083,0.3450735,0.10463532,0.3632827,0.05270421,0.04081727,-0.094493635,-0.040461674,0.35632837,0.64039695
HuP-T3,-0.8363967,-0.28618205,-0.22104016,1.1399266,0.35125598,-0.061667904,0.2163344,0.32304385,-0.4779271,0.028699003,-0.5124732,-0.12652896,-0.35252088,0.12152466,0.12583472,0.36936805,0.5766205,0.9548883,0.16501431,0.7831631,-0.51444536,0.19551195,-0.4702567,-0.29209742,0.30654043,0.80945456
COV644,-1.1786319,-0.59001124,-0.23550263,1.532022,-0.019860327,-0.6776869,0.059717096,0.26143825,-0.6816518,0.5979204,-0.6045922,-0.05857251,-0.5199535,0.5993834,-0.18894133,0.1589382,0.91548264,1.3471651,0.05961802,0.19488154,-0.8052563,-0.13683538,-0.43280616,-0.53035384,0.5105189,0.78184897
KNS-42,0.13194653,-0.042828314,0.31486648,-0.12660244,0.04532291,0.18682663,0.10199079,0.17655039,0.85824835,0.36079952,1.2132461,-1.3507032,-0.7953698,0.2790503,0.464738,0.11342436,-0.43787816,-1.6801014,0.3763291,-0.053824104,0.14610282,-0.539992,0.09545611,0.2270115,0.35873106,-0.1918377
JHOM-1,-1.6247886,0.08236266,-1.1374477,0.62679136,-0.20556116,-1.1455219,-0.9370641,1.1947008,-0.98634505,1.8034478,-0.58636785,-1.3245796,-0.8243867,0.22433338,0.24066508,0.21051313,0.8186826,-0.33303577,-0.19796227,-0.26314196,0.36976415,-1.0036179,-0.7737571,-1.025003,1.246927,-0.8461173
NCI-H510A,0.09026143,-2.2126849,0.9583585,-0.52151775,-1.2461106,2.1029272,2.0295143,-0.8414466,3.4340625,0.7672622,3.496367,-2.5886772,-0.2828415,0.4515317,2.5201228,1.1595011,-2.5791936,-4.213884,2.1866426,-0.47846717,-0.10807246,1.0017221,1.2323215,2.7372212,-0.7319034,0.1836262
DLD-1,-0.8835758,-0.92279905,0.9743055,1.5027037,0.6985661,0.09685284,0.64593494,-0.6009313,-0.16269982,0.08167623,-0.2842633,0.48481175,-0.6442401,-0.0064921007,0.6513697,-0.31833363,0.68237346,1.5696596,0.3722725,0.21489228,-0.6813529,0.398581,-0.5108567,-0.42159247,0.010831825,1.36965
PrEC LH,-2.0835953,-0.86741626,-1.5762492,1.3403004,-0.35960364,-1.558877,-0.8546004,0.9507261,-1.501732,2.641161,-1.513526,-0.5789424,-0.7179575,0.96601784,-0.0012016892,0.48684877,1.2367718,0.81118804,0.19162706,-0.32048655,-0.51182395,-1.0505304,-0.99984336,-0.9686656,1.713505,-0.044135198
HCC1359,-0.60082614,0.49734807,-0.17535305,0.15657051,0.22355483,0.0066967085,-0.26989186,0.046634793,-0.043269686,0.5305487,0.15389854,-0.99666953,-0.33203065,0.06465413,-0.0766274,-0.22970521,0.028136289,-0.6796342,-0.12138446,-0.23092942,0.049344815,-0.778641,-0.15271375,-0.4603687,0.49379385,-0.55916995
TE 617.T,0.66340125,0.103923745,0.70337105,-0.11623123,-0.79425573,-0.041889198,-0.3325644,-0.3113478,1.8540095,0.037507955,1.4488666,-0.24434148,-0.6508167,0.268775,0.6920775,-1.2571902,-0.27883345,-1.0783947,0.063323095,0.18381643,-0.60018146,-0.2636998,0.2449647,0.079163395,0.4174298,0.44585535
MOLP-8,1.4870787,1.5438414,0.7000359,-1.9265391,0.37242207,0.6558798,0.8186736,-0.40438554,0.92516553,-0.4152893,-0.09159038,1.404923,2.5878854,-0.37105483,-1.3269176,-1.7251372,-1.6134079,-0.652457,-0.39743415,1.9915965,0.49699393,0.7752836,-0.07728338,0.15934993,0.6922604,-0.7150405
SNU-1041,-1.4880421,-0.91553473,-0.8445785,1.4961243,0.08869891,-1.4993763,-0.8043776,1.2187058,-1.4051328,1.5977445,-1.2324021,-0.64870065,-0.43886328,0.7034023,-0.14941457,0.51606315,1.7002609,1.0674075,0.19955213,-0.109631225,-0.62310565,-0.39379865,-0.49103606,-0.91789514,1.1318768,0.8246775
NCI-H661,0.021297377,0.19705482,-0.015797406,0.3698466,-0.18542951,-0.29492217,-0.25587684,-0.11491249,0.6861798,0.4672609,0.62967724,-0.62207556,-0.42166844,0.32187358,0.43062794,-0.51553965,0.027960338,-0.9089209,-0.22544861,-0.050429404,-0.18793583,-0.8673856,-0.012735739,-0.1563088,0.68258923,-0.32959893
HCC2279,-1.6122259,0.14299597,-1.1060963,0.66437334,-0.013240799,-0.81647915,-0.5664756,0.8642626,-0.96499366,1.2266254,-0.54456085,-0.57322085,-0.5568351,0.0823448,0.013303211,0.21088475,1.1175165,0.06571433,-0.34118572,-0.2133472,-0.3095978,-0.5205067,-0.77745616,-0.7193298,0.8920382,-0.31734666
SW1573,-0.8565217,0.49914953,-0.33588976,0.036662344,-0.19640544,-0.061678737,0.22226903,0.2333505,0.30082446,0.38152844,-0.17233701,-0.6516884,-0.48605454,-0.034765974,0.30112186,-0.108141944,-0.021195702,-0.3294921,-0.13782752,0.08009096,0.04134406,-0.37004465,-0.11648621,-0.1082299,0.34803903,-0.34495506
SUP-B15,3.4041128,2.9607096,-0.3577711,-4.549793,0.026532084,1.9114518,0.8238476,0.5112533,2.5808444,-0.5513234,0.018133,0.84695333,5.824996,-1.5353138,-1.3531151,-2.461368,-3.8267293,-1.173039,-1.7151835,2.4605603,1.6659678,1.2456304,0.32673436,1.3143822,-0.79163945,-0.95473194
Reh,3.0600407,2.3787813,0.035675228,-4.0656567,0.27487406,2.1212385,1.0233326,0.5822226,2.852477,-0.60042566,0.5286456,0.79498684,5.244068,-1.3174108,-0.97286886,-2.5757756,-3.5950792,-1.6001956,-1.0214236,2.750447,1.5984998,1.2036692,0.77197,1.5246527,-0.36466715,-0.85286474
Kelly,1.319254,-0.33050784,1.7801571,-2.1534605,0.0149998665,1.718492,1.5647744,-0.46425968,3.846735,-0.7845304,3.788882,-1.9386489,0.5804106,0.44894958,0.52565855,-0.8919383,-2.935866,-5.090252,2.4438117,1.5907717,-0.2400843,1.2718711,1.8520733,1.9381784,0.789027,0.36819613
NCI-H838,-0.21335809,0.39500874,0.13766554,0.14253873,0.09143785,-0.2761093,-0.124884985,-0.04573649,-0.0130604245,0.15890029,0.077494055,-0.42447907,-0.33545452,0.1698834,-0.027518863,-0.15581273,0.07302585,-0.35292646,0.07773395,-0.08374841,0.12906656,-0.5293236,-0.12195818,-0.029025631,0.26711097,-0.15686962
NCI-H727,-0.9092622,-2.0821855,0.5698184,1.3069024,-0.06772296,0.4233998,0.957247,-1.1604104,0.95261693,0.23300962,1.3915914,-0.80584353,-0.97444993,0.35551158,1.6852775,-0.1637626,-0.49752617,-0.24514891,1.3153672,-0.5600939,-1.2521445,0.6899127,-0.2836294,-0.12184602,-0.06803759,0.4524774
TCCSUP,-1.0534211,0.42260343,-0.7079175,0.3196315,0.27879018,-0.69217,-0.8037278,0.9127979,-1.0860728,0.82186997,-0.5160485,-0.67611754,-0.5785861,0.05588764,0.0008902624,0.07119618,0.9371886,-0.28332376,-0.14881882,-0.17437899,0.14149839,-0.7008729,-0.7924924,-0.79609174,1.0132978,-0.4346757
HCC70,-1.0795866,-0.3604519,-0.14645374,1.0480666,0.11886628,-0.24733594,0.37805533,0.6275311,-0.9801923,0.44107527,-1.0294718,-0.45549217,-0.07106082,0.112097226,0.080742836,0.57889664,0.76863974,0.98162293,0.12094482,0.06901768,-0.6817157,0.20886119,-0.347634,-0.104206905,0.2630243,0.82303673
YKG-1,-0.4297889,0.48429117,0.09933449,0.316627,0.60192984,-0.5242752,-0.40141058,0.044413716,-0.28735936,0.25575125,0.5603181,-0.77351975,-0.6754961,0.12278003,0.22264539,-0.41417298,0.06089533,-1.1095558,0.027668178,-0.04084437,0.19137725,-0.6990137,-0.27213553,-0.608148,0.7163231,-0.4916324
Hs 839.T,-2.4318645,-0.661818,-2.1273766,1.6614147,0.7018554,-3.480125,-2.2036433,2.5514112,-2.7811558,3.5565057,-0.35136423,-1.9665005,-1.5159953,1.2628753,-0.43001956,0.030184522,2.6850848,-0.47687295,-0.13428268,-0.44898188,0.10901861,-1.8673959,-2.51214,-2.3731613,2.4784975,-0.58719254
SUP-T11,2.9055448,2.735124,1.2083104,-3.4224615,0.73799294,2.159141,1.0148317,-0.13652822,2.2810817,-0.033622563,0.41660148,1.7678187,4.407294,-1.4369838,-1.1411712,-2.824324,-3.1318192,-1.370355,-0.84144944,3.0205266,1.401762,0.87171775,-0.04229261,1.4353635,-0.16883154,-1.3453265
FU-OV-1,-0.08375861,0.07872246,0.4519015,-0.012782168,-0.18898413,-0.3935472,0.08600358,0.24945404,0.2005834,0.06020937,0.44771576,-0.6490331,-0.69626486,0.42539716,0.31876567,0.2895774,0.15948938,-0.576906,0.04601596,0.24215072,0.017354224,-0.26347357,0.017938916,0.1951701,0.2041372,0.14617126
NCI-H2452,-1.173184,0.44698337,-0.8099781,0.22915155,0.08062339,-0.686406,-0.65166247,0.97911996,-0.74491566,1.0448794,-0.31098375,-0.60359704,-0.5035699,0.14606045,-0.2107656,-0.004245086,1.0987926,-0.3510266,-0.2670199,-0.18592256,0.14079286,-0.87560254,-0.80961746,-0.7584809,0.9140172,-0.29913676
A2780,0.8336898,0.40858144,1.0392501,0.10161785,-0.100740604,0.08048929,-0.035171963,-0.90648353,1.0970182,-0.23934665,1.1729747,-0.28460824,-0.0023228526,-0.025367767,0.41706032,-0.63351685,-0.5438598,-1.2823511,0.13413915,0.573013,0.2683801,-0.32532394,-0.056488674,0.6628275,0.32095623,-0.8086078
BL-41,3.7567003,3.0497627,1.1508526,-5.037559,1.8191063,2.9806898,1.7175219,0.57558715,2.442802,-0.8869431,0.15848888,2.2328963,5.613128,-1.2696977,-2.3303933,-3.1155632,-3.921217,-1.845325,-0.65149844,4.198669,1.5641136,2.2443445,0.2086008,1.5848491,0.72333413,-1.0954913
CPC-N,0.92892396,-0.8845646,0.97286415,-1.929563,-1.3040712,2.6750793,1.9281802,-0.6938423,4.3846436,0.5225327,3.9622579,-2.7619517,0.6965656,0.42221743,1.7245033,0.4232877,-3.5753937,-5.4122934,2.49118,0.55402243,-0.12028085,1.2724191,1.6790692,3.3161335,-0.7005665,-0.068808466
NCI-H1563,-0.99139506,-0.2583763,-0.78393745,0.22212602,-0.046681516,-1.1393514,-0.60940945,1.0670295,-0.510025,1.246182,0.006737709,-0.8812713,-0.69471776,0.049849883,0.2022947,-0.02749125,0.8301003,-0.39650816,-0.21202575,-0.17318247,0.21932136,-0.6106835,-0.7358552,-0.75808585,0.86700946,-0.50308204
VM-CUB-1,-1.22366,-0.50526476,-0.7890408,1.6569005,0.007891983,-1.0595701,-0.48175037,0.7860312,-1.4800926,1.433845,-1.4561424,0.047282144,-0.3219658,0.6591588,-0.3936285,0.4976554,1.1428466,1.0262167,0.34400964,0.5735658,-0.55005246,-0.15518017,-0.4118013,-0.75081116,1.1766028,0.8158927
HCC364,-1.4613434,0.24063604,-0.97648585,0.6252812,-0.53196853,-0.40818,-0.26109427,0.542473,-0.22312495,0.96439576,-0.45996234,-0.84154993,-0.5009793,0.16886386,0.17540756,0.14686143,0.43644208,-0.079921715,-0.14308283,-0.34471202,0.14825383,-0.61095726,-0.5131499,-0.3285263,0.44513434,-0.3609807
U-118MG,-1.3052526,0.7421749,-1.3097217,0.5579206,0.6809283,-1.02967,-0.7487649,1.073362,-1.4324567,1.3695989,-0.27278036,-1.297821,-0.7290291,0.15181625,-0.016439438,-0.135524,0.9754116,-0.8105399,-0.18491116,-0.19779971,0.46325874,-1.0957068,-1.0575125,-1.3825368,1.350965,-0.7128944
SNG-M,-0.7921237,-0.24088839,-0.43240285,0.6247196,-0.35278445,-0.59353226,0.22354102,0.5275581,-0.3189394,0.5101232,-0.45102352,-0.26674363,-0.7548263,0.26839995,0.26639393,0.4617379,0.3013342,0.7696606,-0.042567715,0.327214,-0.047345728,-0.319242,-0.34513322,-0.18757182,0.3811056,0.40480226
Hs 852.T,-0.33083677,0.51497394,-0.32819822,-0.16123298,0.15149643,0.09851315,-0.010250609,0.8116011,-0.08086836,0.70481175,-0.2147265,-0.82375175,-0.2584691,0.20762917,0.22088084,-0.16199662,0.088825986,-0.5319924,-0.32985175,-0.19181581,0.059359647,-1.0735008,-0.47933805,-0.5996353,0.19388372,-0.15801415
LS123,-1.3463746,-0.11322796,-0.51519173,1.265965,0.112924665,-0.3074118,0.09793939,0.46519294,-0.68445385,0.50351274,-0.9367429,-0.14534111,-0.089122616,0.19737509,-0.012933649,0.4389259,0.7769643,1.2172158,0.115764335,0.33573955,-0.91167665,0.031450458,-0.48016918,-0.35853672,0.62374985,0.7185085
SNU-738,-0.815785,0.4054315,-0.6587417,0.1477005,-0.16415982,-0.48759457,-0.29950798,0.7606988,-0.38951194,1.0485358,-0.41359067,-0.75778574,-0.41225618,0.34083116,-0.072162375,0.31758744,0.48161235,-0.43039066,0.037078872,-0.3281893,0.05130571,-0.98688495,-0.2805919,-0.2530646,0.7394322,-0.18404174
SNU-489,-1.4203179,0.17207138,-1.2948669,0.7919071,0.286626,-1.5701365,-1.1682186,1.6041313,-1.5816317,2.1665375,-0.30352497,-1.25878,-0.92630714,0.3701089,0.103864335,-0.035344064,1.2921607,-0.94328105,-0.28705713,-0.32057017,0.19628805,-1.3145111,-1.3001757,-1.4379349,1.6596646,-0.95945054
SNU-245,-1.9107046,-2.889031,1.7712977,2.9413278,1.564778,0.09517579,0.7438718,-1.5343418,-0.54723334,0.3996125,0.016979069,1.114784,-1.5928339,0.008777879,1.4622192,-1.1147628,1.1222994,3.259523,0.8016473,-0.36575443,-1.9476117,0.48751327,-0.9704537,-1.5661877,-0.40187624,2.1309767
SNU-61,-1.7105018,-2.3086214,1.3379728,2.9003458,1.2811589,-0.058567062,0.8043573,-1.4515276,-0.61700547,0.11701553,-0.23773628,1.1837443,-1.4804012,0.016270563,1.0916721,-1.069798,1.1865367,3.2420006,0.58831906,-0.29115278,-2.0663753,0.4518621,-1.092695,-1.568755,-0.20804149,1.8554302
LN-229,-0.39274102,0.7280182,-0.25913107,-0.122017205,0.43014133,0.101353556,-0.20427926,0.69611895,-0.17943373,0.4235139,-0.1319228,-0.56240535,-0.4239267,0.21523628,0.117527746,-0.091182336,0.25982493,-0.5000568,-0.16483003,-0.14749174,0.1720469,-0.9959206,-0.59003764,-0.5445864,0.39296132,-0.19927083
NCI-H810,0.88382876,-2.2014458,1.7421157,-1.0066953,-0.7398951,2.2533824,2.2262564,-0.8348266,3.4292254,0.041818477,4.017572,-2.374715,-0.08670005,0.81055903,2.0782592,0.16673496,-2.4149578,-4.4446855,2.5001473,0.34411573,-0.54359734,1.4336338,1.5554042,2.2580001,-0.13763167,0.7326651
SET-2,1.7562623,2.3978186,-0.5124937,-2.7428188,-1.0038742,0.09559584,0.67650837,0.38528234,2.0982814,-0.1555322,0.3366506,0.5489407,4.5808,-1.8048377,-0.50041276,-3.0388544,-1.8329419,0.15208378,-2.1061008,0.10191405,2.0718043,0.23600101,0.22523682,0.47341198,-1.0112013,-0.6916968
HEC-1-A,-0.7928914,-0.103690915,-0.30900255,1.0534536,0.23080595,-0.38020706,0.16662872,0.10769756,-0.21046427,-0.06576115,-0.24033412,0.44492388,-0.49145395,0.41962552,0.18052389,0.057334572,0.37528574,0.99248505,0.2571462,0.6519838,-0.51378155,0.056685444,-0.58962965,-0.3665461,0.6008649,0.82681054
HSC-4,-1.1141548,-0.49712393,-0.7910676,1.2936263,-0.02281852,-1.1410345,-0.5029228,1.2417868,-1.2136708,1.3982415,-1.2178047,-0.6416986,-0.24355844,0.5441614,-0.117304325,0.36635658,0.9022685,0.8656477,0.3472176,0.33951628,-0.23431098,-0.2966286,-0.42356437,-0.56603056,0.84057033,0.5630128
NCI-H1048,0.3205626,-0.6147333,0.58598083,-0.5608194,-0.7233236,1.0672754,0.8075091,-0.36292273,2.1126394,0.16843632,1.7228111,-1.4149948,-0.2875339,0.124590725,1.331762,0.37038907,-1.0587167,-2.3807905,0.9406472,0.14558733,-0.16047943,0.352275,0.85847986,1.4599878,-0.37125045,0.26697254
DMS 79,0.5245975,-2.0148053,1.193908,-1.2449639,-1.5123721,2.407708,1.9081962,-0.57754433,4.355128,0.7151714,4.515255,-3.4496262,-0.27898532,0.8505469,2.371631,1.1334617,-3.2820184,-5.3831644,2.3581529,-0.3469478,-0.15385383,1.29718,1.7805836,3.324429,-0.8828856,0.025953084
PE/CA-PJ49,-1.4020846,-0.33078566,-0.9919863,0.7620975,-0.048421122,-1.2267531,-0.7640137,1.3373796,-1.2729124,1.6382289,-1.2320036,-0.70342916,-0.46652097,0.21086222,-0.1432439,0.5942373,1.5400449,0.7311117,0.19195507,0.13333705,-0.07074148,-0.28914562,-0.8500725,-0.6900734,0.9959667,0.4854682
JMSU-1,-0.75784385,0.5182876,-0.16595045,0.076834716,-0.08567208,0.26551113,0.015571322,0.5923031,-0.037443005,0.37892967,-0.11944033,-0.6614004,-0.41068164,-0.023370704,0.02594065,0.14108753,0.24085483,-0.41542014,-0.28740108,-0.17422673,0.12126768,-0.6526181,-0.22789441,-0.12920678,0.33317584,-0.18426898
MeWo,-0.23782173,0.45296115,-0.07701827,-0.30978033,-0.22073394,0.17568362,0.29782954,0.20749795,0.6954617,0.08973421,0.07434292,-0.5136472,-0.38174877,0.54638594,0.53506315,-0.3185921,-0.3598212,-0.14186683,0.22669576,-0.20438288,0.033886567,-0.4833488,-0.053767174,-0.16824459,-0.09868295,0.10211394
TALL-1 [Human adult T-ALL],3.449018,2.7582896,1.31428,-3.9012332,1.026191,2.4006317,0.85978925,-0.19106229,2.4436839,-0.09476271,0.9022658,1.5586209,5.3921995,-1.7731798,-1.3247454,-3.3907084,-3.5538738,-1.5162706,-1.155608,3.356804,1.4788952,1.1009045,0.46401018,1.5882094,-0.3646066,-1.5336639
Hs 688(A).T,-2.797222,-0.81522715,-2.4623957,1.8385422,0.4023687,-4.0398026,-2.2714114,3.008204,-3.1797497,4.2824793,-0.4676528,-2.330886,-1.7691529,1.5301292,-0.458427,0.1979254,2.9937274,-0.437602,-0.2697603,-0.54220057,0.2169267,-2.0560586,-2.848189,-2.6234958,2.6938753,-0.63618594
OVCAR-3,-0.45486474,-0.07216113,0.035887983,0.6429641,-0.47890028,-0.3057444,0.23573968,0.3067332,0.33170873,0.28957766,-0.15999644,-0.79880863,-0.6039166,0.43636668,0.54919946,0.67669547,0.288562,-0.192552,0.07568255,0.22447206,-0.02390159,-0.054537594,-0.13043994,0.13827223,0.23250888,0.72470397
OE33,-0.5245672,-0.17690709,0.103214175,1.2701802,0.4436934,0.10901793,0.19774562,-0.17231219,-0.3549544,-0.055750895,-0.3507002,0.094403505,-0.076951995,0.10885781,0.05430179,0.10229673,0.49190488,0.98323834,0.1455662,0.6815968,-0.4358096,0.43977714,-0.3022422,-0.4396955,0.26619035,0.62154996
B-CPAP,-1.3036016,0.09272973,-1.2541853,0.27759016,0.117490605,-0.75086296,-0.65733635,1.2327615,-1.2609271,1.5010759,-0.555689,-0.5317685,-0.44645017,0.2434441,-0.36183658,0.19826028,1.1046762,-0.2926331,-0.2267894,0.13139525,0.108358935,-0.8611892,-0.91224736,-0.9258615,1.1729994,-0.22774269
SNU-761,-2.2406955,-1.1958854,-1.750448,1.3820897,-0.9215207,-1.6093519,-0.6913859,1.5474706,-0.8097538,1.9760177,-0.24606758,-1.0873419,-1.5858179,0.6644723,0.92267996,0.4388461,1.3479397,0.2994883,0.18239808,-0.69843405,-0.16067122,-0.81898165,-1.1872039,-0.6724156,0.7535932,0.13455693
IMR-32,1.4274666,-0.5921185,1.6590836,-1.6947486,-0.11222178,1.7612088,1.5854728,-0.7485335,3.9665983,-0.6323842,4.187431,-2.1614897,0.26255673,0.6003394,0.84915453,-0.64347386,-3.112181,-5.0623775,2.5167608,1.5133591,-0.3129055,0.9576827,1.9265324,1.9217961,0.61109483,0.22898918
LoVo,-1.0133424,-1.6259112,1.1664506,2.1453838,1.0229836,0.2152457,0.54461277,-1.2039249,-0.1634883,0.057739228,-0.14371043,0.773326,-0.92306066,-0.15012777,0.903402,-0.79545474,0.45873657,2.0660982,0.30343407,0.18726222,-1.1896052,0.30374897,-0.8018951,-0.9829533,-0.1262315,1.3153555
ZR-75-30,-1.4111918,-1.1408815,-0.041434348,1.676476,-0.21554866,-0.4107107,0.67603517,0.013305362,-0.2647008,0.8366372,-0.1447041,-0.81497073,-0.8098084,0.20252149,0.6935616,0.29522792,0.052132472,1.00706,-0.2779496,-0.8345867,-0.829043,-0.0013038814,-0.40090176,-0.2101697,-0.42643252,0.84359336
A-1207,-1.3625073,0.7153104,-1.2487596,0.52229464,0.16107036,-0.759775,-0.54402405,0.9026017,-0.75680274,1.4109204,-0.44648865,-1.0991464,-0.65937763,0.23640543,0.12964208,-0.06608471,0.5249717,-0.67522305,-0.14972344,-0.45211488,0.1107593,-1.1430783,-0.6745715,-0.5709113,1.0593029,-0.51933944
G-361,-0.18091509,0.45235717,0.15777013,-0.14739998,-0.00012638792,0.17359108,0.12946963,0.1332907,0.6830286,0.16623124,0.15917712,-0.40515727,-0.32521066,0.64500844,0.45060885,-0.5513803,-0.31454808,-0.31745595,0.10244654,-0.16120514,-0.0626347,-0.45385003,0.068674676,-0.33697113,0.13950428,0.18278076
CMK-11-5,2.471173,2.4694223,-0.18319519,-2.966514,-0.7147574,0.4011936,0.61833215,0.06244929,2.7061548,-0.6776971,0.7819194,0.6968663,5.024194,-1.9315065,-0.6094116,-3.5167098,-2.231996,-0.0052002966,-1.9435736,0.7574614,2.2188842,0.38890144,0.52625376,0.7098901,-0.7591097,-0.84647715
EFO-27,-0.98213506,0.31294724,-0.653278,0.13139486,0.008183572,-0.35439312,-0.16380838,1.195222,-0.4401307,0.5939565,-0.50053453,-0.43076873,-0.59535545,0.16160914,0.013869051,0.32144707,0.6425334,0.18126276,0.0757101,0.39343226,0.1432144,-0.26818475,-0.49271685,-0.26638797,0.64974594,0.21261378
MIA PaCa-2,-0.34669843,0.30004466,0.24090394,0.20874745,0.07331751,0.045146614,0.31679073,-0.30140004,0.44704872,0.28776717,0.2147184,-0.13147217,-0.21743947,-0.09117007,0.37485504,-0.19041954,0.039907806,-0.17353591,0.02644407,-0.04510216,-0.051843107,-0.34144294,-0.06053396,0.2987654,0.16593772,-0.1119325
Hs 895.T,-1.8604912,0.10182604,-1.8539591,1.0667856,0.6336164,-2.3130937,-1.6054602,2.16956,-2.2120302,2.7560344,-0.2757543,-1.8405112,-1.313571,0.73362887,-0.33514088,0.22548437,1.9105549,-0.68131167,-0.22464916,-0.29389465,0.3034285,-1.465867,-1.7951754,-1.7947387,2.0655115,-0.47806296
Hs 863.T,-2.5932019,-0.686121,-2.315485,1.6334457,0.5317702,-3.6432314,-2.2262974,2.6316717,-2.9616005,3.9642754,-0.3332053,-2.2483625,-1.6739074,1.5345225,-0.44087312,0.017556027,2.8217552,-0.40125182,-0.14479208,-0.60804105,0.1965712,-2.0468664,-2.6841028,-2.476439,2.4952645,-0.6716076
RVH-421,-0.30906957,0.532707,-0.41246954,-0.06826572,0.43934247,-0.0015915409,0.21886285,0.563753,0.18783392,0.5635224,-0.27641326,-0.612583,-0.21388957,0.5303687,0.1091906,-0.36029643,-0.107836634,-0.20911163,-0.12284601,-0.32291248,-0.118676655,-0.6684445,-0.42134747,-0.5259501,0.24295905,-0.10920401
JHH-1,-1.0272485,-0.49074817,-0.4788035,0.9871078,-0.31520674,-0.61372936,-0.047146916,0.6299734,-0.3284244,0.7324035,-0.069308974,-0.05313825,-0.73592854,0.50915384,0.124107644,0.6002887,0.7485614,0.29866925,0.16912417,0.31973234,-0.09901331,-0.14603902,-0.60215974,-0.26377723,0.4292503,0.81248236
SNU-216,-0.92880887,-0.083698094,-0.53481764,1.2788646,-0.25166073,-0.26681244,-0.14858127,0.60859334,-0.40796694,0.4393001,-0.68425125,-0.53555286,-0.17031004,0.18033814,0.021028824,0.82495767,0.73990816,0.89677644,0.19823381,0.11107428,-0.48849446,0.3476129,-0.6003143,-0.11709202,0.40110916,0.95181304
EPLC-272H,-1.2022839,-0.16908893,-0.7201952,0.5376539,0.04976195,-1.030191,-0.6210197,1.0824018,-1.2686919,1.3698843,-0.99425155,-0.7016832,-0.5129519,0.35379577,-0.13678987,0.77864796,1.3210461,0.49787167,0.2270565,0.0388303,0.004720278,-0.18290463,-0.62414694,-0.38888302,0.8951215,0.48868355
MEG-01,1.5772252,1.6915426,-0.052178316,-2.0065105,-0.18424733,0.17515838,0.33823177,0.21584514,1.6938536,-0.34777623,0.52306753,0.40641627,3.3105638,-1.200307,-0.57545817,-2.5280273,-1.3768148,-0.24585423,-0.83699536,0.62396336,1.2239437,0.13099827,0.1755055,0.4229516,-0.19188257,-0.4170649
NCI-H2029,0.34909704,-2.488816,1.0620638,-0.8697901,-1.3655307,2.2696073,2.3797503,-0.73981655,3.395813,0.6172645,3.7038074,-2.6327229,-0.11518225,0.5136216,2.4922369,1.0302838,-3.1824608,-4.361504,2.1864922,-0.57141274,-0.28136262,1.3330297,1.6394448,2.5837607,-0.98229825,0.0020488203
AU565,-1.0439048,-0.5727274,-0.06847222,1.5965638,-0.11677238,-0.3673899,0.18563166,0.14947236,-0.29127553,0.71805465,-0.39199883,-0.5514608,-0.31383312,0.23308977,-0.060543433,0.28165376,0.25302708,1.260582,-0.2819477,-0.30610895,-0.49709088,0.17883497,-0.33516163,-0.058555692,-0.15019071,1.0167184
COLO 680N,-2.023768,-0.48681974,-1.3516418,1.5787226,-0.33373958,-1.4312205,-0.92665964,1.4371428,-1.5771207,2.2011352,-1.4976783,-1.0034608,-0.3739728,0.51115596,-0.36951217,0.99197066,1.7169087,1.0483551,-0.029663295,-0.020467732,-0.4253524,-0.5456955,-0.99025166,-0.82199603,1.0672798,0.5760363
ST486,3.4654512,2.7338505,0.94846094,-4.545208,1.4337307,2.8021913,1.4365453,0.38568524,2.6600192,-0.4972081,0.19786423,1.5747042,5.26514,-1.0838594,-2.0757837,-2.5638413,-3.7525237,-1.9312669,-0.78714675,3.68164,1.3433877,1.8660395,0.3001778,1.5445459,0.54962015,-0.97958475
ZR-75-1,-0.39429414,-0.83527756,0.35781577,1.394531,-0.52625513,-0.1630243,0.75496185,-0.17127165,0.25927007,0.4132583,0.1991153,-0.87685937,-0.23713797,-0.16377337,0.6296226,0.2160223,-0.3078825,0.42959717,-0.12155662,-0.32724255,-0.111226335,0.3076958,-0.10515916,0.1970907,-0.629559,0.86496675
Namalwa,3.6814637,2.9702187,0.93027306,-4.698198,1.3378694,2.4078774,1.6845747,0.40649676,2.255564,-0.9761821,0.18169951,1.9302431,5.550809,-1.221751,-2.1805124,-2.9773257,-3.9433122,-1.530658,-0.73107815,3.8443706,1.5582709,1.925435,0.23471968,1.3416455,0.55026853,-1.1148626
RERF-LC-Ad2,-1.3676502,0.008796863,-0.64221513,0.822196,0.17558274,-0.2592405,-0.42044187,1.0131323,-0.9229796,0.8370839,-1.124658,-0.5476027,-0.18577647,0.1352163,-0.38457942,0.7809831,0.9936466,0.97884357,-0.039075255,0.7098372,-0.1839027,0.057756983,-0.76941067,-0.20966718,0.88954043,0.77125144
COLO 792,-0.6631985,0.12109712,-0.14061761,-0.14182377,-0.20329945,-0.26584253,0.3125071,0.29605508,0.52076936,0.3879881,-0.010741174,-0.69887084,-0.40704045,0.8093265,0.6159826,-0.5379738,-0.5368661,-0.06657931,-0.1842663,-0.7375749,-0.3432719,-0.6621736,-0.13272981,-0.25124514,-0.03361106,0.047330916
ML-1 [Human thyroid carcinoma],-1.3741957,-0.38861442,-0.7810727,0.63274634,-0.057412162,-1.3295243,-0.975588,0.99658316,-0.7979044,1.525238,-0.0010868013,-1.1087643,-0.8209719,0.37796223,0.26599163,0.2080104,1.0741806,-0.5241872,-0.17848901,-0.15042053,0.50516295,-0.8374182,-0.94309014,-0.9383054,1.0975187,-0.8337882
RERF-LC-Sq1,-1.4666727,0.56294465,-1.0943553,0.51476955,0.20223407,-0.8772431,-0.6893623,1.2891948,-1.0362086,1.3188403,-0.6197145,-1.0413978,-0.5438957,0.33129346,-0.16302113,0.24045412,0.6269738,-0.85514796,-0.12600109,-0.03233677,0.32588938,-0.7219725,-0.70608073,-0.9158849,1.1463665,-0.63949
NCI-H647,-0.8475071,0.30141267,-0.51736116,0.38801652,0.3173492,-0.46781206,-0.25072524,0.29383758,-0.4724253,0.35939294,-0.686166,-0.37139663,-0.2366238,-0.01979974,-0.34892103,0.19766553,0.422673,0.0528875,-0.035455123,0.34122694,-0.26852664,-0.20301177,-0.4787001,-0.35664886,0.5552053,-0.16567318
TE-14,-0.84057087,-1.0262821,0.058883052,1.4232779,0.059668943,-0.60583436,-0.07015916,0.40174606,-0.9273085,0.9280102,-0.6171948,-0.2111057,-0.41345197,0.6447002,0.26041314,0.24248622,0.75233346,0.93163526,0.6454813,0.016634732,-0.501878,0.20505998,-0.18629895,-0.4363392,0.29655436,0.9714329
SCC-9,-1.7625022,-0.869262,-1.3179724,0.9196082,0.24148716,-1.5123066,-0.9231812,2.1518216,-1.8415575,2.3617737,-1.7535732,-0.9225704,-0.7343813,0.8281219,-0.4147576,0.81528515,1.8707824,0.9458097,0.31325877,0.4805154,0.043134585,-0.58423686,-0.74659663,-0.9482534,1.4804329,0.5374661
Pfeiffer,3.4720604,2.7555737,0.96424437,-4.144303,1.5957407,2.772027,1.394289,-0.12508747,2.1222074,-1.0944571,-0.17511603,2.6657267,4.402217,-1.3648062,-1.5828942,-2.5791645,-3.1857495,-0.56127894,-1.1567898,3.3534737,1.4606712,1.7710738,-0.22835639,1.0738294,0.5013094,-1.0745888
HuH-28,-1.3904316,0.42455152,-1.1563575,0.5260147,0.26294976,-1.0706174,-0.8591986,1.1710703,-1.0924418,1.575237,-0.44815475,-1.0147524,-0.74057376,0.31508976,0.019564532,0.07381974,0.9051452,-0.5996982,-0.2047788,-0.28922188,0.2816563,-1.0092013,-1.0616907,-1.2898368,1.4337277,-0.61997634
NCI-H358,-0.15831356,-0.19175899,0.2401302,0.670318,0.037116826,0.1527909,0.20664766,-0.054375194,-0.28193784,-0.115585126,-0.6759441,-0.2740386,0.020294216,-0.16805188,0.24838564,0.55109274,0.8233306,0.6929075,-0.08679821,0.27775037,0.008430905,0.3636026,-0.1618173,0.12202648,-0.09857366,0.636807
DMS 454,0.17676497,-2.6475515,1.1682084,0.11710606,-0.9022565,1.9993368,2.3011518,-1.1825933,2.6472378,0.39553076,3.459724,-1.9757564,-0.5265798,0.6113595,2.509039,0.18383434,-2.1576424,-3.1259964,2.1362722,-0.49325225,-0.51440924,1.1399661,0.97772527,1.8780742,-0.7215381,0.11354604
Hs 888.T,-2.3322306,-0.29282308,-2.0796132,1.4601378,0.62841463,-2.8713648,-1.9228158,2.1757612,-2.5233705,3.2307281,-0.4186787,-1.8796521,-1.6309016,0.8754543,-0.16547662,0.006811831,2.3134003,-0.53130585,-0.2340973,-0.5542802,0.2573782,-1.7925006,-2.133785,-1.9939883,2.18207,-0.7993746
SW1271,-0.6790556,0.7247261,-0.6093993,0.019892573,0.020087939,0.23074602,-0.08801256,0.32132888,0.10541408,0.30493325,-0.1966427,-0.5996331,-0.2112471,0.026600527,-0.08454875,-0.2671697,0.093441054,-0.23112267,-0.16645218,0.0659664,0.16640764,-0.6806781,-0.27640676,-0.36962956,0.4244504,-0.42832625
22Rv1,0.27183494,-1.2616551,1.1357092,0.34228832,-0.45811886,0.80896574,1.1271513,-0.90846264,1.7175193,0.22543319,1.0008299,-0.7550358,-0.51638806,-0.15470035,1.2506754,0.07640734,-0.48421657,-0.9755689,0.9582684,-0.23274006,-0.11112883,0.68752897,0.3715077,0.852882,-0.4767605,0.8668736
MDA-MB-134-VI,-0.09127709,-1.1088521,0.30732703,0.32571074,-1.1282147,1.0498055,1.3955337,-0.28061104,2.1905515,1.0009916,1.7665573,-1.9868077,0.041994482,-0.19154137,1.5659609,0.6000281,-1.8134718,-1.7465849,0.39275974,-0.507554,-0.24785885,0.34124622,0.63274145,1.6584301,-1.0974008,0.50147474
JM-1,3.4108005,2.4987204,0.79076576,-4.661858,1.1606207,2.654303,1.2767041,0.38930953,2.858286,-0.83804536,0.4519691,1.6294034,5.3555474,-1.2246315,-2.087954,-2.6462574,-3.9945726,-1.9109828,-0.55133945,3.7691188,1.4635303,1.9703871,0.3995487,1.7414224,0.49718833,-0.8758254
SW579,-1.4498717,0.6275336,-1.3635397,0.68106955,0.6343466,-1.374609,-0.8670275,1.397797,-1.597618,1.6966674,-0.19536528,-1.2699844,-0.84899056,0.6099398,-0.17465293,-0.16485675,1.1695039,-0.7533596,-0.10897826,-0.16341314,0.32413667,-1.3429286,-1.1589472,-1.3994156,1.4601681,-0.46467027
HCC202,-0.9432274,-0.69756573,0.15425499,1.124653,-0.5192605,0.18126306,0.97738457,0.08950191,0.1329514,0.542501,-0.1928231,-0.9486683,-0.5486853,-0.06801267,0.64092386,0.40034372,-0.008492548,0.74996424,-0.22293153,-0.52203125,-0.28281134,0.28361666,-0.18954514,0.47961205,-0.59010565,1.0522711
CA46,3.896131,2.8887422,1.0268359,-4.9927416,1.4748212,2.623923,1.6911248,0.67009187,2.4980292,-0.6790043,-0.037222028,2.0769773,5.9483843,-1.3279572,-2.3787155,-2.9472704,-3.8834043,-1.7086456,-1.0645494,4.032377,1.6385348,2.1158373,0.5494799,1.280014,0.57932067,-1.211767
NCI-H526,0.77130485,-1.5034955,0.81334734,-1.4373463,-1.5071964,2.1724472,2.0334282,-0.4218328,4.2539062,0.7381613,3.4742446,-2.4362352,0.18668777,0.545697,2.163168,0.29565585,-2.8613923,-4.4670606,2.5036492,-0.3675473,-0.10323295,1.5053995,1.4921083,2.6715991,-0.768421,0.71342486
TE-8,-1.0646839,-0.2590558,-0.9944537,0.92372626,-0.39818263,-1.4377859,-0.6996418,1.3768924,-0.6274681,1.9385488,-0.6943524,-1.0247707,-0.78893733,0.53413284,0.32284838,0.46490338,1.1007125,-0.4527734,0.044909306,-0.47423023,0.42643067,-0.82891786,-0.6539798,-0.89544034,1.0631121,-0.25811172
WM115,-0.7613935,0.7402425,-0.6083464,0.02878721,0.37141317,-0.033123076,-0.27682188,0.7656492,-0.18823567,0.88779426,-0.10379809,-0.9933798,-0.39480558,0.44538432,0.14629793,-0.27217832,0.11752334,-0.7520238,-0.26358855,-0.33311793,-0.038085043,-1.0501542,-0.56877375,-0.61439085,0.409792,-0.33394682
HEL,2.4029827,2.4972787,-0.3034411,-2.82768,-0.99672043,0.2580434,0.59683454,0.31976432,2.456036,-0.38160616,0.6967743,0.5654821,4.818697,-1.9325025,-0.4563064,-3.2720368,-2.0356598,0.07427916,-1.9123402,0.41908422,1.9976363,0.2747912,0.30444562,0.619897,-0.87292266,-0.65313447
IST-Mes2,-0.901345,0.5080363,-0.6217909,0.30276847,0.011920523,-0.42678583,-0.4394381,0.37123808,-0.41461286,0.6916685,-0.21754542,-0.46469435,-0.2904291,0.18239199,-0.07655125,-0.030537719,0.40140772,-0.29053062,-0.13448788,-0.07202178,-0.12236139,-0.6705075,-0.5760867,-0.5644677,0.6509417,-0.21375567
BICR 22,-1.9969971,-1.0856655,-1.293733,1.7419257,-0.11605011,-2.117927,-1.0893128,1.7230432,-2.148799,2.2240112,-1.7705511,-0.5073494,-0.5990104,0.7528279,-0.4047452,0.31211245,1.7443876,1.4211767,0.64734924,0.33860442,-0.66384983,-0.33334565,-0.69114083,-1.3241833,1.403793,0.9671187
NCI-H650,-0.29666674,0.32683465,-0.0026399568,-0.022890296,0.2604587,0.20145597,-0.08263729,-0.13093127,0.09727076,0.2200974,0.23145849,-0.45073068,-0.22800191,0.14539462,-0.02724506,-0.22381513,-0.03353917,-0.32031813,-0.13893807,-0.13461459,-0.108425714,-0.5847291,-0.2995898,-0.25536573,0.38143408,-0.345995
HSC-2,-0.9621861,-0.60929865,-0.84873974,1.0433758,0.30817607,-1.0004426,-0.64144325,1.1061089,-1.1223334,1.4696872,-1.1284354,-0.34914747,-0.18285099,0.65272623,-0.25910383,0.19738716,0.88697535,0.5882381,0.5795442,0.5654939,-0.19607875,-0.25068092,-0.2948407,-0.75328684,1.2189142,0.57375944
Rh41,0.32518125,0.21950196,0.1243477,-0.2163928,-0.24271041,0.29795802,0.37280726,-0.121354684,1.012386,0.4326915,1.3789684,-1.0712789,-0.24736784,0.7911653,0.48695534,-0.44399202,-0.70613587,-2.2029562,0.44893843,0.25778782,-0.07665565,-0.7179518,0.14912365,0.2671125,0.5419845,-0.49743736
SHP-77,0.99686027,-1.3063416,1.3312613,-1.0779185,-0.3465338,1.7998877,1.3540304,-0.40888992,2.5427887,0.17190321,3.1333582,-1.6755893,0.22401467,0.53824836,0.7700422,0.047434926,-2.3714833,-4.0138073,1.7407031,0.8493634,-0.3785512,0.7773327,1.1323653,2.0541484,0.44680053,-0.013175905
SNU-283,-1.9668596,-3.0590687,1.9310164,3.1449072,1.3506258,0.23415749,0.95126593,-1.9294326,-0.5579016,0.45190686,0.16839564,1.1527135,-1.8805097,-0.15701671,1.6072379,-1.2825786,1.2368526,3.3551812,0.89460874,-0.5186206,-2.268499,0.4904105,-1.0907403,-1.3997097,-0.588529,1.9661822
253J,-1.1252224,-0.47417247,-0.5591527,0.43355736,-0.50829726,-0.7460786,-0.43636745,0.77053934,-0.36568898,1.042084,-0.02916304,-0.5391996,-0.66571486,0.43266392,0.4379093,0.27297205,0.39295772,-0.22262105,0.115392774,-0.20257778,0.28473678,-0.88494396,-0.6665152,-0.31915402,0.57819253,-0.27157328
MDA-MB-468,-1.0121909,-0.13882157,-0.19713965,0.9407991,-0.020922422,-0.129351,0.1905612,0.70987284,-0.6577601,0.5470421,-0.69027656,-0.63164663,-0.050593063,0.10574217,0.30657476,0.7105298,0.81986475,0.97926044,-0.12810126,-0.17907186,-0.280079,0.27459162,-0.6199484,0.24750301,-0.20094416,0.96921283
HEY A8,-0.5242497,0.661392,-0.17131484,0.11278215,0.36652514,-0.0047874004,-0.17839073,0.25542596,-0.14496967,0.25508237,-0.2684893,-0.46588403,-0.18209735,0.16110954,-0.16557406,-0.06110522,-0.030886836,-0.47153622,-0.12546869,0.19754955,-0.0777974,-0.531228,-0.23280159,-0.405998,0.49931282,-0.44033933
SNU-466,-1.1099544,0.31219548,-1.1259025,0.4006764,0.15605658,-1.4667411,-0.77146316,1.5977333,-0.9250793,2.1334321,-0.062222242,-1.3949556,-1.1111828,0.8347024,0.2073631,0.020948485,1.0437014,-0.679324,-0.2964335,-0.6959889,0.24101958,-1.4804168,-1.1728157,-1.2290285,1.1874946,-0.51525813
SW620,-0.52522707,-0.6929859,0.86306787,0.06081178,0.34366024,0.63264585,0.9236984,-0.96514815,1.2019076,-0.32173112,0.6688985,0.2986878,-0.11949698,-0.18521914,0.95932907,-0.3943784,-0.3616667,-0.3458892,0.6949162,0.40725142,-0.28457823,0.50324786,-0.18133618,0.55786777,0.34610048,0.3741306
NCI-H2227,1.0044022,-1.2980317,0.7959962,-1.2873225,-1.6525409,2.267561,1.793001,-0.19471867,4.822145,0.5778787,4.705905,-3.6052928,0.2694158,0.8333636,2.1391227,0.9145972,-3.3469896,-6.1679807,2.2277296,-0.02474758,-0.05783105,0.83053666,1.9166632,2.9562788,-0.36845222,0.25884768
GSS,0.27740657,-0.9638562,0.8593297,0.383663,-0.6711737,0.7542705,0.77552545,-0.8738238,1.8333125,0.2740052,1.3916991,-1.0866377,-0.2921202,0.06116715,1.4654751,-0.14428695,-0.567621,-1.3687913,0.75066,-0.05985275,-0.03544566,0.51812977,0.564944,0.92272824,-0.33234978,0.25924274
Karpas-620,3.0014186,2.6855392,0.69279003,-4.0306654,1.0727278,1.9611374,0.9946619,0.264452,1.4218907,-1.1100345,-0.1507876,2.0469236,4.9555626,-1.1507752,-2.2189045,-2.413991,-3.2687624,-0.8225558,-1.2417507,3.5930324,1.2542334,1.6249934,-0.16169392,0.46331906,0.45356506,-0.92882884
NCI-H1930,0.99297714,-1.5344404,1.2729887,-0.97009134,-1.4209551,2.1160955,1.509548,-0.5965987,4.6359434,0.406918,4.282976,-3.2179956,-0.07479879,0.74811715,2.0350785,0.8874615,-3.316463,-5.5263786,2.410525,0.2667267,-0.28047734,1.0252824,1.7377911,2.9055572,-0.34272775,0.20192891
SK-MEL-1,-0.10615466,0.33830777,-0.13390926,-0.2627613,-0.32981938,0.44244155,0.4178864,0.34037885,0.947371,-0.001484815,0.28214526,-0.7646057,-0.08361266,0.4021313,0.31766123,-0.19190621,-0.50781214,-0.40487558,-0.0013818769,-0.50302804,-0.0011707442,-0.2329376,0.04733943,-0.034707814,-0.23907846,0.15837038
HOS,-0.27953324,0.59160805,-0.10569567,0.2619868,0.10231018,-0.35306734,-0.18684207,0.1416733,-0.094246075,0.34051657,0.21490166,-0.67975116,-0.2846278,0.31835225,0.07841279,-0.036090754,-0.09194988,-0.7843518,-0.051006954,-0.044235226,0.012513055,-0.527919,-0.17029262,-0.24456607,0.5322643,-0.17239504
TE 125.T,-2.359193,-0.9650622,-2.1100488,1.966087,0.42061043,-3.737773,-2.2481892,2.5969694,-3.1039982,3.9873433,-0.31251493,-2.1768503,-1.7655885,1.5413135,-0.647286,0.20843795,2.891192,-0.37199813,-0.1739381,-0.46638116,0.23368013,-2.009908,-2.6311514,-2.3884764,2.5896778,-0.62065893
SCC-15,-2.0551667,-0.6538265,-1.555792,1.0889537,0.1937145,-1.634695,-1.0792143,1.8127338,-1.9791033,1.9341507,-1.7459389,-0.83935976,-0.7621819,0.53171784,-0.38028768,0.665875,1.8188905,0.67951876,0.31322628,0.3633661,-0.07709144,-0.6033384,-0.8083254,-0.99291456,1.6886458,0.34055686
OUMS-23,-1.0090344,-0.8887673,0.17629012,1.2410784,0.2075587,-0.36211324,0.25575557,-0.08975644,-0.21909603,0.42429173,-0.3516804,-0.11908365,-0.6844013,0.010583367,0.26511437,0.02886172,0.73744094,1.0586157,0.27989548,-0.2185611,-0.24152768,0.14042076,-0.5241596,-0.45358583,0.24184856,0.8112109
PL-21,3.5703063,3.0204039,0.40775037,-3.8302891,0.21611807,0.44432682,0.42037594,-0.57176167,2.003576,-1.7474642,0.26188323,1.9342867,5.9979887,-2.1731186,-1.5465345,-4.5302296,-2.294965,0.7894505,-2.3166828,1.7948616,2.3733873,1.1291025,-0.030351415,0.48506755,-0.8960729,-1.4616683
NCI-H1155,1.1326288,-0.9011915,1.2176766,-0.59787583,-0.7369573,1.2683105,1.2464662,-0.6255695,3.5251021,0.19837315,3.025454,-1.6631632,-0.23955974,0.55354285,0.98980826,-0.25473273,-2.2859685,-3.915664,1.5151925,0.7019847,-0.3357526,0.63929605,1.6045736,1.4629383,0.45312944,0.28930643
CL-14,-2.141571,-2.3599172,0.7432629,2.9788601,1.0015638,-0.25460073,0.317632,-1.0929899,-0.654506,0.50476533,-0.31713444,0.7666891,-1.4045373,-0.030495035,0.77874446,-0.71936834,1.4818335,3.1667094,0.4359218,-0.3267286,-1.8787029,-0.031411827,-1.0693543,-1.6209838,-0.05529859,1.4530135
RPMI-8402,2.658201,2.1089978,0.6481776,-3.2715213,0.4048183,1.7422562,0.7299253,-0.21164441,2.551131,-0.07940635,1.0533521,0.9852734,4.712828,-1.4351954,-0.8343936,-2.9538064,-2.8166776,-1.4556235,-0.43532115,1.9250307,1.2147374,0.781461,0.995457,1.3710828,-0.40291753,-0.9817444
SR,1.9694853,2.5907533,0.24544755,-2.3792796,1.2496184,1.3368273,-0.01496765,-0.23820257,0.59133196,-0.3326767,-0.5699353,2.007355,3.0101326,-1.2737001,-1.4048836,-2.2743819,-1.7281239,0.47610256,-1.6827557,2.125243,0.8516474,0.47205526,-1.287271,0.48393968,0.048226655,-1.1101189
Lu-65,-0.6324438,-0.017618082,0.36053863,0.8060584,0.468463,0.079361916,0.3914087,-0.56109357,-0.07305312,0.048639834,-0.14142402,0.12537944,-0.31671888,-0.10155365,0.33802032,-0.39270818,0.2192927,0.70563006,-0.18368997,-0.040674917,-0.300857,-0.15643322,-0.23870936,-0.3842571,-0.053968143,0.24378845
SNU-8,-1.0641462,0.22751556,-0.8107476,0.7121718,-0.2781912,-0.5795392,-0.1905516,0.61816764,-0.6896895,0.6292572,-1.236081,-0.3229664,-0.2827779,0.36087644,-0.23484543,0.79335797,0.7283319,0.529505,-0.07433742,0.46575215,-0.3207319,-0.16742717,-0.46800473,-0.0695512,0.8792077,0.40716305
MHH-CALL-4,3.6269364,3.4654121,-0.52700955,-5.063979,-0.07872912,1.879216,0.8035591,0.41210204,2.7678556,-0.3123279,0.0028690547,1.0525913,6.8331428,-1.9102827,-1.723,-2.7281027,-4.3238025,-1.0068303,-2.6071715,2.6325066,2.1902533,1.2954028,0.18396957,1.1082973,-1.016957,-1.4348525
PANC-1,-0.8013275,0.031805098,-0.2867434,0.19329038,-0.079416834,-0.17052837,-0.03977664,-0.1500247,0.24022946,0.43613452,0.066570185,-0.44526923,-0.30163103,-0.025301235,0.17789605,-0.11533578,-0.013261355,-0.4045858,-0.04606828,-0.19409363,-0.02309819,-0.43512613,-0.10849802,0.058371186,0.2432049,-0.31899
COLO 205,-1.0243291,-1.7687657,1.2222558,1.7082614,1.0583074,0.42868653,0.620161,-1.3495086,0.22329485,-0.24461484,0.29102963,0.86676717,-0.48635277,-0.700522,1.2054586,-1.0892863,0.32563028,2.166477,0.52739406,-0.20614274,-1.2276269,0.67355233,-0.6557531,-0.9024673,-0.5878855,1.1608821
143B,-0.25452825,0.6867601,0.022396721,0.13092732,0.006564148,-0.03634037,-0.02055933,-0.046115264,0.2726462,0.16538906,0.14286225,-0.6324165,-0.22477528,0.23624873,0.19626036,-0.23841164,-0.12753706,-0.76372963,-0.01889411,-0.046850175,-0.048363924,-0.4862016,-0.044526316,-0.21358037,0.32723016,-0.16799997
NCI-H2196,0.17804937,-2.402364,0.7658989,-0.1991902,-1.3050375,1.2640517,2.0137162,-0.69019055,3.1010575,0.9231406,3.299615,-2.5176384,-0.5855257,0.6712319,1.986143,1.135253,-2.5902715,-4.178573,1.6556838,-0.38816425,-0.51370907,0.7106904,1.3650731,2.045955,-0.37852955,-0.08159618
LN-215,-1.3006201,0.07425448,-1.1624273,0.4959544,-0.14039308,-1.2224239,-0.61496776,0.958483,-0.734458,1.877876,-0.28680807,-1.0104778,-0.8231005,0.48819166,0.3420982,0.0075133704,0.634815,-0.50592625,-0.24030006,-0.69508606,0.20116812,-1.018722,-0.67916083,-0.80727893,0.99371517,-0.7782328
SK-BR-3,-0.90834975,-0.62177545,-0.09505488,1.5569475,-0.35269365,-0.15695992,0.39423636,0.102204286,-0.09197245,0.8059031,-0.35125953,-0.6321957,-0.18891162,0.24234392,0.13609254,0.3509388,0.0014213175,0.79012656,-0.28065056,-0.24640706,-0.4394095,0.2528617,-0.055126414,0.0046158656,-0.19780433,0.9269694
SEM,2.9521484,2.9138231,-0.08777961,-4.1920776,-0.19420433,1.7014347,0.80240726,0.2257703,2.1206863,-0.652237,0.21493402,0.94559205,5.1310368,-1.7922076,-1.2091252,-2.3059382,-3.109017,-1.0647125,-1.7178017,2.2263553,1.6771358,1.0890489,0.22858118,1.0885161,-0.64996755,-1.1237687
CML-T1,3.0156076,2.629124,0.80219734,-3.875024,0.41722065,1.8907686,0.55200464,0.1814098,2.50153,0.0708406,0.4000312,1.4137967,5.0527844,-1.8282061,-1.485307,-3.1413548,-3.4526637,-1.3627635,-1.6244936,2.9334679,1.6468313,0.93835294,-0.19410734,1.2829391,-0.55957896,-1.533773
NCI-H446,0.91545284,-0.6230228,0.615556,-1.5020179,-1.1407633,1.6591058,1.0356207,-0.14537631,3.4713566,0.32746112,3.6161733,-2.8686883,0.117599994,0.5692986,1.2911847,0.3104919,-2.837951,-4.663854,1.8449538,0.47363624,-0.14369784,0.5771052,1.655223,1.8928989,0.112666,0.290699
23132/87,-1.5490208,-2.3681452,1.1291533,3.1472254,1.1472733,0.038728654,0.6422431,-1.056364,-0.41370338,0.6035338,0.13138631,0.9466574,-1.3589524,0.10600454,1.0145377,-0.5822011,1.1388302,2.630232,0.449808,-0.13488168,-1.3833209,0.461296,-1.0405467,-1.5321879,-0.26463407,1.6589195
U-178MG,-1.4213319,0.44800693,-1.4414897,0.63815534,0.5426645,-1.3707325,-0.65937096,1.4774005,-1.4728639,1.9276156,-0.15564579,-1.3809934,-0.9235644,0.51019424,0.07398665,-0.038353465,0.9926358,-0.8901928,-0.14704669,-0.35109702,0.42901623,-1.3275207,-1.3129047,-1.2763194,1.6133845,-0.66203153
Panc 03.27,-1.3141584,0.22043604,-0.59067416,1.0345923,0.2162282,-0.24039273,-0.26438862,0.5680053,-0.6102436,0.19548474,-1.0511436,-0.32220453,0.1173,0.18503594,-0.29484078,0.5763609,0.6188398,0.75406075,0.04663743,0.6082219,-0.6277393,0.07139234,-0.55656266,-0.19000128,0.6788662,0.53549004
COR-L51,0.57740396,-2.637125,1.3707371,-1.2561963,-2.0242283,2.921394,2.510331,-0.8264013,5.1382647,0.7136712,5.178673,-4.1796107,-0.20477185,0.9970257,3.137826,1.3950365,-4.3549347,-6.7304173,3.1864247,-0.4245873,0.03382489,1.2845007,2.1762152,3.9530141,-1.0809227,0.21014243
Jurkat E6.1,2.7382286,1.7804341,0.51944655,-3.320247,0.32843047,1.9891963,0.7775035,-0.004134804,2.457868,0.13896818,0.7479638,0.73654974,4.528924,-1.3328798,-0.76460266,-2.2891662,-3.2210426,-1.5271292,-0.64202476,2.485501,1.3116528,1.0501038,0.6283569,1.5441682,-0.4919178,-1.1057231
SNU-1079,-1.5396919,-0.48646086,-0.8773549,0.5465491,-0.7450155,-0.7535175,-0.3234188,1.0886784,-0.6250108,1.2354233,-0.23551805,-0.70332444,-0.9258182,0.47819376,0.6642642,0.74599266,0.80163693,0.09262225,0.0012675822,-0.11812505,0.20125861,-0.7958415,-0.9573201,-0.13421392,0.558169,-0.034166694
HCC1569,-0.34472892,-0.33943918,-0.17514482,0.503712,-0.19535571,-0.36926556,0.38698453,-0.22019413,0.015798308,0.41876036,-0.03583011,-0.30942315,-0.49119407,-0.17816839,0.44620082,-0.2559391,-0.25619388,0.06902789,0.0067416355,-0.25799593,0.05537178,-0.25248268,-0.2214323,0.15997534,0.13567872,-0.073048696
NCI-H441,-0.77967155,-0.11640293,-0.11429959,1.2497946,0.102114595,-0.11759956,0.10565224,0.13508074,-0.62258655,0.10248284,-0.80248404,-0.15548185,-0.17287737,-0.18142396,-0.04345247,0.3107107,0.6965501,1.4813579,-0.038825072,0.3371552,-0.5040848,0.34423447,-0.40733176,-0.23290448,0.11221337,0.6361659
CHL-1,0.5711062,0.15316351,0.38183808,-0.21667528,-0.18563569,0.07622296,0.29648787,-0.21832114,1.0588307,-0.0710449,0.7484511,-0.4835129,-0.5787129,0.3571463,0.6303365,-0.64916253,-0.40230358,-0.78059965,0.084321454,0.10941528,-0.26945284,-0.27001706,0.440793,-0.37043068,0.15393984,0.46499133
HPAF-II,-1.8915273,-1.2667636,0.22735588,2.4091706,1.3550478,-0.4476322,-0.058273222,-0.2717837,-0.8095146,0.09549433,-0.53621995,0.6466988,-0.88361615,0.06387642,0.29848537,-0.37166658,1.1265798,2.7149322,0.5648141,0.43897015,-1.7124336,0.41540405,-0.93095404,-1.6612413,0.22870073,1.4702874
SNU-1196,-1.201242,-0.83093023,0.12502614,1.622724,0.18031858,-0.23528978,0.26549587,-0.34279278,-0.107609525,0.24400686,-0.4596473,0.087925196,-0.36395347,0.11352894,0.5571716,-0.15138878,0.6511479,1.291524,0.3464555,0.03807413,-0.7841002,0.27695408,-0.26426917,-0.67029727,0.29408598,0.67458767
LOU-NH91,-1.1732559,0.43654487,-0.9836653,0.2538383,-0.018744737,-0.49923754,-0.4562121,1.201229,-0.6175693,1.0650339,-0.6153773,-0.46224543,-0.64387286,0.14070615,-0.23503728,0.2960783,1.0711155,-0.09198319,-0.15946653,0.19299938,0.1194165,-0.58056915,-0.83154196,-0.549939,0.85817456,-0.10594423
NCI-H2347,-0.93428516,0.20038004,-0.41145316,0.87923515,0.25386688,-0.10137705,-0.14721002,0.2415966,-0.440421,0.13344868,-0.70362717,-0.40037453,-0.0038991645,-0.047475774,-0.03614928,0.57073945,0.66266215,0.9636727,-0.014381275,0.5216008,-0.45593017,0.04877208,-0.652593,-0.046985023,0.44403175,0.34353897
PE/CA-PJ34 (clone C12),-1.3932137,-0.7806305,-0.7756866,1.179752,-0.077167876,-1.3201705,-0.48310673,1.2321767,-1.4657509,1.5308042,-1.4755825,-0.770928,-0.22364543,0.5178137,-0.03115055,0.7753689,1.5150807,0.89377373,0.3358669,-0.16766466,-0.20483282,-0.3041779,-0.6173239,-0.5325978,0.92391837,0.57775027
L-363,2.0253148,1.9974937,0.93756735,-2.2355504,0.66895986,1.4324774,1.1028638,-0.3690939,1.4475522,-0.57563657,0.037236974,1.7743155,3.4501128,-0.7762913,-1.3535309,-1.9334105,-2.109063,-1.0572745,-0.8007139,2.5135078,0.896216,1.0037555,-0.044956625,0.63331974,0.5039974,-0.70024884
SNU-1076,-1.6574686,-0.58315337,-1.374105,1.2935109,0.035288066,-1.6055691,-0.8762725,1.7002058,-2.0264442,1.9597952,-1.5913815,-0.49466544,-0.42467594,0.72456527,-0.31243134,0.70948154,1.6614096,1.1667638,0.48878232,0.44206208,-0.6639811,-0.3138148,-0.6665712,-0.9926224,1.2866766,0.943897
KYSE-150,-0.9729362,-0.11159283,-0.70563006,1.0527449,0.05325152,-0.5464302,-0.4059396,0.6246928,-0.71651995,1.1598877,-1.0048704,-0.41054016,0.1560554,0.10508165,-0.3125468,0.1311676,0.6112703,0.89361835,0.13899532,0.29643315,-0.32166946,-0.21209854,-0.3379605,-0.6237752,0.82208717,0.5243609
NCO2,2.2570846,2.1847768,0.00034777448,-2.7577534,-0.2574749,0.7505022,0.62788934,0.112385385,1.7791976,-0.74627566,0.50866014,0.9155823,4.1371717,-1.6871723,-0.6964176,-3.266016,-2.0807686,-0.13929223,-1.4749889,1.3139942,1.7204489,0.5628528,0.52310264,0.41499752,-0.41406578,-0.67736065
S-117,-1.4078013,0.12905589,-0.877549,0.4756618,0.05923731,-0.98890465,-0.682371,0.9616113,-0.8898529,1.4084241,-0.5489533,-0.8914226,-0.6425247,0.1905105,0.118685514,0.17106178,0.7325742,-0.559622,-0.270976,-0.19181427,0.21404989,-0.8104051,-0.74105227,-0.6811216,1.0173515,-0.6242235
NCI-H1876,0.8767186,-1.7083985,0.98590916,-0.9669784,-1.356221,2.1926627,1.8734688,-0.7915878,3.92073,0.3970044,3.7497144,-3.1338139,-0.16658276,0.87220734,2.1085274,0.78425324,-3.1516843,-4.9585214,2.5118225,-0.082218505,0.07550092,1.0529717,1.8277116,2.7075772,-0.46671313,-0.0008698404
Rh30,0.17698984,0.5982508,0.031793367,-0.32081425,-0.1693418,0.1543944,0.35813588,0.038258284,0.4525572,0.2106364,0.8221618,-0.7943044,-0.20681117,0.36453426,0.23680973,-0.36877102,-0.45364037,-1.4654522,0.27503213,0.15502475,0.0071517415,-0.61754555,-0.043901928,0.12815455,0.3176481,-0.26914808
KYSE-510,-0.64558274,-0.2695834,-0.055268325,1.1117994,0.07416165,-0.3005393,-0.08140786,0.4176215,-0.50744486,0.58275944,-0.49275106,-0.14357753,0.056218673,0.2206581,0.17580459,0.35506278,0.5344123,0.69059527,0.11290681,0.16338763,-0.2536403,0.1748909,-0.31803498,-0.09908681,0.14943606,0.80237836
LCLC-97TM1,-0.754351,-0.23371516,0.15592937,1.2944689,0.008285463,-0.18932694,0.14126278,-0.21390072,-0.49106517,0.17798434,-0.797142,-0.002207011,-0.25207865,-0.061171427,0.13378134,0.3011052,0.7534409,1.2063041,-0.017070107,0.11609205,-0.52535427,0.29679108,-0.40342063,-0.22640218,0.14744875,0.63249296
SNU-387,-1.3406122,0.360855,-1.0658212,0.35152584,0.33929983,-0.93687075,-0.8643911,1.0523659,-0.9263786,1.4167454,-0.64405966,-0.7832407,-0.4498726,0.1257263,0.15954758,0.11705582,1.1308951,-0.509905,-0.3058616,-0.2612483,0.30052876,-0.9681965,-0.95131385,-0.99386775,1.0840461,-0.6551463
TC-32,0.33566558,-0.20804442,0.22123456,-0.27566242,-0.470955,0.22836824,0.46549886,-0.59192395,1.3914783,0.31670716,1.3419816,-1.2453812,0.2346372,0.49008185,0.3560668,-0.8962935,-1.0802248,-1.6904688,0.98018634,-0.1145789,-0.4254481,-0.2829117,0.4018215,0.6748706,0.63877845,-0.14296271
1321N1,-0.5521301,0.7826719,-0.28106004,0.20917207,0.6988984,-0.30358893,-0.28748608,0.41049019,-0.5730749,0.49396574,0.18831342,-0.7027221,-0.61155355,0.12940627,-0.024766631,-0.29310772,0.25388247,-0.9158132,-0.14680779,0.028157562,0.22455591,-0.9068288,-0.39733952,-0.70164335,0.8023125,-0.5683601
Fu97,-1.0860648,-1.1410837,0.04009002,0.9682994,-0.07439764,0.51203567,0.6522271,-0.46383846,0.91217005,0.4447126,1.1334696,0.16332936,-0.4942798,-0.47447962,1.2251735,-0.5142892,0.04893014,-0.012616299,0.60840267,0.3314312,-0.04291673,-0.08014074,-0.79988724,0.33555716,0.2462619,0.017042726
GA-10,3.746555,3.234579,1.1920106,-5.268692,1.8444605,2.9331741,1.6568792,0.5813921,2.5339923,-0.98532337,0.14376059,2.2492902,5.710191,-1.4546466,-2.4191177,-3.0888963,-4.01303,-1.9357417,-0.8113123,4.245185,1.5374671,2.3569667,0.19599748,1.4951204,0.64688647,-1.1447791
Hs 870.T,-1.6193159,-0.15879296,-1.6127319,1.1412457,0.76887816,-2.29178,-1.5507394,1.8031977,-2.0530114,2.5374677,-0.19915998,-1.5373251,-1.0216925,0.85559726,-0.416876,-0.10373703,1.6672213,-0.51203424,-0.1332143,-0.3351466,0.23251782,-1.4190403,-1.782658,-1.78629,1.9545492,-0.542609
Panc 02.03,-0.99458003,0.073540434,-0.253854,0.9398273,0.33697748,0.06299464,0.02230092,0.44460797,-0.6554156,-0.04221064,-0.75510657,-0.041887105,-0.04751353,0.105344824,-0.06952572,0.56454057,0.8407308,0.8181809,0.15347154,0.70471954,-0.30566895,0.436851,-0.45546603,-0.22653289,0.31901938,0.7062588
COR-L23,-0.7390904,0.16615376,-0.25318292,0.6817836,0.11048168,-0.11023349,0.10845784,0.1312236,-0.19662207,0.15080433,-0.3245816,-0.25450483,0.19416703,-0.08174292,-0.10009328,0.23746097,0.07434101,0.40066123,0.51061034,0.4967885,-0.3963761,0.34687096,-0.26199907,-0.1878618,0.3188777,0.5858518
CJM [Human melanoma],-1.0676258,-0.6242141,-0.81295717,1.0862916,-0.20455027,-1.079647,-0.7496325,1.0334201,-1.4664644,1.5002737,-1.4812945,-0.3770321,-0.44798404,0.38139468,0.18753798,0.59759706,1.5150963,0.8666132,0.35600823,0.13772696,-0.33628815,-0.15579152,-0.4057619,-0.582337,1.1277347,0.4073061
HCC366,-0.8179951,0.08573295,-0.30171084,0.16384271,-0.14150247,-0.13501537,-0.14566803,0.6119282,-0.31176126,0.5077231,-0.597975,-0.6854486,-0.3887114,0.11845157,0.0013978779,0.44169807,0.71453625,0.2345618,0.11276822,0.047885,0.07188341,-0.39090693,-0.38975847,0.19324134,0.39895076,-0.055530872
SK-LU-1,-0.66256636,0.5408676,-0.44499934,0.27118728,0.47464922,-0.20385392,-0.27121192,0.39011404,-0.37747028,0.61039764,-0.3412707,-0.43838382,-0.27637815,0.04265248,-0.048147593,-0.024919491,0.28903404,-0.58265406,-0.28336376,0.096628346,-0.02260274,-0.4261597,-0.40219557,-0.75699687,0.6681341,-0.5216554
MV4-11,3.297062,3.057331,-0.18785399,-3.66395,-0.33802396,0.30715176,0.43021953,-0.22152267,2.0414855,-1.417749,0.10982242,1.7875631,5.879633,-2.209531,-1.1795676,-4.21896,-2.2795682,0.7643764,-2.6478293,1.0851296,2.2261922,0.8684863,-0.11102339,0.6408555,-1.2720207,-1.2217178
JH-EsoAd1,-1.7309935,-0.3439458,-0.4672394,1.5601976,0.020466506,-0.55328596,-0.19049083,0.55533826,-0.9339927,1.1059659,-0.9416661,-0.82429105,-0.39549124,0.10900031,0.042164393,0.6782081,1.0375415,1.216265,0.17391038,-0.00975294,-0.68289745,0.011234269,-0.6560917,-0.41326526,0.46720403,0.6019071
T3M-4,-1.0876052,-0.529155,-0.27445385,1.3652041,0.3456868,-0.6808553,-0.4088165,0.58878106,-1.2140322,0.7317299,-0.9942957,-0.046476305,0.06405532,0.25196436,-0.48202386,0.22229291,1.0421506,1.0961652,0.4032506,0.46040273,-0.59740233,0.09501213,-0.27420083,-0.73564756,0.4472021,0.82427204
Hs 822.T,-3.0413027,-1.2706752,-2.6873403,2.0778549,0.418906,-4.5568085,-2.736249,3.2929711,-3.6476364,4.966724,-0.65271807,-2.5282161,-1.9632912,1.6116316,-0.6685536,0.39243203,3.3039823,-0.21308434,-0.3462888,-0.73661613,0.016631156,-2.2931666,-3.100446,-2.6922114,3.014411,-0.82587934
MOG-G-CCM,-1.2039994,0.6472315,-0.9436536,0.37870085,0.2245403,-1.1320959,-0.6258851,1.2157509,-0.80723906,1.2734525,-0.041028693,-1.1935374,-0.83266187,0.32635728,0.15399902,0.009156581,0.7237816,-1.0374111,-0.34997833,-0.22922145,0.20321023,-1.137834,-0.78882486,-1.2065128,1.1935122,-0.7639924
ACHN,-1.4019668,0.03345652,-0.5528194,0.37581927,-0.12016224,-0.6064807,-0.4883728,1.2259048,-0.7303381,0.87543464,-0.43801475,-0.7243916,-0.87212205,0.20258632,0.17299673,0.65581155,1.0203482,0.0043283403,-0.23343863,0.1627945,0.5315848,-0.81658053,-0.9080285,-0.45343181,0.726684,0.013323188
Calu-1,-1.2330981,0.54513603,-0.90283084,0.36561006,0.5043135,-0.46611112,-0.6048998,0.877563,-0.6064708,0.8208704,-0.5583251,-0.67080116,-0.29905346,-0.061202183,-0.4161451,0.018845517,0.5976635,-0.36746255,-0.44717497,0.17704394,-0.26215374,-0.720245,-0.7398411,-0.7986128,0.8958675,-0.22418861
MKN7,-1.2518123,0.032101363,-0.8195055,0.80243987,0.1333079,-0.47136918,-0.13511364,0.79992825,-0.7433853,1.011595,-0.9326456,-0.33189628,-0.2419078,0.344266,-0.50696343,0.5861963,0.3302902,0.73230684,-0.029865578,0.593529,-0.67173207,-0.18376473,-0.64646375,-0.22011644,1.1643546,0.4766609
Daudi,4.0056,3.5894673,1.2585773,-5.475788,1.9289008,2.8097057,1.9465933,0.8575593,2.350425,-0.89364576,-0.2259166,2.5275204,5.890857,-1.4896536,-2.680554,-3.2077389,-3.9791284,-1.9008392,-1.2441193,4.5423446,1.6486909,2.4012966,0.080648094,1.4416544,0.545606,-1.3000958
NCI-H716,0.096825995,-1.3092823,0.90662026,-0.16314994,-0.39619896,0.9125948,1.1073349,-0.57111186,1.7338816,0.13188894,1.8843919,-0.84805036,-0.39467782,0.5368649,1.1226432,-0.34724563,-0.8105097,-1.9777193,1.2059546,0.15143079,-0.406215,0.17540297,0.40108186,0.5631095,0.3017931,0.53293014
SNU-46,-0.84503806,0.39860252,-0.7298397,0.43717003,0.09133044,-0.44362557,-0.31638518,0.7137207,-0.6141223,0.6361624,-0.38780338,-0.44592613,-0.47260603,0.13493103,-0.112535775,0.14796975,0.46261984,-0.2873988,0.009841837,-0.01183524,0.13013837,-0.34773782,-0.48858017,-0.39363512,0.6045225,-0.16534644
DM-3,-2.8866596,-0.5377928,-2.678159,1.688806,0.3867156,-3.696006,-2.1897576,2.7232304,-3.03396,4.227524,-0.46900827,-2.2687259,-1.8417199,1.253446,-0.25258756,0.270414,2.7310512,-0.4956152,-0.2986287,-0.69565725,0.06529868,-2.03309,-2.4478853,-2.2728271,2.5775847,-0.78543144
NCI-H1339,-0.22190492,0.48713326,-0.07858049,0.08373995,0.13029644,-0.06322874,-0.15817636,-0.035602182,0.040800966,0.21411331,0.027475283,-0.2667172,-0.27375725,0.030918263,-0.19078572,-0.23913935,8.2496554e-05,-0.42376232,-0.075338244,-0.0782895,-0.05074259,-0.55640054,-0.23347044,-0.0056304205,0.3881621,-0.46161622
NCI-H929,2.0247135,2.401025,0.5805429,-2.8318934,0.39167058,1.1292465,0.9199457,-0.086476505,1.4184651,-0.70299566,-0.5921973,1.6477609,3.9847414,-0.815644,-1.7945803,-2.2545936,-2.495289,-0.5206347,-1.4063727,2.1094725,0.9905282,1.1845095,-0.16641657,0.26883096,0.29865596,-0.67169595
SNU-1,0.3155299,0.20571199,0.8836281,-0.12781969,-0.1758564,0.13867193,0.17939144,-0.5473777,1.1631765,0.0771756,1.0197642,-0.031434193,0.35028675,0.15959986,0.37666383,-0.9405862,-0.42153326,-0.7652169,0.20036641,0.56556565,0.01761214,0.058699206,0.406073,0.37120533,0.18840015,-0.026720926
MJ,2.6158197,2.7526677,0.60682,-3.2286344,1.276209,1.744762,0.53774977,-0.21872205,1.0438342,-0.19292474,-0.46810523,2.3795416,4.181851,-1.1562133,-1.8579917,-1.9562415,-2.8532546,-0.31593913,-1.7597158,2.6548636,1.0249335,0.89757407,-0.99874043,0.9507709,0.12270713,-1.0043039
DU145,-0.7607408,0.33332178,-0.35840335,0.14260557,0.002153948,-0.037605427,-0.10094114,0.5792517,-0.19107974,0.12316052,-0.4706277,-0.58161044,-0.1868009,0.08609508,-0.03152258,0.514835,0.4734435,0.3183908,-0.018036604,0.21807836,0.10516526,-0.107052654,-0.46843046,0.06691207,0.29391593,0.018037338
Hs 229.T,-1.5580099,0.4181783,-1.5128288,0.9234874,0.7471378,-1.6914585,-1.3185661,1.6637173,-1.7865673,2.0779557,-0.20246248,-1.5283258,-0.99002004,0.615207,-0.299054,-0.1381747,1.400879,-0.665862,-0.29405344,-0.26613683,0.18632205,-1.3985953,-1.4542565,-1.6709143,1.7334392,-0.4934712
MG-63,-1.1308402,0.53250456,-1.0316169,0.79226565,0.34279695,-1.2199981,-0.7899973,0.77170634,-0.82283616,1.3421402,-0.096590236,-1.0454366,-0.52398396,0.35721105,0.12829337,-0.4587106,0.8766749,-0.7383394,-0.09474872,-0.5247734,0.23222557,-0.8302574,-0.74652624,-0.95958054,0.92155766,-0.7323177
CMK-86,2.5292587,2.918253,-0.42843378,-3.3156207,-0.94981754,0.3902158,0.5623853,0.27616704,2.7132256,-0.63641286,0.67873454,0.80955887,5.553363,-2.1776752,-0.62906384,-3.6920857,-2.2798495,0.09812036,-2.2257967,0.67883337,2.2730336,0.33093688,0.32662165,0.79888654,-0.9681593,-0.92903733
RMG-I,-1.1413975,-0.75354886,-0.5855026,1.3500428,-0.37973383,-1.1218683,-0.2903038,0.7554927,-0.8657938,1.2340984,-0.37120166,-0.289845,-1.0909758,0.6182783,0.5139334,0.694734,0.9730623,1.028258,-0.02891618,0.206809,-0.19678995,-0.24112414,-0.8996188,-0.6117462,0.44901073,1.0809473
LC-1/sq-SF,-0.19521025,-0.7120367,0.24377646,0.41260028,0.06558202,-0.49449277,-0.043455806,0.40965736,-0.010124557,0.66711336,0.14400193,-0.3734972,-0.28702077,0.27848607,0.4601413,-0.027126148,0.14594263,-0.328362,0.412114,-0.07140946,0.1396132,-0.1476362,0.04963097,-0.15660228,0.24350566,-0.0983342
SK-N-MC,0.9469873,0.30342808,0.35456,-0.74340594,-0.42301738,0.9509393,1.1304798,-0.54905576,1.8041358,-0.1832628,1.6534603,-0.9365034,0.89082444,0.3345943,0.18420477,-0.8741134,-1.2384605,-2.605662,1.0971737,0.6162056,-0.22013767,0.25172657,0.90993845,0.97021055,0.3000374,-0.28127885
VMRC-LCD,-0.27758306,-1.9676831,1.3706706,-0.3013354,-0.42295623,1.5318735,2.384893,-1.0154184,2.3527682,0.29618695,2.5307605,-1.4152726,-0.39841616,0.5886352,1.7116427,0.14172903,-1.3848963,-2.31954,1.7910577,-0.16538602,-0.3104986,1.0449511,0.606377,1.7306774,-0.2776505,0.48456374
Karpas-299,2.1307888,2.645882,0.54618686,-2.4530954,1.2699112,1.3196543,-0.08528009,-0.35213956,0.846152,-0.41354015,-0.57072073,2.1460154,3.0401137,-1.3632274,-1.2502686,-2.420987,-1.6828238,0.89173675,-1.944845,2.3089345,1.0731277,0.33994538,-1.5712347,0.64662534,-0.059022665,-1.0636785
OC 314,-0.36035788,0.04762219,-0.23026857,0.32218063,-0.5494051,-0.18231529,0.23573723,0.395176,0.39827564,0.4492266,0.019787759,-0.5590939,-0.25877962,0.12413265,0.24133603,0.12785931,-0.07063487,-0.2380803,0.03832181,0.24842998,-0.03420798,-0.2269741,-0.16164136,-0.0059589446,0.3551712,0.1381046
MOLT-16,3.397685,3.0299723,0.769215,-3.7677367,0.9095185,1.8472661,0.7750416,-0.057067305,1.947909,-0.15539512,0.010197222,2.1457367,5.6589737,-2.0775607,-1.5819597,-3.669212,-3.1746745,-0.3153941,-1.913158,3.3673038,1.7942724,0.91002357,-0.22641617,0.78681946,-0.25435483,-1.8603126
QGP-1,0.40865588,-2.1760788,1.2771409,0.0641685,-0.85265076,1.3602269,1.9141067,-0.8620937,2.5113733,0.17381217,2.8346782,-2.0395923,-0.7137344,0.6834853,2.0271697,0.45835096,-1.8216861,-2.9562535,1.6655447,-0.3435558,-0.30226016,1.0293057,0.81595576,1.7583001,-0.35028988,0.46155828
HLF,-0.75400805,0.56851894,-0.48915887,0.18072614,0.09133486,-0.3712073,-0.26101205,0.44635963,-0.13672376,0.5554592,-0.123984106,-0.7736576,-0.38090545,0.11687429,0.09223948,-0.23161896,0.16343889,-0.46635967,-0.06291003,-0.12750775,0.08890756,-0.67970765,-0.4176184,-0.322012,0.63796395,-0.4236927
KNS-60,-1.1133642,0.51721597,-0.9514664,0.39628273,0.2651177,-0.7346918,-0.6347686,1.2352376,-0.96310383,1.3433844,-0.3632167,-0.9690922,-0.7054823,0.16901343,-0.10494474,0.19026834,0.62267816,-0.8117488,-0.32182455,-0.0672261,0.22252397,-0.9041007,-0.9568987,-0.83675075,1.2198908,-0.44687417
RL,3.6143532,3.162075,1.0923063,-5.027374,1.5768305,2.6645226,1.6102258,0.6144326,2.0090466,-0.7953012,-0.1308512,2.3053823,5.334875,-1.4691186,-2.268514,-3.0430334,-3.597413,-1.4744213,-1.1127108,3.7634242,1.4771669,2.0417488,0.025225937,1.198168,0.33441648,-1.1021085
OCI-Ly19,3.594579,2.9956722,0.012140319,-4.99878,0.29843295,2.3880203,0.8018577,0.49263358,2.7279265,-0.5330608,-0.027826518,1.308881,6.1682014,-1.8128209,-1.4145083,-2.7417932,-4.0828047,-0.8556784,-2.1062715,2.8458376,1.9794052,0.96995264,-0.110872194,1.4625078,-0.82635105,-1.3838261
SF295,-0.6828196,0.7333578,-0.54574615,0.12136473,0.6743507,-0.30949855,-0.36196777,0.5806576,-0.47189015,0.5395867,-0.04009065,-0.8134977,-0.36717647,-0.012786141,0.04150678,-0.18806556,0.46310723,-0.7700758,-0.21806988,-0.13609341,0.18600933,-0.6897018,-0.56001765,-0.8298632,0.7843663,-0.55658877
OCI-AML-2,3.4259448,3.1630194,-0.0826623,-3.8264163,0.043905675,0.6701415,0.4681559,-0.38152143,1.8800027,-1.8544134,0.23935533,1.9222469,5.9125724,-2.0524337,-1.4459555,-4.3748503,-2.317398,0.9602963,-2.4090512,1.5244558,2.1119223,1.0458181,-0.27126148,0.35302907,-1.0167265,-1.3380839
Caki-2,-1.367084,-0.25926837,-0.53279597,0.43082607,-0.112128176,-0.7288091,-0.24691361,1.1268169,-0.6718204,0.9275852,-0.14269355,-0.5987383,-0.88988864,0.347378,0.3474812,0.43518922,0.78670216,-0.11700076,-0.16695516,-0.07933815,0.10471666,-0.89291584,-0.8157457,-0.56029826,0.60907334,-0.08791098
SK-MM-2,2.5053644,1.910686,0.61977655,-2.7569132,0.41376698,1.8372693,1.0358047,-0.4532631,1.9774722,-1.008739,-0.4300588,1.7765949,3.913374,-1.3115871,-1.0296499,-1.9747245,-2.2725391,-1.0867399,-1.0669943,2.54573,1.1488289,1.1189679,0.2964326,-0.018702239,0.30406064,-0.55290407
U-937,2.9296007,2.4224281,0.31495962,-3.06275,0.23897919,0.25233364,0.4373491,-0.37008807,1.7762438,-1.8065056,0.12700486,1.8370416,4.979253,-1.7614399,-1.1667639,-3.9727273,-1.9007826,0.6160321,-1.6816127,1.404907,1.7072595,0.85604084,0.31064305,0.27417612,-0.61362344,-1.173367
COLO 704,1.1021447,-0.89437973,1.1409218,-1.5353131,-1.1866604,2.2055879,1.5158954,-0.43270728,4.412998,-0.09115362,4.5764093,-2.8380413,0.1579135,0.7255728,1.9211018,0.030605266,-3.1489217,-5.59036,2.36016,0.74100715,-0.06854856,1.0701958,2.175407,2.5850868,-0.219162,0.263382
REC-1,3.606906,2.927069,0.9596464,-4.5174303,0.8372829,2.2830727,1.006756,0.1258339,2.1828563,-1.1184781,-0.08362736,2.1408658,5.0061045,-1.6204691,-1.8395221,-2.6984372,-3.456694,-0.9835659,-1.3202618,3.585679,1.5599456,1.9604211,-0.24529769,1.0526123,0.19382098,-1.3022554
ONCO-DG-1,-0.56419396,-0.13653855,0.04641016,0.5797294,-0.74395186,-0.2536388,0.13044626,0.420164,0.5184162,0.46166638,-0.007022988,-0.82741064,-0.68163186,0.51912856,0.65326035,0.7779095,0.25813857,-0.15009806,-0.023980023,0.12121938,0.016837094,-0.09508686,-0.12913716,0.29703516,0.22672132,0.47634733
SNU-1197,-1.9425094,-0.48577332,-0.4892746,1.8077897,0.48953193,-0.74287,0.00624685,0.61358154,-1.1976371,0.4696491,-1.1959579,-0.07995002,-0.6663569,0.08102583,0.05681136,0.3245315,1.5060589,2.016899,0.21581224,0.47776732,-1.1743635,0.0051013976,-0.988313,-0.70680904,0.64729005,1.1018835
SNU-C4,-1.8001428,-2.5732255,1.7967744,2.8385615,1.0870243,0.41992894,1.0065724,-1.7025027,-0.24000956,0.26536164,-0.11622441,1.0269259,-1.6030883,-0.34537435,1.6625648,-0.9593737,1.2861142,3.150926,0.5028573,-0.45402873,-1.6365895,0.5422687,-1.0810056,-1.4985998,-0.6414484,1.838814
A101D,-0.48961088,0.5754198,-0.1095428,0.025124535,0.5401946,0.02679944,-0.008646086,0.2960106,0.08963611,0.39225072,-0.17502275,-0.5271869,-0.1847005,0.36594886,0.13407296,-0.2290063,-0.048933715,-0.3788147,0.02697429,-0.2998266,-0.14631273,-0.7722187,-0.3494073,-0.35930568,0.28777415,-0.19979551
COLO 849,-0.654351,0.53119206,-0.4012934,0.013818711,-0.09618977,-0.011562839,0.13046668,0.5097538,0.3614804,0.61854637,-0.018329278,-0.81549466,-0.3520606,0.50130796,0.5629233,-0.53758866,-0.25148478,-0.21739414,0.051125355,-0.7187646,-0.03900958,-0.8112293,-0.31629586,-0.34109008,0.080227055,-0.18596022
SNU-308,-1.2141762,-0.620475,-0.020995684,1.5299104,0.34006214,-0.53012544,-0.032322243,0.80402994,-1.2330514,0.7847768,-0.95971924,-0.17539175,-0.34838846,0.3372824,0.012432538,0.38010558,1.2819452,1.286319,0.2847431,0.23941252,-0.62778944,0.1863307,-0.61034954,-0.599123,0.64128673,1.254648
LS180,-1.7759207,-2.182665,1.6081225,2.8396819,1.2266705,0.28206962,0.79730266,-1.6462133,-0.30683342,0.09758457,-0.25773853,1.1382666,-1.3223222,-0.25947574,1.2947371,-1.1266844,0.85609406,3.016672,0.5036482,-0.199062,-1.8281223,0.40798002,-1.0788175,-1.4840021,-0.3310676,1.7943081
MFE-319,-0.36958754,-0.3114573,0.5745385,0.2601163,-0.09945248,-0.4403684,0.29040387,0.440466,0.24006103,-0.06865316,-0.1486617,-0.46766835,-1.082049,0.19080004,0.34848446,0.47171125,0.99196047,0.30311763,-0.010690369,0.38468415,0.18875274,0.12756135,-0.2629126,0.03171399,0.19895428,0.9943382
CAL-12T,-1.0530854,-0.08940825,-0.18063861,0.75410324,0.1323745,-0.28548086,-0.46081647,0.96138924,-0.84962535,0.73247707,-1.0131389,-0.39239585,-0.25038922,-0.031635914,-0.17322962,0.6582181,1.445965,0.9962115,-0.105455644,0.3838697,-0.040913045,0.23167261,-0.5995258,-0.13205062,0.40872782,0.5833571
HCC1187,-0.37762168,-0.4982831,0.23266375,0.33550185,-0.5775418,0.087146744,0.40205288,0.27267718,0.41112545,0.5474405,0.4053443,-0.8409665,-0.41511118,0.36458918,0.65992093,0.9867176,0.158446,-0.43588492,0.14886627,-0.08456737,-0.045536373,-0.14518224,-0.24177936,0.49980307,-0.38313007,0.47853667
NCI-H226,-1.1628088,0.46783793,-0.89136755,0.486562,0.016529426,-0.784467,-0.5709474,0.71730494,-0.6530961,0.9662554,-0.40706998,-0.53020287,-0.43590397,0.24867508,-0.111374706,0.020736191,0.61194885,-0.4446869,-0.1505309,0.021484759,0.01209113,-0.73293334,-0.5219772,-0.7467269,0.9954008,-0.25865442
HCT 116,-0.57537043,-0.22890164,0.13053666,0.7231554,0.13696408,0.18963645,0.33930963,-0.274063,0.17482188,-0.05935076,-0.12698877,0.0674562,-0.26143867,-0.19889894,0.30329075,0.14508872,0.094970636,0.19926976,0.24611658,0.096071586,-0.37501854,0.28140995,-0.2958757,0.27253294,-0.08380397,0.44706997
Detroit 562,-1.0378642,-0.047760002,-0.5736878,0.7366502,0.27909377,-0.58309525,-0.26905188,0.98520833,-0.8331779,0.5682986,-1.1648548,-0.44275373,-0.25990617,0.17116119,-0.34568352,0.73086506,1.1944945,0.6792942,0.16169053,0.48680425,-0.013162658,0.22219294,-0.54949105,-0.2716541,0.8253362,0.6121127
HuT 78,2.7040987,2.6710706,0.85880184,-3.4504535,1.3748728,1.769116,0.5663503,-0.20667161,1.4490004,-0.22022043,-0.33601224,2.2943363,4.5217524,-1.5224135,-1.7800466,-2.9775078,-2.7383645,-0.5116224,-1.645849,3.2421331,1.293344,0.9436481,-0.59656507,0.7485927,-0.046890825,-1.0543869
JHOS-4,-0.5489422,-0.15541089,0.018798344,1.0313052,-0.41794902,-0.53122425,0.23536998,0.25489765,-0.029785007,0.48531592,-0.16777182,-0.4839114,-0.38443178,0.33282438,0.32552254,0.5025219,0.13460031,0.33639455,0.020012856,0.18381225,-0.3604675,0.041322045,-0.14617662,0.013305295,0.40129155,0.6620486
NCI-H596,-1.1674953,-0.34470004,-0.6239095,0.78005636,-0.03699269,-0.9659051,-0.40296304,1.0126716,-1.0071477,1.012277,-0.8644239,-0.6674862,-0.6040809,0.3063535,-0.05147557,0.35229304,1.2867923,0.5421721,0.28950977,0.032744363,0.060905084,-0.29823485,-0.580605,-0.5786391,0.7229847,0.08807009
SNU-175,-1.1690811,-1.9668534,1.51914,1.4729358,0.4901706,0.8445762,1.179765,-1.3706133,0.4999199,0.44225726,0.4706987,0.1349128,-1.0469297,-0.049614444,1.683219,-0.57095873,0.19757622,1.3106824,0.998159,-0.4017083,-0.9901376,0.6221439,-0.41222864,-0.34488738,-0.4502841,1.259991
G-401,0.30102888,0.30927277,0.47650924,-0.049870245,-0.008580189,0.017994348,-0.14090064,-0.39525616,1.1880269,0.059895292,0.86763173,-0.4397799,-0.009905681,0.007878955,0.5302596,-0.6889377,-0.5390462,-1.1785808,0.11414091,0.33162802,0.08397026,-0.2529343,0.13576716,0.5187646,0.4865349,-0.4318052
SNU-C1,-1.7608657,-2.6384337,1.8741704,2.828383,1.51994,0.17079644,0.57634056,-1.7401073,-0.42466888,0.19033322,0.045802414,1.1878895,-1.6649431,-0.18456262,1.3144549,-1.3456326,1.1747816,3.0967178,0.8111048,-0.31611705,-1.885325,0.59410995,-1.0285308,-1.6582136,-0.43575117,2.161684
CL-34,-1.9442918,-2.8008575,2.0193193,3.1712875,1.7331774,0.22668684,0.86357164,-1.8811905,-0.6031505,0.2167031,-0.10600507,1.3906634,-1.6525375,-0.29096964,1.5628934,-1.3930659,1.3335958,3.4681458,0.7224756,-0.25306195,-2.1162236,0.41213584,-1.266926,-1.8066138,-0.34602973,1.9277078
KMS-26,1.9358598,1.8894862,1.048805,-2.3525724,0.4418584,1.2537619,1.0049533,-0.11871955,1.2260203,-0.5648588,-0.16107373,1.5172725,3.1618376,-0.6714184,-1.7886196,-1.9053363,-2.279935,-1.0411671,-0.9239085,2.2372806,0.7964151,0.99192584,0.008914828,0.10692945,0.495688,-0.44924006
Hs 675.T,-2.4951057,-0.6057521,-2.3311827,1.5034251,0.3493773,-3.3663797,-2.2198453,2.411098,-2.6592228,3.8682404,-0.5605198,-2.0051332,-1.7418054,1.2385129,-0.043822907,0.17690796,2.4670336,-0.4727211,-0.352452,-0.66069156,-0.090999156,-2.01898,-2.2018175,-2.0914178,2.2924163,-0.6753602
AN3-CA,-0.02926603,0.21922383,0.34551826,-0.34370047,-0.5360483,-0.16826828,0.28023472,-0.17586565,0.78474677,0.15462251,0.6879204,-0.64620674,-0.24467501,-0.03867891,0.49544814,-0.5347213,-0.23492429,-0.88845575,-0.05909307,0.033637322,-0.033314172,-0.4565783,0.16329607,0.09003084,0.11395109,-0.4042483
ECC12,0.55096877,-1.6749566,0.835592,-0.66046274,-0.69809866,2.086129,1.6881077,-0.66907644,3.2821774,0.38457376,3.7281666,-2.1849773,0.11768207,0.46149787,1.9315344,0.16310853,-2.4410262,-4.733747,2.3736393,0.1599924,-0.1146679,0.8964149,1.4069219,1.926559,-0.1042501,0.15629508
Hs 934.T,-2.6172628,-0.7333001,-2.2722316,1.8387175,0.53625953,-3.6642427,-2.2103794,2.5889442,-2.9661627,4.0438995,-0.3821485,-2.1401877,-1.6490489,1.3642694,-0.3728097,0.089942425,2.8231587,-0.4192569,-0.17202172,-0.6931845,0.26521972,-2.0552647,-2.6268232,-2.4069328,2.5839353,-0.7644099
SNU-1105,-1.3847519,0.47512576,-1.3161819,0.6995435,0.37793446,-1.2968347,-0.88182765,1.422961,-1.3207114,1.7993541,-0.15961047,-1.4202281,-0.81367284,0.49572098,0.009518214,0.028992038,0.98014313,-1.0662723,-0.3358106,-0.25636408,0.39963883,-1.3970497,-1.0812314,-1.3318112,1.6477417,-0.9935038
Rh18,-1.6539348,-0.095069885,-1.5158657,0.8842105,0.5092272,-2.2327852,-1.482767,1.9640152,-1.9170719,2.6263862,-0.10057548,-1.8267897,-1.2003285,1.1126302,0.094983414,0.2058398,1.7323378,-0.81289476,-0.1199891,-0.14062989,0.38067666,-1.5914745,-1.7964628,-1.6423709,1.9568732,-0.74262923
GaMG,-0.81751513,0.63547516,-0.55657846,0.24513711,0.31610796,-0.11788727,-0.20878011,0.5062134,-0.057273485,0.4331531,-0.2861988,-0.8386115,-0.316332,-0.08855675,0.026440512,-0.10448174,0.12620081,-0.6523263,-0.110308,-0.10187831,0.15905738,-0.7517117,-0.40390944,-0.6529616,0.78389156,-0.39595732
NCI-H1963,1.34357,-1.6662358,1.4296501,-1.8226745,-1.5677445,3.0002084,2.3666568,-0.62943554,5.4890847,0.21986896,5.3073497,-3.9118018,0.23243353,0.8403789,2.3507133,0.8231619,-4.051627,-7.16311,3.1644902,0.55575174,0.012110561,1.4772794,2.4922757,3.5841618,-0.65375465,0.12502626
SNU-601,-2.0067205,-1.7804263,0.91938287,3.0266435,1.1849699,-0.25098604,0.82258505,-0.8651056,-0.7908319,0.21846867,-0.3867659,1.1649867,-1.2574055,0.17508197,0.742298,-0.55965126,1.4454209,3.0777283,0.30471838,0.05805527,-1.5963778,0.10739076,-1.0769686,-1.5198005,-0.052182987,1.6421436
Ri-1,3.3254106,2.8770957,0.5345613,-4.68153,1.2295067,2.6664038,1.4158065,0.30450994,2.2753696,-0.91854763,-0.19990556,2.1963897,4.989576,-1.3861729,-1.8903432,-2.341751,-3.5358348,-1.2623007,-1.0777727,3.5153732,1.2657264,1.9944829,-0.1457305,1.5584509,0.19909519,-0.7594616
TOV-112D,0.6210913,0.26847,0.3827176,-0.22087835,-0.4510497,0.06300819,0.057232644,0.017781306,1.606379,0.02850959,1.5909125,-0.83940977,-0.23197469,0.20295407,0.33692634,-0.62939423,-0.42802298,-1.7443054,0.43716282,0.50028515,-0.4176189,-0.1767875,0.46689218,0.41301143,0.48534042,0.21678886
HLE,-0.5588126,0.3339595,-0.18509752,0.06540993,0.1574066,-0.089765295,-0.02040726,0.16371746,0.23062015,0.26228267,0.10015772,-0.62773085,-0.2798097,-0.005066441,0.15504119,-0.33329812,-0.009391721,-0.5626211,-0.0128548145,-0.15493578,-0.043908887,-0.63249135,-0.21186014,-0.171274,0.5026076,-0.5016811
KMS-28BM,1.809432,1.7992207,0.7006138,-2.1698353,0.41509396,1.0921526,0.8612665,-0.1893145,1.305979,-0.7643437,0.037497222,1.3276107,2.9789042,-0.9188968,-1.4557523,-1.8522629,-1.908355,-1.1261454,-0.7802226,2.3265667,0.7051903,1.0695751,0.1672443,0.32043773,0.4896191,-0.40701628
HT-29,-1.328242,-1.4081938,0.82943106,2.0872366,0.83399105,0.25400338,1.0862596,-1.1231945,0.2299037,-0.2920078,0.07373936,0.6354282,-1.0317255,-0.41754416,1.2200226,-1.0647651,0.5778526,2.4867651,0.3828482,-0.1884411,-1.4038165,0.66121495,-0.7266614,-0.87020695,-0.24956296,1.5553826
Hs 281.T,-2.4760666,-0.3813432,-2.1647358,1.3141094,0.717179,-2.9269094,-1.8714943,2.5482504,-2.9017186,3.6401029,-0.33110747,-1.9606578,-1.5343796,1.2323904,-0.30521333,0.04899414,2.389595,-0.5643922,-0.23286733,-0.36331332,0.3218649,-1.970273,-2.4319246,-2.3001773,2.51751,-0.8212218
JJN-3,2.105051,2.2502546,0.30551708,-2.7698743,0.7255832,1.2220422,0.76838803,-0.1783534,1.0803177,-0.24416773,-0.5821846,1.9939758,3.849643,-0.882946,-1.7154042,-2.2467813,-2.263749,-0.4613324,-1.347191,2.080439,0.98382336,0.7027969,-0.23466438,0.28011495,0.215729,-1.0277576
OVCAR-8,-0.5812417,0.46201906,-0.32997406,0.07884611,-0.24562256,-0.31898123,-0.14980209,0.34810686,-0.006484597,0.6014856,0.12500116,-0.6040641,-0.36218694,0.47767648,0.14509505,0.1420834,0.03460107,-0.5275968,-0.046989694,-0.11567092,5.4921606e-05,-0.7156183,-0.3531598,0.034386806,0.50387865,-0.17234269
Hs 698.T,-2.6950786,-1.151958,-2.3587413,1.8372146,0.5264265,-3.755547,-2.487594,2.6963367,-3.3011358,4.345215,-0.620083,-2.3103483,-1.885133,1.5474372,-0.48459536,0.0883207,2.8874865,-0.10594332,-0.28308123,-0.7209236,0.069600575,-2.1608012,-2.7040875,-2.512332,2.7147098,-0.7292865
SLR21,-2.3498976,-1.0497665,-1.4956279,1.2062349,-0.8376417,-1.844919,-0.8252916,1.6153562,-1.1102228,2.3000422,-0.036117345,-1.4489396,-1.6419425,0.9075138,0.81919485,0.38309795,1.2061948,0.12353584,0.13652611,-0.89666164,0.16771717,-1.3084347,-1.3920574,-0.71201146,0.5978312,-0.10560936
NCI-H1395,-0.87971056,-1.2720679,0.45318618,1.5641971,0.02921851,-0.46033254,0.65095985,-0.1041709,-0.4064849,0.64599836,-0.01800432,-0.33848378,-1.0705699,0.2981521,0.08743932,-0.21152225,1.2717601,1.2316421,-0.1902022,-0.04951726,-0.16173187,0.22048563,-0.73595566,-0.5968491,-0.1320097,0.9389152
ES-2,-0.39353716,0.7619943,-0.01849204,0.05858392,0.44783834,0.14081554,-0.02094429,0.2863002,-0.09951075,0.16170615,-0.013540678,-0.52411234,-0.14329782,0.019177997,-0.109906375,-0.17565809,-0.03799531,-0.7407734,-0.22080722,0.0008592494,-0.057941534,-0.6437833,-0.2981243,-0.3462361,0.61265266,-0.3107002
HuH-6 Clone 5,-1.2478638,-1.7161525,0.45073524,1.1175435,0.13657089,0.71851933,0.5631141,-0.83302426,0.61273646,0.49875844,0.72951585,-0.22888656,-1.0677333,-0.12412557,1.5200613,-0.118850715,-0.037533835,0.36723283,1.1100272,-0.24066141,0.09795368,-0.011060961,-0.64405435,0.009954214,-0.21070313,0.48325062
NCI-H1792,-0.80522764,0.26126283,-0.5252269,0.24123374,0.10056028,-0.20579171,-0.282139,0.28470182,-0.34511408,0.61374587,-0.2686157,-0.574984,-0.35231948,0.10408095,-0.06402695,-0.027498618,0.32848454,-0.20915274,-0.10120668,-0.06658621,0.1000426,-0.55135006,-0.4527296,-0.30007178,0.36593533,-0.35043845
SK-N-FI,1.2994567,-0.41325423,1.5324891,-1.4199375,-0.05113834,1.2368715,1.1104181,-0.49200335,3.4704132,-0.3258895,3.3816261,-2.0332563,0.18888345,0.5903203,0.5979418,-0.70121276,-2.5458825,-4.3429513,1.9599856,1.213342,-0.3421625,0.76020193,1.4911314,1.2536962,0.91445684,0.44231087
KMRC-2,-1.4688929,0.04701498,-1.0076023,0.35093266,-0.2863245,-0.89369047,-0.6506351,1.3205966,-0.8476816,1.4696218,-0.40484768,-0.84795153,-0.7544972,0.34735167,0.30769107,0.22462754,0.9639689,-0.27712318,-0.30013287,-0.0876517,0.2815671,-0.92413723,-0.89998794,-0.60103047,1.0482423,-0.45044968
SNU-840,-1.5275519,0.21876225,-1.1432298,0.72830987,0.12587258,-0.9890046,-0.5857098,1.3725121,-1.2725806,1.3067614,-1.3506584,-0.6707588,-0.54703534,0.39171574,-0.61409366,0.7507191,1.3870486,0.6789695,0.010830581,0.36873943,-0.063397646,-0.4039291,-0.77102447,-0.39187467,1.2189269,0.4650418
SW480,-0.571915,-0.038854096,0.050233163,0.51619565,0.032487027,0.046903007,0.31278583,-0.118503466,0.3047515,0.20135249,-0.13256352,0.18706441,-0.079130724,0.053363897,0.29411834,0.0797444,-0.06523031,0.29540932,0.165039,0.532446,-0.3261066,-0.010689184,-0.43637377,-0.056179803,0.33139312,0.2965758
KE-37,3.1914997,2.673068,0.74727213,-4.0215373,0.68402445,1.9933555,0.73124135,0.123633236,2.298809,-0.15815672,0.40267673,1.7690753,5.394719,-1.8433375,-1.3464279,-3.2364607,-3.5116205,-1.1302567,-1.4888542,2.946065,1.5995861,0.9526208,0.1039311,1.3235509,-0.3813394,-1.4076297
HCC1438,-0.36778748,0.16026644,-0.055835795,-0.00826627,0.16469738,-0.052620746,-0.13076283,0.14366281,-0.099072605,0.34680897,-0.07216587,-0.38186723,-0.30936253,0.007913909,0.059475087,0.039195195,0.33947283,-0.11308824,-0.110940866,-0.17478272,0.089262776,-0.45795062,-0.20807868,-0.12096595,0.15222773,-0.35702395
Hs 683,-1.0870234,0.747519,-0.91413385,0.4712436,0.7015583,-0.9103328,-0.6979446,1.0274571,-1.0681281,1.1539829,-0.35963157,-1.1183109,-0.5432893,0.3440015,-0.03399447,0.07752502,0.78171074,-0.901596,-0.23831657,-0.001775451,0.18888108,-0.94123787,-0.85553825,-1.057721,1.3293984,-0.56810397
DMS 273,0.6675326,-0.41598102,0.78715676,-0.80131763,-0.77472866,1.260991,1.0324473,-0.49182516,2.5585454,0.19298613,2.39156,-1.5958924,-0.025351673,0.45259434,0.9937442,-0.29290462,-1.887612,-2.923267,1.3851228,0.47949824,-0.059471153,0.37731677,1.1154523,1.3950831,0.07418116,0.053147584
NCI-H2170,-0.26081687,-0.87329966,0.72096145,1.0805942,-0.10025653,0.34583342,0.7771069,-0.2563194,0.21228337,-0.06401095,0.3278907,-0.1607512,-0.48744595,-0.059810147,0.71126854,0.05127013,0.33975482,0.6691079,0.41343933,0.28408355,-0.08567168,0.84078,-0.10470522,0.03490802,-0.39166373,1.1104193
UACC-62,-0.43735653,0.5351393,-0.28256676,0.058807205,0.35312295,-0.03808108,0.16317207,0.30298042,0.041147597,0.50503314,-0.042114854,-0.6547785,-0.13752195,0.30314538,0.33730632,-0.4201795,-0.09080178,-0.109664276,-0.10351346,-0.40769577,-0.16912599,-0.5963702,-0.2521231,-0.45734423,0.25645992,-0.4015185
HMC-1-8,0.08241491,0.3164928,0.0013160631,0.046434317,-0.01797454,0.046680674,-0.009757817,-0.10447565,0.70261574,0.17351604,0.46483606,-0.13273323,0.01732954,0.006631444,0.06803298,-0.43004125,-0.22043052,-0.62109965,0.006128691,0.426591,0.072444,-0.20347252,-0.052451137,0.2887654,0.08784579,-0.2396828
OS-RC-2,-1.7792109,-0.045327708,-1.0323442,0.51265097,-0.31709564,-1.1741638,-0.64791876,1.4978595,-1.1376929,1.5040329,-0.57553995,-0.9016203,-0.8575627,0.089312226,0.20574129,0.4362378,1.477468,0.022874102,-0.21252872,-0.09643136,0.510495,-1.1213875,-1.1508417,-0.7892945,0.9618402,-0.4057734
F5,-0.68498373,0.028401911,-0.4549746,0.63327575,-0.26318863,-0.7932595,-0.4568994,0.22643596,-0.022397116,1.4080405,0.43424332,-1.1185825,-0.92504525,0.3692549,0.6534138,-0.13467485,-0.040490657,-0.7098882,-0.11526604,-0.6022931,0.19798413,-1.1219306,-0.37399498,-0.48694497,0.76384395,-0.72920144
JVM-3,3.4643505,3.1701257,0.4449292,-4.0563593,1.3118631,1.8830653,0.5648126,-0.19557321,0.7970233,-1.1050068,-0.85714793,3.0800114,5.0844994,-1.7752117,-2.0931914,-2.3647459,-2.7236087,-0.2535507,-2.3448691,3.8753786,1.5171459,1.4878396,-1.29407,0.25206038,0.32942966,-0.81695724
639V,-0.18022881,0.47323188,0.16978902,0.02828075,-0.07381666,0.24251655,0.091553494,-0.17706756,0.53621846,0.22523735,0.6080396,-0.517202,-0.30205017,0.09705536,0.2606472,-0.15416536,-0.29329592,-0.96756744,0.22983387,0.10610805,-0.09686527,-0.63760054,-0.03259956,0.25204062,0.56320345,-0.10558311
TE-9,-1.1109585,-0.5251574,-0.6311615,1.3060377,0.20305705,-0.97951233,-0.3415212,1.2442375,-1.262029,1.1840369,-1.1907887,-0.334602,-0.049469545,0.5902879,-0.40695944,0.3436301,0.86107576,0.8103878,0.34177557,0.59009415,-0.583146,0.1860218,-0.10348569,-0.6421397,0.8750663,1.2266239
BHY,-2.0361028,-0.76276565,-1.2789665,1.2077645,-0.20850004,-1.4980507,-0.9924875,1.7981448,-1.9206468,2.4450488,-1.8402439,-0.80982697,-0.4363988,0.7518865,-0.4716214,1.0918971,1.9627995,1.1306012,0.14708602,0.35024583,-0.43645036,-0.49339503,-0.8585325,-0.63679814,1.3978851,0.83080316
TF-1,1.7159421,2.0379276,-0.32755673,-2.4386504,-0.89965814,0.18369657,0.42823192,0.045322448,1.9697633,-0.34490627,0.58655035,0.5906409,4.248185,-1.8085694,-0.3256191,-2.8890867,-1.5913142,0.23144642,-2.016717,0.100216195,1.8101077,0.031582594,0.10585783,0.781708,-0.7773561,-0.74083734
HCC44,-0.96012074,0.1675001,-0.5026949,0.36260337,-0.058579147,-0.45853373,-0.29536185,0.20608619,-0.3946203,0.75914323,-0.669592,-0.21326616,-0.22722395,0.11225937,-0.11202018,-0.117941216,0.3970109,0.1557402,-0.006885171,-0.004763156,-0.25076056,-0.25897896,-0.3500282,-0.44651687,0.71858245,-0.2667874
NCI-H209,0.945822,-2.147315,1.4048861,-1.299218,-1.5724928,2.6713047,2.4490535,-1.0072659,4.810009,0.532461,4.669167,-3.5362043,0.16846277,0.63869506,2.5938337,1.0346428,-3.8328815,-6.265418,3.0252485,-0.14117211,0.050095767,1.3485614,2.013658,3.4892783,-0.9010244,0.0005095601
GSU,-1.980412,-3.250762,1.6947718,3.8432157,1.8100244,-0.14187902,0.75224453,-1.8685699,-0.8227768,0.6646122,0.012711078,1.4959933,-2.0029867,0.28269276,1.3953809,-1.3921521,1.3113153,3.6905713,0.84789664,-0.4486097,-2.5397143,0.15216225,-1.1589975,-2.3471365,-0.20133938,2.2692373
Hs 611.T,3.5782623,3.6330266,0.50918883,-5.035563,1.6393695,2.2417989,1.0399508,0.5384178,1.1539533,-0.7209959,-0.78266954,2.857264,5.412122,-1.6435394,-2.6275647,-2.564156,-3.4382603,-0.8753253,-2.2118506,4.0930376,1.6259521,1.9515423,-0.9046484,0.6345539,0.48965368,-1.1516843
Hs 255.T,-2.6749778,-1.1627469,-2.340652,1.8442919,0.27732834,-3.8407516,-2.1032016,2.8064976,-3.1931202,4.379286,-0.28716326,-2.3735955,-2.0138419,1.621473,-0.30190903,0.6466187,2.880541,-0.41857016,-0.20268506,-0.8055625,0.16345803,-2.1363173,-2.590589,-2.2415078,2.575031,-0.70933867
OVTOKO,-1.2326927,0.23841006,-0.64655423,0.43610448,0.042071912,-0.36570755,-0.24701154,0.9144507,-0.14064108,0.8141062,-0.34150717,-0.39881542,-0.6277702,0.11251947,0.08750965,0.13188092,0.6011435,0.07021769,-0.08568418,0.14770433,0.26479474,-0.7207371,-0.5201202,-0.22713411,0.89026403,-0.2924155
JHH-2,-1.6378741,0.40517563,-1.1670214,0.59973896,0.32302994,-1.333957,-0.6362103,1.5134745,-0.9615604,1.1675236,-0.32611805,-0.7692332,-1.0360224,0.23453204,0.15781544,0.15891004,1.4970545,-0.15718888,-0.06290403,0.022371821,0.053143833,-0.8913884,-0.91968447,-0.9765749,1.1339881,-0.26395273
EHEB,3.176807,2.9295058,0.30150253,-4.101262,1.2372019,1.891445,0.4871472,0.37151754,0.7227146,-0.6544487,-0.940439,2.654504,4.390629,-1.4196972,-2.0592623,-1.8439218,-2.7370923,-0.21421885,-2.3358312,3.626277,1.1505605,1.5116842,-1.2389526,0.5375415,0.15870234,-0.72338355
DU4475,-0.046707116,-1.2714888,0.8113132,-0.089419276,-1.062206,0.8563167,0.97334605,-0.70536846,2.430044,0.62170804,1.4997853,-1.1064265,0.13822186,-0.03600061,1.8983334,-0.014632732,-1.6022679,-1.258838,0.45032358,-0.6681201,-0.32858452,0.19871223,0.3252114,1.4480329,-0.60554725,0.052981608
HPB-ALL,2.9507837,2.436968,1.1400182,-3.5552912,0.6104673,2.3602335,0.82310003,-0.17634839,2.027642,0.02721496,0.4892897,1.520384,5.3449006,-1.5018659,-1.3329344,-2.6995175,-3.5712035,-1.4120965,-1.2495066,2.9250169,1.5458413,1.1735636,0.40394202,1.526803,-0.3367667,-1.6183996
SU-DHL-5,3.704616,3.2474291,1.3611856,-4.9357624,2.0274076,2.8878317,1.8205302,0.45576724,1.894404,-1.0129628,-0.13042158,2.5693455,5.2608457,-1.3502976,-2.2308922,-3.0241456,-3.4899437,-1.557938,-0.98081994,4.145606,1.3982633,2.2646353,0.08706325,1.2165785,0.78645253,-1.1657116
Kuramochi,-1.1772856,-0.109941766,-0.31974697,0.56527025,-0.3875007,-0.9967474,-0.21091345,0.66173315,-0.17237389,0.853197,-0.1760426,-0.7124443,-0.9729766,0.51344997,0.1157843,0.32664788,0.61602974,-0.43520263,0.099502355,0.1789448,0.23122707,-0.53579676,-0.18580194,-0.4527916,0.89458454,0.077200994
KLE,-0.59531987,-0.2607435,-0.46846855,0.51064306,-0.29137036,-0.9029483,-0.09016366,0.75409806,-0.072635695,0.8436279,-0.22046551,-0.59215444,-0.60249907,0.7208432,0.17199309,0.5166761,0.16523877,-0.46660712,-0.23304062,0.21843779,-0.21805692,-0.1418644,-0.19739443,-0.0725872,0.8100093,0.25913215
HCC1171,-1.4578049,0.23471463,-0.98153335,0.8837933,-0.13776408,-0.30005765,-0.33265164,0.9882791,-0.5406568,0.7269392,-1.0952696,-0.8173101,-0.28644398,0.07927345,-0.18643583,1.0754486,0.93316174,0.523676,-0.072572246,0.21914466,-0.28261763,-0.25540352,-0.7699819,-0.17844623,0.7531096,0.18885529
SNU-685,-1.0260248,0.24343653,-0.74656546,0.59553826,0.18083394,-0.9875103,-0.7359384,0.92167425,-1.1923534,1.3111706,0.036709264,-1.3188655,-0.78596085,0.33913413,0.31257257,0.12847766,0.9021634,-0.66404945,-0.16689433,-0.3087372,0.36011648,-1.2681777,-0.9411277,-0.83508897,1.0258999,-0.74346524
YD-38,-1.4120376,-0.24935456,-0.90783495,0.9856516,-0.085206985,-0.8897266,-0.72630954,1.1307467,-1.3936075,1.4070623,-1.3304864,-0.4161906,-0.16474473,0.3232784,-0.28366917,0.7655628,1.412632,1.0835128,0.16281003,0.26724228,-0.20534816,-0.1426352,-0.58404285,-0.44470802,0.91231215,0.7334216
HCC1599,0.07466377,-0.6840632,0.58359045,1.0243261,-0.59154344,0.051707506,0.71792233,-0.40138713,0.6612668,0.42437953,0.54797167,-0.79369926,-0.33198032,0.09497961,1.0184908,0.87910616,-0.16016595,-0.21079142,0.14184088,0.003961213,-0.11364702,0.09230606,0.052377496,0.70952034,-0.48652756,0.6440059
UT-7,2.176575,2.6290405,-0.62498635,-2.9238179,-1.3823631,-0.029875088,0.54591155,0.46487492,2.2803612,-0.4376904,0.311283,0.52637446,5.062973,-2.0201993,-0.48849714,-3.1507704,-1.647414,0.5786897,-2.5158873,0.088416785,2.12147,0.15754521,0.21039283,0.65415674,-1.1839896,-0.949245
HLF-a,-2.315266,-0.21979578,-2.1258795,1.3361192,0.76283616,-2.7759566,-1.9976125,2.2094054,-2.5389013,3.359365,-0.38535488,-2.013188,-1.5417804,0.9345638,-0.2486361,0.1315793,2.2487323,-0.61821705,-0.2522287,-0.49459028,0.10551445,-1.7668722,-2.069877,-2.0129309,2.417585,-0.6036091
KYSE-140,-0.1170413,-0.5240239,0.43561724,0.523767,-0.09472197,-0.26536685,0.038406514,0.55828077,-0.43053558,0.7893989,-0.46521002,-0.66417134,-0.3118571,0.6129757,0.7194534,0.7355888,0.7515564,0.34118575,0.21886313,-0.05551038,0.26536348,-0.3316401,-0.23238376,0.092731595,0.18346499,0.79779106
DBTRG-05MG,-1.1191444,0.50478673,-0.8206725,0.28512496,0.08829069,-0.75248545,-0.6622716,1.0068238,-0.5599797,1.0115709,-0.19440782,-1.0871859,-0.86704755,0.3035319,0.1365809,-0.12207677,0.5080013,-0.86121684,-0.23333795,-0.074492335,0.32200763,-1.052846,-0.7887016,-0.92384356,1.0048614,-0.49288544
KMS-11,1.4863751,1.6689844,0.75176275,-2.0130367,0.396658,0.80289584,0.946962,-0.017776355,1.083543,-0.350174,-0.08179963,1.2736621,2.549693,-0.44362003,-1.2153041,-1.678293,-1.9353886,-1.3901073,-0.47309706,1.9156663,0.4895032,0.99257743,0.24847203,0.3354224,0.50947297,-0.32953218
SLR20,-0.90922165,0.023837045,-0.51338,0.4771272,-0.43874675,-0.38154498,-0.11771804,0.24860588,-0.08976933,0.86019707,-0.07677931,-0.5922408,-0.4539382,0.20401523,0.25207725,0.06978315,0.08260274,-0.23624118,-0.03989748,-0.40971068,0.16040592,-0.48598176,-0.40979218,-0.06331009,0.48035115,-0.2370999
NCI-H3255,-1.7815408,-0.527951,0.19496724,1.4871341,-0.041242912,-0.16330852,-0.17815208,1.3646696,-1.2600033,0.44869202,-1.2830205,-1.015758,-1.1294664,-0.2088155,0.060970806,1.6984633,3.0485198,2.171454,-0.4572308,-0.21711254,0.12600821,0.41432518,-1.5304832,0.16046195,0.12029659,1.4149687
NCI-H1666,-1.0416498,-0.36354417,-0.33478153,1.0425856,0.02704224,-0.5819181,-0.38382435,1.2528032,-0.8264209,0.8401108,-0.7210712,-0.5660158,-0.48123538,0.113163546,0.109560914,0.65326476,1.8175195,0.8361933,0.25315487,0.48403674,0.08666522,0.17780213,-0.6570675,-0.27641916,0.49779946,0.9374961
KP-N-YN,1.6804394,-0.64351094,1.7696946,-1.9998765,-0.2337257,2.1621425,1.5254893,-0.633623,4.5077376,-0.58386433,4.403792,-2.5860462,0.4561962,0.5122689,0.8068857,-0.6303286,-3.4168835,-5.8018284,2.6194968,1.4274004,-0.4497074,1.3157951,2.188385,2.1577156,0.6895547,0.17502081
TT,-0.045904577,-2.50002,0.9300668,-0.024292812,-1.2039812,1.595376,1.8956265,-0.6111234,2.9160974,0.55837065,3.8785815,-2.7414649,-0.75778526,0.79147786,2.1694765,1.3637459,-2.3805952,-4.0801024,2.0416653,-0.68424517,-0.4206487,0.7084465,0.8839269,2.1574728,-0.58976215,0.12832007
SNU-410,-1.4173558,0.3175591,-0.9166343,0.5030021,-0.076894306,-0.63129365,-0.3770147,0.8193621,-0.5671945,1.1799755,-0.6424134,-0.53471786,-0.41312954,-0.08707029,-0.022512704,0.06632955,0.755667,-0.22121046,-0.17238227,-0.20589127,-0.04908447,-0.59847224,-0.523542,-0.5328923,0.55448514,-0.35656762
SNU-475,-1.3405017,0.2544493,-0.705402,0.42166692,0.27022603,-1.0593116,-0.63555646,0.90575093,-0.77622527,1.2379982,-0.1304813,-0.9628334,-0.6441562,0.21458098,0.17051947,0.1967785,0.8769145,-0.5255276,-0.18474913,-0.090929985,0.40246585,-0.82685566,-0.75868815,-0.8433489,0.7877358,-0.5987606
NCI-N87,-1.0236226,-1.0916227,0.36157155,2.0173025,0.43011978,-0.35438183,0.52772605,-0.2124552,-0.33394518,0.36004618,-0.29219735,0.3599878,-0.58684427,0.095956616,0.3834188,-0.20978178,0.5395134,1.3705646,0.48843938,0.13915385,-0.9903295,0.41638118,-0.31810597,-0.93000937,0.22895442,1.2904874
SNU-869,-1.3768635,-0.74135256,0.050426394,1.8338833,0.40015453,-0.32737243,0.2672835,-0.4152618,-0.52816045,0.045179147,-0.53797424,0.5230315,-0.49730772,-0.023678899,0.35828683,-0.11712137,0.68647313,1.5936681,0.28694776,0.18728393,-0.93887496,0.16796803,-0.61184984,-0.82557094,-0.030385401,0.74731505
SK-MES-1,-1.232862,0.17735153,-0.5649861,0.15112562,0.3295227,-0.42678756,-0.2336517,1.3703017,-0.87822753,0.6583772,-0.5598864,-0.34527332,-0.85968363,0.11927959,-0.04588548,0.37631834,1.3416246,-0.09408924,-0.21222147,0.28338498,0.27603972,-0.5869666,-0.85137314,-0.36698136,0.6386515,-0.05066295
NCI-H2030,-0.8852116,0.30452493,-0.32652026,0.123050615,-0.1070945,-0.38039792,-0.13015251,0.83072853,-0.050426967,0.40088153,-0.13991156,-0.7170452,-0.52530736,0.10696396,-0.30325902,0.26105216,0.78465325,0.30687317,-0.17234895,0.3738594,0.4266229,-0.20875032,-0.80402714,0.15289506,0.5136941,-0.046033658
RCC10RGB,-2.2397132,-0.45231748,-1.6248238,0.73413265,-0.91453934,-1.6410667,-0.87332904,2.1745627,-1.4867936,2.4590416,-0.6594121,-1.1761903,-1.461647,0.593697,0.36574763,0.9276484,1.7869841,0.18870784,-0.23230061,-0.38185096,0.53130484,-1.1918877,-1.560908,-0.6301038,1.1506938,-0.22960591
COR-L105,-1.1669638,-0.06315215,-0.68790823,0.6211075,-0.33774394,-0.49034458,0.017666616,1.0161297,-0.21092097,0.7047001,-0.1641225,-0.5518681,-0.68334615,-0.0027175546,0.15693803,0.64409184,0.85896176,0.50004727,-0.23736939,0.2795326,0.0075196326,-0.28016374,-0.99022627,-0.10007409,0.15789975,0.20044708
GR-M,-1.1529768,0.2927161,-0.6015,0.20371634,-0.18105346,-0.16638915,-0.17705022,0.24566388,-0.19299257,0.7256416,-0.2632583,-0.5080471,-0.53518516,-0.046855867,0.24725127,-0.03160552,0.77366674,-0.12685648,0.042335197,-0.34193906,-0.08332008,-0.54612947,-0.6128081,-0.11141312,0.4008649,-0.51973486
Lu-99A,-0.4067418,0.5541983,0.07672734,-0.06166162,0.06525524,0.06674994,0.096522346,0.074485295,0.09347108,0.21917555,0.18242401,-0.35981804,-0.2247603,0.10703306,0.031338714,-0.24492308,-0.1381628,-0.4363374,-0.05940456,-0.02245678,-0.059041373,-0.41353178,-0.28254318,0.048712302,0.418005,-0.20363861
NCI-H854,-1.5989075,-3.1443908,0.6068684,1.8819132,-0.29446748,0.21303716,1.1665727,-1.3393319,0.7753401,1.1111305,1.413342,-0.72208273,-1.6703585,0.5346228,2.2045598,-0.23175454,-0.0022948086,0.64416707,0.9617939,-1.3957574,-1.7469165,0.29488957,-0.39388925,-0.41003132,-0.32806313,0.8897682
TOV-21G,-1.0205767,-0.013083905,-0.60257894,0.30496186,-0.3662926,-0.8087235,-0.2763923,0.9195992,-0.22862312,0.94137883,-0.21931598,-0.6847909,-0.7568859,0.19150977,0.1391784,0.0010046065,0.40841168,0.26809075,-0.044338405,-0.049088612,0.1373047,-0.80814433,-0.6604854,-0.49356833,0.6703422,-0.011122435
CGTH-W-1,-0.9106295,0.7236379,-1.0389442,0.5698756,0.5324286,-1.0281892,-0.4885177,0.9438001,-1.2770656,1.2380291,-0.014485091,-1.1028298,-0.81450224,0.42446136,-0.10947757,-0.19204323,0.8930148,-0.7533829,-0.18788473,-0.09361379,0.23734209,-1.1882012,-0.9635121,-1.0686812,1.1543319,-0.50556386
MDA-MB-361,-1.3282707,-0.72164744,-0.11679304,1.3538804,-0.26445308,-0.35273707,0.3932976,0.330485,-0.1767557,0.48963475,-0.25606158,-0.7984335,-0.6005777,0.17797795,0.45100236,0.501177,0.6064087,0.86142874,-0.1418511,-0.7693503,-0.5249213,-0.059015848,-0.8098242,-0.1438503,-0.22452761,0.77879524
DMS 53,-0.015570909,-1.8847326,0.82673585,-0.01404622,-0.99714273,1.2202613,1.7588221,-0.82377213,2.064937,0.18955149,2.1220508,-1.6286936,-0.5452099,0.312522,1.6156459,0.50233835,-1.4132657,-2.1540976,1.3686917,-0.3454234,-0.21437514,0.80635893,0.5159483,1.5686874,-0.7482651,0.33210835
SW1088,-0.96346205,0.75086,-0.8689287,0.38722748,0.68797743,-0.6499839,-0.5636682,0.9771744,-0.84191334,1.036049,-0.17592146,-1.1175143,-0.4728206,0.03195887,0.006535601,0.116443835,0.74673957,-1.0266032,-0.1678572,-0.17432408,0.41204423,-0.8178418,-0.83851135,-1.0480052,1.08746,-0.61135775
BxPC-3,-1.5004609,-0.33463138,-0.62982684,1.4758344,0.4734795,-1.0106158,-0.5851842,1.1226479,-1.3070956,1.215667,-1.2962617,-0.20745108,-0.15305965,0.18135431,-0.32660526,0.47699896,1.4552459,1.0642581,0.3691466,0.58679926,-0.6533903,0.074622035,-0.4547896,-0.82337004,0.9238943,0.9555061
Raji,3.613149,3.1797724,1.18926,-4.9548864,2.0902507,2.6062665,1.4369848,0.6705544,2.0703063,-0.8206052,-0.29729235,2.5324624,5.243401,-1.2951441,-2.4223838,-2.9352274,-3.3863018,-1.6009376,-1.0060894,4.206414,1.4861525,2.2772894,-0.21259072,1.169305,0.6682191,-1.0448459
HCC2218,-1.1410897,-1.2353528,0.047022462,1.7507453,-0.0492506,-0.29790524,0.61121947,0.0014200658,-0.34073085,1.0264626,0.11332373,-0.693837,-0.5218896,0.20999464,0.45375928,0.008303776,0.07534926,1.1596946,-0.38004404,-0.5395602,-0.98816377,0.14609586,-0.48161796,-0.31061506,-0.6044669,1.1485754
SNU-620,-1.8835557,-2.6759572,1.8841028,3.2636485,1.3693161,-0.0022752136,1.0045352,-1.9408703,-0.57580674,0.20180151,-0.12850176,1.0287564,-1.8647723,0.032024078,1.4092472,-1.0248148,1.0735359,3.3333735,0.6311067,-0.41279998,-2.062036,0.19434102,-1.1709383,-1.7549007,-0.1697531,1.6513437
HuG1-N,-1.6707978,-2.2273495,1.1815317,2.7692556,1.2295418,-0.0314309,1.035951,-1.3608081,-0.3846726,0.21049616,0.059276596,0.94981897,-1.5880976,-0.07998211,1.2689663,-0.9816704,1.1148169,2.8780222,0.4754423,-0.18793763,-1.7265627,0.31675684,-1.0032299,-1.4162664,-0.21894512,1.4647272
Loucy,2.7425718,2.6996312,0.44105417,-3.5972877,0.05108127,1.2512478,0.546685,-0.28319275,2.3349152,0.08060923,0.41835874,1.3042555,4.9636774,-1.6654488,-1.3750762,-3.3478124,-3.0465026,-0.83649457,-1.8494352,2.2321436,1.5182049,0.60001695,0.034051925,0.7553383,-0.11457381,-1.5004933
Hs 739.T,-2.2400723,-0.34932864,-1.91748,1.3009002,0.7096025,-2.8450594,-1.8512483,2.6671898,-2.8172393,3.3379197,-0.34705043,-1.8626045,-1.6447706,1.0834291,-0.45439348,0.23693225,2.409489,-0.53445673,-0.26230103,-0.22460902,0.37117416,-1.9068727,-2.3927927,-2.1680887,2.4310374,-0.5872437
HEC-1-B,-0.7984873,0.1270219,-0.0349985,0.31069368,-0.1319823,-0.43592697,0.4213904,0.36212188,0.07379204,0.13264935,-0.17030007,0.14184447,-0.48540053,0.22495627,0.1633268,-0.18649173,0.35167745,0.3322655,-0.06715213,0.23419678,-0.037401814,-0.6808816,-0.46908134,-0.3390565,0.51068276,0.44027346
NCI-H2171,1.1572316,-1.077204,1.307185,-1.5658058,-1.0458677,2.517666,2.1762087,-0.61600935,4.453737,0.22801514,4.259871,-2.8358128,0.40122312,0.614705,1.8103647,0.25972503,-3.4095404,-5.5585837,2.6793275,0.6081665,-0.32531655,1.2763284,2.150223,3.1583018,-0.52950275,0.31644917
NCI-H69,0.88297606,-2.2863681,1.4597757,-0.86622417,-1.4166446,2.7622423,2.2293131,-0.8894962,4.4140844,0.21164316,4.21864,-3.509718,-0.14707875,0.89599544,2.488328,0.8851591,-3.8624468,-5.8514943,2.709814,-0.1389966,-0.022108972,1.2261863,1.9398315,3.4181213,-0.7793062,0.03787881
OELE,-1.9977105,-0.1601656,-1.4771004,1.1002754,-0.35844305,-1.6247534,-0.81667125,1.0255044,-1.0804999,2.1100757,-0.49844858,-1.0033107,-0.93475777,0.7566607,0.18430683,0.25483754,0.7739928,-0.25236756,-0.10039076,-0.6295477,0.052126043,-1.2952539,-1.1023674,-0.85912466,1.3862972,-0.6149919
Hep 3B2.1-7,-0.89559454,-1.4156201,-0.17543404,1.1085709,-0.51312107,0.5896511,0.30728588,-0.47329348,0.8069526,0.39301866,1.0351943,-0.3352058,-0.9311369,-0.17695166,1.5734519,-0.04881956,0.16276208,-0.12878828,0.55006915,-0.44302565,0.04499294,0.012253001,-0.4617539,0.39249948,-0.16734913,0.25761464
AsPC-1,-2.1272273,-1.7765793,-0.13933776,2.7798653,1.0836554,-1.0132399,-0.033911053,-0.013324231,-0.81459975,0.4711415,-0.46292385,0.4576125,-1.1902504,0.188502,0.4277453,-0.58422923,1.4104769,2.3188744,0.40361324,0.114131,-1.6902189,-0.40277866,-0.93452555,-1.8559477,0.31384405,1.0005825
MCF-7,-0.40682352,-0.6325097,0.042431284,0.8587802,-0.43659654,-0.29728583,0.7283221,-0.051058874,0.47533515,0.49409357,0.1162791,-0.76337636,-0.23436889,-0.10741789,0.17082682,-0.18290782,-0.34314668,0.51729,-0.23349431,-0.41388145,-0.35053515,0.46383846,-0.48606205,0.24251077,-0.27567536,0.93477726
SH-10-TC,-0.93867517,0.44572338,-0.49098933,0.35783803,0.26161677,-0.39873302,-0.35642058,0.39469388,-0.25460866,0.5665934,-0.27781415,-0.35681513,-0.380354,0.017515033,0.017249428,-0.27252802,0.11608446,-0.23326331,-0.09511295,-0.27854583,-0.24243242,-0.80707383,-0.5022096,-0.61804175,0.79276943,-0.52178
NCC-StC-K140,-1.630552,-0.9876795,-0.5556713,1.7180598,0.14949356,-1.0615575,-0.51430357,1.1965806,-1.5742068,1.8401141,-1.2349368,-0.43204683,-0.61506164,0.82122207,-0.35701546,0.40220967,1.3934559,1.2344173,0.21279925,0.27298677,-0.53586763,0.076040834,-0.4139964,-1.070432,1.1213266,1.0320576
A-673,0.6421116,0.21885082,0.4866817,-0.67474365,-0.06155823,0.43308964,0.69341797,-0.29571474,1.277696,-0.14481203,1.3601007,-0.72434783,0.65096223,0.26239988,-0.19191213,-0.6396477,-0.55619574,-1.9735916,0.79303217,0.66630834,-0.32140988,0.23245458,0.4431631,0.5133871,0.75283724,0.0829491
Hs 834.T,-2.9050174,-1.282115,-2.5269976,1.8997105,0.44609958,-4.081883,-2.574294,2.9116404,-3.3277602,4.6014376,-0.46261525,-2.5205536,-1.9788836,1.5567906,-0.41369027,0.30657837,3.0581365,-0.18600504,-0.31747538,-0.80731946,0.08883169,-2.2956352,-2.7761054,-2.6015441,2.6768012,-0.8226668
59M,-1.606745,0.17886637,-1.2674235,0.651775,-0.10509119,-1.1998193,-0.7151487,1.2123845,-1.1085858,1.9540564,-0.44423866,-1.0862707,-0.57910115,0.6277174,0.23399487,-0.015861284,0.8053043,-0.7875065,-0.27334204,-0.43803036,0.1454378,-1.1909841,-0.9022381,-1.0823188,1.2215799,-0.60679185
AMO1,2.651375,2.386273,0.9037616,-2.9368129,1.1847932,1.3975986,1.0530871,-0.39630502,1.0712011,-1.0893775,-0.42044342,2.6336012,4.312093,-1.116634,-2.1919892,-2.5956063,-2.426318,-0.39608124,-1.3767715,2.9469225,1.1267728,1.1736444,-0.2074058,0.32007474,0.6602942,-0.99164283
HGC-27,0.04928761,0.35816145,0.70282567,0.017246367,-0.053736895,0.17571013,0.40784627,-0.75072706,0.71355754,0.20336561,1.0224574,-0.44715798,-0.34934855,0.38744012,0.19347228,-0.8235086,-0.5057573,-1.103211,0.35404912,0.3754101,0.10124349,-0.4318549,0.038170047,-0.011127412,0.5157691,-0.22397734
COLO 684,0.79904175,-1.1937051,0.6984147,-1.3961289,-1.7896912,2.3654013,1.5115459,-0.3232356,4.602162,0.44827902,4.821554,-3.5827289,0.06294131,0.8537902,2.4057457,0.5234323,-3.5808756,-5.7129626,2.3129559,0.22264102,-0.017915368,0.90041596,2.1644425,2.8224015,-0.46266967,0.18347141
Mel JuSo,-0.5257964,0.7752572,-0.43570337,-0.18729773,0.08131366,0.11111279,0.38834715,0.3423906,0.31392914,0.4541089,-0.34251165,-0.37554768,-0.18079,0.47395557,0.31801763,-0.41965508,-0.35415876,0.052341834,-0.112471625,-0.443075,-0.23329166,-0.65849066,-0.24360184,-0.41625386,0.20031214,-0.12793425
H4,-0.62410724,0.5169117,-0.69341815,0.2485878,0.35946143,-0.6004385,-0.42990732,0.95282596,-0.67041355,0.81520283,-0.043579936,-0.78601646,-0.43351308,0.18183444,-0.046550773,-0.12938258,0.4955709,-0.6936503,-0.10190618,0.0793785,0.3403096,-0.808445,-0.6086008,-0.67056227,0.7321166,-0.4749771
KO52,3.4343834,3.0678744,0.1465666,-3.9560347,-0.13467579,0.6659441,0.74719274,-0.107825726,2.4281697,-1.1382301,0.33695507,1.5352714,5.8769145,-2.2195084,-1.2079858,-4.292624,-2.3054602,0.4225407,-2.4539688,1.7832022,2.180272,0.80139756,0.017417297,0.8583149,-1.0002263,-1.1704378
F-36P,1.8751154,2.1146266,-0.061163135,-2.5033746,-0.7946209,0.3397041,0.46738026,-0.023338974,1.8550875,-0.29856566,0.63156503,0.70777243,4.1356144,-1.6464795,-0.5623202,-2.872642,-1.5594712,0.068901345,-1.7282717,0.77862275,1.7316835,0.18583538,0.29215252,0.56181115,-0.3726596,-0.7353121
BV-173,3.0907104,2.5910819,-0.5904802,-4.0863795,-0.47762588,1.5889044,0.8305887,0.24967703,2.5848126,-0.010509059,0.14928605,0.7032069,5.9034643,-1.749557,-1.0916197,-2.27376,-3.8529258,-0.97886753,-2.1200347,1.8923903,2.1943085,0.91310847,0.29079974,1.097687,-1.2586073,-1.1256953
K029AX,-0.4223603,0.40853643,-0.14485447,-0.183778,0.11158064,-0.056975298,0.35468346,0.35753787,0.37857702,0.37899056,-0.26030898,-0.26883504,-0.256136,0.756106,0.31084228,-0.5315801,-0.30977577,0.19527447,0.0123461485,-0.28050655,-0.23759302,-0.5559935,-0.1704238,-0.3903909,0.09990701,0.059582952
BL-70,3.7230167,2.9868555,1.2741122,-4.8789253,1.9338182,2.7639823,1.6703968,0.5507387,2.532918,-0.8700004,0.11041564,2.305812,5.478959,-1.279988,-2.2244384,-3.1615553,-3.6213923,-1.8617349,-0.45631203,4.0383863,1.2921593,2.2556705,0.3867846,1.4400613,0.73306,-1.0666976
IPC-298,-0.18079668,0.7548466,-0.26251668,-0.18765089,0.08519654,0.4700174,0.4135978,0.3100711,0.68202317,0.17393836,-0.2001128,-0.6200677,-0.23414873,0.49720156,0.17310579,-0.39906588,-0.45791572,-0.29002342,-0.13298073,-0.37315756,-0.16320822,-0.47312745,-0.062171713,-0.3338037,0.20286861,0.04388579
COLO 677,1.7700988,1.9266009,0.44631162,-2.378312,0.55547106,1.2246102,0.95199573,0.031403735,0.88649863,-0.51884586,-0.8241436,1.7078015,3.3577194,-0.9623741,-1.7779242,-2.0309863,-2.0606856,0.121651545,-1.3985344,2.0309644,1.0159935,1.0152904,-0.3372764,0.12470934,-0.05694312,-0.78712606
FTC-133,-1.0468867,0.10317665,-0.7173553,0.49174768,0.4011572,-0.84643203,-0.68488014,0.96741915,-0.86025935,1.2100129,-0.36681026,-0.8280281,-0.60808885,0.1850809,-0.0521662,-0.0691769,0.72208726,-0.5239962,-0.24125674,-0.53334713,0.06396807,-0.8791955,-0.7330269,-0.78435767,1.1345139,-0.6044668
BICR 31,-1.847333,-0.99211,-1.1373905,1.2844815,-0.011487022,-1.8237687,-0.90122384,1.5738543,-1.9186064,1.9075216,-1.4079925,-0.7883628,-0.6903655,0.7499423,-0.4398306,0.49759513,1.7543863,0.9358834,0.34579736,0.09171109,-0.30484468,-0.6104116,-0.90674114,-1.0935421,1.4032233,0.6173011
LMSU,-0.8979907,0.71773607,-0.7380568,0.28484553,0.52746123,-0.49698234,-0.42102855,1.008483,-1.0058312,0.9352616,-0.37283546,-0.89228636,-0.57697546,0.12668686,-0.07180896,-0.03644014,0.72062826,-0.59433776,-0.20429523,-0.100235835,0.15885669,-0.8432338,-0.63719696,-0.6619168,0.9475734,-0.58346707
MEC-1,3.718,3.5317292,0.8073082,-4.639067,1.4820831,2.1436853,1.0244604,-0.25929624,1.474547,-1.1886374,-0.4921887,2.8317912,5.404422,-1.668048,-2.3148904,-2.7382097,-3.3330789,-0.7718268,-2.036286,4.1470847,1.5785595,1.9280944,-0.7404256,0.65660983,0.3909443,-1.4719741
NCI-H1781,-0.5714751,-0.405438,0.5203587,1.3472967,0.0815699,0.08726254,0.62290156,-0.24253578,-0.15592276,-0.16898862,-0.52995014,-0.4514703,-0.29714444,0.05907657,0.2794292,0.5789455,0.704945,1.164134,0.08746816,0.042846594,-0.3715303,0.5662804,-0.27335328,0.1172568,-0.080775805,0.86872023
U2OS,-0.5391487,0.5444077,-0.20168981,0.22558543,0.10585302,-0.59990513,-0.41628155,0.5805716,-0.30552587,0.57956886,0.06115824,-0.6991846,-0.59328413,0.23225611,0.11655926,-0.06820385,0.2696015,-0.6952233,-0.15962106,0.034339577,0.102804795,-0.68678355,-0.4717709,-0.35318214,0.76802504,-0.30175865
HD-MY-Z,-0.34159523,0.63498276,-0.35981882,0.2675693,0.45453975,0.061890513,-0.27204484,0.08989036,-0.10271098,0.41252023,0.24511753,-0.7343141,-0.36455673,0.22737628,-0.09339952,-0.21914205,-0.25664818,-0.6835088,-0.16766657,-0.024641087,0.081170045,-0.9836805,-0.40432996,-0.6708701,0.38653427,-0.4686514
OV7,-1.3171628,0.48045847,-1.2179768,0.61387306,0.16705842,-0.8141515,-0.81276834,0.8402511,-0.74275786,1.2799878,-0.5491217,-0.967318,-0.6220262,0.18557483,-0.0006646676,-0.26341704,0.7243953,-0.44808072,-0.1973239,-0.3047519,0.11776066,-0.8658334,-0.7436426,-0.7492092,1.0943978,-0.5926394
A4/Fukuda,1.9628961,2.1337423,0.82199556,-2.190962,0.9402471,0.903308,0.9276507,-0.6593188,0.94402504,-0.4174358,-0.24386886,2.0255923,3.386115,-0.7498737,-1.5741395,-2.1878703,-2.102497,-0.4425695,-0.9358142,2.4142277,0.9730929,0.76123446,-0.28676313,0.20624475,0.5150429,-0.71051276
NCI-H1581,0.42938673,0.06690024,0.79444337,-0.30904177,-0.30065423,0.52774286,0.33332145,-0.54989386,2.009538,0.060431987,1.5566559,-0.8347935,-0.043150023,-0.0027941903,0.57672536,-0.78676707,-0.6695444,-2.0179474,0.5417707,0.23104829,-0.14253724,0.16502276,0.63886124,0.957688,0.23032269,-0.02379115
ALL-SIL,3.2691457,2.7894337,1.1889372,-3.7013526,1.2054659,2.237208,0.54699737,-0.7142707,2.0674486,0.0019711256,0.6406523,2.1250408,5.488666,-1.7956473,-1.6337404,-3.5340774,-3.6033137,-1.3217638,-1.353881,3.1647315,1.5518589,0.8209387,0.39675355,1.1481521,-0.31930843,-1.7512944
AZ-521,0.4222201,0.0037208125,0.5543995,-0.08401822,-0.37659356,0.03934972,-0.14435567,-0.20612921,1.5330427,0.006948743,1.2387364,-0.4149027,-0.49729663,0.32660758,0.6419025,-0.5545899,-0.5333221,-1.0550243,0.14393055,0.027347017,-0.4458091,-0.21066134,0.28148288,0.17960301,0.4261515,0.35810676
P3HR-1,3.839883,3.062665,1.3062403,-5.144542,2.0636666,2.870112,1.6275529,0.7729585,2.2976792,-0.8268292,0.13561943,2.1325426,5.3034,-1.2024866,-2.1283655,-3.1085603,-3.6105845,-2.19635,-0.5197866,4.1798244,1.3447658,2.2831588,0.334841,1.3026018,0.7437176,-0.9996259
WM793,-1.0591846,0.78131944,-0.7491533,0.09297696,0.44124934,-0.3588371,-0.4412146,1.0042706,-0.58962595,0.9669326,-0.44651872,-0.9896389,-0.58521,0.44854927,-0.03755237,-0.09717285,0.6143441,-0.619566,-0.14277607,-0.22431743,0.2601257,-1.1209118,-0.76467174,-0.71508074,0.8899313,-0.4311451
MOLM-6,2.8481448,3.018717,-0.16730984,-3.6163301,-0.6237167,0.3448816,0.38760513,0.10577589,2.352077,-0.9166577,0.47502226,1.1228157,5.6603174,-2.139433,-1.1409216,-4.0114064,-2.189572,0.77075255,-2.5520585,1.0450327,2.1921475,0.56156516,0.048672155,0.8178254,-1.323112,-0.9288116
SK-RC-20,-2.245293,-0.48593295,-1.4473925,1.1860845,-0.2681378,-1.6783848,-0.830269,1.0583409,-1.0566444,2.0955868,-0.55744386,-0.8169844,-1.0147047,0.31272036,0.4504179,0.0853175,0.9681987,0.51460254,-0.16880086,-0.7990696,-0.3052714,-0.97196156,-1.4769123,-0.97066545,1.0123687,-0.7034867
Capan-2,-1.2917647,0.08012373,-0.4991505,1.4693565,0.40481073,-0.3288405,-0.09338153,0.47114003,-0.49081373,0.15709549,-0.81111914,0.07696285,-0.06993012,0.1318244,-0.12003745,0.41079494,0.6180413,1.0771723,0.25236088,0.5914454,-0.8781151,0.19656944,-0.5605713,-0.8472171,0.5996662,0.8928207
NCI-H1299,-0.3496835,0.40826815,0.07715632,-0.09303484,-0.048829183,0.2308174,0.19354226,-0.14862224,0.7485633,0.10230633,0.25443476,-0.5491961,-0.32141152,0.005919501,0.14724281,-0.42206722,-0.4335587,-0.61068267,-0.005304262,0.02564546,-0.1067745,-0.510331,0.004835263,0.10613055,0.35110873,-0.27403545
HCC1395,-0.8180624,0.20270349,-0.6552228,0.27665216,0.11056894,-0.52905065,-0.28828514,0.6232566,-0.48164007,1.044904,-0.47612914,-0.51464874,-0.35187072,0.16803661,0.16622308,0.08560169,0.574579,-0.21963267,-0.2131406,-0.050300486,0.3533802,-0.7534525,-0.564187,-0.61711496,0.61778426,-0.62136984
CCK-81,-0.5587644,-2.2022538,2.3916743,1.9038036,1.2343671,0.8968935,0.84647214,-1.964293,0.28990716,-0.063375205,0.55738777,1.4592016,-1.2563127,-0.7874439,1.4798203,-1.3802226,0.7307966,2.1752572,0.5946981,0.019657135,-1.256279,0.8250554,-0.62318087,-0.9479315,-0.8260603,1.927012
HARA [Human squamous cell lung carcinoma],-0.33891994,-0.28358895,0.060457483,0.56349206,0.12932704,-0.22375286,-0.13638721,0.41176647,-0.15757203,0.46141604,-0.39209417,-0.06734625,-0.0017310483,0.4975024,0.03494232,0.11187331,0.2734888,0.102795005,0.28474772,0.34918064,0.12146531,0.25747776,0.086880185,-0.22399047,0.43259916,0.5411861
SK-RC-31,-2.2080708,-0.27825895,-1.4618406,0.7338946,-0.7835268,-1.1891148,-0.5758203,1.1035727,-0.9013604,2.0165637,-0.48938814,-1.1406648,-0.8951616,0.45223546,0.6326159,0.34342065,0.83886373,-0.120950595,-0.11148189,-0.84710205,0.34737873,-1.1482689,-1.0481007,-0.48896146,0.73032916,-0.7098267
KYM-1,0.59837615,0.13524944,0.5815446,-0.10959391,0.17427035,0.47897387,0.0003055837,-0.70818084,0.7327149,0.36721137,1.1421175,-0.2741049,0.04148525,0.11085298,-0.010044768,-0.4238975,-0.35454845,-1.730267,0.29130954,0.25544697,-0.22602649,-0.13058414,-0.055045772,0.67357177,0.40759796,-0.5085536
HPAC,-1.2759538,-0.36602122,-0.338035,1.6149485,0.39854783,-0.5029365,-0.21011753,0.6887674,-0.8671108,0.36495665,-0.8080122,0.19179568,-0.017561173,0.4447111,-0.3225004,0.24551554,0.70089906,1.0733461,0.54203475,0.64829135,-0.7162144,0.31749412,-0.4651572,-0.6869457,0.52934146,1.0352675
OAW42,-0.932002,-0.4030831,-0.35241583,0.6876995,-0.41891897,-0.63840365,-0.15250549,0.350941,-0.11758347,0.7229371,0.2187863,-0.48604608,-0.87255967,0.3589962,0.48722655,0.34422228,0.3277477,0.054336816,-0.023032159,-0.24276999,0.08450915,-0.4746049,-0.5298117,0.20184979,0.21476074,0.028913245
KP-N-SI9s,-0.36467332,0.144714,-0.32846138,0.5168752,0.30074295,-1.0666593,-0.72287905,0.84071857,-0.5430154,0.9570713,0.42918944,-1.2625835,-0.8780826,0.5792003,0.17722714,-0.12549296,0.3592359,-1.1534454,-0.13164222,0.14379275,0.23068361,-0.77821445,-0.649692,-0.84656787,1.1967136,-0.46830243
M-07e,2.3887682,2.5747554,-0.3629311,-2.8855817,-0.72711253,0.3904314,0.5145482,0.012502998,2.3043923,-0.34334245,0.4152443,0.9453378,5.013605,-1.9945436,-0.7096435,-3.3105485,-2.4264488,-0.035644293,-2.0666993,0.92657083,1.9110724,0.2728421,0.31884858,0.42203844,-0.8931829,-0.9822854
P31/FUJ,3.2607975,3.3498144,0.22614603,-3.8573961,-0.13941571,0.6082973,0.8657416,-0.23229569,1.7545424,-1.5013031,0.3462392,1.6019962,5.695107,-2.0009923,-1.5754782,-3.983116,-2.363377,0.041599423,-2.1075957,1.3831342,2.14071,0.83291394,0.1652406,0.8344296,-0.9027062,-1.09768
COV434,0.49905926,0.05166473,0.60582143,0.0016759709,-0.38620755,0.17854565,-0.04330954,-0.48615873,1.3373808,0.20135628,1.3128082,-0.2046346,0.08690864,0.16440678,0.4231692,-0.5265921,-0.670676,-1.3028102,0.099414,0.480111,-0.10172036,0.098902695,0.20069528,0.64973104,0.2766356,-0.19785047
SK-CO-1,-2.1706128,-2.545548,1.2803996,2.6877933,1.2629662,0.3770455,0.9148474,-1.2266574,-0.51929104,0.22574803,-0.09163806,0.6064045,-1.4329802,0.00859656,1.3792588,-0.2829898,0.94950247,2.5847461,0.78065634,-0.34423277,-1.3972439,0.14502878,-1.032479,-1.188415,-0.37201256,1.7630267
NCI-H1869,-1.0611279,-0.04887048,-0.10739586,1.1504861,0.40406328,0.16887423,0.1692909,0.17960948,-0.7389195,-0.18174678,-0.88853467,-0.23490594,-0.11424568,-0.09246967,0.09224391,0.5826271,1.1880125,1.5183296,-0.09947993,0.2343108,-0.45595244,0.22419718,-0.6223673,-0.13857648,0.10685319,0.7429203
SNU-213,-1.8128021,-0.41901225,-0.65656006,1.8671283,0.07524131,-0.67600626,-0.21179566,0.33648333,-1.1799734,0.48005092,-1.2968667,-0.16715266,-0.39622432,0.3844704,-0.02160345,0.57749546,1.4207592,1.8296485,0.29003847,0.3735615,-1.0193733,-0.0011574328,-0.9598103,-0.7893404,0.6751118,0.88713455
A-253,-0.8668884,-0.5662875,-0.4029311,0.9221264,-0.048530016,-0.7107346,-0.37809464,0.88244045,-0.71715873,1.0264146,-0.953342,-0.64924705,-0.19945052,0.47737753,-0.10324107,0.45456028,0.82934034,0.46539083,0.11413102,-0.004800223,0.15814653,-0.24596912,-0.25649413,-0.39703578,0.5439482,0.3683509
OCUM-1,-1.927321,-2.086922,1.2253932,2.4615707,1.3934971,0.20060745,0.41588438,-1.249296,-0.22903393,0.016697848,0.15727411,1.0177015,-1.3987983,-0.23893738,1.1558343,-0.6452679,0.88354015,2.769738,0.700635,-0.023618242,-1.5075966,0.30165684,-0.86536866,-1.2567062,-0.29841813,1.6435287
SNU-1040,-1.4222203,-2.2101943,1.4344208,2.19834,1.1143051,0.1446856,0.66028893,-1.3538427,-0.14823301,0.41694057,0.27647159,0.83495814,-1.513339,-0.019272348,1.3729537,-0.97103596,0.96581614,2.5103598,0.68636,-0.040764928,-1.290437,0.30136704,-0.6180288,-1.2109728,-0.135997,1.6742735
CAL-54,-2.0500417,-0.80413675,-1.2088641,0.82451665,-0.8011422,-1.3945538,-0.6108062,1.7224095,-0.9290261,1.845518,-0.1680272,-1.1531178,-1.562703,0.8002572,0.6479338,0.78629905,1.6358163,0.15866758,0.041054085,-0.24128486,0.442888,-1.1359015,-1.3686367,-0.62907445,0.64769864,-0.014694378
OC 315,-0.44614196,0.16670744,-0.2720005,0.22566116,-0.6075935,-0.1806936,0.18739805,0.45309788,0.3290448,0.5755625,-0.19058737,-0.63409173,-0.24262935,0.1924926,0.20669298,0.23483479,0.019568017,-0.24665794,0.014727145,0.14270775,-0.020497637,-0.27333385,-0.27641624,0.086173624,0.48348334,0.046375126
SLR25,-1.7832989,0.2574979,-1.3032203,0.79869163,-0.42030755,-1.0000346,-0.41486442,1.157983,-0.8454321,1.731591,-0.6844324,-0.94175106,-0.69209415,0.41695395,0.2197982,0.6780231,0.8077256,-0.035199694,-0.03320813,-0.19859016,0.03832195,-0.9367142,-0.8211156,-0.45289275,1.0150198,-0.22366305
CAL-33,-1.9373671,-0.7945471,-1.1331618,1.7338258,-0.16259164,-1.534848,-0.8727276,1.635579,-1.87449,1.963511,-1.5326809,-0.4104796,-0.45805937,0.52369756,-0.269477,0.65354705,1.8979522,1.5631148,0.43236795,0.47166035,-0.5402942,-0.051208347,-0.6228057,-0.897238,1.2557588,1.0267535
RCM-1 [Human rectum adenocarcinoma],-1.7254515,-1.7254006,0.49806464,2.6512208,0.9055259,-0.3560208,0.43003947,-0.9186831,-0.6463766,0.30645937,-0.47984666,0.9393235,-1.078028,0.078413226,0.72884965,-0.87166417,0.96171623,2.515696,0.70073926,0.082540385,-1.8097892,0.3137223,-0.75855684,-1.4419482,0.22599882,1.5424724
SK-HEP-1,-0.9222468,0.5044029,-0.65272176,0.19041081,0.07294641,-0.23894358,-0.28100502,0.7122998,-0.45958507,0.7623314,-0.3575492,-0.83368105,-0.22274819,0.0132866055,-0.1649744,0.04418201,0.30452347,-0.3638058,-0.10708607,-0.11099046,0.20589423,-0.85191643,-0.39879727,-0.35103488,0.6424501,-0.30700508
RERF-LC-A1,-0.6095027,0.4431578,-0.25632274,0.061198145,0.090440124,-0.21408731,-0.27707878,0.35364506,0.012223184,0.4273135,0.052712977,-0.7584379,-0.26747337,0.21412699,-0.19291922,0.0038073435,0.19207497,-0.40297186,-0.08398235,-0.07246771,-0.02249676,-0.62842494,-0.31800497,-0.2197637,0.5384485,-0.11482522
SNU-478,-1.2538623,-0.64608413,-0.18255234,1.5681353,0.19944555,-0.3374409,0.18014576,0.2939995,-0.87450147,0.6388019,-0.61916184,-0.2107664,-0.50978315,0.20835061,0.228242,0.5250368,1.0389702,1.5097288,0.025729835,-0.124258116,-0.6142626,0.22594136,-0.6560381,-0.364385,0.2197712,0.99797565
SW1116,-1.8083959,-2.0188963,0.80351734,2.7332838,1.1722299,-0.187235,0.43610466,-1.0871711,-0.61984825,0.2657501,-0.32937762,0.9980262,-1.3545905,0.15149918,0.899386,-0.9875846,0.95875025,2.8218637,0.5972772,-0.019476846,-1.9225414,0.28186542,-0.9620175,-1.724128,0.06471656,1.693858
TE-5,-0.83430517,-0.29555997,-0.5580013,1.3744254,-0.08875461,-0.60990137,-0.22410569,0.4878581,-0.8673188,0.8840192,-0.81709355,-0.26785478,0.3341663,0.41023076,-0.05203399,0.053180255,0.3678847,0.7513554,0.17280978,0.18957931,-0.95041513,0.25544065,-0.040537506,-0.61637,0.57952744,0.7647681
CHP-212,-0.13128915,0.45054162,0.08711916,-0.10279594,0.12364314,-0.09093374,-0.30794528,0.09852987,0.14813337,0.28600734,0.8254162,-0.9909179,-0.5198879,0.38403752,0.20064387,-0.32894033,-0.39940304,-1.3624231,-0.049049523,0.10170391,-0.10904711,-0.62983775,0.0065605454,-0.23907875,0.68149436,-0.17103052
NCI-H2141,0.8893349,-2.5375125,1.2472056,-1.1482077,-1.9106317,2.7928562,2.3133302,-0.80295587,5.2160397,0.69162023,5.2977514,-4.4026117,-0.24286763,1.1477755,3.120706,1.3625739,-4.30978,-6.6824665,3.3142118,-0.28770182,-0.196655,1.4036034,2.328529,3.487764,-0.7531922,0.17288136
Toledo,3.570965,2.7754726,0.77057755,-4.778224,1.2880957,2.586706,1.3117008,0.61672544,2.7915368,-0.8015219,0.27011248,1.6613314,5.586281,-1.2350184,-2.1324842,-2.6189604,-3.9013128,-1.9316304,-0.78057003,3.8863869,1.5135264,1.8375652,0.17799807,1.7292039,0.42068326,-0.8963637
UACC-257,-0.2908861,0.46526998,-0.18306175,-0.21916945,0.15270329,0.119478434,0.36386064,0.13692632,0.7315081,0.07315801,-0.0029325392,-0.5511214,-0.070278995,0.649405,0.47437888,-0.43593395,-0.47164184,-0.20953186,0.14049499,-0.46327037,-0.2049438,-0.34041587,0.018827707,-0.206982,-0.13023546,0.16485779
SCC-25,-1.7660692,-0.47262317,-1.31375,0.91258323,0.073642,-1.6769453,-0.9269147,1.588778,-1.7176523,2.279909,-1.7155007,-0.7787629,-0.449278,0.5985683,-0.4853214,0.7147641,1.8451008,0.5141188,0.14730439,0.022435263,-0.27524185,-0.6225112,-0.7468753,-0.75379103,1.6192257,0.1913307
ACC-MESO-1,-0.6223,0.6972681,-0.36420858,0.12276875,0.30218235,-0.09983671,-0.276123,0.43589672,-0.47521883,0.4959788,-0.35161388,-0.5741818,-0.27335995,0.065443754,-0.079512656,-0.037677377,0.1778733,-0.4396068,-0.09198163,-0.007945452,0.07719569,-0.67833215,-0.30722997,-0.37361366,0.5046208,-0.34730983
COLO 678,-1.0306846,-0.5609505,-0.037624933,1.3961146,0.0241125,0.0070270747,0.043029472,0.33456716,-0.11738135,0.44181332,-0.5299958,0.14079897,-0.43051392,0.29112932,0.31746462,0.29328984,0.82137847,1.1653484,0.2508938,0.34495386,-0.4239806,0.34770894,-0.70525426,-0.24547657,0.17378718,0.91211116
PE/CA-PJ15,-1.3567272,-0.20950255,-0.6381806,1.0122262,0.1827627,-0.82188517,-0.44457293,1.1321286,-1.2432654,0.9877067,-1.2556069,-0.37299532,-0.18778777,0.27096587,-0.27626842,0.5963805,1.2968199,1.0511944,0.2217527,0.37917656,-0.25928444,0.08254039,-0.5440838,-0.50416887,0.77953255,0.94001985
T3M-10,-1.460531,-0.08150332,-0.89741033,0.6086912,-0.20340864,-0.4598226,-0.25302246,1.0908214,-0.77974534,1.2667046,-0.93246204,-0.7144259,-0.35644478,0.14175731,-0.3221634,0.74408793,1.1064454,0.9717682,-0.26866704,0.25376227,-0.16804191,-0.13975719,-0.8220074,-0.22459838,0.58130443,0.4089468
MOLM-13,3.2350092,2.8403687,0.07279987,-3.6084943,-0.0037519038,0.5533341,0.5288692,-0.5315586,1.9167097,-1.4627705,0.2893759,1.8546948,5.7129383,-2.2585948,-1.3045458,-4.182728,-2.226363,0.9049887,-2.2255597,1.2530167,2.2037356,0.95117384,-0.00979542,0.560308,-1.1167972,-1.2702373
HuH-1,-1.2758611,-0.7400732,-0.11761759,1.1340712,0.31853697,0.36131927,0.12549992,-0.46588323,0.45333147,0.23596564,0.76945925,0.041185997,-0.7177965,-0.18351555,1.0962038,-0.21635479,0.28023255,0.40254286,0.5632166,0.11344861,-0.27428114,0.12232708,-0.6886237,-0.2476261,0.09043157,-0.06771426
EFM-192A,-0.95562863,-0.62386596,-0.087736405,1.3454573,-0.48562017,-0.19468775,0.64442927,-0.0649697,-0.027203184,0.6653798,-0.18579796,-0.6748029,-0.4474663,0.03366798,0.3135979,0.3097047,-0.14670275,0.8190437,-0.23246333,-0.4891458,-0.39472204,0.2656041,-0.24448048,0.10091089,-0.17824677,0.9173242
YD-8,-2.1400406,-0.18013683,-1.736883,0.8989973,-0.10218215,-1.7555057,-1.1694365,1.882871,-1.4179623,2.503827,-1.0009947,-1.308208,-1.03026,0.48715937,0.061018053,0.4830516,1.9011219,-0.23081183,-0.24326605,-0.32418412,0.3030463,-1.1120442,-1.3450015,-1.0397221,1.4828635,-0.45144176
Hs 751.T,-2.2846417,-0.9566651,-1.8392231,1.6263351,0.47422057,-3.2508562,-2.0808773,2.2673512,-2.8130546,3.6119962,-0.2766558,-2.1814678,-1.6943915,1.4684172,-0.32632565,0.031692535,2.252819,-0.25541276,-0.064914554,-0.8299017,0.19897328,-1.9950254,-2.3489008,-2.2282305,2.303371,-0.7703419
KE-97,3.2813005,2.8875668,0.8028674,-4.2244096,1.130028,2.086297,0.800875,-0.04856795,1.4903946,-0.9386867,-0.27174875,2.1697068,4.7581177,-1.5946854,-1.812758,-2.5029297,-3.0694835,-0.74352545,-1.8148007,3.5466027,1.4031856,1.5036032,-0.6234449,0.67898417,0.06875062,-0.9594321
NCI-H524,1.5158801,-0.6297362,1.3267273,-1.7543052,-0.63038874,2.2809517,1.6460543,-0.6059147,4.71221,-0.0025763437,4.428336,-2.568494,0.55933857,0.5440433,1.6021503,-0.24794427,-3.2138822,-5.6828723,2.7323194,1.2309018,-0.33430973,1.0844836,2.3432744,2.452714,0.0989825,0.408652
Huh-7,-0.85740066,-1.2618842,0.0075651333,1.1570425,0.06567696,0.48831576,0.25926584,-0.4595716,0.64787936,0.36164212,1.145055,-0.17376655,-0.78250873,-0.34605706,1.307743,-0.15632722,0.20130046,-0.16395174,0.59823394,0.18420427,0.14115822,-0.1172034,-0.53319824,-0.13188215,0.24980846,0.052731156
COLO 800,-0.6725888,0.6859355,-0.4396873,-0.107702285,0.1374267,0.009626299,0.1879725,0.5367984,0.24735461,0.64130193,-0.23821537,-0.7923729,-0.26923338,0.46476123,0.2882985,-0.3689625,-0.08666407,-0.2683921,-0.037216857,-0.74441904,-0.11413995,-0.9385258,-0.26728278,-0.2981196,0.14750278,-0.16253588
EB1,3.9606953,3.5314684,1.0815437,-4.9242425,2.2318037,2.394979,1.2797931,0.5553182,1.7652584,-0.90281546,-0.47871903,2.9777274,5.5851297,-1.6353209,-2.605385,-3.0011039,-3.5117836,-1.2907027,-1.7191924,4.687852,1.5237253,2.3630824,-0.6559484,0.81117314,0.7278156,-1.3704774
CAMA-1,-0.58081317,-0.6982752,0.29956892,0.724971,-0.6537112,0.36490014,1.0529968,-0.35552925,0.76829267,0.6132322,0.2348977,-0.99197054,-0.47228876,-0.08530038,0.52332526,0.14777866,-0.6075944,0.23066108,0.07968181,-0.34243298,-0.43349284,0.2777877,0.18802199,0.46272492,-0.36145055,0.6780764
SNU-C5,-0.96282375,-0.34299192,0.39567286,1.5275148,0.479518,0.071185835,0.65896356,-0.19181097,-0.6511576,0.08689463,-0.8072486,0.41037795,-0.3248029,0.09483296,0.43181917,-0.0053390786,0.7591989,1.4605039,0.32911202,0.5182912,-0.5263051,0.42995697,-0.60680556,-0.56746036,0.317335,1.128268
HDQ-P1,-1.2911472,0.13207266,-0.72066826,1.1806322,0.022882238,-0.4701099,-0.58185774,1.0610014,-0.8028781,0.83171964,-1.1203241,-0.59623533,-0.23968762,0.27252173,-0.13220406,0.7660136,0.95971096,0.5522832,0.107296765,0.20987418,-0.28234506,0.075207524,-0.78746533,-0.4827454,0.71435475,0.6184695
HEL 92.1.7,2.2154334,2.372471,-0.15743816,-2.7160497,-0.78738785,0.25361374,0.5628609,0.2757811,2.2877078,-0.4147068,0.7081787,0.4079671,4.3465114,-1.7882388,-0.49281874,-3.0588827,-2.0267398,-0.12828815,-1.5461172,0.51973844,1.868002,0.2425935,0.35551655,0.6202332,-0.7123152,-0.57493097
NCI-H322,-0.4495096,-0.032569475,0.120875135,0.75164354,-0.018901661,-0.09530151,-0.1331907,0.5253755,-0.4014646,0.06808295,-0.7870557,-0.4908735,-0.04949178,-0.022145344,0.0039975494,0.6836555,1.1106997,0.8934745,-0.3210219,0.40430954,0.14029567,0.52713215,-0.48393184,0.09403428,0.083514765,0.8390584
LS1034,-1.8654249,-2.4726765,1.4352406,2.910666,1.452838,0.12807073,0.4762696,-1.9005432,-0.27609676,0.16446029,0.056584775,1.2923968,-1.3686028,-0.08764338,1.4715543,-1.3254157,0.9045001,3.1327872,0.7017907,-0.33232838,-2.3631194,0.29807043,-0.9705756,-1.6091648,-0.1474166,1.4995108
COLO 320,0.70161945,-0.0049094334,0.8835174,-0.66280794,-0.29351464,1.0108659,0.6322849,-0.46304023,2.15039,-0.3007354,1.5773528,-0.8265733,0.43678474,-0.26737463,0.6255617,-0.899687,-1.1152682,-1.8835105,0.91194606,1.0982083,0.26120916,0.5838216,0.800318,1.2032955,0.13142784,-0.06370694
KS-1 [Human glioblastoma],-0.92432946,0.77674574,-0.5919245,0.23600748,0.47793305,-0.6728759,-0.63570535,0.97896475,-0.64718467,1.0532856,0.0019895136,-0.9404727,-0.49820596,0.239493,0.038016334,-0.063043125,0.6873579,-0.6816974,-0.42514187,-0.13511017,0.22996236,-1.0939437,-1.0396631,-0.86913276,0.9126227,-0.58907014
5637,-1.152761,-0.011328131,-0.610925,0.5810187,0.29350954,-0.10250883,-0.10081002,1.0102615,-0.80401134,0.63823056,-0.852962,-0.56455326,-0.20197815,0.19985223,-0.07634303,0.9894625,0.83097935,0.24401188,0.015723139,0.49651235,-0.26681423,-0.0970535,-0.5798676,0.03116852,0.5651542,0.51048803
NCI-H2066,0.17113934,-1.4101925,0.75546384,-0.42462635,-0.69667345,1.3386474,1.2480117,-0.6923538,2.5746803,0.3968775,2.6300564,-1.4729991,-0.22367433,0.5380596,1.2909621,0.13894925,-1.8801033,-3.0486994,1.7122875,-0.0037951916,-0.12988843,0.866714,0.9066217,1.5795156,-0.22149578,0.100179866
697,2.9763908,1.9931473,-0.19176531,-3.5652478,0.04157123,1.7789022,0.7268065,0.11703566,2.4745665,-0.24593392,0.4466974,0.71658385,5.061673,-1.075819,-0.8655777,-2.3149402,-3.7333457,-1.2763667,-1.1235986,2.4319758,1.2786965,0.9888905,0.22652124,1.2352562,-0.32203194,-1.0040368
OCI-Ly10,3.2864294,2.665849,0.9820044,-4.1310368,1.6325226,2.6042576,1.2511941,0.29581702,1.7550604,-0.7492772,0.15495771,2.1983695,4.468911,-1.2860041,-1.6991444,-2.6910076,-3.31213,-1.1417657,-0.68671185,3.739529,1.1347103,2.0646803,0.1523704,1.2947681,0.30007476,-1.1569949
HuT 102,2.8055599,3.1378157,0.44887477,-3.3583457,1.2018291,1.5872585,0.017080486,0.17852864,0.76214015,0.501191,-0.78079134,2.2074752,4.107708,-1.5491471,-1.9651649,-2.0213518,-2.5538158,0.083655715,-2.3443277,2.9532475,1.1213051,0.6982899,-1.5975053,0.83666444,-0.2962964,-1.1831919
KMRC-3,-2.1568725,-0.47899723,-1.7860665,0.7415975,-0.7531494,-1.9391134,-1.1861721,2.1744194,-1.4142008,2.763132,-0.79379666,-1.4204867,-1.3624313,0.67282724,0.34599215,0.7719789,1.750207,-0.0063000023,-0.32078496,-0.4676429,0.35559458,-1.2134018,-1.5847458,-0.9857061,1.110834,-0.54432034
PK-45H,-1.1790185,0.1817911,-0.40788397,0.38931412,0.249639,-0.3318075,-0.28259325,0.4361347,-0.28998506,0.6522343,-0.46045172,-0.41704434,-0.1871166,-0.087437905,-0.14277983,0.051252242,0.59245217,-0.041696895,-0.14505717,-0.063375,-0.14612061,-0.653128,-0.4836041,-0.4385553,0.5632992,-0.207907
RMUG-S,-1.0531317,-0.299201,-0.10606372,0.9873136,0.14936566,-0.5306623,-0.25678563,1.1335877,-1.1918257,0.87044334,-0.65654314,-0.48960888,-0.43902153,0.39477527,-0.2888967,0.5524959,1.275003,0.99426174,-0.19492166,0.35241348,-0.25528044,0.118742764,-0.796621,-0.21423486,0.44411236,1.0122651
RT-4,-0.57853794,-0.36660826,0.5698409,0.91424525,0.43435976,0.06976833,0.25550127,0.23138382,-0.34131652,0.32244542,-0.23881081,-0.14067288,-0.17176507,0.20760432,0.39158496,0.31565568,0.44687378,0.738684,0.22160554,0.44270402,-0.559825,0.41769564,-0.21436659,-0.29852208,0.102972746,0.8784207
SU.86.86,-1.4593158,-0.35983667,-0.55246896,1.4440849,0.015937388,-0.8841257,-0.41453558,0.62485445,-1.1342161,0.6437358,-1.331398,-0.32295057,-0.4262497,-0.15521668,-0.13678952,0.6883786,1.4813666,1.2825955,0.040278524,0.34281796,-0.54264665,0.09392147,-0.91644806,-0.6057829,0.67329514,0.75757504
Panc 10.05,-0.6961441,0.28644514,-0.14076439,0.83002734,0.3113989,0.06558196,0.17487502,0.13619432,-0.44905782,-0.21150893,-0.5962386,0.00073607266,-0.118315876,-0.0049625784,-0.075983174,0.3404379,0.3619245,0.86866486,0.019345917,0.63248086,-0.48289204,0.46345705,-0.42240545,-0.06095851,0.40821725,0.5537573
JHH-7,-0.3904717,-1.1397392,0.54622567,0.9534892,0.16916753,0.81963146,0.6934294,-0.8486469,1.0051267,-0.13172367,1.1420779,0.33371842,-0.5335902,-0.49495757,1.2080243,-0.6836817,-0.16671363,-0.046842452,0.96646833,0.3675027,-0.1954835,0.4265673,-0.23695186,0.1274308,0.06033894,0.31683815
HEC-59,-0.4724046,0.005811803,0.296816,-0.103939846,-0.3576299,0.46720374,0.3637962,-0.3180406,0.5088129,-0.17174909,0.2218989,-0.16668767,-0.26748508,0.10250866,0.493325,0.4725253,-0.15656665,-0.57510036,0.31693965,0.04355544,0.23363315,0.3938826,0.0035230443,0.6556699,0.0121010505,0.1183732
SNU-423,-1.1547914,0.46531528,-0.9055498,0.3740448,0.06391263,-0.59974945,-0.5966657,0.9410721,-0.6146372,1.1013238,-0.47488028,-0.8137458,-0.49215144,0.13121152,0.182866,0.12981087,0.5292144,-0.7092394,-0.2926966,-0.13683632,0.01789003,-0.70198363,-0.57529294,-0.79563165,1.0865903,-0.53661877
HCC1143,-1.4939408,-0.33128646,-0.5228285,0.7679112,-0.08226601,-0.58403456,0.10201113,0.82838947,-1.0135703,1.3365374,-0.8833731,-0.77300453,-0.44212732,0.3117618,0.39732906,1.159733,1.0920208,0.7586522,-0.04362414,-0.3790323,-0.09954091,-0.22430833,-0.8322618,-0.08610322,0.52166307,0.67646533
MDA-MB-435,-0.26301545,0.66263044,-0.18165386,0.06872657,0.31779933,0.3900943,0.1502055,0.18284056,0.13345125,0.38646296,-0.12286506,-0.38349816,-0.12986466,0.1472331,-0.14385976,-0.33043224,-0.01739598,-0.26440424,-0.18424249,-0.29850543,-0.19900219,-0.6289246,-0.28506425,-0.33913755,0.29181263,-0.1406018
A-549,-1.0707059,0.09869862,-0.5385034,0.449288,0.052133884,-0.8278622,-0.21276933,0.74408615,-0.23238464,0.75890434,0.0074802116,-0.58010554,-0.6194281,0.13616312,0.1213074,0.106385544,0.8191004,0.14720231,0.019881785,0.17431667,0.25602785,-0.58196145,-0.7057447,-0.34030023,0.570448,0.044615254
DB,3.4804606,2.9374838,1.1891658,-4.5260887,1.9419073,2.9920595,1.8477068,0.36851683,2.380674,-0.720167,0.175021,2.2722154,4.7467256,-1.0104833,-1.9430828,-2.9225476,-3.5339375,-1.8085785,-0.32423264,3.987556,1.1073136,2.1697044,0.18260746,1.3737471,0.5134365,-1.0251465
GCT,-0.4821873,0.7958134,-0.09796426,-0.015337829,0.4976325,0.101198696,-0.15459087,0.2563647,-0.20912904,0.21019517,-0.123671904,-0.4915888,-0.13234407,-0.14402224,-0.14930083,-0.26262853,0.1915417,-0.41613626,-0.19956112,0.027023148,0.009533428,-0.5239352,-0.4285989,-0.3677973,0.5521898,-0.5267617
NCI-H211,0.45923677,-0.5433439,0.72295725,-1.238195,-0.56526065,1.0723779,1.3883445,-0.121547,2.4532883,0.025291141,1.7523894,-1.0085856,0.52306104,0.076942205,1.1134737,0.2130284,-1.3668432,-2.2649255,1.3154368,0.38497087,0.021165371,1.1192648,0.5449599,1.972594,-0.46694112,0.61966455
NCI-H660,0.1893995,-1.8634335,0.7668998,-0.3087816,-1.0763979,1.5736527,1.5557038,-0.6889722,2.7202435,0.77411956,2.6749582,-2.346882,-0.46672162,0.28929034,1.9415677,1.2150768,-2.1783395,-3.206492,1.5732294,-0.63458335,-0.1461429,0.8249624,0.86177397,2.106268,-0.8933381,0.28928664
GP2d,-1.2282535,-2.4385135,1.77741,2.0804853,0.9962919,0.54781425,0.91143775,-1.7625663,0.0089822635,0.39167497,0.2123276,0.79141045,-1.3605931,-0.30894357,1.552783,-0.58544207,0.7957934,2.1838932,0.4079804,-0.54623085,-1.1727043,0.39467198,-1.0042671,-0.8273006,-0.64642024,1.4378937
PCM6,2.377244,3.0252566,0.18614095,-3.0695972,0.98269486,1.4241048,0.7784137,0.09590961,0.98688096,-0.81212,-0.8775098,2.2427588,4.049384,-1.1213381,-2.1291602,-2.072088,-2.2536764,0.037092775,-1.8740227,2.7371132,1.2218994,0.8934238,-1.0628107,0.36114773,-0.25310206,-0.81712663
RD,-0.23378049,0.6937828,-0.24352764,0.040573545,0.1718521,-0.05734957,-0.2098246,0.37245095,-0.078285635,0.62377316,0.5649301,-1.3141907,-0.4361837,0.38679862,0.18316382,-0.09002021,-0.106623195,-1.4683852,-0.21330287,0.07518512,0.27132744,-0.9747449,-0.30772048,-0.5898769,0.72351664,-0.5575339
KATO III,-1.7492694,-2.1019354,1.0305532,2.815442,1.4911791,-0.20492138,0.6191903,-0.79108024,-0.9042534,0.23844399,-0.28986448,1.0267122,-1.2388289,0.21137476,0.99526584,-0.6623841,1.3617232,3.0026944,0.5689466,0.16557106,-1.6686049,0.21981362,-1.1556586,-1.5320148,0.14556326,1.6481304
TEN,-0.60067934,0.046890035,-0.37372267,0.9683197,-0.09606592,-0.20566222,-0.04761725,-0.1928462,-0.2940974,0.13694036,-0.16476014,0.041391067,-0.50602615,0.32349032,-0.004240319,0.23203647,-0.055255856,0.5315871,0.19482008,0.3405238,-0.5338514,-0.17785177,-0.2100725,-0.1520205,0.56697756,0.5010504
SIG-M5,3.6835778,2.7203007,0.6448711,-3.505704,0.419586,0.7297896,0.4118743,-0.51251066,1.9758276,-1.7981035,0.43302512,1.8048303,5.366118,-2.1751208,-1.3876145,-4.126886,-2.088614,0.98412526,-2.016751,1.6494546,2.2048547,1.1653374,-0.20474988,0.7614713,-1.0456569,-1.2015961
MDA-MB-415,-1.6651572,-0.8576941,-0.62971234,1.5382199,-0.07849772,-0.60656357,0.5390659,0.5568888,-0.660263,0.7868516,-0.47258398,-0.69846046,-0.5805285,0.2177857,0.25911054,0.45065236,0.25686938,1.0003958,-0.20087588,-0.31559318,-0.8853208,0.08755604,-0.28471,-0.51393837,0.32323834,0.9094987
HEC-108,-0.92993605,-0.8170183,-0.19688089,0.44634977,-0.49396193,-0.56540734,0.2736778,0.3875106,-0.107843354,0.75304264,0.08758292,-0.3395186,-1.2358099,0.4197767,0.609609,0.52859056,0.20136966,0.6744088,-0.05381964,0.024897411,-0.012882352,-0.14710516,-0.5693482,-0.18801674,0.044778265,0.7437277
CAS-1,-0.9491202,0.66334236,-0.89529014,0.53459287,0.6633385,-0.86451256,-0.6684146,0.96222705,-1.0340474,1.0883514,0.04689747,-1.2991029,-0.66393137,0.3280254,0.094977885,-0.21571276,0.49819002,-1.061533,-0.23910247,-0.027949356,0.37083414,-1.100349,-0.7830886,-1.2024727,1.5027683,-0.80349874
NCI-H1793,-0.87643445,0.03518395,-0.48127496,0.4395244,0.0565295,-0.40421718,-0.13656265,0.44021434,-0.35780036,0.4099599,-0.38825032,-0.6302559,-0.48049438,0.1285964,0.0019866787,0.1451271,0.6206851,0.21285576,0.10390063,-0.0026245825,0.06714293,-0.22137432,-0.55952656,-0.32791856,0.45252135,-0.20378292
IST-Mes1,-1.1075329,0.3319711,-1.0149196,0.55079174,-0.27463633,-1.1590419,-0.8375555,0.9674609,-0.7488823,1.4974031,-0.34345543,-1.148249,-0.803252,0.7296933,0.048641965,0.15972596,0.7709757,-0.7399289,-0.21377496,-0.31533358,0.033900693,-0.8640462,-0.5386996,-0.8245384,1.0600234,-0.3311513
TE-15,-1.1354814,-0.45142478,-0.3739777,1.2064229,0.27881604,-0.7610644,-0.5426455,1.2705443,-1.4180157,1.3648804,-1.266865,-0.5183186,-0.18816471,0.55629486,-0.10814647,0.7353797,1.6792455,0.96597385,0.1592716,0.46915632,-0.2697178,-0.011840925,-0.4988869,-0.44124573,1.0227184,1.053465
PF-382,3.0528896,2.7188408,0.87706745,-4.0512605,0.4206568,2.4742608,0.86921275,0.085561186,2.6257815,0.043312043,0.9609568,1.0086333,5.378694,-1.8076694,-1.0225343,-2.6903112,-3.6518884,-1.4618107,-1.1737299,2.6045716,1.5112658,1.0986984,0.57282,1.998241,-0.7107137,-1.6118199
Hs 616.T,-2.7687154,-1.1493796,-2.466089,1.8423152,0.5407711,-4.0002785,-2.5243495,2.928582,-3.2413182,4.3872757,-0.53178585,-2.3983214,-1.9154242,1.4915972,-0.51487774,0.21574715,2.9989514,-0.17289554,-0.274666,-0.66463345,0.07699168,-2.1553469,-2.8203492,-2.544823,2.7418618,-0.68832844
Calu-6,-0.16388744,0.09445814,0.08515291,0.074308306,0.26275465,-0.13442492,-0.057649985,-0.08985195,0.5051598,0.15194064,0.4191659,-0.351336,-0.2901112,-0.018684503,0.22756453,-0.16681987,0.07827866,-0.7561452,0.05465678,-0.106780134,-0.046955895,-0.101054445,-0.11183834,-0.0075416043,0.35489902,-0.13346511
TE-4,-1.1882353,-1.1733234,0.11007151,1.6386411,-0.10832761,-0.57183945,0.28244388,0.38633233,-0.6763157,0.4695606,-0.58082414,-0.5009468,-0.77036595,0.2407471,0.22749391,0.41389912,1.3374681,1.4294913,-0.068030044,-0.38488993,-0.4914624,0.4128883,-0.8400366,-0.2744147,0.051250022,0.95899934
EFE-184,-0.6218317,-0.016318083,-0.5570405,0.63557786,-0.38805735,-0.76659703,-0.37110573,0.74462783,-0.28224114,0.55393064,-0.70838916,-0.51107657,-0.4962347,0.2388714,-0.048428975,0.33982125,0.5236517,0.205708,0.106946796,0.43967235,-0.088757984,-0.2402001,-0.29028332,-0.14365864,0.7217358,0.49005148
HK-2 [Human kidney],-2.1078844,-0.98454,-1.3466988,0.9003827,-1.3572061,-1.3183584,-0.7574386,1.0015395,-0.8450329,2.453435,-0.32968163,-1.2836974,-1.5306795,0.7995888,0.8687773,0.5783028,0.5619669,0.1861219,-0.082301065,-1.0618302,0.0393159,-1.2000401,-1.213654,-0.5267758,0.4268215,-0.13913113
KG-1-C,-1.3030841,0.3442949,-0.9898474,0.45661443,0.3196511,-0.72268474,-0.7480926,1.058691,-0.7474535,1.3356509,-0.10774049,-1.1565228,-0.837185,0.17041792,0.23746169,-0.35410836,0.7387084,-0.8466076,-0.22384806,-0.05580432,0.50222826,-0.9201325,-0.98389757,-1.0010868,1.203216,-0.72564244
RKN,-0.76597846,0.6207266,-0.5440894,0.114802174,0.10893874,-0.16191544,-0.15680702,0.47252882,-0.2958865,0.7623941,-0.49757078,-0.5600265,-0.27370965,0.12297401,0.03808482,-0.100779876,0.3290104,-0.780895,-0.18761702,0.05636048,0.09910277,-0.7196792,-0.22570243,-0.56152743,0.8166081,-0.47001106
HCC2108,-0.7204265,0.29405814,-0.4045569,0.16132,0.029734075,-0.30679214,-0.32651258,0.15866722,-0.14743428,0.5247582,-0.012996122,-0.64217585,-0.34757695,-0.02998238,-0.17059417,-0.22309205,0.3767693,-0.37674764,-0.073282026,0.0043521933,0.2187315,-0.58339316,-0.44307175,-0.24202809,0.47847927,-0.5110208
NCI-H1693,-0.13387583,0.3641439,-0.030072197,0.15496759,0.30658153,0.22058888,0.27938578,0.15360372,-0.0074031055,-0.22114569,-0.27476835,-0.47243392,-0.24519238,0.042152166,0.073435165,0.25673792,0.10597215,0.20234405,0.013516173,0.4783937,-0.1678768,0.24146959,-0.1412851,0.2124302,0.25338256,0.22189942
NCI-H1435,-1.4971669,-1.0176785,0.18004546,1.8718874,0.62160414,-0.085921265,0.15417838,-0.6432276,-0.05403421,-0.041693516,-0.2884925,0.28084564,-0.6038479,-0.273906,0.5833392,-0.27530316,0.6494615,1.8852024,0.44975376,0.20722905,-0.99574244,0.49230945,-0.61181253,-1.015847,-0.108807825,0.82480836
NCI-H522,0.22654581,0.080156095,0.4577296,0.0056808516,-0.57827127,0.20743167,0.14466347,-0.4449333,1.6105888,0.24578375,1.4058129,-0.7276999,-0.3455748,0.08940244,0.62373984,-0.32055187,-0.67522234,-1.3613467,0.03499581,0.27458096,-0.18635711,-0.10349281,0.47466272,0.573879,-0.0057128817,-0.1285885
MDA-MB-436,-0.693798,0.42739674,-0.48256198,0.3251856,0.00506036,-0.42419642,-0.42501524,0.62872314,-0.2795777,0.7594651,-0.23097417,-0.8046721,-0.57933235,0.011759054,-0.05886567,-0.2705081,0.4520688,-0.41930526,-0.25943092,-0.15038547,0.26871625,-0.70989966,-0.5589129,-0.491314,0.49185133,-0.43697298
U-87MG ATCC,-1.0242923,0.4439063,-1.0808713,0.4473031,0.5407159,-0.59386206,-0.7302777,1.0052123,-0.97536457,1.1531157,-0.28122926,-0.9390565,-0.47101697,-0.10001083,-0.09366008,-0.23889089,0.68924296,-0.8494296,-0.27183902,-0.23592795,0.3333006,-0.9150005,-0.8954379,-1.1424054,1.0738171,-0.7101793
MCAS,-1.0721214,0.13945478,-0.33100933,1.2476705,0.20971045,-0.22632354,-0.007862445,0.2090197,-0.89246583,0.16994944,-0.9246632,-0.09617679,-0.046445064,0.11806243,-0.08759772,0.16381297,0.5644067,1.0417012,0.2577497,0.509074,-0.71531427,0.22396499,-0.35421696,-0.30734318,0.48316765,0.5737984
SK-N-SH,0.24691737,0.34510309,0.30420378,-0.32618764,0.3270154,-0.01182875,-0.10989549,0.45487052,0.29407194,0.056381255,1.0795707,-1.5138983,-0.8682632,0.43586645,0.32497576,-0.11749021,-0.45764616,-1.9290318,0.09739197,0.36415294,0.21189427,-0.5555012,-0.16047525,-0.4138867,0.98309296,-0.17148441
UM-UC-3,-0.50201917,0.5155903,-0.19211024,0.12655169,0.09819104,0.044289373,0.032631006,-0.036603875,0.27494726,0.13902164,0.16627286,-0.6767998,-0.12821749,0.18215717,0.06716757,-0.38979453,-0.28263617,-0.5914537,-0.0032155514,0.07150462,0.06518984,-0.5233138,-0.04067088,-0.14375699,0.44234464,-0.535225
PK-59,-1.7406446,-0.40080583,-0.44134387,1.5657907,0.3555607,-0.81221056,-0.39348269,0.7085136,-1.3070652,0.91841596,-1.3150042,-0.16826937,-0.38387522,0.13015598,-0.49157935,0.3325502,1.0771755,1.4787456,0.21433419,0.557058,-0.770843,0.115986526,-0.7151959,-0.85792303,0.88430727,0.72100985
MKN1,-0.7626248,0.18160178,-0.35449252,0.40863192,0.027781125,-0.49534315,-0.3561464,0.54162985,-0.35675967,0.67105544,-0.44725764,-0.34224024,-0.46501043,0.25338647,-0.03363205,0.11675601,0.39873368,-0.21304953,0.055517256,-0.19767237,0.01138062,-0.4721487,-0.5433157,-0.3600786,0.6063981,-0.08790904
P12-Ichikawa,3.3850346,2.5418382,1.0211263,-4.0033445,1.1515031,2.079025,0.81492066,0.07667759,2.2795005,-0.05534801,0.6046934,1.7220194,5.313027,-1.771333,-1.3370656,-3.4089842,-3.4410515,-1.3861027,-0.923296,2.9741154,1.3837237,1.1421402,0.51338834,1.3999332,-0.17226976,-1.4612138
GMS-10,-1.0615817,0.79727966,-0.80236876,0.3924253,0.41406912,-0.950402,-0.638934,0.79852986,-0.9616442,1.1864219,-0.3390977,-0.98697215,-0.6327808,0.26678696,-0.19782907,0.11156553,0.5285062,-0.68348706,-0.40968305,-0.16926916,0.065242074,-0.72118956,-0.6293877,-0.8022257,1.171908,-0.51644516
SNU-878,-1.4284981,-0.74843055,-0.46752134,0.9674916,0.06076606,-0.72573864,-0.18243337,0.19417238,-0.51143533,0.81445974,0.14132512,-0.44398212,-0.9295213,0.14877774,0.6517254,-0.055296935,0.48493314,0.10179344,0.22192647,-0.4062388,-0.12346448,-0.64406985,-0.8132458,-0.6330781,0.3816788,-0.4620493
ONS-76,-0.6421514,-0.0685418,-0.39896387,0.4350018,-0.072899714,-0.4348479,-0.018768802,0.18933097,-0.014346305,0.64967734,-0.16661857,-0.65387213,-0.4140526,0.17704782,0.5082072,-0.041633595,0.01170022,-0.53765994,-0.0023188293,-0.18265742,0.14146274,-0.48376507,-0.08797874,-0.052989706,0.65261745,-0.33148447
MKN74,-0.6150257,-0.13686141,-0.17851038,0.9404058,-0.28125626,-0.35677853,0.071713805,0.15284735,-0.21322939,0.22072348,-0.5800868,-0.32609117,-0.28565338,0.09389779,-0.048687175,0.07604817,0.26504722,1.0021563,0.13547553,0.14694232,-0.31095076,0.29936892,-0.086301476,-0.2647096,0.32584006,0.4769755
HuCC-T1,-1.3705289,0.04605388,-0.6895849,1.0321169,0.08140281,-0.17471482,-0.04813765,0.4810624,-0.6641275,0.5266649,-1.0196378,-0.41883844,-0.07924791,0.03242234,-0.11191121,0.6235074,0.6002263,0.8924329,0.03275533,0.4748975,-0.6293545,-0.097773835,-0.7058562,-0.11804941,0.61829793,0.36516088
GB-1,-0.65337414,0.6130265,-0.26340085,0.11228624,0.13209367,-0.08933066,-0.04379735,0.4607653,-0.22582106,0.6711092,-0.043211773,-0.90712476,-0.43722215,0.20689741,0.31779692,-0.011567734,0.22806579,-0.7865526,-0.13300419,-0.08703848,0.3809064,-0.9815827,-0.4918686,-0.18544443,0.73300457,-0.3552523
ME-1 [Human leukemia],2.674873,2.870892,-0.48185617,-3.5995686,-0.7068504,0.4899217,0.34734327,0.015665948,2.375353,-0.66741014,0.58405614,0.97817504,5.6449914,-1.9758928,-0.77281773,-3.9808621,-2.4731941,0.5327093,-2.5443978,0.94016254,2.4057271,0.38438213,0.1072142,0.60723335,-1.5045446,-0.8374132
NCI-H520,0.06114001,-0.88418204,0.9412671,-0.28519058,-0.4751104,1.1852634,1.2628804,-0.7032248,2.1776793,-0.055640515,1.6961347,-1.2876523,-0.14331776,0.06267586,1.0759479,0.16695608,-1.2535002,-2.0506809,1.5201175,-0.15745571,-0.28350466,0.6037674,0.46833134,1.5469298,-0.49191025,0.3141906
RT-112,-1.1550258,-0.111878775,-0.5434184,1.0423852,0.2742287,-0.4367656,-0.37045476,0.88933563,-1.0451901,0.98319125,-1.0234965,-0.24782719,0.12681809,0.5641357,-0.40093786,0.32379112,0.519129,0.7886909,0.5348748,0.8250729,-0.76717985,0.42967045,-0.22594446,-0.7339232,0.77039164,0.9086932
KOPN-8,3.2251368,3.30883,-0.57902694,-4.860178,0.027620226,1.9755256,0.70677745,0.5603922,2.456177,-0.23502855,-0.3396736,1.5753255,6.3623095,-1.8930192,-1.6395298,-2.8630419,-4.285308,-0.7052592,-3.0713177,2.5510592,1.8847419,1.2956039,-0.11292711,1.0129825,-0.78947693,-1.6347036
HEK TE,-1.7683089,-0.036825106,-1.4455355,0.645055,-0.48158473,-1.4221449,-0.73713636,1.3294537,-1.061041,2.1649666,-0.52700585,-1.0459541,-0.89730346,0.79199815,0.19502729,0.4909864,0.81167287,-0.47167447,-0.21956466,-0.5444121,0.06485288,-1.2727207,-0.99608105,-0.81487375,1.2711344,-0.2884633
BT-20,-0.8609729,-0.022684291,0.061927974,0.78303885,0.011973448,-0.1773431,0.22814167,0.5300751,-0.6132072,0.35564047,-0.7347476,-0.49647284,-0.33611068,0.22891414,-0.08732085,0.74167466,0.9761176,0.95699936,-0.16679965,0.10588196,-0.032445535,0.35866338,-0.70086056,0.15727961,0.18478304,0.85987103
KMM-1,1.2836264,1.5227318,0.5650152,-1.6460869,0.6432383,1.0332496,0.91277385,-0.08002865,1.1842246,-0.36435792,0.29366913,1.1032917,2.3319263,-0.4017279,-0.9778452,-1.3254036,-1.608641,-1.3440074,-0.014390811,1.9534904,0.36080262,0.8208162,0.1307128,0.42662925,0.45459843,-0.19580388
C2BBe1,-1.2375132,-1.4710922,0.5615217,1.9205595,0.74382144,0.7021724,0.5024138,-0.6166473,0.1503819,0.12577322,0.599462,0.32872716,-1.1096385,-0.265412,1.1277933,-0.38505107,0.6236128,1.4430454,0.96048284,0.6353889,-0.41849488,0.34199184,-0.7921102,-0.7342983,0.098008916,0.98655283
MC116,3.6974201,3.4426918,1.0698586,-5.157092,1.74648,2.8135278,1.4787165,0.6083454,2.1514559,-0.68703717,-0.21222518,2.3588912,5.783683,-1.2530575,-2.4834042,-3.0193262,-3.716779,-1.7866616,-1.2403651,3.966965,1.6474473,2.0607405,-0.00594832,1.1897403,0.4874903,-1.0891433
MHH-NB-11,1.3826094,-0.4773536,1.2804875,-1.6139421,-0.57268816,1.7762703,1.3415729,-0.4881072,3.9483817,-0.35892126,3.7045395,-2.5264196,0.33583522,0.25825208,1.0432837,-0.6835063,-3.0099502,-5.191267,1.9826697,1.2005855,-0.32915932,0.7139718,1.8716502,1.8398111,0.41548643,0.050504148
SNU-16,-1.6947395,-2.4779167,1.6378176,2.2829542,0.8551494,0.76931244,1.1957679,-1.7735311,0.13328597,0.30656746,0.35283223,0.34763345,-1.4263452,-0.2795791,1.5144491,-0.8090451,0.5131491,2.3760915,0.8562616,-0.804536,-1.7773961,0.68730944,-0.81094646,-0.9118544,-0.51814854,1.652908
MKN45,-1.2384157,-1.423688,0.83859956,1.7950463,1.0016171,0.27420312,0.4660004,-1.0616248,0.19027573,-0.23880345,0.02897641,0.68869287,-0.6878946,-0.2985463,1.0035329,-0.5567266,0.47341022,1.9039605,0.5611812,-0.09102446,-1.2701184,0.39090094,-0.7762498,-0.7643885,0.031250678,0.8672546
Hs 940.T,-2.700709,-0.97209954,-2.480485,1.6825123,0.41576466,-3.8096406,-2.3307738,2.7759862,-2.9788427,4.3440704,-0.40348348,-2.4282331,-1.8152653,1.6007311,-0.34594652,0.0814932,2.726324,-0.3129484,-0.29099306,-0.8337972,0.0463352,-2.126601,-2.6275954,-2.4408932,2.5283008,-0.6728357
OE19,-2.2052045,-2.7468014,1.2249299,3.1634507,1.0360508,-0.12877627,1.0064039,-1.0412502,-0.5594066,0.4939552,0.039222777,1.0020992,-1.6712261,-0.15332073,1.2044275,-0.65195185,1.1671768,3.0538626,0.5566106,-0.7465389,-1.9106578,0.16946541,-1.1034399,-1.6534292,-0.46138144,2.0259717
JHUEM-1,-0.6610387,-0.17060502,-0.071350776,1.3680933,-0.40176266,-0.77874017,0.042278796,0.21207812,-0.19633177,0.53264624,-0.42628914,-0.119499095,-0.6430437,0.42661738,0.06434263,0.48365358,0.35813305,0.6754387,0.20718756,0.5979509,-0.30692708,0.05541697,-0.29563686,-0.12134591,0.5007695,1.084986
SBC-5,0.40360644,0.07620795,0.5453251,-0.027751498,-0.6760704,0.10200938,0.20400876,-0.584941,1.6438814,0.41995138,1.3071539,-0.7560577,0.07942772,0.012192361,0.45288968,-0.41481593,-0.47334248,-1.5461662,-0.03874342,0.23297599,0.019065917,-0.12253406,0.26873487,0.8988589,0.18004802,-0.4691038
SUP-T1,2.7032833,2.0012212,1.1968611,-3.447164,1.1631169,2.2075803,0.9280875,-0.07506256,1.9975395,-0.083622724,0.9621496,1.2934296,4.442422,-1.2734354,-1.1798241,-2.3468595,-3.1512322,-1.6595863,-0.47137633,2.8637347,1.1333282,1.3406848,0.5923108,1.657824,-0.11903169,-1.1704216
BICR 16,-1.662744,-0.7753393,-1.3207265,1.1008381,0.091915995,-1.9300959,-0.9322387,1.9412856,-1.8112724,2.2947023,-1.6149602,-0.94529146,-0.90695655,0.46381634,-0.33379164,0.5167139,1.7560208,0.8362287,0.24515682,-0.045779992,-0.08254576,-0.7329735,-1.0387061,-0.9467232,1.3905106,0.5773298
NCI-H1648,-1.263036,-0.30838495,-0.182712,1.3996396,0.11402292,-0.5071045,-0.28273726,0.73511714,-1.1489525,0.6488143,-1.0859864,-0.30354133,-0.2659194,0.019333817,0.09584424,0.6777346,1.3926575,1.2694944,0.18609923,0.3730382,-0.38146538,0.114403024,-0.61977917,-0.37395772,0.45511466,0.97495174
SNU-1033,-2.0885038,-1.753462,0.5561231,2.5331912,0.8861544,-0.15332326,0.22639257,-0.8554711,-0.41192025,0.12802392,-0.26300085,0.32099885,-1.0838196,-0.041191854,0.9133222,-0.32961166,0.97767025,2.5503573,0.52923894,-0.054845214,-1.5203915,0.15173584,-1.1286063,-1.2039862,-0.09641064,1.2129418
DAN-G,-0.7420411,-0.1154239,0.0024985224,0.9570923,0.24026941,-0.17465296,0.067165546,0.19623008,-0.35629547,0.29119194,-0.6200137,-0.30084535,-0.011068955,-0.04400214,0.065292984,0.43178976,0.6977643,0.6741027,0.14443147,0.26501969,-0.3872893,0.2996872,-0.37392992,-0.06095986,0.21600276,0.5125948
CMK,2.375771,2.8259082,-0.49582332,-3.1445935,-1.0454988,0.23127927,0.59912395,0.22616395,2.5416355,-0.5197263,0.54851234,0.8474831,5.240358,-2.0878074,-0.6724962,-3.7960722,-2.1764035,0.34558243,-2.3702152,0.43954042,2.2675161,0.2719146,0.17645308,0.48503911,-1.0504987,-0.9568352
HCC1500,-0.6526644,-1.3624171,0.14127254,0.96233535,-0.80119985,0.18920195,1.0429583,-0.21254295,0.92211914,0.80690473,0.7576328,-1.2791005,-0.58773214,-0.086697906,1.2637753,0.9583832,-0.6340182,-0.05205401,0.14966461,-0.6809245,-0.54801774,0.2137678,-0.17402522,0.8537099,-0.99944544,0.98041165
YAPC,-0.9111358,-0.3756755,-0.31227756,0.94750285,-0.30541605,-0.09993419,-0.05753766,0.05025482,-0.2725709,0.47515142,-0.732031,-0.058963,0.039224613,-0.11552749,0.14118981,0.43556845,0.30556083,0.7280314,-0.12103244,-0.08902127,-0.6779653,0.22979246,-0.50953025,-0.13386208,0.12144733,0.5799765
TUHR10TKB,-1.9901748,0.014072657,-1.4985726,0.4462914,-0.7025988,-1.1002506,-0.5336129,1.7862881,-0.9582905,1.936107,-0.71057725,-1.224492,-1.0823779,0.1443502,0.19135442,0.49945483,1.1821393,-0.052416384,-0.27348408,-0.49042314,0.21454507,-1.3144102,-1.060893,-0.666612,0.7026161,-0.33554226
Ki-JK,1.7552334,2.1873336,0.42078194,-2.1312456,1.2190734,1.1969893,0.08494608,-0.2568584,0.47754467,-0.496498,-0.15333998,1.7953715,2.6363413,-1.224814,-1.2292364,-2.0869174,-1.9554149,0.15323806,-1.0452626,2.0480838,0.91767395,0.555797,-1.2034632,0.44744033,0.38200578,-1.0774785
NALM-6,3.0553546,2.6687684,-0.23555264,-4.3920627,-0.13041681,2.3683708,1.1435602,0.26678333,2.9795725,-0.29732615,0.5014274,0.7816338,5.792926,-1.3930902,-1.1627362,-2.104862,-3.927085,-1.4087255,-1.2831844,2.521474,1.7735461,1.2847126,0.38978785,1.6169711,-0.6241453,-0.90930474
SNB-19,-0.6407217,0.46201545,-0.08869377,0.19733128,0.11502243,-0.31598952,-0.17901367,0.24242818,0.1184831,0.7271675,0.03823687,-1.0588174,-0.6110665,0.271908,0.4003161,-0.02397523,0.062441215,-0.7904031,-0.2149592,-0.39559165,0.29127908,-0.91946733,-0.36347657,-0.5627213,0.62300277,-0.5758111
U266B1,1.8270031,2.0245748,0.52276254,-2.3756902,0.6261947,1.2406346,1.0914693,-0.32688928,1.2665293,-0.4329726,-0.25489047,1.5373008,3.470539,-0.7179586,-1.7958819,-1.8150783,-2.2949057,-0.88959724,-1.2623123,2.277576,0.7029684,1.0456227,-0.17911789,0.41448298,0.4777659,-0.8188242
BT-474,-0.82101023,-1.0165217,0.20063594,1.130395,-0.4555964,0.45339286,1.1223643,-0.17651747,0.67171335,0.4830263,0.43862164,-0.9671122,-0.37686494,-0.09733498,0.79774517,0.33930624,-0.13627832,0.40127265,0.095248036,-0.6008694,-0.41239718,0.4498346,-0.13006671,0.5680201,-0.5323319,0.8983208
CAL-27,-1.4401689,-0.29855606,-0.7390207,1.0890448,0.06672686,-1.0827672,-0.5549578,1.4317745,-1.5552742,1.3800468,-1.3565929,-0.53259987,-0.46301973,0.4022343,-0.22179915,0.90837044,1.7664979,1.1527687,0.04454598,0.5217216,-0.10336053,-0.018920362,-0.7369845,-0.44957867,0.7165333,1.1267217
COR-L311,0.8218061,-1.2029442,1.124408,-1.858715,-1.4212837,2.6846957,2.2327144,-0.5353376,4.312553,0.5424394,3.7230802,-2.6009195,0.5290301,0.38501623,2.165254,0.21447335,-3.3488193,-4.3908095,2.3332922,-0.09128271,0.07879287,1.4649323,1.6049173,3.1060247,-0.9675909,0.37496358
CAL-51,-0.55035776,-0.16869994,0.22843072,0.41269085,-0.3998113,-0.19158196,-0.108368896,0.12201017,0.23067509,0.1277589,0.46225688,-0.42004308,-0.89119667,0.18739799,0.48933768,0.05147849,0.22935563,-0.10678596,0.15212163,0.10165195,0.077828065,-0.3265605,-0.18978211,0.058928628,-0.05481474,0.11983599
HDLM-2,2.3117638,2.2225354,0.07587169,-2.5571804,0.774946,1.6573119,0.20610665,-0.29676074,0.82545805,0.36420774,-0.32069746,1.7736967,3.1483388,-1.0780138,-1.8544822,-1.8017093,-2.5892959,0.1694757,-1.8625971,2.0684793,1.0095725,0.5774006,-0.772586,0.8505391,-0.28068706,-1.0374079
CL-40,-2.7653685,-2.6131434,1.0452584,3.6542864,1.5868905,-0.4671065,0.23958579,-1.2888839,-1.1552846,0.64604074,-0.7201743,1.2055185,-1.7816478,0.06429978,1.1012676,-1.0867611,1.7225741,3.9981256,0.5113554,-0.38820255,-2.775621,0.008295804,-1.3709952,-2.3579373,0.16243419,1.852685
U-251MG,-0.67679477,0.17036062,-0.16283692,0.42931506,-0.07743123,-0.5942635,-0.19009362,0.4090826,0.13071238,1.0199578,0.27352184,-1.3845056,-0.98633265,0.2934786,0.704544,-0.24248008,0.030764729,-0.95412505,-0.045007795,-0.5541874,0.38944155,-1.0612515,-0.35784864,-0.6447238,0.6623465,-0.71121633
SNU-719,-1.9792638,-2.5712636,1.4509369,3.0366597,1.3718399,-0.22153355,0.51945126,-1.1364046,-0.70124495,0.5756775,-0.29394343,1.2115109,-1.7148901,0.07218775,1.2655324,-0.9783516,1.4470266,3.4966884,0.39028758,-0.4822052,-1.7209189,0.35018456,-1.2491789,-1.7997723,-0.15344511,1.8572905
HCC1833,-0.3886373,-2.9717834,1.1605177,0.5451087,-1.1057606,1.6146436,2.4392216,-0.8515826,2.3434992,0.79641914,2.9664314,-2.1383715,-1.1747209,0.5821402,2.7981234,0.98839533,-1.0546385,-2.1665406,1.6328015,-0.85366076,-0.7390091,1.213551,0.3962851,1.6417136,-1.1606929,0.8135623
NCI-H2110,-1.0146085,-0.849699,0.084945336,1.2623588,-0.13460283,-0.34620118,0.10529174,0.26279813,-0.76436645,0.53859234,-0.5693361,-0.6172288,-0.2874239,0.20044693,-0.025105625,0.19386728,1.1754792,1.2263105,-0.2909308,-0.41744435,-0.2924857,0.09593398,-0.41605404,-0.09150007,-0.14032057,0.56375575
SNU-899,-1.5783522,-0.70107067,-0.9334319,1.4868515,-0.37042356,-1.5112733,-0.91337055,1.1898034,-1.5427425,1.8048592,-1.4445676,-0.60053027,-0.14657693,0.5598438,-0.3677026,0.53990835,1.5613917,1.3507154,0.20746966,0.3327641,-0.67362845,-0.18531433,-0.5508805,-0.6455606,1.1163052,0.89488775
SNU-449,-1.3196089,0.052498758,-0.8071462,0.39336967,-0.5336126,-0.42409822,-0.4146393,1.0541748,-0.09231779,1.0458518,-0.03541951,-1.0762972,-0.5775542,0.4572939,0.33403242,0.44650215,0.439594,-0.3975569,-0.21603152,-0.2933175,0.37281924,-0.8645394,-0.5221466,-0.1065232,0.64135593,-0.18998492
VMRC-RCW,-1.4931567,-0.38827056,-1.21748,0.8151102,-0.39192116,-1.0518037,-0.6584186,0.76243496,-0.76150244,1.235787,-0.30849665,-0.4715713,-0.83878505,0.26368368,0.5771892,0.13500959,0.904445,0.08094967,-0.22863579,-0.48411196,0.21835037,-0.8380984,-0.9910142,-0.5538535,0.6457421,-0.60298324
MOLT-4,2.9833686,2.2564988,0.82791436,-3.5774531,0.8232261,2.1013258,0.9537492,-0.13751121,2.4293604,-0.043761358,0.9225394,1.169569,4.912853,-1.4109669,-1.1586502,-2.9054265,-3.403573,-1.6373429,-0.61371243,2.760385,1.2015299,1.0291014,0.7517985,1.6531596,-0.17239596,-1.4815251
AGS,-1.3237025,-1.4732587,0.89911234,2.0156353,1.0072826,-0.17476651,0.68029964,-0.8228829,-0.53153265,0.016694017,-0.10229762,0.819612,-1.2386461,0.15226197,0.69424194,-0.09243008,0.86244625,1.9164507,0.27742642,-0.06833953,-0.9399361,0.049393788,-0.92624086,-0.75832796,0.13270761,1.3502028
AM-38,-0.32930028,0.75194865,-0.18090668,0.15628922,0.57450557,0.3161752,0.008243706,0.39171457,-0.12872933,0.21491724,-0.13771445,-0.48981765,-0.15148976,0.02856919,-0.24969134,-0.10899605,-0.13876364,-0.6193898,-0.2665136,0.32255787,-0.09012872,-0.6440266,-0.1954295,-0.2372859,0.56389016,-0.294447
Hs 571.T,-2.9026046,-1.5204905,-2.5983934,1.7741958,0.39918312,-4.3591685,-2.499778,3.127316,-3.2416227,4.743349,-0.43634206,-2.577545,-2.1240368,1.6295315,-0.370102,0.27373534,3.066108,-0.080385774,-0.21756423,-0.9257447,0.012945242,-2.2247574,-2.9216242,-2.6191845,2.667107,-0.69341284
CW-2,-1.5533401,-2.3964486,1.9802592,2.4719057,1.2251077,0.3521642,0.82598424,-1.9188367,-0.13832748,0.39568663,0.13999912,0.98328054,-1.6351647,-0.30005667,1.5547664,-1.0235376,0.9249223,3.0097594,0.614117,-0.35853615,-1.718977,0.3440452,-1.0586503,-1.2664554,-0.6187106,1.7897925
DFCI024,-1.4492112,-0.32332498,-0.7570179,0.7750618,-0.08952016,-1.1230361,-0.46623763,0.6201522,-0.809516,1.5494804,-0.42158446,-0.6921748,-0.64433914,0.39343154,-0.08149076,-0.15798673,0.88625675,0.49801368,0.11372222,-0.405644,-0.068456605,-0.6565167,-0.6644755,-0.65881515,0.56153953,-0.2916792
NCI-H1092,2.0228288,-1.9200735,2.0375803,-1.4917039,-1.2413375,2.860084,2.3103929,-0.95601606,5.1874866,-0.013949186,5.385497,-3.499899,0.4163599,1.0030737,2.2268941,0.14263982,-4.1065254,-7.1148252,3.1053057,0.7523079,-0.2979613,1.3781186,2.555902,3.06538,-0.12205818,-0.12641355
Hs 274.T,-2.9669507,-1.3407602,-2.5683007,1.9823684,0.33863968,-4.19041,-2.5118835,2.8838696,-3.2578363,4.757548,-0.34510595,-2.6501882,-2.043825,1.7577887,-0.34985113,0.19759008,2.9588947,-0.2523309,-0.25026697,-0.926395,0.012152672,-2.3888178,-2.8703053,-2.6870215,2.68657,-0.8810673
EB2,3.869299,3.3061945,1.167197,-5.005508,2.1352634,2.386993,1.226115,0.5316411,1.8611999,-1.0412638,-0.3816868,2.7384186,5.543495,-1.666212,-2.5598083,-3.1177206,-3.4499118,-1.3513415,-1.6689863,4.820343,1.5143654,2.4714801,-0.39597505,0.7142041,0.669999,-1.3889234
HCC1195,-1.2412806,-0.6505816,-0.28840786,1.0997905,-0.15844032,-0.17611423,0.27994338,0.107334375,-0.67137814,0.5459281,-0.5020114,-0.56113195,-0.48625103,0.23382947,0.16671687,0.3655185,0.8850671,1.1906434,0.0035507828,-0.4226377,-0.44864038,0.031745605,-0.7270125,-0.03847942,-0.19879416,0.40467966
NCI-H1703,-0.25800967,0.46545005,0.10339147,-0.07719291,-0.23842111,0.008315049,0.023185307,-0.03508675,0.57961285,0.105983265,0.5033361,-0.5865026,-0.4095306,0.13494308,0.36063975,-0.35131314,-0.0826964,-0.3447262,-0.033018533,0.10551809,0.044479445,-0.44939423,-0.10670031,0.23298335,0.17476596,-0.21536171
RPMI-7951,-0.93318695,0.64510757,-0.7114624,0.38634187,0.74755836,-0.40926602,-0.5196198,0.72532344,-0.87805194,1.0244477,-0.25684035,-0.9260817,-0.40755022,0.16202609,-0.16477562,-0.088209406,0.4121385,-0.75025785,-0.15735944,-0.17882946,0.15024799,-0.7536018,-0.65085375,-0.8465414,1.0338593,-0.62491477
Hs 821.T,-2.5155025,-0.7603823,-2.1557288,1.6503127,0.5698,-3.4988294,-2.1357992,2.6162405,-2.9458194,3.9463267,-0.35177293,-2.204533,-1.5991473,1.3852382,-0.27156705,0.09790091,2.7199407,-0.42543888,-0.26640087,-0.58417374,0.21529782,-2.1052172,-2.5284438,-2.423761,2.4921265,-1.0385456
LAMA-84,1.819905,2.2631807,-0.7369845,-2.4615622,-1.1139911,-0.13906132,0.19566712,-0.040398017,1.7261151,-0.10863106,0.25336838,0.6987053,4.1997166,-1.6969965,-0.4928733,-3.2404022,-1.7164786,0.39284575,-2.138239,-0.01391913,1.8864894,0.20092079,0.06610727,0.132134,-0.73966324,-0.79684955
253J-BV,-0.9623191,-0.06882904,-0.44996804,0.2905959,-0.35727754,-0.32386523,-0.23203987,0.46908504,-0.28989044,0.61027396,-0.24502076,-0.4392301,-0.4740795,0.102558225,0.37140366,0.33094886,0.31720048,-0.059014626,-0.011030495,0.073239334,0.33430582,-0.7094505,-0.49871206,-0.019045092,0.4290028,-0.2705266
NCI-H2023,-0.76250213,-0.05555574,-0.2104941,0.6337408,0.037592098,-0.5064131,-0.089691855,0.16637081,-0.121657446,0.5203416,-0.042207204,-0.25108796,-0.2803071,-0.006524779,0.07465802,-0.21948624,0.3014673,0.0803612,0.1312395,-0.05575829,-0.17708439,-0.4662443,-0.4717791,-0.33009753,0.41387796,-0.08423652
SNU-503,-0.50767165,-1.0860381,0.4609264,0.9383113,-0.15001878,-0.39615056,0.30141005,0.3625176,-0.39654487,0.7650037,-0.1164893,-0.48651287,-0.5506502,0.5134875,0.7059251,0.5347095,0.62106186,0.2514764,0.6926935,-0.19453314,-0.0582765,0.052652575,-0.20116484,0.048635047,0.069543004,0.82246417
Hs 936.T,-0.24912295,0.42750645,-0.16152848,-0.45677838,-0.29727587,0.21102998,0.523212,0.26805416,0.899843,0.21422891,0.15561345,-0.8822895,-0.18683681,0.66538846,0.6184421,-0.34331444,-0.82820106,-0.56767386,0.23173702,-0.3053296,0.0002711434,-0.3892771,0.253003,-0.17531027,0.022207983,0.15745506
JIMT-1,-1.5255432,-0.0013801605,-0.7379141,1.0137047,-0.101906404,-0.82385623,-0.25808254,0.8082675,-0.8130314,1.309317,-0.7969775,-0.68787426,-0.40770242,0.301697,-0.30393514,0.5800193,0.91027814,0.7549947,-0.18570891,0.07451978,-0.2284106,-0.17271978,-0.80481297,-0.5375128,0.71969473,0.45507625
SU-DHL-1,1.8845143,1.6840732,0.4681847,-2.1668713,0.845895,1.0709181,0.27503085,-0.33440205,0.8400878,-0.5403582,-0.109509334,1.2928004,2.7710266,-0.88723385,-0.8698906,-2.0398815,-1.6806531,-0.27804688,-0.6851339,1.705973,1.0617832,0.78213644,-0.46394068,0.64401436,0.35201603,-1.027714
PC-14,-1.0511199,-0.2708881,0.31170678,1.1029087,0.2577341,-0.35222208,-0.108038254,1.17121,-0.8860252,0.44309086,-0.6944011,-0.63611114,-0.8628987,0.22698735,0.11243287,1.0865507,2.1840541,0.8816323,-0.117925785,0.17204857,0.34041914,0.2217395,-0.94021255,-0.043960985,0.16768365,0.9921652
NCI-H2444,-1.3902271,0.25650325,-0.91601837,0.9742107,-0.24701534,-0.28076854,-0.2803682,0.46344817,-0.7292303,0.79589576,-1.1853834,-0.7543976,-0.22082037,0.17723782,-0.10631528,0.6517511,0.670304,0.7297353,0.157441,0.25654092,-0.5334062,-0.09609829,-0.7665435,-0.19554026,0.75502664,0.3022176
PC-3,-0.9444,0.030628204,-0.5174786,0.6729692,0.43721586,-0.33414513,0.011577904,0.55503184,-0.5536087,0.42587712,-0.66147083,-0.5347202,-0.20113513,0.1546169,-0.10164811,0.47796804,0.3980299,0.18522274,0.114958614,0.6075121,-0.4087097,0.019848503,-0.31925106,-0.30274698,0.7700517,0.2983244
DMS 153,0.24103227,-2.7777195,1.422626,-0.585614,-1.3690943,2.4987144,2.5120358,-1.4098086,3.7528894,0.33747375,3.5943055,-2.858872,-0.037436575,0.61946154,2.596265,0.7844796,-3.4883196,-4.846033,2.737674,-0.7191582,-0.37142402,1.2941799,1.674317,2.9981587,-0.54901993,0.039649338
Hs 604.T,-2.4975715,-1.0601408,-2.2895403,1.4733076,0.18834317,-3.9024868,-2.1999116,2.5270078,-2.9889524,3.9635339,-0.4733694,-2.0152578,-1.7142463,1.5005889,-0.48111367,0.42664957,2.680726,-0.20668541,-0.38639322,-0.47311133,-0.28618145,-1.9264044,-2.3816593,-2.1595318,2.3597922,-0.36995107
JHOS-2,-0.7980315,0.054216925,-0.8591756,0.8387049,-0.24260113,-0.75651914,-0.27172992,0.63283736,-0.5183996,0.6438909,-0.8329518,-0.6236582,-0.07186431,0.430143,-0.13515718,0.63976204,0.21996245,0.29177868,0.095584735,0.49537197,-0.7031403,-0.14287862,-0.35607466,-0.34071192,0.91830975,0.43445832
RERF-LC-KJ,-1.5893924,-0.6389508,-0.41260737,1.9220934,0.02251041,-0.90449226,-0.139916,0.68690026,-1.2182988,0.87351114,-1.0080963,-0.8956225,-0.4648907,0.51578975,-0.1702942,0.43708575,1.472124,1.6258925,-0.027664945,-0.070883736,-0.66881585,0.070973456,-0.7160876,-0.6404754,0.5419987,1.0750716
A3/Kawakami,1.5411787,1.8009486,0.71592903,-2.2952712,0.72175235,1.4908129,1.0108931,-0.28582636,1.3031449,-0.42687964,0.038256492,1.395124,2.8762188,-0.6041678,-0.9736161,-1.6904501,-1.8360091,-0.7782018,-0.27838543,2.0925226,0.6688533,0.9730994,-0.1271727,0.7285746,0.5775881,-0.6609483
ChaGo-K-1,-0.50089073,-0.68033254,0.27391168,0.6811571,-0.29705238,-0.019291125,0.25622195,0.051051512,-0.10272658,0.6965268,-0.27039102,-0.62854075,-0.13791874,0.43770343,0.21682611,0.20024195,0.23388983,0.12446254,-0.054954644,-0.5626294,-0.040218987,0.29215413,-0.36604908,0.42349458,-0.12671715,0.18811938
KP-3,-0.8171476,-0.023737846,-0.2118769,1.063177,0.39707792,-0.41632017,0.056491084,-0.029745558,0.03683587,0.018455721,-0.25842857,0.18599889,-0.27389646,-0.057526022,0.060816422,-0.16218784,0.42061675,0.8214801,-0.08750236,0.41294044,-0.23064913,-0.13332519,-0.50258535,-0.68038994,0.28258246,0.062024347
NCI-H684,-2.0808058,-2.797618,1.598469,3.2703295,1.633914,0.19369546,0.7219674,-1.8769512,-0.58199716,0.26130968,-0.093137205,1.3269982,-1.8254156,-0.31344932,1.3717679,-1.2526802,1.2292576,3.6687732,0.8803424,-0.40562022,-2.2797153,0.40623486,-1.0367237,-1.8105327,-0.17282356,1.9119953
SH-4,-0.48863268,0.34473655,-0.28912264,-0.23004526,-0.31507206,0.00488881,0.48357272,0.20548724,0.55871457,0.49992853,-0.15441358,-0.81850755,-0.5411981,0.5423588,0.48253375,-0.36709487,-0.3718266,0.054324042,-0.21212703,-0.4159872,0.019156426,-0.4791402,-0.158438,-0.27020845,-0.01618468,-0.05855917
WM1799,-0.53603125,0.45677269,-0.2645833,0.06113512,0.20019774,-0.023686692,0.11872495,0.49862927,0.102270335,0.5361269,-0.09121884,-0.8708313,-0.27214062,0.6320888,0.23881435,-0.3664412,-0.22605494,-0.16067992,-0.11516203,-0.64514834,-0.0340686,-0.85859287,-0.26182634,-0.46873283,0.33298266,-0.038924858
SK-UT-1,-0.038849898,0.47281197,0.2834337,-0.007132888,0.09323476,0.15865864,-0.035796575,-0.13711667,0.30396724,0.21803077,0.44366524,-0.5658942,-0.222532,0.026624195,0.31602463,-0.20711601,-0.23020512,-0.93058527,-0.034334786,-0.11235116,0.041926235,-0.54165125,0.09180218,-0.007901125,0.35735467,-0.3353746
PaTu 8988s,-1.1883374,-1.9779062,1.2749991,2.5577075,1.0711263,0.057519227,0.73242956,-1.3292851,-0.091488235,0.099151,0.13694751,1.0141084,-1.0534879,-0.22800323,1.2392359,-0.825069,0.70693797,2.3590863,0.4628551,-0.09969883,-1.4122024,0.42025656,-0.77250546,-1.1107342,-0.108522914,1.5184721
HMEL,-2.4855657,-1.3523911,-1.7815304,1.5716174,-0.16466568,-2.3227553,-1.0275345,1.9060166,-2.1900206,3.6164665,-1.6480172,-1.0651174,-1.1500328,1.4418865,-0.06514309,0.42412877,1.6761487,0.9008912,0.47543213,-0.51825225,-0.611786,-1.0971445,-1.0584024,-1.2323905,1.8712963,0.27209273
Hs 840.T,-2.1159153,-0.027397484,-2.0997229,1.1855376,0.74157476,-2.6027293,-1.6642363,2.2273417,-2.4294515,3.116619,-0.40717152,-1.9136304,-1.399734,0.99559,-0.2432166,0.0003445521,2.077325,-0.51557004,-0.1790277,-0.449511,0.124222696,-1.735363,-2.0066688,-1.9850243,2.2375865,-0.46109155
SW48,-0.12504452,-1.3056754,1.5737301,1.3012697,0.7081898,0.3280831,0.44483086,-0.4336304,0.0014615953,0.1895201,0.02638181,0.39190602,-1.0667173,0.2636746,1.334662,-0.17473316,1.1066889,0.79151213,0.8616078,0.790545,-0.046535365,0.8289486,-0.67456913,-0.6415981,-0.06944439,1.9113176
Ishikawa (Heraklio) 02 ER-,-0.12480912,-0.7842829,0.6809223,0.6186182,-0.50954807,-0.2192291,0.25439775,0.02899158,0.70017076,0.18612155,0.5646241,-0.84067285,-0.9885636,0.40315363,1.0038633,0.67705363,0.31059325,-0.34016168,0.40415516,0.040454023,0.029784769,0.05526923,0.07841742,0.22265713,-0.094724365,0.838148
Hs 819.T,-2.9179518,-1.115747,-2.5669446,2.011152,0.49789476,-4.3768907,-2.488284,3.1744754,-3.4228919,4.655008,-0.6139544,-2.3792152,-1.8795713,1.6166421,-0.5929388,0.34943458,3.2447686,-0.31264037,-0.21766108,-0.60296625,0.12217212,-2.1878161,-3.0316732,-2.664392,2.9255147,-0.7499776
NCI-H2085,-1.1279957,0.26677758,-0.7729297,0.44382593,0.0726774,-0.32313693,-0.22933868,0.7910465,-0.71257734,0.96489835,-1.0475445,-0.4885032,-0.2070773,0.33765757,-0.5700964,0.6426803,0.27669665,0.45392573,-0.20556037,0.50703955,-0.22220686,-0.20110115,-0.5491626,-0.19708392,0.99475884,0.2418065
TUHR4TKB,-2.0728912,-0.31821683,-1.1583183,0.62293994,-0.62012655,-1.2994145,-0.5556534,1.6408098,-1.1598278,1.9339447,-0.55322355,-1.0310832,-1.1116599,0.44115356,0.38155854,0.65748775,1.5403312,-0.010957032,-0.24266456,-0.16876131,0.5597648,-1.3112054,-1.3033707,-0.6091562,0.8334123,-0.30035478
A-498,-1.9665382,-0.29436558,-1.2938565,0.85926485,-0.33083123,-1.5858079,-0.8364469,1.3808621,-1.0425259,1.9297116,-0.37024018,-1.0841532,-0.9461206,0.30135924,0.6060088,0.13809782,1.4080569,-0.15526034,-0.15618251,-0.46718055,0.28053042,-1.0393217,-1.1441146,-0.9202379,0.9816492,-0.69695914
KYSE-270,-0.9884893,-0.5363911,-0.5437419,0.6462345,-0.39247116,-0.5649146,-0.32240534,1.024476,-0.29359454,1.33164,-0.4830013,-0.7698722,-0.42498502,0.67880833,0.27841702,0.47715998,0.43946,0.16523701,0.050495096,0.16255583,-0.1504233,-0.36588937,-0.43434435,-0.15047672,0.3705774,0.6082231
KYSE-450,0.13639441,-0.42578426,0.48136133,0.5937046,0.14230745,-0.1579645,-0.0048233215,0.32704085,-0.12316808,0.29589337,0.06770513,-0.27116007,-0.23041259,0.33863252,0.562594,0.1950397,0.2568023,0.10326749,0.14344615,0.29590335,0.091186285,0.26667055,0.13820383,-0.050241917,0.030212164,0.68153954
EM-2,2.98126,2.2002378,0.18222444,-2.9524965,0.036771834,0.20483178,0.50642014,-0.28488043,2.2308886,-0.92076385,0.5750214,1.6375992,5.0975866,-2.0733743,-1.0490502,-3.7799468,-1.8091873,0.5631511,-1.5148388,1.3371377,1.9642303,0.49213648,0.33306527,0.54336596,-0.8553952,-1.2437483
MSTO-211H,-0.39540106,0.6366207,-0.15703386,0.020174969,0.2702459,0.048951343,-0.015736707,0.22072545,-0.15211466,0.19828148,-0.06922277,-0.52833164,-0.31463835,-0.011075318,-0.1051171,-0.18008551,0.03217109,-0.46885064,-0.12144065,0.024018506,-0.07131849,-0.50156695,-0.2975578,-0.25738642,0.43903783,-0.38149226
Panc 08.13,-1.217969,-0.12525216,-0.059063375,1.560817,0.6243761,-0.16057026,0.07919696,0.22321093,-0.6311126,0.06540109,-0.81684697,0.055642314,-0.05856748,0.057028435,0.18698001,0.38034844,0.95913774,1.4720006,0.18001938,0.49086162,-0.8174057,0.5527297,-0.5063368,-0.51931524,0.30368966,1.0306295
NCI-H2087,-0.58895516,-0.09543935,0.086201,0.95212597,0.1664015,0.20169915,0.3495677,-0.2560949,-0.2473874,-0.011991918,-0.7493602,-0.2082278,-0.25504813,-0.11860106,0.10655117,0.17488442,0.548449,0.9692737,-0.059184767,0.07377149,-0.2415416,0.26038897,-0.41987154,0.08135718,0.07896303,0.43105102
NOMO-1,3.1377184,2.7577825,-0.114711516,-3.4524698,0.022005111,0.47986147,0.3688414,-0.36751178,1.6264122,-1.6177859,0.104658276,1.8908248,5.5738277,-2.201881,-1.314009,-3.8398485,-1.6750634,1.0808387,-2.3868952,1.1886892,1.9795082,0.83804864,-0.37569028,0.4198571,-1.1177522,-1.0297369
KP-4,-0.07678088,0.18240869,0.3494008,0.06310946,-0.18711804,0.024539115,-0.09039387,-0.33400726,0.7893882,0.07651636,0.524274,-0.30684283,-0.29927516,0.016225314,0.45916337,-0.27081358,-0.30083448,-0.6981001,-0.13657884,-0.044101723,0.0012003556,-0.30352402,0.07455021,0.32728496,0.29428852,-0.28511602
Kasumi-2,3.1380553,2.6289687,-0.6878639,-4.4321613,-0.1295647,1.8759967,0.51566225,0.40672478,2.659501,-0.24273707,0.022393897,0.48877198,5.82693,-1.6422033,-1.2528372,-2.1695852,-3.582787,-0.9889165,-1.7432344,2.4598012,1.6756607,1.2583442,0.27591813,1.3929882,-0.71109235,-0.9936095
SK-MEL-30,-0.40674838,0.5980143,-0.19901109,-0.23389257,-0.01840666,0.21348093,0.43892968,0.16259184,0.683005,0.1604024,-0.17681593,-0.6242455,-0.33994097,0.5496794,0.4606856,-0.6181326,-0.3136593,-0.100483224,0.021010458,-0.47082987,-0.054651722,-0.600656,-0.013451599,-0.24080361,0.08842793,0.065699086
NUGC-4,-0.82111937,-2.4632027,1.0350053,2.2928038,0.5970489,0.16114694,0.7861634,-0.15393008,-0.25676167,0.22169921,1.3909286,0.9573823,-1.9684423,0.31091404,1.4733753,0.24205554,1.2561895,1.8613734,0.88516665,0.3133148,-0.47658902,0.5492984,-0.69833463,-0.74672437,-1.250871,2.2483644
OUMS-27,-1.6680112,0.42409253,-1.4474173,0.6916268,0.64255166,-1.5160358,-1.1735842,1.6855824,-1.5717701,2.0041041,-0.38180697,-1.3415978,-0.9383391,0.7600404,-0.09398669,0.13329378,1.2292197,-0.74712825,-0.117530644,-0.08431898,0.4046167,-1.315565,-1.41305,-1.4933522,1.6696931,-0.5572673
HLC-1,-0.104096845,-0.34190875,0.03501444,0.5156968,-0.10301098,-0.23896325,-0.04115071,0.15337843,0.26008138,0.7275628,0.30731827,-0.41038057,-0.06309931,0.2070573,0.40807956,0.16447234,-0.23319033,-0.3070044,0.06111329,0.32470506,0.14209649,-0.16953683,-0.129698,0.24153447,0.27609164,-0.197229
BICR 6,-1.7899499,-0.8323042,-0.9537199,1.3128785,0.013621092,-1.6473353,-0.93215644,1.6090024,-1.9583609,1.9171194,-1.6010318,-0.797193,-0.46963322,0.51561356,-0.563327,0.47442213,1.6792657,1.461404,0.091736436,0.42466712,-0.5897679,-0.2418018,-0.7547419,-0.8298307,1.2100563,0.8743354
HCC78,-0.9342803,0.18772718,-0.40361887,1.065907,0.19142684,-0.045030855,0.13291003,-0.0713685,-0.5839863,-0.19337076,-0.8855648,0.07726425,-0.11759855,-0.12651742,-0.13458613,0.31465468,0.6107798,1.5078696,0.051959433,0.4079533,-0.46771136,0.23221849,-0.42971358,-0.2552772,0.38939333,0.33342403
SNU-119,-1.0139465,-0.3368287,-0.6302051,1.4351456,-0.6745349,-0.9646411,-0.07856022,0.6596342,-0.42118937,0.94125336,-0.63171756,-0.54414254,-0.6930585,0.5766777,0.044080213,0.6789081,0.65291405,0.7594942,0.05989662,0.10215706,-0.50161386,-0.015805962,-0.38241747,-0.33816972,0.51603293,0.8702389
COR-L24,0.662402,-1.6387963,1.1083348,-1.2974056,-1.7398124,2.6247706,2.2841446,-0.91030943,4.30575,0.89860624,4.521405,-3.726458,-0.020539433,1.0601743,2.5603704,0.8785287,-3.9562025,-5.6972713,2.5170574,-0.23739679,-0.037275344,1.0388955,1.6532291,3.3232489,-0.89584553,-0.1226992
KYSE-410,-0.80941755,0.13592882,-0.5843571,0.7876843,0.28605685,-0.1625621,-0.09944413,0.47339386,-0.5903942,0.46857476,-0.77978915,-0.2963439,0.11892699,0.22117919,-0.21068302,0.39551038,0.28223902,0.38850823,0.12147306,0.538706,-0.46816427,0.07867492,-0.30525514,-0.3213581,0.5530766,0.6218179
Panc 05.04,-1.7966757,-0.40350404,-0.6082352,1.7388155,0.39669028,-0.69318706,-0.22587176,0.796945,-1.1389511,0.36542088,-1.1001046,-0.16926213,-0.29199302,0.24597916,-0.059095472,0.48182583,1.3643894,1.6012611,0.19299757,0.58210015,-0.9708273,0.253421,-0.80078506,-0.8014628,0.58748084,1.1507432
NCI-H2228,-1.4669299,0.38679123,-1.085085,0.46679825,0.29938418,-0.7800132,-0.4415754,0.9834669,-0.67761064,0.79991215,-0.7105089,-0.7856114,-0.54946446,-0.09638567,-0.14811192,0.26947093,1.0892001,0.104636714,-0.21745008,-0.05419095,-0.15014271,-0.42666256,-0.8504219,-0.65114397,0.7161769,-0.41115347
RS4;11,3.3594875,2.9615436,-0.16770422,-4.472436,0.026125103,1.7488468,0.7348725,0.37908247,2.5496461,-0.53600943,0.090856664,1.1255786,5.732808,-1.8129945,-1.3945944,-2.745243,-3.4738746,-0.86761236,-2.0409663,2.445189,1.9102032,1.2011262,0.16609031,1.2680473,-0.7260678,-1.1793936
SU-DHL-8,3.609432,2.8949504,0.9902126,-4.801728,1.3532115,2.6485739,1.4115914,0.39781195,2.4602315,-0.79888475,0.14869533,1.9515889,5.7018204,-1.205898,-2.1173577,-2.9943273,-3.9027,-1.7034714,-1.2741287,3.7544184,1.4714897,1.690145,0.044906065,1.3001376,0.43381745,-1.1089141
MES-SA,0.15142849,0.41172412,0.43182108,0.14474759,-0.25615427,-0.28122926,-0.013465583,-0.21675128,0.3662497,0.5061513,0.4682991,0.0067090243,0.07368092,0.3121604,0.032783918,-0.46537212,-0.030775473,-0.44346327,-0.1581093,0.46801588,-0.022084797,-0.37767112,-0.34750158,-0.018156935,0.5966271,-0.58471
OCI-AML-3,2.8590565,2.7467523,-0.34199232,-2.870721,-0.3454735,-0.12611736,0.1515647,-0.20430739,1.4225246,-1.4651653,0.22340223,1.5357515,4.971657,-1.9648607,-1.0700403,-3.905609,-1.5286864,1.0937567,-2.3950934,0.7994685,1.9349505,0.62947536,-0.29224873,0.46113378,-1.0259756,-1.1450046
ECC10,0.4037363,-1.4490258,0.81290954,-0.42657635,-1.1701844,1.717824,1.3479283,-0.8376599,3.338104,0.45928675,3.1453707,-2.1807053,-0.21311599,0.22627461,1.9870908,0.13595824,-2.312276,-3.7440686,1.4292338,-0.22310713,-0.41208255,0.38988125,1.2364151,1.9763129,-0.34565356,0.15556215
SNU-886,-1.7097753,-0.041495934,-1.3188167,0.9647349,-0.31161514,-1.1895119,-0.9434564,0.8772717,-0.7504701,1.5247964,-0.4195415,-0.7499444,-0.52648604,0.20399913,0.3648818,-0.0843338,0.9894736,-0.33581227,-0.056094185,-0.6068404,0.08902511,-0.8670854,-0.9226818,-1.0284548,0.99386877,-0.64250886
GDM-1,2.8673918,3.0244892,-0.19924499,-3.8207614,-0.20816742,0.60299605,0.42494154,0.15060985,2.206461,-1.1457107,0.52369106,1.1947443,5.5828447,-1.9619043,-1.206461,-3.8469913,-2.3371644,0.53799486,-2.5265858,1.6351169,2.1488714,0.7184545,0.0983365,0.9606553,-1.040655,-0.8308148
Caov-4,-0.36827034,-0.39798075,-0.12772691,0.5934373,-0.49519935,-0.3493403,0.2431862,0.36685312,0.34179318,0.2976245,-0.093388274,-0.6268058,-0.538053,0.33563873,0.3706191,0.512589,0.20900947,-0.26203704,0.107878804,0.18469061,-0.25110403,-0.033710085,0.022887148,-0.09301968,0.26766926,0.82225597
PL45,-0.75143236,0.24899597,-0.045189008,0.98434526,0.46858436,-0.004112251,0.17942299,0.17285307,-0.55912197,-0.16832513,-0.7317505,-0.045328096,-0.17306162,-0.062288422,-0.0604833,0.41341978,0.48359996,0.9278971,0.018321171,0.7250998,-0.57137454,0.36600113,-0.51003665,-0.09877875,0.44856936,0.65763026
VCaP,-0.108411,-1.4122899,0.79448426,0.3178055,-0.44842482,1.1451287,1.2369652,-0.6092769,1.7816976,0.33099142,1.3164687,-0.96825916,-0.46779746,0.09217404,1.5383751,0.13640518,-0.9843745,-0.9818431,0.7403497,-0.2174123,-0.29203996,0.7254046,0.47211438,0.8007069,-0.47036117,0.5162979
BDCM,3.1386075,2.9486542,0.5751859,-4.0821033,0.9879422,1.7606927,0.579851,0.110842794,1.2091182,-0.8627137,-0.31390995,2.2730625,4.5202622,-1.6206728,-2.118294,-2.2713182,-2.864297,-0.6977694,-2.0223584,3.5208464,1.4583282,1.5396535,-0.76738846,0.5399823,0.04998547,-1.0736004
TO 175.T,-2.5901322,-0.9709694,-2.3567808,1.8774829,0.5970343,-4.0349193,-2.4356518,2.6420465,-3.067181,4.214178,-0.5087726,-2.2146046,-1.6537961,1.5127981,-0.4547887,0.014125004,2.9128706,-0.21253361,-0.21827418,-0.77889276,0.10516251,-2.05444,-2.7536411,-2.5893989,2.6558714,-0.5993836
L-1236,2.1273384,2.0005085,0.5083536,-2.6201837,0.96783876,1.6511935,0.48147964,-0.1258255,1.5524307,0.050753586,0.14203109,1.2985809,3.1730764,-0.88730335,-1.2143136,-1.2870799,-2.733722,-0.76567733,-1.0431063,2.1603684,0.96991414,0.93967843,-0.5868925,1.0025487,-0.075259656,-0.8248233
BT-483,-1.1044375,-0.95180833,-0.121734664,1.6135474,-0.9084919,-0.321151,0.66931987,-0.083715156,0.25541386,1.0819683,0.18758439,-1.4295592,-0.54980534,0.19329934,0.53073525,0.68739337,-0.1538698,0.7238188,-0.28707176,-0.72530824,-0.69670576,0.13354121,-0.4524089,0.39686286,-0.67310756,0.80398667
HL-60,3.4309745,2.67546,0.41075158,-3.5963454,-0.09841478,0.59241444,0.44119304,-0.30380648,2.4757137,-1.3348756,0.5331594,1.621552,5.681471,-2.1305482,-1.2516965,-4.189246,-2.248636,0.39175552,-1.954757,1.5243708,2.2917943,0.7357201,0.14939131,0.90718377,-0.9901911,-1.3162574
HCT 15,-0.50945044,-0.6691281,1.1700975,0.89912224,0.5273565,0.27811468,0.94087386,-0.740454,0.27345836,-0.06783466,0.041999422,0.36677873,-0.5748114,0.030445924,0.73651755,-0.33299714,0.34938228,1.0595998,0.50553215,0.2711656,-0.48852783,0.42339557,-0.36086988,-0.093742765,0.12256664,1.2250195
SNU-201,-1.3876309,0.12158266,-0.94174004,0.76682043,0.16429844,-1.395544,-0.7926612,1.282773,-1.0282607,1.9185176,0.15728462,-1.5027047,-1.2031126,0.6862766,0.3770098,-0.04532044,1.0306925,-0.96155953,-0.25714695,-0.5335797,0.5984788,-1.3480827,-1.0634127,-1.1812451,1.213269,-1.0079758
KYO-1,1.0079607,1.3934468,-0.23180225,-1.5346568,-0.5706765,0.2665371,0.7933877,-0.23800257,1.7234943,0.34091616,0.4637314,0.40117133,2.890627,-1.2643051,0.041551284,-2.2631624,-1.7111588,-0.09562442,-1.15562,-0.058281586,1.1511867,0.17403947,0.3473195,0.30207145,-0.5220044,-0.39048886
SW1417,-1.1964858,-1.2174807,0.57137084,1.6471721,0.6007454,0.04473693,0.49280465,-0.6768314,0.315447,-0.08488886,-0.124657795,0.27346185,-0.6377217,-0.18988927,0.80659276,-0.4134251,0.17966062,1.3233385,0.34002733,0.010855893,-1.4061353,0.45009947,-0.6194179,-0.46594393,0.02401673,0.8967413
8505C,-0.9547285,0.69253343,-0.6110918,0.1892544,0.33914262,-0.44385034,-0.42916352,0.71573114,-0.39854795,0.57671773,-0.30054575,-0.7362014,-0.14847194,0.0704943,-0.2502205,0.12409007,0.5940445,-0.26587272,-0.22561589,0.06511262,-0.097690135,-0.7197201,-0.4529572,-0.5530765,0.63837844,-0.1817563
KLM-1,-1.467728,-0.4752451,-0.1593134,1.322804,0.08079411,-0.781178,-0.28444788,1.0262672,-1.1981945,1.1279293,-0.9334672,-0.5289119,-0.26273024,0.3436539,-0.039611444,0.74606127,1.5266845,1.3994168,0.057690874,0.09271166,-0.3392731,0.18743227,-0.855862,-0.20493749,0.20833552,1.0885397
T.T,-0.7311625,-1.0657431,0.19110796,1.0305402,-0.0917854,-0.40362626,-0.008945897,0.69680303,-0.7011448,1.0949059,-0.5603241,-0.61925876,-0.4253774,0.4292119,0.44386357,0.40504915,0.7487008,0.5675444,0.3060556,-0.03612845,-0.19880277,0.14066793,-0.077167526,-0.2646419,0.15440758,0.8376681
VMRC-LCP,-1.161733,-0.62986255,-0.4174792,1.1152132,-0.16532247,-0.7506536,-0.0236758,0.94476986,-0.9514656,0.8373865,-0.7868564,-0.7921642,-0.39788646,0.29873163,-0.033398874,0.64888835,0.9559434,0.8728731,0.1500201,-0.1833368,-0.1792474,0.17665158,-0.56816036,-0.14887191,0.34333703,0.7701714
LOX-IMVI,-0.26964518,0.7113306,-0.30621713,0.15108865,0.18211092,0.07847877,-0.27662897,0.27821082,-0.09717303,0.2696496,0.13636741,-0.6303735,-0.08181753,0.008678809,0.010982409,-0.3367261,-0.09434572,-0.42991227,-0.20341302,0.13006,0.049534902,-0.8531718,-0.43178797,-0.47410685,0.4474749,-0.5526464
Hs 939.T,-0.72500247,0.7425792,-0.5707834,-0.03537722,0.5429816,-0.23114364,0.0020156205,0.85157895,-0.22306183,0.7870737,-0.39222437,-0.7893458,-0.45024705,0.5572739,0.08654177,-0.19370215,0.11110878,-0.3358053,-0.04469964,-0.47613755,-0.086481944,-0.9672641,-0.5863509,-0.7456876,0.5306163,-0.12218818
BHT-101,-1.2429193,-0.35603163,-0.84696054,0.80652046,0.11898236,-0.8354335,-0.699805,0.2222308,-0.5730669,1.0103564,-0.24243237,-0.3528175,-0.48131767,0.12985627,0.17361268,-0.18198094,0.58470607,0.24888396,0.008259505,-0.17433104,-0.4475916,-0.58604217,-0.76555896,-0.76054704,0.6328097,-0.44108897
SNU-1214,-1.2240434,-0.9576788,-1.1165638,1.3481297,-0.070751525,-1.5545815,-0.57319975,1.5975118,-1.443653,2.2123642,-1.5448976,-0.5990455,-0.69377625,0.74594486,-0.04660298,0.41435954,1.4952577,0.9588233,0.6123533,0.17456163,-0.21143982,-0.5214029,-0.5234954,-0.7668984,1.264713,0.33956516
JVM-2,3.2357953,2.869349,0.074545905,-4.0619783,1.1522422,1.8269883,0.44480193,0.3115412,0.7201444,-0.6888972,-1.0178375,2.777255,4.7092857,-1.67014,-2.1525989,-1.9783432,-2.7944126,0.007502556,-2.6710258,3.6531012,1.490089,1.4061328,-1.2922208,0.54734194,-0.0053780675,-0.728404
SK-N-DZ,1.3680236,-0.3629344,1.7317548,-1.8162647,-0.05696124,1.588216,1.3994101,-0.70343906,3.983142,-0.73068875,3.6206176,-2.015625,0.50890183,0.30705193,0.47568512,-0.74311256,-3.0460958,-4.8834558,2.2885327,1.5519421,-0.36617932,1.1746653,1.7642683,2.0253885,0.8210951,0.18996009
SK-MEL-31,-0.6771647,0.5772192,-0.5701712,-0.038738012,0.65177214,-0.34350783,-0.15570037,0.9558261,-0.27649608,0.97010887,-0.3910445,-0.8657384,-0.20367944,0.39798617,0.12699977,-0.42457858,0.4055805,-0.34008145,-0.19307154,-0.38001302,-0.0795436,-0.944767,-0.6597651,-0.88827604,0.48958462,-0.26756164
SUIT-2,-0.66944706,-0.69757885,0.36211318,0.8657833,0.3490106,0.0056385547,0.07591636,-0.26242042,0.09174975,-0.13861321,0.184845,0.034324855,-0.7339032,0.19203536,0.6761917,-0.14077947,0.3438543,0.44341245,0.39589152,0.31576872,-0.02870886,-0.22133282,-0.50499314,-0.30854124,-0.07698384,0.23694295
Hs 172.T,-1.8892372,-0.24962376,-2.0013442,1.1707473,0.41452205,-2.5352976,-1.6976882,2.1117969,-2.1008775,3.0505643,-0.54317856,-1.8686715,-1.4293149,0.9550855,-0.2236667,0.089222014,1.7860832,-0.6148106,-0.27260327,-0.21023545,0.12999052,-1.5153664,-1.6637545,-1.7640555,1.9004247,-0.4137551
J82,-0.8905645,0.6009478,-0.6670495,0.0748723,0.10499113,-0.20586108,-0.29072964,0.68749595,-0.36278924,0.7552171,-0.27090526,-0.6317933,-0.41970098,0.1401604,-0.121862434,0.129132,0.33134925,-0.32877642,-0.28954387,-0.03281084,-0.10832264,-0.38961828,-0.40718433,-0.41688538,0.72339445,-0.27916288
Kasumi-1,2.9160886,2.2050374,0.49366304,-3.0357223,-0.09253061,0.86306274,0.65134126,-0.22411561,2.6438975,-1.1565561,0.84855795,0.9184644,4.6354065,-1.7482998,-0.76333165,-3.3172941,-1.8525304,-0.3235765,-1.3680621,1.3640697,1.915815,0.5123652,0.60505754,0.79501945,-1.0299531,-0.7502195
HCC827,-0.8218754,-0.161264,-0.07176259,0.4491459,-0.021078318,0.0060770065,-0.08797279,1.0006022,-0.89057565,-0.007329259,-0.9874832,-0.91755104,-0.78428227,-0.0990673,0.34267092,1.7524369,2.246806,1.2880889,-0.35960644,0.21321632,0.64620376,0.36214325,-1.1509762,0.37516803,-0.118532114,0.9212368
Karpas-422,3.582201,2.9222982,0.92584723,-4.28724,1.8246809,2.7407956,1.4640973,0.31085593,1.7677622,-0.7280314,-0.045338377,2.5569682,4.810375,-1.307126,-2.0056016,-2.688738,-3.3276439,-1.0835218,-0.9370402,4.0141296,1.2039293,2.11092,-0.108626515,1.1744039,0.28349292,-1.2923646
IA-LM,-0.7387739,0.6529252,-0.7821874,0.21006173,0.24004859,-0.20840165,-0.2881123,0.5556051,-0.32381392,0.47487748,-0.40152195,-0.6639118,-0.39625606,0.015958682,-0.05629306,-0.09990578,0.2416889,-0.29135123,-0.19262266,0.24509238,-0.096732974,-0.4907079,-0.5961715,-0.49870455,0.6316305,-0.5189939
COLO 668,0.15423857,-2.7163718,1.402407,-0.608272,-1.6003913,2.5344265,2.5341673,-1.1959201,3.4274137,0.49693573,3.569765,-2.6905718,-0.2801329,0.62996566,2.7630904,0.79810834,-3.0411053,-4.1626935,2.317909,-0.7615043,-0.52478135,1.3230313,1.4504412,2.4170487,-1.0932333,0.08538715
MHH-CALL-3,3.3461888,2.760836,-0.51228905,-4.6855516,-0.13902086,2.0951962,0.9280347,0.5421964,2.8568468,-0.10998358,-0.0057049543,0.58838224,6.1571655,-1.6566111,-1.2880318,-2.3036244,-4.0136795,-1.1905484,-1.83658,2.4838896,1.801396,1.4084989,0.3150531,1.5748701,-0.90896547,-1.258119
LC-1F,-0.04732453,-0.8448832,0.59768796,0.37677157,-0.11304561,-0.0057255514,0.23195747,0.05827654,0.35956785,0.22284211,0.36717272,-0.25027975,-0.2864044,0.2582642,0.5769014,0.25324696,0.05936284,-0.32034907,0.50867695,0.088512674,0.21142527,0.28209388,0.03160947,0.37260863,-0.13283713,0.5020932
NCI-H292,-1.9166988,-0.2610713,-1.3027502,1.2034647,-0.21612379,-1.3234855,-0.7205931,1.61827,-1.5187869,1.7913427,-1.3520672,-0.99109864,-0.5533265,0.47637492,-0.3564731,0.9838812,1.7220116,1.0049856,0.062008202,0.47431177,-0.20943445,-0.109387554,-0.9176463,-0.644874,1.1637564,0.7541198
KYSE-70,-0.27317286,-0.8857496,0.47951135,0.7054744,-0.09072267,-0.6022618,0.0873331,0.5910929,-0.28822643,0.70143497,0.019663751,-0.18135844,-0.5229537,0.52853256,0.44407588,0.15173951,0.24249059,-0.08712566,0.34884295,0.27210304,0.1943985,-0.17348155,-0.15753329,-0.2080458,0.3214413,0.07138288
JK-1,1.9825026,1.9180135,-0.07481055,-2.5974095,-0.7918236,0.3904493,0.48987478,0.11751735,2.1333597,-0.4014179,0.31040046,0.90235674,4.624588,-1.6704094,-0.61650056,-3.0556793,-1.6555816,0.33579808,-2.2259383,0.55444026,2.0336983,0.14484346,0.20746814,0.37943557,-0.7177112,-0.7905406
Ci-1,3.7136333,3.743628,1.0512757,-5.0585103,2.00428,2.4724507,1.3942521,0.5367011,1.7929294,-0.90271676,-0.3763015,2.6943252,5.443104,-1.5534277,-2.5597413,-2.983853,-3.595235,-1.3463544,-1.7715809,4.2422705,1.4767818,2.3223228,-0.49624065,1.074362,0.5539241,-1.0862641
NCI-H1568,-0.6633598,-0.033684425,-0.27193812,0.8556385,-0.21398313,-0.5069969,-0.19132285,0.574541,-0.4525512,0.821442,-0.6909708,-0.73405045,-0.22851637,0.42600277,-0.31398538,0.54345924,0.8862467,0.69829696,-0.33202785,-0.014586311,-0.11522335,0.21088819,-0.48765033,-0.019637115,0.20916586,0.7763742
SNU-349,-2.4399524,-0.5282756,-1.985829,0.8120254,-0.6374737,-2.1936965,-1.3225816,2.3080661,-1.5613229,3.0238457,-0.8175739,-1.7641785,-1.5225824,0.65349376,0.194092,0.7894755,1.774092,-0.1311392,-0.43706316,-0.66975975,0.37467805,-1.419518,-1.6586187,-1.2384864,1.4676627,-0.6628487
HCC95,-0.26167503,-0.71698964,0.1326652,0.6843379,-0.0760445,-0.4850484,0.050200656,0.2767637,-0.32326406,0.6897585,-0.27635026,-0.31468594,-0.26677668,0.45148093,0.47166133,0.38056692,0.36024216,0.057384893,0.38126442,-0.20446016,0.10850531,-0.11802827,-0.082978345,-0.24753205,0.2520339,0.36601627
SLR24,-2.0790858,-0.4975717,-1.2533787,0.573144,-0.84009147,-1.171595,-0.46449906,1.5341508,-0.8366319,2.080562,-0.19115186,-1.2397617,-1.098275,0.5876728,0.6030822,0.8798792,1.071039,0.14928742,-0.04133883,-0.5295775,0.34620178,-1.1569401,-1.1507949,-0.29330716,0.59140754,-0.23300725
SNU-81,-2.1175416,-2.7369719,1.178869,3.3140726,1.1344174,-0.37557682,0.5099372,-1.2317289,-0.8561734,0.66195,-0.29124373,1.0473247,-1.7086015,0.34282783,1.3328675,-0.7850808,1.2875473,3.1752725,0.9273505,-0.58478403,-2.037224,0.23184414,-1.073562,-1.8225962,-0.056349024,1.8460875
647V,-1.0553379,-0.082860366,-0.50830233,0.80350363,-0.08273359,-0.26123512,-0.0754799,0.6600413,-0.74438107,1.0111102,-1.031629,-0.49946022,-0.36402136,0.39106506,-0.25440338,0.8951456,0.98744893,0.9659225,-0.04743909,0.1869634,-0.39383125,-0.10911871,-0.7204205,0.07118194,0.5895376,0.5706012
GOS-3,-0.68071175,0.1259612,-0.40636665,0.55728996,-0.024626657,-0.9869981,-0.49628693,0.9352022,-0.43806314,1.5093403,0.23271525,-1.2726023,-1.0270598,0.43302843,0.38923943,-0.21807027,0.42589197,-0.9744665,-0.10394463,-0.32885653,0.42983258,-0.9789702,-0.562569,-0.8245083,0.9930278,-0.81929123
NCI-H1838,-0.7472948,0.06353253,-0.14487436,0.6256515,0.18022239,-0.17353423,-0.17564219,0.24289422,-0.5397239,0.24494074,-0.85748136,-0.39621347,-0.4729815,0.15145531,0.11056548,0.47864136,0.8778423,0.84124506,0.07698171,0.21329445,-0.31314504,0.011014432,-0.69217706,0.10078266,0.2745567,0.40497887
JHUEM-3,-1.8601311,-0.35239428,-1.2440342,1.2388203,-0.46631393,-1.1973773,-0.6209984,1.2446494,-1.10295,1.3166246,-0.8210528,-0.94378865,-0.78781474,0.53191185,0.24256147,0.9993919,1.2174891,0.43619335,0.12864071,-0.09565839,-0.11004305,-0.86585814,-1.002066,-0.7507697,1.0464141,0.08148521
SK-ES-1,1.3874959,0.4198003,0.62729263,-1.3612735,-0.41813737,1.0245023,1.0892711,-0.39888984,2.363065,-0.36798158,2.0814795,-1.0529603,1.0206978,0.28854212,-0.01438741,-1.2230711,-1.7106321,-3.1687677,1.3493503,1.0931542,-0.5069297,0.3681373,1.2126681,1.1823702,0.56175697,0.06598842
UACC-893,-1.4614791,-0.99705386,-0.008145586,1.7547773,-0.27839142,-0.36100394,0.39964536,0.2191482,-0.41257095,0.8930422,-0.35951877,-0.6690905,-0.6397671,0.36294207,0.29793113,0.5666286,0.87019557,1.6180071,-0.6489422,-0.7285194,-0.5629585,0.15402968,-0.6354839,0.05561828,-0.49401164,1.1327492
KYSE-520,-1.0639298,-0.059822947,-0.7140899,0.5070913,0.17295003,-0.91046774,-0.50382537,1.3135357,-0.71132004,1.0341424,-0.73440504,-0.56413406,-0.5664591,0.56237066,-0.15723114,0.26744694,1.0038362,0.18597494,0.2761595,0.2724376,0.3536284,-0.3686149,-0.53389776,-0.44641224,0.8875058,0.34191245
LN-340,-1.1849465,0.19941843,-0.7804901,0.6601164,0.23123652,-1.0410652,-0.41605237,0.75497806,-0.66828674,1.4967506,0.080189586,-1.1648021,-0.7081616,0.3416379,0.636783,-0.34967247,0.49408364,-0.8816282,-0.02692616,-0.6169488,0.41861817,-1.335393,-0.7123366,-1.108377,1.0665722,-0.8540139
MDA-MB-157,-0.093055636,0.39798647,-0.21639125,0.39924487,0.33460754,-0.35871807,-0.2685345,0.4443583,-0.5276952,0.60983706,0.43605733,-0.8017328,-0.36033815,0.36824134,0.069090046,-0.09988128,0.22171493,-0.6705399,-0.13656062,0.023420125,0.20898315,-0.67862964,-0.35409924,-0.7001376,0.6672664,-0.5054056
OVK18,0.076704234,-0.22661616,0.44551203,0.13261475,-0.6953585,0.014596299,0.4794007,-0.29577404,1.3868512,0.4257153,1.0366321,-0.34205502,-0.27580273,0.124145485,0.565579,-0.5743721,-0.4327411,-1.1446102,0.22683838,0.17837457,-0.096391,-0.09355071,0.2647444,0.62867653,0.2040909,-0.22301616
HT115,-1.9887265,-2.5562718,1.4701256,3.0357852,1.2610143,0.21357027,0.74734676,-1.5623615,-0.66957635,0.23085707,-0.20911227,1.195038,-1.6491394,-0.021815531,1.287477,-1.041532,1.3385217,3.5076714,0.5010831,-0.30691552,-1.8921732,0.31810352,-1.0996536,-1.6426046,-0.47220019,1.824314
A-172,-1.1490377,0.825131,-0.96357477,0.33470786,0.22504649,-0.8375814,-0.55204904,1.1286067,-0.83198863,1.2626982,0.077337205,-1.0246906,-0.76548386,0.52284384,0.0826017,-0.22027573,0.5601764,-0.9313856,-0.3218665,-0.24399656,0.35914683,-1.0995276,-0.76848984,-1.0277888,1.1931922,-0.59049743
MOG-G-UVW,-0.76815885,0.6123349,-0.3612824,0.2426974,0.6577804,-0.33239222,-0.3657813,0.44480374,-0.5303168,0.6547984,0.06345655,-0.6623483,-0.47884524,0.16513297,0.16418734,-0.25643057,0.3558151,-0.7818759,-0.37228087,0.018392682,0.24155314,-0.6539842,-0.553487,-0.832128,0.97450554,-0.63176775
KMS-18,3.3689418,3.1764202,0.6097213,-4.2712164,1.090668,2.097681,0.84425455,-0.1691592,1.3468767,-0.94228995,-0.6848329,2.3976266,5.084037,-1.7727121,-1.9700081,-2.7021978,-3.2570667,-0.54417807,-2.1684391,3.5832677,1.4270451,1.4424964,-0.7010135,0.5254583,0.27298102,-1.0858266
HT,3.2039087,3.088899,0.95804423,-4.4987936,1.6654752,2.4078054,1.670907,0.35275173,1.8260939,-0.7553321,-0.30315572,2.2701364,4.691504,-1.3779777,-1.9613689,-2.917762,-3.378562,-1.4550291,-1.0525359,3.485462,1.2873516,2.0820572,0.26300597,1.0984538,0.5631256,-1.0227382
MOLT-13,3.2871902,2.7774673,0.781216,-4.2458606,0.5260424,2.1056154,0.6484577,0.117158204,2.6075482,-0.34425592,0.6944124,1.3246707,5.7058735,-1.8009317,-1.1666965,-3.755722,-3.438321,-1.2047131,-1.4470356,2.9653625,1.5129949,0.99018323,0.49535015,1.3248997,-0.4799014,-1.3692783
NCI-H1355,-0.75538546,0.20522676,-0.09409286,0.27407733,0.013041004,-0.3207357,-0.074702404,0.6342755,-0.11958216,0.45929998,-0.27989587,-0.7355294,-0.43028718,0.10826458,-0.021317858,0.13818723,0.7493521,0.16070437,0.110730566,0.12246783,0.20677097,-0.39448446,-0.5590465,0.03050913,0.28229204,0.06843641
NCI-H2122,-1.1125029,-0.70036256,0.07721054,1.7011604,0.5519877,-0.41375512,0.10956726,0.0690711,-0.8371017,0.53021365,-0.46747714,0.038525447,-0.57842755,0.22931027,-0.06307555,-0.17627901,0.9714309,1.6095387,0.27133584,0.52095276,-0.5281091,0.280999,-0.52851063,-0.9772004,0.38969886,1.1434487
IM95,-1.5401325,-2.4766831,1.565082,2.891567,1.6375945,0.23340338,0.69553715,-1.5181798,-0.7433909,0.205553,-0.056939274,1.2831774,-1.494973,-0.0092927255,1.2320096,-1.0069048,0.9456322,3.3498292,0.39943123,-0.25933164,-1.8689979,0.26616603,-1.098678,-1.6630597,-0.3994444,2.0110028
NU-DUL-1,3.7987866,3.1781273,0.682808,-5.0041533,1.4268761,2.6392667,1.3651588,0.34233105,2.546153,-0.9418064,-0.08018032,2.2889624,5.8401594,-1.6199741,-2.330811,-3.0629447,-3.9601946,-1.1865327,-1.436713,3.9885678,1.6816624,1.7741944,-0.16006705,1.1609906,0.37582135,-1.1229788
NUGC-3,-0.77400196,-0.036000773,0.1593965,0.74006087,0.33888054,-0.1600192,-0.051331487,0.3969869,-0.47966778,0.2733284,-0.53640825,-0.38709486,-0.21657734,-0.110642,-0.12790379,0.65868956,0.86131644,0.87674344,-0.07481673,0.4419421,-0.10026102,0.39629006,-0.45650026,-0.27064416,0.083633795,0.828413
T-47D,-0.46644223,-0.6124809,0.026401635,1.1039578,-0.4419505,-0.18063772,0.47929046,-0.06499323,0.2244789,0.62668073,0.057354007,-0.7467265,-0.2820499,0.02079747,0.40077055,0.09010728,-0.32253292,0.4086821,-0.12754989,-0.19841063,-0.18072242,0.26186645,-0.19109008,0.12947291,-0.1505256,0.80043685
KMRC-20,-1.3698926,-0.2873665,-0.50740737,0.4295441,-0.29958713,-0.9704253,-0.2981842,0.87788653,-0.599512,1.0527264,-0.10319899,-0.67557794,-0.7775287,0.3891716,0.48339337,0.41284692,0.8867943,-0.0012777001,-0.23319137,-0.1896264,0.403752,-0.8311668,-0.83505,-0.56022406,0.44228905,-0.37196147
CADO-ES1,0.9816503,-0.6341844,0.7757608,-0.8210196,-0.7492658,0.9999708,1.0969746,-0.37542927,2.9219549,0.35507497,3.0045397,-2.200985,0.13630089,0.82118356,0.78749067,-0.50280166,-2.216187,-3.8192153,1.6426294,0.678905,-0.36333436,0.5011569,1.0997243,1.4483955,0.33897957,-0.16137587
CAL-120,-0.7971998,0.40402117,-0.47920716,0.051290825,0.14399907,-0.18159527,-0.1982198,0.76288414,-0.21037047,0.51050043,-0.1856634,-0.60511214,-0.4299896,0.15820101,-0.1067684,0.4075884,0.43498442,-0.2903873,-0.11564245,0.06622459,0.09909877,-0.6026793,-0.48966673,-0.26516712,0.63680863,-0.10589707
SH-SY5Y,1.5431917,-0.7605523,1.6400357,-1.6873802,-0.73888886,1.9360597,1.2919934,-0.46068883,4.3815446,-0.44280505,4.225172,-2.9118774,-0.14478654,0.58573955,1.2617319,-0.58696115,-3.0433424,-5.5370893,2.0557668,1.1396389,-0.30534825,0.83816427,1.7619413,1.9334893,0.46381906,0.20932168
RERF-LC-Ad1,-1.1462746,0.06565815,-0.45291802,1.1070373,0.26099223,-0.3467517,0.02564689,0.48224443,-0.469296,0.12627411,-0.8328617,-0.22912985,-0.4136604,0.015054971,-0.16142201,0.5188196,1.0339508,0.9899781,0.016418085,0.3200629,-0.37607372,-0.032067783,-0.8332602,-0.40476847,0.63424754,0.37240648
RT112/84,-0.673383,-0.3627263,-0.09919925,0.9127919,0.2142687,-0.11051682,-0.14526984,0.31307596,-0.70339936,0.70852196,-0.7550579,-0.15495789,0.1507857,0.5539289,-0.11038693,0.32487342,0.25107393,0.51599145,0.57321614,0.66280824,-0.56537354,0.49052715,-0.014430117,-0.52528787,0.51472783,0.6621375
YH-13,-1.607502,0.53445977,-1.5840148,0.8420576,0.7029875,-1.687719,-1.2556278,1.5459741,-1.7519684,1.9578695,-0.43056765,-1.6551988,-0.96152014,0.52844095,-0.18942247,0.07223696,1.2964258,-0.9031205,-0.39479387,-0.04125102,0.20284949,-1.156961,-1.3297735,-1.4703486,1.9018289,-0.615962
NCI-H1836,0.79377097,-2.292733,1.2817109,-0.9985772,-1.5683937,2.789461,2.4112768,-1.0156319,4.5872235,0.72256184,4.0251923,-2.9535537,0.09793785,0.44886413,2.3583267,0.8982374,-3.3297925,-5.4465513,2.758743,-0.34319988,-0.0217354,1.3077073,1.6764725,3.3741624,-0.9397943,0.023194954
SW780,-0.80495876,-0.19225682,0.030160889,0.921579,0.4219772,-0.13131312,-0.12089232,0.6347419,-0.77367777,0.6257822,-0.7763072,-0.048382387,-0.057806358,0.5120723,-0.053033814,0.61434263,0.47049573,0.4874466,0.4121172,0.72102565,-0.5133227,0.53484225,-0.16474281,-0.42423418,0.5207504,1.0172942
KM-H2,2.4111435,2.2112947,0.6152431,-3.0299053,0.9702427,1.8830408,0.39076254,-0.23114806,0.97934526,-0.23309274,-0.031114215,1.3965306,3.418758,-1.2682755,-1.805016,-1.689428,-2.4333699,-0.49050653,-1.2737037,2.6441545,0.8579445,0.87063915,-0.6488818,0.81680626,0.015091881,-0.7261262
LN-319,-0.6063816,-0.5274374,-0.066246524,0.0939758,-0.6413441,-0.09738264,0.04615055,0.2568449,1.2279541,1.0611763,1.2326775,-1.7929317,-1.1613282,0.6799929,1.28805,0.082493335,-0.6173705,-1.606708,0.6847719,-0.6516418,-0.0051799435,-0.8366308,0.10130895,0.24111018,0.31442803,-0.2059454
OVCAR-4,-1.1494225,0.18300581,-0.75131273,0.91829526,-0.3691885,-0.7618004,-0.059177645,0.86719066,-0.4010594,0.9107479,-0.8202604,-0.5766537,-0.6946633,0.5432782,0.067344934,0.67528856,0.6370097,0.42803693,0.09115403,0.1259237,-0.32317883,-0.23570968,-0.3141594,-0.34363687,0.7964487,0.5719868
CAL-148,-0.84394234,-1.8302169,0.8269799,0.8104352,-0.8628565,0.8652493,1.3671944,-0.8234697,1.2995827,0.80980164,1.2809939,-1.3133892,-0.7526895,-0.07001674,1.6410866,0.43025827,-1.0146095,-0.26045007,0.5002713,-1.1918117,-0.5472574,0.08861753,0.099328935,1.4020536,-1.2756447,0.8099717
COR-L88,0.5372041,-2.6025684,1.3723416,-0.9677039,-1.7425017,2.713827,2.747679,-1.1984689,4.5653896,0.7091312,4.3356624,-3.324988,-0.17859927,0.6917181,3.050904,1.2930716,-3.652787,-5.5187116,2.7219107,-0.58086884,-0.27358407,1.2841971,1.802522,3.5852563,-0.96924305,0.10412671
HCC2157,-0.49484915,-0.9025161,0.30621284,0.5659967,-0.72785807,0.30339953,0.83163315,-0.2794267,0.85763174,0.22126184,0.51985306,-1.0062662,-0.7383066,0.18164942,0.99983907,0.43534994,-0.1321811,-0.1772928,0.15158613,-0.2866964,0.10441198,0.3742605,0.2031503,0.65887725,-0.6735281,0.63135016
OPM-2,1.8271345,2.1191688,0.84075093,-2.359005,0.47625256,1.1946789,1.0598254,-0.17950696,1.0427295,-0.46453804,-0.19025028,1.5428249,3.0831203,-0.6879661,-1.5545596,-2.0504036,-2.0693438,-0.9846641,-0.97842634,2.3835378,0.8995412,1.1378188,0.06222886,0.3726616,0.38519382,-0.65087134
Caki-1,-1.5746716,-0.09481838,-1.0357256,0.50622874,-0.17355983,-1.0778695,-0.7154063,1.3531132,-0.85518503,1.3706316,-0.40818673,-0.8736634,-0.80331624,0.28578025,0.3309295,0.32947758,0.9520689,-0.32773235,-0.20728162,-0.3221801,0.3817352,-0.931804,-1.002496,-0.6389637,0.9863986,-0.5025624
NCI-H1373,-0.9430783,0.38313776,-0.4823628,0.51676273,0.37802884,-0.15725538,-0.08757362,0.30280668,-0.45512286,0.08681081,-0.7831631,-0.2877303,-0.29234815,-0.17418095,-0.11394389,0.3559634,0.58903223,0.40766233,0.044412047,0.38890487,-0.23442946,-0.00912717,-0.5820863,-0.20435406,0.54069674,0.020303339
WM983B,-0.37432164,0.44391972,-0.07957584,-0.104067154,0.024157234,0.32157245,0.32899103,0.19086654,0.379394,0.23894382,0.06559955,-0.35244876,-0.23975462,0.23999587,0.22617275,-0.3963076,-0.38486308,-0.2627942,-0.043478727,-0.4260213,-0.3119754,-0.698766,-0.23570803,-0.3085284,0.16921642,-0.034544818
A-204,-0.05484698,0.31373653,0.3989933,0.38698006,0.13042021,-0.062803484,-0.16125354,-0.3612212,0.2256429,0.5939529,0.7612915,-0.5476129,-0.50517243,-0.055683948,0.029750917,-0.34198055,-0.08549356,-0.94547504,0.21535884,-0.18338516,0.2036989,-0.4139087,-0.19339582,0.058421705,0.38047856,-0.6288715
SW948,-1.6750216,-2.6368935,1.6464723,2.9788125,1.3484094,0.07574241,0.6538429,-2.0126958,-0.29095885,0.284472,0.11648928,1.2052078,-1.6693096,-0.2581515,1.478433,-1.2233791,0.8691015,2.756659,0.9302026,-0.31156883,-1.967408,0.43768594,-0.88938713,-1.556596,-0.33776283,1.9448705
TT2609-C02,-0.7702323,0.49946177,-0.28391093,0.13717073,0.16556752,-0.122126214,-0.19841433,0.5187607,-0.1945194,0.41347802,-0.03179072,-0.5894619,-0.4739711,0.10041632,0.068332754,0.012186136,0.40952626,-0.4998227,-0.16457146,-0.035589926,0.24140245,-0.54228395,-0.33928287,-0.2395903,0.43578106,-0.40347314
SF126,-1.2021189,0.8638772,-0.8738819,0.5268674,0.546582,-0.7650907,-0.6142094,1.013094,-0.98533577,1.1034687,-0.37564522,-1.0176584,-0.6646278,0.19957088,-0.13568789,0.030792836,0.5492465,-0.9370932,-0.24469294,-0.15499024,0.30690038,-1.0424104,-0.74497575,-1.027984,1.3708842,-0.6122372
BCP-1,1.9856057,1.9831352,0.9172819,-2.4153993,0.92025715,0.9940536,0.74732924,-0.120774254,1.1450913,-0.54441184,0.103034444,1.8803959,3.208937,-0.8345865,-1.4598818,-1.8837435,-2.112359,-0.7073059,-0.53886724,2.395303,0.5820757,0.8700291,-0.16975324,0.29531917,0.37774688,-0.5037831
NCI-H196,-1.0437982,0.35229152,-0.76789653,0.74848104,0.57186484,-1.1469924,-0.7674037,1.0478722,-1.3156033,1.6332885,-0.049876824,-1.2461599,-0.8629492,0.78577423,-0.031732284,-0.15026113,0.7947453,-0.7506803,-0.17695576,-0.21673493,0.3249541,-1.3296664,-0.8662342,-1.2003927,1.4819992,-0.65127856
NCI-H1184,1.3401144,-0.774045,1.423682,-1.8334314,-0.7562731,1.9979929,1.6613529,-0.4268148,4.34405,-0.20738979,4.4218836,-2.7857234,0.5011338,0.77401316,1.1272745,-0.34137604,-3.1136966,-5.9587135,2.6707103,1.2245991,-0.1167475,1.2755811,2.3085418,2.5131128,0.4791726,0.17196646
Calu-3,-0.994941,-0.34202445,0.32815886,1.4833646,0.33612362,0.01758939,0.5876874,-0.07840958,-0.322406,-0.34253237,-0.28165466,0.15060318,-0.5132117,0.11890044,0.532027,0.49985242,0.69328225,1.4190793,0.27915448,0.38781056,-0.4708892,0.28644153,-0.5920072,-0.4539793,0.2697207,1.1210732
A-375,-0.17431058,0.65311545,-0.016895488,-0.0028064847,0.33427772,0.27430585,0.045501404,0.14188856,0.12517726,0.1614707,0.018485017,-0.23872411,-0.201581,0.12790976,0.096148446,-0.27754843,-0.074068576,-0.32771534,-0.02523593,-0.14995395,-0.24472906,-0.689898,-0.24858643,-0.109879866,0.093488246,-0.22755983
T98G,-1.0090821,0.6454372,-0.94515413,0.32089156,0.34305152,-0.97770697,-0.6391804,0.8871639,-0.8382954,1.3038691,-0.13922413,-0.9239721,-0.6070291,0.24708934,0.14453296,-0.04286099,0.75514627,-0.7542807,-0.14154634,-0.25387222,0.4837821,-0.81832635,-0.7122249,-0.90683824,0.9081731,-0.63068926
HCC1588,-2.4499774,-2.8915873,1.6100638,3.6285832,1.7540247,-0.26130462,0.6077683,-1.6058899,-1.1395516,0.3136856,-0.47030902,1.483754,-1.8973162,0.11316873,1.3638351,-1.2382255,1.6742225,4.108687,0.81855816,-0.26518628,-2.4524825,0.20272386,-1.3593519,-2.3092074,0.038607165,2.1232471
NALM-1,3.3424377,2.8791852,-0.6336631,-4.7483125,-0.39440596,2.074388,0.8771445,0.58861125,2.8609772,-0.30425107,0.100862056,0.71365726,6.295377,-1.8665009,-1.2293729,-2.5053408,-4.069927,-1.1914994,-2.005107,2.1573367,2.0179439,0.9810617,0.39775744,1.397708,-1.1151805,-1.0969455
IGR-39,-0.999164,0.5545811,-0.8332933,0.21932442,0.2860905,-0.3925842,-0.30864564,0.8752792,-0.51597726,0.9868566,-0.255627,-0.9053329,-0.21518631,0.19107226,0.07488504,-0.10925971,0.55117935,-0.63377357,-0.26084182,-0.19457641,0.14643821,-0.81261003,-0.5115376,-0.74698454,0.86232316,-0.47759533
KMBC-2,-1.1526766,-0.3840969,-0.38504827,1.2834475,0.56351966,-0.36546987,-0.12793085,0.7826558,-1.1880282,0.67636424,-0.9249121,-0.25188398,0.1146234,0.30020046,-0.2871843,0.21256432,0.53452086,1.0319196,0.5035981,0.7189832,-1.0608913,0.3334934,-0.42052233,-0.6856998,0.7492942,0.9772866
NB4,2.9897785,2.674518,0.47509223,-3.2247143,0.07305053,0.72364116,0.43383658,-0.6355084,2.1657226,-1.4058702,0.68061805,1.5619642,4.9351945,-1.909801,-1.1408833,-4.014813,-2.3603344,0.4416312,-1.7101828,1.3647606,1.7826073,0.7610959,0.22044535,0.89759195,-0.80993795,-1.0572317
OCI-Ly3,3.3364546,3.0118394,0.9211848,-4.2087474,1.382927,2.4149694,0.73807013,0.08578497,1.7703474,-1.0128129,-0.02842158,2.3910685,4.9101944,-1.4532776,-2.0698347,-2.3183537,-3.2979505,-0.9585657,-1.451825,3.4920971,1.4819238,1.8441397,-0.6882686,1.1913652,0.23898405,-0.7511975
L3.3,-0.79056287,-0.403539,-0.21668234,1.0314981,0.08295292,-0.7141969,-0.0072133224,0.76052785,-0.7074492,0.8575246,-0.5272096,-0.36633614,-0.052300677,0.57555723,-0.035214283,0.36536866,0.6627626,0.34557813,0.06522511,0.09523766,-0.2737608,-0.06881988,-0.223923,-0.35246304,0.37162632,0.5635636
MDA-PCa-2b,-0.6180289,-1.5996552,1.0339475,1.1877159,-0.3016661,0.61722547,1.3704475,-0.7056414,0.77585644,0.7667428,0.46692795,-0.42393553,-0.97245884,-0.06892576,1.2918345,0.28216556,0.032797635,0.48283118,0.45342508,-0.31631815,-0.28169495,0.50600636,-0.16542242,0.24125461,-0.79144925,1.2128556
TE-1,-1.3412669,0.12636374,-0.53800035,0.7296734,-0.008301437,-0.34242976,-0.37239906,0.5218723,-0.3602361,0.6178995,-0.8828482,-0.65817636,-0.057253867,0.16649398,-0.22471398,0.27015328,0.38477778,0.5396166,-0.015184775,0.19190024,-0.21728908,-0.22598591,-0.5360639,-0.30872425,0.5410081,0.12809345
NCI-H2286,-0.4744157,0.4751434,-0.09396826,-0.10280036,-0.1957173,-0.20991516,-0.20842965,0.29565385,0.12096216,0.2496667,0.13684602,-0.7456952,-0.6678043,0.121497266,0.08916691,-0.12240285,0.4713877,-0.26349828,-0.07850304,-0.08942139,0.23255607,-0.35387343,-0.45317033,-0.028211204,0.4279943,-0.071370594
SNU-324,-0.7630717,-0.13841432,0.26410013,1.0768223,0.2818493,-0.09074046,0.22804825,0.14282583,-0.49593836,0.16600414,-0.552063,-0.02613391,-0.3769877,-0.09406941,-0.035054974,0.37490758,1.2549231,1.5361233,-0.4119412,0.36330205,-0.07197219,-0.017221816,-0.90267164,-0.14339428,0.045519512,0.6923867
BC-3C,-0.9786658,-0.11709055,-0.45812035,0.5802784,0.117416315,-0.7833696,-0.28347713,0.95154274,-0.679686,1.1700867,-0.60035545,-0.33593988,-0.5354202,0.2924751,-0.053220265,0.27172077,0.9722218,0.07834206,0.17289418,0.07647523,0.26867774,-0.50823826,-0.30199927,-0.6196843,0.7743451,0.07411392
NCI-H1573,-0.71788883,-0.7062818,0.22861485,1.3706816,0.04196176,-0.18059465,0.46280834,0.29981703,-0.20107321,0.27690262,-0.18334287,-0.26816836,-0.31540266,0.08783498,0.3236981,0.08835739,0.8306322,0.9075274,0.14879793,0.117190644,-0.41905814,0.43079138,-0.48421156,-0.32564712,0.04251544,1.0767307
HCC2814,-1.141397,-1.1893883,-0.10099671,0.95654374,-0.15441848,-0.9502268,-0.04190614,0.55871236,-0.82167506,1.4677206,-0.554235,-0.9516687,-0.6852245,0.5968108,0.5350548,0.56151366,0.7508441,0.6881007,0.33269405,-0.69522786,-0.05661925,-0.33036608,-0.33771813,-0.2510229,0.30772492,0.4423855
SW1990,-0.55455726,0.28341955,-0.15125835,0.3430119,0.46783185,-0.02030193,-0.112371944,0.47436664,-0.35953677,0.11231485,-0.31652638,-0.29329953,-0.19005617,-0.00793023,-0.391257,0.20846988,0.31317508,-0.20875187,0.0021841228,0.55314094,-0.19662753,-0.054609656,-0.27196202,-0.22867474,0.56031847,-0.0132151395
SLR26,-2.1761746,-0.4075109,-1.3785338,0.6245455,-0.89724433,-1.1916678,-0.63579166,1.544327,-0.8713494,2.2267072,-0.4082384,-1.2319665,-1.259352,0.5870331,0.8605002,0.53848505,1.0849922,-0.052465096,-0.118239924,-0.5888009,0.64628714,-1.2523972,-1.1460747,-0.64782476,0.7140772,-0.4860811
SNU-398,0.41723055,0.34965572,0.46639132,-0.4557202,-0.47639024,0.41278434,0.1391079,-0.182184,1.7476585,-0.057984382,1.5781094,-0.91591334,-0.041542336,0.04689441,0.4901233,-0.45609918,-0.62808883,-1.9379537,0.56581104,0.56051296,-0.22701299,0.12817287,0.4242014,0.8560735,0.20678285,0.074464455
MPP 89,-0.87254566,0.68269455,-0.74490285,0.37931997,0.23275597,-0.61099625,-0.50567937,0.76065683,-0.78089106,0.9702022,-0.37582308,-0.791413,-0.37091932,0.2973409,-0.08101604,0.12763023,0.31135905,-0.5310908,-0.36400515,-0.27284917,-0.0033322638,-0.70691264,-0.48609167,-0.7745871,0.98478544,-0.41783312
SW403,-1.6391016,-2.8660083,1.7835916,2.7602596,1.4206741,0.515905,1.1239028,-1.8189466,-0.13616408,0.10567267,0.43148363,1.4419411,-1.6358064,-0.34018087,1.7578888,-1.1117072,0.8854853,2.7826974,1.0978422,-0.32443523,-2.040725,0.6985009,-0.82900584,-1.4818418,-0.6181661,2.0751119
MDA-MB-175-VII,-1.1188862,-0.6880919,0.15675218,1.9161878,-0.04138805,-0.33648032,0.4123165,0.42883724,-0.5603831,0.634729,-0.39404774,-0.5162335,-0.7832528,0.12176752,0.21384788,0.4265725,0.6272677,1.1227143,-0.08460304,-0.2106836,-0.7761033,0.35282302,-0.43831998,-0.42939898,-0.08582705,1.0846949
NCI-H841,0.27441233,0.052331693,0.50153357,-0.057492368,-0.48759195,0.09551688,0.088110834,-0.17655401,1.388143,0.25910768,1.3062205,-0.765611,-0.39449075,0.3316462,0.5775333,-0.19089091,-0.31542012,-1.4418004,0.18758929,0.3337704,-0.3530461,-0.34036428,0.23237687,0.45107198,0.36911008,0.13313746
NCI-H1944,-0.71572554,-0.3647104,0.057428963,0.923071,0.17632721,-0.52934706,-0.029790225,-0.016656235,-0.25368172,0.40828434,0.19113746,0.028833851,-0.37706843,0.1363538,0.3456236,0.08103591,0.40865505,0.44037724,0.19938627,0.19190228,-0.071184404,-0.13594203,-0.62668836,-0.22624418,0.076045364,0.235668
KPL-1,-0.7788909,-0.7739523,0.16635224,1.0496716,-0.6406959,-0.18209869,0.72427297,0.0694734,0.44651246,0.4854974,0.11911079,-0.88373756,-0.50341344,0.03601026,0.5457806,0.4477265,0.20709394,0.8382229,-0.41452152,-0.7541682,-0.2778327,0.37655917,-0.59918797,0.52513134,-0.7179512,1.1009555
MFE-296,-0.011203989,0.14443511,0.45705852,0.10628483,-0.033203542,0.07644224,0.25120977,-0.3576267,0.82878804,0.21697482,0.6228626,-0.52229905,-0.5539927,-0.11412232,0.64314115,-0.3147,-0.058633134,-0.531999,0.12247389,-0.022572346,0.0078094825,-0.30694795,-0.060469575,0.11479275,0.32040495,-0.28712058
NCI-H82,1.0768745,-0.5032171,1.0936038,-1.7875822,-1.1066006,2.1090918,1.6513047,-0.6795563,4.1221843,-0.32653075,3.72263,-2.4430792,0.5772747,0.5666115,1.4612969,-0.5118371,-3.157249,-5.0862007,2.4279282,0.8412208,-0.03395894,1.0496536,1.9833341,2.4560258,-0.038161978,0.27497235
LN-443,-1.0968438,0.4812777,-1.1333847,0.5572176,0.10905002,-1.1116903,-0.3526095,1.1206433,-1.0810733,1.5171002,0.11181149,-1.4783696,-0.7502781,0.58683616,0.16668332,-0.18867598,0.8956195,-1.0127667,0.088018805,-0.2832687,0.3297596,-1.3221078,-0.876467,-1.0268298,1.114035,-0.4924085
COLO 201,-1.4530733,-1.1270369,0.5273484,1.6863918,0.661164,0.13230093,0.425178,-0.5736407,0.14452295,-0.22998267,0.123442955,0.43864277,-0.6272281,-0.5338837,0.9168603,-0.3132409,0.69401205,2.1138544,0.20740166,-0.09353599,-1.1523349,0.53744066,-0.6564048,-0.78362745,-0.4727161,0.9298738
RPMI-8226,1.8471423,2.028766,0.5005962,-2.8469748,0.35601902,1.2314284,1.0669993,0.12917852,1.1398401,-0.71581674,-0.49410662,1.2742541,3.398175,-1.0892892,-1.5603466,-1.8309786,-2.0265775,-0.25120777,-1.235618,1.6811748,1.2777013,1.3449998,-0.06358945,0.36129013,-0.08019927,-0.8140254
KCL-22,2.0132413,2.0931377,-0.109555304,-2.4014988,-0.12025635,0.1414032,0.25002515,-0.09681761,1.5448422,-0.14205176,0.5482278,0.8069391,3.7329721,-1.493576,-0.83809465,-2.9289658,-1.6171609,0.07586199,-1.3457694,0.91681015,1.4638965,0.19601741,-0.013428528,0.2731897,-0.65046,-0.97286993
SNU-1077,-1.458427,-0.31754887,-0.88141686,1.0658253,-0.32592356,-1.1685759,-0.6852573,0.8754518,-0.78585404,1.4420749,-0.84682024,-0.62722826,-0.7841617,0.8344737,-0.10323589,1.0488825,0.94791454,0.15971391,-0.08465159,0.15405583,-0.12895903,-0.69057655,-0.6869858,-0.44848785,1.3338577,0.258701
Caov-3,-1.0439756,-0.11827774,-0.7138086,0.8910117,-0.04736431,-0.6925154,-0.26594406,0.78023064,-0.42583582,1.0279307,-0.68796027,-0.5605177,-0.5045047,0.41370898,0.059116922,0.59955555,0.70890313,0.1941452,0.16235878,0.14212276,-0.17661454,-0.015332703,-0.79634076,-0.24762481,0.5176393,0.44096676
FTC-238,-0.51310784,0.40392682,-0.050720416,0.12288718,0.12211742,-0.011346869,-0.026362015,0.17296907,0.0042941067,0.3716219,-0.085391134,-0.5156506,-0.29156238,0.30016172,0.19420946,-0.06898853,-0.06680113,-0.720034,0.11384111,-0.3214946,-0.029239602,-0.5744153,0.038109194,-0.3887456,0.67810416,-0.46399283
VMRC-RCZ,-1.4410603,-0.15953511,-0.7556983,0.32821304,-0.5006239,-0.7081531,-0.3629116,1.2800798,-0.79875135,1.2585397,-0.15034854,-0.66028476,-1.0367028,0.3845633,0.49747765,0.5092678,1.1508839,-0.070841774,-0.2966838,-0.34877273,0.45139,-1.0793039,-0.93462104,-0.36408743,0.6279396,-0.16964957
SALE,-2.0323381,-1.062507,-1.4785911,1.5413803,-0.2744965,-1.6760149,-0.8163582,1.0895579,-1.808506,2.4833288,-1.5533229,-0.5734414,-0.61027455,0.97169757,-0.2915996,0.46597046,1.380006,1.0102309,0.4362194,-0.1960452,-0.7167582,-0.6274406,-0.9040618,-1.0228999,1.5689325,0.4466048
Hep-G2,-1.2947559,-1.1695094,-0.13978669,0.8917498,-0.12606592,1.0010157,0.70300865,-0.68861383,1.0214758,0.3039312,1.2179569,0.084272146,-0.4390908,-0.69187367,1.724335,-0.4275902,-0.11359511,0.15098384,0.8622061,0.10719979,0.060913503,0.10130544,-0.6595214,0.4568528,0.042046025,-0.10920998
SKM-1,2.6219244,2.4257033,-0.0268738,-2.9133255,-0.6025485,0.28874192,0.3938783,-0.1451709,1.9451263,-1.3587476,0.49843144,1.0347769,4.61675,-1.9893937,-0.8381773,-3.520289,-1.771486,0.38000238,-1.9199657,0.8954649,1.8532925,0.5622654,0.120453835,0.80878925,-1.0738317,-0.8221753
C32 [Human melanoma],-0.41013354,0.6977584,-0.3154123,-0.20239952,0.30572814,0.16613358,0.27748704,0.40398526,0.33758554,0.3433353,-0.33154252,-0.63417774,-0.3884742,0.4193172,0.27387887,-0.3019719,-0.2114621,-0.28087375,0.08472536,-0.28471047,-0.23075336,-0.5928945,-0.25572503,-0.4280258,0.17880979,-0.062192753
NCI-H1651,-0.621584,-0.37013203,-0.24689734,0.5214112,0.31072977,-0.72939384,-0.38858515,0.23374182,-0.3319257,0.51777244,-0.038265765,-0.32915735,-0.4158793,-0.045500614,0.09661198,-0.12870309,0.45513347,0.20844287,-0.24442904,-0.17970283,-0.16837987,-0.22793798,-0.39285713,-0.49110365,0.4694762,-0.25716057
