target_variable,target_class,target_class_label,layer,name,importance,explainer
Erlotinib,0,,all,MSH6,0.002276264,IntegratedGradients
Erlotinib,0,,all,KRAS,0.00477608,IntegratedGradients
Erlotinib,0,,all,APC,0.0031042316,IntegratedGradients
Erlotinib,0,,all,SMARCA4,0.0020794687,IntegratedGradients
Erlotinib,0,,all,NF1,0.0049460297,IntegratedGradients
Erlotinib,0,,all,PTEN,0.0033694773,IntegratedGradients
Erlotinib,0,,all,NF2,0.0032650097,IntegratedGradients
Erlotinib,0,,all,TP53,0.0010538239,IntegratedGradients
Erlotinib,0,,all,BRAF,0.0035048556,IntegratedGradients
Erlotinib,0,,all,CDKN2A,0.0012036636,IntegratedGradients
Erlotinib,0,,all,PIK3CA,0.00019513004,IntegratedGradients
Erlotinib,0,,all,STK11,0.0005930492,IntegratedGradients
Erlotinib,0,,all,MAP2K4,0.0016739483,IntegratedGradients
Erlotinib,0,,all,PIK3R1,0.0007843106,IntegratedGradients
Erlotinib,0,,all,CTNNB1,0.0015965356,IntegratedGradients
Erlotinib,0,,all,CDH1,0.00088166393,IntegratedGradients
Erlotinib,0,,all,FBXW7,0.0018975196,IntegratedGradients
Erlotinib,0,,all,NRAS,0.0019619244,IntegratedGradients
Erlotinib,0,,all,MIR296,0.0004946298,IntegratedGradients
Erlotinib,0,,all,LUZP6,0.00027413992,IntegratedGradients
Erlotinib,0,,all,SNORA22,0.0021778396,IntegratedGradients
Erlotinib,0,,all,NUPL2,0.00040097683,IntegratedGradients
Erlotinib,0,,all,KIAA0586,0.00038316625,IntegratedGradients
Erlotinib,0,,all,RNASEH2C,0.00030357405,IntegratedGradients
Erlotinib,0,,all,SLC24A4,0.0012918346,IntegratedGradients
Erlotinib,0,,all,SNF8,0.0005894204,IntegratedGradients
Erlotinib,0,,all,RGN,0.0005314994,IntegratedGradients
Erlotinib,0,,all,DEFB116,0.0006797915,IntegratedGradients
Erlotinib,0,,all,HKR1,0.003222074,IntegratedGradients
Erlotinib,0,,all,RNF19A,0.0022602614,IntegratedGradients
Erlotinib,0,,all,RBMY1A3P,0.00064903725,IntegratedGradients
Erlotinib,0,,all,MIR298,0.00022785406,IntegratedGradients
Erlotinib,0,,all,GNAS-AS1,0.00013700439,IntegratedGradients
Erlotinib,0,,all,NPEPL1,0.0006310765,IntegratedGradients
Erlotinib,0,,all,STX16,0.00033944045,IntegratedGradients
Erlotinib,0,,all,LOC100506384,0.00044020664,IntegratedGradients
Erlotinib,0,,all,APCDD1L-DT,0.0006726204,IntegratedGradients
Erlotinib,0,,all,RAB22A,0.0005530596,IntegratedGradients
Erlotinib,0,,all,APCDD1L,0.00018049357,IntegratedGradients
Erlotinib,0,,all,VAPB,0.0005984158,IntegratedGradients
Erlotinib,0,,all,BCAS4,0.00012756858,IntegratedGradients
Erlotinib,0,,all,PARD6B,0.00043506915,IntegratedGradients
Erlotinib,0,,all,LINC00494,0.00032379525,IntegratedGradients
Erlotinib,0,,all,ZNF217,0.00095102406,IntegratedGradients
Erlotinib,0,,all,SUMO1P1,0.00084126566,IntegratedGradients
Erlotinib,0,,all,DOK5,0.0001730222,IntegratedGradients
Erlotinib,0,,all,GNAS,0.00022110176,IntegratedGradients
Erlotinib,0,,all,SULF2,0.00046452566,IntegratedGradients
Erlotinib,0,,all,BCAS1,0.0006138387,IntegratedGradients
Erlotinib,0,,all,PPP4R1L,0.00029264457,IntegratedGradients
Erlotinib,0,,all,BMP7,0.00067722995,IntegratedGradients
Erlotinib,0,,all,MIR4756,0.0008708628,IntegratedGradients
Erlotinib,0,,all,FAM209B,0.00042436025,IntegratedGradients
Erlotinib,0,,all,FAM209A,0.0005049375,IntegratedGradients
Erlotinib,0,,all,CSTF1,0.0005192048,IntegratedGradients
Erlotinib,0,,all,CASS4,0.0005433436,IntegratedGradients
Erlotinib,0,,all,AURKA,0.0004441798,IntegratedGradients
Erlotinib,0,,all,FAM210B,0.00039128677,IntegratedGradients
Erlotinib,0,,all,ADNP,0.000113728944,IntegratedGradients
Erlotinib,0,,all,GCNT7,0.00022268569,IntegratedGradients
Erlotinib,0,,all,RIPOR3,0.0010618534,IntegratedGradients
Erlotinib,0,,all,MIR645,0.0009952197,IntegratedGradients
Erlotinib,0,,all,RTF2,0.00054765784,IntegratedGradients
Erlotinib,0,,all,PREX1,0.00036215482,IntegratedGradients
Erlotinib,0,,all,NCOA3,0.00031683847,IntegratedGradients
Erlotinib,0,,all,LOC100131496,0.0004493695,IntegratedGradients
Erlotinib,0,,all,DPM1,0.00013741196,IntegratedGradients
Erlotinib,0,,all,CYP24A1,0.0006385616,IntegratedGradients
Erlotinib,0,,all,ATP9A,0.0005739628,IntegratedGradients
Erlotinib,0,,all,MOCS3,0.0002051681,IntegratedGradients
Erlotinib,0,,all,PFDN4,0.0002704389,IntegratedGradients
Erlotinib,0,,all,PMEPA1,0.0007717884,IntegratedGradients
Erlotinib,0,,all,KCNG1,0.00044678742,IntegratedGradients
Erlotinib,0,,all,ZBP1,0.0007628801,IntegratedGradients
Erlotinib,0,,all,MIR4325,0.00110039,IntegratedGradients
Erlotinib,0,,all,MTRNR2L3,0.00087728095,IntegratedGradients
Erlotinib,0,,all,RAE1,0.00085364963,IntegratedGradients
Erlotinib,0,,all,SPO11,0.0009865942,IntegratedGradients
Erlotinib,0,,all,PCK1,0.00063337444,IntegratedGradients
Erlotinib,0,,all,CBLN4,0.000766312,IntegratedGradients
Erlotinib,0,,all,C20orf85,0.0006368854,IntegratedGradients
Erlotinib,0,,all,PTPN1,0.00072717335,IntegratedGradients
Erlotinib,0,,all,MC3R,0.00071068277,IntegratedGradients
Erlotinib,0,,all,RBM38,0.0011098905,IntegratedGradients
Erlotinib,0,,all,MIR3194,0.0023154314,IntegratedGradients
Erlotinib,0,,all,CTCFL,0.0012764902,IntegratedGradients
Erlotinib,0,,all,SALL4,0.00023575529,IntegratedGradients
Erlotinib,0,,all,GMEB2,0.00028934662,IntegratedGradients
Erlotinib,0,,all,TSHZ2,0.0010733664,IntegratedGradients
Erlotinib,0,,all,NFATC2,0.00025404623,IntegratedGradients
Erlotinib,0,,all,FNDC11,0.0002812704,IntegratedGradients
Erlotinib,0,,all,SRMS,0.0004469531,IntegratedGradients
Erlotinib,0,,all,KCNQ2,0.00036349252,IntegratedGradients
Erlotinib,0,,all,NELFCD,0.0001810306,IntegratedGradients
Erlotinib,0,,all,ZNF831,0.00019020784,IntegratedGradients
Erlotinib,0,,all,ABHD16B,0.00026213305,IntegratedGradients
Erlotinib,0,,all,TPD52L2,0.00044464634,IntegratedGradients
Erlotinib,0,,all,ARFGEF2,0.00024172492,IntegratedGradients
Erlotinib,0,,all,HELZ2,0.00022907843,IntegratedGradients
Erlotinib,0,,all,LINC01270,0.0011379179,IntegratedGradients
Erlotinib,0,,all,TUBB1,0.00014744553,IntegratedGradients
Erlotinib,0,,all,SLMO2-ATP5E,0.00022154821,IntegratedGradients
Erlotinib,0,,all,ATP5F1E,0.00015362276,IntegratedGradients
Erlotinib,0,,all,PRELID3B,0.0001596778,IntegratedGradients
Erlotinib,0,,all,RTEL1,0.00038067682,IntegratedGradients
Erlotinib,0,,all,RTEL1-TNFRSF6B,0.00036429375,IntegratedGradients
Erlotinib,0,,all,ARFRP1,0.00040087587,IntegratedGradients
Erlotinib,0,,all,LIME1,0.00043169476,IntegratedGradients
Erlotinib,0,,all,TNFRSF6B,0.00060644775,IntegratedGradients
Erlotinib,0,,all,ZGPAT,0.00037432287,IntegratedGradients
Erlotinib,0,,all,SLC2A4RG,0.0002417711,IntegratedGradients
Erlotinib,0,,all,ZBTB46,0.00037383428,IntegratedGradients
Erlotinib,0,,all,CDH26,0.0011180755,IntegratedGradients
Erlotinib,0,,all,PPP1R3D,0.00074280455,IntegratedGradients
Erlotinib,0,,all,FAM217B,0.00094724813,IntegratedGradients
Erlotinib,0,,all,PPDPF,0.00026958185,IntegratedGradients
Erlotinib,0,,all,PTK6,0.00028909012,IntegratedGradients
Erlotinib,0,,all,CTSZ,0.0002753583,IntegratedGradients
Erlotinib,0,,all,EEF1A2,0.00027147765,IntegratedGradients
Erlotinib,0,,all,MIR941-3,0.0003101756,IntegratedGradients
Erlotinib,0,,all,MIR941-1,0.00019801408,IntegratedGradients
Erlotinib,0,,all,DNAJC5,0.00025431215,IntegratedGradients
Erlotinib,0,,all,SYCP2,0.0010984304,IntegratedGradients
Erlotinib,0,,all,STMN3,0.00047659382,IntegratedGradients
Erlotinib,0,,all,LINC01260,0.00070931367,IntegratedGradients
Erlotinib,0,,all,ZMYND8,0.00064934493,IntegratedGradients
Erlotinib,0,,all,CSE1L,0.00047883528,IntegratedGradients
Erlotinib,0,,all,GDAP1L1,0.00043642125,IntegratedGradients
Erlotinib,0,,all,FITM2,0.00065508636,IntegratedGradients
Erlotinib,0,,all,DDX27,0.000779203,IntegratedGradients
Erlotinib,0,,all,STAU1,0.00057539344,IntegratedGradients
Erlotinib,0,,all,SERINC3,0.0005987305,IntegratedGradients
Erlotinib,0,,all,PKIG,0.00058527046,IntegratedGradients
Erlotinib,0,,all,EDN3,0.00038447912,IntegratedGradients
Erlotinib,0,,all,TTPAL,0.0005324693,IntegratedGradients
Erlotinib,0,,all,RNF114,0.00016240837,IntegratedGradients
Erlotinib,0,,all,NUP205,0.00013064296,IntegratedGradients
Erlotinib,0,,all,SPATA2,0.00016840061,IntegratedGradients
Erlotinib,0,,all,SLC13A4,0.00038148742,IntegratedGradients
Erlotinib,0,,all,STMP1,0.00018949945,IntegratedGradients
Erlotinib,0,,all,FAM180A,0.00029436723,IntegratedGradients
Erlotinib,0,,all,HCK,0.0013798664,IntegratedGradients
Erlotinib,0,,all,CHRNA4,0.0008144736,IntegratedGradients
Erlotinib,0,,all,PHACTR3,0.0003477924,IntegratedGradients
Erlotinib,0,,all,ADA,0.0002654769,IntegratedGradients
Erlotinib,0,,all,MIR3646,0.00030470017,IntegratedGradients
Erlotinib,0,,all,CCT6P1,0.0023138085,IntegratedGradients
Erlotinib,0,,all,ZFAS1,0.0011614972,IntegratedGradients
Erlotinib,0,,all,ZNFX1,0.0010396356,IntegratedGradients
Erlotinib,0,,all,GPNMB,0.0005820958,IntegratedGradients
Erlotinib,0,,all,CEBPB,0.0012501118,IntegratedGradients
Erlotinib,0,,all,SNAI1,0.00034701053,IntegratedGradients
Erlotinib,0,,all,TMEM189-UBE2V1,0.00066658057,IntegratedGradients
Erlotinib,0,,all,UBE2V1,0.00077551056,IntegratedGradients
Erlotinib,0,,all,VKORC1L1,0.0015552478,IntegratedGradients
Erlotinib,0,,all,TRA2A,0.00035679468,IntegratedGradients
Erlotinib,0,,all,ZFP64,0.0002566848,IntegratedGradients
Erlotinib,0,,all,R3HDML,0.00045791184,IntegratedGradients
Erlotinib,0,,all,CNOT4,0.00031727433,IntegratedGradients
Erlotinib,0,,all,IGF2BP3,0.00025842155,IntegratedGradients
Erlotinib,0,,all,MALSU1,0.00023237197,IntegratedGradients
Erlotinib,0,,all,SBDS,0.0012625451,IntegratedGradients
Erlotinib,0,,all,TYW1,0.0011048513,IntegratedGradients
Erlotinib,0,,all,AGBL3,0.00022462984,IntegratedGradients
Erlotinib,0,,all,CCM2L,0.00081846147,IntegratedGradients
Erlotinib,0,,all,EYA2,0.0010884012,IntegratedGradients
Erlotinib,0,,all,RPS2P32,0.00042521805,IntegratedGradients
Erlotinib,0,,all,XKR7,0.0010163949,IntegratedGradients
Erlotinib,0,,all,TMEM248,0.0011662885,IntegratedGradients
Erlotinib,0,,all,HNF4A,0.00079783885,IntegratedGradients
Erlotinib,0,,all,GTF2IRD1P1,0.0010704804,IntegratedGradients
Erlotinib,0,,all,TMEM189,0.00062570116,IntegratedGradients
Erlotinib,0,,all,TRERNA1,0.0007451398,IntegratedGradients
Erlotinib,0,,all,KLHL7,0.0001310975,IntegratedGradients
Erlotinib,0,,all,STK31,0.00014295288,IntegratedGradients
Erlotinib,0,,all,FAM221A,0.00025669206,IntegratedGradients
Erlotinib,0,,all,CALD1,0.00031244752,IntegratedGradients
Erlotinib,0,,all,CLK2P1,0.00018653969,IntegratedGradients
Erlotinib,0,,all,CCDC126,0.0002672938,IntegratedGradients
Erlotinib,0,,all,OR2F1,0.00015328258,IntegratedGradients
Erlotinib,0,,all,TPK1,0.00029549253,IntegratedGradients
Erlotinib,0,,all,ANKRD9,0.00024331064,IntegratedGradients
Erlotinib,0,,all,SNORD93,0.00034657904,IntegratedGradients
Erlotinib,0,,all,TOMM7,0.0002502473,IntegratedGradients
Erlotinib,0,,all,CRCP,0.0012233703,IntegratedGradients
Erlotinib,0,,all,FAM126A,0.00020779509,IntegratedGradients
Erlotinib,0,,all,YTHDF1,0.00065240293,IntegratedGradients
Erlotinib,0,,all,MIR124-3,0.0008218764,IntegratedGradients
Erlotinib,0,,all,SLC9A8,0.000107812724,IntegratedGradients
Erlotinib,0,,all,MIR3196,0.00044862615,IntegratedGradients
Erlotinib,0,,all,BIRC7,0.00045021976,IntegratedGradients
Erlotinib,0,,all,NKAIN4,0.00018562202,IntegratedGradients
Erlotinib,0,,all,COL20A1,0.0008223361,IntegratedGradients
Erlotinib,0,,all,LOC100506178,0.00015001325,IntegratedGradients
Erlotinib,0,,all,MIR4309,0.00025818753,IntegratedGradients
Erlotinib,0,,all,OR6B1,0.00033395266,IntegratedGradients
Erlotinib,0,,all,LOC441242,0.0022686797,IntegratedGradients
Erlotinib,0,,all,INTS4P2,0.0025120806,IntegratedGradients
Erlotinib,0,,all,IL6,0.00018602487,IntegratedGradients
Erlotinib,0,,all,TFAP2C,0.0003872135,IntegratedGradients
Erlotinib,0,,all,FRMD6,0.00037676553,IntegratedGradients
Erlotinib,0,,all,TOMM20L,0.0007219658,IntegratedGradients
Erlotinib,0,,all,PSMA3-AS1,0.00034985912,IntegratedGradients
Erlotinib,0,,all,PSMA3,0.00046868532,IntegratedGradients
Erlotinib,0,,all,TIMM9,0.0003754661,IntegratedGradients
Erlotinib,0,,all,ARID4A,0.00044896413,IntegratedGradients
Erlotinib,0,,all,ARFGAP1,0.0005030479,IntegratedGradients
Erlotinib,0,,all,MIR4326,0.00064101716,IntegratedGradients
Erlotinib,0,,all,BGLAP,0.0005292924,IntegratedGradients
Erlotinib,0,,all,PMF1-BGLAP,0.00030849327,IntegratedGradients
Erlotinib,0,,all,SMG5,0.00043993554,IntegratedGradients
Erlotinib,0,,all,PAQR6,0.0004231264,IntegratedGradients
Erlotinib,0,,all,PMF1,0.00044149585,IntegratedGradients
Erlotinib,0,,all,NTSR1,0.00018303392,IntegratedGradients
Erlotinib,0,,all,SLCO4A1-AS1,0.00025722553,IntegratedGradients
Erlotinib,0,,all,SLCO4A1,0.00015270557,IntegratedGradients
Erlotinib,0,,all,NOBOX,0.0008387948,IntegratedGradients
Erlotinib,0,,all,L3HYPDH,0.00022808106,IntegratedGradients
Erlotinib,0,,all,JKAMP,0.00037665127,IntegratedGradients
Erlotinib,0,,all,CCDC175,0.00031817745,IntegratedGradients
Erlotinib,0,,all,HAR1B,0.0007971071,IntegratedGradients
Erlotinib,0,,all,GUSB,0.0014266646,IntegratedGradients
Erlotinib,0,,all,NPY,0.00010820118,IntegratedGradients
Erlotinib,0,,all,ASL,0.0013643753,IntegratedGradients
Erlotinib,0,,all,OR2A12,0.0006808579,IntegratedGradients
Erlotinib,0,,all,OR2A2,0.00029281923,IntegratedGradients
Erlotinib,0,,all,GPR135,0.00017488992,IntegratedGradients
Erlotinib,0,,all,UCKL1-AS1,0.00021828836,IntegratedGradients
Erlotinib,0,,all,UCKL1,0.00040828294,IntegratedGradients
Erlotinib,0,,all,PDRG1,0.0005846813,IntegratedGradients
Erlotinib,0,,all,ZNF512B,0.00035667556,IntegratedGradients
Erlotinib,0,,all,PRPF6,0.00035277318,IntegratedGradients
Erlotinib,0,,all,SAMD10,0.00039109745,IntegratedGradients
Erlotinib,0,,all,DACT1,0.00053676375,IntegratedGradients
Erlotinib,0,,all,C20orf197,0.00093558,IntegratedGradients
Erlotinib,0,,all,CCT3,0.00045759065,IntegratedGradients
Erlotinib,0,,all,VHLL,0.00035764222,IntegratedGradients
Erlotinib,0,,all,TMEM79,0.00072022167,IntegratedGradients
Erlotinib,0,,all,GLMP,0.00066147523,IntegratedGradients
Erlotinib,0,,all,OR2F2,0.00036518803,IntegratedGradients
Erlotinib,0,,all,KAT5,0.00023146003,IntegratedGradients
Erlotinib,0,,all,TSACC,0.0006243706,IntegratedGradients
Erlotinib,0,,all,DAAM1,0.00027098588,IntegratedGradients
Erlotinib,0,,all,LINC00659,0.0009892806,IntegratedGradients
Erlotinib,0,,all,C1orf61,0.000374738,IntegratedGradients
Erlotinib,0,,all,STRA8,0.00024348513,IntegratedGradients
Erlotinib,0,,all,MIR9-1,0.0006799372,IntegratedGradients
Erlotinib,0,,all,AKR1B1,0.0003788042,IntegratedGradients
Erlotinib,0,,all,OR2A5,0.00021673118,IntegratedGradients
Erlotinib,0,,all,DIDO1,0.0006430814,IntegratedGradients
Erlotinib,0,,all,TTLL9,0.0006805628,IntegratedGradients
Erlotinib,0,,all,COL9A3,0.00077594246,IntegratedGradients
Erlotinib,0,,all,TCFL5,0.00067568134,IntegratedGradients
Erlotinib,0,,all,DPH3P1,0.0009202099,IntegratedGradients
Erlotinib,0,,all,FOXS1,0.0007620729,IntegratedGradients
Erlotinib,0,,all,DUSP15,0.0007134497,IntegratedGradients
Erlotinib,0,,all,RHBG,0.0008590794,IntegratedGradients
Erlotinib,0,,all,MIR4533,0.0013488263,IntegratedGradients
Erlotinib,0,,all,LINC00029,0.00090136816,IntegratedGradients
Erlotinib,0,,all,LINC01056,0.0010027785,IntegratedGradients
Erlotinib,0,,all,LINC01749,0.0011664974,IntegratedGradients
Erlotinib,0,,all,OGFR,0.00090717495,IntegratedGradients
Erlotinib,0,,all,OGFR-AS1,0.0006990471,IntegratedGradients
Erlotinib,0,,all,MRGBP,0.0005687619,IntegratedGradients
Erlotinib,0,,all,MPP6,0.00030759885,IntegratedGradients
Erlotinib,0,,all,WDR91,0.00035438107,IntegratedGradients
Erlotinib,0,,all,RCOR1,0.00022334025,IntegratedGradients
Erlotinib,0,,all,TRAF3,0.00020217395,IntegratedGradients
Erlotinib,0,,all,PLXNA4,9.452532e-05,IntegratedGradients
Erlotinib,0,,all,AP5B1,0.00028797233,IntegratedGradients
Erlotinib,0,,all,CBFA2T2,0.0009258442,IntegratedGradients
Erlotinib,0,,all,OR6V1,0.00030542357,IntegratedGradients
Erlotinib,0,,all,OR6W1P,0.00020843171,IntegratedGradients
Erlotinib,0,,all,PTGIS,0.00071919325,IntegratedGradients
Erlotinib,0,,all,TMEM140,0.0002328354,IntegratedGradients
Erlotinib,0,,all,CCT6P3,0.00067910034,IntegratedGradients
Erlotinib,0,,all,TRIM9,0.00013964783,IntegratedGradients
Erlotinib,0,,all,CYREN,0.0002317323,IntegratedGradients
Erlotinib,0,,all,CLCN1,0.00029685337,IntegratedGradients
Erlotinib,0,,all,C11orf68,0.00088596955,IntegratedGradients
Erlotinib,0,,all,DRAP1,0.0008950964,IntegratedGradients
Erlotinib,0,,all,IGFBP1,0.00040685636,IntegratedGradients
Erlotinib,0,,all,BPGM,0.00060768286,IntegratedGradients
Erlotinib,0,,all,MIR646HG,0.0010238289,IntegratedGradients
Erlotinib,0,,all,TSGA10IP,0.00036511986,IntegratedGradients
Erlotinib,0,,all,IGFBP3,0.0008570924,IntegratedGradients
Erlotinib,0,,all,TAS2R40,0.0004901372,IntegratedGradients
Erlotinib,0,,all,TAS2R41,0.0007103669,IntegratedGradients
Erlotinib,0,,all,SOS2,0.0005752964,IntegratedGradients
Erlotinib,0,,all,TAS2R60,0.00035357877,IntegratedGradients
Erlotinib,0,,all,EPHA1-AS1,0.0004683928,IntegratedGradients
Erlotinib,0,,all,EPHA1,0.0003134604,IntegratedGradients
Erlotinib,0,,all,SSSCA1,0.0005527025,IntegratedGradients
Erlotinib,0,,all,FAM89B,0.0005089321,IntegratedGradients
Erlotinib,0,,all,SSSCA1-AS1,0.00023779487,IntegratedGradients
Erlotinib,0,,all,EHBP1L1,0.00042112457,IntegratedGradients
Erlotinib,0,,all,KCNK15,0.00091242575,IntegratedGradients
Erlotinib,0,,all,RIMS4,0.00085611246,IntegratedGradients
Erlotinib,0,,all,LTBP3,0.00051631924,IntegratedGradients
Erlotinib,0,,all,MYLK2,0.0005867757,IntegratedGradients
Erlotinib,0,,all,RGS19,0.00040425936,IntegratedGradients
Erlotinib,0,,all,RD3L,0.00022177752,IntegratedGradients
Erlotinib,0,,all,SCYL1,0.0003693574,IntegratedGradients
Erlotinib,0,,all,WISP2,0.0010029782,IntegratedGradients
Erlotinib,0,,all,TCEA2,0.0002752003,IntegratedGradients
Erlotinib,0,,all,SOX18,0.00041552694,IntegratedGradients
Erlotinib,0,,all,DDHD1,0.00043501658,IntegratedGradients
Erlotinib,0,,all,FAM131B,0.00037598467,IntegratedGradients
Erlotinib,0,,all,ZYX,0.0005012021,IntegratedGradients
Erlotinib,0,,all,B4GALT5,0.0006560702,IntegratedGradients
Erlotinib,0,,all,DMAC2L,0.00052968,IntegratedGradients
Erlotinib,0,,all,ERV3-1,0.0003371971,IntegratedGradients
Erlotinib,0,,all,ZNF117,0.0003359696,IntegratedGradients
Erlotinib,0,,all,NEAT1,0.00058004097,IntegratedGradients
Erlotinib,0,,all,MUS81,0.00026246574,IntegratedGradients
Erlotinib,0,,all,EFEMP2,0.00030794195,IntegratedGradients
Erlotinib,0,,all,SART1,0.00044083208,IntegratedGradients
Erlotinib,0,,all,HOXA10-HOXA9,0.0007966729,IntegratedGradients
Erlotinib,0,,all,HOXA10,0.0008949984,IntegratedGradients
Erlotinib,0,,all,HOXA11,0.0009047601,IntegratedGradients
Erlotinib,0,,all,HOXA10-AS,0.0009912021,IntegratedGradients
Erlotinib,0,,all,HOXA9,0.0005889725,IntegratedGradients
Erlotinib,0,,all,MIR196B,0.0009496601,IntegratedGradients
Erlotinib,0,,all,POLE2,0.0002764231,IntegratedGradients
Erlotinib,0,,all,GSDME,0.00015290674,IntegratedGradients
Erlotinib,0,,all,CFL1,0.00029133714,IntegratedGradients
Erlotinib,0,,all,HOXA1,0.0007965898,IntegratedGradients
Erlotinib,0,,all,HOXA-AS3,0.00080526783,IntegratedGradients
Erlotinib,0,,all,HOXA2,0.0009872714,IntegratedGradients
Erlotinib,0,,all,HOXA3,0.0008174283,IntegratedGradients
Erlotinib,0,,all,HOXA4,0.0008054624,IntegratedGradients
Erlotinib,0,,all,HOXA7,0.00062745926,IntegratedGradients
Erlotinib,0,,all,HOXA6,0.0007999111,IntegratedGradients
Erlotinib,0,,all,HOTAIRM1,0.0009574972,IntegratedGradients
Erlotinib,0,,all,HOXA5,0.00063488726,IntegratedGradients
Erlotinib,0,,all,TMEM139,0.000404351,IntegratedGradients
Erlotinib,0,,all,CASP2,0.0003217718,IntegratedGradients
Erlotinib,0,,all,KCNB1,0.0011461609,IntegratedGradients
Erlotinib,0,,all,FRMD6-AS2,0.0003175303,IntegratedGradients
Erlotinib,0,,all,MAPRE1,0.0010442472,IntegratedGradients
Erlotinib,0,,all,VCPKMT,0.00066733744,IntegratedGradients
Erlotinib,0,,all,LINC01599,0.00041445476,IntegratedGradients
Erlotinib,0,,all,SEMA4A,0.00061757985,IntegratedGradients
Erlotinib,0,,all,TDRD9,0.00010920371,IntegratedGradients
Erlotinib,0,,all,SKAP2,0.00028753112,IntegratedGradients
Erlotinib,0,,all,C7orf71,0.00053237285,IntegratedGradients
Erlotinib,0,,all,OPRL1,0.00039812137,IntegratedGradients
Erlotinib,0,,all,CYCS,0.0005558169,IntegratedGradients
Erlotinib,0,,all,AKR1B10,0.00015828194,IntegratedGradients
Erlotinib,0,,all,MIR4650-2,0.0009418414,IntegratedGradients
Erlotinib,0,,all,GHRHR,0.00019474591,IntegratedGradients
Erlotinib,0,,all,LINC01588,0.00035849772,IntegratedGradients
Erlotinib,0,,all,ADCYAP1R1,0.0007561297,IntegratedGradients
Erlotinib,0,,all,TMX1,0.00023436703,IntegratedGradients
Erlotinib,0,,all,LINC00174,0.00060775084,IntegratedGradients
Erlotinib,0,,all,RABGEF1,0.00068482175,IntegratedGradients
Erlotinib,0,,all,KCTD7,0.00087828113,IntegratedGradients
Erlotinib,0,,all,CTSW,0.0003081064,IntegratedGradients
Erlotinib,0,,all,FOSL1,0.00027819833,IntegratedGradients
Erlotinib,0,,all,CCDC85B,0.00026289432,IntegratedGradients
Erlotinib,0,,all,FIBP,0.00034049523,IntegratedGradients
Erlotinib,0,,all,LINC00640,0.00033465557,IntegratedGradients
Erlotinib,0,,all,AKR1B15,0.0005150793,IntegratedGradients
Erlotinib,0,,all,GSTK1,0.0006433391,IntegratedGradients
Erlotinib,0,,all,SLC17A9,0.0010654695,IntegratedGradients
Erlotinib,0,,all,NT5C3A,0.00167698,IntegratedGradients
Erlotinib,0,,all,GS1-124K5.11,0.000837065,IntegratedGradients
Erlotinib,0,,all,KIAA0087,0.00045075917,IntegratedGradients
Erlotinib,0,,all,OR9A2,0.00027963542,IntegratedGradients
Erlotinib,0,,all,CHN2,0.0006244386,IntegratedGradients
Erlotinib,0,,all,DLGAP5,0.00085237355,IntegratedGradients
Erlotinib,0,,all,LGALS3,0.000702125,IntegratedGradients
Erlotinib,0,,all,MYO1G,0.00019790824,IntegratedGradients
Erlotinib,0,,all,NPBWR2,0.0003197459,IntegratedGradients
Erlotinib,0,,all,FBXO34,0.0006971849,IntegratedGradients
Erlotinib,0,,all,OSBPL3,0.00021796158,IntegratedGradients
Erlotinib,0,,all,ATP5MPL,0.00024551927,IntegratedGradients
Erlotinib,0,,all,POM121,0.0009867956,IntegratedGradients
Erlotinib,0,,all,SPDYE7P,0.0013112571,IntegratedGradients
Erlotinib,0,,all,LINC00605,0.0012218815,IntegratedGradients
Erlotinib,0,,all,C7orf31,0.0004556809,IntegratedGradients
Erlotinib,0,,all,LINC00637,0.0002908525,IntegratedGradients
Erlotinib,0,,all,GID8,0.0013874274,IntegratedGradients
Erlotinib,0,,all,EIF5,0.0005652909,IntegratedGradients
Erlotinib,0,,all,SNORA28,0.0008955977,IntegratedGradients
Erlotinib,0,,all,NFE2L3,0.00052401616,IntegratedGradients
Erlotinib,0,,all,POLR2J2,0.00021521618,IntegratedGradients
Erlotinib,0,,all,RASA4,9.084239e-05,IntegratedGradients
Erlotinib,0,,all,SPDYE2B,0.00016251746,IntegratedGradients
Erlotinib,0,,all,LLCFC1,0.00040431833,IntegratedGradients
Erlotinib,0,,all,KEL,0.00066205504,IntegratedGradients
Erlotinib,0,,all,DPY19L1,0.0005160056,IntegratedGradients
Erlotinib,0,,all,FAM185A,0.00024055755,IntegratedGradients
Erlotinib,0,,all,FOXN3,0.000320074,IntegratedGradients
Erlotinib,0,,all,HNRNPA2B1,0.00047584204,IntegratedGradients
Erlotinib,0,,all,CBX3,0.00032108682,IntegratedGradients
Erlotinib,0,,all,TRIL,0.00055502617,IntegratedGradients
Erlotinib,0,,all,FLJ40288,0.0002951437,IntegratedGradients
Erlotinib,0,,all,POU6F2,0.0011324226,IntegratedGradients
Erlotinib,0,,all,MYT1,0.00029434275,IntegratedGradients
Erlotinib,0,,all,DNMT3B,0.0007044578,IntegratedGradients
Erlotinib,0,,all,TM9SF4,0.0015219671,IntegratedGradients
Erlotinib,0,,all,SLC25A44,0.00028306872,IntegratedGradients
Erlotinib,0,,all,PROX2,0.00019833796,IntegratedGradients
Erlotinib,0,,all,LOC441204,0.00028068252,IntegratedGradients
Erlotinib,0,,all,POU6F2-AS1,0.0009211766,IntegratedGradients
Erlotinib,0,,all,YLPM1,0.00050118996,IntegratedGradients
Erlotinib,0,,all,TBPL2,0.00028796453,IntegratedGradients
Erlotinib,0,,all,LOC100130673,0.0011089176,IntegratedGradients
Erlotinib,0,,all,COMMD7,0.0017408371,IntegratedGradients
Erlotinib,0,,all,TRPV5,0.0005457997,IntegratedGradients
Erlotinib,0,,all,LSM5,0.0011374081,IntegratedGradients
Erlotinib,0,,all,PODXL,0.0003988649,IntegratedGradients
Erlotinib,0,,all,DPY19L2P3,0.00018104643,IntegratedGradients
Erlotinib,0,,all,WIPF3,0.00012544954,IntegratedGradients
Erlotinib,0,,all,GARS-DT,0.00022393782,IntegratedGradients
Erlotinib,0,,all,NPSR1,0.0018006708,IntegratedGradients
Erlotinib,0,,all,NOD1,0.00033019806,IntegratedGradients
Erlotinib,0,,all,GGCT,0.0003374052,IntegratedGradients
Erlotinib,0,,all,C20orf203,0.0012343216,IntegratedGradients
Erlotinib,0,,all,SNORA5B,0.00069261255,IntegratedGradients
Erlotinib,0,,all,RPS6KL1,0.00014941473,IntegratedGradients
Erlotinib,0,,all,MIR550A3,0.0001951747,IntegratedGradients
Erlotinib,0,,all,TPST1,0.00075247965,IntegratedGradients
Erlotinib,0,,all,DLK1,0.00041624345,IntegratedGradients
Erlotinib,0,,all,VPS41,0.0010277065,IntegratedGradients
Erlotinib,0,,all,DLST,0.00032648857,IntegratedGradients
Erlotinib,0,,all,MAPK1IP1L,0.0012358751,IntegratedGradients
Erlotinib,0,,all,OVOL1,0.00030570553,IntegratedGradients
Erlotinib,0,,all,GTF2IRD2P1,0.00069121836,IntegratedGradients
Erlotinib,0,,all,GARS,0.00013744879,IntegratedGradients
Erlotinib,0,,all,SNORD114-14,0.0001874346,IntegratedGradients
Erlotinib,0,,all,SNORD114-18,0.00018632176,IntegratedGradients
Erlotinib,0,,all,MIR376A1,0.0001665208,IntegratedGradients
Erlotinib,0,,all,MIR376C,0.00028024538,IntegratedGradients
Erlotinib,0,,all,SNORD114-11,0.00024686434,IntegratedGradients
Erlotinib,0,,all,SNORD114-12,0.00014726055,IntegratedGradients
Erlotinib,0,,all,MIR758,9.280718e-05,IntegratedGradients
Erlotinib,0,,all,SNORD114-13,0.00017860364,IntegratedGradients
Erlotinib,0,,all,SNORD114-15,8.03345e-05,IntegratedGradients
Erlotinib,0,,all,MIR300,0.0002126081,IntegratedGradients
Erlotinib,0,,all,SNORD114-9,9.343075e-05,IntegratedGradients
Erlotinib,0,,all,MIR323A,0.00021430585,IntegratedGradients
Erlotinib,0,,all,SNORD114-30,0.00015103878,IntegratedGradients
Erlotinib,0,,all,MIR1193,0.0001467582,IntegratedGradients
Erlotinib,0,,all,MIR379,0.00012431739,IntegratedGradients
Erlotinib,0,,all,MIR299,0.00017419078,IntegratedGradients
Erlotinib,0,,all,MIR543,0.0003079,IntegratedGradients
Erlotinib,0,,all,MIR1197,0.00017907436,IntegratedGradients
Erlotinib,0,,all,SNORD114-16,0.00019421676,IntegratedGradients
Erlotinib,0,,all,MIR380,0.00030965405,IntegratedGradients
Erlotinib,0,,all,SNORD114-10,0.000120245684,IntegratedGradients
Erlotinib,0,,all,MIR376A2,0.00028282253,IntegratedGradients
Erlotinib,0,,all,MIR654,0.00015422901,IntegratedGradients
Erlotinib,0,,all,SNORD114-24,0.00010752358,IntegratedGradients
Erlotinib,0,,all,SNORD114-27,0.00026820545,IntegratedGradients
Erlotinib,0,,all,SNORD114-19,0.00024898135,IntegratedGradients
Erlotinib,0,,all,SNORD114-31,0.00023284876,IntegratedGradients
Erlotinib,0,,all,SNORD114-22,0.0003677607,IntegratedGradients
Erlotinib,0,,all,SNORD114-28,0.00023109025,IntegratedGradients
Erlotinib,0,,all,SNORD114-29,0.00014493214,IntegratedGradients
Erlotinib,0,,all,SNORD114-21,0.0001387933,IntegratedGradients
Erlotinib,0,,all,SNORD114-20,9.197395e-05,IntegratedGradients
Erlotinib,0,,all,SNORD114-23,0.00023205667,IntegratedGradients
Erlotinib,0,,all,SNORD114-26,0.00020121841,IntegratedGradients
Erlotinib,0,,all,MIR411,0.00016328642,IntegratedGradients
Erlotinib,0,,all,SNORD114-17,0.00018708086,IntegratedGradients
Erlotinib,0,,all,MIR329-1,0.00031293478,IntegratedGradients
Erlotinib,0,,all,MIR495,0.00017659477,IntegratedGradients
Erlotinib,0,,all,MIR329-2,0.00032791524,IntegratedGradients
Erlotinib,0,,all,MIR376B,0.0001289787,IntegratedGradients
Erlotinib,0,,all,MIR494,0.00018250057,IntegratedGradients
Erlotinib,0,,all,SNORD114-25,0.00025278947,IntegratedGradients
Erlotinib,0,,all,EPHB6,0.0010403009,IntegratedGradients
Erlotinib,0,,all,MIR136,0.00018391915,IntegratedGradients
Erlotinib,0,,all,MIR432,0.00011883022,IntegratedGradients
Erlotinib,0,,all,MIR493,0.00015731437,IntegratedGradients
Erlotinib,0,,all,RTL1,0.00025069687,IntegratedGradients
Erlotinib,0,,all,MIR431,0.000177596,IntegratedGradients
Erlotinib,0,,all,MIR770,0.00023286803,IntegratedGradients
Erlotinib,0,,all,MIR337,0.00012009689,IntegratedGradients
Erlotinib,0,,all,MEG8,0.00017290167,IntegratedGradients
Erlotinib,0,,all,MIR2392,8.876474e-05,IntegratedGradients
Erlotinib,0,,all,MIR433,0.00028127214,IntegratedGradients
Erlotinib,0,,all,MIR665,0.00016773255,IntegratedGradients
Erlotinib,0,,all,SNORD113-1,0.00018978729,IntegratedGradients
Erlotinib,0,,all,MIR127,0.00023347467,IntegratedGradients
Erlotinib,0,,all,SNORD113-2,0.00019433463,IntegratedGradients
Erlotinib,0,,all,SNORD113-4,0.0001628713,IntegratedGradients
Erlotinib,0,,all,SNORD113-5,0.0002961677,IntegratedGradients
Erlotinib,0,,all,SNORD113-6,0.00015858494,IntegratedGradients
Erlotinib,0,,all,MEG3,0.00018699426,IntegratedGradients
Erlotinib,0,,all,TP53INP2,0.00051750406,IntegratedGradients
Erlotinib,0,,all,NCOA6,0.00031357963,IntegratedGradients
Erlotinib,0,,all,SNORD114-8,0.00019883527,IntegratedGradients
Erlotinib,0,,all,SNORD114-7,0.00034181893,IntegratedGradients
Erlotinib,0,,all,SNORD114-6,0.0001583683,IntegratedGradients
Erlotinib,0,,all,SNORD113-9,0.00023314037,IntegratedGradients
Erlotinib,0,,all,SNORD114-5,0.00022493956,IntegratedGradients
Erlotinib,0,,all,SNORD114-2,0.00012693099,IntegratedGradients
Erlotinib,0,,all,SNORD114-1,0.00017884985,IntegratedGradients
Erlotinib,0,,all,SNORD114-3,0.00023488245,IntegratedGradients
Erlotinib,0,,all,SNORD114-4,0.00016062058,IntegratedGradients
Erlotinib,0,,all,DKFZP586I1420,0.0003215001,IntegratedGradients
Erlotinib,0,,all,TBX20,0.00050107256,IntegratedGradients
Erlotinib,0,,all,PCNX4,0.0006179609,IntegratedGradients
Erlotinib,0,,all,FKBP9,0.0019195968,IntegratedGradients
Erlotinib,0,,all,INMT-MINDY4,0.0004271999,IntegratedGradients
Erlotinib,0,,all,MINDY4,0.00044221262,IntegratedGradients
Erlotinib,0,,all,PRR15,0.00017195266,IntegratedGradients
Erlotinib,0,,all,STAG3L4,0.00024417412,IntegratedGradients
Erlotinib,0,,all,LOC646762,0.00014988343,IntegratedGradients
Erlotinib,0,,all,SNX10,0.0005453809,IntegratedGradients
Erlotinib,0,,all,ARF6,0.00032860623,IntegratedGradients
Erlotinib,0,,all,PPP1R17,0.0013408443,IntegratedGradients
Erlotinib,0,,all,CRHR2,0.00032360625,IntegratedGradients
Erlotinib,0,,all,RP9P,0.0020438076,IntegratedGradients
Erlotinib,0,,all,EEPD1,0.0006307332,IntegratedGradients
Erlotinib,0,,all,AOAH,0.0006897092,IntegratedGradients
Erlotinib,0,,all,MEF2D,0.00056299684,IntegratedGradients
Erlotinib,0,,all,PGF,0.0002507711,IntegratedGradients
Erlotinib,0,,all,SCRN1,0.00026781546,IntegratedGradients
Erlotinib,0,,all,TOX2,0.0004033681,IntegratedGradients
Erlotinib,0,,all,AOAH-IT1,0.0005661939,IntegratedGradients
Erlotinib,0,,all,RPL13AP3,0.00064825744,IntegratedGradients
Erlotinib,0,,all,LINC00520,0.0011248431,IntegratedGradients
Erlotinib,0,,all,ATG14,0.00022720658,IntegratedGradients
Erlotinib,0,,all,DHRS7,0.0008897315,IntegratedGradients
Erlotinib,0,,all,PPM1A,0.0008314055,IntegratedGradients
Erlotinib,0,,all,ZMIZ2,0.00024276036,IntegratedGradients
Erlotinib,0,,all,TSPY26P,0.00063529593,IntegratedGradients
Erlotinib,0,,all,POFUT1,0.0005366135,IntegratedGradients
Erlotinib,0,,all,PLAGL2,0.0004625464,IntegratedGradients
Erlotinib,0,,all,MIR148A,0.00011353754,IntegratedGradients
Erlotinib,0,,all,DPY19L2P1,0.0003049992,IntegratedGradients
Erlotinib,0,,all,SH2B2,9.3514405e-05,IntegratedGradients
Erlotinib,0,,all,LOC646999,0.001457486,IntegratedGradients
Erlotinib,0,,all,RALA,0.0010609213,IntegratedGradients
Erlotinib,0,,all,YAE1,0.0014261107,IntegratedGradients
Erlotinib,0,,all,KIAA0895,0.0006896064,IntegratedGradients
Erlotinib,0,,all,TRPV6,0.0013651256,IntegratedGradients
Erlotinib,0,,all,MARK3,0.0005404677,IntegratedGradients
Erlotinib,0,,all,CCM2,0.00050464337,IntegratedGradients
Erlotinib,0,,all,SNORA9,0.0005974381,IntegratedGradients
Erlotinib,0,,all,SNHG15,0.0009462768,IntegratedGradients
Erlotinib,0,,all,ITPRID1,0.001268737,IntegratedGradients
Erlotinib,0,,all,EFCAB11,0.00014962474,IntegratedGradients
Erlotinib,0,,all,PTPN21,0.00033313414,IntegratedGradients
Erlotinib,0,,all,OGDH,0.0002587283,IntegratedGradients
Erlotinib,0,,all,PPIA,0.00061046676,IntegratedGradients
Erlotinib,0,,all,RNU6-16P,0.00012771437,IntegratedGradients
Erlotinib,0,,all,AQP1,0.0001470906,IntegratedGradients
Erlotinib,0,,all,ANLN,0.00069673493,IntegratedGradients
Erlotinib,0,,all,STARD3NL,0.00082215515,IntegratedGradients
Erlotinib,0,,all,PURB,0.0001391014,IntegratedGradients
Erlotinib,0,,all,H2AFV,0.0003752961,IntegratedGradients
Erlotinib,0,,all,TIGD3,0.0006715934,IntegratedGradients
Erlotinib,0,,all,TNFAIP2,0.0014707834,IntegratedGradients
Erlotinib,0,,all,SLC2A10,0.0012043862,IntegratedGradients
Erlotinib,0,,all,FAM183BP,0.0010743926,IntegratedGradients
Erlotinib,0,,all,MIR550A2,0.0012738551,IntegratedGradients
Erlotinib,0,,all,ZNRF2P1,0.0016505047,IntegratedGradients
Erlotinib,0,,all,LINC00997,0.0017781401,IntegratedGradients
Erlotinib,0,,all,MIR550B2,0.0009822713,IntegratedGradients
Erlotinib,0,,all,MIR496,0.00014408633,IntegratedGradients
Erlotinib,0,,all,MIR369,0.00023971463,IntegratedGradients
Erlotinib,0,,all,MIR409,0.00018417911,IntegratedGradients
Erlotinib,0,,all,MIR412,0.00017177034,IntegratedGradients
Erlotinib,0,,all,MIR410,0.00014158088,IntegratedGradients
Erlotinib,0,,all,MIR485,0.0002142196,IntegratedGradients
Erlotinib,0,,all,MIR656,0.00031144256,IntegratedGradients
Erlotinib,0,,all,MIR487A,0.00020443814,IntegratedGradients
Erlotinib,0,,all,MIR655,0.00018158699,IntegratedGradients
Erlotinib,0,,all,MIR381,0.0003434863,IntegratedGradients
Erlotinib,0,,all,MIR377,0.00018358008,IntegratedGradients
Erlotinib,0,,all,MIR382,7.749819e-05,IntegratedGradients
Erlotinib,0,,all,MIR154,0.00027182576,IntegratedGradients
Erlotinib,0,,all,MIR889,0.00017818651,IntegratedGradients
Erlotinib,0,,all,MIR1185-2,0.00027227477,IntegratedGradients
Erlotinib,0,,all,MIR134,0.0002683224,IntegratedGradients
Erlotinib,0,,all,MIR668,0.00027137747,IntegratedGradients
Erlotinib,0,,all,MIR323B,0.00018132491,IntegratedGradients
Erlotinib,0,,all,MEG9,0.00024895553,IntegratedGradients
Erlotinib,0,,all,MIR539,0.00040616962,IntegratedGradients
Erlotinib,0,,all,MIR541,0.00015120585,IntegratedGradients
Erlotinib,0,,all,MIR487B,9.8824064e-05,IntegratedGradients
Erlotinib,0,,all,LOC100289561,0.000127388,IntegratedGradients
Erlotinib,0,,all,SPDYE6,0.00030808957,IntegratedGradients
Erlotinib,0,,all,LOC100630923,8.072102e-05,IntegratedGradients
Erlotinib,0,,all,INMT,0.0003021073,IntegratedGradients
Erlotinib,0,,all,NPSR1-AS1,0.0014082076,IntegratedGradients
Erlotinib,0,,all,ZNRF2,0.00021267614,IntegratedGradients
Erlotinib,0,,all,MIR550A1,0.0002584733,IntegratedGradients
Erlotinib,0,,all,MIR550B1,0.00024630033,IntegratedGradients
Erlotinib,0,,all,PLEKHA8,0.00037935041,IntegratedGradients
Erlotinib,0,,all,FKBP14,0.00024343882,IntegratedGradients
Erlotinib,0,,all,BPIFB2,0.0009946561,IntegratedGradients
Erlotinib,0,,all,BPIFB6,0.001074303,IntegratedGradients
Erlotinib,0,,all,KLHDC1,0.0002699006,IntegratedGradients
Erlotinib,0,,all,PMS2P4,0.00091491925,IntegratedGradients
Erlotinib,0,,all,LINC00265,0.0013185135,IntegratedGradients
Erlotinib,0,,all,RP9,0.0018000149,IntegratedGradients
Erlotinib,0,,all,EXOC3L4,0.0014393681,IntegratedGradients
Erlotinib,0,,all,KLHDC2,0.00050038483,IntegratedGradients
Erlotinib,0,,all,TOMM34,0.000733106,IntegratedGradients
Erlotinib,0,,all,SNX32,0.00029204253,IntegratedGradients
Erlotinib,0,,all,BPIFB3,0.0013274404,IntegratedGradients
Erlotinib,0,,all,BPIFB4,0.0010677845,IntegratedGradients
Erlotinib,0,,all,CYP3A7-CYP3A51P,0.0008943129,IntegratedGradients
Erlotinib,0,,all,CYP3A7,0.00011117666,IntegratedGradients
Erlotinib,0,,all,OCSTAMP,0.0003829793,IntegratedGradients
Erlotinib,0,,all,SEMG1,0.00037433137,IntegratedGradients
Erlotinib,0,,all,SEMG2,0.00037129875,IntegratedGradients
Erlotinib,0,,all,OSER1,0.00045096007,IntegratedGradients
Erlotinib,0,,all,SPATA7,0.00023722893,IntegratedGradients
Erlotinib,0,,all,FBXL13,0.00019356875,IntegratedGradients
Erlotinib,0,,all,LOC349160,0.00041840112,IntegratedGradients
Erlotinib,0,,all,CHRM2,0.00021165283,IntegratedGradients
Erlotinib,0,,all,MIR490,0.00030123096,IntegratedGradients
Erlotinib,0,,all,PRSS37,0.00023007093,IntegratedGradients
Erlotinib,0,,all,ZNF124,0.0005787211,IntegratedGradients
Erlotinib,0,,all,ZNF669,0.00041880703,IntegratedGradients
Erlotinib,0,,all,C1orf229,0.0004919101,IntegratedGradients
Erlotinib,0,,all,KCNK13,0.0002886887,IntegratedGradients
Erlotinib,0,,all,SLC25A45,0.0004992976,IntegratedGradients
Erlotinib,0,,all,FRMD8,0.0007554387,IntegratedGradients
Erlotinib,0,,all,YY1,0.00025339503,IntegratedGradients
Erlotinib,0,,all,TP53RK,0.00073009793,IntegratedGradients
Erlotinib,0,,all,MIR1257,0.000849376,IntegratedGradients
Erlotinib,0,,all,CDH4,0.002480077,IntegratedGradients
Erlotinib,0,,all,CBLL1,0.00070856983,IntegratedGradients
Erlotinib,0,,all,CUX1,0.00020455792,IntegratedGradients
Erlotinib,0,,all,ADSSL1,0.0014822438,IntegratedGradients
Erlotinib,0,,all,KBTBD2,0.0012996075,IntegratedGradients
Erlotinib,0,,all,NEUROD6,0.0012209575,IntegratedGradients
Erlotinib,0,,all,TRPC4AP,0.00026099887,IntegratedGradients
Erlotinib,0,,all,MIR499B,0.00039028362,IntegratedGradients
Erlotinib,0,,all,MIR499A,0.0004067215,IntegratedGradients
Erlotinib,0,,all,SLC26A3,0.0003603263,IntegratedGradients
Erlotinib,0,,all,TDP1,0.00013274908,IntegratedGradients
Erlotinib,0,,all,ZBTB42,0.0014446104,IntegratedGradients
Erlotinib,0,,all,PABPC1L,0.00060583913,IntegratedGradients
Erlotinib,0,,all,MTURN,0.00024671832,IntegratedGradients
Erlotinib,0,,all,PI3,0.00038365077,IntegratedGradients
Erlotinib,0,,all,EIF1AD,0.0007482156,IntegratedGradients
Erlotinib,0,,all,BANF1,0.0005006366,IntegratedGradients
Erlotinib,0,,all,TTC8,0.00031372978,IntegratedGradients
Erlotinib,0,,all,SUN5,0.00074681797,IntegratedGradients
Erlotinib,0,,all,AKT1,0.0017869875,IntegratedGradients
Erlotinib,0,,all,SIVA1,0.0017336883,IntegratedGradients
Erlotinib,0,,all,MIR4710,0.0012088196,IntegratedGradients
Erlotinib,0,,all,INF2,0.0016523907,IntegratedGradients
Erlotinib,0,,all,TAS2R5,0.00022600996,IntegratedGradients
Erlotinib,0,,all,EXOC4,0.0011065427,IntegratedGradients
Erlotinib,0,,all,YWHAB,0.00043832735,IntegratedGradients
Erlotinib,0,,all,OSER1-DT,0.0005404743,IntegratedGradients
Erlotinib,0,,all,DEGS2,0.0004558466,IntegratedGradients
Erlotinib,0,,all,HERPUD2,0.0008645277,IntegratedGradients
Erlotinib,0,,all,FKBP6,0.00066546537,IntegratedGradients
Erlotinib,0,,all,STAG3L3,0.00067398703,IntegratedGradients
Erlotinib,0,,all,WARS,0.00035147098,IntegratedGradients
Erlotinib,0,,all,MIR345,0.0003038769,IntegratedGradients
Erlotinib,0,,all,SLC25A47,0.0005178183,IntegratedGradients
Erlotinib,0,,all,SLC25A29,0.0004110099,IntegratedGradients
Erlotinib,0,,all,JPH2,0.00048562555,IntegratedGradients
Erlotinib,0,,all,PSMA7,0.00038238912,IntegratedGradients
Erlotinib,0,,all,LSM14B,0.00015950453,IntegratedGradients
Erlotinib,0,,all,SS18L1,0.00017679721,IntegratedGradients
Erlotinib,0,,all,TMED4,0.00015992417,IntegratedGradients
Erlotinib,0,,all,LOC401324,0.0005385308,IntegratedGradients
Erlotinib,0,,all,KLC1,0.0006955236,IntegratedGradients
Erlotinib,0,,all,APOPT1,0.0007338287,IntegratedGradients
Erlotinib,0,,all,XRCC3,0.00034647912,IntegratedGradients
Erlotinib,0,,all,ZFYVE21,0.00039607598,IntegratedGradients
Erlotinib,0,,all,PPP1R13B,0.00026422492,IntegratedGradients
Erlotinib,0,,all,TRMT61A,0.00053961447,IntegratedGradients
Erlotinib,0,,all,CKB,0.0005811477,IntegratedGradients
Erlotinib,0,,all,BAG5,0.0006052239,IntegratedGradients
Erlotinib,0,,all,RAMP3,0.00074639893,IntegratedGradients
Erlotinib,0,,all,MGAM2,0.00031661353,IntegratedGradients
Erlotinib,0,,all,PCMTD2,0.0007887153,IntegratedGradients
Erlotinib,0,,all,ZNF496,0.00037940848,IntegratedGradients
Erlotinib,0,,all,CINP,0.00011967652,IntegratedGradients
Erlotinib,0,,all,EML5,0.00031064553,IntegratedGradients
Erlotinib,0,,all,NOL4L-DT,0.00065620884,IntegratedGradients
Erlotinib,0,,all,GGT7,0.00014324559,IntegratedGradients
Erlotinib,0,,all,HMGB3P1,0.00023999922,IntegratedGradients
Erlotinib,0,,all,ZNF839,0.00037989733,IntegratedGradients
Erlotinib,0,,all,MTG2,0.000197938,IntegratedGradients
Erlotinib,0,,all,BPIFA3,0.0013841381,IntegratedGradients
Erlotinib,0,,all,ZC3H14,0.00022643522,IntegratedGradients
Erlotinib,0,,all,MIR4468,0.00019599426,IntegratedGradients
Erlotinib,0,,all,LRRC17,0.0004372558,IntegratedGradients
Erlotinib,0,,all,CLEC5A,0.000101002755,IntegratedGradients
Erlotinib,0,,all,MGAM,0.0001430564,IntegratedGradients
Erlotinib,0,,all,OR9A4,0.00021320055,IntegratedGradients
Erlotinib,0,,all,TAS2R38,0.00018795898,IntegratedGradients
Erlotinib,0,,all,CHCHD3,0.0006724478,IntegratedGradients
Erlotinib,0,,all,TAF4,0.0007472234,IntegratedGradients
Erlotinib,0,,all,TBRG4,0.00070661283,IntegratedGradients
Erlotinib,0,,all,NACAD,0.00049096637,IntegratedGradients
Erlotinib,0,,all,HRH3,0.00026739747,IntegratedGradients
Erlotinib,0,,all,ELMO1,0.0009728494,IntegratedGradients
Erlotinib,0,,all,MIR5580,0.00017774513,IntegratedGradients
Erlotinib,0,,all,SP4,0.0007710733,IntegratedGradients
Erlotinib,0,,all,NRCAM,0.0001723929,IntegratedGradients
Erlotinib,0,,all,ARMC10,8.157643e-05,IntegratedGradients
Erlotinib,0,,all,KIAA1147,0.00013511174,IntegratedGradients
Erlotinib,0,,all,SFRP4,0.00065325666,IntegratedGradients
Erlotinib,0,,all,NME8,0.00044429224,IntegratedGradients
Erlotinib,0,,all,STEAP1B,0.00033124574,IntegratedGradients
Erlotinib,0,,all,C14orf39,0.00071058236,IntegratedGradients
Erlotinib,0,,all,LOC100129148,0.0005225208,IntegratedGradients
Erlotinib,0,,all,GSS,0.00029623683,IntegratedGradients
Erlotinib,0,,all,SLC13A3,0.00028576562,IntegratedGradients
Erlotinib,0,,all,DPF2,0.00071064016,IntegratedGradients
Erlotinib,0,,all,MYH7B,0.00015613831,IntegratedGradients
Erlotinib,0,,all,ACSS2,0.00014575082,IntegratedGradients
Erlotinib,0,,all,KIF3B,0.0006999485,IntegratedGradients
Erlotinib,0,,all,HSP90AA1,0.0011057757,IntegratedGradients
Erlotinib,0,,all,KLRG2,0.00078242994,IntegratedGradients
Erlotinib,0,,all,FMC1,0.00027324745,IntegratedGradients
Erlotinib,0,,all,C7orf55-LUC7L2,0.00030930745,IntegratedGradients
Erlotinib,0,,all,LUC7L2,0.00032726215,IntegratedGradients
Erlotinib,0,,all,ALKBH4,0.0007060424,IntegratedGradients
Erlotinib,0,,all,ZSCAN25,0.0011972857,IntegratedGradients
Erlotinib,0,,all,WEE2-AS1,0.00021200467,IntegratedGradients
Erlotinib,0,,all,WEE2,0.00019613722,IntegratedGradients
Erlotinib,0,,all,BCAP29,0.00056529546,IntegratedGradients
Erlotinib,0,,all,DUS4L,0.00044429506,IntegratedGradients
Erlotinib,0,,all,PDIA4,0.0002804254,IntegratedGradients
Erlotinib,0,,all,EPDR1,0.0007165336,IntegratedGradients
Erlotinib,0,,all,BUD31,0.0014509326,IntegratedGradients
Erlotinib,0,,all,PPP2R5C,0.0009713051,IntegratedGradients
Erlotinib,0,,all,CYP3A4,0.00057636155,IntegratedGradients
Erlotinib,0,,all,BPIFA2,0.0013477782,IntegratedGradients
Erlotinib,0,,all,BPIFA4P,0.001646357,IntegratedGradients
Erlotinib,0,,all,STK4-AS1,0.000278067,IntegratedGradients
Erlotinib,0,,all,STK4,0.00020780873,IntegratedGradients
Erlotinib,0,,all,RAPGEF5,0.0009093315,IntegratedGradients
Erlotinib,0,,all,AVL9,0.0009808589,IntegratedGradients
Erlotinib,0,,all,MIR3916,0.00034017608,IntegratedGradients
Erlotinib,0,,all,DYNC1H1,0.00091418053,IntegratedGradients
Erlotinib,0,,all,GCSAML,0.0003911236,IntegratedGradients
Erlotinib,0,,all,GCSAML-AS1,0.00051937165,IntegratedGradients
Erlotinib,0,,all,OR2C3,0.0007067431,IntegratedGradients
Erlotinib,0,,all,TMEM179,0.000374377,IntegratedGradients
Erlotinib,0,,all,CYP3A5,0.0010636552,IntegratedGradients
Erlotinib,0,,all,KIAA1549,0.0005363502,IntegratedGradients
Erlotinib,0,,all,OR2W5,0.00043024129,IntegratedGradients
Erlotinib,0,,all,NDUFB1,0.00075372873,IntegratedGradients
Erlotinib,0,,all,CPSF2,0.00042837427,IntegratedGradients
Erlotinib,0,,all,CATSPER1,0.0007079721,IntegratedGradients
Erlotinib,0,,all,SIX6,0.0004946982,IntegratedGradients
Erlotinib,0,,all,TAS2R4,0.00016557402,IntegratedGradients
Erlotinib,0,,all,SSBP1,0.0002147193,IntegratedGradients
Erlotinib,0,,all,TAS2R3,0.00018162414,IntegratedGradients
Erlotinib,0,,all,NLRP3,0.00035742274,IntegratedGradients
Erlotinib,0,,all,OR2B11,0.00049058365,IntegratedGradients
Erlotinib,0,,all,ACYP1,0.00018953586,IntegratedGradients
Erlotinib,0,,all,MLH3,0.00013356573,IntegratedGradients
Erlotinib,0,,all,EIF2B2,0.00013323683,IntegratedGradients
Erlotinib,0,,all,ZC2HC1C,0.00016998079,IntegratedGradients
Erlotinib,0,,all,DLD,0.0005797576,IntegratedGradients
Erlotinib,0,,all,TECPR2,0.00081824587,IntegratedGradients
Erlotinib,0,,all,SLC26A4-AS1,0.0005928657,IntegratedGradients
Erlotinib,0,,all,SLC26A4,0.00066585705,IntegratedGradients
Erlotinib,0,,all,CDCA4,0.00045173662,IntegratedGradients
Erlotinib,0,,all,TMEM225B,0.00087224774,IntegratedGradients
Erlotinib,0,,all,ZKSCAN5,0.0009795086,IntegratedGradients
Erlotinib,0,,all,ZNF394,0.0011792909,IntegratedGradients
Erlotinib,0,,all,FAM200A,0.0009247719,IntegratedGradients
Erlotinib,0,,all,ZNF655,0.0007501909,IntegratedGradients
Erlotinib,0,,all,UBE2Z,0.00041634674,IntegratedGradients
Erlotinib,0,,all,AKR1D1,0.0003666686,IntegratedGradients
Erlotinib,0,,all,SEPT7P2,0.0006502862,IntegratedGradients
Erlotinib,0,,all,SLC35B4,0.00020026027,IntegratedGradients
Erlotinib,0,,all,ORAI2,0.00037956442,IntegratedGradients
Erlotinib,0,,all,MOK,0.0009680786,IntegratedGradients
Erlotinib,0,,all,CDC42EP2,0.00090819516,IntegratedGradients
Erlotinib,0,,all,PRKRIP1,0.0004484793,IntegratedGradients
Erlotinib,0,,all,CCZ1P-OR7E38P,0.0015629121,IntegratedGradients
Erlotinib,0,,all,CASTOR2,0.00061960396,IntegratedGradients
Erlotinib,0,,all,GTF2IP1,0.00066639483,IntegratedGradients
Erlotinib,0,,all,ZNF789,0.0011266196,IntegratedGradients
Erlotinib,0,,all,ATP5MF,0.0010763325,IntegratedGradients
Erlotinib,0,,all,CPSF4,0.0011052022,IntegratedGradients
Erlotinib,0,,all,PTCD1,0.0011908034,IntegratedGradients
Erlotinib,0,,all,ATP5MF-PTCD1,0.0013575776,IntegratedGradients
Erlotinib,0,,all,NRDE2,0.00013720457,IntegratedGradients
Erlotinib,0,,all,PSMC1,0.0003307903,IntegratedGradients
Erlotinib,0,,all,HIPK2,0.00063617097,IntegratedGradients
Erlotinib,0,,all,CDK13,0.0010496377,IntegratedGradients
Erlotinib,0,,all,ADCY1,0.00062381825,IntegratedGradients
Erlotinib,0,,all,LAMB1,0.00070238666,IntegratedGradients
Erlotinib,0,,all,TNS3,0.0007424022,IntegratedGradients
Erlotinib,0,,all,DDX56,0.00029134314,IntegratedGradients
Erlotinib,0,,all,LINC00239,0.0010443261,IntegratedGradients
Erlotinib,0,,all,CLEC2L,0.00071300904,IntegratedGradients
Erlotinib,0,,all,ZNF777,0.0003354315,IntegratedGradients
Erlotinib,0,,all,ATP5MC1,0.000538111,IntegratedGradients
Erlotinib,0,,all,SSPO,0.00013113958,IntegratedGradients
Erlotinib,0,,all,ZNF862,0.00033239106,IntegratedGradients
Erlotinib,0,,all,ZNF467,0.00030755374,IntegratedGradients
Erlotinib,0,,all,NPC1L1,0.000342913,IntegratedGradients
Erlotinib,0,,all,KCNS1,0.00033257934,IntegratedGradients
Erlotinib,0,,all,ZNF282,0.000208753,IntegratedGradients
Erlotinib,0,,all,NEK9,0.00023328394,IntegratedGradients
Erlotinib,0,,all,MIR5191,0.0008811332,IntegratedGradients
Erlotinib,0,,all,SIX1,0.0008453346,IntegratedGradients
Erlotinib,0,,all,WFDC5,0.00036194976,IntegratedGradients
Erlotinib,0,,all,ZNF783,0.0001627901,IntegratedGradients
Erlotinib,0,,all,LOC155060,0.00025270903,IntegratedGradients
Erlotinib,0,,all,ZNF212,0.00018679602,IntegratedGradients
Erlotinib,0,,all,SEPT7,0.0008330324,IntegratedGradients
Erlotinib,0,,all,CNTNAP2,0.00066704716,IntegratedGradients
Erlotinib,0,,all,SIX4,0.00070219033,IntegratedGradients
Erlotinib,0,,all,RASA4CP,0.0007125386,IntegratedGradients
Erlotinib,0,,all,POLD2,0.0005169676,IntegratedGradients
Erlotinib,0,,all,GCK,0.00061712164,IntegratedGradients
Erlotinib,0,,all,CAMK2B,0.00059647666,IntegratedGradients
Erlotinib,0,,all,POLM,0.00021166052,IntegratedGradients
Erlotinib,0,,all,MYL7,0.00048773957,IntegratedGradients
Erlotinib,0,,all,YKT6,0.000219163,IntegratedGradients
Erlotinib,0,,all,AEBP1,0.000247412,IntegratedGradients
Erlotinib,0,,all,MIR4649,0.00035427435,IntegratedGradients
Erlotinib,0,,all,LINC00957,0.0004870643,IntegratedGradients
Erlotinib,0,,all,SPDYE1,0.00027506053,IntegratedGradients
Erlotinib,0,,all,PGAM2,0.00025103427,IntegratedGradients
Erlotinib,0,,all,DBNL,0.00037303314,IntegratedGradients
Erlotinib,0,,all,ZNF786,0.000116616044,IntegratedGradients
Erlotinib,0,,all,ZNF398,0.00020506501,IntegratedGradients
Erlotinib,0,,all,ZNF425,0.00019427996,IntegratedGradients
Erlotinib,0,,all,POMT2,0.00015707064,IntegratedGradients
Erlotinib,0,,all,NGB,0.00049406156,IntegratedGradients
Erlotinib,0,,all,ABCB5,0.00018242146,IntegratedGradients
Erlotinib,0,,all,GSTZ1,0.00044716074,IntegratedGradients
Erlotinib,0,,all,TMED10,0.00023596841,IntegratedGradients
Erlotinib,0,,all,KRBA1,0.00019816303,IntegratedGradients
Erlotinib,0,,all,MNAT1,0.00082731526,IntegratedGradients
Erlotinib,0,,all,ZNF746,0.00013208497,IntegratedGradients
Erlotinib,0,,all,ZNF334,0.00037452628,IntegratedGradients
Erlotinib,0,,all,CUL1,0.0008156387,IntegratedGradients
Erlotinib,0,,all,ASXL1,0.00087099854,IntegratedGradients
Erlotinib,0,,all,MKRN7P,0.0003982941,IntegratedGradients
Erlotinib,0,,all,ZNF663P,0.0005705058,IntegratedGradients
Erlotinib,0,,all,PTGDR,0.0014526898,IntegratedGradients
Erlotinib,0,,all,NOL4L,0.0009591119,IntegratedGradients
Erlotinib,0,,all,MIR644A,0.0006331941,IntegratedGradients
Erlotinib,0,,all,POLR2J4,0.00031842422,IntegratedGradients
Erlotinib,0,,all,VASH1,0.0005006161,IntegratedGradients
Erlotinib,0,,all,ZNF3,0.00020219453,IntegratedGradients
Erlotinib,0,,all,SAMD15,0.0008313055,IntegratedGradients
Erlotinib,0,,all,TMED8,0.0005675387,IntegratedGradients
Erlotinib,0,,all,CREB5,0.0007896475,IntegratedGradients
Erlotinib,0,,all,LINC01220,0.00024298615,IntegratedGradients
Erlotinib,0,,all,GPR141,0.00017769112,IntegratedGradients
Erlotinib,0,,all,ZSCAN21,0.000213986,IntegratedGradients
Erlotinib,0,,all,THAP5,0.0002581592,IntegratedGradients
Erlotinib,0,,all,VIPAS39,0.0005722034,IntegratedGradients
Erlotinib,0,,all,NOXRED1,0.0010115213,IntegratedGradients
Erlotinib,0,,all,HBP1,0.0007714319,IntegratedGradients
Erlotinib,0,,all,COG5,0.00062003295,IntegratedGradients
Erlotinib,0,,all,SAMD4A,0.0006079265,IntegratedGradients
Erlotinib,0,,all,CGRRF1,0.0003260465,IntegratedGradients
Erlotinib,0,,all,FRMD6-AS1,0.000746594,IntegratedGradients
Erlotinib,0,,all,STAG3,0.000261754,IntegratedGradients
Erlotinib,0,,all,NUDCD3,0.0006877765,IntegratedGradients
Erlotinib,0,,all,GAL3ST4,0.00025313086,IntegratedGradients
Erlotinib,0,,all,MIR4658,0.00033014582,IntegratedGradients
Erlotinib,0,,all,C7orf43,0.00025866204,IntegratedGradients
Erlotinib,0,,all,GPC2,0.00022446922,IntegratedGradients
Erlotinib,0,,all,LAMTOR4,0.00036845237,IntegratedGradients
Erlotinib,0,,all,MCM7,0.0002454787,IntegratedGradients
Erlotinib,0,,all,COPS6,0.00027529965,IntegratedGradients
Erlotinib,0,,all,PRSS58,0.0005639207,IntegratedGradients
Erlotinib,0,,all,GPR68,0.00032110154,IntegratedGradients
Erlotinib,0,,all,CCDC88C,0.00043686858,IntegratedGradients
Erlotinib,0,,all,ANGEL1,0.00092080224,IntegratedGradients
Erlotinib,0,,all,CDK14,0.001361444,IntegratedGradients
Erlotinib,0,,all,JDP2,0.00025171737,IntegratedGradients
Erlotinib,0,,all,UBE2D4,0.00033234974,IntegratedGradients
Erlotinib,0,,all,MOXD2P,0.0009766779,IntegratedGradients
Erlotinib,0,,all,SERPINA13P,0.00045374158,IntegratedGradients
Erlotinib,0,,all,TPX2,0.00040770002,IntegratedGradients
Erlotinib,0,,all,SERPINA3,0.00027389874,IntegratedGradients
Erlotinib,0,,all,LRRC74A,0.001114706,IntegratedGradients
Erlotinib,0,,all,PMS2P5,0.00072210736,IntegratedGradients
Erlotinib,0,,all,STAG3L2,0.000657167,IntegratedGradients
Erlotinib,0,,all,CLBA1,0.0012908411,IntegratedGradients
Erlotinib,0,,all,JAZF1-AS1,0.0005388284,IntegratedGradients
Erlotinib,0,,all,LINC00642,0.0006558272,IntegratedGradients
Erlotinib,0,,all,TBXAS1,0.00012849335,IntegratedGradients
Erlotinib,0,,all,NID2,0.00023615215,IntegratedGradients
Erlotinib,0,,all,DPY19L2P2,0.00040905253,IntegratedGradients
Erlotinib,0,,all,RPL19P12,0.00025463715,IntegratedGradients
Erlotinib,0,,all,MYL10,0.00045982568,IntegratedGradients
Erlotinib,0,,all,EML1,0.0005972699,IntegratedGradients
Erlotinib,0,,all,NRXN3,0.0007335934,IntegratedGradients
Erlotinib,0,,all,SERPINA4,0.00015922383,IntegratedGradients
Erlotinib,0,,all,MMP24,0.00055004604,IntegratedGradients
Erlotinib,0,,all,DPY19L1P1,0.00017500417,IntegratedGradients
Erlotinib,0,,all,AP4M1,0.00012816429,IntegratedGradients
Erlotinib,0,,all,MIR93,7.873475e-05,IntegratedGradients
Erlotinib,0,,all,TAF6,0.00022883453,IntegratedGradients
Erlotinib,0,,all,MIR25,0.00012111193,IntegratedGradients
Erlotinib,0,,all,CNPY4,0.0003138926,IntegratedGradients
Erlotinib,0,,all,MIR106B,0.0001146087,IntegratedGradients
Erlotinib,0,,all,SERPINA5,0.00021259126,IntegratedGradients
Erlotinib,0,,all,SPTLC2,0.00073879847,IntegratedGradients
Erlotinib,0,,all,AHNAK2,0.00149563,IntegratedGradients
Erlotinib,0,,all,PLD4,0.0013598124,IntegratedGradients
Erlotinib,0,,all,PIGU,0.00073476764,IntegratedGradients
Erlotinib,0,,all,DYNLRB1,0.0008774415,IntegratedGradients
Erlotinib,0,,all,MAP1LC3A,0.000463605,IntegratedGradients
Erlotinib,0,,all,MIR4650-1,0.0020869803,IntegratedGradients
Erlotinib,0,,all,NSUN5P1,0.00043296287,IntegratedGradients
Erlotinib,0,,all,POM121C,0.0006877409,IntegratedGradients
Erlotinib,0,,all,TYW1B,0.0013623876,IntegratedGradients
Erlotinib,0,,all,AREL1,0.00014124787,IntegratedGradients
Erlotinib,0,,all,EIF6,0.00040977882,IntegratedGradients
Erlotinib,0,,all,MMP24OS,0.0004900108,IntegratedGradients
Erlotinib,0,,all,MIR4308,0.0003104682,IntegratedGradients
Erlotinib,0,,all,GCH1,0.00045547244,IntegratedGradients
Erlotinib,0,,all,PTN,0.0009750498,IntegratedGradients
Erlotinib,0,,all,CDCA7L,0.00035855497,IntegratedGradients
Erlotinib,0,,all,FCF1,0.00019151616,IntegratedGradients
Erlotinib,0,,all,DCAF4,0.00054312043,IntegratedGradients
Erlotinib,0,,all,NAPEPLD,0.00033003202,IntegratedGradients
Erlotinib,0,,all,RCC1L,0.00046873812,IntegratedGradients
Erlotinib,0,,all,CDKN3,0.0005453173,IntegratedGradients
Erlotinib,0,,all,CNIH1,0.00053349015,IntegratedGradients
Erlotinib,0,,all,FAM83C,0.00030906574,IntegratedGradients
Erlotinib,0,,all,URGCP,0.00024735724,IntegratedGradients
Erlotinib,0,,all,URGCP-MRPS24,0.00023303897,IntegratedGradients
Erlotinib,0,,all,MRPS24,0.00030900762,IntegratedGradients
Erlotinib,0,,all,CALM1,0.00012257074,IntegratedGradients
Erlotinib,0,,all,C7orf65,0.00028142967,IntegratedGradients
Erlotinib,0,,all,ZNF767P,0.00025701124,IntegratedGradients
Erlotinib,0,,all,GMFB,0.0006494379,IntegratedGradients
Erlotinib,0,,all,GTF2IRD2B,0.00048972253,IntegratedGradients
Erlotinib,0,,all,ATP8B2,0.00014948967,IntegratedGradients
Erlotinib,0,,all,SLC35C2,0.0005080057,IntegratedGradients
Erlotinib,0,,all,BMP4,0.00037563095,IntegratedGradients
Erlotinib,0,,all,ZNF335,0.00060057105,IntegratedGradients
Erlotinib,0,,all,SYNDIG1L,0.00017369053,IntegratedGradients
Erlotinib,0,,all,RTRAF,0.00037227626,IntegratedGradients
Erlotinib,0,,all,LINC00648,0.00020975778,IntegratedGradients
Erlotinib,0,,all,ADCK1,0.00062262535,IntegratedGradients
Erlotinib,0,,all,CPVL,0.00020801785,IntegratedGradients
Erlotinib,0,,all,FOXN3-AS2,0.00035518935,IntegratedGradients
Erlotinib,0,,all,FOS,0.0003809836,IntegratedGradients
Erlotinib,0,,all,LAMB4,0.00034346653,IntegratedGradients
Erlotinib,0,,all,PTGER2,0.00019002351,IntegratedGradients
Erlotinib,0,,all,VRTN,0.0005249692,IntegratedGradients
Erlotinib,0,,all,FERD3L,0.00048113268,IntegratedGradients
Erlotinib,0,,all,ASNS,0.0011751279,IntegratedGradients
Erlotinib,0,,all,SUGCT,0.000921036,IntegratedGradients
Erlotinib,0,,all,GSC,0.0007994345,IntegratedGradients
Erlotinib,0,,all,TMEM229A,0.00052919827,IntegratedGradients
Erlotinib,0,,all,TWIST1,0.0009997077,IntegratedGradients
Erlotinib,0,,all,IQGAP3,0.00025816917,IntegratedGradients
Erlotinib,0,,all,TAC1,0.0019253462,IntegratedGradients
Erlotinib,0,,all,RPS6KA5,0.00018173801,IntegratedGradients
Erlotinib,0,,all,ESRRB,0.0009942004,IntegratedGradients
Erlotinib,0,,all,CHGA,0.001275584,IntegratedGradients
Erlotinib,0,,all,ASB15,0.0005309484,IntegratedGradients
Erlotinib,0,,all,LINC00525,0.00039598034,IntegratedGradients
Erlotinib,0,,all,NCOA5,0.0007042515,IntegratedGradients
Erlotinib,0,,all,WDHD1,0.00028475592,IntegratedGradients
Erlotinib,0,,all,LOC100506497,0.00036074233,IntegratedGradients
Erlotinib,0,,all,HOXA11-AS,0.00070344994,IntegratedGradients
Erlotinib,0,,all,MALAT1,0.00061717036,IntegratedGradients
Erlotinib,0,,all,CASTOR3,0.00012811864,IntegratedGradients
Erlotinib,0,,all,SOCS4,0.00028874582,IntegratedGradients
Erlotinib,0,,all,C7orf33,0.00041972625,IntegratedGradients
Erlotinib,0,,all,DIO3,0.0012697832,IntegratedGradients
Erlotinib,0,,all,MIR1247,0.0013962832,IntegratedGradients
Erlotinib,0,,all,SNW1,0.00077409943,IntegratedGradients
Erlotinib,0,,all,SLIRP,0.0005835087,IntegratedGradients
Erlotinib,0,,all,TMEM30B,0.0004970351,IntegratedGradients
Erlotinib,0,,all,INHBA-AS1,0.000301871,IntegratedGradients
Erlotinib,0,,all,LGMN,0.0012091665,IntegratedGradients
Erlotinib,0,,all,GNG2,0.00082422304,IntegratedGradients
Erlotinib,0,,all,CYP3A43,0.0005338343,IntegratedGradients
Erlotinib,0,,all,KTN1-AS1,0.0004099181,IntegratedGradients
Erlotinib,0,,all,KTN1,0.00047279368,IntegratedGradients
Erlotinib,0,,all,ING3,0.00025369925,IntegratedGradients
Erlotinib,0,,all,GOLGA5,0.0008935035,IntegratedGradients
Erlotinib,0,,all,NDUFA5,0.0004097808,IntegratedGradients
Erlotinib,0,,all,LTBP2,0.00017057105,IntegratedGradients
Erlotinib,0,,all,ISCA2,0.00016023655,IntegratedGradients
Erlotinib,0,,all,NPC2,0.00011332867,IntegratedGradients
Erlotinib,0,,all,GLI3,0.000289022,IntegratedGradients
Erlotinib,0,,all,PRKCH,0.0005925612,IntegratedGradients
Erlotinib,0,,all,AGK,0.0002452817,IntegratedGradients
Erlotinib,0,,all,AZGP1P1,0.00024113053,IntegratedGradients
Erlotinib,0,,all,ZKSCAN1,0.00022456456,IntegratedGradients
Erlotinib,0,,all,TRIM4,0.00011313989,IntegratedGradients
Erlotinib,0,,all,GJC3,0.0001777291,IntegratedGradients
Erlotinib,0,,all,INHBA,0.00036114844,IntegratedGradients
Erlotinib,0,,all,AAR2,0.0004685299,IntegratedGradients
Erlotinib,0,,all,TTC7B,9.509758e-05,IntegratedGradients
Erlotinib,0,,all,STK17A,0.0008284891,IntegratedGradients
Erlotinib,0,,all,COA1,0.00070677605,IntegratedGradients
Erlotinib,0,,all,KIF26A,0.00017490599,IntegratedGradients
Erlotinib,0,,all,TRIM24,0.00017104436,IntegratedGradients
Erlotinib,0,,all,SERPINA1,0.0003007474,IntegratedGradients
Erlotinib,0,,all,GPR132,0.00020827465,IntegratedGradients
Erlotinib,0,,all,MIR203A,0.0005657587,IntegratedGradients
Erlotinib,0,,all,ASPG,0.00031130796,IntegratedGradients
Erlotinib,0,,all,MIR203B,0.00017855589,IntegratedGradients
Erlotinib,0,,all,ITPK1,0.0010407793,IntegratedGradients
Erlotinib,0,,all,MMP9,0.00058599695,IntegratedGradients
Erlotinib,0,,all,CPED1,0.00014358026,IntegratedGradients
Erlotinib,0,,all,FOXN3-AS1,9.2490634e-05,IntegratedGradients
Erlotinib,0,,all,TNPO3,0.00021078171,IntegratedGradients
Erlotinib,0,,all,TRMT5,0.00041354832,IntegratedGradients
Erlotinib,0,,all,SLC38A6,0.00020188591,IntegratedGradients
Erlotinib,0,,all,FAM71F1,0.0002274234,IntegratedGradients
Erlotinib,0,,all,HYAL4,0.00025258824,IntegratedGradients
Erlotinib,0,,all,HYAL6P,0.0004052656,IntegratedGradients
Erlotinib,0,,all,SPAM1,0.00047143875,IntegratedGradients
Erlotinib,0,,all,WASL,0.00034608904,IntegratedGradients
Erlotinib,0,,all,CD40,0.0005652044,IntegratedGradients
Erlotinib,0,,all,FAM71F2,0.00030340295,IntegratedGradients
Erlotinib,0,,all,DICER1-AS1,0.00020758146,IntegratedGradients
Erlotinib,0,,all,MIR3173,0.00018459366,IntegratedGradients
Erlotinib,0,,all,CLMN,0.00019696439,IntegratedGradients
Erlotinib,0,,all,DICER1,9.63052e-05,IntegratedGradients
Erlotinib,0,,all,UQCC1,0.0003881459,IntegratedGradients
Erlotinib,0,,all,C7orf69,0.0005240771,IntegratedGradients
Erlotinib,0,,all,RIN3,0.0010393517,IntegratedGradients
Erlotinib,0,,all,LMOD2,0.0006303062,IntegratedGradients
Erlotinib,0,,all,LINC00871,0.00075313816,IntegratedGradients
Erlotinib,0,,all,PCIF1,0.0003438259,IntegratedGradients
Erlotinib,0,,all,IQUB,0.00025996403,IntegratedGradients
Erlotinib,0,,all,DNAH11,0.00039827888,IntegratedGradients
Erlotinib,0,,all,TPI1P2,0.00011026264,IntegratedGradients
Erlotinib,0,,all,OR2AE1,0.0002461962,IntegratedGradients
Erlotinib,0,,all,PKD1L1,0.00046455392,IntegratedGradients
Erlotinib,0,,all,SNORA11B,0.00088382326,IntegratedGradients
Erlotinib,0,,all,C14orf178,0.0009235443,IntegratedGradients
Erlotinib,0,,all,IRF5,9.2988295e-05,IntegratedGradients
Erlotinib,0,,all,BPIFA1,0.0012433197,IntegratedGradients
Erlotinib,0,,all,TSPAN12,0.00046285475,IntegratedGradients
Erlotinib,0,,all,SLC12A5,0.0007302819,IntegratedGradients
Erlotinib,0,,all,PLTP,0.0004794701,IntegratedGradients
Erlotinib,0,,all,TMEM178B,0.00020167032,IntegratedGradients
Erlotinib,0,,all,COX16,0.00030884618,IntegratedGradients
Erlotinib,0,,all,SYNJ2BP-COX16,0.00042092198,IntegratedGradients
Erlotinib,0,,all,CTSA,0.00045919284,IntegratedGradients
Erlotinib,0,,all,MIR5698,0.00013262968,IntegratedGradients
Erlotinib,0,,all,CYP46A1,0.00036047644,IntegratedGradients
Erlotinib,0,,all,ZDHHC22,0.0006406491,IntegratedGradients
Erlotinib,0,,all,CDC14C,0.0014616761,IntegratedGradients
Erlotinib,0,,all,SPATA25,0.00078811066,IntegratedGradients
Erlotinib,0,,all,ZSWIM1,0.0002715366,IntegratedGradients
Erlotinib,0,,all,NEURL2,0.00035926077,IntegratedGradients
Erlotinib,0,,all,ITCH,0.0003893414,IntegratedGradients
Erlotinib,0,,all,ATP6V0A4,0.0009958685,IntegratedGradients
Erlotinib,0,,all,CDH22,0.00060861243,IntegratedGradients
Erlotinib,0,,all,SNTA1,0.00012782404,IntegratedGradients
Erlotinib,0,,all,SNX13,0.0005132885,IntegratedGradients
Erlotinib,0,,all,PNPLA8,9.4150055e-05,IntegratedGradients
Erlotinib,0,,all,SERPINA6,0.0002331752,IntegratedGradients
Erlotinib,0,,all,SEMA3A,0.001694051,IntegratedGradients
Erlotinib,0,,all,VWC2,0.0013287234,IntegratedGradients
Erlotinib,0,,all,UBN2,0.00065641105,IntegratedGradients
Erlotinib,0,,all,TTC26,0.00023874767,IntegratedGradients
Erlotinib,0,,all,GPATCH2L,0.00016076484,IntegratedGradients
Erlotinib,0,,all,PRPS1L1,0.0005169807,IntegratedGradients
Erlotinib,0,,all,DGLUCY,0.00046572083,IntegratedGradients
Erlotinib,0,,all,HDAC9,0.00029758175,IntegratedGradients
Erlotinib,0,,all,IRF2BPL,0.0009385772,IntegratedGradients
Erlotinib,0,,all,AZGP1,9.33198e-05,IntegratedGradients
Erlotinib,0,,all,LINC01347,0.0006666221,IntegratedGradients
Erlotinib,0,,all,CATSPERB,0.00023743589,IntegratedGradients
Erlotinib,0,,all,ZC3HAV1L,0.00057420833,IntegratedGradients
Erlotinib,0,,all,BATF,0.0003120517,IntegratedGradients
Erlotinib,0,,all,WFDC6,0.00028816078,IntegratedGradients
Erlotinib,0,,all,EPPIN-WFDC6,0.00040798853,IntegratedGradients
Erlotinib,0,,all,EPPIN,0.00032447232,IntegratedGradients
Erlotinib,0,,all,OPN1SW,7.781286e-05,IntegratedGradients
Erlotinib,0,,all,CCDC136,0.00019032652,IntegratedGradients
Erlotinib,0,,all,SYNJ2BP,0.00012458432,IntegratedGradients
Erlotinib,0,,all,TMEM213,0.00077146786,IntegratedGradients
Erlotinib,0,,all,ZNF853,0.00029686897,IntegratedGradients
Erlotinib,0,,all,C7orf77,0.00020312672,IntegratedGradients
Erlotinib,0,,all,CIPC,0.0004551774,IntegratedGradients
Erlotinib,0,,all,SPINT3,0.00036104093,IntegratedGradients
Erlotinib,0,,all,ZSWIM3,0.00028720358,IntegratedGradients
Erlotinib,0,,all,ACOT8,0.0004704837,IntegratedGradients
Erlotinib,0,,all,SNX21,0.00032887218,IntegratedGradients
Erlotinib,0,,all,ADAM21P1,0.00016984073,IntegratedGradients
Erlotinib,0,,all,SYS1-DBNDD2,0.00037148787,IntegratedGradients
Erlotinib,0,,all,TP53TG5,0.0005300553,IntegratedGradients
Erlotinib,0,,all,LOC101409256,0.001271528,IntegratedGradients
Erlotinib,0,,all,AUTS2,0.0006567771,IntegratedGradients
Erlotinib,0,,all,SLC13A1,0.00071463716,IntegratedGradients
Erlotinib,0,,all,SVOPL,0.0010776528,IntegratedGradients
Erlotinib,0,,all,ZNF12,0.00019486765,IntegratedGradients
Erlotinib,0,,all,HIP1,0.00051584776,IntegratedGradients
Erlotinib,0,,all,PMS2P3,0.00041292934,IntegratedGradients
Erlotinib,0,,all,SPDYE5,0.0004337553,IntegratedGradients
Erlotinib,0,,all,C7orf26,0.00019732518,IntegratedGradients
Erlotinib,0,,all,TMEM63C,0.0007295941,IntegratedGradients
Erlotinib,0,,all,MAP3K9,0.00035611936,IntegratedGradients
Erlotinib,0,,all,BLVRA,0.0006855512,IntegratedGradients
Erlotinib,0,,all,WFDC8,0.000358978,IntegratedGradients
Erlotinib,0,,all,ATP6V1FNB,0.00012495411,IntegratedGradients
Erlotinib,0,,all,ATP6V1F,0.00023079455,IntegratedGradients
Erlotinib,0,,all,FLNC,0.00022833387,IntegratedGradients
Erlotinib,0,,all,KCP,0.000118677606,IntegratedGradients
Erlotinib,0,,all,WFDC10A,0.00013008165,IntegratedGradients
Erlotinib,0,,all,TAS2R16,0.00065073767,IntegratedGradients
Erlotinib,0,,all,ADAM20P1,0.00022176678,IntegratedGradients
Erlotinib,0,,all,DEFB124,0.00026858487,IntegratedGradients
Erlotinib,0,,all,GDF5,0.0003249915,IntegratedGradients
Erlotinib,0,,all,HM13,0.0005951907,IntegratedGradients
Erlotinib,0,,all,UBE2C,0.00082738465,IntegratedGradients
Erlotinib,0,,all,WFDC11,0.0003967318,IntegratedGradients
Erlotinib,0,,all,ZNF273,0.00022325378,IntegratedGradients
Erlotinib,0,,all,ID1,0.0005822553,IntegratedGradients
Erlotinib,0,,all,MIR3193,0.0005363118,IntegratedGradients
Erlotinib,0,,all,GTPBP10,0.0019119792,IntegratedGradients
Erlotinib,0,,all,WFDC9,0.0005967222,IntegratedGradients
Erlotinib,0,,all,POT1,0.00021144161,IntegratedGradients
Erlotinib,0,,all,HOTTIP,0.001059499,IntegratedGradients
Erlotinib,0,,all,CDHR3,0.0003200995,IntegratedGradients
Erlotinib,0,,all,HM13-AS1,0.00063508167,IntegratedGradients
Erlotinib,0,,all,DLGAP4,0.00034653963,IntegratedGradients
Erlotinib,0,,all,GTF2IRD2,0.0009286149,IntegratedGradients
Erlotinib,0,,all,TGFB3,0.00024382924,IntegratedGradients
Erlotinib,0,,all,ZC3HAV1,0.00069373567,IntegratedGradients
Erlotinib,0,,all,LOC100287792,0.00052248884,IntegratedGradients
Erlotinib,0,,all,CTNNBL1,0.00026313125,IntegratedGradients
Erlotinib,0,,all,PRRT4,0.0006074713,IntegratedGradients
Erlotinib,0,,all,IMPDH1,0.00050088915,IntegratedGradients
Erlotinib,0,,all,DNTTIP1,0.0008084724,IntegratedGradients
Erlotinib,0,,all,PROCR,0.0007020726,IntegratedGradients
Erlotinib,0,,all,MGC27345,0.00017982426,IntegratedGradients
Erlotinib,0,,all,RBM28,0.00012676443,IntegratedGradients
Erlotinib,0,,all,WFDC3,0.00076413155,IntegratedGradients
Erlotinib,0,,all,CCL26,0.0007088199,IntegratedGradients
Erlotinib,0,,all,CLDN12,0.0016449818,IntegratedGradients
Erlotinib,0,,all,HECW1,0.00031497522,IntegratedGradients
Erlotinib,0,,all,LINC00489,0.00012552956,IntegratedGradients
Erlotinib,0,,all,IFT43,0.00072672934,IntegratedGradients
Erlotinib,0,,all,WFDC13,0.0006428641,IntegratedGradients
Erlotinib,0,,all,WFDC10B,0.00039079474,IntegratedGradients
Erlotinib,0,,all,PSEN1,0.0009639261,IntegratedGradients
Erlotinib,0,,all,TRIP11,0.0007352064,IntegratedGradients
Erlotinib,0,,all,PMS2CL,0.0002208898,IntegratedGradients
Erlotinib,0,,all,PMS2P1,0.000104244726,IntegratedGradients
Erlotinib,0,,all,SPDYE3,0.00022917757,IntegratedGradients
Erlotinib,0,,all,PILRB,0.00030332158,IntegratedGradients
Erlotinib,0,,all,CDK5RAP1,0.00026559632,IntegratedGradients
Erlotinib,0,,all,PCNX1,0.0002533275,IntegratedGradients
Erlotinib,0,,all,TWISTNB,0.0006351543,IntegratedGradients
Erlotinib,0,,all,LINC01000,0.00027719678,IntegratedGradients
Erlotinib,0,,all,CEP170B,0.0012501037,IntegratedGradients
Erlotinib,0,,all,TMEM196,0.0005965496,IntegratedGradients
Erlotinib,0,,all,MIR3146,0.00042716283,IntegratedGradients
Erlotinib,0,,all,ATXN3,0.0005570207,IntegratedGradients
Erlotinib,0,,all,ADAM20,0.00025022766,IntegratedGradients
Erlotinib,0,,all,LEP,0.00017022595,IntegratedGradients
Erlotinib,0,,all,TSGA13,0.00021301293,IntegratedGradients
Erlotinib,0,,all,PPP1R35,0.0004717633,IntegratedGradients
Erlotinib,0,,all,TSC22D4,0.00048976956,IntegratedGradients
Erlotinib,0,,all,C7orf61,0.00023382207,IntegratedGradients
Erlotinib,0,,all,MEPCE,0.00036225616,IntegratedGradients
Erlotinib,0,,all,ZCWPW1,0.00043194668,IntegratedGradients
Erlotinib,0,,all,MRPL32,0.00018889684,IntegratedGradients
Erlotinib,0,,all,C7orf25,0.00023858667,IntegratedGradients
Erlotinib,0,,all,PSMA2,0.00012834395,IntegratedGradients
Erlotinib,0,,all,NME1-NME2,0.00085322675,IntegratedGradients
Erlotinib,0,,all,NME1,0.0007500616,IntegratedGradients
Erlotinib,0,,all,METTL2B,0.00020262205,IntegratedGradients
Erlotinib,0,,all,HILPDA,0.00034887172,IntegratedGradients
Erlotinib,0,,all,SUPT4H1,0.00061005494,IntegratedGradients
Erlotinib,0,,all,NME2,0.00091117615,IntegratedGradients
Erlotinib,0,,all,TNNC2,0.0005915205,IntegratedGradients
Erlotinib,0,,all,LINC00523,0.0005864536,IntegratedGradients
Erlotinib,0,,all,BEGAIN,0.00026008597,IntegratedGradients
Erlotinib,0,,all,OCM2,0.0009775171,IntegratedGradients
Erlotinib,0,,all,KLHDC10,7.795536e-05,IntegratedGradients
Erlotinib,0,,all,TMEM209,0.0002327529,IntegratedGradients
Erlotinib,0,,all,SNORA5C,0.00060965196,IntegratedGradients
Erlotinib,0,,all,MIR335,0.0005037998,IntegratedGradients
Erlotinib,0,,all,MEST,0.00017158399,IntegratedGradients
Erlotinib,0,,all,MESTIT1,0.00015466768,IntegratedGradients
Erlotinib,0,,all,COPG2,0.00010697208,IntegratedGradients
Erlotinib,0,,all,PILRA,0.00014839084,IntegratedGradients
Erlotinib,0,,all,MIR3943,0.00043875305,IntegratedGradients
Erlotinib,0,,all,SP8,0.00056625163,IntegratedGradients
Erlotinib,0,,all,C20orf173,0.0005762838,IntegratedGradients
Erlotinib,0,,all,EDEM2,0.00039909367,IntegratedGradients
Erlotinib,0,,all,MRPS33,0.00018324309,IntegratedGradients
Erlotinib,0,,all,SERPINA11,0.00025312896,IntegratedGradients
Erlotinib,0,,all,SERPINA12,0.0002861512,IntegratedGradients
Erlotinib,0,,all,MED6,0.0004112596,IntegratedGradients
Erlotinib,0,,all,FAM3C,0.00028945613,IntegratedGradients
Erlotinib,0,,all,MDGA2,0.0008183233,IntegratedGradients
Erlotinib,0,,all,WNT16,0.0002558672,IntegratedGradients
Erlotinib,0,,all,EZH2,0.00073920615,IntegratedGradients
Erlotinib,0,,all,GPR37,0.00026937632,IntegratedGradients
Erlotinib,0,,all,SERPINA9,0.0004034294,IntegratedGradients
Erlotinib,0,,all,MIR4736,0.00075146346,IntegratedGradients
Erlotinib,0,,all,BPIFB1,0.0013574288,IntegratedGradients
Erlotinib,0,,all,ELMO2,0.00047566096,IntegratedGradients
Erlotinib,0,,all,GPR22,0.00072354573,IntegratedGradients
Erlotinib,0,,all,ZNF695,0.00044073068,IntegratedGradients
Erlotinib,0,,all,ZNF670-ZNF695,0.0009692433,IntegratedGradients
Erlotinib,0,,all,ITPK1-AS1,0.0012787068,IntegratedGradients
Erlotinib,0,,all,ADAM21,0.00037413384,IntegratedGradients
Erlotinib,0,,all,TC2N,0.00044732966,IntegratedGradients
Erlotinib,0,,all,COX20,0.0011256717,IntegratedGradients
Erlotinib,0,,all,HNRNPU,0.00066057075,IntegratedGradients
Erlotinib,0,,all,CALU,0.00028258582,IntegratedGradients
Erlotinib,0,,all,STRIP2,0.0002021147,IntegratedGradients
Erlotinib,0,,all,FERMT2,0.0009291012,IntegratedGradients
Erlotinib,0,,all,ZNF92,0.00066023733,IntegratedGradients
Erlotinib,0,,all,SYS1,0.00048950926,IntegratedGradients
Erlotinib,0,,all,SSMEM1,0.00021672234,IntegratedGradients
Erlotinib,0,,all,REM1,0.00067488226,IntegratedGradients
Erlotinib,0,,all,LINC00028,0.00048461987,IntegratedGradients
Erlotinib,0,,all,DEFB123,0.0006110095,IntegratedGradients
Erlotinib,0,,all,GRM8,0.0005221076,IntegratedGradients
Erlotinib,0,,all,NUP210L,0.00011977313,IntegratedGradients
Erlotinib,0,,all,CEP170,0.0006560222,IntegratedGradients
Erlotinib,0,,all,PARP12,0.00036707564,IntegratedGradients
Erlotinib,0,,all,NXPH1,0.00011178468,IntegratedGradients
Erlotinib,0,,all,OR6F1,0.00078441354,IntegratedGradients
Erlotinib,0,,all,SLC8A3,0.00022140463,IntegratedGradients
Erlotinib,0,,all,POU5F1P4,0.00032624355,IntegratedGradients
Erlotinib,0,,all,MIR3914-2,0.00051439146,IntegratedGradients
Erlotinib,0,,all,MIR3914-1,0.00032803425,IntegratedGradients
Erlotinib,0,,all,HAX1,0.00016290006,IntegratedGradients
Erlotinib,0,,all,FBLN5,0.00016135605,IntegratedGradients
Erlotinib,0,,all,FAM181A,0.00028855065,IntegratedGradients
Erlotinib,0,,all,LUARIS,0.00054265023,IntegratedGradients
Erlotinib,0,,all,PRKAR2B,0.0009198048,IntegratedGradients
Erlotinib,0,,all,CPA1,0.00013333932,IntegratedGradients
Erlotinib,0,,all,CEP41,0.00013951804,IntegratedGradients
Erlotinib,0,,all,ISM2,0.0004291669,IntegratedGradients
Erlotinib,0,,all,TSPAN33,0.00021775908,IntegratedGradients
Erlotinib,0,,all,AHCYL2,0.00011002865,IntegratedGradients
Erlotinib,0,,all,SMO,0.00032302976,IntegratedGradients
Erlotinib,0,,all,NUMB,0.00081969425,IntegratedGradients
Erlotinib,0,,all,NRF1,0.00014809925,IntegratedGradients
Erlotinib,0,,all,FAM181A-AS1,0.00021820652,IntegratedGradients
Erlotinib,0,,all,OR2G2,0.0009290446,IntegratedGradients
Erlotinib,0,,all,RUSC1,0.00029709574,IntegratedGradients
Erlotinib,0,,all,AHSA1,0.00034615002,IntegratedGradients
Erlotinib,0,,all,YWHAEP1,0.00054979516,IntegratedGradients
Erlotinib,0,,all,CPA5,0.0001564238,IntegratedGradients
Erlotinib,0,,all,ACOT4,0.0014209339,IntegratedGradients
Erlotinib,0,,all,ACOT2,0.0013188525,IntegratedGradients
Erlotinib,0,,all,ZDHHC4,0.00040674114,IntegratedGradients
Erlotinib,0,,all,ACOT6,0.0013691618,IntegratedGradients
Erlotinib,0,,all,GALNT17,0.00024740509,IntegratedGradients
Erlotinib,0,,all,OR13G1,0.00051345513,IntegratedGradients
Erlotinib,0,,all,RNF43,0.0006991823,IntegratedGradients
Erlotinib,0,,all,ADCK2,0.00049757084,IntegratedGradients
Erlotinib,0,,all,LOC145474,0.0010974607,IntegratedGradients
Erlotinib,0,,all,SIPA1L1,0.0009681348,IntegratedGradients
Erlotinib,0,,all,GRID2IP,0.00052331976,IntegratedGradients
Erlotinib,0,,all,KDM7A-DT,0.0003057431,IntegratedGradients
Erlotinib,0,,all,LOC407835,8.8509376e-05,IntegratedGradients
Erlotinib,0,,all,SMKR1,7.392237e-05,IntegratedGradients
Erlotinib,0,,all,HIBADH,0.0007769484,IntegratedGradients
Erlotinib,0,,all,BBOF1,0.0017379755,IntegratedGradients
Erlotinib,0,,all,BET1,0.0008943817,IntegratedGradients
Erlotinib,0,,all,PDE1C,0.001716408,IntegratedGradients
Erlotinib,0,,all,ZC3HC1,0.00030426987,IntegratedGradients
Erlotinib,0,,all,FRG1BP,0.0019525494,IntegratedGradients
Erlotinib,0,,all,GNG11,0.0010349955,IntegratedGradients
Erlotinib,0,,all,BMPER,0.0011498799,IntegratedGradients
Erlotinib,0,,all,UBAP2L,0.00026742156,IntegratedGradients
Erlotinib,0,,all,MIR555,0.00020307112,IntegratedGradients
Erlotinib,0,,all,JAZF1,0.00070824596,IntegratedGradients
Erlotinib,0,,all,RPL23P8,0.0007970331,IntegratedGradients
Erlotinib,0,,all,C1orf43,0.00018436654,IntegratedGradients
Erlotinib,0,,all,OR2W3,0.001247369,IntegratedGradients
Erlotinib,0,,all,RAB19,0.00030478576,IntegratedGradients
Erlotinib,0,,all,MKRN1,0.0005707443,IntegratedGradients
Erlotinib,0,,all,RGS6,0.0009792187,IntegratedGradients
Erlotinib,0,,all,RSPH10B2,0.00016045022,IntegratedGradients
Erlotinib,0,,all,VSTM2L,0.0001614818,IntegratedGradients
Erlotinib,0,,all,DEFB122,0.0005721755,IntegratedGradients
Erlotinib,0,,all,TAX1BP1,0.00056184415,IntegratedGradients
Erlotinib,0,,all,CPA2,0.000111744666,IntegratedGradients
Erlotinib,0,,all,ADAR,0.00022636242,IntegratedGradients
Erlotinib,0,,all,CHRNB2,0.00028810944,IntegratedGradients
Erlotinib,0,,all,ASH1L,0.00023764404,IntegratedGradients
Erlotinib,0,,all,ENTPD5,0.0020190962,IntegratedGradients
Erlotinib,0,,all,COQ6,0.0017591586,IntegratedGradients
Erlotinib,0,,all,FAM161B,0.0017987358,IntegratedGradients
Erlotinib,0,,all,CCDC146,0.00057096634,IntegratedGradients
Erlotinib,0,,all,DENND2A,0.00017682681,IntegratedGradients
Erlotinib,0,,all,CCDC197,0.00027277897,IntegratedGradients
Erlotinib,0,,all,LOC100131257,0.0008417907,IntegratedGradients
Erlotinib,0,,all,MAGI2-AS3,0.0002643486,IntegratedGradients
Erlotinib,0,,all,PPP4R3A,0.00044208975,IntegratedGradients
Erlotinib,0,,all,C1orf189,0.00034516345,IntegratedGradients
Erlotinib,0,,all,ALKBH1,0.0007781792,IntegratedGradients
Erlotinib,0,,all,DEFB121,0.00071106607,IntegratedGradients
Erlotinib,0,,all,SCCPDH,0.0010149978,IntegratedGradients
Erlotinib,0,,all,LINC01341,0.001072976,IntegratedGradients
Erlotinib,0,,all,OTUB2,0.00027537442,IntegratedGradients
Erlotinib,0,,all,CPA4,9.2747905e-05,IntegratedGradients
Erlotinib,0,,all,OR2T8,0.00034466988,IntegratedGradients
Erlotinib,0,,all,SLC37A3,0.0004750139,IntegratedGradients
Erlotinib,0,,all,TFPI2,0.0010932205,IntegratedGradients
Erlotinib,0,,all,KDM7A,0.00010744506,IntegratedGradients
Erlotinib,0,,all,ASB2,0.00020292151,IntegratedGradients
Erlotinib,0,,all,LINC-PINT,0.00038815694,IntegratedGradients
Erlotinib,0,,all,HHIPL1,0.00020201919,IntegratedGradients
Erlotinib,0,,all,ERG28,0.00010628409,IntegratedGradients
Erlotinib,0,,all,TTLL5,0.00024526456,IntegratedGradients
Erlotinib,0,,all,C17orf58,0.0004360102,IntegratedGradients
Erlotinib,0,,all,GAL3ST3,0.000247193,IntegratedGradients
Erlotinib,0,,all,TSPAN13,0.00036756066,IntegratedGradients
Erlotinib,0,,all,SYPL1,0.00029062564,IntegratedGradients
Erlotinib,0,,all,ABCD4,0.0002823811,IntegratedGradients
Erlotinib,0,,all,GLCCI1,0.00045944907,IntegratedGradients
Erlotinib,0,,all,MIR190B,0.0002834109,IntegratedGradients
Erlotinib,0,,all,TPM3,0.00034519855,IntegratedGradients
Erlotinib,0,,all,DEFB118,0.00083014806,IntegratedGradients
Erlotinib,0,,all,DEFB119,0.0007196512,IntegratedGradients
Erlotinib,0,,all,ZNF670,0.00055983616,IntegratedGradients
Erlotinib,0,,all,MIR182,0.0005235552,IntegratedGradients
Erlotinib,0,,all,MIR96,0.000117939286,IntegratedGradients
Erlotinib,0,,all,MIR183,0.000312247,IntegratedGradients
Erlotinib,0,,all,UBE2H,0.00046455415,IntegratedGradients
Erlotinib,0,,all,SDC4,0.00060475117,IntegratedGradients
Erlotinib,0,,all,ICA1,0.00033599578,IntegratedGradients
Erlotinib,0,,all,AMPH,0.0006817527,IntegratedGradients
Erlotinib,0,,all,FGL2,0.00037216395,IntegratedGradients
Erlotinib,0,,all,TTI1,0.00043250038,IntegratedGradients
Erlotinib,0,,all,PACS1,0.00045136575,IntegratedGradients
Erlotinib,0,,all,SF3B2,0.0006419222,IntegratedGradients
Erlotinib,0,,all,RAB13,0.0003628373,IntegratedGradients
Erlotinib,0,,all,JTB,0.0003441345,IntegratedGradients
Erlotinib,0,,all,EPB41L1,0.0004923741,IntegratedGradients
Erlotinib,0,,all,MIR4677,0.00045604186,IntegratedGradients
Erlotinib,0,,all,EIF4H,0.0009928838,IntegratedGradients
Erlotinib,0,,all,IFI27,0.00024185758,IntegratedGradients
Erlotinib,0,,all,IFI27L2,0.00014818413,IntegratedGradients
Erlotinib,0,,all,MATN4,0.000481734,IntegratedGradients
Erlotinib,0,,all,RBPJL,0.00045808646,IntegratedGradients
Erlotinib,0,,all,IFI27L1,0.0002243888,IntegratedGradients
Erlotinib,0,,all,DDX24,0.00033764305,IntegratedGradients
Erlotinib,0,,all,BRAF,0.00025633772,IntegratedGradients
Erlotinib,0,,all,NDUFB2,0.00021902264,IntegratedGradients
Erlotinib,0,,all,OR2G3,0.00023132753,IntegratedGradients
Erlotinib,0,,all,CLIP2,0.0008560928,IntegratedGradients
Erlotinib,0,,all,LAT2,0.0009943661,IntegratedGradients
Erlotinib,0,,all,RFC2,0.0007471891,IntegratedGradients
Erlotinib,0,,all,NORAD,0.00057624263,IntegratedGradients
Erlotinib,0,,all,OR2L13,0.00021868301,IntegratedGradients
Erlotinib,0,,all,SND1,0.00018865612,IntegratedGradients
Erlotinib,0,,all,KLF14,0.00014600316,IntegratedGradients
Erlotinib,0,,all,EVX1,0.0006125101,IntegratedGradients
Erlotinib,0,,all,SEMA3E,0.0017334352,IntegratedGradients
Erlotinib,0,,all,OR1C1,0.0010322673,IntegratedGradients
Erlotinib,0,,all,C1orf100,0.0005498392,IntegratedGradients
Erlotinib,0,,all,ZNF800,0.00013917327,IntegratedGradients
Erlotinib,0,,all,SERPINA10,0.00038040502,IntegratedGradients
Erlotinib,0,,all,PPP4R4,0.00042356324,IntegratedGradients
Erlotinib,0,,all,SUSD6,0.0007157857,IntegratedGradients
Erlotinib,0,,all,ZBTB18,0.0005911833,IntegratedGradients
Erlotinib,0,,all,DPF3,0.0001382707,IntegratedGradients
Erlotinib,0,,all,WDR25,0.000334831,IntegratedGradients
Erlotinib,0,,all,AGR2,0.00035438116,IntegratedGradients
Erlotinib,0,,all,ARHGAP40,0.0002231015,IntegratedGradients
Erlotinib,0,,all,PHF20,0.0006522983,IntegratedGradients
Erlotinib,0,,all,LHFPL3-AS1,0.00081507914,IntegratedGradients
Erlotinib,0,,all,KPNA2,0.00045999256,IntegratedGradients
Erlotinib,0,,all,PAPLN,0.0013323947,IntegratedGradients
Erlotinib,0,,all,BRI3,0.0014806302,IntegratedGradients
Erlotinib,0,,all,BAIAP2L1,0.0014072694,IntegratedGradients
Erlotinib,0,,all,SLC39A1,0.00032271017,IntegratedGradients
Erlotinib,0,,all,CREB3L4,0.00043366026,IntegratedGradients
Erlotinib,0,,all,TMEM270,0.0005523802,IntegratedGradients
Erlotinib,0,,all,MIR1-1,0.00022521903,IntegratedGradients
Erlotinib,0,,all,MIR1-1HG,0.00034472597,IntegratedGradients
Erlotinib,0,,all,CCDC177,0.0008048595,IntegratedGradients
Erlotinib,0,,all,FEZF1-AS1,0.000382232,IntegratedGradients
Erlotinib,0,,all,CADPS2,0.00076665217,IntegratedGradients
Erlotinib,0,,all,LIMK1,0.00089325244,IntegratedGradients
Erlotinib,0,,all,BPTF,0.0005658987,IntegratedGradients
Erlotinib,0,,all,SYT11,0.000231409,IntegratedGradients
Erlotinib,0,,all,LINC01743,0.00028359,IntegratedGradients
Erlotinib,0,,all,SNORA38B,0.0006926431,IntegratedGradients
Erlotinib,0,,all,NOL11,0.00038114082,IntegratedGradients
Erlotinib,0,,all,MIR4284,0.00024355408,IntegratedGradients
Erlotinib,0,,all,STX1A,0.00015746715,IntegratedGradients
Erlotinib,0,,all,DNAJC30,0.00029869136,IntegratedGradients
Erlotinib,0,,all,BUD23,9.5093805e-05,IntegratedGradients
Erlotinib,0,,all,ABHD11-AS1,0.00016199358,IntegratedGradients
Erlotinib,0,,all,ABHD11,0.00022611166,IntegratedGradients
Erlotinib,0,,all,GTF2IRD1,0.00061885995,IntegratedGradients
Erlotinib,0,,all,ZNF680,0.00015422766,IntegratedGradients
Erlotinib,0,,all,CLDN4,0.00030055753,IntegratedGradients
Erlotinib,0,,all,METTL27,0.00030872677,IntegratedGradients
Erlotinib,0,,all,UBQLN4,0.0004467786,IntegratedGradients
Erlotinib,0,,all,DAGLB,0.0009788222,IntegratedGradients
Erlotinib,0,,all,KDELR2,0.0009808897,IntegratedGradients
Erlotinib,0,,all,MIR592,0.00086208724,IntegratedGradients
Erlotinib,0,,all,GIMAP8,0.00092635106,IntegratedGradients
Erlotinib,0,,all,FEZF1,0.00044257767,IntegratedGradients
Erlotinib,0,,all,C1GALT1,0.0012154111,IntegratedGradients
Erlotinib,0,,all,COL1A2,0.0007532263,IntegratedGradients
Erlotinib,0,,all,CALCOCO2,0.0005799442,IntegratedGradients
Erlotinib,0,,all,LINC00996,0.00050079246,IntegratedGradients
Erlotinib,0,,all,VSX2,0.0005719277,IntegratedGradients
Erlotinib,0,,all,ELN,0.00044024308,IntegratedGradients
Erlotinib,0,,all,GIMAP1-GIMAP5,0.00084633706,IntegratedGradients
Erlotinib,0,,all,GIMAP1,0.0007500519,IntegratedGradients
Erlotinib,0,,all,CLDN3,0.00017897671,IntegratedGradients
Erlotinib,0,,all,REPIN1,0.0006325465,IntegratedGradients
Erlotinib,0,,all,LOC728743,0.0004528565,IntegratedGradients
Erlotinib,0,,all,RNU6-34P,0.00035287984,IntegratedGradients
Erlotinib,0,,all,ZNF775,0.00036326586,IntegratedGradients
Erlotinib,0,,all,GIMAP6,0.0005794849,IntegratedGradients
Erlotinib,0,,all,GIMAP4,0.0006012648,IntegratedGradients
Erlotinib,0,,all,LRRC61,0.00063558907,IntegratedGradients
Erlotinib,0,,all,ZBED6CL,0.00038965122,IntegratedGradients
Erlotinib,0,,all,ACTR3C,0.0002951999,IntegratedGradients
Erlotinib,0,,all,RARRES2,0.00036272366,IntegratedGradients
Erlotinib,0,,all,AGR3,0.0004140881,IntegratedGradients
Erlotinib,0,,all,RHOJ,0.0016826084,IntegratedGradients
Erlotinib,0,,all,ISPD,0.0002865577,IntegratedGradients
Erlotinib,0,,all,ZP3,0.0005598069,IntegratedGradients
Erlotinib,0,,all,PAX4,0.00029186867,IntegratedGradients
Erlotinib,0,,all,TRIM50,0.0012720767,IntegratedGradients
Erlotinib,0,,all,GIMAP2,0.00069470116,IntegratedGradients
Erlotinib,0,,all,FAM220A,0.00087739155,IntegratedGradients
Erlotinib,0,,all,RAC1,0.00052675785,IntegratedGradients
Erlotinib,0,,all,COX4I2,0.00046929502,IntegratedGradients
Erlotinib,0,,all,BCL2L1,0.0005160211,IntegratedGradients
Erlotinib,0,,all,GPR137C,0.00032029272,IntegratedGradients
Erlotinib,0,,all,LOC100289511,0.0006859711,IntegratedGradients
Erlotinib,0,,all,SRSF5,0.00047348332,IntegratedGradients
Erlotinib,0,,all,SLC10A1,0.00031842673,IntegratedGradients
Erlotinib,0,,all,IL6R,0.00015128794,IntegratedGradients
Erlotinib,0,,all,ARF5,0.00022974113,IntegratedGradients
Erlotinib,0,,all,GCC1,0.00024418978,IntegratedGradients
Erlotinib,0,,all,FSCN3,0.00030592902,IntegratedGradients
Erlotinib,0,,all,RXFP4,0.00061311125,IntegratedGradients
Erlotinib,0,,all,ARHGEF2,0.0004542172,IntegratedGradients
Erlotinib,0,,all,DCST1,0.00071600993,IntegratedGradients
Erlotinib,0,,all,DTX2,0.00076319656,IntegratedGradients
Erlotinib,0,,all,SSC4D,0.00046181938,IntegratedGradients
Erlotinib,0,,all,CASD1,0.0014153525,IntegratedGradients
Erlotinib,0,,all,RBM10,0.0011591911,IntegratedGradients
Erlotinib,0,,all,SSR2,0.0008227338,IntegratedGradients
Erlotinib,0,,all,CALCR,0.0011645354,IntegratedGradients
Erlotinib,0,,all,NAMPT,0.00036288504,IntegratedGradients
Erlotinib,0,,all,GIMAP7,0.0006899924,IntegratedGradients
Erlotinib,0,,all,GIMAP5,0.00080155034,IntegratedGradients
Erlotinib,0,,all,RBM39,0.0012006254,IntegratedGradients
Erlotinib,0,,all,ROMO1,0.0010223299,IntegratedGradients
Erlotinib,0,,all,SLPI,0.00035142724,IntegratedGradients
Erlotinib,0,,all,AKT3,0.00061010505,IntegratedGradients
Erlotinib,0,,all,JAG2,0.0005076877,IntegratedGradients
Erlotinib,0,,all,NUDT14,0.000660419,IntegratedGradients
Erlotinib,0,,all,PIK3CG,0.0007312067,IntegratedGradients
Erlotinib,0,,all,ADAM15,0.0008664081,IntegratedGradients
Erlotinib,0,,all,DCST1-AS1,0.0007781784,IntegratedGradients
Erlotinib,0,,all,GRB10,0.002389181,IntegratedGradients
Erlotinib,0,,all,EFNA3,0.00048058067,IntegratedGradients
Erlotinib,0,,all,TMEM176A,0.0011959517,IntegratedGradients
Erlotinib,0,,all,UBA1,0.0011998842,IntegratedGradients
Erlotinib,0,,all,CDK16,0.00079567486,IntegratedGradients
Erlotinib,0,,all,INE1,0.000998159,IntegratedGradients
Erlotinib,0,,all,USP11,0.0010006814,IntegratedGradients
Erlotinib,0,,all,NDUFB11,0.0010203557,IntegratedGradients
Erlotinib,0,,all,TMEM176B,0.0009537063,IntegratedGradients
Erlotinib,0,,all,HOXA13,0.0007375658,IntegratedGradients
Erlotinib,0,,all,ZNF107,0.00018695054,IntegratedGradients
Erlotinib,0,,all,BZW2,0.00034556715,IntegratedGradients
Erlotinib,0,,all,DESI2,0.0006249647,IntegratedGradients
Erlotinib,0,,all,RBM12,0.0015020095,IntegratedGradients
Erlotinib,0,,all,NFS1,0.0013009728,IntegratedGradients
Erlotinib,0,,all,C7orf66,0.00014727493,IntegratedGradients
Erlotinib,0,,all,VPS37D,0.00023175894,IntegratedGradients
Erlotinib,0,,all,DCST2,0.00051965617,IntegratedGradients
Erlotinib,0,,all,GTF2I,0.00031520377,IntegratedGradients
Erlotinib,0,,all,CRTC2,0.0005343598,IntegratedGradients
Erlotinib,0,,all,DENND4B,0.0004631793,IntegratedGradients
Erlotinib,0,,all,GON4L,0.00018109115,IntegratedGradients
Erlotinib,0,,all,ADSS,0.0006106365,IntegratedGradients
Erlotinib,0,,all,CATSPERE,0.0006045216,IntegratedGradients
Erlotinib,0,,all,PCLO,0.0012137286,IntegratedGradients
Erlotinib,0,,all,DNAJB9,7.548536e-05,IntegratedGradients
Erlotinib,0,,all,CCDC71L,0.00095568184,IntegratedGradients
Erlotinib,0,,all,GK,0.00046295824,IntegratedGradients
Erlotinib,0,,all,IFT52,0.00019329003,IntegratedGradients
Erlotinib,0,,all,RPRD1B,0.00044456846,IntegratedGradients
Erlotinib,0,,all,GNGT1,0.0009588134,IntegratedGradients
Erlotinib,0,,all,MEOX2,0.0003777061,IntegratedGradients
Erlotinib,0,,all,L3MBTL1,0.0003680935,IntegratedGradients
Erlotinib,0,,all,KHDC4,0.0005085039,IntegratedGradients
Erlotinib,0,,all,PMVK,0.00038253132,IntegratedGradients
Erlotinib,0,,all,PYGO2,0.0003488547,IntegratedGradients
Erlotinib,0,,all,PBXIP1,0.00034000186,IntegratedGradients
Erlotinib,0,,all,SHC1,0.0005485404,IntegratedGradients
Erlotinib,0,,all,CXorf21,0.00015412804,IntegratedGradients
Erlotinib,0,,all,RIT1,0.00036408508,IntegratedGradients
Erlotinib,0,,all,ARAF,0.00086195406,IntegratedGradients
Erlotinib,0,,all,SCARNA4,0.0010016175,IntegratedGradients
Erlotinib,0,,all,ASH1L-AS1,0.00020077736,IntegratedGradients
Erlotinib,0,,all,LENEP,0.00046231732,IntegratedGradients
Erlotinib,0,,all,ZBTB7B,0.00037805998,IntegratedGradients
Erlotinib,0,,all,SGCE,0.0011990407,IntegratedGradients
Erlotinib,0,,all,KCNN3,0.00029450003,IntegratedGradients
Erlotinib,0,,all,MKLN1,0.000197952,IntegratedGradients
Erlotinib,0,,all,CKS1B,0.0004999753,IntegratedGradients
Erlotinib,0,,all,FLAD1,0.00043824594,IntegratedGradients
Erlotinib,0,,all,NDUFA4,0.00049669767,IntegratedGradients
Erlotinib,0,,all,DLX6,0.00057849096,IntegratedGradients
Erlotinib,0,,all,SNORA11C,0.0010489892,IntegratedGradients
Erlotinib,0,,all,DLX5,0.00025957133,IntegratedGradients
Erlotinib,0,,all,ZNF41,0.0011744073,IntegratedGradients
Erlotinib,0,,all,AOC1,0.0011522154,IntegratedGradients
Erlotinib,0,,all,AASS,7.346717e-05,IntegratedGradients
Erlotinib,0,,all,CDC42BPA,0.0021401325,IntegratedGradients
Erlotinib,0,,all,LRRC72,0.00036362195,IntegratedGradients
Erlotinib,0,,all,ANKMY2,0.0003547175,IntegratedGradients
Erlotinib,0,,all,PTPRT,0.000327639,IntegratedGradients
Erlotinib,0,,all,SYT16,0.00041079143,IntegratedGradients
Erlotinib,0,,all,MDH2,0.00051506894,IntegratedGradients
Erlotinib,0,,all,SDHAF3,0.00022470504,IntegratedGradients
Erlotinib,0,,all,MEX3A,0.00036808068,IntegratedGradients
Erlotinib,0,,all,LMNA,0.00044708315,IntegratedGradients
Erlotinib,0,,all,LOC100128885,7.824412e-05,IntegratedGradients
Erlotinib,0,,all,LOC641746,0.0004165415,IntegratedGradients
Erlotinib,0,,all,ZNF138,0.00023242165,IntegratedGradients
Erlotinib,0,,all,PHF14,0.00051738555,IntegratedGradients
Erlotinib,0,,all,GNAI1,0.0018407181,IntegratedGradients
Erlotinib,0,,all,ERO1A,0.00037583127,IntegratedGradients
Erlotinib,0,,all,LINC00643,0.00071525224,IntegratedGradients
Erlotinib,0,,all,OCM,0.0003510058,IntegratedGradients
Erlotinib,0,,all,SMOC1,0.00047198668,IntegratedGradients
Erlotinib,0,,all,MIR489,0.001384812,IntegratedGradients
Erlotinib,0,,all,MIR653,0.0012019812,IntegratedGradients
Erlotinib,0,,all,ESR2,0.0012234207,IntegratedGradients
Erlotinib,0,,all,CCZ1,0.00031326953,IntegratedGradients
Erlotinib,0,,all,DGKB,0.0004673165,IntegratedGradients
Erlotinib,0,,all,SNORA14A,0.00034311015,IntegratedGradients
Erlotinib,0,,all,POR,0.0003326411,IntegratedGradients
Erlotinib,0,,all,RHBDD2,0.0003277045,IntegratedGradients
Erlotinib,0,,all,MIR4651,0.0004658617,IntegratedGradients
Erlotinib,0,,all,OR2L2,0.00073562114,IntegratedGradients
Erlotinib,0,,all,MIR29B1,0.0005508164,IntegratedGradients
Erlotinib,0,,all,MIR29A,0.00045008873,IntegratedGradients
Erlotinib,0,,all,SRRM3,0.00032941523,IntegratedGradients
Erlotinib,0,,all,CHD6,0.00022700141,IntegratedGradients
Erlotinib,0,,all,MIR1914,0.0018487261,IntegratedGradients
Erlotinib,0,,all,MIR647,0.00198626,IntegratedGradients
Erlotinib,0,,all,CALN1,0.0002707638,IntegratedGradients
Erlotinib,0,,all,RGS22,0.0019631593,IntegratedGradients
Erlotinib,0,,all,MIR4471,0.0019388432,IntegratedGradients
Erlotinib,0,,all,SYN1,0.00089932187,IntegratedGradients
Erlotinib,0,,all,TMEM120A,0.00038164025,IntegratedGradients
Erlotinib,0,,all,DDC-AS1,0.0031504235,IntegratedGradients
Erlotinib,0,,all,C20orf204,0.004854488,IntegratedGradients
Erlotinib,0,,all,RPA3,9.249119e-05,IntegratedGradients
Erlotinib,0,,all,UMAD1,0.00026217764,IntegratedGradients
Erlotinib,0,,all,ELK1,0.0014199953,IntegratedGradients
Erlotinib,0,,all,PEG10,0.0010671912,IntegratedGradients
Erlotinib,0,,all,ZNF815P,0.0004591616,IntegratedGradients
Erlotinib,0,,all,SGK2,0.00028393723,IntegratedGradients
Erlotinib,0,,all,SHE,0.00035843853,IntegratedGradients
Erlotinib,0,,all,STYXL1,0.00040594905,IntegratedGradients
Erlotinib,0,,all,UXT,0.0011562189,IntegratedGradients
Erlotinib,0,,all,EMILIN3,0.0002723721,IntegratedGradients
Erlotinib,0,,all,LPIN3,0.00017719752,IntegratedGradients
Erlotinib,0,,all,ZFYVE1,0.00043122057,IntegratedGradients
Erlotinib,0,,all,INTS3,0.0013743732,IntegratedGradients
Erlotinib,0,,all,SNAPIN,0.0009186547,IntegratedGradients
Erlotinib,0,,all,ILF2,0.00084324565,IntegratedGradients
Erlotinib,0,,all,NPR1,0.00092164177,IntegratedGradients
Erlotinib,0,,all,ATP6V0E2,0.0008068164,IntegratedGradients
Erlotinib,0,,all,ATP6V0E2-AS1,0.00046951213,IntegratedGradients
Erlotinib,0,,all,MAP1LC3C,0.0007912988,IntegratedGradients
Erlotinib,0,,all,ITGB8,0.0003418861,IntegratedGradients
Erlotinib,0,,all,SNX31,0.0019451088,IntegratedGradients
Erlotinib,0,,all,DLX6-AS1,0.00023958614,IntegratedGradients
Erlotinib,0,,all,HCN3,0.00021154174,IntegratedGradients
Erlotinib,0,,all,CLK2,0.00014974554,IntegratedGradients
Erlotinib,0,,all,FAM189B,0.0002443857,IntegratedGradients
Erlotinib,0,,all,SCAMP3,0.00025551225,IntegratedGradients
Erlotinib,0,,all,ADIG,0.0007586526,IntegratedGradients
Erlotinib,0,,all,PTPRZ1,0.0002216128,IntegratedGradients
Erlotinib,0,,all,MIR593,0.00022808704,IntegratedGradients
Erlotinib,0,,all,ANKRD46,0.001649131,IntegratedGradients
Erlotinib,0,,all,GATAD2B,0.0008797469,IntegratedGradients
Erlotinib,0,,all,SLC27A3,0.0011369832,IntegratedGradients
Erlotinib,0,,all,RBM25,0.00035956653,IntegratedGradients
Erlotinib,0,,all,HEATR4,0.0011956949,IntegratedGradients
Erlotinib,0,,all,GBA,0.00021439925,IntegratedGradients
Erlotinib,0,,all,NR0B1,0.00032798696,IntegratedGradients
Erlotinib,0,,all,ACTL6B,0.000798904,IntegratedGradients
Erlotinib,0,,all,LRCH4,0.00025314832,IntegratedGradients
Erlotinib,0,,all,MOSPD3,0.00041236525,IntegratedGradients
Erlotinib,0,,all,AGFG2,0.0005512812,IntegratedGradients
Erlotinib,0,,all,GIGYF1,0.00042477396,IntegratedGradients
Erlotinib,0,,all,SAP25,0.00068624655,IntegratedGradients
Erlotinib,0,,all,PCOLCE-AS1,0.0004416805,IntegratedGradients
Erlotinib,0,,all,TFR2,0.000215278,IntegratedGradients
Erlotinib,0,,all,PCOLCE,0.00038859146,IntegratedGradients
Erlotinib,0,,all,GNB2,0.0006248139,IntegratedGradients
Erlotinib,0,,all,FBXO24,0.0005121565,IntegratedGradients
Erlotinib,0,,all,COX6C,0.0013733864,IntegratedGradients
Erlotinib,0,,all,AHCTF1,0.00035776276,IntegratedGradients
Erlotinib,0,,all,SOSTDC1,0.00032915827,IntegratedGradients
Erlotinib,0,,all,DEFB115,0.0006771601,IntegratedGradients
Erlotinib,0,,all,SLC26A5,0.00027337196,IntegratedGradients
Erlotinib,0,,all,PSMC2,0.00023618779,IntegratedGradients
Erlotinib,0,,all,NYX,0.0009829488,IntegratedGradients
Erlotinib,0,,all,PLD5,0.0008067319,IntegratedGradients
Erlotinib,0,,all,HGF,0.0010819864,IntegratedGradients
Erlotinib,0,,all,CXXC1P1,0.0012391155,IntegratedGradients
Erlotinib,0,,all,DNAJC2,0.0002982045,IntegratedGradients
Erlotinib,0,,all,PMPCB,0.00024844235,IntegratedGradients
Erlotinib,0,,all,ATG9B,0.0007357408,IntegratedGradients
Erlotinib,0,,all,ABCB8,0.0006700788,IntegratedGradients
Erlotinib,0,,all,KCNH2,0.0009800668,IntegratedGradients
Erlotinib,0,,all,NOS3,0.00075477,IntegratedGradients
Erlotinib,0,,all,VWDE,0.0005704573,IntegratedGradients
Erlotinib,0,,all,DDX3X,0.0010925598,IntegratedGradients
Erlotinib,0,,all,OR11L1,0.0008711606,IntegratedGradients
Erlotinib,0,,all,BRF1,0.0011475311,IntegratedGradients
Erlotinib,0,,all,RELN,0.00032380686,IntegratedGradients
Erlotinib,0,,all,SND1-IT1,8.605302e-05,IntegratedGradients
Erlotinib,0,,all,ZNF81,0.0006121502,IntegratedGradients
Erlotinib,0,,all,GALNTL5,0.0012919767,IntegratedGradients
Erlotinib,0,,all,NYAP1,0.00044184923,IntegratedGradients
Erlotinib,0,,all,ETV1,0.0007833465,IntegratedGradients
Erlotinib,0,,all,LAMTOR2,0.0005972473,IntegratedGradients
Erlotinib,0,,all,CNST,0.0011795906,IntegratedGradients
Erlotinib,0,,all,RAB25,0.00076460396,IntegratedGradients
Erlotinib,0,,all,TRIM58,0.0007217997,IntegratedGradients
Erlotinib,0,,all,PKLR,0.0001776208,IntegratedGradients
Erlotinib,0,,all,FDPS,0.0006379695,IntegratedGradients
Erlotinib,0,,all,BAZ1B,0.0012976332,IntegratedGradients
Erlotinib,0,,all,FZD9,0.0014787532,IntegratedGradients
Erlotinib,0,,all,PLOD3,0.00019365261,IntegratedGradients
Erlotinib,0,,all,VGF,0.00021538865,IntegratedGradients
Erlotinib,0,,all,MOGAT3,0.00032691547,IntegratedGradients
Erlotinib,0,,all,NAT16,0.00019307875,IntegratedGradients
Erlotinib,0,,all,MIR4653,0.00014713733,IntegratedGradients
Erlotinib,0,,all,AP1S1,0.00056751654,IntegratedGradients
Erlotinib,0,,all,GNPNAT1,0.00029582472,IntegratedGradients
Erlotinib,0,,all,TFB2M,0.00045063053,IntegratedGradients
Erlotinib,0,,all,PDAP1,0.00043387935,IntegratedGradients
Erlotinib,0,,all,LRRC4,0.0001592333,IntegratedGradients
Erlotinib,0,,all,CYTH3,0.0003023064,IntegratedGradients
Erlotinib,0,,all,TMEM229B,0.0012910023,IntegratedGradients
Erlotinib,0,,all,MYBL2,0.00023295695,IntegratedGradients
Erlotinib,0,,all,TRIM56,8.90287e-05,IntegratedGradients
Erlotinib,0,,all,SERPINE1,0.0003325635,IntegratedGradients
Erlotinib,0,,all,SEM1,0.00031205444,IntegratedGradients
Erlotinib,0,,all,CASK,0.0009847719,IntegratedGradients
Erlotinib,0,,all,CFP,0.001275784,IntegratedGradients
Erlotinib,0,,all,OR2AK2,0.00027559613,IntegratedGradients
Erlotinib,0,,all,CCL24,0.0002880871,IntegratedGradients
Erlotinib,0,,all,MAGEB3,0.00032394417,IntegratedGradients
Erlotinib,0,,all,MAGEB1,0.00040382933,IntegratedGradients
Erlotinib,0,,all,MAGEB4,0.0002888346,IntegratedGradients
Erlotinib,0,,all,DNAL1,0.0011667325,IntegratedGradients
Erlotinib,0,,all,MAGEB2,0.00020772996,IntegratedGradients
Erlotinib,0,,all,CNBD2,0.0007375995,IntegratedGradients
Erlotinib,0,,all,LOC100133091,0.0013022297,IntegratedGradients
Erlotinib,0,,all,LINC01734,0.0012167473,IntegratedGradients
Erlotinib,0,,all,MUC12,0.0003183409,IntegratedGradients
Erlotinib,0,,all,HEPACAM2,0.0009328285,IntegratedGradients
Erlotinib,0,,all,OR14A16,0.00092919235,IntegratedGradients
Erlotinib,0,,all,ZNF157,0.0013982293,IntegratedGradients
Erlotinib,0,,all,EPO,0.00036837842,IntegratedGradients
Erlotinib,0,,all,OR2L8,0.00019198471,IntegratedGradients
Erlotinib,0,,all,TEX47,0.0016717754,IntegratedGradients
Erlotinib,0,,all,EPHB4,0.00011931856,IntegratedGradients
Erlotinib,0,,all,GTSF1L,0.00049601117,IntegratedGradients
Erlotinib,0,,all,TTLL6,0.00026008592,IntegratedGradients
Erlotinib,0,,all,PER4,0.0017669029,IntegratedGradients
Erlotinib,0,,all,HUS1,0.00035639617,IntegratedGradients
Erlotinib,0,,all,CCDC196,0.000985229,IntegratedGradients
Erlotinib,0,,all,GPHN,0.00075332774,IntegratedGradients
Erlotinib,0,,all,LIN52,0.0003251534,IntegratedGradients
Erlotinib,0,,all,SNAPC1,0.00015395187,IntegratedGradients
Erlotinib,0,,all,RSPH10B,0.00032882483,IntegratedGradients
Erlotinib,0,,all,PMS2,0.0005010506,IntegratedGradients
Erlotinib,0,,all,MIR3151,0.00221713,IntegratedGradients
Erlotinib,0,,all,BAALC-AS1,0.002473371,IntegratedGradients
Erlotinib,0,,all,SRSF6,0.00038622261,IntegratedGradients
Erlotinib,0,,all,ALDH6A1,0.000649915,IntegratedGradients
Erlotinib,0,,all,GSAP,0.00034631777,IntegratedGradients
Erlotinib,0,,all,PSMC6,0.00031745015,IntegratedGradients
Erlotinib,0,,all,STYX,0.00021220454,IntegratedGradients
Erlotinib,0,,all,RIDA,0.0012330457,IntegratedGradients
Erlotinib,0,,all,POP1,0.0009478396,IntegratedGradients
Erlotinib,0,,all,VPS50,0.000780266,IntegratedGradients
Erlotinib,0,,all,ZNF804B,0.0014288292,IntegratedGradients
Erlotinib,0,,all,KCNK10,0.00021850174,IntegratedGradients
Erlotinib,0,,all,BMT2,0.00024961057,IntegratedGradients
Erlotinib,0,,all,MYH16,0.00074826553,IntegratedGradients
Erlotinib,0,,all,MIR1-1HG-AS1,0.0004617738,IntegratedGradients
Erlotinib,0,,all,ARPC1A,0.0009362754,IntegratedGradients
Erlotinib,0,,all,LKAAEAR1,0.0043922435,IntegratedGradients
Erlotinib,0,,all,MIR129-1,0.000215185,IntegratedGradients
Erlotinib,0,,all,CRNN,0.0014042429,IntegratedGradients
Erlotinib,0,,all,NSUN5P2,0.00041500956,IntegratedGradients
Erlotinib,0,,all,FTHL17,0.0006850593,IntegratedGradients
Erlotinib,0,,all,ZHX3,9.9972975e-05,IntegratedGradients
Erlotinib,0,,all,PLCG1,0.00044853048,IntegratedGradients
Erlotinib,0,,all,EVL,0.0006739599,IntegratedGradients
Erlotinib,0,,all,GPR85,0.0006283707,IntegratedGradients
Erlotinib,0,,all,GALNT11,0.0013340298,IntegratedGradients
Erlotinib,0,,all,FLVCR2,0.001006241,IntegratedGradients
Erlotinib,0,,all,ESX1,0.0024837034,IntegratedGradients
Erlotinib,0,,all,MLXIPL,0.0006003168,IntegratedGradients
Erlotinib,0,,all,SNORD12,0.0036016302,IntegratedGradients
Erlotinib,0,,all,SNORD12C,0.0033077095,IntegratedGradients
Erlotinib,0,,all,SNORD12B,0.0034150798,IntegratedGradients
Erlotinib,0,,all,TAB3,0.0011500353,IntegratedGradients
Erlotinib,0,,all,FAM47C,0.0014117518,IntegratedGradients
Erlotinib,0,,all,EIF2S2,0.00058813294,IntegratedGradients
Erlotinib,0,,all,FTH1P18,0.0013282669,IntegratedGradients
Erlotinib,0,,all,KDM5C,0.00047708992,IntegratedGradients
Erlotinib,0,,all,OR2L5,0.0010254829,IntegratedGradients
Erlotinib,0,,all,BCL7B,0.00063583424,IntegratedGradients
Erlotinib,0,,all,TBL2,0.00067880674,IntegratedGradients
Erlotinib,0,,all,CACNG4,0.0022785966,IntegratedGradients
Erlotinib,0,,all,TMEM168,0.00060609187,IntegratedGradients
Erlotinib,0,,all,THSD7A,0.0018707234,IntegratedGradients
Erlotinib,0,,all,SMIM30,0.0005048471,IntegratedGradients
Erlotinib,0,,all,BEX5,0.0017620447,IntegratedGradients
Erlotinib,0,,all,SLC50A1,0.00071439624,IntegratedGradients
Erlotinib,0,,all,EFNA1,0.00092290976,IntegratedGradients
Erlotinib,0,,all,AXIN2,0.0016281239,IntegratedGradients
Erlotinib,0,,all,POMZP3,0.00023570016,IntegratedGradients
Erlotinib,0,,all,TCEAL6,0.001766692,IntegratedGradients
Erlotinib,0,,all,RBMY3AP,0.0009073459,IntegratedGradients
Erlotinib,0,,all,LOC100132831,0.0012800606,IntegratedGradients
Erlotinib,0,,all,GRM3,0.0008471284,IntegratedGradients
Erlotinib,0,,all,PAGE5,0.0010006094,IntegratedGradients
Erlotinib,0,,all,ZNF630,0.0009532776,IntegratedGradients
Erlotinib,0,,all,ZNF182,0.0010406075,IntegratedGradients
Erlotinib,0,,all,SLC12A9,0.00019333139,IntegratedGradients
Erlotinib,0,,all,SRRT,0.00014529712,IntegratedGradients
Erlotinib,0,,all,TRIP6,0.00025226697,IntegratedGradients
Erlotinib,0,,all,ZFYVE26,0.00086298736,IntegratedGradients
Erlotinib,0,,all,MTRNR2L10,0.0014380026,IntegratedGradients
Erlotinib,0,,all,WDR64,0.0007339342,IntegratedGradients
Erlotinib,0,,all,YY1AP1,0.00019835711,IntegratedGradients
Erlotinib,0,,all,DYNLT3,0.00035486315,IntegratedGradients
Erlotinib,0,,all,LMTK2,0.0012947574,IntegratedGradients
Erlotinib,0,,all,ARPC1B,0.0006399599,IntegratedGradients
Erlotinib,0,,all,AGMO,0.00057195633,IntegratedGradients
Erlotinib,0,,all,KIAA1755,0.00094316684,IntegratedGradients
Erlotinib,0,,all,ZNF679,0.00064934074,IntegratedGradients
Erlotinib,0,,all,MUC17,0.0001397306,IntegratedGradients
Erlotinib,0,,all,ZNF735,0.0012518148,IntegratedGradients
Erlotinib,0,,all,FAM104B,0.001053258,IntegratedGradients
Erlotinib,0,,all,ZNF727,0.0012289289,IntegratedGradients
Erlotinib,0,,all,LINC01005,0.0014300985,IntegratedGradients
Erlotinib,0,,all,RALY,0.0006036694,IntegratedGradients
Erlotinib,0,,all,TTTY11,0.0011239046,IntegratedGradients
Erlotinib,0,,all,ELMSAN1,0.0012612767,IntegratedGradients
Erlotinib,0,,all,PNMA1,0.0012033555,IntegratedGradients
Erlotinib,0,,all,XRCC2,0.0019801946,IntegratedGradients
Erlotinib,0,,all,PLEKHD1,0.00045714848,IntegratedGradients
Erlotinib,0,,all,ZNF733P,0.0010498196,IntegratedGradients
Erlotinib,0,,all,CACNG1,0.0024404214,IntegratedGradients
Erlotinib,0,,all,DHX35,0.00062966696,IntegratedGradients
Erlotinib,0,,all,MIOS,0.0009300942,IntegratedGradients
Erlotinib,0,,all,HSD17B10,0.0004693721,IntegratedGradients
Erlotinib,0,,all,RIBC1,0.0005281517,IntegratedGradients
Erlotinib,0,,all,SCARNA20,0.0020684407,IntegratedGradients
Erlotinib,0,,all,RNF133,0.00068861,IntegratedGradients
Erlotinib,0,,all,RNF148,0.0007365792,IntegratedGradients
Erlotinib,0,,all,USP9X,0.0012649993,IntegratedGradients
Erlotinib,0,,all,RNF216-IT1,0.00025896262,IntegratedGradients
Erlotinib,0,,all,UBE2Q1,0.0009508211,IntegratedGradients
Erlotinib,0,,all,PAGE3,0.0017043893,IntegratedGradients
Erlotinib,0,,all,LANCL3,0.001372281,IntegratedGradients
Erlotinib,0,,all,ARL4A,0.001240482,IntegratedGradients
Erlotinib,0,,all,HELZ,0.0024068928,IntegratedGradients
Erlotinib,0,,all,TTTY19,0.0008648699,IntegratedGradients
Erlotinib,0,,all,CGN,0.00022295417,IntegratedGradients
Erlotinib,0,,all,MSTO1,0.0002234772,IntegratedGradients
Erlotinib,0,,all,TUFT1,0.00025940707,IntegratedGradients
Erlotinib,0,,all,OSBPL2,0.0001881967,IntegratedGradients
Erlotinib,0,,all,DMD,0.0005991177,IntegratedGradients
Erlotinib,0,,all,EIF2S1,0.0011648951,IntegratedGradients
Erlotinib,0,,all,PLEK2,0.0013178745,IntegratedGradients
Erlotinib,0,,all,GPR173,0.0004880651,IntegratedGradients
Erlotinib,0,,all,RNF216,0.00043804126,IntegratedGradients
Erlotinib,0,,all,FSCN1,0.0004710337,IntegratedGradients
Erlotinib,0,,all,TSPYL2,0.00051808776,IntegratedGradients
Erlotinib,0,,all,TECPR1,0.0011916049,IntegratedGradients
Erlotinib,0,,all,ASIP,0.00061511184,IntegratedGradients
Erlotinib,0,,all,HOXB9,0.0002842689,IntegratedGradients
Erlotinib,0,,all,S100A10,0.0017310675,IntegratedGradients
Erlotinib,0,,all,TEX21P,0.0011219174,IntegratedGradients
Erlotinib,0,,all,MIR4758,0.0003078438,IntegratedGradients
Erlotinib,0,,all,LAMA5,0.00028024212,IntegratedGradients
Erlotinib,0,,all,MIR3185,0.00033638292,IntegratedGradients
Erlotinib,0,,all,HOXB13,0.00025080336,IntegratedGradients
Erlotinib,0,,all,PRAC1,0.00026731382,IntegratedGradients
Erlotinib,0,,all,PRAC2,0.00035944677,IntegratedGradients
Erlotinib,0,,all,CABLES2,0.00016569065,IntegratedGradients
Erlotinib,0,,all,RPS21,0.00019165996,IntegratedGradients
Erlotinib,0,,all,SMC1A,0.00050778856,IntegratedGradients
Erlotinib,0,,all,KCNJ2-AS1,0.0012666961,IntegratedGradients
Erlotinib,0,,all,KCNJ2,0.0015260575,IntegratedGradients
Erlotinib,0,,all,COL26A1,6.432463e-05,IntegratedGradients
Erlotinib,0,,all,TDRD10,0.0006450857,IntegratedGradients
Erlotinib,0,,all,SRPX,0.00050269836,IntegratedGradients
Erlotinib,0,,all,TTTY18,0.0008663216,IntegratedGradients
Erlotinib,0,,all,RPRD2,0.0007482511,IntegratedGradients
Erlotinib,0,,all,WFDC2,0.00051852944,IntegratedGradients
Erlotinib,0,,all,CHMP4B,0.0002978047,IntegratedGradients
Erlotinib,0,,all,RBBP8NL,0.00018030085,IntegratedGradients
Erlotinib,0,,all,SEMA3C,0.0018392671,IntegratedGradients
Erlotinib,0,,all,PIGT,0.00073001045,IntegratedGradients
Erlotinib,0,,all,MTX1,0.00039087614,IntegratedGradients
Erlotinib,0,,all,THBS3,0.0003384463,IntegratedGradients
Erlotinib,0,,all,MTHFD1,0.001609715,IntegratedGradients
Erlotinib,0,,all,YWHAG,0.000631003,IntegratedGradients
Erlotinib,0,,all,USP42,0.000704681,IntegratedGradients
Erlotinib,0,,all,BLCAP,0.0020758586,IntegratedGradients
Erlotinib,0,,all,NNAT,0.0016111482,IntegratedGradients
Erlotinib,0,,all,PPP1R3A,0.00047794075,IntegratedGradients
Erlotinib,0,,all,C7orf57,0.00023285708,IntegratedGradients
Erlotinib,0,,all,MIR591,0.00019883443,IntegratedGradients
Erlotinib,0,,all,UPP1,0.0005003734,IntegratedGradients
Erlotinib,0,,all,SUN3,0.00059587415,IntegratedGradients
Erlotinib,0,,all,IFT22,0.00029653066,IntegratedGradients
Erlotinib,0,,all,TTTY20,0.0004299219,IntegratedGradients
Erlotinib,0,,all,RPS7P5,0.0013285964,IntegratedGradients
Erlotinib,0,,all,EXO1,0.0007918935,IntegratedGradients
Erlotinib,0,,all,GATA5,0.00014046805,IntegratedGradients
Erlotinib,0,,all,SLC38A5,0.0005359821,IntegratedGradients
Erlotinib,0,,all,ERH,8.1661405e-05,IntegratedGradients
Erlotinib,0,,all,SLC39A9,0.00024709894,IntegratedGradients
Erlotinib,0,,all,ABHD4,0.0019896033,IntegratedGradients
Erlotinib,0,,all,SLC25A13,0.00025884103,IntegratedGradients
Erlotinib,0,,all,WIPI2,0.0003498046,IntegratedGradients
Erlotinib,0,,all,TEX14,0.0017648714,IntegratedGradients
Erlotinib,0,,all,SNORA71E,0.00081947824,IntegratedGradients
Erlotinib,0,,all,SNHG11,0.0011555558,IntegratedGradients
Erlotinib,0,,all,RALGAPB,0.0009843074,IntegratedGradients
Erlotinib,0,,all,ABCA13,0.00035491274,IntegratedGradients
Erlotinib,0,,all,SCIN,0.00054657896,IntegratedGradients
Erlotinib,0,,all,HYPM,0.00039774922,IntegratedGradients
Erlotinib,0,,all,C1orf54,0.0015451073,IntegratedGradients
Erlotinib,0,,all,MRPS21,0.0014192008,IntegratedGradients
Erlotinib,0,,all,CIART,0.001794352,IntegratedGradients
Erlotinib,0,,all,CDC42BPB,0.0007955891,IntegratedGradients
Erlotinib,0,,all,AMN,0.000903457,IntegratedGradients
Erlotinib,0,,all,RBL1,0.00046816163,IntegratedGradients
Erlotinib,0,,all,CHST7,0.0007921325,IntegratedGradients
Erlotinib,0,,all,ZNF674-AS1,0.0005978311,IntegratedGradients
Erlotinib,0,,all,SLC9A7,0.0008951114,IntegratedGradients
Erlotinib,0,,all,SAMHD1,0.0005873656,IntegratedGradients
Erlotinib,0,,all,TGM2,0.0006948016,IntegratedGradients
Erlotinib,0,,all,GPR34,0.0008913116,IntegratedGradients
Erlotinib,0,,all,TLDC2,0.0002195893,IntegratedGradients
Erlotinib,0,,all,BPI,0.0011473756,IntegratedGradients
Erlotinib,0,,all,CLDN15,0.0005320972,IntegratedGradients
Erlotinib,0,,all,FIS1,8.9948284e-05,IntegratedGradients
Erlotinib,0,,all,PRPF3,0.0016622229,IntegratedGradients
Erlotinib,0,,all,RBAK-RBAKDN,0.0001711994,IntegratedGradients
Erlotinib,0,,all,NECAB3,0.00047582356,IntegratedGradients
Erlotinib,0,,all,C20orf144,0.00015285045,IntegratedGradients
Erlotinib,0,,all,WNK3,0.0005130364,IntegratedGradients
Erlotinib,0,,all,ZNF736,0.00048426387,IntegratedGradients
Erlotinib,0,,all,PRRG1,0.0010872149,IntegratedGradients
Erlotinib,0,,all,SYTL5,0.00023606764,IntegratedGradients
Erlotinib,0,,all,MACC1,0.0006559965,IntegratedGradients
Erlotinib,0,,all,E2F1,0.00018350799,IntegratedGradients
