sample_id,variable,class_label,probability,known_label,predicted_label,split,method
U-138MG,Erlotinib,,,,0.02939126268029213,train,DirectPred
HuNS1,Erlotinib,,,,0.03979523479938507,train,DirectPred
COLO 679,Erlotinib,,,0.0172851774841547,-0.005112718790769577,train,DirectPred
SNU-5,Erlotinib,,,,-0.004839785397052765,train,DirectPred
TE 441.T,Erlotinib,,,,-0.0022118818014860153,train,DirectPred
DND-41,Erlotinib,,,,-0.013644643127918243,train,DirectPred
L-428,Erlotinib,,,0.012746384367346764,0.04791678115725517,train,DirectPred
PaTu 8902,Erlotinib,,,0.014206549152731895,0.06488966941833496,train,DirectPred
IGROV-1,Erlotinib,,,0.1451892852783203,0.13300864398479462,train,DirectPred
HCC1897,Erlotinib,,,,0.10881807655096054,train,DirectPred
OVMANA,Erlotinib,,,0.022195594385266304,0.021221481263637543,train,DirectPred
TC-71,Erlotinib,,,0.0,0.06123356148600578,train,DirectPred
HCT 8,Erlotinib,,,,0.08253802359104156,train,DirectPred
HCC827 GR5,Erlotinib,,,,0.26920267939567566,train,DirectPred
HEC-6,Erlotinib,,,0.0,0.0011351201683282852,train,DirectPred
DEL,Erlotinib,,,0.037769198417663574,0.04514462500810623,train,DirectPred
OAW28,Erlotinib,,,,0.12068554759025574,train,DirectPred
Hs 343.T,Erlotinib,,,,-0.0012427568435668945,train,DirectPred
OC 316,Erlotinib,,,0.034157849848270416,0.03211492300033569,train,DirectPred
SK-OV-3,Erlotinib,,,0.07924753427505493,0.08560162037611008,train,DirectPred
8305C,Erlotinib,,,0.029852136969566345,0.044285811483860016,train,DirectPred
MM1.S,Erlotinib,,,,-0.008307591080665588,train,DirectPred
SK-N-BE(2),Erlotinib,,,0.008403939194977283,0.07960621267557144,train,DirectPred
HT-1197,Erlotinib,,,0.05817360058426857,0.18917226791381836,train,DirectPred
EWS-502,Erlotinib,,,,0.0485343337059021,train,DirectPred
Hs 695T,Erlotinib,,,0.0027959689032286406,0.016936393454670906,train,DirectPred
LN-382,Erlotinib,,,,-0.01010870561003685,train,DirectPred
NCI-H1650,Erlotinib,,,0.2207937389612198,0.19014142453670502,train,DirectPred
JHH-5,Erlotinib,,,0.2246560901403427,0.26200032234191895,train,DirectPred
SW1463,Erlotinib,,,,0.11682531237602234,train,DirectPred
JeKo-1,Erlotinib,,,,0.027634643018245697,train,DirectPred
MOLP-2,Erlotinib,,,,-0.016297463327646255,train,DirectPred
LP-1,Erlotinib,,,0.0,-0.016927171498537064,train,DirectPred
NCI-H2009,Erlotinib,,,0.08123744279146194,0.09315678477287292,train,DirectPred
Daoy,Erlotinib,,,0.033018723130226135,0.05072259530425072,train,DirectPred
NCI-H2172,Erlotinib,,,,0.042815059423446655,train,DirectPred
SiMa,Erlotinib,,,0.0,0.04570852220058441,train,DirectPred
JHUEM-2,Erlotinib,,,0.025869473814964294,0.049690768122673035,train,DirectPred
LN-235,Erlotinib,,,,0.02757665514945984,train,DirectPred
SK-MEL-2,Erlotinib,,,0.0,0.019116701558232307,train,DirectPred
JHH-4,Erlotinib,,,0.05468062683939934,0.07605954259634018,train,DirectPred
HCC1428,Erlotinib,,,,0.09609309583902359,train,DirectPred
SNU-C2A,Erlotinib,,,0.09475236386060715,0.13186860084533691,train,DirectPred
NCI-H1623,Erlotinib,,,,0.18804888427257538,train,DirectPred
DV-90,Erlotinib,,,0.14565078914165497,0.11925151944160461,train,DirectPred
Malme-3M,Erlotinib,,,0.0325942300260067,0.021914009004831314,train,DirectPred
HCC-56,Erlotinib,,,0.057098597288131714,0.0537567138671875,train,DirectPred
CL-11,Erlotinib,,,,0.013779506087303162,train,DirectPred
786-O,Erlotinib,,,0.017399881035089493,0.09892261028289795,train,DirectPred
8-MG-BA,Erlotinib,,,0.07423067092895508,0.06490026414394379,train,DirectPred
COLO 775,Erlotinib,,,,-0.02475588768720627,train,DirectPred
KP-2,Erlotinib,,,0.03964619338512421,-0.004736050963401794,train,DirectPred
DMS 114,Erlotinib,,,0.0,0.0526689812541008,train,DirectPred
NCI-H1915,Erlotinib,,,0.04668029397726059,0.025494996458292007,train,DirectPred
Panc 02.13,Erlotinib,,,,0.19384071230888367,train,DirectPred
SK-MEL-28,Erlotinib,,,,-0.029637321829795837,train,DirectPred
TE 159.T,Erlotinib,,,,-0.020967736840248108,train,DirectPred
GCIY,Erlotinib,,,0.16549909114837646,0.15283866226673126,train,DirectPred
TE-10,Erlotinib,,,,0.20812204480171204,train,DirectPred
RD-ES,Erlotinib,,,,0.067609503865242,train,DirectPred
Hs 706.T,Erlotinib,,,,0.022975295782089233,train,DirectPred
KYSE-30,Erlotinib,,,0.10740166902542114,0.07964912056922913,train,DirectPred
OVISE,Erlotinib,,,,0.17064334452152252,train,DirectPred
JHOC-5,Erlotinib,,,,0.096906878054142,train,DirectPred
JURL-MK1,Erlotinib,,,,-0.0046231746673583984,train,DirectPred
KNS-81-FD,Erlotinib,,,0.006513525266200304,0.04446186125278473,train,DirectPred
SK-MEL-24,Erlotinib,,,0.017442068085074425,0.036785632371902466,train,DirectPred
U-343MGa,Erlotinib,,,,-0.005839252844452858,train,DirectPred
NCI-H2106,Erlotinib,,,,-0.13017146289348602,train,DirectPred
NMC-G1,Erlotinib,,,,0.05195841193199158,train,DirectPred
NCI-H2405,Erlotinib,,,,0.062369782477617264,train,DirectPred
NCI-H1105,Erlotinib,,,,-0.06709541380405426,train,DirectPred
Mel Ho,Erlotinib,,,0.021324850618839264,-0.015298306941986084,train,DirectPred
42-MG-BA,Erlotinib,,,0.09109991043806076,0.09031528979539871,train,DirectPred
MHH-CALL-2,Erlotinib,,,,0.0420592725276947,train,DirectPred
NH-6,Erlotinib,,,,0.023017577826976776,train,DirectPred
PLC/PRF/5,Erlotinib,,,0.08866620808839798,0.09631263464689255,train,DirectPred
SNU-182,Erlotinib,,,0.12646253407001495,0.12787410616874695,train,DirectPred
LN-428,Erlotinib,,,,-0.028052333742380142,train,DirectPred
TE-11,Erlotinib,,,0.25699689984321594,0.20439544320106506,train,DirectPred
KMS-34,Erlotinib,,,0.006456402130424976,-0.01752908155322075,train,DirectPred
UM-RC-2,Erlotinib,,,,0.17826154828071594,train,DirectPred
Hs 742.T,Erlotinib,,,,0.020989082753658295,train,DirectPred
EJM,Erlotinib,,,,0.011996716260910034,train,DirectPred
NCI-H508,Erlotinib,,,,0.13202393054962158,train,DirectPred
RERF-LC-MS,Erlotinib,,,0.0,0.033802103251218796,train,DirectPred
TYK-nu,Erlotinib,,,7.59855299883351e-15,0.028791438788175583,train,DirectPred
HCC33,Erlotinib,,,,-0.08889094740152359,train,DirectPred
HuTu 80,Erlotinib,,,,0.12559333443641663,train,DirectPred
RL95-2,Erlotinib,,,0.21716706454753876,0.17671574652194977,train,DirectPred
EFM-19,Erlotinib,,,0.004981904290616512,0.029607124626636505,train,DirectPred
KCI-MOH1,Erlotinib,,,0.16372962296009064,0.12568499147891998,train,DirectPred
MOR/CPR,Erlotinib,,,0.050237566232681274,0.06633632630109787,train,DirectPred
HEC-265,Erlotinib,,,0.0,-0.00986788421869278,train,DirectPred
NCI-H1436,Erlotinib,,,,-0.07346871495246887,train,DirectPred
NCI-H1734,Erlotinib,,,,0.04218854010105133,train,DirectPred
WM88,Erlotinib,,,0.004658939782530069,0.005755767226219177,train,DirectPred
SW1710,Erlotinib,,,,0.10082288831472397,train,DirectPred
NCI-H889,Erlotinib,,,,-0.048863381147384644,train,DirectPred
NCI-H1341,Erlotinib,,,0.10301274061203003,0.11620179563760757,train,DirectPred
SCaBER,Erlotinib,,,0.2585083246231079,0.21941640973091125,train,DirectPred
SW900,Erlotinib,,,0.032573848962783813,0.03345520421862602,train,DirectPred
UM-UC-1,Erlotinib,,,,0.1380702406167984,train,DirectPred
RCC4,Erlotinib,,,,0.056849464774131775,train,DirectPred
COV318,Erlotinib,,,0.0,0.017017992213368416,train,DirectPred
NCI-H2052,Erlotinib,,,0.08320655673742294,0.08029887825250626,train,DirectPred
MDST8,Erlotinib,,,,0.022907499223947525,train,DirectPred
CAL-85-1,Erlotinib,,,0.2859991192817688,0.2250739485025406,train,DirectPred
HCC38,Erlotinib,,,,0.169999897480011,train,DirectPred
PE/CA-PJ41 (clone D2),Erlotinib,,,,0.19399741291999817,train,DirectPred
SNU-520,Erlotinib,,,,0.13977891206741333,train,DirectPred
OVKATE,Erlotinib,,,,0.13293972611427307,train,DirectPred
SW837,Erlotinib,,,,0.07851402461528778,train,DirectPred
769-P,Erlotinib,,,0.25329986214637756,0.24989162385463715,train,DirectPred
BICR 18,Erlotinib,,,,0.11793087422847748,train,DirectPred
HCC1806,Erlotinib,,,0.20209404826164246,0.1694115251302719,train,DirectPred
LNCaP clone FGC,Erlotinib,,,,0.16475185751914978,train,DirectPred
TUHR14TKB,Erlotinib,,,,0.1586301624774933,train,DirectPred
SW1353,Erlotinib,,,0.004265821073204279,0.027588915079832077,train,DirectPred
CHP-126,Erlotinib,,,,0.017221540212631226,train,DirectPred
COR-L279,Erlotinib,,,,-0.06539282947778702,train,DirectPred
GI-1,Erlotinib,,,0.021889647468924522,0.033983394503593445,train,DirectPred
HCC15,Erlotinib,,,0.02772621624171734,0.019761014729738235,train,DirectPred
EoL-1,Erlotinib,,,,0.05509287118911743,train,DirectPred
BT-549,Erlotinib,,,0.019565638154745102,0.06699530780315399,train,DirectPred
SK-MEL-5,Erlotinib,,,0.05582759901881218,0.01120460033416748,train,DirectPred
COR-L47,Erlotinib,,,,-0.10766972601413727,train,DirectPred
HSC-3,Erlotinib,,,,0.14147146046161652,train,DirectPred
OCI-M1,Erlotinib,,,,0.027778998017311096,train,DirectPred
L-540,Erlotinib,,,,0.0025115422904491425,train,DirectPred
JL-1,Erlotinib,,,,0.011293865740299225,train,DirectPred
SLR23,Erlotinib,,,,0.07893046736717224,train,DirectPred
UOK101,Erlotinib,,,,0.0367959700524807,train,DirectPred
BEN,Erlotinib,,,,0.10507427901029587,train,DirectPred
Mono-Mac-6,Erlotinib,,,,0.07349610328674316,train,DirectPred
Hs 294T,Erlotinib,,,0.03162425011396408,0.05296565592288971,train,DirectPred
TCC-PAN2,Erlotinib,,,,-0.02253665030002594,train,DirectPred
Li-7,Erlotinib,,,,0.1269036829471588,train,DirectPred
Peer,Erlotinib,,,,-0.0068142227828502655,train,DirectPred
HCC1419,Erlotinib,,,,0.13411861658096313,train,DirectPred
LN-18,Erlotinib,,,0.06571833789348602,0.06235986202955246,train,DirectPred
NCI-H2126,Erlotinib,,,,0.21287187933921814,train,DirectPred
COLO 818,Erlotinib,,,,0.003694184124469757,train,DirectPred
PK-1,Erlotinib,,,0.09488140046596527,0.14912934601306915,train,DirectPred
PSN1,Erlotinib,,,0.035159897059202194,0.014316905289888382,train,DirectPred
SU-DHL-10,Erlotinib,,,0.0,-0.05300464108586311,train,DirectPred
Hs 600.T,Erlotinib,,,,-0.015822529792785645,train,DirectPred
HuP-T4,Erlotinib,,,0.1675354391336441,0.12580588459968567,train,DirectPred
KMRC-1,Erlotinib,,,0.1492006480693817,0.13494014739990234,train,DirectPred
NCI-H1755,Erlotinib,,,,0.0667337030172348,train,DirectPred
Kasumi-6,Erlotinib,,,,0.01614624261856079,train,DirectPred
PaTu 8988t,Erlotinib,,,,0.02036774717271328,train,DirectPred
CAL-29,Erlotinib,,,,0.1445784866809845,train,DirectPred
D283 Med,Erlotinib,,,,0.017506062984466553,train,DirectPred
NUGC-2,Erlotinib,,,,0.1670577973127365,train,DirectPred
OV-90,Erlotinib,,,0.0,0.05356273055076599,train,DirectPred
COLO 783,Erlotinib,,,,0.03360439091920853,train,DirectPred
AML-193,Erlotinib,,,,0.01064571738243103,train,DirectPred
IOMM-Lee,Erlotinib,,,,-0.009298935532569885,train,DirectPred
TM-31,Erlotinib,,,,0.031024422496557236,train,DirectPred
WM266-4,Erlotinib,,,0.013118494302034378,-0.0003607906401157379,train,DirectPred
MFE-280,Erlotinib,,,0.12208159267902374,0.11254136264324188,train,DirectPred
LK-2,Erlotinib,,,,0.02399333193898201,train,DirectPred
Hep-G2/C3A,Erlotinib,,,0.020205803215503693,0.0194280743598938,train,DirectPred
SK-N-AS,Erlotinib,,,0.01277044229209423,0.03734181076288223,train,DirectPred
EC-GI-10,Erlotinib,,,,0.23572376370429993,train,DirectPred
JHH-6,Erlotinib,,,0.013065235689282417,0.034296341240406036,train,DirectPred
KNS-62,Erlotinib,,,0.0,-0.0051631927490234375,train,DirectPred
HCC1937,Erlotinib,,,,0.15016894042491913,train,DirectPred
NCI-H2291,Erlotinib,,,,0.10261775553226471,train,DirectPred
NCI-H23,Erlotinib,,,0.012236746959388256,0.010964969173073769,train,DirectPred
OCI-AML-5,Erlotinib,,,0.04101958125829697,0.018929414451122284,train,DirectPred
KALS-1,Erlotinib,,,0.03612568601965904,0.07369549572467804,train,DirectPred
Hs 746.T,Erlotinib,,,0.028298527002334595,0.03668016940355301,train,DirectPred
KU-19-19,Erlotinib,,,,0.14600148797035217,train,DirectPred
NCI-H146,Erlotinib,,,,-0.0728682428598404,train,DirectPred
SK-MEL-3,Erlotinib,,,,0.03305041790008545,train,DirectPred
T1-73,Erlotinib,,,,-0.005301728844642639,train,DirectPred
SJSA-1,Erlotinib,,,0.0369315966963768,0.05317861959338188,train,DirectPred
HT-144,Erlotinib,,,0.05721958726644516,0.025881588459014893,train,DirectPred
YD-15,Erlotinib,,,,0.1352919638156891,train,DirectPred
ESS-1,Erlotinib,,,0.0676722377538681,0.056061919778585434,train,DirectPred
LS411N,Erlotinib,,,0.011920134536921978,0.07875147461891174,train,DirectPred
HT-55,Erlotinib,,,,0.049449414014816284,train,DirectPred
HEC-251,Erlotinib,,,0.06929846853017807,0.06037815660238266,train,DirectPred
HH [Human lymphoma],Erlotinib,,,0.0,0.0035235323011875153,train,DirectPred
MDA-MB-453,Erlotinib,,,0.02901134081184864,0.07790617644786835,train,DirectPred
NB1,Erlotinib,,,,0.07370522618293762,train,DirectPred
CH-157MN,Erlotinib,,,,0.0026354752480983734,train,DirectPred
SW1783,Erlotinib,,,,0.007790017873048782,train,DirectPred
Hs 578T,Erlotinib,,,0.013234484009444714,-0.02110593020915985,train,DirectPred
Hs 737.T,Erlotinib,,,,0.00831352174282074,train,DirectPred
TE-6,Erlotinib,,,,0.14578473567962646,train,DirectPred
SUP-M2,Erlotinib,,,0.0,0.0013401210308074951,train,DirectPred
NCI-H1975,Erlotinib,,,0.04640130698680878,0.05959269404411316,train,DirectPred
HMCB,Erlotinib,,,0.11731451749801636,0.1036442369222641,train,DirectPred
K-562,Erlotinib,,,,0.042484626173973083,train,DirectPred
LCLC-103H,Erlotinib,,,0.018521644175052643,0.07915522903203964,train,DirectPred
Evsa-T,Erlotinib,,,,0.07189283519983292,train,DirectPred
Granta-519,Erlotinib,,,0.032702624797821045,0.0357903391122818,train,DirectPred
OVSAHO,Erlotinib,,,0.02859368361532688,0.031488098204135895,train,DirectPred
NALM-19,Erlotinib,,,,0.009258374571800232,train,DirectPred
SNU-668,Erlotinib,,,,0.10195920616388321,train,DirectPred
HT-1080,Erlotinib,,,0.015392986126244068,0.04212654381990433,train,DirectPred
SNU-1066,Erlotinib,,,,0.11902079731225967,train,DirectPred
Hs 729.T,Erlotinib,,,0.012469694949686527,0.0315772145986557,train,DirectPred
SNU-626,Erlotinib,,,,0.045931171625852585,train,DirectPred
COLO 829,Erlotinib,,,,-0.010643275454640388,train,DirectPred
KG-1,Erlotinib,,,0.03685476630926132,-0.00020623207092285156,train,DirectPred
HCC2935,Erlotinib,,,0.3644941747188568,0.35126134753227234,train,DirectPred
NCI-H1385,Erlotinib,,,,0.0066566504538059235,train,DirectPred
Ku812,Erlotinib,,,0.03246072307229042,0.004075683653354645,train,DirectPred
EBC-1,Erlotinib,,,0.04547259956598282,0.0457683764398098,train,DirectPred
RS-5,Erlotinib,,,,-0.02755320817232132,train,DirectPred
NCI-H747,Erlotinib,,,0.08544382452964783,0.08579425513744354,train,DirectPred
Hs 606.T,Erlotinib,,,,0.016996875405311584,train,DirectPred
FaDu,Erlotinib,,,0.20236626267433167,0.18768686056137085,train,DirectPred
HCC4006,Erlotinib,,,0.4926633834838867,0.5193567872047424,train,DirectPred
TGBC11TKB,Erlotinib,,,,0.18850992619991302,train,DirectPred
COV504,Erlotinib,,,0.0711984634399414,0.08571404218673706,train,DirectPred
NCI-H1694,Erlotinib,,,0.0,0.006310008466243744,train,DirectPred
RCH-ACV,Erlotinib,,,,0.05257014185190201,train,DirectPred
SaOS-2,Erlotinib,,,0.005337087903171778,0.01999068632721901,train,DirectPred
Hs 944.T,Erlotinib,,,0.02216356247663498,-0.0058588264510035515,train,DirectPred
SUP-HD1,Erlotinib,,,,0.017612090334296227,train,DirectPred
Becker,Erlotinib,,,,0.057404786348342896,train,DirectPred
MOLM-16,Erlotinib,,,,0.005244016647338867,train,DirectPred
BFTC-909,Erlotinib,,,0.02699008584022522,0.025253619998693466,train,DirectPred
COV362,Erlotinib,,,,0.03604871779680252,train,DirectPred
EW-8,Erlotinib,,,,0.06072495877742767,train,DirectPred
KMS-20,Erlotinib,,,,0.02525542490184307,train,DirectPred
YMB-1,Erlotinib,,,,0.1478976607322693,train,DirectPred
SF767,Erlotinib,,,,0.11942621320486069,train,DirectPred
COLO 741,Erlotinib,,,0.1051330491900444,0.06686674058437347,train,DirectPred
DK-MG,Erlotinib,,,0.02732880227267742,0.047015897929668427,train,DirectPred
UACC-812,Erlotinib,,,0.05086470767855644,0.1182280033826828,train,DirectPred
NU-DHL-1,Erlotinib,,,,0.013445302844047546,train,DirectPred
SF172,Erlotinib,,,,0.11452968418598175,train,DirectPred
D341 Med,Erlotinib,,,,-0.04514402896165848,train,DirectPred
HEC-151,Erlotinib,,,0.24379590153694153,0.24595379829406738,train,DirectPred
IGR-1,Erlotinib,,,,0.006531894207000732,train,DirectPred
Capan-1,Erlotinib,,,,0.11891555786132812,train,DirectPred
LN-308,Erlotinib,,,,0.0650443285703659,train,DirectPred
KMS-27,Erlotinib,,,,0.029977237805724144,train,DirectPred
LN-464,Erlotinib,,,,-0.02236247807741165,train,DirectPred
ABC-1,Erlotinib,,,,0.1805998682975769,train,DirectPred
SNU-407,Erlotinib,,,,0.08908744156360626,train,DirectPred
KMS-21-BM,Erlotinib,,,,0.013633700087666512,train,DirectPred
BFTC-905,Erlotinib,,,,0.18451032042503357,train,DirectPred
RERF-GC-1B,Erlotinib,,,0.08589732646942139,0.07789794355630875,train,DirectPred
THP-1,Erlotinib,,,,0.029034137725830078,train,DirectPred
KM12,Erlotinib,,,,0.09511478990316391,train,DirectPred
Sq-1,Erlotinib,,,0.06801863759756088,0.17671635746955872,train,DirectPred
MEC-2,Erlotinib,,,,0.015508927404880524,train,DirectPred
KMS-12-BM,Erlotinib,,,0.0,-0.01675277203321457,train,DirectPred
WSU-DLCL2,Erlotinib,,,,-0.05963693931698799,train,DirectPred
COR-L95,Erlotinib,,,,-0.0707436054944992,train,DirectPred
KE-39,Erlotinib,,,0.1750926673412323,0.14197999238967896,train,DirectPred
Hs 766T,Erlotinib,,,0.09911269694566727,0.0820423811674118,train,DirectPred
SU-DHL-4,Erlotinib,,,0.05815713480114937,-0.045267339795827866,train,DirectPred
HCC1954,Erlotinib,,,0.10922294855117798,0.10143914073705673,train,DirectPred
YD-10B,Erlotinib,,,,0.1481214165687561,train,DirectPred
M059K,Erlotinib,,,,0.062489449977874756,train,DirectPred
LS513,Erlotinib,,,,0.06230562925338745,train,DirectPred
NCI-H460,Erlotinib,,,0.015685027465224266,0.01908217743039131,train,DirectPred
T84,Erlotinib,,,0.06376633793115616,0.06123080849647522,train,DirectPred
G-402,Erlotinib,,,0.003593845758587122,0.03251991420984268,train,DirectPred
CCF-STTG1,Erlotinib,,,,0.029725458472967148,train,DirectPred
MOTN-1,Erlotinib,,,,-0.04794500768184662,train,DirectPred
A-704,Erlotinib,,,,0.11298961192369461,train,DirectPred
BJ1-hTERT,Erlotinib,,,,-0.04516756534576416,train,DirectPred
KHM-1B,Erlotinib,,,0.04921862483024597,-0.0005093542858958244,train,DirectPred
BICR 56,Erlotinib,,,,0.18144339323043823,train,DirectPred
TIG-3 TD,Erlotinib,,,,-0.020396776497364044,train,DirectPred
A2058,Erlotinib,,,0.020316431298851967,0.003171585500240326,train,DirectPred
Panc 04.03,Erlotinib,,,0.11146882176399231,0.11903728544712067,train,DirectPred
SU-DHL-6,Erlotinib,,,0.0,-0.02022874355316162,train,DirectPred
EFO-21,Erlotinib,,,0.04438505694270134,0.06185957416892052,train,DirectPred
NCI-H1437,Erlotinib,,,,0.18499644100666046,train,DirectPred
SCC-4,Erlotinib,,,,0.13669708371162415,train,DirectPred
NCI-H2342,Erlotinib,,,,0.22939150035381317,train,DirectPred
OV56,Erlotinib,,,,0.03094365820288658,train,DirectPred
CFPAC-1,Erlotinib,,,,0.06531111150979996,train,DirectPred
SK-LMS-1,Erlotinib,,,0.09860297292470932,0.06996683031320572,train,DirectPred
HT-1376,Erlotinib,,,0.1141933798789978,0.10212308913469315,train,DirectPred
UM-RC-6,Erlotinib,,,,0.09511494636535645,train,DirectPred
HTK-,Erlotinib,,,,-0.009080028161406517,train,DirectPred
MUTZ-5,Erlotinib,,,,-0.0027826279401779175,train,DirectPred
SCLC-21H,Erlotinib,,,,-0.07825526595115662,train,DirectPred
JHOM-2B,Erlotinib,,,,0.10655134916305542,train,DirectPred
MHH-ES-1,Erlotinib,,,0.08771762996912003,0.0897185206413269,train,DirectPred
Mino,Erlotinib,,,0.12321418523788452,0.08580805361270905,train,DirectPred
DoHH2,Erlotinib,,,0.0,-0.044740039855241776,train,DirectPred
Mono-Mac-1,Erlotinib,,,0.12792180478572845,0.04563405364751816,train,DirectPred
LXF 289,Erlotinib,,,,0.05266498401761055,train,DirectPred
EN,Erlotinib,,,0.00819708313792944,0.024469703435897827,train,DirectPred
NCI-H2081,Erlotinib,,,,-0.03280641883611679,train,DirectPred
SNU-1272,Erlotinib,,,,0.12302301824092865,train,DirectPred
CAL-78,Erlotinib,,,0.03013685718178749,0.0393010713160038,train,DirectPred
CAL-62,Erlotinib,,,,0.029865438118577003,train,DirectPred
IGR-37,Erlotinib,,,0.03262731060385704,0.022040007635951042,train,DirectPred
HEC-50B,Erlotinib,,,,0.04997527226805687,train,DirectPred
KP-N-RT-BM-1,Erlotinib,,,,0.025183580815792084,train,DirectPred
MDA-MB-231,Erlotinib,,,,0.03440690040588379,train,DirectPred
LUDLU-1,Erlotinib,,,0.21479026973247528,0.1804884374141693,train,DirectPred
NCI-H1618,Erlotinib,,,,-0.0649489238858223,train,DirectPred
Hs 618.T,Erlotinib,,,,-0.00766821950674057,train,DirectPred
RKO,Erlotinib,,,0.004631584510207176,0.04526764899492264,train,DirectPred
U-BLC1,Erlotinib,,,,0.24159862101078033,train,DirectPred
KYSE-180,Erlotinib,,,0.20234858989715576,0.1627965271472931,train,DirectPred
HuP-T3,Erlotinib,,,0.044885557144880295,0.09550070762634277,train,DirectPred
COV644,Erlotinib,,,,0.05548527091741562,train,DirectPred
KNS-42,Erlotinib,,,0.0,0.05865344777703285,train,DirectPred
JHOM-1,Erlotinib,,,,0.009164460003376007,train,DirectPred
NCI-H510A,Erlotinib,,,,-0.03389262408018112,train,DirectPred
DLD-1,Erlotinib,,,,0.1117171123623848,train,DirectPred
PrEC LH,Erlotinib,,,,0.004098042845726013,train,DirectPred
HCC1359,Erlotinib,,,,0.022579193115234375,train,DirectPred
TE 617.T,Erlotinib,,,0.19763614237308502,0.15991374850273132,train,DirectPred
MOLP-8,Erlotinib,,,0.008758941665291786,0.006232237443327904,train,DirectPred
SNU-1041,Erlotinib,,,,0.17265444993972778,train,DirectPred
NCI-H661,Erlotinib,,,0.0029913890175521374,0.04040054976940155,train,DirectPred
HCC2279,Erlotinib,,,,0.08436119556427002,train,DirectPred
SW1573,Erlotinib,,,0.07071369141340256,0.05146182328462601,train,DirectPred
SUP-B15,Erlotinib,,,,0.01941150426864624,train,DirectPred
Reh,Erlotinib,,,0.007274820003658533,0.004834160208702087,train,DirectPred
Kelly,Erlotinib,,,0.0,0.0373535081744194,train,DirectPred
NCI-H838,Erlotinib,,,,0.0302418302744627,train,DirectPred
NCI-H727,Erlotinib,,,0.014224999584257603,0.08513221144676208,train,DirectPred
TCCSUP,Erlotinib,,,0.0053850989788770676,0.0936705470085144,train,DirectPred
HCC70,Erlotinib,,,0.08828119933605194,0.125473290681839,train,DirectPred
YKG-1,Erlotinib,,,0.03782465681433678,0.06419147551059723,train,DirectPred
Hs 839.T,Erlotinib,,,,0.0036764442920684814,train,DirectPred
SUP-T11,Erlotinib,,,,0.006883831694722176,train,DirectPred
FU-OV-1,Erlotinib,,,0.11616449058055878,0.11262397468090057,train,DirectPred
NCI-H2452,Erlotinib,,,0.07825463265180588,0.0775107890367508,train,DirectPred
A2780,Erlotinib,,,0.01826312765479088,0.03233315050601959,train,DirectPred
BL-41,Erlotinib,,,0.009598737582564354,-0.009588295593857765,train,DirectPred
CPC-N,Erlotinib,,,,-0.0617341548204422,train,DirectPred
NCI-H1563,Erlotinib,,,0.02166382037103176,0.055395904928445816,train,DirectPred
VM-CUB-1,Erlotinib,,,,0.07493652403354645,train,DirectPred
HCC364,Erlotinib,,,,0.03688320517539978,train,DirectPred
U-118MG,Erlotinib,,,0.007053320296108723,0.026882100850343704,train,DirectPred
SNG-M,Erlotinib,,,0.07452930510044098,0.09304682165384293,train,DirectPred
Hs 852.T,Erlotinib,,,0.06064947322010994,0.06085857003927231,train,DirectPred
LS123,Erlotinib,,,0.06874532997608185,0.036937180906534195,train,DirectPred
SNU-738,Erlotinib,,,,0.030709348618984222,train,DirectPred
SNU-489,Erlotinib,,,,0.006486726924777031,train,DirectPred
SNU-245,Erlotinib,,,,0.15565532445907593,train,DirectPred
SNU-61,Erlotinib,,,,0.10625731945037842,train,DirectPred
LN-229,Erlotinib,,,0.08689193427562714,0.0840456634759903,train,DirectPred
NCI-H810,Erlotinib,,,0.0,0.012959722429513931,train,DirectPred
SET-2,Erlotinib,,,,-0.004415690898895264,train,DirectPred
HEC-1-A,Erlotinib,,,0.002704528858885169,0.015253886580467224,train,DirectPred
HSC-4,Erlotinib,,,,0.121300108730793,train,DirectPred
NCI-H1048,Erlotinib,,,0.03162302449345589,0.01727091707289219,train,DirectPred
DMS 79,Erlotinib,,,,-0.07541314512491226,train,DirectPred
PE/CA-PJ49,Erlotinib,,,,0.19648781418800354,train,DirectPred
JMSU-1,Erlotinib,,,0.11092350631952286,0.07504747807979584,train,DirectPred
MeWo,Erlotinib,,,0.0,0.03722964972257614,train,DirectPred
TALL-1 [Human adult T-ALL],Erlotinib,,,,0.007860371842980385,train,DirectPred
Hs 688(A).T,Erlotinib,,,,-0.009581498801708221,train,DirectPred
OVCAR-3,Erlotinib,,,0.1443013697862625,0.1277548223733902,train,DirectPred
OE33,Erlotinib,,,0.09942173957824707,0.08300639688968658,train,DirectPred
B-CPAP,Erlotinib,,,0.026610318571329117,0.05800702050328255,train,DirectPred
SNU-761,Erlotinib,,,,0.11567375808954239,train,DirectPred
IMR-32,Erlotinib,,,0.0,0.05133247375488281,train,DirectPred
LoVo,Erlotinib,,,,0.08822765946388245,train,DirectPred
ZR-75-30,Erlotinib,,,0.0,0.09239016473293304,train,DirectPred
A-1207,Erlotinib,,,,-0.012002991512417793,train,DirectPred
G-361,Erlotinib,,,0.07832533121109009,0.03908906877040863,train,DirectPred
CMK-11-5,Erlotinib,,,,0.0221683531999588,train,DirectPred
EFO-27,Erlotinib,,,0.16153484582901,0.13877391815185547,train,DirectPred
MIA PaCa-2,Erlotinib,,,0.015134925954043865,0.0023656748235225677,train,DirectPred
Hs 895.T,Erlotinib,,,0.04018842801451683,0.03349548578262329,train,DirectPred
Hs 863.T,Erlotinib,,,,-0.017105653882026672,train,DirectPred
RVH-421,Erlotinib,,,0.0070321024395525455,0.010332610458135605,train,DirectPred
JHH-1,Erlotinib,,,,0.15397347509860992,train,DirectPred
SNU-216,Erlotinib,,,,0.13919582962989807,train,DirectPred
EPLC-272H,Erlotinib,,,,0.19654177129268646,train,DirectPred
MEG-01,Erlotinib,,,0.011870242655277252,-0.003859490156173706,train,DirectPred
NCI-H2029,Erlotinib,,,,-0.047218769788742065,train,DirectPred
AU565,Erlotinib,,,0.04662146046757698,0.09107986092567444,train,DirectPred
COLO 680N,Erlotinib,,,,0.17488235235214233,train,DirectPred
ST486,Erlotinib,,,,-0.004521237686276436,train,DirectPred
ZR-75-1,Erlotinib,,,0.11372878402471542,0.1696375161409378,train,DirectPred
Namalwa,Erlotinib,,,,-0.0037058554589748383,train,DirectPred
RERF-LC-Ad2,Erlotinib,,,,0.15064102411270142,train,DirectPred
COLO 792,Erlotinib,,,,-0.0001023411750793457,train,DirectPred
ML-1 [Human thyroid carcinoma],Erlotinib,,,,0.05015227571129799,train,DirectPred
RERF-LC-Sq1,Erlotinib,,,,0.020768027752637863,train,DirectPred
NCI-H647,Erlotinib,,,0.006460372358560562,0.025715075433254242,train,DirectPred
TE-14,Erlotinib,,,,0.15393900871276855,train,DirectPred
SCC-9,Erlotinib,,,0.2093525528907776,0.21309873461723328,train,DirectPred
Pfeiffer,Erlotinib,,,0.1284427046775818,0.07861106097698212,train,DirectPred
HuH-28,Erlotinib,,,,0.02192671224474907,train,DirectPred
NCI-H358,Erlotinib,,,0.1887504607439041,0.18225321173667908,train,DirectPred
DMS 454,Erlotinib,,,,0.021742019802331924,train,DirectPred
Hs 888.T,Erlotinib,,,,0.011739686131477356,train,DirectPred
SW1271,Erlotinib,,,0.01700293831527233,0.03772537410259247,train,DirectPred
22Rv1,Erlotinib,,,0.005032097455114126,0.10592187196016312,train,DirectPred
MDA-MB-134-VI,Erlotinib,,,,-0.04691622406244278,train,DirectPred
JM-1,Erlotinib,,,0.036375001072883606,0.017055651172995567,train,DirectPred
SW579,Erlotinib,,,0.01684611104428768,0.031244609504938126,train,DirectPred
HCC202,Erlotinib,,,,0.1491021066904068,train,DirectPred
CA46,Erlotinib,,,,-0.026612332090735435,train,DirectPred
NCI-H526,Erlotinib,,,,-0.05492609739303589,train,DirectPred
TE-8,Erlotinib,,,,0.09018707275390625,train,DirectPred
WM115,Erlotinib,,,0.009304008446633816,0.03238105773925781,train,DirectPred
HEL,Erlotinib,,,,0.010930418968200684,train,DirectPred
IST-Mes2,Erlotinib,,,0.025352122262120247,0.016229692846536636,train,DirectPred
BICR 22,Erlotinib,,,,0.1287224292755127,train,DirectPred
NCI-H650,Erlotinib,,,0.005011194851249456,-0.0009282417595386505,train,DirectPred
HSC-2,Erlotinib,,,0.07182122021913528,0.06796831637620926,train,DirectPred
Rh41,Erlotinib,,,,-0.006024383008480072,train,DirectPred
SHP-77,Erlotinib,,,0.0,0.0033159106969833374,train,DirectPred
SNU-283,Erlotinib,,,,0.14289668202400208,train,DirectPred
253J,Erlotinib,,,,0.050272684544324875,train,DirectPred
MDA-MB-468,Erlotinib,,,0.21849147975444794,0.20485347509384155,train,DirectPred
HEY A8,Erlotinib,,,0.015455840155482292,0.017839660868048668,train,DirectPred
SNU-466,Erlotinib,,,,0.0326433889567852,train,DirectPred
SW620,Erlotinib,,,0.003228754736483097,0.018228933215141296,train,DirectPred
NCI-H2227,Erlotinib,,,,-0.09284338355064392,train,DirectPred
GSS,Erlotinib,,,,0.08349831402301788,train,DirectPred
Karpas-620,Erlotinib,,,0.021312205120921135,0.013522841036319733,train,DirectPred
NCI-H1930,Erlotinib,,,,-0.03987712413072586,train,DirectPred
SK-MEL-1,Erlotinib,,,,0.03600192070007324,train,DirectPred
HOS,Erlotinib,,,0.0,0.036365509033203125,train,DirectPred
TE 125.T,Erlotinib,,,,0.006523102521896362,train,DirectPred
SCC-15,Erlotinib,,,,0.1486227810382843,train,DirectPred
OUMS-23,Erlotinib,,,,0.1214645504951477,train,DirectPred
PL-21,Erlotinib,,,,0.019721172749996185,train,DirectPred
NCI-H1155,Erlotinib,,,0.0644206777215004,0.07168629765510559,train,DirectPred
CL-14,Erlotinib,,,,0.0864098072052002,train,DirectPred
RPMI-8402,Erlotinib,,,0.018608050420880318,-0.010981440544128418,train,DirectPred
SR,Erlotinib,,,,0.001174301840364933,train,DirectPred
Lu-65,Erlotinib,,,,-0.004830874502658844,train,DirectPred
SNU-8,Erlotinib,,,,0.07776307314634323,train,DirectPred
MHH-CALL-4,Erlotinib,,,,0.016398653388023376,train,DirectPred
PANC-1,Erlotinib,,,,0.011085350066423416,train,DirectPred
COLO 205,Erlotinib,,,0.05243299528956413,0.08453340828418732,train,DirectPred
143B,Erlotinib,,,,0.027163170278072357,train,DirectPred
NCI-H2196,Erlotinib,,,,-0.05286288261413574,train,DirectPred
LN-215,Erlotinib,,,,-0.018566306680440903,train,DirectPred
SK-BR-3,Erlotinib,,,0.05985407158732414,0.09477545320987701,train,DirectPred
SEM,Erlotinib,,,,0.039823710918426514,train,DirectPred
CML-T1,Erlotinib,,,,0.00040741264820098877,train,DirectPred
NCI-H446,Erlotinib,,,,-0.027263619005680084,train,DirectPred
23132/87,Erlotinib,,,,0.2016274631023407,train,DirectPred
U-178MG,Erlotinib,,,,0.009561363607645035,train,DirectPred
Panc 03.27,Erlotinib,,,0.06275393068790436,0.03634912520647049,train,DirectPred
COR-L51,Erlotinib,,,,-0.09916187822818756,train,DirectPred
Jurkat E6.1,Erlotinib,,,0.08020259439945221,0.023784317076206207,train,DirectPred
SNU-1079,Erlotinib,,,,0.11945900321006775,train,DirectPred
HCC1569,Erlotinib,,,0.006881309673190117,0.02278485894203186,train,DirectPred
NCI-H441,Erlotinib,,,0.03614166006445885,0.11118000745773315,train,DirectPred
CHL-1,Erlotinib,,,0.13103163242340088,0.12023849785327911,train,DirectPred
HPAF-II,Erlotinib,,,0.06233073025941849,0.05939275026321411,train,DirectPred
SNU-1196,Erlotinib,,,,0.06850743293762207,train,DirectPred
LOU-NH91,Erlotinib,,,0.14603012800216675,0.1274110972881317,train,DirectPred
NCI-H2347,Erlotinib,,,,0.09361207485198975,train,DirectPred
PE/CA-PJ34 (clone C12),Erlotinib,,,,0.19717960059642792,train,DirectPred
L-363,Erlotinib,,,0.030041877180337906,0.01810063049197197,train,DirectPred
SNU-1076,Erlotinib,,,,0.14541950821876526,train,DirectPred
KYSE-150,Erlotinib,,,0.08199793100357056,0.04105188325047493,train,DirectPred
NCO2,Erlotinib,,,0.10569243878126144,0.042383335530757904,train,DirectPred
S-117,Erlotinib,,,,0.03188004344701767,train,DirectPred
NCI-H1876,Erlotinib,,,,-0.028319671750068665,train,DirectPred
Rh30,Erlotinib,,,0.007888833060860634,0.013953570276498795,train,DirectPred
KYSE-510,Erlotinib,,,0.0072697969153523445,0.1453535258769989,train,DirectPred
LCLC-97TM1,Erlotinib,,,,0.11460345983505249,train,DirectPred
SNU-387,Erlotinib,,,0.013762500137090683,0.05946274846792221,train,DirectPred
TC-32,Erlotinib,,,,-0.0010658130049705505,train,DirectPred
1321N1,Erlotinib,,,0.05883492901921272,0.060750626027584076,train,DirectPred
Fu97,Erlotinib,,,0.05444095656275749,0.039969027042388916,train,DirectPred
GA-10,Erlotinib,,,,-0.021948305889964104,train,DirectPred
Hs 870.T,Erlotinib,,,,0.0009474009275436401,train,DirectPred
Panc 02.03,Erlotinib,,,0.12672166526317596,0.12933646142482758,train,DirectPred
COR-L23,Erlotinib,,,0.00965084321796894,0.0002952404320240021,train,DirectPred
CJM [Human melanoma],Erlotinib,,,,0.19339250028133392,train,DirectPred
HCC366,Erlotinib,,,,0.1274384707212448,train,DirectPred
SK-LU-1,Erlotinib,,,0.04014251381158829,0.03439681977033615,train,DirectPred
MV4-11,Erlotinib,,,,0.027211636304855347,train,DirectPred
JH-EsoAd1,Erlotinib,,,,0.14266657829284668,train,DirectPred
T3M-4,Erlotinib,,,,0.08677550405263901,train,DirectPred
Hs 822.T,Erlotinib,,,,-0.040656447410583496,train,DirectPred
MOG-G-CCM,Erlotinib,,,0.0,0.03441699966788292,train,DirectPred
ACHN,Erlotinib,,,0.1818314790725708,0.1936734914779663,train,DirectPred
Calu-1,Erlotinib,,,0.008805246092379093,0.012721659615635872,train,DirectPred
MKN7,Erlotinib,,,0.010533550754189491,-0.010504711419343948,train,DirectPred
Daudi,Erlotinib,,,,-0.07719983160495758,train,DirectPred
NCI-H716,Erlotinib,,,,0.04725344851613045,train,DirectPred
SNU-46,Erlotinib,,,,0.07320445775985718,train,DirectPred
DM-3,Erlotinib,,,,-0.03276383876800537,train,DirectPred
NCI-H1339,Erlotinib,,,0.0038380459882318974,-0.008181724697351456,train,DirectPred
NCI-H929,Erlotinib,,,,-0.029871556907892227,train,DirectPred
SNU-1,Erlotinib,,,0.08571857213973999,0.0719209760427475,train,DirectPred
MJ,Erlotinib,,,0.0,-0.006988278590142727,train,DirectPred
DU145,Erlotinib,,,0.13559819757938385,0.12066111713647842,train,DirectPred
Hs 229.T,Erlotinib,,,0.0,0.023530934005975723,train,DirectPred
MG-63,Erlotinib,,,0.006114600691944361,0.007860366255044937,train,DirectPred
CMK-86,Erlotinib,,,0.07315269857645035,0.007714435458183289,train,DirectPred
RMG-I,Erlotinib,,,,0.21774795651435852,train,DirectPred
LC-1/sq-SF,Erlotinib,,,0.11546967923641205,0.10751500725746155,train,DirectPred
SK-N-MC,Erlotinib,,,,0.056390319019556046,train,DirectPred
VMRC-LCD,Erlotinib,,,9.304741628883215e-16,-0.028185606002807617,train,DirectPred
Karpas-299,Erlotinib,,,0.026572350412607193,0.018423914909362793,train,DirectPred
OC 314,Erlotinib,,,0.04141521826386452,0.03813045471906662,train,DirectPred
MOLT-16,Erlotinib,,,0.04553644731640816,0.00562991201877594,train,DirectPred
QGP-1,Erlotinib,,,0.06047167629003525,0.049475718289613724,train,DirectPred
HLF,Erlotinib,,,0.019748220220208168,0.02703905664384365,train,DirectPred
KNS-60,Erlotinib,,,0.008071512915194035,0.04278542473912239,train,DirectPred
RL,Erlotinib,,,,-0.03346051275730133,train,DirectPred
OCI-Ly19,Erlotinib,,,,0.04593764245510101,train,DirectPred
SF295,Erlotinib,,,0.054866135120391846,0.05426838994026184,train,DirectPred
OCI-AML-2,Erlotinib,,,0.02965749055147171,0.04205887019634247,train,DirectPred
Caki-2,Erlotinib,,,0.12503495812416077,0.1379954218864441,train,DirectPred
SK-MM-2,Erlotinib,,,0.17415617406368256,0.13916096091270447,train,DirectPred
U-937,Erlotinib,,,0.051928505301475525,0.006375804543495178,train,DirectPred
COLO 704,Erlotinib,,,,0.01305842399597168,train,DirectPred
REC-1,Erlotinib,,,,0.07487671822309494,train,DirectPred
ONCO-DG-1,Erlotinib,,,0.1428801268339157,0.12723201513290405,train,DirectPred
SNU-1197,Erlotinib,,,,0.10256008803844452,train,DirectPred
SNU-C4,Erlotinib,,,,0.1918603777885437,train,DirectPred
A101D,Erlotinib,,,,0.005575302988290787,train,DirectPred
COLO 849,Erlotinib,,,,0.00998137891292572,train,DirectPred
SNU-308,Erlotinib,,,,0.1762963831424713,train,DirectPred
LS180,Erlotinib,,,,0.08976307511329651,train,DirectPred
MFE-319,Erlotinib,,,0.2620878517627716,0.25907135009765625,train,DirectPred
CAL-12T,Erlotinib,,,0.2825886905193329,0.2600391209125519,train,DirectPred
HCC1187,Erlotinib,,,0.046661943197250366,0.10970830172300339,train,DirectPred
NCI-H226,Erlotinib,,,0.0059545026160776615,0.02364894188940525,train,DirectPred
HCT 116,Erlotinib,,,0.02919105254113674,0.02944638580083847,train,DirectPred
Detroit 562,Erlotinib,,,0.1154157817363739,0.17510956525802612,train,DirectPred
HuT 78,Erlotinib,,,0.0,-0.01782352663576603,train,DirectPred
JHOS-4,Erlotinib,,,0.12377795577049255,0.08084502071142197,train,DirectPred
NCI-H596,Erlotinib,,,,0.17994356155395508,train,DirectPred
SNU-175,Erlotinib,,,,0.13729041814804077,train,DirectPred
G-401,Erlotinib,,,0.023841170594096184,0.041926540434360504,train,DirectPred
SNU-C1,Erlotinib,,,,0.14594480395317078,train,DirectPred
CL-34,Erlotinib,,,,0.10743772983551025,train,DirectPred
KMS-26,Erlotinib,,,0.011861918494105339,-0.007163427770137787,train,DirectPred
Hs 675.T,Erlotinib,,,,-0.02017080783843994,train,DirectPred
AN3-CA,Erlotinib,,,0.03363645449280739,0.039698828011751175,train,DirectPred
ECC12,Erlotinib,,,,-0.04002724215388298,train,DirectPred
Hs 934.T,Erlotinib,,,,-0.014460034668445587,train,DirectPred
SNU-1105,Erlotinib,,,,-0.0058890655636787415,train,DirectPred
Rh18,Erlotinib,,,,0.019627146422863007,train,DirectPred
GaMG,Erlotinib,,,0.03627780079841614,0.035709448158741,train,DirectPred
NCI-H1963,Erlotinib,,,,-0.0754607766866684,train,DirectPred
SNU-601,Erlotinib,,,,0.10720069706439972,train,DirectPred
Ri-1,Erlotinib,,,,0.03441314399242401,train,DirectPred
TOV-112D,Erlotinib,,,0.08457241207361221,0.09145182371139526,train,DirectPred
HLE,Erlotinib,,,0.02747679315507412,0.024343987926840782,train,DirectPred
KMS-28BM,Erlotinib,,,,0.02719155140221119,train,DirectPred
HT-29,Erlotinib,,,0.0008752056746743619,0.07069534063339233,train,DirectPred
Hs 281.T,Erlotinib,,,,-0.00804147869348526,train,DirectPred
JJN-3,Erlotinib,,,,-0.031493134796619415,train,DirectPred
OVCAR-8,Erlotinib,,,,0.02325885370373726,train,DirectPred
Hs 698.T,Erlotinib,,,,-0.022872135043144226,train,DirectPred
SLR21,Erlotinib,,,,0.06738070398569107,train,DirectPred
NCI-H1395,Erlotinib,,,,0.2146894335746765,train,DirectPred
ES-2,Erlotinib,,,0.02078234776854515,0.019574405625462532,train,DirectPred
HuH-6 Clone 5,Erlotinib,,,,0.10951162874698639,train,DirectPred
NCI-H1792,Erlotinib,,,0.03543425351381302,0.04960431531071663,train,DirectPred
SK-N-FI,Erlotinib,,,0.0,0.0685013085603714,train,DirectPred
KMRC-2,Erlotinib,,,0.0557129792869091,0.06508436799049377,train,DirectPred
SNU-840,Erlotinib,,,,0.13692212104797363,train,DirectPred
SW480,Erlotinib,,,0.020401477813720703,0.0028713680803775787,train,DirectPred
KE-37,Erlotinib,,,,0.01200905442237854,train,DirectPred
HCC1438,Erlotinib,,,,0.05843862146139145,train,DirectPred
Hs 683,Erlotinib,,,0.011889842338860035,0.04225148260593414,train,DirectPred
DMS 273,Erlotinib,,,,0.03461184352636337,train,DirectPred
NCI-H2170,Erlotinib,,,0.19809652864933014,0.21105939149856567,train,DirectPred
UACC-62,Erlotinib,,,0.10531966388225555,0.0031520575284957886,train,DirectPred
HMC-1-8,Erlotinib,,,0.01942284032702446,0.02524423599243164,train,DirectPred
OS-RC-2,Erlotinib,,,,0.13140636682510376,train,DirectPred
F5,Erlotinib,,,,0.01315954327583313,train,DirectPred
JVM-3,Erlotinib,,,0.11290206015110016,0.092476986348629,train,DirectPred
639V,Erlotinib,,,,0.016969261690974236,train,DirectPred
TE-9,Erlotinib,,,0.08090578019618988,0.08388008922338486,train,DirectPred
BHY,Erlotinib,,,,0.19589729607105255,train,DirectPred
TF-1,Erlotinib,,,,0.011764198541641235,train,DirectPred
HCC44,Erlotinib,,,0.0068970308639109135,0.011021379381418228,train,DirectPred
NCI-H209,Erlotinib,,,,-0.09449206292629242,train,DirectPred
GSU,Erlotinib,,,,0.1143244206905365,train,DirectPred
Hs 611.T,Erlotinib,,,,0.00023086369037628174,train,DirectPred
Hs 255.T,Erlotinib,,,,0.00850667804479599,train,DirectPred
OVTOKO,Erlotinib,,,0.10582002997398376,0.10356587171554565,train,DirectPred
JHH-2,Erlotinib,,,0.07645614445209503,0.1353619396686554,train,DirectPred
EHEB,Erlotinib,,,,0.07192780077457428,train,DirectPred
DU4475,Erlotinib,,,,-0.01265181228518486,train,DirectPred
HPB-ALL,Erlotinib,,,,0.020791497081518173,train,DirectPred
SU-DHL-5,Erlotinib,,,,-0.030645648017525673,train,DirectPred
Kuramochi,Erlotinib,,,0.09344540536403656,0.11827834695577621,train,DirectPred
KLE,Erlotinib,,,0.08713329583406448,0.07378696650266647,train,DirectPred
HCC1171,Erlotinib,,,,0.1288328915834427,train,DirectPred
SNU-685,Erlotinib,,,,0.0494510792195797,train,DirectPred
YD-38,Erlotinib,,,,0.17583179473876953,train,DirectPred
HCC1599,Erlotinib,,,,0.13491752743721008,train,DirectPred
UT-7,Erlotinib,,,,0.02242186665534973,train,DirectPred
HLF-a,Erlotinib,,,,-0.0009014755487442017,train,DirectPred
KYSE-140,Erlotinib,,,0.2900695502758026,0.24164742231369019,train,DirectPred
DBTRG-05MG,Erlotinib,,,0.029529370367527008,0.04172062128782272,train,DirectPred
KMS-11,Erlotinib,,,0.0,-0.006070608273148537,train,DirectPred
SLR20,Erlotinib,,,,0.032097965478897095,train,DirectPred
NCI-H3255,Erlotinib,,,0.5614478588104248,0.6005200743675232,train,DirectPred
NCI-H1666,Erlotinib,,,0.37953415513038635,0.3194485306739807,train,DirectPred
KP-N-YN,Erlotinib,,,,0.03914199769496918,train,DirectPred
TT,Erlotinib,,,,-0.02617792785167694,train,DirectPred
SNU-410,Erlotinib,,,,0.06538888812065125,train,DirectPred
SNU-475,Erlotinib,,,0.06119292601943016,0.07385995239019394,train,DirectPred
NCI-N87,Erlotinib,,,0.09161164611577988,0.09951860457658768,train,DirectPred
SNU-869,Erlotinib,,,,0.06102953851222992,train,DirectPred
SK-MES-1,Erlotinib,,,0.27235737442970276,0.2207767367362976,train,DirectPred
NCI-H2030,Erlotinib,,,0.15355055034160614,0.15420199930667877,train,DirectPred
RCC10RGB,Erlotinib,,,,0.1457783579826355,train,DirectPred
COR-L105,Erlotinib,,,0.18441914021968842,0.18915802240371704,train,DirectPred
GR-M,Erlotinib,,,,0.06203408166766167,train,DirectPred
Lu-99A,Erlotinib,,,0.09351128339767456,0.0007844101637601852,train,DirectPred
NCI-H854,Erlotinib,,,,0.16040579974651337,train,DirectPred
TOV-21G,Erlotinib,,,0.06806977093219757,0.0637461245059967,train,DirectPred
CGTH-W-1,Erlotinib,,,,0.04403701424598694,train,DirectPred
MDA-MB-361,Erlotinib,,,,0.143328458070755,train,DirectPred
DMS 53,Erlotinib,,,,0.015524806454777718,train,DirectPred
SW1088,Erlotinib,,,0.05018170550465584,0.058141421526670456,train,DirectPred
BxPC-3,Erlotinib,,,0.11221767216920853,0.13577669858932495,train,DirectPred
Raji,Erlotinib,,,0.0,-0.06041944772005081,train,DirectPred
HCC2218,Erlotinib,,,,0.11832983046770096,train,DirectPred
SNU-620,Erlotinib,,,,0.0796765387058258,train,DirectPred
HuG1-N,Erlotinib,,,,0.10844331979751587,train,DirectPred
Loucy,Erlotinib,,,,-0.007642284035682678,train,DirectPred
Hs 739.T,Erlotinib,,,0.0,0.04740773141384125,train,DirectPred
HEC-1-B,Erlotinib,,,0.06732435524463654,0.04686983302235603,train,DirectPred
NCI-H2171,Erlotinib,,,,-0.03245484083890915,train,DirectPred
NCI-H69,Erlotinib,,,,-0.04935472458600998,train,DirectPred
OELE,Erlotinib,,,,-0.04777456074953079,train,DirectPred
Hep 3B2.1-7,Erlotinib,,,0.0,0.13607679307460785,train,DirectPred
AsPC-1,Erlotinib,,,0.05606233328580856,0.007795095443725586,train,DirectPred
MCF-7,Erlotinib,,,0.052088651806116104,0.08183105289936066,train,DirectPred
SH-10-TC,Erlotinib,,,0.030011549592018127,-0.004752740263938904,train,DirectPred
NCC-StC-K140,Erlotinib,,,,0.1650313138961792,train,DirectPred
A-673,Erlotinib,,,0.013293544761836529,0.03269873932003975,train,DirectPred
Hs 834.T,Erlotinib,,,,-0.02390703558921814,train,DirectPred
59M,Erlotinib,,,,-0.024972058832645416,train,DirectPred
AMO1,Erlotinib,,,0.04056181013584137,0.0043534934520721436,train,DirectPred
HGC-27,Erlotinib,,,0.019985539838671684,0.036882974207401276,train,DirectPred
COLO 684,Erlotinib,,,,-0.04285044223070145,train,DirectPred
Mel JuSo,Erlotinib,,,,-0.020683705806732178,train,DirectPred
H4,Erlotinib,,,0.030391791835427284,0.056089840829372406,train,DirectPred
KO52,Erlotinib,,,0.06541673094034195,0.03277561068534851,train,DirectPred
F-36P,Erlotinib,,,0.016780167818069458,0.01930125057697296,train,DirectPred
BV-173,Erlotinib,,,,0.04721473157405853,train,DirectPred
K029AX,Erlotinib,,,0.0,-0.025475211441516876,train,DirectPred
BL-70,Erlotinib,,,0.007193997036665678,-0.018791284412145615,train,DirectPred
IPC-298,Erlotinib,,,0.05289856344461441,0.015093835070729256,train,DirectPred
COLO 677,Erlotinib,,,0.009470959194004536,-0.004036795347929001,train,DirectPred
FTC-133,Erlotinib,,,,0.04201292246580124,train,DirectPred
BICR 31,Erlotinib,,,,0.14034521579742432,train,DirectPred
LMSU,Erlotinib,,,,0.0692763477563858,train,DirectPred
MEC-1,Erlotinib,,,0.008480126969516277,0.03722994402050972,train,DirectPred
NCI-H1781,Erlotinib,,,,0.14259926974773407,train,DirectPred
U2OS,Erlotinib,,,0.04493655636906624,0.06969284266233444,train,DirectPred
HD-MY-Z,Erlotinib,,,0.0841427892446518,0.03620452433824539,train,DirectPred
OV7,Erlotinib,,,,-0.001746390014886856,train,DirectPred
A4/Fukuda,Erlotinib,,,,-0.014637205749750137,train,DirectPred
NCI-H1581,Erlotinib,,,0.0,0.057812001556158066,train,DirectPred
ALL-SIL,Erlotinib,,,0.079600028693676,0.012515927664935589,train,DirectPred
AZ-521,Erlotinib,,,0.14559698104858398,0.12736740708351135,train,DirectPred
P3HR-1,Erlotinib,,,0.0,-0.019139647483825684,train,DirectPred
WM793,Erlotinib,,,0.02805124968290329,0.0568455308675766,train,DirectPred
MOLM-6,Erlotinib,,,,0.010144159197807312,train,DirectPred
SK-RC-20,Erlotinib,,,,0.005724698305130005,train,DirectPred
Capan-2,Erlotinib,,,0.05558851733803749,0.02143171802163124,train,DirectPred
NCI-H1299,Erlotinib,,,0.06268586218357086,0.022694896906614304,train,DirectPred
HCC1395,Erlotinib,,,0.042956769466400146,0.06316374242305756,train,DirectPred
CCK-81,Erlotinib,,,0.20738886296749115,0.19839122891426086,train,DirectPred
HARA [Human squamous cell lung carcinoma],Erlotinib,,,0.11393557488918304,0.10923413187265396,train,DirectPred
SK-RC-31,Erlotinib,,,,-0.005040738731622696,train,DirectPred
KYM-1,Erlotinib,,,0.0,0.009271729737520218,train,DirectPred
HPAC,Erlotinib,,,0.06448940932750702,0.046608299016952515,train,DirectPred
OAW42,Erlotinib,,,,0.09949448704719543,train,DirectPred
KP-N-SI9s,Erlotinib,,,0.07291987538337708,0.05392979457974434,train,DirectPred
M-07e,Erlotinib,,,,0.027812331914901733,train,DirectPred
P31/FUJ,Erlotinib,,,0.010075471363961697,-0.006123483180999756,train,DirectPred
COV434,Erlotinib,,,,0.07096372544765472,train,DirectPred
SK-CO-1,Erlotinib,,,0.13508951663970947,0.15376463532447815,train,DirectPred
NCI-H1869,Erlotinib,,,0.152424156665802,0.15384528040885925,train,DirectPred
SNU-213,Erlotinib,,,,0.08163699507713318,train,DirectPred
A-253,Erlotinib,,,0.11193941533565521,0.167704775929451,train,DirectPred
OCUM-1,Erlotinib,,,0.0,0.1115628033876419,train,DirectPred
SNU-1040,Erlotinib,,,,0.1483772099018097,train,DirectPred
CAL-54,Erlotinib,,,,0.17332130670547485,train,DirectPred
OC 315,Erlotinib,,,0.05231531709432602,0.029661834239959717,train,DirectPred
SLR25,Erlotinib,,,,0.039338551461696625,train,DirectPred
CAL-33,Erlotinib,,,,0.20191572606563568,train,DirectPred
RCM-1 [Human rectum adenocarcinoma],Erlotinib,,,,0.03390097618103027,train,DirectPred
SK-HEP-1,Erlotinib,,,0.022565459832549095,0.027075696736574173,train,DirectPred
RERF-LC-A1,Erlotinib,,,0.039469145238399506,0.03767923265695572,train,DirectPred
SNU-478,Erlotinib,,,,0.174185112118721,train,DirectPred
SW1116,Erlotinib,,,,0.06234976649284363,train,DirectPred
TE-5,Erlotinib,,,0.026737511157989502,0.02939833700656891,train,DirectPred
CHP-212,Erlotinib,,,0.016802458092570305,0.03750094026327133,train,DirectPred
NCI-H2141,Erlotinib,,,,-0.08032308518886566,train,DirectPred
Toledo,Erlotinib,,,0.0,-0.017045971006155014,train,DirectPred
UACC-257,Erlotinib,,,0.004973747301846743,-0.004380788654088974,train,DirectPred
SCC-25,Erlotinib,,,,0.12144483625888824,train,DirectPred
ACC-MESO-1,Erlotinib,,,,0.0338568314909935,train,DirectPred
COLO 678,Erlotinib,,,0.15705744922161102,0.16717064380645752,train,DirectPred
PE/CA-PJ15,Erlotinib,,,,0.16874444484710693,train,DirectPred
T3M-10,Erlotinib,,,0.0519343800842762,0.16528534889221191,train,DirectPred
MOLM-13,Erlotinib,,,,0.043134905397892,train,DirectPred
HuH-1,Erlotinib,,,0.04100503399968147,0.06387680768966675,train,DirectPred
EFM-192A,Erlotinib,,,,0.08732151240110397,train,DirectPred
YD-8,Erlotinib,,,,0.0832008644938469,train,DirectPred
Hs 751.T,Erlotinib,,,,-0.01520577073097229,train,DirectPred
KE-97,Erlotinib,,,0.0897432342171669,0.06371143460273743,train,DirectPred
NCI-H524,Erlotinib,,,,0.01387391984462738,train,DirectPred
Huh-7,Erlotinib,,,,0.10014589130878448,train,DirectPred
COLO 800,Erlotinib,,,,-0.013337289914488792,train,DirectPred
EB1,Erlotinib,,,0.005754662677645683,-0.02725962921977043,train,DirectPred
CAMA-1,Erlotinib,,,0.01575651951134205,0.045181624591350555,train,DirectPred
SNU-C5,Erlotinib,,,,0.11107459664344788,train,DirectPred
HDQ-P1,Erlotinib,,,0.20471830666065216,0.17093613743782043,train,DirectPred
HEL 92.1.7,Erlotinib,,,0.017781322821974754,0.006964445114135742,train,DirectPred
NCI-H322,Erlotinib,,,0.30578410625457764,0.2655421197414398,train,DirectPred
LS1034,Erlotinib,,,,0.02688652276992798,train,DirectPred
COLO 320,Erlotinib,,,0.06566300988197327,0.053339071571826935,train,DirectPred
KS-1 [Human glioblastoma],Erlotinib,,,,0.0548303984105587,train,DirectPred
5637,Erlotinib,,,0.2021394670009613,0.15242013335227966,train,DirectPred
NCI-H2066,Erlotinib,,,,-0.009949076920747757,train,DirectPred
697,Erlotinib,,,0.10943935066461563,0.05773470550775528,train,DirectPred
OCI-Ly10,Erlotinib,,,0.07214845716953278,0.020107325166463852,train,DirectPred
HuT 102,Erlotinib,,,,-0.02149653434753418,train,DirectPred
KMRC-3,Erlotinib,,,,0.09104415774345398,train,DirectPred
PK-45H,Erlotinib,,,0.040951505303382874,0.0560111403465271,train,DirectPred
RMUG-S,Erlotinib,,,,0.23572994768619537,train,DirectPred
RT-4,Erlotinib,,,0.16739684343338013,0.14428246021270752,train,DirectPred
SU.86.86,Erlotinib,,,0.05526959151029587,0.17484340071678162,train,DirectPred
Panc 10.05,Erlotinib,,,0.05654756352305412,0.05569923669099808,train,DirectPred
JHH-7,Erlotinib,,,0.06400319188833237,0.09296374022960663,train,DirectPred
HEC-59,Erlotinib,,,0.02312557026743889,0.017856935039162636,train,DirectPred
SNU-423,Erlotinib,,,0.03534448519349098,0.029656946659088135,train,DirectPred
HCC1143,Erlotinib,,,,0.22738298773765564,train,DirectPred
MDA-MB-435,Erlotinib,,,0.0032447248231619596,0.004283294081687927,train,DirectPred
A-549,Erlotinib,,,0.08121180534362793,0.12171095609664917,train,DirectPred
DB,Erlotinib,,,,0.00961233675479889,train,DirectPred
GCT,Erlotinib,,,0.029750056564807892,0.015258077532052994,train,DirectPred
NCI-H211,Erlotinib,,,0.0,-0.030777834355831146,train,DirectPred
NCI-H660,Erlotinib,,,,-0.0060144588351249695,train,DirectPred
GP2d,Erlotinib,,,,0.171725794672966,train,DirectPred
PCM6,Erlotinib,,,,0.0013636983931064606,train,DirectPred
RD,Erlotinib,,,0.002177261747419834,0.03421168029308319,train,DirectPred
KATO III,Erlotinib,,,,0.11283165216445923,train,DirectPred
TEN,Erlotinib,,,0.0,-0.017879672348499298,train,DirectPred
SIG-M5,Erlotinib,,,0.12618041038513184,0.07759428769350052,train,DirectPred
MDA-MB-415,Erlotinib,,,0.01592852920293808,0.05865044146776199,train,DirectPred
HEC-108,Erlotinib,,,,0.15656931698322296,train,DirectPred
CAS-1,Erlotinib,,,0.00462641566991806,0.012358833104372025,train,DirectPred
NCI-H1793,Erlotinib,,,0.14222055673599243,0.09828204661607742,train,DirectPred
IST-Mes1,Erlotinib,,,0.030112499371170998,0.017445143312215805,train,DirectPred
TE-15,Erlotinib,,,0.2378416657447815,0.24572476744651794,train,DirectPred
PF-382,Erlotinib,,,,-0.012055017054080963,train,DirectPred
Hs 616.T,Erlotinib,,,,-0.015962079167366028,train,DirectPred
Calu-6,Erlotinib,,,0.02324351668357849,0.028084147721529007,train,DirectPred
TE-4,Erlotinib,,,,0.2421875,train,DirectPred
EFE-184,Erlotinib,,,0.10355244576931,0.09215950965881348,train,DirectPred
HK-2 [Human kidney],Erlotinib,,,,0.01795458048582077,train,DirectPred
KG-1-C,Erlotinib,,,,0.03371835872530937,train,DirectPred
RKN,Erlotinib,,,0.021037394180893898,0.02868690714240074,train,DirectPred
HCC2108,Erlotinib,,,,0.03249528631567955,train,DirectPred
NCI-H1693,Erlotinib,,,0.19644658267498016,0.04953882098197937,train,DirectPred
NCI-H1435,Erlotinib,,,,0.0894235149025917,train,DirectPred
NCI-H522,Erlotinib,,,0.040344320237636566,0.06487704813480377,train,DirectPred
MDA-MB-436,Erlotinib,,,0.06565015763044357,0.06036265939474106,train,DirectPred
U-87MG ATCC,Erlotinib,,,0.0,0.01909974217414856,train,DirectPred
MCAS,Erlotinib,,,0.028530478477478027,0.01607711985707283,train,DirectPred
SK-N-SH,Erlotinib,,,0.033035822212696075,0.08066323399543762,train,DirectPred
UM-UC-3,Erlotinib,,,0.0,0.014060191810131073,train,DirectPred
PK-59,Erlotinib,,,0.03967913240194321,0.06351111829280853,train,DirectPred
MKN1,Erlotinib,,,,0.07557708024978638,train,DirectPred
P12-Ichikawa,Erlotinib,,,0.04233955964446068,-0.004558335989713669,train,DirectPred
GMS-10,Erlotinib,,,0.019054094329476357,0.03065921925008297,train,DirectPred
SNU-878,Erlotinib,,,,0.047626614570617676,train,DirectPred
ONS-76,Erlotinib,,,0.02147161215543747,0.04084838181734085,train,DirectPred
MKN74,Erlotinib,,,0.03447232395410538,0.04909598454833031,train,DirectPred
HuCC-T1,Erlotinib,,,0.07585393637418747,0.046607665717601776,train,DirectPred
GB-1,Erlotinib,,,0.05240587517619133,0.061540089547634125,train,DirectPred
ME-1 [Human leukemia],Erlotinib,,,,0.03633597493171692,train,DirectPred
NCI-H520,Erlotinib,,,0.0,-0.021125424653291702,train,DirectPred
RT-112,Erlotinib,,,0.056365255266427994,0.019005324691534042,train,DirectPred
KOPN-8,Erlotinib,,,,0.011077359318733215,train,DirectPred
HEK TE,Erlotinib,,,,-0.019949600100517273,train,DirectPred
BT-20,Erlotinib,,,0.13583120703697205,0.22213347256183624,train,DirectPred
KMM-1,Erlotinib,,,0.00687357597053051,0.015772290527820587,train,DirectPred
C2BBe1,Erlotinib,,,0.15984268486499786,0.18489569425582886,train,DirectPred
MC116,Erlotinib,,,0.0,-0.05643598362803459,train,DirectPred
MHH-NB-11,Erlotinib,,,,0.04300493746995926,train,DirectPred
SNU-16,Erlotinib,,,0.047067105770111084,0.11215116083621979,train,DirectPred
MKN45,Erlotinib,,,0.027027567848563194,0.03248061239719391,train,DirectPred
Hs 940.T,Erlotinib,,,,-0.03785271197557449,train,DirectPred
OE19,Erlotinib,,,,0.1619245857000351,train,DirectPred
JHUEM-1,Erlotinib,,,,0.0968957394361496,train,DirectPred
SBC-5,Erlotinib,,,0.003955003339797258,0.018125662580132484,train,DirectPred
SUP-T1,Erlotinib,,,0.0,0.022104335948824883,train,DirectPred
BICR 16,Erlotinib,,,,0.18161053955554962,train,DirectPred
NCI-H1648,Erlotinib,,,0.0904114693403244,0.21121498942375183,train,DirectPred
SNU-1033,Erlotinib,,,,0.08928088843822479,train,DirectPred
DAN-G,Erlotinib,,,,0.1118694469332695,train,DirectPred
CMK,Erlotinib,,,,0.01251906156539917,train,DirectPred
HCC1500,Erlotinib,,,,0.10430062562227249,train,DirectPred
YAPC,Erlotinib,,,,0.07765626907348633,train,DirectPred
TUHR10TKB,Erlotinib,,,,0.0769379660487175,train,DirectPred
Ki-JK,Erlotinib,,,,-0.003649655729532242,train,DirectPred
NALM-6,Erlotinib,,,,0.026921048760414124,train,DirectPred
SNB-19,Erlotinib,,,,0.06424978375434875,train,DirectPred
U266B1,Erlotinib,,,,-0.021768150851130486,train,DirectPred
BT-474,Erlotinib,,,0.05379260703921318,0.11443661898374557,train,DirectPred
CAL-27,Erlotinib,,,0.33115506172180176,0.2773621082305908,train,DirectPred
COR-L311,Erlotinib,,,,-0.08097127079963684,train,DirectPred
CAL-51,Erlotinib,,,,0.12601298093795776,train,DirectPred
HDLM-2,Erlotinib,,,,0.01973031833767891,train,DirectPred
CL-40,Erlotinib,,,,0.026971161365509033,train,DirectPred
U-251MG,Erlotinib,,,,0.07332037389278412,train,DirectPred
SNU-719,Erlotinib,,,,0.16423995792865753,train,DirectPred
HCC1833,Erlotinib,,,,0.1275429129600525,train,DirectPred
NCI-H2110,Erlotinib,,,,0.1851024329662323,train,DirectPred
SNU-899,Erlotinib,,,,0.1270521879196167,train,DirectPred
SNU-449,Erlotinib,,,0.058517977595329285,0.053426194936037064,train,DirectPred
VMRC-RCW,Erlotinib,,,0.009323783218860626,0.07171309739351273,train,DirectPred
MOLT-4,Erlotinib,,,,0.007701624184846878,train,DirectPred
AGS,Erlotinib,,,,0.09786544740200043,train,DirectPred
AM-38,Erlotinib,,,,0.030161619186401367,train,DirectPred
Hs 571.T,Erlotinib,,,,-0.02228356897830963,train,DirectPred
CW-2,Erlotinib,,,,0.1350816935300827,train,DirectPred
DFCI024,Erlotinib,,,,0.04569406062364578,train,DirectPred
NCI-H1092,Erlotinib,,,0.0,-0.016492560505867004,train,DirectPred
Hs 274.T,Erlotinib,,,,-0.05148705095052719,train,DirectPred
EB2,Erlotinib,,,0.05123785883188248,-0.01979546621441841,train,DirectPred
HCC1195,Erlotinib,,,,0.13362237811088562,train,DirectPred
NCI-H1703,Erlotinib,,,0.056992560625076294,0.05190948396921158,train,DirectPred
RPMI-7951,Erlotinib,,,0.010962510481476784,0.028098125010728836,train,DirectPred
Hs 821.T,Erlotinib,,,,-0.016959980130195618,train,DirectPred
LAMA-84,Erlotinib,,,,0.006251469254493713,train,DirectPred
253J-BV,Erlotinib,,,,0.0808468610048294,train,DirectPred
NCI-H2023,Erlotinib,,,0.019692206755280495,0.01986641064286232,train,DirectPred
SNU-503,Erlotinib,,,,0.2012798935174942,train,DirectPred
Hs 936.T,Erlotinib,,,0.014631255529820919,0.010565259493887424,train,DirectPred
JIMT-1,Erlotinib,,,,0.1270287036895752,train,DirectPred
SU-DHL-1,Erlotinib,,,,0.04532419890165329,train,DirectPred
PC-14,Erlotinib,,,0.5404548048973083,0.4558759927749634,train,DirectPred
NCI-H2444,Erlotinib,,,0.05686502158641815,0.059792228043079376,train,DirectPred
PC-3,Erlotinib,,,0.05190436169505119,0.038377657532691956,train,DirectPred
DMS 153,Erlotinib,,,,-0.09900081157684326,train,DirectPred
Hs 604.T,Erlotinib,,,,-0.017793968319892883,train,DirectPred
JHOS-2,Erlotinib,,,0.009666142985224724,-0.007434558123350143,train,DirectPred
RERF-LC-KJ,Erlotinib,,,,0.16713038086891174,train,DirectPred
A3/Kawakami,Erlotinib,,,,0.02108798734843731,train,DirectPred
ChaGo-K-1,Erlotinib,,,,0.09668829292058945,train,DirectPred
KP-3,Erlotinib,,,0.035343848168849945,0.02077634632587433,train,DirectPred
NCI-H684,Erlotinib,,,,0.09527060389518738,train,DirectPred
SH-4,Erlotinib,,,,0.05222739279270172,train,DirectPred
WM1799,Erlotinib,,,0.04316750541329384,0.011155758053064346,train,DirectPred
SK-UT-1,Erlotinib,,,,0.029144469648599625,train,DirectPred
PaTu 8988s,Erlotinib,,,,0.11560791730880737,train,DirectPred
HMEL,Erlotinib,,,,0.03395143151283264,train,DirectPred
Hs 840.T,Erlotinib,,,0.01480245403945446,0.004706285893917084,train,DirectPred
SW48,Erlotinib,,,0.3432353436946869,0.3644980788230896,train,DirectPred
Ishikawa (Heraklio) 02 ER-,Erlotinib,,,0.218491330742836,0.2053638994693756,train,DirectPred
Hs 819.T,Erlotinib,,,,-0.019329339265823364,train,DirectPred
NCI-H2085,Erlotinib,,,0.05294705927371979,0.042079731822013855,train,DirectPred
TUHR4TKB,Erlotinib,,,,0.12651783227920532,train,DirectPred
A-498,Erlotinib,,,,0.05938590317964554,train,DirectPred
KYSE-270,Erlotinib,,,,0.10165470838546753,train,DirectPred
KYSE-450,Erlotinib,,,0.2088213562965393,0.21093210577964783,train,DirectPred
EM-2,Erlotinib,,,0.06069961562752724,0.02294609695672989,train,DirectPred
MSTO-211H,Erlotinib,,,0.04682326689362526,0.02475464716553688,train,DirectPred
Panc 08.13,Erlotinib,,,,0.11504270136356354,train,DirectPred
NCI-H2087,Erlotinib,,,0.07736940681934357,0.08142654597759247,train,DirectPred
NOMO-1,Erlotinib,,,,0.05114700645208359,train,DirectPred
KP-4,Erlotinib,,,0.02275892160832882,0.037233807146549225,train,DirectPred
Kasumi-2,Erlotinib,,,0.05147402733564377,0.04482552409172058,train,DirectPred
SK-MEL-30,Erlotinib,,,0.005350062623620033,0.013567289337515831,train,DirectPred
NUGC-4,Erlotinib,,,0.35449543595314026,0.48346689343452454,train,DirectPred
OUMS-27,Erlotinib,,,,0.030185267329216003,train,DirectPred
HLC-1,Erlotinib,,,,0.055260855704545975,train,DirectPred
BICR 6,Erlotinib,,,,0.15761296451091766,train,DirectPred
HCC78,Erlotinib,,,0.007752100471407175,0.04020126909017563,train,DirectPred
SNU-119,Erlotinib,,,,0.117357537150383,train,DirectPred
COR-L24,Erlotinib,,,,-0.1096779853105545,train,DirectPred
KYSE-410,Erlotinib,,,0.0661153569817543,0.02580273151397705,train,DirectPred
Panc 05.04,Erlotinib,,,,0.11065222322940826,train,DirectPred
NCI-H2228,Erlotinib,,,0.11122030019760132,0.0980473980307579,train,DirectPred
RS4;11,Erlotinib,,,,0.03290043771266937,train,DirectPred
SU-DHL-8,Erlotinib,,,0.006080465391278267,-0.01041833683848381,train,DirectPred
MES-SA,Erlotinib,,,0.002105230698361993,-0.013665292412042618,train,DirectPred
OCI-AML-3,Erlotinib,,,,0.007646352052688599,train,DirectPred
ECC10,Erlotinib,,,,0.004051942378282547,train,DirectPred
SNU-886,Erlotinib,,,,0.00630611926317215,train,DirectPred
GDM-1,Erlotinib,,,,0.019527345895767212,train,DirectPred
Caov-4,Erlotinib,,,,0.09996775537729263,train,DirectPred
PL45,Erlotinib,,,0.06297192722558975,0.07425510883331299,train,DirectPred
VCaP,Erlotinib,,,,0.06815765798091888,train,DirectPred
BDCM,Erlotinib,,,0.013226781040430069,0.04908887296915054,train,DirectPred
TO 175.T,Erlotinib,,,,-0.027339503169059753,train,DirectPred
L-1236,Erlotinib,,,,0.03757935389876366,train,DirectPred
BT-483,Erlotinib,,,,0.10378912091255188,train,DirectPred
HL-60,Erlotinib,,,,0.04242148995399475,train,DirectPred
HCT 15,Erlotinib,,,0.051358070224523544,0.07188539952039719,train,DirectPred
SNU-201,Erlotinib,,,,0.04329713061451912,train,DirectPred
KYO-1,Erlotinib,,,,-0.002562090754508972,train,DirectPred
SW1417,Erlotinib,,,0.011907773092389107,0.035254448652267456,train,DirectPred
8505C,Erlotinib,,,0.030876273289322853,0.03887235373258591,train,DirectPred
KLM-1,Erlotinib,,,,0.26149076223373413,train,DirectPred
T.T,Erlotinib,,,,0.2221229076385498,train,DirectPred
VMRC-LCP,Erlotinib,,,,0.19501131772994995,train,DirectPred
LOX-IMVI,Erlotinib,,,0.02155059017241001,0.01802700199186802,train,DirectPred
Hs 939.T,Erlotinib,,,0.018996980041265488,0.036240626126527786,train,DirectPred
BHT-101,Erlotinib,,,,-0.002765350043773651,train,DirectPred
SNU-1214,Erlotinib,,,,0.16274449229240417,train,DirectPred
JVM-2,Erlotinib,,,,0.08187639713287354,train,DirectPred
SK-N-DZ,Erlotinib,,,0.0023759305477142334,0.05313899368047714,train,DirectPred
SK-MEL-31,Erlotinib,,,0.022938359528779984,0.03247210383415222,train,DirectPred
SUIT-2,Erlotinib,,,0.12975502014160156,0.1108839213848114,train,DirectPred
Hs 172.T,Erlotinib,,,,0.004586987197399139,train,DirectPred
J82,Erlotinib,,,0.04316093027591705,0.043508563190698624,train,DirectPred
Kasumi-1,Erlotinib,,,,0.05524060130119324,train,DirectPred
HCC827,Erlotinib,,,0.5778692364692688,0.503636360168457,train,DirectPred
Karpas-422,Erlotinib,,,0.0,0.007714305073022842,train,DirectPred
IA-LM,Erlotinib,,,0.028218360617756844,0.020629797130823135,train,DirectPred
COLO 668,Erlotinib,,,,-0.03834286332130432,train,DirectPred
MHH-CALL-3,Erlotinib,,,,0.01843540370464325,train,DirectPred
LC-1F,Erlotinib,,,,0.1286948025226593,train,DirectPred
NCI-H292,Erlotinib,,,,0.20627501606941223,train,DirectPred
KYSE-70,Erlotinib,,,0.17171168327331543,0.14972390234470367,train,DirectPred
JK-1,Erlotinib,,,,0.014476209878921509,train,DirectPred
Ci-1,Erlotinib,,,0.0,-0.05247511342167854,train,DirectPred
NCI-H1568,Erlotinib,,,0.19252437353134155,0.18553456664085388,train,DirectPred
SNU-349,Erlotinib,,,,0.04936480522155762,train,DirectPred
HCC95,Erlotinib,,,,0.14730331301689148,train,DirectPred
SLR24,Erlotinib,,,,0.0821627676486969,train,DirectPred
SNU-81,Erlotinib,,,,0.13076113164424896,train,DirectPred
647V,Erlotinib,,,,0.15230755507946014,train,DirectPred
GOS-3,Erlotinib,,,,0.04312462359666824,train,DirectPred
NCI-H1838,Erlotinib,,,,0.14944754540920258,train,DirectPred
JHUEM-3,Erlotinib,,,,0.13257764279842377,train,DirectPred
SK-ES-1,Erlotinib,,,0.06832186132669449,0.0800953209400177,train,DirectPred
UACC-893,Erlotinib,,,,0.1882568895816803,train,DirectPred
KYSE-520,Erlotinib,,,0.18550874292850494,0.15135258436203003,train,DirectPred
LN-340,Erlotinib,,,,0.0018219724297523499,train,DirectPred
MDA-MB-157,Erlotinib,,,0.06068647652864456,0.06648071855306625,train,DirectPred
OVK18,Erlotinib,,,,0.04928634315729141,train,DirectPred
HT115,Erlotinib,,,,0.14512474834918976,train,DirectPred
A-172,Erlotinib,,,0.020002657547593117,0.028423011302947998,train,DirectPred
MOG-G-UVW,Erlotinib,,,,0.056610699743032455,train,DirectPred
KMS-18,Erlotinib,,,,0.061407480388879776,train,DirectPred
HT,Erlotinib,,,0.0,-0.03964506834745407,train,DirectPred
MOLT-13,Erlotinib,,,,-0.0005566701292991638,train,DirectPred
NCI-H1355,Erlotinib,,,0.170404314994812,0.14898112416267395,train,DirectPred
NCI-H2122,Erlotinib,,,0.0913124531507492,0.1161653995513916,train,DirectPred
IM95,Erlotinib,,,,0.13979926705360413,train,DirectPred
NU-DUL-1,Erlotinib,,,,0.017674017697572708,train,DirectPred
NUGC-3,Erlotinib,,,0.23616647720336914,0.20509737730026245,train,DirectPred
T-47D,Erlotinib,,,0.06612788885831833,0.11578746140003204,train,DirectPred
KMRC-20,Erlotinib,,,,0.122535839676857,train,DirectPred
CADO-ES1,Erlotinib,,,,0.014167558401823044,train,DirectPred
CAL-120,Erlotinib,,,,0.08728784322738647,train,DirectPred
SH-SY5Y,Erlotinib,,,,0.055351220071315765,train,DirectPred
RERF-LC-Ad1,Erlotinib,,,,0.11121778935194016,train,DirectPred
RT112/84,Erlotinib,,,,0.060843680053949356,train,DirectPred
YH-13,Erlotinib,,,,0.01029650866985321,train,DirectPred
NCI-H1836,Erlotinib,,,,-0.08720620721578598,train,DirectPred
SW780,Erlotinib,,,0.12238645553588867,0.11424084007740021,train,DirectPred
KM-H2,Erlotinib,,,,0.055150941014289856,train,DirectPred
LN-319,Erlotinib,,,,0.037650156766176224,train,DirectPred
OVCAR-4,Erlotinib,,,0.08904686570167542,0.0980888083577156,train,DirectPred
CAL-148,Erlotinib,,,,0.054543301463127136,train,DirectPred
COR-L88,Erlotinib,,,,-0.08658401668071747,train,DirectPred
HCC2157,Erlotinib,,,,0.12674617767333984,train,DirectPred
OPM-2,Erlotinib,,,0.0670311376452446,-0.013353499583899975,train,DirectPred
Caki-1,Erlotinib,,,,0.0749686136841774,train,DirectPred
NCI-H1373,Erlotinib,,,0.04716647043824196,0.07573941349983215,train,DirectPred
WM983B,Erlotinib,,,0.012461467646062374,-0.0034603849053382874,train,DirectPred
A-204,Erlotinib,,,0.013244900852441788,0.013012319803237915,train,DirectPred
SW948,Erlotinib,,,,0.11193439364433289,train,DirectPred
TT2609-C02,Erlotinib,,,0.07642944157123566,0.08609890937805176,train,DirectPred
SF126,Erlotinib,,,0.0028855474665760994,0.03493279963731766,train,DirectPred
BCP-1,Erlotinib,,,,-0.008586056530475616,train,DirectPred
NCI-H196,Erlotinib,,,,0.03373033553361893,train,DirectPred
NCI-H1184,Erlotinib,,,0.0,-0.005495116114616394,train,DirectPred
Calu-3,Erlotinib,,,0.13969959318637848,0.1306321769952774,train,DirectPred
A-375,Erlotinib,,,0.034597910940647125,-0.009210117161273956,train,DirectPred
T98G,Erlotinib,,,0.023452864959836006,0.04277479648590088,train,DirectPred
HCC1588,Erlotinib,,,,0.08510643243789673,train,DirectPred
NALM-1,Erlotinib,,,,0.025638774037361145,train,DirectPred
IGR-39,Erlotinib,,,0.007250509224832058,0.030375733971595764,train,DirectPred
KMBC-2,Erlotinib,,,0.016026489436626434,0.010996345430612564,train,DirectPred
NB4,Erlotinib,,,,0.03894504904747009,train,DirectPred
OCI-Ly3,Erlotinib,,,,0.04892431199550629,train,DirectPred
L3.3,Erlotinib,,,0.12835821509361267,0.1248641088604927,train,DirectPred
MDA-PCa-2b,Erlotinib,,,,0.19126231968402863,train,DirectPred
TE-1,Erlotinib,,,0.0982104241847992,0.04398227855563164,train,DirectPred
NCI-H2286,Erlotinib,,,0.09505584090948105,0.11312246322631836,train,DirectPred
SNU-324,Erlotinib,,,,0.21270768344402313,train,DirectPred
BC-3C,Erlotinib,,,,0.15144696831703186,train,DirectPred
NCI-H1573,Erlotinib,,,0.15496483445167542,0.19243358075618744,train,DirectPred
HCC2814,Erlotinib,,,,0.1475912630558014,train,DirectPred
SW1990,Erlotinib,,,0.05235902965068817,0.0594102144241333,train,DirectPred
SLR26,Erlotinib,,,,0.0733095183968544,train,DirectPred
SNU-398,Erlotinib,,,0.0,0.0536213219165802,train,DirectPred
MPP 89,Erlotinib,,,0.01904938742518425,0.022580593824386597,train,DirectPred
SW403,Erlotinib,,,0.12285277247428894,0.16355668008327484,train,DirectPred
MDA-MB-175-VII,Erlotinib,,,0.15721262991428375,0.19347992539405823,train,DirectPred
NCI-H841,Erlotinib,,,,0.06366925686597824,train,DirectPred
NCI-H1944,Erlotinib,,,0.10510390996932983,0.08411715924739838,train,DirectPred
KPL-1,Erlotinib,,,,0.18513479828834534,train,DirectPred
MFE-296,Erlotinib,,,0.10578947514295578,0.04940425604581833,train,DirectPred
NCI-H82,Erlotinib,,,,0.021430015563964844,train,DirectPred
LN-443,Erlotinib,,,,0.013761749491095543,train,DirectPred
COLO 201,Erlotinib,,,0.020721299573779106,0.11085894703865051,train,DirectPred
RPMI-8226,Erlotinib,,,,0.0057009123265743256,train,DirectPred
KCL-22,Erlotinib,,,0.045496631413698196,0.002823367714881897,train,DirectPred
SNU-1077,Erlotinib,,,,0.10104075074195862,train,DirectPred
Caov-3,Erlotinib,,,,0.14828431606292725,train,DirectPred
FTC-238,Erlotinib,,,,0.026046540588140488,train,DirectPred
VMRC-RCZ,Erlotinib,,,0.038071174174547195,0.15650631487369537,train,DirectPred
SALE,Erlotinib,,,,0.0495891273021698,train,DirectPred
Hep-G2,Erlotinib,,,0.02846195176243782,0.027623824775218964,train,DirectPred
SKM-1,Erlotinib,,,,0.04851272329688072,train,DirectPred
C32 [Human melanoma],Erlotinib,,,0.03969797492027283,0.010636216960847378,train,DirectPred
NCI-H1651,Erlotinib,,,0.04277709126472473,0.05198080837726593,train,DirectPred
COLO 679,Erlotinib,,,0.02929946780204773,0.015784841030836105,test,DirectPred
SNU-5,Erlotinib,,,0.018421107903122902,0.02568136155605316,test,DirectPred
KY821,Erlotinib,,,0.0033592425752431154,0.07964317500591278,test,DirectPred
L-428,Erlotinib,,,0.14828163385391235,0.04378912225365639,test,DirectPred
IGROV-1,Erlotinib,,,0.2687426507472992,0.05456584692001343,test,DirectPred
NCI-H28,Erlotinib,,,0.1465621441602707,0.08458716422319412,test,DirectPred
NCI-H1993,Erlotinib,,,0.023961970582604408,0.19932901859283447,test,DirectPred
OAW28,Erlotinib,,,0.053503479808568954,0.05561145395040512,test,DirectPred
DEL,Erlotinib,,,0.170371413230896,0.013742055743932724,test,DirectPred
EGI-1,Erlotinib,,,0.05771930143237114,0.14260420203208923,test,DirectPred
SK-OV-3,Erlotinib,,,0.13908632099628448,0.07527006417512894,test,DirectPred
HT-1197,Erlotinib,,,0.15052659809589386,0.183788001537323,test,DirectPred
NCI-H1650,Erlotinib,,,0.2415136694908142,0.12936051189899445,test,DirectPred
SW1463,Erlotinib,,,0.14899715781211853,0.15715698897838593,test,DirectPred
LP-1,Erlotinib,,,,0.033386144787073135,test,DirectPred
NCI-H2009,Erlotinib,,,0.0468892902135849,0.06652010232210159,test,DirectPred
Daoy,Erlotinib,,,0.06870429962873459,0.01948701962828636,test,DirectPred
SiMa,Erlotinib,,,0.0,0.02502232789993286,test,DirectPred
SK-MEL-2,Erlotinib,,,0.0,0.019304942339658737,test,DirectPred
DV-90,Erlotinib,,,,0.15006515383720398,test,DirectPred
HOP-62,Erlotinib,,,0.043344464153051376,-0.0075563229620456696,test,DirectPred
786-O,Erlotinib,,,0.16353602707386017,0.019704006612300873,test,DirectPred
8-MG-BA,Erlotinib,,,0.07098349928855896,0.027721237391233444,test,DirectPred
C-33 A,Erlotinib,,,0.09344276785850525,0.0018059015274047852,test,DirectPred
DMS 114,Erlotinib,,,0.06039055809378624,-0.02039652317762375,test,DirectPred
SK-MEL-28,Erlotinib,,,,-0.007030453532934189,test,DirectPred
SKG-IIIa,Erlotinib,,,0.06559675931930542,0.1262606531381607,test,DirectPred
GCIY,Erlotinib,,,0.104588583111763,0.14985433220863342,test,DirectPred
TE-10,Erlotinib,,,,0.16021758317947388,test,DirectPred
KINGS-1,Erlotinib,,,0.02772403322160244,-0.02288864552974701,test,DirectPred
LB771-HNC,Erlotinib,,,0.09326677024364471,0.07190269976854324,test,DirectPred
KNS-81-FD,Erlotinib,,,,0.05708733946084976,test,DirectPred
NKM-1,Erlotinib,,,0.050603028386831284,0.054533690214157104,test,DirectPred
SK-MEL-24,Erlotinib,,,0.012962289154529572,-0.024962719529867172,test,DirectPred
NMC-G1,Erlotinib,,,,0.02748148888349533,test,DirectPred
NCI-H2405,Erlotinib,,,0.1328354775905609,0.08816036581993103,test,DirectPred
Mel Ho,Erlotinib,,,,0.01653396710753441,test,DirectPred
MHH-CALL-2,Erlotinib,,,0.07514236867427826,0.04338051378726959,test,DirectPred
D-336MG,Erlotinib,,,,0.0038799718022346497,test,DirectPred
PLC/PRF/5,Erlotinib,,,,0.12914590537548065,test,DirectPred
SiHa,Erlotinib,,,0.10029903799295425,0.07503334432840347,test,DirectPred
TE-11,Erlotinib,,,,0.09893284738063812,test,DirectPred
T24,Erlotinib,,,,0.087256520986557,test,DirectPred
RERF-LC-MS,Erlotinib,,,,0.03554156795144081,test,DirectPred
TYK-nu,Erlotinib,,,0.14256860315799713,0.026452478021383286,test,DirectPred
HuTu 80,Erlotinib,,,,0.0883137583732605,test,DirectPred
D-542MG,Erlotinib,,,,-0.011090748943388462,test,DirectPred
EFM-19,Erlotinib,,,0.0027004650328308344,-0.03689095377922058,test,DirectPred
NCI-H1436,Erlotinib,,,,-0.03678949177265167,test,DirectPred
LB831-BLC,Erlotinib,,,0.00919275265187025,0.0030236244201660156,test,DirectPred
SW1710,Erlotinib,,,0.07189112901687622,0.06881266087293625,test,DirectPred
GP5d,Erlotinib,,,0.12122190743684769,0.1486779898405075,test,DirectPred
HEC-1,Erlotinib,,,0.08707618713378906,0.0624246709048748,test,DirectPred
SW900,Erlotinib,,,0.034436099231243134,0.01532493531703949,test,DirectPred
Ca9-22,Erlotinib,,,0.2045409381389618,0.10692685842514038,test,DirectPred
NCI-H2052,Erlotinib,,,0.09733337163925171,0.041087307035923004,test,DirectPred
ES5,Erlotinib,,,,0.0502810962498188,test,DirectPred
CAL-85-1,Erlotinib,,,0.010184268467128277,0.09945923089981079,test,DirectPred
HCC38,Erlotinib,,,0.03727341815829277,0.10836009681224823,test,DirectPred
EW-16,Erlotinib,,,0.11820603162050247,0.03806589916348457,test,DirectPred
D-502MG,Erlotinib,,,,0.006856553256511688,test,DirectPred
SW837,Erlotinib,,,0.06828158348798752,0.06626266241073608,test,DirectPred
769-P,Erlotinib,,,0.09986668080091476,0.15362197160720825,test,DirectPred
LNCaP clone FGC,Erlotinib,,,0.020882129669189453,0.010314997285604477,test,DirectPred
BC-3,Erlotinib,,,,-0.0029061883687973022,test,DirectPred
HCC1806,Erlotinib,,,0.17313559353351593,0.1496710628271103,test,DirectPred
ALL-PO,Erlotinib,,,0.029406465590000153,0.022622093558311462,test,DirectPred
D-392MG,Erlotinib,,,0.05782357603311539,0.027459286153316498,test,DirectPred
COR-L279,Erlotinib,,,0.04211466386914253,-0.06884985417127609,test,DirectPred
GI-1,Erlotinib,,,0.00535455672070384,-0.02618742361664772,test,DirectPred
IM-9,Erlotinib,,,0.007212891709059477,0.05222299322485924,test,DirectPred
EoL-1,Erlotinib,,,0.05597755312919617,0.06481127440929413,test,DirectPred
BT-549,Erlotinib,,,0.0024211981799453497,0.019177120178937912,test,DirectPred
ES7,Erlotinib,,,0.04592268913984299,0.06996609270572662,test,DirectPred
SK-MEL-5,Erlotinib,,,,0.0441843681037426,test,DirectPred
SK-NEP-1,Erlotinib,,,,0.06003956496715546,test,DirectPred
HSC-3,Erlotinib,,,0.13450530171394348,0.13493764400482178,test,DirectPred
BEN,Erlotinib,,,,0.02252069115638733,test,DirectPred
Mono-Mac-6,Erlotinib,,,0.010475161485373974,0.08400976657867432,test,DirectPred
TGBC24TKB,Erlotinib,,,0.12839221954345703,0.1087968498468399,test,DirectPred
ARH-77,Erlotinib,,,0.0,0.024641431868076324,test,DirectPred
PSN1,Erlotinib,,,0.09509527683258057,0.02427169494330883,test,DirectPred
HCC1419,Erlotinib,,,0.042196717113256454,0.03803834319114685,test,DirectPred
NCI-H2126,Erlotinib,,,,0.0968601405620575,test,DirectPred
NCI-H1522,Erlotinib,,,,-0.06453467160463333,test,DirectPred
HuP-T4,Erlotinib,,,0.18272824585437775,0.19597378373146057,test,DirectPred
D-263MG,Erlotinib,,,0.043079253286123276,-8.087232708930969e-05,test,DirectPred
NCI-H1755,Erlotinib,,,0.11048678308725357,0.06269014626741409,test,DirectPred
PA-1,Erlotinib,,,0.12664523720741272,0.035979196429252625,test,DirectPred
D-423MG,Erlotinib,,,,0.057944171130657196,test,DirectPred
COLO 320HSR,Erlotinib,,,0.001803976483643055,0.031076371669769287,test,DirectPred
MFE-280,Erlotinib,,,0.0,0.026602141559123993,test,DirectPred
LK-2,Erlotinib,,,0.044205572456121445,0.018884951248764992,test,DirectPred
Hep-G2/C3A,Erlotinib,,,0.0412973091006279,0.018302321434020996,test,DirectPred
IST-MEL1,Erlotinib,,,0.003378000110387802,-0.0014900416135787964,test,DirectPred
SK-N-AS,Erlotinib,,,0.034471545368433,0.03228083252906799,test,DirectPred
EC-GI-10,Erlotinib,,,0.21536816656589508,0.20748963952064514,test,DirectPred
NCI-H23,Erlotinib,,,0.05381118506193161,0.03877619653940201,test,DirectPred
KNS-62,Erlotinib,,,0.048180412501096725,0.08403488248586655,test,DirectPred
HCC1937,Erlotinib,,,0.15212175250053406,0.16700297594070435,test,DirectPred
NCI-H2291,Erlotinib,,,,0.09841900318861008,test,DirectPred
SNU-C2B,Erlotinib,,,0.052343230694532394,0.12137529999017715,test,DirectPred
TGW,Erlotinib,,,0.01655658893287182,0.042902328073978424,test,DirectPred
KALS-1,Erlotinib,,,0.06329750269651413,-0.0025832653045654297,test,DirectPred
SK-MEL-3,Erlotinib,,,,0.047864481806755066,test,DirectPred
KU-19-19,Erlotinib,,,0.048150692135095596,0.11189724504947662,test,DirectPred
HT-144,Erlotinib,,,0.009597049094736576,-0.023767421022057533,test,DirectPred
NCI-H2107,Erlotinib,,,,-0.02339939773082733,test,DirectPred
D-566MG,Erlotinib,,,,0.05090716853737831,test,DirectPred
ESS-1,Erlotinib,,,0.0,0.032634273171424866,test,DirectPred
SW962,Erlotinib,,,,0.0725288912653923,test,DirectPred
LS411N,Erlotinib,,,0.0,0.12102007865905762,test,DirectPred
HT-55,Erlotinib,,,0.13779161870479584,0.0579330176115036,test,DirectPred
HH [Human lymphoma],Erlotinib,,,0.0,0.016491185873746872,test,DirectPred
MDA-MB-453,Erlotinib,,,0.06835882365703583,0.011958368122577667,test,DirectPred
SW1783,Erlotinib,,,0.030495529994368553,0.0010218340903520584,test,DirectPred
Hs 578T,Erlotinib,,,0.0,-0.025679588317871094,test,DirectPred
NCI-H630,Erlotinib,,,,0.15567708015441895,test,DirectPred
OVCAR-5,Erlotinib,,,0.058288972824811935,0.07081472873687744,test,DirectPred
Lu-135,Erlotinib,,,0.0,-0.05275299400091171,test,DirectPred
NCI-H64,Erlotinib,,,0.050909120589494705,-0.030795760452747345,test,DirectPred
TE-6,Erlotinib,,,0.24535955488681793,0.1093134954571724,test,DirectPred
ES8,Erlotinib,,,0.08162985742092133,0.04891349747776985,test,DirectPred
NCI-H1975,Erlotinib,,,0.13408710062503815,0.008616704493761063,test,DirectPred
DSH1,Erlotinib,,,0.06761287897825241,0.1251017153263092,test,DirectPred
LCLC-103H,Erlotinib,,,0.0,0.02187628298997879,test,DirectPred
Evsa-T,Erlotinib,,,0.08499553799629211,0.013065632432699203,test,DirectPred
Ramos.2G6.4C10,Erlotinib,,,0.037024494260549545,-0.0059638116508722305,test,DirectPred
HT-1080,Erlotinib,,,0.10349445790052414,0.024326927959918976,test,DirectPred
Karpas-45,Erlotinib,,,0.07555875182151794,0.06310530006885529,test,DirectPred
IST-SL2,Erlotinib,,,0.11947661638259888,-0.013837739825248718,test,DirectPred
TC-YIK,Erlotinib,,,0.10401031374931335,0.023005753755569458,test,DirectPred
NCI-H1304,Erlotinib,,,,-0.00895930826663971,test,DirectPred
LC4-1,Erlotinib,,,0.04724707081913948,0.02596956491470337,test,DirectPred
NCI-H747,Erlotinib,,,0.21022790670394897,0.104212686419487,test,DirectPred
FaDu,Erlotinib,,,0.0919298529624939,0.11884892731904984,test,DirectPred
OMC-1 [Human cervical carcinoma],Erlotinib,,,,0.11717110872268677,test,DirectPred
TGBC11TKB,Erlotinib,,,0.06950289756059647,0.14931096136569977,test,DirectPred
KGN,Erlotinib,,,0.059976451098918915,-0.00024129077792167664,test,DirectPred
SaOS-2,Erlotinib,,,0.0,-0.014037884771823883,test,DirectPred
Becker,Erlotinib,,,0.055969566106796265,0.03750809654593468,test,DirectPred
BFTC-909,Erlotinib,,,0.1099378913640976,0.030728686600923538,test,DirectPred
H9,Erlotinib,,,0.037321895360946655,0.02711566910147667,test,DirectPred
COLO 741,Erlotinib,,,,0.03779870271682739,test,DirectPred
DK-MG,Erlotinib,,,0.08783505111932755,0.02482277899980545,test,DirectPred
BE-13,Erlotinib,,,0.14778153598308563,0.0025810524821281433,test,DirectPred
SJNB-6,Erlotinib,,,,0.03754953294992447,test,DirectPred
ML-2,Erlotinib,,,0.0,0.07244488596916199,test,DirectPred
IGR-1,Erlotinib,,,0.028560450300574303,0.03629525750875473,test,DirectPred
Capan-1,Erlotinib,,,0.11261990666389465,0.11881469935178757,test,DirectPred
OCUB-M,Erlotinib,,,0.08278577029705048,0.0017443671822547913,test,DirectPred
MZ-MEL-2,Erlotinib,,,,-0.03135107457637787,test,DirectPred
MFH-ino,Erlotinib,,,0.07135582715272903,0.01925201714038849,test,DirectPred
ABC-1,Erlotinib,,,,0.1332700550556183,test,DirectPred
LB996-RCC,Erlotinib,,,0.24448375403881073,0.13185307383537292,test,DirectPred
THP-1,Erlotinib,,,,0.028248891234397888,test,DirectPred
BFTC-905,Erlotinib,,,0.003112225327640772,0.15265658497810364,test,DirectPred
KM12,Erlotinib,,,0.11399415880441666,0.15069833397865295,test,DirectPred
HCC1954,Erlotinib,,,0.058555129915475845,0.1081116795539856,test,DirectPred
LS513,Erlotinib,,,,0.08839857578277588,test,DirectPred
NCI-H460,Erlotinib,,,,0.00787103921175003,test,DirectPred
T84,Erlotinib,,,0.1259821504354477,0.08780170977115631,test,DirectPred
CCF-STTG1,Erlotinib,,,,0.009131514467298985,test,DirectPred
A2058,Erlotinib,,,0.07913603633642197,0.010054049082100391,test,DirectPred
EFO-21,Erlotinib,,,0.09693414717912674,0.05568966269493103,test,DirectPred
NCI-H1437,Erlotinib,,,,0.1261933445930481,test,DirectPred
SCC-4,Erlotinib,,,0.0,0.1002960205078125,test,DirectPred
NCI-H2342,Erlotinib,,,0.0755230188369751,0.18806546926498413,test,DirectPred
CFPAC-1,Erlotinib,,,0.1968095451593399,0.048779528588056564,test,DirectPred
SK-LMS-1,Erlotinib,,,0.0,0.043093036860227585,test,DirectPred
HT-1376,Erlotinib,,,0.16332949697971344,0.09410358220338821,test,DirectPred
MHH-ES-1,Erlotinib,,,0.04788264259696007,0.06790418177843094,test,DirectPred
SCLC-21H,Erlotinib,,,,-0.07902631908655167,test,DirectPred
DoHH2,Erlotinib,,,,-0.013082638382911682,test,DirectPred
LXF 289,Erlotinib,,,0.10419809073209763,0.0669717937707901,test,DirectPred
LB2241-RCC,Erlotinib,,,,0.08763831108808517,test,DirectPred
NCI-H2081,Erlotinib,,,,-0.026907995343208313,test,DirectPred
CAL-62,Erlotinib,,,0.07042910903692245,0.046735867857933044,test,DirectPred
RKO,Erlotinib,,,0.0,0.04449939355254173,test,DirectPred
MDA-MB-231,Erlotinib,,,0.09190887957811356,0.03747199475765228,test,DirectPred
NCI-H1618,Erlotinib,,,,-0.013264268636703491,test,DirectPred
KYSE-180,Erlotinib,,,0.11975494772195816,0.1258779764175415,test,DirectPred
HuP-T3,Erlotinib,,,0.08198078721761703,0.05843524634838104,test,DirectPred
KNS-42,Erlotinib,,,,0.006010061129927635,test,DirectPred
NCI-H510A,Erlotinib,,,,-0.0704064667224884,test,DirectPred
Ca Ski,Erlotinib,,,0.17150817811489105,0.15071171522140503,test,DirectPred
CTV-1,Erlotinib,,,0.028552794829010963,0.02646799013018608,test,DirectPred
HCE-4,Erlotinib,,,,0.02370978705585003,test,DirectPred
NCI-H661,Erlotinib,,,0.018379157409071922,0.008952304720878601,test,DirectPred
M059J,Erlotinib,,,0.10154681652784348,0.029576878994703293,test,DirectPred
EW-13,Erlotinib,,,0.06481175124645233,0.053282223641872406,test,DirectPred
SW1573,Erlotinib,,,0.025043154135346413,0.022899018600583076,test,DirectPred
EW-18,Erlotinib,,,0.029071522876620293,0.0705716609954834,test,DirectPred
Reh,Erlotinib,,,0.001760192564688623,-0.0004139840602874756,test,DirectPred
NCI-H838,Erlotinib,,,,0.043097399175167084,test,DirectPred
NCI-H727,Erlotinib,,,0.01850019581615925,0.034420616924762726,test,DirectPred
TCCSUP,Erlotinib,,,0.12909185886383057,0.0421130396425724,test,DirectPred
HCC70,Erlotinib,,,0.08587515354156494,0.15609607100486755,test,DirectPred
YKG-1,Erlotinib,,,,0.031026892364025116,test,DirectPred
NCI-H2452,Erlotinib,,,0.0656169205904007,0.06667943298816681,test,DirectPred
A2780,Erlotinib,,,0.04801738262176514,0.05255323648452759,test,DirectPred
BL-41,Erlotinib,,,0.011838492006063461,0.03573545813560486,test,DirectPred
CPC-N,Erlotinib,,,0.004777278285473585,-0.03706078976392746,test,DirectPred
NCI-H1563,Erlotinib,,,0.142215296626091,0.02461261674761772,test,DirectPred
VM-CUB-1,Erlotinib,,,0.039153724908828735,0.15416298806667328,test,DirectPred
U-118MG,Erlotinib,,,0.11946503072977066,0.02495662122964859,test,DirectPred
SNG-M,Erlotinib,,,0.07317743450403214,0.09354924410581589,test,DirectPred
LS123,Erlotinib,,,0.06422748416662216,0.10489855706691742,test,DirectPred
NCI-H810,Erlotinib,,,0.036988239735364914,0.0222790390253067,test,DirectPred
TALL-1 [Human adult T-ALL],Erlotinib,,,,0.04385174810886383,test,DirectPred
HSC-4,Erlotinib,,,0.1843920350074768,0.12770351767539978,test,DirectPred
GAK,Erlotinib,,,0.055071789771318436,0.014968972653150558,test,DirectPred
NCI-H1048,Erlotinib,,,0.06826617568731308,-0.04376273602247238,test,DirectPred
DMS 79,Erlotinib,,,,-0.06867611408233643,test,DirectPred
SJNB-13,Erlotinib,,,0.0,0.05826839059591293,test,DirectPred
MeWo,Erlotinib,,,0.0031589483842253685,0.030295100063085556,test,DirectPred
OVCAR-3,Erlotinib,,,0.1319362074136734,0.053212352097034454,test,DirectPred
OE33,Erlotinib,,,0.07879529893398285,0.09683655202388763,test,DirectPred
B-CPAP,Erlotinib,,,0.12290270626544952,0.040733397006988525,test,DirectPred
NH-12,Erlotinib,,,0.09296922385692596,0.051902204751968384,test,DirectPred
LoVo,Erlotinib,,,0.15001340210437775,0.12131249159574509,test,DirectPred
ZR-75-30,Erlotinib,,,0.05904379114508629,0.047812141478061676,test,DirectPred
G-361,Erlotinib,,,0.1051270067691803,0.03785758465528488,test,DirectPred
EFO-27,Erlotinib,,,,0.12375479936599731,test,DirectPred
MIA PaCa-2,Erlotinib,,,0.020126881077885628,0.022338226437568665,test,DirectPred
ES6,Erlotinib,,,0.009409919381141663,0.05646444857120514,test,DirectPred
RVH-421,Erlotinib,,,,0.04097788780927658,test,DirectPred
SJNB-14,Erlotinib,,,0.06771685183048248,0.04967847466468811,test,DirectPred
EPLC-272H,Erlotinib,,,0.08631063997745514,0.13397479057312012,test,DirectPred
MEG-01,Erlotinib,,,0.044805511832237244,-0.0032051950693130493,test,DirectPred
MS-1 [Human lung carcinoma],Erlotinib,,,0.0,0.045285411179065704,test,DirectPred
NCI-H2029,Erlotinib,,,,-0.07370693981647491,test,DirectPred
COLO 680N,Erlotinib,,,0.05663193389773369,0.15260180830955505,test,DirectPred
ST486,Erlotinib,,,0.05474543571472168,0.03961794823408127,test,DirectPred
HOP-92,Erlotinib,,,0.13806475698947906,0.003190748393535614,test,DirectPred
SCC-9,Erlotinib,,,0.10254313051700592,0.14822852611541748,test,DirectPred
K5,Erlotinib,,,0.05337323620915413,0.024241238832473755,test,DirectPred
NCI-H358,Erlotinib,,,0.10449909418821335,0.11097495257854462,test,DirectPred
22Rv1,Erlotinib,,,0.06973609328269958,0.045741789042949677,test,DirectPred
MDA-MB-134-VI,Erlotinib,,,,-0.08267880231142044,test,DirectPred
CA46,Erlotinib,,,0.06020939350128174,-0.007642921060323715,test,DirectPred
NCI-H526,Erlotinib,,,0.022402280941605568,-0.024017110466957092,test,DirectPred
Rh1,Erlotinib,,,0.16460278630256653,0.060430362820625305,test,DirectPred
TE-8,Erlotinib,,,0.1304607391357422,0.054879624396562576,test,DirectPred
MZ-MEL-7,Erlotinib,,,,0.030284535139799118,test,DirectPred
WM115,Erlotinib,,,0.01671660505235195,0.01667647808790207,test,DirectPred
HEL,Erlotinib,,,,0.010048270225524902,test,DirectPred
ES3,Erlotinib,,,,0.07783223688602448,test,DirectPred
NCI-H650,Erlotinib,,,0.0,0.02257905714213848,test,DirectPred
HSC-2,Erlotinib,,,0.1270434558391571,0.10190796852111816,test,DirectPred
SW982,Erlotinib,,,0.07955674827098846,0.011213492602109909,test,DirectPred
SHP-77,Erlotinib,,,0.0519881509244442,0.0010045990347862244,test,DirectPred
MDA-MB-468,Erlotinib,,,0.10874033719301224,0.05766458436846733,test,DirectPred
SW620,Erlotinib,,,0.0216219462454319,0.02245289832353592,test,DirectPred
NCI-H2227,Erlotinib,,,,-0.061908647418022156,test,DirectPred
HOS,Erlotinib,,,0.06404539942741394,-0.019815748557448387,test,DirectPred
SCC-15,Erlotinib,,,0.18703511357307434,0.12731900811195374,test,DirectPred
LB1047-RCC,Erlotinib,,,,0.028800006955862045,test,DirectPred
NCI-H1155,Erlotinib,,,0.20391517877578735,0.024378787726163864,test,DirectPred
RPMI-8402,Erlotinib,,,0.12291455268859863,0.01853717304766178,test,DirectPred
SR,Erlotinib,,,0.0,-0.0031940536573529243,test,DirectPred
SW684,Erlotinib,,,0.05497532710433006,0.026516739279031754,test,DirectPred
Lu-65,Erlotinib,,,0.042142268270254135,-0.013266675174236298,test,DirectPred
SF268,Erlotinib,,,0.0926661416888237,0.03681793063879013,test,DirectPred
BB65-RCC,Erlotinib,,,,0.08291396498680115,test,DirectPred
COLO 205,Erlotinib,,,0.03441523015499115,0.09470605850219727,test,DirectPred
NCI-H2196,Erlotinib,,,,-0.03475136682391167,test,DirectPred
IST-SL1,Erlotinib,,,,-0.02948535978794098,test,DirectPred
TE-12,Erlotinib,,,,0.14946295320987701,test,DirectPred
NCI-H446,Erlotinib,,,0.07927269488573074,0.006442494690418243,test,DirectPred
GR-ST,Erlotinib,,,0.05094308406114578,0.0614098384976387,test,DirectPred
Panc 03.27,Erlotinib,,,0.10814817994832993,0.067991703748703,test,DirectPred
NCI-H441,Erlotinib,,,0.148940309882164,0.15021257102489471,test,DirectPred
CHL-1,Erlotinib,,,0.06549322605133057,0.07114727795124054,test,DirectPred
HPAF-II,Erlotinib,,,0.09372549504041672,0.0946696400642395,test,DirectPred
NCI-H2347,Erlotinib,,,0.017300009727478027,0.09230966866016388,test,DirectPred
L-363,Erlotinib,,,0.05003935098648071,0.017355673015117645,test,DirectPred
KYSE-150,Erlotinib,,,0.17199501395225525,0.08968014270067215,test,DirectPred
S-117,Erlotinib,,,,0.013735044747591019,test,DirectPred
SNU-387,Erlotinib,,,0.027711376547813416,0.005032569169998169,test,DirectPred
KYSE-510,Erlotinib,,,,0.12271713465452194,test,DirectPred
LCLC-97TM1,Erlotinib,,,0.0013339044526219368,0.0384964644908905,test,DirectPred
COR-L23,Erlotinib,,,0.12703728675842285,0.03292342275381088,test,DirectPred
KOSC-2,Erlotinib,,,,0.13690245151519775,test,DirectPred
SK-LU-1,Erlotinib,,,0.014437472447752953,0.04339180141687393,test,DirectPred
PFSK-1,Erlotinib,,,0.03986416757106781,0.02202400006353855,test,DirectPred
CP66-MEL,Erlotinib,,,,0.02783338539302349,test,DirectPred
ACHN,Erlotinib,,,0.24275849759578705,0.12687234580516815,test,DirectPred
Calu-1,Erlotinib,,,,0.058195967227220535,test,DirectPred
MKN7,Erlotinib,,,0.12891434133052826,0.030250929296016693,test,DirectPred
Daudi,Erlotinib,,,0.04123428091406822,-0.016537023708224297,test,DirectPred
NCI-H716,Erlotinib,,,0.17845481634140015,0.02030642144382,test,DirectPred
SNU-1,Erlotinib,,,0.14582321047782898,0.03974325209856033,test,DirectPred
DU145,Erlotinib,,,0.05042564496397972,0.04718158021569252,test,DirectPred
SJNB-10,Erlotinib,,,0.024565180763602257,0.04223290830850601,test,DirectPred
MG-63,Erlotinib,,,0.04218766838312149,-0.011941634118556976,test,DirectPred
RMG-I,Erlotinib,,,0.22536586225032806,0.14260664582252502,test,DirectPred
CP67-MEL,Erlotinib,,,,0.03153205290436745,test,DirectPred
Karpas-299,Erlotinib,,,0.03932269662618637,0.016633031889796257,test,DirectPred
OC 314,Erlotinib,,,0.06632290780544281,0.047021105885505676,test,DirectPred
MOLT-16,Erlotinib,,,0.028037410229444504,0.04168444871902466,test,DirectPred
NCI-H378,Erlotinib,,,,-0.026292309165000916,test,DirectPred
VA-ES-BJ,Erlotinib,,,0.033694617450237274,0.07520791888237,test,DirectPred
RL,Erlotinib,,,,-0.020246610045433044,test,DirectPred
SF295,Erlotinib,,,,0.02668299525976181,test,DirectPred
SK-MM-2,Erlotinib,,,0.0,0.0965387299656868,test,DirectPred
A101D,Erlotinib,,,0.104497991502285,-0.013241397216916084,test,DirectPred
SW13,Erlotinib,,,0.14095763862133026,0.05845018848776817,test,DirectPred
CAL-12T,Erlotinib,,,,0.17812910676002502,test,DirectPred
HCC1187,Erlotinib,,,0.026996878907084465,0.030888929963111877,test,DirectPred
NCI-H226,Erlotinib,,,0.07821711152791977,0.009571395814418793,test,DirectPred
HCT 116,Erlotinib,,,0.01290152221918106,0.01537921279668808,test,DirectPred
Detroit 562,Erlotinib,,,0.11305572837591171,0.16096407175064087,test,DirectPred
NCI-H596,Erlotinib,,,0.0035515206400305033,0.10443947464227676,test,DirectPred
SK-MG-1,Erlotinib,,,0.07043386250734329,0.031228456646203995,test,DirectPred
SNU-C1,Erlotinib,,,0.019169718027114868,0.1312602013349533,test,DirectPred
A-427,Erlotinib,,,,0.04012012481689453,test,DirectPred
EW-11,Erlotinib,,,0.01660323515534401,0.06614585220813751,test,DirectPred
AN3-CA,Erlotinib,,,0.007331796456128359,0.000896703451871872,test,DirectPred
ECC12,Erlotinib,,,,-0.013939633965492249,test,DirectPred
H-EMC-SS,Erlotinib,,,0.016833484172821045,0.010569427162408829,test,DirectPred
GaMG,Erlotinib,,,0.0,-0.0016566053964197636,test,DirectPred
HLE,Erlotinib,,,0.08428549021482468,0.005213160067796707,test,DirectPred
HT-29,Erlotinib,,,0.049706488847732544,0.10250374674797058,test,DirectPred
SJNB-7,Erlotinib,,,0.06243514642119408,0.04023243859410286,test,DirectPred
OVCAR-8,Erlotinib,,,0.061797384172677994,0.0060987528413534164,test,DirectPred
NCI-H1395,Erlotinib,,,,0.15279218554496765,test,DirectPred
NCI-H1792,Erlotinib,,,0.07001805305480957,0.02427547797560692,test,DirectPred
SK-N-FI,Erlotinib,,,0.05259318649768829,0.06176600605249405,test,DirectPred
MN-60,Erlotinib,,,0.009549953043460846,0.015565132722258568,test,DirectPred
KE-37,Erlotinib,,,0.1146736592054367,0.025843609124422073,test,DirectPred
NCI-H2170,Erlotinib,,,0.1718304455280304,0.13371030986309052,test,DirectPred
DMS 273,Erlotinib,,,0.10211563110351562,0.03357309848070145,test,DirectPred
UACC-62,Erlotinib,,,0.004919032100588083,0.021341724321246147,test,DirectPred
UO-31,Erlotinib,,,,0.03433234244585037,test,DirectPred
EKVX,Erlotinib,,,,0.08995120227336884,test,DirectPred
OS-RC-2,Erlotinib,,,0.07740211486816406,0.04466647654771805,test,DirectPred
JVM-3,Erlotinib,,,0.0436716228723526,0.08224968612194061,test,DirectPred
639V,Erlotinib,,,0.11340188980102539,0.025646239519119263,test,DirectPred
EW-22,Erlotinib,,,0.033467378467321396,0.08122483640909195,test,DirectPred
TE-9,Erlotinib,,,0.1237233430147171,0.07639434933662415,test,DirectPred
BHY,Erlotinib,,,,0.12839394807815552,test,DirectPred
SF539,Erlotinib,,,0.10709715634584427,0.027911029756069183,test,DirectPred
NCI-H209,Erlotinib,,,0.023677058517932892,-0.08285853266716003,test,DirectPred
U-698-M,Erlotinib,,,0.0,0.026066064834594727,test,DirectPred
DU4475,Erlotinib,,,0.007942589931190014,-0.048708297312259674,test,DirectPred
NCI-H1770,Erlotinib,,,,-0.02254316210746765,test,DirectPred
Kuramochi,Erlotinib,,,0.03746925666928291,0.04959319904446602,test,DirectPred
ACN,Erlotinib,,,,-0.006990782916545868,test,DirectPred
SW954,Erlotinib,,,,0.1332429200410843,test,DirectPred
SW626,Erlotinib,,,0.046228788793087006,0.06597260385751724,test,DirectPred
HCC1599,Erlotinib,,,,0.030125632882118225,test,DirectPred
KYSE-140,Erlotinib,,,0.16227829456329346,0.10826435685157776,test,DirectPred
DBTRG-05MG,Erlotinib,,,0.13248662650585175,0.019199274480342865,test,DirectPred
BB30-HNC,Erlotinib,,,,0.176589697599411,test,DirectPred
NCI-H1666,Erlotinib,,,0.23988838493824005,0.18043303489685059,test,DirectPred
KP-N-YN,Erlotinib,,,0.062270645052194595,0.051470667123794556,test,DirectPred
TT,Erlotinib,,,0.054679371416568756,-0.03328103572130203,test,DirectPred
SNU-475,Erlotinib,,,,0.0002662837505340576,test,DirectPred
NCI-N87,Erlotinib,,,0.0,0.13826775550842285,test,DirectPred
Onda 11,Erlotinib,,,,0.016115961596369743,test,DirectPred
LN-405,Erlotinib,,,0.03727833181619644,0.0006317310035228729,test,DirectPred
SK-MES-1,Erlotinib,,,0.14084932208061218,0.07699443399906158,test,DirectPred
NCI-H2030,Erlotinib,,,,0.07064495980739594,test,DirectPred
RCC10RGB,Erlotinib,,,0.2218848317861557,0.11184252798557281,test,DirectPred
Lu-99A,Erlotinib,,,0.08173374831676483,-0.009080810472369194,test,DirectPred
CGTH-W-1,Erlotinib,,,0.029421018436551094,0.016428828239440918,test,DirectPred
MDA-MB-361,Erlotinib,,,0.10488313436508179,0.03462694585323334,test,DirectPred
DMS 53,Erlotinib,,,0.08403197675943375,-0.008964456617832184,test,DirectPred
SW1088,Erlotinib,,,0.11002412438392639,0.029431886970996857,test,DirectPred
BxPC-3,Erlotinib,,,0.05637460574507713,0.07567660510540009,test,DirectPred
Raji,Erlotinib,,,0.07333393394947052,0.006158230826258659,test,DirectPred
HCC2218,Erlotinib,,,,0.07348039746284485,test,DirectPred
Loucy,Erlotinib,,,0.1267227679491043,0.01597258448600769,test,DirectPred
NCI-H2171,Erlotinib,,,,-0.008079707622528076,test,DirectPred
AsPC-1,Erlotinib,,,0.04372124746441841,0.030405953526496887,test,DirectPred
MCF-7,Erlotinib,,,0.08461083471775055,0.04511750489473343,test,DirectPred
A-673,Erlotinib,,,0.05517899990081787,0.024577606469392776,test,DirectPred
HGC-27,Erlotinib,,,0.10083470493555069,0.04874644801020622,test,DirectPred
MKN28,Erlotinib,,,0.05923917144536972,0.10353346168994904,test,DirectPred
COLO 684,Erlotinib,,,0.027062062174081802,-0.06184167414903641,test,DirectPred
Mel JuSo,Erlotinib,,,0.0,0.0074503784999251366,test,DirectPred
H4,Erlotinib,,,0.06207311898469925,-0.0035240836441516876,test,DirectPred
KO52,Erlotinib,,,,0.0465787872672081,test,DirectPred
BV-173,Erlotinib,,,0.027744125574827194,0.043258264660835266,test,DirectPred
BL-70,Erlotinib,,,,0.027459077537059784,test,DirectPred
IPC-298,Erlotinib,,,,0.009648337960243225,test,DirectPred
FTC-133,Erlotinib,,,0.12646326422691345,0.0072444286197423935,test,DirectPred
HO-1-N-1,Erlotinib,,,0.10734950751066208,0.2420080602169037,test,DirectPred
BB49-HNC,Erlotinib,,,0.06490319967269897,0.026443898677825928,test,DirectPred
HD-MY-Z,Erlotinib,,,0.01965077966451645,0.028294771909713745,test,DirectPred
UMC-11,Erlotinib,,,0.20898011326789856,0.014866642653942108,test,DirectPred
A4/Fukuda,Erlotinib,,,0.024766676127910614,-0.0005270093679428101,test,DirectPred
CTB-1,Erlotinib,,,,0.04404062032699585,test,DirectPred
ME-180,Erlotinib,,,0.16112592816352844,0.07936569303274155,test,DirectPred
CAL-39,Erlotinib,,,0.31853675842285156,0.12990179657936096,test,DirectPred
Capan-2,Erlotinib,,,0.08827880024909973,0.07280002534389496,test,DirectPred
NCI-H1299,Erlotinib,,,0.0033601324539631605,0.028669781982898712,test,DirectPred
HCC1395,Erlotinib,,,0.08629857748746872,0.05721665173768997,test,DirectPred
KMOE-2,Erlotinib,,,0.020199738442897797,0.03591950237751007,test,DirectPred
OAW42,Erlotinib,,,0.11542242765426636,0.07514306902885437,test,DirectPred
EW-1,Erlotinib,,,0.07209478318691254,0.057424966245889664,test,DirectPred
ES1,Erlotinib,,,0.08219873905181885,0.05535169690847397,test,DirectPred
SK-CO-1,Erlotinib,,,0.09241043031215668,0.16526582837104797,test,DirectPred
SN12C,Erlotinib,,,0.09116033464670181,0.05299663543701172,test,DirectPred
P31/FUJ,Erlotinib,,,0.0874294564127922,0.041107647120952606,test,DirectPred
A-253,Erlotinib,,,0.056731969118118286,0.19055911898612976,test,DirectPred
NCI-H345,Erlotinib,,,,-0.051141053438186646,test,DirectPred
TUR,Erlotinib,,,0.020698226988315582,-0.034635983407497406,test,DirectPred
CAL-54,Erlotinib,,,0.2791457176208496,0.1068364605307579,test,DirectPred
SW1116,Erlotinib,,,0.10432963073253632,0.06696426868438721,test,DirectPred
CAL-33,Erlotinib,,,0.1472005546092987,0.11053726822137833,test,DirectPred
RCM-1 [Human rectum adenocarcinoma],Erlotinib,,,0.0764819085597992,0.09836938232183456,test,DirectPred
SK-HEP-1,Erlotinib,,,0.1322633922100067,0.007757022976875305,test,DirectPred
MMAc-SF,Erlotinib,,,,0.01795533299446106,test,DirectPred
TE-5,Erlotinib,,,0.057409729808568954,0.08267272263765335,test,DirectPred
RXF 393L,Erlotinib,,,,0.033131375908851624,test,DirectPred
CHP-212,Erlotinib,,,0.04677761718630791,0.05867487192153931,test,DirectPred
NCI-H2141,Erlotinib,,,0.07694056630134583,-0.049754247069358826,test,DirectPred
UACC-257,Erlotinib,,,0.0959194228053093,0.015220258384943008,test,DirectPred
SCC-25,Erlotinib,,,,0.07716810703277588,test,DirectPred
COLO 678,Erlotinib,,,0.1312405914068222,0.06779003143310547,test,DirectPred
A-431,Erlotinib,,,,0.11624674499034882,test,DirectPred
NCI-H524,Erlotinib,,,0.0,-0.01110994815826416,test,DirectPred
DG-75,Erlotinib,,,0.005751616321504116,0.018778067082166672,test,DirectPred
Huh-7,Erlotinib,,,0.05610639229416847,0.06999760121107101,test,DirectPred
COLO 800,Erlotinib,,,,-0.036442726850509644,test,DirectPred
CAMA-1,Erlotinib,,,0.024632813408970833,0.002129901200532913,test,DirectPred
SCH,Erlotinib,,,,0.04004716873168945,test,DirectPred
LS1034,Erlotinib,,,0.08312447369098663,0.07051147520542145,test,DirectPred
KS-1 [Human glioblastoma],Erlotinib,,,0.005680494010448456,0.02623375505208969,test,DirectPred
5637,Erlotinib,,,0.16928857564926147,0.06398247182369232,test,DirectPred
697,Erlotinib,,,0.07232151180505753,0.021414130926132202,test,DirectPred
Panc 10.05,Erlotinib,,,0.06216586008667946,0.07574082165956497,test,DirectPred
SW872,Erlotinib,,,0.040219344198703766,-0.009453805163502693,test,DirectPred
HCC1143,Erlotinib,,,0.1082848533987999,0.0915844589471817,test,DirectPred
A-549,Erlotinib,,,0.09358473867177963,0.08137956261634827,test,DirectPred
WSU-NHL,Erlotinib,,,0.0,0.01791815459728241,test,DirectPred
DB,Erlotinib,,,0.061203885823488235,0.042503006756305695,test,DirectPred
GCT,Erlotinib,,,0.02226492203772068,0.01708437129855156,test,DirectPred
BALL-1,Erlotinib,,,0.03223979473114014,0.06089382618665695,test,DirectPred
LA-N-6,Erlotinib,,,,0.007321011275053024,test,DirectPred
RD,Erlotinib,,,0.01366574876010418,-0.010293126106262207,test,DirectPred
MDA-MB-415,Erlotinib,,,0.07613129913806915,0.040133796632289886,test,DirectPred
NCI-H1793,Erlotinib,,,0.11268028616905212,0.058835066854953766,test,DirectPred
CAS-1,Erlotinib,,,0.022647414356470108,-0.0014898907393217087,test,DirectPred
IST-Mes1,Erlotinib,,,0.034140635281801224,-0.01086212694644928,test,DirectPred
TE-15,Erlotinib,,,,0.19406409561634064,test,DirectPred
PF-382,Erlotinib,,,0.0,-0.002454712986946106,test,DirectPred
MRK-nu-1,Erlotinib,,,0.014379004947841167,0.05311674624681473,test,DirectPred
J.RT3-T3.5,Erlotinib,,,,-0.00525328516960144,test,DirectPred
Calu-6,Erlotinib,,,0.07222560048103333,0.014957314357161522,test,DirectPred
Lu-139,Erlotinib,,,,-0.05893319100141525,test,DirectPred
HTC-C3,Erlotinib,,,0.07868031412363052,0.13553297519683838,test,DirectPred
HMV-II,Erlotinib,,,0.006245903670787811,-0.02462770976126194,test,DirectPred
NCI-H1693,Erlotinib,,,0.19793498516082764,0.03784387558698654,test,DirectPred
NCI-H522,Erlotinib,,,0.03295173868536949,0.025521401315927505,test,DirectPred
U-87MG ATCC,Erlotinib,,,0.10346858203411102,0.0438261404633522,test,DirectPred
Lu-134-A,Erlotinib,,,,-0.07832387089729309,test,DirectPred
UM-UC-3,Erlotinib,,,0.007154165767133236,0.006459018215537071,test,DirectPred
NBsusSR,Erlotinib,,,,0.05156335234642029,test,DirectPred
MKN1,Erlotinib,,,0.12270672619342804,0.07522958517074585,test,DirectPred
P12-Ichikawa,Erlotinib,,,0.05652341991662979,0.02403072640299797,test,DirectPred
GMS-10,Erlotinib,,,,0.018280968070030212,test,DirectPred
ONS-76,Erlotinib,,,0.02610629051923752,0.053865715861320496,test,DirectPred
HuCC-T1,Erlotinib,,,0.15750440955162048,0.09895447641611099,test,DirectPred
COLO 824,Erlotinib,,,0.14078915119171143,-0.022917024791240692,test,DirectPred
HN,Erlotinib,,,,0.10630261898040771,test,DirectPred
HCC2998,Erlotinib,,,0.07577911019325256,0.10130923986434937,test,DirectPred
NCI-H520,Erlotinib,,,0.05442768335342407,-0.028520429506897926,test,DirectPred
TGBC1TKB,Erlotinib,,,0.051035866141319275,0.16221266984939575,test,DirectPred
RT-112,Erlotinib,,,0.0817115306854248,0.06945390999317169,test,DirectPred
SBC-1,Erlotinib,,,,-0.02725159376859665,test,DirectPred
Onda 10,Erlotinib,,,,0.05064999312162399,test,DirectPred
BT-20,Erlotinib,,,0.08170372992753983,0.10151693224906921,test,DirectPred
C2BBe1,Erlotinib,,,0.1278989166021347,0.17382776737213135,test,DirectPred
MHH-NB-11,Erlotinib,,,,0.05929148197174072,test,DirectPred
SNU-16,Erlotinib,,,0.03348880261182785,0.13262103497982025,test,DirectPred
MKN45,Erlotinib,,,0.0,0.09895581007003784,test,DirectPred
OE19,Erlotinib,,,0.014224073849618435,0.13038736581802368,test,DirectPred
SBC-5,Erlotinib,,,0.08986181765794754,0.022337257862091064,test,DirectPred
SUP-T1,Erlotinib,,,0.0627601221203804,0.03322707489132881,test,DirectPred
CCRF-CEM,Erlotinib,,,0.02231111004948616,-0.013726610690355301,test,DirectPred
YAPC,Erlotinib,,,0.03283406421542168,0.06362409144639969,test,DirectPred
CMK,Erlotinib,,,,0.021243810653686523,test,DirectPred
NALM-6,Erlotinib,,,0.04458443075418472,-0.02310052514076233,test,DirectPred
LB2518-MEL,Erlotinib,,,,0.021062789484858513,test,DirectPred
U266B1,Erlotinib,,,0.0,0.012891137972474098,test,DirectPred
CAL-27,Erlotinib,,,0.164004847407341,0.18128123879432678,test,DirectPred
CAL-51,Erlotinib,,,0.11326133459806442,0.07134567201137543,test,DirectPred
MFM-223,Erlotinib,,,0.06430798023939133,-0.010375946760177612,test,DirectPred
CaR-1,Erlotinib,,,0.06710944324731827,0.20382271707057953,test,DirectPred
HDLM-2,Erlotinib,,,0.1491764336824417,0.029943076893687248,test,DirectPred
U-251MG,Erlotinib,,,0.11249099671840668,0.04175160080194473,test,DirectPred
SNU-449,Erlotinib,,,0.1119994968175888,0.027785886079072952,test,DirectPred
MOLT-4,Erlotinib,,,0.0657527893781662,-0.004132814705371857,test,DirectPred
AGS,Erlotinib,,,0.011950889602303505,0.12490972876548767,test,DirectPred
AM-38,Erlotinib,,,0.00968497060239315,0.021252203732728958,test,DirectPred
CW-2,Erlotinib,,,0.05749534070491791,0.1499054729938507,test,DirectPred
D-247MG,Erlotinib,,,,-0.006274819374084473,test,DirectPred
NCI-H1092,Erlotinib,,,0.046796757727861404,-0.02561497688293457,test,DirectPred
EB2,Erlotinib,,,0.0429537370800972,-0.002380071207880974,test,DirectPred
SAS,Erlotinib,,,0.13596029579639435,0.07647620886564255,test,DirectPred
NCI-H1703,Erlotinib,,,0.049256592988967896,-0.0013164021074771881,test,DirectPred
RPMI-7951,Erlotinib,,,0.022547515109181404,0.01349053904414177,test,DirectPred
LAMA-84,Erlotinib,,,0.02719874680042267,0.0034622102975845337,test,DirectPred
PC-14,Erlotinib,,,0.45215949416160583,0.2820184528827667,test,DirectPred
PC-3,Erlotinib,,,0.03143486753106117,0.03969681262969971,test,DirectPred
SU-DHL-1,Erlotinib,,,,0.03299961984157562,test,DirectPred
DMS 153,Erlotinib,,,,-0.09458693861961365,test,DirectPred
A3/Kawakami,Erlotinib,,,0.08846236020326614,-0.003793012350797653,test,DirectPred
ChaGo-K-1,Erlotinib,,,,0.06650641560554504,test,DirectPred
DOK,Erlotinib,,,0.352487713098526,0.16233232617378235,test,DirectPred
LB373-MEL-D,Erlotinib,,,,0.03570356220006943,test,DirectPred
HAL-01,Erlotinib,,,0.011537827551364899,0.02528025209903717,test,DirectPred
HuO-3N1,Erlotinib,,,0.05787477269768715,-0.022875461727380753,test,DirectPred
SK-UT-1,Erlotinib,,,0.004961461294442415,0.011430412530899048,test,DirectPred
NOS-1 [Human osteosarcoma],Erlotinib,,,0.06144902855157852,-0.07136992365121841,test,DirectPred
SW48,Erlotinib,,,0.26832813024520874,0.2206438183784485,test,DirectPred
KYSE-450,Erlotinib,,,0.24971424043178558,0.13346527516841888,test,DirectPred
A-498,Erlotinib,,,0.03605199605226517,0.03251203894615173,test,DirectPred
HuO9,Erlotinib,,,0.01670854538679123,-0.09433598816394806,test,DirectPred
EM-2,Erlotinib,,,0.04536241665482521,0.07248346507549286,test,DirectPred
KYSE-270,Erlotinib,,,0.11800847202539444,0.08466239273548126,test,DirectPred
MSTO-211H,Erlotinib,,,0.15538586676120758,0.03780292719602585,test,DirectPred
NCI-H2087,Erlotinib,,,0.052555594593286514,0.09903717041015625,test,DirectPred
NOMO-1,Erlotinib,,,0.005204362329095602,0.05886049568653107,test,DirectPred
HT-3,Erlotinib,,,0.08728126436471939,0.09832215309143066,test,DirectPred
Panc 08.13,Erlotinib,,,0.10837885737419128,0.12169947475194931,test,DirectPred
KP-4,Erlotinib,,,0.05530988797545433,0.04983947426080704,test,DirectPred
SK-MEL-30,Erlotinib,,,,0.0219278521835804,test,DirectPred
TK-10,Erlotinib,,,0.1410517692565918,0.054604679346084595,test,DirectPred
EW-24,Erlotinib,,,0.003977042622864246,0.07098477333784103,test,DirectPred
KYSE-410,Erlotinib,,,0.13976818323135376,0.07437514513731003,test,DirectPred
NCI-H2228,Erlotinib,,,0.009271517395973206,0.029435276985168457,test,DirectPred
RS4;11,Erlotinib,,,0.07373012602329254,0.030543535947799683,test,DirectPred
MES-SA,Erlotinib,,,0.11685976386070251,0.017310500144958496,test,DirectPred
M14,Erlotinib,,,0.0906892940402031,0.0025541651993989944,test,DirectPred
KP-N-YS,Erlotinib,,,,0.04940224438905716,test,DirectPred
Caov-4,Erlotinib,,,0.11997713148593903,0.03543974459171295,test,DirectPred
HCT 15,Erlotinib,,,0.061263903975486755,0.12879085540771484,test,DirectPred
HL-60,Erlotinib,,,0.007114278618246317,0.06211232393980026,test,DirectPred
SW1417,Erlotinib,,,0.06162284314632416,0.10407446324825287,test,DirectPred
8505C,Erlotinib,,,0.09208527207374573,0.07105696201324463,test,DirectPred
Jiyoye,Erlotinib,,,0.23150134086608887,-0.01084238849580288,test,DirectPred
LOX-IMVI,Erlotinib,,,0.12028055638074875,0.006051455158740282,test,DirectPred
BHT-101,Erlotinib,,,0.07657819241285324,0.022787105292081833,test,DirectPred
ECC4,Erlotinib,,,,-0.09865827858448029,test,DirectPred
SK-N-DZ,Erlotinib,,,0.1908777505159378,0.048780664801597595,test,DirectPred
EW-12,Erlotinib,,,,0.07018785178661346,test,DirectPred
J82,Erlotinib,,,0.0940096452832222,0.02495092898607254,test,DirectPred
Kasumi-1,Erlotinib,,,,0.039570197463035583,test,DirectPred
Karpas-422,Erlotinib,,,0.015187690034508705,0.02837318927049637,test,DirectPred
IA-LM,Erlotinib,,,0.0,0.031583599746227264,test,DirectPred
COLO 668,Erlotinib,,,0.07907785475254059,-0.0008629783987998962,test,DirectPred
ETK-1,Erlotinib,,,0.09622740745544434,0.18457552790641785,test,DirectPred
LC-1F,Erlotinib,,,,0.06288980692625046,test,DirectPred
NCI-H292,Erlotinib,,,,0.12653227150440216,test,DirectPred
KYSE-70,Erlotinib,,,0.09285585582256317,0.09525880217552185,test,DirectPred
647V,Erlotinib,,,0.11705467849969864,0.12884095311164856,test,DirectPred
NCI-H1838,Erlotinib,,,0.008247661404311657,0.08573136478662491,test,DirectPred
GT3TKB,Erlotinib,,,,0.03714800253510475,test,DirectPred
KYSE-520,Erlotinib,,,0.29440051317214966,0.15548138320446014,test,DirectPred
MDA-MB-157,Erlotinib,,,0.03252832591533661,0.029147159308195114,test,DirectPred
A-172,Erlotinib,,,0.039547596126794815,0.008796676993370056,test,DirectPred
MOLT-13,Erlotinib,,,0.002216119086369872,0.013726145029067993,test,DirectPred
NCI-H1355,Erlotinib,,,0.06546512246131897,0.07907122373580933,test,DirectPred
HT,Erlotinib,,,,0.001124190166592598,test,DirectPred
P30/OHK,Erlotinib,,,0.1530376672744751,-0.0018691644072532654,test,DirectPred
NUGC-3,Erlotinib,,,0.23977325856685638,0.1804591715335846,test,DirectPred
T-47D,Erlotinib,,,0.138447567820549,0.04986494034528732,test,DirectPred
CAL-120,Erlotinib,,,0.08271375298500061,0.07154815644025803,test,DirectPred
YH-13,Erlotinib,,,0.10833051800727844,-0.01821599155664444,test,DirectPred
SW780,Erlotinib,,,0.03220953792333603,0.1346585601568222,test,DirectPred
OVCAR-4,Erlotinib,,,0.06406882405281067,0.0405929759144783,test,DirectPred
CAL-148,Erlotinib,,,0.07957347482442856,-0.03636658936738968,test,DirectPred
COR-L88,Erlotinib,,,0.02574830688536167,-0.10406352579593658,test,DirectPred
HCC2157,Erlotinib,,,0.014490225352346897,0.11417417973279953,test,DirectPred
OPM-2,Erlotinib,,,0.07492975145578384,0.026153448969125748,test,DirectPred
Caki-1,Erlotinib,,,,0.07666506618261337,test,DirectPred
DJM-1,Erlotinib,,,,0.12348335236310959,test,DirectPred
SW948,Erlotinib,,,0.02463996224105358,0.11951243877410889,test,DirectPred
SF126,Erlotinib,,,,-0.005939815193414688,test,DirectPred
CAL-72,Erlotinib,,,0.025858262553811073,-0.009705673903226852,test,DirectPred
NCI-H250,Erlotinib,,,,-0.024665476754307747,test,DirectPred
Calu-3,Erlotinib,,,0.03836726024746895,0.19386404752731323,test,DirectPred
A-375,Erlotinib,,,0.06326363235712051,0.04095711559057236,test,DirectPred
T98G,Erlotinib,,,0.01928713358938694,0.030660998076200485,test,DirectPred
WRO,Erlotinib,,,0.018343336880207062,0.01318386197090149,test,DirectPred
LB647-SCLC,Erlotinib,,,,0.008991628885269165,test,DirectPred
TE-1,Erlotinib,,,0.24495911598205566,0.023336611688137054,test,DirectPred
NCI-H1573,Erlotinib,,,0.19257976114749908,0.1483883112668991,test,DirectPred
SW1990,Erlotinib,,,0.050260279327631,0.12766523659229279,test,DirectPred
MPP 89,Erlotinib,,,0.12048513442277908,0.0005940459668636322,test,DirectPred
ATN-1,Erlotinib,,,0.010383378714323044,-0.017083827406167984,test,DirectPred
MFE-296,Erlotinib,,,0.09145545959472656,0.02145328000187874,test,DirectPred
NCI-H82,Erlotinib,,,0.037550006061792374,0.026854172348976135,test,DirectPred
RPMI-8226,Erlotinib,,,0.02576533704996109,0.02900097332894802,test,DirectPred
Caov-3,Erlotinib,,,,0.053248729556798935,test,DirectPred
VMRC-RCZ,Erlotinib,,,0.07882645726203918,0.07118144631385803,test,DirectPred
SKM-1,Erlotinib,,,,0.08217307180166245,test,DirectPred
C32 [Human melanoma],Erlotinib,,,0.06562075018882751,0.02639157697558403,test,DirectPred
NCI-H1651,Erlotinib,,,0.035106759518384933,0.05224693566560745,test,DirectPred
